ISO-10303-21;
HEADER;
FILE_DESCRIPTION (( 'STEP AP203' ),
    '1' );
FILE_NAME ('1218-0001-0001.STEP',
    '2022-04-08T21:08:03',
    ( '' ),
    ( '' ),
    'SwSTEP 2.0',
    'SolidWorks 2016',
    '' );
FILE_SCHEMA (( 'CONFIG_CONTROL_DESIGN' ));
ENDSEC;

DATA;
#1 = DIRECTION ( 'NONE',  ( 0.0000000000000000000, 0.0000000000000000000, 1.000000000000000000 ) ) ;
#2 = LINE ( 'NONE', #3895, #1217 ) ;
#3 = ORIENTED_EDGE ( 'NONE', *, *, #5591, .T. ) ;
#4 = ORIENTED_EDGE ( 'NONE', *, *, #778, .T. ) ;
#5 = DIRECTION ( 'NONE',  ( 0.0000000000000000000, 0.0000000000000000000, 1.000000000000000000 ) ) ;
#6 = ADVANCED_FACE ( 'NONE', ( #4812 ), #7372, .F. ) ;
#7 = CIRCLE ( 'NONE', #1273, 2.025000000000002600 ) ;
#8 = LINE ( 'NONE', #5875, #2819 ) ;
#9 = CARTESIAN_POINT ( 'NONE',  ( 2.499999999999993800, 9.520279579551070600, -17.52027957955101900 ) ) ;
#10 = AXIS2_PLACEMENT_3D ( 'NONE', #2319, #5824, #3533 ) ;
#11 = ORIENTED_EDGE ( 'NONE', *, *, #4553, .T. ) ;
#12 = CARTESIAN_POINT ( 'NONE',  ( 2.374999999999981800, -8.485281374238571300, -32.48528137423853200 ) ) ;
#13 = DIRECTION ( 'NONE',  ( -0.0000000000000000000, -0.0000000000000000000, -1.000000000000000000 ) ) ;
#14 = DIRECTION ( 'NONE',  ( 0.7071067811865443500, -0.7071067811865506800, 2.060509892314811800E-015 ) ) ;
#15 = ADVANCED_FACE ( 'NONE', ( #4542 ), #2550, .F. ) ;
#16 = DIRECTION ( 'NONE',  ( 0.0000000000000000000, 0.0000000000000000000, 1.000000000000000000 ) ) ;
#17 = LINE ( 'NONE', #126, #7649 ) ;
#18 = CARTESIAN_POINT ( 'NONE',  ( 0.1250000000000262000, 1.349909078679433100E-015, -33.28870849898472500 ) ) ;
#19 = VERTEX_POINT ( 'NONE', #704 ) ;
#20 = EDGE_CURVE ( 'NONE', #5384, #2859, #4724, .T. ) ;
#21 = AXIS2_PLACEMENT_3D ( 'NONE', #6065, #4279, #4923 ) ;
#22 = LINE ( 'NONE', #1119, #1343 ) ;
#23 = CARTESIAN_POINT ( 'NONE',  ( 31.05339014233577500, 9.917172606141326300, -0.1249999999997859500 ) ) ;
#24 = DIRECTION ( 'NONE',  ( 1.000000000000000000, -0.0000000000000000000, 8.360113137237629900E-017 ) ) ;
#25 = ORIENTED_EDGE ( 'NONE', *, *, #7214, .F. ) ;
#26 = LINE ( 'NONE', #1410, #6196 ) ;
#27 = CARTESIAN_POINT ( 'NONE',  ( 2.499999999999998700, -6.938893903907228400E-015, -35.99999999999996400 ) ) ;
#28 = VERTEX_POINT ( 'NONE', #3770 ) ;
#29 = VECTOR ( 'NONE', #7396, 1000.000000000000000 ) ;
#30 = AXIS2_PLACEMENT_3D ( 'NONE', #4716, #3095, #499 ) ;
#31 = CARTESIAN_POINT ( 'NONE',  ( 33.91717260614130000, -7.053390142335812700, -2.374999999999870800 ) ) ;
#32 = LINE ( 'NONE', #4117, #406 ) ;
#33 = LINE ( 'NONE', #7126, #4633 ) ;
#35 = ORIENTED_EDGE ( 'NONE', *, *, #7618, .F. ) ;
#34 = DIRECTION ( 'NONE',  ( -0.7071067811865439100, 0.0000000000000000000, 0.7071067811865512400 ) ) ;
#36 = ORIENTED_EDGE ( 'NONE', *, *, #2904, .T. ) ;
#37 = DIRECTION ( 'NONE',  ( 1.000000000000000000, -0.0000000000000000000, 2.602085213965212600E-016 ) ) ;
#38 = DIRECTION ( 'NONE',  ( 0.0000000000000000000, 8.566535683836058400E-016, 1.000000000000000000 ) ) ;
#39 = DIRECTION ( 'NONE',  ( -1.839952100020045000E-016, 0.7071067811865493500, 0.7071067811865455700 ) ) ;
#40 = EDGE_CURVE ( 'NONE', #7517, #5494, #2366, .T. ) ;
#41 = VECTOR ( 'NONE', #2014, 1000.000000000000000 ) ;
#42 = EDGE_CURVE ( 'NONE', #2725, #3257, #5921, .T. ) ;
#43 = CARTESIAN_POINT ( 'NONE',  ( 14.08282739385867700, 7.053390142335827800, -2.374999999999952500 ) ) ;
#44 = VERTEX_POINT ( 'NONE', #173 ) ;
#45 = CARTESIAN_POINT ( 'NONE',  ( 2.499999999999998700, -6.938893903907228400E-015, -35.99999999999996400 ) ) ;
#46 = ADVANCED_FACE ( 'NONE', ( #4628 ), #6112, .F. ) ;
#47 = AXIS2_PLACEMENT_3D ( 'NONE', #420, #5848, #1045 ) ;
#48 = VECTOR ( 'NONE', #527, 1000.000000000000000 ) ;
#49 = EDGE_LOOP ( 'NONE', ( #6769, #3518, #5898, #4854, #6573 ) ) ;
#50 = CARTESIAN_POINT ( 'NONE',  ( 2.499999999999997800, 6.965001794687466100, -34.00556095378962600 ) ) ;
#51 = DIRECTION ( 'NONE',  ( -1.000000000000000000, 0.0000000000000000000, -2.602085213965212600E-016 ) ) ;
#52 = EDGE_LOOP ( 'NONE', ( #2272, #4754, #1381, #533 ) ) ;
#53 = ADVANCED_FACE ( 'NONE', ( #7188 ), #3974, .F. ) ;
#54 = CIRCLE ( 'NONE', #6503, 2.025000000000002600 ) ;
#55 = ORIENTED_EDGE ( 'NONE', *, *, #3867, .T. ) ;
#56 = AXIS2_PLACEMENT_3D ( 'NONE', #4125, #7726, #2328 ) ;
#57 = DIRECTION ( 'NONE',  ( -1.000000000000000000, 0.0000000000000000000, 0.0000000000000000000 ) ) ;
#58 = DIRECTION ( 'NONE',  ( 1.000000000000000000, -0.0000000000000000000, 8.360113137237629900E-017 ) ) ;
#59 = DIRECTION ( 'NONE',  ( 0.0000000000000000000, 0.0000000000000000000, 1.000000000000000000 ) ) ;
#60 = VERTEX_POINT ( 'NONE', #755 ) ;
#61 = CIRCLE ( 'NONE', #6787, 2.150000000000002600 ) ;
#62 = ORIENTED_EDGE ( 'NONE', *, *, #3397, .T. ) ;
#63 = CARTESIAN_POINT ( 'NONE',  ( 0.1249999999999998300, 11.31370849898476100, -21.97499999999996600 ) ) ;
#64 = DIRECTION ( 'NONE',  ( 2.949029909160574800E-015, 0.0000000000000000000, -1.000000000000000000 ) ) ;
#65 = EDGE_CURVE ( 'NONE', #2450, #5388, #6739, .T. ) ;
#66 = DIRECTION ( 'NONE',  ( -0.7071067811865672200, -0.7071067811865279200, 7.666467083417091000E-018 ) ) ;
#67 = AXIS2_PLACEMENT_3D ( 'NONE', #325, #7417, #5175 ) ;
#68 = CARTESIAN_POINT ( 'NONE',  ( 0.1250000000000175400, 8.485281374238566000, -32.48528137423853900 ) ) ;
#69 = VECTOR ( 'NONE', #2142, 1000.000000000000000 ) ;
#70 = ORIENTED_EDGE ( 'NONE', *, *, #280, .F. ) ;
#71 = APPROVAL_PERSON_ORGANIZATION ( #4116, #887, #356 ) ;
#72 = DIRECTION ( 'NONE',  ( -2.602085213965212600E-016, -1.263838670164661400E-015, 1.000000000000000000 ) ) ;
#73 = CARTESIAN_POINT ( 'NONE',  ( 31.99999999999994700, -7.999999999999992900, 2.090341788552052500E-013 ) ) ;
#74 = AXIS2_PLACEMENT_3D ( 'NONE', #1361, #4375, #2531 ) ;
#75 = ORIENTED_EDGE ( 'NONE', *, *, #1019, .F. ) ;
#76 = ORIENTED_EDGE ( 'NONE', *, *, #5668, .T. ) ;
#77 = VECTOR ( 'NONE', #1120, 1000.000000000000000 ) ;
#78 = DIRECTION ( 'NONE',  ( 0.7071067811865462400, 0.7071067811865489100, 2.085279046689387400E-015 ) ) ;
#79 = ADVANCED_FACE ( 'NONE', ( #3319 ), #201, .F. ) ;
#80 = VECTOR ( 'NONE', #7485, 1000.000000000000000 ) ;
#81 = EDGE_CURVE ( 'NONE', #5578, #2916, #3596, .T. ) ;
#82 = ORIENTED_EDGE ( 'NONE', *, *, #979, .T. ) ;
#83 = EDGE_CURVE ( 'NONE', #4792, #7666, #1537, .T. ) ;
#84 = CARTESIAN_POINT ( 'NONE',  ( 0.1249999999999998300, 0.0000000000000000000, -23.99999999999996800 ) ) ;
#85 = EDGE_LOOP ( 'NONE', ( #5625, #4211, #3769, #5057, #4153 ) ) ;
#86 = AXIS2_PLACEMENT_3D ( 'NONE', #572, #4578, #1238 ) ;
#87 = LINE ( 'NONE', #6755, #2245 ) ;
#88 = DIRECTION ( 'NONE',  ( 2.914001035115545500E-015, -0.0000000000000000000, -1.000000000000000000 ) ) ;
#89 = DIRECTION ( 'NONE',  ( -2.602085213965212600E-016, -6.319193350823370000E-016, 1.000000000000000000 ) ) ;
#90 = EDGE_CURVE ( 'NONE', #1374, #2914, #1715, .T. ) ;
#91 = DIRECTION ( 'NONE',  ( -1.000000000000000000, 0.0000000000000000000, 0.0000000000000000000 ) ) ;
#92 = FACE_BOUND ( 'NONE', #3251, .T. ) ;
#93 = CARTESIAN_POINT ( 'NONE',  ( 4.499999999999990200, 15.87499999999999300, -4.499999999999974200 ) ) ;
#94 = ADVANCED_FACE ( 'NONE', ( #1802 ), #4996, .T. ) ;
#95 = VERTEX_POINT ( 'NONE', #4400 ) ;
#96 = ORIENTED_EDGE ( 'NONE', *, *, #6393, .F. ) ;
#97 = FACE_OUTER_BOUND ( 'NONE', #7228, .T. ) ;
#98 = VECTOR ( 'NONE', #7507, 1000.000000000000000 ) ;
#99 = CARTESIAN_POINT ( 'NONE',  ( 2.499999999999998700, 2.150000000000001200, -35.99999999999996400 ) ) ;
#100 = ORIENTED_EDGE ( 'NONE', *, *, #1884, .F. ) ;
#101 = AXIS2_PLACEMENT_3D ( 'NONE', #164, #2460, #1964 ) ;
#102 = DIRECTION ( 'NONE',  ( -2.017120320903261700E-016, 0.0000000000000000000, 1.000000000000000000 ) ) ;
#103 = ORIENTED_EDGE ( 'NONE', *, *, #6665, .T. ) ;
#104 = VECTOR ( 'NONE', #6743, 1000.000000000000000 ) ;
#105 = DIRECTION ( 'NONE',  ( -1.000000000000000000, 0.0000000000000000000, 0.0000000000000000000 ) ) ;
#106 = ORIENTED_EDGE ( 'NONE', *, *, #7360, .T. ) ;
#107 = VERTEX_POINT ( 'NONE', #6684 ) ;
#108 = DIRECTION ( 'NONE',  ( -1.000000000000000000, -0.0000000000000000000, -0.0000000000000000000 ) ) ;
#109 = EDGE_CURVE ( 'NONE', #2330, #28, #5639, .T. ) ;
#110 = CARTESIAN_POINT ( 'NONE',  ( 2.499999999999995100, 0.0000000000000000000, -23.99999999999996800 ) ) ;
#111 = VECTOR ( 'NONE', #1051, 1000.000000000000000 ) ;
#112 = CARTESIAN_POINT ( 'NONE',  ( 2.375000000000007500, -6.938893903907228400E-015, -35.99999999999996400 ) ) ;
#113 = EDGE_LOOP ( 'NONE', ( #4864, #7292, #2792, #5250 ) ) ;
#114 = CARTESIAN_POINT ( 'NONE',  ( 2.499999999999992900, 6.965001794687521100, -13.99443904621036300 ) ) ;
#115 = VERTEX_POINT ( 'NONE', #6233 ) ;
#116 = DIRECTION ( 'NONE',  ( 1.000000000000000000, 0.0000000000000000000, 0.0000000000000000000 ) ) ;
#117 = VECTOR ( 'NONE', #2110, 1000.000000000000000 ) ;
#118 = CIRCLE ( 'NONE', #5158, 2.024999999999999000 ) ;
#119 = ADVANCED_FACE ( 'NONE', ( #595 ), #1984, .F. ) ;
#120 = EDGE_CURVE ( 'NONE', #3532, #2947, #2939, .T. ) ;
#121 = ORIENTED_EDGE ( 'NONE', *, *, #706, .F. ) ;
#122 = VECTOR ( 'NONE', #3270, 1000.000000000000000 ) ;
#123 = AXIS2_PLACEMENT_3D ( 'NONE', #4188, #4687, #7717 ) ;
#124 = VERTEX_POINT ( 'NONE', #5584 ) ;
#125 = DIRECTION ( 'NONE',  ( 1.000000000000000000, -0.0000000000000000000, -1.084202172485505400E-017 ) ) ;
#126 = CARTESIAN_POINT ( 'NONE',  ( 18.02499999999995600, -8.000000000000000000, -0.1249999999998400300 ) ) ;
#127 = LINE ( 'NONE', #5535, #319 ) ;
#128 = LINE ( 'NONE', #6191, #1899 ) ;
#129 = ORIENTED_EDGE ( 'NONE', *, *, #2440, .F. ) ;
#130 = ADVANCED_FACE ( 'NONE', ( #4349 ), #6927, .F. ) ;
#131 = AXIS2_PLACEMENT_3D ( 'NONE', #624, #4270, #4913 ) ;
#132 = CARTESIAN_POINT ( 'NONE',  ( 0.1250000000000241200, 8.572527594031474200E-016, -16.99999999999996800 ) ) ;
#133 = VECTOR ( 'NONE', #7515, 1000.000000000000000 ) ;
#134 = VERTEX_POINT ( 'NONE', #5670 ) ;
#135 = CARTESIAN_POINT ( 'NONE',  ( 4.499999999999990200, 16.00000000000000000, -4.499999999999974200 ) ) ;
#136 = CARTESIAN_POINT ( 'NONE',  ( 26.02499999999996300, 11.31370849898476100, -0.1249999999998109400 ) ) ;
#137 = EDGE_CURVE ( 'NONE', #1055, #1447, #7664, .T. ) ;
#138 = DIRECTION ( 'NONE',  ( -1.839952100020065200E-016, 0.7071067811865418000, 0.7071067811865532300 ) ) ;
#139 = FACE_OUTER_BOUND ( 'NONE', #5397, .T. ) ;
#140 = EDGE_LOOP ( 'NONE', ( #1928, #7291, #1789, #6480 ) ) ;
#141 = ORIENTED_EDGE ( 'NONE', *, *, #7555, .F. ) ;
#142 = DIRECTION ( 'NONE',  ( 1.000000000000000000, -6.319193350823370000E-016, 2.775557561562893700E-015 ) ) ;
#143 = DIRECTION ( 'NONE',  ( 1.000000000000000000, 0.0000000000000000000, 0.0000000000000000000 ) ) ;
#144 = AXIS2_PLACEMENT_3D ( 'NONE', #6206, #3266, #5037 ) ;
#145 = DIRECTION ( 'NONE',  ( 0.7071067811865365800, 0.0000000000000000000, 0.7071067811865584500 ) ) ;
#146 = ORIENTED_EDGE ( 'NONE', *, *, #4517, .F. ) ;
#147 = CARTESIAN_POINT ( 'NONE',  ( 10.56810876809743900, 10.56810876809728600, -0.1249999999998477700 ) ) ;
#148 = CONICAL_SURFACE ( 'NONE', #3977, 2.150000000000027000, 0.7853981633974533900 ) ;
#149 = CARTESIAN_POINT ( 'NONE',  ( 35.99999999999997200, -6.938893903907228400E-015, -2.499999999999888100 ) ) ;
#150 = DIRECTION ( 'NONE',  ( 2.775557561562893700E-015, 0.0000000000000000000, -1.000000000000000000 ) ) ;
#151 = ORIENTED_EDGE ( 'NONE', *, *, #4813, .F. ) ;
#152 = DIRECTION ( 'NONE',  ( -1.000000000000000000, 0.0000000000000000000, 1.084202172485505400E-017 ) ) ;
#153 = DIRECTION ( 'NONE',  ( 0.7071067811865778800, -0.4999999999999804000, -0.4999999999999767400 ) ) ;
#154 = ORIENTED_EDGE ( 'NONE', *, *, #1246, .T. ) ;
#155 = AXIS2_PLACEMENT_3D ( 'NONE', #4840, #652, #1798 ) ;
#156 = CIRCLE ( 'NONE', #6938, 2.149999999999947100 ) ;
#157 = DIRECTION ( 'NONE',  ( -7.666467083416907700E-018, 0.7071067811865451300, -0.7071067811865500200 ) ) ;
#158 = ORIENTED_EDGE ( 'NONE', *, *, #1933, .T. ) ;
#159 = DIRECTION ( 'NONE',  ( -1.000000000000000000, 0.0000000000000000000, -2.949029909160572500E-015 ) ) ;
#160 = DIRECTION ( 'NONE',  ( -0.7071067811865462400, -0.7071067811865489100, -1.962615573354717300E-015 ) ) ;
#161 = FACE_OUTER_BOUND ( 'NONE', #7124, .T. ) ;
#162 = CARTESIAN_POINT ( 'NONE',  ( 35.99999999999996400, 2.149999999999890200, 1.061650767297805800E-013 ) ) ;
#163 = VERTEX_POINT ( 'NONE', #228 ) ;
#164 = CARTESIAN_POINT ( 'NONE',  ( 15.51471862576141100, -8.485281374238560700, -2.499999999999944900 ) ) ;
#165 = DIRECTION ( 'NONE',  ( -1.000000000000000000, 0.0000000000000000000, -2.602085213965212600E-016 ) ) ;
#166 = EDGE_CURVE ( 'NONE', #198, #5317, #5362, .T. ) ;
#167 = CARTESIAN_POINT ( 'NONE',  ( 0.1249999999999921500, 8.485281374238567800, -15.51471862576140700 ) ) ;
#168 = DIRECTION ( 'NONE',  ( 0.0000000000000000000, -0.7071067811865672200, 0.7071067811865279200 ) ) ;
#169 = ADVANCED_FACE ( 'NONE', ( #6110 ), #213, .F. ) ;
#170 = ORIENTED_EDGE ( 'NONE', *, *, #2883, .F. ) ;
#171 = CARTESIAN_POINT ( 'NONE',  ( 12.68629150101521000, -2.150000000000034600, -2.499999999999952900 ) ) ;
#172 = LINE ( 'NONE', #5233, #2036 ) ;
#173 = CARTESIAN_POINT ( 'NONE',  ( 21.97499999999996200, 11.99999999999999300, -0.1249999999998177400 ) ) ;
#174 = EDGE_LOOP ( 'NONE', ( #7062, #6084, #5490, #6655 ) ) ;
#175 = EDGE_CURVE ( 'NONE', #242, #826, #7563, .T. ) ;
#176 = EDGE_LOOP ( 'NONE', ( #2825, #6406 ) ) ;
#177 = DIRECTION ( 'NONE',  ( -2.602085213965209100E-015, 0.0000000000000000000, 1.000000000000000000 ) ) ;
#178 = DIRECTION ( 'NONE',  ( -0.7071067811865474600, 0.0000000000000000000, 0.7071067811865474600 ) ) ;
#179 = CIRCLE ( 'NONE', #4890, 16.00000000000000700 ) ;
#180 = AXIS2_PLACEMENT_3D ( 'NONE', #3786, #7263, #7513 ) ;
#181 = DIRECTION ( 'NONE',  ( -1.000000000000000000, -0.0000000000000000000, -0.0000000000000000000 ) ) ;
#182 = VECTOR ( 'NONE', #5279, 1000.000000000000000 ) ;
#183 = ORIENTED_EDGE ( 'NONE', *, *, #1451, .F. ) ;
#184 = VERTEX_POINT ( 'NONE', #5614 ) ;
#185 = CARTESIAN_POINT ( 'NONE',  ( -1.682109163955185200E-016, 8.485281374238567800, -15.51471862576140700 ) ) ;
#186 = VECTOR ( 'NONE', #2145, 1000.000000000000000 ) ;
#187 = EDGE_CURVE ( 'NONE', #2466, #6666, #1437, .T. ) ;
#188 = VECTOR ( 'NONE', #6207, 1000.000000000000000 ) ;
#189 = EDGE_CURVE ( 'NONE', #3464, #7028, #7106, .T. ) ;
#190 = DIRECTION ( 'NONE',  ( 0.0000000000000000000, 0.0000000000000000000, -1.000000000000000000 ) ) ;
#191 = VERTEX_POINT ( 'NONE', #1999 ) ;
#192 = VERTEX_POINT ( 'NONE', #310 ) ;
#193 = DIRECTION ( 'NONE',  ( -0.7071067811865450200, -0.7071067811865500200, -2.060509892314813800E-015 ) ) ;
#194 = CARTESIAN_POINT ( 'NONE',  ( -2.835188681049592600E-016, -11.99999999999999300, -26.14999999999996300 ) ) ;
#195 = CARTESIAN_POINT ( 'NONE',  ( 35.99999999999997200, -6.938893903907228400E-015, -2.374999999999870300 ) ) ;
#196 = CYLINDRICAL_SURFACE ( 'NONE', #4664, 2.024999999999999000 ) ;
#197 = FACE_OUTER_BOUND ( 'NONE', #4296, .T. ) ;
#198 = VERTEX_POINT ( 'NONE', #253 ) ;
#199 = ADVANCED_FACE ( 'NONE', ( #7477 ), #6185, .F. ) ;
#200 = ORIENTED_EDGE ( 'NONE', *, *, #1281, .T. ) ;
#201 = PLANE ( 'NONE',  #6476 ) ;
#202 = LINE ( 'NONE', #4069, #4801 ) ;
#203 = PLANE ( 'NONE',  #1106 ) ;
#204 = DIRECTION ( 'NONE',  ( -1.000000000000000000, -0.0000000000000000000, -0.0000000000000000000 ) ) ;
#205 = AXIS2_PLACEMENT_3D ( 'NONE', #5060, #7385, #1450 ) ;
#206 = CARTESIAN_POINT ( 'NONE',  ( -2.602085213965209700E-016, -11.31370849898476100, -23.99999999999996800 ) ) ;
#207 = DIRECTION ( 'NONE',  ( 0.5000000000000034400, 0.5000000000000034400, -0.7071067811865426900 ) ) ;
#208 = EDGE_LOOP ( 'NONE', ( #4195, #2865, #4599, #3907 ) ) ;
#209 = ADVANCED_FACE ( 'NONE', ( #1163 ), #2177, .F. ) ;
#210 = VECTOR ( 'NONE', #7118, 1000.000000000000000 ) ;
#212 = ORIENTED_EDGE ( 'NONE', *, *, #1057, .F. ) ;
#211 = DIRECTION ( 'NONE',  ( -1.839952100020047200E-016, -0.7071067811865489100, 0.7071067811865462400 ) ) ;
#213 = CONICAL_SURFACE ( 'NONE', #7249, 2.025000000000002600, 0.7853981633974760300 ) ;
#214 = ORIENTED_EDGE ( 'NONE', *, *, #5889, .T. ) ;
#215 = EDGE_CURVE ( 'NONE', #1231, #1173, #7280, .T. ) ;
#216 = AXIS2_PLACEMENT_3D ( 'NONE', #4164, #3504, #5877 ) ;
#217 = FACE_OUTER_BOUND ( 'NONE', #4048, .T. ) ;
#218 = VECTOR ( 'NONE', #5851, 1000.000000000000000 ) ;
#219 = CARTESIAN_POINT ( 'NONE',  ( 32.48528137423853900, -8.485281374238571300, -2.499999999999897900 ) ) ;
#220 = CYLINDRICAL_SURFACE ( 'NONE', #2822, 2.025000000000002600 ) ;
#221 = CARTESIAN_POINT ( 'NONE',  ( 0.1249999999999921500, 6.568108768097306300, -14.56810876809725000 ) ) ;
#222 = DIRECTION ( 'NONE',  ( -0.7071067811865506800, -0.7071067811865443500, -1.962615573354729200E-015 ) ) ;
#223 = EDGE_LOOP ( 'NONE', ( #2028, #4782, #1752, #2921 ) ) ;
#224 = ORIENTED_EDGE ( 'NONE', *, *, #6649, .T. ) ;
#225 = CARTESIAN_POINT ( 'NONE',  ( -2.168404344971008900E-015, 0.0000000000000000000, -23.99999999999996800 ) ) ;
#226 = EDGE_CURVE ( 'NONE', #812, #3657, #26, .T. ) ;
#227 = LINE ( 'NONE', #1306, #4268 ) ;
#228 = CARTESIAN_POINT ( 'NONE',  ( 31.05339014233577500, -9.917172606141342300, -2.374999999999873400 ) ) ;
#229 = ORIENTED_EDGE ( 'NONE', *, *, #1897, .T. ) ;
#230 = VERTEX_POINT ( 'NONE', #967 ) ;
#231 = DIRECTION ( 'NONE',  ( 2.914001035115545500E-015, -0.0000000000000000000, -1.000000000000000000 ) ) ;
#232 = CARTESIAN_POINT ( 'NONE',  ( -3.686890306268698600E-016, 6.965001794687469600, -34.00556095378962600 ) ) ;
#233 = CARTESIAN_POINT ( 'NONE',  ( 11.99999999999997500, 2.149999999999901800, 3.538835890992682700E-014 ) ) ;
#234 = CARTESIAN_POINT ( 'NONE',  ( 2.374999999999988900, -11.31370849898476100, -26.02499999999996300 ) ) ;
#235 = VECTOR ( 'NONE', #1499, 1000.000000000000000 ) ;
#236 = ORIENTED_EDGE ( 'NONE', *, *, #384, .T. ) ;
#237 = ORIENTED_EDGE ( 'NONE', *, *, #5451, .F. ) ;
#238 = EDGE_CURVE ( 'NONE', #6838, #3810, #6015, .T. ) ;
#239 = AXIS2_PLACEMENT_3D ( 'NONE', #4163, #515, #5283 ) ;
#240 = DIRECTION ( 'NONE',  ( -1.000000000000000000, 0.0000000000000000000, 0.0000000000000000000 ) ) ;
#241 = EDGE_CURVE ( 'NONE', #5954, #2300, #3782, .T. ) ;
#242 = VERTEX_POINT ( 'NONE', #5773 ) ;
#243 = VECTOR ( 'NONE', #2199, 1000.000000000000100 ) ;
#244 = ORIENTED_EDGE ( 'NONE', *, *, #291, .F. ) ;
#245 = EDGE_LOOP ( 'NONE', ( #7018, #4712, #7128, #516 ) ) ;
#246 = CARTESIAN_POINT ( 'NONE',  ( 15.51471862576141400, 8.485281374238567800, -2.374999999999948900 ) ) ;
#247 = CARTESIAN_POINT ( 'NONE',  ( 26.02499999999996300, 11.31370849898476100, -0.1249999999998109400 ) ) ;
#248 = ADVANCED_FACE ( 'NONE', ( #6380 ), #1644, .F. ) ;
#249 = ORIENTED_EDGE ( 'NONE', *, *, #343, .F. ) ;
#250 = CIRCLE ( 'NONE', #1203, 2.024999999999957300 ) ;
#251 = ORIENTED_EDGE ( 'NONE', *, *, #5885, .T. ) ;
#252 = PLANE ( 'NONE',  #2617 ) ;
#253 = CARTESIAN_POINT ( 'NONE',  ( 13.99443904621041500, -6.965001794687569100, 4.127001930919910000E-014 ) ) ;
#254 = DIRECTION ( 'NONE',  ( 1.962615573354775300E-015, -0.7071067811865279200, -0.7071067811865672200 ) ) ;
#255 = DIRECTION ( 'NONE',  ( 2.914001035115545500E-015, -0.0000000000000000000, -1.000000000000000000 ) ) ;
#256 = LINE ( 'NONE', #5680, #7703 ) ;
#257 = EDGE_LOOP ( 'NONE', ( #6627, #364, #7088, #2449 ) ) ;
#258 = DIRECTION ( 'NONE',  ( -1.000000000000000000, 0.0000000000000000000, -2.914001035115540000E-015 ) ) ;
#259 = FACE_OUTER_BOUND ( 'NONE', #6320, .T. ) ;
#260 = AXIS2_PLACEMENT_3D ( 'NONE', #454, #1026, #2254 ) ;
#261 = FACE_OUTER_BOUND ( 'NONE', #6495, .T. ) ;
#262 = DIRECTION ( 'NONE',  ( -1.000000000000000000, -0.0000000000000000000, -0.0000000000000000000 ) ) ;
#263 = VERTEX_POINT ( 'NONE', #3374 ) ;
#264 = CARTESIAN_POINT ( 'NONE',  ( 30.56810876809721500, 9.431891231902772800, -2.374999999999870300 ) ) ;
#265 = EDGE_LOOP ( 'NONE', ( #2263, #5966, #6776, #7045 ) ) ;
#266 = LINE ( 'NONE', #2438, #932 ) ;
#267 = DIRECTION ( 'NONE',  ( 5.282917134896313600E-032, 1.000000000000000000, -6.319193350823370000E-016 ) ) ;
#268 = PERSON_AND_ORGANIZATION_ROLE ( 'classification_officer' ) ;
#269 = EDGE_CURVE ( 'NONE', #6667, #4799, #1623, .T. ) ;
#270 = VECTOR ( 'NONE', #4038, 1000.000000000000000 ) ;
#271 = CARTESIAN_POINT ( 'NONE',  ( 0.1250000000000142400, -8.000000000000000000, -15.99999999999997000 ) ) ;
#272 = AXIS2_PLACEMENT_3D ( 'NONE', #3539, #4719, #5314 ) ;
#273 = ORIENTED_EDGE ( 'NONE', *, *, #226, .T. ) ;
#274 = DIRECTION ( 'NONE',  ( 8.360113137237631100E-017, 0.0000000000000000000, -1.000000000000000000 ) ) ;
#275 = ORIENTED_EDGE ( 'NONE', *, *, #3340, .F. ) ;
#276 = CARTESIAN_POINT ( 'NONE',  ( 35.99999999999997200, -2.025000000000001700, -2.374999999999870300 ) ) ;
#277 = ADVANCED_FACE ( 'NONE', ( #4994 ), #4160, .F. ) ;
#278 = LINE ( 'NONE', #3334, #4783 ) ;
#279 = CARTESIAN_POINT ( 'NONE',  ( 2.374999999999988500, 11.99999999999999300, -23.99999999999997500 ) ) ;
#280 = EDGE_CURVE ( 'NONE', #5317, #6318, #1244, .T. ) ;
#282 = ORIENTED_EDGE ( 'NONE', *, *, #3112, .F. ) ;
#281 = DIRECTION ( 'NONE',  ( -0.7071067811865455700, 0.7071067811865493500, -2.085279046689384700E-015 ) ) ;
#283 = CARTESIAN_POINT ( 'NONE',  ( 15.51471862576141100, -8.485281374238560700, -2.499999999999944900 ) ) ;
#284 = CARTESIAN_POINT ( 'NONE',  ( 4.499999999999984900, -16.00000000000000000, -2.374999999999975100 ) ) ;
#285 = ORIENTED_EDGE ( 'NONE', *, *, #4388, .T. ) ;
#286 = AXIS2_PLACEMENT_3D ( 'NONE', #448, #998, #6346 ) ;
#287 = CARTESIAN_POINT ( 'NONE',  ( 32.48528137423853900, 8.485281374238566000, -0.1249999999997814500 ) ) ;
#288 = FACE_OUTER_BOUND ( 'NONE', #2604, .T. ) ;
#289 = ADVANCED_FACE ( 'NONE', ( #3028 ), #7528, .F. ) ;
#290 = CONICAL_SURFACE ( 'NONE', #770, 7.125000000000020400, 0.7853981633974309600 ) ;
#291 = EDGE_CURVE ( 'NONE', #5414, #5719, #4435, .T. ) ;
#292 = DIRECTION ( 'NONE',  ( -1.000000000000000000, 0.0000000000000000000, 0.0000000000000000000 ) ) ;
#293 = EDGE_LOOP ( 'NONE', ( #3677, #1639, #6127, #55 ) ) ;
#294 = ORIENTED_EDGE ( 'NONE', *, *, #1830, .T. ) ;
#295 = CARTESIAN_POINT ( 'NONE',  ( 2.374999999999988900, -11.31370849898476100, -26.02499999999996300 ) ) ;
#296 = EDGE_CURVE ( 'NONE', #44, #6452, #4251, .T. ) ;
#297 = LINE ( 'NONE', #2662, #3956 ) ;
#298 = ORIENTED_EDGE ( 'NONE', *, *, #4795, .F. ) ;
#299 = DIRECTION ( 'NONE',  ( 2.602085213965212600E-016, 6.319193350823370000E-016, -1.000000000000000000 ) ) ;
#300 = AXIS2_PLACEMENT_3D ( 'NONE', #7366, #6809, #824 ) ;
#301 = DIRECTION ( 'NONE',  ( -1.000000000000000000, 0.0000000000000000000, 0.0000000000000000000 ) ) ;
#302 = ORIENTED_EDGE ( 'NONE', *, *, #4457, .T. ) ;
#303 = CARTESIAN_POINT ( 'NONE',  ( 2.479720420449055500, 18.47972042044904100, 7.312769686260500300E-015 ) ) ;
#304 = EDGE_CURVE ( 'NONE', #5164, #1660, #5543, .T. ) ;
#305 = DIRECTION ( 'NONE',  ( 1.000000000000000000, -0.0000000000000000000, 8.360113137237629900E-017 ) ) ;
#306 = FACE_OUTER_BOUND ( 'NONE', #3898, .T. ) ;
#307 = EDGE_CURVE ( 'NONE', #627, #4799, #4903, .T. ) ;
#308 = ORIENTED_EDGE ( 'NONE', *, *, #2190, .F. ) ;
#309 = ORIENTED_EDGE ( 'NONE', *, *, #2190, .T. ) ;
#310 = CARTESIAN_POINT ( 'NONE',  ( -3.686890306268697100E-016, -6.965001794687491800, -34.00556095378961200 ) ) ;
#311 = CYLINDRICAL_SURFACE ( 'NONE', #7635, 2.024999999999999000 ) ;
#312 = AXIS2_PLACEMENT_3D ( 'NONE', #2270, #2213, #544 ) ;
#313 = CARTESIAN_POINT ( 'NONE',  ( 0.1250000000000177900, -10.56810876809719000, -10.56810876809711700 ) ) ;
#314 = LINE ( 'NONE', #233, #6834 ) ;
#315 = CARTESIAN_POINT ( 'NONE',  ( -3.469446951953614200E-015, -2.025000000000002600, -12.68629150101520300 ) ) ;
#316 = ORIENTED_EDGE ( 'NONE', *, *, #3237, .F. ) ;
#317 = EDGE_LOOP ( 'NONE', ( #4512, #5956, #5338, #7578 ) ) ;
#318 = CARTESIAN_POINT ( 'NONE',  ( 26.02499999999997400, -11.31370849898476100, -2.374999999999901900 ) ) ;
#319 = VECTOR ( 'NONE', #1952, 1000.000000000000000 ) ;
#320 = DIRECTION ( 'NONE',  ( 1.084202172485505700E-017, 0.0000000000000000000, 1.000000000000000000 ) ) ;
#321 = EDGE_CURVE ( 'NONE', #2896, #1890, #4810, .T. ) ;
#322 = FACE_OUTER_BOUND ( 'NONE', #3558, .T. ) ;
#323 = ORIENTED_EDGE ( 'NONE', *, *, #5378, .T. ) ;
#324 = ORIENTED_EDGE ( 'NONE', *, *, #1552, .T. ) ;
#325 = CARTESIAN_POINT ( 'NONE',  ( 35.99999999999996400, -6.938893903907228400E-015, -0.1249999999997806900 ) ) ;
#326 = AXIS2_PLACEMENT_3D ( 'NONE', #874, #2673, #351 ) ;
#327 = CARTESIAN_POINT ( 'NONE',  ( 2.499999999999992900, 6.965001794687522000, -13.99443904621036200 ) ) ;
#328 = CARTESIAN_POINT ( 'NONE',  ( 33.91717260614130000, -7.053390142335814500, -2.374999999999870800 ) ) ;
#329 = CARTESIAN_POINT ( 'NONE',  ( 11.99999999999997500, 5.469317744930408200E-015, -0.1249999999998640400 ) ) ;
#330 = ADVANCED_FACE ( 'NONE', ( #3132 ), #2935, .F. ) ;
#331 = LINE ( 'NONE', #609, #6483 ) ;
#332 = ORIENTED_EDGE ( 'NONE', *, *, #7087, .F. ) ;
#333 = ORIENTED_EDGE ( 'NONE', *, *, #3156, .F. ) ;
#334 = EDGE_CURVE ( 'NONE', #3134, #1490, #22, .T. ) ;
#335 = CARTESIAN_POINT ( 'NONE',  ( 2.374999999999995100, 16.00000000000000000, -23.99999999999996800 ) ) ;
#336 = EDGE_CURVE ( 'NONE', #6492, #2838, #3404, .T. ) ;
#337 = ORIENTED_EDGE ( 'NONE', *, *, #6622, .T. ) ;
#338 = CYLINDRICAL_SURFACE ( 'NONE', #1008, 2.024999999999999000 ) ;
#339 = CARTESIAN_POINT ( 'NONE',  ( 0.1250000000000142400, -8.000000000000000000, -18.02499999999995600 ) ) ;
#340 = ORIENTED_EDGE ( 'NONE', *, *, #1812, .F. ) ;
#341 = ORIENTED_EDGE ( 'NONE', *, *, #1933, .F. ) ;
#342 = CARTESIAN_POINT ( 'NONE',  ( 2.374999999999984000, -9.431891231902753200, -30.56810876809718600 ) ) ;
#343 = EDGE_CURVE ( 'NONE', #6420, #4979, #1161, .T. ) ;
#344 = EDGE_CURVE ( 'NONE', #5957, #4396, #3025, .T. ) ;
#345 = CARTESIAN_POINT ( 'NONE',  ( -3.469446951953613200E-016, 8.000000000000007100, -29.84999999999994800 ) ) ;
#346 = ORIENTED_EDGE ( 'NONE', *, *, #765, .F. ) ;
#347 = LINE ( 'NONE', #5475, #5398 ) ;
#348 = DIRECTION ( 'NONE',  ( -1.000000000000000000, 6.319193350823370000E-016, -2.949029909160574800E-015 ) ) ;
#349 = VERTEX_POINT ( 'NONE', #2264 ) ;
#350 = DIRECTION ( 'NONE',  ( 0.7071067811865462400, 0.7071067811865489100, 0.0000000000000000000 ) ) ;
#351 = DIRECTION ( 'NONE',  ( -1.000000000000000000, 0.0000000000000000000, -2.949029909160577600E-015 ) ) ;
#352 = ORIENTED_EDGE ( 'NONE', *, *, #2801, .T. ) ;
#353 = CIRCLE ( 'NONE', #5074, 6.999999999999999100 ) ;
#354 = ORIENTED_EDGE ( 'NONE', *, *, #5168, .T. ) ;
#355 = DIRECTION ( 'NONE',  ( 5.055354680658670800E-015, -1.000000000000000000, 0.0000000000000000000 ) ) ;
#356 = APPROVAL_ROLE ( '' ) ;
#357 = CARTESIAN_POINT ( 'NONE',  ( 12.68629150101520300, -2.025000000000002600, 1.461504528510460000E-013 ) ) ;
#358 = PERSON_AND_ORGANIZATION ( #963, #4302 ) ;
#359 = CARTESIAN_POINT ( 'NONE',  ( -3.828719947311910000E-016, -2.150000000000027400, -35.31370849898473100 ) ) ;
#360 = AXIS2_PLACEMENT_3D ( 'NONE', #3627, #5968, #4283 ) ;
#361 = CIRCLE ( 'NONE', #553, 2.024999999999990100 ) ;
#362 = EDGE_LOOP ( 'NONE', ( #3142, #2210, #1774, #1915, #5750 ) ) ;
#363 = CARTESIAN_POINT ( 'NONE',  ( 35.31370849898473100, -2.025000000000000800, 2.194425197110661000E-013 ) ) ;
#364 = ORIENTED_EDGE ( 'NONE', *, *, #873, .F. ) ;
#365 = CARTESIAN_POINT ( 'NONE',  ( 2.499999999999992900, 6.479720420448997800, -14.47972042044894200 ) ) ;
#366 = ORIENTED_EDGE ( 'NONE', *, *, #897, .T. ) ;
#367 = DIRECTION ( 'NONE',  ( 0.0000000000000000000, 0.0000000000000000000, 1.000000000000000000 ) ) ;
#368 = DIRECTION ( 'NONE',  ( 2.914001035115545500E-015, -0.0000000000000000000, -1.000000000000000000 ) ) ;
#369 = LINE ( 'NONE', #4291, #1760 ) ;
#370 = DIRECTION ( 'NONE',  ( 1.000000000000000000, -0.0000000000000000000, 8.360113137237629900E-017 ) ) ;
#371 = EDGE_CURVE ( 'NONE', #7301, #999, #7560, .T. ) ;
#372 = CARTESIAN_POINT ( 'NONE',  ( -1.067939139898219500E-016, 5.469317744930408200E-015, -9.849999999999969400 ) ) ;
#373 = FACE_OUTER_BOUND ( 'NONE', #5163, .T. ) ;
#374 = ADVANCED_FACE ( 'NONE', ( #1800 ), #6536, .T. ) ;
#375 = EDGE_CURVE ( 'NONE', #7627, #2838, #7473, .T. ) ;
#376 = ORIENTED_EDGE ( 'NONE', *, *, #5618, .F. ) ;
#377 = AXIS2_PLACEMENT_3D ( 'NONE', #3143, #3615, #1384 ) ;
#378 = ORIENTED_EDGE ( 'NONE', *, *, #175, .F. ) ;
#379 = DIRECTION ( 'NONE',  ( -5.481026527454899000E-032, -1.000000000000000000, -5.055354680658670800E-015 ) ) ;
#380 = FACE_OUTER_BOUND ( 'NONE', #7130, .T. ) ;
#381 = ORIENTED_EDGE ( 'NONE', *, *, #5217, .F. ) ;
#382 = ORIENTED_EDGE ( 'NONE', *, *, #3120, .F. ) ;
#383 = LINE ( 'NONE', #4023, #7168 ) ;
#384 = EDGE_CURVE ( 'NONE', #4006, #5957, #5823, .T. ) ;
#385 = DIRECTION ( 'NONE',  ( 8.360113137237639800E-017, 0.0000000000000000000, -1.000000000000000000 ) ) ;
#386 = AXIS2_PLACEMENT_3D ( 'NONE', #5845, #7609, #1716 ) ;
#387 = CIRCLE ( 'NONE', #2537, 2.024999999999999000 ) ;
#388 = VERTEX_POINT ( 'NONE', #1740 ) ;
#389 = ORIENTED_EDGE ( 'NONE', *, *, #2188, .F. ) ;
#390 = DIRECTION ( 'NONE',  ( -0.7071067811865926500, -0.4999999999999666900, -0.4999999999999695800 ) ) ;
#391 = DIRECTION ( 'NONE',  ( 8.360113137237629900E-017, 0.0000000000000000000, -1.000000000000000000 ) ) ;
#392 = LINE ( 'NONE', #3083, #5812 ) ;
#393 = PLANE ( 'NONE',  #2797 ) ;
#394 = VECTOR ( 'NONE', #5042, 1000.000000000000000 ) ;
#395 = CARTESIAN_POINT ( 'NONE',  ( -2.185022465609340300E-015, -2.024999999999955900, -0.1249999999998868700 ) ) ;
#396 = AXIS2_PLACEMENT_3D ( 'NONE', #4680, #433, #5816 ) ;
#397 = ORIENTED_EDGE ( 'NONE', *, *, #3146, .F. ) ;
#398 = ORIENTED_EDGE ( 'NONE', *, *, #5532, .F. ) ;
#399 = EDGE_CURVE ( 'NONE', #7013, #5530, #3970, .T. ) ;
#400 = CARTESIAN_POINT ( 'NONE',  ( 2.499999999999994700, -11.31370849898476100, -21.84999999999995200 ) ) ;
#401 = DIRECTION ( 'NONE',  ( 1.000000000000000000, -0.0000000000000000000, -1.084202172485505400E-017 ) ) ;
#402 = CIRCLE ( 'NONE', #5491, 2.024999999999999000 ) ;
#403 = CARTESIAN_POINT ( 'NONE',  ( 6.938893903907200800E-015, 15.87499999999999300, -2.499999999999988000 ) ) ;
#404 = ORIENTED_EDGE ( 'NONE', *, *, #6054, .F. ) ;
#405 = CIRCLE ( 'NONE', #5192, 2.025000000000002600 ) ;
#406 = VECTOR ( 'NONE', #3479, 1000.000000000000000 ) ;
#407 = CARTESIAN_POINT ( 'NONE',  ( 29.84999999999993700, 8.000000000000007100, -2.499999999999899200 ) ) ;
#408 = AXIS2_PLACEMENT_3D ( 'NONE', #3433, #5781, #7566 ) ;
#409 = DIRECTION ( 'NONE',  ( -2.017120320903317000E-016, 0.0000000000000000000, 1.000000000000000000 ) ) ;
#410 = DIRECTION ( 'NONE',  ( 0.0000000000000000000, 0.0000000000000000000, 1.000000000000000000 ) ) ;
#411 = ORIENTED_EDGE ( 'NONE', *, *, #5499, .F. ) ;
#412 = VECTOR ( 'NONE', #3846, 1000.000000000000100 ) ;
#413 = ADVANCED_FACE ( 'NONE', ( #5919 ), #7277, .T. ) ;
#414 = ORIENTED_EDGE ( 'NONE', *, *, #7708, .F. ) ;
#415 = LINE ( 'NONE', #2526, #1888 ) ;
#416 = CARTESIAN_POINT ( 'NONE',  ( 12.68629150101520300, 2.149999999999896000, 3.741225307282344200E-014 ) ) ;
#417 = FACE_OUTER_BOUND ( 'NONE', #4571, .T. ) ;
#418 = CONICAL_SURFACE ( 'NONE', #1761, 2.025000000000012800, 0.7853981633974932400 ) ;
#419 = ORIENTED_EDGE ( 'NONE', *, *, #5445, .T. ) ;
#420 = CARTESIAN_POINT ( 'NONE',  ( 15.51471862576141400, 8.485281374238567800, -2.499999999999944900 ) ) ;
#421 = AXIS2_PLACEMENT_3D ( 'NONE', #3303, #2798, #4541 ) ;
#422 = CARTESIAN_POINT ( 'NONE',  ( 0.1250000000000035800, -2.024999999999994600, 1.272659297996820200E-015 ) ) ;
#423 = CARTESIAN_POINT ( 'NONE',  ( 15.51471862576141400, 8.485281374238567800, -2.499999999999944900 ) ) ;
#424 = VECTOR ( 'NONE', #7353, 1000.000000000000000 ) ;
#425 = ORIENTED_EDGE ( 'NONE', *, *, #884, .F. ) ;
#426 = DIRECTION ( 'NONE',  ( -1.000000000000000000, 0.0000000000000000000, -2.602085213965212600E-016 ) ) ;
#427 = CARTESIAN_POINT ( 'NONE',  ( 31.99999999999995400, -7.999999999999992900, -2.374999999999875200 ) ) ;
#428 = EDGE_CURVE ( 'NONE', #6870, #5907, #2364, .T. ) ;
#429 = DIRECTION ( 'NONE',  ( -1.000000000000000000, 0.0000000000000000000, -2.786484953537548300E-015 ) ) ;
#430 = LINE ( 'NONE', #5420, #6759 ) ;
#431 = EDGE_LOOP ( 'NONE', ( #5905, #1322, #7157, #1747 ) ) ;
#432 = CARTESIAN_POINT ( 'NONE',  ( -3.357232221681771700E-016, -10.00556095378965300, -30.96500179468745600 ) ) ;
#433 = DIRECTION ( 'NONE',  ( 0.7071067811865517900, 3.574675575996911100E-015, -0.7071067811865432400 ) ) ;
#434 = EDGE_CURVE ( 'NONE', #3422, #4725, #4346, .T. ) ;
#435 = FACE_OUTER_BOUND ( 'NONE', #85, .T. ) ;
#436 = EDGE_LOOP ( 'NONE', ( #224, #4148, #5253, #1782 ) ) ;
#437 = ORIENTED_EDGE ( 'NONE', *, *, #5482, .T. ) ;
#438 = AXIS2_PLACEMENT_3D ( 'NONE', #4145, #5908, #5335 ) ;
#439 = DIRECTION ( 'NONE',  ( 1.839952100020045000E-016, 0.7071067811865493500, -0.7071067811865455700 ) ) ;
#440 = EDGE_LOOP ( 'NONE', ( #4022, #6525, #6148, #6288, #389 ) ) ;
#441 = EDGE_CURVE ( 'NONE', #6641, #6983, #4625, .T. ) ;
#442 = FACE_OUTER_BOUND ( 'NONE', #1538, .T. ) ;
#443 = EDGE_LOOP ( 'NONE', ( #5182, #3158, #731, #3884, #4097 ) ) ;
#444 = CARTESIAN_POINT ( 'NONE',  ( 0.1250000000000001900, -7.999999999999992900, -31.99999999999994700 ) ) ;
#445 = ADVANCED_FACE ( 'NONE', ( #2836 ), #6556, .T. ) ;
#446 = EDGE_CURVE ( 'NONE', #6139, #953, #6925, .T. ) ;
#447 = EDGE_CURVE ( 'NONE', #4925, #5055, #2743, .T. ) ;
#448 = CARTESIAN_POINT ( 'NONE',  ( 2.375000000000007100, 1.349909078679433100E-015, -35.31370849898473100 ) ) ;
#449 = CARTESIAN_POINT ( 'NONE',  ( 13.43189123190278300, -13.43189123190272700, -2.374999999999946700 ) ) ;
#450 = VECTOR ( 'NONE', #3317, 1000.000000000000100 ) ;
#451 = CARTESIAN_POINT ( 'NONE',  ( 14.08282739385866700, -7.053390142335814500, -2.374999999999940500 ) ) ;
#452 = ORIENTED_EDGE ( 'NONE', *, *, #576, .F. ) ;
#453 = AXIS2_PLACEMENT_3D ( 'NONE', #3503, #3450, #6389 ) ;
#454 = CARTESIAN_POINT ( 'NONE',  ( 35.31370849898473100, 1.349909078679433100E-015, -0.1249999999997827300 ) ) ;
#455 = CIRCLE ( 'NONE', #3090, 2.150000000000023400 ) ;
#456 = LINE ( 'NONE', #1456, #3269 ) ;
#457 = DIRECTION ( 'NONE',  ( -1.000000000000000000, 6.319193350823370000E-016, -2.775557561562893700E-015 ) ) ;
#458 = EDGE_LOOP ( 'NONE', ( #2076, #1799, #7456, #2133 ) ) ;
#459 = EDGE_LOOP ( 'NONE', ( #4559, #5675, #4761, #5671, #510 ) ) ;
#460 = FACE_BOUND ( 'NONE', #1108, .T. ) ;
#461 = AXIS2_PLACEMENT_3D ( 'NONE', #1705, #5883, #1728 ) ;
#462 = LINE ( 'NONE', #2850, #4313 ) ;
#463 = CARTESIAN_POINT ( 'NONE',  ( 15.51471862576140600, -8.485281374238560700, -0.1249999999998409700 ) ) ;
#465 = ORIENTED_EDGE ( 'NONE', *, *, #2070, .T. ) ;
#464 = DIRECTION ( 'NONE',  ( 0.0000000000000000000, 0.0000000000000000000, 1.000000000000000000 ) ) ;
#466 = CARTESIAN_POINT ( 'NONE',  ( 15.99999999999997900, 8.000000000000035500, 4.718447854656914000E-014 ) ) ;
#467 = DIRECTION ( 'NONE',  ( 0.0000000000000000000, 0.0000000000000000000, 1.000000000000000000 ) ) ;
#468 = ORIENTED_EDGE ( 'NONE', *, *, #2696, .F. ) ;
#469 = DIRECTION ( 'NONE',  ( -0.7071067811865672200, 0.7071067811865279200, -1.839952100020101500E-016 ) ) ;
#470 = LINE ( 'NONE', #264, #7533 ) ;
#471 = EDGE_CURVE ( 'NONE', #7129, #4744, #2549, .T. ) ;
#472 = CARTESIAN_POINT ( 'NONE',  ( 14.56810876809725700, 6.568108768097306300, -2.374999999999947200 ) ) ;
#473 = AXIS2_PLACEMENT_3D ( 'NONE', #530, #6499, #3017 ) ;
#474 = DIRECTION ( 'NONE',  ( -0.4999999999999817900, 0.4999999999999770200, 0.7071067811865766600 ) ) ;
#475 = ORIENTED_EDGE ( 'NONE', *, *, #6726, .T. ) ;
#476 = EDGE_LOOP ( 'NONE', ( #1940, #6212, #5439, #6844 ) ) ;
#477 = DIRECTION ( 'NONE',  ( 2.602085213965212600E-016, 0.0000000000000000000, -1.000000000000000000 ) ) ;
#478 = VECTOR ( 'NONE', #2815, 1000.000000000000000 ) ;
#479 = DIRECTION ( 'NONE',  ( 5.911492690827451100E-017, -0.7071067811865500200, -0.7071067811865451300 ) ) ;
#480 = CARTESIAN_POINT ( 'NONE',  ( 23.99999999999997500, 0.0000000000000000000, -2.499999999999921000 ) ) ;
#481 = VECTOR ( 'NONE', #2495, 1000.000000000000100 ) ;
#482 = EDGE_CURVE ( 'NONE', #2395, #6647, #4248, .T. ) ;
#483 = VERTEX_POINT ( 'NONE', #2313 ) ;
#484 = VERTEX_POINT ( 'NONE', #4289 ) ;
#485 = AXIS2_PLACEMENT_3D ( 'NONE', #5160, #6920, #2818 ) ;
#486 = ADVANCED_FACE ( 'NONE', ( #3216 ), #5474, .F. ) ;
#487 = FACE_OUTER_BOUND ( 'NONE', #6315, .T. ) ;
#488 = CARTESIAN_POINT ( 'NONE',  ( 17.52027957955105500, -9.520279579551081300, -2.499999999999939200 ) ) ;
#489 = ORIENTED_EDGE ( 'NONE', *, *, #5846, .F. ) ;
#490 = EDGE_CURVE ( 'NONE', #4006, #2251, #1622, .T. ) ;
#491 = DIRECTION ( 'NONE',  ( 0.7071067811865418000, 0.7071067811865532300, 2.060509892314804300E-015 ) ) ;
#492 = DIRECTION ( 'NONE',  ( 0.0000000000000000000, 0.0000000000000000000, 1.000000000000000000 ) ) ;
#493 = AXIS2_PLACEMENT_3D ( 'NONE', #1764, #5951, #2979 ) ;
#494 = FACE_OUTER_BOUND ( 'NONE', #2191, .T. ) ;
#495 = CARTESIAN_POINT ( 'NONE',  ( 2.374999999999994200, 8.000000000000007100, -31.99999999999997200 ) ) ;
#496 = ORIENTED_EDGE ( 'NONE', *, *, #2699, .F. ) ;
#497 = EDGE_CURVE ( 'NONE', #5975, #484, #5359, .T. ) ;
#498 = ORIENTED_EDGE ( 'NONE', *, *, #1604, .F. ) ;
#499 = DIRECTION ( 'NONE',  ( 0.0000000000000000000, 0.0000000000000000000, 1.000000000000000000 ) ) ;
#500 = CARTESIAN_POINT ( 'NONE',  ( 23.99999999999996800, 0.0000000000000000000, -0.1249999999998421400 ) ) ;
#501 = VECTOR ( 'NONE', #5502, 1000.000000000000000 ) ;
#502 = FACE_OUTER_BOUND ( 'NONE', #1314, .T. ) ;
#503 = CARTESIAN_POINT ( 'NONE',  ( 2.499999999999995100, -11.31370849898476100, -23.99999999999996800 ) ) ;
#504 = ORIENTED_EDGE ( 'NONE', *, *, #4905, .F. ) ;
#505 = AXIS2_PLACEMENT_3D ( 'NONE', #1189, #5365, #7135 ) ;
#506 = CARTESIAN_POINT ( 'NONE',  ( -2.602085213965210600E-015, 11.99999999999999300, -21.97499999999996200 ) ) ;
#507 = DIRECTION ( 'NONE',  ( 2.949029909160574800E-015, 0.0000000000000000000, -1.000000000000000000 ) ) ;
#508 = LINE ( 'NONE', #2400, #7577 ) ;
#509 = ORIENTED_EDGE ( 'NONE', *, *, #189, .T. ) ;
#510 = ORIENTED_EDGE ( 'NONE', *, *, #1836, .T. ) ;
#511 = CARTESIAN_POINT ( 'NONE',  ( 33.91717260614130000, 7.053390142335797600, 2.146720301521298800E-013 ) ) ;
#512 = EDGE_CURVE ( 'NONE', #163, #2355, #4158, .T. ) ;
#513 = CIRCLE ( 'NONE', #56, 2.024999999999999000 ) ;
#514 = DIRECTION ( 'NONE',  ( -1.000000000000000000, 0.0000000000000000000, -2.823968449264525500E-015 ) ) ;
#515 = DIRECTION ( 'NONE',  ( -1.263838670164661400E-015, 1.000000000000000000, -3.682827193078877800E-030 ) ) ;
#516 = ORIENTED_EDGE ( 'NONE', *, *, #7690, .F. ) ;
#517 = ORIENTED_EDGE ( 'NONE', *, *, #471, .T. ) ;
#518 = AXIS2_PLACEMENT_3D ( 'NONE', #811, #1466, #1492 ) ;
#519 = CARTESIAN_POINT ( 'NONE',  ( 13.36471862576140500, -8.485281374238560700, -2.499999999999951200 ) ) ;
#520 = CARTESIAN_POINT ( 'NONE',  ( -3.469446951953614200E-015, -2.025000000000002100, -11.99999999999997500 ) ) ;
#521 = ADVANCED_FACE ( 'NONE', ( #4720 ), #3079, .F. ) ;
#522 = DIRECTION ( 'NONE',  ( -0.4999999999999796300, -0.4999999999999943400, -0.7071067811865658900 ) ) ;
#523 = ORIENTED_EDGE ( 'NONE', *, *, #7359, .F. ) ;
#524 = CIRCLE ( 'NONE', #2358, 2.150000000000019900 ) ;
#525 = DIRECTION ( 'NONE',  ( 1.315446366589175700E-030, -1.000000000000000000, -5.055354680658670800E-015 ) ) ;
#526 = ORIENTED_EDGE ( 'NONE', *, *, #1692, .F. ) ;
#527 = DIRECTION ( 'NONE',  ( 1.000000000000000000, -0.0000000000000000000, 8.360113137237629900E-017 ) ) ;
#528 = CARTESIAN_POINT ( 'NONE',  ( -3.469446951953614200E-015, -10.56810876809719000, -10.56810876809711700 ) ) ;
#529 = EDGE_CURVE ( 'NONE', #2105, #6230, #2640, .T. ) ;
#530 = CARTESIAN_POINT ( 'NONE',  ( -1.274014550712733800E-015, 2.024999999999994600, 1.049507702965968300E-013 ) ) ;
#531 = ORIENTED_EDGE ( 'NONE', *, *, #4661, .F. ) ;
#532 = FACE_OUTER_BOUND ( 'NONE', #2312, .T. ) ;
#533 = ORIENTED_EDGE ( 'NONE', *, *, #4942, .F. ) ;
#534 = EDGE_LOOP ( 'NONE', ( #4805, #3296, #6104, #4315 ) ) ;
#535 = PLANE ( 'NONE',  #2062 ) ;
#536 = ORIENTED_EDGE ( 'NONE', *, *, #2948, .F. ) ;
#537 = AXIS2_PLACEMENT_3D ( 'NONE', #329, #2735, #5717 ) ;
#538 = LINE ( 'NONE', #6695, #4760 ) ;
#539 = EDGE_LOOP ( 'NONE', ( #3595, #4650, #1115, #608 ) ) ;
#540 = DIRECTION ( 'NONE',  ( 2.602085213965212600E-016, -6.319193350823370000E-016, -1.000000000000000000 ) ) ;
#541 = DIRECTION ( 'NONE',  ( 0.0000000000000000000, 1.713307136767254500E-015, 1.000000000000000000 ) ) ;
#542 = CARTESIAN_POINT ( 'NONE',  ( 15.51471862576141100, -8.485281374238560700, -2.499999999999944900 ) ) ;
#543 = PERSON_AND_ORGANIZATION ( #963, #4302 ) ;
#544 = DIRECTION ( 'NONE',  ( 1.839952100020045000E-016, -0.7071067811865493500, -0.7071067811865455700 ) ) ;
#545 = CIRCLE ( 'NONE', #1697, 2.125000000000001300 ) ;
#546 = VERTEX_POINT ( 'NONE', #1215 ) ;
#547 = EDGE_CURVE ( 'NONE', #7308, #6043, #5541, .T. ) ;
#548 = EDGE_LOOP ( 'NONE', ( #7252, #5355, #4281, #1243 ) ) ;
#549 = DIRECTION ( 'NONE',  ( 0.7071067811865167100, -0.5000000000000242000, -0.5000000000000193200 ) ) ;
#550 = CYLINDRICAL_SURFACE ( 'NONE', #7597, 2.024999999999999000 ) ;
#551 = CARTESIAN_POINT ( 'NONE',  ( 14.71129150101520700, -2.735438768656219200E-015, -0.1249999999998620400 ) ) ;
#552 = CARTESIAN_POINT ( 'NONE',  ( 29.97499999999994500, -7.999999999999992900, -0.1249999999997850300 ) ) ;
#553 = AXIS2_PLACEMENT_3D ( 'NONE', #2942, #2259, #1636 ) ;
#554 = DIRECTION ( 'NONE',  ( -2.017120320903252100E-016, 0.0000000000000000000, 1.000000000000000000 ) ) ;
#555 = LINE ( 'NONE', #5260, #7162 ) ;
#556 = DIRECTION ( 'NONE',  ( -0.0000000000000000000, -0.0000000000000000000, -1.000000000000000000 ) ) ;
#557 = ORIENTED_EDGE ( 'NONE', *, *, #3893, .T. ) ;
#558 = EDGE_LOOP ( 'NONE', ( #1105, #4004, #2619, #7395 ) ) ;
#559 = VECTOR ( 'NONE', #1138, 1000.000000000000000 ) ;
#560 = CARTESIAN_POINT ( 'NONE',  ( 2.374999999999992900, -8.485281374238560700, -15.51471862576140600 ) ) ;
#561 = ADVANCED_FACE ( 'NONE', ( #5187 ), #1242, .F. ) ;
#562 = VECTOR ( 'NONE', #7461, 1000.000000000000100 ) ;
#563 = CARTESIAN_POINT ( 'NONE',  ( 21.97500000000002300, 1.110914191074744000E-013, 1.765081136806401200E-013 ) ) ;
#564 = EDGE_LOOP ( 'NONE', ( #3073, #7540, #1415, #2384 ) ) ;
#565 = PLANE ( 'NONE',  #3690 ) ;
#566 = AXIS2_PLACEMENT_3D ( 'NONE', #4641, #3481, #1699 ) ;
#567 = VERTEX_POINT ( 'NONE', #3057 ) ;
#568 = CONICAL_SURFACE ( 'NONE', #2171, 2.025000000000002600, 0.7853981633974742600 ) ;
#569 = DIRECTION ( 'NONE',  ( -2.577303450022690500E-015, 0.0000000000000000000, 1.000000000000000000 ) ) ;
#570 = CIRCLE ( 'NONE', #2243, 6.999999999999999100 ) ;
#571 = DIRECTION ( 'NONE',  ( 0.7071067811865500200, -0.7071067811865450200, 2.085279046689398100E-015 ) ) ;
#572 = CARTESIAN_POINT ( 'NONE',  ( -2.688518267007607800E-017, 18.47972042044908700, -2.479720420449121700 ) ) ;
#573 = ORIENTED_EDGE ( 'NONE', *, *, #4703, .F. ) ;
#574 = CARTESIAN_POINT ( 'NONE',  ( 2.499999999999997800, -6.965001794687478500, -34.00556095378962600 ) ) ;
#575 = ORIENTED_EDGE ( 'NONE', *, *, #7109, .F. ) ;
#576 = EDGE_CURVE ( 'NONE', #1653, #2685, #7103, .T. ) ;
#577 = EDGE_CURVE ( 'NONE', #263, #5821, #7663, .T. ) ;
#578 = AXIS2_PLACEMENT_3D ( 'NONE', #7713, #4105, #6481 ) ;
#579 = CARTESIAN_POINT ( 'NONE',  ( 0.1250000000000262000, 2.025000000000002100, -35.31370849898473100 ) ) ;
#580 = VECTOR ( 'NONE', #5375, 1000.000000000000000 ) ;
#581 = DIRECTION ( 'NONE',  ( 1.000000000000000000, 0.0000000000000000000, 0.0000000000000000000 ) ) ;
#582 = ORIENTED_EDGE ( 'NONE', *, *, #5803, .F. ) ;
#583 = DIRECTION ( 'NONE',  ( 1.000000000000000000, -0.0000000000000000000, 8.360113137237629900E-017 ) ) ;
#584 = EDGE_CURVE ( 'NONE', #5674, #2930, #6010, .T. ) ;
#585 = LINE ( 'NONE', #5242, #2071 ) ;
#586 = DIRECTION ( 'NONE',  ( 0.7071067811865541200, 0.0000000000000000000, 0.7071067811865409100 ) ) ;
#587 = ORIENTED_EDGE ( 'NONE', *, *, #2112, .F. ) ;
#588 = EDGE_LOOP ( 'NONE', ( #4815, #2239, #2674, #2881, #3332 ) ) ;
#589 = CARTESIAN_POINT ( 'NONE',  ( 2.375000000000015100, 9.917172606141285500, -16.94660985766412900 ) ) ;
#590 = FACE_OUTER_BOUND ( 'NONE', #5619, .T. ) ;
#591 = DIRECTION ( 'NONE',  ( 0.0000000000000000000, -1.713307136767211700E-015, 1.000000000000000000 ) ) ;
#592 = FACE_OUTER_BOUND ( 'NONE', #4446, .T. ) ;
#593 = DIRECTION ( 'NONE',  ( -2.602085213965212600E-016, 0.0000000000000000000, 1.000000000000000000 ) ) ;
#594 = ORIENTED_EDGE ( 'NONE', *, *, #5084, .F. ) ;
#595 = FACE_OUTER_BOUND ( 'NONE', #4826, .T. ) ;
#596 = CARTESIAN_POINT ( 'NONE',  ( -2.168404344971008900E-015, 11.99999999999999300, -26.02499999999996700 ) ) ;
#597 = EDGE_CURVE ( 'NONE', #4690, #7251, #3315, .T. ) ;
#598 = ORIENTED_EDGE ( 'NONE', *, *, #623, .F. ) ;
#599 = CARTESIAN_POINT ( 'NONE',  ( 12.68629150101521000, -2.735438768656219200E-015, -2.499999999999952900 ) ) ;
#600 = EDGE_CURVE ( 'NONE', #3945, #6858, #118, .T. ) ;
#601 = CARTESIAN_POINT ( 'NONE',  ( 11.99999999999997500, 2.025000000000002100, -0.1249999999998640400 ) ) ;
#602 = DIRECTION ( 'NONE',  ( -0.7071067811865641200, -3.574675575996815600E-015, -0.7071067811865310300 ) ) ;
#603 = LINE ( 'NONE', #1483, #5194 ) ;
#604 = LINE ( 'NONE', #4640, #4257 ) ;
#605 = ADVANCED_FACE ( 'NONE', ( #2173 ), #2459, .F. ) ;
#606 = FACE_BOUND ( 'NONE', #6725, .T. ) ;
#607 = ORIENTED_EDGE ( 'NONE', *, *, #7021, .F. ) ;
#608 = ORIENTED_EDGE ( 'NONE', *, *, #7616, .T. ) ;
#609 = CARTESIAN_POINT ( 'NONE',  ( -2.602085213965209700E-016, 15.87499999999999300, -23.99999999999996800 ) ) ;
#610 = DIRECTION ( 'NONE',  ( 0.7071067811865424700, -0.7071067811865526800, 1.962615573354706700E-015 ) ) ;
#611 = CARTESIAN_POINT ( 'NONE',  ( 0.1249999999999998600, -11.31370849898476100, -21.97499999999996200 ) ) ;
#612 = LINE ( 'NONE', #1602, #5367 ) ;
#613 = ORIENTED_EDGE ( 'NONE', *, *, #7359, .T. ) ;
#614 = EDGE_LOOP ( 'NONE', ( #1453, #237, #2654, #2964 ) ) ;
#615 = ADVANCED_FACE ( 'NONE', ( #5637 ), #6193, .F. ) ;
#616 = AXIS2_PLACEMENT_3D ( 'NONE', #3413, #5174, #6419 ) ;
#617 = DIRECTION ( 'NONE',  ( 5.481026527454899000E-032, 1.000000000000000000, 5.055354680658670800E-015 ) ) ;
#618 = CARTESIAN_POINT ( 'NONE',  ( 26.14999999999997700, 11.31370849898476100, -2.499999999999915600 ) ) ;
#619 = FACE_OUTER_BOUND ( 'NONE', #5155, .T. ) ;
#620 = ORIENTED_EDGE ( 'NONE', *, *, #5939, .T. ) ;
#621 = DIRECTION ( 'NONE',  ( 0.0000000000000000000, 0.0000000000000000000, -1.000000000000000000 ) ) ;
#622 = DIRECTION ( 'NONE',  ( 2.949029909160574800E-015, 0.0000000000000000000, -1.000000000000000000 ) ) ;
#623 = EDGE_CURVE ( 'NONE', #107, #965, #6295, .T. ) ;
#624 = CARTESIAN_POINT ( 'NONE',  ( 2.375000000000009300, -2.735438768656219200E-015, -12.68629150101520300 ) ) ;
#625 = AXIS2_PLACEMENT_3D ( 'NONE', #1696, #467, #1124 ) ;
#626 = LINE ( 'NONE', #1585, #2969 ) ;
#627 = VERTEX_POINT ( 'NONE', #6147 ) ;
#628 = ORIENTED_EDGE ( 'NONE', *, *, #950, .F. ) ;
#629 = EDGE_LOOP ( 'NONE', ( #5631, #465, #6158, #4089 ) ) ;
#630 = EDGE_CURVE ( 'NONE', #5344, #4011, #1981, .T. ) ;
#631 = LINE ( 'NONE', #6494, #3913 ) ;
#632 = ORIENTED_EDGE ( 'NONE', *, *, #3534, .F. ) ;
#633 = PLANE ( 'NONE',  #3333 ) ;
#634 = AXIS2_PLACEMENT_3D ( 'NONE', #2156, #1042, #5127 ) ;
#635 = CARTESIAN_POINT ( 'NONE',  ( 31.99999999999995400, -7.999999999999992900, -2.499999999999899200 ) ) ;
#636 = CC_DESIGN_APPROVAL ( #2478, ( #1684 ) ) ;
#637 = CYLINDRICAL_SURFACE ( 'NONE', #6101, 2.025000000000002600 ) ;
#638 = ORIENTED_EDGE ( 'NONE', *, *, #5692, .T. ) ;
#639 = ADVANCED_FACE ( 'NONE', ( #592 ), #3161, .F. ) ;
#640 = DIRECTION ( 'NONE',  ( -0.5000000000000048800, 0.5000000000000048800, -0.7071067811865405800 ) ) ;
#641 = EDGE_CURVE ( 'NONE', #3243, #7517, #1524, .T. ) ;
#642 = PERSON_AND_ORGANIZATION ( #963, #4302 ) ;
#643 = AXIS2_PLACEMENT_3D ( 'NONE', #1861, #5404, #3635 ) ;
#644 = FACE_OUTER_BOUND ( 'NONE', #140, .T. ) ;
#645 = EDGE_CURVE ( 'NONE', #3009, #230, #6729, .T. ) ;
#646 = DIRECTION ( 'NONE',  ( 5.481026527454899000E-032, 1.000000000000000000, 5.055354680658670800E-015 ) ) ;
#648 = EDGE_LOOP ( 'NONE', ( #6402, #5243, #1133, #6617 ) ) ;
#647 = DIRECTION ( 'NONE',  ( 7.666467083416938500E-018, 0.7071067811865418000, 0.7071067811865532300 ) ) ;
#649 = CARTESIAN_POINT ( 'NONE',  ( 0.1249999999999998300, -11.31370849898476100, -26.02499999999996700 ) ) ;
#650 = ADVANCED_FACE ( 'NONE', ( #306 ), #3681, .F. ) ;
#651 = EDGE_LOOP ( 'NONE', ( #674, #6753, #6872, #6608, #5114 ) ) ;
#652 = DIRECTION ( 'NONE',  ( 2.914001035115545500E-015, -0.0000000000000000000, -1.000000000000000000 ) ) ;
#653 = CIRCLE ( 'NONE', #3343, 2.150000000000006100 ) ;
#654 = VECTOR ( 'NONE', #5212, 999.9999999999998900 ) ;
#655 = VERTEX_POINT ( 'NONE', #4960 ) ;
#656 = ORIENTED_EDGE ( 'NONE', *, *, #3330, .T. ) ;
#657 = CARTESIAN_POINT ( 'NONE',  ( 2.374999999999993800, 6.568108768097236100, -33.43189123190274600 ) ) ;
#658 = CONICAL_SURFACE ( 'NONE', #4597, 2.150000000000037200, 0.7853981633974570500 ) ;
#659 = AXIS2_PLACEMENT_3D ( 'NONE', #500, #7676, #7001 ) ;
#660 = PLANE ( 'NONE',  #6659 ) ;
#661 = CYLINDRICAL_SURFACE ( 'NONE', #948, 2.024999999999957300 ) ;
#662 = ORIENTED_EDGE ( 'NONE', *, *, #1249, .F. ) ;
#663 = ORIENTED_EDGE ( 'NONE', *, *, #5170, .F. ) ;
#664 = LINE ( 'NONE', #5277, #6991 ) ;
#665 = DIRECTION ( 'NONE',  ( -1.000000000000000000, 0.0000000000000000000, 0.0000000000000000000 ) ) ;
#666 = CYLINDRICAL_SURFACE ( 'NONE', #3498, 16.00000000000001100 ) ;
#667 = AXIS2_PLACEMENT_3D ( 'NONE', #528, #479, #2936 ) ;
#668 = ORIENTED_EDGE ( 'NONE', *, *, #2937, .F. ) ;
#669 = EDGE_LOOP ( 'NONE', ( #3101, #6944, #3915, #2970 ) ) ;
#670 = CARTESIAN_POINT ( 'NONE',  ( 30.99999999999997200, 8.572527594031474200E-016, -0.1249999999998421400 ) ) ;
#671 = DIRECTION ( 'NONE',  ( 5.911492690827449900E-017, 0.7071067811865500200, -0.7071067811865450200 ) ) ;
#672 = LINE ( 'NONE', #232, #6632 ) ;
#673 = CARTESIAN_POINT ( 'NONE',  ( 4.499999999999984900, 16.00000000000000000, -2.374999999999975100 ) ) ;
#674 = ORIENTED_EDGE ( 'NONE', *, *, #5446, .T. ) ;
#675 = ADVANCED_FACE ( 'NONE', ( #4532 ), #4417, .T. ) ;
#676 = ORIENTED_EDGE ( 'NONE', *, *, #6091, .T. ) ;
#677 = EDGE_CURVE ( 'NONE', #3756, #115, #7470, .T. ) ;
#678 = AXIS2_PLACEMENT_3D ( 'NONE', #1619, #4636, #5797 ) ;
#679 = LINE ( 'NONE', #345, #3121 ) ;
#680 = EDGE_CURVE ( 'NONE', #1503, #5494, #5086, .T. ) ;
#681 = CARTESIAN_POINT ( 'NONE',  ( 2.499999999999996000, -11.99999999999999300, -26.14999999999997400 ) ) ;
#682 = ORIENTED_EDGE ( 'NONE', *, *, #950, .T. ) ;
#683 = DIRECTION ( 'NONE',  ( 1.839952100020044800E-016, 0.7071067811865493500, -0.7071067811865455700 ) ) ;
#684 = ORIENTED_EDGE ( 'NONE', *, *, #6240, .T. ) ;
#685 = EDGE_CURVE ( 'NONE', #5453, #3825, #4895, .T. ) ;
#686 = ADVANCED_FACE ( 'NONE', ( #1334 ), #7654, .F. ) ;
#687 = VECTOR ( 'NONE', #6762, 1000.000000000000000 ) ;
#688 = AXIS2_PLACEMENT_3D ( 'NONE', #2296, #2875, #7675 ) ;
#689 = CARTESIAN_POINT ( 'NONE',  ( 13.48971862576141900, -8.485281374238560700, -2.374999999999940500 ) ) ;
#690 = VECTOR ( 'NONE', #3561, 1000.000000000000000 ) ;
#691 = DIRECTION ( 'NONE',  ( 2.914001035115545500E-015, -0.0000000000000000000, -1.000000000000000000 ) ) ;
#692 = EDGE_LOOP ( 'NONE', ( #3092, #4838, #3067, #1885, #1371 ) ) ;
#693 = EDGE_LOOP ( 'NONE', ( #4133, #7217, #2524, #7327 ) ) ;
#694 = DIRECTION ( 'NONE',  ( 2.949029909160574800E-015, 0.0000000000000000000, -1.000000000000000000 ) ) ;
#695 = CARTESIAN_POINT ( 'NONE',  ( 2.375000000000013800, 13.43189123190274100, -13.43189123190264700 ) ) ;
#696 = CARTESIAN_POINT ( 'NONE',  ( 23.99999999999997500, 15.87499999999999300, -2.499999999999921000 ) ) ;
#697 = EDGE_CURVE ( 'NONE', #3376, #1490, #1880, .T. ) ;
#698 = CONICAL_SURFACE ( 'NONE', #4977, 2.024999999999999000, 0.7853981633974846900 ) ;
#699 = DIRECTION ( 'NONE',  ( -5.481026527454899000E-032, -1.000000000000000000, -5.055354680658670800E-015 ) ) ;
#700 = EDGE_LOOP ( 'NONE', ( #1088, #5556, #3918, #5528, #1199 ) ) ;
#701 = ORIENTED_EDGE ( 'NONE', *, *, #4849, .T. ) ;
#702 = AXIS2_PLACEMENT_3D ( 'NONE', #2344, #13, #3688 ) ;
#703 = LINE ( 'NONE', #5268, #2101 ) ;
#704 = CARTESIAN_POINT ( 'NONE',  ( 35.31370849898473800, 2.025000000000000800, -2.374999999999872100 ) ) ;
#705 = VERTEX_POINT ( 'NONE', #3356 ) ;
#706 = EDGE_CURVE ( 'NONE', #4792, #4655, #402, .T. ) ;
#707 = DIRECTION ( 'NONE',  ( 2.914001035115545500E-015, -0.0000000000000000000, -1.000000000000000000 ) ) ;
#708 = DIRECTION ( 'NONE',  ( 0.7071067811865532300, -0.7071067811865418000, 2.085279046689407600E-015 ) ) ;
#709 = CARTESIAN_POINT ( 'NONE',  ( -3.035766082959412400E-015, 6.568108768097276100, -14.56810876809722200 ) ) ;
#710 = EDGE_LOOP ( 'NONE', ( #3695, #7027, #2779, #4882 ) ) ;
#711 = VECTOR ( 'NONE', #640, 1000.000000000000000 ) ;
#712 = ORIENTED_EDGE ( 'NONE', *, *, #5112, .T. ) ;
#713 = ORIENTED_EDGE ( 'NONE', *, *, #4197, .F. ) ;
#714 = AXIS2_PLACEMENT_3D ( 'NONE', #7032, #6399, #7625 ) ;
#715 = DIRECTION ( 'NONE',  ( -0.7071067811865493500, 3.574675575996919000E-015, -0.7071067811865456900 ) ) ;
#716 = ADVANCED_FACE ( 'NONE', ( #5180 ), #4337, .T. ) ;
#717 = CARTESIAN_POINT ( 'NONE',  ( -3.469446951953614200E-015, 10.56810876809728600, -10.56810876809743900 ) ) ;
#718 = ORIENTED_EDGE ( 'NONE', *, *, #5095, .T. ) ;
#719 = CONICAL_SURFACE ( 'NONE', #1308, 2.150000000000019900, 0.7853981633974604900 ) ;
#720 = ORIENTED_EDGE ( 'NONE', *, *, #742, .F. ) ;
#721 = CARTESIAN_POINT ( 'NONE',  ( 11.99999999999997500, 5.469317744930408200E-015, 3.538835890992682700E-014 ) ) ;
#722 = EDGE_CURVE ( 'NONE', #2685, #5164, #6102, .T. ) ;
#723 = EDGE_CURVE ( 'NONE', #2205, #3346, #585, .T. ) ;
#724 = CARTESIAN_POINT ( 'NONE',  ( -3.035766082959412400E-015, 13.43189123190274100, -13.43189123190264700 ) ) ;
#725 = CARTESIAN_POINT ( 'NONE',  ( 33.28870849898472500, 1.349909078679433100E-015, -0.1249999999997827300 ) ) ;
#726 = ADVANCED_FACE ( 'NONE', ( #5914 ), #6916, .F. ) ;
#727 = AXIS2_PLACEMENT_3D ( 'NONE', #27, #7678, #4229 ) ;
#728 = DIRECTION ( 'NONE',  ( -1.000000000000000000, -0.0000000000000000000, -0.0000000000000000000 ) ) ;
#729 = ORIENTED_EDGE ( 'NONE', *, *, #6929, .F. ) ;
#730 = LINE ( 'NONE', #900, #6326 ) ;
#731 = ORIENTED_EDGE ( 'NONE', *, *, #2540, .F. ) ;
#732 = EDGE_CURVE ( 'NONE', #1994, #567, #679, .T. ) ;
#733 = VECTOR ( 'NONE', #3921, 1000.000000000000000 ) ;
#734 = DIRECTION ( 'NONE',  ( 2.949029909160574800E-015, 0.0000000000000000000, -1.000000000000000000 ) ) ;
#735 = DIRECTION ( 'NONE',  ( 0.7071067811865573400, 0.0000000000000000000, 0.7071067811865378000 ) ) ;
#736 = AXIS2_PLACEMENT_3D ( 'NONE', #4634, #390, #439 ) ;
#737 = ORIENTED_EDGE ( 'NONE', *, *, #6099, .T. ) ;
#738 = ORIENTED_EDGE ( 'NONE', *, *, #680, .T. ) ;
#739 = LINE ( 'NONE', #5209, #5050 ) ;
#740 = VECTOR ( 'NONE', #3581, 1000.000000000000000 ) ;
#741 = CARTESIAN_POINT ( 'NONE',  ( -3.469446951953614200E-015, -2.735438768656219200E-015, -12.68629150101520300 ) ) ;
#742 = EDGE_CURVE ( 'NONE', #7704, #19, #4152, .T. ) ;
#743 = ORIENTED_EDGE ( 'NONE', *, *, #7453, .T. ) ;
#744 = DIRECTION ( 'NONE',  ( -5.055354680658670800E-015, 1.000000000000000000, 0.0000000000000000000 ) ) ;
#745 = ORIENTED_EDGE ( 'NONE', *, *, #5668, .F. ) ;
#746 = CYLINDRICAL_SURFACE ( 'NONE', #2282, 2.025000000000006100 ) ;
#747 = DIRECTION ( 'NONE',  ( 0.0000000000000000000, 0.0000000000000000000, 1.000000000000000000 ) ) ;
#748 = CARTESIAN_POINT ( 'NONE',  ( 21.85000000000009000, 11.31370849898476100, 6.443630351515884000E-014 ) ) ;
#749 = VECTOR ( 'NONE', #3420, 1000.000000000000000 ) ;
#750 = ORIENTED_EDGE ( 'NONE', *, *, #2984, .T. ) ;
#751 = ORIENTED_EDGE ( 'NONE', *, *, #2279, .T. ) ;
#752 = CARTESIAN_POINT ( 'NONE',  ( 0.1250000000000261500, 2.025000000000001700, -35.99999999999996400 ) ) ;
#753 = VECTOR ( 'NONE', #6027, 1000.000000000000000 ) ;
#754 = CIRCLE ( 'NONE', #1832, 2.024999999999990100 ) ;
#755 = CARTESIAN_POINT ( 'NONE',  ( 9.849999999999942800, 5.469317744930408200E-015, -2.499999999999960500 ) ) ;
#757 = EDGE_LOOP ( 'NONE', ( #212, #5460, #1688, #2565 ) ) ;
#756 = CARTESIAN_POINT ( 'NONE',  ( 2.375000000000007100, 0.0000000000000000000, -23.99999999999996800 ) ) ;
#758 = DIRECTION ( 'NONE',  ( 1.000000000000000000, 0.0000000000000000000, 0.0000000000000000000 ) ) ;
#759 = AXIS2_PLACEMENT_3D ( 'NONE', #1902, #3179, #1982 ) ;
#760 = DIRECTION ( 'NONE',  ( 0.7071067811865474600, 0.0000000000000000000, 0.7071067811865474600 ) ) ;
#761 = ORIENTED_EDGE ( 'NONE', *, *, #446, .F. ) ;
#762 = CARTESIAN_POINT ( 'NONE',  ( 4.499999999999976900, -15.87499999999999300, 1.431146867680865900E-014 ) ) ;
#763 = ADVANCED_FACE ( 'NONE', ( #4983 ), #7000, .T. ) ;
#764 = CIRCLE ( 'NONE', #3351, 2.150000000000012800 ) ;
#765 = EDGE_CURVE ( 'NONE', #3472, #705, #3490, .T. ) ;
#766 = CARTESIAN_POINT ( 'NONE',  ( 13.48971862576145300, 8.485281374238567800, 1.493568990038154000E-013 ) ) ;
#767 = EDGE_LOOP ( 'NONE', ( #918, #4496, #1862, #751, #4774 ) ) ;
#768 = EDGE_CURVE ( 'NONE', #191, #6439, #2928, .T. ) ;
#769 = CARTESIAN_POINT ( 'NONE',  ( 14.08282739385867000, 7.053390142335828700, -0.1249999999998363700 ) ) ;
#770 = AXIS2_PLACEMENT_3D ( 'NONE', #5978, #1818, #1198 ) ;
#771 = VECTOR ( 'NONE', #6368, 1000.000000000000100 ) ;
#772 = CARTESIAN_POINT ( 'NONE',  ( -2.835188681049593600E-016, 11.99999999999999300, -26.14999999999997000 ) ) ;
#773 = ORIENTED_EDGE ( 'NONE', *, *, #529, .T. ) ;
#774 = DIRECTION ( 'NONE',  ( 0.0000000000000000000, 0.0000000000000000000, 1.000000000000000000 ) ) ;
#775 = CARTESIAN_POINT ( 'NONE',  ( 35.31370849898473100, 2.149999999999891100, 1.041411825668839500E-013 ) ) ;
#776 = VECTOR ( 'NONE', #4648, 1000.000000000000000 ) ;
#777 = VECTOR ( 'NONE', #540, 1000.000000000000000 ) ;
#778 = EDGE_CURVE ( 'NONE', #5836, #7099, #7271, .T. ) ;
#779 = VERTEX_POINT ( 'NONE', #2826 ) ;
#780 = VECTOR ( 'NONE', #6741, 1000.000000000000000 ) ;
#781 = ORIENTED_EDGE ( 'NONE', *, *, #2688, .T. ) ;
#782 = DIRECTION ( 'NONE',  ( -7.666467083416910700E-018, 0.7071067811865443500, -0.7071067811865506800 ) ) ;
#783 = VECTOR ( 'NONE', #6861, 1000.000000000000000 ) ;
#784 = DIRECTION ( 'NONE',  ( -0.7071067811865314700, 0.5000000000000099900, 0.5000000000000126600 ) ) ;
#785 = VECTOR ( 'NONE', #4090, 1000.000000000000000 ) ;
#786 = FACE_BOUND ( 'NONE', #459, .T. ) ;
#787 = VERTEX_POINT ( 'NONE', #2750 ) ;
#788 = VERTEX_POINT ( 'NONE', #2192 ) ;
#789 = DIRECTION ( 'NONE',  ( 0.0000000000000000000, 0.0000000000000000000, 1.000000000000000000 ) ) ;
#790 = DIRECTION ( 'NONE',  ( 8.360113137237634800E-017, 0.0000000000000000000, -1.000000000000000000 ) ) ;
#791 = EDGE_CURVE ( 'NONE', #3243, #6420, #3585, .T. ) ;
#792 = FACE_OUTER_BOUND ( 'NONE', #7572, .T. ) ;
#793 = ORIENTED_EDGE ( 'NONE', *, *, #4224, .T. ) ;
#794 = ORIENTED_EDGE ( 'NONE', *, *, #2022, .T. ) ;
#795 = DIRECTION ( 'NONE',  ( 0.0000000000000000000, 1.000000000000000000, -0.0000000000000000000 ) ) ;
#796 = CARTESIAN_POINT ( 'NONE',  ( -1.846938206248642900E-016, 10.00556095378959600, -17.03499820531244100 ) ) ;
#797 = CARTESIAN_POINT ( 'NONE',  ( 2.374999999999991600, -10.56810876809727000, -10.56810876809717400 ) ) ;
#798 = CARTESIAN_POINT ( 'NONE',  ( 0.1249999999999998300, 0.0000000000000000000, -39.99999999999997900 ) ) ;
#799 = ORIENTED_EDGE ( 'NONE', *, *, #2093, .T. ) ;
#800 = ADVANCED_FACE ( 'NONE', ( #964 ), #6371, .F. ) ;
#801 = CYLINDRICAL_SURFACE ( 'NONE', #3573, 2.025000000000012800 ) ;
#802 = ORIENTED_EDGE ( 'NONE', *, *, #4360, .T. ) ;
#803 = CARTESIAN_POINT ( 'NONE',  ( -1.846938206248643200E-016, 10.00556095378959600, -17.03499820531244100 ) ) ;
#804 = CARTESIAN_POINT ( 'NONE',  ( 32.48528137423853200, -8.485281374238571300, -0.1249999999997831300 ) ) ;
#805 = AXIS2_PLACEMENT_3D ( 'NONE', #6906, #5139, #4018 ) ;
#806 = FACE_OUTER_BOUND ( 'NONE', #6633, .T. ) ;
#807 = DIRECTION ( 'NONE',  ( -0.7071067811865611200, -0.4999999999999926700, -0.4999999999999882300 ) ) ;
#808 = PLANE ( 'NONE',  #3400 ) ;
#809 = ORIENTED_EDGE ( 'NONE', *, *, #6913, .F. ) ;
#810 = ORIENTED_EDGE ( 'NONE', *, *, #5402, .F. ) ;
#811 = CARTESIAN_POINT ( 'NONE',  ( 31.99999999999994700, -7.999999999999992900, -0.1249999999997850300 ) ) ;
#812 = VERTEX_POINT ( 'NONE', #5137 ) ;
#813 = LINE ( 'NONE', #6468, #3440 ) ;
#814 = DIRECTION ( 'NONE',  ( 1.000000000000000000, -0.0000000000000000000, 8.360113137237629900E-017 ) ) ;
#815 = VERTEX_POINT ( 'NONE', #4017 ) ;
#816 = CARTESIAN_POINT ( 'NONE',  ( -3.035766082959412400E-015, -7.053390142335814500, -14.08282739385865900 ) ) ;
#817 = DIRECTION ( 'NONE',  ( -0.7071067811865474600, -0.7071067811865474600, 0.0000000000000000000 ) ) ;
#818 = FACE_OUTER_BOUND ( 'NONE', #2771, .T. ) ;
#819 = CARTESIAN_POINT ( 'NONE',  ( 23.99999999999996800, 0.0000000000000000000, 1.825796458465589500E-013 ) ) ;
#820 = ORIENTED_EDGE ( 'NONE', *, *, #897, .F. ) ;
#821 = DIRECTION ( 'NONE',  ( 0.0000000000000000000, 0.0000000000000000000, -1.000000000000000000 ) ) ;
#822 = CARTESIAN_POINT ( 'NONE',  ( 21.52027957955101900, -5.520279579550938300, 6.346394813359351600E-014 ) ) ;
#823 = EDGE_CURVE ( 'NONE', #6311, #5530, #6463, .T. ) ;
#824 = DIRECTION ( 'NONE',  ( -1.000000000000000000, 0.0000000000000000000, -2.949029909160574400E-015 ) ) ;
#825 = AXIS2_PLACEMENT_3D ( 'NONE', #7313, #2622, #6125 ) ;
#826 = VERTEX_POINT ( 'NONE', #3430 ) ;
#827 = CARTESIAN_POINT ( 'NONE',  ( 0.1250000000000003600, -6.568108768097231700, -33.43189123190269600 ) ) ;
#828 = CALENDAR_DATE ( 2022, 8, 4 ) ;
#829 = FACE_OUTER_BOUND ( 'NONE', #3384, .T. ) ;
#830 = DIRECTION ( 'NONE',  ( 5.481026527454899000E-032, -1.000000000000000000, 5.055354680658670800E-015 ) ) ;
#831 = ORIENTED_EDGE ( 'NONE', *, *, #2138, .T. ) ;
#832 = EDGE_CURVE ( 'NONE', #779, #44, #3398, .T. ) ;
#833 = ORIENTED_EDGE ( 'NONE', *, *, #7564, .T. ) ;
#834 = DIRECTION ( 'NONE',  ( -1.000000000000000000, 0.0000000000000000000, 0.0000000000000000000 ) ) ;
#835 = DIRECTION ( 'NONE',  ( 0.0000000000000000000, 0.0000000000000000000, 1.000000000000000000 ) ) ;
#836 = LINE ( 'NONE', #365, #5333 ) ;
#837 = DIRECTION ( 'NONE',  ( 1.084202172485504700E-017, 0.0000000000000000000, 1.000000000000000000 ) ) ;
#838 = AXIS2_PLACEMENT_3D ( 'NONE', #12, #6051, #38 ) ;
#839 = CARTESIAN_POINT ( 'NONE',  ( -1.846938206248648600E-016, -10.00556095378964400, -17.03499820531249000 ) ) ;
#840 = LINE ( 'NONE', #4009, #4036 ) ;
#841 = ADVANCED_FACE ( 'NONE', ( #494 ), #6635, .F. ) ;
#842 = ORIENTED_EDGE ( 'NONE', *, *, #2486, .T. ) ;
#843 = ORIENTED_EDGE ( 'NONE', *, *, #5446, .F. ) ;
#844 = CONICAL_SURFACE ( 'NONE', #6569, 2.025000000000002600, 0.7853981633974482800 ) ;
#845 = EDGE_CURVE ( 'NONE', #6700, #4752, #3771, .T. ) ;
#846 = CIRCLE ( 'NONE', #5592, 4.499999999999991100 ) ;
#847 = EDGE_CURVE ( 'NONE', #1490, #6066, #1154, .T. ) ;
#848 = DIRECTION ( 'NONE',  ( 1.315446366589175700E-030, -1.000000000000000000, -5.055354680658670800E-015 ) ) ;
#849 = ORIENTED_EDGE ( 'NONE', *, *, #3194, .T. ) ;
#850 = CLOSED_SHELL ( 'NONE', ( #1391, #3428, #5895, #5121, #650, #4654, #2760, #6682, #2073, #4841, #3072, #4768, #7341, #4452, #4342, #4850, #7659, #2397, #800, #3626, #4804, #841, #6056, #3507, #6045, #3826, #6357, #5500, #6465, #2599, #3988, #7424, #5390, #6543, #6811, #3742, #5274, #7500, #1234, #7182, #2202, #2509, #209, #5379, #3006, #4877, #7371, #1035, #5743, #413, #1887, #94, #3116, #1223, #2441, #1770, #2721, #1431, #4297, #4066, #3673, #5311, #521, #2680, #2839, #1816, #1312, #7227, #4579, #1736, #5240, #6585, #3795, #5653, #7254, #3636, #6735, #4191, #5468, #1197, #3911, #5345, #15, #6772, #6282, #6270, #4309, #445, #675, #5167, #6239, #2403, #6998, #119, #1263, #4916, #6645, #4104, #6505, #2523, #1511, #5073, #4258, #6, #686, #5083, #4696, #2125, #5495, #4502, #7468, #1344, #5418, #4273, #7074, #2480, #1966, #4817, #4383, #3860, #4334, #5967, #3666, #199, #7535, #1468, #1156, #7266, #6691, #2286, #6549, #5539, #2087, #6317, #2918, #2432, #5779, #4231, #3548, #374, #1807, #7382, #716, #4964, #7219, #53, #7149, #3469, #4889, #3355, #4031, #6128, #1541, #6606, #3320, #5853, #639, #6085, #3036, #7158, #995, #2800, #2360, #7192, #1075, #3240, #7038, #248, #1549, #3753, #7615, #6800, #4181, #1663, #3165, #3084, #6392, #5976, #615, #7576, #5576, #6008, #1190, #3279, #3950, #7302, #1701, #486, #1780, #1497, #4461, #7700, #6576, #6849, #1849, #3588, #2004, #3871, #2873, #4420, #1927, #2165, #1301, #5704, #4144, #6888, #6426, #2468, #1842, #3047, #923, #2637, #1916, #5817, #2246, #962, #46, #6616, #5040, #5430, #79, #5926, #1357, #2321, #3598, #6656, #6210, #2959, #6163, #5204, #2561, #605, #5005, #277, #4615, #763, #2995, #7125, #6928, #6018, #3396, #169, #1589, #5621, #5664, #4729, #4924, #289, #7115, #330, #3713, #3203, #3128, #3901, #726, #1272, #4543, #3701, #2043, #5458, #1878, #130, #4221, #1624, #561, #6963, #1113, #881, #6093 ) ) ;
#851 = LINE ( 'NONE', #4732, #1506 ) ;
#852 = AXIS2_PLACEMENT_3D ( 'NONE', #3003, #4764, #6484 ) ;
#853 = DIRECTION ( 'NONE',  ( -1.000000000000000000, 0.0000000000000000000, -2.602085213965212600E-016 ) ) ;
#854 = DIRECTION ( 'NONE',  ( -1.000000000000000000, 0.0000000000000000000, -2.914001035115545100E-015 ) ) ;
#855 = DIRECTION ( 'NONE',  ( -1.000000000000000000, 0.0000000000000000000, 0.0000000000000000000 ) ) ;
#856 = FACE_OUTER_BOUND ( 'NONE', #5097, .T. ) ;
#857 = CARTESIAN_POINT ( 'NONE',  ( 0.1250000000000265300, 2.024999999999955900, 2.552295951538474400E-015 ) ) ;
#858 = EDGE_LOOP ( 'NONE', ( #2470, #1462, #3622, #632 ) ) ;
#859 = DIRECTION ( 'NONE',  ( -1.000000000000000000, 0.0000000000000000000, 0.0000000000000000000 ) ) ;
#860 = VERTEX_POINT ( 'NONE', #2906 ) ;
#861 = CARTESIAN_POINT ( 'NONE',  ( 13.99443904621041500, -6.965001794687569100, 4.127001930919910000E-014 ) ) ;
#862 = CONICAL_SURFACE ( 'NONE', #2844, 2.024999999999999000, 0.7853981633974760300 ) ;
#863 = CARTESIAN_POINT ( 'NONE',  ( 21.85000000000008700, -11.31370849898476100, 6.443630351515881500E-014 ) ) ;
#864 = AXIS2_PLACEMENT_3D ( 'NONE', #2092, #3916, #6880 ) ;
#865 = DIRECTION ( 'NONE',  ( 1.000000000000000000, -0.0000000000000000000, -1.084202172485505400E-017 ) ) ;
#866 = EDGE_LOOP ( 'NONE', ( #378, #1850, #475, #7510 ) ) ;
#867 = DIRECTION ( 'NONE',  ( 0.7071067811865341400, 0.4999999999999897900, 0.5000000000000290900 ) ) ;
#868 = ORIENTED_EDGE ( 'NONE', *, *, #4224, .F. ) ;
#869 = CARTESIAN_POINT ( 'NONE',  ( 23.99999999999996800, -11.99999999999999300, -2.499999999999921000 ) ) ;
#870 = VECTOR ( 'NONE', #1554, 1000.000000000000000 ) ;
#871 = ORIENTED_EDGE ( 'NONE', *, *, #3886, .T. ) ;
#872 = ORIENTED_EDGE ( 'NONE', *, *, #6583, .F. ) ;
#873 = EDGE_CURVE ( 'NONE', #4914, #3016, #1707, .T. ) ;
#874 = CARTESIAN_POINT ( 'NONE',  ( 35.31370849898473100, 1.349909078679433100E-015, 1.041411825668839500E-013 ) ) ;
#875 = AXIS2_PLACEMENT_3D ( 'NONE', #7604, #4134, #1759 ) ;
#876 = LINE ( 'NONE', #6498, #2082 ) ;
#877 = CONICAL_SURFACE ( 'NONE', #2114, 2.150000000000006100, 0.7853981633974570500 ) ;
#878 = CARTESIAN_POINT ( 'NONE',  ( -4.336808689942017700E-015, -2.024999999999955900, 2.553651204254081700E-015 ) ) ;
#879 = ORIENTED_EDGE ( 'NONE', *, *, #3210, .F. ) ;
#880 = ORIENTED_EDGE ( 'NONE', *, *, #3904, .T. ) ;
#881 = ADVANCED_FACE ( 'NONE', ( #3966 ), #1797, .F. ) ;
#882 = ORIENTED_EDGE ( 'NONE', *, *, #4807, .F. ) ;
#883 = CARTESIAN_POINT ( 'NONE',  ( 0.1250000000000152400, -6.568108768097256500, -14.56810876809722200 ) ) ;
#884 = EDGE_CURVE ( 'NONE', #2916, #815, #3211, .T. ) ;
#885 = CARTESIAN_POINT ( 'NONE',  ( 15.99999999999997900, 8.000000000000035500, 4.718447854656914000E-014 ) ) ;
#886 = EDGE_CURVE ( 'NONE', #655, #5975, #7008, .T. ) ;
#887 = APPROVAL ( #3892, 'UNSPECIFIED' ) ;
#888 = CIRCLE ( 'NONE', #5132, 2.149999999999947100 ) ;
#889 = ORIENTED_EDGE ( 'NONE', *, *, #5707, .T. ) ;
#890 = VERTEX_POINT ( 'NONE', #5288 ) ;
#891 = PLANE ( 'NONE',  #5635 ) ;
#892 = CARTESIAN_POINT ( 'NONE',  ( 23.99999999999997500, -11.31370849898476100, -2.374999999999907600 ) ) ;
#893 = DIRECTION ( 'NONE',  ( 0.0000000000000000000, 0.7071067811865493500, -0.7071067811865455700 ) ) ;
#894 = CARTESIAN_POINT ( 'NONE',  ( 2.374999999999988500, 11.31370849898476100, -26.02499999999996300 ) ) ;
#895 = CARTESIAN_POINT ( 'NONE',  ( -2.602085213965210600E-015, -9.917172606141322800, -16.94660985766416800 ) ) ;
#896 = FACE_OUTER_BOUND ( 'NONE', #6593, .T. ) ;
#897 = EDGE_CURVE ( 'NONE', #6447, #6464, #6827, .T. ) ;
#898 = ORIENTED_EDGE ( 'NONE', *, *, #3488, .T. ) ;
#899 = AXIS2_PLACEMENT_3D ( 'NONE', #1248, #4292, #4887 ) ;
#900 = CARTESIAN_POINT ( 'NONE',  ( 21.52027957955119700, -5.520279579551069700, -2.499999999999928100 ) ) ;
#901 = EDGE_CURVE ( 'NONE', #2096, #5287, #2269, .T. ) ;
#902 = CARTESIAN_POINT ( 'NONE',  ( 14.83629150101510800, -2.735438768656219200E-015, 4.375483578186364300E-014 ) ) ;
#903 = ORIENTED_EDGE ( 'NONE', *, *, #5154, .F. ) ;
#904 = CONICAL_SURFACE ( 'NONE', #205, 2.025000000000006100, 0.7853981633974657100 ) ;
#905 = VERTEX_POINT ( 'NONE', #4743 ) ;
#906 = VERTEX_POINT ( 'NONE', #2474 ) ;
#907 = CARTESIAN_POINT ( 'NONE',  ( -4.336808689942017700E-015, -2.024999999999994600, 1.274014550712427300E-015 ) ) ;
#908 = CARTESIAN_POINT ( 'NONE',  ( 23.99999999999996800, -16.00000000000000000, 1.825796458465589500E-013 ) ) ;
#909 = CARTESIAN_POINT ( 'NONE',  ( 26.14999999999983500, -11.99999999999999300, 7.711713212454855500E-014 ) ) ;
#910 = DIRECTION ( 'NONE',  ( 1.000000000000000000, -0.0000000000000000000, -1.084202172485505400E-017 ) ) ;
#911 = EDGE_LOOP ( 'NONE', ( #7660, #106, #7724, #5481 ) ) ;
#912 = LINE ( 'NONE', #5830, #5580 ) ;
#913 = ORIENTED_EDGE ( 'NONE', *, *, #6442, .T. ) ;
#914 = CARTESIAN_POINT ( 'NONE',  ( 3.686287386450721500E-016, -16.00000000000000000, -0.1250000000000001100 ) ) ;
#915 = AXIS2_PLACEMENT_3D ( 'NONE', #2805, #5193, #1556 ) ;
#916 = DIRECTION ( 'NONE',  ( -1.000000000000000000, 0.0000000000000000000, 0.0000000000000000000 ) ) ;
#917 = CARTESIAN_POINT ( 'NONE',  ( -3.035766082959412400E-015, -13.43189123190277100, -13.43189123190284600 ) ) ;
#918 = ORIENTED_EDGE ( 'NONE', *, *, #1672, .T. ) ;
#919 = DIRECTION ( 'NONE',  ( -1.000000000000000000, 0.0000000000000000000, -2.775557561562893700E-015 ) ) ;
#920 = VECTOR ( 'NONE', #6724, 999.9999999999998900 ) ;
#921 = ORIENTED_EDGE ( 'NONE', *, *, #547, .T. ) ;
#922 = CARTESIAN_POINT ( 'NONE',  ( 2.499999999999989300, 16.00000000000000000, 6.505213034913003900E-016 ) ) ;
#923 = ADVANCED_FACE ( 'NONE', ( #5271 ), #1518, .F. ) ;
#924 = EDGE_CURVE ( 'NONE', #6066, #6374, #202, .T. ) ;
#925 = CALENDAR_DATE ( 2022, 8, 4 ) ;
#926 = AXIS2_PLACEMENT_3D ( 'NONE', #7434, #2024, #2083 ) ;
#927 = CARTESIAN_POINT ( 'NONE',  ( 0.1250000000000265600, 2.024999999999955900, 2.552295951538474400E-015 ) ) ;
#928 = LINE ( 'NONE', #1237, #2697 ) ;
#929 = ORIENTED_EDGE ( 'NONE', *, *, #6367, .T. ) ;
#930 = DIRECTION ( 'NONE',  ( 0.0000000000000000000, 1.000000000000000000, -5.055354680658670800E-015 ) ) ;
#931 = EDGE_LOOP ( 'NONE', ( #5480, #4215, #1675, #6248 ) ) ;
#932 = VECTOR ( 'NONE', #6598, 1000.000000000000000 ) ;
#933 = DIRECTION ( 'NONE',  ( -0.7071067811865247000, 0.5000000000000112100, -0.5000000000000210900 ) ) ;
#934 = PERSON_AND_ORGANIZATION_ROLE ( 'creator' ) ;
#935 = EDGE_CURVE ( 'NONE', #6415, #905, #6274, .T. ) ;
#936 = CIRCLE ( 'NONE', #453, 2.025000000000006100 ) ;
#937 = DIRECTION ( 'NONE',  ( 0.7071067811865561200, -0.4999999999999930600, -0.4999999999999949500 ) ) ;
#938 = AXIS2_PLACEMENT_3D ( 'NONE', #5258, #7581, #391 ) ;
#939 = EDGE_LOOP ( 'NONE', ( #5381, #4371, #6883, #7343 ) ) ;
#940 = ORIENTED_EDGE ( 'NONE', *, *, #3449, .F. ) ;
#941 = CIRCLE ( 'NONE', #5888, 2.024999999999999000 ) ;
#942 = LINE ( 'NONE', #6962, #749 ) ;
#943 = DIRECTION ( 'NONE',  ( 0.7071067811865835400, 0.0000000000000000000, 0.7071067811865114900 ) ) ;
#945 = ORIENTED_EDGE ( 'NONE', *, *, #1029, .F. ) ;
#944 = DIRECTION ( 'NONE',  ( -0.4999999999999948900, -0.4999999999999943400, -0.7071067811865551200 ) ) ;
#946 = CARTESIAN_POINT ( 'NONE',  ( 26.14999999999997400, -11.99999999999999300, -2.499999999999915600 ) ) ;
#947 = EDGE_LOOP ( 'NONE', ( #7373, #6238, #6381, #4110, #7215 ) ) ;
#948 = AXIS2_PLACEMENT_3D ( 'NONE', #3444, #1061, #6379 ) ;
#949 = CONICAL_SURFACE ( 'NONE', #6856, 4.374999999999992000, 0.7853981633974171900 ) ;
#950 = EDGE_CURVE ( 'NONE', #1447, #6949, #1424, .T. ) ;
#951 = VECTOR ( 'NONE', #6914, 1000.000000000000100 ) ;
#952 = CARTESIAN_POINT ( 'NONE',  ( 21.85000000000008000, 11.99999999999999300, 6.443630351515880200E-014 ) ) ;
#953 = VERTEX_POINT ( 'NONE', #1130 ) ;
#954 = ORIENTED_EDGE ( 'NONE', *, *, #6119, .T. ) ;
#955 = CARTESIAN_POINT ( 'NONE',  ( 14.47972042044898300, -6.479720420449017300, 4.270112859618718500E-014 ) ) ;
#956 = EDGE_CURVE ( 'NONE', #4363, #163, #4891, .T. ) ;
#957 = LINE ( 'NONE', #1974, #7460 ) ;
#958 = AXIS2_PLACEMENT_3D ( 'NONE', #2707, #3894, #961 ) ;
#959 = DATE_TIME_ROLE ( 'classification_date' ) ;
#960 = ORIENTED_EDGE ( 'NONE', *, *, #5791, .T. ) ;
#961 = DIRECTION ( 'NONE',  ( 0.0000000000000000000, 0.7071067811865493500, 0.7071067811865455700 ) ) ;
#962 = ADVANCED_FACE ( 'NONE', ( #5077 ), #7223, .T. ) ;
#963 = PERSON ( 'UNSPECIFIED', 'UNSPECIFIED', 'UNSPECIFIED', ('UNSPECIFIED'), ('UNSPECIFIED'), ('UNSPECIFIED') ) ;
#964 = FACE_OUTER_BOUND ( 'NONE', #3198, .T. ) ;
#965 = VERTEX_POINT ( 'NONE', #3565 ) ;
#966 = ORIENTED_EDGE ( 'NONE', *, *, #6622, .F. ) ;
#967 = CARTESIAN_POINT ( 'NONE',  ( 11.99999999999997500, 2.149999999999901800, 3.538835890992682700E-014 ) ) ;
#968 = CARTESIAN_POINT ( 'NONE',  ( 0.1250000000000034400, 5.469317744930408200E-015, -9.974999999999973000 ) ) ;
#969 = FACE_OUTER_BOUND ( 'NONE', #4551, .T. ) ;
#970 = AXIS2_PLACEMENT_3D ( 'NONE', #1870, #7200, #72 ) ;
#971 = DIRECTION ( 'NONE',  ( 0.0000000000000000000, 0.0000000000000000000, 1.000000000000000000 ) ) ;
#972 = VECTOR ( 'NONE', #88, 1000.000000000000000 ) ;
#973 = DIRECTION ( 'NONE',  ( -1.000000000000000000, 0.0000000000000000000, -2.602085213965212600E-016 ) ) ;
#974 = VECTOR ( 'NONE', #1945, 1000.000000000000000 ) ;
#975 = EDGE_LOOP ( 'NONE', ( #6025, #573, #4974, #1961 ) ) ;
#976 = CARTESIAN_POINT ( 'NONE',  ( 2.499999999999993300, -8.000000000000000000, -15.99999999999997000 ) ) ;
#977 = VECTOR ( 'NONE', #1863, 1000.000000000000000 ) ;
#978 = VECTOR ( 'NONE', #5133, 1000.000000000000000 ) ;
#979 = EDGE_CURVE ( 'NONE', #2320, #6334, #1617, .T. ) ;
#980 = EDGE_CURVE ( 'NONE', #2896, #6954, #17, .T. ) ;
#981 = FACE_BOUND ( 'NONE', #1298, .T. ) ;
#982 = ORIENTED_EDGE ( 'NONE', *, *, #2512, .T. ) ;
#983 = AXIS2_PLACEMENT_3D ( 'NONE', #5300, #7041, #2949 ) ;
#984 = CARTESIAN_POINT ( 'NONE',  ( -3.035766082959412400E-015, 7.053390142335828700, -14.08282739385867000 ) ) ;
#985 = DIRECTION ( 'NONE',  ( -2.017120320903245500E-016, 0.0000000000000000000, 1.000000000000000000 ) ) ;
#986 = DIRECTION ( 'NONE',  ( -1.000000000000000000, 0.0000000000000000000, -2.602085213965212600E-016 ) ) ;
#987 = PLANE ( 'NONE',  #3857 ) ;
#988 = CIRCLE ( 'NONE', #6847, 2.024999999999999000 ) ;
#989 = ORIENTED_EDGE ( 'NONE', *, *, #2528, .T. ) ;
#990 = EDGE_CURVE ( 'NONE', #4522, #4690, #5724, .T. ) ;
#991 = CARTESIAN_POINT ( 'NONE',  ( -3.469446951953614200E-015, 2.025000000000002600, -12.68629150101520300 ) ) ;
#992 = VERTEX_POINT ( 'NONE', #5509 ) ;
#993 = ORIENTED_EDGE ( 'NONE', *, *, #5940, .F. ) ;
#994 = CARTESIAN_POINT ( 'NONE',  ( 2.374999999999988500, -16.00000000000000000, -4.499999999999975100 ) ) ;
#995 = ADVANCED_FACE ( 'NONE', ( #2729 ), #4403, .T. ) ;
#996 = EDGE_CURVE ( 'NONE', #2258, #5047, #2351, .T. ) ;
#997 = EDGE_CURVE ( 'NONE', #484, #2365, #5267, .T. ) ;
#998 = DIRECTION ( 'NONE',  ( 1.000000000000000000, 0.0000000000000000000, 0.0000000000000000000 ) ) ;
#999 = VERTEX_POINT ( 'NONE', #4352 ) ;
#1000 = FACE_OUTER_BOUND ( 'NONE', #6007, .T. ) ;
#1001 = ORIENTED_EDGE ( 'NONE', *, *, #4594, .F. ) ;
#1002 = CARTESIAN_POINT ( 'NONE',  ( 2.375000000000014200, 13.43189123190274100, -13.43189123190264700 ) ) ;
#1003 = ORIENTED_EDGE ( 'NONE', *, *, #2368, .F. ) ;
#1004 = CONICAL_SURFACE ( 'NONE', #805, 2.024999999999999000, 0.7853981633974571600 ) ;
#1005 = ORIENTED_EDGE ( 'NONE', *, *, #1140, .F. ) ;
#1006 = CARTESIAN_POINT ( 'NONE',  ( 2.499999999999989800, 18.47972042044907000, -2.479720420449103500 ) ) ;
#1007 = DIRECTION ( 'NONE',  ( -1.000000000000000000, 0.0000000000000000000, -2.602085213965212600E-016 ) ) ;
#1008 = AXIS2_PLACEMENT_3D ( 'NONE', #1317, #6097, #2511 ) ;
#1009 = CONICAL_SURFACE ( 'NONE', #2502, 2.149999999999957700, 0.7853981633974621600 ) ;
#1010 = ORIENTED_EDGE ( 'NONE', *, *, #7598, .T. ) ;
#1011 = CARTESIAN_POINT ( 'NONE',  ( 35.99999999999996400, -6.938893903907228400E-015, 1.061650767297805800E-013 ) ) ;
#1012 = PLANE ( 'NONE',  #678 ) ;
#1013 = ORIENTED_EDGE ( 'NONE', *, *, #6442, .F. ) ;
#1014 = CARTESIAN_POINT ( 'NONE',  ( 31.99999999999997200, 8.000000000000007100, -0.1249999999997819400 ) ) ;
#1015 = LINE ( 'NONE', #6783, #1843 ) ;
#1016 = CARTESIAN_POINT ( 'NONE',  ( 12.68629150101521000, -2.735438768656219200E-015, -2.374999999999915200 ) ) ;
#1017 = DIRECTION ( 'NONE',  ( -2.602085213965212600E-016, 0.0000000000000000000, 1.000000000000000000 ) ) ;
#1018 = LINE ( 'NONE', #798, #5239 ) ;
#1019 = EDGE_CURVE ( 'NONE', #5686, #1287, #4332, .T. ) ;
#1020 = ORIENTED_EDGE ( 'NONE', *, *, #4112, .F. ) ;
#1021 = AXIS2_PLACEMENT_3D ( 'NONE', #2980, #7588, #492 ) ;
#1022 = VERTEX_POINT ( 'NONE', #7349 ) ;
#1023 = CARTESIAN_POINT ( 'NONE',  ( 4.499999999999976900, 15.87499999999999300, 1.431146867680865900E-014 ) ) ;
#1024 = FACE_OUTER_BOUND ( 'NONE', #4584, .T. ) ;
#1025 = CARTESIAN_POINT ( 'NONE',  ( 32.48528137423853200, -8.485281374238571300, -0.1249999999997827000 ) ) ;
#1026 = DIRECTION ( 'NONE',  ( 0.0000000000000000000, 0.0000000000000000000, 1.000000000000000000 ) ) ;
#1027 = FACE_OUTER_BOUND ( 'NONE', #4673, .T. ) ;
#1028 = EDGE_LOOP ( 'NONE', ( #4314, #2349, #4897, #843 ) ) ;
#1029 = EDGE_CURVE ( 'NONE', #2644, #546, #1145, .T. ) ;
#1030 = EDGE_LOOP ( 'NONE', ( #6289, #1279, #6038, #682, #4100 ) ) ;
#1031 = CARTESIAN_POINT ( 'NONE',  ( 0.1250000000000034400, -2.025000000000002600, -12.68629150101520300 ) ) ;
#1032 = FACE_OUTER_BOUND ( 'NONE', #5399, .T. ) ;
#1033 = EDGE_CURVE ( 'NONE', #6864, #1411, #2828, .T. ) ;
#1034 = DIRECTION ( 'NONE',  ( -2.017120320903317000E-016, 0.0000000000000000000, 1.000000000000000000 ) ) ;
#1035 = ADVANCED_FACE ( 'NONE', ( #4244, #2536, #3300, #6187, #3674, #7551, #3484, #2261, #1704, #4146 ), #808, .T. ) ;
#1036 = CC_DESIGN_PERSON_AND_ORGANIZATION_ASSIGNMENT ( #358, #268, ( #1684 ) ) ;
#1037 = VECTOR ( 'NONE', #2813, 1000.000000000000100 ) ;
#1038 = ORIENTED_EDGE ( 'NONE', *, *, #7437, .T. ) ;
#1039 = PLANE ( 'NONE',  #1131 ) ;
#1040 = EDGE_LOOP ( 'NONE', ( #5969, #7342, #2347, #820 ) ) ;
#1041 = FACE_OUTER_BOUND ( 'NONE', #693, .T. ) ;
#1042 = DIRECTION ( 'NONE',  ( -2.775557561562893700E-015, -0.0000000000000000000, 1.000000000000000000 ) ) ;
#1043 = EDGE_CURVE ( 'NONE', #6374, #2249, #2063, .T. ) ;
#1044 = FACE_OUTER_BOUND ( 'NONE', #3572, .T. ) ;
#1045 = DIRECTION ( 'NONE',  ( -1.000000000000000000, 0.0000000000000000000, 0.0000000000000000000 ) ) ;
#1046 = AXIS2_PLACEMENT_3D ( 'NONE', #4936, #3793, #4989 ) ;
#1047 = ORIENTED_EDGE ( 'NONE', *, *, #5489, .T. ) ;
#1048 = DIRECTION ( 'NONE',  ( -1.000000000000000000, -0.0000000000000000000, -0.0000000000000000000 ) ) ;
#1049 = ORIENTED_EDGE ( 'NONE', *, *, #5632, .F. ) ;
#1050 = EDGE_CURVE ( 'NONE', #627, #1946, #957, .T. ) ;
#1051 = DIRECTION ( 'NONE',  ( 7.666467083416872200E-018, -0.7071067811865489100, 0.7071067811865462400 ) ) ;
#1052 = CARTESIAN_POINT ( 'NONE',  ( 26.02499999999996300, -11.99999999999999300, -0.1249999999998109400 ) ) ;
#1053 = LINE ( 'NONE', #3906, #5910 ) ;
#1055 = VERTEX_POINT ( 'NONE', #6159 ) ;
#1054 = DIRECTION ( 'NONE',  ( -1.000000000000000000, 8.566535683836058400E-016, 0.0000000000000000000 ) ) ;
#1056 = DIRECTION ( 'NONE',  ( -1.084202172485505400E-017, 6.319193350823370000E-016, -1.000000000000000000 ) ) ;
#1057 = EDGE_CURVE ( 'NONE', #1297, #4780, #4707, .T. ) ;
#1058 = ORIENTED_EDGE ( 'NONE', *, *, #291, .T. ) ;
#1059 = VECTOR ( 'NONE', #3579, 1000.000000000000100 ) ;
#1060 = AXIS2_PLACEMENT_3D ( 'NONE', #4290, #6077, #3764 ) ;
#1061 = DIRECTION ( 'NONE',  ( 1.000000000000000000, -0.0000000000000000000, 8.360113137237629900E-017 ) ) ;
#1062 = ORIENTED_EDGE ( 'NONE', *, *, #4800, .T. ) ;
#1063 = VECTOR ( 'NONE', #1749, 1000.000000000000000 ) ;
#1064 = DIRECTION ( 'NONE',  ( 0.0000000000000000000, 0.0000000000000000000, 1.000000000000000000 ) ) ;
#1065 = LINE ( 'NONE', #1573, #3692 ) ;
#1066 = DIRECTION ( 'NONE',  ( -0.0000000000000000000, -0.0000000000000000000, -1.000000000000000000 ) ) ;
#1067 = EDGE_LOOP ( 'NONE', ( #4986, #6588, #3160, #129 ) ) ;
#1068 = ORIENTED_EDGE ( 'NONE', *, *, #697, .T. ) ;
#1069 = DIRECTION ( 'NONE',  ( -0.7071067811865365800, 8.659560562354798500E-017, 0.7071067811865584500 ) ) ;
#1070 = EDGE_LOOP ( 'NONE', ( #5850, #1389, #4919, #1428 ) ) ;
#1071 = CARTESIAN_POINT ( 'NONE',  ( 2.374999999999992900, -8.485281374238560700, -15.51471862576140600 ) ) ;
#1072 = AXIS2_PLACEMENT_3D ( 'NONE', #6722, #6161, #5136 ) ;
#1073 = DIRECTION ( 'NONE',  ( 1.000000000000000000, 0.0000000000000000000, 0.0000000000000000000 ) ) ;
#1074 = CARTESIAN_POINT ( 'NONE',  ( 17.43189123190268200, 9.431891231902733700, -0.1249999999998298900 ) ) ;
#1075 = ADVANCED_FACE ( 'NONE', ( #487 ), #2581, .F. ) ;
#1076 = VECTOR ( 'NONE', #6316, 1000.000000000000100 ) ;
#1077 = EDGE_LOOP ( 'NONE', ( #1255, #960, #6458, #2702 ) ) ;
#1078 = ORIENTED_EDGE ( 'NONE', *, *, #823, .F. ) ;
#1079 = CARTESIAN_POINT ( 'NONE',  ( 2.499999999999994700, -5.520279579551020900, -21.52027957955110400 ) ) ;
#1080 = CARTESIAN_POINT ( 'NONE',  ( 15.99999999999998600, 8.000000000000035500, -2.374999999999947200 ) ) ;
#1081 = DIRECTION ( 'NONE',  ( 0.4999999999999884000, 0.4999999999999939500, 0.7071067811865600100 ) ) ;
#1082 = EDGE_CURVE ( 'NONE', #4576, #3280, #4619, .T. ) ;
#1083 = CARTESIAN_POINT ( 'NONE',  ( 2.374999999999982200, -7.999999999999992900, -31.99999999999994700 ) ) ;
#1084 = AXIS2_PLACEMENT_3D ( 'NONE', #287, #5165, #2872 ) ;
#1085 = FACE_OUTER_BOUND ( 'NONE', #1261, .T. ) ;
#1086 = VERTEX_POINT ( 'NONE', #4458 ) ;
#1087 = DIRECTION ( 'NONE',  ( 0.0000000000000000000, 0.0000000000000000000, 1.000000000000000000 ) ) ;
#1088 = ORIENTED_EDGE ( 'NONE', *, *, #4284, .F. ) ;
#1089 = EDGE_CURVE ( 'NONE', #7117, #6096, #4427, .T. ) ;
#1090 = FACE_OUTER_BOUND ( 'NONE', #6278, .T. ) ;
#1091 = EDGE_LOOP ( 'NONE', ( #1976, #4700, #4272, #7270 ) ) ;
#1092 = CARTESIAN_POINT ( 'NONE',  ( 16.99999999999997900, 0.0000000000000000000, -2.374999999999897900 ) ) ;
#1093 = AXIS2_PLACEMENT_3D ( 'NONE', #6580, #1791, #6028 ) ;
#1094 = DIRECTION ( 'NONE',  ( 2.914001035115545500E-015, -0.0000000000000000000, -1.000000000000000000 ) ) ;
#1095 = DIRECTION ( 'NONE',  ( 0.0000000000000000000, 0.0000000000000000000, 1.000000000000000000 ) ) ;
#1096 = PLANE ( 'NONE',  #1980 ) ;
#1097 = ORIENTED_EDGE ( 'NONE', *, *, #1513, .F. ) ;
#1098 = DIRECTION ( 'NONE',  ( 1.000000000000000000, 0.0000000000000000000, 0.0000000000000000000 ) ) ;
#1099 = VECTOR ( 'NONE', #5858, 1000.000000000000100 ) ;
#1100 = VERTEX_POINT ( 'NONE', #5049 ) ;
#1101 = CARTESIAN_POINT ( 'NONE',  ( 2.499999999999993800, -2.479720420449013800, -18.47972042044884600 ) ) ;
#1102 = EDGE_CURVE ( 'NONE', #2916, #7308, #5441, .T. ) ;
#1103 = ORIENTED_EDGE ( 'NONE', *, *, #7706, .T. ) ;
#1104 = FACE_OUTER_BOUND ( 'NONE', #858, .T. ) ;
#1105 = ORIENTED_EDGE ( 'NONE', *, *, #4603, .F. ) ;
#1106 = AXIS2_PLACEMENT_3D ( 'NONE', #5586, #807, #782 ) ;
#1107 = CARTESIAN_POINT ( 'NONE',  ( 2.499999999999993800, -8.000000000000000000, -18.14999999999997000 ) ) ;
#1108 = EDGE_LOOP ( 'NONE', ( #2513, #2804, #2007, #880, #6024 ) ) ;
#1109 = SHAPE_DEFINITION_REPRESENTATION ( #6626, #3456 ) ;
#1110 = VECTOR ( 'NONE', #6528, 1000.000000000000000 ) ;
#1111 = DIRECTION ( 'NONE',  ( 0.0000000000000000000, 0.0000000000000000000, 1.000000000000000000 ) ) ;
#1112 = DIRECTION ( 'NONE',  ( 8.360113137237629900E-017, 0.0000000000000000000, -1.000000000000000000 ) ) ;
#1113 = ADVANCED_FACE ( 'NONE', ( #7362 ), #6820, .F. ) ;
#1114 = ORIENTED_EDGE ( 'NONE', *, *, #4204, .T. ) ;
#1115 = ORIENTED_EDGE ( 'NONE', *, *, #5927, .T. ) ;
#1116 = CONICAL_SURFACE ( 'NONE', #1731, 15.87500000000000000, 0.7853981633974760300 ) ;
#1117 = AXIS2_PLACEMENT_3D ( 'NONE', #3620, #6570, #2354 ) ;
#1118 = CONICAL_SURFACE ( 'NONE', #2901, 2.024999999999991900, 0.7853981633974934700 ) ;
#1119 = CARTESIAN_POINT ( 'NONE',  ( 26.02499999999997000, -11.99999999999999300, -2.374999999999901900 ) ) ;
#1120 = DIRECTION ( 'NONE',  ( -0.0000000000000000000, -1.000000000000000000, -0.0000000000000000000 ) ) ;
#1122 = EDGE_LOOP ( 'NONE', ( #1575, #6335, #7496, #1349 ) ) ;
#1121 = CARTESIAN_POINT ( 'NONE',  ( 2.374999999999992900, -9.917172606141322800, -16.94660985766416800 ) ) ;
#1123 = CARTESIAN_POINT ( 'NONE',  ( -2.602085213965209200E-016, 0.0000000000000000000, -23.99999999999996800 ) ) ;
#1124 = DIRECTION ( 'NONE',  ( -1.000000000000000000, 0.0000000000000000000, 0.0000000000000000000 ) ) ;
#1125 = EDGE_LOOP ( 'NONE', ( #1954, #993, #5659, #2626 ) ) ;
#1126 = DIRECTION ( 'NONE',  ( 1.000000000000000000, 0.0000000000000000000, 0.0000000000000000000 ) ) ;
#1127 = VECTOR ( 'NONE', #5128, 1000.000000000000000 ) ;
#1128 = EDGE_CURVE ( 'NONE', #2320, #6353, #5818, .T. ) ;
#1129 = CIRCLE ( 'NONE', #5447, 16.00000000000000700 ) ;
#1130 = CARTESIAN_POINT ( 'NONE',  ( 0.1250000000000000600, -16.00000000000000000, -4.499999999999974200 ) ) ;
#1131 = AXIS2_PLACEMENT_3D ( 'NONE', #6943, #4058, #7505 ) ;
#1132 = DIRECTION ( 'NONE',  ( -2.775557561562893700E-015, -0.0000000000000000000, 1.000000000000000000 ) ) ;
#1133 = ORIENTED_EDGE ( 'NONE', *, *, #7321, .F. ) ;
#1134 = ORIENTED_EDGE ( 'NONE', *, *, #6705, .T. ) ;
#1135 = DIRECTION ( 'NONE',  ( -0.7071067811865166000, -0.5000000000000267600, -0.5000000000000168800 ) ) ;
#1136 = CIRCLE ( 'NONE', #5930, 16.00000000000000700 ) ;
#1137 = DIRECTION ( 'NONE',  ( -2.602085213965212600E-016, 0.0000000000000000000, 1.000000000000000000 ) ) ;
#1138 = DIRECTION ( 'NONE',  ( -0.7071067811865573400, 0.0000000000000000000, 0.7071067811865378000 ) ) ;
#1139 = LINE ( 'NONE', #1457, #4602 ) ;
#1140 = EDGE_CURVE ( 'NONE', #3174, #5554, #5629, .T. ) ;
#1141 = ORIENTED_EDGE ( 'NONE', *, *, #3800, .F. ) ;
#1142 = ORIENTED_EDGE ( 'NONE', *, *, #5805, .T. ) ;
#1143 = AXIS2_PLACEMENT_3D ( 'NONE', #1011, #5796, #2208 ) ;
#1144 = CARTESIAN_POINT ( 'NONE',  ( 4.499999999999990200, -16.00000000000000000, -4.499999999999974200 ) ) ;
#1145 = LINE ( 'NONE', #1365, #1329 ) ;
#1146 = DIRECTION ( 'NONE',  ( 1.000000000000000000, -0.0000000000000000000, 8.360113137237629900E-017 ) ) ;
#1147 = ORIENTED_EDGE ( 'NONE', *, *, #6279, .F. ) ;
#1148 = CARTESIAN_POINT ( 'NONE',  ( 26.14999999999998400, -11.31370849898476100, -2.499999999999915600 ) ) ;
#1149 = EDGE_CURVE ( 'NONE', #1369, #2908, #6094, .T. ) ;
#1150 = PLANE ( 'NONE',  #5709 ) ;
#1151 = EDGE_CURVE ( 'NONE', #1660, #2900, #6005, .T. ) ;
#1152 = CARTESIAN_POINT ( 'NONE',  ( 2.375000000000009300, -2.735438768656219200E-015, -12.68629150101520300 ) ) ;
#1153 = DIRECTION ( 'NONE',  ( -5.055354680658670800E-015, 1.000000000000000000, -1.403142791028454100E-029 ) ) ;
#1154 = CIRCLE ( 'NONE', #5794, 2.024999999999999000 ) ;
#1155 = ORIENTED_EDGE ( 'NONE', *, *, #2625, .F. ) ;
#1156 = ADVANCED_FACE ( 'NONE', ( #5526 ), #862, .F. ) ;
#1157 = EDGE_CURVE ( 'NONE', #6790, #2890, #297, .T. ) ;
#1158 = ORIENTED_EDGE ( 'NONE', *, *, #1043, .F. ) ;
#1159 = DIRECTION ( 'NONE',  ( -1.000000000000000000, 0.0000000000000000000, 0.0000000000000000000 ) ) ;
#1160 = DIRECTION ( 'NONE',  ( -1.000000000000000000, 0.0000000000000000000, -2.823968449264539000E-015 ) ) ;
#1161 = CIRCLE ( 'NONE', #2737, 6.999999999999999100 ) ;
#1162 = ORIENTED_EDGE ( 'NONE', *, *, #2664, .T. ) ;
#1163 = FACE_OUTER_BOUND ( 'NONE', #5010, .T. ) ;
#1164 = ORIENTED_EDGE ( 'NONE', *, *, #2486, .F. ) ;
#1165 = CARTESIAN_POINT ( 'NONE',  ( 0.1249999999999906500, 9.917172606141285500, -16.94660985766412900 ) ) ;
#1166 = VECTOR ( 'NONE', #3123, 1000.000000000000100 ) ;
#1167 = LINE ( 'NONE', #1650, #3227 ) ;
#1168 = ORIENTED_EDGE ( 'NONE', *, *, #1033, .T. ) ;
#1169 = CARTESIAN_POINT ( 'NONE',  ( -1.517280121661725400E-016, 6.965001794687516700, -13.99443904621036000 ) ) ;
#1170 = EDGE_CURVE ( 'NONE', #6208, #1905, #672, .T. ) ;
#1171 = FACE_OUTER_BOUND ( 'NONE', #1921, .T. ) ;
#1172 = DIRECTION ( 'NONE',  ( 1.000000000000000000, 0.0000000000000000000, 0.0000000000000000000 ) ) ;
#1173 = VERTEX_POINT ( 'NONE', #4428 ) ;
#1174 = VERTEX_POINT ( 'NONE', #7404 ) ;
#1175 = AXIS2_PLACEMENT_3D ( 'NONE', #206, #865, #837 ) ;
#1176 = DIRECTION ( 'NONE',  ( 0.0000000000000000000, 0.0000000000000000000, 1.000000000000000000 ) ) ;
#1177 = CARTESIAN_POINT ( 'NONE',  ( 29.97499999999996900, 8.000000000000007100, -2.374999999999870300 ) ) ;
#1178 = DIRECTION ( 'NONE',  ( 2.914001035115545500E-015, -0.0000000000000000000, -1.000000000000000000 ) ) ;
#1179 = CIRCLE ( 'NONE', #7526, 2.025000000000002600 ) ;
#1180 = ORIENTED_EDGE ( 'NONE', *, *, #1489, .F. ) ;
#1181 = ORIENTED_EDGE ( 'NONE', *, *, #5596, .T. ) ;
#1182 = AXIS2_PLACEMENT_3D ( 'NONE', #5257, #5900, #1690 ) ;
#1183 = AXIS2_PLACEMENT_3D ( 'NONE', #5465, #1310, #5537 ) ;
#1184 = EDGE_CURVE ( 'NONE', #7589, #6452, #1053, .T. ) ;
#1185 = ORIENTED_EDGE ( 'NONE', *, *, #1830, .F. ) ;
#1186 = CONICAL_SURFACE ( 'NONE', #5416, 2.150000000000027000, 0.7853981633974533900 ) ;
#1187 = ORIENTED_EDGE ( 'NONE', *, *, #336, .T. ) ;
#1188 = ORIENTED_EDGE ( 'NONE', *, *, #2774, .F. ) ;
#1189 = CARTESIAN_POINT ( 'NONE',  ( -5.985099112876521400E-017, 21.52027957955099800, -5.520279579550958700 ) ) ;
#1190 = ADVANCED_FACE ( 'NONE', ( #2919 ), #3476, .F. ) ;
#1191 = VERTEX_POINT ( 'NONE', #3249 ) ;
#1192 = AXIS2_PLACEMENT_3D ( 'NONE', #4378, #7374, #6113 ) ;
#1193 = CIRCLE ( 'NONE', #408, 2.150000000000033700 ) ;
#1194 = ORIENTED_EDGE ( 'NONE', *, *, #1399, .F. ) ;
#1195 = DIRECTION ( 'NONE',  ( -1.000000000000000000, 0.0000000000000000000, -2.949029909160570900E-015 ) ) ;
#1196 = DIRECTION ( 'NONE',  ( -0.7071067811865536800, 0.0000000000000000000, -0.7071067811865414700 ) ) ;
#1197 = ADVANCED_FACE ( 'NONE', ( #1786 ), #3302, .F. ) ;
#1198 = DIRECTION ( 'NONE',  ( 0.0000000000000000000, 0.0000000000000000000, 1.000000000000000000 ) ) ;
#1199 = ORIENTED_EDGE ( 'NONE', *, *, #4442, .T. ) ;
#1200 = ORIENTED_EDGE ( 'NONE', *, *, #4668, .T. ) ;
#1201 = CONICAL_SURFACE ( 'NONE', #825, 2.024999999999957300, 0.7853981633974667100 ) ;
#1202 = DIRECTION ( 'NONE',  ( 0.7071067811865190400, -0.5000000000000249800, -0.5000000000000152100 ) ) ;
#1203 = AXIS2_PLACEMENT_3D ( 'NONE', #1080, #2932, #7077 ) ;
#1204 = VECTOR ( 'NONE', #1296, 1000.000000000000000 ) ;
#1205 = ORIENTED_EDGE ( 'NONE', *, *, #2021, .F. ) ;
#1206 = ORIENTED_EDGE ( 'NONE', *, *, #4264, .F. ) ;
#1207 = FACE_OUTER_BOUND ( 'NONE', #4827, .T. ) ;
#1208 = FACE_OUTER_BOUND ( 'NONE', #1711, .T. ) ;
#1209 = CARTESIAN_POINT ( 'NONE',  ( 4.499999999999984900, -15.87499999999999300, -2.499999999999975100 ) ) ;
#1210 = EDGE_LOOP ( 'NONE', ( #2491, #809, #3127, #7224 ) ) ;
#1211 = DIRECTION ( 'NONE',  ( 2.914001035115545500E-015, -0.0000000000000000000, -1.000000000000000000 ) ) ;
#1212 = AXIS2_PLACEMENT_3D ( 'NONE', #6033, #1768, #7193 ) ;
#1213 = ORIENTED_EDGE ( 'NONE', *, *, #4362, .F. ) ;
#1214 = LINE ( 'NONE', #3784, #7345 ) ;
#1215 = CARTESIAN_POINT ( 'NONE',  ( 2.499999999999993300, 8.725608443924876300E-016, -16.87499999999998200 ) ) ;
#1216 = DIRECTION ( 'NONE',  ( -1.000000000000000000, 0.0000000000000000000, -2.914001035115550200E-015 ) ) ;
#1217 = VECTOR ( 'NONE', #2068, 1000.000000000000000 ) ;
#1218 = CARTESIAN_POINT ( 'NONE',  ( 2.499999999999997300, 10.00556095378965600, -30.96500179468744600 ) ) ;
#1219 = DIRECTION ( 'NONE',  ( 0.0000000000000000000, 0.0000000000000000000, 1.000000000000000000 ) ) ;
#1220 = ORIENTED_EDGE ( 'NONE', *, *, #956, .T. ) ;
#1221 = DIRECTION ( 'NONE',  ( 5.055354680658670800E-015, -1.000000000000000000, 1.403142791028454100E-029 ) ) ;
#1222 = ORIENTED_EDGE ( 'NONE', *, *, #2331, .T. ) ;
#1223 = ADVANCED_FACE ( 'NONE', ( #3204 ), #666, .T. ) ;
#1224 = LINE ( 'NONE', #4285, #3465 ) ;
#1225 = EDGE_CURVE ( 'NONE', #6089, #5954, #5998, .T. ) ;
#1226 = CC_DESIGN_PERSON_AND_ORGANIZATION_ASSIGNMENT ( #7425, #2151, ( #5017 ) ) ;
#1227 = VECTOR ( 'NONE', #3663, 1000.000000000000100 ) ;
#1229 = ORIENTED_EDGE ( 'NONE', *, *, #1958, .T. ) ;
#1228 = DIRECTION ( 'NONE',  ( -5.911492690827480700E-017, 0.7071067811865462400, 0.7071067811865489100 ) ) ;
#1230 = CARTESIAN_POINT ( 'NONE',  ( 0.1250000000000004200, 13.43189123190268200, -13.43189123190246400 ) ) ;
#1231 = VERTEX_POINT ( 'NONE', #6292 ) ;
#1232 = CARTESIAN_POINT ( 'NONE',  ( 0.1250000000000001900, -7.999999999999992900, -31.99999999999994700 ) ) ;
#1233 = EDGE_CURVE ( 'NONE', #6308, #349, #2255, .T. ) ;
#1234 = ADVANCED_FACE ( 'NONE', ( #6363 ), #196, .F. ) ;
#1235 = VECTOR ( 'NONE', #2350, 1000.000000000000000 ) ;
#1236 = AXIS2_PLACEMENT_3D ( 'NONE', #1896, #758, #1949 ) ;
#1237 = CARTESIAN_POINT ( 'NONE',  ( 35.99999999999996400, -2.025000000000001700, 2.216109240560371100E-013 ) ) ;
#1238 = DIRECTION ( 'NONE',  ( 7.666467083416822900E-018, 0.7071067811865526800, 0.7071067811865424700 ) ) ;
#1239 = ORIENTED_EDGE ( 'NONE', *, *, #1102, .F. ) ;
#1240 = CARTESIAN_POINT ( 'NONE',  ( -2.168404344971008900E-015, -11.99999999999999300, -26.02499999999996300 ) ) ;
#1241 = VECTOR ( 'NONE', #4317, 1000.000000000000000 ) ;
#1242 = PLANE ( 'NONE',  #5107 ) ;
#1243 = ORIENTED_EDGE ( 'NONE', *, *, #4398, .T. ) ;
#1244 = CIRCLE ( 'NONE', #4508, 2.024999999999991900 ) ;
#1245 = CARTESIAN_POINT ( 'NONE',  ( 2.375000000000008900, 5.469317744930408200E-015, -11.99999999999997500 ) ) ;
#1246 = EDGE_CURVE ( 'NONE', #2078, #7585, #2435, .T. ) ;
#1247 = EDGE_LOOP ( 'NONE', ( #6829, #6182, #6152, #6506 ) ) ;
#1248 = CARTESIAN_POINT ( 'NONE',  ( 23.99999999999997500, 11.99999999999999300, -0.1249999999998118200 ) ) ;
#1249 = EDGE_CURVE ( 'NONE', #2930, #1553, #5622, .T. ) ;
#1250 = DIRECTION ( 'NONE',  ( -1.000000000000000000, -1.613696256722578000E-015, -2.823968449264511300E-015 ) ) ;
#1251 = VECTOR ( 'NONE', #4422, 1000.000000000000000 ) ;
#1252 = VECTOR ( 'NONE', #6994, 1000.000000000000000 ) ;
#1253 = AXIS2_PLACEMENT_3D ( 'NONE', #4638, #2793, #6946 ) ;
#1254 = VECTOR ( 'NONE', #7097, 1000.000000000000000 ) ;
#1255 = ORIENTED_EDGE ( 'NONE', *, *, #1288, .F. ) ;
#1256 = EDGE_LOOP ( 'NONE', ( #1010, #5790, #6037, #2634 ) ) ;
#1257 = ORIENTED_EDGE ( 'NONE', *, *, #5612, .T. ) ;
#1258 = DIRECTION ( 'NONE',  ( -0.7071067811865158200, -0.5000000000000175400, -0.5000000000000273100 ) ) ;
#1259 = DIRECTION ( 'NONE',  ( 0.0000000000000000000, 0.0000000000000000000, 1.000000000000000000 ) ) ;
#1260 = VECTOR ( 'NONE', #1258, 1000.000000000000000 ) ;
#1261 = EDGE_LOOP ( 'NONE', ( #5573, #5004, #613, #5038 ) ) ;
#1262 = AXIS2_PLACEMENT_3D ( 'NONE', #2060, #2032, #6300 ) ;
#1263 = ADVANCED_FACE ( 'NONE', ( #6179 ), #2794, .F. ) ;
#1264 = CARTESIAN_POINT ( 'NONE',  ( 26.14999999999985300, 11.99999999999999300, 7.711713212454859300E-014 ) ) ;
#1265 = LINE ( 'NONE', #7491, #7582 ) ;
#1266 = EDGE_LOOP ( 'NONE', ( #1757, #913, #251, #5459 ) ) ;
#1267 = CARTESIAN_POINT ( 'NONE',  ( 32.48528137423854600, 8.485281374238566000, -2.499999999999897900 ) ) ;
#1268 = CARTESIAN_POINT ( 'NONE',  ( 32.48528137423853900, 8.485281374238566000, 9.580006638012640400E-014 ) ) ;
#1269 = EDGE_CURVE ( 'NONE', #3528, #2417, #4793, .T. ) ;
#1270 = CARTESIAN_POINT ( 'NONE',  ( -5.985099112876326600E-017, 21.52027957955087000, -5.520279579550780200 ) ) ;
#1271 = EDGE_LOOP ( 'NONE', ( #4561, #7547, #3363, #5929 ) ) ;
#1272 = ADVANCED_FACE ( 'NONE', ( #1868 ), #393, .F. ) ;
#1273 = AXIS2_PLACEMENT_3D ( 'NONE', #4186, #3497, #7015 ) ;
#1274 = VECTOR ( 'NONE', #4210, 1000.000000000000000 ) ;
#1275 = ORIENTED_EDGE ( 'NONE', *, *, #4091, .F. ) ;
#1276 = ORIENTED_EDGE ( 'NONE', *, *, #847, .F. ) ;
#1277 = VECTOR ( 'NONE', #2166, 1000.000000000000000 ) ;
#1278 = CARTESIAN_POINT ( 'NONE',  ( 2.374999999999993300, -9.431891231902760400, -17.43189123190272800 ) ) ;
#1279 = ORIENTED_EDGE ( 'NONE', *, *, #7511, .T. ) ;
#1280 = DIRECTION ( 'NONE',  ( 1.084202172485505400E-017, 0.0000000000000000000, 1.000000000000000000 ) ) ;
#1281 = EDGE_CURVE ( 'NONE', #6043, #815, #5435, .T. ) ;
#1282 = PLANE ( 'NONE',  #4943 ) ;
#1283 = CC_DESIGN_APPROVAL ( #887, ( #2077 ) ) ;
#1284 = LINE ( 'NONE', #1956, #7316 ) ;
#1285 = DIRECTION ( 'NONE',  ( -5.055354680658670800E-015, -1.000000000000000000, -1.403142791028454100E-029 ) ) ;
#1286 = ORIENTED_EDGE ( 'NONE', *, *, #3259, .T. ) ;
#1287 = VERTEX_POINT ( 'NONE', #4040 ) ;
#1288 = EDGE_CURVE ( 'NONE', #2205, #3134, #2158, .T. ) ;
#1289 = EDGE_CURVE ( 'NONE', #5896, #1775, #5347, .T. ) ;
#1290 = DIRECTION ( 'NONE',  ( -1.000000000000000000, 0.0000000000000000000, 0.0000000000000000000 ) ) ;
#1291 = LINE ( 'NONE', #5603, #6423 ) ;
#1292 = AXIS2_PLACEMENT_3D ( 'NONE', #4679, #2886, #7549 ) ;
#1293 = VECTOR ( 'NONE', #5014, 1000.000000000000100 ) ;
#1294 = DIRECTION ( 'NONE',  ( -0.4999999999999898400, -0.4999999999999912300, 0.7071067811865609000 ) ) ;
#1295 = EDGE_CURVE ( 'NONE', #5915, #1173, #6813, .T. ) ;
#1297 = VERTEX_POINT ( 'NONE', #968 ) ;
#1296 = DIRECTION ( 'NONE',  ( 1.000000000000000000, -6.319193350823370000E-016, 2.949029909160574800E-015 ) ) ;
#1298 = EDGE_LOOP ( 'NONE', ( #6942, #7281, #4032, #337, #6712 ) ) ;
#1299 = CARTESIAN_POINT ( 'NONE',  ( -1.682109163955186400E-016, 8.485281374238567800, -15.51471862576140700 ) ) ;
#1300 = VECTOR ( 'NONE', #6078, 1000.000000000000000 ) ;
#1301 = ADVANCED_FACE ( 'NONE', ( #6992 ), #6451, .F. ) ;
#1302 = LINE ( 'NONE', #4062, #6071 ) ;
#1303 = DIRECTION ( 'NONE',  ( 0.0000000000000000000, 0.0000000000000000000, 1.000000000000000000 ) ) ;
#1304 = ORIENTED_EDGE ( 'NONE', *, *, #4706, .F. ) ;
#1305 = EDGE_LOOP ( 'NONE', ( #6541, #1438, #7348, #882 ) ) ;
#1306 = CARTESIAN_POINT ( 'NONE',  ( 0.1250000000000261700, -2.025000000000000800, -35.31370849898473100 ) ) ;
#1307 = VECTOR ( 'NONE', #943, 1000.000000000000100 ) ;
#1308 = AXIS2_PLACEMENT_3D ( 'NONE', #7051, #4670, #3483 ) ;
#1309 = DIRECTION ( 'NONE',  ( -2.602085213965212600E-016, -1.263838670164661400E-015, 1.000000000000000000 ) ) ;
#1310 = DIRECTION ( 'NONE',  ( 1.000000000000000000, -0.0000000000000000000, -1.084202172485505400E-017 ) ) ;
#1311 = FACE_OUTER_BOUND ( 'NONE', #4128, .T. ) ;
#1312 = ADVANCED_FACE ( 'NONE', ( #6723 ), #1096, .F. ) ;
#1313 = ORIENTED_EDGE ( 'NONE', *, *, #3999, .T. ) ;
#1314 = EDGE_LOOP ( 'NONE', ( #6017, #5792, #7279, #489 ) ) ;
#1315 = EDGE_CURVE ( 'NONE', #1447, #5578, #3389, .T. ) ;
#1316 = CIRCLE ( 'NONE', #5525, 2.024999999999957300 ) ;
#1317 = CARTESIAN_POINT ( 'NONE',  ( 23.99999999999996100, -11.99999999999999300, 1.825796458465589500E-013 ) ) ;
#1318 = EDGE_CURVE ( 'NONE', #2292, #4493, #6268, .T. ) ;
#1319 = CIRCLE ( 'NONE', #131, 2.025000000000002600 ) ;
#1320 = DIRECTION ( 'NONE',  ( 0.0000000000000000000, -0.7071067811865526800, -0.7071067811865424700 ) ) ;
#1321 = AXIS2_PLACEMENT_3D ( 'NONE', #4539, #5186, #5214 ) ;
#1322 = ORIENTED_EDGE ( 'NONE', *, *, #7645, .F. ) ;
#1323 = EDGE_LOOP ( 'NONE', ( #1114, #5570, #6930, #170 ) ) ;
#1324 = DIRECTION ( 'NONE',  ( -0.7071067811865662200, 0.4999999999999884500, -0.4999999999999851800 ) ) ;
#1325 = DIRECTION ( 'NONE',  ( -1.000000000000000000, 0.0000000000000000000, -2.823968449264543700E-015 ) ) ;
#1326 = CARTESIAN_POINT ( 'NONE',  ( 30.47972042044895600, -9.520279579550985400, 8.988560714275629400E-014 ) ) ;
#1327 = CARTESIAN_POINT ( 'NONE',  ( 12.68629150101521000, -2.025000000000002600, -2.374999999999915200 ) ) ;
#1328 = DIRECTION ( 'NONE',  ( -1.000000000000000000, 0.0000000000000000000, -2.602085213965212600E-016 ) ) ;
#1329 = VECTOR ( 'NONE', #6135, 1000.000000000000000 ) ;
#1330 = EDGE_LOOP ( 'NONE', ( #4201, #2724, #6855, #6157 ) ) ;
#1331 = EDGE_CURVE ( 'NONE', #2889, #6610, #7544, .T. ) ;
#1332 = AXIS2_PLACEMENT_3D ( 'NONE', #4948, #3044, #4252 ) ;
#1333 = CARTESIAN_POINT ( 'NONE',  ( 30.99999999999996800, 0.0000000000000000000, -0.1249999999998421400 ) ) ;
#1334 = FACE_OUTER_BOUND ( 'NONE', #208, .T. ) ;
#1335 = CARTESIAN_POINT ( 'NONE',  ( 31.99999999999997200, 8.000000000000007100, 2.090341788552052500E-013 ) ) ;
#1336 = DIRECTION ( 'NONE',  ( 0.0000000000000000000, 0.0000000000000000000, 1.000000000000000000 ) ) ;
#1337 = DIRECTION ( 'NONE',  ( 0.0000000000000000000, -0.7071067811865418000, -0.7071067811865532300 ) ) ;
#1338 = ORIENTED_EDGE ( 'NONE', *, *, #6264, .F. ) ;
#1339 = DIRECTION ( 'NONE',  ( 2.949029909160574800E-015, 0.0000000000000000000, -1.000000000000000000 ) ) ;
#1340 = EDGE_LOOP ( 'NONE', ( #5280, #3927, #2776, #1229 ) ) ;
#1341 = EDGE_CURVE ( 'NONE', #5178, #163, #3011, .T. ) ;
#1342 = CIRCLE ( 'NONE', #3077, 15.87500000000000000 ) ;
#1343 = VECTOR ( 'NONE', #1666, 1000.000000000000000 ) ;
#1344 = ADVANCED_FACE ( 'NONE', ( #4608 ), #5904, .F. ) ;
#1346 = ORIENTED_EDGE ( 'NONE', *, *, #7142, .T. ) ;
#1345 = DIRECTION ( 'NONE',  ( -0.0000000000000000000, -0.0000000000000000000, -1.000000000000000000 ) ) ;
#1347 = VECTOR ( 'NONE', #3877, 1000.000000000000000 ) ;
#1348 = EDGE_CURVE ( 'NONE', #1022, #4947, #1416, .T. ) ;
#1349 = ORIENTED_EDGE ( 'NONE', *, *, #3520, .F. ) ;
#1350 = LINE ( 'NONE', #3148, #5185 ) ;
#1351 = CARTESIAN_POINT ( 'NONE',  ( 14.08282739385867000, 7.053390142335828700, 1.504872615409880200E-013 ) ) ;
#1352 = EDGE_CURVE ( 'NONE', #4576, #3912, #5176, .T. ) ;
#1353 = LINE ( 'NONE', #520, #5002 ) ;
#1354 = DIRECTION ( 'NONE',  ( 2.914001035115545500E-015, -0.0000000000000000000, -1.000000000000000000 ) ) ;
#1355 = DIRECTION ( 'NONE',  ( -0.4999999999999817900, -0.4999999999999918400, -0.7071067811865662200 ) ) ;
#1356 = EDGE_LOOP ( 'NONE', ( #1560, #5046, #2283, #7657, #2232 ) ) ;
#1357 = ADVANCED_FACE ( 'NONE', ( #4704 ), #3105, .F. ) ;
#1358 = CARTESIAN_POINT ( 'NONE',  ( 33.16370849898471800, 1.349909078679433100E-015, -2.499999999999889900 ) ) ;
#1359 = AXIS2_PLACEMENT_3D ( 'NONE', #6425, #1735, #2861 ) ;
#1360 = VECTOR ( 'NONE', #6183, 1000.000000000000100 ) ;
#1361 = CARTESIAN_POINT ( 'NONE',  ( 15.99999999999997000, -8.000000000000000000, 1.569924745759010400E-013 ) ) ;
#1362 = EDGE_LOOP ( 'NONE', ( #2754, #2830, #5103, #7444 ) ) ;
#1363 = ORIENTED_EDGE ( 'NONE', *, *, #5532, .T. ) ;
#1364 = EDGE_CURVE ( 'NONE', #242, #6386, #4421, .T. ) ;
#1365 = CARTESIAN_POINT ( 'NONE',  ( 2.375000000000007100, 8.572527594031473200E-016, -16.99999999999997200 ) ) ;
#1366 = DIRECTION ( 'NONE',  ( 1.000000000000000000, -0.0000000000000000000, -1.084202172485505400E-017 ) ) ;
#1367 = ORIENTED_EDGE ( 'NONE', *, *, #1269, .F. ) ;
#1368 = LINE ( 'NONE', #4954, #3905 ) ;
#1369 = VERTEX_POINT ( 'NONE', #5304 ) ;
#1370 = DIRECTION ( 'NONE',  ( 0.0000000000000000000, 0.0000000000000000000, 1.000000000000000000 ) ) ;
#1371 = ORIENTED_EDGE ( 'NONE', *, *, #7595, .F. ) ;
#1372 = FACE_OUTER_BOUND ( 'NONE', #2946, .T. ) ;
#1373 = EDGE_LOOP ( 'NONE', ( #3407, #781, #5295, #5413, #3108 ) ) ;
#1374 = VERTEX_POINT ( 'NONE', #4738 ) ;
#1375 = CARTESIAN_POINT ( 'NONE',  ( 23.99999999999996800, 0.0000000000000000000, 7.077671781985370400E-014 ) ) ;
#1376 = DIRECTION ( 'NONE',  ( 0.7071067811865500200, -0.7071067811865450200, 2.085279046689398100E-015 ) ) ;
#1377 = EDGE_CURVE ( 'NONE', #6439, #6412, #1512, .T. ) ;
#1378 = DIRECTION ( 'NONE',  ( 0.0000000000000000000, 0.0000000000000000000, -1.000000000000000000 ) ) ;
#1379 = AXIS2_PLACEMENT_3D ( 'NONE', #3522, #7634, #6532 ) ;
#1380 = DIRECTION ( 'NONE',  ( 0.0000000000000000000, 0.0000000000000000000, 1.000000000000000000 ) ) ;
#1381 = ORIENTED_EDGE ( 'NONE', *, *, #6375, .F. ) ;
#1382 = LINE ( 'NONE', #6167, #5958 ) ;
#1383 = ORIENTED_EDGE ( 'NONE', *, *, #7170, .T. ) ;
#1384 = DIRECTION ( 'NONE',  ( 0.0000000000000000000, 0.0000000000000000000, 1.000000000000000000 ) ) ;
#1385 = DATE_AND_TIME ( #4205, #2216 ) ;
#1386 = DIRECTION ( 'NONE',  ( -1.000000000000000000, 0.0000000000000000000, -2.823968449264561400E-015 ) ) ;
#1387 = AXIS2_PLACEMENT_3D ( 'NONE', #5948, #6435, #7042 ) ;
#1388 = VECTOR ( 'NONE', #3048, 1000.000000000000000 ) ;
#1389 = ORIENTED_EDGE ( 'NONE', *, *, #3843, .F. ) ;
#1390 = CARTESIAN_POINT ( 'NONE',  ( -3.522061263975235600E-016, 8.485281374238566000, -32.48528137423853900 ) ) ;
#1391 = ADVANCED_FACE ( 'NONE', ( #1044 ), #3293, .F. ) ;
#1392 = ORIENTED_EDGE ( 'NONE', *, *, #336, .F. ) ;
#1393 = FACE_BOUND ( 'NONE', #7055, .T. ) ;
#1394 = DIRECTION ( 'NONE',  ( -0.7071067811865190400, -0.5000000000000152100, -0.5000000000000249800 ) ) ;
#1395 = FACE_OUTER_BOUND ( 'NONE', #6361, .T. ) ;
#1396 = CARTESIAN_POINT ( 'NONE',  ( 23.99999999999997500, 11.99999999999999300, 7.077671781985372900E-014 ) ) ;
#1397 = EDGE_CURVE ( 'NONE', #6690, #7326, #8, .T. ) ;
#1398 = VERTEX_POINT ( 'NONE', #5455 ) ;
#1399 = EDGE_CURVE ( 'NONE', #4260, #4522, #5259, .T. ) ;
#1400 = ORIENTED_EDGE ( 'NONE', *, *, #2446, .T. ) ;
#1401 = VECTOR ( 'NONE', #583, 1000.000000000000000 ) ;
#1402 = DIRECTION ( 'NONE',  ( -1.000000000000000000, 0.0000000000000000000, -2.823968449264577200E-015 ) ) ;
#1403 = FACE_BOUND ( 'NONE', #7430, .T. ) ;
#1404 = VERTEX_POINT ( 'NONE', #4888 ) ;
#1405 = DIRECTION ( 'NONE',  ( -1.000000000000000000, 0.0000000000000000000, -2.914001035115540000E-015 ) ) ;
#1406 = ORIENTED_EDGE ( 'NONE', *, *, #996, .F. ) ;
#1407 = CARTESIAN_POINT ( 'NONE',  ( 21.97499999999997300, -11.99999999999999300, -2.374999999999907200 ) ) ;
#1408 = LINE ( 'NONE', #5518, #4601 ) ;
#1409 = VECTOR ( 'NONE', #4217, 1000.000000000000000 ) ;
#1410 = CARTESIAN_POINT ( 'NONE',  ( 16.94660985766415700, -9.917172606141313900, -0.1249999999998409700 ) ) ;
#1411 = VERTEX_POINT ( 'NONE', #7143 ) ;
#1412 = DIRECTION ( 'NONE',  ( 1.000000000000000000, -1.263838670164661400E-015, 2.775557561562893700E-015 ) ) ;
#1413 = AXIS2_PLACEMENT_3D ( 'NONE', #5654, #2672, #6828 ) ;
#1414 = DIRECTION ( 'NONE',  ( 1.000000000000000000, -0.0000000000000000000, -1.084202172485505400E-017 ) ) ;
#1415 = ORIENTED_EDGE ( 'NONE', *, *, #1089, .F. ) ;
#1416 = CIRCLE ( 'NONE', #6924, 2.149999999999881300 ) ;
#1417 = LINE ( 'NONE', #3841, #6545 ) ;
#1418 = ORIENTED_EDGE ( 'NONE', *, *, #7164, .F. ) ;
#1419 = ORIENTED_EDGE ( 'NONE', *, *, #7409, .F. ) ;
#1420 = PLANE ( 'NONE',  #1262 ) ;
#1421 = EDGE_CURVE ( 'NONE', #5530, #3783, #1967, .T. ) ;
#1422 = DIRECTION ( 'NONE',  ( -0.7071067811865641200, -3.574675575996817200E-015, 0.7071067811865310300 ) ) ;
#1423 = AXIS2_PLACEMENT_3D ( 'NONE', #3985, #1669, #7695 ) ;
#1424 = LINE ( 'NONE', #5266, #1235 ) ;
#1425 = CARTESIAN_POINT ( 'NONE',  ( -3.469446951953611700E-016, -7.999999999999992900, -31.99999999999994700 ) ) ;
#1426 = ORIENTED_EDGE ( 'NONE', *, *, #1577, .F. ) ;
#1427 = CARTESIAN_POINT ( 'NONE',  ( 11.99999999999997500, 5.469317744930408200E-015, 1.439820485060749900E-013 ) ) ;
#1428 = ORIENTED_EDGE ( 'NONE', *, *, #4763, .F. ) ;
#1429 = DIRECTION ( 'NONE',  ( -0.5000000000000235400, -0.5000000000000235400, 0.7071067811865141600 ) ) ;
#1430 = PLANE ( 'NONE',  #1046 ) ;
#1431 = ADVANCED_FACE ( 'NONE', ( #4053 ), #4975, .F. ) ;
#1432 = CARTESIAN_POINT ( 'NONE',  ( 14.08282739385865900, -7.053390142335814500, -0.1249999999998409700 ) ) ;
#1433 = VECTOR ( 'NONE', #5350, 1000.000000000000100 ) ;
#1434 = PLANE ( 'NONE',  #5571 ) ;
#1435 = AXIS2_PLACEMENT_3D ( 'NONE', #7459, #3928, #4535 ) ;
#1436 = ORIENTED_EDGE ( 'NONE', *, *, #6099, .F. ) ;
#1437 = LINE ( 'NONE', #2630, #1347 ) ;
#1438 = ORIENTED_EDGE ( 'NONE', *, *, #5482, .F. ) ;
#1439 = DIRECTION ( 'NONE',  ( 0.4999999999999934500, -0.4999999999999836200, 0.7071067811865637800 ) ) ;
#1440 = CARTESIAN_POINT ( 'NONE',  ( -2.835188681049592600E-016, -11.99999999999999300, -26.14999999999996300 ) ) ;
#1441 = VECTOR ( 'NONE', #3900, 1000.000000000000000 ) ;
#1442 = DIRECTION ( 'NONE',  ( 0.7071067811865365800, 0.5000000000000095500, 0.5000000000000061100 ) ) ;
#1443 = VECTOR ( 'NONE', #4429, 1000.000000000000100 ) ;
#1444 = CONICAL_SURFACE ( 'NONE', #4041, 2.150000000000006100, 0.7853981633974482800 ) ;
#1445 = VERTEX_POINT ( 'NONE', #649 ) ;
#1446 = EDGE_CURVE ( 'NONE', #6790, #2896, #4238, .T. ) ;
#1447 = VERTEX_POINT ( 'NONE', #5429 ) ;
#1448 = AXIS2_PLACEMENT_3D ( 'NONE', #7367, #2571, #6177 ) ;
#1449 = CARTESIAN_POINT ( 'NONE',  ( 0.1250000000000241200, 0.0000000000000000000, -23.99999999999996800 ) ) ;
#1450 = DIRECTION ( 'NONE',  ( 0.0000000000000000000, 0.0000000000000000000, -1.000000000000000000 ) ) ;
#1451 = EDGE_CURVE ( 'NONE', #7326, #6700, #3669, .T. ) ;
#1452 = LINE ( 'NONE', #6477, #41 ) ;
#1453 = ORIENTED_EDGE ( 'NONE', *, *, #7007, .T. ) ;
#1454 = DIRECTION ( 'NONE',  ( 1.000000000000000000, 0.0000000000000000000, 0.0000000000000000000 ) ) ;
#1455 = DIRECTION ( 'NONE',  ( 2.914001035115545500E-015, -0.0000000000000000000, -1.000000000000000000 ) ) ;
#1456 = CARTESIAN_POINT ( 'NONE',  ( 14.08282739385867700, 7.053390142335828700, -2.374999999999952500 ) ) ;
#1457 = CARTESIAN_POINT ( 'NONE',  ( 18.47972042044885300, -2.479720420449013800, -2.499999999999936900 ) ) ;
#1458 = VECTOR ( 'NONE', #4433, 1000.000000000000100 ) ;
#1459 = ORIENTED_EDGE ( 'NONE', *, *, #6929, .T. ) ;
#1460 = ORIENTED_EDGE ( 'NONE', *, *, #6119, .F. ) ;
#1461 = AXIS2_PLACEMENT_3D ( 'NONE', #3600, #2431, #617 ) ;
#1462 = ORIENTED_EDGE ( 'NONE', *, *, #1631, .F. ) ;
#1463 = DIRECTION ( 'NONE',  ( 0.4999999999999974500, 0.4999999999999923400, 0.7071067811865547900 ) ) ;
#1464 = CIRCLE ( 'NONE', #7134, 2.025000000000006100 ) ;
#1465 = ORIENTED_EDGE ( 'NONE', *, *, #4327, .T. ) ;
#1466 = DIRECTION ( 'NONE',  ( 0.0000000000000000000, 0.0000000000000000000, 1.000000000000000000 ) ) ;
#1467 = EDGE_CURVE ( 'NONE', #3567, #2456, #764, .T. ) ;
#1468 = ADVANCED_FACE ( 'NONE', ( #856 ), #2057, .F. ) ;
#1469 = ORIENTED_EDGE ( 'NONE', *, *, #680, .F. ) ;
#1470 = AXIS2_PLACEMENT_3D ( 'NONE', #503, #7652, #5862 ) ;
#1471 = LINE ( 'NONE', #6052, #7600 ) ;
#1472 = DIRECTION ( 'NONE',  ( -0.7071067811865368000, 0.5000000000000076600, 0.5000000000000076600 ) ) ;
#1473 = ORIENTED_EDGE ( 'NONE', *, *, #3856, .F. ) ;
#1474 = CARTESIAN_POINT ( 'NONE',  ( -2.168404344971008900E-015, 11.31370849898476100, -26.02499999999996300 ) ) ;
#1475 = CARTESIAN_POINT ( 'NONE',  ( 15.51471862576140600, -8.485281374238560700, 1.552577510999242300E-013 ) ) ;
#1476 = FACE_OUTER_BOUND ( 'NONE', #1983, .T. ) ;
#1477 = ORIENTED_EDGE ( 'NONE', *, *, #6345, .T. ) ;
#1478 = DIRECTION ( 'NONE',  ( 0.0000000000000000000, 0.0000000000000000000, 1.000000000000000000 ) ) ;
#1479 = EDGE_CURVE ( 'NONE', #6700, #6271, #2624, .T. ) ;
#1480 = VERTEX_POINT ( 'NONE', #4863 ) ;
#1481 = CARTESIAN_POINT ( 'NONE',  ( -3.035766082959412400E-015, -8.485281374238560700, -15.51471862576140600 ) ) ;
#1482 = AXIS2_PLACEMENT_3D ( 'NONE', #6482, #2923, #4735 ) ;
#1483 = CARTESIAN_POINT ( 'NONE',  ( 2.499999999999994700, 11.99999999999999300, -21.84999999999994800 ) ) ;
#1484 = COORDINATED_UNIVERSAL_TIME_OFFSET ( 6, 0, .BEHIND. ) ;
#1485 = DIRECTION ( 'NONE',  ( 2.949029909160574800E-015, 0.0000000000000000000, -1.000000000000000000 ) ) ;
#1486 = FACE_OUTER_BOUND ( 'NONE', #1077, .T. ) ;
#1487 = DIRECTION ( 'NONE',  ( -0.7071067811865574500, 0.0000000000000000000, 0.7071067811865376900 ) ) ;
#1488 = EDGE_LOOP ( 'NONE', ( #6826, #7501, #557, #2457 ) ) ;
#1489 = EDGE_CURVE ( 'NONE', #1522, #5241, #392, .T. ) ;
#1490 = VERTEX_POINT ( 'NONE', #1814 ) ;
#1491 = LINE ( 'NONE', #3525, #2134 ) ;
#1492 = DIRECTION ( 'NONE',  ( -1.000000000000000000, 0.0000000000000000000, 0.0000000000000000000 ) ) ;
#1493 = AXIS2_PLACEMENT_3D ( 'NONE', #6846, #2081, #5617 ) ;
#1494 = ORIENTED_EDGE ( 'NONE', *, *, #7025, .F. ) ;
#1495 = EDGE_LOOP ( 'NONE', ( #945, #2012, #2854, #2583 ) ) ;
#1496 = DIRECTION ( 'NONE',  ( 0.7071067811865455700, 0.7071067811865493500, 1.962615573354715000E-015 ) ) ;
#1497 = ADVANCED_FACE ( 'NONE', ( #3382 ), #4786, .F. ) ;
#1498 = VECTOR ( 'NONE', #1634, 1000.000000000000100 ) ;
#1499 = DIRECTION ( 'NONE',  ( -0.7071067811865532300, 0.7071067811865418000, -1.962615573354736300E-015 ) ) ;
#1500 = EDGE_CURVE ( 'NONE', #4949, #2300, #1319, .T. ) ;
#1501 = VECTOR ( 'NONE', #3957, 1000.000000000000000 ) ;
#1502 = EDGE_CURVE ( 'NONE', #6760, #6551, #1778, .T. ) ;
#1503 = VERTEX_POINT ( 'NONE', #6654 ) ;
#1504 = ORIENTED_EDGE ( 'NONE', *, *, #5705, .F. ) ;
#1505 = DIRECTION ( 'NONE',  ( -1.000000000000000000, -0.0000000000000000000, -0.0000000000000000000 ) ) ;
#1506 = VECTOR ( 'NONE', #1146, 1000.000000000000000 ) ;
#1507 = AXIS2_PLACEMENT_3D ( 'NONE', #3557, #3634, #5303 ) ;
#1508 = DIRECTION ( 'NONE',  ( 2.409450020354303200E-015, 0.7071067811865622300, -0.7071067811865328100 ) ) ;
#1509 = CARTESIAN_POINT ( 'NONE',  ( 2.375000000000013800, 9.431891231902762100, -17.43189123190271100 ) ) ;
#1510 = DIRECTION ( 'NONE',  ( -0.0000000000000000000, 1.000000000000000000, -0.0000000000000000000 ) ) ;
#1511 = ADVANCED_FACE ( 'NONE', ( #3760 ), #2522, .T. ) ;
#1512 = LINE ( 'NONE', #3005, #7355 ) ;
#1513 = EDGE_CURVE ( 'NONE', #5841, #3280, #7640, .T. ) ;
#1514 = CARTESIAN_POINT ( 'NONE',  ( 30.56810876809718600, -9.431891231902753200, 2.042636892962690400E-013 ) ) ;
#1515 = VERTEX_POINT ( 'NONE', #2042 ) ;
#1516 = ORIENTED_EDGE ( 'NONE', *, *, #7238, .T. ) ;
#1517 = DIRECTION ( 'NONE',  ( -1.000000000000000000, 0.0000000000000000000, 0.0000000000000000000 ) ) ;
#1518 = CONICAL_SURFACE ( 'NONE', #30, 2.150000000000009700, 0.7853981633974587200 ) ;
#1519 = CARTESIAN_POINT ( 'NONE',  ( -1.565431184947744500E-015, -8.485281374238571300, -34.51028137423853800 ) ) ;
#1520 = CARTESIAN_POINT ( 'NONE',  ( 2.374999999999995600, 9.917172606141326300, -31.05339014233577500 ) ) ;
#1521 = DIRECTION ( 'NONE',  ( 1.000000000000000000, 0.0000000000000000000, 0.0000000000000000000 ) ) ;
#1522 = VERTEX_POINT ( 'NONE', #725 ) ;
#1523 = PLANE ( 'NONE',  #2657 ) ;
#1524 = CIRCLE ( 'NONE', #4851, 6.999999999999999100 ) ;
#1525 = EDGE_LOOP ( 'NONE', ( #5034, #4644, #1155, #2783 ) ) ;
#1526 = ORIENTED_EDGE ( 'NONE', *, *, #7214, .T. ) ;
#1527 = EDGE_CURVE ( 'NONE', #6949, #860, #7537, .T. ) ;
#1528 = CARTESIAN_POINT ( 'NONE',  ( 17.43189123190272800, -9.431891231902760400, -0.1249999999998359600 ) ) ;
#1529 = AXIS2_PLACEMENT_3D ( 'NONE', #3423, #5207, #4630 ) ;
#1530 = LINE ( 'NONE', #5645, #7661 ) ;
#1531 = VECTOR ( 'NONE', #1762, 1000.000000000000000 ) ;
#1532 = DIRECTION ( 'NONE',  ( -0.0000000000000000000, -0.0000000000000000000, -1.000000000000000000 ) ) ;
#1533 =( NAMED_UNIT ( * ) PLANE_ANGLE_UNIT ( ) SI_UNIT ( $, .RADIAN. ) );
#1534 = CARTESIAN_POINT ( 'NONE',  ( 2.499999999999992900, 2.149999999999989700, -12.68629150101520300 ) ) ;
#1535 = DIRECTION ( 'NONE',  ( 2.914001035115545500E-015, -0.0000000000000000000, -1.000000000000000000 ) ) ;
#1536 = ORIENTED_EDGE ( 'NONE', *, *, #4114, .F. ) ;
#1537 = LINE ( 'NONE', #7319, #6296 ) ;
#1538 = EDGE_LOOP ( 'NONE', ( #6560, #2451, #1020, #6336 ) ) ;
#1539 = EDGE_CURVE ( 'NONE', #2947, #3955, #5517, .T. ) ;
#1540 = DIRECTION ( 'NONE',  ( -0.7071067811865378000, 0.0000000000000000000, -0.7071067811865573400 ) ) ;
#1541 = ADVANCED_FACE ( 'NONE', ( #6169 ), #1430, .T. ) ;
#1542 = EDGE_CURVE ( 'NONE', #2169, #3376, #5902, .T. ) ;
#1543 = VECTOR ( 'NONE', #610, 1000.000000000000000 ) ;
#1544 = CC_DESIGN_PERSON_AND_ORGANIZATION_ASSIGNMENT ( #6685, #3866, ( #2077 ) ) ;
#1545 = LINE ( 'NONE', #2136, #6941 ) ;
#1546 = DIRECTION ( 'NONE',  ( 0.0000000000000000000, -0.7071067811865305900, -0.7071067811865644500 ) ) ;
#1547 = DIRECTION ( 'NONE',  ( 1.000000000000000000, 0.0000000000000000000, 2.949029909160574800E-015 ) ) ;
#1548 = DIRECTION ( 'NONE',  ( 0.7071067811865470200, 0.0000000000000000000, -0.7071067811865480200 ) ) ;
#1549 = ADVANCED_FACE ( 'NONE', ( #5613 ), #2652, .T. ) ;
#1550 = EDGE_CURVE ( 'NONE', #2054, #3228, #5428, .T. ) ;
#1551 = LINE ( 'NONE', #7152, #1260 ) ;
#1552 = EDGE_CURVE ( 'NONE', #3370, #3280, #5169, .T. ) ;
#1553 = VERTEX_POINT ( 'NONE', #5524 ) ;
#1554 = DIRECTION ( 'NONE',  ( 2.914001035115545500E-015, -0.0000000000000000000, -1.000000000000000000 ) ) ;
#1555 = EDGE_CURVE ( 'NONE', #4384, #788, #1139, .T. ) ;
#1556 = DIRECTION ( 'NONE',  ( -1.000000000000000000, 0.0000000000000000000, 0.0000000000000000000 ) ) ;
#1557 = DIRECTION ( 'NONE',  ( 8.360113137237629900E-017, -5.055354680658670800E-015, -1.000000000000000000 ) ) ;
#1558 = ORIENTED_EDGE ( 'NONE', *, *, #6198, .T. ) ;
#1559 = FACE_OUTER_BOUND ( 'NONE', #6130, .T. ) ;
#1560 = ORIENTED_EDGE ( 'NONE', *, *, #956, .F. ) ;
#1561 = ORIENTED_EDGE ( 'NONE', *, *, #7512, .T. ) ;
#1562 = DIRECTION ( 'NONE',  ( -0.0000000000000000000, -0.0000000000000000000, -1.000000000000000000 ) ) ;
#1563 = PLANE ( 'NONE',  #4520 ) ;
#1564 = DIRECTION ( 'NONE',  ( -7.666467083416907700E-018, -0.7071067811865450200, -0.7071067811865500200 ) ) ;
#1565 = VERTEX_POINT ( 'NONE', #775 ) ;
#1566 = VECTOR ( 'NONE', #6937, 1000.000000000000100 ) ;
#1567 = ORIENTED_EDGE ( 'NONE', *, *, #2418, .F. ) ;
#1568 = EDGE_LOOP ( 'NONE', ( #4582, #6387, #1995, #2407 ) ) ;
#1569 = AXIS2_PLACEMENT_3D ( 'NONE', #6250, #3833, #821 ) ;
#1570 = DIRECTION ( 'NONE',  ( -2.085279046689449000E-015, 0.7071067811865279200, 0.7071067811865672200 ) ) ;
#1571 = DIRECTION ( 'NONE',  ( 0.5000000000000004400, 0.5000000000000102100, -0.7071067811865399100 ) ) ;
#1572 = ORIENTED_EDGE ( 'NONE', *, *, #6566, .F. ) ;
#1573 = CARTESIAN_POINT ( 'NONE',  ( 35.99999999999997200, -2.150000000000023900, -2.499999999999888100 ) ) ;
#1574 = VECTOR ( 'NONE', #4978, 1000.000000000000000 ) ;
#1575 = ORIENTED_EDGE ( 'NONE', *, *, #3112, .T. ) ;
#1576 = DIRECTION ( 'NONE',  ( 0.0000000000000000000, 0.0000000000000000000, 1.000000000000000000 ) ) ;
#1577 = EDGE_CURVE ( 'NONE', #890, #4958, #6358, .T. ) ;
#1578 = DIRECTION ( 'NONE',  ( -0.7071067811865444600, 3.574675575996915000E-015, 0.7071067811865505700 ) ) ;
#1579 = CARTESIAN_POINT ( 'NONE',  ( 2.374999999999988900, 11.99999999999999300, -26.02499999999996700 ) ) ;
#1580 = VECTOR ( 'NONE', #3491, 1000.000000000000000 ) ;
#1581 = DIRECTION ( 'NONE',  ( 2.914001035115545500E-015, -0.0000000000000000000, -1.000000000000000000 ) ) ;
#1582 = EDGE_LOOP ( 'NONE', ( #871, #3671, #1097, #5270 ) ) ;
#1583 = ORIENTED_EDGE ( 'NONE', *, *, #1451, .T. ) ;
#1584 = CYLINDRICAL_SURFACE ( 'NONE', #938, 2.025000000000006100 ) ;
#1585 = CARTESIAN_POINT ( 'NONE',  ( 35.99999999999997200, 2.025000000000001700, -2.374999999999870300 ) ) ;
#1586 = EDGE_CURVE ( 'NONE', #890, #5821, #6987, .T. ) ;
#1587 = CONICAL_SURFACE ( 'NONE', #702, 2.150000000000033700, 0.7853981633974239700 ) ;
#1588 = CARTESIAN_POINT ( 'NONE',  ( 2.375000000000015100, 9.917172606141285500, -16.94660985766412900 ) ) ;
#1589 = ADVANCED_FACE ( 'NONE', ( #5991 ), #4970, .F. ) ;
#1590 = ORIENTED_EDGE ( 'NONE', *, *, #2440, .T. ) ;
#1591 = EDGE_LOOP ( 'NONE', ( #7607, #7173, #2203, #2992 ) ) ;
#1592 = CARTESIAN_POINT ( 'NONE',  ( 0.1249999999999921500, 8.000000000000035500, -15.99999999999997900 ) ) ;
#1593 = VECTOR ( 'NONE', #3247, 1000.000000000000000 ) ;
#1594 = CIRCLE ( 'NONE', #5754, 2.149999999999943500 ) ;
#1595 = DIRECTION ( 'NONE',  ( 0.0000000000000000000, 0.0000000000000000000, -1.000000000000000000 ) ) ;
#1597 = ORIENTED_EDGE ( 'NONE', *, *, #3862, .T. ) ;
#1596 = CARTESIAN_POINT ( 'NONE',  ( -3.469446951953614200E-015, 2.025000000000002100, -11.99999999999997500 ) ) ;
#1598 = CARTESIAN_POINT ( 'NONE',  ( -2.835188681049607900E-016, 15.99999999999986900, -26.15000000000010500 ) ) ;
#1599 = DIRECTION ( 'NONE',  ( 1.000000000000000000, 0.0000000000000000000, 2.949029909160574800E-015 ) ) ;
#1600 = ORIENTED_EDGE ( 'NONE', *, *, #2643, .T. ) ;
#1601 = AXIS2_PLACEMENT_3D ( 'NONE', #3527, #6461, #1172 ) ;
#1602 = CARTESIAN_POINT ( 'NONE',  ( 0.1249999999999998600, 1.110914191074744000E-013, -21.97500000000002300 ) ) ;
#1603 = CONICAL_SURFACE ( 'NONE', #6082, 2.150000000000033700, 0.7853981633974239700 ) ;
#1604 = EDGE_CURVE ( 'NONE', #7117, #6261, #4230, .T. ) ;
#1605 = CONICAL_SURFACE ( 'NONE', #4013, 2.025000000000002600, 0.7853981633974482800 ) ;
#1606 = DIRECTION ( 'NONE',  ( 0.0000000000000000000, -0.7071067811865672200, 0.7071067811865279200 ) ) ;
#1607 = VERTEX_POINT ( 'NONE', #247 ) ;
#1608 = ORIENTED_EDGE ( 'NONE', *, *, #1318, .F. ) ;
#1609 = VECTOR ( 'NONE', #1571, 1000.000000000000100 ) ;
#1610 = FACE_OUTER_BOUND ( 'NONE', #5443, .T. ) ;
#1611 = EDGE_LOOP ( 'NONE', ( #4604, #1275, #7438, #1001 ) ) ;
#1612 = CARTESIAN_POINT ( 'NONE',  ( 2.499999999999996000, 15.99999999999986900, -26.15000000000000200 ) ) ;
#1613 = AXIS2_PLACEMENT_3D ( 'NONE', #7575, #1683, #4029 ) ;
#1614 = ORIENTED_EDGE ( 'NONE', *, *, #529, .F. ) ;
#1615 = DIRECTION ( 'NONE',  ( 1.000000000000000000, -0.0000000000000000000, 8.360113137237629900E-017 ) ) ;
#1616 = PLANE ( 'NONE',  #396 ) ;
#1617 = LINE ( 'NONE', #1920, #3864 ) ;
#1618 = ORIENTED_EDGE ( 'NONE', *, *, #3952, .F. ) ;
#1619 = CARTESIAN_POINT ( 'NONE',  ( 2.499999999999996000, 15.99999999999986900, -26.15000000000011900 ) ) ;
#1620 = DIRECTION ( 'NONE',  ( 1.084202172485505400E-017, 0.0000000000000000000, 1.000000000000000000 ) ) ;
#1621 = DIRECTION ( 'NONE',  ( -1.000000000000000000, -0.0000000000000000000, -0.0000000000000000000 ) ) ;
#1622 = LINE ( 'NONE', #7169, #972 ) ;
#1623 = LINE ( 'NONE', #363, #5825 ) ;
#1624 = ADVANCED_FACE ( 'NONE', ( #3195 ), #4445, .T. ) ;
#1625 = ORIENTED_EDGE ( 'NONE', *, *, #6628, .T. ) ;
#1626 = EDGE_CURVE ( 'NONE', #5388, #7133, #846, .T. ) ;
#1627 = CARTESIAN_POINT ( 'NONE',  ( 21.97499999999996900, 11.99999999999999300, -2.374999999999913000 ) ) ;
#1628 = CIRCLE ( 'NONE', #4333, 2.150000000000006100 ) ;
#1629 = CIRCLE ( 'NONE', #1321, 16.00000000000000700 ) ;
#1630 = PLANE ( 'NONE',  #667 ) ;
#1631 = EDGE_CURVE ( 'NONE', #4799, #5241, #387, .T. ) ;
#1632 = CIRCLE ( 'NONE', #3778, 2.150000000000044300 ) ;
#1633 = ORIENTED_EDGE ( 'NONE', *, *, #4859, .F. ) ;
#1634 = DIRECTION ( 'NONE',  ( 0.0000000000000000000, 0.7071067811865302500, 0.7071067811865647800 ) ) ;
#1635 = AXIS2_PLACEMENT_3D ( 'NONE', #7119, #5901, #1095 ) ;
#1636 = DIRECTION ( 'NONE',  ( 0.0000000000000000000, 0.0000000000000000000, 1.000000000000000000 ) ) ;
#1637 = DIRECTION ( 'NONE',  ( -1.962615573354775300E-015, -0.7071067811865279200, 0.7071067811865672200 ) ) ;
#1638 = LINE ( 'NONE', #839, #6211 ) ;
#1639 = ORIENTED_EDGE ( 'NONE', *, *, #3138, .T. ) ;
#1640 = VERTEX_POINT ( 'NONE', #2708 ) ;
#1641 = EDGE_CURVE ( 'NONE', #1398, #3920, #7085, .T. ) ;
#1642 = CARTESIAN_POINT ( 'NONE',  ( 11.99999999999998200, -2.150000000000027900, -2.499999999999954700 ) ) ;
#1643 = AXIS2_PLACEMENT_3D ( 'NONE', #1079, #4092, #5587 ) ;
#1644 = PLANE ( 'NONE',  #485 ) ;
#1645 = EDGE_CURVE ( 'NONE', #1411, #1022, #4326, .T. ) ;
#1646 = VECTOR ( 'NONE', #2698, 1000.000000000000000 ) ;
#1647 = EDGE_LOOP ( 'NONE', ( #2545, #6984, #2045, #2983 ) ) ;
#1648 = ORIENTED_EDGE ( 'NONE', *, *, #6599, .F. ) ;
#1649 = CARTESIAN_POINT ( 'NONE',  ( 0.0000000000000000000, -15.87499999999999300, 0.0000000000000000000 ) ) ;
#1650 = CARTESIAN_POINT ( 'NONE',  ( 21.84999999999981700, 16.00000000000011000, -2.499999999999927200 ) ) ;
#1651 = CARTESIAN_POINT ( 'NONE',  ( 31.99999999999995400, -7.999999999999992900, -2.499999999999899200 ) ) ;
#1652 = LINE ( 'NONE', #327, #2393 ) ;
#1653 = VERTEX_POINT ( 'NONE', #7476 ) ;
#1654 = ORIENTED_EDGE ( 'NONE', *, *, #6322, .F. ) ;
#1655 = AXIS2_PLACEMENT_3D ( 'NONE', #599, #7667, #514 ) ;
#1656 = CARTESIAN_POINT ( 'NONE',  ( 14.47972042044898300, -6.479720420449016400, 4.270112859618718500E-014 ) ) ;
#1657 = DIRECTION ( 'NONE',  ( 1.000000000000000000, 0.0000000000000000000, 0.0000000000000000000 ) ) ;
#1658 = ORIENTED_EDGE ( 'NONE', *, *, #5738, .T. ) ;
#1659 = VECTOR ( 'NONE', #89, 1000.000000000000000 ) ;
#1660 = VERTEX_POINT ( 'NONE', #6860 ) ;
#1661 = CARTESIAN_POINT ( 'NONE',  ( 15.99999999999998600, 8.000000000000035500, -2.499999999999943600 ) ) ;
#1662 = DIRECTION ( 'NONE',  ( 0.7071067811865506800, 0.7071067811865443500, 1.962615573354729200E-015 ) ) ;
#1663 = ADVANCED_FACE ( 'NONE', ( #3002 ), #1605, .F. ) ;
#1664 = VECTOR ( 'NONE', #348, 1000.000000000000000 ) ;
#1665 = ORIENTED_EDGE ( 'NONE', *, *, #5067, .F. ) ;
#1666 = DIRECTION ( 'NONE',  ( -5.055354680658670800E-015, -1.000000000000000000, -1.403142791028454100E-029 ) ) ;
#1667 = DIRECTION ( 'NONE',  ( 1.000000000000000000, 0.0000000000000000000, 0.0000000000000000000 ) ) ;
#1668 = DATE_AND_TIME ( #828, #7235 ) ;
#1669 = DIRECTION ( 'NONE',  ( -0.0000000000000000000, -0.0000000000000000000, -1.000000000000000000 ) ) ;
#1670 = DIRECTION ( 'NONE',  ( -1.000000000000000000, 0.0000000000000000000, -2.914001035115545100E-015 ) ) ;
#1671 = LINE ( 'NONE', #4419, #6244 ) ;
#1672 = EDGE_CURVE ( 'NONE', #6870, #7627, #5718, .T. ) ;
#1673 = ORIENTED_EDGE ( 'NONE', *, *, #1281, .F. ) ;
#1674 = AXIS2_PLACEMENT_3D ( 'NONE', #5819, #4560, #7524 ) ;
#1675 = ORIENTED_EDGE ( 'NONE', *, *, #5873, .F. ) ;
#1676 = CIRCLE ( 'NONE', #2126, 2.149999999999891600 ) ;
#1677 = CARTESIAN_POINT ( 'NONE',  ( 2.499999999999997800, -6.479720420448896500, -33.52027957955103000 ) ) ;
#1678 = CARTESIAN_POINT ( 'NONE',  ( -3.304617909660149300E-016, -9.520279579551065300, -30.47972042044887400 ) ) ;
#1679 = LINE ( 'NONE', #1519, #7436 ) ;
#1680 = ORIENTED_EDGE ( 'NONE', *, *, #2591, .T. ) ;
#1681 = VERTEX_POINT ( 'NONE', #909 ) ;
#1682 = CIRCLE ( 'NONE', #5289, 15.87500000000000000 ) ;
#1683 = DIRECTION ( 'NONE',  ( -8.360113137237629900E-017, 5.055354680658670800E-015, 1.000000000000000000 ) ) ;
#1684 = SECURITY_CLASSIFICATION ( '', '', #2065 ) ;
#1685 = CONICAL_SURFACE ( 'NONE', #5058, 2.024999999999957300, 0.7853981633974667100 ) ;
#1686 = EDGE_LOOP ( 'NONE', ( #4797, #7035, #7562, #7061 ) ) ;
#1687 = DIRECTION ( 'NONE',  ( 5.055354680658670800E-015, 1.000000000000000000, 0.0000000000000000000 ) ) ;
#1688 = ORIENTED_EDGE ( 'NONE', *, *, #1502, .T. ) ;
#1689 = CONICAL_SURFACE ( 'NONE', #1674, 16.00000000000001100, 0.7853981633974760300 ) ;
#1690 = DIRECTION ( 'NONE',  ( -1.000000000000000000, 0.0000000000000000000, -2.823968449264621000E-015 ) ) ;
#1691 = CARTESIAN_POINT ( 'NONE',  ( 11.99999999999997500, -2.025000000000002100, -0.1249999999998640400 ) ) ;
#1692 = EDGE_CURVE ( 'NONE', #3376, #1681, #2615, .T. ) ;
#1693 = VECTOR ( 'NONE', #3032, 1000.000000000000000 ) ;
#1694 = EDGE_CURVE ( 'NONE', #4979, #6420, #570, .T. ) ;
#1695 = DIRECTION ( 'NONE',  ( 7.666467083416861400E-018, -0.7071067811865493500, 0.7071067811865455700 ) ) ;
#1696 = CARTESIAN_POINT ( 'NONE',  ( 15.99999999999997900, 8.000000000000035500, -0.1249999999998298900 ) ) ;
#1697 = AXIS2_PLACEMENT_3D ( 'NONE', #1144, #2917, #1087 ) ;
#1698 = ORIENTED_EDGE ( 'NONE', *, *, #1866, .T. ) ;
#1699 = DIRECTION ( 'NONE',  ( 0.0000000000000000000, 1.713307136767211700E-015, 1.000000000000000000 ) ) ;
#1700 = EDGE_LOOP ( 'NONE', ( #6058, #3724, #3150, #6680 ) ) ;
#1701 = ADVANCED_FACE ( 'NONE', ( #7258 ), #7346, .F. ) ;
#1702 = EDGE_CURVE ( 'NONE', #6297, #5024, #2, .T. ) ;
#1703 = CARTESIAN_POINT ( 'NONE',  ( -1.301042606982603800E-016, 5.469317744930408200E-015, -11.99999999999997500 ) ) ;
#1704 = FACE_BOUND ( 'NONE', #176, .T. ) ;
#1705 = CARTESIAN_POINT ( 'NONE',  ( 2.374999999999993800, -8.000000000000000000, -15.99999999999997000 ) ) ;
#1706 = EDGE_LOOP ( 'NONE', ( #1831, #1922, #3605, #7068 ) ) ;
#1707 = CIRCLE ( 'NONE', #438, 2.024999999999991900 ) ;
#1708 = AXIS2_PLACEMENT_3D ( 'NONE', #6651, #3110, #1325 ) ;
#1709 = CARTESIAN_POINT ( 'NONE',  ( -1.682109163955186400E-016, -8.485281374238560700, -13.36471862576139500 ) ) ;
#1710 = ORIENTED_EDGE ( 'NONE', *, *, #1225, .F. ) ;
#1711 = EDGE_LOOP ( 'NONE', ( #2185, #2762, #5173, #745, #121 ) ) ;
#1712 = FACE_OUTER_BOUND ( 'NONE', #2309, .T. ) ;
#1713 = VECTOR ( 'NONE', #1094, 1000.000000000000000 ) ;
#1714 = DIRECTION ( 'NONE',  ( -1.000000000000000000, 0.0000000000000000000, -2.914001035115545500E-015 ) ) ;
#1715 = LINE ( 'NONE', #99, #780 ) ;
#1716 = DIRECTION ( 'NONE',  ( -1.000000000000000000, 0.0000000000000000000, 0.0000000000000000000 ) ) ;
#1717 = ORIENTED_EDGE ( 'NONE', *, *, #1479, .T. ) ;
#1718 = EDGE_CURVE ( 'NONE', #3756, #2421, #5342, .T. ) ;
#1719 = DIRECTION ( 'NONE',  ( -1.000000000000000000, -0.0000000000000000000, -0.0000000000000000000 ) ) ;
#1720 = AXIS2_PLACEMENT_3D ( 'NONE', #4922, #3097, #1337 ) ;
#1721 = DIRECTION ( 'NONE',  ( 0.0000000000000000000, 0.0000000000000000000, -1.000000000000000000 ) ) ;
#1722 = CARTESIAN_POINT ( 'NONE',  ( 33.52027957955093700, -6.479720420448991500, 9.885230704352016600E-014 ) ) ;
#1723 = LINE ( 'NONE', #5464, #6115 ) ;
#1724 = LINE ( 'NONE', #5561, #424 ) ;
#1725 = EDGE_LOOP ( 'NONE', ( #309, #5227, #6639, #4263 ) ) ;
#1726 = CARTESIAN_POINT ( 'NONE',  ( 35.31370849898473800, 1.349909078679433100E-015, -2.374999999999872100 ) ) ;
#1727 = EDGE_CURVE ( 'NONE', #2947, #2466, #4414, .T. ) ;
#1728 = DIRECTION ( 'NONE',  ( 0.0000000000000000000, 0.0000000000000000000, -1.000000000000000000 ) ) ;
#1729 = EDGE_CURVE ( 'NONE', #3955, #2889, #4045, .T. ) ;
#1730 = PLANE ( 'NONE',  #473 ) ;
#1731 = AXIS2_PLACEMENT_3D ( 'NONE', #6436, #2868, #5949 ) ;
#1732 = VECTOR ( 'NONE', #3697, 1000.000000000000000 ) ;
#1733 = ORIENTED_EDGE ( 'NONE', *, *, #2579, .F. ) ;
#1734 = VERTEX_POINT ( 'NONE', #5767 ) ;
#1735 = DIRECTION ( 'NONE',  ( -2.775557561562893700E-015, -0.0000000000000000000, 1.000000000000000000 ) ) ;
#1736 = ADVANCED_FACE ( 'NONE', ( #3571 ), #4139, .F. ) ;
#1737 = LINE ( 'NONE', #1209, #6664 ) ;
#1738 = EDGE_LOOP ( 'NONE', ( #536, #5330, #5337, #5029 ) ) ;
#1739 = CARTESIAN_POINT ( 'NONE',  ( 26.14999999999998400, -11.31370849898476100, -2.499999999999915600 ) ) ;
#1740 = CARTESIAN_POINT ( 'NONE',  ( 0.1250000000000262000, -2.025000000000000800, -35.31370849898473100 ) ) ;
#1741 = EDGE_CURVE ( 'NONE', #6353, #7241, #754, .T. ) ;
#1742 = DIRECTION ( 'NONE',  ( 0.0000000000000000000, 0.0000000000000000000, 1.000000000000000000 ) ) ;
#1743 = DIRECTION ( 'NONE',  ( 2.949029909160574800E-015, 0.0000000000000000000, -1.000000000000000000 ) ) ;
#1744 = ORIENTED_EDGE ( 'NONE', *, *, #2214, .T. ) ;
#1745 = CARTESIAN_POINT ( 'NONE',  ( 23.99999999999997500, -11.31370849898476100, -2.499999999999921000 ) ) ;
#1746 = LINE ( 'NONE', #5996, #5563 ) ;
#1747 = ORIENTED_EDGE ( 'NONE', *, *, #5340, .F. ) ;
#1748 = ORIENTED_EDGE ( 'NONE', *, *, #1029, .T. ) ;
#1749 = DIRECTION ( 'NONE',  ( -0.7071067811865439100, 0.0000000000000000000, 0.7071067811865512400 ) ) ;
#1750 = EDGE_CURVE ( 'NONE', #95, #6864, #6538, .T. ) ;
#1751 = CARTESIAN_POINT ( 'NONE',  ( -2.602085213965209700E-016, -15.87500000000000000, -23.99999999999996800 ) ) ;
#1752 = ORIENTED_EDGE ( 'NONE', *, *, #490, .T. ) ;
#1753 = VECTOR ( 'NONE', #1472, 999.9999999999998900 ) ;
#1754 = ORIENTED_EDGE ( 'NONE', *, *, #6717, .F. ) ;
#1755 = AXIS2_PLACEMENT_3D ( 'NONE', #7010, #3443, #1111 ) ;
#1756 = DIRECTION ( 'NONE',  ( 2.914001035115545500E-015, -0.0000000000000000000, -1.000000000000000000 ) ) ;
#1757 = ORIENTED_EDGE ( 'NONE', *, *, #6874, .F. ) ;
#1758 = ORIENTED_EDGE ( 'NONE', *, *, #3449, .T. ) ;
#1759 = DIRECTION ( 'NONE',  ( -1.000000000000000000, 0.0000000000000000000, 0.0000000000000000000 ) ) ;
#1760 = VECTOR ( 'NONE', #4885, 1000.000000000000000 ) ;
#1761 = AXIS2_PLACEMENT_3D ( 'NONE', #495, #1126, #4065 ) ;
#1762 = DIRECTION ( 'NONE',  ( 2.914001035115545500E-015, -0.0000000000000000000, -1.000000000000000000 ) ) ;
#1763 = CARTESIAN_POINT ( 'NONE',  ( 13.36471862576141200, -8.485281374238560700, -2.499999999999944900 ) ) ;
#1765 = ORIENTED_EDGE ( 'NONE', *, *, #1875, .T. ) ;
#1764 = CARTESIAN_POINT ( 'NONE',  ( 0.1250000000000142900, -8.485281374238560700, -15.51471862576140600 ) ) ;
#1766 = CARTESIAN_POINT ( 'NONE',  ( 17.43189123190271100, 9.431891231902762100, -0.1249999999998298900 ) ) ;
#1767 = ORIENTED_EDGE ( 'NONE', *, *, #1019, .T. ) ;
#1768 = DIRECTION ( 'NONE',  ( -2.775557561562893700E-015, -0.0000000000000000000, 1.000000000000000000 ) ) ;
#1769 = CIRCLE ( 'NONE', #1084, 2.025000000000006100 ) ;
#1770 = ADVANCED_FACE ( 'NONE', ( #5804 ), #661, .F. ) ;
#1771 = EDGE_CURVE ( 'NONE', #6647, #787, #4518, .T. ) ;
#1772 = FACE_BOUND ( 'NONE', #6170, .T. ) ;
#1773 = AXIS2_PLACEMENT_3D ( 'NONE', #4929, #3157, #7361 ) ;
#1774 = ORIENTED_EDGE ( 'NONE', *, *, #6034, .F. ) ;
#1775 = VERTEX_POINT ( 'NONE', #6454 ) ;
#1776 = CARTESIAN_POINT ( 'NONE',  ( -3.634275994247072700E-016, -6.479720420448911600, -33.52027957955100800 ) ) ;
#1777 = LINE ( 'NONE', #6882, #186 ) ;
#1778 = LINE ( 'NONE', #1911, #1409 ) ;
#1779 = EDGE_CURVE ( 'NONE', #3776, #5975, #6904, .T. ) ;
#1780 = ADVANCED_FACE ( 'NONE', ( #2426 ), #987, .T. ) ;
#1781 = EDGE_LOOP ( 'NONE', ( #5343, #2051, #5299, #6526 ) ) ;
#1782 = ORIENTED_EDGE ( 'NONE', *, *, #5805, .F. ) ;
#1783 = AXIS2_PLACEMENT_3D ( 'NONE', #3109, #1835, #3026 ) ;
#1784 = CARTESIAN_POINT ( 'NONE',  ( 21.85000000000008700, -11.99999999999999300, 6.443630351515881500E-014 ) ) ;
#1785 = CARTESIAN_POINT ( 'NONE',  ( -3.903127820947815500E-016, -6.938893903907228400E-015, -35.99999999999996400 ) ) ;
#1786 = FACE_OUTER_BOUND ( 'NONE', #866, .T. ) ;
#1787 = CIRCLE ( 'NONE', #2217, 2.024999999999991900 ) ;
#1788 = DIRECTION ( 'NONE',  ( 0.7071067811865439100, 0.7071067811865511300, 0.0000000000000000000 ) ) ;
#1789 = ORIENTED_EDGE ( 'NONE', *, *, #3649, .F. ) ;
#1790 = ORIENTED_EDGE ( 'NONE', *, *, #6331, .T. ) ;
#1791 = DIRECTION ( 'NONE',  ( 0.0000000000000000000, 0.0000000000000000000, 1.000000000000000000 ) ) ;
#1792 = CARTESIAN_POINT ( 'NONE',  ( -1.734723475976807100E-015, 8.485281374238566000, -32.48528137423853900 ) ) ;
#1793 = EDGE_CURVE ( 'NONE', #4286, #1734, #2905, .T. ) ;
#1794 = EDGE_CURVE ( 'NONE', #5699, #3567, #6443, .T. ) ;
#1795 = DIRECTION ( 'NONE',  ( 0.7071067811865474600, 0.0000000000000000000, 0.7071067811865474600 ) ) ;
#1796 = DIRECTION ( 'NONE',  ( 0.7071067811865279200, -0.7071067811865672200, 0.0000000000000000000 ) ) ;
#1797 = CONICAL_SURFACE ( 'NONE', #3253, 6.999999999999999100, 0.7853981633974327400 ) ;
#1798 = DIRECTION ( 'NONE',  ( -1.000000000000000000, 0.0000000000000000000, -2.914001035115548200E-015 ) ) ;
#1799 = ORIENTED_EDGE ( 'NONE', *, *, #1364, .F. ) ;
#1800 = FACE_OUTER_BOUND ( 'NONE', #4024, .T. ) ;
#1801 = CARTESIAN_POINT ( 'NONE',  ( 2.499999999999995100, 11.99999999999999300, -23.99999999999997500 ) ) ;
#1802 = FACE_OUTER_BOUND ( 'NONE', #4832, .T. ) ;
#1803 = CARTESIAN_POINT ( 'NONE',  ( 35.31370849898473100, 1.349909078679433100E-015, -0.1249999999997827300 ) ) ;
#1804 = CIRCLE ( 'NONE', #7185, 2.024999999999999000 ) ;
#1805 = AXIS2_PLACEMENT_3D ( 'NONE', #1025, #6321, #1054 ) ;
#1806 = CIRCLE ( 'NONE', #518, 2.024999999999999000 ) ;
#1807 = ADVANCED_FACE ( 'NONE', ( #4509 ), #2862, .F. ) ;
#1808 = CIRCLE ( 'NONE', #6555, 2.024999999999999000 ) ;
#1809 = ORIENTED_EDGE ( 'NONE', *, *, #4785, .T. ) ;
#1810 = DIRECTION ( 'NONE',  ( -1.000000000000000000, 6.319193350823370000E-016, -2.949029909160574800E-015 ) ) ;
#1811 = CARTESIAN_POINT ( 'NONE',  ( -2.368981746880810400E-016, 16.00000000000011000, -21.84999999999982700 ) ) ;
#1812 = EDGE_CURVE ( 'NONE', #3021, #3945, #942, .T. ) ;
#1813 = FACE_OUTER_BOUND ( 'NONE', #6133, .T. ) ;
#1814 = CARTESIAN_POINT ( 'NONE',  ( 26.02499999999997000, -11.99999999999999300, -2.374999999999907200 ) ) ;
#1815 = ORIENTED_EDGE ( 'NONE', *, *, #3594, .F. ) ;
#1816 = ADVANCED_FACE ( 'NONE', ( #3470 ), #2048, .F. ) ;
#1817 = AXIS2_PLACEMENT_3D ( 'NONE', #3767, #6738, #143 ) ;
#1818 = DIRECTION ( 'NONE',  ( -1.000000000000000000, -0.0000000000000000000, -0.0000000000000000000 ) ) ;
#1819 = FACE_OUTER_BOUND ( 'NONE', #5800, .T. ) ;
#1820 = EDGE_LOOP ( 'NONE', ( #5799, #5423, #3152, #6969 ) ) ;
#1821 = ORIENTED_EDGE ( 'NONE', *, *, #5784, .T. ) ;
#1822 = EDGE_CURVE ( 'NONE', #3124, #2395, #3187, .T. ) ;
#1823 = DIRECTION ( 'NONE',  ( 0.5000000000000237600, -0.5000000000000042200, -0.7071067811865278100 ) ) ;
#1824 = EDGE_CURVE ( 'NONE', #2582, #349, #6350, .T. ) ;
#1825 = ORIENTED_EDGE ( 'NONE', *, *, #4617, .T. ) ;
#1826 = CONICAL_SURFACE ( 'NONE', #4027, 2.149999999999999000, 0.7853981633974482800 ) ;
#1827 = ORIENTED_EDGE ( 'NONE', *, *, #6088, .T. ) ;
#1828 = CARTESIAN_POINT ( 'NONE',  ( 2.375000000000013800, 8.000000000000035500, -15.99999999999997900 ) ) ;
#1829 = DIRECTION ( 'NONE',  ( 0.0000000000000000000, 0.0000000000000000000, 1.000000000000000000 ) ) ;
#1830 = EDGE_CURVE ( 'NONE', #2421, #6043, #2996, .T. ) ;
#1831 = ORIENTED_EDGE ( 'NONE', *, *, #886, .T. ) ;
#1832 = AXIS2_PLACEMENT_3D ( 'NONE', #4501, #5096, #2201 ) ;
#1833 = LINE ( 'NONE', #136, #5864 ) ;
#1834 = ORIENTED_EDGE ( 'NONE', *, *, #6566, .T. ) ;
#1835 = DIRECTION ( 'NONE',  ( -2.949029909160574800E-015, -0.0000000000000000000, 1.000000000000000000 ) ) ;
#1836 = EDGE_CURVE ( 'NONE', #7071, #5826, #1594, .T. ) ;
#1837 = DIRECTION ( 'NONE',  ( 2.914001035115545500E-015, -0.0000000000000000000, -1.000000000000000000 ) ) ;
#1838 = DIRECTION ( 'NONE',  ( 0.0000000000000000000, 0.7071067811865450200, 0.7071067811865500200 ) ) ;
#1839 = DIRECTION ( 'NONE',  ( -1.000000000000000000, -0.0000000000000000000, -2.949029909160574800E-015 ) ) ;
#1840 = LINE ( 'NONE', #2030, #4939 ) ;
#1841 = ORIENTED_EDGE ( 'NONE', *, *, #5568, .F. ) ;
#1842 = ADVANCED_FACE ( 'NONE', ( #1311 ), #1616, .T. ) ;
#1843 = VECTOR ( 'NONE', #4394, 1000.000000000000000 ) ;
#1844 = AXIS2_PLACEMENT_3D ( 'NONE', #4339, #3186, #747 ) ;
#1845 = CARTESIAN_POINT ( 'NONE',  ( 2.499999999999995100, -11.99999999999999300, -23.99999999999996100 ) ) ;
#1846 = LINE ( 'NONE', #6106, #3078 ) ;
#1847 = CARTESIAN_POINT ( 'NONE',  ( 31.05339014233578300, 9.917172606141326300, -2.374999999999873900 ) ) ;
#1848 = ORIENTED_EDGE ( 'NONE', *, *, #7449, .T. ) ;
#1849 = ADVANCED_FACE ( 'NONE', ( #4595 ), #1685, .F. ) ;
#1850 = ORIENTED_EDGE ( 'NONE', *, *, #1364, .T. ) ;
#1851 = FACE_BOUND ( 'NONE', #1864, .T. ) ;
#1852 = FACE_OUTER_BOUND ( 'NONE', #2733, .T. ) ;
#1853 = CARTESIAN_POINT ( 'NONE',  ( -3.469446951953614200E-016, 8.000000000000007100, -31.99999999999997200 ) ) ;
#1854 = EDGE_CURVE ( 'NONE', #7099, #6839, #1129, .T. ) ;
#1855 = ORIENTED_EDGE ( 'NONE', *, *, #2699, .T. ) ;
#1856 = CARTESIAN_POINT ( 'NONE',  ( 12.68629150101520300, -2.735438768656219200E-015, 3.741225307282344200E-014 ) ) ;
#1857 = ORIENTED_EDGE ( 'NONE', *, *, #4714, .T. ) ;
#1858 = CIRCLE ( 'NONE', #67, 2.024999999999999000 ) ;
#1859 = CIRCLE ( 'NONE', #4074, 2.000000000000001300 ) ;
#1860 = PLANE ( 'NONE',  #6683 ) ;
#1861 = CARTESIAN_POINT ( 'NONE',  ( -2.602085213965209200E-016, -11.31370849898476100, -23.99999999999996800 ) ) ;
#1862 = ORIENTED_EDGE ( 'NONE', *, *, #6521, .T. ) ;
#1863 = DIRECTION ( 'NONE',  ( -1.084202172485505400E-017, 0.0000000000000000000, -1.000000000000000000 ) ) ;
#1864 = EDGE_LOOP ( 'NONE', ( #3255, #7245, #4162, #898, #5172 ) ) ;
#1865 = FACE_OUTER_BOUND ( 'NONE', #4933, .T. ) ;
#1866 = EDGE_CURVE ( 'NONE', #2450, #1398, #7527, .T. ) ;
#1867 = AXIS2_PLACEMENT_3D ( 'NONE', #822, #3736, #1937 ) ;
#1868 = FACE_OUTER_BOUND ( 'NONE', #7406, .T. ) ;
#1869 = CARTESIAN_POINT ( 'NONE',  ( 2.374999999999991600, -10.56810876809727000, -10.56810876809717400 ) ) ;
#1871 = ORIENTED_EDGE ( 'NONE', *, *, #547, .F. ) ;
#1870 = CARTESIAN_POINT ( 'NONE',  ( 2.499999999999989300, 2.149999999999955900, -1.685364427828931600E-014 ) ) ;
#1872 = DIRECTION ( 'NONE',  ( -1.315446366589175700E-030, -1.000000000000000000, 5.055354680658670800E-015 ) ) ;
#1873 = ORIENTED_EDGE ( 'NONE', *, *, #4570, .F. ) ;
#1874 = DIRECTION ( 'NONE',  ( -1.000000000000000000, 0.0000000000000000000, -2.949029909160573600E-015 ) ) ;
#1875 = EDGE_CURVE ( 'NONE', #6066, #5842, #7632, .T. ) ;
#1876 = VECTOR ( 'NONE', #1943, 1000.000000000000000 ) ;
#1877 = CARTESIAN_POINT ( 'NONE',  ( 2.375000000000009300, 2.024999999999999900, -12.68629150101520300 ) ) ;
#1878 = ADVANCED_FACE ( 'NONE', ( #2335 ), #2821, .T. ) ;
#1879 = VERTEX_POINT ( 'NONE', #3537 ) ;
#1880 = LINE ( 'NONE', #4618, #6285 ) ;
#1881 = ORIENTED_EDGE ( 'NONE', *, *, #3609, .T. ) ;
#1882 = VERTEX_POINT ( 'NONE', #3535 ) ;
#1883 = DIRECTION ( 'NONE',  ( 0.0000000000000000000, 1.000000000000000000, 0.0000000000000000000 ) ) ;
#1884 = EDGE_CURVE ( 'NONE', #3678, #1374, #3373, .T. ) ;
#1885 = ORIENTED_EDGE ( 'NONE', *, *, #2591, .F. ) ;
#1886 = CARTESIAN_POINT ( 'NONE',  ( -3.304617909660149800E-016, 9.520279579551100800, -30.47972042044887800 ) ) ;
#1887 = ADVANCED_FACE ( 'NONE', ( #5334, #1403, #7076, #92, #5711, #4778, #4962, #7723, #1772, #3661 ), #4944, .F. ) ;
#1888 = VECTOR ( 'NONE', #1796, 1000.000000000000000 ) ;
#1889 = VECTOR ( 'NONE', #1153, 1000.000000000000000 ) ;
#1890 = VERTEX_POINT ( 'NONE', #3819 ) ;
#1891 = EDGE_LOOP ( 'NONE', ( #4373, #4705, #6486, #2505 ) ) ;
#1892 = EDGE_LOOP ( 'NONE', ( #6073, #3982, #7351, #244 ) ) ;
#1893 = DIRECTION ( 'NONE',  ( 1.084202172485505400E-017, 6.319193350823370000E-016, 1.000000000000000000 ) ) ;
#1894 = EDGE_CURVE ( 'NONE', #3519, #7585, #2713, .T. ) ;
#1895 = DIRECTION ( 'NONE',  ( -1.000000000000000000, -0.0000000000000000000, -0.0000000000000000000 ) ) ;
#1896 = CARTESIAN_POINT ( 'NONE',  ( 2.374999999999981800, -8.485281374238571300, -32.48528137423853200 ) ) ;
#1897 = EDGE_CURVE ( 'NONE', #1946, #6096, #3099, .T. ) ;
#1898 = FACE_OUTER_BOUND ( 'NONE', #614, .T. ) ;
#1899 = VECTOR ( 'NONE', #207, 1000.000000000000100 ) ;
#1900 = ORIENTED_EDGE ( 'NONE', *, *, #4052, .T. ) ;
#1901 = AXIS2_PLACEMENT_3D ( 'NONE', #3775, #6771, #3852 ) ;
#1902 = CARTESIAN_POINT ( 'NONE',  ( 23.99999999999997500, 0.0000000000000000000, -2.374999999999921000 ) ) ;
#1903 = CYLINDRICAL_SURFACE ( 'NONE', #616, 2.024999999999999000 ) ;
#1904 = ORIENTED_EDGE ( 'NONE', *, *, #497, .T. ) ;
#1905 = VERTEX_POINT ( 'NONE', #2532 ) ;
#1906 = CARTESIAN_POINT ( 'NONE',  ( 2.374999999999988000, 11.31370849898476100, -21.97499999999996200 ) ) ;
#1907 = DIRECTION ( 'NONE',  ( 0.0000000000000000000, 0.0000000000000000000, 1.000000000000000000 ) ) ;
#1908 = DIRECTION ( 'NONE',  ( 0.0000000000000000000, 0.0000000000000000000, 1.000000000000000000 ) ) ;
#1909 = EDGE_CURVE ( 'NONE', #815, #2054, #5062, .T. ) ;
#1910 = CARTESIAN_POINT ( 'NONE',  ( 15.99999999999997900, 8.000000000000035500, 1.569924745759010400E-013 ) ) ;
#1911 = CARTESIAN_POINT ( 'NONE',  ( 0.1250000000000034400, -2.025000000000002100, -11.99999999999997500 ) ) ;
#1912 = AXIS2_PLACEMENT_3D ( 'NONE', #635, #556, #7707 ) ;
#1913 = LINE ( 'NONE', #4466, #235 ) ;
#1914 = ORIENTED_EDGE ( 'NONE', *, *, #2368, .T. ) ;
#1915 = ORIENTED_EDGE ( 'NONE', *, *, #7416, .T. ) ;
#1916 = ADVANCED_FACE ( 'NONE', ( #6258 ), #203, .T. ) ;
#1917 = EDGE_LOOP ( 'NONE', ( #158, #903, #7636, #1367 ) ) ;
#1918 = CIRCLE ( 'NONE', #1708, 2.150000000000019900 ) ;
#1919 = DIRECTION ( 'NONE',  ( 0.7071067811865604500, 0.0000000000000000000, 0.7071067811865344700 ) ) ;
#1920 = CARTESIAN_POINT ( 'NONE',  ( 2.374999999999992900, -9.917172606141313900, -16.94660985766415700 ) ) ;
#1921 = EDGE_LOOP ( 'NONE', ( #4657, #1968, #7298, #3935 ) ) ;
#1922 = ORIENTED_EDGE ( 'NONE', *, *, #6131, .F. ) ;
#1923 = DIRECTION ( 'NONE',  ( 0.7071067811865672200, -0.7071067811865279200, -7.666467083417091000E-018 ) ) ;
#1924 = EDGE_CURVE ( 'NONE', #5564, #5506, #1859, .T. ) ;
#1925 = DIRECTION ( 'NONE',  ( 0.0000000000000000000, 0.0000000000000000000, 1.000000000000000000 ) ) ;
#1926 = PRODUCT_RELATED_PRODUCT_CATEGORY ( 'detail', '', ( #5017 ) ) ;
#1927 = ADVANCED_FACE ( 'NONE', ( #6080 ), #2001, .T. ) ;
#1928 = ORIENTED_EDGE ( 'NONE', *, *, #1909, .F. ) ;
#1929 = CARTESIAN_POINT ( 'NONE',  ( 26.02500000000003100, -1.315656055641420400E-013, -2.374999999999901900 ) ) ;
#1930 = ORIENTED_EDGE ( 'NONE', *, *, #685, .T. ) ;
#1931 = CARTESIAN_POINT ( 'NONE',  ( 21.85000000000008700, -11.31370849898476100, 6.443630351515881500E-014 ) ) ;
#1932 = EDGE_CURVE ( 'NONE', #1890, #5317, #6803, .T. ) ;
#1933 = EDGE_CURVE ( 'NONE', #3528, #2096, #7250, .T. ) ;
#1934 = CARTESIAN_POINT ( 'NONE',  ( 2.375000000000008900, 5.469317744930408200E-015, -11.99999999999997500 ) ) ;
#1935 = LINE ( 'NONE', #2175, #6879 ) ;
#1936 = ORIENTED_EDGE ( 'NONE', *, *, #1289, .T. ) ;
#1937 = DIRECTION ( 'NONE',  ( -0.7071067811865462400, -0.7071067811865489100, -2.085279046689387100E-015 ) ) ;
#1938 = PLANE ( 'NONE',  #7624 ) ;
#1939 = DIRECTION ( 'NONE',  ( -0.7071067811865532300, 0.7071067811865418000, -1.962615573354736300E-015 ) ) ;
#1940 = ORIENTED_EDGE ( 'NONE', *, *, #2924, .F. ) ;
#1941 = CARTESIAN_POINT ( 'NONE',  ( 0.1249999999999998300, -16.00000000000000000, -23.99999999999996800 ) ) ;
#1942 = CIRCLE ( 'NONE', #1635, 16.00000000000000700 ) ;
#1943 = DIRECTION ( 'NONE',  ( -0.7071067811865561200, 0.0000000000000000000, -0.7071067811865389100 ) ) ;
#1944 = VECTOR ( 'NONE', #5202, 1000.000000000000000 ) ;
#1945 = DIRECTION ( 'NONE',  ( -7.666467083416822900E-018, -0.7071067811865526800, -0.7071067811865424700 ) ) ;
#1946 = VERTEX_POINT ( 'NONE', #6214 ) ;
#1947 = ORIENTED_EDGE ( 'NONE', *, *, #3237, .T. ) ;
#1948 = DIRECTION ( 'NONE',  ( 0.7071067811865474600, 0.0000000000000000000, 0.7071067811865474600 ) ) ;
#1949 = DIRECTION ( 'NONE',  ( 0.0000000000000000000, 6.853228547068846700E-015, 1.000000000000000000 ) ) ;
#1950 = LINE ( 'NONE', #4872, #2712 ) ;
#1951 = AXIS2_PLACEMENT_3D ( 'NONE', #5228, #3392, #5737 ) ;
#1952 = DIRECTION ( 'NONE',  ( 2.602085213965212600E-016, -0.0000000000000000000, -1.000000000000000000 ) ) ;
#1953 = VECTOR ( 'NONE', #3375, 1000.000000000000000 ) ;
#1954 = ORIENTED_EDGE ( 'NONE', *, *, #1894, .F. ) ;
#1955 = ORIENTED_EDGE ( 'NONE', *, *, #6778, .T. ) ;
#1956 = CARTESIAN_POINT ( 'NONE',  ( 2.499999999999996900, -9.520279579551084800, -30.47972042044885700 ) ) ;
#1957 = DIRECTION ( 'NONE',  ( 1.000000000000000000, -0.0000000000000000000, 8.360113137237629900E-017 ) ) ;
#1958 = EDGE_CURVE ( 'NONE', #3521, #2644, #3564, .T. ) ;
#1959 = VECTOR ( 'NONE', #1535, 1000.000000000000000 ) ;
#1960 = DIRECTION ( 'NONE',  ( 0.0000000000000000000, 0.0000000000000000000, 1.000000000000000000 ) ) ;
#1961 = ORIENTED_EDGE ( 'NONE', *, *, #5043, .F. ) ;
#1962 = ORIENTED_EDGE ( 'NONE', *, *, #3862, .F. ) ;
#1963 = DIRECTION ( 'NONE',  ( 2.949029909160574800E-015, 0.0000000000000000000, -1.000000000000000000 ) ) ;
#1964 = DIRECTION ( 'NONE',  ( -1.000000000000000000, 0.0000000000000000000, 0.0000000000000000000 ) ) ;
#1965 = DIRECTION ( 'NONE',  ( 0.0000000000000000000, 0.0000000000000000000, 1.000000000000000000 ) ) ;
#1966 = ADVANCED_FACE ( 'NONE', ( #6706 ), #6894, .F. ) ;
#1967 = CIRCLE ( 'NONE', #7464, 2.000000000000001300 ) ;
#1968 = ORIENTED_EDGE ( 'NONE', *, *, #1225, .T. ) ;
#1969 = CARTESIAN_POINT ( 'NONE',  ( -1.301042606982603800E-016, 2.150000000000006600, -11.99999999999997500 ) ) ;
#1970 = VERTEX_POINT ( 'NONE', #3984 ) ;
#1971 = AXIS2_PLACEMENT_3D ( 'NONE', #4686, #6459, #5844 ) ;
#1972 = CC_DESIGN_DATE_AND_TIME_ASSIGNMENT ( #3643, #2649, ( #2835 ) ) ;
#1973 = VECTOR ( 'NONE', #6103, 1000.000000000000000 ) ;
#1974 = CARTESIAN_POINT ( 'NONE',  ( -1.599977795958137700E-014, -2.149999999999978200, -2.499999999999988000 ) ) ;
#1975 = PLANE ( 'NONE',  #7439 ) ;
#1976 = ORIENTED_EDGE ( 'NONE', *, *, #4016, .T. ) ;
#1977 = DIRECTION ( 'NONE',  ( -1.000000000000000000, -0.0000000000000000000, -0.0000000000000000000 ) ) ;
#1978 = ORIENTED_EDGE ( 'NONE', *, *, #7025, .T. ) ;
#1979 = FACE_OUTER_BOUND ( 'NONE', #548, .T. ) ;
#1980 = AXIS2_PLACEMENT_3D ( 'NONE', #2925, #5354, #3582 ) ;
#1981 = CIRCLE ( 'NONE', #2181, 2.149999999999843100 ) ;
#1983 = EDGE_LOOP ( 'NONE', ( #4209, #2130, #1038, #6761 ) ) ;
#1982 = DIRECTION ( 'NONE',  ( -1.000000000000000000, 0.0000000000000000000, 0.0000000000000000000 ) ) ;
#1984 = CYLINDRICAL_SURFACE ( 'NONE', #5988, 2.025000000000002600 ) ;
#1985 = EDGE_LOOP ( 'NONE', ( #3805, #5879, #3338, #35 ) ) ;
#1986 = DIRECTION ( 'NONE',  ( -1.000000000000000000, 0.0000000000000000000, -2.602085213965212600E-016 ) ) ;
#1987 = FACE_OUTER_BOUND ( 'NONE', #6365, .T. ) ;
#1988 = DIRECTION ( 'NONE',  ( -1.000000000000000000, 0.0000000000000000000, -2.914001035115544700E-015 ) ) ;
#1989 = LINE ( 'NONE', #7669, #3978 ) ;
#1990 = DIRECTION ( 'NONE',  ( -1.000000000000000000, 0.0000000000000000000, 0.0000000000000000000 ) ) ;
#1991 = CARTESIAN_POINT ( 'NONE',  ( 2.499999999999997300, -8.485281374238571300, -32.48528137423853200 ) ) ;
#1992 = CIRCLE ( 'NONE', #1212, 2.150000000000033700 ) ;
#1993 = CARTESIAN_POINT ( 'NONE',  ( 0.1250000000000142900, -8.485281374238560700, -13.48971862576141200 ) ) ;
#1994 = VERTEX_POINT ( 'NONE', #5642 ) ;
#1995 = ORIENTED_EDGE ( 'NONE', *, *, #723, .F. ) ;
#1996 = DIRECTION ( 'NONE',  ( -0.0000000000000000000, -0.0000000000000000000, -1.000000000000000000 ) ) ;
#1997 = AXIS2_PLACEMENT_3D ( 'NONE', #4717, #1132, #1160 ) ;
#1998 = VECTOR ( 'NONE', #3824, 1000.000000000000000 ) ;
#1999 = CARTESIAN_POINT ( 'NONE',  ( 2.499999999999994700, -11.31370849898476100, -21.84999999999995200 ) ) ;
#2000 = ORIENTED_EDGE ( 'NONE', *, *, #90, .F. ) ;
#2001 = PLANE ( 'NONE',  #7475 ) ;
#2002 = CARTESIAN_POINT ( 'NONE',  ( 5.520279579550700300, 21.52027957955078800, 1.627946958702337600E-014 ) ) ;
#2003 = CARTESIAN_POINT ( 'NONE',  ( 32.48528137423853200, -8.485281374238571300, 2.103352214621878600E-013 ) ) ;
#2004 = ADVANCED_FACE ( 'NONE', ( #3752 ), #2050, .F. ) ;
#2005 = LINE ( 'NONE', #295, #3714 ) ;
#2006 = ORIENTED_EDGE ( 'NONE', *, *, #40, .F. ) ;
#2007 = ORIENTED_EDGE ( 'NONE', *, *, #5451, .T. ) ;
#2008 = AXIS2_PLACEMENT_3D ( 'NONE', #4165, #6604, #4865 ) ;
#2009 = DIRECTION ( 'NONE',  ( 1.000000000000000000, -0.0000000000000000000, 8.360113137237629900E-017 ) ) ;
#2010 = LINE ( 'NONE', #5093, #2778 ) ;
#2011 = ORIENTED_EDGE ( 'NONE', *, *, #823, .T. ) ;
#2012 = ORIENTED_EDGE ( 'NONE', *, *, #1958, .F. ) ;
#2013 = CARTESIAN_POINT ( 'NONE',  ( 23.99999999999996800, 0.0000000000000000000, -0.1249999999998421400 ) ) ;
#2014 = DIRECTION ( 'NONE',  ( -0.0000000000000000000, -1.000000000000000000, -0.0000000000000000000 ) ) ;
#2015 = DIRECTION ( 'NONE',  ( -0.7071067811865517900, -0.5000000000000018900, 0.4999999999999921200 ) ) ;
#2016 = EDGE_CURVE ( 'NONE', #2914, #3624, #2144, .T. ) ;
#2017 = VERTEX_POINT ( 'NONE', #5078 ) ;
#2018 = CONICAL_SURFACE ( 'NONE', #7574, 2.025000000000006100, 0.7853981633974991300 ) ;
#2019 = ORIENTED_EDGE ( 'NONE', *, *, #6186, .T. ) ;
#2020 = CARTESIAN_POINT ( 'NONE',  ( -1.301042606982605300E-015, 7.053390142335797600, -33.91717260614130000 ) ) ;
#2021 = EDGE_CURVE ( 'NONE', #6954, #4749, #3941, .T. ) ;
#2022 = EDGE_CURVE ( 'NONE', #6587, #3967, #6529, .T. ) ;
#2023 = DIRECTION ( 'NONE',  ( 1.000000000000000000, -0.0000000000000000000, 8.360113137237629900E-017 ) ) ;
#2024 = DIRECTION ( 'NONE',  ( 1.000000000000000000, -0.0000000000000000000, -1.084202172485505400E-017 ) ) ;
#2025 = AXIS2_PLACEMENT_3D ( 'NONE', #4973, #4998, #1386 ) ;
#2026 = VECTOR ( 'NONE', #6859, 1000.000000000000000 ) ;
#2027 = ORIENTED_EDGE ( 'NONE', *, *, #4341, .T. ) ;
#2028 = ORIENTED_EDGE ( 'NONE', *, *, #447, .F. ) ;
#2029 = VECTOR ( 'NONE', #4961, 1000.000000000000000 ) ;
#2030 = CARTESIAN_POINT ( 'NONE',  ( 30.47972042044884900, -9.520279579551095500, -2.499999999999903200 ) ) ;
#2031 = LINE ( 'NONE', #4369, #5150 ) ;
#2032 = DIRECTION ( 'NONE',  ( 0.7071067811865594500, 3.574675575996970200E-015, 0.7071067811865356900 ) ) ;
#2033 = EDGE_CURVE ( 'NONE', #2154, #6415, #5159, .T. ) ;
#2034 = VERTEX_POINT ( 'NONE', #339 ) ;
#2035 = ORIENTED_EDGE ( 'NONE', *, *, #5738, .F. ) ;
#2036 = VECTOR ( 'NONE', #1069, 1000.000000000000100 ) ;
#2037 = DIRECTION ( 'NONE',  ( 1.000000000000000000, -0.0000000000000000000, -1.084202172485505400E-017 ) ) ;
#2038 = AXIS2_PLACEMENT_3D ( 'NONE', #1910, #1354, #6676 ) ;
#2039 = CARTESIAN_POINT ( 'NONE',  ( 2.374999999999988500, 11.31370849898476100, -23.99999999999996400 ) ) ;
#2040 = LINE ( 'NONE', #6921, #3654 ) ;
#2041 = DIRECTION ( 'NONE',  ( 0.7071067811865279200, 0.0000000000000000000, -0.7071067811865671100 ) ) ;
#2042 = CARTESIAN_POINT ( 'NONE',  ( -2.368981746880825200E-016, 11.99999999999999300, -21.84999999999996200 ) ) ;
#2043 = ADVANCED_FACE ( 'NONE', ( #2520 ), #2510, .F. ) ;
#2044 = ORIENTED_EDGE ( 'NONE', *, *, #5839, .F. ) ;
#2045 = ORIENTED_EDGE ( 'NONE', *, *, #4468, .F. ) ;
#2046 = DIRECTION ( 'NONE',  ( -1.000000000000000000, -0.0000000000000000000, -0.0000000000000000000 ) ) ;
#2047 = CYLINDRICAL_SURFACE ( 'NONE', #7647, 2.024999999999999000 ) ;
#2048 = CYLINDRICAL_SURFACE ( 'NONE', #7412, 2.024999999999999000 ) ;
#2049 = CARTESIAN_POINT ( 'NONE',  ( -3.035766082959412400E-015, -8.000000000000000000, -15.99999999999997000 ) ) ;
#2051 = ORIENTED_EDGE ( 'NONE', *, *, #3940, .F. ) ;
#2050 = PLANE ( 'NONE',  #2489 ) ;
#2052 = DIRECTION ( 'NONE',  ( -0.0000000000000000000, -0.0000000000000000000, -1.000000000000000000 ) ) ;
#2053 = AXIS2_PLACEMENT_3D ( 'NONE', #4824, #7246, #3644 ) ;
#2054 = VERTEX_POINT ( 'NONE', #3327 ) ;
#2055 = DIRECTION ( 'NONE',  ( 1.084202172485504600E-017, 0.0000000000000000000, 1.000000000000000000 ) ) ;
#2056 = LINE ( 'NONE', #1739, #2621 ) ;
#2057 = CONICAL_SURFACE ( 'NONE', #643, 2.150000000000002600, 0.7853981633974482800 ) ;
#2058 = VERTEX_POINT ( 'NONE', #3301 ) ;
#2059 = EDGE_LOOP ( 'NONE', ( #2281, #302, #3071, #2929 ) ) ;
#2060 = CARTESIAN_POINT ( 'NONE',  ( 21.97499999999990900, 1.110914191074738400E-013, -0.1249999999998173700 ) ) ;
#2061 = EDGE_CURVE ( 'NONE', #7133, #263, #4222, .T. ) ;
#2062 = AXIS2_PLACEMENT_3D ( 'NONE', #2388, #4683, #1687 ) ;
#2063 = CIRCLE ( 'NONE', #2025, 2.150000000000006100 ) ;
#2064 = DIRECTION ( 'NONE',  ( -1.000000000000000000, 0.0000000000000000000, -2.914001035115545100E-015 ) ) ;
#2065 = SECURITY_CLASSIFICATION_LEVEL ( 'unclassified' ) ;
#2066 = VERTEX_POINT ( 'NONE', #863 ) ;
#2067 = CARTESIAN_POINT ( 'NONE',  ( 35.99999999999996400, 2.025000000000001700, 2.216109240560371100E-013 ) ) ;
#2068 = DIRECTION ( 'NONE',  ( -0.7071067811865107100, 0.0000000000000000000, -0.7071067811865843200 ) ) ;
#2069 = DIRECTION ( 'NONE',  ( 2.914001035115545500E-015, -0.0000000000000000000, -1.000000000000000000 ) ) ;
#2070 = EDGE_CURVE ( 'NONE', #6568, #484, #1679, .T. ) ;
#2071 = VECTOR ( 'NONE', #2215, 999.9999999999998900 ) ;
#2072 = CARTESIAN_POINT ( 'NONE',  ( 0.1250000000000262000, 2.025000000000000800, -35.31370849898473100 ) ) ;
#2073 = ADVANCED_FACE ( 'NONE', ( #1852 ), #4868, .F. ) ;
#2074 = EDGE_CURVE ( 'NONE', #5842, #3134, #6607, .T. ) ;
#2075 = EDGE_LOOP ( 'NONE', ( #3360, #100, #6908, #5681 ) ) ;
#2076 = ORIENTED_EDGE ( 'NONE', *, *, #2170, .T. ) ;
#2077 = PRODUCT_DEFINITION_FORMATION_WITH_SPECIFIED_SOURCE ( 'ANY', '', #5017, .NOT_KNOWN. ) ;
#2078 = VERTEX_POINT ( 'NONE', #2689 ) ;
#2079 = CARTESIAN_POINT ( 'NONE',  ( 34.51028137423854500, 8.485281374238566000, -0.1249999999997810200 ) ) ;
#2080 = CARTESIAN_POINT ( 'NONE',  ( 2.499999999999992500, -2.149999999999992800, -11.99999999999997500 ) ) ;
#2081 = DIRECTION ( 'NONE',  ( 0.0000000000000000000, 0.0000000000000000000, 1.000000000000000000 ) ) ;
#2082 = VECTOR ( 'NONE', #2831, 1000.000000000000000 ) ;
#2083 = DIRECTION ( 'NONE',  ( 1.084202172485506000E-017, 0.0000000000000000000, 1.000000000000000000 ) ) ;
#2084 = VECTOR ( 'NONE', #2796, 1000.000000000000000 ) ;
#2085 = CARTESIAN_POINT ( 'NONE',  ( 26.02499999999991000, -1.315656055641414400E-013, 1.895185397504661800E-013 ) ) ;
#2086 = ORIENTED_EDGE ( 'NONE', *, *, #1527, .T. ) ;
#2087 = ADVANCED_FACE ( 'NONE', ( #3835 ), #2714, .T. ) ;
#2088 = EDGE_CURVE ( 'NONE', #7517, #4979, #3278, .T. ) ;
#2089 = VERTEX_POINT ( 'NONE', #2740 ) ;
#2090 = AXIS2_PLACEMENT_3D ( 'NONE', #6150, #6227, #3869 ) ;
#2091 = CARTESIAN_POINT ( 'NONE',  ( 29.97499999999994500, -7.999999999999992900, 2.031333267590962700E-013 ) ) ;
#2092 = CARTESIAN_POINT ( 'NONE',  ( 31.99999999999997900, 8.000000000000007100, -2.374999999999870300 ) ) ;
#2093 = EDGE_CURVE ( 'NONE', #3281, #5890, #5419, .T. ) ;
#2094 = FACE_OUTER_BOUND ( 'NONE', #476, .T. ) ;
#2095 = ORIENTED_EDGE ( 'NONE', *, *, #2727, .F. ) ;
#2096 = VERTEX_POINT ( 'NONE', #2159 ) ;
#2097 = DIRECTION ( 'NONE',  ( -0.5000000000000223200, -0.5000000000000076600, -0.7071067811865263700 ) ) ;
#2098 =( LENGTH_UNIT ( ) NAMED_UNIT ( * ) SI_UNIT ( .MILLI., .METRE. ) );
#2099 = CARTESIAN_POINT ( 'NONE',  ( 2.375000000000013800, 6.568108768097276100, -14.56810876809722200 ) ) ;
#2100 = CARTESIAN_POINT ( 'NONE',  ( 35.31370849898473800, 1.349909078679433100E-015, -2.374999999999872100 ) ) ;
#2101 = VECTOR ( 'NONE', #3513, 1000.000000000000100 ) ;
#2102 = ORIENTED_EDGE ( 'NONE', *, *, #2345, .F. ) ;
#2103 = DIRECTION ( 'NONE',  ( 1.000000000000000000, 6.319193350823370000E-016, 2.775557561562893700E-015 ) ) ;
#2104 = DIRECTION ( 'NONE',  ( 1.000000000000000000, 0.0000000000000000000, 0.0000000000000000000 ) ) ;
#2105 = VERTEX_POINT ( 'NONE', #4563 ) ;
#2106 = DIRECTION ( 'NONE',  ( -0.7071067811865424700, 0.7071067811865526800, -2.085279046689376000E-015 ) ) ;
#2107 = LINE ( 'NONE', #955, #7685 ) ;
#2108 = ORIENTED_EDGE ( 'NONE', *, *, #5869, .T. ) ;
#2109 = ORIENTED_EDGE ( 'NONE', *, *, #4112, .T. ) ;
#2110 = DIRECTION ( 'NONE',  ( 0.7071067811865462400, 0.7071067811865489100, 1.962615573354716900E-015 ) ) ;
#2111 = CARTESIAN_POINT ( 'NONE',  ( 15.99999999999997000, -8.000000000000000000, -0.1249999999998400300 ) ) ;
#2112 = EDGE_CURVE ( 'NONE', #7034, #2738, #2040, .T. ) ;
#2113 = ORIENTED_EDGE ( 'NONE', *, *, #5351, .T. ) ;
#2114 = AXIS2_PLACEMENT_3D ( 'NONE', #5776, #1621, #3453 ) ;
#2115 = FACE_OUTER_BOUND ( 'NONE', #317, .T. ) ;
#2116 = ORIENTED_EDGE ( 'NONE', *, *, #6467, .F. ) ;
#2117 = ORIENTED_EDGE ( 'NONE', *, *, #5445, .F. ) ;
#2118 = PLANE ( 'NONE',  #6215 ) ;
#2119 = DIRECTION ( 'NONE',  ( 0.7071067811865515700, -3.574675575996909500E-015, -0.7071067811865435800 ) ) ;
#2120 = ORIENTED_EDGE ( 'NONE', *, *, #2736, .T. ) ;
#2121 = LINE ( 'NONE', #2091, #5870 ) ;
#2122 = ORIENTED_EDGE ( 'NONE', *, *, #2021, .T. ) ;
#2123 = EDGE_CURVE ( 'NONE', #6089, #2718, #4405, .T. ) ;
#2124 = CARTESIAN_POINT ( 'NONE',  ( 2.375000000000007100, 8.572527594031474200E-016, -16.99999999999996800 ) ) ;
#2125 = ADVANCED_FACE ( 'NONE', ( #2235 ), #7556, .F. ) ;
#2126 = AXIS2_PLACEMENT_3D ( 'NONE', #3555, #4834, #6053 ) ;
#2127 = PERSON_AND_ORGANIZATION ( #963, #4302 ) ;
#2128 = DIRECTION ( 'NONE',  ( 0.4999999999999979500, -0.4999999999999972800, 0.7071067811865509000 ) ) ;
#2129 = CIRCLE ( 'NONE', #2150, 2.150000000000000800 ) ;
#2130 = ORIENTED_EDGE ( 'NONE', *, *, #1552, .F. ) ;
#2131 = DIRECTION ( 'NONE',  ( 0.0000000000000000000, 0.0000000000000000000, -1.000000000000000000 ) ) ;
#2132 = CARTESIAN_POINT ( 'NONE',  ( 2.375000000000013800, 8.000000000000035500, -15.99999999999997900 ) ) ;
#2133 = ORIENTED_EDGE ( 'NONE', *, *, #1170, .F. ) ;
#2134 = VECTOR ( 'NONE', #6509, 1000.000000000000000 ) ;
#2135 = AXIS2_PLACEMENT_3D ( 'NONE', #5557, #2605, #834 ) ;
#2136 = CARTESIAN_POINT ( 'NONE',  ( 4.499999999999984900, 15.87499999999999300, -2.499999999999973400 ) ) ;
#2137 = LINE ( 'NONE', #6511, #5795 ) ;
#2138 = EDGE_CURVE ( 'NONE', #107, #5164, #6696, .T. ) ;
#2139 = ORIENTED_EDGE ( 'NONE', *, *, #1771, .F. ) ;
#2140 = DIRECTION ( 'NONE',  ( 0.0000000000000000000, 0.0000000000000000000, 1.000000000000000000 ) ) ;
#2141 = ORIENTED_EDGE ( 'NONE', *, *, #1539, .T. ) ;
#2142 = DIRECTION ( 'NONE',  ( 1.000000000000000000, -0.0000000000000000000, 8.360113137237629900E-017 ) ) ;
#2143 = CIRCLE ( 'NONE', #5685, 2.024999999999955500 ) ;
#2144 = LINE ( 'NONE', #5162, #1501 ) ;
#2145 = DIRECTION ( 'NONE',  ( 0.7071067811865389100, 8.659560562354828100E-017, -0.7071067811865561200 ) ) ;
#2146 = ORIENTED_EDGE ( 'NONE', *, *, #3439, .F. ) ;
#2147 = ORIENTED_EDGE ( 'NONE', *, *, #6240, .F. ) ;
#2148 = DIRECTION ( 'NONE',  ( 0.0000000000000000000, 0.0000000000000000000, 1.000000000000000000 ) ) ;
#2149 = LINE ( 'NONE', #5144, #7727 ) ;
#2150 = AXIS2_PLACEMENT_3D ( 'NONE', #4079, #3419, #2229 ) ;
#2151 = PERSON_AND_ORGANIZATION_ROLE ( 'design_owner' ) ;
#2152 = CARTESIAN_POINT ( 'NONE',  ( -1.829591166069284800E-016, 0.0000000000000000000, -16.87499999999995000 ) ) ;
#2153 = VECTOR ( 'NONE', #5068, 1000.000000000000000 ) ;
#2154 = VERTEX_POINT ( 'NONE', #6460 ) ;
#2155 = ORIENTED_EDGE ( 'NONE', *, *, #371, .T. ) ;
#2156 = CARTESIAN_POINT ( 'NONE',  ( 23.99999999999997500, 0.0000000000000000000, -2.499999999999921000 ) ) ;
#2157 = DIRECTION ( 'NONE',  ( -5.481026527454899000E-032, 1.000000000000000000, -5.055354680658670800E-015 ) ) ;
#2158 = LINE ( 'NONE', #4610, #3855 ) ;
#2159 = CARTESIAN_POINT ( 'NONE',  ( 0.1249999999999998300, -11.99999999999999300, -26.02499999999996300 ) ) ;
#2160 = CARTESIAN_POINT ( 'NONE',  ( -1.274014550712733800E-015, -2.024999999999994600, 1.049507702965968300E-013 ) ) ;
#2161 = AXIS2_PLACEMENT_3D ( 'NONE', #4303, #1228, #3619 ) ;
#2162 = CARTESIAN_POINT ( 'NONE',  ( 23.99999999999997500, -15.87500000000000000, -2.499999999999921000 ) ) ;
#2163 = CARTESIAN_POINT ( 'NONE',  ( 2.374999999999995100, -16.00000000000000700, -23.99999999999996800 ) ) ;
#2164 = EDGE_LOOP ( 'NONE', ( #1809, #6500, #1304, #5708 ) ) ;
#2165 = ADVANCED_FACE ( 'NONE', ( #2419 ), #3462, .F. ) ;
#2166 = DIRECTION ( 'NONE',  ( 0.7071067811865279200, 0.0000000000000000000, -0.7071067811865672200 ) ) ;
#2167 = VECTOR ( 'NONE', #7029, 1000.000000000000000 ) ;
#2168 = ORIENTED_EDGE ( 'NONE', *, *, #6830, .T. ) ;
#2169 = VERTEX_POINT ( 'NONE', #2209 ) ;
#2170 = EDGE_CURVE ( 'NONE', #6208, #6386, #2608, .T. ) ;
#2171 = AXIS2_PLACEMENT_3D ( 'NONE', #1934, #4437, #2616 ) ;
#2172 = VECTOR ( 'NONE', #2988, 1000.000000000000000 ) ;
#2173 = FACE_OUTER_BOUND ( 'NONE', #3781, .T. ) ;
#2174 = DIRECTION ( 'NONE',  ( 2.914001035115545500E-015, -0.0000000000000000000, -1.000000000000000000 ) ) ;
#2175 = CARTESIAN_POINT ( 'NONE',  ( 2.374999999999981800, -7.053390142335809200, -33.91717260614130000 ) ) ;
#2176 = ORIENTED_EDGE ( 'NONE', *, *, #765, .T. ) ;
#2177 = CYLINDRICAL_SURFACE ( 'NONE', #1435, 2.025000000000002600 ) ;
#2178 = ORIENTED_EDGE ( 'NONE', *, *, #3987, .T. ) ;
#2179 = CYLINDRICAL_SURFACE ( 'NONE', #3630, 2.024999999999955500 ) ;
#2180 = DIRECTION ( 'NONE',  ( -0.7071067811865462400, -0.7071067811865489100, -2.085279046689387100E-015 ) ) ;
#2181 = AXIS2_PLACEMENT_3D ( 'NONE', #4392, #6702, #3185 ) ;
#2182 = LINE ( 'NONE', #5106, #1443 ) ;
#2183 = VECTOR ( 'NONE', #2443, 1000.000000000000100 ) ;
#2184 = DIRECTION ( 'NONE',  ( 5.055354680658670800E-015, -1.000000000000000000, 1.490839215467732600E-029 ) ) ;
#2185 = ORIENTED_EDGE ( 'NONE', *, *, #4987, .F. ) ;
#2186 = CARTESIAN_POINT ( 'NONE',  ( 2.374999999999993800, 8.000000000000007100, -31.99999999999997200 ) ) ;
#2187 = DIRECTION ( 'NONE',  ( 1.000000000000000000, 0.0000000000000000000, 0.0000000000000000000 ) ) ;
#2188 = EDGE_CURVE ( 'NONE', #3967, #4925, #4500, .T. ) ;
#2189 = CONICAL_SURFACE ( 'NONE', #6514, 2.024999999999999000, 0.7853981633974571600 ) ;
#2190 = EDGE_CURVE ( 'NONE', #5778, #5506, #555, .T. ) ;
#2191 = EDGE_LOOP ( 'NONE', ( #2991, #6184, #5814, #7218 ) ) ;
#2192 = CARTESIAN_POINT ( 'NONE',  ( 13.99443904621034000, -6.965001794687487400, -2.499999999999948900 ) ) ;
#2193 = PLANE ( 'NONE',  #2915 ) ;
#2194 = CARTESIAN_POINT ( 'NONE',  ( 2.375000000000007100, -2.024999999999999500, -35.31370849898473100 ) ) ;
#2195 = ORIENTED_EDGE ( 'NONE', *, *, #5489, .F. ) ;
#2196 = LINE ( 'NONE', #7331, #2298 ) ;
#2197 = EDGE_LOOP ( 'NONE', ( #5437, #3167, #4425, #6548 ) ) ;
#2198 = VERTEX_POINT ( 'NONE', #4088 ) ;
#2199 = DIRECTION ( 'NONE',  ( 0.7071067811865302500, 0.0000000000000000000, -0.7071067811865646700 ) ) ;
#2200 = CARTESIAN_POINT ( 'NONE',  ( 2.499999999999997300, -8.485281374238571300, -32.48528137423853200 ) ) ;
#2201 = DIRECTION ( 'NONE',  ( 0.0000000000000000000, 1.713307136767225300E-015, 1.000000000000000000 ) ) ;
#2202 = ADVANCED_FACE ( 'NONE', ( #6434 ), #5053, .F. ) ;
#2203 = ORIENTED_EDGE ( 'NONE', *, *, #7603, .F. ) ;
#2204 = CIRCLE ( 'NONE', #4084, 2.024999999999999000 ) ;
#2205 = VERTEX_POINT ( 'NONE', #4662 ) ;
#2206 = EDGE_LOOP ( 'NONE', ( #2221, #5332, #3891, #5273 ) ) ;
#2207 = AXIS2_PLACEMENT_3D ( 'NONE', #6349, #6372, #5809 ) ;
#2208 = DIRECTION ( 'NONE',  ( -1.000000000000000000, 0.0000000000000000000, -2.949029909160577600E-015 ) ) ;
#2209 = CARTESIAN_POINT ( 'NONE',  ( 21.97499999999996600, -11.99999999999999300, -0.1249999999998109400 ) ) ;
#2210 = ORIENTED_EDGE ( 'NONE', *, *, #5061, .F. ) ;
#2211 = FACE_OUTER_BOUND ( 'NONE', #3007, .T. ) ;
#2212 = EDGE_LOOP ( 'NONE', ( #6197, #2780, #3321, #3996 ) ) ;
#2213 = DIRECTION ( 'NONE',  ( 0.7071067811865674500, 0.4999999999999847300, -0.4999999999999871800 ) ) ;
#2214 = EDGE_CURVE ( 'NONE', #6447, #5388, #462, .T. ) ;
#2215 = DIRECTION ( 'NONE',  ( 0.7071067811865378000, 0.0000000000000000000, 0.7071067811865573400 ) ) ;
#2216 = LOCAL_TIME ( 16, 8, 3.000000000000000000, #6513 ) ;
#2217 = AXIS2_PLACEMENT_3D ( 'NONE', #6891, #7457, #859 ) ;
#2218 = CARTESIAN_POINT ( 'NONE',  ( 26.14999999999984600, -11.31370849898476100, 7.711713212454858100E-014 ) ) ;
#2219 = CIRCLE ( 'NONE', #2302, 2.025000000000009200 ) ;
#2220 = DIRECTION ( 'NONE',  ( -1.000000000000000000, -0.0000000000000000000, -0.0000000000000000000 ) ) ;
#2221 = ORIENTED_EDGE ( 'NONE', *, *, #280, .T. ) ;
#2222 = CARTESIAN_POINT ( 'NONE',  ( -2.003575302677533400E-016, -2.479720420448916500, -18.47972042044878900 ) ) ;
#2223 = DIRECTION ( 'NONE',  ( 0.5000000000000079900, -0.5000000000000079900, 0.7071067811865362500 ) ) ;
#2224 = EDGE_CURVE ( 'NONE', #3967, #3141, #1302, .T. ) ;
#2225 = APPROVAL_DATE_TIME ( #1668, #4253 ) ;
#2226 = PLANE ( 'NONE',  #3675 ) ;
#2227 = EDGE_CURVE ( 'NONE', #6568, #3776, #936, .T. ) ;
#2228 = VECTOR ( 'NONE', #5575, 999.9999999999998900 ) ;
#2229 = DIRECTION ( 'NONE',  ( -1.000000000000000000, 0.0000000000000000000, -2.823968449264568500E-015 ) ) ;
#2230 = DIRECTION ( 'NONE',  ( -1.000000000000000000, 0.0000000000000000000, -2.949029909160576800E-015 ) ) ;
#2231 = EDGE_LOOP ( 'NONE', ( #3040, #5589, #4447, #1469 ) ) ;
#2232 = ORIENTED_EDGE ( 'NONE', *, *, #6002, .T. ) ;
#2233 = DIRECTION ( 'NONE',  ( 0.7071067811865420200, 0.5000000000000087700, 0.4999999999999990000 ) ) ;
#2234 = CONICAL_SURFACE ( 'NONE', #1912, 2.150000000000030600, 0.7853981633974761500 ) ;
#2235 = FACE_OUTER_BOUND ( 'NONE', #5774, .T. ) ;
#2236 = DIRECTION ( 'NONE',  ( 1.000000000000000000, 0.0000000000000000000, 0.0000000000000000000 ) ) ;
#2237 = EDGE_CURVE ( 'NONE', #2456, #3502, #3934, .T. ) ;
#2239 = ORIENTED_EDGE ( 'NONE', *, *, #1446, .T. ) ;
#2238 = DIRECTION ( 'NONE',  ( -1.000000000000000000, 0.0000000000000000000, 0.0000000000000000000 ) ) ;
#2240 = DIRECTION ( 'NONE',  ( -1.000000000000000000, 0.0000000000000000000, -2.949029909160576800E-015 ) ) ;
#2241 = CARTESIAN_POINT ( 'NONE',  ( 26.02499999999997000, 11.31370849898476100, -2.374999999999907200 ) ) ;
#2242 = VERTEX_POINT ( 'NONE', #7610 ) ;
#2243 = AXIS2_PLACEMENT_3D ( 'NONE', #3923, #3267, #3949 ) ;
#2244 = DIRECTION ( 'NONE',  ( 1.000000000000000000, -0.0000000000000000000, 8.360113137237629900E-017 ) ) ;
#2245 = VECTOR ( 'NONE', #7307, 1000.000000000000000 ) ;
#2246 = ADVANCED_FACE ( 'NONE', ( #1027 ), #1118, .F. ) ;
#2247 = EDGE_CURVE ( 'NONE', #5388, #953, #840, .T. ) ;
#2248 = CARTESIAN_POINT ( 'NONE',  ( 2.374999999999988500, 16.00000000000000000, -4.499999999999975100 ) ) ;
#2249 = VERTEX_POINT ( 'NONE', #2820 ) ;
#2250 = DIRECTION ( 'NONE',  ( 1.000000000000000000, -0.0000000000000000000, 8.360113137237629900E-017 ) ) ;
#2251 = VERTEX_POINT ( 'NONE', #4113 ) ;
#2252 = DIRECTION ( 'NONE',  ( 0.7071067811865218200, -0.7071067811865733300, 0.0000000000000000000 ) ) ;
#2253 = CONICAL_SURFACE ( 'NONE', #875, 2.150000000000012800, 0.7853981633974500600 ) ;
#2254 = DIRECTION ( 'NONE',  ( -1.000000000000000000, 0.0000000000000000000, 0.0000000000000000000 ) ) ;
#2255 = CIRCLE ( 'NONE', #3909, 2.150000000000009700 ) ;
#2256 = ORIENTED_EDGE ( 'NONE', *, *, #7100, .F. ) ;
#2257 = AXIS2_PLACEMENT_3D ( 'NONE', #2454, #5566, #3131 ) ;
#2258 = VERTEX_POINT ( 'NONE', #7583 ) ;
#2259 = DIRECTION ( 'NONE',  ( -1.000000000000000000, -0.0000000000000000000, -0.0000000000000000000 ) ) ;
#2260 = DIRECTION ( 'NONE',  ( 1.000000000000000000, 6.319193350823370000E-016, 2.949029909160574800E-015 ) ) ;
#2261 = FACE_BOUND ( 'NONE', #1091, .T. ) ;
#2262 = CARTESIAN_POINT ( 'NONE',  ( 31.99999999999997900, 8.000000000000007100, -2.374999999999870300 ) ) ;
#2263 = ORIENTED_EDGE ( 'NONE', *, *, #7259, .T. ) ;
#2264 = CARTESIAN_POINT ( 'NONE',  ( -1.449005696870800200E-016, -8.485281374238560700, -13.36471862576139500 ) ) ;
#2265 = EDGE_CURVE ( 'NONE', #992, #860, #6885, .T. ) ;
#2266 = CARTESIAN_POINT ( 'NONE',  ( 13.43189123190246400, 13.43189123190268200, 1.483188571960170100E-013 ) ) ;
#2267 = AXIS2_PLACEMENT_3D ( 'NONE', #4479, #5072, #5018 ) ;
#2268 = CARTESIAN_POINT ( 'NONE',  ( 33.91717260614130000, 7.053390142335797600, -0.1249999999997737800 ) ) ;
#2269 = CIRCLE ( 'NONE', #6189, 2.024999999999999000 ) ;
#2270 = CARTESIAN_POINT ( 'NONE',  ( 2.499999999999989800, 18.47972042044896700, -2.479720420448978700 ) ) ;
#2271 = ORIENTED_EDGE ( 'NONE', *, *, #4905, .T. ) ;
#2272 = ORIENTED_EDGE ( 'NONE', *, *, #5112, .F. ) ;
#2273 = DIRECTION ( 'NONE',  ( -1.000000000000000000, 0.0000000000000000000, 0.0000000000000000000 ) ) ;
#2274 = CARTESIAN_POINT ( 'NONE',  ( 2.374999999999993800, 6.568108768097243200, -33.43189123190273900 ) ) ;
#2275 = VECTOR ( 'NONE', #7594, 1000.000000000000000 ) ;
#2276 = LINE ( 'NONE', #2318, #785 ) ;
#2277 = CARTESIAN_POINT ( 'NONE',  ( 33.91717260614130700, 7.053390142335797600, -2.374999999999865900 ) ) ;
#2278 = CARTESIAN_POINT ( 'NONE',  ( -3.035766082959412400E-015, 8.000000000000035500, -15.99999999999997900 ) ) ;
#2279 = EDGE_CURVE ( 'NONE', #1100, #4752, #6795, .T. ) ;
#2280 = ORIENTED_EDGE ( 'NONE', *, *, #2638, .T. ) ;
#2281 = ORIENTED_EDGE ( 'NONE', *, *, #269, .F. ) ;
#2282 = AXIS2_PLACEMENT_3D ( 'NONE', #6470, #2250, #7650 ) ;
#2283 = ORIENTED_EDGE ( 'NONE', *, *, #2476, .T. ) ;
#2284 = DIRECTION ( 'NONE',  ( -2.775557561562893700E-015, -0.0000000000000000000, 1.000000000000000000 ) ) ;
#2285 = CARTESIAN_POINT ( 'NONE',  ( -1.734723475976807100E-015, -9.917172606141342300, -31.05339014233576800 ) ) ;
#2286 = ADVANCED_FACE ( 'NONE', ( #6981 ), #4685, .F. ) ;
#2287 = LINE ( 'NONE', #3960, #5286 ) ;
#2288 = VERTEX_POINT ( 'NONE', #7172 ) ;
#2289 = EDGE_CURVE ( 'NONE', #2450, #5453, #7065, .T. ) ;
#2290 = CARTESIAN_POINT ( 'NONE',  ( -2.602085213965209700E-016, -15.87500000000000000, -23.99999999999996800 ) ) ;
#2291 = VECTOR ( 'NONE', #3013, 1000.000000000000000 ) ;
#2292 = VERTEX_POINT ( 'NONE', #7067 ) ;
#2293 = ORIENTED_EDGE ( 'NONE', *, *, #4564, .T. ) ;
#2294 = DIRECTION ( 'NONE',  ( 0.0000000000000000000, 0.7071067811865597900, 0.7071067811865352500 ) ) ;
#2295 = EDGE_CURVE ( 'NONE', #2718, #905, #7626, .T. ) ;
#2296 = CARTESIAN_POINT ( 'NONE',  ( 2.499999999999992500, 5.469317744930408200E-015, -11.99999999999997500 ) ) ;
#2297 = ORIENTED_EDGE ( 'NONE', *, *, #3488, .F. ) ;
#2298 = VECTOR ( 'NONE', #4359, 1000.000000000000000 ) ;
#2299 = EDGE_LOOP ( 'NONE', ( #2971, #2303, #1857, #3416 ) ) ;
#2300 = VERTEX_POINT ( 'NONE', #4140 ) ;
#2301 = CARTESIAN_POINT ( 'NONE',  ( 11.99999999999998200, 5.469317744930408200E-015, -2.499999999999954700 ) ) ;
#2302 = AXIS2_PLACEMENT_3D ( 'NONE', #2734, #5716, #6378 ) ;
#2303 = ORIENTED_EDGE ( 'NONE', *, *, #3075, .T. ) ;
#2304 = CIRCLE ( 'NONE', #1060, 2.024999999999957300 ) ;
#2305 = ORIENTED_EDGE ( 'NONE', *, *, #3180, .F. ) ;
#2306 = DIRECTION ( 'NONE',  ( -1.000000000000000000, 0.0000000000000000000, 0.0000000000000000000 ) ) ;
#2307 = CARTESIAN_POINT ( 'NONE',  ( 31.99999999999994700, -7.999999999999992900, 9.436895709313823000E-014 ) ) ;
#2308 = CARTESIAN_POINT ( 'NONE',  ( 21.84999999999981700, 16.00000000000011000, -2.499999999999927200 ) ) ;
#2309 = EDGE_LOOP ( 'NONE', ( #333, #76, #4470, #3838 ) ) ;
#2310 = AXIS2_PLACEMENT_3D ( 'NONE', #922, #973, #1017 ) ;
#2311 = LINE ( 'NONE', #2639, #1753 ) ;
#2312 = EDGE_LOOP ( 'NONE', ( #25, #2922, #5421, #4748 ) ) ;
#2313 = CARTESIAN_POINT ( 'NONE',  ( 2.375000000000007100, 2.025000000000000800, -35.31370849898473100 ) ) ;
#2314 = DIRECTION ( 'NONE',  ( 0.0000000000000000000, 0.0000000000000000000, 1.000000000000000000 ) ) ;
#2315 = DIRECTION ( 'NONE',  ( -1.000000000000000000, 0.0000000000000000000, 0.0000000000000000000 ) ) ;
#2316 = DIRECTION ( 'NONE',  ( -1.000000000000000000, -6.319193350823370000E-016, -2.949029909160574800E-015 ) ) ;
#2317 = APPROVAL_DATE_TIME ( #7059, #887 ) ;
#2318 = CARTESIAN_POINT ( 'NONE',  ( 21.97499999999996200, -11.31370849898476100, 1.765081136806401200E-013 ) ) ;
#2319 = CARTESIAN_POINT ( 'NONE',  ( 18.47972042044887800, -2.479720420449006600, 5.449724823282917000E-014 ) ) ;
#2320 = VERTEX_POINT ( 'NONE', #1121 ) ;
#2321 = ADVANCED_FACE ( 'NONE', ( #5247 ), #1150, .F. ) ;
#2322 = EDGE_CURVE ( 'NONE', #3955, #7034, #5981, .T. ) ;
#2323 = DIRECTION ( 'NONE',  ( -0.0000000000000000000, -0.0000000000000000000, -1.000000000000000000 ) ) ;
#2324 = AXIS2_PLACEMENT_3D ( 'NONE', #885, #1485, #6841 ) ;
#2325 = EDGE_LOOP ( 'NONE', ( #141, #889, #6817, #5514 ) ) ;
#2326 = DIRECTION ( 'NONE',  ( 0.7071067811865641200, 3.574675575996817200E-015, -0.7071067811865310300 ) ) ;
#2327 = CIRCLE ( 'NONE', #4151, 2.149999999999994100 ) ;
#2328 = DIRECTION ( 'NONE',  ( 0.0000000000000000000, 0.0000000000000000000, 1.000000000000000000 ) ) ;
#2329 = LINE ( 'NONE', #4347, #2885 ) ;
#2330 = VERTEX_POINT ( 'NONE', #1218 ) ;
#2331 = EDGE_CURVE ( 'NONE', #3472, #6353, #2808, .T. ) ;
#2332 = ORIENTED_EDGE ( 'NONE', *, *, #645, .T. ) ;
#2333 = VECTOR ( 'NONE', #2402, 1000.000000000000100 ) ;
#2334 = AXIS2_PLACEMENT_3D ( 'NONE', #3447, #4061, #2131 ) ;
#2335 = FACE_OUTER_BOUND ( 'NONE', #1647, .T. ) ;
#2336 = ORIENTED_EDGE ( 'NONE', *, *, #2666, .F. ) ;
#2337 = CARTESIAN_POINT ( 'NONE',  ( 2.374999999999988000, -11.31370849898476100, -21.97499999999996200 ) ) ;
#2338 = ORIENTED_EDGE ( 'NONE', *, *, #2540, .T. ) ;
#2339 = FACE_OUTER_BOUND ( 'NONE', #431, .T. ) ;
#2340 = DIRECTION ( 'NONE',  ( 2.914001035115545500E-015, -0.0000000000000000000, -1.000000000000000000 ) ) ;
#2341 = DIRECTION ( 'NONE',  ( -0.7071067811865500200, -0.7071067811865451300, -2.085279046689398500E-015 ) ) ;
#2342 = EDGE_CURVE ( 'NONE', #4925, #4006, #5703, .T. ) ;
#2343 = VECTOR ( 'NONE', #5634, 1000.000000000000000 ) ;
#2344 = CARTESIAN_POINT ( 'NONE',  ( 11.99999999999998200, 5.469317744930408200E-015, -2.499999999999954700 ) ) ;
#2345 = EDGE_CURVE ( 'NONE', #6164, #483, #7243, .T. ) ;
#2346 = DIRECTION ( 'NONE',  ( 1.315446366589175700E-030, -1.000000000000000000, -5.055354680658670800E-015 ) ) ;
#2347 = ORIENTED_EDGE ( 'NONE', *, *, #6581, .F. ) ;
#2348 = DIRECTION ( 'NONE',  ( -2.775557561562893700E-015, -0.0000000000000000000, 1.000000000000000000 ) ) ;
#2349 = ORIENTED_EDGE ( 'NONE', *, *, #512, .F. ) ;
#2350 = DIRECTION ( 'NONE',  ( 2.914001035115545500E-015, -0.0000000000000000000, -1.000000000000000000 ) ) ;
#2351 = CIRCLE ( 'NONE', #7352, 2.024999999999999000 ) ;
#2353 = ORIENTED_EDGE ( 'NONE', *, *, #3559, .T. ) ;
#2352 = DIRECTION ( 'NONE',  ( 1.263838670164661400E-015, 1.000000000000000000, 3.682827193078877800E-030 ) ) ;
#2354 = DIRECTION ( 'NONE',  ( -2.698458740408371900E-015, 0.0000000000000000000, 1.000000000000000000 ) ) ;
#2355 = VERTEX_POINT ( 'NONE', #2391 ) ;
#2356 = CARTESIAN_POINT ( 'NONE',  ( 2.499999999999994700, -11.99999999999999300, -21.84999999999994800 ) ) ;
#2357 = VECTOR ( 'NONE', #2855, 1000.000000000000000 ) ;
#2358 = AXIS2_PLACEMENT_3D ( 'NONE', #6750, #4336, #7256 ) ;
#2359 = ORIENTED_EDGE ( 'NONE', *, *, #2924, .T. ) ;
#2360 = ADVANCED_FACE ( 'NONE', ( #1208 ), #7339, .F. ) ;
#2361 = ORIENTED_EDGE ( 'NONE', *, *, #189, .F. ) ;
#2362 = CARTESIAN_POINT ( 'NONE',  ( 30.56810876809721100, 9.431891231902769200, -0.1249999999997819400 ) ) ;
#2363 = VECTOR ( 'NONE', #2424, 1000.000000000000100 ) ;
#2364 = LINE ( 'NONE', #2867, #4064 ) ;
#2365 = VERTEX_POINT ( 'NONE', #6539 ) ;
#2366 = LINE ( 'NONE', #1333, #3220 ) ;
#2367 = ORIENTED_EDGE ( 'NONE', *, *, #137, .F. ) ;
#2368 = EDGE_CURVE ( 'NONE', #2582, #6825, #5504, .T. ) ;
#2369 = CARTESIAN_POINT ( 'NONE',  ( -1.301042606982605300E-015, 2.025000000000000800, -35.31370849898473100 ) ) ;
#2370 = AXIS2_PLACEMENT_3D ( 'NONE', #804, #16, #5582 ) ;
#2371 = CARTESIAN_POINT ( 'NONE',  ( -3.035766082959412400E-015, -6.568108768097256500, -14.56810876809722200 ) ) ;
#2372 = DIRECTION ( 'NONE',  ( -0.7071067811865424700, 0.7071067811865526800, 0.0000000000000000000 ) ) ;
#2373 = FACE_OUTER_BOUND ( 'NONE', #6001, .T. ) ;
#2374 = LINE ( 'NONE', #1766, #7195 ) ;
#2375 = LINE ( 'NONE', #1722, #6205 ) ;
#2376 = ORIENTED_EDGE ( 'NONE', *, *, #6421, .F. ) ;
#2377 = ORIENTED_EDGE ( 'NONE', *, *, #4753, .F. ) ;
#2378 = EDGE_CURVE ( 'NONE', #1879, #263, #5326, .T. ) ;
#2379 = DIRECTION ( 'NONE',  ( -2.857191607491210000E-015, 0.0000000000000000000, 1.000000000000000000 ) ) ;
#2380 = AXIS2_PLACEMENT_3D ( 'NONE', #4351, #3716, #5531 ) ;
#2381 = CARTESIAN_POINT ( 'NONE',  ( 2.375000000000014700, 7.053390142335828700, -14.08282739385867000 ) ) ;
#2382 = LINE ( 'NONE', #3592, #3897 ) ;
#2383 = ORIENTED_EDGE ( 'NONE', *, *, #1446, .F. ) ;
#2384 = ORIENTED_EDGE ( 'NONE', *, *, #3839, .F. ) ;
#2385 = CARTESIAN_POINT ( 'NONE',  ( 2.499999999999998700, 2.150000000000001200, -35.99999999999996400 ) ) ;
#2386 = CARTESIAN_POINT ( 'NONE',  ( 31.99999999999997200, 8.000000000000007100, 2.090341788552052500E-013 ) ) ;
#2387 = CYLINDRICAL_SURFACE ( 'NONE', #5559, 2.025000000000002600 ) ;
#2388 = CARTESIAN_POINT ( 'NONE',  ( 26.02500000000002300, -1.315656055641420400E-013, 1.895185397504661800E-013 ) ) ;
#2389 = AXIS2_PLACEMENT_3D ( 'NONE', #7069, #4189, #7641 ) ;
#2390 = EDGE_CURVE ( 'NONE', #4011, #2078, #2137, .T. ) ;
#2391 = CARTESIAN_POINT ( 'NONE',  ( 30.56810876809719300, -9.431891231902753200, -2.374999999999875200 ) ) ;
#2392 = ORIENTED_EDGE ( 'NONE', *, *, #166, .F. ) ;
#2393 = VECTOR ( 'NONE', #933, 1000.000000000000000 ) ;
#2394 = ORIENTED_EDGE ( 'NONE', *, *, #6131, .T. ) ;
#2395 = VERTEX_POINT ( 'NONE', #4912 ) ;
#2396 = CARTESIAN_POINT ( 'NONE',  ( -3.828719947311910000E-016, 1.349909078679433100E-015, -33.16370849898470400 ) ) ;
#2397 = ADVANCED_FACE ( 'NONE', ( #644 ), #1587, .F. ) ;
#2398 = ORIENTED_EDGE ( 'NONE', *, *, #6301, .T. ) ;
#2399 = FACE_OUTER_BOUND ( 'NONE', #939, .T. ) ;
#2400 = CARTESIAN_POINT ( 'NONE',  ( 13.43189123190265400, 13.43189123190274100, -2.374999999999954700 ) ) ;
#2401 = ORIENTED_EDGE ( 'NONE', *, *, #3004, .T. ) ;
#2402 = DIRECTION ( 'NONE',  ( -0.7071067811865611200, 0.4999999999999854600, 0.4999999999999952800 ) ) ;
#2403 = ADVANCED_FACE ( 'NONE', ( #373 ), #4213, .F. ) ;
#2404 = FACE_OUTER_BOUND ( 'NONE', #6592, .T. ) ;
#2405 = DIRECTION ( 'NONE',  ( 0.0000000000000000000, 0.0000000000000000000, 1.000000000000000000 ) ) ;
#2406 = VERTEX_POINT ( 'NONE', #3081 ) ;
#2407 = ORIENTED_EDGE ( 'NONE', *, *, #3556, .F. ) ;
#2408 = CARTESIAN_POINT ( 'NONE',  ( 23.99999999999996800, 0.0000000000000000000, 1.825796458465589500E-013 ) ) ;
#2409 = COORDINATED_UNIVERSAL_TIME_OFFSET ( 6, 0, .BEHIND. ) ;
#2410 = AXIS2_PLACEMENT_3D ( 'NONE', #3322, #2655, #5667 ) ;
#2411 = VECTOR ( 'NONE', #5663, 1000.000000000000000 ) ;
#2412 = DIRECTION ( 'NONE',  ( -0.7071067811865563400, -0.4999999999999903400, 0.4999999999999973900 ) ) ;
#2413 = DIRECTION ( 'NONE',  ( 1.000000000000000000, -0.0000000000000000000, -1.084202172485505400E-017 ) ) ;
#2415 = EDGE_LOOP ( 'NONE', ( #6408, #4740, #656, #3547 ) ) ;
#2414 = CARTESIAN_POINT ( 'NONE',  ( 2.375000000000013800, 8.485281374238567800, -15.51471862576140700 ) ) ;
#2416 = CARTESIAN_POINT ( 'NONE',  ( 14.56810876809722200, 6.568108768097276100, 1.522219850169648200E-013 ) ) ;
#2417 = VERTEX_POINT ( 'NONE', #7239 ) ;
#2418 = EDGE_CURVE ( 'NONE', #3912, #2406, #4772, .T. ) ;
#2419 = FACE_OUTER_BOUND ( 'NONE', #7222, .T. ) ;
#2420 = AXIS2_PLACEMENT_3D ( 'NONE', #6329, #1508, #4476 ) ;
#2421 = VERTEX_POINT ( 'NONE', #1327 ) ;
#2422 = EDGE_LOOP ( 'NONE', ( #3385, #5313, #5225, #2095 ) ) ;
#2423 = LINE ( 'NONE', #2882, #6985 ) ;
#2424 = DIRECTION ( 'NONE',  ( -0.7071067811865500200, -0.7071067811865451300, -1.962615573354727200E-015 ) ) ;
#2425 = CARTESIAN_POINT ( 'NONE',  ( 23.99999999999996100, -11.99999999999999300, 7.077671781985369200E-014 ) ) ;
#2426 = FACE_OUTER_BOUND ( 'NONE', #2212, .T. ) ;
#2427 = EDGE_CURVE ( 'NONE', #1515, #7251, #1846, .T. ) ;
#2428 = ORIENTED_EDGE ( 'NONE', *, *, #1050, .T. ) ;
#2429 = EDGE_LOOP ( 'NONE', ( #5553, #2361, #940, #582 ) ) ;
#2430 = AXIS2_PLACEMENT_3D ( 'NONE', #6262, #5700, #5022 ) ;
#2431 = DIRECTION ( 'NONE',  ( 0.7071067811865444600, -3.574675575996915000E-015, 0.7071067811865505700 ) ) ;
#2432 = ADVANCED_FACE ( 'NONE', ( #7716 ), #6630, .T. ) ;
#2433 = VECTOR ( 'NONE', #1788, 1000.000000000000100 ) ;
#2434 = CARTESIAN_POINT ( 'NONE',  ( 31.99999999999995400, -7.999999999999992900, -2.499999999999899200 ) ) ;
#2435 = CIRCLE ( 'NONE', #7605, 2.149999999999834300 ) ;
#2436 = CARTESIAN_POINT ( 'NONE',  ( 15.51471862576141400, 8.485281374238567800, -2.499999999999944900 ) ) ;
#2437 = ORIENTED_EDGE ( 'NONE', *, *, #1771, .T. ) ;
#2438 = CARTESIAN_POINT ( 'NONE',  ( 21.97499999999996900, 11.99999999999999300, -2.374999999999913000 ) ) ;
#2439 = EDGE_CURVE ( 'NONE', #5836, #5564, #2799, .T. ) ;
#2440 = EDGE_CURVE ( 'NONE', #4576, #44, #5878, .T. ) ;
#2441 = ADVANCED_FACE ( 'NONE', ( #2602 ), #5477, .F. ) ;
#2442 = CIRCLE ( 'NONE', #3583, 2.025000000000006100 ) ;
#2443 = DIRECTION ( 'NONE',  ( -0.7071067811865571200, -0.5000000000000030000, 0.4999999999999832900 ) ) ;
#2444 = AXIS2_PLACEMENT_3D ( 'NONE', #2494, #7191, #4321 ) ;
#2445 = ORIENTED_EDGE ( 'NONE', *, *, #2074, .F. ) ;
#2446 = EDGE_CURVE ( 'NONE', #7308, #3756, #3455, .T. ) ;
#2447 = VECTOR ( 'NONE', #1178, 1000.000000000000000 ) ;
#2448 = CARTESIAN_POINT ( 'NONE',  ( -2.602085213965209200E-016, 11.31370849898476100, -23.99999999999996400 ) ) ;
#2449 = ORIENTED_EDGE ( 'NONE', *, *, #1289, .F. ) ;
#2450 = VERTEX_POINT ( 'NONE', #2546 ) ;
#2451 = ORIENTED_EDGE ( 'NONE', *, *, #6098, .T. ) ;
#2452 = CYLINDRICAL_SURFACE ( 'NONE', #3229, 2.024999999999955500 ) ;
#2453 = AXIS2_PLACEMENT_3D ( 'NONE', #2301, #7054, #6497 ) ;
#2454 = CARTESIAN_POINT ( 'NONE',  ( 35.31370849898473800, 1.349909078679433100E-015, -2.499999999999889900 ) ) ;
#2455 = CYLINDRICAL_SURFACE ( 'NONE', #3182, 2.000000000000001800 ) ;
#2456 = VERTEX_POINT ( 'NONE', #6081 ) ;
#2457 = ORIENTED_EDGE ( 'NONE', *, *, #4688, .T. ) ;
#2458 = CARTESIAN_POINT ( 'NONE',  ( 1.569097669479754900E-014, 2.150000000000027000, -2.499999999999988000 ) ) ;
#2459 = PLANE ( 'NONE',  #4459 ) ;
#2460 = DIRECTION ( 'NONE',  ( -0.0000000000000000000, -0.0000000000000000000, -1.000000000000000000 ) ) ;
#2461 = DIRECTION ( 'NONE',  ( -0.7071067811865623400, 0.4999999999999894500, 0.4999999999999894500 ) ) ;
#2462 = EDGE_CURVE ( 'NONE', #2169, #6066, #6788, .T. ) ;
#2463 = CIRCLE ( 'NONE', #4733, 6.999999999999999100 ) ;
#2464 = DIRECTION ( 'NONE',  ( -5.055354680658670800E-015, -1.000000000000000000, -1.490839215467732600E-029 ) ) ;
#2465 = DIRECTION ( 'NONE',  ( -1.000000000000000000, 1.713307136767225300E-015, 0.0000000000000000000 ) ) ;
#2466 = VERTEX_POINT ( 'NONE', #5454 ) ;
#2467 = VERTEX_POINT ( 'NONE', #1886 ) ;
#2468 = ADVANCED_FACE ( 'NONE', ( #6974 ), #1938, .F. ) ;
#2469 = CONICAL_SURFACE ( 'NONE', #3821, 2.150000000000009700, 0.7853981633974587200 ) ;
#2470 = ORIENTED_EDGE ( 'NONE', *, *, #6098, .F. ) ;
#2471 = EDGE_LOOP ( 'NONE', ( #103, #75, #3929, #6327 ) ) ;
#2472 = EDGE_CURVE ( 'NONE', #192, #5915, #4589, .T. ) ;
#2473 = CARTESIAN_POINT ( 'NONE',  ( 30.96500179468753800, 10.00556095378956600, 9.131671642974443000E-014 ) ) ;
#2474 = CARTESIAN_POINT ( 'NONE',  ( 0.1249999999999998300, 11.99999999999999300, -26.02499999999996700 ) ) ;
#2475 = PLANE ( 'NONE',  #1720 ) ;
#2476 = EDGE_CURVE ( 'NONE', #2058, #5674, #4953, .T. ) ;
#2477 = CARTESIAN_POINT ( 'NONE',  ( 31.99999999999997200, 8.000000000000007100, 9.436895709313831900E-014 ) ) ;
#2478 = APPROVAL ( #5149, 'UNSPECIFIED' ) ;
#2479 = ORIENTED_EDGE ( 'NONE', *, *, #1729, .F. ) ;
#2480 = ADVANCED_FACE ( 'NONE', ( #4678 ), #1860, .F. ) ;
#2481 = VECTOR ( 'NONE', #4192, 1000.000000000000000 ) ;
#2482 = ORIENTED_EDGE ( 'NONE', *, *, #5973, .F. ) ;
#2483 = ORIENTED_EDGE ( 'NONE', *, *, #4642, .T. ) ;
#2484 = CARTESIAN_POINT ( 'NONE',  ( 2.375000000000007100, -2.025000000000000800, -35.31370849898473100 ) ) ;
#2485 = DIRECTION ( 'NONE',  ( 1.000000000000000000, 0.0000000000000000000, 0.0000000000000000000 ) ) ;
#2486 = EDGE_CURVE ( 'NONE', #2034, #3472, #5044, .T. ) ;
#2487 = EDGE_CURVE ( 'NONE', #3920, #1174, #1018, .T. ) ;
#2488 = DIRECTION ( 'NONE',  ( -1.000000000000000000, 0.0000000000000000000, -2.949029909160573600E-015 ) ) ;
#2489 = AXIS2_PLACEMENT_3D ( 'NONE', #6337, #944, #281 ) ;
#2490 = LINE ( 'NONE', #4984, #7048 ) ;
#2491 = ORIENTED_EDGE ( 'NONE', *, *, #3043, .F. ) ;
#2492 = DIRECTION ( 'NONE',  ( 2.914001035115545500E-015, -0.0000000000000000000, -1.000000000000000000 ) ) ;
#2493 = EDGE_CURVE ( 'NONE', #7586, #6954, #7614, .T. ) ;
#2494 = CARTESIAN_POINT ( 'NONE',  ( 32.48528137423853200, -8.485281374238571300, -0.1249999999997827000 ) ) ;
#2495 = DIRECTION ( 'NONE',  ( -0.7071067811865455700, 0.7071067811865493500, -1.962615573354715000E-015 ) ) ;
#2496 = ORIENTED_EDGE ( 'NONE', *, *, #3999, .F. ) ;
#2497 = CONICAL_SURFACE ( 'NONE', #6154, 2.150000000000016300, 0.7853981633974482800 ) ;
#2498 = VERTEX_POINT ( 'NONE', #3188 ) ;
#2499 = DESIGN_CONTEXT ( 'detailed design', #7448, 'design' ) ;
#2500 = LOCAL_TIME ( 16, 8, 3.000000000000000000, #6061 ) ;
#2501 = DIRECTION ( 'NONE',  ( -1.000000000000000000, -0.0000000000000000000, -0.0000000000000000000 ) ) ;
#2502 = AXIS2_PLACEMENT_3D ( 'NONE', #1661, #5893, #2306 ) ;
#2503 = CARTESIAN_POINT ( 'NONE',  ( 2.499999999999994700, -5.520279579551055500, -21.52027957955117500 ) ) ;
#2504 = FACE_OUTER_BOUND ( 'NONE', #3493, .T. ) ;
#2505 = ORIENTED_EDGE ( 'NONE', *, *, #7386, .T. ) ;
#2506 = VERTEX_POINT ( 'NONE', #6252 ) ;
#2507 = FACE_OUTER_BOUND ( 'NONE', #4803, .T. ) ;
#2508 = PLANE ( 'NONE',  #4577 ) ;
#2509 = ADVANCED_FACE ( 'NONE', ( #5788 ), #3646, .F. ) ;
#2510 = CONICAL_SURFACE ( 'NONE', #6489, 2.150000000000002600, 0.7853981633974396200 ) ;
#2511 = DIRECTION ( 'NONE',  ( -1.000000000000000000, 0.0000000000000000000, -2.914001035115550200E-015 ) ) ;
#2512 = EDGE_CURVE ( 'NONE', #965, #7117, #3367, .T. ) ;
#2513 = ORIENTED_EDGE ( 'NONE', *, *, #1170, .T. ) ;
#2514 = DIRECTION ( 'NONE',  ( -2.775557561562893700E-015, -0.0000000000000000000, 1.000000000000000000 ) ) ;
#2515 = AXIS2_PLACEMENT_3D ( 'NONE', #1016, #6923, #7531 ) ;
#2516 = ORIENTED_EDGE ( 'NONE', *, *, #706, .T. ) ;
#2517 = CIRCLE ( 'NONE', #7058, 2.149999999999874200 ) ;
#2518 = DIRECTION ( 'NONE',  ( 1.000000000000000000, 1.263838670164661400E-015, 2.949029909160574800E-015 ) ) ;
#2519 = DIRECTION ( 'NONE',  ( 2.914001035115545500E-015, -0.0000000000000000000, -1.000000000000000000 ) ) ;
#2520 = FACE_OUTER_BOUND ( 'NONE', #692, .T. ) ;
#2521 = DIRECTION ( 'NONE',  ( -1.000000000000000000, -0.0000000000000000000, -2.775557561562893700E-015 ) ) ;
#2522 = PLANE ( 'NONE',  #3757 ) ;
#2523 = ADVANCED_FACE ( 'NONE', ( #1486 ), #7520, .F. ) ;
#2524 = ORIENTED_EDGE ( 'NONE', *, *, #3886, .F. ) ;
#2525 = ORIENTED_EDGE ( 'NONE', *, *, #428, .T. ) ;
#2526 = CARTESIAN_POINT ( 'NONE',  ( 2.374999999999995100, 16.00000000000000000, -23.99999999999996800 ) ) ;
#2527 = VECTOR ( 'NONE', #4605, 1000.000000000000100 ) ;
#2528 = EDGE_CURVE ( 'NONE', #6587, #3124, #5594, .T. ) ;
#2529 = AXIS2_PLACEMENT_3D ( 'NONE', #1991, #165, #3812 ) ;
#2530 = VECTOR ( 'NONE', #4370, 1000.000000000000000 ) ;
#2531 = DIRECTION ( 'NONE',  ( -1.000000000000000000, 0.0000000000000000000, -2.914001035115551000E-015 ) ) ;
#2533 = ORIENTED_EDGE ( 'NONE', *, *, #215, .F. ) ;
#2532 = CARTESIAN_POINT ( 'NONE',  ( -3.686890306268698600E-016, 6.965001794687468700, -34.00556095378962600 ) ) ;
#2534 = CARTESIAN_POINT ( 'NONE',  ( 2.374999999999995600, 9.431891231902767500, -30.56810876809721500 ) ) ;
#2535 = ORIENTED_EDGE ( 'NONE', *, *, #20, .T. ) ;
#2536 = FACE_BOUND ( 'NONE', #4739, .T. ) ;
#2537 = AXIS2_PLACEMENT_3D ( 'NONE', #2100, #5179, #5691 ) ;
#2538 = ORIENTED_EDGE ( 'NONE', *, *, #2897, .F. ) ;
#2539 = DIRECTION ( 'NONE',  ( 2.949029909160574800E-015, 0.0000000000000000000, -1.000000000000000000 ) ) ;
#2540 = EDGE_CURVE ( 'NONE', #6667, #2900, #6155, .T. ) ;
#2541 = DIRECTION ( 'NONE',  ( -0.7071067811865160400, -0.5000000000000222000, -0.5000000000000222000 ) ) ;
#2542 = VECTOR ( 'NONE', #1606, 1000.000000000000000 ) ;
#2543 = DIRECTION ( 'NONE',  ( 2.949029909160574800E-015, 0.0000000000000000000, -1.000000000000000000 ) ) ;
#2544 = CARTESIAN_POINT ( 'NONE',  ( 18.14999999999982400, 8.000000000000035500, 5.352706125560934100E-014 ) ) ;
#2545 = ORIENTED_EDGE ( 'NONE', *, *, #5056, .T. ) ;
#2546 = CARTESIAN_POINT ( 'NONE',  ( -4.336808689942017700E-016, 15.87499999999999300, -4.499999999999974200 ) ) ;
#2547 = CARTESIAN_POINT ( 'NONE',  ( 15.51471862576140600, -8.485281374238560700, -0.1249999999998409700 ) ) ;
#2548 = LINE ( 'NONE', #6013, #2363 ) ;
#2549 = LINE ( 'NONE', #2951, #1059 ) ;
#2550 = CYLINDRICAL_SURFACE ( 'NONE', #3442, 2.025000000000006100 ) ;
#2551 = ORIENTED_EDGE ( 'NONE', *, *, #6819, .F. ) ;
#2552 = CARTESIAN_POINT ( 'NONE',  ( 4.499999999999990200, -16.00000000000000000, -4.499999999999974200 ) ) ;
#2553 = DIRECTION ( 'NONE',  ( -1.000000000000000000, 0.0000000000000000000, -2.914001035115547800E-015 ) ) ;
#2554 = DIRECTION ( 'NONE',  ( 0.7071067811865532300, -0.7071067811865418000, 2.085279046689407600E-015 ) ) ;
#2555 = LINE ( 'NONE', #2911, #4728 ) ;
#2556 = DIRECTION ( 'NONE',  ( -7.666467083416935400E-018, -0.7071067811865418000, -0.7071067811865532300 ) ) ;
#2557 = FACE_OUTER_BOUND ( 'NONE', #4893, .T. ) ;
#2558 = DIRECTION ( 'NONE',  ( 0.0000000000000000000, 0.0000000000000000000, -1.000000000000000000 ) ) ;
#2559 = FACE_OUTER_BOUND ( 'NONE', #4129, .T. ) ;
#2560 = EDGE_LOOP ( 'NONE', ( #2525, #1873, #5813, #7573 ) ) ;
#2561 = ADVANCED_FACE ( 'NONE', ( #1395 ), #5411, .F. ) ;
#2562 = AXIS2_PLACEMENT_3D ( 'NONE', #45, #2981, #3586 ) ;
#2563 = CARTESIAN_POINT ( 'NONE',  ( 16.94660985766412900, 9.917172606141283700, -0.1249999999998267200 ) ) ;
#2564 = VECTOR ( 'NONE', #477, 1000.000000000000000 ) ;
#2565 = ORIENTED_EDGE ( 'NONE', *, *, #3409, .F. ) ;
#2566 = DIRECTION ( 'NONE',  ( 1.000000000000000000, 5.055354680658670800E-015, 2.914001035115545500E-015 ) ) ;
#2567 = DIRECTION ( 'NONE',  ( 0.0000000000000000000, -0.7071067811865574500, 0.7071067811865374700 ) ) ;
#2568 = CARTESIAN_POINT ( 'NONE',  ( 17.03499820531245500, 10.00556095378960100, -2.499999999999940500 ) ) ;
#2569 = EDGE_CURVE ( 'NONE', #3783, #5564, #7155, .T. ) ;
#2570 = DIRECTION ( 'NONE',  ( -0.5000000000000017800, -0.5000000000000017800, -0.7071067811865450200 ) ) ;
#2571 = DIRECTION ( 'NONE',  ( 0.0000000000000000000, 0.0000000000000000000, 1.000000000000000000 ) ) ;
#2572 = ORIENTED_EDGE ( 'NONE', *, *, #5292, .F. ) ;
#2573 = AXIS2_PLACEMENT_3D ( 'NONE', #4389, #1422, #848 ) ;
#2574 = CIRCLE ( 'NONE', #7229, 2.149999999999891600 ) ;
#2575 = ORIENTED_EDGE ( 'NONE', *, *, #2749, .T. ) ;
#2576 = DIRECTION ( 'NONE',  ( 0.5000000000000117700, -0.5000000000000117700, 0.7071067811865309200 ) ) ;
#2577 = ORIENTED_EDGE ( 'NONE', *, *, #6421, .T. ) ;
#2578 = EDGE_CURVE ( 'NONE', #3281, #3310, #3827, .T. ) ;
#2579 = EDGE_CURVE ( 'NONE', #5890, #3422, #6424, .T. ) ;
#2580 = CARTESIAN_POINT ( 'NONE',  ( 4.499999999999990200, -15.87499999999999300, -4.499999999999974200 ) ) ;
#2581 = PLANE ( 'NONE',  #6433 ) ;
#2582 = VERTEX_POINT ( 'NONE', #1993 ) ;
#2583 = ORIENTED_EDGE ( 'NONE', *, *, #6331, .F. ) ;
#2584 = CARTESIAN_POINT ( 'NONE',  ( -2.333233387264484100E-016, -5.520279579551052900, -21.52027957955117500 ) ) ;
#2585 = AXIS2_PLACEMENT_3D ( 'NONE', #819, #3136, #1988 ) ;
#2586 = CARTESIAN_POINT ( 'NONE',  ( 21.97499999999996900, -11.31370849898476100, -2.374999999999913000 ) ) ;
#2587 = ORIENTED_EDGE ( 'NONE', *, *, #2289, .F. ) ;
#2588 = FACE_OUTER_BOUND ( 'NONE', #4120, .T. ) ;
#2589 = EDGE_LOOP ( 'NONE', ( #7546, #4078, #2027, #7541 ) ) ;
#2590 = DIRECTION ( 'NONE',  ( 0.7071067811865376900, 0.0000000000000000000, -0.7071067811865574500 ) ) ;
#2591 = EDGE_CURVE ( 'NONE', #192, #7150, #2031, .T. ) ;
#2592 = EDGE_CURVE ( 'NONE', #6271, #1100, #456, .T. ) ;
#2593 = CARTESIAN_POINT ( 'NONE',  ( 2.374999999999993800, -8.000000000000000000, -15.99999999999997000 ) ) ;
#2594 = VECTOR ( 'NONE', #4102, 1000.000000000000000 ) ;
#2595 = ORIENTED_EDGE ( 'NONE', *, *, #3839, .T. ) ;
#2596 = CARTESIAN_POINT ( 'NONE',  ( -3.828719947311910000E-016, 1.349909078679433100E-015, -35.31370849898473100 ) ) ;
#2597 = CARTESIAN_POINT ( 'NONE',  ( 2.499999999999998700, -2.150000000000003000, -35.99999999999996400 ) ) ;
#2598 = DIRECTION ( 'NONE',  ( 0.0000000000000000000, 0.0000000000000000000, 1.000000000000000000 ) ) ;
#2599 = ADVANCED_FACE ( 'NONE', ( #6064 ), #4490, .F. ) ;
#2600 = ORIENTED_EDGE ( 'NONE', *, *, #446, .T. ) ;
#2601 = LINE ( 'NONE', #6149, #5138 ) ;
#2602 = FACE_OUTER_BOUND ( 'NONE', #669, .T. ) ;
#2603 = ORIENTED_EDGE ( 'NONE', *, *, #3284, .F. ) ;
#2604 = EDGE_LOOP ( 'NONE', ( #7697, #4294, #3391, #3531 ) ) ;
#2605 = DIRECTION ( 'NONE',  ( -0.0000000000000000000, -0.0000000000000000000, -1.000000000000000000 ) ) ;
#2606 = CARTESIAN_POINT ( 'NONE',  ( 6.938893903907200800E-015, 16.00000000000000000, -2.499999999999988000 ) ) ;
#2607 = VECTOR ( 'NONE', #7030, 1000.000000000000000 ) ;
#2608 = LINE ( 'NONE', #2895, #654 ) ;
#2609 = ORIENTED_EDGE ( 'NONE', *, *, #5499, .T. ) ;
#2610 = ORIENTED_EDGE ( 'NONE', *, *, #630, .T. ) ;
#2611 = DIRECTION ( 'NONE',  ( -1.084202172485505400E-017, 1.263838670164661400E-015, -1.000000000000000000 ) ) ;
#2612 = FACE_OUTER_BOUND ( 'NONE', #7504, .T. ) ;
#2613 = DIRECTION ( 'NONE',  ( -0.7071067811865389100, 0.0000000000000000000, 0.7071067811865561200 ) ) ;
#2614 = EDGE_CURVE ( 'NONE', #4613, #95, #1671, .T. ) ;
#2615 = LINE ( 'NONE', #7423, #951 ) ;
#2616 = DIRECTION ( 'NONE',  ( 0.0000000000000000000, 0.0000000000000000000, -1.000000000000000000 ) ) ;
#2617 = AXIS2_PLACEMENT_3D ( 'NONE', #3874, #2128, #7344 ) ;
#2618 = EDGE_LOOP ( 'NONE', ( #6067, #2715, #6487, #2668, #1936 ) ) ;
#2619 = ORIENTED_EDGE ( 'NONE', *, *, #2224, .T. ) ;
#2620 = CARTESIAN_POINT ( 'NONE',  ( 11.99999999999998200, 5.469317744930408200E-015, -2.499999999999954700 ) ) ;
#2621 = VECTOR ( 'NONE', #2920, 1000.000000000000000 ) ;
#2622 = DIRECTION ( 'NONE',  ( 0.0000000000000000000, 0.0000000000000000000, 1.000000000000000000 ) ) ;
#2623 = CARTESIAN_POINT ( 'NONE',  ( -3.469446951953613200E-016, 8.000000000000007100, -31.99999999999997200 ) ) ;
#2624 = LINE ( 'NONE', #43, #481 ) ;
#2625 = EDGE_CURVE ( 'NONE', #6415, #6641, #5971, .T. ) ;
#2626 = ORIENTED_EDGE ( 'NONE', *, *, #6245, .F. ) ;
#2627 = CARTESIAN_POINT ( 'NONE',  ( 14.08282739385867700, 7.053390142335828700, -2.374999999999952500 ) ) ;
#2628 = VERTEX_POINT ( 'NONE', #1534 ) ;
#2629 = EDGE_CURVE ( 'NONE', #6610, #7071, #7428, .T. ) ;
#2630 = CARTESIAN_POINT ( 'NONE',  ( -2.602085213965210600E-015, 9.431891231902733700, -17.43189123190268200 ) ) ;
#2631 = VECTOR ( 'NONE', #3801, 1000.000000000000100 ) ;
#2632 = CARTESIAN_POINT ( 'NONE',  ( 14.47972042044902000, 6.479720420449074100, 4.270112859618729200E-014 ) ) ;
#2633 = CARTESIAN_POINT ( 'NONE',  ( 2.374999999999988500, -11.99999999999999300, -23.99999999999996100 ) ) ;
#2634 = ORIENTED_EDGE ( 'NONE', *, *, #2446, .F. ) ;
#2635 = DIRECTION ( 'NONE',  ( -1.000000000000000000, 0.0000000000000000000, -2.949029909160574400E-015 ) ) ;
#2636 = ORIENTED_EDGE ( 'NONE', *, *, #2569, .T. ) ;
#2637 = ADVANCED_FACE ( 'NONE', ( #829 ), #1563, .F. ) ;
#2638 = EDGE_CURVE ( 'NONE', #655, #7651, #3553, .T. ) ;
#2639 = CARTESIAN_POINT ( 'NONE',  ( 0.1250000000000152400, -6.568108768097256500, -14.56810876809722200 ) ) ;
#2640 = LINE ( 'NONE', #3633, #6376 ) ;
#2641 = CARTESIAN_POINT ( 'NONE',  ( -3.828719947311910000E-016, 1.349909078679433100E-015, -35.31370849898473100 ) ) ;
#2642 = VECTOR ( 'NONE', #2184, 1000.000000000000000 ) ;
#2643 = EDGE_CURVE ( 'NONE', #7666, #2930, #4399, .T. ) ;
#2644 = VERTEX_POINT ( 'NONE', #2124 ) ;
#2645 = DIRECTION ( 'NONE',  ( -5.055354680658670800E-015, -1.000000000000000000, -1.490839215467732600E-029 ) ) ;
#2646 = VECTOR ( 'NONE', #4274, 1000.000000000000000 ) ;
#2647 = CONICAL_SURFACE ( 'NONE', #1423, 7.125000000000020400, 0.7853981633974361800 ) ;
#2648 = DIRECTION ( 'NONE',  ( -1.000000000000000000, -0.0000000000000000000, -0.0000000000000000000 ) ) ;
#2649 = DATE_TIME_ROLE ( 'creation_date' ) ;
#2650 = CYLINDRICAL_SURFACE ( 'NONE', #155, 2.024999999999991900 ) ;
#2651 = DIRECTION ( 'NONE',  ( -1.000000000000000000, -0.0000000000000000000, -0.0000000000000000000 ) ) ;
#2652 = PLANE ( 'NONE',  #6534 ) ;
#2653 = EDGE_LOOP ( 'NONE', ( #4277, #1164, #3868, #4393, #5808 ) ) ;
#2654 = ORIENTED_EDGE ( 'NONE', *, *, #7416, .F. ) ;
#2655 = DIRECTION ( 'NONE',  ( -1.000000000000000000, -0.0000000000000000000, -0.0000000000000000000 ) ) ;
#2656 = DIRECTION ( 'NONE',  ( -0.7071067811865494600, -0.7071067811865456900, -2.060509892314826800E-015 ) ) ;
#2657 = AXIS2_PLACEMENT_3D ( 'NONE', #6298, #6852, #6799 ) ;
#2658 = LINE ( 'NONE', #2163, #3889 ) ;
#2659 = ORIENTED_EDGE ( 'NONE', *, *, #6521, .F. ) ;
#2660 = DIRECTION ( 'NONE',  ( -1.000000000000000000, 0.0000000000000000000, -2.775557561562893700E-015 ) ) ;
#2661 = DIRECTION ( 'NONE',  ( -1.000000000000000000, 0.0000000000000000000, -2.949029909160574400E-015 ) ) ;
#2662 = CARTESIAN_POINT ( 'NONE',  ( 17.43189123190272800, -9.431891231902760400, 1.613292832658430600E-013 ) ) ;
#2663 = DIRECTION ( 'NONE',  ( 0.0000000000000000000, 0.0000000000000000000, -1.000000000000000000 ) ) ;
#2664 = EDGE_CURVE ( 'NONE', #2017, #655, #5033, .T. ) ;
#2665 = DIRECTION ( 'NONE',  ( 0.0000000000000000000, 0.0000000000000000000, 1.000000000000000000 ) ) ;
#2666 = EDGE_CURVE ( 'NONE', #826, #4591, #5320, .T. ) ;
#2667 = FACE_OUTER_BOUND ( 'NONE', #293, .T. ) ;
#2668 = ORIENTED_EDGE ( 'NONE', *, *, #7536, .T. ) ;
#2669 = EDGE_LOOP ( 'NONE', ( #2392, #6988, #4598, #663, #70 ) ) ;
#2670 = AXIS2_PLACEMENT_3D ( 'NONE', #5694, #2656, #5126 ) ;
#2671 = CARTESIAN_POINT ( 'NONE',  ( 2.375000000000007500, -2.025000000000001700, -35.99999999999996400 ) ) ;
#2672 = DIRECTION ( 'NONE',  ( -0.0000000000000000000, 1.000000000000000000, -0.0000000000000000000 ) ) ;
#2673 = DIRECTION ( 'NONE',  ( 2.949029909160574800E-015, 0.0000000000000000000, -1.000000000000000000 ) ) ;
#2674 = ORIENTED_EDGE ( 'NONE', *, *, #321, .T. ) ;
#2675 = LINE ( 'NONE', #1240, #1274 ) ;
#2676 = ORIENTED_EDGE ( 'NONE', *, *, #6429, .T. ) ;
#2677 = CARTESIAN_POINT ( 'NONE',  ( 26.02499999999996300, 11.31370849898476100, 1.895185397504661800E-013 ) ) ;
#2678 = EDGE_CURVE ( 'NONE', #2365, #5064, #1935, .T. ) ;
#2679 = CARTESIAN_POINT ( 'NONE',  ( 2.499999999999992500, -2.149999999999992800, -11.99999999999997500 ) ) ;
#2680 = ADVANCED_FACE ( 'NONE', ( #3732 ), #637, .F. ) ;
#2681 = AXIS2_PLACEMENT_3D ( 'NONE', #7211, #4241, #6629 ) ;
#2682 = CARTESIAN_POINT ( 'NONE',  ( 0.1249999999999998300, -11.99999999999999300, -21.97499999999996600 ) ) ;
#2683 = ORIENTED_EDGE ( 'NONE', *, *, #5285, .F. ) ;
#2684 = LINE ( 'NONE', #1579, #1277 ) ;
#2685 = VERTEX_POINT ( 'NONE', #7450 ) ;
#2686 = DIRECTION ( 'NONE',  ( 7.666467083416855300E-018, 0.7071067811865493500, 0.7071067811865455700 ) ) ;
#2687 = DIRECTION ( 'NONE',  ( -1.000000000000000000, -0.0000000000000000000, -0.0000000000000000000 ) ) ;
#2688 = EDGE_CURVE ( 'NONE', #6386, #1994, #2219, .T. ) ;
#2689 = CARTESIAN_POINT ( 'NONE',  ( 17.52027957955094100, 9.520279579550994200, 5.166782849695099500E-014 ) ) ;
#2690 = VERTEX_POINT ( 'NONE', #7421 ) ;
#2691 = DIRECTION ( 'NONE',  ( -5.055354680658670800E-015, -1.000000000000000000, -1.490839215467732600E-029 ) ) ;
#2692 = CONICAL_SURFACE ( 'NONE', #1817, 2.024999999999999000, 0.7853981633974571600 ) ;
#2693 = ORIENTED_EDGE ( 'NONE', *, *, #3729, .F. ) ;
#2694 = ORIENTED_EDGE ( 'NONE', *, *, #7548, .F. ) ;
#2695 = LINE ( 'NONE', #5013, #2029 ) ;
#2696 = EDGE_CURVE ( 'NONE', #2908, #124, #5782, .T. ) ;
#2697 = VECTOR ( 'NONE', #6550, 1000.000000000000000 ) ;
#2698 = DIRECTION ( 'NONE',  ( 1.000000000000000000, -0.0000000000000000000, 8.360113137237629900E-017 ) ) ;
#2699 = EDGE_CURVE ( 'NONE', #2908, #2292, #4020, .T. ) ;
#2700 = ORIENTED_EDGE ( 'NONE', *, *, #187, .F. ) ;
#2701 = CARTESIAN_POINT ( 'NONE',  ( 26.14999999999998400, 15.99999999999986900, 7.711713212454899700E-014 ) ) ;
#2702 = ORIENTED_EDGE ( 'NONE', *, *, #2074, .T. ) ;
#2703 = VECTOR ( 'NONE', #7066, 1000.000000000000200 ) ;
#2704 = AXIS2_PLACEMENT_3D ( 'NONE', #1014, #464, #2238 ) ;
#2705 = APPLICATION_CONTEXT ( 'configuration controlled 3d designs of mechanical parts and assemblies' ) ;
#2706 = VECTOR ( 'NONE', #6993, 1000.000000000000000 ) ;
#2707 = CARTESIAN_POINT ( 'NONE',  ( -3.469446951953614200E-015, 10.56810876809722900, -10.56810876809728900 ) ) ;
#2708 = CARTESIAN_POINT ( 'NONE',  ( 16.94660985766412900, 9.917172606141285500, -0.1249999999998267200 ) ) ;
#2709 = EDGE_LOOP ( 'NONE', ( #2786, #1673, #6518, #5109 ) ) ;
#2710 = ORIENTED_EDGE ( 'NONE', *, *, #3100, .T. ) ;
#2711 = CARTESIAN_POINT ( 'NONE',  ( -3.634275994247079600E-016, 6.479720420448916100, -33.52027957955106500 ) ) ;
#2712 = VECTOR ( 'NONE', #4331, 1000.000000000000000 ) ;
#2713 = LINE ( 'NONE', #3847, #5252 ) ;
#2715 = ORIENTED_EDGE ( 'NONE', *, *, #2774, .T. ) ;
#2714 = PLANE ( 'NONE',  #4721 ) ;
#2716 = CARTESIAN_POINT ( 'NONE',  ( 0.1250000000000034400, 2.025000000000002600, -12.68629150101520300 ) ) ;
#2717 = AXIS2_PLACEMENT_3D ( 'NONE', #2085, #2773, #6873 ) ;
#2718 = VERTEX_POINT ( 'NONE', #5151 ) ;
#2719 = DIRECTION ( 'NONE',  ( 1.000000000000000000, -0.0000000000000000000, 8.360113137237629900E-017 ) ) ;
#2720 = LINE ( 'NONE', #3399, #2910 ) ;
#2721 = ADVANCED_FACE ( 'NONE', ( #4207 ), #4554, .T. ) ;
#2722 = VECTOR ( 'NONE', #6151, 1000.000000000000000 ) ;
#2723 = CARTESIAN_POINT ( 'NONE',  ( -1.734723475976806400E-016, 8.000000000000035500, -15.99999999999997900 ) ) ;
#2724 = ORIENTED_EDGE ( 'NONE', *, *, #434, .T. ) ;
#2725 = VERTEX_POINT ( 'NONE', #2152 ) ;
#2726 = CARTESIAN_POINT ( 'NONE',  ( 2.499999999999995100, -15.87500000000000000, -23.99999999999996800 ) ) ;
#2727 = EDGE_CURVE ( 'NONE', #3459, #5344, #5964, .T. ) ;
#2728 = CARTESIAN_POINT ( 'NONE',  ( 2.499999999999994700, 11.99999999999999300, -21.84999999999994800 ) ) ;
#2729 = FACE_OUTER_BOUND ( 'NONE', #564, .T. ) ;
#2730 = EDGE_LOOP ( 'NONE', ( #5822, #1257, #1834, #7458 ) ) ;
#2731 = CARTESIAN_POINT ( 'NONE',  ( 2.375000000000007500, -6.938893903907228400E-015, -35.99999999999996400 ) ) ;
#2732 = DIRECTION ( 'NONE',  ( 0.0000000000000000000, 0.0000000000000000000, 1.000000000000000000 ) ) ;
#2733 = EDGE_LOOP ( 'NONE', ( #3263, #4434, #6781, #5943 ) ) ;
#2734 = CARTESIAN_POINT ( 'NONE',  ( 0.1250000000000175400, 8.000000000000007100, -31.99999999999997200 ) ) ;
#2735 = DIRECTION ( 'NONE',  ( 0.0000000000000000000, 0.0000000000000000000, 1.000000000000000000 ) ) ;
#2736 = EDGE_CURVE ( 'NONE', #5213, #2034, #361, .T. ) ;
#2737 = AXIS2_PLACEMENT_3D ( 'NONE', #4762, #1066, #2893 ) ;
#2738 = VERTEX_POINT ( 'NONE', #2099 ) ;
#2739 = ORIENTED_EDGE ( 'NONE', *, *, #2390, .F. ) ;
#2740 = CARTESIAN_POINT ( 'NONE',  ( 2.499999999999992900, -6.479720420448931200, -14.47972042044889600 ) ) ;
#2741 = VECTOR ( 'NONE', #2556, 1000.000000000000000 ) ;
#2742 = CARTESIAN_POINT ( 'NONE',  ( -2.168404344971008900E-015, -11.31370849898476100, -26.02499999999996700 ) ) ;
#2743 = LINE ( 'NONE', #3554, #1531 ) ;
#2744 = PLANE ( 'NONE',  #2717 ) ;
#2745 = ORIENTED_EDGE ( 'NONE', *, *, #1288, .T. ) ;
#2746 = VECTOR ( 'NONE', #6290, 1000.000000000000000 ) ;
#2747 = EDGE_CURVE ( 'NONE', #7317, #7419, #4766, .T. ) ;
#2748 = ORIENTED_EDGE ( 'NONE', *, *, #3559, .F. ) ;
#2749 = EDGE_CURVE ( 'NONE', #7028, #2330, #4305, .T. ) ;
#2750 = CARTESIAN_POINT ( 'NONE',  ( 33.52027957955098000, 6.479720420449004000, 9.885230704352028000E-014 ) ) ;
#2751 = FACE_OUTER_BOUND ( 'NONE', #5219, .T. ) ;
#2752 = CARTESIAN_POINT ( 'NONE',  ( 34.00556095378964700, 6.965001794687455400, -2.499999999999893400 ) ) ;
#2753 = CIRCLE ( 'NONE', #3130, 2.150000000000027000 ) ;
#2754 = ORIENTED_EDGE ( 'NONE', *, *, #2237, .F. ) ;
#2755 = ORIENTED_EDGE ( 'NONE', *, *, #5827, .F. ) ;
#2756 = CARTESIAN_POINT ( 'NONE',  ( 0.1250000000000142900, -7.053390142335814500, -14.08282739385865900 ) ) ;
#2757 = APPROVAL_ROLE ( '' ) ;
#2758 = DIRECTION ( 'NONE',  ( 8.360113137237634800E-017, 0.0000000000000000000, -1.000000000000000000 ) ) ;
#2759 = DIRECTION ( 'NONE',  ( 1.000000000000000000, 0.0000000000000000000, 0.0000000000000000000 ) ) ;
#2760 = ADVANCED_FACE ( 'NONE', ( #2790 ), #7236, .F. ) ;
#2761 = LINE ( 'NONE', #1002, #7488 ) ;
#2762 = ORIENTED_EDGE ( 'NONE', *, *, #1750, .F. ) ;
#2763 = CARTESIAN_POINT ( 'NONE',  ( -1.517280121661721500E-016, -6.965001794687476700, -13.99443904621032100 ) ) ;
#2764 = AXIS2_PLACEMENT_3D ( 'NONE', #3309, #5087, #4524 ) ;
#2765 = DIRECTION ( 'NONE',  ( 2.914001035115545500E-015, -0.0000000000000000000, -1.000000000000000000 ) ) ;
#2766 = VERTEX_POINT ( 'NONE', #3467 ) ;
#2767 = CARTESIAN_POINT ( 'NONE',  ( 2.374999999999993800, -8.000000000000000000, -18.02499999999995600 ) ) ;
#2768 = LINE ( 'NONE', #3604, #711 ) ;
#2769 = CARTESIAN_POINT ( 'NONE',  ( 0.1249999999999923300, 10.56810876809722900, -10.56810876809728900 ) ) ;
#2770 = DIRECTION ( 'NONE',  ( -0.0000000000000000000, -0.0000000000000000000, -1.000000000000000000 ) ) ;
#2771 = EDGE_LOOP ( 'NONE', ( #7052, #6531, #7725, #3903 ) ) ;
#2772 = ORIENTED_EDGE ( 'NONE', *, *, #4216, .F. ) ;
#2773 = DIRECTION ( 'NONE',  ( -1.000000000000000000, 5.055354680658670800E-015, -2.914001035115545500E-015 ) ) ;
#2774 = EDGE_CURVE ( 'NONE', #6502, #4384, #2129, .T. ) ;
#2775 = DIRECTION ( 'NONE',  ( -1.000000000000000000, 1.713307136767217800E-015, 0.0000000000000000000 ) ) ;
#2776 = ORIENTED_EDGE ( 'NONE', *, *, #7690, .T. ) ;
#2777 = AXIS2_PLACEMENT_3D ( 'NONE', #2584, #784, #6137 ) ;
#2778 = VECTOR ( 'NONE', #7446, 1000.000000000000100 ) ;
#2779 = ORIENTED_EDGE ( 'NONE', *, *, #2418, .T. ) ;
#2780 = ORIENTED_EDGE ( 'NONE', *, *, #1315, .F. ) ;
#2781 = DIRECTION ( 'NONE',  ( 2.914001035115545500E-015, -0.0000000000000000000, -1.000000000000000000 ) ) ;
#2782 = DIRECTION ( 'NONE',  ( 1.000000000000000000, 0.0000000000000000000, 0.0000000000000000000 ) ) ;
#2783 = ORIENTED_EDGE ( 'NONE', *, *, #2033, .F. ) ;
#2784 = EDGE_CURVE ( 'NONE', #6261, #4799, #7323, .T. ) ;
#2785 = FACE_OUTER_BOUND ( 'NONE', #5291, .T. ) ;
#2786 = ORIENTED_EDGE ( 'NONE', *, *, #3696, .F. ) ;
#2787 = CARTESIAN_POINT ( 'NONE',  ( 21.84999999999995500, 11.99999999999999300, -2.499999999999927200 ) ) ;
#2788 = DIRECTION ( 'NONE',  ( 0.7071067811865476800, 0.5000000000000073300, -0.4999999999999925600 ) ) ;
#2789 = DIRECTION ( 'NONE',  ( -0.0000000000000000000, -0.0000000000000000000, -1.000000000000000000 ) ) ;
#2790 = FACE_OUTER_BOUND ( 'NONE', #2848, .T. ) ;
#2791 = EDGE_LOOP ( 'NONE', ( #7642, #1608, #404, #2572 ) ) ;
#2792 = ORIENTED_EDGE ( 'NONE', *, *, #1586, .F. ) ;
#2793 = DIRECTION ( 'NONE',  ( 2.949029909160574800E-015, 0.0000000000000000000, -1.000000000000000000 ) ) ;
#2794 = PLANE ( 'NONE',  #3607 ) ;
#2795 = FACE_OUTER_BOUND ( 'NONE', #4054, .T. ) ;
#2796 = DIRECTION ( 'NONE',  ( -0.7071067811865439100, 0.0000000000000000000, 0.7071067811865512400 ) ) ;
#2797 = AXIS2_PLACEMENT_3D ( 'NONE', #7557, #6390, #4639 ) ;
#2798 = DIRECTION ( 'NONE',  ( 1.000000000000000000, 0.0000000000000000000, 0.0000000000000000000 ) ) ;
#2799 = LINE ( 'NONE', #7213, #6342 ) ;
#2800 = ADVANCED_FACE ( 'NONE', ( #3926 ), #3822, .F. ) ;
#2801 = EDGE_CURVE ( 'NONE', #5778, #5751, #545, .T. ) ;
#2802 = ORIENTED_EDGE ( 'NONE', *, *, #4492, .F. ) ;
#2803 = DIRECTION ( 'NONE',  ( -0.7071067811865597900, 0.0000000000000000000, 0.7071067811865352500 ) ) ;
#2804 = ORIENTED_EDGE ( 'NONE', *, *, #6388, .T. ) ;
#2805 = CARTESIAN_POINT ( 'NONE',  ( 23.99999999999996800, 0.0000000000000000000, -0.1249999999998421400 ) ) ;
#2806 = LINE ( 'NONE', #551, #2607 ) ;
#2807 = CARTESIAN_POINT ( 'NONE',  ( 14.08282739385865900, -7.053390142335806500, -2.374999999999940500 ) ) ;
#2808 = LINE ( 'NONE', #5903, #5886 ) ;
#2809 = ORIENTED_EDGE ( 'NONE', *, *, #1348, .T. ) ;
#2810 = ORIENTED_EDGE ( 'NONE', *, *, #2289, .T. ) ;
#2811 = DIRECTION ( 'NONE',  ( -0.7071067811865524600, 0.0000000000000000000, -0.7071067811865426900 ) ) ;
#2812 = LINE ( 'NONE', #4525, #3381 ) ;
#2813 = DIRECTION ( 'NONE',  ( -0.7071067811865455700, -0.7071067811865493500, -2.085279046689384700E-015 ) ) ;
#2814 = ORIENTED_EDGE ( 'NONE', *, *, #597, .T. ) ;
#2815 = DIRECTION ( 'NONE',  ( -0.7071067811865597900, 8.659560562354782500E-017, -0.7071067811865352500 ) ) ;
#2816 = EDGE_LOOP ( 'NONE', ( #3597, #7334, #4194, #1239, #3683 ) ) ;
#2817 = CONICAL_SURFACE ( 'NONE', #7101, 2.025000000000006100, 0.7853981633974991300 ) ;
#2818 = DIRECTION ( 'NONE',  ( 0.7071067811865424700, -0.7071067811865526800, 1.962615573354706700E-015 ) ) ;
#2819 = VECTOR ( 'NONE', #2954, 1000.000000000000100 ) ;
#2820 = CARTESIAN_POINT ( 'NONE',  ( 26.14999999999997400, -11.99999999999999300, -2.499999999999915600 ) ) ;
#2821 = PLANE ( 'NONE',  #86 ) ;
#2822 = AXIS2_PLACEMENT_3D ( 'NONE', #7643, #6490, #1670 ) ;
#2823 = DIRECTION ( 'NONE',  ( -1.000000000000000000, 1.263838670164661400E-015, -2.949029909160574800E-015 ) ) ;
#2824 = EDGE_LOOP ( 'NONE', ( #2338, #6804, #4416, #5666 ) ) ;
#2825 = ORIENTED_EDGE ( 'NONE', *, *, #238, .T. ) ;
#2826 = CARTESIAN_POINT ( 'NONE',  ( 21.85000000000008000, 11.99999999999999300, 6.443630351515880200E-014 ) ) ;
#2827 = DIRECTION ( 'NONE',  ( 0.7071067811865462400, 0.7071067811865489100, 1.962615573354716900E-015 ) ) ;
#2828 = LINE ( 'NONE', #3122, #3018 ) ;
#2830 = ORIENTED_EDGE ( 'NONE', *, *, #1467, .F. ) ;
#2829 = DIRECTION ( 'NONE',  ( 0.0000000000000000000, -6.319193350823370000E-016, 1.000000000000000000 ) ) ;
#2831 = DIRECTION ( 'NONE',  ( 1.000000000000000000, -0.0000000000000000000, 8.360113137237629900E-017 ) ) ;
#2832 = ORIENTED_EDGE ( 'NONE', *, *, #2841, .T. ) ;
#2833 = EDGE_CURVE ( 'NONE', #6395, #1191, #3359, .T. ) ;
#2834 = DIRECTION ( 'NONE',  ( 0.0000000000000000000, 0.0000000000000000000, 1.000000000000000000 ) ) ;
#2835 = PRODUCT_DEFINITION ( 'UNKNOWN', '', #2077, #2499 ) ;
#2836 = FACE_OUTER_BOUND ( 'NONE', #7332, .T. ) ;
#2837 = DIRECTION ( 'NONE',  ( 1.000000000000000000, -0.0000000000000000000, 8.360113137237629900E-017 ) ) ;
#2838 = VERTEX_POINT ( 'NONE', #6986 ) ;
#2839 = ADVANCED_FACE ( 'NONE', ( #6689 ), #4653, .T. ) ;
#2840 = ORIENTED_EDGE ( 'NONE', *, *, #5351, .F. ) ;
#2841 = EDGE_CURVE ( 'NONE', #6096, #2498, #6779, .T. ) ;
#2842 = VECTOR ( 'NONE', #305, 1000.000000000000000 ) ;
#2843 = DIRECTION ( 'NONE',  ( 7.666467083416910700E-018, -0.7071067811865443500, 0.7071067811865506800 ) ) ;
#2844 = AXIS2_PLACEMENT_3D ( 'NONE', #2633, #5130, #6898 ) ;
#2845 = FACE_OUTER_BOUND ( 'NONE', #4358, .T. ) ;
#2846 = LINE ( 'NONE', #5924, #1254 ) ;
#2847 = ORIENTED_EDGE ( 'NONE', *, *, #4727, .T. ) ;
#2848 = EDGE_LOOP ( 'NONE', ( #2840, #712, #5282, #5322 ) ) ;
#2849 = ORIENTED_EDGE ( 'NONE', *, *, #3743, .T. ) ;
#2850 = CARTESIAN_POINT ( 'NONE',  ( -4.878909776184746500E-017, -15.87499999999999300, -4.499999999999974200 ) ) ;
#2851 = DIRECTION ( 'NONE',  ( 8.360113137237639800E-017, 0.0000000000000000000, -1.000000000000000000 ) ) ;
#2852 = FACE_OUTER_BOUND ( 'NONE', #4658, .T. ) ;
#2853 = EDGE_CURVE ( 'NONE', #3344, #5554, #5230, .T. ) ;
#2854 = ORIENTED_EDGE ( 'NONE', *, *, #5756, .T. ) ;
#2855 = DIRECTION ( 'NONE',  ( 2.914001035115545500E-015, -0.0000000000000000000, -1.000000000000000000 ) ) ;
#2856 = DIRECTION ( 'NONE',  ( 1.000000000000000000, -0.0000000000000000000, -1.084202172485505400E-017 ) ) ;
#2857 = CARTESIAN_POINT ( 'NONE',  ( 33.52027957955108000, 6.479720420448909800, -2.499999999999894800 ) ) ;
#2858 = LINE ( 'NONE', #2965, #48 ) ;
#2859 = VERTEX_POINT ( 'NONE', #432 ) ;
#2860 = ORIENTED_EDGE ( 'NONE', *, *, #2123, .T. ) ;
#2861 = DIRECTION ( 'NONE',  ( -1.000000000000000000, 0.0000000000000000000, -2.823968449264539000E-015 ) ) ;
#2862 = PLANE ( 'NONE',  #5348 ) ;
#2863 = VECTOR ( 'NONE', #34, 1000.000000000000000 ) ;
#2864 = EDGE_LOOP ( 'NONE', ( #7040, #3064, #4529, #5945 ) ) ;
#2865 = ORIENTED_EDGE ( 'NONE', *, *, #3305, .T. ) ;
#2866 = AXIS2_PLACEMENT_3D ( 'NONE', #2641, #6802, #320 ) ;
#2867 = CARTESIAN_POINT ( 'NONE',  ( 17.52027957955103300, 9.520279579551076000, -2.499999999999939200 ) ) ;
#2868 = DIRECTION ( 'NONE',  ( -1.000000000000000000, 0.0000000000000000000, 0.0000000000000000000 ) ) ;
#2869 = DIRECTION ( 'NONE',  ( 1.084202172485505500E-017, 2.420544385083906100E-015, 1.000000000000000000 ) ) ;
#2870 = VECTOR ( 'NONE', #2519, 1000.000000000000000 ) ;
#2871 = ORIENTED_EDGE ( 'NONE', *, *, #577, .F. ) ;
#2872 = DIRECTION ( 'NONE',  ( -1.000000000000000000, -1.713307136767211700E-015, 0.0000000000000000000 ) ) ;
#2873 = ADVANCED_FACE ( 'NONE', ( #3173 ), #1009, .F. ) ;
#2874 = EDGE_CURVE ( 'NONE', #7150, #2365, #5696, .T. ) ;
#2875 = DIRECTION ( 'NONE',  ( -1.000000000000000000, 0.0000000000000000000, -2.602085213965212600E-016 ) ) ;
#2876 = AXIS2_PLACEMENT_3D ( 'NONE', #5712, #1557, #930 ) ;
#2877 = CARTESIAN_POINT ( 'NONE',  ( 13.43189123190284600, -13.43189123190277100, -0.1249999999998371900 ) ) ;
#2878 = FACE_OUTER_BOUND ( 'NONE', #2791, .T. ) ;
#2879 = DIRECTION ( 'NONE',  ( -1.000000000000000000, 0.0000000000000000000, 0.0000000000000000000 ) ) ;
#2880 = ORIENTED_EDGE ( 'NONE', *, *, #321, .F. ) ;
#2881 = ORIENTED_EDGE ( 'NONE', *, *, #3656, .T. ) ;
#2882 = CARTESIAN_POINT ( 'NONE',  ( 17.43189123190272800, -9.431891231902760400, -0.1249999999998359600 ) ) ;
#2883 = EDGE_CURVE ( 'NONE', #1086, #6439, #7060, .T. ) ;
#2884 = EDGE_CURVE ( 'NONE', #4752, #6870, #6591, .T. ) ;
#2885 = VECTOR ( 'NONE', #2576, 1000.000000000000100 ) ;
#2886 = DIRECTION ( 'NONE',  ( -0.0000000000000000000, -0.0000000000000000000, -1.000000000000000000 ) ) ;
#2887 = CARTESIAN_POINT ( 'NONE',  ( -9.053858120676490700E-016, 2.024999999999994600, -0.1249999999998994400 ) ) ;
#2888 = CC_DESIGN_SECURITY_CLASSIFICATION ( #1684, ( #2077 ) ) ;
#2889 = VERTEX_POINT ( 'NONE', #5321 ) ;
#2890 = VERTEX_POINT ( 'NONE', #7710 ) ;
#2891 = LINE ( 'NONE', #3501, #2703 ) ;
#2892 = VECTOR ( 'NONE', #5974, 1000.000000000000100 ) ;
#2893 = DIRECTION ( 'NONE',  ( -1.000000000000000000, 0.0000000000000000000, 0.0000000000000000000 ) ) ;
#2894 = EDGE_CURVE ( 'NONE', #1653, #6261, #928, .T. ) ;
#2896 = VERTEX_POINT ( 'NONE', #6575 ) ;
#2895 = CARTESIAN_POINT ( 'NONE',  ( -3.634275994247079600E-016, 6.479720420448916100, -33.52027957955106500 ) ) ;
#2897 = EDGE_CURVE ( 'NONE', #4363, #4947, #3545, .T. ) ;
#2898 = CARTESIAN_POINT ( 'NONE',  ( 30.96500179468742800, -10.00556095378968300, -2.499999999999901900 ) ) ;
#2899 = CARTESIAN_POINT ( 'NONE',  ( -3.634275994247072700E-016, -6.479720420448911600, -33.52027957955100800 ) ) ;
#2900 = VERTEX_POINT ( 'NONE', #4208 ) ;
#2901 = AXIS2_PLACEMENT_3D ( 'NONE', #1071, #1667, #5874 ) ;
#2902 = CARTESIAN_POINT ( 'NONE',  ( 30.96500179468753800, -10.00556095378957400, 9.131671642974443000E-014 ) ) ;
#2903 = CYLINDRICAL_SURFACE ( 'NONE', #7452, 2.024999999999988800 ) ;
#2904 = EDGE_CURVE ( 'NONE', #6246, #2169, #3639, .T. ) ;
#2905 = LINE ( 'NONE', #7037, #3285 ) ;
#2906 = CARTESIAN_POINT ( 'NONE',  ( 12.68629150101521000, 2.150000000000034600, -2.499999999999952900 ) ) ;
#2907 = ORIENTED_EDGE ( 'NONE', *, *, #5440, .F. ) ;
#2908 = VERTEX_POINT ( 'NONE', #5965 ) ;
#2909 = CARTESIAN_POINT ( 'NONE',  ( 35.99999999999996400, -2.025000000000001700, -0.1249999999997806900 ) ) ;
#2910 = VECTOR ( 'NONE', #6966, 1000.000000000000000 ) ;
#2911 = CARTESIAN_POINT ( 'NONE',  ( -1.301042606982605300E-015, -2.025000000000000800, -35.31370849898473100 ) ) ;
#2912 = CARTESIAN_POINT ( 'NONE',  ( 0.1249999999999921500, 8.485281374238567800, -15.51471862576140700 ) ) ;
#2913 = CIRCLE ( 'NONE', #377, 2.025000000000006100 ) ;
#2914 = VERTEX_POINT ( 'NONE', #2385 ) ;
#2915 = AXIS2_PLACEMENT_3D ( 'NONE', #449, #4548, #2827 ) ;
#2916 = VERTEX_POINT ( 'NONE', #6619 ) ;
#2917 = DIRECTION ( 'NONE',  ( 0.0000000000000000000, 1.000000000000000000, -0.0000000000000000000 ) ) ;
#2918 = ADVANCED_FACE ( 'NONE', ( #2504 ), #6968, .T. ) ;
#2919 = FACE_OUTER_BOUND ( 'NONE', #257, .T. ) ;
#2920 = DIRECTION ( 'NONE',  ( 5.055354680658670800E-015, 1.000000000000000000, 1.403142791028454100E-029 ) ) ;
#2921 = ORIENTED_EDGE ( 'NONE', *, *, #6343, .T. ) ;
#2922 = ORIENTED_EDGE ( 'NONE', *, *, #7151, .F. ) ;
#2923 = DIRECTION ( 'NONE',  ( -1.000000000000000000, 0.0000000000000000000, 1.084202172485505400E-017 ) ) ;
#2924 = EDGE_CURVE ( 'NONE', #134, #6666, #4946, .T. ) ;
#2925 = CARTESIAN_POINT ( 'NONE',  ( -3.469446951953614200E-015, -10.56810876809727000, -10.56810876809717400 ) ) ;
#2926 = AXIS2_PLACEMENT_3D ( 'NONE', #5386, #6547, #581 ) ;
#2927 = DIRECTION ( 'NONE',  ( -0.0000000000000000000, -0.0000000000000000000, -1.000000000000000000 ) ) ;
#2928 = LINE ( 'NONE', #400, #5732 ) ;
#2929 = ORIENTED_EDGE ( 'NONE', *, *, #2784, .T. ) ;
#2930 = VERTEX_POINT ( 'NONE', #31 ) ;
#2931 = DIRECTION ( 'NONE',  ( 0.0000000000000000000, 0.0000000000000000000, 1.000000000000000000 ) ) ;
#2932 = DIRECTION ( 'NONE',  ( -0.0000000000000000000, -0.0000000000000000000, -1.000000000000000000 ) ) ;
#2933 = DIRECTION ( 'NONE',  ( -0.0000000000000000000, -0.0000000000000000000, 1.000000000000000000 ) ) ;
#2934 = CIRCLE ( 'NONE', #6756, 2.024999999999999000 ) ;
#2935 = CONICAL_SURFACE ( 'NONE', #2334, 2.025000000000006100, 0.7853981633974932400 ) ;
#2936 = DIRECTION ( 'NONE',  ( 0.0000000000000000000, 0.7071067811865451300, -0.7071067811865500200 ) ) ;
#2937 = EDGE_CURVE ( 'NONE', #4387, #2320, #7147, .T. ) ;
#2938 = ORIENTED_EDGE ( 'NONE', *, *, #1421, .F. ) ;
#2939 = LINE ( 'NONE', #5019, #412 ) ;
#2940 = AXIS2_PLACEMENT_3D ( 'NONE', #2132, #2236, #5752 ) ;
#2941 = EDGE_LOOP ( 'NONE', ( #4234, #5369, #419, #7209 ) ) ;
#2942 = CARTESIAN_POINT ( 'NONE',  ( 0.1250000000000142400, -8.000000000000000000, -15.99999999999997000 ) ) ;
#2943 = LINE ( 'NONE', #6286, #4540 ) ;
#2944 = VECTOR ( 'NONE', #5906, 1000.000000000000000 ) ;
#2946 = EDGE_LOOP ( 'NONE', ( #5026, #4915, #5688, #2997 ) ) ;
#2945 = DIRECTION ( 'NONE',  ( -1.315446366589175700E-030, -1.000000000000000000, 5.055354680658670800E-015 ) ) ;
#2947 = VERTEX_POINT ( 'NONE', #1165 ) ;
#2948 = EDGE_CURVE ( 'NONE', #2058, #1022, #6146, .T. ) ;
#2949 = DIRECTION ( 'NONE',  ( -1.000000000000000000, 0.0000000000000000000, -2.823968449264525500E-015 ) ) ;
#2950 = AXIS2_PLACEMENT_3D ( 'NONE', #6631, #1219, #116 ) ;
#2951 = CARTESIAN_POINT ( 'NONE',  ( 31.05339014233578300, 9.917172606141328100, -2.374999999999873900 ) ) ;
#2952 = VECTOR ( 'NONE', #4620, 999.9999999999998900 ) ;
#2953 = CARTESIAN_POINT ( 'NONE',  ( 2.375000000000008900, 2.025000000000002100, -11.99999999999997500 ) ) ;
#2954 = DIRECTION ( 'NONE',  ( 0.7071067811865455700, -0.7071067811865493500, 2.085279046689384300E-015 ) ) ;
#2955 = ORIENTED_EDGE ( 'NONE', *, *, #5927, .F. ) ;
#2956 = ORIENTED_EDGE ( 'NONE', *, *, #7154, .T. ) ;
#2957 = CARTESIAN_POINT ( 'NONE',  ( 17.43189123190268900, 9.431891231902733700, -2.374999999999947200 ) ) ;
#2958 = CARTESIAN_POINT ( 'NONE',  ( 21.84999999999996600, 11.31370849898476100, -2.499999999999927200 ) ) ;
#2959 = ADVANCED_FACE ( 'NONE', ( #6516 ), #5442, .T. ) ;
#2960 = CARTESIAN_POINT ( 'NONE',  ( 31.05339014233576800, -9.917172606141342300, 2.055647319032516400E-013 ) ) ;
#2961 = LINE ( 'NONE', #1474, #1646 ) ;
#2962 = CARTESIAN_POINT ( 'NONE',  ( 0.1249999999999921500, 8.485281374238567800, -13.48971862576145300 ) ) ;
#2963 = ORIENTED_EDGE ( 'NONE', *, *, #447, .T. ) ;
#2964 = ORIENTED_EDGE ( 'NONE', *, *, #3051, .F. ) ;
#2965 = CARTESIAN_POINT ( 'NONE',  ( -1.734723475976807100E-015, 9.917172606141326300, -31.05339014233577500 ) ) ;
#2966 = CARTESIAN_POINT ( 'NONE',  ( 2.375000000000007500, -6.938893903907228400E-015, -35.99999999999996400 ) ) ;
#2967 = DIRECTION ( 'NONE',  ( -1.000000000000000000, 0.0000000000000000000, 0.0000000000000000000 ) ) ;
#2968 = ORIENTED_EDGE ( 'NONE', *, *, #6041, .T. ) ;
#2969 = VECTOR ( 'NONE', #4600, 1000.000000000000000 ) ;
#2970 = ORIENTED_EDGE ( 'NONE', *, *, #4308, .T. ) ;
#2971 = ORIENTED_EDGE ( 'NONE', *, *, #7110, .T. ) ;
#2972 = DIRECTION ( 'NONE',  ( 0.7071067811865470200, 0.0000000000000000000, -0.7071067811865480200 ) ) ;
#2973 = DIRECTION ( 'NONE',  ( -1.000000000000000000, 0.0000000000000000000, -2.602085213965212600E-016 ) ) ;
#2974 = ORIENTED_EDGE ( 'NONE', *, *, #1102, .T. ) ;
#2975 = AXIS2_PLACEMENT_3D ( 'NONE', #225, #6814, #274 ) ;
#2976 = LINE ( 'NONE', #7181, #1574 ) ;
#2977 = ORIENTED_EDGE ( 'NONE', *, *, #5031, .T. ) ;
#2978 = CARTESIAN_POINT ( 'NONE',  ( 2.499999999999990700, 15.87499999999999300, -4.499999999999975100 ) ) ;
#2979 = DIRECTION ( 'NONE',  ( 0.0000000000000000000, 0.0000000000000000000, 1.000000000000000000 ) ) ;
#2980 = CARTESIAN_POINT ( 'NONE',  ( 0.1250000000000034400, -2.735438768656219200E-015, -12.68629150101520300 ) ) ;
#2981 = DIRECTION ( 'NONE',  ( -1.000000000000000000, 0.0000000000000000000, -2.602085213965212600E-016 ) ) ;
#2982 = LINE ( 'NONE', #4235, #1388 ) ;
#2983 = ORIENTED_EDGE ( 'NONE', *, *, #3387, .F. ) ;
#2984 = EDGE_CURVE ( 'NONE', #7079, #6690, #6333, .T. ) ;
#2985 = ORIENTED_EDGE ( 'NONE', *, *, #6467, .T. ) ;
#2986 = LINE ( 'NONE', #1763, #3274 ) ;
#2987 = DIRECTION ( 'NONE',  ( -0.7071067811865500200, 0.7071067811865450200, -1.962615573354727600E-015 ) ) ;
#2988 = DIRECTION ( 'NONE',  ( 1.000000000000000000, -0.0000000000000000000, 8.360113137237629900E-017 ) ) ;
#2989 = VECTOR ( 'NONE', #4988, 1000.000000000000000 ) ;
#2990 = DIRECTION ( 'NONE',  ( 0.0000000000000000000, 0.0000000000000000000, 1.000000000000000000 ) ) ;
#2991 = ORIENTED_EDGE ( 'NONE', *, *, #6079, .F. ) ;
#2992 = ORIENTED_EDGE ( 'NONE', *, *, #2678, .F. ) ;
#2993 = CYLINDRICAL_SURFACE ( 'NONE', #6524, 2.025000000000006100 ) ;
#2994 = AXIS2_PLACEMENT_3D ( 'NONE', #3458, #5780, #5218 ) ;
#2995 = ADVANCED_FACE ( 'NONE', ( #2404 ), #6020, .F. ) ;
#2996 = LINE ( 'NONE', #3395, #6615 ) ;
#2997 = ORIENTED_EDGE ( 'NONE', *, *, #5952, .T. ) ;
#2998 = DIRECTION ( 'NONE',  ( 2.949029909160574800E-015, 0.0000000000000000000, -1.000000000000000000 ) ) ;
#2999 = VERTEX_POINT ( 'NONE', #3653 ) ;
#3000 = CONICAL_SURFACE ( 'NONE', #5032, 2.024999999999999000, 0.7853981633974760300 ) ;
#3001 = CARTESIAN_POINT ( 'NONE',  ( 17.43189123190268200, 9.431891231902733700, 1.613292832658430600E-013 ) ) ;
#3002 = FACE_OUTER_BOUND ( 'NONE', #4623, .T. ) ;
#3003 = CARTESIAN_POINT ( 'NONE',  ( 31.99999999999994700, -7.999999999999992900, -0.1249999999997846000 ) ) ;
#3004 = EDGE_CURVE ( 'NONE', #6246, #2066, #2982, .T. ) ;
#3005 = CARTESIAN_POINT ( 'NONE',  ( 2.374999999999988000, 1.110914191074738400E-013, -21.97499999999990900 ) ) ;
#3006 = ADVANCED_FACE ( 'NONE', ( #161 ), #3069, .T. ) ;
#3007 = EDGE_LOOP ( 'NONE', ( #4068, #7231, #4299, #2006 ) ) ;
#3008 = CARTESIAN_POINT ( 'NONE',  ( 0.1250000000000001900, -9.917172606141335200, -31.05339014233577200 ) ) ;
#3009 = VERTEX_POINT ( 'NONE', #3153 ) ;
#3010 = CIRCLE ( 'NONE', #6324, 2.149999999999874200 ) ;
#3011 = LINE ( 'NONE', #2898, #6910 ) ;
#3012 = LINE ( 'NONE', #7426, #394 ) ;
#3014 = ORIENTED_EDGE ( 'NONE', *, *, #3475, .T. ) ;
#3013 = DIRECTION ( 'NONE',  ( -7.666467083416916900E-018, 0.7071067811865443500, -0.7071067811865506800 ) ) ;
#3015 = DIRECTION ( 'NONE',  ( 0.7071067811865341400, 0.5000000000000135400, -0.5000000000000054400 ) ) ;
#3016 = VERTEX_POINT ( 'NONE', #689 ) ;
#3017 = DIRECTION ( 'NONE',  ( 1.000000000000000000, 6.319193350823370000E-016, 0.0000000000000000000 ) ) ;
#3018 = VECTOR ( 'NONE', #2554, 1000.000000000000000 ) ;
#3019 = AXIS2_PLACEMENT_3D ( 'NONE', #6398, #6955, #2829 ) ;
#3020 = DIRECTION ( 'NONE',  ( -1.000000000000000000, 0.0000000000000000000, -2.823968449264632000E-015 ) ) ;
#3021 = VERTEX_POINT ( 'NONE', #2484 ) ;
#3022 = ORIENTED_EDGE ( 'NONE', *, *, #304, .F. ) ;
#3023 = CARTESIAN_POINT ( 'NONE',  ( 18.47972042044885700, -2.479720420449017300, -2.499999999999936900 ) ) ;
#3024 = DIRECTION ( 'NONE',  ( 0.0000000000000000000, -1.000000000000000000, 0.0000000000000000000 ) ) ;
#3025 = LINE ( 'NONE', #511, #1713 ) ;
#3026 = DIRECTION ( 'NONE',  ( -1.000000000000000000, 0.0000000000000000000, -2.949029909160574800E-015 ) ) ;
#3027 = ORIENTED_EDGE ( 'NONE', *, *, #4842, .F. ) ;
#3028 = FACE_OUTER_BOUND ( 'NONE', #3848, .T. ) ;
#3029 = DIRECTION ( 'NONE',  ( 0.0000000000000000000, 0.0000000000000000000, 1.000000000000000000 ) ) ;
#3030 = ORIENTED_EDGE ( 'NONE', *, *, #83, .F. ) ;
#3031 = EDGE_CURVE ( 'NONE', #484, #2017, #2976, .T. ) ;
#3032 = DIRECTION ( 'NONE',  ( 2.914001035115545500E-015, -0.0000000000000000000, -1.000000000000000000 ) ) ;
#3033 = AXIS2_PLACEMENT_3D ( 'NONE', #6255, #5720, #6231 ) ;
#3034 = LINE ( 'NONE', #5101, #3599 ) ;
#3035 = CIRCLE ( 'NONE', #4547, 2.025000000000002600 ) ;
#3036 = ADVANCED_FACE ( 'NONE', ( #1104 ), #3919, .F. ) ;
#3037 = FACE_OUTER_BOUND ( 'NONE', #2730, .T. ) ;
#3038 = ORIENTED_EDGE ( 'NONE', *, *, #7397, .F. ) ;
#3039 = ORIENTED_EDGE ( 'NONE', *, *, #497, .F. ) ;
#3040 = ORIENTED_EDGE ( 'NONE', *, *, #7294, .F. ) ;
#3041 = EDGE_CURVE ( 'NONE', #812, #6790, #5687, .T. ) ;
#3042 = CARTESIAN_POINT ( 'NONE',  ( -2.168404344971008900E-015, -16.00000000000000000, -23.99999999999996800 ) ) ;
#3043 = EDGE_CURVE ( 'NONE', #3209, #6839, #1382, .T. ) ;
#3044 = DIRECTION ( 'NONE',  ( 0.0000000000000000000, 0.0000000000000000000, 1.000000000000000000 ) ) ;
#3045 = CIRCLE ( 'NONE', #6797, 2.024999999999990100 ) ;
#3046 = ORIENTED_EDGE ( 'NONE', *, *, #2578, .T. ) ;
#3047 = ADVANCED_FACE ( 'NONE', ( #1476 ), #2497, .F. ) ;
#3048 = DIRECTION ( 'NONE',  ( -5.055354680658670800E-015, 1.000000000000000000, -1.490839215467732600E-029 ) ) ;
#3049 = CARTESIAN_POINT ( 'NONE',  ( 0.0000000000000000000, 15.87499999999999300, 0.0000000000000000000 ) ) ;
#3050 = CARTESIAN_POINT ( 'NONE',  ( 23.99999999999997200, 11.31370849898476100, -2.374999999999907200 ) ) ;
#3051 = EDGE_CURVE ( 'NONE', #7431, #2690, #5492, .T. ) ;
#3052 = FACE_OUTER_BOUND ( 'NONE', #2709, .T. ) ;
#3053 = EDGE_CURVE ( 'NONE', #3280, #5865, #538, .T. ) ;
#3054 = ORIENTED_EDGE ( 'NONE', *, *, #5296, .F. ) ;
#3055 = ORIENTED_EDGE ( 'NONE', *, *, #7204, .F. ) ;
#3056 = AXIS2_PLACEMENT_3D ( 'NONE', #5849, #2770, #7022 ) ;
#3057 = CARTESIAN_POINT ( 'NONE',  ( -3.236343484869228300E-016, 8.000000000000007100, -29.84999999999994800 ) ) ;
#3058 = EDGE_CURVE ( 'NONE', #4725, #7324, #156, .T. ) ;
#3059 = DIRECTION ( 'NONE',  ( 2.914001035115545500E-015, -0.0000000000000000000, -1.000000000000000000 ) ) ;
#3060 = DIRECTION ( 'NONE',  ( 8.360113137237645900E-017, 0.0000000000000000000, -1.000000000000000000 ) ) ;
#3061 = FACE_OUTER_BOUND ( 'NONE', #1373, .T. ) ;
#3062 = ORIENTED_EDGE ( 'NONE', *, *, #4997, .T. ) ;
#3063 = DIRECTION ( 'NONE',  ( 0.7071067811865526800, 0.7071067811865424700, 2.060509892314835900E-015 ) ) ;
#3064 = ORIENTED_EDGE ( 'NONE', *, *, #6343, .F. ) ;
#3065 = FACE_OUTER_BOUND ( 'NONE', #4715, .T. ) ;
#3066 = CARTESIAN_POINT ( 'NONE',  ( 26.14999999999998400, 15.99999999999986900, 7.711713212454899700E-014 ) ) ;
#3067 = ORIENTED_EDGE ( 'NONE', *, *, #5199, .F. ) ;
#3068 = DIRECTION ( 'NONE',  ( -2.775557561562893700E-015, -0.0000000000000000000, 1.000000000000000000 ) ) ;
#3069 = CYLINDRICAL_SURFACE ( 'NONE', #3768, 16.00000000000001100 ) ;
#3070 = DIRECTION ( 'NONE',  ( -0.7071067811865338100, 0.5000000000000244200, -0.4999999999999949500 ) ) ;
#3071 = ORIENTED_EDGE ( 'NONE', *, *, #2894, .T. ) ;
#3072 = ADVANCED_FACE ( 'NONE', ( #6679 ), #4852, .F. ) ;
#3073 = ORIENTED_EDGE ( 'NONE', *, *, #5246, .T. ) ;
#3074 = DIRECTION ( 'NONE',  ( -0.7071067811865292500, 0.7071067811865658900, 0.0000000000000000000 ) ) ;
#3075 = EDGE_CURVE ( 'NONE', #7079, #6492, #4385, .T. ) ;
#3076 = PLANE ( 'NONE',  #4990 ) ;
#3077 = AXIS2_PLACEMENT_3D ( 'NONE', #6688, #152, #1280 ) ;
#3078 = VECTOR ( 'NONE', #699, 1000.000000000000000 ) ;
#3079 = PLANE ( 'NONE',  #7112 ) ;
#3080 = CARTESIAN_POINT ( 'NONE',  ( 12.68629150101520300, -2.735438768656219200E-015, -0.1249999999998620400 ) ) ;
#3082 = ORIENTED_EDGE ( 'NONE', *, *, #6241, .F. ) ;
#3081 = CARTESIAN_POINT ( 'NONE',  ( 26.14999999999983900, 11.31370849898476100, 7.711713212454856800E-014 ) ) ;
#3083 = CARTESIAN_POINT ( 'NONE',  ( 33.28870849898472500, 1.349909078679433100E-015, 2.135416676149571100E-013 ) ) ;
#3084 = ADVANCED_FACE ( 'NONE', ( #6057 ), #5515, .T. ) ;
#3085 = ORIENTED_EDGE ( 'NONE', *, *, #5568, .T. ) ;
#3086 = CARTESIAN_POINT ( 'NONE',  ( 15.51471862576140700, 8.485281374238567800, 1.552577510999242300E-013 ) ) ;
#3087 = FACE_BOUND ( 'NONE', #6918, .T. ) ;
#3088 = EDGE_CURVE ( 'NONE', #2089, #5912, #4485, .T. ) ;
#3089 = VECTOR ( 'NONE', #7691, 1000.000000000000100 ) ;
#3090 = AXIS2_PLACEMENT_3D ( 'NONE', #6174, #853, #5036 ) ;
#3091 = CARTESIAN_POINT ( 'NONE',  ( -3.357232221681771700E-016, -10.00556095378965300, -30.96500179468745600 ) ) ;
#3092 = ORIENTED_EDGE ( 'NONE', *, *, #5056, .F. ) ;
#3093 = ORIENTED_EDGE ( 'NONE', *, *, #7437, .F. ) ;
#3094 = DIRECTION ( 'NONE',  ( 0.7071067811865500200, -0.7071067811865450200, 1.962615573354727200E-015 ) ) ;
#3095 = DIRECTION ( 'NONE',  ( -1.000000000000000000, -0.0000000000000000000, -0.0000000000000000000 ) ) ;
#3096 = VECTOR ( 'NONE', #4596, 1000.000000000000000 ) ;
#3097 = DIRECTION ( 'NONE',  ( -5.911492690827421600E-017, -0.7071067811865532300, 0.7071067811865418000 ) ) ;
#3098 = CARTESIAN_POINT ( 'NONE',  ( -2.602085213965209200E-016, 11.99999999999999300, -23.99999999999997500 ) ) ;
#3099 = CIRCLE ( 'NONE', #7064, 2.150000000000019900 ) ;
#3100 = EDGE_CURVE ( 'NONE', #7651, #5871, #1284, .T. ) ;
#3101 = ORIENTED_EDGE ( 'NONE', *, *, #1539, .F. ) ;
#3102 = ORIENTED_EDGE ( 'NONE', *, *, #5143, .F. ) ;
#3103 = LINE ( 'NONE', #4856, #753 ) ;
#3104 = DIRECTION ( 'NONE',  ( 5.055354680658670800E-015, 1.000000000000000000, 1.403142791028454100E-029 ) ) ;
#3105 = CONICAL_SURFACE ( 'NONE', #6391, 2.025000000000002600, 0.7853981633974742600 ) ;
#3106 = DIRECTION ( 'NONE',  ( 1.315446366589175700E-030, -1.000000000000000000, -5.055354680658670800E-015 ) ) ;
#3107 = ORIENTED_EDGE ( 'NONE', *, *, #2061, .F. ) ;
#3108 = ORIENTED_EDGE ( 'NONE', *, *, #5803, .T. ) ;
#3109 = CARTESIAN_POINT ( 'NONE',  ( 23.99999999999996800, 0.0000000000000000000, 7.077671781985370400E-014 ) ) ;
#3110 = DIRECTION ( 'NONE',  ( -2.775557561562893700E-015, -0.0000000000000000000, 1.000000000000000000 ) ) ;
#3111 = CARTESIAN_POINT ( 'NONE',  ( 31.05339014233576800, -9.917172606141340600, -0.1249999999997859800 ) ) ;
#3112 = EDGE_CURVE ( 'NONE', #2300, #2628, #4107, .T. ) ;
#3113 = VECTOR ( 'NONE', #6235, 1000.000000000000000 ) ;
#3114 = DIRECTION ( 'NONE',  ( 5.481026527454897900E-032, -1.000000000000000000, 5.055354680658670800E-015 ) ) ;
#3115 = ORIENTED_EDGE ( 'NONE', *, *, #1854, .T. ) ;
#3116 = ADVANCED_FACE ( 'NONE', ( #4200 ), #2508, .F. ) ;
#3117 = AXIS2_PLACEMENT_3D ( 'NONE', #6561, #1742, #2315 ) ;
#3118 = ORIENTED_EDGE ( 'NONE', *, *, #7616, .F. ) ;
#3119 = DIRECTION ( 'NONE',  ( -0.0000000000000000000, -1.000000000000000000, -0.0000000000000000000 ) ) ;
#3120 = EDGE_CURVE ( 'NONE', #4178, #4179, #353, .T. ) ;
#3121 = VECTOR ( 'NONE', #2803, 1000.000000000000000 ) ;
#3122 = CARTESIAN_POINT ( 'NONE',  ( 5.520279579550701100, 21.52027957955079200, 1.627946958702337900E-014 ) ) ;
#3123 = DIRECTION ( 'NONE',  ( -1.839952100020045000E-016, -0.7071067811865493500, 0.7071067811865455700 ) ) ;
#3124 = VERTEX_POINT ( 'NONE', #3676 ) ;
#3125 = ORIENTED_EDGE ( 'NONE', *, *, #1249, .T. ) ;
#3126 = CARTESIAN_POINT ( 'NONE',  ( -1.734723475976805400E-016, -8.000000000000000000, -15.99999999999997000 ) ) ;
#3127 = ORIENTED_EDGE ( 'NONE', *, *, #4706, .T. ) ;
#3128 = ADVANCED_FACE ( 'NONE', ( #2878 ), #3230, .F. ) ;
#3129 = VECTOR ( 'NONE', #7299, 1000.000000000000000 ) ;
#3130 = AXIS2_PLACEMENT_3D ( 'NONE', #6440, #4694, #5238 ) ;
#3131 = DIRECTION ( 'NONE',  ( -1.000000000000000000, 0.0000000000000000000, 0.0000000000000000000 ) ) ;
#3132 = FACE_OUTER_BOUND ( 'NONE', #1985, .T. ) ;
#3133 = ORIENTED_EDGE ( 'NONE', *, *, #4955, .T. ) ;
#3134 = VERTEX_POINT ( 'NONE', #318 ) ;
#3135 = PLANE ( 'NONE',  #6222 ) ;
#3136 = DIRECTION ( 'NONE',  ( 2.914001035115545500E-015, -0.0000000000000000000, -1.000000000000000000 ) ) ;
#3137 = FACE_OUTER_BOUND ( 'NONE', #5323, .T. ) ;
#3138 = EDGE_CURVE ( 'NONE', #6452, #1607, #3445, .T. ) ;
#3139 = LINE ( 'NONE', #315, #5373 ) ;
#3140 = CARTESIAN_POINT ( 'NONE',  ( 26.14999999999998400, 11.99999999999999300, -2.499999999999915600 ) ) ;
#3141 = VERTEX_POINT ( 'NONE', #3207 ) ;
#3142 = ORIENTED_EDGE ( 'NONE', *, *, #6175, .T. ) ;
#3143 = CARTESIAN_POINT ( 'NONE',  ( 0.1250000000000175400, 8.485281374238566000, -32.48528137423853900 ) ) ;
#3144 = CONICAL_SURFACE ( 'NONE', #2453, 2.150000000000033700, 0.7853981633974239700 ) ;
#3145 = ORIENTED_EDGE ( 'NONE', *, *, #215, .T. ) ;
#3146 = EDGE_CURVE ( 'NONE', #1174, #5713, #3262, .T. ) ;
#3147 = DIRECTION ( 'NONE',  ( -1.000000000000000000, 0.0000000000000000000, -2.949029909160574800E-015 ) ) ;
#3148 = CARTESIAN_POINT ( 'NONE',  ( 23.99999999999996800, 16.00000000000000000, -0.1249999999999293300 ) ) ;
#3149 = DIRECTION ( 'NONE',  ( -0.5000000000000101000, -0.5000000000000002200, 0.7071067811865403600 ) ) ;
#3150 = ORIENTED_EDGE ( 'NONE', *, *, #768, .F. ) ;
#3151 = CIRCLE ( 'NONE', #864, 2.025000000000009200 ) ;
#3152 = ORIENTED_EDGE ( 'NONE', *, *, #2592, .F. ) ;
#3153 = CARTESIAN_POINT ( 'NONE',  ( 11.99999999999997500, -2.149999999999890700, 3.538835890992682700E-014 ) ) ;
#3154 = DIRECTION ( 'NONE',  ( -0.7071067811865496800, -3.574675575996920500E-015, -0.7071067811865454600 ) ) ;
#3155 = EDGE_CURVE ( 'NONE', #5213, #4846, #2311, .T. ) ;
#3156 = EDGE_CURVE ( 'NONE', #4655, #5787, #2121, .T. ) ;
#3157 = DIRECTION ( 'NONE',  ( -1.000000000000000000, -0.0000000000000000000, -0.0000000000000000000 ) ) ;
#3158 = ORIENTED_EDGE ( 'NONE', *, *, #6778, .F. ) ;
#3159 = VECTOR ( 'NONE', #3865, 1000.000000000000000 ) ;
#3160 = ORIENTED_EDGE ( 'NONE', *, *, #832, .T. ) ;
#3161 = PLANE ( 'NONE',  #6332 ) ;
#3162 = DIRECTION ( 'NONE',  ( 2.602085213965212600E-016, -6.319193350823370000E-016, -1.000000000000000000 ) ) ;
#3163 = CARTESIAN_POINT ( 'NONE',  ( 2.499999999999996900, -9.520279579551084800, -30.47972042044885700 ) ) ;
#3164 = CARTESIAN_POINT ( 'NONE',  ( 10.56810876809711700, -10.56810876809719000, 1.392115589471387700E-013 ) ) ;
#3165 = ADVANCED_FACE ( 'NONE', ( #3352 ), #5315, .F. ) ;
#3166 = DIRECTION ( 'NONE',  ( -1.000000000000000000, 0.0000000000000000000, 0.0000000000000000000 ) ) ;
#3167 = ORIENTED_EDGE ( 'NONE', *, *, #3755, .F. ) ;
#3168 = VECTOR ( 'NONE', #5006, 1000.000000000000000 ) ;
#3169 = EDGE_LOOP ( 'NONE', ( #4534, #7698 ) ) ;
#3170 = DIRECTION ( 'NONE',  ( -0.0000000000000000000, -0.0000000000000000000, -1.000000000000000000 ) ) ;
#3171 = DIRECTION ( 'NONE',  ( -2.775557561562893700E-015, -0.0000000000000000000, 1.000000000000000000 ) ) ;
#3172 = CARTESIAN_POINT ( 'NONE',  ( 2.375000000000007100, 2.025000000000000800, -35.31370849898473100 ) ) ;
#3173 = FACE_OUTER_BOUND ( 'NONE', #7711, .T. ) ;
#3174 = VERTEX_POINT ( 'NONE', #4410 ) ;
#3175 = EDGE_LOOP ( 'NONE', ( #2146, #2353, #1181, #4759 ) ) ;
#3176 = VECTOR ( 'NONE', #39, 1000.000000000000100 ) ;
#3177 = DIRECTION ( 'NONE',  ( 0.0000000000000000000, 0.0000000000000000000, 1.000000000000000000 ) ) ;
#3178 = VECTOR ( 'NONE', #7314, 1000.000000000000100 ) ;
#3179 = DIRECTION ( 'NONE',  ( -0.0000000000000000000, -0.0000000000000000000, 1.000000000000000000 ) ) ;
#3180 = EDGE_CURVE ( 'NONE', #3945, #7674, #3540, .T. ) ;
#3181 = EDGE_LOOP ( 'NONE', ( #5520, #6219, #5649, #2394 ) ) ;
#3182 = AXIS2_PLACEMENT_3D ( 'NONE', #6294, #5051, #2663 ) ;
#3183 = ORIENTED_EDGE ( 'NONE', *, *, #7122, .T. ) ;
#3184 = LINE ( 'NONE', #6640, #4404 ) ;
#3185 = DIRECTION ( 'NONE',  ( -1.000000000000000000, 0.0000000000000000000, -2.949029909160573200E-015 ) ) ;
#3186 = DIRECTION ( 'NONE',  ( 1.000000000000000000, 0.0000000000000000000, 0.0000000000000000000 ) ) ;
#3187 = CIRCLE ( 'NONE', #4409, 2.149999999999905300 ) ;
#3188 = CARTESIAN_POINT ( 'NONE',  ( 35.31370849898473800, 2.150000000000023000, -2.499999999999889900 ) ) ;
#3189 = CARTESIAN_POINT ( 'NONE',  ( 23.99999999999996800, 16.00000000000000000, 1.825796458465589500E-013 ) ) ;
#3190 = EDGE_LOOP ( 'NONE', ( #3250, #7653, #3125, #1141 ) ) ;
#3191 = EDGE_CURVE ( 'NONE', #1970, #2355, #1840, .T. ) ;
#3192 = ORIENTED_EDGE ( 'NONE', *, *, #597, .F. ) ;
#3193 = VECTOR ( 'NONE', #5684, 1000.000000000000000 ) ;
#3194 = EDGE_CURVE ( 'NONE', #4396, #2251, #256, .T. ) ;
#3195 = FACE_OUTER_BOUND ( 'NONE', #6805, .T. ) ;
#3196 = DIRECTION ( 'NONE',  ( 0.7071067811865500200, -0.7071067811865450200, 4.391679799161962100E-016 ) ) ;
#3198 = EDGE_LOOP ( 'NONE', ( #2367, #1383, #6692, #7702 ) ) ;
#3197 = DIRECTION ( 'NONE',  ( 1.000000000000000000, 0.0000000000000000000, 0.0000000000000000000 ) ) ;
#3199 = CARTESIAN_POINT ( 'NONE',  ( -1.301042606982604600E-016, 5.469317744930408200E-015, -9.849999999999969400 ) ) ;
#3200 = CARTESIAN_POINT ( 'NONE',  ( 4.499999999999984900, -15.87499999999999300, -2.499999999999975100 ) ) ;
#3201 = ORIENTED_EDGE ( 'NONE', *, *, #6232, .F. ) ;
#3202 = CARTESIAN_POINT ( 'NONE',  ( -1.449005696870807100E-016, 8.485281374238567800, -13.36471862576146000 ) ) ;
#3203 = ADVANCED_FACE ( 'NONE', ( #6418 ), #1523, .T. ) ;
#3204 = FACE_OUTER_BOUND ( 'NONE', #4322, .T. ) ;
#3205 = CIRCLE ( 'NONE', #3033, 2.024999999999990100 ) ;
#3206 = AXIS2_PLACEMENT_3D ( 'NONE', #542, #4765, #6562 ) ;
#3207 = CARTESIAN_POINT ( 'NONE',  ( 30.56810876809721800, 9.431891231902769200, -2.374999999999870300 ) ) ;
#3208 = ORIENTED_EDGE ( 'NONE', *, *, #1295, .T. ) ;
#3209 = VERTEX_POINT ( 'NONE', #3858 ) ;
#3210 = EDGE_CURVE ( 'NONE', #5713, #1404, #6140, .T. ) ;
#3211 = LINE ( 'NONE', #7701, #2447 ) ;
#3212 = DIRECTION ( 'NONE',  ( 2.914001035115545500E-015, -0.0000000000000000000, -1.000000000000000000 ) ) ;
#3213 = DIRECTION ( 'NONE',  ( 1.084202172485504700E-017, 0.0000000000000000000, 1.000000000000000000 ) ) ;
#3214 = ORIENTED_EDGE ( 'NONE', *, *, #3580, .T. ) ;
#3215 = CARTESIAN_POINT ( 'NONE',  ( -1.301042606982603800E-016, 5.469317744930408200E-015, -11.99999999999997500 ) ) ;
#3216 = FACE_OUTER_BOUND ( 'NONE', #1256, .T. ) ;
#3217 = CARTESIAN_POINT ( 'NONE',  ( 35.99999999999997200, 2.150000000000022100, -2.499999999999888100 ) ) ;
#3218 = AXIS2_PLACEMENT_3D ( 'NONE', #2620, #3811, #6782 ) ;
#3219 = VERTEX_POINT ( 'NONE', #6243 ) ;
#3220 = VECTOR ( 'NONE', #145, 1000.000000000000100 ) ;
#3221 = ORIENTED_EDGE ( 'NONE', *, *, #1489, .T. ) ;
#3222 = DIRECTION ( 'NONE',  ( 2.914001035115545500E-015, -0.0000000000000000000, -1.000000000000000000 ) ) ;
#3223 = CARTESIAN_POINT ( 'NONE',  ( 0.1249999999999998300, 11.31370849898476100, -23.99999999999996400 ) ) ;
#3224 = CYLINDRICAL_SURFACE ( 'NONE', #2975, 6.999999999999999100 ) ;
#3225 = CARTESIAN_POINT ( 'NONE',  ( 16.94660985766412900, 9.917172606141285500, -0.1249999999998267200 ) ) ;
#3226 = LINE ( 'NONE', #6871, #4901 ) ;
#3227 = VECTOR ( 'NONE', #1221, 1000.000000000000000 ) ;
#3228 = VERTEX_POINT ( 'NONE', #4489 ) ;
#3229 = AXIS2_PLACEMENT_3D ( 'NONE', #3086, #7267, #3739 ) ;
#3230 = PLANE ( 'NONE',  #7427 ) ;
#3231 = CIRCLE ( 'NONE', #1901, 2.024999999999955500 ) ;
#3232 = ORIENTED_EDGE ( 'NONE', *, *, #7534, .F. ) ;
#3233 = EDGE_LOOP ( 'NONE', ( #1477, #4590, #2359, #2700 ) ) ;
#3234 = CARTESIAN_POINT ( 'NONE',  ( 34.00556095378954100, 6.965001794687556600, 1.002834163305083500E-013 ) ) ;
#3235 = CARTESIAN_POINT ( 'NONE',  ( 1.750416558178075800E-014, 2.149999999999844900, 5.162030783557056600E-029 ) ) ;
#3236 = CARTESIAN_POINT ( 'NONE',  ( 30.47972042044887800, 9.520279579551107900, -2.499999999999903200 ) ) ;
#3237 = EDGE_CURVE ( 'NONE', #5392, #4328, #730, .T. ) ;
#3238 = DIRECTION ( 'NONE',  ( -1.000000000000000000, -0.0000000000000000000, -0.0000000000000000000 ) ) ;
#3239 = CARTESIAN_POINT ( 'NONE',  ( 23.99999999999996800, 16.00000000000000000, -0.1249999999999293300 ) ) ;
#3240 = ADVANCED_FACE ( 'NONE', ( #4575 ), #7418, .F. ) ;
#3241 = AXIS2_PLACEMENT_3D ( 'NONE', #4318, #2413, #7171 ) ;
#3242 = LINE ( 'NONE', #5405, #1360 ) ;
#3243 = VERTEX_POINT ( 'NONE', #4465 ) ;
#3244 = DIRECTION ( 'NONE',  ( -1.000000000000000000, 0.0000000000000000000, -2.949029909160574800E-015 ) ) ;
#3245 = CARTESIAN_POINT ( 'NONE',  ( -3.469446951953611700E-016, -7.999999999999992900, -29.84999999999994800 ) ) ;
#3246 = EDGE_CURVE ( 'NONE', #4310, #5392, #1193, .T. ) ;
#3247 = DIRECTION ( 'NONE',  ( 1.084202172485505400E-017, -6.319193350823370000E-016, 1.000000000000000000 ) ) ;
#3248 = FACE_OUTER_BOUND ( 'NONE', #6907, .T. ) ;
#3249 = CARTESIAN_POINT ( 'NONE',  ( 29.84999999999991600, -7.999999999999992900, -2.499999999999905000 ) ) ;
#3250 = ORIENTED_EDGE ( 'NONE', *, *, #1341, .T. ) ;
#3251 = EDGE_LOOP ( 'NONE', ( #2401, #4614, #7712, #4699 ) ) ;
#3252 = DIRECTION ( 'NONE',  ( 0.7071067811865450200, 0.0000000000000000000, -0.7071067811865500200 ) ) ;
#3253 = AXIS2_PLACEMENT_3D ( 'NONE', #3698, #5855, #7646 ) ;
#3254 = CARTESIAN_POINT ( 'NONE',  ( 2.375000000000009300, -2.735438768656219200E-015, -12.68629150101520300 ) ) ;
#3255 = ORIENTED_EDGE ( 'NONE', *, *, #5143, .T. ) ;
#3256 = LINE ( 'NONE', #2274, #5226 ) ;
#3257 = VERTEX_POINT ( 'NONE', #5652 ) ;
#3258 = CARTESIAN_POINT ( 'NONE',  ( 0.1250000000000241200, 0.0000000000000000000, -30.99999999999997200 ) ) ;
#3259 = EDGE_CURVE ( 'NONE', #2258, #3624, #4672, .T. ) ;
#3260 = EDGE_CURVE ( 'NONE', #115, #3009, #4295, .T. ) ;
#3261 = DIRECTION ( 'NONE',  ( 1.000000000000000000, -0.0000000000000000000, 8.360113137237629900E-017 ) ) ;
#3262 = LINE ( 'NONE', #4431, #7053 ) ;
#3263 = ORIENTED_EDGE ( 'NONE', *, *, #6675, .F. ) ;
#3264 = AXIS2_PLACEMENT_3D ( 'NONE', #4536, #6313, #367 ) ;
#3265 = APPLICATION_PROTOCOL_DEFINITION ( 'international standard', 'config_control_design', 1994, #2705 ) ;
#3266 = DIRECTION ( 'NONE',  ( 1.000000000000000000, -0.0000000000000000000, 8.360113137237629900E-017 ) ) ;
#3267 = DIRECTION ( 'NONE',  ( -0.0000000000000000000, -0.0000000000000000000, -1.000000000000000000 ) ) ;
#3268 = DIRECTION ( 'NONE',  ( -1.315446366589175700E-030, 1.000000000000000000, 5.055354680658670800E-015 ) ) ;
#3269 = VECTOR ( 'NONE', #2570, 1000.000000000000000 ) ;
#3270 = DIRECTION ( 'NONE',  ( 0.5000000000000101000, -0.5000000000000052200, -0.7071067811865365800 ) ) ;
#3271 = ORIENTED_EDGE ( 'NONE', *, *, #120, .F. ) ;
#3272 = ORIENTED_EDGE ( 'NONE', *, *, #7687, .T. ) ;
#3273 = DIRECTION ( 'NONE',  ( -7.666467083416855300E-018, 0.7071067811865493500, -0.7071067811865455700 ) ) ;
#3274 = VECTOR ( 'NONE', #1196, 1000.000000000000000 ) ;
#3275 = AXIS2_PLACEMENT_3D ( 'NONE', #6328, #6404, #6911 ) ;
#3276 = CARTESIAN_POINT ( 'NONE',  ( 2.375000000000007100, 0.0000000000000000000, -30.99999999999996800 ) ) ;
#3277 = CARTESIAN_POINT ( 'NONE',  ( 14.47972042044894500, 6.479720420448990700, -2.499999999999947600 ) ) ;
#3278 = LINE ( 'NONE', #6896, #80 ) ;
#3279 = ADVANCED_FACE ( 'NONE', ( #2785 ), #2193, .T. ) ;
#3280 = VERTEX_POINT ( 'NONE', #3995 ) ;
#3281 = VERTEX_POINT ( 'NONE', #7490 ) ;
#3282 = DIRECTION ( 'NONE',  ( -0.0000000000000000000, -0.0000000000000000000, -1.000000000000000000 ) ) ;
#3283 = LINE ( 'NONE', #5660, #6168 ) ;
#3284 = EDGE_CURVE ( 'NONE', #3310, #4350, #6501, .T. ) ;
#3285 = VECTOR ( 'NONE', #1662, 1000.000000000000000 ) ;
#3286 = DIRECTION ( 'NONE',  ( -0.5000000000000111000, 0.5000000000000013300, 0.7071067811865385800 ) ) ;
#3287 = AXIS2_PLACEMENT_3D ( 'NONE', #6400, #7543, #3489 ) ;
#3288 = ORIENTED_EDGE ( 'NONE', *, *, #5784, .F. ) ;
#3289 = VERTEX_POINT ( 'NONE', #1023 ) ;
#3290 = DIRECTION ( 'NONE',  ( 0.0000000000000000000, 0.0000000000000000000, 1.000000000000000000 ) ) ;
#3291 = FACE_OUTER_BOUND ( 'NONE', #4775, .T. ) ;
#3292 = CARTESIAN_POINT ( 'NONE',  ( -2.602085213965209700E-016, 0.0000000000000000000, -23.99999999999996800 ) ) ;
#3293 = CONICAL_SURFACE ( 'NONE', #4266, 7.125000000000020400, 0.7853981633974309600 ) ;
#3294 = DIRECTION ( 'NONE',  ( 1.000000000000000000, -0.0000000000000000000, 8.360113137237629900E-017 ) ) ;
#3295 = EDGE_CURVE ( 'NONE', #3174, #7483, #2684, .T. ) ;
#3296 = ORIENTED_EDGE ( 'NONE', *, *, #1641, .F. ) ;
#3297 = CARTESIAN_POINT ( 'NONE',  ( -1.517280121661722200E-016, -6.965001794687482900, -13.99443904621032800 ) ) ;
#3298 = ORIENTED_EDGE ( 'NONE', *, *, #1082, .F. ) ;
#3299 = AXIS2_PLACEMENT_3D ( 'NONE', #2552, #3119, #7220 ) ;
#3300 = FACE_BOUND ( 'NONE', #651, .T. ) ;
#3301 = CARTESIAN_POINT ( 'NONE',  ( 34.51028137423853800, -8.485281374238571300, -0.1249999999997827000 ) ) ;
#3302 = PLANE ( 'NONE',  #7205 ) ;
#3303 = CARTESIAN_POINT ( 'NONE',  ( 2.375000000000014200, 8.000000000000035500, -15.99999999999997900 ) ) ;
#3304 = ORIENTED_EDGE ( 'NONE', *, *, #6583, .T. ) ;
#3305 = EDGE_CURVE ( 'NONE', #7517, #3243, #6414, .T. ) ;
#3306 = AXIS2_PLACEMENT_3D ( 'NONE', #2414, #4737, #541 ) ;
#3307 = DIRECTION ( 'NONE',  ( 0.0000000000000000000, 0.0000000000000000000, 1.000000000000000000 ) ) ;
#3308 = VECTOR ( 'NONE', #522, 1000.000000000000100 ) ;
#3310 = VERTEX_POINT ( 'NONE', #6370 ) ;
#3309 = CARTESIAN_POINT ( 'NONE',  ( -4.336808689942017700E-015, 2.024999999999955900, 2.553651204254081700E-015 ) ) ;
#3311 = ORIENTED_EDGE ( 'NONE', *, *, #2472, .T. ) ;
#3312 = ORIENTED_EDGE ( 'NONE', *, *, #1397, .T. ) ;
#3313 = DIRECTION ( 'NONE',  ( 0.7071067811865549000, -0.4999999999999947800, 0.4999999999999947800 ) ) ;
#3314 = LINE ( 'NONE', #2222, #4899 ) ;
#3315 = LINE ( 'NONE', #63, #3780 ) ;
#3316 = CARTESIAN_POINT ( 'NONE',  ( 35.31370849898473100, 2.025000000000000800, -0.1249999999997827300 ) ) ;
#3317 = DIRECTION ( 'NONE',  ( 0.7071067811865083800, -0.5000000000000349700, -0.5000000000000203200 ) ) ;
#3318 = ORIENTED_EDGE ( 'NONE', *, *, #5427, .F. ) ;
#3319 = FACE_OUTER_BOUND ( 'NONE', #436, .T. ) ;
#3320 = ADVANCED_FACE ( 'NONE', ( #4014 ), #1004, .F. ) ;
#3321 = ORIENTED_EDGE ( 'NONE', *, *, #7196, .F. ) ;
#3322 = CARTESIAN_POINT ( 'NONE',  ( 0.1250000000000001900, -8.485281374238571300, -32.48528137423853200 ) ) ;
#3323 = AXIS2_PLACEMENT_3D ( 'NONE', #5909, #2326, #525 ) ;
#3324 = CIRCLE ( 'NONE', #5876, 2.150000000000012800 ) ;
#3325 = LINE ( 'NONE', #895, #4730 ) ;
#3326 = ORIENTED_EDGE ( 'NONE', *, *, #3295, .T. ) ;
#3327 = CARTESIAN_POINT ( 'NONE',  ( 11.99999999999998200, 2.025000000000002100, -2.374999999999917000 ) ) ;
#3328 = PLANE ( 'NONE',  #7538 ) ;
#3329 = DIRECTION ( 'NONE',  ( 0.0000000000000000000, 0.7071067811865672200, 0.7071067811865279200 ) ) ;
#3330 = EDGE_CURVE ( 'NONE', #3766, #2242, #4287, .T. ) ;
#3331 = VECTOR ( 'NONE', #1823, 1000.000000000000000 ) ;
#3332 = ORIENTED_EDGE ( 'NONE', *, *, #6232, .T. ) ;
#3333 = AXIS2_PLACEMENT_3D ( 'NONE', #1230, #3015, #7153 ) ;
#3334 = CARTESIAN_POINT ( 'NONE',  ( -1.899552518270265300E-016, 9.520279579551074200, -17.52027957955102300 ) ) ;
#3335 = EDGE_LOOP ( 'NONE', ( #2120, #5545, #3944, #2955 ) ) ;
#3336 = CONICAL_SURFACE ( 'NONE', #6456, 2.150000000000040800, 0.7853981633974552700 ) ;
#3337 = ORIENTED_EDGE ( 'NONE', *, *, #6367, .F. ) ;
#3338 = ORIENTED_EDGE ( 'NONE', *, *, #2666, .T. ) ;
#3339 = DIRECTION ( 'NONE',  ( 1.000000000000000000, 0.0000000000000000000, 0.0000000000000000000 ) ) ;
#3340 = EDGE_CURVE ( 'NONE', #2089, #5414, #61, .T. ) ;
#3341 = DIRECTION ( 'NONE',  ( 1.084202172485505700E-017, 0.0000000000000000000, 1.000000000000000000 ) ) ;
#3342 = CARTESIAN_POINT ( 'NONE',  ( 4.499999999999990200, -15.87499999999999300, -4.499999999999974200 ) ) ;
#3343 = AXIS2_PLACEMENT_3D ( 'NONE', #6116, #3068, #6092 ) ;
#3344 = VERTEX_POINT ( 'NONE', #6878 ) ;
#3345 = CIRCLE ( 'NONE', #3218, 2.150000000000033700 ) ;
#3346 = VERTEX_POINT ( 'NONE', #2218 ) ;
#3347 = CARTESIAN_POINT ( 'NONE',  ( 2.374999999999988500, -11.99999999999999300, -26.02499999999996300 ) ) ;
#3348 = DIRECTION ( 'NONE',  ( -0.0000000000000000000, -0.0000000000000000000, -1.000000000000000000 ) ) ;
#3349 = VERTEX_POINT ( 'NONE', #5221 ) ;
#3350 = CARTESIAN_POINT ( 'NONE',  ( 21.97499999999996900, -11.31370849898476100, -2.374999999999913000 ) ) ;
#3351 = AXIS2_PLACEMENT_3D ( 'NONE', #4816, #1328, #5478 ) ;
#3352 = FACE_OUTER_BOUND ( 'NONE', #5698, .T. ) ;
#3353 = ORIENTED_EDGE ( 'NONE', *, *, #1500, .T. ) ;
#3354 = DIRECTION ( 'NONE',  ( -0.0000000000000000000, -0.0000000000000000000, -1.000000000000000000 ) ) ;
#3355 = ADVANCED_FACE ( 'NONE', ( #532 ), #2018, .F. ) ;
#3356 = CARTESIAN_POINT ( 'NONE',  ( 0.1250000000000142900, -9.917172606141322800, -16.94660985766416800 ) ) ;
#3357 = COORDINATED_UNIVERSAL_TIME_OFFSET ( 6, 0, .BEHIND. ) ;
#3358 = DIRECTION ( 'NONE',  ( -2.017120320903261700E-016, 0.0000000000000000000, 1.000000000000000000 ) ) ;
#3359 = CIRCLE ( 'NONE', #5361, 2.150000000000037200 ) ;
#3360 = ORIENTED_EDGE ( 'NONE', *, *, #3743, .F. ) ;
#3361 = ORIENTED_EDGE ( 'NONE', *, *, #4859, .T. ) ;
#3362 = DIRECTION ( 'NONE',  ( -1.000000000000000000, 0.0000000000000000000, 0.0000000000000000000 ) ) ;
#3363 = ORIENTED_EDGE ( 'NONE', *, *, #1246, .F. ) ;
#3364 = FACE_BOUND ( 'NONE', #265, .T. ) ;
#3365 = CARTESIAN_POINT ( 'NONE',  ( 31.12499999999997500, 8.725608443924891100E-016, -2.499999999999901000 ) ) ;
#3366 = AXIS2_PLACEMENT_3D ( 'NONE', #3685, #4934, #3162 ) ;
#3367 = LINE ( 'NONE', #2067, #2989 ) ;
#3368 = DIRECTION ( 'NONE',  ( -1.000000000000000000, 0.0000000000000000000, -2.602085213965212600E-016 ) ) ;
#3369 = EDGE_LOOP ( 'NONE', ( #2849, #1841, #5565, #2000 ) ) ;
#3370 = VERTEX_POINT ( 'NONE', #1627 ) ;
#3371 = CARTESIAN_POINT ( 'NONE',  ( 2.499999999999993300, -10.00556095378964000, -17.03499820531248300 ) ) ;
#3372 = CONICAL_SURFACE ( 'NONE', #1332, 2.025000000000012800, 0.7853981633974994600 ) ;
#3373 = CIRCLE ( 'NONE', #1192, 2.149999999999999000 ) ;
#3374 = CARTESIAN_POINT ( 'NONE',  ( 23.99999999999996800, -15.87500000000000000, 7.077671781985370400E-014 ) ) ;
#3376 = VERTEX_POINT ( 'NONE', #1052 ) ;
#3375 = DIRECTION ( 'NONE',  ( -2.602085213965212600E-016, 6.319193350823370000E-016, 1.000000000000000000 ) ) ;
#3377 = AXIS2_PLACEMENT_3D ( 'NONE', #3616, #3063, #2372 ) ;
#3378 = CARTESIAN_POINT ( 'NONE',  ( 2.374999999999986200, -6.568108768097231700, -33.43189123190269600 ) ) ;
#3379 = EDGE_LOOP ( 'NONE', ( #5838, #3463, #1744, #7197, #1698 ) ) ;
#3380 = DIRECTION ( 'NONE',  ( 5.481026527454897900E-032, 1.000000000000000000, 5.055354680658670800E-015 ) ) ;
#3381 = VECTOR ( 'NONE', #2097, 1000.000000000000100 ) ;
#3382 = FACE_OUTER_BOUND ( 'NONE', #174, .T. ) ;
#3383 = CARTESIAN_POINT ( 'NONE',  ( -1.146933593174434700E-014, -2.149999999999888000, -3.382341470092414600E-029 ) ) ;
#3384 = EDGE_LOOP ( 'NONE', ( #2847, #346, #1147, #5881 ) ) ;
#3385 = ORIENTED_EDGE ( 'NONE', *, *, #4616, .T. ) ;
#3386 = DIRECTION ( 'NONE',  ( -1.839952100020056600E-016, 0.7071067811865450200, 0.7071067811865500200 ) ) ;
#3387 = EDGE_CURVE ( 'NONE', #3776, #3875, #912, .T. ) ;
#3388 = AXIS2_PLACEMENT_3D ( 'NONE', #4580, #6410, #7580 ) ;
#3389 = LINE ( 'NONE', #601, #6544 ) ;
#3390 = VECTOR ( 'NONE', #7370, 1000.000000000000100 ) ;
#3391 = ORIENTED_EDGE ( 'NONE', *, *, #1694, .T. ) ;
#3392 = DIRECTION ( 'NONE',  ( -0.0000000000000000000, -0.0000000000000000000, -1.000000000000000000 ) ) ;
#3393 = EDGE_LOOP ( 'NONE', ( #3311, #3208, #638, #2535, #3823 ) ) ;
#3394 = CARTESIAN_POINT ( 'NONE',  ( -2.168404344971008900E-015, -11.31370849898476100, -23.99999999999996800 ) ) ;
#3395 = CARTESIAN_POINT ( 'NONE',  ( 11.99999999999998200, -2.025000000000002100, -2.374999999999917000 ) ) ;
#3396 = ADVANCED_FACE ( 'NONE', ( #2399 ), #6417, .T. ) ;
#3397 = EDGE_CURVE ( 'NONE', #7666, #6395, #813, .T. ) ;
#3398 = LINE ( 'NONE', #952, #2167 ) ;
#3399 = CARTESIAN_POINT ( 'NONE',  ( 0.1250000000000001100, 16.00000000000000000, -1.355252715606882900E-018 ) ) ;
#3400 = AXIS2_PLACEMENT_3D ( 'NONE', #2606, #150, #6719 ) ;
#3401 = ORIENTED_EDGE ( 'NONE', *, *, #5340, .T. ) ;
#3402 = DIRECTION ( 'NONE',  ( -2.017120320903261700E-016, 0.0000000000000000000, 1.000000000000000000 ) ) ;
#3403 = CARTESIAN_POINT ( 'NONE',  ( 32.48528137423854600, 8.485281374238566000, -2.374999999999869000 ) ) ;
#3404 = LINE ( 'NONE', #7638, #7369 ) ;
#3405 = DIRECTION ( 'NONE',  ( -0.5000000000000166500, 0.5000000000000018900, 0.7071067811865344700 ) ) ;
#3406 = ORIENTED_EDGE ( 'NONE', *, *, #2678, .T. ) ;
#3407 = ORIENTED_EDGE ( 'NONE', *, *, #6726, .F. ) ;
#3408 = ORIENTED_EDGE ( 'NONE', *, *, #5402, .T. ) ;
#3409 = EDGE_CURVE ( 'NONE', #4780, #6551, #6589, .T. ) ;
#3410 = CARTESIAN_POINT ( 'NONE',  ( 16.99999999999997200, 0.0000000000000000000, 1.621816386007501400E-013 ) ) ;
#3411 = FACE_OUTER_BOUND ( 'NONE', #4503, .T. ) ;
#3412 = LINE ( 'NONE', #3276, #6384 ) ;
#3413 = CARTESIAN_POINT ( 'NONE',  ( 23.99999999999996400, 11.31370849898476100, 1.825796458465589500E-013 ) ) ;
#3414 = FACE_BOUND ( 'NONE', #5856, .T. ) ;
#3415 = ORIENTED_EDGE ( 'NONE', *, *, #6091, .F. ) ;
#3416 = ORIENTED_EDGE ( 'NONE', *, *, #5854, .F. ) ;
#3417 = CARTESIAN_POINT ( 'NONE',  ( 11.99999999999998200, -2.150000000000027900, -2.499999999999954700 ) ) ;
#3418 = CARTESIAN_POINT ( 'NONE',  ( 2.375000000000009300, -2.735438768656219200E-015, -12.68629150101520300 ) ) ;
#3419 = DIRECTION ( 'NONE',  ( -2.775557561562893700E-015, -0.0000000000000000000, 1.000000000000000000 ) ) ;
#3420 = DIRECTION ( 'NONE',  ( 2.602085213965212600E-016, -1.263838670164661400E-015, -1.000000000000000000 ) ) ;
#3421 = LINE ( 'NONE', #2632, #3610 ) ;
#3422 = VERTEX_POINT ( 'NONE', #2962 ) ;
#3423 = CARTESIAN_POINT ( 'NONE',  ( -2.168404344971008900E-015, 11.31370849898476100, -23.99999999999996400 ) ) ;
#3424 = LINE ( 'NONE', #816, #5115 ) ;
#3425 = DIRECTION ( 'NONE',  ( -0.7071067811865532300, 0.7071067811865418000, 0.0000000000000000000 ) ) ;
#3426 = ORIENTED_EDGE ( 'NONE', *, *, #4519, .F. ) ;
#3427 = DIRECTION ( 'NONE',  ( 2.085279046689449000E-015, 0.7071067811865279200, -0.7071067811865672200 ) ) ;
#3428 = ADVANCED_FACE ( 'NONE', ( #2211 ), #6775, .F. ) ;
#3429 = EDGE_CURVE ( 'NONE', #5907, #6700, #250, .T. ) ;
#3430 = CARTESIAN_POINT ( 'NONE',  ( 2.374999999999995600, 7.053390142335797600, -33.91717260614130000 ) ) ;
#3431 = AXIS2_PLACEMENT_3D ( 'NONE', #73, #1756, #4202 ) ;
#3432 = FACE_OUTER_BOUND ( 'NONE', #52, .T. ) ;
#3433 = CARTESIAN_POINT ( 'NONE',  ( 31.99999999999997900, 8.000000000000007100, -2.499999999999899200 ) ) ;
#3434 = EDGE_LOOP ( 'NONE', ( #96, #701, #3799, #7179 ) ) ;
#3435 = PLANE ( 'NONE',  #5248 ) ;
#3436 = CARTESIAN_POINT ( 'NONE',  ( -2.168404344971008900E-015, 11.99999999999999300, -23.99999999999997500 ) ) ;
#3437 = DIRECTION ( 'NONE',  ( 1.000000000000000000, -0.0000000000000000000, 8.360113137237629900E-017 ) ) ;
#3438 = ORIENTED_EDGE ( 'NONE', *, *, #3031, .F. ) ;
#3439 = EDGE_CURVE ( 'NONE', #3349, #134, #631, .T. ) ;
#3440 = VECTOR ( 'NONE', #3536, 1000.000000000000100 ) ;
#3441 = EDGE_LOOP ( 'NONE', ( #5606, #452, #1881, #3022 ) ) ;
#3442 = AXIS2_PLACEMENT_3D ( 'NONE', #3746, #7297, #6634 ) ;
#3443 = DIRECTION ( 'NONE',  ( -1.000000000000000000, -0.0000000000000000000, -0.0000000000000000000 ) ) ;
#3444 = CARTESIAN_POINT ( 'NONE',  ( -3.035766082959412400E-015, 8.000000000000035500, -15.99999999999997900 ) ) ;
#3445 = CIRCLE ( 'NONE', #6637, 2.024999999999999000 ) ;
#3446 = EDGE_LOOP ( 'NONE', ( #6446, #1567, #4408, #2116 ) ) ;
#3447 = CARTESIAN_POINT ( 'NONE',  ( 2.374999999999994200, 8.485281374238566000, -32.48528137423853900 ) ) ;
#3448 = CARTESIAN_POINT ( 'NONE',  ( -2.368981746880825700E-016, 11.31370849898476100, -21.84999999999996600 ) ) ;
#3449 = EDGE_CURVE ( 'NONE', #4523, #3464, #3256, .T. ) ;
#3450 = DIRECTION ( 'NONE',  ( -1.000000000000000000, -0.0000000000000000000, -0.0000000000000000000 ) ) ;
#3451 = EDGE_CURVE ( 'NONE', #5841, #3831, #6863, .T. ) ;
#3452 = CIRCLE ( 'NONE', #3896, 2.024999999999999000 ) ;
#3453 = DIRECTION ( 'NONE',  ( 0.0000000000000000000, 0.0000000000000000000, 1.000000000000000000 ) ) ;
#3454 = CARTESIAN_POINT ( 'NONE',  ( 2.375000000000009300, -2.735438768656219200E-015, -14.71129150101520700 ) ) ;
#3455 = LINE ( 'NONE', #3737, #1204 ) ;
#3456 = ADVANCED_BREP_SHAPE_REPRESENTATION ( '1218-0001-0001', ( #4848, #6915 ), #5744 ) ;
#3457 = ORIENTED_EDGE ( 'NONE', *, *, #1727, .F. ) ;
#3458 = CARTESIAN_POINT ( 'NONE',  ( 12.68629150101520300, -2.735438768656219200E-015, -0.1249999999998620400 ) ) ;
#3459 = VERTEX_POINT ( 'NONE', #4095 ) ;
#3460 = LINE ( 'NONE', #4086, #4866 ) ;
#3461 = CARTESIAN_POINT ( 'NONE',  ( -1.899552518270265300E-016, 9.520279579551074200, -17.52027957955102300 ) ) ;
#3462 = CONICAL_SURFACE ( 'NONE', #47, 2.149999999999955900, 0.7853981633974639300 ) ;
#3463 = ORIENTED_EDGE ( 'NONE', *, *, #5544, .T. ) ;
#3464 = VERTEX_POINT ( 'NONE', #7648 ) ;
#3465 = VECTOR ( 'NONE', #6100, 1000.000000000000000 ) ;
#3466 = AXIS2_PLACEMENT_3D ( 'NONE', #1703, #2856, #4070 ) ;
#3467 = CARTESIAN_POINT ( 'NONE',  ( 33.16370849898471100, 1.349909078679433100E-015, -2.499999999999896100 ) ) ;
#3468 = CARTESIAN_POINT ( 'NONE',  ( 6.938893903907200800E-015, 15.87499999999999300, -2.499999999999988000 ) ) ;
#3469 = ADVANCED_FACE ( 'NONE', ( #6960 ), #6445, .T. ) ;
#3470 = FACE_OUTER_BOUND ( 'NONE', #6773, .T. ) ;
#3471 = VERTEX_POINT ( 'NONE', #5312 ) ;
#3472 = VERTEX_POINT ( 'NONE', #3566 ) ;
#3473 = VECTOR ( 'NONE', #3976, 1000.000000000000000 ) ;
#3474 = DIRECTION ( 'NONE',  ( -1.000000000000000000, -0.0000000000000000000, -0.0000000000000000000 ) ) ;
#3475 = EDGE_CURVE ( 'NONE', #5241, #19, #5027, .T. ) ;
#3476 = CONICAL_SURFACE ( 'NONE', #6824, 2.149999999999999000, 0.7853981633974570500 ) ;
#3477 = CARTESIAN_POINT ( 'NONE',  ( -2.168404344971008900E-015, 0.0000000000000000000, -23.99999999999996800 ) ) ;
#3478 = AXIS2_PLACEMENT_3D ( 'NONE', #395, #5753, #2823 ) ;
#3479 = DIRECTION ( 'NONE',  ( 2.914001035115545500E-015, -0.0000000000000000000, -1.000000000000000000 ) ) ;
#3480 = ORIENTED_EDGE ( 'NONE', *, *, #2322, .T. ) ;
#3481 = DIRECTION ( 'NONE',  ( 1.000000000000000000, 0.0000000000000000000, 0.0000000000000000000 ) ) ;
#3482 = ORIENTED_EDGE ( 'NONE', *, *, #2214, .F. ) ;
#3483 = DIRECTION ( 'NONE',  ( -1.000000000000000000, 0.0000000000000000000, 0.0000000000000000000 ) ) ;
#3484 = FACE_BOUND ( 'NONE', #767, .T. ) ;
#3486 = ORIENTED_EDGE ( 'NONE', *, *, #2493, .F. ) ;
#3485 = CARTESIAN_POINT ( 'NONE',  ( 23.99999999999997500, 0.0000000000000000000, -2.499999999999921000 ) ) ;
#3487 = ORIENTED_EDGE ( 'NONE', *, *, #4136, .F. ) ;
#3488 = EDGE_CURVE ( 'NONE', #7324, #3310, #6670, .T. ) ;
#3489 = DIRECTION ( 'NONE',  ( -1.000000000000000000, 0.0000000000000000000, -2.799904557716952100E-015 ) ) ;
#3490 = LINE ( 'NONE', #5828, #111 ) ;
#3491 = DIRECTION ( 'NONE',  ( -1.000000000000000000, 1.263838670164661400E-015, -2.775557561562893700E-015 ) ) ;
#3492 = ORIENTED_EDGE ( 'NONE', *, *, #742, .T. ) ;
#3493 = EDGE_LOOP ( 'NONE', ( #4930, #2871, #4239, #3288 ) ) ;
#3494 = ORIENTED_EDGE ( 'NONE', *, *, #901, .F. ) ;
#3495 = EDGE_CURVE ( 'NONE', #6164, #4493, #3816, .T. ) ;
#3496 = FACE_OUTER_BOUND ( 'NONE', #1340, .T. ) ;
#3497 = DIRECTION ( 'NONE',  ( -1.000000000000000000, -0.0000000000000000000, -0.0000000000000000000 ) ) ;
#3498 = AXIS2_PLACEMENT_3D ( 'NONE', #4482, #6314, #5643 ) ;
#3499 = CONICAL_SURFACE ( 'NONE', #216, 2.150000000000006100, 0.7853981633974482800 ) ;
#3500 = ORIENTED_EDGE ( 'NONE', *, *, #5264, .T. ) ;
#3501 = CARTESIAN_POINT ( 'NONE',  ( -1.301042606982603800E-016, 2.150000000000006600, -11.99999999999997500 ) ) ;
#3502 = VERTEX_POINT ( 'NONE', #4123 ) ;
#3503 = CARTESIAN_POINT ( 'NONE',  ( 0.1250000000000001900, -8.485281374238571300, -32.48528137423853200 ) ) ;
#3504 = DIRECTION ( 'NONE',  ( -1.000000000000000000, -0.0000000000000000000, -0.0000000000000000000 ) ) ;
#3505 = DIRECTION ( 'NONE',  ( 0.7071067811865218200, 0.0000000000000000000, -0.7071067811865733300 ) ) ;
#3506 = FACE_OUTER_BOUND ( 'NONE', #7720, .T. ) ;
#3507 = ADVANCED_FACE ( 'NONE', ( #442 ), #719, .F. ) ;
#3508 = EDGE_CURVE ( 'NONE', #5392, #2251, #347, .T. ) ;
#3509 = LINE ( 'NONE', #2586, #1998 ) ;
#3510 = ORIENTED_EDGE ( 'NONE', *, *, #5683, .T. ) ;
#3511 = DIRECTION ( 'NONE',  ( 0.7071067811865279200, -0.7071067811865672200, 0.0000000000000000000 ) ) ;
#3512 = DIRECTION ( 'NONE',  ( 1.000000000000000000, -0.0000000000000000000, 8.360113137237629900E-017 ) ) ;
#3513 = DIRECTION ( 'NONE',  ( -0.7071067811865563400, -0.4999999999999986700, 0.4999999999999888400 ) ) ;
#3514 = AXIS2_PLACEMENT_3D ( 'NONE', #756, #3197, #4971 ) ;
#3515 = CARTESIAN_POINT ( 'NONE',  ( -9.489027175656341200E-032, 2.149999999999999000, -8.752082790890367900E-015 ) ) ;
#3516 = CARTESIAN_POINT ( 'NONE',  ( 13.48971862576145300, 8.485281374238567800, -0.1249999999998317900 ) ) ;
#3517 = CIRCLE ( 'NONE', #1805, 2.025000000000006100 ) ;
#3518 = ORIENTED_EDGE ( 'NONE', *, *, #7151, .T. ) ;
#3519 = VERTEX_POINT ( 'NONE', #4747 ) ;
#3520 = EDGE_CURVE ( 'NONE', #2300, #2718, #4844, .T. ) ;
#3521 = VERTEX_POINT ( 'NONE', #6124 ) ;
#3522 = CARTESIAN_POINT ( 'NONE',  ( 0.1249999999999998300, 0.0000000000000000000, -23.99999999999996800 ) ) ;
#3523 = AXIS2_PLACEMENT_3D ( 'NONE', #68, #3638, #4819 ) ;
#3524 = DIRECTION ( 'NONE',  ( -0.7071067811865584500, 0.0000000000000000000, -0.7071067811865364700 ) ) ;
#3525 = CARTESIAN_POINT ( 'NONE',  ( 33.91717260614130000, 7.053390142335796800, -0.1249999999997737800 ) ) ;
#3526 = DIRECTION ( 'NONE',  ( 1.000000000000000000, -0.0000000000000000000, 8.360113137237629900E-017 ) ) ;
#3527 = CARTESIAN_POINT ( 'NONE',  ( 23.99999999999996400, 11.31370849898476100, -0.1249999999998113700 ) ) ;
#3528 = VERTEX_POINT ( 'NONE', #194 ) ;
#3529 = DIRECTION ( 'NONE',  ( 0.4999999999999907300, 0.4999999999999907300, 0.7071067811865606700 ) ) ;
#3530 = CONICAL_SURFACE ( 'NONE', #6257, 2.000000000000001300, 0.7853981633974206300 ) ;
#3531 = ORIENTED_EDGE ( 'NONE', *, *, #791, .F. ) ;
#3532 = VERTEX_POINT ( 'NONE', #796 ) ;
#3533 = DIRECTION ( 'NONE',  ( 0.7071067811865500200, 0.7071067811865451300, 2.085279046689398100E-015 ) ) ;
#3534 = EDGE_CURVE ( 'NONE', #2766, #627, #1918, .T. ) ;
#3535 = CARTESIAN_POINT ( 'NONE',  ( 0.1250000000000175400, 8.485281374238566000, -34.51028137423854500 ) ) ;
#3536 = DIRECTION ( 'NONE',  ( 0.5000000000000262000, 0.5000000000000359700, -0.7071067811865036100 ) ) ;
#3537 = CARTESIAN_POINT ( 'NONE',  ( 23.99999999999996800, -16.00000000000000000, -0.1249999999999293300 ) ) ;
#3538 = ORIENTED_EDGE ( 'NONE', *, *, #6375, .T. ) ;
#3539 = CARTESIAN_POINT ( 'NONE',  ( 2.375000000000007100, 0.0000000000000000000, -23.99999999999996800 ) ) ;
#3540 = LINE ( 'NONE', #2671, #3168 ) ;
#3541 = ORIENTED_EDGE ( 'NONE', *, *, #4242, .F. ) ;
#3542 = CARTESIAN_POINT ( 'NONE',  ( 0.1250000000000175400, 9.431891231902774600, -30.56810876809720800 ) ) ;
#3543 = EDGE_CURVE ( 'NONE', #1607, #2406, #1833, .T. ) ;
#3544 = AXIS2_PLACEMENT_3D ( 'NONE', #3707, #6597, #7336 ) ;
#3545 = LINE ( 'NONE', #7113, #1110 ) ;
#3546 = DIRECTION ( 'NONE',  ( 1.000000000000000000, 0.0000000000000000000, 0.0000000000000000000 ) ) ;
#3547 = ORIENTED_EDGE ( 'NONE', *, *, #7087, .T. ) ;
#3548 = ADVANCED_FACE ( 'NONE', ( #3065 ), #3530, .F. ) ;
#3549 = CC_DESIGN_APPROVAL ( #4253, ( #2835 ) ) ;
#3550 = ORIENTED_EDGE ( 'NONE', *, *, #5983, .F. ) ;
#3551 = DIRECTION ( 'NONE',  ( 0.7071067811865292500, 0.0000000000000000000, -0.7071067811865658900 ) ) ;
#3552 = CYLINDRICAL_SURFACE ( 'NONE', #2681, 2.024999999999999000 ) ;
#3553 = LINE ( 'NONE', #1006, #1944 ) ;
#3554 = CARTESIAN_POINT ( 'NONE',  ( 29.97499999999996200, 8.000000000000007100, 2.031333267590962400E-013 ) ) ;
#3555 = CARTESIAN_POINT ( 'NONE',  ( 23.99999999999996800, -11.31370849898476100, 7.077671781985370400E-014 ) ) ;
#3556 = EDGE_CURVE ( 'NONE', #3376, #2205, #1471, .T. ) ;
#3558 = EDGE_LOOP ( 'NONE', ( #2117, #3133, #5992, #6190 ) ) ;
#3557 = CARTESIAN_POINT ( 'NONE',  ( 2.374999999999988500, -11.31370849898476100, -23.99999999999996800 ) ) ;
#3559 = EDGE_CURVE ( 'NONE', #3349, #3281, #2304, .T. ) ;
#3560 = CARTESIAN_POINT ( 'NONE',  ( -2.835188681049593100E-016, 11.31370849898476100, -26.14999999999996700 ) ) ;
#3561 = DIRECTION ( 'NONE',  ( -5.055354680658670800E-015, 1.000000000000000000, -1.490839215467732600E-029 ) ) ;
#3562 = ORIENTED_EDGE ( 'NONE', *, *, #7564, .F. ) ;
#3563 = VECTOR ( 'NONE', #683, 1000.000000000000100 ) ;
#3564 = CIRCLE ( 'NONE', #3514, 6.999999999999999100 ) ;
#3565 = CARTESIAN_POINT ( 'NONE',  ( 35.99999999999996400, 2.025000000000001700, -0.1249999999997806800 ) ) ;
#3566 = CARTESIAN_POINT ( 'NONE',  ( 0.1250000000000134100, -9.431891231902760400, -17.43189123190272800 ) ) ;
#3567 = VERTEX_POINT ( 'NONE', #6674 ) ;
#3568 = ORIENTED_EDGE ( 'NONE', *, *, #935, .F. ) ;
#3569 = DIRECTION ( 'NONE',  ( -2.017120320903248700E-016, 0.0000000000000000000, 1.000000000000000000 ) ) ;
#3570 = CARTESIAN_POINT ( 'NONE',  ( 21.97499999999996200, -11.31370849898476100, -0.1249999999998177400 ) ) ;
#3571 = FACE_OUTER_BOUND ( 'NONE', #4082, .T. ) ;
#3572 = EDGE_LOOP ( 'NONE', ( #382, #6325, #5860, #5765 ) ) ;
#3573 = AXIS2_PLACEMENT_3D ( 'NONE', #7163, #58, #4879 ) ;
#3574 = ORIENTED_EDGE ( 'NONE', *, *, #4319, .T. ) ;
#3575 = PLANE ( 'NONE',  #5181 ) ;
#3576 = VECTOR ( 'NONE', #1795, 1000.000000000000100 ) ;
#3577 = CARTESIAN_POINT ( 'NONE',  ( 2.499999999999992500, -2.149999999999992800, -11.99999999999997500 ) ) ;
#3578 = ORIENTED_EDGE ( 'NONE', *, *, #5596, .F. ) ;
#3579 = DIRECTION ( 'NONE',  ( -0.5000000000000161000, 0.4999999999999965000, -0.7071067811865385800 ) ) ;
#3580 = EDGE_CURVE ( 'NONE', #6690, #6271, #3718, .T. ) ;
#3581 = DIRECTION ( 'NONE',  ( 0.7071067811865230400, 0.7071067811865721100, 0.0000000000000000000 ) ) ;
#3582 = DIRECTION ( 'NONE',  ( 0.0000000000000000000, -0.7071067811865443500, 0.7071067811865506800 ) ) ;
#3583 = AXIS2_PLACEMENT_3D ( 'NONE', #6515, #3170, #3741 ) ;
#3584 = CARTESIAN_POINT ( 'NONE',  ( 21.97499999999996900, -11.99999999999999300, -0.1249999999998177400 ) ) ;
#3585 = LINE ( 'NONE', #3410, #2357 ) ;
#3586 = DIRECTION ( 'NONE',  ( -2.017120320903264900E-016, 0.0000000000000000000, 1.000000000000000000 ) ) ;
#3587 = ORIENTED_EDGE ( 'NONE', *, *, #6853, .T. ) ;
#3588 = ADVANCED_FACE ( 'NONE', ( #6229 ), #6731, .T. ) ;
#3589 = ORIENTED_EDGE ( 'NONE', *, *, #2265, .F. ) ;
#3590 = LINE ( 'NONE', #6063, #2741 ) ;
#3591 = CONICAL_SURFACE ( 'NONE', #6905, 2.150000000000016300, 0.7853981633974482800 ) ;
#3592 = CARTESIAN_POINT ( 'NONE',  ( 2.374999999999986200, -6.568108768097229000, -33.43189123190269600 ) ) ;
#3593 = CARTESIAN_POINT ( 'NONE',  ( -1.301042606982605300E-015, -6.938893903907228400E-015, -35.99999999999996400 ) ) ;
#3594 = EDGE_CURVE ( 'NONE', #6412, #6352, #6049, .T. ) ;
#3595 = ORIENTED_EDGE ( 'NONE', *, *, #4155, .F. ) ;
#3596 = CIRCLE ( 'NONE', #2380, 2.025000000000002600 ) ;
#3597 = ORIENTED_EDGE ( 'NONE', *, *, #5729, .F. ) ;
#3598 = ADVANCED_FACE ( 'NONE', ( #4665 ), #6703, .T. ) ;
#3599 = VECTOR ( 'NONE', #2103, 1000.000000000000000 ) ;
#3600 = CARTESIAN_POINT ( 'NONE',  ( 0.1249999999999998600, 1.110914191074744000E-013, -21.97500000000002300 ) ) ;
#3601 = FACE_OUTER_BOUND ( 'NONE', #3446, .T. ) ;
#3602 = UNCERTAINTY_MEASURE_WITH_UNIT (LENGTH_MEASURE( 1.000000000000000100E-005 ), #2098, 'distance_accuracy_value', 'NONE');
#3603 = FACE_OUTER_BOUND ( 'NONE', #7310, .T. ) ;
#3605 = ORIENTED_EDGE ( 'NONE', *, *, #3100, .F. ) ;
#3604 = CARTESIAN_POINT ( 'NONE',  ( 14.56810876809722900, -6.568108768097256500, -2.374999999999943200 ) ) ;
#3606 = VERTEX_POINT ( 'NONE', #772 ) ;
#3607 = AXIS2_PLACEMENT_3D ( 'NONE', #2160, #6338, #3958 ) ;
#3608 = DIRECTION ( 'NONE',  ( -8.360113137237629900E-017, -5.055354680658670800E-015, 1.000000000000000000 ) ) ;
#3609 = EDGE_CURVE ( 'NONE', #1653, #1660, #2490, .T. ) ;
#3610 = VECTOR ( 'NONE', #5048, 1000.000000000000100 ) ;
#3611 = DIRECTION ( 'NONE',  ( 1.000000000000000000, -0.0000000000000000000, 8.360113137237629900E-017 ) ) ;
#3612 = CARTESIAN_POINT ( 'NONE',  ( -3.035766082959412400E-015, 8.485281374238567800, -15.51471862576140700 ) ) ;
#3613 = ORIENTED_EDGE ( 'NONE', *, *, #6143, .T. ) ;
#3614 = ORIENTED_EDGE ( 'NONE', *, *, #3649, .T. ) ;
#3615 = DIRECTION ( 'NONE',  ( -1.000000000000000000, -0.0000000000000000000, -0.0000000000000000000 ) ) ;
#3616 = CARTESIAN_POINT ( 'NONE',  ( 10.56810876809743900, 10.56810876809728600, 1.392115589471387700E-013 ) ) ;
#3617 = FACE_OUTER_BOUND ( 'NONE', #4666, .T. ) ;
#3618 = ORIENTED_EDGE ( 'NONE', *, *, #2247, .T. ) ;
#3619 = DIRECTION ( 'NONE',  ( 0.0000000000000000000, -0.7071067811865489100, 0.7071067811865462400 ) ) ;
#3620 = CARTESIAN_POINT ( 'NONE',  ( 4.499999999999990200, 15.87499999999999300, -4.499999999999974200 ) ) ;
#3621 = DIRECTION ( 'NONE',  ( -0.7071067811865267000, 0.0000000000000000000, -0.7071067811865683300 ) ) ;
#3622 = ORIENTED_EDGE ( 'NONE', *, *, #307, .F. ) ;
#3623 = VECTOR ( 'NONE', #6203, 1000.000000000000000 ) ;
#3624 = VERTEX_POINT ( 'NONE', #4367 ) ;
#3625 = ORIENTED_EDGE ( 'NONE', *, *, #4136, .T. ) ;
#3626 = ADVANCED_FACE ( 'NONE', ( #5123 ), #5307, .F. ) ;
#3627 = CARTESIAN_POINT ( 'NONE',  ( 2.499999999999992900, 8.485281374238567800, -15.51471862576140700 ) ) ;
#3628 = DIRECTION ( 'NONE',  ( -1.000000000000000000, 0.0000000000000000000, -2.914001035115544700E-015 ) ) ;
#3629 = EDGE_LOOP ( 'NONE', ( #5616, #4047, #4430, #1904 ) ) ;
#3630 = AXIS2_PLACEMENT_3D ( 'NONE', #6785, #2069, #1405 ) ;
#3631 = VECTOR ( 'NONE', #5336, 1000.000000000000100 ) ;
#3632 = ORIENTED_EDGE ( 'NONE', *, *, #5641, .T. ) ;
#3633 = CARTESIAN_POINT ( 'NONE',  ( -2.168404344971008900E-015, 16.00000000000000000, -23.99999999999996800 ) ) ;
#3634 = DIRECTION ( 'NONE',  ( 1.000000000000000000, 0.0000000000000000000, 0.0000000000000000000 ) ) ;
#3635 = DIRECTION ( 'NONE',  ( 0.0000000000000000000, 0.0000000000000000000, 1.000000000000000000 ) ) ;
#3636 = ADVANCED_FACE ( 'NONE', ( #2588 ), #4440, .F. ) ;
#3637 = PERSON_AND_ORGANIZATION ( #963, #4302 ) ;
#3638 = DIRECTION ( 'NONE',  ( -1.000000000000000000, -0.0000000000000000000, -0.0000000000000000000 ) ) ;
#3639 = LINE ( 'NONE', #1784, #4391 ) ;
#3640 = ORIENTED_EDGE ( 'NONE', *, *, #1909, .T. ) ;
#3641 = EDGE_CURVE ( 'NONE', #905, #2628, #5679, .T. ) ;
#3642 = AXIS2_PLACEMENT_3D ( 'NONE', #3126, #1366, #6016 ) ;
#3643 = DATE_AND_TIME ( #5693, #6786 ) ;
#3644 = DIRECTION ( 'NONE',  ( 0.0000000000000000000, 0.0000000000000000000, 1.000000000000000000 ) ) ;
#3645 = DIRECTION ( 'NONE',  ( 8.360113137237639800E-017, 0.0000000000000000000, -1.000000000000000000 ) ) ;
#3646 = CYLINDRICAL_SURFACE ( 'NONE', #144, 2.024999999999988800 ) ;
#3647 = CARTESIAN_POINT ( 'NONE',  ( -1.375450480618508600E-016, 2.150000000000003500, -12.68629150101520300 ) ) ;
#3648 = ORIENTED_EDGE ( 'NONE', *, *, #1315, .T. ) ;
#3649 = EDGE_CURVE ( 'NONE', #3228, #60, #3345, .T. ) ;
#3650 = ORIENTED_EDGE ( 'NONE', *, *, #6054, .T. ) ;
#3651 = FACE_OUTER_BOUND ( 'NONE', #1891, .T. ) ;
#3652 = AXIS2_PLACEMENT_3D ( 'NONE', #3223, #204, #1336 ) ;
#3653 = CARTESIAN_POINT ( 'NONE',  ( -1.375450480618508600E-016, -2.150000000000008800, -12.68629150101520300 ) ) ;
#3654 = VECTOR ( 'NONE', #6970, 1000.000000000000100 ) ;
#3655 = DIRECTION ( 'NONE',  ( -1.000000000000000000, -0.0000000000000000000, -0.0000000000000000000 ) ) ;
#3656 = EDGE_CURVE ( 'NONE', #1890, #1734, #4932, .T. ) ;
#3657 = VERTEX_POINT ( 'NONE', #4498 ) ;
#3658 = CARTESIAN_POINT ( 'NONE',  ( -1.301042606982603800E-016, -2.150000000000007000, -11.99999999999997500 ) ) ;
#3659 = ORIENTED_EDGE ( 'NONE', *, *, #1233, .T. ) ;
#3660 = CONICAL_SURFACE ( 'NONE', #5786, 2.024999999999988800, 0.7853981633974969100 ) ;
#3661 = FACE_OUTER_BOUND ( 'NONE', #4254, .T. ) ;
#3662 = EDGE_CURVE ( 'NONE', #7431, #1287, #6952, .T. ) ;
#3663 = DIRECTION ( 'NONE',  ( 0.7071067811865474600, 0.0000000000000000000, 0.7071067811865474600 ) ) ;
#3664 = ORIENTED_EDGE ( 'NONE', *, *, #6393, .T. ) ;
#3665 = ORIENTED_EDGE ( 'NONE', *, *, #7257, .F. ) ;
#3666 = ADVANCED_FACE ( 'NONE', ( #7696 ), #1826, .F. ) ;
#3667 = LINE ( 'NONE', #359, #2433 ) ;
#3668 = AXIS2_PLACEMENT_3D ( 'NONE', #271, #2651, #6176 ) ;
#3669 = LINE ( 'NONE', #2416, #1693 ) ;
#3670 = ORIENTED_EDGE ( 'NONE', *, *, #3556, .T. ) ;
#3671 = ORIENTED_EDGE ( 'NONE', *, *, #3053, .F. ) ;
#3672 = DIRECTION ( 'NONE',  ( 2.949029909160574800E-015, 0.0000000000000000000, -1.000000000000000000 ) ) ;
#3673 = ADVANCED_FACE ( 'NONE', ( #7502 ), #5065, .T. ) ;
#3674 = FACE_BOUND ( 'NONE', #2618, .T. ) ;
#3675 = AXIS2_PLACEMENT_3D ( 'NONE', #563, #5346, #355 ) ;
#3676 = CARTESIAN_POINT ( 'NONE',  ( 30.96500179468753800, 10.00556095378956600, 9.131671642974443000E-014 ) ) ;
#3677 = ORIENTED_EDGE ( 'NONE', *, *, #5210, .F. ) ;
#3678 = VERTEX_POINT ( 'NONE', #7363 ) ;
#3679 = DIRECTION ( 'NONE',  ( 1.000000000000000000, -0.0000000000000000000, 8.360113137237629900E-017 ) ) ;
#3680 = CARTESIAN_POINT ( 'NONE',  ( 4.499999999999990200, 16.00000000000000000, -4.499999999999974200 ) ) ;
#3681 = CONICAL_SURFACE ( 'NONE', #5646, 2.149999999999995500, 0.7853981633974344000 ) ;
#3682 = CARTESIAN_POINT ( 'NONE',  ( 33.91717260614129300, -7.053390142335812700, 2.146720301521298800E-013 ) ) ;
#3683 = ORIENTED_EDGE ( 'NONE', *, *, #81, .F. ) ;
#3684 = ORIENTED_EDGE ( 'NONE', *, *, #1184, .T. ) ;
#3685 = CARTESIAN_POINT ( 'NONE',  ( 2.499999999999989300, -2.149999999999985300, 1.211985723523570600E-014 ) ) ;
#3686 = ORIENTED_EDGE ( 'NONE', *, *, #7306, .T. ) ;
#3687 = EDGE_CURVE ( 'NONE', #7251, #4260, #4471, .T. ) ;
#3688 = DIRECTION ( 'NONE',  ( -1.000000000000000000, 0.0000000000000000000, 0.0000000000000000000 ) ) ;
#3689 = DIRECTION ( 'NONE',  ( 0.0000000000000000000, 1.000000000000000000, 0.0000000000000000000 ) ) ;
#3690 = AXIS2_PLACEMENT_3D ( 'NONE', #2308, #7093, #4758 ) ;
#3691 = VECTOR ( 'NONE', #3114, 1000.000000000000000 ) ;
#3692 = VECTOR ( 'NONE', #2294, 1000.000000000000000 ) ;
#3693 = ORIENTED_EDGE ( 'NONE', *, *, #7555, .T. ) ;
#3694 = ORIENTED_EDGE ( 'NONE', *, *, #1149, .F. ) ;
#3695 = ORIENTED_EDGE ( 'NONE', *, *, #5983, .T. ) ;
#3696 = EDGE_CURVE ( 'NONE', #815, #60, #2010, .T. ) ;
#3697 = DIRECTION ( 'NONE',  ( -5.055354680658670800E-015, -1.000000000000000000, -1.490839215467732600E-029 ) ) ;
#3698 = CARTESIAN_POINT ( 'NONE',  ( 23.99999999999996800, 0.0000000000000000000, -0.1249999999998421400 ) ) ;
#3699 = LINE ( 'NONE', #7435, #1076 ) ;
#3700 = ORIENTED_EDGE ( 'NONE', *, *, #1866, .F. ) ;
#3701 = ADVANCED_FACE ( 'NONE', ( #6767 ), #5220, .F. ) ;
#3702 = EDGE_CURVE ( 'NONE', #4423, #7034, #1652, .T. ) ;
#3703 = VECTOR ( 'NONE', #4173, 1000.000000000000000 ) ;
#3704 = EDGE_CURVE ( 'NONE', #3831, #5024, #5955, .T. ) ;
#3705 = ORIENTED_EDGE ( 'NONE', *, *, #886, .F. ) ;
#3706 = AXIS2_PLACEMENT_3D ( 'NONE', #3922, #986, #409 ) ;
#3707 = CARTESIAN_POINT ( 'NONE',  ( 15.51471862576140600, -8.485281374238560700, -0.1249999999998414300 ) ) ;
#3708 = CARTESIAN_POINT ( 'NONE',  ( 2.375000000000006200, 2.024999999999994600, 1.892009789029168000E-015 ) ) ;
#3709 = CARTESIAN_POINT ( 'NONE',  ( 15.51471862576140600, -8.485281374238560700, 4.575336925958103600E-014 ) ) ;
#3710 = DIRECTION ( 'NONE',  ( 1.084202172485505400E-017, 0.0000000000000000000, 1.000000000000000000 ) ) ;
#3711 = DIRECTION ( 'NONE',  ( 2.914001035115545500E-015, -0.0000000000000000000, -1.000000000000000000 ) ) ;
#3712 = ORIENTED_EDGE ( 'NONE', *, *, #6428, .T. ) ;
#3713 = ADVANCED_FACE ( 'NONE', ( #3432 ), #1186, .F. ) ;
#3714 = VECTOR ( 'NONE', #5627, 1000.000000000000000 ) ;
#3715 = ORIENTED_EDGE ( 'NONE', *, *, #4407, .F. ) ;
#3716 = DIRECTION ( 'NONE',  ( 0.0000000000000000000, 0.0000000000000000000, 1.000000000000000000 ) ) ;
#3717 = ORIENTED_EDGE ( 'NONE', *, *, #4886, .F. ) ;
#3718 = LINE ( 'NONE', #1351, #2870 ) ;
#3719 = CARTESIAN_POINT ( 'NONE',  ( 0.1250000000000152400, -6.568108768097257400, -14.56810876809722200 ) ) ;
#3720 = EDGE_LOOP ( 'NONE', ( #5117, #1558, #2600, #354, #4357, #6496, #352, #7579 ) ) ;
#3721 = EDGE_LOOP ( 'NONE', ( #4324, #7232, #398, #4869 ) ) ;
#3722 = AXIS2_PLACEMENT_3D ( 'NONE', #3735, #1294, #1376 ) ;
#3723 = DIRECTION ( 'NONE',  ( 1.000000000000000000, 0.0000000000000000000, 2.949029909160574800E-015 ) ) ;
#3724 = ORIENTED_EDGE ( 'NONE', *, *, #1377, .F. ) ;
#3725 = VECTOR ( 'NONE', #78, 1000.000000000000000 ) ;
#3726 = DIRECTION ( 'NONE',  ( 1.000000000000000000, -0.0000000000000000000, -1.084202172485505400E-017 ) ) ;
#3727 = ORIENTED_EDGE ( 'NONE', *, *, #7668, .F. ) ;
#3728 = CARTESIAN_POINT ( 'NONE',  ( 21.85000000000006200, 16.00000000000011000, 6.443630351515873900E-014 ) ) ;
#3729 = EDGE_CURVE ( 'NONE', #1607, #5865, #5572, .T. ) ;
#3730 = CARTESIAN_POINT ( 'NONE',  ( 16.94660985766417500, -9.917172606141322800, -2.374999999999937400 ) ) ;
#3731 = AXIS2_PLACEMENT_3D ( 'NONE', #7070, #1176, #1073 ) ;
#3732 = FACE_OUTER_BOUND ( 'NONE', #1266, .T. ) ;
#3733 = DIRECTION ( 'NONE',  ( 0.0000000000000000000, 0.0000000000000000000, 1.000000000000000000 ) ) ;
#3734 = ORIENTED_EDGE ( 'NONE', *, *, #7409, .T. ) ;
#3735 = CARTESIAN_POINT ( 'NONE',  ( 13.43189123190264700, 13.43189123190274100, -0.1249999999998375300 ) ) ;
#3736 = DIRECTION ( 'NONE',  ( 0.4999999999999918400, -0.4999999999999878400, -0.7071067811865618900 ) ) ;
#3737 = CARTESIAN_POINT ( 'NONE',  ( -9.053858120676490700E-016, -2.024999999999994600, -0.1249999999998994400 ) ) ;
#3738 = ORIENTED_EDGE ( 'NONE', *, *, #2170, .F. ) ;
#3739 = DIRECTION ( 'NONE',  ( -1.000000000000000000, 0.0000000000000000000, -2.914001035115540000E-015 ) ) ;
#3740 = FACE_BOUND ( 'NONE', #3393, .T. ) ;
#3741 = DIRECTION ( 'NONE',  ( -1.000000000000000000, 0.0000000000000000000, 0.0000000000000000000 ) ) ;
#3742 = ADVANCED_FACE ( 'NONE', ( #1000 ), #4572, .F. ) ;
#3743 = EDGE_CURVE ( 'NONE', #1374, #483, #5672, .T. ) ;
#3744 = VECTOR ( 'NONE', #7718, 1000.000000000000000 ) ;
#3745 = AXIS2_PLACEMENT_3D ( 'NONE', #1792, #5476, #5401 ) ;
#3746 = CARTESIAN_POINT ( 'NONE',  ( -1.734723475976807100E-015, 8.485281374238566000, -32.48528137423853900 ) ) ;
#3747 = ORIENTED_EDGE ( 'NONE', *, *, #2345, .T. ) ;
#3748 = ORIENTED_EDGE ( 'NONE', *, *, #6198, .F. ) ;
#3749 = DIRECTION ( 'NONE',  ( 0.0000000000000000000, 0.0000000000000000000, 1.000000000000000000 ) ) ;
#3750 = LINE ( 'NONE', #5488, #3563 ) ;
#3751 = CARTESIAN_POINT ( 'NONE',  ( 23.99999999999997500, -16.00000000000000000, -2.374999999999921000 ) ) ;
#3752 = FACE_OUTER_BOUND ( 'NONE', #2422, .T. ) ;
#3753 = ADVANCED_FACE ( 'NONE', ( #6223 ), #7309, .F. ) ;
#3754 = ORIENTED_EDGE ( 'NONE', *, *, #7321, .T. ) ;
#3755 = EDGE_CURVE ( 'NONE', #7483, #3567, #4005, .T. ) ;
#3756 = VERTEX_POINT ( 'NONE', #4000 ) ;
#3757 = AXIS2_PLACEMENT_3D ( 'NONE', #6677, #14, #6004 ) ;
#3758 = CARTESIAN_POINT ( 'NONE',  ( 13.43189123190277600, -13.43189123190272700, -0.1249999999998477500 ) ) ;
#3759 = FACE_OUTER_BOUND ( 'NONE', #7522, .T. ) ;
#3760 = FACE_OUTER_BOUND ( 'NONE', #2589, .T. ) ;
#3761 = EDGE_LOOP ( 'NONE', ( #6578, #718, #4143, #5484 ) ) ;
#3762 = ORIENTED_EDGE ( 'NONE', *, *, #2462, .F. ) ;
#3763 = DIRECTION ( 'NONE',  ( -1.839952100020056900E-016, 0.7071067811865450200, 0.7071067811865500200 ) ) ;
#3764 = DIRECTION ( 'NONE',  ( 0.0000000000000000000, 0.0000000000000000000, 1.000000000000000000 ) ) ;
#3765 = LINE ( 'NONE', #6681, #5512 ) ;
#3766 = VERTEX_POINT ( 'NONE', #5148 ) ;
#3767 = CARTESIAN_POINT ( 'NONE',  ( 35.99999999999996400, -6.938893903907228400E-015, -0.1249999999997806900 ) ) ;
#3768 = AXIS2_PLACEMENT_3D ( 'NONE', #4256, #6044, #5942 ) ;
#3769 = ORIENTED_EDGE ( 'NONE', *, *, #4726, .T. ) ;
#3770 = CARTESIAN_POINT ( 'NONE',  ( 2.499999999999997800, 8.485281374238566000, -34.63528137423855900 ) ) ;
#3771 = LINE ( 'NONE', #472, #3308 ) ;
#3772 = CARTESIAN_POINT ( 'NONE',  ( 0.0000000000000000000, 16.00000000000000000, 0.0000000000000000000 ) ) ;
#3773 = CARTESIAN_POINT ( 'NONE',  ( 0.0000000000000000000, 15.87499999999999300, 0.0000000000000000000 ) ) ;
#3774 = ORIENTED_EDGE ( 'NONE', *, *, #2427, .F. ) ;
#3775 = CARTESIAN_POINT ( 'NONE',  ( 15.51471862576141400, 8.485281374238567800, -2.374999999999948900 ) ) ;
#3776 = VERTEX_POINT ( 'NONE', #4026 ) ;
#3777 = LINE ( 'NONE', #3042, #2172 ) ;
#3778 = AXIS2_PLACEMENT_3D ( 'NONE', #4245, #2348, #1250 ) ;
#3779 = DIRECTION ( 'NONE',  ( 0.7071067811865671100, 0.0000000000000000000, 0.7071067811865279200 ) ) ;
#3780 = VECTOR ( 'NONE', #5449, 1000.000000000000000 ) ;
#3781 = EDGE_LOOP ( 'NONE', ( #2483, #5982, #2479, #6662 ) ) ;
#3782 = LINE ( 'NONE', #991, #5188 ) ;
#3783 = VERTEX_POINT ( 'NONE', #7519 ) ;
#3784 = CARTESIAN_POINT ( 'NONE',  ( 2.499999999999996900, 9.520279579551102600, -30.47972042044887800 ) ) ;
#3785 = LINE ( 'NONE', #6840, #2842 ) ;
#3786 = CARTESIAN_POINT ( 'NONE',  ( 23.99999999999997500, 0.0000000000000000000, -2.374999999999921000 ) ) ;
#3787 = LINE ( 'NONE', #2742, #5549 ) ;
#3788 = CARTESIAN_POINT ( 'NONE',  ( 4.499999999999990200, 15.87499999999999300, -4.499999999999974200 ) ) ;
#3789 = CARTESIAN_POINT ( 'NONE',  ( -1.583196425364374900E-015, 0.0000000000000000000, -30.99999999999996800 ) ) ;
#3790 = EDGE_CURVE ( 'NONE', #6352, #4558, #6134, .T. ) ;
#3791 = FACE_OUTER_BOUND ( 'NONE', #1030, .T. ) ;
#3792 = DIRECTION ( 'NONE',  ( 1.000000000000000000, 0.0000000000000000000, 0.0000000000000000000 ) ) ;
#3793 = DIRECTION ( 'NONE',  ( 0.4999999999999900100, -0.4999999999999914500, -0.7071067811865607800 ) ) ;
#3794 = ORIENTED_EDGE ( 'NONE', *, *, #2579, .T. ) ;
#3795 = ADVANCED_FACE ( 'NONE', ( #4837 ), #4094, .F. ) ;
#3796 = AXIS2_PLACEMENT_3D ( 'NONE', #2458, #5396, #5999 ) ;
#3797 = LINE ( 'NONE', #234, #4825 ) ;
#3798 = EDGE_LOOP ( 'NONE', ( #1597, #1790 ) ) ;
#3799 = ORIENTED_EDGE ( 'NONE', *, *, #2853, .T. ) ;
#3800 = EDGE_CURVE ( 'NONE', #5178, #1553, #7131, .T. ) ;
#3801 = DIRECTION ( 'NONE',  ( -1.839952100020056900E-016, -0.7071067811865451300, 0.7071067811865500200 ) ) ;
#3802 = DIRECTION ( 'NONE',  ( -1.000000000000000000, 0.0000000000000000000, -2.602085213965212600E-016 ) ) ;
#3803 = ORIENTED_EDGE ( 'NONE', *, *, #5641, .F. ) ;
#3804 = ORIENTED_EDGE ( 'NONE', *, *, #2472, .F. ) ;
#3805 = ORIENTED_EDGE ( 'NONE', *, *, #6658, .F. ) ;
#3806 = DIRECTION ( 'NONE',  ( 1.000000000000000000, 0.0000000000000000000, 0.0000000000000000000 ) ) ;
#3807 = CARTESIAN_POINT ( 'NONE',  ( 26.15000000000000600, 15.99999999999986900, -2.499999999999915600 ) ) ;
#3808 = VECTOR ( 'NONE', #2174, 1000.000000000000000 ) ;
#3809 = ORIENTED_EDGE ( 'NONE', *, *, #2247, .F. ) ;
#3810 = VERTEX_POINT ( 'NONE', #3365 ) ;
#3811 = DIRECTION ( 'NONE',  ( -2.775557561562893700E-015, -0.0000000000000000000, 1.000000000000000000 ) ) ;
#3812 = DIRECTION ( 'NONE',  ( -2.017120320903238800E-016, 0.0000000000000000000, 1.000000000000000000 ) ) ;
#3813 = DIRECTION ( 'NONE',  ( 0.0000000000000000000, 0.7071067811865302500, -0.7071067811865647800 ) ) ;
#3814 = EDGE_CURVE ( 'NONE', #5890, #7034, #5769, .T. ) ;
#3815 = ORIENTED_EDGE ( 'NONE', *, *, #5657, .F. ) ;
#3816 = LINE ( 'NONE', #579, #1099 ) ;
#3817 = ORIENTED_EDGE ( 'NONE', *, *, #5470, .F. ) ;
#3818 = APPROVAL_PERSON_ORGANIZATION ( #3637, #2478, #2757 ) ;
#3819 = CARTESIAN_POINT ( 'NONE',  ( 14.56810876809722200, -6.568108768097256500, -0.1249999999998437600 ) ) ;
#3820 = CARTESIAN_POINT ( 'NONE',  ( 35.31370849898473100, -2.149999999999891100, 1.041411825668839500E-013 ) ) ;
#3821 = AXIS2_PLACEMENT_3D ( 'NONE', #5141, #2220, #7569 ) ;
#3822 = CONICAL_SURFACE ( 'NONE', #1292, 2.150000000000019900, 0.7853981633974604900 ) ;
#3823 = ORIENTED_EDGE ( 'NONE', *, *, #7595, .T. ) ;
#3824 = DIRECTION ( 'NONE',  ( -0.7071067811865463500, 0.0000000000000000000, -0.7071067811865487900 ) ) ;
#3825 = VERTEX_POINT ( 'NONE', #7474 ) ;
#3826 = ADVANCED_FACE ( 'NONE', ( #806 ), #4280, .F. ) ;
#3827 = LINE ( 'NONE', #221, #2228 ) ;
#3828 = EDGE_CURVE ( 'NONE', #812, #4914, #5391, .T. ) ;
#3829 = ORIENTED_EDGE ( 'NONE', *, *, #3429, .T. ) ;
#3830 = CARTESIAN_POINT ( 'NONE',  ( 2.375000000000013800, 9.431891231902733700, -17.43189123190268200 ) ) ;
#3831 = VERTEX_POINT ( 'NONE', #2787 ) ;
#3832 = CIRCLE ( 'NONE', #21, 2.024999999999955500 ) ;
#3833 = DIRECTION ( 'NONE',  ( 1.000000000000000000, 0.0000000000000000000, 0.0000000000000000000 ) ) ;
#3834 = DIRECTION ( 'NONE',  ( 2.914001035115545500E-015, -0.0000000000000000000, -1.000000000000000000 ) ) ;
#3835 = FACE_OUTER_BOUND ( 'NONE', #113, .T. ) ;
#3836 = CARTESIAN_POINT ( 'NONE',  ( 23.99999999999996800, -11.31370849898476100, 1.825796458465589500E-013 ) ) ;
#3837 = CARTESIAN_POINT ( 'NONE',  ( 23.99999999999998200, 11.99999999999999300, -2.374999999999907600 ) ) ;
#3838 = ORIENTED_EDGE ( 'NONE', *, *, #4362, .T. ) ;
#3839 = EDGE_CURVE ( 'NONE', #19, #7117, #626, .T. ) ;
#3840 = ORIENTED_EDGE ( 'NONE', *, *, #1626, .F. ) ;
#3841 = CARTESIAN_POINT ( 'NONE',  ( 2.499999999999994700, 11.99999999999999300, -21.84999999999994800 ) ) ;
#3842 = CIRCLE ( 'NONE', #7390, 2.149999999999992400 ) ;
#3843 = EDGE_CURVE ( 'NONE', #6983, #4949, #54, .T. ) ;
#3844 = CC_DESIGN_PERSON_AND_ORGANIZATION_ASSIGNMENT ( #543, #6305, ( #2077 ) ) ;
#3845 = VECTOR ( 'NONE', #6887, 1000.000000000000000 ) ;
#3846 = DIRECTION ( 'NONE',  ( 0.7071067811865506800, -0.4999999999999977800, 0.4999999999999977800 ) ) ;
#3848 = EDGE_LOOP ( 'NONE', ( #1758, #3803, #2336, #7177 ) ) ;
#3847 = CARTESIAN_POINT ( 'NONE',  ( 18.02499999999993800, 8.000000000000035500, -0.1249999999998299100 ) ) ;
#3849 = DIRECTION ( 'NONE',  ( -1.000000000000000000, 0.0000000000000000000, 0.0000000000000000000 ) ) ;
#3850 = CARTESIAN_POINT ( 'NONE',  ( 2.499999999999993800, -9.520279579551086600, -17.52027957955105100 ) ) ;
#3851 = EDGE_LOOP ( 'NONE', ( #6936, #1710, #5837, #6437 ) ) ;
#3852 = DIRECTION ( 'NONE',  ( -1.000000000000000000, 0.0000000000000000000, 0.0000000000000000000 ) ) ;
#3853 = CIRCLE ( 'NONE', #983, 2.150000000000033700 ) ;
#3854 = EDGE_CURVE ( 'NONE', #5055, #4310, #4193, .T. ) ;
#3855 = VECTOR ( 'NONE', #368, 1000.000000000000000 ) ;
#3856 = EDGE_CURVE ( 'NONE', #6453, #4505, #1464, .T. ) ;
#3857 = AXIS2_PLACEMENT_3D ( 'NONE', #2887, #7550, #2260 ) ;
#3858 = CARTESIAN_POINT ( 'NONE',  ( 39.87499999999997900, 0.0000000000000000000, -2.499999999999877000 ) ) ;
#3859 = ORIENTED_EDGE ( 'NONE', *, *, #5869, .F. ) ;
#3860 = ADVANCED_FACE ( 'NONE', ( #1372 ), #2226, .F. ) ;
#3861 = ORIENTED_EDGE ( 'NONE', *, *, #3580, .F. ) ;
#3862 = EDGE_CURVE ( 'NONE', #7244, #546, #4656, .T. ) ;
#3863 = CARTESIAN_POINT ( 'NONE',  ( 17.52027957955103300, 9.520279579551076000, -2.499999999999939200 ) ) ;
#3864 = VECTOR ( 'NONE', #7247, 1000.000000000000100 ) ;
#3865 = DIRECTION ( 'NONE',  ( 1.000000000000000000, -0.0000000000000000000, 8.360113137237629900E-017 ) ) ;
#3866 = PERSON_AND_ORGANIZATION_ROLE ( 'design_supplier' ) ;
#3867 = EDGE_CURVE ( 'NONE', #5865, #6297, #2204, .T. ) ;
#3868 = ORIENTED_EDGE ( 'NONE', *, *, #2736, .F. ) ;
#3869 = DIRECTION ( 'NONE',  ( 0.0000000000000000000, 0.0000000000000000000, -1.000000000000000000 ) ) ;
#3870 = DIRECTION ( 'NONE',  ( 0.0000000000000000000, 0.0000000000000000000, 1.000000000000000000 ) ) ;
#3871 = ADVANCED_FACE ( 'NONE', ( #435 ), #5857, .F. ) ;
#3872 = DIRECTION ( 'NONE',  ( 1.084202172485505100E-017, 0.0000000000000000000, 1.000000000000000000 ) ) ;
#3873 = VECTOR ( 'NONE', #3511, 1000.000000000000000 ) ;
#3874 = CARTESIAN_POINT ( 'NONE',  ( 21.52027957955119300, -5.520279579551066200, -2.499999999999928100 ) ) ;
#3875 = VERTEX_POINT ( 'NONE', #4829 ) ;
#3876 = ORIENTED_EDGE ( 'NONE', *, *, #6079, .T. ) ;
#3877 = DIRECTION ( 'NONE',  ( 1.000000000000000000, -0.0000000000000000000, 8.360113137237629900E-017 ) ) ;
#3878 = CARTESIAN_POINT ( 'NONE',  ( 30.47972042044897000, 9.520279579551010200, 8.988560714275634400E-014 ) ) ;
#3879 = LINE ( 'NONE', #803, #501 ) ;
#3880 = CARTESIAN_POINT ( 'NONE',  ( 2.374999999999995100, 0.0000000000000000000, -39.99999999999997900 ) ) ;
#3881 = FACE_OUTER_BOUND ( 'NONE', #5080, .T. ) ;
#3882 = CARTESIAN_POINT ( 'NONE',  ( 17.52027957955096900, -9.520279579551001300, 5.166782849695107000E-014 ) ) ;
#3883 = ORIENTED_EDGE ( 'NONE', *, *, #1542, .F. ) ;
#3884 = ORIENTED_EDGE ( 'NONE', *, *, #6964, .F. ) ;
#3885 = ORIENTED_EDGE ( 'NONE', *, *, #5217, .T. ) ;
#3886 = EDGE_CURVE ( 'NONE', #6083, #5865, #7590, .T. ) ;
#3887 = AXIS2_PLACEMENT_3D ( 'NONE', #1801, #51, #3569 ) ;
#3888 = CARTESIAN_POINT ( 'NONE',  ( 2.374999999999995100, 0.0000000000000000000, -23.99999999999996800 ) ) ;
#3889 = VECTOR ( 'NONE', #5755, 1000.000000000000000 ) ;
#3890 = ORIENTED_EDGE ( 'NONE', *, *, #7668, .T. ) ;
#3891 = ORIENTED_EDGE ( 'NONE', *, *, #6220, .T. ) ;
#3892 = APPROVAL_STATUS ( 'not_yet_approved' ) ;
#3893 = EDGE_CURVE ( 'NONE', #2096, #6352, #2675, .T. ) ;
#3894 = DIRECTION ( 'NONE',  ( 5.911492690827488100E-017, 0.7071067811865456900, -0.7071067811865494600 ) ) ;
#3895 = CARTESIAN_POINT ( 'NONE',  ( 21.97499999999997300, 11.31370849898476100, -2.374999999999907200 ) ) ;
#3896 = AXIS2_PLACEMENT_3D ( 'NONE', #2039, #6277, #2732 ) ;
#3897 = VECTOR ( 'NONE', #7031, 1000.000000000000000 ) ;
#3898 = EDGE_LOOP ( 'NONE', ( #5599, #3145, #4473, #7183 ) ) ;
#3899 = DIRECTION ( 'NONE',  ( 8.360113137237634800E-017, 0.0000000000000000000, -1.000000000000000000 ) ) ;
#3900 = DIRECTION ( 'NONE',  ( 1.315446366589175700E-030, 1.000000000000000000, -5.055354680658670800E-015 ) ) ;
#3901 = ADVANCED_FACE ( 'NONE', ( #3248 ), #148, .F. ) ;
#3902 = DIRECTION ( 'NONE',  ( -2.017120320903242000E-016, 0.0000000000000000000, 1.000000000000000000 ) ) ;
#3903 = ORIENTED_EDGE ( 'NONE', *, *, #623, .T. ) ;
#3904 = EDGE_CURVE ( 'NONE', #2467, #567, #7402, .T. ) ;
#3905 = VECTOR ( 'NONE', #211, 1000.000000000000000 ) ;
#3906 = CARTESIAN_POINT ( 'NONE',  ( 21.85000000000009000, 11.31370849898476100, 6.443630351515884000E-014 ) ) ;
#3907 = ORIENTED_EDGE ( 'NONE', *, *, #343, .T. ) ;
#3908 = VERTEX_POINT ( 'NONE', #1031 ) ;
#3909 = AXIS2_PLACEMENT_3D ( 'NONE', #4010, #7584, #2869 ) ;
#3910 = CARTESIAN_POINT ( 'NONE',  ( 31.05339014233578300, 9.917172606141326300, -2.374999999999873900 ) ) ;
#3911 = ADVANCED_FACE ( 'NONE', ( #3061 ), #801, .F. ) ;
#3912 = VERTEX_POINT ( 'NONE', #1264 ) ;
#3913 = VECTOR ( 'NONE', #3512, 1000.000000000000000 ) ;
#3914 = DIRECTION ( 'NONE',  ( -1.000000000000000000, 0.0000000000000000000, 0.0000000000000000000 ) ) ;
#3915 = ORIENTED_EDGE ( 'NONE', *, *, #187, .T. ) ;
#3916 = DIRECTION ( 'NONE',  ( -0.0000000000000000000, -0.0000000000000000000, -1.000000000000000000 ) ) ;
#3917 = EDGE_CURVE ( 'NONE', #2154, #6983, #1746, .T. ) ;
#3918 = ORIENTED_EDGE ( 'NONE', *, *, #7057, .T. ) ;
#3919 = CONICAL_SURFACE ( 'NONE', #2257, 2.150000000000019900, 0.7853981633974604900 ) ;
#3920 = VERTEX_POINT ( 'NONE', #6621 ) ;
#3921 = DIRECTION ( 'NONE',  ( 1.000000000000000000, -0.0000000000000000000, 8.360113137237629900E-017 ) ) ;
#3922 = CARTESIAN_POINT ( 'NONE',  ( 2.499999999999993300, 8.000000000000035500, -15.99999999999997900 ) ) ;
#3923 = CARTESIAN_POINT ( 'NONE',  ( 23.99999999999997500, 0.0000000000000000000, -2.374999999999897900 ) ) ;
#3924 = VECTOR ( 'NONE', #4441, 1000.000000000000000 ) ;
#3925 = CARTESIAN_POINT ( 'NONE',  ( 0.1249999999999922000, 10.56810876809722900, -10.56810876809728900 ) ) ;
#3926 = FACE_OUTER_BOUND ( 'NONE', #4713, .T. ) ;
#3927 = ORIENTED_EDGE ( 'NONE', *, *, #4703, .T. ) ;
#3928 = DIRECTION ( 'NONE',  ( 1.000000000000000000, -0.0000000000000000000, 8.360113137237629900E-017 ) ) ;
#3929 = ORIENTED_EDGE ( 'NONE', *, *, #4564, .F. ) ;
#3930 = CARTESIAN_POINT ( 'NONE',  ( 26.02499999999996700, 11.99999999999999300, 1.895185397504661800E-013 ) ) ;
#3931 = CIRCLE ( 'NONE', #6812, 2.025000000000002600 ) ;
#3932 = AXIS2_PLACEMENT_3D ( 'NONE', #3215, #5607, #7005 ) ;
#3933 = PLANE ( 'NONE',  #3478 ) ;
#3934 = LINE ( 'NONE', #5798, #2706 ) ;
#3935 = ORIENTED_EDGE ( 'NONE', *, *, #3520, .T. ) ;
#3936 = EDGE_LOOP ( 'NONE', ( #3361, #3665, #517, #1665 ) ) ;
#3937 = CARTESIAN_POINT ( 'NONE',  ( -1.301042606982605300E-015, 2.025000000000001700, -35.99999999999996400 ) ) ;
#3938 = LINE ( 'NONE', #4481, #1127 ) ;
#3939 = CARTESIAN_POINT ( 'NONE',  ( 13.43189123190277600, -13.43189123190272700, 1.483188571960170100E-013 ) ) ;
#3940 = EDGE_CURVE ( 'NONE', #4423, #2889, #7216, .T. ) ;
#3941 = CIRCLE ( 'NONE', #6877, 2.149999999999886200 ) ;
#3942 = CARTESIAN_POINT ( 'NONE',  ( 39.99999999999997900, 0.0000000000000000000, -2.374999999999921000 ) ) ;
#3943 = AXIS2_PLACEMENT_3D ( 'NONE', #5011, #1454, #190 ) ;
#3944 = ORIENTED_EDGE ( 'NONE', *, *, #4795, .T. ) ;
#3945 = VERTEX_POINT ( 'NONE', #5368 ) ;
#3946 = CARTESIAN_POINT ( 'NONE',  ( 32.48528137423853900, 8.485281374238566000, -0.1249999999997814500 ) ) ;
#3947 = VECTOR ( 'NONE', #2233, 999.9999999999998900 ) ;
#3948 = PLANE ( 'NONE',  #2420 ) ;
#3949 = DIRECTION ( 'NONE',  ( -1.000000000000000000, 0.0000000000000000000, 0.0000000000000000000 ) ) ;
#3950 = ADVANCED_FACE ( 'NONE', ( #1090 ), #3575, .F. ) ;
#3951 = VECTOR ( 'NONE', #168, 1000.000000000000000 ) ;
#3952 = EDGE_CURVE ( 'NONE', #2034, #7241, #430, .T. ) ;
#3953 = ORIENTED_EDGE ( 'NONE', *, *, #441, .T. ) ;
#3954 = CARTESIAN_POINT ( 'NONE',  ( -2.602085213965209200E-016, 8.725608443924916800E-016, -31.12499999999998900 ) ) ;
#3955 = VERTEX_POINT ( 'NONE', #589 ) ;
#3956 = VECTOR ( 'NONE', #7462, 1000.000000000000000 ) ;
#3957 = DIRECTION ( 'NONE',  ( -0.7071067811865242600, -0.7071067811865708900, 0.0000000000000000000 ) ) ;
#3958 = DIRECTION ( 'NONE',  ( 1.000000000000000000, -6.319193350823370000E-016, 0.0000000000000000000 ) ) ;
#3959 = CARTESIAN_POINT ( 'NONE',  ( 16.94660985766412900, 9.917172606141285500, 1.595945597898662500E-013 ) ) ;
#3960 = CARTESIAN_POINT ( 'NONE',  ( 29.84999999999992300, -7.999999999999992900, -2.499999999999899200 ) ) ;
#3961 = ORIENTED_EDGE ( 'NONE', *, *, #2224, .F. ) ;
#3962 = EDGE_CURVE ( 'NONE', #5564, #5751, #1737, .T. ) ;
#3963 = EDGE_CURVE ( 'NONE', #1191, #1970, #7127, .T. ) ;
#3964 = CARTESIAN_POINT ( 'NONE',  ( 31.99999999999994700, -7.999999999999992900, -0.1249999999997850300 ) ) ;
#3965 = CARTESIAN_POINT ( 'NONE',  ( -2.368981746880825700E-016, -11.99999999999999300, -21.84999999999996900 ) ) ;
#3966 = FACE_OUTER_BOUND ( 'NONE', #2231, .T. ) ;
#3967 = VERTEX_POINT ( 'NONE', #2362 ) ;
#3968 = DIRECTION ( 'NONE',  ( 2.914001035115545500E-015, -0.0000000000000000000, -1.000000000000000000 ) ) ;
#3969 = FACE_OUTER_BOUND ( 'NONE', #5770, .T. ) ;
#3970 = LINE ( 'NONE', #2978, #4993 ) ;
#3971 = DIRECTION ( 'NONE',  ( 0.0000000000000000000, 0.0000000000000000000, 1.000000000000000000 ) ) ;
#3972 = CARTESIAN_POINT ( 'NONE',  ( 2.499999999999997300, -7.999999999999992900, -31.99999999999994700 ) ) ;
#3973 = CARTESIAN_POINT ( 'NONE',  ( 0.1250000000000142900, -13.43189123190272700, -13.43189123190277600 ) ) ;
#3974 = CONICAL_SURFACE ( 'NONE', #3299, 2.125000000000001800, 0.7853981633974206300 ) ;
#3975 = VECTOR ( 'NONE', #5636, 1000.000000000000100 ) ;
#3976 = DIRECTION ( 'NONE',  ( 1.000000000000000000, 6.319193350823370000E-016, 2.949029909160574800E-015 ) ) ;
#3977 = AXIS2_PLACEMENT_3D ( 'NONE', #1785, #3655, #5395 ) ;
#3978 = VECTOR ( 'NONE', #5284, 1000.000000000000000 ) ;
#3979 = FACE_OUTER_BOUND ( 'NONE', #6109, .T. ) ;
#3980 = DIRECTION ( 'NONE',  ( 1.000000000000000000, 0.0000000000000000000, 0.0000000000000000000 ) ) ;
#3981 = EDGE_LOOP ( 'NONE', ( #1871, #1400, #4379, #294 ) ) ;
#3982 = ORIENTED_EDGE ( 'NONE', *, *, #1741, .F. ) ;
#3983 = CARTESIAN_POINT ( 'NONE',  ( 2.499999999999996900, 0.0000000000000000000, -31.12499999999995700 ) ) ;
#3984 = CARTESIAN_POINT ( 'NONE',  ( 30.47972042044884900, -9.520279579551095500, -2.499999999999903200 ) ) ;
#3985 = CARTESIAN_POINT ( 'NONE',  ( 23.99999999999997500, 0.0000000000000000000, -2.499999999999921000 ) ) ;
#3986 = DIRECTION ( 'NONE',  ( -0.7071067811865672200, 0.0000000000000000000, -0.7071067811865279200 ) ) ;
#3987 = EDGE_CURVE ( 'NONE', #1734, #4384, #2768, .T. ) ;
#3988 = ADVANCED_FACE ( 'NONE', ( #619 ), #6577, .F. ) ;
#3989 = EDGE_CURVE ( 'NONE', #5719, #6334, #1368, .T. ) ;
#3990 = LINE ( 'NONE', #6472, #4649 ) ;
#3991 = ORIENTED_EDGE ( 'NONE', *, *, #6977, .F. ) ;
#3992 = ORIENTED_EDGE ( 'NONE', *, *, #3987, .F. ) ;
#3993 = CARTESIAN_POINT ( 'NONE',  ( 38.02499999999996300, -6.938893903907228400E-015, -0.1249999999997806900 ) ) ;
#3994 = AXIS2_PLACEMENT_3D ( 'NONE', #1649, #3427, #1599 ) ;
#3995 = CARTESIAN_POINT ( 'NONE',  ( 26.02499999999997400, 11.99999999999999300, -2.374999999999901900 ) ) ;
#3996 = ORIENTED_EDGE ( 'NONE', *, *, #6301, .F. ) ;
#3997 = LINE ( 'NONE', #3807, #6857 ) ;
#3998 = EDGE_LOOP ( 'NONE', ( #4918, #2748, #4486, #2551, #2603 ) ) ;
#3999 = EDGE_CURVE ( 'NONE', #6139, #7133, #6493, .T. ) ;
#4000 = CARTESIAN_POINT ( 'NONE',  ( 12.68629150101520300, -2.025000000000002600, -0.1249999999998620400 ) ) ;
#4001 = AXIS2_PLACEMENT_3D ( 'NONE', #1869, #6132, #6661 ) ;
#4002 = DIRECTION ( 'NONE',  ( 2.949029909160574800E-015, 0.0000000000000000000, -1.000000000000000000 ) ) ;
#4003 = CC_DESIGN_PERSON_AND_ORGANIZATION_ASSIGNMENT ( #642, #934, ( #2835 ) ) ;
#4004 = ORIENTED_EDGE ( 'NONE', *, *, #7338, .T. ) ;
#4005 = LINE ( 'NONE', #1612, #4377 ) ;
#4006 = VERTEX_POINT ( 'NONE', #4412 ) ;
#4007 = CARTESIAN_POINT ( 'NONE',  ( -1.899552518270269000E-016, -9.520279579551090200, -17.52027957955105500 ) ) ;
#4008 = DIRECTION ( 'NONE',  ( 0.0000000000000000000, 0.7071067811865561200, 0.7071067811865389100 ) ) ;
#4009 = CARTESIAN_POINT ( 'NONE',  ( -4.878909776184747800E-017, -15.87499999999999300, -4.499999999999974200 ) ) ;
#4010 = CARTESIAN_POINT ( 'NONE',  ( -1.682109163955184900E-016, -8.485281374238560700, -15.51471862576140600 ) ) ;
#4011 = VERTEX_POINT ( 'NONE', #7233 ) ;
#4012 = CARTESIAN_POINT ( 'NONE',  ( 23.99999999999996800, -11.31370849898476100, -0.1249999999998118200 ) ) ;
#4013 = AXIS2_PLACEMENT_3D ( 'NONE', #6306, #3870, #2759 ) ;
#4014 = FACE_OUTER_BOUND ( 'NONE', #443, .T. ) ;
#4015 = ORIENTED_EDGE ( 'NONE', *, *, #375, .F. ) ;
#4016 = EDGE_CURVE ( 'NONE', #6083, #5841, #3997, .T. ) ;
#4017 = CARTESIAN_POINT ( 'NONE',  ( 9.974999999999980100, 5.469317744930408200E-015, -2.374999999999917000 ) ) ;
#4018 = DIRECTION ( 'NONE',  ( 1.000000000000000000, 0.0000000000000000000, 0.0000000000000000000 ) ) ;
#4019 = CARTESIAN_POINT ( 'NONE',  ( 23.99999999999997500, 0.0000000000000000000, -2.374999999999921000 ) ) ;
#4020 = CIRCLE ( 'NONE', #5661, 2.150000000000027000 ) ;
#4021 = CARTESIAN_POINT ( 'NONE',  ( 23.99999999999997500, 11.99999999999999300, 1.825796458465589500E-013 ) ) ;
#4022 = ORIENTED_EDGE ( 'NONE', *, *, #2022, .F. ) ;
#4023 = CARTESIAN_POINT ( 'NONE',  ( 1.750416558178075800E-014, 2.149999999999844900, 5.162030783557056600E-029 ) ) ;
#4024 = EDGE_LOOP ( 'NONE', ( #2011, #5722, #3415, #7304 ) ) ;
#4025 = FACE_OUTER_BOUND ( 'NONE', #5116, .T. ) ;
#4026 = CARTESIAN_POINT ( 'NONE',  ( 0.1250000000000001900, -9.917172606141342300, -31.05339014233576800 ) ) ;
#4027 = AXIS2_PLACEMENT_3D ( 'NONE', #4474, #1505, #3290 ) ;
#4028 = VECTOR ( 'NONE', #7393, 1000.000000000000100 ) ;
#4029 = DIRECTION ( 'NONE',  ( 0.0000000000000000000, -1.000000000000000000, 5.055354680658670800E-015 ) ) ;
#4030 = DIRECTION ( 'NONE',  ( -1.000000000000000000, 0.0000000000000000000, -2.949029909160570900E-015 ) ) ;
#4031 = ADVANCED_FACE ( 'NONE', ( #4746 ), #3336, .F. ) ;
#4032 = ORIENTED_EDGE ( 'NONE', *, *, #3641, .T. ) ;
#4033 = ORIENTED_EDGE ( 'NONE', *, *, #4800, .F. ) ;
#4034 = CARTESIAN_POINT ( 'NONE',  ( 2.374999999999988500, 16.00000000000000000, -4.499999999999975100 ) ) ;
#4035 = LINE ( 'NONE', #2079, #1307 ) ;
#4036 = VECTOR ( 'NONE', #4609, 1000.000000000000000 ) ;
#4037 = CARTESIAN_POINT ( 'NONE',  ( 35.31370849898473800, -2.150000000000020300, -2.499999999999889900 ) ) ;
#4039 = ORIENTED_EDGE ( 'NONE', *, *, #384, .F. ) ;
#4038 = DIRECTION ( 'NONE',  ( 1.000000000000000000, -0.0000000000000000000, 8.360113137237629900E-017 ) ) ;
#4040 = CARTESIAN_POINT ( 'NONE',  ( 2.374999999999993800, 9.431891231902769200, -30.56810876809721100 ) ) ;
#4041 = AXIS2_PLACEMENT_3D ( 'NONE', #4142, #4741, #7721 ) ;
#4042 = DIRECTION ( 'NONE',  ( 1.000000000000000000, 0.0000000000000000000, 0.0000000000000000000 ) ) ;
#4043 = ORIENTED_EDGE ( 'NONE', *, *, #4413, .T. ) ;
#4044 = LINE ( 'NONE', #6854, #3096 ) ;
#4045 = LINE ( 'NONE', #1588, #2153 ) ;
#4046 = DIRECTION ( 'NONE',  ( 1.000000000000000000, 0.0000000000000000000, 0.0000000000000000000 ) ) ;
#4047 = ORIENTED_EDGE ( 'NONE', *, *, #2227, .T. ) ;
#4048 = EDGE_LOOP ( 'NONE', ( #6457, #1733, #833, #6430 ) ) ;
#4049 = CARTESIAN_POINT ( 'NONE',  ( 2.374999999999995100, 16.00000000000000000, -23.99999999999996800 ) ) ;
#4050 = CIRCLE ( 'NONE', #578, 2.150000000000019900 ) ;
#4051 = DIRECTION ( 'NONE',  ( 2.914001035115545500E-015, -0.0000000000000000000, -1.000000000000000000 ) ) ;
#4052 = EDGE_CURVE ( 'NONE', #6839, #4958, #5211, .T. ) ;
#4053 = FACE_OUTER_BOUND ( 'NONE', #6396, .T. ) ;
#4054 = EDGE_LOOP ( 'NONE', ( #5891, #575, #526, #3883 ) ) ;
#4055 = ORIENTED_EDGE ( 'NONE', *, *, #3330, .F. ) ;
#4056 = DIRECTION ( 'NONE',  ( 1.000000000000000000, -0.0000000000000000000, 8.360113137237629900E-017 ) ) ;
#4057 = VECTOR ( 'NONE', #6822, 1000.000000000000000 ) ;
#4058 = DIRECTION ( 'NONE',  ( 8.360113137237629900E-017, 5.055354680658670800E-015, -1.000000000000000000 ) ) ;
#4059 = AXIS2_PLACEMENT_3D ( 'NONE', #5920, #2340, #1714 ) ;
#4060 = ORIENTED_EDGE ( 'NONE', *, *, #5846, .T. ) ;
#4061 = DIRECTION ( 'NONE',  ( 1.000000000000000000, 0.0000000000000000000, 0.0000000000000000000 ) ) ;
#4062 = CARTESIAN_POINT ( 'NONE',  ( 30.56810876809721100, 9.431891231902769200, 2.042636892962690400E-013 ) ) ;
#4063 = DIRECTION ( 'NONE',  ( 1.000000000000000000, -0.0000000000000000000, 8.360113137237629900E-017 ) ) ;
#4064 = VECTOR ( 'NONE', #7017, 1000.000000000000100 ) ;
#4065 = DIRECTION ( 'NONE',  ( 0.0000000000000000000, 0.0000000000000000000, -1.000000000000000000 ) ) ;
#4066 = ADVANCED_FACE ( 'NONE', ( #4372 ), #2387, .F. ) ;
#4067 = EDGE_CURVE ( 'NONE', #779, #3912, #2574, .T. ) ;
#4068 = ORIENTED_EDGE ( 'NONE', *, *, #641, .F. ) ;
#4069 = CARTESIAN_POINT ( 'NONE',  ( 21.97499999999996900, -11.99999999999999300, -2.374999999999907200 ) ) ;
#4070 = DIRECTION ( 'NONE',  ( 1.084202172485505100E-017, 0.0000000000000000000, 1.000000000000000000 ) ) ;
#4071 = LINE ( 'NONE', #857, #6469 ) ;
#4072 = FACE_OUTER_BOUND ( 'NONE', #2653, .T. ) ;
#4073 = CARTESIAN_POINT ( 'NONE',  ( -1.734723475976807100E-015, -9.431891231902753200, -30.56810876809718600 ) ) ;
#4074 = AXIS2_PLACEMENT_3D ( 'NONE', #2580, #6742, #177 ) ;
#4075 = DIRECTION ( 'NONE',  ( 0.0000000000000000000, 0.0000000000000000000, 1.000000000000000000 ) ) ;
#4076 = ORIENTED_EDGE ( 'NONE', *, *, #2643, .F. ) ;
#4077 = CARTESIAN_POINT ( 'NONE',  ( 2.374999999999988500, 11.31370849898476100, -23.99999999999996400 ) ) ;
#4078 = ORIENTED_EDGE ( 'NONE', *, *, #1932, .T. ) ;
#4079 = CARTESIAN_POINT ( 'NONE',  ( 15.99999999999997700, -8.000000000000000000, -2.499999999999943600 ) ) ;
#4080 = CARTESIAN_POINT ( 'NONE',  ( 33.52027957955098700, 6.479720420448997800, 9.885230704352030500E-014 ) ) ;
#4081 = LINE ( 'NONE', #4796, #7387 ) ;
#4082 = EDGE_LOOP ( 'NONE', ( #2377, #6718, #1914, #7565, #4663 ) ) ;
#4083 = CARTESIAN_POINT ( 'NONE',  ( 26.02499999999997000, 11.99999999999999300, -0.1249999999998050300 ) ) ;
#4084 = AXIS2_PLACEMENT_3D ( 'NONE', #3050, #6046, #665 ) ;
#4085 = CARTESIAN_POINT ( 'NONE',  ( 2.375000000000009300, -2.025000000000002600, -12.68629150101520300 ) ) ;
#4086 = CARTESIAN_POINT ( 'NONE',  ( 10.56810876809711700, -10.56810876809719000, -0.1249999999998463700 ) ) ;
#4087 = LINE ( 'NONE', #403, #133 ) ;
#4088 = CARTESIAN_POINT ( 'NONE',  ( 2.499999999999996000, -11.31370849898476100, -26.14999999999997700 ) ) ;
#4089 = ORIENTED_EDGE ( 'NONE', *, *, #2874, .F. ) ;
#4090 = DIRECTION ( 'NONE',  ( 2.914001035115545500E-015, -0.0000000000000000000, -1.000000000000000000 ) ) ;
#4091 = EDGE_CURVE ( 'NONE', #705, #2582, #7039, .T. ) ;
#4092 = DIRECTION ( 'NONE',  ( 0.7071067811865816600, 0.4999999999999749100, 0.4999999999999770200 ) ) ;
#4093 = AXIS2_PLACEMENT_3D ( 'NONE', #1083, #2782, #6523 ) ;
#4094 = CYLINDRICAL_SURFACE ( 'NONE', #4233, 2.024999999999999000 ) ;
#4095 = CARTESIAN_POINT ( 'NONE',  ( 14.47972042044902000, 6.479720420449074100, 4.270112859618729200E-014 ) ) ;
#4096 = ORIENTED_EDGE ( 'NONE', *, *, #6727, .F. ) ;
#4097 = ORIENTED_EDGE ( 'NONE', *, *, #5389, .F. ) ;
#4098 = EDGE_LOOP ( 'NONE', ( #5223, #3457, #3271, #3102 ) ) ;
#4099 = VECTOR ( 'NONE', #299, 1000.000000000000000 ) ;
#4100 = ORIENTED_EDGE ( 'NONE', *, *, #5827, .T. ) ;
#4101 = AXIS2_PLACEMENT_3D ( 'NONE', #5723, #3980, #1595 ) ;
#4102 = DIRECTION ( 'NONE',  ( -1.000000000000000000, -1.263838670164661400E-015, -2.775557561562893700E-015 ) ) ;
#4103 = CARTESIAN_POINT ( 'NONE',  ( -2.168404344971008900E-015, -11.99999999999999300, -23.99999999999996100 ) ) ;
#4104 = ADVANCED_FACE ( 'NONE', ( #139 ), #338, .F. ) ;
#4105 = DIRECTION ( 'NONE',  ( 1.000000000000000000, -0.0000000000000000000, -1.084202172485505400E-017 ) ) ;
#4106 = ORIENTED_EDGE ( 'NONE', *, *, #5100, .T. ) ;
#4107 = LINE ( 'NONE', #1877, #920 ) ;
#4108 = EDGE_LOOP ( 'NONE', ( #5650, #249, #4060, #7591 ) ) ;
#4109 = DIRECTION ( 'NONE',  ( -0.7071067811865512400, 0.0000000000000000000, 0.7071067811865439100 ) ) ;
#4110 = ORIENTED_EDGE ( 'NONE', *, *, #2569, .F. ) ;
#4111 = CARTESIAN_POINT ( 'NONE',  ( 4.499999999999976900, 16.00000000000000000, 1.431146867680865900E-014 ) ) ;
#4112 = EDGE_CURVE ( 'NONE', #2498, #2766, #524, .T. ) ;
#4113 = CARTESIAN_POINT ( 'NONE',  ( 33.43189123190275300, 6.568108768097236100, -2.374999999999870300 ) ) ;
#4114 = EDGE_CURVE ( 'NONE', #1640, #4011, #5383, .T. ) ;
#4115 = CARTESIAN_POINT ( 'NONE',  ( -1.897805435131251600E-031, 2.149999999999983500, -1.750416558178058100E-014 ) ) ;
#4116 = PERSON_AND_ORGANIZATION ( #963, #4302 ) ;
#4117 = CARTESIAN_POINT ( 'NONE',  ( 13.48971862576141200, -8.485281374238560700, 1.493568990038152800E-013 ) ) ;
#4118 = PLANE ( 'NONE',  #7329 ) ;
#4119 = VECTOR ( 'NONE', #6330, 1000.000000000000100 ) ;
#4120 = EDGE_LOOP ( 'NONE', ( #4335, #1825, #3408, #4995 ) ) ;
#4121 = DIRECTION ( 'NONE',  ( -1.000000000000000000, -0.0000000000000000000, -0.0000000000000000000 ) ) ;
#4122 = ORIENTED_EDGE ( 'NONE', *, *, #924, .F. ) ;
#4123 = CARTESIAN_POINT ( 'NONE',  ( 2.374999999999988500, 11.31370849898476100, -21.97499999999996600 ) ) ;
#4124 = FACE_OUTER_BOUND ( 'NONE', #6720, .T. ) ;
#4125 = CARTESIAN_POINT ( 'NONE',  ( 2.374999999999982200, -7.999999999999992900, -31.99999999999994700 ) ) ;
#4126 = CARTESIAN_POINT ( 'NONE',  ( 2.374999999999988900, -16.00000000000000000, 6.179952383167351600E-016 ) ) ;
#4127 = VECTOR ( 'NONE', #3526, 1000.000000000000000 ) ;
#4128 = EDGE_LOOP ( 'NONE', ( #4330, #5640, #3093, #7693 ) ) ;
#4129 = EDGE_LOOP ( 'NONE', ( #1516, #587, #6221, #2694 ) ) ;
#4130 = FACE_OUTER_BOUND ( 'NONE', #2471, .T. ) ;
#4131 = DIRECTION ( 'NONE',  ( 1.000000000000000000, -0.0000000000000000000, 8.360113137237629900E-017 ) ) ;
#4132 = VECTOR ( 'NONE', #1948, 1000.000000000000100 ) ;
#4133 = ORIENTED_EDGE ( 'NONE', *, *, #1702, .F. ) ;
#4134 = DIRECTION ( 'NONE',  ( -0.0000000000000000000, -0.0000000000000000000, -1.000000000000000000 ) ) ;
#4135 = ORIENTED_EDGE ( 'NONE', *, *, #5695, .F. ) ;
#4136 = EDGE_CURVE ( 'NONE', #965, #7704, #2196, .T. ) ;
#4137 = LINE ( 'NONE', #1906, #7083 ) ;
#4138 = EDGE_CURVE ( 'NONE', #4179, #2644, #4830, .T. ) ;
#4139 = CYLINDRICAL_SURFACE ( 'NONE', #7715, 2.024999999999991900 ) ;
#4140 = CARTESIAN_POINT ( 'NONE',  ( 2.375000000000009300, 2.025000000000002600, -12.68629150101520300 ) ) ;
#4141 = EDGE_LOOP ( 'NONE', ( #2398, #6409, #7617, #6166, #2332 ) ) ;
#4142 = CARTESIAN_POINT ( 'NONE',  ( -1.375450480618508400E-016, -2.735438768656219200E-015, -12.68629150101520300 ) ) ;
#4143 = ORIENTED_EDGE ( 'NONE', *, *, #4886, .T. ) ;
#4144 = ADVANCED_FACE ( 'NONE', ( #3617 ), #5007, .F. ) ;
#4145 = CARTESIAN_POINT ( 'NONE',  ( 15.51471862576141100, -8.485281374238560700, -2.374999999999940500 ) ) ;
#4146 = FACE_OUTER_BOUND ( 'NONE', #947, .T. ) ;
#4147 = CARTESIAN_POINT ( 'NONE',  ( -3.828719947311910000E-016, 2.150000000000030100, -35.31370849898473100 ) ) ;
#4148 = ORIENTED_EDGE ( 'NONE', *, *, #5302, .F. ) ;
#4149 = EDGE_CURVE ( 'NONE', #2066, #7004, #6312, .T. ) ;
#4150 = CARTESIAN_POINT ( 'NONE',  ( 2.499999999999996900, 9.520279579551102600, -30.47972042044887800 ) ) ;
#4151 = AXIS2_PLACEMENT_3D ( 'NONE', #4368, #5521, #1402 ) ;
#4152 = LINE ( 'NONE', #5171, #870 ) ;
#4153 = ORIENTED_EDGE ( 'NONE', *, *, #7110, .F. ) ;
#4154 = DIRECTION ( 'NONE',  ( 8.360113137237629900E-017, 0.0000000000000000000, -1.000000000000000000 ) ) ;
#4155 = EDGE_CURVE ( 'NONE', #6825, #4387, #3424, .T. ) ;
#4156 = CARTESIAN_POINT ( 'NONE',  ( 0.1249999999999998300, -16.00000000000000000, -23.99999999999996800 ) ) ;
#4157 = AXIS2_PLACEMENT_3D ( 'NONE', #4293, #6030, #2465 ) ;
#4158 = LINE ( 'NONE', #7140, #1241 ) ;
#4159 = DIRECTION ( 'NONE',  ( -0.0000000000000000000, -1.000000000000000000, 0.0000000000000000000 ) ) ;
#4160 = CONICAL_SURFACE ( 'NONE', #4101, 2.024999999999953700, 0.7853981633974795900 ) ;
#4161 = EDGE_CURVE ( 'NONE', #1553, #6395, #1913, .T. ) ;
#4162 = ORIENTED_EDGE ( 'NONE', *, *, #3058, .T. ) ;
#4163 = CARTESIAN_POINT ( 'NONE',  ( -2.553651204254388200E-015, 2.024999999999955900, 1.049507702965968300E-013 ) ) ;
#4164 = CARTESIAN_POINT ( 'NONE',  ( -1.301042606982604600E-016, 5.469317744930408200E-015, -11.99999999999997500 ) ) ;
#4165 = CARTESIAN_POINT ( 'NONE',  ( -2.602085213965209700E-016, 0.0000000000000000000, -23.99999999999996800 ) ) ;
#4166 = LINE ( 'NONE', #171, #6019 ) ;
#4167 = LINE ( 'NONE', #3225, #7379 ) ;
#4168 = FACE_BOUND ( 'NONE', #1247, .T. ) ;
#4169 = ORIENTED_EDGE ( 'NONE', *, *, #4688, .F. ) ;
#4170 = ORIENTED_EDGE ( 'NONE', *, *, #7212, .T. ) ;
#4171 = DIRECTION ( 'NONE',  ( 2.914001035115545500E-015, -0.0000000000000000000, -1.000000000000000000 ) ) ;
#4172 = CARTESIAN_POINT ( 'NONE',  ( -2.688518267007450900E-017, 18.47972042044896300, -2.479720420448976400 ) ) ;
#4173 = DIRECTION ( 'NONE',  ( 1.000000000000000000, -1.263838670164661400E-015, 2.949029909160574800E-015 ) ) ;
#4174 = AXIS2_PLACEMENT_3D ( 'NONE', #1929, #715, #4900 ) ;
#4175 = CARTESIAN_POINT ( 'NONE',  ( 31.12499999999990100, 0.0000000000000000000, 9.181023996607249000E-014 ) ) ;
#4176 = CARTESIAN_POINT ( 'NONE',  ( -3.300154660924551800E-015, -2.735438768656219200E-015, -14.71129150101520700 ) ) ;
#4177 = LINE ( 'NONE', #2807, #2952 ) ;
#4178 = VERTEX_POINT ( 'NONE', #3258 ) ;
#4179 = VERTEX_POINT ( 'NONE', #132 ) ;
#4180 = CARTESIAN_POINT ( 'NONE',  ( 23.99999999999996800, 0.0000000000000000000, 7.077671781985370400E-014 ) ) ;
#4181 = ADVANCED_FACE ( 'NONE', ( #1819 ), #1420, .T. ) ;
#4182 = DIRECTION ( 'NONE',  ( -0.4999999999999928900, 0.4999999999999953900, 0.7071067811865559000 ) ) ;
#4183 = ORIENTED_EDGE ( 'NONE', *, *, #5873, .T. ) ;
#4184 = VECTOR ( 'NONE', #4981, 999.9999999999998900 ) ;
#4185 = ORIENTED_EDGE ( 'NONE', *, *, #4216, .T. ) ;
#4186 = CARTESIAN_POINT ( 'NONE',  ( 0.1249999999999998300, -11.31370849898476100, -23.99999999999996800 ) ) ;
#4187 = AXIS2_PLACEMENT_3D ( 'NONE', #3515, #4722, #1056 ) ;
#4188 = CARTESIAN_POINT ( 'NONE',  ( -1.301042606982604600E-016, 5.469317744930408200E-015, -11.99999999999997500 ) ) ;
#4189 = DIRECTION ( 'NONE',  ( 1.000000000000000000, -0.0000000000000000000, -1.084202172485505400E-017 ) ) ;
#4190 = ORIENTED_EDGE ( 'NONE', *, *, #1184, .F. ) ;
#4191 = ADVANCED_FACE ( 'NONE', ( #1559 ), #7415, .T. ) ;
#4192 = DIRECTION ( 'NONE',  ( 5.055354680658670800E-015, -1.000000000000000000, 1.490839215467732600E-029 ) ) ;
#4193 = LINE ( 'NONE', #407, #6042 ) ;
#4194 = ORIENTED_EDGE ( 'NONE', *, *, #7598, .F. ) ;
#4195 = ORIENTED_EDGE ( 'NONE', *, *, #2088, .F. ) ;
#4196 = CARTESIAN_POINT ( 'NONE',  ( -1.565431184947744300E-015, 8.485281374238566000, -34.51028137423854500 ) ) ;
#4197 = EDGE_CURVE ( 'NONE', #3344, #906, #1179, .T. ) ;
#4198 = AXIS2_PLACEMENT_3D ( 'NONE', #2408, #1211, #3628 ) ;
#4199 = ORIENTED_EDGE ( 'NONE', *, *, #3088, .T. ) ;
#4200 = FACE_OUTER_BOUND ( 'NONE', #3720, .T. ) ;
#4201 = ORIENTED_EDGE ( 'NONE', *, *, #6999, .F. ) ;
#4202 = DIRECTION ( 'NONE',  ( -1.000000000000000000, 0.0000000000000000000, -2.914001035115550200E-015 ) ) ;
#4203 = DIRECTION ( 'NONE',  ( 0.0000000000000000000, 0.0000000000000000000, 1.000000000000000000 ) ) ;
#4204 = EDGE_CURVE ( 'NONE', #1086, #2198, #2005, .T. ) ;
#4205 = CALENDAR_DATE ( 2022, 8, 4 ) ;
#4206 = AXIS2_PLACEMENT_3D ( 'NONE', #1268, #622, #1195 ) ;
#4207 = FACE_OUTER_BOUND ( 'NONE', #4455, .T. ) ;
#4208 = CARTESIAN_POINT ( 'NONE',  ( 35.31370849898473100, -2.149999999999888400, 1.041411825668839500E-013 ) ) ;
#4209 = ORIENTED_EDGE ( 'NONE', *, *, #1513, .T. ) ;
#4210 = DIRECTION ( 'NONE',  ( 1.000000000000000000, -0.0000000000000000000, 8.360113137237629900E-017 ) ) ;
#4211 = ORIENTED_EDGE ( 'NONE', *, *, #630, .F. ) ;
#4212 = DIRECTION ( 'NONE',  ( -1.000000000000000000, 0.0000000000000000000, -2.823968449264621000E-015 ) ) ;
#4213 = CYLINDRICAL_SURFACE ( 'NONE', #2038, 2.024999999999957300 ) ;
#4214 = DIRECTION ( 'NONE',  ( -1.000000000000000000, 0.0000000000000000000, -2.949029909160574000E-015 ) ) ;
#4215 = ORIENTED_EDGE ( 'NONE', *, *, #2784, .F. ) ;
#4216 = EDGE_CURVE ( 'NONE', #5055, #3141, #3151, .T. ) ;
#4217 = DIRECTION ( 'NONE',  ( -0.7071067811865439100, -0.7071067811865512400, 0.0000000000000000000 ) ) ;
#4218 = DIRECTION ( 'NONE',  ( -0.7071067811865450200, 0.7071067811865500200, 0.0000000000000000000 ) ) ;
#4219 = ORIENTED_EDGE ( 'NONE', *, *, #3041, .F. ) ;
#4220 = FACE_OUTER_BOUND ( 'NONE', #6678, .T. ) ;
#4221 = ADVANCED_FACE ( 'NONE', ( #6401 ), #904, .F. ) ;
#4222 = LINE ( 'NONE', #6234, #5604 ) ;
#4223 = ORIENTED_EDGE ( 'NONE', *, *, #884, .T. ) ;
#4224 = EDGE_CURVE ( 'NONE', #7586, #1890, #2107, .T. ) ;
#4225 = ORIENTED_EDGE ( 'NONE', *, *, #3543, .F. ) ;
#4226 = DIRECTION ( 'NONE',  ( 0.0000000000000000000, 0.0000000000000000000, 1.000000000000000000 ) ) ;
#4227 = VECTOR ( 'NONE', #160, 1000.000000000000000 ) ;
#4228 = CARTESIAN_POINT ( 'NONE',  ( 2.499999999999990700, 15.87499999999999300, -4.499999999999975100 ) ) ;
#4229 = DIRECTION ( 'NONE',  ( -2.017120320903264900E-016, 0.0000000000000000000, 1.000000000000000000 ) ) ;
#4230 = CIRCLE ( 'NONE', #4568, 2.024999999999999000 ) ;
#4231 = ADVANCED_FACE ( 'NONE', ( #5479 ), #6129, .T. ) ;
#4232 = ORIENTED_EDGE ( 'NONE', *, *, #6964, .T. ) ;
#4233 = AXIS2_PLACEMENT_3D ( 'NONE', #7091, #4757, #4154 ) ;
#4234 = ORIENTED_EDGE ( 'NONE', *, *, #996, .T. ) ;
#4235 = CARTESIAN_POINT ( 'NONE',  ( 21.85000000000008700, -11.31370849898476100, 6.443630351515882800E-014 ) ) ;
#4236 = LINE ( 'NONE', #3954, #478 ) ;
#4237 = DIRECTION ( 'NONE',  ( -0.7071067811865506800, -0.7071067811865443500, -1.962615573354729200E-015 ) ) ;
#4238 = CIRCLE ( 'NONE', #4157, 2.024999999999990100 ) ;
#4239 = ORIENTED_EDGE ( 'NONE', *, *, #2378, .F. ) ;
#4240 = ORIENTED_EDGE ( 'NONE', *, *, #4849, .F. ) ;
#4241 = DIRECTION ( 'NONE',  ( 2.914001035115545500E-015, -0.0000000000000000000, -1.000000000000000000 ) ) ;
#4242 = EDGE_CURVE ( 'NONE', #4522, #5699, #2961, .T. ) ;
#4243 = DIRECTION ( 'NONE',  ( -0.7071067811865451300, 0.7071067811865500200, -2.060509892314813800E-015 ) ) ;
#4244 = FACE_BOUND ( 'NONE', #6142, .T. ) ;
#4245 = CARTESIAN_POINT ( 'NONE',  ( 32.48528137423854600, 8.485281374238566000, -2.499999999999897900 ) ) ;
#4246 = ORIENTED_EDGE ( 'NONE', *, *, #7282, .T. ) ;
#4247 = EDGE_CURVE ( 'NONE', #4493, #6303, #7495, .T. ) ;
#4248 = CIRCLE ( 'NONE', #4206, 2.149999999999905300 ) ;
#4249 = CARTESIAN_POINT ( 'NONE',  ( 0.1250000000000034400, -2.735438768656219200E-015, -12.68629150101520300 ) ) ;
#4250 = VERTEX_POINT ( 'NONE', #2726 ) ;
#4251 = LINE ( 'NONE', #5208, #2642 ) ;
#4252 = DIRECTION ( 'NONE',  ( 1.000000000000000000, 0.0000000000000000000, 0.0000000000000000000 ) ) ;
#4253 = APPROVAL ( #6226, 'UNSPECIFIED' ) ;
#4254 = EDGE_LOOP ( 'NONE', ( #3754, #5275, #6366, #7274 ) ) ;
#4255 = LINE ( 'NONE', #4344, #687 ) ;
#4256 = CARTESIAN_POINT ( 'NONE',  ( -2.168404344971008900E-015, 0.0000000000000000000, -23.99999999999996800 ) ) ;
#4257 = VECTOR ( 'NONE', #4567, 1000.000000000000000 ) ;
#4258 = ADVANCED_FACE ( 'NONE', ( #7303 ), #2118, .F. ) ;
#4259 = LINE ( 'NONE', #7398, #1441 ) ;
#4260 = VERTEX_POINT ( 'NONE', #5595 ) ;
#4261 = ORIENTED_EDGE ( 'NONE', *, *, #5168, .F. ) ;
#4262 = EDGE_CURVE ( 'NONE', #7317, #3134, #5764, .T. ) ;
#4263 = ORIENTED_EDGE ( 'NONE', *, *, #2801, .F. ) ;
#4264 = EDGE_CURVE ( 'NONE', #7139, #5954, #5757, .T. ) ;
#4265 = CARTESIAN_POINT ( 'NONE',  ( 30.47972042044897000, 9.520279579551010200, 8.988560714275634400E-014 ) ) ;
#4266 = AXIS2_PLACEMENT_3D ( 'NONE', #1123, #1719, #6512 ) ;
#4267 = EDGE_CURVE ( 'NONE', #4363, #2058, #3517, .T. ) ;
#4268 = VECTOR ( 'NONE', #5410, 1000.000000000000000 ) ;
#4269 = CARTESIAN_POINT ( 'NONE',  ( 26.14999999999984900, 11.31370849898476100, 7.711713212454858100E-014 ) ) ;
#4270 = DIRECTION ( 'NONE',  ( 1.000000000000000000, 0.0000000000000000000, 0.0000000000000000000 ) ) ;
#4271 = ORIENTED_EDGE ( 'NONE', *, *, #832, .F. ) ;
#4272 = ORIENTED_EDGE ( 'NONE', *, *, #3704, .T. ) ;
#4273 = ADVANCED_FACE ( 'NONE', ( #5847 ), #5030, .T. ) ;
#4274 = DIRECTION ( 'NONE',  ( 1.000000000000000000, -0.0000000000000000000, 8.360113137237629900E-017 ) ) ;
#4275 = LINE ( 'NONE', #2194, #5665 ) ;
#4276 = DIRECTION ( 'NONE',  ( -1.084202172485505400E-017, 0.0000000000000000000, -1.000000000000000000 ) ) ;
#4277 = ORIENTED_EDGE ( 'NONE', *, *, #6279, .T. ) ;
#4278 = AXIS2_PLACEMENT_3D ( 'NONE', #5394, #4828, #3020 ) ;
#4279 = DIRECTION ( 'NONE',  ( 0.0000000000000000000, 0.0000000000000000000, 1.000000000000000000 ) ) ;
#4280 = CONICAL_SURFACE ( 'NONE', #1951, 2.150000000000040800, 0.7853981633974552700 ) ;
#4281 = ORIENTED_EDGE ( 'NONE', *, *, #2874, .T. ) ;
#4282 = CARTESIAN_POINT ( 'NONE',  ( -1.682109163955186400E-016, 8.485281374238567800, -15.51471862576140700 ) ) ;
#4283 = DIRECTION ( 'NONE',  ( -2.017120320903317000E-016, 0.0000000000000000000, 1.000000000000000000 ) ) ;
#4284 = EDGE_CURVE ( 'NONE', #3875, #5871, #7296, .T. ) ;
#4285 = CARTESIAN_POINT ( 'NONE',  ( 0.1249999999999998300, 11.31370849898476100, -26.02499999999996300 ) ) ;
#4286 = VERTEX_POINT ( 'NONE', #451 ) ;
#4287 = LINE ( 'NONE', #3965, #7138 ) ;
#4288 = ORIENTED_EDGE ( 'NONE', *, *, #6751, .F. ) ;
#4289 = CARTESIAN_POINT ( 'NONE',  ( 2.374999999999981800, -8.485281374238571300, -34.51028137423853800 ) ) ;
#4290 = CARTESIAN_POINT ( 'NONE',  ( 0.1249999999999921500, 8.000000000000035500, -15.99999999999997900 ) ) ;
#4291 = CARTESIAN_POINT ( 'NONE',  ( 21.97499999999996200, 11.99999999999999300, 1.765081136806401200E-013 ) ) ;
#4292 = DIRECTION ( 'NONE',  ( 0.0000000000000000000, 0.0000000000000000000, 1.000000000000000000 ) ) ;
#4293 = CARTESIAN_POINT ( 'NONE',  ( 15.99999999999997000, -8.000000000000000000, -0.1249999999998404600 ) ) ;
#4294 = ORIENTED_EDGE ( 'NONE', *, *, #2088, .T. ) ;
#4295 = LINE ( 'NONE', #3383, #1664 ) ;
#4296 = EDGE_LOOP ( 'NONE', ( #3861, #3312, #1583, #1717 ) ) ;
#4297 = ADVANCED_FACE ( 'NONE', ( #1171 ), #5761, .F. ) ;
#4298 = EDGE_CURVE ( 'NONE', #3783, #7489, #4087, .T. ) ;
#4299 = ORIENTED_EDGE ( 'NONE', *, *, #4668, .F. ) ;
#4300 = AXIS2_PLACEMENT_3D ( 'NONE', #3403, #5161, #6895 ) ;
#4301 = DIRECTION ( 'NONE',  ( 0.0000000000000000000, 1.000000000000000000, -0.0000000000000000000 ) ) ;
#4302 = ORGANIZATION ( 'UNSPECIFIED', 'UNSPECIFIED', '' ) ;
#4303 = CARTESIAN_POINT ( 'NONE',  ( -3.035766082959412400E-015, -13.43189123190272700, -13.43189123190277600 ) ) ;
#4304 = DIRECTION ( 'NONE',  ( -1.084202172485505400E-017, 0.0000000000000000000, -1.000000000000000000 ) ) ;
#4305 = LINE ( 'NONE', #5815, #7514 ) ;
#4306 = DIRECTION ( 'NONE',  ( -1.000000000000000000, -0.0000000000000000000, -0.0000000000000000000 ) ) ;
#4307 = ORIENTED_EDGE ( 'NONE', *, *, #1924, .T. ) ;
#4308 = EDGE_CURVE ( 'NONE', #6666, #3955, #2761, .T. ) ;
#4309 = ADVANCED_FACE ( 'NONE', ( #1085 ), #5471, .F. ) ;
#4310 = VERTEX_POINT ( 'NONE', #7003 ) ;
#4311 = CONICAL_SURFACE ( 'NONE', #123, 2.150000000000006100, 0.7853981633974482800 ) ;
#4312 = AXIS2_PLACEMENT_3D ( 'NONE', #135, #795, #3733 ) ;
#4313 = VECTOR ( 'NONE', #1620, 1000.000000000000000 ) ;
#4314 = ORIENTED_EDGE ( 'NONE', *, *, #3191, .T. ) ;
#4315 = ORIENTED_EDGE ( 'NONE', *, *, #6975, .F. ) ;
#4316 = CONICAL_SURFACE ( 'NONE', #6958, 2.150000000000002600, 0.7853981633974482800 ) ;
#4317 = DIRECTION ( 'NONE',  ( -0.7071067811865424700, 0.7071067811865526800, -1.962615573354707100E-015 ) ) ;
#4318 = CARTESIAN_POINT ( 'NONE',  ( -2.602085213965210100E-016, 11.99999999999999300, -23.99999999999997500 ) ) ;
#4319 = EDGE_CURVE ( 'NONE', #3021, #3678, #4275, .T. ) ;
#4320 = VECTOR ( 'NONE', #4276, 1000.000000000000000 ) ;
#4321 = DIRECTION ( 'NONE',  ( -1.000000000000000000, 6.853228547068846700E-015, 0.0000000000000000000 ) ) ;
#4322 = EDGE_LOOP ( 'NONE', ( #397, #5714, #773, #3686 ) ) ;
#4323 = CARTESIAN_POINT ( 'NONE',  ( 2.374999999999982200, -8.485281374238571300, -32.48528137423853200 ) ) ;
#4324 = ORIENTED_EDGE ( 'NONE', *, *, #1399, .T. ) ;
#4325 = CIRCLE ( 'NONE', #3388, 7.124999999999992900 ) ;
#4326 = CIRCLE ( 'NONE', #6668, 2.149999999999881300 ) ;
#4327 = EDGE_CURVE ( 'NONE', #4286, #788, #4177, .T. ) ;
#4328 = VERTEX_POINT ( 'NONE', #2752 ) ;
#4329 = DIRECTION ( 'NONE',  ( -1.000000000000000000, -1.263838670164661400E-015, -2.775557561562893700E-015 ) ) ;
#4330 = ORIENTED_EDGE ( 'NONE', *, *, #1702, .T. ) ;
#4331 = DIRECTION ( 'NONE',  ( -2.602085213965212600E-016, 1.263838670164661400E-015, 1.000000000000000000 ) ) ;
#4332 = LINE ( 'NONE', #2534, #2631 ) ;
#4333 = AXIS2_PLACEMENT_3D ( 'NONE', #5070, #910, #3872 ) ;
#4334 = ADVANCED_FACE ( 'NONE', ( #2667 ), #1903, .F. ) ;
#4335 = ORIENTED_EDGE ( 'NONE', *, *, #5889, .F. ) ;
#4336 = DIRECTION ( 'NONE',  ( -2.775557561562893700E-015, -0.0000000000000000000, 1.000000000000000000 ) ) ;
#4337 = CONICAL_SURFACE ( 'NONE', #180, 16.00000000000000400, 0.7853981633974760300 ) ;
#4338 = DIRECTION ( 'NONE',  ( 0.0000000000000000000, -0.7071067811865526800, -0.7071067811865423500 ) ) ;
#4339 = CARTESIAN_POINT ( 'NONE',  ( 2.374999999999988500, -11.99999999999999300, -23.99999999999996100 ) ) ;
#4340 = ORIENTED_EDGE ( 'NONE', *, *, #3053, .T. ) ;
#4341 = EDGE_CURVE ( 'NONE', #5317, #4286, #1265, .T. ) ;
#4342 = ADVANCED_FACE ( 'NONE', ( #5290 ), #2469, .F. ) ;
#4343 = AXIS2_PLACEMENT_3D ( 'NONE', #1475, #3968, #5762 ) ;
#4344 = CARTESIAN_POINT ( 'NONE',  ( 21.97499999999996600, 11.31370849898476100, 1.765081136806401200E-013 ) ) ;
#4345 = VECTOR ( 'NONE', #760, 1000.000000000000100 ) ;
#4346 = LINE ( 'NONE', #5327, #5736 ) ;
#4347 = CARTESIAN_POINT ( 'NONE',  ( 33.43189123190273900, 6.568108768097242300, -0.1249999999997819400 ) ) ;
#4348 = ORIENTED_EDGE ( 'NONE', *, *, #1377, .T. ) ;
#4349 = FACE_OUTER_BOUND ( 'NONE', #6754, .T. ) ;
#4350 = VERTEX_POINT ( 'NONE', #3461 ) ;
#4351 = CARTESIAN_POINT ( 'NONE',  ( 11.99999999999997500, 5.469317744930408200E-015, -0.1249999999998640400 ) ) ;
#4352 = CARTESIAN_POINT ( 'NONE',  ( -1.899552518270269000E-016, -9.520279579551090200, -17.52027957955105500 ) ) ;
#4353 = DIRECTION ( 'NONE',  ( 0.7071067811865506800, 0.7071067811865443500, 2.085279046689399700E-015 ) ) ;
#4354 = AXIS2_PLACEMENT_3D ( 'NONE', #1651, #5730, #1159 ) ;
#4355 = FACE_OUTER_BOUND ( 'NONE', #3851, .T. ) ;
#4356 = FACE_BOUND ( 'NONE', #6638, .T. ) ;
#4357 = ORIENTED_EDGE ( 'NONE', *, *, #5522, .T. ) ;
#4358 = EDGE_LOOP ( 'NONE', ( #6625, #3107, #2496, #3748 ) ) ;
#4359 = DIRECTION ( 'NONE',  ( -1.000000000000000000, -1.263838670164661400E-015, -2.949029909160574800E-015 ) ) ;
#4360 = EDGE_CURVE ( 'NONE', #6311, #6230, #4462, .T. ) ;
#4361 = LINE ( 'NONE', #2473, #3331 ) ;
#4362 = EDGE_CURVE ( 'NONE', #2355, #5787, #988, .T. ) ;
#4363 = VERTEX_POINT ( 'NONE', #5833 ) ;
#4364 = ORIENTED_EDGE ( 'NONE', *, *, #269, .T. ) ;
#4365 = CARTESIAN_POINT ( 'NONE',  ( 21.97499999999990900, 1.110914191074738400E-013, 1.765081136806401200E-013 ) ) ;
#4366 = DIRECTION ( 'NONE',  ( -1.000000000000000000, 0.0000000000000000000, -2.949029909160574000E-015 ) ) ;
#4367 = CARTESIAN_POINT ( 'NONE',  ( 2.375000000000007100, 2.025000000000001700, -35.99999999999996400 ) ) ;
#4368 = CARTESIAN_POINT ( 'NONE',  ( 15.51471862576141100, -8.485281374238560700, -2.499999999999944900 ) ) ;
#4369 = CARTESIAN_POINT ( 'NONE',  ( -3.686890306268697100E-016, -6.965001794687491800, -34.00556095378961200 ) ) ;
#4370 = DIRECTION ( 'NONE',  ( 2.914001035115545500E-015, -0.0000000000000000000, -1.000000000000000000 ) ) ;
#4371 = ORIENTED_EDGE ( 'NONE', *, *, #6510, .F. ) ;
#4372 = FACE_OUTER_BOUND ( 'NONE', #5135, .T. ) ;
#4373 = ORIENTED_EDGE ( 'NONE', *, *, #4504, .F. ) ;
#4374 = CARTESIAN_POINT ( 'NONE',  ( 38.14999999999985600, -6.938893903907228400E-015, 1.125076594388207700E-013 ) ) ;
#4375 = DIRECTION ( 'NONE',  ( 2.914001035115545500E-015, -0.0000000000000000000, -1.000000000000000000 ) ) ;
#4376 = ORIENTED_EDGE ( 'NONE', *, *, #4987, .T. ) ;
#4377 = VECTOR ( 'NONE', #2945, 1000.000000000000000 ) ;
#4378 = CARTESIAN_POINT ( 'NONE',  ( 2.499999999999998200, 1.349909078679433100E-015, -35.31370849898473100 ) ) ;
#4379 = ORIENTED_EDGE ( 'NONE', *, *, #1718, .T. ) ;
#4380 = ORIENTED_EDGE ( 'NONE', *, *, #7645, .T. ) ;
#4381 = AXIS2_PLACEMENT_3D ( 'NONE', #4806, #1829, #7184 ) ;
#4382 = CARTESIAN_POINT ( 'NONE',  ( 10.56810876809717400, -10.56810876809727000, -0.1249999999998559900 ) ) ;
#4383 = ADVANCED_FACE ( 'NONE', ( #792 ), #5936, .F. ) ;
#4384 = VERTEX_POINT ( 'NONE', #6520 ) ;
#4385 = LINE ( 'NONE', #766, #6507 ) ;
#4386 = CARTESIAN_POINT ( 'NONE',  ( 2.499999999999992900, -6.479720420448931200, -14.47972042044889600 ) ) ;
#4387 = VERTEX_POINT ( 'NONE', #5360 ) ;
#4388 = EDGE_CURVE ( 'NONE', #2690, #5686, #2858, .T. ) ;
#4389 = CARTESIAN_POINT ( 'NONE',  ( 2.374999999999988000, 1.110914191074738400E-013, -21.97499999999990900 ) ) ;
#4390 = AXIS2_PLACEMENT_3D ( 'NONE', #5702, #1414, #4513 ) ;
#4391 = VECTOR ( 'NONE', #2972, 1000.000000000000000 ) ;
#4392 = CARTESIAN_POINT ( 'NONE',  ( 15.51471862576140700, 8.485281374238567800, 4.575336925958104200E-014 ) ) ;
#4393 = ORIENTED_EDGE ( 'NONE', *, *, #3155, .T. ) ;
#4394 = DIRECTION ( 'NONE',  ( 1.000000000000000000, -0.0000000000000000000, 8.360113137237629900E-017 ) ) ;
#4395 = CARTESIAN_POINT ( 'NONE',  ( 4.499999999999984900, 16.00000000000000000, -2.499999999999975100 ) ) ;
#4396 = VERTEX_POINT ( 'NONE', #2277 ) ;
#4397 = VECTOR ( 'NONE', #3834, 1000.000000000000000 ) ;
#4398 = EDGE_CURVE ( 'NONE', #2365, #5768, #2382, .T. ) ;
#4399 = LINE ( 'NONE', #328, #2026 ) ;
#4400 = CARTESIAN_POINT ( 'NONE',  ( 30.47972042044894900, -9.520279579550990700, 8.988560714275628100E-014 ) ) ;
#4401 = VERTEX_POINT ( 'NONE', #1677 ) ;
#4402 = ORIENTED_EDGE ( 'NONE', *, *, #3210, .T. ) ;
#4403 = PLANE ( 'NONE',  #6967 ) ;
#4404 = VECTOR ( 'NONE', #3149, 1000.000000000000100 ) ;
#4405 = LINE ( 'NONE', #1596, #270 ) ;
#4406 = ORIENTED_EDGE ( 'NONE', *, *, #732, .F. ) ;
#4407 = EDGE_CURVE ( 'NONE', #3209, #5836, #6307, .T. ) ;
#4408 = ORIENTED_EDGE ( 'NONE', *, *, #1352, .F. ) ;
#4409 = AXIS2_PLACEMENT_3D ( 'NONE', #7521, #507, #4030 ) ;
#4410 = CARTESIAN_POINT ( 'NONE',  ( 2.374999999999988900, 11.99999999999999300, -26.02499999999996700 ) ) ;
#4411 = FACE_OUTER_BOUND ( 'NONE', #5678, .T. ) ;
#4412 = CARTESIAN_POINT ( 'NONE',  ( 33.43189123190274600, 6.568108768097236100, -0.1249999999997819400 ) ) ;
#4413 = EDGE_CURVE ( 'NONE', #1480, #4387, #3990, .T. ) ;
#4414 = LINE ( 'NONE', #6356, #7454 ) ;
#4415 = ORIENTED_EDGE ( 'NONE', *, *, #584, .F. ) ;
#4416 = ORIENTED_EDGE ( 'NONE', *, *, #3609, .F. ) ;
#4417 = PLANE ( 'NONE',  #5536 ) ;
#4418 = LINE ( 'NONE', #4083, #5066 ) ;
#4419 = CARTESIAN_POINT ( 'NONE',  ( 30.56810876809718600, -9.431891231902751500, -0.1249999999997850300 ) ) ;
#4420 = ADVANCED_FACE ( 'NONE', ( #7394 ), #6448, .F. ) ;
#4421 = LINE ( 'NONE', #5953, #4880 ) ;
#4422 = DIRECTION ( 'NONE',  ( -1.084202172485505400E-017, -6.319193350823370000E-016, -1.000000000000000000 ) ) ;
#4423 = VERTEX_POINT ( 'NONE', #5861 ) ;
#4424 = AXIS2_PLACEMENT_3D ( 'NONE', #6504, #7090, #5 ) ;
#4425 = ORIENTED_EDGE ( 'NONE', *, *, #3295, .F. ) ;
#4426 = CARTESIAN_POINT ( 'NONE',  ( -3.469446951953611700E-016, -7.999999999999992900, -31.99999999999994700 ) ) ;
#4427 = LINE ( 'NONE', #5558, #104 ) ;
#4428 = CARTESIAN_POINT ( 'NONE',  ( -3.236343484869227800E-016, -7.999999999999992900, -29.84999999999994800 ) ) ;
#4429 = DIRECTION ( 'NONE',  ( 0.0000000000000000000, -0.7071067811865695600, 0.7071067811865254800 ) ) ;
#4430 = ORIENTED_EDGE ( 'NONE', *, *, #1779, .T. ) ;
#4431 = CARTESIAN_POINT ( 'NONE',  ( -8.307862430129874900E-016, 0.0000000000000000000, -39.99999999999997900 ) ) ;
#4432 = VECTOR ( 'NONE', #4008, 1000.000000000000000 ) ;
#4434 = ORIENTED_EDGE ( 'NONE', *, *, #732, .T. ) ;
#4433 = DIRECTION ( 'NONE',  ( 0.7071067811865474600, -0.7071067811865474600, 0.0000000000000000000 ) ) ;
#4435 = CIRCLE ( 'NONE', #4652, 2.150000000000002600 ) ;
#4436 = ORIENTED_EDGE ( 'NONE', *, *, #5009, .T. ) ;
#4437 = DIRECTION ( 'NONE',  ( 1.000000000000000000, 0.0000000000000000000, 0.0000000000000000000 ) ) ;
#4438 = LINE ( 'NONE', #4196, #2646 ) ;
#4439 = LINE ( 'NONE', #7350, #4821 ) ;
#4440 = PLANE ( 'NONE',  #4533 ) ;
#4441 = DIRECTION ( 'NONE',  ( -1.839952100020058600E-016, -0.7071067811865443500, 0.7071067811865506800 ) ) ;
#4442 = EDGE_CURVE ( 'NONE', #5768, #5871, #513, .T. ) ;
#4443 = FACE_OUTER_BOUND ( 'NONE', #975, .T. ) ;
#4444 = CARTESIAN_POINT ( 'NONE',  ( 2.375000000000014200, 8.000000000000035500, -15.99999999999997900 ) ) ;
#4445 = PLANE ( 'NONE',  #5215 ) ;
#4446 = EDGE_LOOP ( 'NONE', ( #1827, #3487, #598, #4544 ) ) ;
#4447 = ORIENTED_EDGE ( 'NONE', *, *, #40, .T. ) ;
#4448 = AXIS2_PLACEMENT_3D ( 'NONE', #5922, #3474, #2314 ) ;
#4449 = ORIENTED_EDGE ( 'NONE', *, *, #7603, .T. ) ;
#4450 = CARTESIAN_POINT ( 'NONE',  ( 1.243507893416336300E-031, -2.149999999999999000, 1.146933593174441600E-014 ) ) ;
#4451 = DIRECTION ( 'NONE',  ( 1.839952100020037600E-016, -0.7071067811865526800, -0.7071067811865424700 ) ) ;
#4452 = ADVANCED_FACE ( 'NONE', ( #896 ), #6850, .F. ) ;
#4453 = CONICAL_SURFACE ( 'NONE', #5371, 2.150000000000019900, 0.7853981633974309600 ) ;
#4454 = DIRECTION ( 'NONE',  ( 0.0000000000000000000, 0.0000000000000000000, 1.000000000000000000 ) ) ;
#4455 = EDGE_LOOP ( 'NONE', ( #3578, #799, #6427, #7471 ) ) ;
#4456 = ORIENTED_EDGE ( 'NONE', *, *, #1500, .F. ) ;
#4457 = EDGE_CURVE ( 'NONE', #6667, #1653, #6218, .T. ) ;
#4458 = CARTESIAN_POINT ( 'NONE',  ( 2.374999999999988900, -11.31370849898476100, -26.02499999999996700 ) ) ;
#4459 = AXIS2_PLACEMENT_3D ( 'NONE', #695, #1324, #3763 ) ;
#4460 = DIRECTION ( 'NONE',  ( 2.914001035115545500E-015, -0.0000000000000000000, -1.000000000000000000 ) ) ;
#4461 = ADVANCED_FACE ( 'NONE', ( #3052 ), #3144, .F. ) ;
#4462 = LINE ( 'NONE', #4049, #2564 ) ;
#4463 = EDGE_LOOP ( 'NONE', ( #2880, #6671, #3486, #793 ) ) ;
#4464 = ORIENTED_EDGE ( 'NONE', *, *, #4785, .F. ) ;
#4465 = CARTESIAN_POINT ( 'NONE',  ( 16.99999999999997200, 0.0000000000000000000, -0.1249999999998421400 ) ) ;
#4466 = CARTESIAN_POINT ( 'NONE',  ( 33.52027957955103700, -6.479720420448890300, -2.499999999999894800 ) ) ;
#4467 = EDGE_CURVE ( 'NONE', #5915, #5206, #4736, .T. ) ;
#4468 = EDGE_CURVE ( 'NONE', #3875, #5384, #703, .T. ) ;
#4469 = DIRECTION ( 'NONE',  ( -0.5000000000000026600, 0.5000000000000026600, 0.7071067811865438000 ) ) ;
#4470 = ORIENTED_EDGE ( 'NONE', *, *, #5285, .T. ) ;
#4471 = CIRCLE ( 'NONE', #4777, 2.149999999999999000 ) ;
#4472 = ORIENTED_EDGE ( 'NONE', *, *, #4149, .T. ) ;
#4473 = ORIENTED_EDGE ( 'NONE', *, *, #1295, .F. ) ;
#4474 = CARTESIAN_POINT ( 'NONE',  ( -2.602085213965209200E-016, -11.99999999999999300, -23.99999999999996100 ) ) ;
#4475 = AXIS2_PLACEMENT_3D ( 'NONE', #4444, #3792, #1378 ) ;
#4476 = DIRECTION ( 'NONE',  ( 1.000000000000000000, -6.319193350823370000E-016, 2.775557561562893700E-015 ) ) ;
#4477 = CARTESIAN_POINT ( 'NONE',  ( 33.28870849898473200, 1.349909078679433100E-015, -2.374999999999872100 ) ) ;
#4478 = ORIENTED_EDGE ( 'NONE', *, *, #3429, .F. ) ;
#4479 = CARTESIAN_POINT ( 'NONE',  ( 0.1250000000000262000, -6.938893903907228400E-015, -35.99999999999996400 ) ) ;
#4480 = DIRECTION ( 'NONE',  ( 0.7071067811865444600, -3.574675575996915000E-015, -0.7071067811865505700 ) ) ;
#4481 = CARTESIAN_POINT ( 'NONE',  ( 23.99999999999997500, -16.00000000000000000, -2.374999999999921000 ) ) ;
#4482 = CARTESIAN_POINT ( 'NONE',  ( -2.168404344971008900E-015, 0.0000000000000000000, -23.99999999999996800 ) ) ;
#4483 = AXIS2_PLACEMENT_3D ( 'NONE', #4021, #2781, #6933 ) ;
#4484 = DIRECTION ( 'NONE',  ( -0.7071067811865500200, 0.7071067811865450200, -2.085279046689398100E-015 ) ) ;
#4485 = LINE ( 'NONE', #4386, #5134 ) ;
#4486 = ORIENTED_EDGE ( 'NONE', *, *, #6345, .F. ) ;
#4487 = EDGE_LOOP ( 'NONE', ( #4406, #6919, #3738, #4135 ) ) ;
#4488 = LINE ( 'NONE', #3789, #733 ) ;
#4489 = CARTESIAN_POINT ( 'NONE',  ( 11.99999999999998200, 2.150000000000039000, -2.499999999999954700 ) ) ;
#4490 = CONICAL_SURFACE ( 'NONE', #2090, 6.999999999999999100, 0.7853981633974518300 ) ;
#4491 = DIRECTION ( 'NONE',  ( 0.0000000000000000000, 0.0000000000000000000, 1.000000000000000000 ) ) ;
#4492 = EDGE_CURVE ( 'NONE', #1398, #2105, #331, .T. ) ;
#4493 = VERTEX_POINT ( 'NONE', #4147 ) ;
#4494 = CARTESIAN_POINT ( 'NONE',  ( 33.52027957955093700, -6.479720420448991500, 9.885230704352016600E-014 ) ) ;
#4495 = AXIS2_PLACEMENT_3D ( 'NONE', #1803, #1, #2967 ) ;
#4496 = ORIENTED_EDGE ( 'NONE', *, *, #375, .T. ) ;
#4497 = FACE_OUTER_BOUND ( 'NONE', #5356, .T. ) ;
#4498 = CARTESIAN_POINT ( 'NONE',  ( 17.03499820531239500, -10.00556095378955100, 5.023671920996296600E-014 ) ) ;
#4499 = DIRECTION ( 'NONE',  ( -1.000000000000000000, 0.0000000000000000000, -2.602085213965212600E-016 ) ) ;
#4500 = CIRCLE ( 'NONE', #2704, 2.025000000000009200 ) ;
#4501 = CARTESIAN_POINT ( 'NONE',  ( 2.374999999999993800, -8.000000000000000000, -15.99999999999997000 ) ) ;
#4502 = ADVANCED_FACE ( 'NONE', ( #6660 ), #7677, .T. ) ;
#4503 = EDGE_LOOP ( 'NONE', ( #2516, #6026, #3876, #3030 ) ) ;
#4504 = EDGE_CURVE ( 'NONE', #1297, #6089, #5108, .T. ) ;
#4505 = VERTEX_POINT ( 'NONE', #23 ) ;
#4506 = DIRECTION ( 'NONE',  ( 0.0000000000000000000, 0.0000000000000000000, 1.000000000000000000 ) ) ;
#4507 = CIRCLE ( 'NONE', #4300, 2.025000000000006100 ) ;
#4508 = AXIS2_PLACEMENT_3D ( 'NONE', #463, #5232, #4583 ) ;
#4509 = FACE_OUTER_BOUND ( 'NONE', #2164, .T. ) ;
#4510 = DIRECTION ( 'NONE',  ( -1.000000000000000000, 0.0000000000000000000, -2.602085213965212600E-016 ) ) ;
#4512 = ORIENTED_EDGE ( 'NONE', *, *, #2476, .F. ) ;
#4511 = DIRECTION ( 'NONE',  ( -1.000000000000000000, 0.0000000000000000000, -2.949029909160574800E-015 ) ) ;
#4513 = DIRECTION ( 'NONE',  ( 1.084202172485505400E-017, 0.0000000000000000000, 1.000000000000000000 ) ) ;
#4514 = ORIENTED_EDGE ( 'NONE', *, *, #5632, .T. ) ;
#4515 = PLANE ( 'NONE',  #2310 ) ;
#4516 = CIRCLE ( 'NONE', #4745, 15.87500000000000000 ) ;
#4517 = EDGE_CURVE ( 'NONE', #6353, #5719, #7679, .T. ) ;
#4518 = LINE ( 'NONE', #4080, #1037 ) ;
#4519 = EDGE_CURVE ( 'NONE', #6825, #5213, #6036, .T. ) ;
#4520 = AXIS2_PLACEMENT_3D ( 'NONE', #3973, #937, #6280 ) ;
#4521 = DIRECTION ( 'NONE',  ( 0.7071067811865500200, 0.7071067811865451300, 8.860024269158005300E-016 ) ) ;
#4522 = VERTEX_POINT ( 'NONE', #6062 ) ;
#4523 = VERTEX_POINT ( 'NONE', #657 ) ;
#4524 = DIRECTION ( 'NONE',  ( 0.0000000000000000000, 1.263838670164661400E-015, -1.000000000000000000 ) ) ;
#4525 = CARTESIAN_POINT ( 'NONE',  ( 34.00556095378953400, -6.965001794687578900, 1.002834163305083400E-013 ) ) ;
#4526 = VECTOR ( 'NONE', #4537, 1000.000000000000000 ) ;
#4527 = CARTESIAN_POINT ( 'NONE',  ( -2.602085213965209200E-016, 11.31370849898476100, -23.99999999999996400 ) ) ;
#4528 = APPROVAL_ROLE ( '' ) ;
#4529 = ORIENTED_EDGE ( 'NONE', *, *, #3508, .F. ) ;
#4530 = CARTESIAN_POINT ( 'NONE',  ( 2.374999999999995600, 7.053390142335797600, -33.91717260614130000 ) ) ;
#4531 = DIRECTION ( 'NONE',  ( -1.000000000000000000, 0.0000000000000000000, -2.949029909160575200E-015 ) ) ;
#4532 = FACE_OUTER_BOUND ( 'NONE', #2325, .T. ) ;
#4533 = AXIS2_PLACEMENT_3D ( 'NONE', #878, #7420, #5689 ) ;
#4534 = ORIENTED_EDGE ( 'NONE', *, *, #42, .T. ) ;
#4535 = DIRECTION ( 'NONE',  ( 8.360113137237634800E-017, 0.0000000000000000000, -1.000000000000000000 ) ) ;
#4536 = CARTESIAN_POINT ( 'NONE',  ( -3.469446951953613200E-016, 8.000000000000007100, -31.99999999999997200 ) ) ;
#4537 = DIRECTION ( 'NONE',  ( -1.084202172485505400E-017, -1.263838670164661400E-015, -1.000000000000000000 ) ) ;
#4538 = CIRCLE ( 'NONE', #7046, 2.125000000000001300 ) ;
#4539 = CARTESIAN_POINT ( 'NONE',  ( 23.99999999999996800, 0.0000000000000000000, -0.1249999999999293300 ) ) ;
#4540 = VECTOR ( 'NONE', #4451, 1000.000000000000000 ) ;
#4541 = DIRECTION ( 'NONE',  ( 0.0000000000000000000, 0.0000000000000000000, -1.000000000000000000 ) ) ;
#4542 = FACE_OUTER_BOUND ( 'NONE', #7081, .T. ) ;
#4543 = ADVANCED_FACE ( 'NONE', ( #4917 ), #5463, .T. ) ;
#4544 = ORIENTED_EDGE ( 'NONE', *, *, #6956, .F. ) ;
#4545 = EDGE_CURVE ( 'NONE', #3346, #1681, #4557, .T. ) ;
#4546 = DIRECTION ( 'NONE',  ( 0.7071067811865279200, -0.7071067811865672200, 0.0000000000000000000 ) ) ;
#4547 = AXIS2_PLACEMENT_3D ( 'NONE', #4012, #6951, #7558 ) ;
#4548 = DIRECTION ( 'NONE',  ( -0.4999999999999967200, 0.4999999999999968400, -0.7071067811865521200 ) ) ;
#4549 = VECTOR ( 'NONE', #1872, 1000.000000000000000 ) ;
#4550 = FACE_BOUND ( 'NONE', #7123, .T. ) ;
#4551 = EDGE_LOOP ( 'NONE', ( #1180, #4232, #4364, #6111 ) ) ;
#4552 = CARTESIAN_POINT ( 'NONE',  ( 2.499999999999995100, 0.0000000000000000000, -23.99999999999996800 ) ) ;
#4553 = EDGE_CURVE ( 'NONE', #3124, #4505, #4361, .T. ) ;
#4554 = PLANE ( 'NONE',  #958 ) ;
#4555 = DIRECTION ( 'NONE',  ( 2.949029909160574800E-015, 0.0000000000000000000, -1.000000000000000000 ) ) ;
#4556 = AXIS2_PLACEMENT_3D ( 'NONE', #2477, #1339, #5511 ) ;
#4557 = LINE ( 'NONE', #3066, #1732 ) ;
#4558 = VERTEX_POINT ( 'NONE', #6636 ) ;
#4559 = ORIENTED_EDGE ( 'NONE', *, *, #7548, .T. ) ;
#4560 = DIRECTION ( 'NONE',  ( 1.000000000000000000, -0.0000000000000000000, -0.0000000000000000000 ) ) ;
#4561 = ORIENTED_EDGE ( 'NONE', *, *, #6574, .F. ) ;
#4562 = FACE_OUTER_BOUND ( 'NONE', #3441, .T. ) ;
#4563 = CARTESIAN_POINT ( 'NONE',  ( 0.1249999999999998300, 16.00000000000000000, -23.99999999999996800 ) ) ;
#4564 = EDGE_CURVE ( 'NONE', #2330, #5686, #1551, .T. ) ;
#4565 = ORIENTED_EDGE ( 'NONE', *, *, #4594, .T. ) ;
#4566 = EDGE_LOOP ( 'NONE', ( #2108, #7199, #7148, #7411 ) ) ;
#4567 = DIRECTION ( 'NONE',  ( 0.0000000000000000000, 0.7071067811865328100, 0.7071067811865622300 ) ) ;
#4568 = AXIS2_PLACEMENT_3D ( 'NONE', #195, #7340, #855 ) ;
#4569 = CARTESIAN_POINT ( 'NONE',  ( 35.31370849898473800, -2.025000000000000800, -2.374999999999872100 ) ) ;
#4570 = EDGE_CURVE ( 'NONE', #5142, #5907, #508, .T. ) ;
#4571 = EDGE_LOOP ( 'NONE', ( #7422, #2445, #6733, #6359 ) ) ;
#4572 = CYLINDRICAL_SURFACE ( 'NONE', #6745, 2.025000000000002600 ) ;
#4573 = ORIENTED_EDGE ( 'NONE', *, *, #3962, .F. ) ;
#4574 = ORIENTED_EDGE ( 'NONE', *, *, #2696, .T. ) ;
#4575 = FACE_OUTER_BOUND ( 'NONE', #1738, .T. ) ;
#4576 = VERTEX_POINT ( 'NONE', #5385 ) ;
#4577 = AXIS2_PLACEMENT_3D ( 'NONE', #7230, #6141, #3177 ) ;
#4578 = DIRECTION ( 'NONE',  ( -0.7071067811865341400, 0.5000000000000060000, -0.5000000000000132100 ) ) ;
#4579 = ADVANCED_FACE ( 'NONE', ( #5008 ), #4845, .T. ) ;
#4580 = CARTESIAN_POINT ( 'NONE',  ( 2.499999999999995100, 0.0000000000000000000, -23.99999999999996800 ) ) ;
#4581 = VECTOR ( 'NONE', #586, 1000.000000000000100 ) ;
#4582 = ORIENTED_EDGE ( 'NONE', *, *, #1692, .T. ) ;
#4583 = DIRECTION ( 'NONE',  ( -1.000000000000000000, -1.713307136767223700E-015, 0.0000000000000000000 ) ) ;
#4584 = EDGE_LOOP ( 'NONE', ( #628, #3648, #4926, #3401 ) ) ;
#4585 = CARTESIAN_POINT ( 'NONE',  ( 33.91717260614130000, -7.053390142335814500, -2.374999999999870800 ) ) ;
#4586 = AXIS2_PLACEMENT_3D ( 'NONE', #5216, #5677, #6265 ) ;
#4587 = CARTESIAN_POINT ( 'NONE',  ( 29.97499999999995200, -7.999999999999992900, -2.374999999999875200 ) ) ;
#4588 = DIRECTION ( 'NONE',  ( 0.0000000000000000000, 0.0000000000000000000, 1.000000000000000000 ) ) ;
#4589 = LINE ( 'NONE', #1270, #6522 ) ;
#4590 = ORIENTED_EDGE ( 'NONE', *, *, #3439, .T. ) ;
#4591 = VERTEX_POINT ( 'NONE', #50 ) ;
#4592 = DIRECTION ( 'NONE',  ( 0.0000000000000000000, 0.0000000000000000000, 1.000000000000000000 ) ) ;
#4593 = LINE ( 'NONE', #611, #559 ) ;
#4594 = EDGE_CURVE ( 'NONE', #349, #7301, #6479, .T. ) ;
#4595 = FACE_OUTER_BOUND ( 'NONE', #1125, .T. ) ;
#4596 = DIRECTION ( 'NONE',  ( 1.000000000000000000, -0.0000000000000000000, 8.360113137237629900E-017 ) ) ;
#4597 = AXIS2_PLACEMENT_3D ( 'NONE', #1267, #7234, #7136 ) ;
#4598 = ORIENTED_EDGE ( 'NONE', *, *, #226, .F. ) ;
#4599 = ORIENTED_EDGE ( 'NONE', *, *, #791, .T. ) ;
#4600 = DIRECTION ( 'NONE',  ( 1.000000000000000000, 1.263838670164661400E-015, 2.775557561562893700E-015 ) ) ;
#4601 = VECTOR ( 'NONE', #817, 1000.000000000000100 ) ;
#4602 = VECTOR ( 'NONE', #222, 1000.000000000000000 ) ;
#4603 = EDGE_CURVE ( 'NONE', #4505, #7129, #4081, .T. ) ;
#4604 = ORIENTED_EDGE ( 'NONE', *, *, #1824, .F. ) ;
#4605 = DIRECTION ( 'NONE',  ( 0.7071067811865267000, 0.0000000000000000000, -0.7071067811865683300 ) ) ;
#4606 = ORIENTED_EDGE ( 'NONE', *, *, #1884, .T. ) ;
#4607 = FACE_OUTER_BOUND ( 'NONE', #3181, .T. ) ;
#4608 = FACE_OUTER_BOUND ( 'NONE', #5508, .T. ) ;
#4609 = DIRECTION ( 'NONE',  ( 0.7071067811865279200, -0.7071067811865672200, 0.0000000000000000000 ) ) ;
#4610 = CARTESIAN_POINT ( 'NONE',  ( 26.02499999999996700, -11.31370849898476100, 1.895185397504661800E-013 ) ) ;
#4611 = LINE ( 'NONE', #5609, #3390 ) ;
#4612 = CARTESIAN_POINT ( 'NONE',  ( 2.499999999999992900, 6.479720420448997800, -14.47972042044894200 ) ) ;
#4613 = VERTEX_POINT ( 'NONE', #5485 ) ;
#4614 = ORIENTED_EDGE ( 'NONE', *, *, #7397, .T. ) ;
#4615 = ADVANCED_FACE ( 'NONE', ( #1813 ), #5205, .F. ) ;
#4616 = EDGE_CURVE ( 'NONE', #3459, #7326, #3421, .T. ) ;
#4617 = EDGE_CURVE ( 'NONE', #124, #388, #227, .T. ) ;
#4618 = CARTESIAN_POINT ( 'NONE',  ( 26.02499999999996300, -11.99999999999999300, 1.895185397504661800E-013 ) ) ;
#4619 = LINE ( 'NONE', #3930, #7180 ) ;
#4621 = ORIENTED_EDGE ( 'NONE', *, *, #5507, .T. ) ;
#4620 = DIRECTION ( 'NONE',  ( -0.4999999999999874000, 0.4999999999999874000, -0.7071067811865654500 ) ) ;
#4622 = DIRECTION ( 'NONE',  ( -1.000000000000000000, 0.0000000000000000000, -2.914001035115550200E-015 ) ) ;
#4623 = EDGE_LOOP ( 'NONE', ( #6000, #3038, #4472, #4637 ) ) ;
#4624 = CARTESIAN_POINT ( 'NONE',  ( 18.14999999999985300, -8.000000000000000000, 5.352706125560931000E-014 ) ) ;
#4625 = LINE ( 'NONE', #4085, #777 ) ;
#4626 = DIRECTION ( 'NONE',  ( -1.000000000000000000, 1.713307136767211700E-015, 0.0000000000000000000 ) ) ;
#4627 = ORIENTED_EDGE ( 'NONE', *, *, #4161, .F. ) ;
#4628 = FACE_OUTER_BOUND ( 'NONE', #6791, .T. ) ;
#4629 = CIRCLE ( 'NONE', #3932, 2.150000000000006100 ) ;
#4630 = DIRECTION ( 'NONE',  ( 8.360113137237629900E-017, 0.0000000000000000000, -1.000000000000000000 ) ) ;
#4631 = AXIS2_PLACEMENT_3D ( 'NONE', #3436, #5196, #5733 ) ;
#4632 = LINE ( 'NONE', #7096, #690 ) ;
#4633 = VECTOR ( 'NONE', #1839, 1000.000000000000000 ) ;
#4634 = CARTESIAN_POINT ( 'NONE',  ( 2.374999999999989300, -13.43189123190277100, -13.43189123190284600 ) ) ;
#4635 = ORIENTED_EDGE ( 'NONE', *, *, #6658, .T. ) ;
#4636 = DIRECTION ( 'NONE',  ( 0.7071067811865641200, 3.574675575996815600E-015, 0.7071067811865310300 ) ) ;
#4637 = ORIENTED_EDGE ( 'NONE', *, *, #5791, .F. ) ;
#4638 = CARTESIAN_POINT ( 'NONE',  ( 35.99999999999996400, -6.938893903907228400E-015, 1.061650767297805800E-013 ) ) ;
#4639 = DIRECTION ( 'NONE',  ( 2.602085213965212600E-016, -1.263838670164661400E-015, -1.000000000000000000 ) ) ;
#4640 = CARTESIAN_POINT ( 'NONE',  ( 12.68629150101521000, -2.150000000000034600, -2.499999999999952900 ) ) ;
#4641 = CARTESIAN_POINT ( 'NONE',  ( 2.374999999999994200, 8.485281374238566000, -32.48528137423853900 ) ) ;
#4642 = EDGE_CURVE ( 'NONE', #6666, #6610, #7202, .T. ) ;
#4643 = FACE_OUTER_BOUND ( 'NONE', #362, .T. ) ;
#4644 = ORIENTED_EDGE ( 'NONE', *, *, #441, .F. ) ;
#4645 = DIRECTION ( 'NONE',  ( 2.914001035115545500E-015, -0.0000000000000000000, -1.000000000000000000 ) ) ;
#4646 = AXIS2_PLACEMENT_3D ( 'NONE', #2701, #2119, #2645 ) ;
#4647 = DIRECTION ( 'NONE',  ( 0.0000000000000000000, 0.0000000000000000000, -1.000000000000000000 ) ) ;
#4648 = DIRECTION ( 'NONE',  ( 2.914001035115545500E-015, -0.0000000000000000000, -1.000000000000000000 ) ) ;
#4649 = VECTOR ( 'NONE', #1135, 1000.000000000000200 ) ;
#4650 = ORIENTED_EDGE ( 'NONE', *, *, #4519, .T. ) ;
#4651 = EDGE_CURVE ( 'NONE', #5530, #5506, #1452, .T. ) ;
#4652 = AXIS2_PLACEMENT_3D ( 'NONE', #4660, #6362, #3402 ) ;
#4653 = PLANE ( 'NONE',  #1613 ) ;
#4654 = ADVANCED_FACE ( 'NONE', ( #322 ), #698, .F. ) ;
#4655 = VERTEX_POINT ( 'NONE', #552 ) ;
#4656 = CIRCLE ( 'NONE', #5963, 7.124999999999992900 ) ;
#4657 = ORIENTED_EDGE ( 'NONE', *, *, #2123, .F. ) ;
#4658 = EDGE_LOOP ( 'NONE', ( #6118, #1187, #4015, #3183 ) ) ;
#4659 = CARTESIAN_POINT ( 'NONE',  ( 13.48971862576141200, -8.485281374238560700, -0.1249999999998409700 ) ) ;
#4660 = CARTESIAN_POINT ( 'NONE',  ( 2.499999999999993300, -8.000000000000000000, -15.99999999999997000 ) ) ;
#4661 = EDGE_CURVE ( 'NONE', #5842, #7419, #3509, .T. ) ;
#4662 = CARTESIAN_POINT ( 'NONE',  ( 26.02499999999996700, -11.31370849898476100, -0.1249999999998050000 ) ) ;
#4663 = ORIENTED_EDGE ( 'NONE', *, *, #2937, .T. ) ;
#4664 = AXIS2_PLACEMENT_3D ( 'NONE', #5235, #4063, #2851 ) ;
#4665 = FACE_OUTER_BOUND ( 'NONE', #1525, .T. ) ;
#4666 = EDGE_LOOP ( 'NONE', ( #3684, #4898, #4271, #3550 ) ) ;
#4667 = PLANE ( 'NONE',  #312 ) ;
#4668 = EDGE_CURVE ( 'NONE', #5494, #1503, #4911, .T. ) ;
#4669 = DIRECTION ( 'NONE',  ( -0.7071067811865107100, 0.0000000000000000000, -0.7071067811865843200 ) ) ;
#4670 = DIRECTION ( 'NONE',  ( -0.0000000000000000000, -0.0000000000000000000, -1.000000000000000000 ) ) ;
#4671 = DIRECTION ( 'NONE',  ( 1.000000000000000000, -1.263838670164661400E-015, 2.775557561562893700E-015 ) ) ;
#4672 = LINE ( 'NONE', #3937, #69 ) ;
#4673 = EDGE_LOOP ( 'NONE', ( #5249, #5542, #7599, #668 ) ) ;
#4674 = DIRECTION ( 'NONE',  ( 8.360113137237631100E-017, 0.0000000000000000000, -1.000000000000000000 ) ) ;
#4675 = ORIENTED_EDGE ( 'NONE', *, *, #1604, .T. ) ;
#4676 = DIRECTION ( 'NONE',  ( 0.0000000000000000000, 0.0000000000000000000, -1.000000000000000000 ) ) ;
#4677 = AXIS2_PLACEMENT_3D ( 'NONE', #5994, #2405, #57 ) ;
#4678 = FACE_OUTER_BOUND ( 'NONE', #558, .T. ) ;
#4679 = CARTESIAN_POINT ( 'NONE',  ( 35.99999999999997200, -6.938893903907228400E-015, -2.499999999999888100 ) ) ;
#4680 = CARTESIAN_POINT ( 'NONE',  ( 21.97500000000003000, 1.110914191074744000E-013, -2.374999999999913000 ) ) ;
#4681 = ORIENTED_EDGE ( 'NONE', *, *, #5579, .T. ) ;
#4682 = ORIENTED_EDGE ( 'NONE', *, *, #3508, .T. ) ;
#4683 = DIRECTION ( 'NONE',  ( 1.000000000000000000, -5.055354680658670800E-015, 2.914001035115545500E-015 ) ) ;
#4684 = LINE ( 'NONE', #5426, #5970 ) ;
#4685 = CONICAL_SURFACE ( 'NONE', #1507, 2.025000000000002600, 0.7853981633974760300 ) ;
#4686 = CARTESIAN_POINT ( 'NONE',  ( 2.374999999999988900, 16.00000000000000000, 6.179952383167351600E-016 ) ) ;
#4687 = DIRECTION ( 'NONE',  ( -1.000000000000000000, -0.0000000000000000000, -0.0000000000000000000 ) ) ;
#4688 = EDGE_CURVE ( 'NONE', #6352, #1086, #3797, .T. ) ;
#4690 = VERTEX_POINT ( 'NONE', #6217 ) ;
#4689 = DIRECTION ( 'NONE',  ( 1.000000000000000000, -0.0000000000000000000, 8.360113137237629900E-017 ) ) ;
#4691 = DIRECTION ( 'NONE',  ( 0.0000000000000000000, 0.0000000000000000000, -1.000000000000000000 ) ) ;
#4692 = CARTESIAN_POINT ( 'NONE',  ( 2.375000000000007100, 0.0000000000000000000, -23.99999999999996800 ) ) ;
#4693 = ORIENTED_EDGE ( 'NONE', *, *, #1128, .F. ) ;
#4694 = DIRECTION ( 'NONE',  ( 1.000000000000000000, -0.0000000000000000000, -1.084202172485505400E-017 ) ) ;
#4695 = LINE ( 'NONE', #3417, #1498 ) ;
#4696 = ADVANCED_FACE ( 'NONE', ( #7672 ), #6653, .F. ) ;
#4697 = VECTOR ( 'NONE', #5789, 1000.000000000000000 ) ;
#4698 = DIRECTION ( 'NONE',  ( -0.0000000000000000000, -0.0000000000000000000, -1.000000000000000000 ) ) ;
#4699 = ORIENTED_EDGE ( 'NONE', *, *, #7109, .T. ) ;
#4700 = ORIENTED_EDGE ( 'NONE', *, *, #3451, .T. ) ;
#4701 = CARTESIAN_POINT ( 'NONE',  ( 5.520279579550971100, 21.52027957955100500, -2.499999999999972900 ) ) ;
#4702 = CIRCLE ( 'NONE', #7494, 2.149999999999896900 ) ;
#4703 = EDGE_CURVE ( 'NONE', #4179, #4178, #2463, .T. ) ;
#4704 = FACE_OUTER_BOUND ( 'NONE', #1070, .T. ) ;
#4705 = ORIENTED_EDGE ( 'NONE', *, *, #1057, .T. ) ;
#4706 = EDGE_CURVE ( 'NONE', #7489, #4958, #1724, .T. ) ;
#4707 = LINE ( 'NONE', #3199, #7002 ) ;
#4708 = AXIS2_PLACEMENT_3D ( 'NONE', #6557, #4883, #1810 ) ;
#4709 = ORIENTED_EDGE ( 'NONE', *, *, #1157, .T. ) ;
#4710 = CARTESIAN_POINT ( 'NONE',  ( -4.336808689942017700E-016, 15.87499999999999300, -4.499999999999974200 ) ) ;
#4711 = DIRECTION ( 'NONE',  ( 1.839952100020056900E-016, -0.7071067811865450200, -0.7071067811865500200 ) ) ;
#4712 = ORIENTED_EDGE ( 'NONE', *, *, #4138, .T. ) ;
#4713 = EDGE_LOOP ( 'NONE', ( #4183, #498, #6953, #6228 ) ) ;
#4714 = EDGE_CURVE ( 'NONE', #6492, #5142, #3231, .T. ) ;
#4715 = EDGE_LOOP ( 'NONE', ( #4464, #2938, #1078, #2195 ) ) ;
#4716 = CARTESIAN_POINT ( 'NONE',  ( -1.682109163955186400E-016, -8.485281374238560700, -15.51471862576140600 ) ) ;
#4717 = CARTESIAN_POINT ( 'NONE',  ( 23.99999999999998200, 11.99999999999999300, -2.499999999999921000 ) ) ;
#4718 = LINE ( 'NONE', #3172, #6736 ) ;
#4719 = DIRECTION ( 'NONE',  ( 1.000000000000000000, 0.0000000000000000000, 0.0000000000000000000 ) ) ;
#4720 = FACE_OUTER_BOUND ( 'NONE', #7268, .T. ) ;
#4721 = AXIS2_PLACEMENT_3D ( 'NONE', #6845, #1570, #4511 ) ;
#4722 = DIRECTION ( 'NONE',  ( -0.7071067811865500200, -0.7071067811865450200, -4.391679799161962100E-016 ) ) ;
#4723 = ORIENTED_EDGE ( 'NONE', *, *, #2439, .F. ) ;
#4724 = LINE ( 'NONE', #3091, #974 ) ;
#4725 = VERTEX_POINT ( 'NONE', #3202 ) ;
#4726 = EDGE_CURVE ( 'NONE', #5344, #6690, #128, .T. ) ;
#4727 = EDGE_CURVE ( 'NONE', #7301, #705, #1638, .T. ) ;
#4728 = VECTOR ( 'NONE', #3437, 1000.000000000000000 ) ;
#4729 = ADVANCED_FACE ( 'NONE', ( #4643 ), #4453, .F. ) ;
#4730 = VECTOR ( 'NONE', #7408, 1000.000000000000000 ) ;
#4731 = ORIENTED_EDGE ( 'NONE', *, *, #7492, .T. ) ;
#4732 = CARTESIAN_POINT ( 'NONE',  ( -2.602085213965210600E-015, 11.31370849898476100, -21.97499999999996600 ) ) ;
#4733 = AXIS2_PLACEMENT_3D ( 'NONE', #6794, #181, #2665 ) ;
#4734 = CARTESIAN_POINT ( 'NONE',  ( 33.91717260614130000, 7.053390142335797600, -0.1249999999997737800 ) ) ;
#4735 = DIRECTION ( 'NONE',  ( 1.084202172485505400E-017, 0.0000000000000000000, 1.000000000000000000 ) ) ;
#4736 = LINE ( 'NONE', #1776, #7033 ) ;
#4737 = DIRECTION ( 'NONE',  ( 1.000000000000000000, 0.0000000000000000000, 0.0000000000000000000 ) ) ;
#4738 = CARTESIAN_POINT ( 'NONE',  ( 2.499999999999998200, 2.150000000000002100, -35.31370849898473100 ) ) ;
#4739 = EDGE_LOOP ( 'NONE', ( #2428, #229, #2832, #2109, #5408 ) ) ;
#4740 = ORIENTED_EDGE ( 'NONE', *, *, #5657, .T. ) ;
#4741 = DIRECTION ( 'NONE',  ( -1.000000000000000000, -0.0000000000000000000, -0.0000000000000000000 ) ) ;
#4742 = EDGE_CURVE ( 'NONE', #3532, #4725, #888, .T. ) ;
#4743 = CARTESIAN_POINT ( 'NONE',  ( 2.499999999999992500, 2.149999999999993200, -11.99999999999997500 ) ) ;
#4744 = VERTEX_POINT ( 'NONE', #5052 ) ;
#4745 = AXIS2_PLACEMENT_3D ( 'NONE', #110, #37, #4906 ) ;
#4746 = FACE_OUTER_BOUND ( 'NONE', #2864, .T. ) ;
#4747 = CARTESIAN_POINT ( 'NONE',  ( 18.02499999999993800, 8.000000000000035500, -0.1249999999998298900 ) ) ;
#4748 = ORIENTED_EDGE ( 'NONE', *, *, #482, .F. ) ;
#4749 = VERTEX_POINT ( 'NONE', #3882 ) ;
#4750 = CARTESIAN_POINT ( 'NONE',  ( -2.835188681049593600E-016, 11.99999999999999300, -26.14999999999997000 ) ) ;
#4751 = DIRECTION ( 'NONE',  ( 2.914001035115545500E-015, -0.0000000000000000000, -1.000000000000000000 ) ) ;
#4752 = VERTEX_POINT ( 'NONE', #3277 ) ;
#4753 = EDGE_CURVE ( 'NONE', #705, #2320, #3325, .T. ) ;
#4754 = ORIENTED_EDGE ( 'NONE', *, *, #6628, .F. ) ;
#4755 = AXIS2_PLACEMENT_3D ( 'NONE', #5673, #7432, #835 ) ;
#4756 = DIRECTION ( 'NONE',  ( 1.000000000000000000, 0.0000000000000000000, 0.0000000000000000000 ) ) ;
#4757 = DIRECTION ( 'NONE',  ( 1.000000000000000000, -0.0000000000000000000, 8.360113137237629900E-017 ) ) ;
#4758 = DIRECTION ( 'NONE',  ( 5.055354680658670800E-015, -1.000000000000000000, 1.403142791028454100E-029 ) ) ;
#4759 = ORIENTED_EDGE ( 'NONE', *, *, #7221, .T. ) ;
#4760 = VECTOR ( 'NONE', #1285, 1000.000000000000000 ) ;
#4761 = ORIENTED_EDGE ( 'NONE', *, *, #1331, .T. ) ;
#4762 = CARTESIAN_POINT ( 'NONE',  ( 23.99999999999997500, 0.0000000000000000000, -2.374999999999897900 ) ) ;
#4763 = EDGE_CURVE ( 'NONE', #2288, #2154, #6029, .T. ) ;
#4764 = DIRECTION ( 'NONE',  ( 0.0000000000000000000, 0.0000000000000000000, 1.000000000000000000 ) ) ;
#4765 = DIRECTION ( 'NONE',  ( -2.775557561562893700E-015, -0.0000000000000000000, 1.000000000000000000 ) ) ;
#4766 = CIRCLE ( 'NONE', #1359, 2.150000000000023400 ) ;
#4767 = ORIENTED_EDGE ( 'NONE', *, *, #7453, .F. ) ;
#4768 = ADVANCED_FACE ( 'NONE', ( #5840 ), #6302, .F. ) ;
#4769 = EDGE_LOOP ( 'NONE', ( #6344, #7633, #5984, #1815 ) ) ;
#4770 = LINE ( 'NONE', #114, #3176 ) ;
#4771 = DIRECTION ( 'NONE',  ( 1.000000000000000000, 0.0000000000000000000, 0.0000000000000000000 ) ) ;
#4772 = LINE ( 'NONE', #4269, #6596 ) ;
#4773 = DIRECTION ( 'NONE',  ( -1.000000000000000000, 0.0000000000000000000, -2.914001035115552600E-015 ) ) ;
#4774 = ORIENTED_EDGE ( 'NONE', *, *, #2884, .T. ) ;
#4775 = EDGE_LOOP ( 'NONE', ( #1473, #1526, #5467, #11 ) ) ;
#4776 = CIRCLE ( 'NONE', #4495, 2.024999999999999000 ) ;
#4777 = AXIS2_PLACEMENT_3D ( 'NONE', #4527, #2037, #5630 ) ;
#4778 = FACE_BOUND ( 'NONE', #4141, .T. ) ;
#4779 = DIRECTION ( 'NONE',  ( -2.434699615406047700E-016, 0.0000000000000000000, 1.000000000000000000 ) ) ;
#4780 = VERTEX_POINT ( 'NONE', #372 ) ;
#4781 = DIRECTION ( 'NONE',  ( 1.000000000000000000, 0.0000000000000000000, 0.0000000000000000000 ) ) ;
#4782 = ORIENTED_EDGE ( 'NONE', *, *, #2342, .T. ) ;
#4783 = VECTOR ( 'NONE', #3313, 1000.000000000000100 ) ;
#4784 = DIRECTION ( 'NONE',  ( 0.0000000000000000000, -1.000000000000000000, -5.055354680658670800E-015 ) ) ;
#4785 = EDGE_CURVE ( 'NONE', #3783, #5088, #1545, .T. ) ;
#4786 = CONICAL_SURFACE ( 'NONE', #2950, 2.025000000000002600, 0.7853981633974277400 ) ;
#4787 = DIRECTION ( 'NONE',  ( -2.602085213965212600E-016, -6.319193350823370000E-016, 1.000000000000000000 ) ) ;
#4788 = DIRECTION ( 'NONE',  ( 1.000000000000000000, 0.0000000000000000000, 0.0000000000000000000 ) ) ;
#4789 = AXIS2_PLACEMENT_3D ( 'NONE', #6866, #2046, #4506 ) ;
#4790 = CARTESIAN_POINT ( 'NONE',  ( 0.1250000000000034400, 2.025000000000002100, -11.99999999999997500 ) ) ;
#4791 = EDGE_LOOP ( 'NONE', ( #3326, #3817, #2019, #1005 ) ) ;
#4792 = VERTEX_POINT ( 'NONE', #7466 ) ;
#4793 = LINE ( 'NONE', #1598, #5069 ) ;
#4794 = CONICAL_SURFACE ( 'NONE', #4789, 2.149999999999948800, 0.7853981633974431700 ) ;
#4795 = EDGE_CURVE ( 'NONE', #7241, #5912, #3045, .T. ) ;
#4797 = ORIENTED_EDGE ( 'NONE', *, *, #5997, .F. ) ;
#4796 = CARTESIAN_POINT ( 'NONE',  ( 31.05339014233577500, 9.917172606141326300, 2.055647319032516400E-013 ) ) ;
#4798 = DIRECTION ( 'NONE',  ( -0.0000000000000000000, -1.000000000000000000, 0.0000000000000000000 ) ) ;
#4799 = VERTEX_POINT ( 'NONE', #4569 ) ;
#4800 = EDGE_CURVE ( 'NONE', #3344, #1515, #3699, .T. ) ;
#4801 = VECTOR ( 'NONE', #4669, 1000.000000000000000 ) ;
#4802 = CARTESIAN_POINT ( 'NONE',  ( 34.51028137423853800, -8.485281374238571300, -0.1249999999997831300 ) ) ;
#4803 = EDGE_LOOP ( 'NONE', ( #5651, #3221, #3014, #720 ) ) ;
#4804 = ADVANCED_FACE ( 'NONE', ( #7026 ), #5466, .F. ) ;
#4805 = ORIENTED_EDGE ( 'NONE', *, *, #2487, .F. ) ;
#4806 = CARTESIAN_POINT ( 'NONE',  ( 15.51471862576140700, 8.485281374238567800, -0.1249999999998313600 ) ) ;
#4807 = EDGE_CURVE ( 'NONE', #3141, #7129, #5656, .T. ) ;
#4808 = CARTESIAN_POINT ( 'NONE',  ( 0.1250000000000001900, -8.485281374238571300, -34.51028137423853800 ) ) ;
#4809 = EDGE_CURVE ( 'NONE', #1404, #4250, #2658, .T. ) ;
#4810 = CIRCLE ( 'NONE', #7399, 2.024999999999990100 ) ;
#4811 = DIRECTION ( 'NONE',  ( 1.000000000000000000, -0.0000000000000000000, 8.360113137237629900E-017 ) ) ;
#4812 = FACE_OUTER_BOUND ( 'NONE', #588, .T. ) ;
#4813 = EDGE_CURVE ( 'NONE', #3908, #6983, #3139, .T. ) ;
#4814 = DIRECTION ( 'NONE',  ( 1.000000000000000000, 0.0000000000000000000, 0.0000000000000000000 ) ) ;
#4815 = ORIENTED_EDGE ( 'NONE', *, *, #1157, .F. ) ;
#4816 = CARTESIAN_POINT ( 'NONE',  ( 2.499999999999995100, 11.31370849898476100, -23.99999999999996400 ) ) ;
#4817 = ADVANCED_FACE ( 'NONE', ( #5102 ), #2744, .T. ) ;
#4818 = CARTESIAN_POINT ( 'NONE',  ( 31.99999999999995400, -7.999999999999992900, -2.374999999999875200 ) ) ;
#4819 = DIRECTION ( 'NONE',  ( 0.0000000000000000000, 0.0000000000000000000, 1.000000000000000000 ) ) ;
#4820 = LINE ( 'NONE', #4991, #5831 ) ;
#4821 = VECTOR ( 'NONE', #6216, 1000.000000000000000 ) ;
#4822 = LINE ( 'NONE', #6996, #5835 ) ;
#4823 = ORIENTED_EDGE ( 'NONE', *, *, #2664, .F. ) ;
#4824 = CARTESIAN_POINT ( 'NONE',  ( 0.1250000000000034400, 5.469317744930408200E-015, -11.99999999999997500 ) ) ;
#4825 = VECTOR ( 'NONE', #5025, 1000.000000000000000 ) ;
#4826 = EDGE_LOOP ( 'NONE', ( #425, #2974, #921, #200 ) ) ;
#4827 = EDGE_LOOP ( 'NONE', ( #4904, #6542, #2538, #4767 ) ) ;
#4828 = DIRECTION ( 'NONE',  ( -2.775557561562893700E-015, -0.0000000000000000000, 1.000000000000000000 ) ) ;
#4829 = CARTESIAN_POINT ( 'NONE',  ( 0.1249999999999937700, -9.431891231902753200, -30.56810876809718600 ) ) ;
#4830 = LINE ( 'NONE', #5567, #5015 ) ;
#4831 = ORIENTED_EDGE ( 'NONE', *, *, #6241, .T. ) ;
#4832 = EDGE_LOOP ( 'NONE', ( #1930, #5590, #6831, #3510, #1047, #802, #1614, #5003 ) ) ;
#4833 = AXIS2_PLACEMENT_3D ( 'NONE', #6181, #3294, #3899 ) ;
#4834 = DIRECTION ( 'NONE',  ( 2.949029909160574800E-015, 0.0000000000000000000, -1.000000000000000000 ) ) ;
#4835 = DIRECTION ( 'NONE',  ( -0.7071067811865500200, -0.7071067811865451300, 0.0000000000000000000 ) ) ;
#4836 = DIRECTION ( 'NONE',  ( 1.000000000000000000, -0.0000000000000000000, 8.360113137237629900E-017 ) ) ;
#4837 = FACE_OUTER_BOUND ( 'NONE', #700, .T. ) ;
#4838 = ORIENTED_EDGE ( 'NONE', *, *, #2227, .F. ) ;
#4839 = ORIENTED_EDGE ( 'NONE', *, *, #2747, .T. ) ;
#4840 = CARTESIAN_POINT ( 'NONE',  ( 15.51471862576140600, -8.485281374238560700, 1.552577510999242300E-013 ) ) ;
#4841 = ADVANCED_FACE ( 'NONE', ( #2094 ), #6752, .F. ) ;
#4842 = EDGE_CURVE ( 'NONE', #5787, #1191, #2287, .T. ) ;
#4843 = ORIENTED_EDGE ( 'NONE', *, *, #697, .F. ) ;
#4844 = LINE ( 'NONE', #3708, #1659 ) ;
#4845 = PLANE ( 'NONE',  #2161 ) ;
#4846 = VERTEX_POINT ( 'NONE', #5727 ) ;
#4847 = CARTESIAN_POINT ( 'NONE',  ( 0.1250000000000001900, -7.053390142335812700, -33.91717260614129300 ) ) ;
#4848 = MANIFOLD_SOLID_BREP ( 'Chamfer1', #850 ) ;
#4849 = EDGE_CURVE ( 'NONE', #4690, #3344, #612, .T. ) ;
#4850 = ADVANCED_FACE ( 'NONE', ( #2852 ), #6842, .F. ) ;
#4851 = AXIS2_PLACEMENT_3D ( 'NONE', #2013, #1907, #5601 ) ;
#4852 = CONICAL_SURFACE ( 'NONE', #4969, 2.149999999999947100, 0.7853981633974431700 ) ;
#4853 = DIRECTION ( 'NONE',  ( 0.0000000000000000000, 0.0000000000000000000, 1.000000000000000000 ) ) ;
#4854 = ORIENTED_EDGE ( 'NONE', *, *, #4603, .T. ) ;
#4855 = DIRECTION ( 'NONE',  ( -1.000000000000000000, 0.0000000000000000000, -2.823968449264520800E-015 ) ) ;
#4856 = CARTESIAN_POINT ( 'NONE',  ( 13.43189123190246400, 13.43189123190268200, -0.1249999999998375000 ) ) ;
#4857 = LINE ( 'NONE', #3001, #4397 ) ;
#4858 = DIRECTION ( 'NONE',  ( -0.7071067811865424700, 0.7071067811865526800, -2.085279046689376000E-015 ) ) ;
#4859 = EDGE_CURVE ( 'NONE', #4328, #4396, #6934, .T. ) ;
#4861 = ORIENTED_EDGE ( 'NONE', *, *, #5292, .T. ) ;
#4860 = CARTESIAN_POINT ( 'NONE',  ( 26.15000000000000600, 15.99999999999986900, -2.499999999999915600 ) ) ;
#4862 = EDGE_CURVE ( 'NONE', #6766, #115, #7116, .T. ) ;
#4863 = CARTESIAN_POINT ( 'NONE',  ( 2.499999999999992900, -6.965001794687480300, -13.99443904621032600 ) ) ;
#4864 = ORIENTED_EDGE ( 'NONE', *, *, #5705, .T. ) ;
#4865 = DIRECTION ( 'NONE',  ( 1.084202172485505400E-017, 0.0000000000000000000, 1.000000000000000000 ) ) ;
#4866 = VECTOR ( 'NONE', #2341, 1000.000000000000100 ) ;
#4867 = AXIS2_PLACEMENT_3D ( 'NONE', #2200, #3368, #6355 ) ;
#4868 = CONICAL_SURFACE ( 'NONE', #3264, 2.150000000000023400, 0.7853981633974309600 ) ;
#4869 = ORIENTED_EDGE ( 'NONE', *, *, #7259, .F. ) ;
#4870 = ORIENTED_EDGE ( 'NONE', *, *, #4467, .F. ) ;
#4871 = CYLINDRICAL_SURFACE ( 'NONE', #4343, 2.024999999999991900 ) ;
#4872 = CARTESIAN_POINT ( 'NONE',  ( 2.499999999999989300, -2.149999999999957700, 2.358919316697985100E-014 ) ) ;
#4873 = VECTOR ( 'NONE', #7631, 1000.000000000000100 ) ;
#4874 = ORIENTED_EDGE ( 'NONE', *, *, #7021, .T. ) ;
#4875 = AXIS2_PLACEMENT_3D ( 'NONE', #5933, #2352, #7104 ) ;
#4876 = EDGE_LOOP ( 'NONE', ( #1418, #1748, #1962, #6796 ) ) ;
#4877 = ADVANCED_FACE ( 'NONE', ( #6567, #6385, #606, #981, #786, #4168, #4356, #4550, #3414, #3037 ), #4515, .F. ) ;
#4878 = CIRCLE ( 'NONE', #5145, 2.149999999999960800 ) ;
#4879 = DIRECTION ( 'NONE',  ( 8.360113137237610200E-017, 0.0000000000000000000, -1.000000000000000000 ) ) ;
#4880 = VECTOR ( 'NONE', #1695, 1000.000000000000100 ) ;
#4881 = ORIENTED_EDGE ( 'NONE', *, *, #3191, .F. ) ;
#4882 = ORIENTED_EDGE ( 'NONE', *, *, #6599, .T. ) ;
#4883 = DIRECTION ( 'NONE',  ( 1.638444599689715200E-015, -0.7071067811865645600, -0.7071067811865304800 ) ) ;
#4884 = DIRECTION ( 'NONE',  ( 5.055354680658670800E-015, 1.000000000000000000, 1.490839215467732600E-029 ) ) ;
#4885 = DIRECTION ( 'NONE',  ( 2.914001035115545500E-015, -0.0000000000000000000, -1.000000000000000000 ) ) ;
#4886 = EDGE_CURVE ( 'NONE', #5461, #5686, #5197, .T. ) ;
#4887 = DIRECTION ( 'NONE',  ( -1.000000000000000000, 0.0000000000000000000, 0.0000000000000000000 ) ) ;
#4888 = CARTESIAN_POINT ( 'NONE',  ( 2.374999999999995100, -16.00000000000000000, -23.99999999999996800 ) ) ;
#4889 = ADVANCED_FACE ( 'NONE', ( #3603 ), #5262, .F. ) ;
#4890 = AXIS2_PLACEMENT_3D ( 'NONE', #5989, #7084, #4203 ) ;
#4891 = LINE ( 'NONE', #2960, #7092 ) ;
#4892 = ORIENTED_EDGE ( 'NONE', *, *, #1750, .T. ) ;
#4893 = EDGE_LOOP ( 'NONE', ( #5125, #2383, #1459, #1205 ) ) ;
#4894 = DIRECTION ( 'NONE',  ( -0.0000000000000000000, -1.000000000000000000, -0.0000000000000000000 ) ) ;
#4895 = CIRCLE ( 'NONE', #4312, 4.374999999999992000 ) ;
#4896 = ORIENTED_EDGE ( 'NONE', *, *, #5061, .T. ) ;
#4897 = ORIENTED_EDGE ( 'NONE', *, *, #1341, .F. ) ;
#4898 = ORIENTED_EDGE ( 'NONE', *, *, #296, .F. ) ;
#4899 = VECTOR ( 'NONE', #7105, 1000.000000000000100 ) ;
#4900 = DIRECTION ( 'NONE',  ( 5.055354680658670800E-015, 1.000000000000000000, 1.403142791028454100E-029 ) ) ;
#4901 = VECTOR ( 'NONE', #6770, 1000.000000000000000 ) ;
#4902 = CARTESIAN_POINT ( 'NONE',  ( 0.1250000000000142900, -8.485281374238560700, -15.51471862576140600 ) ) ;
#4903 = LINE ( 'NONE', #4037, #4432 ) ;
#4904 = ORIENTED_EDGE ( 'NONE', *, *, #2614, .T. ) ;
#4905 = EDGE_CURVE ( 'NONE', #6760, #6641, #1353, .T. ) ;
#4906 = DIRECTION ( 'NONE',  ( -2.731847993664263200E-016, 0.0000000000000000000, 1.000000000000000000 ) ) ;
#4907 = AXIS2_PLACEMENT_3D ( 'NONE', #167, #3238, #774 ) ;
#4908 = DIRECTION ( 'NONE',  ( -1.000000000000000000, -0.0000000000000000000, -0.0000000000000000000 ) ) ;
#4909 = CIRCLE ( 'NONE', #1470, 2.150000000000016300 ) ;
#4910 = PLANE ( 'NONE',  #7295 ) ;
#4911 = CIRCLE ( 'NONE', #6950, 7.124999999999929800 ) ;
#4912 = CARTESIAN_POINT ( 'NONE',  ( 34.63528137423844600, 8.485281374238566000, 1.021426490891666100E-013 ) ) ;
#4913 = DIRECTION ( 'NONE',  ( 0.0000000000000000000, 0.0000000000000000000, 1.000000000000000000 ) ) ;
#4914 = VERTEX_POINT ( 'NONE', #6973 ) ;
#4915 = ORIENTED_EDGE ( 'NONE', *, *, #296, .T. ) ;
#4916 = ADVANCED_FACE ( 'NONE', ( #3791 ), #220, .F. ) ;
#4917 = FACE_OUTER_BOUND ( 'NONE', #3369, .T. ) ;
#4918 = ORIENTED_EDGE ( 'NONE', *, *, #2578, .F. ) ;
#4919 = ORIENTED_EDGE ( 'NONE', *, *, #3917, .F. ) ;
#4920 = DIRECTION ( 'NONE',  ( 0.7071067811865565700, 0.0000000000000000000, 0.7071067811865385800 ) ) ;
#4921 = AXIS2_PLACEMENT_3D ( 'NONE', #2723, #401, #5806 ) ;
#4922 = CARTESIAN_POINT ( 'NONE',  ( -3.035766082959412400E-015, 13.43189123190268200, -13.43189123190246400 ) ) ;
#4923 = DIRECTION ( 'NONE',  ( -1.000000000000000000, 3.426614273534508900E-015, 0.0000000000000000000 ) ) ;
#4924 = ADVANCED_FACE ( 'NONE', ( #5550 ), #418, .F. ) ;
#4925 = VERTEX_POINT ( 'NONE', #7561 ) ;
#4926 = ORIENTED_EDGE ( 'NONE', *, *, #5427, .T. ) ;
#4927 = DIRECTION ( 'NONE',  ( 0.7071067811865343600, 0.5000000000000093300, -0.5000000000000093300 ) ) ;
#4928 = EDGE_CURVE ( 'NONE', #3875, #1231, #1808, .T. ) ;
#4929 = CARTESIAN_POINT ( 'NONE',  ( 0.1250000000000262000, 1.349909078679433100E-015, -35.31370849898473100 ) ) ;
#4930 = ORIENTED_EDGE ( 'NONE', *, *, #1586, .T. ) ;
#4931 = AXIS2_PLACEMENT_3D ( 'NONE', #4692, #1098, #1721 ) ;
#4932 = LINE ( 'NONE', #5602, #5020 ) ;
#4933 = EDGE_LOOP ( 'NONE', ( #5706, #7628, #531, #6209 ) ) ;
#4934 = DIRECTION ( 'NONE',  ( 0.7071067811865684400, 0.7071067811865267000, -2.628392369975910900E-016 ) ) ;
#4935 = DIRECTION ( 'NONE',  ( -1.000000000000000000, -6.319193350823370000E-016, -2.775557561562893700E-015 ) ) ;
#4936 = CARTESIAN_POINT ( 'NONE',  ( 10.56810876809712400, -10.56810876809719000, -2.374999999999929800 ) ) ;
#4937 = DIRECTION ( 'NONE',  ( 1.000000000000000000, 0.0000000000000000000, 0.0000000000000000000 ) ) ;
#4938 = EDGE_LOOP ( 'NONE', ( #6995, #2610, #7388, #154, #6572 ) ) ;
#4939 = VECTOR ( 'NONE', #5593, 1000.000000000000100 ) ;
#4940 = ORIENTED_EDGE ( 'NONE', *, *, #3989, .T. ) ;
#4941 = CARTESIAN_POINT ( 'NONE',  ( 35.99999999999996400, -6.938893903907228400E-015, -0.1249999999997806900 ) ) ;
#4942 = EDGE_CURVE ( 'NONE', #6303, #1369, #2753, .T. ) ;
#4943 = AXIS2_PLACEMENT_3D ( 'NONE', #6614, #153, #7201 ) ;
#4944 = PLANE ( 'NONE',  #5852 ) ;
#4945 = CARTESIAN_POINT ( 'NONE',  ( 11.99999999999997500, 2.025000000000002100, -0.1249999999998640400 ) ) ;
#4946 = CIRCLE ( 'NONE', #5766, 2.024999999999957300 ) ;
#4947 = VERTEX_POINT ( 'NONE', #2902 ) ;
#4948 = CARTESIAN_POINT ( 'NONE',  ( 31.99999999999997200, 8.000000000000007100, -0.1249999999997823800 ) ) ;
#4949 = VERTEX_POINT ( 'NONE', #3454 ) ;
#4950 = ORIENTED_EDGE ( 'NONE', *, *, #3854, .T. ) ;
#4951 = LINE ( 'NONE', #4111, #77 ) ;
#4952 = AXIS2_PLACEMENT_3D ( 'NONE', #3292, #6281, #6810 ) ;
#4953 = CIRCLE ( 'NONE', #2444, 2.025000000000006100 ) ;
#4954 = CARTESIAN_POINT ( 'NONE',  ( 2.499999999999993300, -10.00556095378965100, -17.03499820531249000 ) ) ;
#4955 = EDGE_CURVE ( 'NONE', #6858, #3471, #4822, .T. ) ;
#4956 = ORIENTED_EDGE ( 'NONE', *, *, #6264, .T. ) ;
#4957 = PLANE ( 'NONE',  #2573 ) ;
#4958 = VERTEX_POINT ( 'NONE', #7670 ) ;
#4959 = CIRCLE ( 'NONE', #3642, 2.150000000000006100 ) ;
#4960 = CARTESIAN_POINT ( 'NONE',  ( 2.499999999999997300, -10.00556095378966900, -30.96500179468743900 ) ) ;
#4961 = DIRECTION ( 'NONE',  ( 0.0000000000000000000, -0.7071067811865330300, 0.7071067811865621200 ) ) ;
#4962 = FACE_BOUND ( 'NONE', #4938, .T. ) ;
#4963 = DIRECTION ( 'NONE',  ( 0.7071067811865761100, -0.4999999999999838500, 0.4999999999999760200 ) ) ;
#4964 = ADVANCED_FACE ( 'NONE', ( #3979 ), #4118, .F. ) ;
#4965 = EDGE_LOOP ( 'NONE', ( #2683, #743, #1220, #6978 ) ) ;
#4966 = VERTEX_POINT ( 'NONE', #1074 ) ;
#4967 = DIRECTION ( 'NONE',  ( 1.000000000000000000, 0.0000000000000000000, 0.0000000000000000000 ) ) ;
#4968 = CIRCLE ( 'NONE', #1773, 2.024999999999999000 ) ;
#4969 = AXIS2_PLACEMENT_3D ( 'NONE', #4282, #6643, #789 ) ;
#4970 = CONICAL_SURFACE ( 'NONE', #7559, 2.150000000000023400, 0.7853981633974309600 ) ;
#4972 = ORIENTED_EDGE ( 'NONE', *, *, #7338, .F. ) ;
#4971 = DIRECTION ( 'NONE',  ( 0.0000000000000000000, 0.0000000000000000000, 1.000000000000000000 ) ) ;
#4973 = CARTESIAN_POINT ( 'NONE',  ( 23.99999999999996800, -11.99999999999999300, -2.499999999999921000 ) ) ;
#4974 = ORIENTED_EDGE ( 'NONE', *, *, #5726, .T. ) ;
#4975 = CYLINDRICAL_SURFACE ( 'NONE', #6774, 2.024999999999953700 ) ;
#4976 = FACE_OUTER_BOUND ( 'NONE', #3998, .T. ) ;
#4977 = AXIS2_PLACEMENT_3D ( 'NONE', #2731, #2485, #4647 ) ;
#4978 = DIRECTION ( 'NONE',  ( 0.7071067811865352500, 0.0000000000000000000, -0.7071067811865597900 ) ) ;
#4979 = VERTEX_POINT ( 'NONE', #7024 ) ;
#4980 = EDGE_LOOP ( 'NONE', ( #6672, #2176, #7019, #5863 ) ) ;
#4981 = DIRECTION ( 'NONE',  ( 0.5000000000000097700, 0.5000000000000097700, 0.7071067811865339200 ) ) ;
#4982 = DIRECTION ( 'NONE',  ( -2.017120320903271300E-016, 0.0000000000000000000, 1.000000000000000000 ) ) ;
#4983 = FACE_OUTER_BOUND ( 'NONE', #3721, .T. ) ;
#4984 = CARTESIAN_POINT ( 'NONE',  ( 35.99999999999996400, -2.025000000000001700, -0.1249999999997806900 ) ) ;
#4985 = CARTESIAN_POINT ( 'NONE',  ( 33.43189123190270400, -6.568108768097231700, -2.374999999999875200 ) ) ;
#4986 = ORIENTED_EDGE ( 'NONE', *, *, #1352, .T. ) ;
#4987 = EDGE_CURVE ( 'NONE', #6864, #4792, #2375, .T. ) ;
#4988 = DIRECTION ( 'NONE',  ( 2.914001035115545500E-015, -0.0000000000000000000, -1.000000000000000000 ) ) ;
#4989 = DIRECTION ( 'NONE',  ( -0.7071067811865500200, -0.7071067811865451300, -1.962615573354727200E-015 ) ) ;
#4990 = AXIS2_PLACEMENT_3D ( 'NONE', #717, #6595, #1320 ) ;
#4991 = CARTESIAN_POINT ( 'NONE',  ( 35.31370849898473800, 2.025000000000002100, -2.374999999999872100 ) ) ;
#4992 = LINE ( 'NONE', #4126, #7286 ) ;
#4993 = VECTOR ( 'NONE', #593, 1000.000000000000000 ) ;
#4994 = FACE_OUTER_BOUND ( 'NONE', #1781, .T. ) ;
#4995 = ORIENTED_EDGE ( 'NONE', *, *, #1812, .T. ) ;
#4996 = PLANE ( 'NONE',  #5583 ) ;
#4997 = EDGE_CURVE ( 'NONE', #1480, #2089, #7380, .T. ) ;
#4998 = DIRECTION ( 'NONE',  ( -2.775557561562893700E-015, -0.0000000000000000000, 1.000000000000000000 ) ) ;
#4999 = FACE_OUTER_BOUND ( 'NONE', #3233, .T. ) ;
#5000 = CONICAL_SURFACE ( 'NONE', #4931, 6.999999999999999100, 0.7853981633974518300 ) ;
#5001 = CARTESIAN_POINT ( 'NONE',  ( 23.99999999999996800, 0.0000000000000000000, 7.077671781985370400E-014 ) ) ;
#5002 = VECTOR ( 'NONE', #2244, 1000.000000000000000 ) ;
#5003 = ORIENTED_EDGE ( 'NONE', *, *, #6341, .T. ) ;
#5004 = ORIENTED_EDGE ( 'NONE', *, *, #4197, .T. ) ;
#5005 = ADVANCED_FACE ( 'NONE', ( #2559 ), #4667, .T. ) ;
#5006 = DIRECTION ( 'NONE',  ( 0.7071067811865181500, -0.7071067811865769900, 0.0000000000000000000 ) ) ;
#5007 = PLANE ( 'NONE',  #5721 ) ;
#5008 = FACE_OUTER_BOUND ( 'NONE', #4980, .T. ) ;
#5009 = EDGE_CURVE ( 'NONE', #7419, #6374, #1167, .T. ) ;
#5010 = EDGE_LOOP ( 'NONE', ( #5082, #1978, #3353, #6663 ) ) ;
#5011 = CARTESIAN_POINT ( 'NONE',  ( 2.374999999999994200, 8.485281374238566000, -32.48528137423853900 ) ) ;
#5012 = DIRECTION ( 'NONE',  ( 0.7071067811865500200, -0.7071067811865450200, 0.0000000000000000000 ) ) ;
#5013 = CARTESIAN_POINT ( 'NONE',  ( 11.99999999999997500, -2.024999999999996400, -0.1249999999998640400 ) ) ;
#5014 = DIRECTION ( 'NONE',  ( -0.7071067811865253700, 0.7071067811865696700, 0.0000000000000000000 ) ) ;
#5015 = VECTOR ( 'NONE', #5469, 1000.000000000000000 ) ;
#5016 = ORIENTED_EDGE ( 'NONE', *, *, #3180, .T. ) ;
#5017 = PRODUCT ( '1218-0001-0001', '1218-0001-0001', '', ( #6807 ) ) ;
#5018 = DIRECTION ( 'NONE',  ( 0.0000000000000000000, 0.0000000000000000000, 1.000000000000000000 ) ) ;
#5019 = CARTESIAN_POINT ( 'NONE',  ( -1.846938206248642900E-016, 10.00556095378959600, -17.03499820531244100 ) ) ;
#5020 = VECTOR ( 'NONE', #1455, 1000.000000000000000 ) ;
#5021 = DIRECTION ( 'NONE',  ( 0.7071067811865455700, -0.7071067811865493500, 1.962615573354715000E-015 ) ) ;
#5022 = DIRECTION ( 'NONE',  ( -1.000000000000000000, 0.0000000000000000000, 0.0000000000000000000 ) ) ;
#5023 = ORIENTED_EDGE ( 'NONE', *, *, #4504, .T. ) ;
#5024 = VERTEX_POINT ( 'NONE', #2958 ) ;
#5025 = DIRECTION ( 'NONE',  ( 1.315446366589175700E-030, 1.000000000000000000, -5.055354680658670800E-015 ) ) ;
#5026 = ORIENTED_EDGE ( 'NONE', *, *, #7512, .F. ) ;
#5027 = CIRCLE ( 'NONE', #7178, 2.024999999999999000 ) ;
#5028 = DIRECTION ( 'NONE',  ( -0.7071067811865455700, -0.7071067811865493500, -1.962615573354715000E-015 ) ) ;
#5029 = ORIENTED_EDGE ( 'NONE', *, *, #1348, .F. ) ;
#5030 = PLANE ( 'NONE',  #2207 ) ;
#5031 = EDGE_CURVE ( 'NONE', #60, #6304, #1992, .T. ) ;
#5032 = AXIS2_PLACEMENT_3D ( 'NONE', #4077, #1657, #4676 ) ;
#5033 = CIRCLE ( 'NONE', #4867, 2.150000000000027000 ) ;
#5034 = ORIENTED_EDGE ( 'NONE', *, *, #3917, .T. ) ;
#5035 = CARTESIAN_POINT ( 'NONE',  ( -1.734723475976807100E-015, 9.431891231902769200, -30.56810876809721100 ) ) ;
#5036 = DIRECTION ( 'NONE',  ( -2.017120320903242000E-016, 0.0000000000000000000, 1.000000000000000000 ) ) ;
#5038 = ORIENTED_EDGE ( 'NONE', *, *, #1140, .T. ) ;
#5037 = DIRECTION ( 'NONE',  ( 8.360113137237633600E-017, 0.0000000000000000000, -1.000000000000000000 ) ) ;
#5039 = DIRECTION ( 'NONE',  ( -1.000000000000000000, 0.0000000000000000000, 0.0000000000000000000 ) ) ;
#5040 = ADVANCED_FACE ( 'NONE', ( #7481 ), #1444, .F. ) ;
#5041 = CIRCLE ( 'NONE', #5099, 2.024999999999955500 ) ;
#5042 = DIRECTION ( 'NONE',  ( -0.7071067811865474600, 0.0000000000000000000, 0.7071067811865475700 ) ) ;
#5043 = EDGE_CURVE ( 'NONE', #3257, #2725, #6022, .T. ) ;
#5044 = CIRCLE ( 'NONE', #3668, 2.024999999999990100 ) ;
#5045 = CARTESIAN_POINT ( 'NONE',  ( 12.68629150101520300, -2.735438768656219200E-015, -0.1249999999998620400 ) ) ;
#5046 = ORIENTED_EDGE ( 'NONE', *, *, #4267, .T. ) ;
#5047 = VERTEX_POINT ( 'NONE', #6006 ) ;
#5048 = DIRECTION ( 'NONE',  ( 0.5000000000000085500, 0.5000000000000085500, -0.7071067811865353600 ) ) ;
#5049 = CARTESIAN_POINT ( 'NONE',  ( 13.99443904621036200, 6.965001794687512200, -2.499999999999948900 ) ) ;
#5050 = VECTOR ( 'NONE', #2157, 1000.000000000000000 ) ;
#5051 = DIRECTION ( 'NONE',  ( -0.0000000000000000000, -1.000000000000000000, -0.0000000000000000000 ) ) ;
#5052 = CARTESIAN_POINT ( 'NONE',  ( 30.96500179468743900, 10.00556095378966700, -2.499999999999901900 ) ) ;
#5053 = CYLINDRICAL_SURFACE ( 'NONE', #6836, 6.999999999999999100 ) ;
#5054 = EDGE_CURVE ( 'NONE', #5821, #3289, #33, .T. ) ;
#5055 = VERTEX_POINT ( 'NONE', #1177 ) ;
#5056 = EDGE_CURVE ( 'NONE', #3776, #2859, #5749, .T. ) ;
#5057 = ORIENTED_EDGE ( 'NONE', *, *, #2984, .F. ) ;
#5058 = AXIS2_PLACEMENT_3D ( 'NONE', #5272, #410, #5203 ) ;
#5059 = FACE_OUTER_BOUND ( 'NONE', #1568, .T. ) ;
#5060 = CARTESIAN_POINT ( 'NONE',  ( 2.374999999999982200, -8.485281374238571300, -32.48528137423853200 ) ) ;
#5061 = EDGE_CURVE ( 'NONE', #1882, #242, #7289, .T. ) ;
#5062 = CIRCLE ( 'NONE', #2135, 2.025000000000002600 ) ;
#5063 = ORIENTED_EDGE ( 'NONE', *, *, #3155, .F. ) ;
#5064 = VERTEX_POINT ( 'NONE', #574 ) ;
#5065 = PLANE ( 'NONE',  #5319 ) ;
#5066 = VECTOR ( 'NONE', #5917, 1000.000000000000000 ) ;
#5067 = EDGE_CURVE ( 'NONE', #4328, #4744, #1632, .T. ) ;
#5068 = DIRECTION ( 'NONE',  ( 0.7071067811865259200, 0.5000000000000202100, -0.5000000000000103300 ) ) ;
#5069 = VECTOR ( 'NONE', #6947, 1000.000000000000000 ) ;
#5070 = CARTESIAN_POINT ( 'NONE',  ( -1.375450480618508600E-016, -2.735438768656219200E-015, -12.68629150101520300 ) ) ;
#5071 = EDGE_LOOP ( 'NONE', ( #3885, #1338, #5063, #3426 ) ) ;
#5072 = DIRECTION ( 'NONE',  ( -1.000000000000000000, -0.0000000000000000000, -0.0000000000000000000 ) ) ;
#5073 = ADVANCED_FACE ( 'NONE', ( #7571 ), #2650, .F. ) ;
#5074 = AXIS2_PLACEMENT_3D ( 'NONE', #1449, #5085, #5624 ) ;
#5075 = ORIENTED_EDGE ( 'NONE', *, *, #109, .T. ) ;
#5076 = DIRECTION ( 'NONE',  ( 8.360113137237633600E-017, 0.0000000000000000000, -1.000000000000000000 ) ) ;
#5077 = FACE_OUTER_BOUND ( 'NONE', #5098, .T. ) ;
#5078 = CARTESIAN_POINT ( 'NONE',  ( 2.499999999999997800, -8.485281374238571300, -34.63528137423855900 ) ) ;
#5079 = CARTESIAN_POINT ( 'NONE',  ( -3.903127820947815000E-016, -2.150000000000031000, -35.99999999999996400 ) ) ;
#5080 = EDGE_LOOP ( 'NONE', ( #2636, #4307, #5960, #5771 ) ) ;
#5081 = DIRECTION ( 'NONE',  ( 1.000000000000000000, 0.0000000000000000000, 0.0000000000000000000 ) ) ;
#5082 = ORIENTED_EDGE ( 'NONE', *, *, #5973, .T. ) ;
#5083 = ADVANCED_FACE ( 'NONE', ( #5928 ), #5432, .T. ) ;
#5084 = EDGE_CURVE ( 'NONE', #4401, #5064, #2846, .T. ) ;
#5085 = DIRECTION ( 'NONE',  ( -1.000000000000000000, -0.0000000000000000000, -0.0000000000000000000 ) ) ;
#5086 = CIRCLE ( 'NONE', #6721, 7.124999999999929800 ) ;
#5087 = DIRECTION ( 'NONE',  ( 1.056583426979252200E-031, -1.000000000000000000, -1.263838670164661400E-015 ) ) ;
#5088 = VERTEX_POINT ( 'NONE', #673 ) ;
#5089 = ORIENTED_EDGE ( 'NONE', *, *, #7708, .T. ) ;
#5090 = CARTESIAN_POINT ( 'NONE',  ( -1.301042606982605300E-015, 1.349909078679433100E-015, -35.31370849898473100 ) ) ;
#5091 = LINE ( 'NONE', #1514, #783 ) ;
#5092 = VECTOR ( 'NONE', #7509, 1000.000000000000000 ) ;
#5093 = CARTESIAN_POINT ( 'NONE',  ( 9.849999999999949900, 5.469317744930408200E-015, -2.499999999999954700 ) ) ;
#5094 =( NAMED_UNIT ( * ) SI_UNIT ( $, .STERADIAN. ) SOLID_ANGLE_UNIT ( ) );
#5095 = EDGE_CURVE ( 'NONE', #1882, #5461, #4438, .T. ) ;
#5096 = DIRECTION ( 'NONE',  ( 1.000000000000000000, 0.0000000000000000000, 0.0000000000000000000 ) ) ;
#5097 = EDGE_LOOP ( 'NONE', ( #4681, #1013, #7190, #3815 ) ) ;
#5098 = EDGE_LOOP ( 'NONE', ( #82, #6865, #146, #4693 ) ) ;
#5099 = AXIS2_PLACEMENT_3D ( 'NONE', #246, #1562, #301 ) ;
#5100 = EDGE_CURVE ( 'NONE', #2914, #3471, #5456, .T. ) ;
#5101 = CARTESIAN_POINT ( 'NONE',  ( 5.317934657999292500E-015, 2.024999999999994600, -2.374999999999950700 ) ) ;
#5102 = FACE_OUTER_BOUND ( 'NONE', #7089, .T. ) ;
#5103 = ORIENTED_EDGE ( 'NONE', *, *, #1794, .F. ) ;
#5104 = CARTESIAN_POINT ( 'NONE',  ( -3.522061263975233600E-016, -8.485281374238571300, -32.48528137423853200 ) ) ;
#5105 = DIRECTION ( 'NONE',  ( 5.911492690827488100E-017, -0.7071067811865456900, -0.7071067811865494600 ) ) ;
#5106 = CARTESIAN_POINT ( 'NONE',  ( 4.499999999999976900, 16.00000000000000000, -0.1249999999999825100 ) ) ;
#5107 = AXIS2_PLACEMENT_3D ( 'NONE', #5372, #2412, #5425 ) ;
#5108 = CIRCLE ( 'NONE', #2053, 2.025000000000002600 ) ;
#5109 = ORIENTED_EDGE ( 'NONE', *, *, #5031, .F. ) ;
#5110 = DIRECTION ( 'NONE',  ( 2.914001035115545500E-015, -0.0000000000000000000, -1.000000000000000000 ) ) ;
#5111 = CARTESIAN_POINT ( 'NONE',  ( 26.14999999999998400, -11.31370849898476100, -2.499999999999915600 ) ) ;
#5112 = EDGE_CURVE ( 'NONE', #5146, #6303, #7111, .T. ) ;
#5113 = DIRECTION ( 'NONE',  ( -0.4999999999999820100, 0.4999999999999820100, -0.7071067811865728900 ) ) ;
#5114 = ORIENTED_EDGE ( 'NONE', *, *, #3963, .T. ) ;
#5115 = VECTOR ( 'NONE', #2009, 1000.000000000000000 ) ;
#5116 = EDGE_LOOP ( 'NONE', ( #273, #3337, #729, #4219 ) ) ;
#5117 = ORIENTED_EDGE ( 'NONE', *, *, #7706, .F. ) ;
#5118 = CARTESIAN_POINT ( 'NONE',  ( 21.84999999999995900, 11.31370849898476100, -2.499999999999927200 ) ) ;
#5119 = AXIS2_PLACEMENT_3D ( 'NONE', #6055, #66, #3710 ) ;
#5120 = DIRECTION ( 'NONE',  ( 2.914001035115545500E-015, -0.0000000000000000000, -1.000000000000000000 ) ) ;
#5121 = ADVANCED_FACE ( 'NONE', ( #6642 ), #5548, .F. ) ;
#5122 = ORIENTED_EDGE ( 'NONE', *, *, #5302, .T. ) ;
#5123 = FACE_OUTER_BOUND ( 'NONE', #911, .T. ) ;
#5124 = EDGE_LOOP ( 'NONE', ( #62, #4627, #662, #4076 ) ) ;
#5125 = ORIENTED_EDGE ( 'NONE', *, *, #980, .F. ) ;
#5126 = DIRECTION ( 'NONE',  ( 0.7071067811865455700, -0.7071067811865493500, 0.0000000000000000000 ) ) ;
#5127 = DIRECTION ( 'NONE',  ( -1.000000000000000000, 0.0000000000000000000, -2.799904557716952100E-015 ) ) ;
#5128 = DIRECTION ( 'NONE',  ( 1.000000000000000000, 0.0000000000000000000, 2.775557561562893700E-015 ) ) ;
#5129 = DIRECTION ( 'NONE',  ( 0.0000000000000000000, 0.0000000000000000000, 1.000000000000000000 ) ) ;
#5130 = DIRECTION ( 'NONE',  ( 1.000000000000000000, 0.0000000000000000000, 0.0000000000000000000 ) ) ;
#5131 = ORIENTED_EDGE ( 'NONE', *, *, #5950, .F. ) ;
#5132 = AXIS2_PLACEMENT_3D ( 'NONE', #5648, #7325, #2055 ) ;
#5133 = DIRECTION ( 'NONE',  ( 2.914001035115545500E-015, -0.0000000000000000000, -1.000000000000000000 ) ) ;
#5134 = VECTOR ( 'NONE', #1394, 1000.000000000000100 ) ;
#5135 = EDGE_LOOP ( 'NONE', ( #1494, #2609, #7440, #6990 ) ) ;
#5136 = DIRECTION ( 'NONE',  ( -2.017120320903271300E-016, 0.0000000000000000000, 1.000000000000000000 ) ) ;
#5137 = CARTESIAN_POINT ( 'NONE',  ( 16.94660985766416800, -9.917172606141322800, -0.1249999999998409700 ) ) ;
#5138 = VECTOR ( 'NONE', #2015, 1000.000000000000000 ) ;
#5139 = DIRECTION ( 'NONE',  ( 0.0000000000000000000, 0.0000000000000000000, 1.000000000000000000 ) ) ;
#5140 = VECTOR ( 'NONE', #4131, 1000.000000000000000 ) ;
#5141 = CARTESIAN_POINT ( 'NONE',  ( -1.682109163955186400E-016, -8.485281374238560700, -15.51471862576140600 ) ) ;
#5142 = VERTEX_POINT ( 'NONE', #7699 ) ;
#5143 = EDGE_CURVE ( 'NONE', #4350, #3532, #3879, .T. ) ;
#5144 = CARTESIAN_POINT ( 'NONE',  ( 17.52027957955105500, -9.520279579551081300, -2.499999999999939200 ) ) ;
#5145 = AXIS2_PLACEMENT_3D ( 'NONE', #2436, #2514, #4212 ) ;
#5146 = VERTEX_POINT ( 'NONE', #18 ) ;
#5147 = FACE_BOUND ( 'NONE', #5690, .T. ) ;
#5148 = CARTESIAN_POINT ( 'NONE',  ( -2.368981746880825700E-016, -11.31370849898476100, -21.84999999999996600 ) ) ;
#5149 = APPROVAL_STATUS ( 'not_yet_approved' ) ;
#5150 = VECTOR ( 'NONE', #5551, 1000.000000000000100 ) ;
#5151 = CARTESIAN_POINT ( 'NONE',  ( 2.375000000000008900, 2.025000000000002100, -11.99999999999997500 ) ) ;
#5152 = DIRECTION ( 'NONE',  ( 0.0000000000000000000, 0.0000000000000000000, 1.000000000000000000 ) ) ;
#5153 = ORIENTED_EDGE ( 'NONE', *, *, #600, .T. ) ;
#5154 = EDGE_CURVE ( 'NONE', #1445, #2096, #7567, .T. ) ;
#5155 = EDGE_LOOP ( 'NONE', ( #5538, #2963, #4185, #3961 ) ) ;
#5156 = DIRECTION ( 'NONE',  ( -1.000000000000000000, -0.0000000000000000000, -0.0000000000000000000 ) ) ;
#5157 = LINE ( 'NONE', #5932, #1593 ) ;
#5158 = AXIS2_PLACEMENT_3D ( 'NONE', #112, #6673, #7312 ) ;
#5159 = LINE ( 'NONE', #2080, #1953 ) ;
#5160 = CARTESIAN_POINT ( 'NONE',  ( 2.479720420449101200, 18.47972042044905900, -2.499999999999980900 ) ) ;
#5161 = DIRECTION ( 'NONE',  ( -0.0000000000000000000, -0.0000000000000000000, -1.000000000000000000 ) ) ;
#5163 = EDGE_LOOP ( 'NONE', ( #183, #5658, #7503, #3693, #3829 ) ) ;
#5162 = CARTESIAN_POINT ( 'NONE',  ( 2.499999999999998700, 2.150000000000001200, -35.99999999999996400 ) ) ;
#5164 = VERTEX_POINT ( 'NONE', #4374 ) ;
#5165 = DIRECTION ( 'NONE',  ( 0.0000000000000000000, 0.0000000000000000000, 1.000000000000000000 ) ) ;
#5166 = FACE_OUTER_BOUND ( 'NONE', #6032, .T. ) ;
#5167 = ADVANCED_FACE ( 'NONE', ( #2373 ), #2452, .F. ) ;
#5168 = EDGE_CURVE ( 'NONE', #953, #6464, #6833, .T. ) ;
#5169 = CIRCLE ( 'NONE', #7167, 2.025000000000002600 ) ;
#5170 = EDGE_CURVE ( 'NONE', #6318, #812, #6382, .T. ) ;
#5171 = CARTESIAN_POINT ( 'NONE',  ( 35.31370849898473100, 2.025000000000000800, 2.194425197110661000E-013 ) ) ;
#5172 = ORIENTED_EDGE ( 'NONE', *, *, #3284, .T. ) ;
#5173 = ORIENTED_EDGE ( 'NONE', *, *, #2614, .F. ) ;
#5174 = DIRECTION ( 'NONE',  ( 2.914001035115545500E-015, -0.0000000000000000000, -1.000000000000000000 ) ) ;
#5175 = DIRECTION ( 'NONE',  ( -1.000000000000000000, 0.0000000000000000000, 0.0000000000000000000 ) ) ;
#5176 = LINE ( 'NONE', #7044, #3576 ) ;
#5177 = DIRECTION ( 'NONE',  ( 1.000000000000000000, -0.0000000000000000000, 8.360113137237629900E-017 ) ) ;
#5178 = VERTEX_POINT ( 'NONE', #6153 ) ;
#5179 = DIRECTION ( 'NONE',  ( -0.0000000000000000000, -0.0000000000000000000, -1.000000000000000000 ) ) ;
#5180 = FACE_OUTER_BOUND ( 'NONE', #1210, .T. ) ;
#5181 = AXIS2_PLACEMENT_3D ( 'NONE', #3023, #4182, #4237 ) ;
#5182 = ORIENTED_EDGE ( 'NONE', *, *, #6088, .F. ) ;
#5183 = EDGE_LOOP ( 'NONE', ( #151, #1142, #2271, #3953 ) ) ;
#5184 = DIRECTION ( 'NONE',  ( 2.914001035115545500E-015, -0.0000000000000000000, -1.000000000000000000 ) ) ;
#5185 = VECTOR ( 'NONE', #3723, 1000.000000000000000 ) ;
#5186 = DIRECTION ( 'NONE',  ( 0.0000000000000000000, 0.0000000000000000000, -1.000000000000000000 ) ) ;
#5187 = FACE_OUTER_BOUND ( 'NONE', #1706, .T. ) ;
#5188 = VECTOR ( 'NONE', #7482, 1000.000000000000000 ) ;
#5189 = ORIENTED_EDGE ( 'NONE', *, *, #490, .F. ) ;
#5190 = EDGE_CURVE ( 'NONE', #6304, #992, #4166, .T. ) ;
#5191 = CARTESIAN_POINT ( 'NONE',  ( 23.99999999999997500, -15.87500000000000000, -2.499999999999921000 ) ) ;
#5192 = AXIS2_PLACEMENT_3D ( 'NONE', #4249, #6039, #5987 ) ;
#5193 = DIRECTION ( 'NONE',  ( 0.0000000000000000000, 0.0000000000000000000, 1.000000000000000000 ) ) ;
#5194 = VECTOR ( 'NONE', #3268, 1000.000000000000000 ) ;
#5195 = CIRCLE ( 'NONE', #625, 2.024999999999957300 ) ;
#5196 = DIRECTION ( 'NONE',  ( 1.000000000000000000, -0.0000000000000000000, 8.360113137237629900E-017 ) ) ;
#5197 = CIRCLE ( 'NONE', #566, 2.025000000000006100 ) ;
#5198 = ORIENTED_EDGE ( 'NONE', *, *, #7100, .T. ) ;
#5199 = EDGE_CURVE ( 'NONE', #7150, #6568, #7194, .T. ) ;
#5200 = CARTESIAN_POINT ( 'NONE',  ( 16.94660985766416800, -9.917172606141322800, 1.595945597898662500E-013 ) ) ;
#5201 = AXIS2_PLACEMENT_3D ( 'NONE', #6818, #4510, #7347 ) ;
#5202 = DIRECTION ( 'NONE',  ( -1.839952100020037400E-016, 0.7071067811865526800, 0.7071067811865424700 ) ) ;
#5203 = DIRECTION ( 'NONE',  ( 1.000000000000000000, 0.0000000000000000000, 0.0000000000000000000 ) ) ;
#5204 = ADVANCED_FACE ( 'NONE', ( #217 ), #5644, .F. ) ;
#5205 = CONICAL_SURFACE ( 'NONE', #6413, 2.149999999999999000, 0.7853981633974482800 ) ;
#5206 = VERTEX_POINT ( 'NONE', #827 ) ;
#5207 = DIRECTION ( 'NONE',  ( 1.000000000000000000, -0.0000000000000000000, 8.360113137237629900E-017 ) ) ;
#5208 = CARTESIAN_POINT ( 'NONE',  ( 21.97500000000002300, 1.110914191074744000E-013, -0.1249999999998177400 ) ) ;
#5209 = CARTESIAN_POINT ( 'NONE',  ( -2.835188681049593100E-016, 11.99999999999999300, -26.14999999999997000 ) ) ;
#5210 = EDGE_CURVE ( 'NONE', #6452, #6297, #4255, .T. ) ;
#5211 = CIRCLE ( 'NONE', #759, 16.00000000000000700 ) ;
#5212 = DIRECTION ( 'NONE',  ( 0.7071067811865612300, 0.4999999999999854600, 0.4999999999999952800 ) ) ;
#5213 = VERTEX_POINT ( 'NONE', #883 ) ;
#5214 = DIRECTION ( 'NONE',  ( -1.000000000000000000, 0.0000000000000000000, 0.0000000000000000000 ) ) ;
#5215 = AXIS2_PLACEMENT_3D ( 'NONE', #5552, #4963, #138 ) ;
#5216 = CARTESIAN_POINT ( 'NONE',  ( 12.68629150101520300, -2.735438768656219200E-015, 3.741225307282344200E-014 ) ) ;
#5217 = EDGE_CURVE ( 'NONE', #6825, #6308, #7376, .T. ) ;
#5218 = DIRECTION ( 'NONE',  ( 1.000000000000000000, 0.0000000000000000000, 0.0000000000000000000 ) ) ;
#5219 = EDGE_LOOP ( 'NONE', ( #1680, #376, #4870, #3804 ) ) ;
#5220 = CONICAL_SURFACE ( 'NONE', #1569, 2.024999999999999000, 0.7853981633974846900 ) ;
#5221 = CARTESIAN_POINT ( 'NONE',  ( 0.1249999999999921500, 8.000000000000035500, -18.02499999999993800 ) ) ;
#5222 = EDGE_LOOP ( 'NONE', ( #620, #2739, #1536, #6646 ) ) ;
#5223 = ORIENTED_EDGE ( 'NONE', *, *, #6819, .T. ) ;
#5224 = CARTESIAN_POINT ( 'NONE',  ( 2.479720420449101200, 18.47972042044905900, -2.499999999999980900 ) ) ;
#5225 = ORIENTED_EDGE ( 'NONE', *, *, #4726, .F. ) ;
#5226 = VECTOR ( 'NONE', #549, 1000.000000000000000 ) ;
#5227 = ORIENTED_EDGE ( 'NONE', *, *, #1924, .F. ) ;
#5228 = CARTESIAN_POINT ( 'NONE',  ( 31.99999999999997900, 8.000000000000007100, -2.499999999999899200 ) ) ;
#5229 = CARTESIAN_POINT ( 'NONE',  ( 31.99999999999995400, -7.999999999999992900, -2.499999999999899200 ) ) ;
#5230 = LINE ( 'NONE', #506, #7709 ) ;
#5231 = ORIENTED_EDGE ( 'NONE', *, *, #5612, .F. ) ;
#5232 = DIRECTION ( 'NONE',  ( 0.0000000000000000000, 0.0000000000000000000, 1.000000000000000000 ) ) ;
#5233 = CARTESIAN_POINT ( 'NONE',  ( 16.99999999999997200, 8.572527594031473200E-016, -0.1249999999998421400 ) ) ;
#5234 = DIRECTION ( 'NONE',  ( 8.360113137237631100E-017, 0.0000000000000000000, -1.000000000000000000 ) ) ;
#5235 = CARTESIAN_POINT ( 'NONE',  ( -1.301042606982605300E-015, -6.938893903907228400E-015, -35.99999999999996400 ) ) ;
#5236 = APPROVAL_PERSON_ORGANIZATION ( #2127, #4253, #4528 ) ;
#5237 = AXIS2_PLACEMENT_3D ( 'NONE', #2003, #4460, #258 ) ;
#5238 = DIRECTION ( 'NONE',  ( 1.084202172485505700E-017, 0.0000000000000000000, 1.000000000000000000 ) ) ;
#5239 = VECTOR ( 'NONE', #2041, 1000.000000000000000 ) ;
#5240 = ADVANCED_FACE ( 'NONE', ( #3496 ), #3224, .F. ) ;
#5241 = VERTEX_POINT ( 'NONE', #4477 ) ;
#5242 = CARTESIAN_POINT ( 'NONE',  ( 26.02499999999996700, -11.31370849898476100, -0.1249999999998050000 ) ) ;
#5243 = ORIENTED_EDGE ( 'NONE', *, *, #1626, .T. ) ;
#5244 = FACE_OUTER_BOUND ( 'NONE', #6558, .T. ) ;
#5245 = DIRECTION ( 'NONE',  ( 1.000000000000000000, -0.0000000000000000000, 8.360113137237629900E-017 ) ) ;
#5246 = EDGE_CURVE ( 'NONE', #19, #2498, #4820, .T. ) ;
#5247 = FACE_OUTER_BOUND ( 'NONE', #1122, .T. ) ;
#5248 = AXIS2_PLACEMENT_3D ( 'NONE', #147, #1463, #2106 ) ;
#5249 = ORIENTED_EDGE ( 'NONE', *, *, #4413, .F. ) ;
#5250 = ORIENTED_EDGE ( 'NONE', *, *, #5546, .F. ) ;
#5251 = VECTOR ( 'NONE', #7260, 1000.000000000000000 ) ;
#5252 = VECTOR ( 'NONE', #1919, 1000.000000000000100 ) ;
#5253 = ORIENTED_EDGE ( 'NONE', *, *, #1502, .F. ) ;
#5254 = CARTESIAN_POINT ( 'NONE',  ( 2.375000000000014200, 8.000000000000035500, -18.02499999999993800 ) ) ;
#5255 = ORIENTED_EDGE ( 'NONE', *, *, #6853, .F. ) ;
#5256 = FACE_OUTER_BOUND ( 'NONE', #1040, .T. ) ;
#5257 = CARTESIAN_POINT ( 'NONE',  ( 15.51471862576141400, 8.485281374238567800, -2.499999999999944900 ) ) ;
#5258 = CARTESIAN_POINT ( 'NONE',  ( -1.734723475976807100E-015, -8.485281374238571300, -32.48528137423853200 ) ) ;
#5259 = LINE ( 'NONE', #3560, #1227 ) ;
#5260 = CARTESIAN_POINT ( 'NONE',  ( 2.374999999999990200, -16.00000000000000000, -4.499999999999975100 ) ) ;
#5261 = ORIENTED_EDGE ( 'NONE', *, *, #3790, .T. ) ;
#5262 = PLANE ( 'NONE',  #10 ) ;
#5263 = ORIENTED_EDGE ( 'NONE', *, *, #5293, .T. ) ;
#5264 = EDGE_CURVE ( 'NONE', #2999, #7139, #1628, .T. ) ;
#5265 = EDGE_CURVE ( 'NONE', #2456, #6798, #603, .T. ) ;
#5266 = CARTESIAN_POINT ( 'NONE',  ( 12.68629150101520300, 2.025000000000002600, 1.461504528510460000E-013 ) ) ;
#5267 = CIRCLE ( 'NONE', #1236, 2.025000000000006100 ) ;
#5268 = CARTESIAN_POINT ( 'NONE',  ( 0.1249999999999937700, -9.431891231902751500, -30.56810876809718600 ) ) ;
#5269 = AXIS2_PLACEMENT_3D ( 'NONE', #3836, #5605, #854 ) ;
#5270 = ORIENTED_EDGE ( 'NONE', *, *, #4016, .F. ) ;
#5271 = FACE_OUTER_BOUND ( 'NONE', #1611, .T. ) ;
#5272 = CARTESIAN_POINT ( 'NONE',  ( 15.99999999999997900, 8.000000000000035500, -0.1249999999998299100 ) ) ;
#5273 = ORIENTED_EDGE ( 'NONE', *, *, #4341, .F. ) ;
#5274 = ADVANCED_FACE ( 'NONE', ( #5364 ), #2179, .F. ) ;
#5275 = ORIENTED_EDGE ( 'NONE', *, *, #2061, .T. ) ;
#5276 = CIRCLE ( 'NONE', #260, 2.024999999999999000 ) ;
#5277 = CARTESIAN_POINT ( 'NONE',  ( 2.375000000000009300, -2.735438768656219200E-015, -14.71129150101520700 ) ) ;
#5278 = LINE ( 'NONE', #6438, #1889 ) ;
#5279 = DIRECTION ( 'NONE',  ( -5.055354680658670800E-015, 1.000000000000000000, -1.403142791028454100E-029 ) ) ;
#5280 = ORIENTED_EDGE ( 'NONE', *, *, #4138, .F. ) ;
#5281 = CARTESIAN_POINT ( 'NONE',  ( -1.846938206248648600E-016, -10.00556095378964400, -17.03499820531249000 ) ) ;
#5282 = ORIENTED_EDGE ( 'NONE', *, *, #4247, .F. ) ;
#5283 = DIRECTION ( 'NONE',  ( -1.000000000000000000, -1.263838670164661400E-015, 0.0000000000000000000 ) ) ;
#5284 = DIRECTION ( 'NONE',  ( 1.000000000000000000, -0.0000000000000000000, 8.360113137237629900E-017 ) ) ;
#5285 = EDGE_CURVE ( 'NONE', #4613, #2355, #5091, .T. ) ;
#5286 = VECTOR ( 'NONE', #3986, 1000.000000000000000 ) ;
#5287 = VERTEX_POINT ( 'NONE', #2682 ) ;
#5288 = CARTESIAN_POINT ( 'NONE',  ( 23.99999999999996800, 16.00000000000000000, -0.1249999999999293300 ) ) ;
#5289 = AXIS2_PLACEMENT_3D ( 'NONE', #480, #6982, #429 ) ;
#5290 = FACE_OUTER_BOUND ( 'NONE', #7095, .T. ) ;
#5291 = EDGE_LOOP ( 'NONE', ( #6225, #1754, #5255, #6009 ) ) ;
#5292 = EDGE_CURVE ( 'NONE', #6164, #2258, #4071, .T. ) ;
#5293 = EDGE_CURVE ( 'NONE', #184, #191, #6931, .T. ) ;
#5294 = CARTESIAN_POINT ( 'NONE',  ( 4.038298004457692600E-015, -2.024999999999955900, -2.374999999999969800 ) ) ;
#5295 = ORIENTED_EDGE ( 'NONE', *, *, #6675, .T. ) ;
#5296 = EDGE_CURVE ( 'NONE', #5047, #6858, #3785, .T. ) ;
#5297 = VECTOR ( 'NONE', #2590, 1000.000000000000000 ) ;
#5298 = ORIENTED_EDGE ( 'NONE', *, *, #6874, .T. ) ;
#5299 = ORIENTED_EDGE ( 'NONE', *, *, #3702, .T. ) ;
#5300 = CARTESIAN_POINT ( 'NONE',  ( 31.99999999999997900, 8.000000000000007100, -2.499999999999899200 ) ) ;
#5301 = CARTESIAN_POINT ( 'NONE',  ( -2.333233387264476700E-016, -5.520279579551024400, -21.52027957955110800 ) ) ;
#5302 = EDGE_CURVE ( 'NONE', #6551, #2999, #5746, .T. ) ;
#5303 = DIRECTION ( 'NONE',  ( 0.0000000000000000000, 0.0000000000000000000, -1.000000000000000000 ) ) ;
#5304 = CARTESIAN_POINT ( 'NONE',  ( -3.828719947311910000E-016, -2.150000000000027400, -35.31370849898473100 ) ) ;
#5305 = ORIENTED_EDGE ( 'NONE', *, *, #3828, .F. ) ;
#5306 = AXIS2_PLACEMENT_3D ( 'NONE', #1335, #231, #2553 ) ;
#5307 = CONICAL_SURFACE ( 'NONE', #101, 2.149999999999999000, 0.7853981633974570500 ) ;
#5308 = ORIENTED_EDGE ( 'NONE', *, *, #2884, .F. ) ;
#5309 = ORIENTED_EDGE ( 'NONE', *, *, #2512, .F. ) ;
#5310 = CARTESIAN_POINT ( 'NONE',  ( 2.499999999999989300, -15.87499999999999300, 6.505213034913003900E-016 ) ) ;
#5311 = ADVANCED_FACE ( 'NONE', ( #6200 ), #6744, .F. ) ;
#5312 = CARTESIAN_POINT ( 'NONE',  ( 2.499999999999999100, -6.938893903907228400E-015, -38.14999999999996300 ) ) ;
#5313 = ORIENTED_EDGE ( 'NONE', *, *, #1397, .F. ) ;
#5314 = DIRECTION ( 'NONE',  ( 0.0000000000000000000, 0.0000000000000000000, 1.000000000000000000 ) ) ;
#5315 = CONICAL_SURFACE ( 'NONE', #6012, 2.150000000000012800, 0.7853981633974500600 ) ;
#5316 = DIRECTION ( 'NONE',  ( 2.775557561562893700E-015, 0.0000000000000000000, -1.000000000000000000 ) ) ;
#5317 = VERTEX_POINT ( 'NONE', #1432 ) ;
#5318 = CIRCLE ( 'NONE', #2529, 2.150000000000027000 ) ;
#5319 = AXIS2_PLACEMENT_3D ( 'NONE', #907, #267, #6276 ) ;
#5320 = LINE ( 'NONE', #4530, #450 ) ;
#5321 = CARTESIAN_POINT ( 'NONE',  ( 2.499999999999993300, 10.00556095378959400, -17.03499820531243700 ) ) ;
#5322 = ORIENTED_EDGE ( 'NONE', *, *, #3495, .F. ) ;
#5323 = EDGE_LOOP ( 'NONE', ( #2810, #5513, #2802, #3700 ) ) ;
#5324 = CARTESIAN_POINT ( 'NONE',  ( 2.374999999999988500, -11.99999999999999300, -21.97499999999996600 ) ) ;
#5325 = LINE ( 'NONE', #596, #6249 ) ;
#5326 = LINE ( 'NONE', #5374, #3744 ) ;
#5327 = CARTESIAN_POINT ( 'NONE',  ( -1.682109163955186400E-016, 8.485281374238567800, -13.36471862576146000 ) ) ;
#5328 = EDGE_CURVE ( 'NONE', #6090, #4780, #4629, .T. ) ;
#5330 = ORIENTED_EDGE ( 'NONE', *, *, #4267, .F. ) ;
#5329 = CARTESIAN_POINT ( 'NONE',  ( 2.375000000000006200, 2.024999999999994600, 1.892009789029168000E-015 ) ) ;
#5331 = CARTESIAN_POINT ( 'NONE',  ( 0.1249999999999923100, 7.053390142335828700, -14.08282739385867000 ) ) ;
#5332 = ORIENTED_EDGE ( 'NONE', *, *, #5997, .T. ) ;
#5333 = VECTOR ( 'NONE', #7484, 1000.000000000000000 ) ;
#5334 = FACE_BOUND ( 'NONE', #5376, .T. ) ;
#5335 = DIRECTION ( 'NONE',  ( -1.000000000000000000, 0.0000000000000000000, 0.0000000000000000000 ) ) ;
#5336 = DIRECTION ( 'NONE',  ( -7.666467083416855300E-018, -0.7071067811865493500, -0.7071067811865455700 ) ) ;
#5337 = ORIENTED_EDGE ( 'NONE', *, *, #2897, .T. ) ;
#5338 = ORIENTED_EDGE ( 'NONE', *, *, #1645, .F. ) ;
#5339 = FACE_OUTER_BOUND ( 'NONE', #1067, .T. ) ;
#5340 = EDGE_CURVE ( 'NONE', #2054, #6949, #3034, .T. ) ;
#5341 = AXIS2_PLACEMENT_3D ( 'NONE', #3972, #4499, #985 ) ;
#5342 = LINE ( 'NONE', #357, #1959 ) ;
#5343 = ORIENTED_EDGE ( 'NONE', *, *, #1729, .T. ) ;
#5344 = VERTEX_POINT ( 'NONE', #6473 ) ;
#5345 = ADVANCED_FACE ( 'NONE', ( #1987 ), #1630, .T. ) ;
#5346 = DIRECTION ( 'NONE',  ( -1.000000000000000000, -5.055354680658670800E-015, -2.914001035115545500E-015 ) ) ;
#5347 = CIRCLE ( 'NONE', #3206, 2.149999999999994100 ) ;
#5348 = AXIS2_PLACEMENT_3D ( 'NONE', #3468, #1637, #7602 ) ;
#5349 = EDGE_LOOP ( 'NONE', ( #1618, #842, #1222, #6851 ) ) ;
#5350 = DIRECTION ( 'NONE',  ( 0.7071067811865455700, 0.7071067811865493500, 2.085279046689384300E-015 ) ) ;
#5351 = EDGE_CURVE ( 'NONE', #5146, #6164, #1804, .T. ) ;
#5352 = DIRECTION ( 'NONE',  ( 1.000000000000000000, -0.0000000000000000000, 8.360113137237629900E-017 ) ) ;
#5353 = DIRECTION ( 'NONE',  ( -0.7071067811865684400, 0.7071067811865267000, 2.628392369975910900E-016 ) ) ;
#5354 = DIRECTION ( 'NONE',  ( -5.911492690827443700E-017, 0.7071067811865506800, 0.7071067811865443500 ) ) ;
#5355 = ORIENTED_EDGE ( 'NONE', *, *, #5618, .T. ) ;
#5356 = EDGE_LOOP ( 'NONE', ( #5431, #7620, #2168, #982, #4675 ) ) ;
#5357 = DIRECTION ( 'NONE',  ( -0.7071067811865342500, 0.5000000000000143200, -0.5000000000000044400 ) ) ;
#5358 = LINE ( 'NONE', #4750, #4345 ) ;
#5359 = CIRCLE ( 'NONE', #838, 2.025000000000006100 ) ;
#5360 = CARTESIAN_POINT ( 'NONE',  ( 2.374999999999992900, -7.053390142335814500, -14.08282739385865900 ) ) ;
#5361 = AXIS2_PLACEMENT_3D ( 'NONE', #5229, #2284, #7036 ) ;
#5362 = LINE ( 'NONE', #861, #122 ) ;
#5363 = EDGE_LOOP ( 'NONE', ( #6740, #6059, #4380, #3614, #2977 ) ) ;
#5364 = FACE_OUTER_BOUND ( 'NONE', #2299, .T. ) ;
#5365 = DIRECTION ( 'NONE',  ( -0.7071067811865451300, -0.5000000000000035500, 0.4999999999999999400 ) ) ;
#5366 = CIRCLE ( 'NONE', #4390, 2.150000000000023400 ) ;
#5367 = VECTOR ( 'NONE', #3380, 1000.000000000000000 ) ;
#5369 = ORIENTED_EDGE ( 'NONE', *, *, #5296, .T. ) ;
#5368 = CARTESIAN_POINT ( 'NONE',  ( 2.375000000000007500, -2.025000000000001700, -35.99999999999996400 ) ) ;
#5370 = ORIENTED_EDGE ( 'NONE', *, *, #4809, .F. ) ;
#5371 = AXIS2_PLACEMENT_3D ( 'NONE', #1390, #1977, #6138 ) ;
#5372 = CARTESIAN_POINT ( 'NONE',  ( 2.374999999999976500, 10.56810876809728600, -10.56810876809743900 ) ) ;
#5373 = VECTOR ( 'NONE', #2719, 1000.000000000000000 ) ;
#5374 = CARTESIAN_POINT ( 'NONE',  ( 23.99999999999996800, -16.00000000000000700, -0.1249999999999293300 ) ) ;
#5375 = DIRECTION ( 'NONE',  ( 1.084202172485505400E-017, -1.263838670164661400E-015, 1.000000000000000000 ) ) ;
#5376 = EDGE_LOOP ( 'NONE', ( #989, #6533, #6287, #2437, #5937 ) ) ;
#5377 = CARTESIAN_POINT ( 'NONE',  ( 0.1249999999999998600, -11.31370849898476100, -21.97499999999996200 ) ) ;
#5378 = EDGE_CURVE ( 'NONE', #198, #7586, #6564, .T. ) ;
#5379 = ADVANCED_FACE ( 'NONE', ( #4999 ), #7014, .F. ) ;
#5380 = EDGE_CURVE ( 'NONE', #5287, #6412, #876, .T. ) ;
#5381 = ORIENTED_EDGE ( 'NONE', *, *, #2237, .T. ) ;
#5382 = AXIS2_PLACEMENT_3D ( 'NONE', #1592, #5156, #1064 ) ;
#5383 = LINE ( 'NONE', #2563, #4184 ) ;
#5384 = VERTEX_POINT ( 'NONE', #1678 ) ;
#5385 = CARTESIAN_POINT ( 'NONE',  ( 26.02499999999996700, 11.99999999999999300, -0.1249999999998050300 ) ) ;
#5386 = CARTESIAN_POINT ( 'NONE',  ( 23.99999999999997500, 0.0000000000000000000, -2.374999999999921000 ) ) ;
#5387 = DIRECTION ( 'NONE',  ( 0.0000000000000000000, 0.0000000000000000000, 1.000000000000000000 ) ) ;
#5388 = VERTEX_POINT ( 'NONE', #7570 ) ;
#5389 = EDGE_CURVE ( 'NONE', #7704, #1522, #5276, .T. ) ;
#5390 = ADVANCED_FACE ( 'NONE', ( #3411 ), #311, .F. ) ;
#5391 = LINE ( 'NONE', #5200, #3808 ) ;
#5392 = VERTEX_POINT ( 'NONE', #2857 ) ;
#5393 = AXIS2_PLACEMENT_3D ( 'NONE', #721, #2543, #4366 ) ;
#5394 = CARTESIAN_POINT ( 'NONE',  ( 15.99999999999998600, 8.000000000000035500, -2.499999999999943600 ) ) ;
#5395 = DIRECTION ( 'NONE',  ( 0.0000000000000000000, 0.0000000000000000000, 1.000000000000000000 ) ) ;
#5396 = DIRECTION ( 'NONE',  ( -2.409450020354303200E-015, 0.7071067811865622300, 0.7071067811865328100 ) ) ;
#5397 = EDGE_LOOP ( 'NONE', ( #3762, #7166, #1068, #6748 ) ) ;
#5398 = VECTOR ( 'NONE', #5574, 1000.000000000000000 ) ;
#5399 = EDGE_LOOP ( 'NONE', ( #523, #7174, #7553, #3613 ) ) ;
#5400 = DIRECTION ( 'NONE',  ( 2.914001035115545500E-015, -0.0000000000000000000, -1.000000000000000000 ) ) ;
#5401 = DIRECTION ( 'NONE',  ( 8.360113137237638500E-017, 0.0000000000000000000, -1.000000000000000000 ) ) ;
#5402 = EDGE_CURVE ( 'NONE', #388, #3021, #2555, .T. ) ;
#5403 = EDGE_CURVE ( 'NONE', #191, #2198, #4909, .T. ) ;
#5404 = DIRECTION ( 'NONE',  ( -1.000000000000000000, -0.0000000000000000000, -0.0000000000000000000 ) ) ;
#5405 = CARTESIAN_POINT ( 'NONE',  ( 35.31370849898473100, 2.149999999999891100, 1.041411825668839500E-013 ) ) ;
#5406 = LINE ( 'NONE', #752, #6237 ) ;
#5407 = ORIENTED_EDGE ( 'NONE', *, *, #4553, .F. ) ;
#5408 = ORIENTED_EDGE ( 'NONE', *, *, #3534, .T. ) ;
#5409 = CIRCLE ( 'NONE', #5341, 2.150000000000019900 ) ;
#5410 = DIRECTION ( 'NONE',  ( 1.084202172485505400E-017, 1.263838670164661400E-015, 1.000000000000000000 ) ) ;
#5411 = CONICAL_SURFACE ( 'NONE', #4475, 2.024999999999957300, 0.7853981633974778100 ) ;
#5412 = CARTESIAN_POINT ( 'NONE',  ( 2.499999999999993800, 8.000000000000035500, -18.14999999999992400 ) ) ;
#5413 = ORIENTED_EDGE ( 'NONE', *, *, #3662, .T. ) ;
#5414 = VERTEX_POINT ( 'NONE', #1107 ) ;
#5415 = FACE_OUTER_BOUND ( 'NONE', #5349, .T. ) ;
#5416 = AXIS2_PLACEMENT_3D ( 'NONE', #2596, #2648, #7391 ) ;
#5417 = DIRECTION ( 'NONE',  ( -1.000000000000000000, 0.0000000000000000000, 0.0000000000000000000 ) ) ;
#5418 = ADVANCED_FACE ( 'NONE', ( #969 ), #6293, .F. ) ;
#5419 = LINE ( 'NONE', #2769, #6251 ) ;
#5420 = CARTESIAN_POINT ( 'NONE',  ( -2.866473791930351200E-015, -8.000000000000000000, -18.02499999999995600 ) ) ;
#5421 = ORIENTED_EDGE ( 'NONE', *, *, #7410, .T. ) ;
#5422 = CARTESIAN_POINT ( 'NONE',  ( 15.99999999999997900, 8.000000000000035500, -0.1249999999998298900 ) ) ;
#5423 = ORIENTED_EDGE ( 'NONE', *, *, #2279, .F. ) ;
#5424 = FACE_OUTER_BOUND ( 'NONE', #1892, .T. ) ;
#5425 = DIRECTION ( 'NONE',  ( 1.839952100020037400E-016, -0.7071067811865526800, -0.7071067811865424700 ) ) ;
#5426 = CARTESIAN_POINT ( 'NONE',  ( 0.1250000000000143200, 9.917172606141329900, -31.05339014233577500 ) ) ;
#5427 = EDGE_CURVE ( 'NONE', #5578, #2054, #5925, .T. ) ;
#5428 = LINE ( 'NONE', #6784, #6715 ) ;
#5429 = CARTESIAN_POINT ( 'NONE',  ( 12.68629150101520300, 2.025000000000002600, -0.1249999999998620100 ) ) ;
#5430 = ADVANCED_FACE ( 'NONE', ( #4355 ), #5834, .T. ) ;
#5431 = ORIENTED_EDGE ( 'NONE', *, *, #2894, .F. ) ;
#5432 = PLANE ( 'NONE',  #3377 ) ;
#5433 = ORIENTED_EDGE ( 'NONE', *, *, #3043, .T. ) ;
#5434 = FACE_OUTER_BOUND ( 'NONE', #534, .T. ) ;
#5435 = CIRCLE ( 'NONE', #3056, 2.025000000000002600 ) ;
#5436 = EDGE_CURVE ( 'NONE', #1404, #5778, #4992, .T. ) ;
#5437 = ORIENTED_EDGE ( 'NONE', *, *, #1794, .T. ) ;
#5438 = CARTESIAN_POINT ( 'NONE',  ( 4.499999999999990200, 16.00000000000000000, -4.499999999999974200 ) ) ;
#5439 = ORIENTED_EDGE ( 'NONE', *, *, #2629, .F. ) ;
#5440 = EDGE_CURVE ( 'NONE', #3289, #2450, #7102, .T. ) ;
#5441 = CIRCLE ( 'NONE', #1493, 2.025000000000002600 ) ;
#5442 = PLANE ( 'NONE',  #505 ) ;
#5443 = EDGE_LOOP ( 'NONE', ( #3046, #2297, #3562, #7203 ) ) ;
#5444 = DIRECTION ( 'NONE',  ( 1.084202172485505400E-017, 0.0000000000000000000, 1.000000000000000000 ) ) ;
#5445 = EDGE_CURVE ( 'NONE', #6858, #3624, #2934, .T. ) ;
#5446 = EDGE_CURVE ( 'NONE', #1970, #5178, #6478, .T. ) ;
#5447 = AXIS2_PLACEMENT_3D ( 'NONE', #4019, #2933, #7078 ) ;
#5448 = VECTOR ( 'NONE', #5357, 1000.000000000000000 ) ;
#5449 = DIRECTION ( 'NONE',  ( -0.7071067811865474600, 0.0000000000000000000, 0.7071067811865475700 ) ) ;
#5450 = ORIENTED_EDGE ( 'NONE', *, *, #90, .T. ) ;
#5451 = EDGE_CURVE ( 'NONE', #2506, #2467, #3314, .T. ) ;
#5452 = CARTESIAN_POINT ( 'NONE',  ( 35.31370849898473100, 1.349909078679433100E-015, 2.194425197110661000E-013 ) ) ;
#5453 = VERTEX_POINT ( 'NONE', #5934 ) ;
#5454 = CARTESIAN_POINT ( 'NONE',  ( 0.1249999999999921500, 9.431891231902733700, -17.43189123190268200 ) ) ;
#5455 = CARTESIAN_POINT ( 'NONE',  ( -2.602085213965209700E-016, 15.87499999999999300, -23.99999999999996800 ) ) ;
#5456 = CIRCLE ( 'NONE', #2562, 2.149999999999999000 ) ;
#5457 = CIRCLE ( 'NONE', #5731, 2.025000000000009200 ) ;
#5458 = ADVANCED_FACE ( 'NONE', ( #2751 ), #633, .F. ) ;
#5459 = ORIENTED_EDGE ( 'NONE', *, *, #2883, .T. ) ;
#5460 = ORIENTED_EDGE ( 'NONE', *, *, #7282, .F. ) ;
#5461 = VERTEX_POINT ( 'NONE', #5961 ) ;
#5462 = CARTESIAN_POINT ( 'NONE',  ( 0.0000000000000000000, 16.00000000000000000, 0.0000000000000000000 ) ) ;
#5463 = PLANE ( 'NONE',  #970 ) ;
#5464 = CARTESIAN_POINT ( 'NONE',  ( -2.835188681049592600E-016, -11.31370849898476100, -26.14999999999996700 ) ) ;
#5465 = CARTESIAN_POINT ( 'NONE',  ( -2.602085213965208700E-016, -11.99999999999999300, -23.99999999999996100 ) ) ;
#5466 = CONICAL_SURFACE ( 'NONE', #6165, 2.024999999999988800, 0.7853981633974611600 ) ;
#5467 = ORIENTED_EDGE ( 'NONE', *, *, #1822, .F. ) ;
#5468 = ADVANCED_FACE ( 'NONE', ( #3969 ), #5735, .F. ) ;
#5469 = DIRECTION ( 'NONE',  ( 1.000000000000000000, -0.0000000000000000000, 8.360113137237629900E-017 ) ) ;
#5470 = EDGE_CURVE ( 'NONE', #6798, #7483, #5748, .T. ) ;
#5471 = CYLINDRICAL_SURFACE ( 'NONE', #4631, 2.025000000000002600 ) ;
#5472 = ORIENTED_EDGE ( 'NONE', *, *, #5378, .F. ) ;
#5473 = AXIS2_PLACEMENT_3D ( 'NONE', #3593, #24, #3645 ) ;
#5474 = PLANE ( 'NONE',  #4708 ) ;
#5475 = CARTESIAN_POINT ( 'NONE',  ( 33.52027957955108000, 6.479720420448909800, -2.499999999999894800 ) ) ;
#5476 = DIRECTION ( 'NONE',  ( 1.000000000000000000, -0.0000000000000000000, 8.360113137237629900E-017 ) ) ;
#5477 = PLANE ( 'NONE',  #5503 ) ;
#5478 = DIRECTION ( 'NONE',  ( -2.017120320903252100E-016, 0.0000000000000000000, 1.000000000000000000 ) ) ;
#5479 = FACE_OUTER_BOUND ( 'NONE', #6253, .T. ) ;
#5480 = ORIENTED_EDGE ( 'NONE', *, *, #307, .T. ) ;
#5481 = ORIENTED_EDGE ( 'NONE', *, *, #4327, .F. ) ;
#5482 = EDGE_CURVE ( 'NONE', #4744, #7680, #2548, .T. ) ;
#5483 = CARTESIAN_POINT ( 'NONE',  ( -4.336808689942017700E-016, 16.00000000000000000, -4.499999999999974200 ) ) ;
#5484 = ORIENTED_EDGE ( 'NONE', *, *, #4388, .F. ) ;
#5485 = CARTESIAN_POINT ( 'NONE',  ( 30.56810876809718600, -9.431891231902753200, -0.1249999999997850300 ) ) ;
#5486 = ORIENTED_EDGE ( 'NONE', *, *, #1033, .F. ) ;
#5487 = DIRECTION ( 'NONE',  ( 0.4999999999999906200, -0.4999999999999972200, 0.7071067811865561200 ) ) ;
#5488 = CARTESIAN_POINT ( 'NONE',  ( 2.374999999999990200, -13.43189123190277100, -13.43189123190284600 ) ) ;
#5489 = EDGE_CURVE ( 'NONE', #5088, #6311, #4538, .T. ) ;
#5490 = ORIENTED_EDGE ( 'NONE', *, *, #677, .T. ) ;
#5491 = AXIS2_PLACEMENT_3D ( 'NONE', #3964, #2140, #2775 ) ;
#5492 = LINE ( 'NONE', #7253, #7606 ) ;
#5493 = DIRECTION ( 'NONE',  ( 2.914001035115545500E-015, -0.0000000000000000000, -1.000000000000000000 ) ) ;
#5494 = VERTEX_POINT ( 'NONE', #4175 ) ;
#5495 = ADVANCED_FACE ( 'NONE', ( #1712 ), #6922, .F. ) ;
#5496 = CARTESIAN_POINT ( 'NONE',  ( 4.499999999999976900, -16.00000000000000000, -0.1249999999999868300 ) ) ;
#5497 = CIRCLE ( 'NONE', #6283, 2.150000000000002600 ) ;
#5498 = VECTOR ( 'NONE', #7499, 1000.000000000000000 ) ;
#5499 = EDGE_CURVE ( 'NONE', #3219, #3908, #405, .T. ) ;
#5500 = ADVANCED_FACE ( 'NONE', ( #3506 ), #7671, .T. ) ;
#5501 = EDGE_LOOP ( 'NONE', ( #504, #4246, #5023, #2860, #3734 ) ) ;
#5502 = DIRECTION ( 'NONE',  ( 7.666467083416904600E-018, 0.7071067811865450200, 0.7071067811865500200 ) ) ;
#5503 = AXIS2_PLACEMENT_3D ( 'NONE', #724, #671, #1838 ) ;
#5504 = CIRCLE ( 'NONE', #493, 2.024999999999991900 ) ;
#5505 = CARTESIAN_POINT ( 'NONE',  ( 0.1250000000000035800, -2.024999999999994600, 1.272659297996820200E-015 ) ) ;
#5506 = VERTEX_POINT ( 'NONE', #7705 ) ;
#5507 = EDGE_CURVE ( 'NONE', #4558, #184, #3324, .T. ) ;
#5508 = EDGE_LOOP ( 'NONE', ( #5309, #3625, #3492, #2595 ) ) ;
#5509 = CARTESIAN_POINT ( 'NONE',  ( 12.68629150101521000, -2.150000000000034600, -2.499999999999952900 ) ) ;
#5510 = VECTOR ( 'NONE', #3621, 1000.000000000000000 ) ;
#5511 = DIRECTION ( 'NONE',  ( -1.000000000000000000, 0.0000000000000000000, -2.949029909160573600E-015 ) ) ;
#5512 = VECTOR ( 'NONE', #6763, 1000.000000000000000 ) ;
#5513 = ORIENTED_EDGE ( 'NONE', *, *, #6341, .F. ) ;
#5514 = ORIENTED_EDGE ( 'NONE', *, *, #4570, .T. ) ;
#5515 = PLANE ( 'NONE',  #4174 ) ;
#5516 = CIRCLE ( 'NONE', #2267, 2.024999999999999000 ) ;
#5517 = LINE ( 'NONE', #6601, #188 ) ;
#5518 = CARTESIAN_POINT ( 'NONE',  ( 0.1250000000000034400, -2.025000000000005200, -12.68629150101520300 ) ) ;
#5519 = ORIENTED_EDGE ( 'NONE', *, *, #3051, .T. ) ;
#5520 = ORIENTED_EDGE ( 'NONE', *, *, #1779, .F. ) ;
#5521 = DIRECTION ( 'NONE',  ( -2.775557561562893700E-015, -0.0000000000000000000, 1.000000000000000000 ) ) ;
#5522 = EDGE_CURVE ( 'NONE', #6464, #1404, #3777, .T. ) ;
#5523 = CARTESIAN_POINT ( 'NONE',  ( 21.97499999999996600, -11.99999999999999300, 1.765081136806401200E-013 ) ) ;
#5524 = CARTESIAN_POINT ( 'NONE',  ( 34.00556095378963300, -6.965001794687477600, -2.499999999999893400 ) ) ;
#5525 = AXIS2_PLACEMENT_3D ( 'NONE', #5422, #6047, #1290 ) ;
#5526 = FACE_OUTER_BOUND ( 'NONE', #4769, .T. ) ;
#5527 = DIRECTION ( 'NONE',  ( 0.0000000000000000000, 0.0000000000000000000, -1.000000000000000000 ) ) ;
#5528 = ORIENTED_EDGE ( 'NONE', *, *, #7665, .T. ) ;
#5529 = PLANE ( 'NONE',  #7284 ) ;
#5530 = VERTEX_POINT ( 'NONE', #4228 ) ;
#5531 = DIRECTION ( 'NONE',  ( -1.000000000000000000, 0.0000000000000000000, 0.0000000000000000000 ) ) ;
#5532 = EDGE_CURVE ( 'NONE', #3606, #906, #5358, .T. ) ;
#5533 = VECTOR ( 'NONE', #4546, 1000.000000000000000 ) ;
#5534 = DIRECTION ( 'NONE',  ( -0.7071067811865506800, -0.7071067811865443500, -2.085279046689399700E-015 ) ) ;
#5535 = CARTESIAN_POINT ( 'NONE',  ( 2.499999999999989300, -15.87499999999999300, 6.505213034913003900E-016 ) ) ;
#5536 = AXIS2_PLACEMENT_3D ( 'NONE', #6730, #193, #5012 ) ;
#5537 = DIRECTION ( 'NONE',  ( 1.084202172485506400E-017, 0.0000000000000000000, 1.000000000000000000 ) ) ;
#5538 = ORIENTED_EDGE ( 'NONE', *, *, #2188, .T. ) ;
#5539 = ADVANCED_FACE ( 'NONE', ( #3137 ), #1975, .F. ) ;
#5540 = LINE ( 'NONE', #709, #3129 ) ;
#5541 = LINE ( 'NONE', #7210, #7186 ) ;
#5542 = ORIENTED_EDGE ( 'NONE', *, *, #5591, .F. ) ;
#5543 = CIRCLE ( 'NONE', #1143, 2.149999999999888000 ) ;
#5544 = EDGE_CURVE ( 'NONE', #3920, #6447, #1342, .T. ) ;
#5545 = ORIENTED_EDGE ( 'NONE', *, *, #3952, .T. ) ;
#5546 = EDGE_CURVE ( 'NONE', #3825, #890, #1350, .T. ) ;
#5547 = CARTESIAN_POINT ( 'NONE',  ( 2.499999999999992900, -2.735438768656219200E-015, -12.68629150101520300 ) ) ;
#5548 = CONICAL_SURFACE ( 'NONE', #7587, 2.025000000000006100, 0.7853981633974657100 ) ;
#5549 = VECTOR ( 'NONE', #370, 1000.000000000000000 ) ;
#5550 = FACE_OUTER_BOUND ( 'NONE', #2429, .T. ) ;
#5551 = DIRECTION ( 'NONE',  ( 0.7071067811865607800, -0.4999999999999955600, 0.4999999999999857300 ) ) ;
#5552 = CARTESIAN_POINT ( 'NONE',  ( 2.499999999999990700, 21.52027957955089100, -5.520279579550798800 ) ) ;
#5553 = ORIENTED_EDGE ( 'NONE', *, *, #6665, .F. ) ;
#5554 = VERTEX_POINT ( 'NONE', #5560 ) ;
#5555 = DIRECTION ( 'NONE',  ( 1.084202172485505400E-017, 0.0000000000000000000, 1.000000000000000000 ) ) ;
#5556 = ORIENTED_EDGE ( 'NONE', *, *, #4928, .T. ) ;
#5557 = CARTESIAN_POINT ( 'NONE',  ( 11.99999999999998200, 5.469317744930408200E-015, -2.374999999999917000 ) ) ;
#5558 = CARTESIAN_POINT ( 'NONE',  ( 35.99999999999997200, 2.025000000000001700, -2.374999999999870300 ) ) ;
#5559 = AXIS2_PLACEMENT_3D ( 'NONE', #741, #1957, #790 ) ;
#5560 = CARTESIAN_POINT ( 'NONE',  ( 2.374999999999988000, 11.99999999999999300, -21.97499999999996200 ) ) ;
#5561 = CARTESIAN_POINT ( 'NONE',  ( 23.99999999999997500, 15.87499999999999300, -2.499999999999921000 ) ) ;
#5562 = ORIENTED_EDGE ( 'NONE', *, *, #4809, .T. ) ;
#5563 = VECTOR ( 'NONE', #3074, 999.9999999999998900 ) ;
#5564 = VERTEX_POINT ( 'NONE', #3200 ) ;
#5565 = ORIENTED_EDGE ( 'NONE', *, *, #2016, .F. ) ;
#5566 = DIRECTION ( 'NONE',  ( -0.0000000000000000000, -0.0000000000000000000, -1.000000000000000000 ) ) ;
#5567 = CARTESIAN_POINT ( 'NONE',  ( -2.753612264577642900E-015, 8.572527594031473200E-016, -16.99999999999997200 ) ) ;
#5568 = EDGE_CURVE ( 'NONE', #3624, #483, #4718, .T. ) ;
#5569 = CARTESIAN_POINT ( 'NONE',  ( 35.31370849898473100, -2.025000000000000800, -0.1249999999997827300 ) ) ;
#5570 = ORIENTED_EDGE ( 'NONE', *, *, #5403, .F. ) ;
#5571 = AXIS2_PLACEMENT_3D ( 'NONE', #3925, #6816, #2686 ) ;
#5572 = LINE ( 'NONE', #2677, #6586 ) ;
#5573 = ORIENTED_EDGE ( 'NONE', *, *, #2853, .F. ) ;
#5574 = DIRECTION ( 'NONE',  ( -0.5000000000000018900, 0.4999999999999920100, 0.7071067811865519000 ) ) ;
#5575 = DIRECTION ( 'NONE',  ( -0.7071067811865531200, -0.4999999999999986100, 0.4999999999999936700 ) ) ;
#5576 = ADVANCED_FACE ( 'NONE', ( #590 ), #7322, .T. ) ;
#5577 = DIRECTION ( 'NONE',  ( -1.084202172485505400E-017, 1.263838670164661400E-015, -1.000000000000000000 ) ) ;
#5578 = VERTEX_POINT ( 'NONE', #4945 ) ;
#5579 = EDGE_CURVE ( 'NONE', #2417, #1445, #1723, .T. ) ;
#5580 = VECTOR ( 'NONE', #7469, 1000.000000000000000 ) ;
#5581 = ORIENTED_EDGE ( 'NONE', *, *, #2592, .T. ) ;
#5582 = DIRECTION ( 'NONE',  ( 1.000000000000000000, 0.0000000000000000000, 0.0000000000000000000 ) ) ;
#5583 = AXIS2_PLACEMENT_3D ( 'NONE', #5462, #4301, #1303 ) ;
#5584 = CARTESIAN_POINT ( 'NONE',  ( 0.1250000000000261700, -2.025000000000001700, -35.99999999999996400 ) ) ;
#5585 = LOCAL_TIME ( 16, 8, 3.000000000000000000, #3357 ) ;
#5586 = CARTESIAN_POINT ( 'NONE',  ( -2.003575302677539300E-016, -2.479720420449006600, -18.47972042044884200 ) ) ;
#5587 = DIRECTION ( 'NONE',  ( 1.839952100020047200E-016, 0.7071067811865489100, -0.7071067811865462400 ) ) ;
#5588 = CARTESIAN_POINT ( 'NONE',  ( 26.02499999999991000, -1.315656055641414400E-013, -0.1249999999998053900 ) ) ;
#5589 = ORIENTED_EDGE ( 'NONE', *, *, #3305, .F. ) ;
#5590 = ORIENTED_EDGE ( 'NONE', *, *, #5546, .T. ) ;
#5591 = EDGE_CURVE ( 'NONE', #6334, #1480, #5916, .T. ) ;
#5592 = AXIS2_PLACEMENT_3D ( 'NONE', #3342, #1510, #5152 ) ;
#5593 = DIRECTION ( 'NONE',  ( 0.5000000000000234300, 0.5000000000000135400, 0.7071067811865212600 ) ) ;
#5594 = LINE ( 'NONE', #5633, #4028 ) ;
#5595 = CARTESIAN_POINT ( 'NONE',  ( -2.835188681049593100E-016, 11.31370849898476100, -26.14999999999996700 ) ) ;
#5596 = EDGE_CURVE ( 'NONE', #3281, #2738, #5540, .T. ) ;
#5597 = ORIENTED_EDGE ( 'NONE', *, *, #6444, .T. ) ;
#5598 = CARTESIAN_POINT ( 'NONE',  ( 0.1250000000000175400, 8.000000000000007100, -31.99999999999997200 ) ) ;
#5599 = ORIENTED_EDGE ( 'NONE', *, *, #7057, .F. ) ;
#5600 = FACE_OUTER_BOUND ( 'NONE', #440, .T. ) ;
#5601 = DIRECTION ( 'NONE',  ( -1.000000000000000000, 0.0000000000000000000, 0.0000000000000000000 ) ) ;
#5602 = CARTESIAN_POINT ( 'NONE',  ( 14.56810876809722200, -6.568108768097256500, 1.522219850169648200E-013 ) ) ;
#5603 = CARTESIAN_POINT ( 'NONE',  ( 1.569097669479754900E-014, 2.150000000000027000, -2.499999999999988000 ) ) ;
#5604 = VECTOR ( 'NONE', #1547, 1000.000000000000000 ) ;
#5605 = DIRECTION ( 'NONE',  ( 2.914001035115545500E-015, -0.0000000000000000000, -1.000000000000000000 ) ) ;
#5606 = ORIENTED_EDGE ( 'NONE', *, *, #722, .F. ) ;
#5607 = DIRECTION ( 'NONE',  ( 1.000000000000000000, -0.0000000000000000000, -1.084202172485505400E-017 ) ) ;
#5608 = ORIENTED_EDGE ( 'NONE', *, *, #6999, .T. ) ;
#5609 = CARTESIAN_POINT ( 'NONE',  ( -3.686890306268698600E-016, 6.965001794687468700, -34.00556095378962600 ) ) ;
#5610 = CIRCLE ( 'NONE', #3287, 7.124999999999999100 ) ;
#5611 = AXIS2_PLACEMENT_3D ( 'NONE', #4180, #7161, #5417 ) ;
#5612 = EDGE_CURVE ( 'NONE', #5506, #4250, #127, .T. ) ;
#5613 = FACE_OUTER_BOUND ( 'NONE', #5124, .T. ) ;
#5614 = CARTESIAN_POINT ( 'NONE',  ( 2.499999999999994700, -11.99999999999999300, -21.84999999999994800 ) ) ;
#5616 = ORIENTED_EDGE ( 'NONE', *, *, #2070, .F. ) ;
#5615 = CARTESIAN_POINT ( 'NONE',  ( 10.56810876809729500, 10.56810876809722900, -2.374999999999961800 ) ) ;
#5617 = DIRECTION ( 'NONE',  ( -1.000000000000000000, 0.0000000000000000000, 0.0000000000000000000 ) ) ;
#5618 = EDGE_CURVE ( 'NONE', #5206, #7150, #3590, .T. ) ;
#5619 = EDGE_LOOP ( 'NONE', ( #7516, #6263, #868, #5472 ) ) ;
#5620 = LINE ( 'NONE', #416, #3473 ) ;
#5621 = ADVANCED_FACE ( 'NONE', ( #6553 ), #7225, .T. ) ;
#5622 = LINE ( 'NONE', #4585, #1609 ) ;
#5623 = AXIS2_PLACEMENT_3D ( 'NONE', #1299, #728, #1380 ) ;
#5624 = DIRECTION ( 'NONE',  ( 0.0000000000000000000, 0.0000000000000000000, 1.000000000000000000 ) ) ;
#5625 = ORIENTED_EDGE ( 'NONE', *, *, #4114, .T. ) ;
#5626 = ORIENTED_EDGE ( 'NONE', *, *, #685, .F. ) ;
#5627 = DIRECTION ( 'NONE',  ( 0.7071067811865279200, 0.0000000000000000000, -0.7071067811865672200 ) ) ;
#5628 = CARTESIAN_POINT ( 'NONE',  ( 2.374999999999993800, -8.000000000000000000, -18.02499999999995600 ) ) ;
#5629 = CIRCLE ( 'NONE', #4755, 2.025000000000002600 ) ;
#5630 = DIRECTION ( 'NONE',  ( 1.084202172485506400E-017, 0.0000000000000000000, 1.000000000000000000 ) ) ;
#5631 = ORIENTED_EDGE ( 'NONE', *, *, #5199, .T. ) ;
#5632 = EDGE_CURVE ( 'NONE', #2198, #4558, #6299, .T. ) ;
#5633 = CARTESIAN_POINT ( 'NONE',  ( 18.47972042044887800, -2.479720420449006600, 5.449724823282917000E-014 ) ) ;
#5634 = DIRECTION ( 'NONE',  ( 0.0000000000000000000, 0.7071067811865328100, -0.7071067811865622300 ) ) ;
#5635 = AXIS2_PLACEMENT_3D ( 'NONE', #6213, #254, #2660 ) ;
#5636 = DIRECTION ( 'NONE',  ( -0.7071067811865375800, 0.5000000000000021100, 0.5000000000000119900 ) ) ;
#5637 = FACE_OUTER_BOUND ( 'NONE', #2669, .T. ) ;
#5638 = ORIENTED_EDGE ( 'NONE', *, *, #3041, .T. ) ;
#5639 = CIRCLE ( 'NONE', #5201, 2.150000000000023400 ) ;
#5640 = ORIENTED_EDGE ( 'NONE', *, *, #3704, .F. ) ;
#5641 = EDGE_CURVE ( 'NONE', #4591, #3464, #7275, .T. ) ;
#5642 = CARTESIAN_POINT ( 'NONE',  ( 0.1250000000000175400, 8.000000000000007100, -29.97499999999996200 ) ) ;
#5643 = DIRECTION ( 'NONE',  ( 8.360113137237627400E-017, 0.0000000000000000000, -1.000000000000000000 ) ) ;
#5644 = CONICAL_SURFACE ( 'NONE', #5623, 2.149999999999947100, 0.7853981633974431700 ) ;
#5645 = CARTESIAN_POINT ( 'NONE',  ( 6.591949208711838600E-015, 16.00000000000000000, -2.374999999999988000 ) ) ;
#5646 = AXIS2_PLACEMENT_3D ( 'NONE', #1425, #4908, #6201 ) ;
#5647 = FACE_OUTER_BOUND ( 'NONE', #757, .T. ) ;
#5648 = CARTESIAN_POINT ( 'NONE',  ( -1.682109163955185200E-016, 8.485281374238567800, -15.51471862576140700 ) ) ;
#5649 = ORIENTED_EDGE ( 'NONE', *, *, #4284, .T. ) ;
#5650 = ORIENTED_EDGE ( 'NONE', *, *, #6808, .F. ) ;
#5651 = ORIENTED_EDGE ( 'NONE', *, *, #5389, .T. ) ;
#5652 = CARTESIAN_POINT ( 'NONE',  ( -3.374579261861134500E-016, 8.725608443924916800E-016, -31.12499999999998900 ) ) ;
#5653 = ADVANCED_FACE ( 'NONE', ( #1979 ), #2475, .T. ) ;
#5654 = CARTESIAN_POINT ( 'NONE',  ( 4.499999999999990200, -15.87499999999999300, -4.499999999999974200 ) ) ;
#5655 = EDGE_CURVE ( 'NONE', #1775, #6502, #7480, .T. ) ;
#5656 = LINE ( 'NONE', #3910, #6571 ) ;
#5657 = EDGE_CURVE ( 'NONE', #2417, #3766, #7472, .T. ) ;
#5658 = ORIENTED_EDGE ( 'NONE', *, *, #5940, .T. ) ;
#5659 = ORIENTED_EDGE ( 'NONE', *, *, #4616, .F. ) ;
#5660 = CARTESIAN_POINT ( 'NONE',  ( 17.03499820531248300, -10.00556095378963500, -2.499999999999940500 ) ) ;
#5661 = AXIS2_PLACEMENT_3D ( 'NONE', #5739, #6939, #3341 ) ;
#5662 = APPLICATION_PROTOCOL_DEFINITION ( 'international standard', 'config_control_design', 1994, #7448 ) ;
#5663 = DIRECTION ( 'NONE',  ( -0.0000000000000000000, -1.000000000000000000, -0.0000000000000000000 ) ) ;
#5664 = ADVANCED_FACE ( 'NONE', ( #1898 ), #3328, .F. ) ;
#5665 = VECTOR ( 'NONE', #2252, 1000.000000000000100 ) ;
#5666 = ORIENTED_EDGE ( 'NONE', *, *, #4457, .F. ) ;
#5667 = DIRECTION ( 'NONE',  ( 0.0000000000000000000, 0.0000000000000000000, 1.000000000000000000 ) ) ;
#5668 = EDGE_CURVE ( 'NONE', #4655, #4613, #1806, .T. ) ;
#5669 = CARTESIAN_POINT ( 'NONE',  ( 21.85000000000008700, -11.99999999999999300, 6.443630351515881500E-014 ) ) ;
#5670 = CARTESIAN_POINT ( 'NONE',  ( 2.375000000000013800, 8.000000000000035500, -18.02499999999993800 ) ) ;
#5671 = ORIENTED_EDGE ( 'NONE', *, *, #2629, .T. ) ;
#5672 = LINE ( 'NONE', #6835, #1566 ) ;
#5673 = CARTESIAN_POINT ( 'NONE',  ( 2.374999999999988500, 11.99999999999999300, -23.99999999999997500 ) ) ;
#5674 = VERTEX_POINT ( 'NONE', #6236 ) ;
#5675 = ORIENTED_EDGE ( 'NONE', *, *, #3940, .T. ) ;
#5676 = AXIS2_PLACEMENT_3D ( 'NONE', #1853, #6552, #5444 ) ;
#5677 = DIRECTION ( 'NONE',  ( 2.949029909160574800E-015, 0.0000000000000000000, -1.000000000000000000 ) ) ;
#5678 = EDGE_LOOP ( 'NONE', ( #7240, #2755, #2086, #3589 ) ) ;
#5679 = LINE ( 'NONE', #6172, #4099 ) ;
#5680 = CARTESIAN_POINT ( 'NONE',  ( 13.43189123190285300, -13.43189123190277100, -2.374999999999922700 ) ) ;
#5681 = ORIENTED_EDGE ( 'NONE', *, *, #7154, .F. ) ;
#5682 = CARTESIAN_POINT ( 'NONE',  ( 0.1249999999999998300, 11.99999999999999300, -23.99999999999997500 ) ) ;
#5683 = EDGE_CURVE ( 'NONE', #4958, #5088, #1530, .T. ) ;
#5684 = DIRECTION ( 'NONE',  ( 1.000000000000000000, -0.0000000000000000000, 8.360113137237629900E-017 ) ) ;
#5685 = AXIS2_PLACEMENT_3D ( 'NONE', #2912, #7107, #5387 ) ;
#5686 = VERTEX_POINT ( 'NONE', #1520 ) ;
#5687 = LINE ( 'NONE', #3758, #3725 ) ;
#5688 = ORIENTED_EDGE ( 'NONE', *, *, #5210, .T. ) ;
#5689 = DIRECTION ( 'NONE',  ( 0.0000000000000000000, -1.263838670164661400E-015, -1.000000000000000000 ) ) ;
#5690 = EDGE_LOOP ( 'NONE', ( #5807, #1855, #6373, #7414, #6474 ) ) ;
#5691 = DIRECTION ( 'NONE',  ( -1.000000000000000000, 0.0000000000000000000, 0.0000000000000000000 ) ) ;
#5692 = EDGE_CURVE ( 'NONE', #1173, #5384, #6021, .T. ) ;
#5693 = CALENDAR_DATE ( 2022, 8, 4 ) ;
#5694 = CARTESIAN_POINT ( 'NONE',  ( 10.56810876809728900, 10.56810876809722900, 1.392115589471387700E-013 ) ) ;
#5695 = EDGE_CURVE ( 'NONE', #567, #6208, #5366, .T. ) ;
#5696 = LINE ( 'NONE', #7656, #5140 ) ;
#5697 = DIRECTION ( 'NONE',  ( -1.000000000000000000, 0.0000000000000000000, -2.914001035115545100E-015 ) ) ;
#5698 = EDGE_LOOP ( 'NONE', ( #4122, #1276, #3859, #1158 ) ) ;
#5699 = VERTEX_POINT ( 'NONE', #894 ) ;
#5700 = DIRECTION ( 'NONE',  ( -0.0000000000000000000, -0.0000000000000000000, -1.000000000000000000 ) ) ;
#5701 = CYLINDRICAL_SURFACE ( 'NONE', #3745, 2.025000000000006100 ) ;
#5702 = CARTESIAN_POINT ( 'NONE',  ( -3.469446951953614200E-016, 8.000000000000007100, -31.99999999999997200 ) ) ;
#5703 = CIRCLE ( 'NONE', #3117, 2.025000000000009200 ) ;
#5704 = ADVANCED_FACE ( 'NONE', ( #3601 ), #7463, .T. ) ;
#5705 = EDGE_CURVE ( 'NONE', #3825, #3289, #2182, .T. ) ;
#5706 = ORIENTED_EDGE ( 'NONE', *, *, #924, .T. ) ;
#5707 = EDGE_CURVE ( 'NONE', #4966, #1640, #4167, .T. ) ;
#5708 = ORIENTED_EDGE ( 'NONE', *, *, #4298, .F. ) ;
#5709 = AXIS2_PLACEMENT_3D ( 'NONE', #5329, #5353, #4787 ) ;
#5710 = CIRCLE ( 'NONE', #5829, 2.024999999999999000 ) ;
#5711 = FACE_BOUND ( 'NONE', #6121, .T. ) ;
#5712 = CARTESIAN_POINT ( 'NONE',  ( -2.168404344971008900E-015, -1.315656055641414400E-013, -26.02499999999991000 ) ) ;
#5713 = VERTEX_POINT ( 'NONE', #3880 ) ;
#5714 = ORIENTED_EDGE ( 'NONE', *, *, #6975, .T. ) ;
#5715 = FACE_OUTER_BOUND ( 'NONE', #7529, .T. ) ;
#5716 = DIRECTION ( 'NONE',  ( -1.000000000000000000, -0.0000000000000000000, -0.0000000000000000000 ) ) ;
#5717 = DIRECTION ( 'NONE',  ( 1.000000000000000000, 0.0000000000000000000, 0.0000000000000000000 ) ) ;
#5718 = LINE ( 'NONE', #7451, #3845 ) ;
#5719 = VERTEX_POINT ( 'NONE', #3850 ) ;
#5720 = DIRECTION ( 'NONE',  ( -0.0000000000000000000, -0.0000000000000000000, -1.000000000000000000 ) ) ;
#5721 = AXIS2_PLACEMENT_3D ( 'NONE', #3728, #3154, #7278 ) ;
#5722 = ORIENTED_EDGE ( 'NONE', *, *, #399, .F. ) ;
#5723 = CARTESIAN_POINT ( 'NONE',  ( 2.375000000000013800, 8.485281374238567800, -15.51471862576140700 ) ) ;
#5724 = CIRCLE ( 'NONE', #3652, 2.024999999999999000 ) ;
#5725 = CARTESIAN_POINT ( 'NONE',  ( 16.87499999999995700, 0.0000000000000000000, -2.499999999999921000 ) ) ;
#5726 = EDGE_CURVE ( 'NONE', #4179, #2725, #4439, .T. ) ;
#5727 = CARTESIAN_POINT ( 'NONE',  ( -1.569894433683342200E-016, -6.479720420448924000, -14.47972042044889000 ) ) ;
#5728 = EDGE_LOOP ( 'NONE', ( #6508, #3568, #7532, #1419 ) ) ;
#5729 = EDGE_CURVE ( 'NONE', #230, #5578, #314, .T. ) ;
#5730 = DIRECTION ( 'NONE',  ( -0.0000000000000000000, -0.0000000000000000000, -1.000000000000000000 ) ) ;
#5731 = AXIS2_PLACEMENT_3D ( 'NONE', #2186, #4042, #971 ) ;
#5732 = VECTOR ( 'NONE', #6397, 1000.000000000000000 ) ;
#5733 = DIRECTION ( 'NONE',  ( 8.360113137237634800E-017, 0.0000000000000000000, -1.000000000000000000 ) ) ;
#5734 = EDGE_LOOP ( 'NONE', ( #676, #1572, #5370, #879, #7006 ) ) ;
#5735 = CYLINDRICAL_SURFACE ( 'NONE', #5473, 2.024999999999999000 ) ;
#5736 = VECTOR ( 'NONE', #4109, 1000.000000000000000 ) ;
#5737 = DIRECTION ( 'NONE',  ( -1.000000000000000000, 0.0000000000000000000, 0.0000000000000000000 ) ) ;
#5738 = EDGE_CURVE ( 'NONE', #5287, #6014, #3226, .T. ) ;
#5739 = CARTESIAN_POINT ( 'NONE',  ( -3.903127820947815000E-016, -6.938893903907228400E-015, -35.99999999999996400 ) ) ;
#5740 = DIRECTION ( 'NONE',  ( 1.000000000000000000, -0.0000000000000000000, 8.360113137237629900E-017 ) ) ;
#5741 = ORIENTED_EDGE ( 'NONE', *, *, #2528, .F. ) ;
#5742 = VECTOR ( 'NONE', #1487, 999.9999999999998900 ) ;
#5743 = ADVANCED_FACE ( 'NONE', ( #3881 ), #2455, .F. ) ;
#5744 =( GEOMETRIC_REPRESENTATION_CONTEXT ( 3 ) GLOBAL_UNCERTAINTY_ASSIGNED_CONTEXT ( ( #3602 ) ) GLOBAL_UNIT_ASSIGNED_CONTEXT ( ( #2098, #1533, #5094 ) ) REPRESENTATION_CONTEXT ( 'NONE', 'WORKASPACE' ) );
#5745 = EDGE_LOOP ( 'NONE', ( #1168, #7137, #2809, #1848, #4892 ) ) ;
#5746 = LINE ( 'NONE', #4450, #1251 ) ;
#5747 = CARTESIAN_POINT ( 'NONE',  ( 21.84999999999996200, -11.99999999999999300, -2.499999999999927200 ) ) ;
#5748 = CIRCLE ( 'NONE', #3887, 2.150000000000016300 ) ;
#5749 = LINE ( 'NONE', #3008, #2183 ) ;
#5750 = ORIENTED_EDGE ( 'NONE', *, *, #6388, .F. ) ;
#5751 = VERTEX_POINT ( 'NONE', #284 ) ;
#5752 = DIRECTION ( 'NONE',  ( 0.0000000000000000000, 0.0000000000000000000, 1.000000000000000000 ) ) ;
#5753 = DIRECTION ( 'NONE',  ( -1.191610152690212300E-015, 0.7071067811865375800, 0.7071067811865575600 ) ) ;
#5754 = AXIS2_PLACEMENT_3D ( 'NONE', #6940, #1007, #1034 ) ;
#5755 = DIRECTION ( 'NONE',  ( 0.7071067811865279200, 0.7071067811865672200, 0.0000000000000000000 ) ) ;
#5756 = EDGE_CURVE ( 'NONE', #3521, #7244, #3412, .T. ) ;
#5757 = LINE ( 'NONE', #6777, #1458 ) ;
#5758 = ORIENTED_EDGE ( 'NONE', *, *, #7221, .F. ) ;
#5759 = ORIENTED_EDGE ( 'NONE', *, *, #6649, .F. ) ;
#5760 = DIRECTION ( 'NONE',  ( 5.481026527454899000E-032, -1.000000000000000000, 5.055354680658670800E-015 ) ) ;
#5761 = PLANE ( 'NONE',  #3019 ) ;
#5762 = DIRECTION ( 'NONE',  ( -1.000000000000000000, 0.0000000000000000000, -2.914001035115548200E-015 ) ) ;
#5763 = EDGE_LOOP ( 'NONE', ( #366, #4261, #3809, #3482 ) ) ;
#5764 = LINE ( 'NONE', #5111, #7207 ) ;
#5765 = ORIENTED_EDGE ( 'NONE', *, *, #5726, .F. ) ;
#5766 = AXIS2_PLACEMENT_3D ( 'NONE', #1828, #3546, #4853 ) ;
#5767 = CARTESIAN_POINT ( 'NONE',  ( 14.56810876809722900, -6.568108768097256500, -2.374999999999943200 ) ) ;
#5768 = VERTEX_POINT ( 'NONE', #3378 ) ;
#5769 = LINE ( 'NONE', #984, #6407 ) ;
#5770 = EDGE_LOOP ( 'NONE', ( #3054, #4831, #214, #5153 ) ) ;
#5771 = ORIENTED_EDGE ( 'NONE', *, *, #1421, .T. ) ;
#5772 = CARTESIAN_POINT ( 'NONE',  ( 32.48528137423853900, 8.485281374238566000, -0.1249999999997810200 ) ) ;
#5773 = CARTESIAN_POINT ( 'NONE',  ( 0.1250000000000156800, 7.053390142335797600, -33.91717260614130000 ) ) ;
#5774 = EDGE_LOOP ( 'NONE', ( #4415, #3304, #7358, #1600 ) ) ;
#5775 = AXIS2_PLACEMENT_3D ( 'NONE', #6011, #125, #5985 ) ;
#5776 = CARTESIAN_POINT ( 'NONE',  ( -1.734723475976804900E-016, -8.000000000000000000, -15.99999999999997000 ) ) ;
#5777 = CONICAL_SURFACE ( 'NONE', #2370, 2.025000000000006100, 0.7853981633974576000 ) ;
#5778 = VERTEX_POINT ( 'NONE', #994 ) ;
#5779 = ADVANCED_FACE ( 'NONE', ( #2845 ), #6899, .F. ) ;
#5780 = DIRECTION ( 'NONE',  ( 0.0000000000000000000, 0.0000000000000000000, 1.000000000000000000 ) ) ;
#5781 = DIRECTION ( 'NONE',  ( -2.775557561562893700E-015, -0.0000000000000000000, 1.000000000000000000 ) ) ;
#5782 = LINE ( 'NONE', #6886, #5498 ) ;
#5783 = ORIENTED_EDGE ( 'NONE', *, *, #5380, .T. ) ;
#5784 = EDGE_CURVE ( 'NONE', #890, #1879, #1629, .T. ) ;
#5785 = DIRECTION ( 'NONE',  ( 1.000000000000000000, 0.0000000000000000000, 0.0000000000000000000 ) ) ;
#5786 = AXIS2_PLACEMENT_3D ( 'NONE', #2593, #6199, #6728 ) ;
#5787 = VERTEX_POINT ( 'NONE', #4587 ) ;
#5788 = FACE_OUTER_BOUND ( 'NONE', #3335, .T. ) ;
#5789 = DIRECTION ( 'NONE',  ( 1.000000000000000000, -0.0000000000000000000, 8.360113137237629900E-017 ) ) ;
#5790 = ORIENTED_EDGE ( 'NONE', *, *, #3260, .F. ) ;
#5791 = EDGE_CURVE ( 'NONE', #2205, #7004, #3035, .T. ) ;
#5792 = ORIENTED_EDGE ( 'NONE', *, *, #6808, .T. ) ;
#5793 = CIRCLE ( 'NONE', #4556, 2.149999999999895100 ) ;
#5794 = AXIS2_PLACEMENT_3D ( 'NONE', #5880, #2323, #2273 ) ;
#5795 = VECTOR ( 'NONE', #571, 1000.000000000000000 ) ;
#5796 = DIRECTION ( 'NONE',  ( 2.949029909160574800E-015, 0.0000000000000000000, -1.000000000000000000 ) ) ;
#5797 = DIRECTION ( 'NONE',  ( 1.315446366589175700E-030, 1.000000000000000000, -5.055354680658670800E-015 ) ) ;
#5799 = ORIENTED_EDGE ( 'NONE', *, *, #845, .T. ) ;
#5798 = CARTESIAN_POINT ( 'NONE',  ( 2.499999999999994700, 11.31370849898476100, -21.84999999999995200 ) ) ;
#5800 = EDGE_LOOP ( 'NONE', ( #36, #1460, #5946, #7686 ) ) ;
#5801 = DIRECTION ( 'NONE',  ( 0.0000000000000000000, 0.0000000000000000000, 1.000000000000000000 ) ) ;
#5802 = CONICAL_SURFACE ( 'NONE', #3943, 2.025000000000006100, 0.7853981633974932400 ) ;
#5803 = EDGE_CURVE ( 'NONE', #1287, #4523, #5457, .T. ) ;
#5804 = FACE_OUTER_BOUND ( 'NONE', #3175, .T. ) ;
#5805 = EDGE_CURVE ( 'NONE', #3908, #6760, #7568, .T. ) ;
#5806 = DIRECTION ( 'NONE',  ( 1.084202172485504900E-017, 0.0000000000000000000, 1.000000000000000000 ) ) ;
#5807 = ORIENTED_EDGE ( 'NONE', *, *, #1149, .T. ) ;
#5808 = ORIENTED_EDGE ( 'NONE', *, *, #7142, .F. ) ;
#5809 = DIRECTION ( 'NONE',  ( -0.7071067811865455700, -0.7071067811865493500, 0.0000000000000000000 ) ) ;
#5810 = VECTOR ( 'NONE', #2843, 1000.000000000000000 ) ;
#5811 = DIRECTION ( 'NONE',  ( -1.000000000000000000, -0.0000000000000000000, -0.0000000000000000000 ) ) ;
#5812 = VECTOR ( 'NONE', #3711, 1000.000000000000000 ) ;
#5813 = ORIENTED_EDGE ( 'NONE', *, *, #7122, .F. ) ;
#5814 = ORIENTED_EDGE ( 'NONE', *, *, #2833, .F. ) ;
#5815 = CARTESIAN_POINT ( 'NONE',  ( 2.499999999999997300, 10.00556095378965400, -30.96500179468744600 ) ) ;
#5816 = DIRECTION ( 'NONE',  ( 5.055354680658670800E-015, -1.000000000000000000, 1.403142791028454100E-029 ) ) ;
#5817 = ADVANCED_FACE ( 'NONE', ( #4072 ), #877, .F. ) ;
#5818 = LINE ( 'NONE', #7375, #3113 ) ;
#5819 = CARTESIAN_POINT ( 'NONE',  ( 0.1249999999999998300, 0.0000000000000000000, -23.99999999999996800 ) ) ;
#5820 = AXIS2_PLACEMENT_3D ( 'NONE', #219, #1532, #1990 ) ;
#5821 = VERTEX_POINT ( 'NONE', #6972 ) ;
#5822 = ORIENTED_EDGE ( 'NONE', *, *, #4651, .T. ) ;
#5823 = LINE ( 'NONE', #4734, #1433 ) ;
#5824 = DIRECTION ( 'NONE',  ( -0.4999999999999773500, 0.4999999999999829000, -0.7071067811865756600 ) ) ;
#5825 = VECTOR ( 'NONE', #2765, 1000.000000000000000 ) ;
#5826 = VERTEX_POINT ( 'NONE', #4612 ) ;
#5827 = EDGE_CURVE ( 'NONE', #6949, #2421, #5832, .T. ) ;
#5828 = CARTESIAN_POINT ( 'NONE',  ( 0.1250000000000134100, -13.43189123190272700, -13.43189123190277600 ) ) ;
#5829 = AXIS2_PLACEMENT_3D ( 'NONE', #1232, #5962, #2990 ) ;
#5830 = CARTESIAN_POINT ( 'NONE',  ( 0.1249999999999937700, -9.431891231902753200, -30.56810876809718600 ) ) ;
#5831 = VECTOR ( 'NONE', #7368, 1000.000000000000000 ) ;
#5832 = CIRCLE ( 'NONE', #2515, 2.025000000000002600 ) ;
#5833 = CARTESIAN_POINT ( 'NONE',  ( 31.05339014233576800, -9.917172606141342300, -0.1249999999997859800 ) ) ;
#5834 = PLANE ( 'NONE',  #4187 ) ;
#5835 = VECTOR ( 'NONE', #3505, 1000.000000000000100 ) ;
#5836 = VERTEX_POINT ( 'NONE', #2162 ) ;
#5837 = ORIENTED_EDGE ( 'NONE', *, *, #7386, .F. ) ;
#5838 = ORIENTED_EDGE ( 'NONE', *, *, #1641, .T. ) ;
#5839 = EDGE_CURVE ( 'NONE', #992, #2421, #604, .T. ) ;
#5840 = FACE_OUTER_BOUND ( 'NONE', #6048, .T. ) ;
#5841 = VERTEX_POINT ( 'NONE', #6340 ) ;
#5842 = VERTEX_POINT ( 'NONE', #3350 ) ;
#5843 = CARTESIAN_POINT ( 'NONE',  ( 21.52027957955101900, -5.520279579550938300, 6.346394813359351600E-014 ) ) ;
#5844 = DIRECTION ( 'NONE',  ( -2.602085213965212600E-016, 0.0000000000000000000, 1.000000000000000000 ) ) ;
#5845 = CARTESIAN_POINT ( 'NONE',  ( 15.99999999999997700, -8.000000000000000000, -2.499999999999943600 ) ) ;
#5846 = EDGE_CURVE ( 'NONE', #6420, #6838, #6747, .T. ) ;
#5847 = FACE_OUTER_BOUND ( 'NONE', #6900, .T. ) ;
#5848 = DIRECTION ( 'NONE',  ( -0.0000000000000000000, -0.0000000000000000000, -1.000000000000000000 ) ) ;
#5849 = CARTESIAN_POINT ( 'NONE',  ( 11.99999999999998200, 5.469317744930408200E-015, -2.374999999999917000 ) ) ;
#5850 = ORIENTED_EDGE ( 'NONE', *, *, #6444, .F. ) ;
#5851 = DIRECTION ( 'NONE',  ( 1.000000000000000000, -0.0000000000000000000, 8.360113137237629900E-017 ) ) ;
#5852 = AXIS2_PLACEMENT_3D ( 'NONE', #3772, #734, #3147 ) ;
#5853 = ADVANCED_FACE ( 'NONE', ( #7114 ), #3933, .T. ) ;
#5854 = EDGE_CURVE ( 'NONE', #1640, #5142, #6202, .T. ) ;
#5855 = DIRECTION ( 'NONE',  ( 0.0000000000000000000, 0.0000000000000000000, 1.000000000000000000 ) ) ;
#5856 = EDGE_LOOP ( 'NONE', ( #2280, #5089, #7719, #4449, #1162 ) ) ;
#5857 = CONICAL_SURFACE ( 'NONE', #4381, 2.024999999999953700, 0.7853981633974650400 ) ;
#5858 = DIRECTION ( 'NONE',  ( -0.7071067811865439100, 0.7071067811865511300, 0.0000000000000000000 ) ) ;
#5859 = EDGE_LOOP ( 'NONE', ( #5759, #411, #2482, #1206, #7132 ) ) ;
#5860 = ORIENTED_EDGE ( 'NONE', *, *, #42, .F. ) ;
#5861 = CARTESIAN_POINT ( 'NONE',  ( 2.499999999999992900, 6.965001794687522000, -13.99443904621036200 ) ) ;
#5862 = DIRECTION ( 'NONE',  ( -2.017120320903248700E-016, 0.0000000000000000000, 1.000000000000000000 ) ) ;
#5863 = ORIENTED_EDGE ( 'NONE', *, *, #1128, .T. ) ;
#5864 = VECTOR ( 'NONE', #7287, 1000.000000000000100 ) ;
#5865 = VERTEX_POINT ( 'NONE', #2241 ) ;
#5866 = AXIS2_PLACEMENT_3D ( 'NONE', #2877, #474, #7621 ) ;
#5867 = CARTESIAN_POINT ( 'NONE',  ( 35.31370849898473800, 2.150000000000021200, -2.499999999999889900 ) ) ;
#5868 = CARTESIAN_POINT ( 'NONE',  ( 21.97499999999996600, 11.31370849898476100, -0.1249999999998109400 ) ) ;
#5869 = EDGE_CURVE ( 'NONE', #2249, #1490, #7016, .T. ) ;
#5870 = VECTOR ( 'NONE', #5110, 1000.000000000000000 ) ;
#5871 = VERTEX_POINT ( 'NONE', #342 ) ;
#5872 = ORIENTED_EDGE ( 'NONE', *, *, #5403, .T. ) ;
#5873 = EDGE_CURVE ( 'NONE', #1946, #6261, #1065, .T. ) ;
#5874 = DIRECTION ( 'NONE',  ( 0.0000000000000000000, 0.0000000000000000000, -1.000000000000000000 ) ) ;
#5875 = CARTESIAN_POINT ( 'NONE',  ( 10.56810876809728900, 10.56810876809722900, -0.1249999999998467200 ) ) ;
#5876 = AXIS2_PLACEMENT_3D ( 'NONE', #1845, #6612, #554 ) ;
#5877 = DIRECTION ( 'NONE',  ( 0.0000000000000000000, 0.0000000000000000000, 1.000000000000000000 ) ) ;
#5878 = CIRCLE ( 'NONE', #899, 2.025000000000002600 ) ;
#5879 = ORIENTED_EDGE ( 'NONE', *, *, #6429, .F. ) ;
#5880 = CARTESIAN_POINT ( 'NONE',  ( 23.99999999999996800, -11.99999999999999300, -2.374999999999907200 ) ) ;
#5881 = ORIENTED_EDGE ( 'NONE', *, *, #371, .F. ) ;
#5882 = CONICAL_SURFACE ( 'NONE', #386, 2.149999999999995500, 0.7853981633974587200 ) ;
#5883 = DIRECTION ( 'NONE',  ( 1.000000000000000000, 0.0000000000000000000, 0.0000000000000000000 ) ) ;
#5884 = DIRECTION ( 'NONE',  ( 1.000000000000000000, -0.0000000000000000000, 8.360113137237629900E-017 ) ) ;
#5885 = EDGE_CURVE ( 'NONE', #1445, #1086, #3787, .T. ) ;
#5886 = VECTOR ( 'NONE', #3611, 1000.000000000000000 ) ;
#5887 = CARTESIAN_POINT ( 'NONE',  ( 12.68629150101521000, 2.025000000000002600, -2.374999999999915200 ) ) ;
#5888 = AXIS2_PLACEMENT_3D ( 'NONE', #7047, #6669, #2834 ) ;
#5889 = EDGE_CURVE ( 'NONE', #124, #3945, #1989, .T. ) ;
#5890 = VERTEX_POINT ( 'NONE', #5331 ) ;
#5891 = ORIENTED_EDGE ( 'NONE', *, *, #2904, .F. ) ;
#5892 = CIRCLE ( 'NONE', #272, 6.999999999999999100 ) ;
#5893 = DIRECTION ( 'NONE',  ( -0.0000000000000000000, -0.0000000000000000000, -1.000000000000000000 ) ) ;
#5894 = DIRECTION ( 'NONE',  ( -0.7071067811865402500, 0.0000000000000000000, 0.7071067811865549000 ) ) ;
#5895 = ADVANCED_FACE ( 'NONE', ( #502 ), #2647, .F. ) ;
#5896 = VERTEX_POINT ( 'NONE', #519 ) ;
#5897 = CARTESIAN_POINT ( 'NONE',  ( 34.51028137423854500, 8.485281374238566000, -0.1249999999997814500 ) ) ;
#5898 = ORIENTED_EDGE ( 'NONE', *, *, #3856, .T. ) ;
#5899 = LINE ( 'NONE', #5254, #2527 ) ;
#5900 = DIRECTION ( 'NONE',  ( -2.775557561562893700E-015, -0.0000000000000000000, 1.000000000000000000 ) ) ;
#5901 = DIRECTION ( 'NONE',  ( -1.000000000000000000, 0.0000000000000000000, 0.0000000000000000000 ) ) ;
#5902 = CIRCLE ( 'NONE', #1448, 2.024999999999999000 ) ;
#5903 = CARTESIAN_POINT ( 'NONE',  ( -2.602085213965210600E-015, -9.431891231902760400, -17.43189123190272800 ) ) ;
#5904 = PLANE ( 'NONE',  #239 ) ;
#5905 = ORIENTED_EDGE ( 'NONE', *, *, #1550, .T. ) ;
#5906 = DIRECTION ( 'NONE',  ( 1.839952100020058600E-016, 0.7071067811865443500, -0.7071067811865506800 ) ) ;
#5907 = VERTEX_POINT ( 'NONE', #2957 ) ;
#5908 = DIRECTION ( 'NONE',  ( -0.0000000000000000000, -0.0000000000000000000, -1.000000000000000000 ) ) ;
#5909 = CARTESIAN_POINT ( 'NONE',  ( 2.499999999999994700, 16.00000000000011000, -21.84999999999992700 ) ) ;
#5910 = VECTOR ( 'NONE', #1548, 1000.000000000000000 ) ;
#5911 = CARTESIAN_POINT ( 'NONE',  ( 0.1250000000000262000, 1.349909078679433100E-015, -35.31370849898473100 ) ) ;
#5912 = VERTEX_POINT ( 'NONE', #6462 ) ;
#5913 = CARTESIAN_POINT ( 'NONE',  ( 32.48528137423853900, 8.485281374238566000, 2.103352214621878600E-013 ) ) ;
#5914 = FACE_OUTER_BOUND ( 'NONE', #2075, .T. ) ;
#5915 = VERTEX_POINT ( 'NONE', #2899 ) ;
#5916 = CIRCLE ( 'NONE', #7145, 2.150000000000002600 ) ;
#5917 = DIRECTION ( 'NONE',  ( 5.055354680658670800E-015, 1.000000000000000000, 1.490839215467732600E-029 ) ) ;
#5918 = AXIS2_PLACEMENT_3D ( 'NONE', #3254, #5081, #2558 ) ;
#5919 = FACE_OUTER_BOUND ( 'NONE', #648, .T. ) ;
#5920 = CARTESIAN_POINT ( 'NONE',  ( 23.99999999999996800, 0.0000000000000000000, 1.825796458465589500E-013 ) ) ;
#5921 = CIRCLE ( 'NONE', #7655, 7.125000000000020400 ) ;
#5922 = CARTESIAN_POINT ( 'NONE',  ( 0.1250000000000034400, 5.469317744930408200E-015, -11.99999999999997500 ) ) ;
#5923 = DIRECTION ( 'NONE',  ( -1.000000000000000000, 0.0000000000000000000, 0.0000000000000000000 ) ) ;
#5924 = CARTESIAN_POINT ( 'NONE',  ( 2.499999999999997800, -6.965001794687477600, -34.00556095378961900 ) ) ;
#5925 = LINE ( 'NONE', #7056, #776 ) ;
#5926 = ADVANCED_FACE ( 'NONE', ( #5647 ), #3499, .F. ) ;
#5927 = EDGE_CURVE ( 'NONE', #5213, #5912, #6644, .T. ) ;
#5928 = FACE_OUTER_BOUND ( 'NONE', #4965, .T. ) ;
#5929 = ORIENTED_EDGE ( 'NONE', *, *, #5939, .F. ) ;
#5930 = AXIS2_PLACEMENT_3D ( 'NONE', #84, #6624, #59 ) ;
#5931 = DIRECTION ( 'NONE',  ( -1.000000000000000000, 0.0000000000000000000, 0.0000000000000000000 ) ) ;
#5932 = CARTESIAN_POINT ( 'NONE',  ( -1.301042606982603800E-016, 2.150000000000006600, -11.99999999999997500 ) ) ;
#5933 = CARTESIAN_POINT ( 'NONE',  ( -2.553651204254388200E-015, -2.024999999999955900, 1.049507702965968300E-013 ) ) ;
#5934 = CARTESIAN_POINT ( 'NONE',  ( 0.1250000000000000600, 16.00000000000000000, -4.499999999999974200 ) ) ;
#5935 = CARTESIAN_POINT ( 'NONE',  ( 2.375000000000009300, -2.025000000000002600, -12.68629150101520300 ) ) ;
#5936 = CYLINDRICAL_SURFACE ( 'NONE', #4483, 2.025000000000002600 ) ;
#5937 = ORIENTED_EDGE ( 'NONE', *, *, #7120, .T. ) ;
#5938 = ORIENTED_EDGE ( 'NONE', *, *, #5522, .F. ) ;
#5939 = EDGE_CURVE ( 'NONE', #4966, #2078, #2374, .T. ) ;
#5940 = EDGE_CURVE ( 'NONE', #7326, #3519, #5195, .T. ) ;
#5941 = AXIS2_PLACEMENT_3D ( 'NONE', #7688, #4159, #569 ) ;
#5942 = DIRECTION ( 'NONE',  ( 8.360113137237627400E-017, 0.0000000000000000000, -1.000000000000000000 ) ) ;
#5943 = ORIENTED_EDGE ( 'NONE', *, *, #7007, .F. ) ;
#5944 = CIRCLE ( 'NONE', #7694, 2.024999999999999000 ) ;
#5945 = ORIENTED_EDGE ( 'NONE', *, *, #3246, .F. ) ;
#5946 = ORIENTED_EDGE ( 'NONE', *, *, #4149, .F. ) ;
#5947 = CARTESIAN_POINT ( 'NONE',  ( 33.52027957955104400, -6.479720420448883200, -2.499999999999894800 ) ) ;
#5948 = CARTESIAN_POINT ( 'NONE',  ( 4.499999999999990200, 16.00000000000000000, -4.499999999999974200 ) ) ;
#5949 = DIRECTION ( 'NONE',  ( 0.0000000000000000000, 0.0000000000000000000, 1.000000000000000000 ) ) ;
#5950 = EDGE_CURVE ( 'NONE', #7004, #5842, #2276, .T. ) ;
#5951 = DIRECTION ( 'NONE',  ( -1.000000000000000000, -0.0000000000000000000, -0.0000000000000000000 ) ) ;
#5952 = EDGE_CURVE ( 'NONE', #6297, #3370, #5278, .T. ) ;
#5953 = CARTESIAN_POINT ( 'NONE',  ( 0.1250000000000156800, 6.568108768097236100, -33.43189123190274600 ) ) ;
#5954 = VERTEX_POINT ( 'NONE', #6488 ) ;
#5955 = LINE ( 'NONE', #5118, #3623 ) ;
#5956 = ORIENTED_EDGE ( 'NONE', *, *, #2948, .T. ) ;
#5957 = VERTEX_POINT ( 'NONE', #2268 ) ;
#5958 = VECTOR ( 'NONE', #3779, 1000.000000000000000 ) ;
#5959 = DIRECTION ( 'NONE',  ( 0.7071067811865627800, -0.4999999999999915100, 0.4999999999999866200 ) ) ;
#5960 = ORIENTED_EDGE ( 'NONE', *, *, #4651, .F. ) ;
#5961 = CARTESIAN_POINT ( 'NONE',  ( 2.374999999999994200, 8.485281374238566000, -34.51028137423854500 ) ) ;
#5962 = DIRECTION ( 'NONE',  ( -1.000000000000000000, -0.0000000000000000000, -0.0000000000000000000 ) ) ;
#5963 = AXIS2_PLACEMENT_3D ( 'NONE', #4552, #2973, #4779 ) ;
#5964 = LINE ( 'NONE', #303, #4119 ) ;
#5965 = CARTESIAN_POINT ( 'NONE',  ( -3.903127820947815000E-016, -2.150000000000031000, -35.99999999999996400 ) ) ;
#5966 = ORIENTED_EDGE ( 'NONE', *, *, #7534, .T. ) ;
#5967 = ADVANCED_FACE ( 'NONE', ( #6471 ), #5000, .F. ) ;
#5968 = DIRECTION ( 'NONE',  ( -1.000000000000000000, 0.0000000000000000000, -2.602085213965212600E-016 ) ) ;
#5969 = ORIENTED_EDGE ( 'NONE', *, *, #5544, .F. ) ;
#5970 = VECTOR ( 'NONE', #2461, 1000.000000000000100 ) ;
#5971 = LINE ( 'NONE', #2679, #1293 ) ;
#5972 = CARTESIAN_POINT ( 'NONE',  ( -2.602085213965210600E-015, 1.110914191074738400E-013, -21.97499999999990900 ) ) ;
#5973 = EDGE_CURVE ( 'NONE', #5954, #3219, #6932, .T. ) ;
#5975 = VERTEX_POINT ( 'NONE', #7613 ) ;
#5974 = DIRECTION ( 'NONE',  ( 0.7071067811865253700, 0.7071067811865696700, 0.0000000000000000000 ) ) ;
#5976 = ADVANCED_FACE ( 'NONE', ( #417 ), #3591, .F. ) ;
#5977 = AXIS2_PLACEMENT_3D ( 'NONE', #5588, #7378, #2691 ) ;
#5978 = CARTESIAN_POINT ( 'NONE',  ( -2.602085213965209200E-016, 0.0000000000000000000, -23.99999999999996800 ) ) ;
#5979 = ORIENTED_EDGE ( 'NONE', *, *, #304, .T. ) ;
#5980 = LINE ( 'NONE', #2356, #5510 ) ;
#5981 = CIRCLE ( 'NONE', #3306, 2.024999999999955500 ) ;
#5982 = ORIENTED_EDGE ( 'NONE', *, *, #1331, .F. ) ;
#5983 = EDGE_CURVE ( 'NONE', #7589, #779, #4632, .T. ) ;
#5984 = ORIENTED_EDGE ( 'NONE', *, *, #3790, .F. ) ;
#5985 = DIRECTION ( 'NONE',  ( 1.084202172485505500E-017, 0.0000000000000000000, 1.000000000000000000 ) ) ;
#5986 = FACE_OUTER_BOUND ( 'NONE', #1700, .T. ) ;
#5987 = DIRECTION ( 'NONE',  ( 0.0000000000000000000, 0.0000000000000000000, 1.000000000000000000 ) ) ;
#5988 = AXIS2_PLACEMENT_3D ( 'NONE', #7400, #3222, #5697 ) ;
#5989 = CARTESIAN_POINT ( 'NONE',  ( 0.1249999999999998300, 0.0000000000000000000, -23.99999999999996800 ) ) ;
#5990 = CC_DESIGN_DATE_AND_TIME_ASSIGNMENT ( #6965, #959, ( #1684 ) ) ;
#5991 = FACE_OUTER_BOUND ( 'NONE', #4487, .T. ) ;
#5992 = ORIENTED_EDGE ( 'NONE', *, *, #5100, .F. ) ;
#5993 = ORIENTED_EDGE ( 'NONE', *, *, #4468, .T. ) ;
#5994 = CARTESIAN_POINT ( 'NONE',  ( 15.51471862576140700, 8.485281374238567800, -0.1249999999998317900 ) ) ;
#5995 = CIRCLE ( 'NONE', #6709, 2.025000000000009200 ) ;
#5996 = CARTESIAN_POINT ( 'NONE',  ( 2.499999999999992900, -2.149999999999994600, -12.68629150101520300 ) ) ;
#5997 = EDGE_CURVE ( 'NONE', #6318, #3016, #32, .T. ) ;
#5998 = LINE ( 'NONE', #2716, #98 ) ;
#5999 = DIRECTION ( 'NONE',  ( -1.000000000000000000, -6.319193350823370000E-016, -2.775557561562893700E-015 ) ) ;
#6000 = ORIENTED_EDGE ( 'NONE', *, *, #723, .T. ) ;
#6001 = EDGE_LOOP ( 'NONE', ( #7315, #750, #3214, #3890 ) ) ;
#6002 = EDGE_CURVE ( 'NONE', #2930, #163, #2442, .T. ) ;
#6003 = DIRECTION ( 'NONE',  ( -0.7071067811865444600, 3.574675575996915000E-015, -0.7071067811865505700 ) ) ;
#6004 = DIRECTION ( 'NONE',  ( 0.7071067811865506800, 0.7071067811865443500, 0.0000000000000000000 ) ) ;
#6005 = LINE ( 'NONE', #3820, #4057 ) ;
#6006 = CARTESIAN_POINT ( 'NONE',  ( 0.1250000000000262000, -6.938893903907228400E-015, -38.02499999999996300 ) ) ;
#6007 = EDGE_LOOP ( 'NONE', ( #7261, #4223, #3640, #3318 ) ) ;
#6008 = ADVANCED_FACE ( 'NONE', ( #2557 ), #6087, .F. ) ;
#6009 = ORIENTED_EDGE ( 'NONE', *, *, #5655, .F. ) ;
#6010 = LINE ( 'NONE', #3682, #6107 ) ;
#6011 = CARTESIAN_POINT ( 'NONE',  ( -1.682109163955184900E-016, -8.485281374238560700, -15.51471862576140600 ) ) ;
#6012 = AXIS2_PLACEMENT_3D ( 'NONE', #869, #3282, #240 ) ;
#6013 = CARTESIAN_POINT ( 'NONE',  ( 30.47972042044887800, 9.520279579551107900, -2.499999999999903200 ) ) ;
#6014 = VERTEX_POINT ( 'NONE', #5377 ) ;
#6015 = CIRCLE ( 'NONE', #634, 7.124999999999999100 ) ;
#6016 = DIRECTION ( 'NONE',  ( 1.084202172485506300E-017, 0.0000000000000000000, 1.000000000000000000 ) ) ;
#6017 = ORIENTED_EDGE ( 'NONE', *, *, #1694, .F. ) ;
#6018 = ADVANCED_FACE ( 'NONE', ( #6623 ), #5529, .F. ) ;
#6019 = VECTOR ( 'NONE', #142, 1000.000000000000000 ) ;
#6020 = PLANE ( 'NONE',  #1461 ) ;
#6021 = CIRCLE ( 'NONE', #926, 2.149999999999995500 ) ;
#6022 = CIRCLE ( 'NONE', #2008, 7.125000000000020400 ) ;
#6024 = ORIENTED_EDGE ( 'NONE', *, *, #5695, .T. ) ;
#6023 = DIRECTION ( 'NONE',  ( 0.0000000000000000000, -0.7071067811865672200, 0.7071067811865279200 ) ) ;
#6025 = ORIENTED_EDGE ( 'NONE', *, *, #6267, .F. ) ;
#6026 = ORIENTED_EDGE ( 'NONE', *, *, #3156, .T. ) ;
#6027 = DIRECTION ( 'NONE',  ( -0.7071067811865532300, 0.7071067811865418000, -2.085279046689407600E-015 ) ) ;
#6028 = DIRECTION ( 'NONE',  ( -1.000000000000000000, 0.0000000000000000000, 0.0000000000000000000 ) ) ;
#6029 = CIRCLE ( 'NONE', #1072, 2.149999999999992400 ) ;
#6030 = DIRECTION ( 'NONE',  ( 0.0000000000000000000, 0.0000000000000000000, 1.000000000000000000 ) ) ;
#6031 = ORIENTED_EDGE ( 'NONE', *, *, #1555, .F. ) ;
#6032 = EDGE_LOOP ( 'NONE', ( #737, #414, #2710, #7165 ) ) ;
#6033 = CARTESIAN_POINT ( 'NONE',  ( 11.99999999999998200, 5.469317744930408200E-015, -2.499999999999954700 ) ) ;
#6034 = EDGE_CURVE ( 'NONE', #2690, #1882, #2913, .T. ) ;
#6035 = AXIS2_PLACEMENT_3D ( 'NONE', #1245, #4814, #6652 ) ;
#6036 = LINE ( 'NONE', #3719, #2291 ) ;
#6037 = ORIENTED_EDGE ( 'NONE', *, *, #677, .F. ) ;
#6038 = ORIENTED_EDGE ( 'NONE', *, *, #137, .T. ) ;
#6039 = DIRECTION ( 'NONE',  ( -1.000000000000000000, -0.0000000000000000000, -0.0000000000000000000 ) ) ;
#6040 = CARTESIAN_POINT ( 'NONE',  ( 35.99999999999997200, 2.025000000000001700, -2.374999999999870300 ) ) ;
#6041 = EDGE_CURVE ( 'NONE', #4006, #787, #2329, .T. ) ;
#6042 = VECTOR ( 'NONE', #2811, 1000.000000000000000 ) ;
#6043 = VERTEX_POINT ( 'NONE', #6108 ) ;
#6044 = DIRECTION ( 'NONE',  ( 1.000000000000000000, -0.0000000000000000000, 8.360113137237629900E-017 ) ) ;
#6045 = ADVANCED_FACE ( 'NONE', ( #818 ), #2692, .F. ) ;
#6046 = DIRECTION ( 'NONE',  ( -0.0000000000000000000, -0.0000000000000000000, -1.000000000000000000 ) ) ;
#6047 = DIRECTION ( 'NONE',  ( 0.0000000000000000000, 0.0000000000000000000, 1.000000000000000000 ) ) ;
#6048 = EDGE_LOOP ( 'NONE', ( #4456, #5597, #966, #282 ) ) ;
#6049 = CIRCLE ( 'NONE', #1844, 2.024999999999999000 ) ;
#6050 = ORIENTED_EDGE ( 'NONE', *, *, #845, .F. ) ;
#6051 = DIRECTION ( 'NONE',  ( 1.000000000000000000, 0.0000000000000000000, 0.0000000000000000000 ) ) ;
#6052 = CARTESIAN_POINT ( 'NONE',  ( 26.02500000000002300, -1.315656055641420400E-013, -0.1249999999998050000 ) ) ;
#6053 = DIRECTION ( 'NONE',  ( -1.000000000000000000, 0.0000000000000000000, -2.949029909160572500E-015 ) ) ;
#6054 = EDGE_CURVE ( 'NONE', #2258, #2292, #5406, .T. ) ;
#6055 = CARTESIAN_POINT ( 'NONE',  ( 0.1250000000000001100, -16.00000000000000000, -1.355252715606882900E-018 ) ) ;
#6056 = ADVANCED_FACE ( 'NONE', ( #2115 ), #5777, .F. ) ;
#6057 = FACE_OUTER_BOUND ( 'NONE', #4566, .T. ) ;
#6058 = ORIENTED_EDGE ( 'NONE', *, *, #7043, .T. ) ;
#6059 = ORIENTED_EDGE ( 'NONE', *, *, #2265, .T. ) ;
#6060 = DIRECTION ( 'NONE',  ( 2.914001035115545500E-015, -0.0000000000000000000, -1.000000000000000000 ) ) ;
#6061 = COORDINATED_UNIVERSAL_TIME_OFFSET ( 6, 0, .BEHIND. ) ;
#6062 = CARTESIAN_POINT ( 'NONE',  ( 0.1249999999999998300, 11.31370849898476100, -26.02499999999996300 ) ) ;
#6063 = CARTESIAN_POINT ( 'NONE',  ( 0.1250000000000006100, 13.43189123190268200, -13.43189123190246400 ) ) ;
#6064 = FACE_OUTER_BOUND ( 'NONE', #4876, .T. ) ;
#6065 = CARTESIAN_POINT ( 'NONE',  ( 15.51471862576140700, 8.485281374238567800, -0.1249999999998317900 ) ) ;
#6066 = VERTEX_POINT ( 'NONE', #1407 ) ;
#6067 = ORIENTED_EDGE ( 'NONE', *, *, #5655, .T. ) ;
#6068 = LINE ( 'NONE', #3111, #1300 ) ;
#6069 = AXIS2_PLACEMENT_3D ( 'NONE', #2386, #691, #6530 ) ;
#6070 = DIRECTION ( 'NONE',  ( 1.084202172485504600E-017, 0.0000000000000000000, 1.000000000000000000 ) ) ;
#6071 = VECTOR ( 'NONE', #5184, 1000.000000000000000 ) ;
#6072 = CARTESIAN_POINT ( 'NONE',  ( 31.99999999999997900, 8.000000000000007100, -2.499999999999899200 ) ) ;
#6073 = ORIENTED_EDGE ( 'NONE', *, *, #6705, .F. ) ;
#6074 = CARTESIAN_POINT ( 'NONE',  ( 23.99999999999996400, 11.31370849898476100, 7.077671781985370400E-014 ) ) ;
#6075 = ORIENTED_EDGE ( 'NONE', *, *, #1854, .F. ) ;
#6076 = CIRCLE ( 'NONE', #2940, 2.024999999999957300 ) ;
#6077 = DIRECTION ( 'NONE',  ( -1.000000000000000000, -0.0000000000000000000, -0.0000000000000000000 ) ) ;
#6078 = DIRECTION ( 'NONE',  ( 0.7071067811865424700, -0.7071067811865526800, 2.085279046689376000E-015 ) ) ;
#6079 = EDGE_CURVE ( 'NONE', #5787, #7666, #5944, .T. ) ;
#6080 = FACE_OUTER_BOUND ( 'NONE', #1820, .T. ) ;
#6081 = CARTESIAN_POINT ( 'NONE',  ( 2.499999999999994700, 11.31370849898476100, -21.84999999999995200 ) ) ;
#6082 = AXIS2_PLACEMENT_3D ( 'NONE', #7389, #6323, #3362 ) ;
#6083 = VERTEX_POINT ( 'NONE', #7269 ) ;
#6084 = ORIENTED_EDGE ( 'NONE', *, *, #7511, .F. ) ;
#6085 = ADVANCED_FACE ( 'NONE', ( #4562 ), #2189, .F. ) ;
#6086 = CIRCLE ( 'NONE', #2324, 2.149999999999834300 ) ;
#6087 = CONICAL_SURFACE ( 'NONE', #3731, 2.024999999999988800, 0.7853981633974611600 ) ;
#6088 = EDGE_CURVE ( 'NONE', #1565, #7704, #3242, .T. ) ;
#6089 = VERTEX_POINT ( 'NONE', #4790 ) ;
#6090 = VERTEX_POINT ( 'NONE', #1969 ) ;
#6091 = EDGE_CURVE ( 'NONE', #6230, #7013, #415, .T. ) ;
#6092 = DIRECTION ( 'NONE',  ( -1.000000000000000000, 0.0000000000000000000, -2.823968449264561400E-015 ) ) ;
#6093 = ADVANCED_FACE ( 'NONE', ( #4443 ), #290, .F. ) ;
#6094 = LINE ( 'NONE', #5079, #4526 ) ;
#6095 = EDGE_LOOP ( 'NONE', ( #5263, #5872, #4514, #4621 ) ) ;
#6096 = VERTEX_POINT ( 'NONE', #3217 ) ;
#6097 = DIRECTION ( 'NONE',  ( 2.914001035115545500E-015, -0.0000000000000000000, -1.000000000000000000 ) ) ;
#6098 = EDGE_CURVE ( 'NONE', #5241, #2766, #6565, .T. ) ;
#6099 = EDGE_CURVE ( 'NONE', #5768, #4401, #3765, .T. ) ;
#6100 = DIRECTION ( 'NONE',  ( 5.481026527454897900E-032, -1.000000000000000000, 5.055354680658670800E-015 ) ) ;
#6101 = AXIS2_PLACEMENT_3D ( 'NONE', #3394, #1615, #2758 ) ;
#6102 = LINE ( 'NONE', #3993, #771 ) ;
#6103 = DIRECTION ( 'NONE',  ( 0.0000000000000000000, -0.7071067811865304800, 0.7071067811865645600 ) ) ;
#6104 = ORIENTED_EDGE ( 'NONE', *, *, #4492, .T. ) ;
#6105 = ORIENTED_EDGE ( 'NONE', *, *, #3594, .T. ) ;
#6106 = CARTESIAN_POINT ( 'NONE',  ( -2.368981746880822800E-016, 16.00000000000011000, -21.84999999999994100 ) ) ;
#6107 = VECTOR ( 'NONE', #2492, 1000.000000000000000 ) ;
#6108 = CARTESIAN_POINT ( 'NONE',  ( 11.99999999999998200, -2.025000000000002100, -2.374999999999917000 ) ) ;
#6109 = EDGE_LOOP ( 'NONE', ( #5562, #5231, #308, #7357 ) ) ;
#6110 = FACE_OUTER_BOUND ( 'NONE', #4791, .T. ) ;
#6111 = ORIENTED_EDGE ( 'NONE', *, *, #1631, .T. ) ;
#6112 = PLANE ( 'NONE',  #4001 ) ;
#6113 = DIRECTION ( 'NONE',  ( -2.017120320903264900E-016, 0.0000000000000000000, 1.000000000000000000 ) ) ;
#6114 = DIRECTION ( 'NONE',  ( 2.856284467353952200E-015, -0.7071067811865401300, -0.7071067811865549000 ) ) ;
#6115 = VECTOR ( 'NONE', #735, 1000.000000000000000 ) ;
#6116 = CARTESIAN_POINT ( 'NONE',  ( 23.99999999999997200, 11.31370849898476100, -2.499999999999921000 ) ) ;
#6117 = VECTOR ( 'NONE', #3405, 1000.000000000000000 ) ;
#6118 = ORIENTED_EDGE ( 'NONE', *, *, #4714, .F. ) ;
#6119 = EDGE_CURVE ( 'NONE', #7004, #2169, #7413, .T. ) ;
#6120 = VECTOR ( 'NONE', #1202, 1000.000000000000100 ) ;
#6121 = EDGE_LOOP ( 'NONE', ( #323, #6890, #2122, #929, #4731 ) ) ;
#6122 = ORIENTED_EDGE ( 'NONE', *, *, #1793, .F. ) ;
#6123 = CARTESIAN_POINT ( 'NONE',  ( 12.68629150101520300, -2.025000000000002600, -0.1249999999998620400 ) ) ;
#6124 = CARTESIAN_POINT ( 'NONE',  ( 2.375000000000007100, 0.0000000000000000000, -30.99999999999997200 ) ) ;
#6125 = DIRECTION ( 'NONE',  ( 1.000000000000000000, 0.0000000000000000000, 0.0000000000000000000 ) ) ;
#6126 = DIRECTION ( 'NONE',  ( 0.7071067811865592300, -3.574675575996968700E-015, 0.7071067811865359200 ) ) ;
#6127 = ORIENTED_EDGE ( 'NONE', *, *, #3729, .T. ) ;
#6128 = ADVANCED_FACE ( 'NONE', ( #261 ), #252, .F. ) ;
#6129 = CONICAL_SURFACE ( 'NONE', #1413, 4.499999999999991100, 0.7853981633974239700 ) ;
#6130 = EDGE_LOOP ( 'NONE', ( #2102, #4861, #1286, #3085 ) ) ;
#6131 = EDGE_CURVE ( 'NONE', #5871, #5975, #2943, .T. ) ;
#6132 = DIRECTION ( 'NONE',  ( -0.7071067811865792100, 0.4999999999999799000, 0.4999999999999752400 ) ) ;
#6133 = EDGE_LOOP ( 'NONE', ( #3192, #7401, #1194, #6976 ) ) ;
#6134 = LINE ( 'NONE', #7684, #243 ) ;
#6135 = DIRECTION ( 'NONE',  ( 0.7071067811865450200, 8.659560562354963700E-017, 0.7071067811865500200 ) ) ;
#6136 = ORIENTED_EDGE ( 'NONE', *, *, #5692, .F. ) ;
#6137 = DIRECTION ( 'NONE',  ( 7.666467083416855300E-018, -0.7071067811865493500, 0.7071067811865455700 ) ) ;
#6138 = DIRECTION ( 'NONE',  ( 0.0000000000000000000, 0.0000000000000000000, 1.000000000000000000 ) ) ;
#6139 = VERTEX_POINT ( 'NONE', #6713 ) ;
#6140 = CIRCLE ( 'NONE', #7728, 16.00000000000000700 ) ;
#6141 = DIRECTION ( 'NONE',  ( 0.0000000000000000000, 1.000000000000000000, -0.0000000000000000000 ) ) ;
#6142 = EDGE_LOOP ( 'NONE', ( #1947, #6618, #437, #2577, #6600 ) ) ;
#6143 = EDGE_CURVE ( 'NONE', #5699, #3174, #4259, .T. ) ;
#6144 = CARTESIAN_POINT ( 'NONE',  ( 2.375000000000009300, -2.025000000000002100, -11.99999999999997500 ) ) ;
#6145 = APPROVAL_DATE_TIME ( #1385, #2478 ) ;
#6146 = LINE ( 'NONE', #4802, #4581 ) ;
#6147 = CARTESIAN_POINT ( 'NONE',  ( 35.31370849898473800, -2.150000000000020300, -2.499999999999889900 ) ) ;
#6148 = ORIENTED_EDGE ( 'NONE', *, *, #6041, .F. ) ;
#6149 = CARTESIAN_POINT ( 'NONE',  ( 0.1249999999999923100, 7.053390142335829600, -14.08282739385867000 ) ) ;
#6150 = CARTESIAN_POINT ( 'NONE',  ( 2.375000000000007100, 0.0000000000000000000, -23.99999999999996800 ) ) ;
#6151 = DIRECTION ( 'NONE',  ( -0.7071067811865389100, 0.0000000000000000000, 0.7071067811865561200 ) ) ;
#6152 = ORIENTED_EDGE ( 'NONE', *, *, #3755, .T. ) ;
#6153 = CARTESIAN_POINT ( 'NONE',  ( 30.96500179468742800, -10.00556095378968300, -2.499999999999901900 ) ) ;
#6154 = AXIS2_PLACEMENT_3D ( 'NONE', #7206, #7276, #105 ) ;
#6155 = LINE ( 'NONE', #6758, #3178 ) ;
#6156 = DIRECTION ( 'NONE',  ( 1.000000000000000000, -0.0000000000000000000, -1.084202172485505400E-017 ) ) ;
#6157 = ORIENTED_EDGE ( 'NONE', *, *, #120, .T. ) ;
#6158 = ORIENTED_EDGE ( 'NONE', *, *, #997, .T. ) ;
#6159 = CARTESIAN_POINT ( 'NONE',  ( 14.71129150101520700, -2.735438768656219200E-015, -0.1249999999998620400 ) ) ;
#6160 = FACE_OUTER_BOUND ( 'NONE', #6815, .T. ) ;
#6161 = DIRECTION ( 'NONE',  ( -1.000000000000000000, 0.0000000000000000000, -2.602085213965212600E-016 ) ) ;
#6162 = VECTOR ( 'NONE', #5894, 1000.000000000000100 ) ;
#6163 = ADVANCED_FACE ( 'NONE', ( #1610 ), #1434, .F. ) ;
#6164 = VERTEX_POINT ( 'NONE', #2072 ) ;
#6165 = AXIS2_PLACEMENT_3D ( 'NONE', #2111, #1576, #1521 ) ;
#6166 = ORIENTED_EDGE ( 'NONE', *, *, #3260, .T. ) ;
#6167 = CARTESIAN_POINT ( 'NONE',  ( 39.99999999999997900, 0.0000000000000000000, -2.374999999999921000 ) ) ;
#6168 = VECTOR ( 'NONE', #3286, 1000.000000000000100 ) ;
#6169 = FACE_OUTER_BOUND ( 'NONE', #1305, .T. ) ;
#6170 = EDGE_LOOP ( 'NONE', ( #1200, #738 ) ) ;
#6171 = ORIENTED_EDGE ( 'NONE', *, *, #3409, .T. ) ;
#6172 = CARTESIAN_POINT ( 'NONE',  ( 2.499999999999989300, 2.149999999999985300, -8.101561487399077800E-015 ) ) ;
#6173 = FACE_OUTER_BOUND ( 'NONE', #3936, .T. ) ;
#6174 = CARTESIAN_POINT ( 'NONE',  ( 2.499999999999997300, 8.485281374238566000, -32.48528137423853900 ) ) ;
#6175 = EDGE_CURVE ( 'NONE', #1905, #242, #4611, .T. ) ;
#6176 = DIRECTION ( 'NONE',  ( 0.0000000000000000000, 0.0000000000000000000, 1.000000000000000000 ) ) ;
#6177 = DIRECTION ( 'NONE',  ( -1.000000000000000000, 0.0000000000000000000, 0.0000000000000000000 ) ) ;
#6178 = AXIS2_PLACEMENT_3D ( 'NONE', #5598, #6699, #1960 ) ;
#6179 = FACE_OUTER_BOUND ( 'NONE', #3981, .T. ) ;
#6180 = FACE_OUTER_BOUND ( 'NONE', #3434, .T. ) ;
#6181 = CARTESIAN_POINT ( 'NONE',  ( -3.469446951953614200E-015, 5.469317744930408200E-015, -11.99999999999997500 ) ) ;
#6182 = ORIENTED_EDGE ( 'NONE', *, *, #5470, .T. ) ;
#6183 = DIRECTION ( 'NONE',  ( 0.0000000000000000000, -0.7071067811865536800, -0.7071067811865412400 ) ) ;
#6184 = ORIENTED_EDGE ( 'NONE', *, *, #4842, .T. ) ;
#6185 = PLANE ( 'NONE',  #6764 ) ;
#6186 = EDGE_CURVE ( 'NONE', #6798, #5554, #1417, .T. ) ;
#6187 = FACE_BOUND ( 'NONE', #7365, .T. ) ;
#6188 = CARTESIAN_POINT ( 'NONE',  ( 14.08282739385865900, -7.053390142335814500, -0.1249999999998452100 ) ) ;
#6189 = AXIS2_PLACEMENT_3D ( 'NONE', #7619, #4121, #2931 ) ;
#6190 = ORIENTED_EDGE ( 'NONE', *, *, #2016, .T. ) ;
#6191 = CARTESIAN_POINT ( 'NONE',  ( 13.99443904621043800, 6.965001794687595700, 4.127001930919916900E-014 ) ) ;
#6192 = ORIENTED_EDGE ( 'NONE', *, *, #4955, .F. ) ;
#6193 = CONICAL_SURFACE ( 'NONE', #3544, 2.024999999999991900, 0.7853981633974611600 ) ;
#6195 = ORIENTED_EDGE ( 'NONE', *, *, #778, .F. ) ;
#6194 = DIRECTION ( 'NONE',  ( 0.7071067811865489100, -0.7071067811865462400, 2.060509892314824800E-015 ) ) ;
#6196 = VECTOR ( 'NONE', #1439, 1000.000000000000100 ) ;
#6197 = ORIENTED_EDGE ( 'NONE', *, *, #5729, .T. ) ;
#6198 = EDGE_CURVE ( 'NONE', #1879, #6139, #7545, .T. ) ;
#6199 = DIRECTION ( 'NONE',  ( 1.000000000000000000, 0.0000000000000000000, 0.0000000000000000000 ) ) ;
#6200 = FACE_OUTER_BOUND ( 'NONE', #5501, .T. ) ;
#6201 = DIRECTION ( 'NONE',  ( 0.0000000000000000000, 0.0000000000000000000, 1.000000000000000000 ) ) ;
#6202 = LINE ( 'NONE', #3959, #978 ) ;
#6203 = DIRECTION ( 'NONE',  ( 5.055354680658670800E-015, -1.000000000000000000, 1.403142791028454100E-029 ) ) ;
#6204 = DIRECTION ( 'NONE',  ( 1.000000000000000000, 0.0000000000000000000, 0.0000000000000000000 ) ) ;
#6205 = VECTOR ( 'NONE', #7072, 1000.000000000000000 ) ;
#6206 = CARTESIAN_POINT ( 'NONE',  ( -3.035766082959412400E-015, -8.000000000000000000, -15.99999999999997000 ) ) ;
#6207 = DIRECTION ( 'NONE',  ( 1.000000000000000000, -0.0000000000000000000, 8.360113137237629900E-017 ) ) ;
#6208 = VERTEX_POINT ( 'NONE', #2711 ) ;
#6209 = ORIENTED_EDGE ( 'NONE', *, *, #1875, .F. ) ;
#6210 = ADVANCED_FACE ( 'NONE', ( #4976 ), #4794, .F. ) ;
#6211 = VECTOR ( 'NONE', #867, 1000.000000000000100 ) ;
#6212 = ORIENTED_EDGE ( 'NONE', *, *, #6322, .T. ) ;
#6213 = CARTESIAN_POINT ( 'NONE',  ( 6.591949208711838600E-015, -16.00000000000000000, -2.374999999999988000 ) ) ;
#6214 = CARTESIAN_POINT ( 'NONE',  ( 35.99999999999997200, -2.150000000000023900, -2.499999999999888100 ) ) ;
#6215 = AXIS2_PLACEMENT_3D ( 'NONE', #3939, #6194, #350 ) ;
#6216 = DIRECTION ( 'NONE',  ( -0.7071067811865597900, 0.0000000000000000000, 0.7071067811865352500 ) ) ;
#6217 = CARTESIAN_POINT ( 'NONE',  ( 0.1249999999999998300, 11.31370849898476100, -21.97499999999996600 ) ) ;
#6218 = LINE ( 'NONE', #2909, #3703 ) ;
#6219 = ORIENTED_EDGE ( 'NONE', *, *, #3387, .T. ) ;
#6220 = EDGE_CURVE ( 'NONE', #3016, #4286, #1787, .T. ) ;
#6221 = ORIENTED_EDGE ( 'NONE', *, *, #3702, .F. ) ;
#6222 = AXIS2_PLACEMENT_3D ( 'NONE', #4365, #2566, #744 ) ;
#6223 = FACE_OUTER_BOUND ( 'NONE', #3190, .T. ) ;
#6224 = ORIENTED_EDGE ( 'NONE', *, *, #5328, .T. ) ;
#6225 = ORIENTED_EDGE ( 'NONE', *, *, #6867, .T. ) ;
#6226 = APPROVAL_STATUS ( 'not_yet_approved' ) ;
#6227 = DIRECTION ( 'NONE',  ( 1.000000000000000000, 0.0000000000000000000, 0.0000000000000000000 ) ) ;
#6228 = ORIENTED_EDGE ( 'NONE', *, *, #1897, .F. ) ;
#6229 = FACE_OUTER_BOUND ( 'NONE', #5222, .T. ) ;
#6230 = VERTEX_POINT ( 'NONE', #335 ) ;
#6231 = DIRECTION ( 'NONE',  ( -1.000000000000000000, 0.0000000000000000000, 0.0000000000000000000 ) ) ;
#6232 = EDGE_CURVE ( 'NONE', #1734, #2890, #3205, .T. ) ;
#6233 = CARTESIAN_POINT ( 'NONE',  ( 12.68629150101520300, -2.149999999999896000, 3.741225307282344200E-014 ) ) ;
#6234 = CARTESIAN_POINT ( 'NONE',  ( 0.0000000000000000000, -15.87499999999999300, 0.0000000000000000000 ) ) ;
#6235 = DIRECTION ( 'NONE',  ( 1.839952100020047200E-016, 0.7071067811865489100, -0.7071067811865462400 ) ) ;
#6236 = CARTESIAN_POINT ( 'NONE',  ( 33.91717260614129300, -7.053390142335812700, -0.1249999999997770900 ) ) ;
#6237 = VECTOR ( 'NONE', #4218, 1000.000000000000000 ) ;
#6238 = ORIENTED_EDGE ( 'NONE', *, *, #4407, .T. ) ;
#6239 = ADVANCED_FACE ( 'NONE', ( #197 ), #6309, .F. ) ;
#6240 = EDGE_CURVE ( 'NONE', #5287, #2242, #3012, .T. ) ;
#6241 = EDGE_CURVE ( 'NONE', #5047, #124, #5516, .T. ) ;
#6242 = FACE_OUTER_BOUND ( 'NONE', #1271, .T. ) ;
#6243 = CARTESIAN_POINT ( 'NONE',  ( 0.1250000000000034400, -2.735438768656219200E-015, -14.71129150101520700 ) ) ;
#6244 = VECTOR ( 'NONE', #1429, 1000.000000000000100 ) ;
#6245 = EDGE_CURVE ( 'NONE', #7585, #3459, #6086, .T. ) ;
#6246 = VERTEX_POINT ( 'NONE', #5669 ) ;
#6247 = CARTESIAN_POINT ( 'NONE',  ( 0.1250000000000034400, -2.025000000000002100, -11.99999999999997500 ) ) ;
#6248 = ORIENTED_EDGE ( 'NONE', *, *, #1050, .F. ) ;
#6249 = VECTOR ( 'NONE', #5352, 1000.000000000000000 ) ;
#6250 = CARTESIAN_POINT ( 'NONE',  ( 2.375000000000007500, -6.938893903907228400E-015, -35.99999999999996400 ) ) ;
#6251 = VECTOR ( 'NONE', #6260, 1000.000000000000100 ) ;
#6252 = CARTESIAN_POINT ( 'NONE',  ( -3.357232221681770700E-016, 10.00556095378965400, -30.96500179468744900 ) ) ;
#6253 = EDGE_LOOP ( 'NONE', ( #3618, #761, #1313, #3840 ) ) ;
#6254 = ORIENTED_EDGE ( 'NONE', *, *, #901, .T. ) ;
#6255 = CARTESIAN_POINT ( 'NONE',  ( 15.99999999999997700, -8.000000000000000000, -2.374999999999940000 ) ) ;
#6256 = FACE_OUTER_BOUND ( 'NONE', #2206, .T. ) ;
#6257 = AXIS2_PLACEMENT_3D ( 'NONE', #3788, #1883, #1908 ) ;
#6258 = FACE_OUTER_BOUND ( 'NONE', #5071, .T. ) ;
#6259 = DIRECTION ( 'NONE',  ( -1.000000000000000000, 0.0000000000000000000, -2.602085213965212600E-016 ) ) ;
#6261 = VERTEX_POINT ( 'NONE', #276 ) ;
#6260 = DIRECTION ( 'NONE',  ( 7.666467083416861400E-018, 0.7071067811865493500, 0.7071067811865455700 ) ) ;
#6262 = CARTESIAN_POINT ( 'NONE',  ( 23.99999999999997500, 0.0000000000000000000, -2.499999999999921000 ) ) ;
#6263 = ORIENTED_EDGE ( 'NONE', *, *, #1932, .F. ) ;
#6264 = EDGE_CURVE ( 'NONE', #4846, #6308, #7354, .T. ) ;
#6265 = DIRECTION ( 'NONE',  ( -1.000000000000000000, 0.0000000000000000000, -2.949029909160574000E-015 ) ) ;
#6266 = VECTOR ( 'NONE', #2180, 1000.000000000000000 ) ;
#6267 = EDGE_CURVE ( 'NONE', #4178, #3257, #4236, .T. ) ;
#6268 = LINE ( 'NONE', #4115, #580 ) ;
#6269 = EDGE_LOOP ( 'NONE', ( #5305, #5638, #4709, #7478 ) ) ;
#6270 = ADVANCED_FACE ( 'NONE', ( #6180 ), #1039, .T. ) ;
#6271 = VERTEX_POINT ( 'NONE', #2627 ) ;
#6272 = DIRECTION ( 'NONE',  ( 0.5000000000000065500, -0.5000000000000016700, -0.7071067811865415800 ) ) ;
#6273 = PLANE ( 'NONE',  #2876 ) ;
#6274 = CIRCLE ( 'NONE', #688, 2.149999999999992400 ) ;
#6275 = ORIENTED_EDGE ( 'NONE', *, *, #7238, .F. ) ;
#6276 = DIRECTION ( 'NONE',  ( 0.0000000000000000000, 6.319193350823370000E-016, 1.000000000000000000 ) ) ;
#6277 = DIRECTION ( 'NONE',  ( 1.000000000000000000, 0.0000000000000000000, 0.0000000000000000000 ) ) ;
#6278 = EDGE_LOOP ( 'NONE', ( #1465, #6031, #3992, #6122 ) ) ;
#6279 = EDGE_CURVE ( 'NONE', #999, #3472, #7447, .T. ) ;
#6280 = DIRECTION ( 'NONE',  ( 7.666467083416863000E-018, -0.7071067811865489100, 0.7071067811865462400 ) ) ;
#6281 = DIRECTION ( 'NONE',  ( -1.000000000000000000, 0.0000000000000000000, 1.084202172485505400E-017 ) ) ;
#6282 = ADVANCED_FACE ( 'NONE', ( #5715 ), #7175, .F. ) ;
#6283 = AXIS2_PLACEMENT_3D ( 'NONE', #6704, #7288, #3213 ) ;
#6284 = CARTESIAN_POINT ( 'NONE',  ( 2.499999999999994700, 16.00000000000011000, -21.84999999999981300 ) ) ;
#6285 = VECTOR ( 'NONE', #4645, 1000.000000000000000 ) ;
#6286 = CARTESIAN_POINT ( 'NONE',  ( 2.374999999999978700, 10.56810876809728600, -10.56810876809743900 ) ) ;
#6287 = ORIENTED_EDGE ( 'NONE', *, *, #482, .T. ) ;
#6288 = ORIENTED_EDGE ( 'NONE', *, *, #2342, .F. ) ;
#6289 = ORIENTED_EDGE ( 'NONE', *, *, #1718, .F. ) ;
#6290 = DIRECTION ( 'NONE',  ( 1.000000000000000000, -0.0000000000000000000, 8.360113137237629900E-017 ) ) ;
#6291 = DIRECTION ( 'NONE',  ( -1.000000000000000000, -0.0000000000000000000, -0.0000000000000000000 ) ) ;
#6292 = CARTESIAN_POINT ( 'NONE',  ( 0.1250000000000001900, -7.999999999999992900, -29.97499999999994500 ) ) ;
#6293 = CYLINDRICAL_SURFACE ( 'NONE', #714, 2.024999999999999000 ) ;
#6294 = CARTESIAN_POINT ( 'NONE',  ( 4.499999999999990200, 16.00000000000000000, -4.499999999999974200 ) ) ;
#6295 = LINE ( 'NONE', #162, #6737 ) ;
#6296 = VECTOR ( 'NONE', #6060, 1000.000000000000000 ) ;
#6297 = VERTEX_POINT ( 'NONE', #7552 ) ;
#6298 = CARTESIAN_POINT ( 'NONE',  ( 2.487015786832646400E-031, -2.149999999999985300, 2.293867186348858600E-014 ) ) ;
#6299 = LINE ( 'NONE', #681, #4549 ) ;
#6300 = DIRECTION ( 'NONE',  ( -5.055354680658670800E-015, 1.000000000000000000, -1.490839215467732600E-029 ) ) ;
#6301 = EDGE_CURVE ( 'NONE', #230, #6347, #5620, .T. ) ;
#6302 = CONICAL_SURFACE ( 'NONE', #5918, 2.025000000000002600, 0.7853981633974742600 ) ;
#6303 = VERTEX_POINT ( 'NONE', #6989 ) ;
#6304 = VERTEX_POINT ( 'NONE', #1642 ) ;
#6305 = PERSON_AND_ORGANIZATION_ROLE ( 'creator' ) ;
#6306 = CARTESIAN_POINT ( 'NONE',  ( 23.99999999999996800, -11.31370849898476100, -0.1249999999998114000 ) ) ;
#6307 = CIRCLE ( 'NONE', #7273, 15.87500000000000000 ) ;
#6308 = VERTEX_POINT ( 'NONE', #2763 ) ;
#6309 = PLANE ( 'NONE',  #2670 ) ;
#6310 = DIRECTION ( 'NONE',  ( -1.000000000000000000, 0.0000000000000000000, 0.0000000000000000000 ) ) ;
#6311 = VERTEX_POINT ( 'NONE', #4034 ) ;
#6312 = LINE ( 'NONE', #1931, #5297 ) ;
#6313 = DIRECTION ( 'NONE',  ( -1.000000000000000000, -0.0000000000000000000, -0.0000000000000000000 ) ) ;
#6314 = DIRECTION ( 'NONE',  ( 1.000000000000000000, -0.0000000000000000000, 8.360113137237629900E-017 ) ) ;
#6315 = EDGE_LOOP ( 'NONE', ( #4376, #872, #4288, #5486 ) ) ;
#6316 = DIRECTION ( 'NONE',  ( -0.7071067811865474600, 0.0000000000000000000, 0.7071067811865474600 ) ) ;
#6317 = ADVANCED_FACE ( 'NONE', ( #5434 ), #1689, .T. ) ;
#6318 = VERTEX_POINT ( 'NONE', #4659 ) ;
#6319 = ORIENTED_EDGE ( 'NONE', *, *, #7618, .T. ) ;
#6320 = EDGE_LOOP ( 'NONE', ( #7187, #1185, #2044, #7644 ) ) ;
#6321 = DIRECTION ( 'NONE',  ( 0.0000000000000000000, 0.0000000000000000000, 1.000000000000000000 ) ) ;
#6322 = EDGE_CURVE ( 'NONE', #134, #7071, #5899, .T. ) ;
#6323 = DIRECTION ( 'NONE',  ( -0.0000000000000000000, -0.0000000000000000000, -1.000000000000000000 ) ) ;
#6324 = AXIS2_PLACEMENT_3D ( 'NONE', #6074, #2998, #2488 ) ;
#6325 = ORIENTED_EDGE ( 'NONE', *, *, #6267, .T. ) ;
#6326 = VECTOR ( 'NONE', #1496, 1000.000000000000100 ) ;
#6327 = ORIENTED_EDGE ( 'NONE', *, *, #2749, .F. ) ;
#6328 = CARTESIAN_POINT ( 'NONE',  ( 32.48528137423853900, -8.485281374238571300, -2.499999999999897900 ) ) ;
#6329 = CARTESIAN_POINT ( 'NONE',  ( 5.317934657999292500E-015, -2.024999999999994600, -2.374999999999950700 ) ) ;
#6330 = DIRECTION ( 'NONE',  ( -0.7071067811865455700, 0.7071067811865493500, -2.085279046689384700E-015 ) ) ;
#6331 = EDGE_CURVE ( 'NONE', #546, #7244, #4325, .T. ) ;
#6332 = AXIS2_PLACEMENT_3D ( 'NONE', #3235, #7285, #2518 ) ;
#6333 = CIRCLE ( 'NONE', #4677, 2.024999999999955500 ) ;
#6334 = VERTEX_POINT ( 'NONE', #3371 ) ;
#6335 = ORIENTED_EDGE ( 'NONE', *, *, #3641, .F. ) ;
#6336 = ORIENTED_EDGE ( 'NONE', *, *, #5246, .F. ) ;
#6337 = CARTESIAN_POINT ( 'NONE',  ( 2.479720420449053700, 18.47972042044904100, 7.312769686260495600E-015 ) ) ;
#6338 = DIRECTION ( 'NONE',  ( -6.319193350823370000E-016, -1.000000000000000000, -1.841413596539457100E-030 ) ) ;
#6339 = FACE_OUTER_BOUND ( 'NONE', #5734, .T. ) ;
#6340 = CARTESIAN_POINT ( 'NONE',  ( 26.14999999999998400, 11.99999999999999300, -2.499999999999915600 ) ) ;
#6341 = EDGE_CURVE ( 'NONE', #2105, #5453, #2720, .T. ) ;
#6342 = VECTOR ( 'NONE', #2521, 1000.000000000000000 ) ;
#6343 = EDGE_CURVE ( 'NONE', #2251, #5055, #5995, .T. ) ;
#6344 = ORIENTED_EDGE ( 'NONE', *, *, #7043, .F. ) ;
#6345 = EDGE_CURVE ( 'NONE', #2466, #3349, #7255, .T. ) ;
#6346 = DIRECTION ( 'NONE',  ( 0.0000000000000000000, 0.0000000000000000000, -1.000000000000000000 ) ) ;
#6347 = VERTEX_POINT ( 'NONE', #6431 ) ;
#6348 = CIRCLE ( 'NONE', #727, 2.149999999999999000 ) ;
#6349 = CARTESIAN_POINT ( 'NONE',  ( 13.43189123190284600, -13.43189123190277100, 1.483188571960170100E-013 ) ) ;
#6350 = LINE ( 'NONE', #1709, #6162 ) ;
#6351 = DIRECTION ( 'NONE',  ( 1.000000000000000000, 1.263838670164661400E-015, 2.949029909160574800E-015 ) ) ;
#6352 = VERTEX_POINT ( 'NONE', #3347 ) ;
#6353 = VERTEX_POINT ( 'NONE', #6917 ) ;
#6354 = LINE ( 'NONE', #5628, #5251 ) ;
#6355 = DIRECTION ( 'NONE',  ( -2.017120320903238800E-016, 0.0000000000000000000, 1.000000000000000000 ) ) ;
#6356 = CARTESIAN_POINT ( 'NONE',  ( 0.1249999999999906500, 9.431891231902733700, -17.43189123190268200 ) ) ;
#6357 = ADVANCED_FACE ( 'NONE', ( #3291 ), #2817, .F. ) ;
#6358 = LINE ( 'NONE', #3189, #2530 ) ;
#6359 = ORIENTED_EDGE ( 'NONE', *, *, #2747, .F. ) ;
#6360 = DIRECTION ( 'NONE',  ( 1.000000000000000000, 0.0000000000000000000, 0.0000000000000000000 ) ) ;
#6361 = EDGE_LOOP ( 'NONE', ( #1654, #5758, #6275, #7508 ) ) ;
#6362 = DIRECTION ( 'NONE',  ( -1.000000000000000000, 0.0000000000000000000, -2.602085213965212600E-016 ) ) ;
#6363 = FACE_OUTER_BOUND ( 'NONE', #2941, .T. ) ;
#6364 = VECTOR ( 'NONE', #3244, 1000.000000000000000 ) ;
#6365 = EDGE_LOOP ( 'NONE', ( #7445, #5519, #285, #1767 ) ) ;
#6366 = ORIENTED_EDGE ( 'NONE', *, *, #577, .T. ) ;
#6367 = EDGE_CURVE ( 'NONE', #4749, #3657, #7542, .T. ) ;
#6368 = DIRECTION ( 'NONE',  ( 0.7071067811865536800, 0.0000000000000000000, 0.7071067811865412400 ) ) ;
#6369 = AXIS2_PLACEMENT_3D ( 'NONE', #4382, #5487, #4353 ) ;
#6370 = CARTESIAN_POINT ( 'NONE',  ( -1.569894433683347600E-016, 6.479720420448994200, -14.47972042044894000 ) ) ;
#6371 = CONICAL_SURFACE ( 'NONE', #2994, 2.025000000000002600, 0.7853981633974277400 ) ;
#6373 = ORIENTED_EDGE ( 'NONE', *, *, #1318, .T. ) ;
#6372 = DIRECTION ( 'NONE',  ( -0.7071067811865494600, 0.7071067811865456900, -2.060509892314826800E-015 ) ) ;
#6374 = VERTEX_POINT ( 'NONE', #5747 ) ;
#6375 = EDGE_CURVE ( 'NONE', #1369, #388, #3667, .T. ) ;
#6376 = VECTOR ( 'NONE', #4811, 1000.000000000000000 ) ;
#6377 = AXIS2_PLACEMENT_3D ( 'NONE', #6765, #6259, #3902 ) ;
#6378 = DIRECTION ( 'NONE',  ( 0.0000000000000000000, 0.0000000000000000000, 1.000000000000000000 ) ) ;
#6379 = DIRECTION ( 'NONE',  ( 8.360113137237631100E-017, 0.0000000000000000000, -1.000000000000000000 ) ) ;
#6380 = FACE_OUTER_BOUND ( 'NONE', #1028, .T. ) ;
#6381 = ORIENTED_EDGE ( 'NONE', *, *, #2439, .T. ) ;
#6382 = CIRCLE ( 'NONE', #6694, 2.024999999999991900 ) ;
#6383 = DIRECTION ( 'NONE',  ( -1.000000000000000000, 0.0000000000000000000, 0.0000000000000000000 ) ) ;
#6384 = VECTOR ( 'NONE', #3252, 1000.000000000000000 ) ;
#6385 = FACE_BOUND ( 'NONE', #6095, .T. ) ;
#6386 = VERTEX_POINT ( 'NONE', #6455 ) ;
#6387 = ORIENTED_EDGE ( 'NONE', *, *, #4545, .F. ) ;
#6388 = EDGE_CURVE ( 'NONE', #1905, #2506, #4050, .T. ) ;
#6389 = DIRECTION ( 'NONE',  ( 0.0000000000000000000, 0.0000000000000000000, 1.000000000000000000 ) ) ;
#6390 = DIRECTION ( 'NONE',  ( -0.7071067811865769900, -0.7071067811865181500, 7.096736839971707100E-016 ) ) ;
#6391 = AXIS2_PLACEMENT_3D ( 'NONE', #1152, #4788, #4691 ) ;
#6392 = ADVANCED_FACE ( 'NONE', ( #1865 ), #565, .F. ) ;
#6393 = EDGE_CURVE ( 'NONE', #4690, #3502, #851, .T. ) ;
#6394 = VECTOR ( 'NONE', #4927, 999.9999999999998900 ) ;
#6395 = VERTEX_POINT ( 'NONE', #5947 ) ;
#6396 = EDGE_LOOP ( 'NONE', ( #7383, #3794, #5608, #2141, #3480 ) ) ;
#6397 = DIRECTION ( 'NONE',  ( -0.7071067811865378000, 0.0000000000000000000, -0.7071067811865573400 ) ) ;
#6398 = CARTESIAN_POINT ( 'NONE',  ( -4.336808689942017700E-015, 2.024999999999994600, 1.274014550712427300E-015 ) ) ;
#6399 = DIRECTION ( 'NONE',  ( 2.914001035115545500E-015, -0.0000000000000000000, -1.000000000000000000 ) ) ;
#6400 = CARTESIAN_POINT ( 'NONE',  ( 23.99999999999997500, 0.0000000000000000000, -2.499999999999921000 ) ) ;
#6401 = FACE_OUTER_BOUND ( 'NONE', #6889, .T. ) ;
#6402 = ORIENTED_EDGE ( 'NONE', *, *, #65, .T. ) ;
#6403 = ORIENTED_EDGE ( 'NONE', *, *, #1824, .T. ) ;
#6404 = DIRECTION ( 'NONE',  ( -2.775557561562893700E-015, -0.0000000000000000000, 1.000000000000000000 ) ) ;
#6405 = AXIS2_PLACEMENT_3D ( 'NONE', #6749, #3307, #3806 ) ;
#6406 = ORIENTED_EDGE ( 'NONE', *, *, #6903, .T. ) ;
#6407 = VECTOR ( 'NONE', #5177, 1000.000000000000000 ) ;
#6408 = ORIENTED_EDGE ( 'NONE', *, *, #1269, .T. ) ;
#6409 = ORIENTED_EDGE ( 'NONE', *, *, #6537, .T. ) ;
#6410 = DIRECTION ( 'NONE',  ( -1.000000000000000000, 0.0000000000000000000, -2.602085213965212600E-016 ) ) ;
#6411 = DIRECTION ( 'NONE',  ( 0.0000000000000000000, 0.0000000000000000000, 1.000000000000000000 ) ) ;
#6412 = VERTEX_POINT ( 'NONE', #5324 ) ;
#6413 = AXIS2_PLACEMENT_3D ( 'NONE', #2448, #1895, #4226 ) ;
#6414 = CIRCLE ( 'NONE', #915, 6.999999999999999100 ) ;
#6415 = VERTEX_POINT ( 'NONE', #3577 ) ;
#6416 = CARTESIAN_POINT ( 'NONE',  ( -2.835188681049595100E-016, 15.99999999999986900, -26.14999999999998800 ) ) ;
#6417 = PLANE ( 'NONE',  #3323 ) ;
#6418 = FACE_OUTER_BOUND ( 'NONE', #6948, .T. ) ;
#6419 = DIRECTION ( 'NONE',  ( -1.000000000000000000, 0.0000000000000000000, -2.914001035115550200E-015 ) ) ;
#6420 = VERTEX_POINT ( 'NONE', #1092 ) ;
#6421 = EDGE_CURVE ( 'NONE', #7680, #4310, #3853, .T. ) ;
#6422 = AXIS2_PLACEMENT_3D ( 'NONE', #3709, #64, #4214 ) ;
#6423 = VECTOR ( 'NONE', #4935, 1000.000000000000000 ) ;
#6424 = CIRCLE ( 'NONE', #4907, 2.024999999999955500 ) ;
#6425 = CARTESIAN_POINT ( 'NONE',  ( 23.99999999999997500, -11.31370849898476100, -2.499999999999921000 ) ) ;
#6426 = ADVANCED_FACE ( 'NONE', ( #1041 ), #2253, .F. ) ;
#6427 = ORIENTED_EDGE ( 'NONE', *, *, #3814, .T. ) ;
#6428 = EDGE_CURVE ( 'NONE', #2249, #7317, #2056, .T. ) ;
#6429 = EDGE_CURVE ( 'NONE', #826, #5461, #6620, .T. ) ;
#6430 = ORIENTED_EDGE ( 'NONE', *, *, #3058, .F. ) ;
#6431 = CARTESIAN_POINT ( 'NONE',  ( 12.68629150101520300, 2.149999999999896000, 3.741225307282344200E-014 ) ) ;
#6432 = FACE_OUTER_BOUND ( 'NONE', #3379, .T. ) ;
#6433 = AXIS2_PLACEMENT_3D ( 'NONE', #2002, #6768, #708 ) ;
#6434 = FACE_OUTER_BOUND ( 'NONE', #245, .T. ) ;
#6435 = DIRECTION ( 'NONE',  ( -0.0000000000000000000, -1.000000000000000000, -0.0000000000000000000 ) ) ;
#6436 = CARTESIAN_POINT ( 'NONE',  ( 2.499999999999995100, 0.0000000000000000000, -23.99999999999996800 ) ) ;
#6437 = ORIENTED_EDGE ( 'NONE', *, *, #7212, .F. ) ;
#6438 = CARTESIAN_POINT ( 'NONE',  ( 21.97499999999996900, 11.99999999999999300, -2.374999999999913000 ) ) ;
#6439 = VERTEX_POINT ( 'NONE', #2337 ) ;
#6440 = CARTESIAN_POINT ( 'NONE',  ( -3.828719947311910000E-016, 1.349909078679433100E-015, -35.31370849898473100 ) ) ;
#6441 = FACE_OUTER_BOUND ( 'NONE', #6698, .T. ) ;
#6442 = EDGE_CURVE ( 'NONE', #6014, #1445, #7, .T. ) ;
#6443 = LINE ( 'NONE', #7011, #4873 ) ;
#6444 = EDGE_CURVE ( 'NONE', #4949, #2288, #664, .T. ) ;
#6445 = PLANE ( 'NONE',  #5866 ) ;
#6446 = ORIENTED_EDGE ( 'NONE', *, *, #3543, .T. ) ;
#6447 = VERTEX_POINT ( 'NONE', #2290 ) ;
#6448 = PLANE ( 'NONE',  #7682 ) ;
#6449 = FACE_OUTER_BOUND ( 'NONE', #6912, .T. ) ;
#6450 = AXIS2_PLACEMENT_3D ( 'NONE', #2266, #491, #3425 ) ;
#6451 = CONICAL_SURFACE ( 'NONE', #1601, 2.024999999999999000, 0.7853981633974482800 ) ;
#6452 = VERTEX_POINT ( 'NONE', #5868 ) ;
#6453 = VERTEX_POINT ( 'NONE', #5897 ) ;
#6454 = CARTESIAN_POINT ( 'NONE',  ( 17.03499820531248300, -10.00556095378963500, -2.499999999999940500 ) ) ;
#6455 = CARTESIAN_POINT ( 'NONE',  ( 0.1250000000000175400, 6.568108768097236100, -33.43189123190274600 ) ) ;
#6456 = AXIS2_PLACEMENT_3D ( 'NONE', #6072, #1345, #7305 ) ;
#6457 = ORIENTED_EDGE ( 'NONE', *, *, #434, .F. ) ;
#6458 = ORIENTED_EDGE ( 'NONE', *, *, #5950, .T. ) ;
#6459 = DIRECTION ( 'NONE',  ( 0.7071067811865672200, 0.7071067811865279200, 1.839952100020101500E-016 ) ) ;
#6460 = CARTESIAN_POINT ( 'NONE',  ( 2.499999999999992900, -2.149999999999994600, -12.68629150101520300 ) ) ;
#6461 = DIRECTION ( 'NONE',  ( 0.0000000000000000000, 0.0000000000000000000, 1.000000000000000000 ) ) ;
#6462 = CARTESIAN_POINT ( 'NONE',  ( 2.374999999999992500, -6.568108768097256500, -14.56810876809722200 ) ) ;
#6463 = LINE ( 'NONE', #2248, #5533 ) ;
#6464 = VERTEX_POINT ( 'NONE', #4156 ) ;
#6465 = ADVANCED_FACE ( 'NONE', ( #5256 ), #6806, .T. ) ;
#6466 = EDGE_LOOP ( 'NONE', ( #5261, #1049, #7465, #4169 ) ) ;
#6467 = EDGE_CURVE ( 'NONE', #1607, #4576, #4418, .T. ) ;
#6468 = CARTESIAN_POINT ( 'NONE',  ( 33.43189123190270400, -6.568108768097228100, -2.374999999999875200 ) ) ;
#6469 = VECTOR ( 'NONE', #5577, 1000.000000000000000 ) ;
#6470 = CARTESIAN_POINT ( 'NONE',  ( -1.734723475976807100E-015, -8.485281374238571300, -32.48528137423853200 ) ) ;
#6471 = FACE_OUTER_BOUND ( 'NONE', #1495, .T. ) ;
#6472 = CARTESIAN_POINT ( 'NONE',  ( 2.499999999999992900, -6.965001794687480300, -13.99443904621032600 ) ) ;
#6473 = CARTESIAN_POINT ( 'NONE',  ( 13.99443904621043800, 6.965001794687595700, 4.127001930919916900E-014 ) ) ;
#6474 = ORIENTED_EDGE ( 'NONE', *, *, #4942, .T. ) ;
#6475 = EDGE_LOOP ( 'NONE', ( #2968, #2139, #7673, #4039 ) ) ;
#6476 = AXIS2_PLACEMENT_3D ( 'NONE', #5505, #3196, #1893 ) ;
#6477 = CARTESIAN_POINT ( 'NONE',  ( 2.499999999999990700, 16.00000000000000000, -4.499999999999975100 ) ) ;
#6478 = LINE ( 'NONE', #5224, #1543 ) ;
#6479 = CIRCLE ( 'NONE', #5775, 2.150000000000009700 ) ;
#6480 = ORIENTED_EDGE ( 'NONE', *, *, #1550, .F. ) ;
#6481 = DIRECTION ( 'NONE',  ( 1.084202172485504900E-017, 0.0000000000000000000, 1.000000000000000000 ) ) ;
#6482 = CARTESIAN_POINT ( 'NONE',  ( 0.0000000000000000000, 16.00000000000000000, 0.0000000000000000000 ) ) ;
#6483 = VECTOR ( 'NONE', #7082, 1000.000000000000000 ) ;
#6484 = DIRECTION ( 'NONE',  ( 1.000000000000000000, 0.0000000000000000000, 0.0000000000000000000 ) ) ;
#6485 = DIRECTION ( 'NONE',  ( -1.000000000000000000, 0.0000000000000000000, -2.949029909160575200E-015 ) ) ;
#6486 = ORIENTED_EDGE ( 'NONE', *, *, #5328, .F. ) ;
#6487 = ORIENTED_EDGE ( 'NONE', *, *, #1555, .T. ) ;
#6488 = CARTESIAN_POINT ( 'NONE',  ( 0.1250000000000034400, 2.025000000000002600, -12.68629150101520300 ) ) ;
#6489 = AXIS2_PLACEMENT_3D ( 'NONE', #5104, #6291, #5129 ) ;
#6490 = DIRECTION ( 'NONE',  ( 2.914001035115545500E-015, -0.0000000000000000000, -1.000000000000000000 ) ) ;
#6491 = CARTESIAN_POINT ( 'NONE',  ( 2.499999999999997300, -10.00556095378966900, -30.96500179468743900 ) ) ;
#6492 = VERTEX_POINT ( 'NONE', #7662 ) ;
#6493 = LINE ( 'NONE', #5496, #6945 ) ;
#6494 = CARTESIAN_POINT ( 'NONE',  ( -2.866473791930354000E-015, 8.000000000000035500, -18.02499999999993800 ) ) ;
#6495 = EDGE_LOOP ( 'NONE', ( #4682, #7523, #1633, #316 ) ) ;
#6496 = ORIENTED_EDGE ( 'NONE', *, *, #5436, .T. ) ;
#6497 = DIRECTION ( 'NONE',  ( -1.000000000000000000, 0.0000000000000000000, 0.0000000000000000000 ) ) ;
#6498 = CARTESIAN_POINT ( 'NONE',  ( -2.602085213965210600E-015, -11.99999999999999300, -21.97499999999996600 ) ) ;
#6499 = DIRECTION ( 'NONE',  ( 6.319193350823370000E-016, -1.000000000000000000, 1.841413596539457100E-030 ) ) ;
#6500 = ORIENTED_EDGE ( 'NONE', *, *, #5683, .F. ) ;
#6501 = CIRCLE ( 'NONE', #4921, 2.149999999999948800 ) ;
#6502 = VERTEX_POINT ( 'NONE', #488 ) ;
#6503 = AXIS2_PLACEMENT_3D ( 'NONE', #3418, #7498, #3971 ) ;
#6504 = CARTESIAN_POINT ( 'NONE',  ( 2.374999999999988500, -11.31370849898476100, -23.99999999999996800 ) ) ;
#6505 = ADVANCED_FACE ( 'NONE', ( #6449 ), #535, .F. ) ;
#6506 = ORIENTED_EDGE ( 'NONE', *, *, #1467, .T. ) ;
#6507 = VECTOR ( 'NONE', #5493, 1000.000000000000000 ) ;
#6508 = ORIENTED_EDGE ( 'NONE', *, *, #2295, .T. ) ;
#6509 = DIRECTION ( 'NONE',  ( 0.5000000000000228700, -0.5000000000000326400, 0.7071067811865083800 ) ) ;
#6510 = EDGE_CURVE ( 'NONE', #5554, #3502, #4137, .T. ) ;
#6511 = CARTESIAN_POINT ( 'NONE',  ( 17.52027957955091600, 9.520279579550969400, 5.166782849695091900E-014 ) ) ;
#6512 = DIRECTION ( 'NONE',  ( 0.0000000000000000000, 0.0000000000000000000, 1.000000000000000000 ) ) ;
#6513 = COORDINATED_UNIVERSAL_TIME_OFFSET ( 6, 0, .BEHIND. ) ;
#6514 = AXIS2_PLACEMENT_3D ( 'NONE', #4941, #7146, #4967 ) ;
#6515 = CARTESIAN_POINT ( 'NONE',  ( 32.48528137423853900, -8.485281374238571300, -2.374999999999873900 ) ) ;
#6516 = FACE_OUTER_BOUND ( 'NONE', #4098, .T. ) ;
#6517 = ORIENTED_EDGE ( 'NONE', *, *, #3146, .T. ) ;
#6518 = ORIENTED_EDGE ( 'NONE', *, *, #6875, .F. ) ;
#6519 = FACE_BOUND ( 'NONE', #2415, .T. ) ;
#6520 = CARTESIAN_POINT ( 'NONE',  ( 14.47972042044890600, -6.479720420448932900, -2.499999999999947600 ) ) ;
#6521 = EDGE_CURVE ( 'NONE', #2838, #1100, #4878, .T. ) ;
#6522 = VECTOR ( 'NONE', #647, 1000.000000000000000 ) ;
#6523 = DIRECTION ( 'NONE',  ( 0.0000000000000000000, 0.0000000000000000000, -1.000000000000000000 ) ) ;
#6524 = AXIS2_PLACEMENT_3D ( 'NONE', #5913, #4751, #4773 ) ;
#6525 = ORIENTED_EDGE ( 'NONE', *, *, #7120, .F. ) ;
#6526 = ORIENTED_EDGE ( 'NONE', *, *, #2322, .F. ) ;
#6527 = FACE_OUTER_BOUND ( 'NONE', #49, .T. ) ;
#6528 = DIRECTION ( 'NONE',  ( -0.5000000000000115500, -0.5000000000000016700, 0.7071067811865382500 ) ) ;
#6529 = LINE ( 'NONE', #3878, #562 ) ;
#6530 = DIRECTION ( 'NONE',  ( -1.000000000000000000, 0.0000000000000000000, -2.914001035115547800E-015 ) ) ;
#6531 = ORIENTED_EDGE ( 'NONE', *, *, #722, .T. ) ;
#6532 = DIRECTION ( 'NONE',  ( 0.0000000000000000000, 0.0000000000000000000, -1.000000000000000000 ) ) ;
#6533 = ORIENTED_EDGE ( 'NONE', *, *, #1822, .T. ) ;
#6534 = AXIS2_PLACEMENT_3D ( 'NONE', #6734, #1355, #1939 ) ;
#6535 = LINE ( 'NONE', #7333, #3193 ) ;
#6536 = PLANE ( 'NONE',  #1971 ) ;
#6537 = EDGE_CURVE ( 'NONE', #6347, #6766, #4702, .T. ) ;
#6538 = CIRCLE ( 'NONE', #7023, 2.149999999999884400 ) ;
#6539 = CARTESIAN_POINT ( 'NONE',  ( 2.374999999999981800, -7.053390142335812700, -33.91717260614129300 ) ) ;
#6540 = DIRECTION ( 'NONE',  ( 0.5000000000000421900, 0.4999999999999932300, 0.7071067811865224800 ) ) ;
#6541 = ORIENTED_EDGE ( 'NONE', *, *, #6727, .T. ) ;
#6542 = ORIENTED_EDGE ( 'NONE', *, *, #7449, .F. ) ;
#6543 = ADVANCED_FACE ( 'NONE', ( #288 ), #7637, .F. ) ;
#6544 = VECTOR ( 'NONE', #2316, 1000.000000000000000 ) ;
#6545 = VECTOR ( 'NONE', #1540, 1000.000000000000000 ) ;
#6546 = AXIS2_PLACEMENT_3D ( 'NONE', #560, #4756, #7683 ) ;
#6547 = DIRECTION ( 'NONE',  ( -0.0000000000000000000, -0.0000000000000000000, 1.000000000000000000 ) ) ;
#6548 = ORIENTED_EDGE ( 'NONE', *, *, #6143, .F. ) ;
#6549 = ADVANCED_FACE ( 'NONE', ( #97 ), #949, .T. ) ;
#6550 = DIRECTION ( 'NONE',  ( 2.914001035115545500E-015, -0.0000000000000000000, -1.000000000000000000 ) ) ;
#6551 = VERTEX_POINT ( 'NONE', #3658 ) ;
#6552 = DIRECTION ( 'NONE',  ( 1.000000000000000000, -0.0000000000000000000, -1.084202172485505400E-017 ) ) ;
#6553 = FACE_OUTER_BOUND ( 'NONE', #458, .T. ) ;
#6554 = CARTESIAN_POINT ( 'NONE',  ( 2.374999999999994200, 8.485281374238566000, -32.48528137423853900 ) ) ;
#6555 = AXIS2_PLACEMENT_3D ( 'NONE', #444, #1048, #5801 ) ;
#6556 = CYLINDRICAL_SURFACE ( 'NONE', #4059, 16.00000000000000700 ) ;
#6557 = CARTESIAN_POINT ( 'NONE',  ( -1.146933593174434700E-014, -2.149999999999888000, -3.382341470092414600E-029 ) ) ;
#6558 = EDGE_LOOP ( 'NONE', ( #3587, #3201, #2178, #1188 ) ) ;
#6559 = VECTOR ( 'NONE', #4894, 1000.000000000000000 ) ;
#6560 = ORIENTED_EDGE ( 'NONE', *, *, #3475, .F. ) ;
#6561 = CARTESIAN_POINT ( 'NONE',  ( 31.99999999999997200, 8.000000000000007100, -0.1249999999997819400 ) ) ;
#6562 = DIRECTION ( 'NONE',  ( -1.000000000000000000, 0.0000000000000000000, -2.823968449264577200E-015 ) ) ;
#6563 = DIRECTION ( 'NONE',  ( -1.000000000000000000, 0.0000000000000000000, 0.0000000000000000000 ) ) ;
#6564 = LINE ( 'NONE', #1656, #2275 ) ;
#6565 = LINE ( 'NONE', #1358, #1876 ) ;
#6566 = EDGE_CURVE ( 'NONE', #4250, #7013, #4516, .T. ) ;
#6567 = FACE_BOUND ( 'NONE', #3798, .T. ) ;
#6568 = VERTEX_POINT ( 'NONE', #4808 ) ;
#6569 = AXIS2_PLACEMENT_3D ( 'NONE', #7596, #6957, #5785 ) ;
#6570 = DIRECTION ( 'NONE',  ( 0.0000000000000000000, -1.000000000000000000, 0.0000000000000000000 ) ) ;
#6571 = VECTOR ( 'NONE', #6848, 1000.000000000000100 ) ;
#6572 = ORIENTED_EDGE ( 'NONE', *, *, #6245, .T. ) ;
#6573 = ORIENTED_EDGE ( 'NONE', *, *, #7257, .T. ) ;
#6574 = EDGE_CURVE ( 'NONE', #3519, #4966, #1316, .T. ) ;
#6575 = CARTESIAN_POINT ( 'NONE',  ( 18.02499999999995600, -8.000000000000000000, -0.1249999999998404600 ) ) ;
#6576 = ADVANCED_FACE ( 'NONE', ( #2339 ), #6579, .F. ) ;
#6577 = CYLINDRICAL_SURFACE ( 'NONE', #6069, 2.025000000000009200 ) ;
#6578 = ORIENTED_EDGE ( 'NONE', *, *, #6034, .T. ) ;
#6579 = PLANE ( 'NONE',  #3796 ) ;
#6580 = CARTESIAN_POINT ( 'NONE',  ( 35.99999999999996400, -6.938893903907228400E-015, -0.1249999999997806900 ) ) ;
#6581 = EDGE_CURVE ( 'NONE', #6464, #1174, #1136, .T. ) ;
#6582 = CARTESIAN_POINT ( 'NONE',  ( 14.47972042044891000, 6.479720420448959600, -2.499999999999947600 ) ) ;
#6583 = EDGE_CURVE ( 'NONE', #5674, #4792, #3103, .T. ) ;
#6584 = DIRECTION ( 'NONE',  ( 0.0000000000000000000, 0.0000000000000000000, 1.000000000000000000 ) ) ;
#6585 = ADVANCED_FACE ( 'NONE', ( #4607 ), #3076, .F. ) ;
#6586 = VECTOR ( 'NONE', #6757, 1000.000000000000000 ) ;
#6587 = VERTEX_POINT ( 'NONE', #4265 ) ;
#6588 = ORIENTED_EDGE ( 'NONE', *, *, #4067, .F. ) ;
#6589 = CIRCLE ( 'NONE', #3466, 2.150000000000006100 ) ;
#6590 = ORIENTED_EDGE ( 'NONE', *, *, #5380, .F. ) ;
#6591 = CIRCLE ( 'NONE', #4278, 2.149999999999952400 ) ;
#6592 = EDGE_LOOP ( 'NONE', ( #2814, #3774, #4033, #4240 ) ) ;
#6593 = EDGE_LOOP ( 'NONE', ( #298, #1134, #275, #4199 ) ) ;
#6594 = DIRECTION ( 'NONE',  ( -2.775557561562893700E-015, -0.0000000000000000000, 1.000000000000000000 ) ) ;
#6595 = DIRECTION ( 'NONE',  ( -5.911492690827512800E-017, -0.7071067811865424700, 0.7071067811865526800 ) ) ;
#6596 = VECTOR ( 'NONE', #2464, 1000.000000000000000 ) ;
#6597 = DIRECTION ( 'NONE',  ( 0.0000000000000000000, 0.0000000000000000000, 1.000000000000000000 ) ) ;
#6598 = DIRECTION ( 'NONE',  ( -0.7071067811865463500, 0.0000000000000000000, -0.7071067811865487900 ) ) ;
#6599 = EDGE_CURVE ( 'NONE', #2406, #7589, #3010, .T. ) ;
#6600 = ORIENTED_EDGE ( 'NONE', *, *, #3246, .T. ) ;
#6601 = CARTESIAN_POINT ( 'NONE',  ( -2.602085213965210600E-015, 9.917172606141285500, -16.94660985766412900 ) ) ;
#6602 = AXIS2_PLACEMENT_3D ( 'NONE', #6554, #4781, #591 ) ;
#6603 = ORIENTED_EDGE ( 'NONE', *, *, #6581, .T. ) ;
#6604 = DIRECTION ( 'NONE',  ( 1.000000000000000000, -0.0000000000000000000, -1.084202172485505400E-017 ) ) ;
#6605 = FACE_OUTER_BOUND ( 'NONE', #6466, .T. ) ;
#6606 = ADVANCED_FACE ( 'NONE', ( #6173 ), #658, .F. ) ;
#6607 = CIRCLE ( 'NONE', #7364, 2.025000000000002600 ) ;
#6608 = ORIENTED_EDGE ( 'NONE', *, *, #2833, .T. ) ;
#6609 = EDGE_CURVE ( 'NONE', #906, #4522, #1224, .T. ) ;
#6610 = VERTEX_POINT ( 'NONE', #9 ) ;
#6611 = CIRCLE ( 'NONE', #326, 2.149999999999888000 ) ;
#6612 = DIRECTION ( 'NONE',  ( -1.000000000000000000, 0.0000000000000000000, -2.602085213965212600E-016 ) ) ;
#6613 = AXIS2_PLACEMENT_3D ( 'NONE', #4426, #2687, #4454 ) ;
#6614 = CARTESIAN_POINT ( 'NONE',  ( 2.499999999999993800, -2.479720420448916500, -18.47972042044878900 ) ) ;
#6615 = VECTOR ( 'NONE', #457, 1000.000000000000000 ) ;
#6616 = ADVANCED_FACE ( 'NONE', ( #5424 ), #3660, .F. ) ;
#6617 = ORIENTED_EDGE ( 'NONE', *, *, #5440, .T. ) ;
#6618 = ORIENTED_EDGE ( 'NONE', *, *, #5067, .T. ) ;
#6619 = CARTESIAN_POINT ( 'NONE',  ( 9.974999999999973000, 5.469317744930408200E-015, -0.1249999999998640400 ) ) ;
#6620 = CIRCLE ( 'NONE', #6602, 2.025000000000006100 ) ;
#6621 = CARTESIAN_POINT ( 'NONE',  ( -4.323256162785949400E-016, 0.0000000000000000000, -39.87499999999996400 ) ) ;
#6622 = EDGE_CURVE ( 'NONE', #2628, #2288, #3842, .T. ) ;
#6623 = FACE_OUTER_BOUND ( 'NONE', #2197, .T. ) ;
#6624 = DIRECTION ( 'NONE',  ( 1.000000000000000000, -0.0000000000000000000, -0.0000000000000000000 ) ) ;
#6625 = ORIENTED_EDGE ( 'NONE', *, *, #2378, .T. ) ;
#6626 = PRODUCT_DEFINITION_SHAPE ( 'NONE', 'NONE',  #2835 ) ;
#6627 = ORIENTED_EDGE ( 'NONE', *, *, #7360, .F. ) ;
#6628 = EDGE_CURVE ( 'NONE', #388, #5146, #4968, .T. ) ;
#6629 = DIRECTION ( 'NONE',  ( -1.000000000000000000, 0.0000000000000000000, -2.914001035115550200E-015 ) ) ;
#6630 = PLANE ( 'NONE',  #5119 ) ;
#6631 = CARTESIAN_POINT ( 'NONE',  ( 12.68629150101520300, -2.735438768656219200E-015, -0.1249999999998620400 ) ) ;
#6632 = VECTOR ( 'NONE', #3273, 1000.000000000000100 ) ;
#6633 = EDGE_LOOP ( 'NONE', ( #2772, #4950, #2376, #4096 ) ) ;
#6634 = DIRECTION ( 'NONE',  ( 8.360113137237638500E-017, 0.0000000000000000000, -1.000000000000000000 ) ) ;
#6635 = CONICAL_SURFACE ( 'NONE', #4354, 2.150000000000030600, 0.7853981633974761500 ) ;
#6636 = CARTESIAN_POINT ( 'NONE',  ( 2.499999999999996000, -11.99999999999999300, -26.14999999999997400 ) ) ;
#6637 = AXIS2_PLACEMENT_3D ( 'NONE', #7384, #7356, #3914 ) ;
#6638 = EDGE_LOOP ( 'NONE', ( #2575, #5075, #6319, #3632, #509 ) ) ;
#6639 = ORIENTED_EDGE ( 'NONE', *, *, #3962, .T. ) ;
#6640 = CARTESIAN_POINT ( 'NONE',  ( 17.03499820531245500, 10.00556095378960100, -2.499999999999940500 ) ) ;
#6641 = VERTEX_POINT ( 'NONE', #6144 ) ;
#6642 = FACE_OUTER_BOUND ( 'NONE', #1591, .T. ) ;
#6643 = DIRECTION ( 'NONE',  ( -1.000000000000000000, -0.0000000000000000000, -0.0000000000000000000 ) ) ;
#6644 = LINE ( 'NONE', #2371, #218 ) ;
#6645 = ADVANCED_FACE ( 'NONE', ( #3759 ), #3135, .T. ) ;
#6646 = ORIENTED_EDGE ( 'NONE', *, *, #5707, .F. ) ;
#6647 = VERTEX_POINT ( 'NONE', #3234 ) ;
#6648 = ORIENTED_EDGE ( 'NONE', *, *, #334, .T. ) ;
#6649 = EDGE_CURVE ( 'NONE', #3908, #2999, #1408, .T. ) ;
#6650 = DIRECTION ( 'NONE',  ( -1.000000000000000000, 0.0000000000000000000, -2.949029909160574000E-015 ) ) ;
#6651 = CARTESIAN_POINT ( 'NONE',  ( 35.31370849898473800, 1.349909078679433100E-015, -2.499999999999889900 ) ) ;
#6652 = DIRECTION ( 'NONE',  ( 0.0000000000000000000, 0.0000000000000000000, 1.000000000000000000 ) ) ;
#6653 = CYLINDRICAL_SURFACE ( 'NONE', #5237, 2.025000000000006100 ) ;
#6654 = CARTESIAN_POINT ( 'NONE',  ( 16.87500000000008200, 8.725608443924755100E-016, 4.974319567363491200E-014 ) ) ;
#6655 = ORIENTED_EDGE ( 'NONE', *, *, #4862, .F. ) ;
#6656 = ADVANCED_FACE ( 'NONE', ( #7629 ), #568, .F. ) ;
#6657 = CARTESIAN_POINT ( 'NONE',  ( 0.1249999999999998300, -1.315656055641420400E-013, -26.02500000000002300 ) ) ;
#6658 = EDGE_CURVE ( 'NONE', #5461, #28, #87, .T. ) ;
#6659 = AXIS2_PLACEMENT_3D ( 'NONE', #7226, #7080, #4671 ) ;
#6660 = FACE_OUTER_BOUND ( 'NONE', #2059, .T. ) ;
#6661 = DIRECTION ( 'NONE',  ( -1.839952100020058600E-016, -0.7071067811865443500, 0.7071067811865506800 ) ) ;
#6662 = ORIENTED_EDGE ( 'NONE', *, *, #4308, .F. ) ;
#6663 = ORIENTED_EDGE ( 'NONE', *, *, #241, .F. ) ;
#6664 = VECTOR ( 'NONE', #6023, 1000.000000000000000 ) ;
#6665 = EDGE_CURVE ( 'NONE', #7028, #1287, #1214, .T. ) ;
#6666 = VERTEX_POINT ( 'NONE', #3830 ) ;
#6667 = VERTEX_POINT ( 'NONE', #5569 ) ;
#6668 = AXIS2_PLACEMENT_3D ( 'NONE', #6837, #4555, #4531 ) ;
#6669 = DIRECTION ( 'NONE',  ( 1.000000000000000000, 0.0000000000000000000, 0.0000000000000000000 ) ) ;
#6670 = LINE ( 'NONE', #4172, #3631 ) ;
#6671 = ORIENTED_EDGE ( 'NONE', *, *, #980, .T. ) ;
#6672 = ORIENTED_EDGE ( 'NONE', *, *, #2331, .F. ) ;
#6673 = DIRECTION ( 'NONE',  ( 1.000000000000000000, 0.0000000000000000000, 0.0000000000000000000 ) ) ;
#6674 = CARTESIAN_POINT ( 'NONE',  ( 2.499999999999996000, 11.31370849898476100, -26.14999999999997700 ) ) ;
#6675 = EDGE_CURVE ( 'NONE', #1994, #7431, #6801, .T. ) ;
#6676 = DIRECTION ( 'NONE',  ( -1.000000000000000000, 0.0000000000000000000, -2.914001035115549400E-015 ) ) ;
#6677 = CARTESIAN_POINT ( 'NONE',  ( 10.56810876809717400, -10.56810876809727000, 1.392115589471387700E-013 ) ) ;
#6678 = EDGE_LOOP ( 'NONE', ( #3027, #1213, #4881, #7049 ) ) ;
#6679 = FACE_OUTER_BOUND ( 'NONE', #1330, .T. ) ;
#6680 = ORIENTED_EDGE ( 'NONE', *, *, #5293, .F. ) ;
#6681 = CARTESIAN_POINT ( 'NONE',  ( 2.374999999999986200, -6.568108768097227200, -33.43189123190269600 ) ) ;
#6682 = ADVANCED_FACE ( 'NONE', ( #6441 ), #5802, .F. ) ;
#6683 = AXIS2_PLACEMENT_3D ( 'NONE', #3164, #4243, #4835 ) ;
#6684 = CARTESIAN_POINT ( 'NONE',  ( 35.99999999999996400, 2.149999999999890200, 1.061650767297805800E-013 ) ) ;
#6685 = PERSON_AND_ORGANIZATION ( #963, #4302 ) ;
#6686 = DIRECTION ( 'NONE',  ( 0.5000000000000014400, 0.4999999999999966700, -0.7071067811865489100 ) ) ;
#6687 = CARTESIAN_POINT ( 'NONE',  ( 4.038298004457692600E-015, 2.024999999999955900, -2.374999999999969800 ) ) ;
#6688 = CARTESIAN_POINT ( 'NONE',  ( -2.602085213965209700E-016, 0.0000000000000000000, -23.99999999999996800 ) ) ;
#6689 = FACE_OUTER_BOUND ( 'NONE', #1488, .T. ) ;
#6690 = VERTEX_POINT ( 'NONE', #769 ) ;
#6691 = ADVANCED_FACE ( 'NONE', ( #5986 ), #4957, .F. ) ;
#6692 = ORIENTED_EDGE ( 'NONE', *, *, #6537, .F. ) ;
#6693 = CIRCLE ( 'NONE', #3241, 2.150000000000002600 ) ;
#6694 = AXIS2_PLACEMENT_3D ( 'NONE', #2547, #6711, #3166 ) ;
#6695 = CARTESIAN_POINT ( 'NONE',  ( 26.02499999999991700, -1.315656055641414400E-013, -2.374999999999901900 ) ) ;
#6696 = CIRCLE ( 'NONE', #1253, 2.149999999999888000 ) ;
#6697 = DIRECTION ( 'NONE',  ( 0.0000000000000000000, 0.7071067811865672200, 0.7071067811865279200 ) ) ;
#6698 = EDGE_LOOP ( 'NONE', ( #3717, #4635, #7592, #2293 ) ) ;
#6699 = DIRECTION ( 'NONE',  ( -1.000000000000000000, -0.0000000000000000000, -0.0000000000000000000 ) ) ;
#6700 = VERTEX_POINT ( 'NONE', #7283 ) ;
#6701 = LINE ( 'NONE', #3542, #2333 ) ;
#6702 = DIRECTION ( 'NONE',  ( 2.949029909160574800E-015, 0.0000000000000000000, -1.000000000000000000 ) ) ;
#6703 = PLANE ( 'NONE',  #3366 ) ;
#6704 = CARTESIAN_POINT ( 'NONE',  ( -3.522061263975234100E-016, -8.485281374238571300, -32.48528137423853200 ) ) ;
#6705 = EDGE_CURVE ( 'NONE', #7241, #5414, #6354, .T. ) ;
#6706 = FACE_OUTER_BOUND ( 'NONE', #223, .T. ) ;
#6707 = DIRECTION ( 'NONE',  ( 5.055354680658670800E-015, 1.000000000000000000, 1.403142791028454100E-029 ) ) ;
#6708 = CARTESIAN_POINT ( 'NONE',  ( 12.68629150101521000, 2.025000000000002600, -2.374999999999915200 ) ) ;
#6709 = AXIS2_PLACEMENT_3D ( 'NONE', #2262, #2789, #6383 ) ;
#6710 = ORIENTED_EDGE ( 'NONE', *, *, #4617, .F. ) ;
#6711 = DIRECTION ( 'NONE',  ( 0.0000000000000000000, 0.0000000000000000000, 1.000000000000000000 ) ) ;
#6712 = ORIENTED_EDGE ( 'NONE', *, *, #4763, .T. ) ;
#6713 = CARTESIAN_POINT ( 'NONE',  ( 4.499999999999976900, -16.00000000000000000, -0.1249999999999849300 ) ) ;
#6714 = FACE_OUTER_BOUND ( 'NONE', #1362, .T. ) ;
#6715 = VECTOR ( 'NONE', #3813, 1000.000000000000100 ) ;
#6716 = CARTESIAN_POINT ( 'NONE',  ( -2.602085213965209700E-016, 0.0000000000000000000, -23.99999999999996800 ) ) ;
#6717 = EDGE_CURVE ( 'NONE', #2890, #4914, #6902, .T. ) ;
#6718 = ORIENTED_EDGE ( 'NONE', *, *, #4091, .T. ) ;
#6719 = DIRECTION ( 'NONE',  ( -1.000000000000000000, 0.0000000000000000000, -2.775557561562893700E-015 ) ) ;
#6720 = EDGE_LOOP ( 'NONE', ( #684, #4055, #3991, #2035 ) ) ;
#6721 = AXIS2_PLACEMENT_3D ( 'NONE', #1375, #1963, #6780 ) ;
#6722 = CARTESIAN_POINT ( 'NONE',  ( 2.499999999999992900, -2.735438768656219200E-015, -12.68629150101520300 ) ) ;
#6723 = FACE_OUTER_BOUND ( 'NONE', #539, .T. ) ;
#6724 = DIRECTION ( 'NONE',  ( 0.7071067811865292500, 0.7071067811865658900, 0.0000000000000000000 ) ) ;
#6725 = EDGE_LOOP ( 'NONE', ( #3062, #7208, #1058, #4940, #3 ) ) ;
#6726 = EDGE_CURVE ( 'NONE', #6386, #4523, #6535, .T. ) ;
#6727 = EDGE_CURVE ( 'NONE', #3141, #7680, #470, .T. ) ;
#6728 = DIRECTION ( 'NONE',  ( 0.0000000000000000000, 0.0000000000000000000, -1.000000000000000000 ) ) ;
#6729 = CIRCLE ( 'NONE', #5393, 2.149999999999896900 ) ;
#6730 = CARTESIAN_POINT ( 'NONE',  ( 13.43189123190264700, 13.43189123190274100, 1.483188571960170100E-013 ) ) ;
#6731 = PLANE ( 'NONE',  #3722 ) ;
#6732 = PLANE ( 'NONE',  #1867 ) ;
#6733 = ORIENTED_EDGE ( 'NONE', *, *, #4661, .T. ) ;
#6734 = CARTESIAN_POINT ( 'NONE',  ( 13.43189123190247100, 13.43189123190268200, -2.374999999999926700 ) ) ;
#6735 = ADVANCED_FACE ( 'NONE', ( #2612 ), #2047, .F. ) ;
#6736 = VECTOR ( 'NONE', #1309, 1000.000000000000000 ) ;
#6737 = VECTOR ( 'NONE', #4338, 1000.000000000000000 ) ;
#6738 = DIRECTION ( 'NONE',  ( 0.0000000000000000000, 0.0000000000000000000, 1.000000000000000000 ) ) ;
#6739 = LINE ( 'NONE', #5483, #6559 ) ;
#6740 = ORIENTED_EDGE ( 'NONE', *, *, #5190, .T. ) ;
#6741 = DIRECTION ( 'NONE',  ( 2.602085213965212600E-016, 1.263838670164661400E-015, -1.000000000000000000 ) ) ;
#6742 = DIRECTION ( 'NONE',  ( -0.0000000000000000000, -1.000000000000000000, -0.0000000000000000000 ) ) ;
#6743 = DIRECTION ( 'NONE',  ( 0.0000000000000000000, 0.7071067811865549000, -0.7071067811865401300 ) ) ;
#6744 = CYLINDRICAL_SURFACE ( 'NONE', #4833, 2.025000000000002600 ) ;
#6745 = AXIS2_PLACEMENT_3D ( 'NONE', #1427, #3212, #2064 ) ;
#6746 = CARTESIAN_POINT ( 'NONE',  ( 2.499999999999992900, -8.485281374238560700, -15.51471862576140600 ) ) ;
#6747 = LINE ( 'NONE', #5725, #5092 ) ;
#6748 = ORIENTED_EDGE ( 'NONE', *, *, #847, .T. ) ;
#6749 = CARTESIAN_POINT ( 'NONE',  ( 32.48528137423853200, -8.485281374238571300, -0.1249999999997831300 ) ) ;
#6750 = CARTESIAN_POINT ( 'NONE',  ( 35.31370849898473800, 1.349909078679433100E-015, -2.499999999999889900 ) ) ;
#6751 = EDGE_CURVE ( 'NONE', #1411, #5674, #2812, .T. ) ;
#6752 = CONICAL_SURFACE ( 'NONE', #421, 2.024999999999957300, 0.7853981633974778100 ) ;
#6753 = ORIENTED_EDGE ( 'NONE', *, *, #3800, .T. ) ;
#6754 = EDGE_LOOP ( 'NONE', ( #2533, #7658, #5993, #6136 ) ) ;
#6755 = CARTESIAN_POINT ( 'NONE',  ( 2.374999999999994200, 8.485281374238566000, -34.51028137423854500 ) ) ;
#6756 = AXIS2_PLACEMENT_3D ( 'NONE', #2966, #4771, #1259 ) ;
#6757 = DIRECTION ( 'NONE',  ( 2.914001035115545500E-015, -0.0000000000000000000, -1.000000000000000000 ) ) ;
#6758 = CARTESIAN_POINT ( 'NONE',  ( 35.31370849898473100, -2.024999999999999500, -0.1249999999997827300 ) ) ;
#6759 = VECTOR ( 'NONE', #3679, 1000.000000000000000 ) ;
#6760 = VERTEX_POINT ( 'NONE', #6247 ) ;
#6761 = ORIENTED_EDGE ( 'NONE', *, *, #3451, .F. ) ;
#6762 = DIRECTION ( 'NONE',  ( 2.914001035115545500E-015, -0.0000000000000000000, -1.000000000000000000 ) ) ;
#6763 = DIRECTION ( 'NONE',  ( 0.7071067811865232600, 0.5000000000000024400, -0.5000000000000318600 ) ) ;
#6764 = AXIS2_PLACEMENT_3D ( 'NONE', #6789, #4480, #830 ) ;
#6765 = CARTESIAN_POINT ( 'NONE',  ( 2.499999999999997300, 8.000000000000007100, -31.99999999999997200 ) ) ;
#6766 = VERTEX_POINT ( 'NONE', #902 ) ;
#6767 = FACE_OUTER_BOUND ( 'NONE', #7681, .T. ) ;
#6768 = DIRECTION ( 'NONE',  ( 0.4999999999999876200, 0.4999999999999936200, -0.7071067811865607800 ) ) ;
#6769 = ORIENTED_EDGE ( 'NONE', *, *, #344, .F. ) ;
#6770 = DIRECTION ( 'NONE',  ( 5.481026527454897900E-032, 1.000000000000000000, 5.055354680658670800E-015 ) ) ;
#6771 = DIRECTION ( 'NONE',  ( -0.0000000000000000000, -0.0000000000000000000, -1.000000000000000000 ) ) ;
#6772 = ADVANCED_FACE ( 'NONE', ( #1032 ), #6273, .F. ) ;
#6773 = EDGE_LOOP ( 'NONE', ( #7262, #6254, #5783, #6105 ) ) ;
#6774 = AXIS2_PLACEMENT_3D ( 'NONE', #3612, #4836, #3060 ) ;
#6775 = CONICAL_SURFACE ( 'NONE', #659, 6.999999999999999100, 0.7853981633974327400 ) ;
#6776 = ORIENTED_EDGE ( 'NONE', *, *, #2427, .T. ) ;
#6777 = CARTESIAN_POINT ( 'NONE',  ( -1.375450480618508600E-016, 2.150000000000003500, -12.68629150101520300 ) ) ;
#6778 = EDGE_CURVE ( 'NONE', #2900, #1565, #6611, .T. ) ;
#6779 = LINE ( 'NONE', #5867, #2594 ) ;
#6780 = DIRECTION ( 'NONE',  ( -1.000000000000000000, 0.0000000000000000000, -2.949029909160574400E-015 ) ) ;
#6781 = ORIENTED_EDGE ( 'NONE', *, *, #3904, .F. ) ;
#6782 = DIRECTION ( 'NONE',  ( -1.000000000000000000, 0.0000000000000000000, -2.823968449264525500E-015 ) ) ;
#6783 = CARTESIAN_POINT ( 'NONE',  ( -1.301042606982605300E-015, -6.568108768097231700, -33.43189123190269600 ) ) ;
#6784 = CARTESIAN_POINT ( 'NONE',  ( 11.99999999999998200, 2.025000000000007900, -2.374999999999917000 ) ) ;
#6785 = CARTESIAN_POINT ( 'NONE',  ( 15.51471862576140700, 8.485281374238567800, 1.552577510999242300E-013 ) ) ;
#6786 = LOCAL_TIME ( 16, 8, 3.000000000000000000, #1484 ) ;
#6787 = AXIS2_PLACEMENT_3D ( 'NONE', #976, #426, #3358 ) ;
#6788 = LINE ( 'NONE', #5523, #7330 ) ;
#6789 = CARTESIAN_POINT ( 'NONE',  ( 0.1249999999999998300, -1.315656055641420400E-013, -26.02500000000002300 ) ) ;
#6790 = VERTEX_POINT ( 'NONE', #1528 ) ;
#6791 = EDGE_LOOP ( 'NONE', ( #4043, #3118, #7012, #7601 ) ) ;
#6792 = FACE_OUTER_BOUND ( 'NONE', #931, .T. ) ;
#6793 = DIRECTION ( 'NONE',  ( 0.0000000000000000000, -0.7071067811865330300, -0.7071067811865621200 ) ) ;
#6794 = CARTESIAN_POINT ( 'NONE',  ( 0.1250000000000241200, 0.0000000000000000000, -23.99999999999996800 ) ) ;
#6795 = LINE ( 'NONE', #6582, #3089 ) ;
#6796 = ORIENTED_EDGE ( 'NONE', *, *, #5756, .F. ) ;
#6797 = AXIS2_PLACEMENT_3D ( 'NONE', #6926, #2187, #4588 ) ;
#6798 = VERTEX_POINT ( 'NONE', #2728 ) ;
#6799 = DIRECTION ( 'NONE',  ( 1.084202172485505400E-017, 1.263838670164661400E-015, 1.000000000000000000 ) ) ;
#6800 = ADVANCED_FACE ( 'NONE', ( #5059 ), #6909, .F. ) ;
#6801 = CIRCLE ( 'NONE', #6178, 2.025000000000009200 ) ;
#6802 = DIRECTION ( 'NONE',  ( 1.000000000000000000, -0.0000000000000000000, -1.084202172485505400E-017 ) ) ;
#6803 = LINE ( 'NONE', #6188, #7442 ) ;
#6804 = ORIENTED_EDGE ( 'NONE', *, *, #1151, .F. ) ;
#6805 = EDGE_LOOP ( 'NONE', ( #3406, #594, #1436, #7405 ) ) ;
#6806 = CONICAL_SURFACE ( 'NONE', #1379, 16.00000000000001100, 0.7853981633974760300 ) ;
#6807 = MECHANICAL_CONTEXT ( 'NONE', #2705, 'mechanical' ) ;
#6808 = EDGE_CURVE ( 'NONE', #4979, #3810, #1777, .T. ) ;
#6809 = DIRECTION ( 'NONE',  ( 2.949029909160574800E-015, 0.0000000000000000000, -1.000000000000000000 ) ) ;
#6810 = DIRECTION ( 'NONE',  ( 1.084202172485505400E-017, 0.0000000000000000000, 1.000000000000000000 ) ) ;
#6811 = ADVANCED_FACE ( 'NONE', ( #6256 ), #4871, .F. ) ;
#6812 = AXIS2_PLACEMENT_3D ( 'NONE', #3080, #3029, #91 ) ;
#6813 = CIRCLE ( 'NONE', #2389, 2.149999999999995500 ) ;
#6814 = DIRECTION ( 'NONE',  ( 1.000000000000000000, -0.0000000000000000000, 8.360113137237629900E-017 ) ) ;
#6815 = EDGE_LOOP ( 'NONE', ( #4, #3055, #4573, #4723 ) ) ;
#6816 = DIRECTION ( 'NONE',  ( 0.7071067811865451300, -0.5000000000000004400, 0.5000000000000031100 ) ) ;
#6817 = ORIENTED_EDGE ( 'NONE', *, *, #5854, .T. ) ;
#6818 = CARTESIAN_POINT ( 'NONE',  ( 2.499999999999997300, 8.485281374238566000, -32.48528137423853900 ) ) ;
#6819 = EDGE_CURVE ( 'NONE', #4350, #2466, #278, .T. ) ;
#6820 = CONICAL_SURFACE ( 'NONE', #2430, 7.125000000000020400, 0.7853981633974361800 ) ;
#6821 = DIRECTION ( 'NONE',  ( 1.000000000000000000, -0.0000000000000000000, 8.360113137237629900E-017 ) ) ;
#6822 = DIRECTION ( 'NONE',  ( -1.000000000000000000, 1.263838670164661400E-015, -2.949029909160574800E-015 ) ) ;
#6823 = CARTESIAN_POINT ( 'NONE',  ( 17.52027957955105500, -9.520279579551081300, -2.499999999999939200 ) ) ;
#6824 = AXIS2_PLACEMENT_3D ( 'NONE', #283, #2052, #3849 ) ;
#6825 = VERTEX_POINT ( 'NONE', #2756 ) ;
#6826 = ORIENTED_EDGE ( 'NONE', *, *, #5885, .F. ) ;
#6827 = LINE ( 'NONE', #1751, #3873 ) ;
#6828 = DIRECTION ( 'NONE',  ( 0.0000000000000000000, 0.0000000000000000000, 1.000000000000000000 ) ) ;
#6829 = ORIENTED_EDGE ( 'NONE', *, *, #5265, .T. ) ;
#6830 = EDGE_CURVE ( 'NONE', #2685, #965, #1858, .T. ) ;
#6831 = ORIENTED_EDGE ( 'NONE', *, *, #1577, .T. ) ;
#6832 = CARTESIAN_POINT ( 'NONE',  ( 16.87499999999993600, 0.0000000000000000000, -2.499999999999940900 ) ) ;
#6833 = LINE ( 'NONE', #1941, #977 ) ;
#6834 = VECTOR ( 'NONE', #6793, 1000.000000000000000 ) ;
#6835 = CARTESIAN_POINT ( 'NONE',  ( 2.499999999999998200, 2.150000000000002100, -35.31370849898473100 ) ) ;
#6836 = AXIS2_PLACEMENT_3D ( 'NONE', #3477, #4689, #5234 ) ;
#6837 = CARTESIAN_POINT ( 'NONE',  ( 32.48528137423853200, -8.485281374238571300, 9.580006638012637900E-014 ) ) ;
#6838 = VERTEX_POINT ( 'NONE', #6832 ) ;
#6839 = VERTEX_POINT ( 'NONE', #3942 ) ;
#6840 = CARTESIAN_POINT ( 'NONE',  ( -1.131750315953543200E-015, -6.938893903907228400E-015, -38.02499999999996300 ) ) ;
#6841 = DIRECTION ( 'NONE',  ( -1.000000000000000000, 0.0000000000000000000, -2.949029909160576800E-015 ) ) ;
#6842 = CONICAL_SURFACE ( 'NONE', #7094, 2.149999999999955900, 0.7853981633974639300 ) ;
#6843 = DIRECTION ( 'NONE',  ( 0.0000000000000000000, 0.0000000000000000000, -1.000000000000000000 ) ) ;
#6844 = ORIENTED_EDGE ( 'NONE', *, *, #4642, .F. ) ;
#6845 = CARTESIAN_POINT ( 'NONE',  ( 3.686287386450721500E-016, 16.00000000000000000, -0.1250000000000001100 ) ) ;
#6846 = CARTESIAN_POINT ( 'NONE',  ( 11.99999999999997500, 5.469317744930408200E-015, -0.1249999999998640400 ) ) ;
#6847 = AXIS2_PLACEMENT_3D ( 'NONE', #427, #7593, #2879 ) ;
#6848 = DIRECTION ( 'NONE',  ( 0.7071067811865500200, 0.7071067811865451300, 1.962615573354727200E-015 ) ) ;
#6849 = ADVANCED_FACE ( 'NONE', ( #4411 ), #1603, .F. ) ;
#6850 = CONICAL_SURFACE ( 'NONE', #461, 2.024999999999988800, 0.7853981633974969100 ) ;
#6851 = ORIENTED_EDGE ( 'NONE', *, *, #1741, .T. ) ;
#6852 = DIRECTION ( 'NONE',  ( -0.7071067811865549000, 0.7071067811865401300, -8.860024269157940300E-016 ) ) ;
#6853 = EDGE_CURVE ( 'NONE', #6502, #2890, #2149, .T. ) ;
#6854 = CARTESIAN_POINT ( 'NONE',  ( -2.602085213965210600E-015, -11.31370849898476100, -21.97499999999996200 ) ) ;
#6855 = ORIENTED_EDGE ( 'NONE', *, *, #4742, .F. ) ;
#6856 = AXIS2_PLACEMENT_3D ( 'NONE', #3680, #3024, #621 ) ;
#6857 = VECTOR ( 'NONE', #3104, 1000.000000000000000 ) ;
#6858 = VERTEX_POINT ( 'NONE', #7493 ) ;
#6859 = DIRECTION ( 'NONE',  ( 0.7071067811865532300, -0.7071067811865418000, 1.962615573354736300E-015 ) ) ;
#6860 = CARTESIAN_POINT ( 'NONE',  ( 35.99999999999996400, -2.149999999999892000, 1.061650767297805800E-013 ) ) ;
#6861 = DIRECTION ( 'NONE',  ( 2.914001035115545500E-015, -0.0000000000000000000, -1.000000000000000000 ) ) ;
#6862 = EDGE_LOOP ( 'NONE', ( #2147, #3494, #341, #332 ) ) ;
#6863 = CIRCLE ( 'NONE', #1997, 2.150000000000023400 ) ;
#6864 = VERTEX_POINT ( 'NONE', #4494 ) ;
#6865 = ORIENTED_EDGE ( 'NONE', *, *, #3989, .F. ) ;
#6866 = CARTESIAN_POINT ( 'NONE',  ( -1.734723475976804900E-016, 8.000000000000035500, -15.99999999999997900 ) ) ;
#6867 = EDGE_CURVE ( 'NONE', #1775, #4914, #3283, .T. ) ;
#6868 = CARTESIAN_POINT ( 'NONE',  ( 12.68629150101520300, 2.149999999999896000, 3.741225307282344200E-014 ) ) ;
#6869 = DIRECTION ( 'NONE',  ( 2.949029909160574800E-015, 0.0000000000000000000, -1.000000000000000000 ) ) ;
#6870 = VERTEX_POINT ( 'NONE', #3863 ) ;
#6871 = CARTESIAN_POINT ( 'NONE',  ( 0.1249999999999998600, -11.31370849898476100, -21.97499999999996200 ) ) ;
#6872 = ORIENTED_EDGE ( 'NONE', *, *, #4161, .T. ) ;
#6873 = DIRECTION ( 'NONE',  ( -5.055354680658670800E-015, -1.000000000000000000, 0.0000000000000000000 ) ) ;
#6874 = EDGE_CURVE ( 'NONE', #6014, #6439, #4044, .T. ) ;
#6875 = EDGE_CURVE ( 'NONE', #6304, #6043, #4695, .T. ) ;
#6876 = LINE ( 'NONE', #797, #3924 ) ;
#6877 = AXIS2_PLACEMENT_3D ( 'NONE', #7403, #6869, #2661 ) ;
#6878 = CARTESIAN_POINT ( 'NONE',  ( 0.1249999999999998600, 11.99999999999999300, -21.97499999999996200 ) ) ;
#6879 = VECTOR ( 'NONE', #2788, 1000.000000000000000 ) ;
#6880 = DIRECTION ( 'NONE',  ( -1.000000000000000000, 0.0000000000000000000, 0.0000000000000000000 ) ) ;
#6881 = ORIENTED_EDGE ( 'NONE', *, *, #175, .T. ) ;
#6882 = CARTESIAN_POINT ( 'NONE',  ( 31.12499999999999600, 8.725608443924916800E-016, -2.499999999999921000 ) ) ;
#6883 = ORIENTED_EDGE ( 'NONE', *, *, #6186, .F. ) ;
#6884 = CIRCLE ( 'NONE', #4448, 2.025000000000002600 ) ;
#6885 = CIRCLE ( 'NONE', #1655, 2.150000000000033700 ) ;
#6886 = CARTESIAN_POINT ( 'NONE',  ( -3.903127820947815000E-016, -2.150000000000031000, -35.99999999999996400 ) ) ;
#6887 = DIRECTION ( 'NONE',  ( -0.7071067811865500200, 0.7071067811865450200, -1.962615573354727600E-015 ) ) ;
#6888 = ADVANCED_FACE ( 'NONE', ( #5339 ), #844, .F. ) ;
#6889 = EDGE_LOOP ( 'NONE', ( #3438, #3039, #3705, #4823 ) ) ;
#6890 = ORIENTED_EDGE ( 'NONE', *, *, #2493, .T. ) ;
#6891 = CARTESIAN_POINT ( 'NONE',  ( 15.51471862576141100, -8.485281374238560700, -2.374999999999940500 ) ) ;
#6892 = FACE_OUTER_BOUND ( 'NONE', #3629, .T. ) ;
#6893 = AXIS2_PLACEMENT_3D ( 'NONE', #4902, #108, #1370 ) ;
#6894 = CYLINDRICAL_SURFACE ( 'NONE', #5306, 2.025000000000009200 ) ;
#6895 = DIRECTION ( 'NONE',  ( -1.000000000000000000, 0.0000000000000000000, 0.0000000000000000000 ) ) ;
#6897 = ORIENTED_EDGE ( 'NONE', *, *, #2462, .T. ) ;
#6896 = CARTESIAN_POINT ( 'NONE',  ( 30.99999999999996800, 8.572527594031473200E-016, 2.029776530923677600E-013 ) ) ;
#6898 = DIRECTION ( 'NONE',  ( 0.0000000000000000000, 0.0000000000000000000, -1.000000000000000000 ) ) ;
#6899 = PLANE ( 'NONE',  #3994 ) ;
#6900 = EDGE_LOOP ( 'NONE', ( #5189, #236, #7159, #849 ) ) ;
#6901 = CARTESIAN_POINT ( 'NONE',  ( 34.00556095378964700, 6.965001794687455400, -2.499999999999893400 ) ) ;
#6902 = LINE ( 'NONE', #3730, #4227 ) ;
#6903 = EDGE_CURVE ( 'NONE', #3810, #6838, #5610, .T. ) ;
#6904 = LINE ( 'NONE', #2285, #4697 ) ;
#6905 = AXIS2_PLACEMENT_3D ( 'NONE', #1745, #2927, #5923 ) ;
#6906 = CARTESIAN_POINT ( 'NONE',  ( 35.31370849898473100, 1.349909078679433100E-015, -0.1249999999997827300 ) ) ;
#6907 = EDGE_LOOP ( 'NONE', ( #4574, #3082, #1406, #3650, #496 ) ) ;
#6908 = ORIENTED_EDGE ( 'NONE', *, *, #4319, .F. ) ;
#6909 = PLANE ( 'NONE',  #4646 ) ;
#6910 = VECTOR ( 'NONE', #6540, 1000.000000000000100 ) ;
#6911 = DIRECTION ( 'NONE',  ( -1.000000000000000000, 0.0000000000000000000, -2.823968449264525500E-015 ) ) ;
#6912 = EDGE_LOOP ( 'NONE', ( #4843, #3670, #2745, #6648 ) ) ;
#6913 = EDGE_CURVE ( 'NONE', #7489, #3209, #1682, .T. ) ;
#6914 = DIRECTION ( 'NONE',  ( 0.7071067811865111600, 0.0000000000000000000, 0.7071067811865838800 ) ) ;
#6915 = AXIS2_PLACEMENT_3D ( 'NONE', #7392, #1478, #3339 ) ;
#6916 = CONICAL_SURFACE ( 'NONE', #286, 2.024999999999999000, 0.7853981633974846900 ) ;
#6917 = CARTESIAN_POINT ( 'NONE',  ( 2.374999999999993300, -9.431891231902760400, -17.43189123190272800 ) ) ;
#6918 = EDGE_LOOP ( 'NONE', ( #2155, #1346, #4956, #3659, #4565 ) ) ;
#6919 = ORIENTED_EDGE ( 'NONE', *, *, #2688, .F. ) ;
#6920 = DIRECTION ( 'NONE',  ( -0.4999999999999853500, -0.4999999999999761300, 0.7071067811865747700 ) ) ;
#6921 = CARTESIAN_POINT ( 'NONE',  ( 2.375000000000014700, 6.568108768097275200, -14.56810876809722200 ) ) ;
#6922 = CYLINDRICAL_SURFACE ( 'NONE', #3431, 2.024999999999999000 ) ;
#6923 = DIRECTION ( 'NONE',  ( -0.0000000000000000000, -0.0000000000000000000, -1.000000000000000000 ) ) ;
#6924 = AXIS2_PLACEMENT_3D ( 'NONE', #7611, #1743, #6485 ) ;
#6925 = CIRCLE ( 'NONE', #5941, 4.374999999999990200 ) ;
#6926 = CARTESIAN_POINT ( 'NONE',  ( 2.374999999999993800, -8.000000000000000000, -15.99999999999997000 ) ) ;
#6927 = CONICAL_SURFACE ( 'NONE', #6613, 2.149999999999995500, 0.7853981633974344000 ) ;
#6928 = ADVANCED_FACE ( 'NONE', ( #6714 ), #3000, .F. ) ;
#6929 = EDGE_CURVE ( 'NONE', #6790, #4749, #2423, .T. ) ;
#6930 = ORIENTED_EDGE ( 'NONE', *, *, #768, .T. ) ;
#6931 = LINE ( 'NONE', #6284, #29 ) ;
#6932 = CIRCLE ( 'NONE', #1021, 2.025000000000002600 ) ;
#6933 = DIRECTION ( 'NONE',  ( -1.000000000000000000, 0.0000000000000000000, -2.914001035115545100E-015 ) ) ;
#6934 = LINE ( 'NONE', #6901, #6117 ) ;
#6935 = ORIENTED_EDGE ( 'NONE', *, *, #3138, .F. ) ;
#6936 = ORIENTED_EDGE ( 'NONE', *, *, #4264, .T. ) ;
#6937 = DIRECTION ( 'NONE',  ( -0.7071067811865218200, -0.7071067811865733300, 0.0000000000000000000 ) ) ;
#6938 = AXIS2_PLACEMENT_3D ( 'NONE', #185, #3726, #6070 ) ;
#6939 = DIRECTION ( 'NONE',  ( 1.000000000000000000, -0.0000000000000000000, -1.084202172485505400E-017 ) ) ;
#6940 = CARTESIAN_POINT ( 'NONE',  ( 2.499999999999993300, 8.000000000000035500, -15.99999999999997900 ) ) ;
#6941 = VECTOR ( 'NONE', #3329, 1000.000000000000000 ) ;
#6942 = ORIENTED_EDGE ( 'NONE', *, *, #2033, .T. ) ;
#6943 = CARTESIAN_POINT ( 'NONE',  ( -2.602085213965210600E-015, 1.110914191074744000E-013, -21.97500000000002300 ) ) ;
#6944 = ORIENTED_EDGE ( 'NONE', *, *, #1727, .T. ) ;
#6945 = VECTOR ( 'NONE', #6697, 1000.000000000000000 ) ;
#6946 = DIRECTION ( 'NONE',  ( -1.000000000000000000, 0.0000000000000000000, -2.949029909160577600E-015 ) ) ;
#6947 = DIRECTION ( 'NONE',  ( -5.481026527454899000E-032, 1.000000000000000000, -5.055354680658670800E-015 ) ) ;
#6948 = EDGE_LOOP ( 'NONE', ( #3538, #6710, #468, #3694 ) ) ;
#6949 = VERTEX_POINT ( 'NONE', #5887 ) ;
#6950 = AXIS2_PLACEMENT_3D ( 'NONE', #5001, #7300, #2635 ) ;
#6951 = DIRECTION ( 'NONE',  ( 0.0000000000000000000, 0.0000000000000000000, 1.000000000000000000 ) ) ;
#6952 = LINE ( 'NONE', #5035, #3159 ) ;
#6953 = ORIENTED_EDGE ( 'NONE', *, *, #1089, .T. ) ;
#6954 = VERTEX_POINT ( 'NONE', #4624 ) ;
#6955 = DIRECTION ( 'NONE',  ( -5.282917134896313600E-032, 1.000000000000000000, 6.319193350823370000E-016 ) ) ;
#6956 = EDGE_CURVE ( 'NONE', #1565, #107, #383, .T. ) ;
#6957 = DIRECTION ( 'NONE',  ( 0.0000000000000000000, 0.0000000000000000000, 1.000000000000000000 ) ) ;
#6958 = AXIS2_PLACEMENT_3D ( 'NONE', #3098, #4306, #1925 ) ;
#6959 = ORIENTED_EDGE ( 'NONE', *, *, #1151, .T. ) ;
#6960 = FACE_OUTER_BOUND ( 'NONE', #6475, .T. ) ;
#6961 = ORIENTED_EDGE ( 'NONE', *, *, #1233, .F. ) ;
#6962 = CARTESIAN_POINT ( 'NONE',  ( 2.374999999999998200, -2.024999999999955900, 3.171646442570820400E-015 ) ) ;
#6963 = ADVANCED_FACE ( 'NONE', ( #5166 ), #7722, .F. ) ;
#6964 = EDGE_CURVE ( 'NONE', #1522, #6667, #4776, .T. ) ;
#6965 = DATE_AND_TIME ( #7144, #5585 ) ;
#6966 = DIRECTION ( 'NONE',  ( 1.084202172485505400E-017, 0.0000000000000000000, 1.000000000000000000 ) ) ;
#6967 = AXIS2_PLACEMENT_3D ( 'NONE', #6687, #6114, #4329 ) ;
#6968 = CONICAL_SURFACE ( 'NONE', #5611, 15.87500000000000000, 0.7853981633974760300 ) ;
#6969 = ORIENTED_EDGE ( 'NONE', *, *, #1479, .F. ) ;
#6970 = DIRECTION ( 'NONE',  ( 1.839952100020044800E-016, -0.7071067811865493500, -0.7071067811865455700 ) ) ;
#6971 = CONICAL_SURFACE ( 'NONE', #7198, 2.024999999999999000, 0.7853981633974482800 ) ;
#6972 = CARTESIAN_POINT ( 'NONE',  ( 23.99999999999996800, 15.87499999999999300, 7.077671781985370400E-014 ) ) ;
#6973 = CARTESIAN_POINT ( 'NONE',  ( 16.94660985766417500, -9.917172606141322800, -2.374999999999940500 ) ) ;
#6974 = FACE_OUTER_BOUND ( 'NONE', #1582, .T. ) ;
#6975 = EDGE_CURVE ( 'NONE', #1174, #2105, #179, .T. ) ;
#6976 = ORIENTED_EDGE ( 'NONE', *, *, #3687, .F. ) ;
#6977 = EDGE_CURVE ( 'NONE', #6014, #3766, #4593, .T. ) ;
#6978 = ORIENTED_EDGE ( 'NONE', *, *, #512, .T. ) ;
#6979 = CARTESIAN_POINT ( 'NONE',  ( 32.48528137423853900, 8.485281374238566000, -0.1249999999997810200 ) ) ;
#6980 = CARTESIAN_POINT ( 'NONE',  ( 31.99999999999994700, -7.999999999999992900, 2.090341788552052500E-013 ) ) ;
#6981 = FACE_OUTER_BOUND ( 'NONE', #1323, .T. ) ;
#6982 = DIRECTION ( 'NONE',  ( 2.775557561562893700E-015, 0.0000000000000000000, -1.000000000000000000 ) ) ;
#6983 = VERTEX_POINT ( 'NONE', #5935 ) ;
#6984 = ORIENTED_EDGE ( 'NONE', *, *, #20, .F. ) ;
#6985 = VECTOR ( 'NONE', #2223, 1000.000000000000100 ) ;
#6986 = CARTESIAN_POINT ( 'NONE',  ( 13.36471862576145500, 8.485281374238567800, -2.499999999999951200 ) ) ;
#6987 = LINE ( 'NONE', #3239, #3951 ) ;
#6988 = ORIENTED_EDGE ( 'NONE', *, *, #7492, .F. ) ;
#6989 = CARTESIAN_POINT ( 'NONE',  ( -3.595616480227523000E-016, 1.349909078679433100E-015, -33.16370849898470400 ) ) ;
#6990 = ORIENTED_EDGE ( 'NONE', *, *, #3843, .T. ) ;
#6991 = VECTOR ( 'NONE', #3551, 999.9999999999998900 ) ;
#6992 = FACE_OUTER_BOUND ( 'NONE', #7381, .T. ) ;
#6993 = DIRECTION ( 'NONE',  ( -0.7071067811865267000, 0.0000000000000000000, -0.7071067811865683300 ) ) ;
#6994 = DIRECTION ( 'NONE',  ( 1.084202172485505400E-017, 6.319193350823370000E-016, 1.000000000000000000 ) ) ;
#6995 = ORIENTED_EDGE ( 'NONE', *, *, #2727, .T. ) ;
#6996 = CARTESIAN_POINT ( 'NONE',  ( 2.375000000000007500, -6.938893903907228400E-015, -38.02499999999996300 ) ) ;
#6997 = ORIENTED_EDGE ( 'NONE', *, *, #1082, .T. ) ;
#6998 = ADVANCED_FACE ( 'NONE', ( #1024 ), #1730, .T. ) ;
#6999 = EDGE_CURVE ( 'NONE', #3422, #2947, #2143, .T. ) ;
#7000 = PLANE ( 'NONE',  #7506 ) ;
#7001 = DIRECTION ( 'NONE',  ( 1.000000000000000000, 0.0000000000000000000, 0.0000000000000000000 ) ) ;
#7002 = VECTOR ( 'NONE', #178, 1000.000000000000100 ) ;
#7004 = VERTEX_POINT ( 'NONE', #3570 ) ;
#7003 = CARTESIAN_POINT ( 'NONE',  ( 29.84999999999993000, 8.000000000000007100, -2.499999999999905000 ) ) ;
#7005 = DIRECTION ( 'NONE',  ( 1.084202172485505100E-017, 0.0000000000000000000, 1.000000000000000000 ) ) ;
#7006 = ORIENTED_EDGE ( 'NONE', *, *, #7306, .F. ) ;
#7007 = EDGE_CURVE ( 'NONE', #7431, #2467, #6701, .T. ) ;
#7008 = LINE ( 'NONE', #6491, #5448 ) ;
#7009 = AXIS2_PLACEMENT_3D ( 'NONE', #5045, #7429, #1517 ) ;
#7010 = CARTESIAN_POINT ( 'NONE',  ( -3.828719947311910000E-016, 1.349909078679433100E-015, -35.31370849898473100 ) ) ;
#7011 = CARTESIAN_POINT ( 'NONE',  ( 2.374999999999988500, 11.31370849898476100, -26.02499999999996300 ) ) ;
#7012 = ORIENTED_EDGE ( 'NONE', *, *, #3088, .F. ) ;
#7013 = VERTEX_POINT ( 'NONE', #7156 ) ;
#7014 = CYLINDRICAL_SURFACE ( 'NONE', #7486, 2.024999999999957300 ) ;
#7015 = DIRECTION ( 'NONE',  ( 0.0000000000000000000, 0.0000000000000000000, 1.000000000000000000 ) ) ;
#7016 = LINE ( 'NONE', #946, #2084 ) ;
#7017 = DIRECTION ( 'NONE',  ( -0.5000000000000046600, -0.5000000000000046600, 0.7071067811865409100 ) ) ;
#7018 = ORIENTED_EDGE ( 'NONE', *, *, #3120, .T. ) ;
#7019 = ORIENTED_EDGE ( 'NONE', *, *, #4753, .T. ) ;
#7020 = DIRECTION ( 'NONE',  ( 0.7071067811865279200, 0.7071067811865672200, 0.0000000000000000000 ) ) ;
#7021 = EDGE_CURVE ( 'NONE', #3471, #7674, #6348, .T. ) ;
#7022 = DIRECTION ( 'NONE',  ( -1.000000000000000000, 0.0000000000000000000, 0.0000000000000000000 ) ) ;
#7023 = AXIS2_PLACEMENT_3D ( 'NONE', #2307, #4002, #2230 ) ;
#7024 = CARTESIAN_POINT ( 'NONE',  ( 30.99999999999997500, 8.572527594031478100E-016, -2.374999999999897900 ) ) ;
#7025 = EDGE_CURVE ( 'NONE', #3219, #4949, #7525, .T. ) ;
#7026 = FACE_OUTER_BOUND ( 'NONE', #4463, .T. ) ;
#7027 = ORIENTED_EDGE ( 'NONE', *, *, #4067, .T. ) ;
#7028 = VERTEX_POINT ( 'NONE', #4150 ) ;
#7029 = DIRECTION ( 'NONE',  ( 0.7071067811865474600, 0.0000000000000000000, -0.7071067811865475700 ) ) ;
#7030 = DIRECTION ( 'NONE',  ( 0.7071067811865330300, 0.0000000000000000000, 0.7071067811865621200 ) ) ;
#7031 = DIRECTION ( 'NONE',  ( -1.839952100020065200E-016, 0.7071067811865418000, 0.7071067811865532300 ) ) ;
#7032 = CARTESIAN_POINT ( 'NONE',  ( 35.31370849898473100, 1.349909078679433100E-015, 2.194425197110661000E-013 ) ) ;
#7033 = VECTOR ( 'NONE', #5959, 1000.000000000000100 ) ;
#7034 = VERTEX_POINT ( 'NONE', #2381 ) ;
#7035 = ORIENTED_EDGE ( 'NONE', *, *, #5170, .T. ) ;
#7036 = DIRECTION ( 'NONE',  ( -1.000000000000000000, 1.613696256722583400E-015, -2.823968449264520800E-015 ) ) ;
#7037 = CARTESIAN_POINT ( 'NONE',  ( 10.56810876809718100, -10.56810876809727000, -2.374999999999954300 ) ) ;
#7038 = ADVANCED_FACE ( 'NONE', ( #4220 ), #2234, .F. ) ;
#7039 = CIRCLE ( 'NONE', #6893, 2.024999999999991900 ) ;
#7040 = ORIENTED_EDGE ( 'NONE', *, *, #3854, .F. ) ;
#7041 = DIRECTION ( 'NONE',  ( -2.775557561562893700E-015, -0.0000000000000000000, 1.000000000000000000 ) ) ;
#7042 = DIRECTION ( 'NONE',  ( 0.0000000000000000000, 0.0000000000000000000, -1.000000000000000000 ) ) ;
#7043 = EDGE_CURVE ( 'NONE', #184, #6412, #5980, .T. ) ;
#7044 = CARTESIAN_POINT ( 'NONE',  ( 26.02499999999997000, 11.99999999999999300, -0.1249999999998050300 ) ) ;
#7045 = ORIENTED_EDGE ( 'NONE', *, *, #3687, .T. ) ;
#7046 = AXIS2_PLACEMENT_3D ( 'NONE', #5438, #4798, #2379 ) ;
#7047 = CARTESIAN_POINT ( 'NONE',  ( 2.375000000000007100, 1.349909078679433100E-015, -35.31370849898473100 ) ) ;
#7048 = VECTOR ( 'NONE', #2567, 1000.000000000000100 ) ;
#7049 = ORIENTED_EDGE ( 'NONE', *, *, #3963, .F. ) ;
#7050 = DIRECTION ( 'NONE',  ( 2.602085213965212600E-016, -0.0000000000000000000, -1.000000000000000000 ) ) ;
#7051 = CARTESIAN_POINT ( 'NONE',  ( 35.31370849898473800, 1.349909078679433100E-015, -2.499999999999889900 ) ) ;
#7052 = ORIENTED_EDGE ( 'NONE', *, *, #6830, .F. ) ;
#7053 = VECTOR ( 'NONE', #814, 1000.000000000000000 ) ;
#7054 = DIRECTION ( 'NONE',  ( -0.0000000000000000000, -0.0000000000000000000, -1.000000000000000000 ) ) ;
#7055 = EDGE_LOOP ( 'NONE', ( #4170, #6224, #6171, #5122, #3500 ) ) ;
#7056 = CARTESIAN_POINT ( 'NONE',  ( 11.99999999999997500, 2.025000000000002100, 1.439820485060749900E-013 ) ) ;
#7057 = EDGE_CURVE ( 'NONE', #1231, #5206, #5710, .T. ) ;
#7058 = AXIS2_PLACEMENT_3D ( 'NONE', #2425, #3672, #1874 ) ;
#7059 = DATE_AND_TIME ( #925, #2500 ) ;
#7060 = CIRCLE ( 'NONE', #4424, 2.025000000000002600 ) ;
#7061 = ORIENTED_EDGE ( 'NONE', *, *, #873, .T. ) ;
#7062 = ORIENTED_EDGE ( 'NONE', *, *, #7170, .F. ) ;
#7063 = CIRCLE ( 'NONE', #6035, 2.025000000000002600 ) ;
#7064 = AXIS2_PLACEMENT_3D ( 'NONE', #149, #3171, #7320 ) ;
#7065 = LINE ( 'NONE', #4710, #740 ) ;
#7066 = DIRECTION ( 'NONE',  ( 0.7071067811865450200, -0.7071067811865500200, 0.0000000000000000000 ) ) ;
#7068 = ORIENTED_EDGE ( 'NONE', *, *, #2638, .F. ) ;
#7067 = CARTESIAN_POINT ( 'NONE',  ( -3.903127820947815000E-016, 2.150000000000029200, -35.99999999999996400 ) ) ;
#7069 = CARTESIAN_POINT ( 'NONE',  ( -3.469446951953611200E-016, -7.999999999999992900, -31.99999999999994700 ) ) ;
#7070 = CARTESIAN_POINT ( 'NONE',  ( 15.99999999999997000, -8.000000000000000000, -0.1249999999998400300 ) ) ;
#7071 = VERTEX_POINT ( 'NONE', #5412 ) ;
#7072 = DIRECTION ( 'NONE',  ( -0.5000000000000081000, -0.4999999999999982800, -0.7071067811865430200 ) ) ;
#7073 = FACE_OUTER_BOUND ( 'NONE', #629, .T. ) ;
#7074 = ADVANCED_FACE ( 'NONE', ( #6527 ), #2993, .F. ) ;
#7075 = EDGE_CURVE ( 'NONE', #4523, #826, #3750, .T. ) ;
#7076 = FACE_BOUND ( 'NONE', #5745, .T. ) ;
#7077 = DIRECTION ( 'NONE',  ( -1.000000000000000000, 0.0000000000000000000, 0.0000000000000000000 ) ) ;
#7078 = DIRECTION ( 'NONE',  ( -1.000000000000000000, 0.0000000000000000000, 0.0000000000000000000 ) ) ;
#7079 = VERTEX_POINT ( 'NONE', #3516 ) ;
#7080 = DIRECTION ( 'NONE',  ( -2.856284467353959300E-015, -0.7071067811865352500, 0.7071067811865597900 ) ) ;
#7081 = EDGE_LOOP ( 'NONE', ( #7608, #4896, #6881, #2676 ) ) ;
#7082 = DIRECTION ( 'NONE',  ( 0.7071067811865279200, 0.7071067811865672200, 0.0000000000000000000 ) ) ;
#7083 = VECTOR ( 'NONE', #3106, 1000.000000000000000 ) ;
#7084 = DIRECTION ( 'NONE',  ( 1.000000000000000000, -0.0000000000000000000, -0.0000000000000000000 ) ) ;
#7085 = CIRCLE ( 'NONE', #4952, 15.87500000000000000 ) ;
#7086 = EDGE_CURVE ( 'NONE', #5024, #6083, #653, .T. ) ;
#7087 = EDGE_CURVE ( 'NONE', #2242, #3528, #7160, .T. ) ;
#7088 = ORIENTED_EDGE ( 'NONE', *, *, #6867, .F. ) ;
#7089 = EDGE_LOOP ( 'NONE', ( #2693, #2985, #6997, #4340 ) ) ;
#7090 = DIRECTION ( 'NONE',  ( 1.000000000000000000, 0.0000000000000000000, 0.0000000000000000000 ) ) ;
#7091 = CARTESIAN_POINT ( 'NONE',  ( -1.734723475976807100E-015, -7.999999999999992900, -31.99999999999994700 ) ) ;
#7092 = VECTOR ( 'NONE', #4171, 1000.000000000000000 ) ;
#7093 = DIRECTION ( 'NONE',  ( -0.7071067811865420200, -3.574675575996861400E-015, 0.7071067811865531200 ) ) ;
#7094 = AXIS2_PLACEMENT_3D ( 'NONE', #423, #3354, #7487 ) ;
#7095 = EDGE_LOOP ( 'NONE', ( #1003, #6403, #6961, #381 ) ) ;
#7096 = CARTESIAN_POINT ( 'NONE',  ( 21.85000000000006200, 16.00000000000011000, 6.443630351515873900E-014 ) ) ;
#7097 = DIRECTION ( 'NONE',  ( 1.839952100020065200E-016, -0.7071067811865418000, -0.7071067811865532300 ) ) ;
#7098 = ORIENTED_EDGE ( 'NONE', *, *, #1043, .T. ) ;
#7099 = VERTEX_POINT ( 'NONE', #3751 ) ;
#7100 = EDGE_CURVE ( 'NONE', #7674, #3678, #1950, .T. ) ;
#7101 = AXIS2_PLACEMENT_3D ( 'NONE', #5772, #7479, #6360 ) ;
#7102 = CIRCLE ( 'NONE', #1117, 4.499999999999991100 ) ;
#7103 = CIRCLE ( 'NONE', #1093, 2.024999999999999000 ) ;
#7104 = DIRECTION ( 'NONE',  ( -1.000000000000000000, 1.263838670164661400E-015, 0.0000000000000000000 ) ) ;
#7105 = DIRECTION ( 'NONE',  ( 7.666467083416903000E-018, -0.7071067811865451300, 0.7071067811865500200 ) ) ;
#7106 = CIRCLE ( 'NONE', #6377, 2.150000000000023400 ) ;
#7107 = DIRECTION ( 'NONE',  ( -1.000000000000000000, -0.0000000000000000000, -0.0000000000000000000 ) ) ;
#7108 = ORIENTED_EDGE ( 'NONE', *, *, #6956, .T. ) ;
#7109 = EDGE_CURVE ( 'NONE', #1681, #6246, #2517, .T. ) ;
#7110 = EDGE_CURVE ( 'NONE', #1640, #7079, #3832, .T. ) ;
#7111 = LINE ( 'NONE', #2396, #1063 ) ;
#7112 = AXIS2_PLACEMENT_3D ( 'NONE', #5972, #3608, #4784 ) ;
#7113 = CARTESIAN_POINT ( 'NONE',  ( 31.05339014233577200, -9.917172606141342300, -0.1249999999997859800 ) ) ;
#7114 = FACE_OUTER_BOUND ( 'NONE', #2824, .T. ) ;
#7115 = ADVANCED_FACE ( 'NONE', ( #4130 ), #1282, .T. ) ;
#7116 = CIRCLE ( 'NONE', #4586, 2.149999999999896900 ) ;
#7117 = VERTEX_POINT ( 'NONE', #6040 ) ;
#7118 = DIRECTION ( 'NONE',  ( -7.666467083416863000E-018, 0.7071067811865489100, -0.7071067811865462400 ) ) ;
#7119 = CARTESIAN_POINT ( 'NONE',  ( 2.374999999999995100, 0.0000000000000000000, -23.99999999999996800 ) ) ;
#7120 = EDGE_CURVE ( 'NONE', #787, #6587, #5793, .T. ) ;
#7121 = VECTOR ( 'NONE', #5245, 1000.000000000000000 ) ;
#7122 = EDGE_CURVE ( 'NONE', #7627, #5142, #3184, .T. ) ;
#7123 = EDGE_LOOP ( 'NONE', ( #5450, #4106, #4874, #5198, #4606 ) ) ;
#7124 = EDGE_LOOP ( 'NONE', ( #6603, #6517, #4402, #5938 ) ) ;
#7125 = ADVANCED_FACE ( 'NONE', ( #380 ), #4316, .F. ) ;
#7126 = CARTESIAN_POINT ( 'NONE',  ( 4.499999999999976900, 15.87499999999999300, 1.327063459122251900E-014 ) ) ;
#7127 = CIRCLE ( 'NONE', #7377, 2.150000000000037200 ) ;
#7128 = ORIENTED_EDGE ( 'NONE', *, *, #7164, .T. ) ;
#7129 = VERTEX_POINT ( 'NONE', #1847 ) ;
#7130 = EDGE_LOOP ( 'NONE', ( #1363, #713, #1062, #3232 ) ) ;
#7131 = CIRCLE ( 'NONE', #3275, 2.150000000000033700 ) ;
#7132 = ORIENTED_EDGE ( 'NONE', *, *, #5264, .F. ) ;
#7133 = VERTEX_POINT ( 'NONE', #762 ) ;
#7134 = AXIS2_PLACEMENT_3D ( 'NONE', #3946, #2148, #4626 ) ;
#7135 = DIRECTION ( 'NONE',  ( -7.666467083416904600E-018, -0.7071067811865450200, -0.7071067811865500200 ) ) ;
#7136 = DIRECTION ( 'NONE',  ( -1.000000000000000000, 0.0000000000000000000, 0.0000000000000000000 ) ) ;
#7137 = ORIENTED_EDGE ( 'NONE', *, *, #1645, .T. ) ;
#7138 = VECTOR ( 'NONE', #379, 1000.000000000000000 ) ;
#7139 = VERTEX_POINT ( 'NONE', #3647 ) ;
#7140 = CARTESIAN_POINT ( 'NONE',  ( 10.56810876809744400, 10.56810876809728600, -2.374999999999930300 ) ) ;
#7141 = CARTESIAN_POINT ( 'NONE',  ( 0.1250000000000175400, 9.431891231902769200, -30.56810876809721100 ) ) ;
#7142 = EDGE_CURVE ( 'NONE', #999, #4846, #4959, .T. ) ;
#7143 = CARTESIAN_POINT ( 'NONE',  ( 34.00556095378953400, -6.965001794687578900, 1.002834163305083400E-013 ) ) ;
#7144 = CALENDAR_DATE ( 2022, 8, 4 ) ;
#7145 = AXIS2_PLACEMENT_3D ( 'NONE', #6746, #3802, #102 ) ;
#7146 = DIRECTION ( 'NONE',  ( 0.0000000000000000000, 0.0000000000000000000, 1.000000000000000000 ) ) ;
#7147 = CIRCLE ( 'NONE', #6546, 2.024999999999991900 ) ;
#7148 = ORIENTED_EDGE ( 'NONE', *, *, #4262, .F. ) ;
#7149 = ADVANCED_FACE ( 'NONE', ( #5600 ), #3372, .F. ) ;
#7150 = VERTEX_POINT ( 'NONE', #4847 ) ;
#7151 = EDGE_CURVE ( 'NONE', #5957, #6453, #1769, .T. ) ;
#7152 = CARTESIAN_POINT ( 'NONE',  ( 2.499999999999997300, 10.00556095378965600, -30.96500179468744600 ) ) ;
#7153 = DIRECTION ( 'NONE',  ( -7.666467083416938500E-018, -0.7071067811865418000, -0.7071067811865532300 ) ) ;
#7154 = EDGE_CURVE ( 'NONE', #483, #3021, #941, .T. ) ;
#7155 = LINE ( 'NONE', #4395, #2411 ) ;
#7156 = CARTESIAN_POINT ( 'NONE',  ( 2.499999999999995100, 15.87499999999999300, -23.99999999999996800 ) ) ;
#7157 = ORIENTED_EDGE ( 'NONE', *, *, #1527, .F. ) ;
#7158 = ADVANCED_FACE ( 'NONE', ( #6792 ), #660, .F. ) ;
#7159 = ORIENTED_EDGE ( 'NONE', *, *, #344, .T. ) ;
#7160 = CIRCLE ( 'NONE', #1183, 2.149999999999999000 ) ;
#7161 = DIRECTION ( 'NONE',  ( 0.0000000000000000000, 0.0000000000000000000, -1.000000000000000000 ) ) ;
#7162 = VECTOR ( 'NONE', #7020, 1000.000000000000000 ) ;
#7163 = CARTESIAN_POINT ( 'NONE',  ( -1.734723475976807100E-015, 8.000000000000007100, -31.99999999999997200 ) ) ;
#7164 = EDGE_CURVE ( 'NONE', #2644, #3521, #5892, .T. ) ;
#7165 = ORIENTED_EDGE ( 'NONE', *, *, #4442, .F. ) ;
#7166 = ORIENTED_EDGE ( 'NONE', *, *, #1542, .T. ) ;
#7167 = AXIS2_PLACEMENT_3D ( 'NONE', #3837, #7290, #5039 ) ;
#7168 = VECTOR ( 'NONE', #6351, 1000.000000000000000 ) ;
#7169 = CARTESIAN_POINT ( 'NONE',  ( 33.43189123190274600, 6.568108768097236100, 2.133709875451472700E-013 ) ) ;
#7170 = EDGE_CURVE ( 'NONE', #1055, #6766, #2806, .T. ) ;
#7171 = DIRECTION ( 'NONE',  ( 1.084202172485504700E-017, 0.0000000000000000000, 1.000000000000000000 ) ) ;
#7172 = CARTESIAN_POINT ( 'NONE',  ( 2.499999999999992900, -2.735438768656219200E-015, -14.83629150101519700 ) ) ;
#7173 = ORIENTED_EDGE ( 'NONE', *, *, #3031, .T. ) ;
#7174 = ORIENTED_EDGE ( 'NONE', *, *, #6609, .T. ) ;
#7175 = CYLINDRICAL_SURFACE ( 'NONE', #1529, 2.024999999999999000 ) ;
#7176 = VECTOR ( 'NONE', #4711, 1000.000000000000000 ) ;
#7177 = ORIENTED_EDGE ( 'NONE', *, *, #7075, .F. ) ;
#7178 = AXIS2_PLACEMENT_3D ( 'NONE', #1726, #4698, #5931 ) ;
#7179 = ORIENTED_EDGE ( 'NONE', *, *, #6510, .T. ) ;
#7180 = VECTOR ( 'NONE', #255, 1000.000000000000000 ) ;
#7181 = CARTESIAN_POINT ( 'NONE',  ( 2.374999999999982200, -8.485281374238571300, -34.51028137423853800 ) ) ;
#7182 = ADVANCED_FACE ( 'NONE', ( #7073 ), #746, .F. ) ;
#7183 = ORIENTED_EDGE ( 'NONE', *, *, #4467, .T. ) ;
#7184 = DIRECTION ( 'NONE',  ( 1.000000000000000000, 0.0000000000000000000, 0.0000000000000000000 ) ) ;
#7185 = AXIS2_PLACEMENT_3D ( 'NONE', #5911, #5811, #4075 ) ;
#7186 = VECTOR ( 'NONE', #5400, 1000.000000000000000 ) ;
#7187 = ORIENTED_EDGE ( 'NONE', *, *, #6875, .T. ) ;
#7188 = FACE_OUTER_BOUND ( 'NONE', #1725, .T. ) ;
#7189 = CARTESIAN_POINT ( 'NONE',  ( 2.499999999999996000, 11.99999999999999300, -26.14999999999998100 ) ) ;
#7190 = ORIENTED_EDGE ( 'NONE', *, *, #6977, .T. ) ;
#7191 = DIRECTION ( 'NONE',  ( 0.0000000000000000000, 0.0000000000000000000, 1.000000000000000000 ) ) ;
#7192 = ADVANCED_FACE ( 'NONE', ( #1207 ), #3435, .T. ) ;
#7193 = DIRECTION ( 'NONE',  ( -1.000000000000000000, 0.0000000000000000000, -2.823968449264525500E-015 ) ) ;
#7194 = CIRCLE ( 'NONE', #2410, 2.025000000000006100 ) ;
#7195 = VECTOR ( 'NONE', #3529, 1000.000000000000100 ) ;
#7196 = EDGE_CURVE ( 'NONE', #6347, #1447, #7248, .T. ) ;
#7197 = ORIENTED_EDGE ( 'NONE', *, *, #65, .F. ) ;
#7198 = AXIS2_PLACEMENT_3D ( 'NONE', #7337, #1965, #6204 ) ;
#7199 = ORIENTED_EDGE ( 'NONE', *, *, #334, .F. ) ;
#7200 = DIRECTION ( 'NONE',  ( 0.7071067811865721100, -0.7071067811865230400, -7.096736839971781100E-016 ) ) ;
#7201 = DIRECTION ( 'NONE',  ( -1.839952100020056900E-016, -0.7071067811865451300, 0.7071067811865500200 ) ) ;
#7202 = LINE ( 'NONE', #1509, #6394 ) ;
#7203 = ORIENTED_EDGE ( 'NONE', *, *, #2093, .F. ) ;
#7204 = EDGE_CURVE ( 'NONE', #5751, #7099, #3938, .T. ) ;
#7205 = AXIS2_PLACEMENT_3D ( 'NONE', #917, #5105, #893 ) ;
#7206 = CARTESIAN_POINT ( 'NONE',  ( 23.99999999999998200, 11.99999999999999300, -2.499999999999921000 ) ) ;
#7207 = VECTOR ( 'NONE', #2613, 1000.000000000000000 ) ;
#7208 = ORIENTED_EDGE ( 'NONE', *, *, #3340, .T. ) ;
#7209 = ORIENTED_EDGE ( 'NONE', *, *, #3259, .F. ) ;
#7210 = CARTESIAN_POINT ( 'NONE',  ( 11.99999999999997500, -2.025000000000002100, 1.439820485060749900E-013 ) ) ;
#7211 = CARTESIAN_POINT ( 'NONE',  ( 35.99999999999996400, -6.938893903907228400E-015, 2.216109240560371100E-013 ) ) ;
#7212 = EDGE_CURVE ( 'NONE', #7139, #6090, #5157, .T. ) ;
#7213 = CARTESIAN_POINT ( 'NONE',  ( 4.499999999999984900, -15.87499999999999300, -2.499999999999975100 ) ) ;
#7214 = EDGE_CURVE ( 'NONE', #6453, #2395, #4035, .T. ) ;
#7215 = ORIENTED_EDGE ( 'NONE', *, *, #4298, .T. ) ;
#7216 = CIRCLE ( 'NONE', #360, 2.149999999999943500 ) ;
#7217 = ORIENTED_EDGE ( 'NONE', *, *, #3867, .F. ) ;
#7218 = ORIENTED_EDGE ( 'NONE', *, *, #3397, .F. ) ;
#7219 = ADVANCED_FACE ( 'NONE', ( #6160 ), #891, .T. ) ;
#7220 = DIRECTION ( 'NONE',  ( 0.0000000000000000000, 0.0000000000000000000, -1.000000000000000000 ) ) ;
#7221 = EDGE_CURVE ( 'NONE', #2738, #134, #6076, .T. ) ;
#7222 = EDGE_LOOP ( 'NONE', ( #1392, #3727, #5581, #2659 ) ) ;
#7223 = PLANE ( 'NONE',  #1643 ) ;
#7224 = ORIENTED_EDGE ( 'NONE', *, *, #4052, .F. ) ;
#7225 = PLANE ( 'NONE',  #2777 ) ;
#7226 = CARTESIAN_POINT ( 'NONE',  ( -1.599977795958137700E-014, -2.149999999999978200, -2.499999999999988000 ) ) ;
#7227 = ADVANCED_FACE ( 'NONE', ( #5415 ), #2903, .F. ) ;
#7228 = EDGE_LOOP ( 'NONE', ( #1504, #5626, #2587, #2907 ) ) ;
#7229 = AXIS2_PLACEMENT_3D ( 'NONE', #1396, #2539, #159 ) ;
#7230 = CARTESIAN_POINT ( 'NONE',  ( 0.0000000000000000000, -16.00000000000000000, 0.0000000000000000000 ) ) ;
#7231 = ORIENTED_EDGE ( 'NONE', *, *, #7294, .T. ) ;
#7232 = ORIENTED_EDGE ( 'NONE', *, *, #6609, .F. ) ;
#7233 = CARTESIAN_POINT ( 'NONE',  ( 17.03499820531236300, 10.00556095378951800, 5.023671920996288400E-014 ) ) ;
#7234 = DIRECTION ( 'NONE',  ( -0.0000000000000000000, -0.0000000000000000000, -1.000000000000000000 ) ) ;
#7235 = LOCAL_TIME ( 16, 8, 3.000000000000000000, #2409 ) ;
#7236 = CONICAL_SURFACE ( 'NONE', #1755, 2.150000000000027000, 0.7853981633974533900 ) ;
#7237 = CARTESIAN_POINT ( 'NONE',  ( 21.84999999999995500, -11.31370849898476100, -2.499999999999927200 ) ) ;
#7238 = EDGE_CURVE ( 'NONE', #5826, #2738, #836, .T. ) ;
#7240 = ORIENTED_EDGE ( 'NONE', *, *, #5839, .T. ) ;
#7239 = CARTESIAN_POINT ( 'NONE',  ( -2.835188681049592600E-016, -11.31370849898476100, -26.14999999999996700 ) ) ;
#7241 = VERTEX_POINT ( 'NONE', #2767 ) ;
#7242 = FACE_OUTER_BOUND ( 'NONE', #3761, .T. ) ;
#7243 = LINE ( 'NONE', #2369, #4127 ) ;
#7244 = VERTEX_POINT ( 'NONE', #3983 ) ;
#7245 = ORIENTED_EDGE ( 'NONE', *, *, #4742, .T. ) ;
#7246 = DIRECTION ( 'NONE',  ( -1.000000000000000000, -0.0000000000000000000, -0.0000000000000000000 ) ) ;
#7247 = DIRECTION ( 'NONE',  ( 0.7071067811865156000, -0.5000000000000127700, -0.5000000000000323100 ) ) ;
#7248 = LINE ( 'NONE', #6868, #7335 ) ;
#7249 = AXIS2_PLACEMENT_3D ( 'NONE', #279, #2104, #6843 ) ;
#7250 = LINE ( 'NONE', #1440, #4132 ) ;
#7251 = VERTEX_POINT ( 'NONE', #3448 ) ;
#7252 = ORIENTED_EDGE ( 'NONE', *, *, #7665, .F. ) ;
#7253 = CARTESIAN_POINT ( 'NONE',  ( 0.1250000000000145700, -10.56810876809719000, -10.56810876809711700 ) ) ;
#7254 = ADVANCED_FACE ( 'NONE', ( #6892 ), #1584, .F. ) ;
#7255 = CIRCLE ( 'NONE', #5382, 2.024999999999957300 ) ;
#7256 = DIRECTION ( 'NONE',  ( -1.000000000000000000, 0.0000000000000000000, -2.823968449264543700E-015 ) ) ;
#7257 = EDGE_CURVE ( 'NONE', #7129, #4396, #4507, .T. ) ;
#7258 = FACE_OUTER_BOUND ( 'NONE', #2816, .T. ) ;
#7259 = EDGE_CURVE ( 'NONE', #4260, #3606, #739, .T. ) ;
#7260 = DIRECTION ( 'NONE',  ( 0.7071067811865131600, 0.0000000000000000000, -0.7071067811865818800 ) ) ;
#7261 = ORIENTED_EDGE ( 'NONE', *, *, #81, .T. ) ;
#7262 = ORIENTED_EDGE ( 'NONE', *, *, #3893, .F. ) ;
#7263 = DIRECTION ( 'NONE',  ( -0.0000000000000000000, -0.0000000000000000000, 1.000000000000000000 ) ) ;
#7264 = CARTESIAN_POINT ( 'NONE',  ( 14.47972042044898300, -6.479720420449017300, 4.270112859618718500E-014 ) ) ;
#7265 = DIRECTION ( 'NONE',  ( -1.000000000000000000, -0.0000000000000000000, -0.0000000000000000000 ) ) ;
#7266 = ADVANCED_FACE ( 'NONE', ( #6605 ), #1012, .T. ) ;
#7267 = DIRECTION ( 'NONE',  ( 2.914001035115545500E-015, -0.0000000000000000000, -1.000000000000000000 ) ) ;
#7268 = EDGE_LOOP ( 'NONE', ( #6590, #1658, #5298, #4348 ) ) ;
#7269 = CARTESIAN_POINT ( 'NONE',  ( 26.14999999999997700, 11.31370849898476100, -2.499999999999915600 ) ) ;
#7270 = ORIENTED_EDGE ( 'NONE', *, *, #7086, .T. ) ;
#7271 = LINE ( 'NONE', #5191, #2542 ) ;
#7272 = CARTESIAN_POINT ( 'NONE',  ( 0.1250000000000262000, -6.938893903907228400E-015, -35.99999999999996400 ) ) ;
#7273 = AXIS2_PLACEMENT_3D ( 'NONE', #3485, #5316, #7623 ) ;
#7274 = ORIENTED_EDGE ( 'NONE', *, *, #5054, .T. ) ;
#7275 = LINE ( 'NONE', #2503, #1166 ) ;
#7276 = DIRECTION ( 'NONE',  ( -0.0000000000000000000, -0.0000000000000000000, -1.000000000000000000 ) ) ;
#7277 = CYLINDRICAL_SURFACE ( 'NONE', #1387, 4.499999999999992000 ) ;
#7279 = ORIENTED_EDGE ( 'NONE', *, *, #238, .F. ) ;
#7278 = DIRECTION ( 'NONE',  ( -5.055354680658670800E-015, 1.000000000000000000, -1.490839215467732600E-029 ) ) ;
#7280 = LINE ( 'NONE', #3245, #5742 ) ;
#7281 = ORIENTED_EDGE ( 'NONE', *, *, #935, .T. ) ;
#7282 = EDGE_CURVE ( 'NONE', #6760, #1297, #6884, .T. ) ;
#7283 = CARTESIAN_POINT ( 'NONE',  ( 14.56810876809722700, 6.568108768097276100, -2.374999999999947200 ) ) ;
#7284 = AXIS2_PLACEMENT_3D ( 'NONE', #7293, #602, #7318 ) ;
#7285 = DIRECTION ( 'NONE',  ( 1.191610152690192000E-015, 0.7071067811865424700, -0.7071067811865526800 ) ) ;
#7286 = VECTOR ( 'NONE', #1137, 1000.000000000000000 ) ;
#7287 = DIRECTION ( 'NONE',  ( 0.7071067811865111600, 0.0000000000000000000, 0.7071067811865838800 ) ) ;
#7288 = DIRECTION ( 'NONE',  ( 1.000000000000000000, -0.0000000000000000000, -1.084202172485505400E-017 ) ) ;
#7289 = CIRCLE ( 'NONE', #3523, 2.025000000000006100 ) ;
#7290 = DIRECTION ( 'NONE',  ( -0.0000000000000000000, -0.0000000000000000000, -1.000000000000000000 ) ) ;
#7291 = ORIENTED_EDGE ( 'NONE', *, *, #3696, .T. ) ;
#7292 = ORIENTED_EDGE ( 'NONE', *, *, #5054, .F. ) ;
#7293 = CARTESIAN_POINT ( 'NONE',  ( 2.374999999999988900, -1.315656055641414400E-013, -26.02499999999991000 ) ) ;
#7294 = EDGE_CURVE ( 'NONE', #3243, #1503, #172, .T. ) ;
#7295 = AXIS2_PLACEMENT_3D ( 'NONE', #1811, #6003, #646 ) ;
#7296 = LINE ( 'NONE', #4073, #7121 ) ;
#7297 = DIRECTION ( 'NONE',  ( 1.000000000000000000, -0.0000000000000000000, 8.360113137237629900E-017 ) ) ;
#7298 = ORIENTED_EDGE ( 'NONE', *, *, #241, .T. ) ;
#7299 = DIRECTION ( 'NONE',  ( 1.000000000000000000, -0.0000000000000000000, 8.360113137237629900E-017 ) ) ;
#7300 = DIRECTION ( 'NONE',  ( 2.949029909160574800E-015, 0.0000000000000000000, -1.000000000000000000 ) ) ;
#7301 = VERTEX_POINT ( 'NONE', #5281 ) ;
#7302 = ADVANCED_FACE ( 'NONE', ( #5244 ), #5882, .F. ) ;
#7303 = FACE_OUTER_BOUND ( 'NONE', #6269, .T. ) ;
#7304 = ORIENTED_EDGE ( 'NONE', *, *, #4360, .F. ) ;
#7305 = DIRECTION ( 'NONE',  ( -1.000000000000000000, 0.0000000000000000000, 0.0000000000000000000 ) ) ;
#7306 = EDGE_CURVE ( 'NONE', #6230, #5713, #1942, .T. ) ;
#7307 = DIRECTION ( 'NONE',  ( 0.7071067811865157100, 0.0000000000000000000, -0.7071067811865794400 ) ) ;
#7308 = VERTEX_POINT ( 'NONE', #1691 ) ;
#7309 = CONICAL_SURFACE ( 'NONE', #5820, 2.150000000000037200, 0.7853981633974812500 ) ;
#7310 = EDGE_LOOP ( 'NONE', ( #794, #4972, #5407, #5741 ) ) ;
#7311 = ORIENTED_EDGE ( 'NONE', *, *, #990, .T. ) ;
#7312 = DIRECTION ( 'NONE',  ( 0.0000000000000000000, 0.0000000000000000000, 1.000000000000000000 ) ) ;
#7313 = CARTESIAN_POINT ( 'NONE',  ( 15.99999999999997900, 8.000000000000035500, -0.1249999999998299100 ) ) ;
#7314 = DIRECTION ( 'NONE',  ( 0.0000000000000000000, -0.7071067811865536800, 0.7071067811865412400 ) ) ;
#7315 = ORIENTED_EDGE ( 'NONE', *, *, #3075, .F. ) ;
#7316 = VECTOR ( 'NONE', #3070, 1000.000000000000100 ) ;
#7317 = VERTEX_POINT ( 'NONE', #1148 ) ;
#7318 = DIRECTION ( 'NONE',  ( 1.315446366589175700E-030, 1.000000000000000000, -5.055354680658670800E-015 ) ) ;
#7319 = CARTESIAN_POINT ( 'NONE',  ( 33.43189123190269600, -6.568108768097231700, 2.133709875451472700E-013 ) ) ;
#7320 = DIRECTION ( 'NONE',  ( -1.000000000000000000, 0.0000000000000000000, -2.823968449264543700E-015 ) ) ;
#7321 = EDGE_CURVE ( 'NONE', #3289, #7133, #4951, .T. ) ;
#7322 = PLANE ( 'NONE',  #6369 ) ;
#7323 = LINE ( 'NONE', #5294, #1580 ) ;
#7324 = VERTEX_POINT ( 'NONE', #1169 ) ;
#7325 = DIRECTION ( 'NONE',  ( 1.000000000000000000, -0.0000000000000000000, -1.084202172485505400E-017 ) ) ;
#7326 = VERTEX_POINT ( 'NONE', #7689 ) ;
#7327 = ORIENTED_EDGE ( 'NONE', *, *, #7086, .F. ) ;
#7328 = LINE ( 'NONE', #908, #7612 ) ;
#7329 = AXIS2_PLACEMENT_3D ( 'NONE', #5310, #469, #7050 ) ;
#7330 = VECTOR ( 'NONE', #3059, 1000.000000000000000 ) ;
#7331 = CARTESIAN_POINT ( 'NONE',  ( -2.185022465609340700E-015, 2.024999999999955900, -0.1249999999998868400 ) ) ;
#7332 = EDGE_LOOP ( 'NONE', ( #1426, #1821, #1103, #3115, #1900 ) ) ;
#7333 = CARTESIAN_POINT ( 'NONE',  ( -1.301042606982605300E-015, 6.568108768097236100, -33.43189123190274600 ) ) ;
#7334 = ORIENTED_EDGE ( 'NONE', *, *, #645, .F. ) ;
#7335 = VECTOR ( 'NONE', #1546, 1000.000000000000000 ) ;
#7336 = DIRECTION ( 'NONE',  ( 1.000000000000000000, 0.0000000000000000000, 0.0000000000000000000 ) ) ;
#7337 = CARTESIAN_POINT ( 'NONE',  ( 23.99999999999996100, -11.99999999999999300, -0.1249999999998113700 ) ) ;
#7338 = EDGE_CURVE ( 'NONE', #4505, #3967, #3460, .T. ) ;
#7339 = CONICAL_SURFACE ( 'NONE', #852, 2.024999999999999000, 0.7853981633974627100 ) ;
#7340 = DIRECTION ( 'NONE',  ( -0.0000000000000000000, -0.0000000000000000000, -1.000000000000000000 ) ) ;
#7341 = ADVANCED_FACE ( 'NONE', ( #3651 ), #4311, .F. ) ;
#7342 = ORIENTED_EDGE ( 'NONE', *, *, #2487, .T. ) ;
#7343 = ORIENTED_EDGE ( 'NONE', *, *, #5265, .F. ) ;
#7344 = DIRECTION ( 'NONE',  ( 0.7071067811865455700, 0.7071067811865493500, 1.962615573354715000E-015 ) ) ;
#7345 = VECTOR ( 'NONE', #2541, 1000.000000000000200 ) ;
#7346 = CONICAL_SURFACE ( 'NONE', #537, 2.025000000000002600, 0.7853981633974277400 ) ;
#7347 = DIRECTION ( 'NONE',  ( -2.017120320903242000E-016, 0.0000000000000000000, 1.000000000000000000 ) ) ;
#7348 = ORIENTED_EDGE ( 'NONE', *, *, #471, .F. ) ;
#7349 = CARTESIAN_POINT ( 'NONE',  ( 34.63528137423843100, -8.485281374238571300, 1.021426490891665800E-013 ) ) ;
#7350 = CARTESIAN_POINT ( 'NONE',  ( -2.602085213965209200E-016, 0.0000000000000000000, -16.87499999999995000 ) ) ;
#7351 = ORIENTED_EDGE ( 'NONE', *, *, #4517, .T. ) ;
#7352 = AXIS2_PLACEMENT_3D ( 'NONE', #7272, #2501, #3749 ) ;
#7353 = DIRECTION ( 'NONE',  ( 0.0000000000000000000, 0.7071067811865672200, 0.7071067811865279200 ) ) ;
#7354 = LINE ( 'NONE', #3297, #5810 ) ;
#7355 = VECTOR ( 'NONE', #2346, 1000.000000000000000 ) ;
#7356 = DIRECTION ( 'NONE',  ( 0.0000000000000000000, 0.0000000000000000000, 1.000000000000000000 ) ) ;
#7357 = ORIENTED_EDGE ( 'NONE', *, *, #5436, .F. ) ;
#7358 = ORIENTED_EDGE ( 'NONE', *, *, #83, .T. ) ;
#7359 = EDGE_CURVE ( 'NONE', #906, #3174, #5325, .T. ) ;
#7360 = EDGE_CURVE ( 'NONE', #3016, #5896, #2986, .T. ) ;
#7361 = DIRECTION ( 'NONE',  ( 0.0000000000000000000, 0.0000000000000000000, 1.000000000000000000 ) ) ;
#7362 = FACE_OUTER_BOUND ( 'NONE', #4108, .T. ) ;
#7363 = CARTESIAN_POINT ( 'NONE',  ( 2.499999999999998200, -2.149999999999999500, -35.31370849898473100 ) ) ;
#7364 = AXIS2_PLACEMENT_3D ( 'NONE', #892, #3348, #916 ) ;
#7365 = EDGE_LOOP ( 'NONE', ( #3712, #4839, #4436, #7098 ) ) ;
#7366 = CARTESIAN_POINT ( 'NONE',  ( 15.99999999999997000, -8.000000000000000000, 4.718447854656910900E-014 ) ) ;
#7367 = CARTESIAN_POINT ( 'NONE',  ( 23.99999999999996100, -11.99999999999999300, -0.1249999999998109400 ) ) ;
#7368 = DIRECTION ( 'NONE',  ( 0.0000000000000000000, 0.7071067811865561200, -0.7071067811865389100 ) ) ;
#7369 = VECTOR ( 'NONE', #3524, 1000.000000000000100 ) ;
#7370 = DIRECTION ( 'NONE',  ( 0.7071067811865543500, 0.4999999999999927800, 0.4999999999999976700 ) ) ;
#7371 = ADVANCED_FACE ( 'NONE', ( #6519, #3087, #1393, #1851, #3364, #460, #5147, #3740, #7518, #6432 ), #7639, .T. ) ;
#7372 = CYLINDRICAL_SURFACE ( 'NONE', #74, 2.024999999999990100 ) ;
#7373 = ORIENTED_EDGE ( 'NONE', *, *, #6913, .T. ) ;
#7374 = DIRECTION ( 'NONE',  ( -1.000000000000000000, 0.0000000000000000000, -2.602085213965212600E-016 ) ) ;
#7375 = CARTESIAN_POINT ( 'NONE',  ( 2.374999999999993300, -9.431891231902760400, -17.43189123190272800 ) ) ;
#7376 = LINE ( 'NONE', #7455, #3975 ) ;
#7377 = AXIS2_PLACEMENT_3D ( 'NONE', #2434, #6594, #4855 ) ;
#7378 = DIRECTION ( 'NONE',  ( -0.7071067811865416900, 3.574675575996859800E-015, 0.7071067811865533500 ) ) ;
#7379 = VECTOR ( 'NONE', #4484, 1000.000000000000000 ) ;
#7380 = LINE ( 'NONE', #1101, #2944 ) ;
#7381 = EDGE_LOOP ( 'NONE', ( #4190, #1648, #4225, #6935 ) ) ;
#7382 = ADVANCED_FACE ( 'NONE', ( #6339 ), #1116, .T. ) ;
#7383 = ORIENTED_EDGE ( 'NONE', *, *, #3814, .F. ) ;
#7384 = CARTESIAN_POINT ( 'NONE',  ( 23.99999999999996400, 11.31370849898476100, -0.1249999999998109400 ) ) ;
#7385 = DIRECTION ( 'NONE',  ( 1.000000000000000000, 0.0000000000000000000, 0.0000000000000000000 ) ) ;
#7386 = EDGE_CURVE ( 'NONE', #6090, #6089, #2891, .T. ) ;
#7387 = VECTOR ( 'NONE', #707, 1000.000000000000000 ) ;
#7388 = ORIENTED_EDGE ( 'NONE', *, *, #2390, .T. ) ;
#7389 = CARTESIAN_POINT ( 'NONE',  ( 12.68629150101521000, -2.735438768656219200E-015, -2.499999999999952900 ) ) ;
#7390 = AXIS2_PLACEMENT_3D ( 'NONE', #5547, #1986, #4982 ) ;
#7391 = DIRECTION ( 'NONE',  ( 0.0000000000000000000, 0.0000000000000000000, 1.000000000000000000 ) ) ;
#7392 = CARTESIAN_POINT ( 'NONE',  ( 0.0000000000000000000, 0.0000000000000000000, 0.0000000000000000000 ) ) ;
#7393 = DIRECTION ( 'NONE',  ( 0.7071067811865500200, 0.7071067811865451300, 2.085279046689398100E-015 ) ) ;
#7394 = FACE_OUTER_BOUND ( 'NONE', #2560, .T. ) ;
#7395 = ORIENTED_EDGE ( 'NONE', *, *, #4807, .T. ) ;
#7396 = DIRECTION ( 'NONE',  ( -1.315446366589175700E-030, 1.000000000000000000, 5.055354680658670800E-015 ) ) ;
#7397 = EDGE_CURVE ( 'NONE', #2066, #3346, #1676, .T. ) ;
#7398 = CARTESIAN_POINT ( 'NONE',  ( 2.374999999999988900, -1.315656055641414400E-013, -26.02499999999991000 ) ) ;
#7399 = AXIS2_PLACEMENT_3D ( 'NONE', #7554, #6411, #6310 ) ;
#7400 = CARTESIAN_POINT ( 'NONE',  ( 11.99999999999997500, 5.469317744930408200E-015, 1.439820485060749900E-013 ) ) ;
#7401 = ORIENTED_EDGE ( 'NONE', *, *, #990, .F. ) ;
#7402 = CIRCLE ( 'NONE', #5676, 2.150000000000023400 ) ;
#7403 = CARTESIAN_POINT ( 'NONE',  ( 15.99999999999997000, -8.000000000000000000, 4.718447854656910900E-014 ) ) ;
#7404 = CARTESIAN_POINT ( 'NONE',  ( 0.1249999999999998300, 0.0000000000000000000, -39.99999999999997900 ) ) ;
#7405 = ORIENTED_EDGE ( 'NONE', *, *, #4398, .F. ) ;
#7406 = EDGE_LOOP ( 'NONE', ( #3574, #2256, #2305, #340 ) ) ;
#7407 = DIRECTION ( 'NONE',  ( -7.666467083416903000E-018, 0.7071067811865451300, -0.7071067811865500200 ) ) ;
#7408 = DIRECTION ( 'NONE',  ( 1.000000000000000000, -0.0000000000000000000, 8.360113137237629900E-017 ) ) ;
#7409 = EDGE_CURVE ( 'NONE', #2718, #6641, #7063, .T. ) ;
#7410 = EDGE_CURVE ( 'NONE', #5957, #6647, #1491, .T. ) ;
#7411 = ORIENTED_EDGE ( 'NONE', *, *, #6428, .F. ) ;
#7412 = AXIS2_PLACEMENT_3D ( 'NONE', #4103, #4056, #1112 ) ;
#7413 = LINE ( 'NONE', #3584, #2481 ) ;
#7414 = ORIENTED_EDGE ( 'NONE', *, *, #4247, .T. ) ;
#7415 = PLANE ( 'NONE',  #2764 ) ;
#7416 = EDGE_CURVE ( 'NONE', #2690, #2506, #4684, .T. ) ;
#7417 = DIRECTION ( 'NONE',  ( 0.0000000000000000000, 0.0000000000000000000, 1.000000000000000000 ) ) ;
#7418 = CONICAL_SURFACE ( 'NONE', #6405, 2.025000000000006100, 0.7853981633974576000 ) ;
#7419 = VERTEX_POINT ( 'NONE', #7237 ) ;
#7420 = DIRECTION ( 'NONE',  ( -1.056583426979252200E-031, -1.000000000000000000, 1.263838670164661400E-015 ) ) ;
#7422 = ORIENTED_EDGE ( 'NONE', *, *, #4262, .T. ) ;
#7421 = CARTESIAN_POINT ( 'NONE',  ( 0.1250000000000143200, 9.917172606141326300, -31.05339014233577500 ) ) ;
#7423 = CARTESIAN_POINT ( 'NONE',  ( 26.02499999999996300, -11.99999999999999300, -0.1249999999998109400 ) ) ;
#7424 = ADVANCED_FACE ( 'NONE', ( #2507 ), #550, .F. ) ;
#7425 = PERSON_AND_ORGANIZATION ( #963, #4302 ) ;
#7426 = CARTESIAN_POINT ( 'NONE',  ( 0.1249999999999998300, -11.99999999999999300, -21.97499999999996200 ) ) ;
#7427 = AXIS2_PLACEMENT_3D ( 'NONE', #927, #4521, #2611 ) ;
#7428 = CIRCLE ( 'NONE', #3706, 2.149999999999943500 ) ;
#7429 = DIRECTION ( 'NONE',  ( 0.0000000000000000000, 0.0000000000000000000, 1.000000000000000000 ) ) ;
#7430 = EDGE_LOOP ( 'NONE', ( #7108, #831, #5979, #6959, #1955 ) ) ;
#7431 = VERTEX_POINT ( 'NONE', #7141 ) ;
#7432 = DIRECTION ( 'NONE',  ( 1.000000000000000000, 0.0000000000000000000, 0.0000000000000000000 ) ) ;
#7433 = CIRCLE ( 'NONE', #6422, 2.149999999999877800 ) ;
#7434 = CARTESIAN_POINT ( 'NONE',  ( -3.469446951953611200E-016, -7.999999999999992900, -31.99999999999994700 ) ) ;
#7435 = CARTESIAN_POINT ( 'NONE',  ( 0.1249999999999998600, 11.99999999999999300, -21.97499999999996200 ) ) ;
#7436 = VECTOR ( 'NONE', #6821, 1000.000000000000000 ) ;
#7437 = EDGE_CURVE ( 'NONE', #3370, #3831, #266, .T. ) ;
#7438 = ORIENTED_EDGE ( 'NONE', *, *, #4727, .F. ) ;
#7439 = AXIS2_PLACEMENT_3D ( 'NONE', #3773, #1923, #4304 ) ;
#7440 = ORIENTED_EDGE ( 'NONE', *, *, #4813, .T. ) ;
#7441 = DIRECTION ( 'NONE',  ( 0.0000000000000000000, 0.0000000000000000000, 1.000000000000000000 ) ) ;
#7442 = VECTOR ( 'NONE', #5534, 1000.000000000000000 ) ;
#7443 = DIRECTION ( 'NONE',  ( 8.360113137237639800E-017, 0.0000000000000000000, -1.000000000000000000 ) ) ;
#7444 = ORIENTED_EDGE ( 'NONE', *, *, #7687, .F. ) ;
#7445 = ORIENTED_EDGE ( 'NONE', *, *, #3662, .F. ) ;
#7446 = DIRECTION ( 'NONE',  ( -0.7071067811865302500, 0.0000000000000000000, -0.7071067811865647800 ) ) ;
#7447 = LINE ( 'NONE', #4007, #3947 ) ;
#7448 = APPLICATION_CONTEXT ( 'configuration controlled 3d designs of mechanical parts and assemblies' ) ;
#7449 = EDGE_CURVE ( 'NONE', #4947, #95, #7622, .T. ) ;
#7450 = CARTESIAN_POINT ( 'NONE',  ( 38.02499999999996300, -6.938893903907228400E-015, -0.1249999999997806900 ) ) ;
#7451 = CARTESIAN_POINT ( 'NONE',  ( 5.520279579550971100, 21.52027957955100500, -2.499999999999972900 ) ) ;
#7452 = AXIS2_PLACEMENT_3D ( 'NONE', #2049, #2023, #5076 ) ;
#7453 = EDGE_CURVE ( 'NONE', #4613, #4363, #6068, .T. ) ;
#7454 = VECTOR ( 'NONE', #1564, 1000.000000000000000 ) ;
#7455 = CARTESIAN_POINT ( 'NONE',  ( 0.1250000000000142900, -7.053390142335806500, -14.08282739385865200 ) ) ;
#7456 = ORIENTED_EDGE ( 'NONE', *, *, #6175, .F. ) ;
#7457 = DIRECTION ( 'NONE',  ( -0.0000000000000000000, -0.0000000000000000000, -1.000000000000000000 ) ) ;
#7458 = ORIENTED_EDGE ( 'NONE', *, *, #399, .T. ) ;
#7459 = CARTESIAN_POINT ( 'NONE',  ( -3.469446951953614200E-015, -2.735438768656219200E-015, -12.68629150101520300 ) ) ;
#7460 = VECTOR ( 'NONE', #1412, 1000.000000000000000 ) ;
#7461 = DIRECTION ( 'NONE',  ( 0.5000000000000297500, -0.5000000000000297500, -0.7071067811865053800 ) ) ;
#7462 = DIRECTION ( 'NONE',  ( 2.914001035115545500E-015, -0.0000000000000000000, -1.000000000000000000 ) ) ;
#7463 = PLANE ( 'NONE',  #5977 ) ;
#7464 = AXIS2_PLACEMENT_3D ( 'NONE', #93, #3689, #6584 ) ;
#7465 = ORIENTED_EDGE ( 'NONE', *, *, #4204, .F. ) ;
#7466 = CARTESIAN_POINT ( 'NONE',  ( 33.43189123190269600, -6.568108768097231700, -0.1249999999997850300 ) ) ;
#7467 = ORIENTED_EDGE ( 'NONE', *, *, #600, .F. ) ;
#7468 = ADVANCED_FACE ( 'NONE', ( #4497 ), #3552, .F. ) ;
#7469 = DIRECTION ( 'NONE',  ( 7.666467083416826000E-018, 0.7071067811865526800, 0.7071067811865424700 ) ) ;
#7470 = LINE ( 'NONE', #6123, #1973 ) ;
#7471 = ORIENTED_EDGE ( 'NONE', *, *, #2112, .T. ) ;
#7472 = CIRCLE ( 'NONE', #1175, 2.150000000000002600 ) ;
#7473 = CIRCLE ( 'NONE', #1182, 2.149999999999960800 ) ;
#7474 = CARTESIAN_POINT ( 'NONE',  ( 4.499999999999976900, 16.00000000000000000, -0.1249999999999825100 ) ) ;
#7475 = AXIS2_PLACEMENT_3D ( 'NONE', #5615, #6686, #5021 ) ;
#7476 = CARTESIAN_POINT ( 'NONE',  ( 35.99999999999996400, -2.025000000000001700, -0.1249999999997806900 ) ) ;
#7477 = FACE_OUTER_BOUND ( 'NONE', #1917, .T. ) ;
#7478 = ORIENTED_EDGE ( 'NONE', *, *, #6717, .T. ) ;
#7479 = DIRECTION ( 'NONE',  ( 0.0000000000000000000, 0.0000000000000000000, 1.000000000000000000 ) ) ;
#7480 = LINE ( 'NONE', #6823, #117 ) ;
#7481 = FACE_OUTER_BOUND ( 'NONE', #5859, .T. ) ;
#7482 = DIRECTION ( 'NONE',  ( 1.000000000000000000, -0.0000000000000000000, 8.360113137237629900E-017 ) ) ;
#7483 = VERTEX_POINT ( 'NONE', #7189 ) ;
#7484 = DIRECTION ( 'NONE',  ( -0.7071067811865283700, 0.5000000000000086600, -0.5000000000000185400 ) ) ;
#7485 = DIRECTION ( 'NONE',  ( 2.914001035115545500E-015, -0.0000000000000000000, -1.000000000000000000 ) ) ;
#7486 = AXIS2_PLACEMENT_3D ( 'NONE', #2278, #5884, #4674 ) ;
#7487 = DIRECTION ( 'NONE',  ( -1.000000000000000000, 0.0000000000000000000, 0.0000000000000000000 ) ) ;
#7488 = VECTOR ( 'NONE', #3386, 1000.000000000000000 ) ;
#7489 = VERTEX_POINT ( 'NONE', #696 ) ;
#7490 = CARTESIAN_POINT ( 'NONE',  ( 0.1249999999999921500, 6.568108768097276100, -14.56810876809722200 ) ) ;
#7491 = CARTESIAN_POINT ( 'NONE',  ( 14.08282739385865900, -7.053390142335814500, 1.504872615409880200E-013 ) ) ;
#7492 = EDGE_CURVE ( 'NONE', #3657, #198, #7433, .T. ) ;
#7493 = CARTESIAN_POINT ( 'NONE',  ( 2.375000000000007500, -6.938893903907228400E-015, -38.02499999999996300 ) ) ;
#7494 = AXIS2_PLACEMENT_3D ( 'NONE', #1856, #694, #6650 ) ;
#7495 = CIRCLE ( 'NONE', #2866, 2.150000000000027000 ) ;
#7496 = ORIENTED_EDGE ( 'NONE', *, *, #2295, .F. ) ;
#7497 = ORIENTED_EDGE ( 'NONE', *, *, #428, .F. ) ;
#7498 = DIRECTION ( 'NONE',  ( 1.000000000000000000, 0.0000000000000000000, 0.0000000000000000000 ) ) ;
#7499 = DIRECTION ( 'NONE',  ( 0.7071067811865401300, 0.7071067811865549000, 0.0000000000000000000 ) ) ;
#7500 = ADVANCED_FACE ( 'NONE', ( #7242 ), #5701, .F. ) ;
#7501 = ORIENTED_EDGE ( 'NONE', *, *, #5154, .T. ) ;
#7502 = FACE_OUTER_BOUND ( 'NONE', #5183, .T. ) ;
#7503 = ORIENTED_EDGE ( 'NONE', *, *, #6574, .T. ) ;
#7504 = EDGE_LOOP ( 'NONE', ( #810, #1625, #2113, #3747, #2956 ) ) ;
#7505 = DIRECTION ( 'NONE',  ( 0.0000000000000000000, 1.000000000000000000, 5.055354680658670800E-015 ) ) ;
#7506 = AXIS2_PLACEMENT_3D ( 'NONE', #6416, #1578, #5760 ) ;
#7507 = DIRECTION ( 'NONE',  ( -1.084202172485505400E-017, 6.319193350823370000E-016, -1.000000000000000000 ) ) ;
#7508 = ORIENTED_EDGE ( 'NONE', *, *, #1836, .F. ) ;
#7509 = DIRECTION ( 'NONE',  ( -0.7071067811865389100, 0.0000000000000000000, -0.7071067811865561200 ) ) ;
#7510 = ORIENTED_EDGE ( 'NONE', *, *, #7075, .T. ) ;
#7511 = EDGE_CURVE ( 'NONE', #3756, #1055, #3931, .T. ) ;
#7512 = EDGE_CURVE ( 'NONE', #44, #3370, #369, .T. ) ;
#7513 = DIRECTION ( 'NONE',  ( 1.000000000000000000, 0.0000000000000000000, 0.0000000000000000000 ) ) ;
#7514 = VECTOR ( 'NONE', #7630, 1000.000000000000100 ) ;
#7515 = DIRECTION ( 'NONE',  ( 1.000000000000000000, 0.0000000000000000000, 2.775557561562893700E-015 ) ) ;
#7516 = ORIENTED_EDGE ( 'NONE', *, *, #166, .T. ) ;
#7517 = VERTEX_POINT ( 'NONE', #670 ) ;
#7518 = FACE_BOUND ( 'NONE', #3169, .T. ) ;
#7519 = CARTESIAN_POINT ( 'NONE',  ( 4.499999999999984900, 15.87499999999999300, -2.499999999999975100 ) ) ;
#7520 = CYLINDRICAL_SURFACE ( 'NONE', #5269, 2.025000000000002600 ) ;
#7521 = CARTESIAN_POINT ( 'NONE',  ( 32.48528137423853900, 8.485281374238566000, 9.580006638012640400E-014 ) ) ;
#7522 = EDGE_LOOP ( 'NONE', ( #5131, #954, #6897, #1765 ) ) ;
#7523 = ORIENTED_EDGE ( 'NONE', *, *, #3194, .F. ) ;
#7524 = DIRECTION ( 'NONE',  ( 0.0000000000000000000, 0.0000000000000000000, -1.000000000000000000 ) ) ;
#7525 = LINE ( 'NONE', #4176, #1401 ) ;
#7526 = AXIS2_PLACEMENT_3D ( 'NONE', #5682, #262, #4491 ) ;
#7527 = LINE ( 'NONE', #3049, #4320 ) ;
#7528 = PLANE ( 'NONE',  #736 ) ;
#7529 = EDGE_LOOP ( 'NONE', ( #3541, #7311, #3664, #3272 ) ) ;
#7530 = DIRECTION ( 'NONE',  ( 2.949029909160574800E-015, 0.0000000000000000000, -1.000000000000000000 ) ) ;
#7531 = DIRECTION ( 'NONE',  ( -1.000000000000000000, 0.0000000000000000000, 0.0000000000000000000 ) ) ;
#7532 = ORIENTED_EDGE ( 'NONE', *, *, #2625, .T. ) ;
#7533 = VECTOR ( 'NONE', #5113, 1000.000000000000100 ) ;
#7534 = EDGE_CURVE ( 'NONE', #3606, #1515, #6693, .T. ) ;
#7535 = ADVANCED_FACE ( 'NONE', ( #4124 ), #4910, .T. ) ;
#7536 = EDGE_CURVE ( 'NONE', #788, #5896, #2327, .T. ) ;
#7537 = LINE ( 'NONE', #6708, #2343 ) ;
#7538 = AXIS2_PLACEMENT_3D ( 'NONE', #313, #1442, #7407 ) ;
#7539 = CARTESIAN_POINT ( 'NONE',  ( 21.97499999999991600, 1.110914191074738400E-013, -2.374999999999913000 ) ) ;
#7540 = ORIENTED_EDGE ( 'NONE', *, *, #2841, .F. ) ;
#7541 = ORIENTED_EDGE ( 'NONE', *, *, #1793, .T. ) ;
#7542 = LINE ( 'NONE', #5843, #6266 ) ;
#7543 = DIRECTION ( 'NONE',  ( -2.775557561562893700E-015, -0.0000000000000000000, 1.000000000000000000 ) ) ;
#7544 = LINE ( 'NONE', #7692, #7176 ) ;
#7545 = LINE ( 'NONE', #914, #6364 ) ;
#7546 = ORIENTED_EDGE ( 'NONE', *, *, #3656, .F. ) ;
#7547 = ORIENTED_EDGE ( 'NONE', *, *, #1894, .T. ) ;
#7548 = EDGE_CURVE ( 'NONE', #5826, #4423, #4770, .T. ) ;
#7549 = DIRECTION ( 'NONE',  ( -1.000000000000000000, 0.0000000000000000000, 0.0000000000000000000 ) ) ;
#7550 = DIRECTION ( 'NONE',  ( -1.638444599689715200E-015, -0.7071067811865645600, 0.7071067811865304800 ) ) ;
#7551 = FACE_BOUND ( 'NONE', #5363, .T. ) ;
#7552 = CARTESIAN_POINT ( 'NONE',  ( 21.97499999999997300, 11.31370849898476100, -2.374999999999907200 ) ) ;
#7553 = ORIENTED_EDGE ( 'NONE', *, *, #4242, .T. ) ;
#7554 = CARTESIAN_POINT ( 'NONE',  ( 15.99999999999997000, -8.000000000000000000, -0.1249999999998404600 ) ) ;
#7555 = EDGE_CURVE ( 'NONE', #4966, #5907, #4857, .T. ) ;
#7556 = PLANE ( 'NONE',  #6450 ) ;
#7557 = CARTESIAN_POINT ( 'NONE',  ( 2.374999999999998200, -2.024999999999955900, 3.171646442570820400E-015 ) ) ;
#7558 = DIRECTION ( 'NONE',  ( -1.000000000000000000, 0.0000000000000000000, 0.0000000000000000000 ) ) ;
#7559 = AXIS2_PLACEMENT_3D ( 'NONE', #2623, #7265, #2598 ) ;
#7560 = LINE ( 'NONE', #5301, #210 ) ;
#7561 = CARTESIAN_POINT ( 'NONE',  ( 29.97499999999996200, 8.000000000000007100, -0.1249999999997819400 ) ) ;
#7562 = ORIENTED_EDGE ( 'NONE', *, *, #3828, .T. ) ;
#7563 = LINE ( 'NONE', #2020, #2746 ) ;
#7564 = EDGE_CURVE ( 'NONE', #5890, #7324, #2601, .T. ) ;
#7565 = ORIENTED_EDGE ( 'NONE', *, *, #4155, .T. ) ;
#7566 = DIRECTION ( 'NONE',  ( -1.000000000000000000, 0.0000000000000000000, -2.823968449264525500E-015 ) ) ;
#7567 = LINE ( 'NONE', #6657, #3691 ) ;
#7568 = LINE ( 'NONE', #422, #1252 ) ;
#7569 = DIRECTION ( 'NONE',  ( 0.0000000000000000000, 0.0000000000000000000, 1.000000000000000000 ) ) ;
#7570 = CARTESIAN_POINT ( 'NONE',  ( -4.336808689942017700E-016, -15.87499999999999300, -4.499999999999974200 ) ) ;
#7571 = FACE_OUTER_BOUND ( 'NONE', #1686, .T. ) ;
#7572 = EDGE_LOOP ( 'NONE', ( #3298, #1590, #1561, #324 ) ) ;
#7573 = ORIENTED_EDGE ( 'NONE', *, *, #1672, .F. ) ;
#7574 = AXIS2_PLACEMENT_3D ( 'NONE', #6979, #4592, #4046 ) ;
#7575 = CARTESIAN_POINT ( 'NONE',  ( -2.168404344971008900E-015, -1.315656055641420400E-013, -26.02500000000002300 ) ) ;
#7576 = ADVANCED_FACE ( 'NONE', ( #4025 ), #6732, .F. ) ;
#7577 = VECTOR ( 'NONE', #3094, 1000.000000000000000 ) ;
#7578 = ORIENTED_EDGE ( 'NONE', *, *, #6751, .T. ) ;
#7579 = ORIENTED_EDGE ( 'NONE', *, *, #7204, .T. ) ;
#7580 = DIRECTION ( 'NONE',  ( -2.434699615406047700E-016, 0.0000000000000000000, 1.000000000000000000 ) ) ;
#7581 = DIRECTION ( 'NONE',  ( 1.000000000000000000, -0.0000000000000000000, 8.360113137237629900E-017 ) ) ;
#7582 = VECTOR ( 'NONE', #1581, 1000.000000000000000 ) ;
#7583 = CARTESIAN_POINT ( 'NONE',  ( 0.1250000000000261500, 2.025000000000001700, -35.99999999999996400 ) ) ;
#7584 = DIRECTION ( 'NONE',  ( 1.000000000000000000, -0.0000000000000000000, -1.084202172485505400E-017 ) ) ;
#7585 = VERTEX_POINT ( 'NONE', #2544 ) ;
#7586 = VERTEX_POINT ( 'NONE', #7264 ) ;
#7587 = AXIS2_PLACEMENT_3D ( 'NONE', #4323, #4937, #5527 ) ;
#7588 = DIRECTION ( 'NONE',  ( -1.000000000000000000, -0.0000000000000000000, -0.0000000000000000000 ) ) ;
#7589 = VERTEX_POINT ( 'NONE', #748 ) ;
#7590 = LINE ( 'NONE', #618, #2863 ) ;
#7591 = ORIENTED_EDGE ( 'NONE', *, *, #6903, .F. ) ;
#7592 = ORIENTED_EDGE ( 'NONE', *, *, #109, .F. ) ;
#7593 = DIRECTION ( 'NONE',  ( -0.0000000000000000000, -0.0000000000000000000, -1.000000000000000000 ) ) ;
#7594 = DIRECTION ( 'NONE',  ( 0.7071067811865506800, 0.7071067811865443500, 2.085279046689399700E-015 ) ) ;
#7595 = EDGE_CURVE ( 'NONE', #2859, #192, #5497, .T. ) ;
#7596 = CARTESIAN_POINT ( 'NONE',  ( 23.99999999999997500, 11.99999999999999300, -0.1249999999998114000 ) ) ;
#7597 = AXIS2_PLACEMENT_3D ( 'NONE', #5452, #1837, #1216 ) ;
#7598 = EDGE_CURVE ( 'NONE', #7308, #3009, #2695, .T. ) ;
#7599 = ORIENTED_EDGE ( 'NONE', *, *, #979, .F. ) ;
#7600 = VECTOR ( 'NONE', #4884, 1000.000000000000000 ) ;
#7601 = ORIENTED_EDGE ( 'NONE', *, *, #4997, .F. ) ;
#7602 = DIRECTION ( 'NONE',  ( 1.000000000000000000, 0.0000000000000000000, 2.775557561562893700E-015 ) ) ;
#7603 = EDGE_CURVE ( 'NONE', #5064, #2017, #5318, .T. ) ;
#7604 = CARTESIAN_POINT ( 'NONE',  ( 23.99999999999997200, 11.31370849898476100, -2.499999999999921000 ) ) ;
#7605 = AXIS2_PLACEMENT_3D ( 'NONE', #466, #7530, #2240 ) ;
#7606 = VECTOR ( 'NONE', #157, 1000.000000000000100 ) ;
#7607 = ORIENTED_EDGE ( 'NONE', *, *, #997, .F. ) ;
#7608 = ORIENTED_EDGE ( 'NONE', *, *, #5095, .F. ) ;
#7609 = DIRECTION ( 'NONE',  ( -0.0000000000000000000, -0.0000000000000000000, -1.000000000000000000 ) ) ;
#7610 = CARTESIAN_POINT ( 'NONE',  ( -2.368981746880824700E-016, -11.99999999999999300, -21.84999999999996200 ) ) ;
#7611 = CARTESIAN_POINT ( 'NONE',  ( 32.48528137423853200, -8.485281374238571300, 9.580006638012637900E-014 ) ) ;
#7612 = VECTOR ( 'NONE', #5120, 1000.000000000000000 ) ;
#7613 = CARTESIAN_POINT ( 'NONE',  ( 2.374999999999981800, -9.917172606141342300, -31.05339014233576800 ) ) ;
#7614 = CIRCLE ( 'NONE', #300, 2.149999999999886200 ) ;
#7615 = ADVANCED_FACE ( 'NONE', ( #2795 ), #6971, .F. ) ;
#7616 = EDGE_CURVE ( 'NONE', #5912, #4387, #6876, .T. ) ;
#7617 = ORIENTED_EDGE ( 'NONE', *, *, #4862, .T. ) ;
#7618 = EDGE_CURVE ( 'NONE', #28, #4591, #455, .T. ) ;
#7619 = CARTESIAN_POINT ( 'NONE',  ( 0.1249999999999998300, -11.99999999999999300, -23.99999999999996100 ) ) ;
#7620 = ORIENTED_EDGE ( 'NONE', *, *, #576, .T. ) ;
#7621 = DIRECTION ( 'NONE',  ( -0.7071067811865455700, -0.7071067811865493500, -2.085279046689384700E-015 ) ) ;
#7622 = LINE ( 'NONE', #1326, #7714 ) ;
#7623 = DIRECTION ( 'NONE',  ( -1.000000000000000000, 0.0000000000000000000, -2.786484953537548300E-015 ) ) ;
#7624 = AXIS2_PLACEMENT_3D ( 'NONE', #4860, #6126, #6707 ) ;
#7625 = DIRECTION ( 'NONE',  ( -1.000000000000000000, 0.0000000000000000000, -2.914001035115550200E-015 ) ) ;
#7626 = LINE ( 'NONE', #2953, #2892 ) ;
#7627 = VERTEX_POINT ( 'NONE', #2568 ) ;
#7628 = ORIENTED_EDGE ( 'NONE', *, *, #5009, .F. ) ;
#7629 = FACE_OUTER_BOUND ( 'NONE', #5728, .T. ) ;
#7630 = DIRECTION ( 'NONE',  ( 1.839952100020056900E-016, 0.7071067811865451300, -0.7071067811865500200 ) ) ;
#7631 = DIRECTION ( 'NONE',  ( 0.7071067811865302500, 0.0000000000000000000, -0.7071067811865646700 ) ) ;
#7632 = LINE ( 'NONE', #7539, #182 ) ;
#7633 = ORIENTED_EDGE ( 'NONE', *, *, #5507, .F. ) ;
#7634 = DIRECTION ( 'NONE',  ( 1.000000000000000000, -0.0000000000000000000, -0.0000000000000000000 ) ) ;
#7635 = AXIS2_PLACEMENT_3D ( 'NONE', #6980, #4051, #4622 ) ;
#7636 = ORIENTED_EDGE ( 'NONE', *, *, #5579, .F. ) ;
#7637 = CYLINDRICAL_SURFACE ( 'NONE', #4198, 6.999999999999999100 ) ;
#7638 = CARTESIAN_POINT ( 'NONE',  ( 13.36471862576145900, 8.485281374238567800, -2.499999999999944900 ) ) ;
#7639 = PLANE ( 'NONE',  #1482 ) ;
#7640 = LINE ( 'NONE', #3140, #2722 ) ;
#7641 = DIRECTION ( 'NONE',  ( 1.084202172485506000E-017, 1.613696256722614700E-015, 1.000000000000000000 ) ) ;
#7642 = ORIENTED_EDGE ( 'NONE', *, *, #3495, .T. ) ;
#7643 = CARTESIAN_POINT ( 'NONE',  ( 12.68629150101520300, -2.735438768656219200E-015, 1.461504528510460000E-013 ) ) ;
#7644 = ORIENTED_EDGE ( 'NONE', *, *, #5190, .F. ) ;
#7645 = EDGE_CURVE ( 'NONE', #860, #3228, #1291, .T. ) ;
#7646 = DIRECTION ( 'NONE',  ( 1.000000000000000000, 0.0000000000000000000, 0.0000000000000000000 ) ) ;
#7647 = AXIS2_PLACEMENT_3D ( 'NONE', #5090, #3261, #7443 ) ;
#7648 = CARTESIAN_POINT ( 'NONE',  ( 2.499999999999997800, 6.479720420448914300, -33.52027957955106500 ) ) ;
#7649 = VECTOR ( 'NONE', #4920, 1000.000000000000000 ) ;
#7650 = DIRECTION ( 'NONE',  ( 8.360113137237629900E-017, 0.0000000000000000000, -1.000000000000000000 ) ) ;
#7651 = VERTEX_POINT ( 'NONE', #3163 ) ;
#7652 = DIRECTION ( 'NONE',  ( -1.000000000000000000, 0.0000000000000000000, -2.602085213965212600E-016 ) ) ;
#7653 = ORIENTED_EDGE ( 'NONE', *, *, #6002, .F. ) ;
#7654 = CYLINDRICAL_SURFACE ( 'NONE', #2585, 6.999999999999999100 ) ;
#7655 = AXIS2_PLACEMENT_3D ( 'NONE', #6716, #6156, #5555 ) ;
#7656 = CARTESIAN_POINT ( 'NONE',  ( -1.301042606982605300E-015, -7.053390142335812700, -33.91717260614129300 ) ) ;
#7657 = ORIENTED_EDGE ( 'NONE', *, *, #584, .T. ) ;
#7658 = ORIENTED_EDGE ( 'NONE', *, *, #4928, .F. ) ;
#7659 = ADVANCED_FACE ( 'NONE', ( #6242 ), #1201, .F. ) ;
#7660 = ORIENTED_EDGE ( 'NONE', *, *, #6220, .F. ) ;
#7661 = VECTOR ( 'NONE', #919, 1000.000000000000000 ) ;
#7662 = CARTESIAN_POINT ( 'NONE',  ( 13.48971862576146000, 8.485281374238567800, -2.374999999999948900 ) ) ;
#7663 = CIRCLE ( 'NONE', #1783, 15.87500000000000000 ) ;
#7664 = CIRCLE ( 'NONE', #7009, 2.025000000000002600 ) ;
#7665 = EDGE_CURVE ( 'NONE', #5206, #5768, #1015, .T. ) ;
#7666 = VERTEX_POINT ( 'NONE', #4985 ) ;
#7667 = DIRECTION ( 'NONE',  ( -2.775557561562893700E-015, -0.0000000000000000000, 1.000000000000000000 ) ) ;
#7668 = EDGE_CURVE ( 'NONE', #6271, #6492, #5041, .T. ) ;
#7669 = CARTESIAN_POINT ( 'NONE',  ( -1.301042606982605300E-015, -2.025000000000001700, -35.99999999999996400 ) ) ;
#7670 = CARTESIAN_POINT ( 'NONE',  ( 23.99999999999997500, 16.00000000000000000, -2.374999999999921000 ) ) ;
#7671 = CONICAL_SURFACE ( 'NONE', #2926, 16.00000000000000400, 0.7853981633974760300 ) ;
#7672 = FACE_OUTER_BOUND ( 'NONE', #1356, .T. ) ;
#7673 = ORIENTED_EDGE ( 'NONE', *, *, #7410, .F. ) ;
#7674 = VERTEX_POINT ( 'NONE', #2597 ) ;
#7675 = DIRECTION ( 'NONE',  ( -2.017120320903271300E-016, 0.0000000000000000000, 1.000000000000000000 ) ) ;
#7676 = DIRECTION ( 'NONE',  ( 0.0000000000000000000, 0.0000000000000000000, 1.000000000000000000 ) ) ;
#7677 = PLANE ( 'NONE',  #4875 ) ;
#7678 = DIRECTION ( 'NONE',  ( -1.000000000000000000, 0.0000000000000000000, -2.602085213965212600E-016 ) ) ;
#7679 = LINE ( 'NONE', #1278, #6120 ) ;
#7680 = VERTEX_POINT ( 'NONE', #3236 ) ;
#7681 = EDGE_LOOP ( 'NONE', ( #6192, #7467, #5016, #607 ) ) ;
#7682 = AXIS2_PLACEMENT_3D ( 'NONE', #4701, #1081, #2987 ) ;
#7683 = DIRECTION ( 'NONE',  ( 0.0000000000000000000, -1.713307136767223700E-015, 1.000000000000000000 ) ) ;
#7684 = CARTESIAN_POINT ( 'NONE',  ( 2.374999999999988500, -11.99999999999999300, -26.02499999999996300 ) ) ;
#7685 = VECTOR ( 'NONE', #6272, 1000.000000000000100 ) ;
#7686 = ORIENTED_EDGE ( 'NONE', *, *, #3004, .F. ) ;
#7687 = EDGE_CURVE ( 'NONE', #3502, #5699, #3452, .T. ) ;
#7688 = CARTESIAN_POINT ( 'NONE',  ( 4.499999999999990200, -16.00000000000000000, -4.499999999999974200 ) ) ;
#7689 = CARTESIAN_POINT ( 'NONE',  ( 14.56810876809722200, 6.568108768097276100, -0.1249999999998298900 ) ) ;
#7690 = EDGE_CURVE ( 'NONE', #4178, #3521, #4488, .T. ) ;
#7691 = DIRECTION ( 'NONE',  ( 0.7071067811865455700, -0.7071067811865493500, 1.962615573354715000E-015 ) ) ;
#7692 = CARTESIAN_POINT ( 'NONE',  ( 2.499999999999990700, 21.52027957955099400, -5.520279579550953400 ) ) ;
#7693 = ORIENTED_EDGE ( 'NONE', *, *, #5952, .F. ) ;
#7694 = AXIS2_PLACEMENT_3D ( 'NONE', #4818, #1996, #6563 ) ;
#7695 = DIRECTION ( 'NONE',  ( -1.000000000000000000, 0.0000000000000000000, 0.0000000000000000000 ) ) ;
#7696 = FACE_OUTER_BOUND ( 'NONE', #6862, .T. ) ;
#7697 = ORIENTED_EDGE ( 'NONE', *, *, #641, .T. ) ;
#7698 = ORIENTED_EDGE ( 'NONE', *, *, #5043, .T. ) ;
#7699 = CARTESIAN_POINT ( 'NONE',  ( 16.94660985766413600, 9.917172606141285500, -2.374999999999944900 ) ) ;
#7700 = ADVANCED_FACE ( 'NONE', ( #259 ), #3948, .T. ) ;
#7701 = CARTESIAN_POINT ( 'NONE',  ( 9.974999999999973000, 5.469317744930408200E-015, 1.380811964099660000E-013 ) ) ;
#7702 = ORIENTED_EDGE ( 'NONE', *, *, #7196, .T. ) ;
#7703 = VECTOR ( 'NONE', #5028, 1000.000000000000100 ) ;
#7704 = VERTEX_POINT ( 'NONE', #3316 ) ;
#7705 = CARTESIAN_POINT ( 'NONE',  ( 2.499999999999990700, -15.87499999999999300, -4.499999999999975100 ) ) ;
#7706 = EDGE_CURVE ( 'NONE', #1879, #7099, #7328, .T. ) ;
#7707 = DIRECTION ( 'NONE',  ( -1.000000000000000000, 0.0000000000000000000, 0.0000000000000000000 ) ) ;
#7708 = EDGE_CURVE ( 'NONE', #7651, #4401, #5409, .T. ) ;
#7709 = VECTOR ( 'NONE', #2837, 1000.000000000000000 ) ;
#7710 = CARTESIAN_POINT ( 'NONE',  ( 17.43189123190273500, -9.431891231902760400, -2.374999999999936100 ) ) ;
#7711 = EDGE_LOOP ( 'NONE', ( #6050, #4478, #7497, #5308 ) ) ;
#7712 = ORIENTED_EDGE ( 'NONE', *, *, #4545, .T. ) ;
#7713 = CARTESIAN_POINT ( 'NONE',  ( -3.522061263975235100E-016, 8.485281374238566000, -32.48528137423853900 ) ) ;
#7714 = VECTOR ( 'NONE', #4858, 1000.000000000000000 ) ;
#7715 = AXIS2_PLACEMENT_3D ( 'NONE', #1481, #5740, #385 ) ;
#7716 = FACE_OUTER_BOUND ( 'NONE', #5763, .T. ) ;
#7717 = DIRECTION ( 'NONE',  ( 0.0000000000000000000, 0.0000000000000000000, 1.000000000000000000 ) ) ;
#7719 = ORIENTED_EDGE ( 'NONE', *, *, #5084, .T. ) ;
#7718 = DIRECTION ( 'NONE',  ( 0.0000000000000000000, 0.7071067811865672200, 0.7071067811865279200 ) ) ;
#7720 = EDGE_LOOP ( 'NONE', ( #3715, #5433, #6075, #6195 ) ) ;
#7721 = DIRECTION ( 'NONE',  ( 0.0000000000000000000, 0.0000000000000000000, 1.000000000000000000 ) ) ;
#7722 = CONICAL_SURFACE ( 'NONE', #4093, 2.024999999999999000, 0.7853981633974673700 ) ;
#7723 = FACE_BOUND ( 'NONE', #710, .T. ) ;
#7724 = ORIENTED_EDGE ( 'NONE', *, *, #7536, .F. ) ;
#7725 = ORIENTED_EDGE ( 'NONE', *, *, #2138, .F. ) ;
#7726 = DIRECTION ( 'NONE',  ( 1.000000000000000000, 0.0000000000000000000, 0.0000000000000000000 ) ) ;
#7727 = VECTOR ( 'NONE', #4469, 1000.000000000000100 ) ;
#7728 = AXIS2_PLACEMENT_3D ( 'NONE', #3888, #292, #7441 ) ;
ENDSEC;
END-ISO-10303-21;
