ISO-10303-21;
HEADER;
FILE_DESCRIPTION (( 'STEP AP203' ),
    '1' );
FILE_NAME ('3600-0006-3212 Assembly.STEP',
    '2023-01-04T21:25:08',
    ( '' ),
    ( '' ),
    'SwSTEP 2.0',
    'SolidWorks 2016',
    '' );
FILE_SCHEMA (( 'CONFIG_CONTROL_DESIGN' ));
ENDSEC;

DATA;
#1 = FACE_BOUND ( 'NONE', #785, .T. ) ;
#2 = CARTESIAN_POINT ( 'NONE',  ( 0.0000000000000000000, 0.2540000000000000000, 0.0000000000000000000 ) ) ;
#3 = VERTEX_POINT ( 'NONE', #2583 ) ;
#4 = TOROIDAL_SURFACE ( 'NONE', #988, 5.344789755157235000, 0.2540000000000000000 ) ;
#5 = DIRECTION ( 'NONE',  ( 0.0000000000000000000, -1.000000000000000000, 0.0000000000000000000 ) ) ;
#6 = DIRECTION ( 'NONE',  ( 8.659560562354961200E-017, 0.7071067811865451300, -0.7071067811865499000 ) ) ;
#7 = EDGE_LOOP ( 'NONE', ( #3039, #306, #2931, #3066 ) ) ;
#8 = ORIENTED_EDGE ( 'NONE', *, *, #1179, .T. ) ;
#9 = CIRCLE ( 'NONE', #1457, 4.425000000000000700 ) ;
#10 = DIRECTION ( 'NONE',  ( 0.0000000000000000000, 0.0000000000000000000, 1.000000000000000000 ) ) ;
#11 = EDGE_CURVE ( 'NONE', #57, #3020, #730, .T. ) ;
#12 = AXIS2_PLACEMENT_3D ( 'NONE', #2309, #610, #1072 ) ;
#13 = AXIS2_PLACEMENT_3D ( 'NONE', #1866, #1385, #637 ) ;
#14 = DIRECTION ( 'NONE',  ( 0.0000000000000000000, 0.0000000000000000000, 1.000000000000000000 ) ) ;
#15 = LOCAL_TIME ( 15, 25, 8.000000000000000000, #1061 ) ;
#16 = CARTESIAN_POINT ( 'NONE',  ( 0.0000000000000000000, 0.0000000000000000000, 0.0000000000000000000 ) ) ;
#17 = ORIENTED_EDGE ( 'NONE', *, *, #1104, .T. ) ;
#18 = VERTEX_POINT ( 'NONE', #1124 ) ;
#19 = EDGE_CURVE ( 'NONE', #177, #2255, #1923, .T. ) ;
#20 = ORIENTED_EDGE ( 'NONE', *, *, #866, .T. ) ;
#21 = DIRECTION ( 'NONE',  ( -0.0000000000000000000, -0.0000000000000000000, -1.000000000000000000 ) ) ;
#22 = ORIENTED_EDGE ( 'NONE', *, *, #402, .F. ) ;
#23 = AXIS2_PLACEMENT_3D ( 'NONE', #3112, #2898, #1436 ) ;
#24 = ORIENTED_EDGE ( 'NONE', *, *, #1179, .F. ) ;
#25 = CARTESIAN_POINT ( 'NONE',  ( 0.0000000000000000000, 4.522199999999998000, 0.0000000000000000000 ) ) ;
#26 = VERTEX_POINT ( 'NONE', #1379 ) ;
#27 = LINE ( 'NONE', #3009, #2951 ) ;
#28 = DIRECTION ( 'NONE',  ( 0.0000000000000000000, -0.0000000000000000000, 1.000000000000000000 ) ) ;
#29 = AXIS2_PLACEMENT_3D ( 'NONE', #1359, #620, #1336 ) ;
#30 = DIRECTION ( 'NONE',  ( -0.0000000000000000000, 1.000000000000000000, -0.0000000000000000000 ) ) ;
#31 = ORIENTED_EDGE ( 'NONE', *, *, #1652, .F. ) ;
#32 = LINE ( 'NONE', #683, #2688 ) ;
#33 = CIRCLE ( 'NONE', #1142, 7.000000000000000000 ) ;
#34 = AXIS2_PLACEMENT_3D ( 'NONE', #1984, #510, #1519 ) ;
#35 = FACE_OUTER_BOUND ( 'NONE', #319, .T. ) ;
#36 = CLOSED_SHELL ( 'NONE', ( #688, #2775, #2856, #393, #568, #1799, #2982, #2796, #356, #1366, #2551, #1771, #1586, #3083, #1593, #2016, #1337, #1846, #2064, #632, #1825, #2511, #2338, #909, #1081, #3098, #1574, #1570, #2731, #848, #374, #1547, #597, #1663, #2526, #1331, #194, #2800, #792, #414, #2243, #1605, #1090, #1868, #1350, #1830, #1564, #1841, #1828, #2312, #1088, #3012, #378, #2747, #2593, #2570, #2072, #1139, #1266, #2614, #313, #626, #2032, #1372, #154, #2544 ) ) ;
#37 = DIRECTION ( 'NONE',  ( -0.0000000000000000000, 1.000000000000000000, -0.0000000000000000000 ) ) ;
#38 = CIRCLE ( 'NONE', #2922, 8.125000000000003600 ) ;
#39 = CC_DESIGN_DATE_AND_TIME_ASSIGNMENT ( #1756, #937, ( #355 ) ) ;
#40 = DIRECTION ( 'NONE',  ( -1.000000000000000000, 0.0000000000000000000, 0.0000000000000000000 ) ) ;
#41 = DIRECTION ( 'NONE',  ( 0.0000000000000000000, 0.0000000000000000000, 1.000000000000000000 ) ) ;
#42 = CYLINDRICAL_SURFACE ( 'NONE', #349, 4.501200000000001600 ) ;
#43 = EDGE_CURVE ( 'NONE', #1391, #758, #3059, .T. ) ;
#44 = EDGE_CURVE ( 'NONE', #2481, #2745, #2909, .T. ) ;
#45 = CARTESIAN_POINT ( 'NONE',  ( 0.0000000000000000000, 4.746000000000004000, 0.0000000000000000000 ) ) ;
#46 = AXIS2_PLACEMENT_3D ( 'NONE', #2832, #2793, #2819 ) ;
#47 = ORIENTED_EDGE ( 'NONE', *, *, #1873, .T. ) ;
#48 = DIRECTION ( 'NONE',  ( 0.0000000000000000000, 0.0000000000000000000, -1.000000000000000000 ) ) ;
#49 = DIRECTION ( 'NONE',  ( -0.0000000000000000000, -0.0000000000000000000, -1.000000000000000000 ) ) ;
#50 = DIRECTION ( 'NONE',  ( -0.0000000000000000000, -1.000000000000000000, -0.0000000000000000000 ) ) ;
#51 = CARTESIAN_POINT ( 'NONE',  ( 0.0000000000000000000, 3.500000000000000000, 0.0000000000000000000 ) ) ;
#52 = LINE ( 'NONE', #1108, #2034 ) ;
#53 = DIRECTION ( 'NONE',  ( 0.0000000000000000000, 1.000000000000000000, 0.0000000000000000000 ) ) ;
#54 = EDGE_LOOP ( 'NONE', ( #1127, #1801 ) ) ;
#55 = VERTEX_POINT ( 'NONE', #913 ) ;
#56 = DIRECTION ( 'NONE',  ( -0.0000000000000000000, 1.000000000000000000, -0.0000000000000000000 ) ) ;
#57 = VERTEX_POINT ( 'NONE', #409 ) ;
#58 = ORIENTED_EDGE ( 'NONE', *, *, #1252, .T. ) ;
#59 = EDGE_CURVE ( 'NONE', #2077, #767, #2181, .T. ) ;
#60 = DIRECTION ( 'NONE',  ( 0.0000000000000000000, 0.0000000000000000000, 1.000000000000000000 ) ) ;
#61 = VECTOR ( 'NONE', #2908, 1000.000000000000000 ) ;
#62 = AXIS2_PLACEMENT_3D ( 'NONE', #2504, #771, #2744 ) ;
#63 = CYLINDRICAL_SURFACE ( 'NONE', #2917, 7.000000000000000000 ) ;
#64 = DIRECTION ( 'NONE',  ( -0.0000000000000000000, -1.000000000000000000, -0.0000000000000000000 ) ) ;
#65 = ADVANCED_FACE ( 'NONE', ( #700 ), #1383, .F. ) ;
#66 = FACE_OUTER_BOUND ( 'NONE', #1067, .T. ) ;
#67 = CIRCLE ( 'NONE', #2185, 4.501200000000001600 ) ;
#68 = AXIS2_PLACEMENT_3D ( 'NONE', #1608, #2116, #1596 ) ;
#69 = CARTESIAN_POINT ( 'NONE',  ( 0.0000000000000000000, 0.0000000000000000000, 2.999999999999999100 ) ) ;
#70 = DIRECTION ( 'NONE',  ( -0.7071067811865474600, 0.0000000000000000000, -0.7071067811865474600 ) ) ;
#71 = EDGE_LOOP ( 'NONE', ( #2781, #3044, #2695, #1206 ) ) ;
#72 = ORIENTED_EDGE ( 'NONE', *, *, #1684, .F. ) ;
#73 = FACE_OUTER_BOUND ( 'NONE', #1813, .T. ) ;
#74 = DIRECTION ( 'NONE',  ( 0.0000000000000000000, 0.0000000000000000000, -1.000000000000000000 ) ) ;
#75 = EDGE_LOOP ( 'NONE', ( #2277, #2027, #2447, #2280 ) ) ;
#76 = CIRCLE ( 'NONE', #1278, 8.000000000000000000 ) ;
#77 = CARTESIAN_POINT ( 'NONE',  ( 0.0000000000000000000, 4.522199999999998000, 0.0000000000000000000 ) ) ;
#78 = ORIENTED_EDGE ( 'NONE', *, *, #303, .T. ) ;
#79 = CARTESIAN_POINT ( 'NONE',  ( 0.0000000000000000000, 0.0000000000000000000, -5.999999999999999100 ) ) ;
#80 = CARTESIAN_POINT ( 'NONE',  ( 0.0000000000000000000, 0.5587999999999999600, 0.0000000000000000000 ) ) ;
#81 = EDGE_CURVE ( 'NONE', #2352, #438, #1693, .T. ) ;
#82 = AXIS2_PLACEMENT_3D ( 'NONE', #1610, #2818, #1889 ) ;
#83 = CONTEXT_DEPENDENT_SHAPE_REPRESENTATION ( #1653, #2871 ) ;
#84 = CALENDAR_DATE ( 2023, 4, 1 ) ;
#85 = CARTESIAN_POINT ( 'NONE',  ( 0.0000000000000000000, 1.524000000000000000, 0.0000000000000000000 ) ) ;
#86 = AXIS2_PLACEMENT_3D ( 'NONE', #799, #2498, #810 ) ;
#87 = AXIS2_PLACEMENT_3D ( 'NONE', #2375, #1160, #1672 ) ;
#88 = DIRECTION ( 'NONE',  ( -0.0000000000000000000, -0.0000000000000000000, -1.000000000000000000 ) ) ;
#89 = FACE_OUTER_BOUND ( 'NONE', #1111, .T. ) ;
#90 = DIRECTION ( 'NONE',  ( 0.0000000000000000000, 0.0000000000000000000, 1.000000000000000000 ) ) ;
#91 = VERTEX_POINT ( 'NONE', #2792 ) ;
#92 = VERTEX_POINT ( 'NONE', #146 ) ;
#93 = ORIENTED_EDGE ( 'NONE', *, *, #2438, .F. ) ;
#94 = VERTEX_POINT ( 'NONE', #1625 ) ;
#95 = CC_DESIGN_SECURITY_CLASSIFICATION ( #3096, ( #3153 ) ) ;
#96 = DIRECTION ( 'NONE',  ( -0.0000000000000000000, -0.0000000000000000000, -1.000000000000000000 ) ) ;
#97 = EDGE_CURVE ( 'NONE', #2477, #1912, #1035, .T. ) ;
#98 = EDGE_LOOP ( 'NONE', ( #1311, #1305 ) ) ;
#99 = CIRCLE ( 'NONE', #169, 6.327000000000001700 ) ;
#100 = DIRECTION ( 'NONE',  ( -1.000000000000000000, 0.0000000000000000000, 0.0000000000000000000 ) ) ;
#101 = CARTESIAN_POINT ( 'NONE',  ( 0.0000000000000000000, 0.0000000000000000000, 0.0000000000000000000 ) ) ;
#102 = FACE_OUTER_BOUND ( 'NONE', #1140, .T. ) ;
#103 = EDGE_CURVE ( 'NONE', #915, #2183, #52, .T. ) ;
#104 = ORIENTED_EDGE ( 'NONE', *, *, #166, .T. ) ;
#105 = CIRCLE ( 'NONE', #1255, 0.1270000000000012500 ) ;
#106 = AXIS2_PLACEMENT_3D ( 'NONE', #454, #439, #1251 ) ;
#107 = ORIENTED_EDGE ( 'NONE', *, *, #1634, .T. ) ;
#108 = DIRECTION ( 'NONE',  ( 0.0000000000000000000, 0.0000000000000000000, 1.000000000000000000 ) ) ;
#109 = ORIENTED_EDGE ( 'NONE', *, *, #1652, .T. ) ;
#110 = CIRCLE ( 'NONE', #1717, 4.000000000000000000 ) ;
#111 = CARTESIAN_POINT ( 'NONE',  ( 0.0000000000000000000, 0.2540000000000042200, 0.0000000000000000000 ) ) ;
#112 = ORIENTED_EDGE ( 'NONE', *, *, #1920, .T. ) ;
#113 = DIRECTION ( 'NONE',  ( 0.0000000000000000000, 0.0000000000000000000, 1.000000000000000000 ) ) ;
#114 = FACE_OUTER_BOUND ( 'NONE', #616, .T. ) ;
#115 = CARTESIAN_POINT ( 'NONE',  ( 0.0000000000000000000, 0.0000000000000000000, 0.0000000000000000000 ) ) ;
#116 = CARTESIAN_POINT ( 'NONE',  ( 0.0000000000000000000, 0.0000000000000000000, 0.0000000000000000000 ) ) ;
#117 = DIRECTION ( 'NONE',  ( -0.0000000000000000000, 1.000000000000000000, -0.0000000000000000000 ) ) ;
#118 = EDGE_CURVE ( 'NONE', #268, #2499, #882, .T. ) ;
#119 = ORIENTED_EDGE ( 'NONE', *, *, #203, .F. ) ;
#120 = ADVANCED_FACE ( 'NONE', ( #390 ), #1463, .T. ) ;
#121 = CARTESIAN_POINT ( 'NONE',  ( 0.0000000000000000000, 1.524000000000000000, 0.0000000000000000000 ) ) ;
#122 = CARTESIAN_POINT ( 'NONE',  ( 0.0000000000000000000, 0.0000000000000000000, -3.254000000000003600 ) ) ;
#123 = AXIS2_PLACEMENT_3D ( 'NONE', #2506, #2984, #1786 ) ;
#124 = CARTESIAN_POINT ( 'NONE',  ( 0.0000000000000000000, 0.0000000000000000000, 5.874999999999997300 ) ) ;
#125 = ORIENTED_EDGE ( 'NONE', *, *, #1293, .F. ) ;
#126 = AXIS2_PLACEMENT_3D ( 'NONE', #2090, #2325, #2336 ) ;
#127 = DIRECTION ( 'NONE',  ( 0.0000000000000000000, -1.000000000000000000, 0.0000000000000000000 ) ) ;
#128 = CARTESIAN_POINT ( 'NONE',  ( 0.0000000000000000000, 1.524000000000000000, 0.0000000000000000000 ) ) ;
#129 = VERTEX_POINT ( 'NONE', #642 ) ;
#130 = EDGE_LOOP ( 'NONE', ( #2413, #2968, #477, #3107 ) ) ;
#131 = ORIENTED_EDGE ( 'NONE', *, *, #2756, .F. ) ;
#132 = CARTESIAN_POINT ( 'NONE',  ( 5.314967108299513500E-016, 5.000000000000000000, 4.254999999999999900 ) ) ;
#133 = FACE_OUTER_BOUND ( 'NONE', #2131, .T. ) ;
#134 = DIRECTION ( 'NONE',  ( 0.0000000000000000000, 0.0000000000000000000, 1.000000000000000000 ) ) ;
#135 = CC_DESIGN_PERSON_AND_ORGANIZATION_ASSIGNMENT ( #2938, #1375, ( #1674 ) ) ;
#136 = CARTESIAN_POINT ( 'NONE',  ( -6.956489951033573000E-016, 0.4844051224213814500, 5.680405122421381000 ) ) ;
#137 = ADVANCED_FACE ( 'NONE', ( #1535 ), #239, .T. ) ;
#138 = EDGE_CURVE ( 'NONE', #870, #2093, #2980, .T. ) ;
#139 = CIRCLE ( 'NONE', #566, 5.680405122421381800 ) ;
#140 = CALENDAR_DATE ( 2023, 4, 1 ) ;
#141 = PERSON_AND_ORGANIZATION_ROLE ( 'design_supplier' ) ;
#142 = DIRECTION ( 'NONE',  ( 0.0000000000000000000, -1.000000000000000000, 0.0000000000000000000 ) ) ;
#143 = ORIENTED_EDGE ( 'NONE', *, *, #3143, .T. ) ;
#144 = VECTOR ( 'NONE', #415, 1000.000000000000100 ) ;
#145 = SHAPE_DEFINITION_REPRESENTATION ( #2454, #2803 ) ;
#146 = CARTESIAN_POINT ( 'NONE',  ( 9.062386313690410400E-016, 5.000000000000000000, 7.299999999999993600 ) ) ;
#147 = VERTEX_POINT ( 'NONE', #200 ) ;
#148 = FACE_OUTER_BOUND ( 'NONE', #1978, .T. ) ;
#149 = AXIS2_PLACEMENT_3D ( 'NONE', #124, #1848, #1382 ) ;
#150 = LINE ( 'NONE', #2248, #2808 ) ;
#151 = APPLICATION_CONTEXT ( 'configuration controlled 3d designs of mechanical parts and assemblies' ) ;
#152 = ORIENTED_EDGE ( 'NONE', *, *, #2666, .T. ) ;
#153 = CARTESIAN_POINT ( 'NONE',  ( 0.0000000000000000000, 4.000000000000000000, -7.500000000000000000 ) ) ;
#154 = ADVANCED_FACE ( 'NONE', ( #613 ), #1191, .F. ) ;
#155 = DIRECTION ( 'NONE',  ( 0.0000000000000000000, -1.000000000000000000, 0.0000000000000000000 ) ) ;
#156 = DIRECTION ( 'NONE',  ( -0.0000000000000000000, 1.000000000000000000, -0.0000000000000000000 ) ) ;
#157 = CARTESIAN_POINT ( 'NONE',  ( 0.0000000000000000000, 4.522199999999998000, 0.0000000000000000000 ) ) ;
#158 = ADVANCED_FACE ( 'NONE', ( #804 ), #2250, .F. ) ;
#159 = EDGE_CURVE ( 'NONE', #671, #26, #2739, .T. ) ;
#160 = DIRECTION ( 'NONE',  ( 0.0000000000000000000, 0.0000000000000000000, 1.000000000000000000 ) ) ;
#161 = PERSON_AND_ORGANIZATION ( #821, #1956 ) ;
#162 = DIRECTION ( 'NONE',  ( -0.0000000000000000000, -1.000000000000000000, -0.0000000000000000000 ) ) ;
#163 = COORDINATED_UNIVERSAL_TIME_OFFSET ( 6, 0, .BEHIND. ) ;
#164 = DIRECTION ( 'NONE',  ( 0.0000000000000000000, -1.000000000000000000, 0.0000000000000000000 ) ) ;
#165 = CARTESIAN_POINT ( 'NONE',  ( 0.0000000000000000000, 4.799999999999996300, -7.500000000000000000 ) ) ;
#166 = EDGE_CURVE ( 'NONE', #255, #2828, #2115, .T. ) ;
#167 = FACE_OUTER_BOUND ( 'NONE', #479, .T. ) ;
#168 = DIRECTION ( 'NONE',  ( 0.0000000000000000000, 0.7071067811865414700, 0.7071067811865536800 ) ) ;
#169 = AXIS2_PLACEMENT_3D ( 'NONE', #2936, #258, #739 ) ;
#170 = ORIENTED_EDGE ( 'NONE', *, *, #3010, .F. ) ;
#171 = VERTEX_POINT ( 'NONE', #1907 ) ;
#172 = APPROVAL ( #624, 'UNSPECIFIED' ) ;
#173 = EDGE_LOOP ( 'NONE', ( #1619, #2424 ) ) ;
#174 = VERTEX_POINT ( 'NONE', #473 ) ;
#175 = MECHANICAL_CONTEXT ( 'NONE', #1632, 'mechanical' ) ;
#176 = ADVANCED_FACE ( 'NONE', ( #89 ), #2675, .T. ) ;
#177 = VERTEX_POINT ( 'NONE', #2904 ) ;
#178 = LINE ( 'NONE', #165, #2714 ) ;
#179 = DIRECTION ( 'NONE',  ( 0.0000000000000000000, 0.0000000000000000000, 1.000000000000000000 ) ) ;
#180 = FACE_OUTER_BOUND ( 'NONE', #545, .T. ) ;
#181 = VERTEX_POINT ( 'NONE', #2388 ) ;
#182 = CIRCLE ( 'NONE', #833, 5.860010244842764700 ) ;
#183 = SHAPE_REPRESENTATION_RELATIONSHIP ( 'NONE' , 'NONE' ,  #611, #2011 ) ;
#184 = EDGE_CURVE ( 'NONE', #2272, #798, #1611, .T. ) ;
#185 = ORIENTED_EDGE ( 'NONE', *, *, #227, .F. ) ;
#186 = PERSON_AND_ORGANIZATION_ROLE ( 'creator' ) ;
#187 = CIRCLE ( 'NONE', #2838, 4.254999999999999900 ) ;
#188 = DIRECTION ( 'NONE',  ( -0.0000000000000000000, -1.000000000000000000, -0.0000000000000000000 ) ) ;
#189 = AXIS2_PLACEMENT_3D ( 'NONE', #2322, #2084, #2527 ) ;
#190 = FACE_OUTER_BOUND ( 'NONE', #1774, .T. ) ;
#191 = DIRECTION ( 'NONE',  ( 1.000000000000000000, 0.0000000000000000000, 0.0000000000000000000 ) ) ;
#192 = ORIENTED_EDGE ( 'NONE', *, *, #2629, .T. ) ;
#194 = ADVANCED_FACE ( 'NONE', ( #167 ), #559, .T. ) ;
#193 = AXIS2_PLACEMENT_3D ( 'NONE', #2628, #2381, #1141 ) ;
#195 = DIRECTION ( 'NONE',  ( 1.000000000000000000, 0.0000000000000000000, -0.0000000000000000000 ) ) ;
#196 = AXIS2_PLACEMENT_3D ( 'NONE', #928, #1192, #3140 ) ;
#197 = PERSON_AND_ORGANIZATION_ROLE ( 'classification_officer' ) ;
#198 = DIRECTION ( 'NONE',  ( 0.0000000000000000000, 0.0000000000000000000, -1.000000000000000000 ) ) ;
#199 = CARTESIAN_POINT ( 'NONE',  ( 0.0000000000000000000, 0.0000000000000000000, 0.0000000000000000000 ) ) ;
#200 = CARTESIAN_POINT ( 'NONE',  ( -4.846763191613824500, 0.4318000000000021300, 4.066917206486676800 ) ) ;
#201 = CARTESIAN_POINT ( 'NONE',  ( 8.572527594031473200E-016, 3.500000000000000000, 7.000000000000000000 ) ) ;
#202 = CC_DESIGN_SECURITY_CLASSIFICATION ( #3028, ( #3154 ) ) ;
#203 = EDGE_CURVE ( 'NONE', #813, #2521, #1999, .T. ) ;
#204 = DIRECTION ( 'NONE',  ( 0.7660444431189856700, 0.0000000000000000000, -0.6427876096865301500 ) ) ;
#205 = DIRECTION ( 'NONE',  ( 0.0000000000000000000, 0.0000000000000000000, 1.000000000000000000 ) ) ;
#206 = EDGE_CURVE ( 'NONE', #2716, #2041, #1207, .T. ) ;
#207 = ORIENTED_EDGE ( 'NONE', *, *, #2065, .F. ) ;
#208 = CARTESIAN_POINT ( 'NONE',  ( 0.0000000000000000000, 0.0000000000000000000, -5.874999999999999100 ) ) ;
#209 = AXIS2_PLACEMENT_3D ( 'NONE', #2899, #3126, #656 ) ;
#210 = ORIENTED_EDGE ( 'NONE', *, *, #342, .T. ) ;
#211 = DIRECTION ( 'NONE',  ( 0.0000000000000000000, 0.0000000000000000000, 1.000000000000000000 ) ) ;
#212 = ORIENTED_EDGE ( 'NONE', *, *, #2821, .T. ) ;
#213 = ORIENTED_EDGE ( 'NONE', *, *, #320, .T. ) ;
#214 = CARTESIAN_POINT ( 'NONE',  ( 0.0000000000000000000, 0.0000000000000000000, 2.999999999999999100 ) ) ;
#215 = CARTESIAN_POINT ( 'NONE',  ( 0.0000000000000000000, 0.2540000000000042200, 0.0000000000000000000 ) ) ;
#216 = CIRCLE ( 'NONE', #3042, 4.425000000000000700 ) ;
#217 = PLANE ( 'NONE',  #496 ) ;
#218 = CIRCLE ( 'NONE', #1388, 4.000000000000000000 ) ;
#219 = PERSON_AND_ORGANIZATION ( #2267, #1980 ) ;
#220 = CARTESIAN_POINT ( 'NONE',  ( 0.0000000000000000000, 0.0000000000000000000, 0.0000000000000000000 ) ) ;
#221 = DIRECTION ( 'NONE',  ( 0.0000000000000000000, 0.0000000000000000000, 1.000000000000000000 ) ) ;
#222 = ORIENTED_EDGE ( 'NONE', *, *, #2420, .F. ) ;
#223 = CIRCLE ( 'NONE', #685, 15.75000000000000000 ) ;
#224 = DIRECTION ( 'NONE',  ( -0.0000000000000000000, 1.000000000000000000, -0.0000000000000000000 ) ) ;
#225 = ORIENTED_EDGE ( 'NONE', *, *, #1293, .T. ) ;
#226 = CONICAL_SURFACE ( 'NONE', #86, 8.000000000000000000, 0.7853981633974482800 ) ;
#227 = EDGE_CURVE ( 'NONE', #2598, #992, #635, .T. ) ;
#228 = DIRECTION ( 'NONE',  ( 1.000000000000000000, 0.0000000000000000000, 1.224646799147353200E-016 ) ) ;
#229 = CYLINDRICAL_SURFACE ( 'NONE', #2610, 6.746000000000000400 ) ;
#230 = AXIS2_PLACEMENT_3D ( 'NONE', #2293, #117, #1086 ) ;
#231 = ORIENTED_EDGE ( 'NONE', *, *, #843, .F. ) ;
#232 = CARTESIAN_POINT ( 'NONE',  ( 0.0000000000000000000, 4.700000000000000200, 0.0000000000000000000 ) ) ;
#233 = AXIS2_PLACEMENT_3D ( 'NONE', #2611, #1647, #211 ) ;
#234 = PLANE ( 'NONE',  #2043 ) ;
#235 = DATE_AND_TIME ( #2508, #1691 ) ;
#236 = CARTESIAN_POINT ( 'NONE',  ( -7.047597399733187400E-016, 0.5587999999999999600, 5.754799999999999500 ) ) ;
#237 = LOCAL_TIME ( 15, 25, 8.000000000000000000, #2671 ) ;
#238 = DIRECTION ( 'NONE',  ( 8.659560562354911900E-017, -0.7071067811865492400, 0.7071067811865458000 ) ) ;
#239 = TOROIDAL_SURFACE ( 'NONE', #794, 6.200000000000001100, 0.1270000000000013600 ) ;
#240 = EDGE_CURVE ( 'NONE', #368, #448, #1939, .T. ) ;
#241 = CARTESIAN_POINT ( 'NONE',  ( 0.0000000000000000000, 4.746000000000004000, 3.000000000000000400 ) ) ;
#242 = ORIENTED_EDGE ( 'NONE', *, *, #2900, .T. ) ;
#243 = ORIENTED_EDGE ( 'NONE', *, *, #203, .T. ) ;
#244 = AXIS2_PLACEMENT_3D ( 'NONE', #2387, #1724, #3132 ) ;
#245 = DIRECTION ( 'NONE',  ( -0.0000000000000000000, -1.000000000000000000, -0.0000000000000000000 ) ) ;
#246 = ORIENTED_EDGE ( 'NONE', *, *, #1341, .F. ) ;
#247 = ORIENTED_EDGE ( 'NONE', *, *, #578, .T. ) ;
#248 = CARTESIAN_POINT ( 'NONE',  ( 0.0000000000000000000, 0.05000000000000576900, 0.0000000000000000000 ) ) ;
#249 = AXIS2_PLACEMENT_3D ( 'NONE', #825, #1289, #326 ) ;
#250 = CARTESIAN_POINT ( 'NONE',  ( 0.0000000000000000000, 0.0000000000000000000, 0.0000000000000000000 ) ) ;
#251 = ORIENTED_EDGE ( 'NONE', *, *, #3080, .F. ) ;
#252 = FACE_OUTER_BOUND ( 'NONE', #2460, .T. ) ;
#253 = ORIENTED_EDGE ( 'NONE', *, *, #2276, .F. ) ;
#254 = FACE_OUTER_BOUND ( 'NONE', #1879, .T. ) ;
#255 = VERTEX_POINT ( 'NONE', #1702 ) ;
#256 = CONICAL_SURFACE ( 'NONE', #1493, 6.200000000000000200, 0.7853981633974569400 ) ;
#257 = FACE_OUTER_BOUND ( 'NONE', #2355, .T. ) ;
#258 = DIRECTION ( 'NONE',  ( 0.0000000000000000000, -1.000000000000000000, 0.0000000000000000000 ) ) ;
#259 = CC_DESIGN_DATE_AND_TIME_ASSIGNMENT ( #2179, #2140, ( #1504 ) ) ;
#260 = CYLINDRICAL_SURFACE ( 'NONE', #2905, 8.000000000000000000 ) ;
#261 = DIRECTION ( 'NONE',  ( 0.0000000000000000000, 0.0000000000000000000, 1.000000000000000000 ) ) ;
#262 = CARTESIAN_POINT ( 'NONE',  ( 0.0000000000000000000, 0.0000000000000000000, 6.745999999999998700 ) ) ;
#263 = EDGE_CURVE ( 'NONE', #581, #515, #1243, .T. ) ;
#264 = CONICAL_SURFACE ( 'NONE', #569, 6.200000000000000200, 0.7853981633974569400 ) ;
#265 = ORIENTED_EDGE ( 'NONE', *, *, #1023, .F. ) ;
#266 = EDGE_CURVE ( 'NONE', #2194, #91, #2461, .T. ) ;
#267 = PLANE ( 'NONE',  #812 ) ;
#268 = VERTEX_POINT ( 'NONE', #1990 ) ;
#269 = AXIS2_PLACEMENT_3D ( 'NONE', #2053, #845, #2546 ) ;
#270 = PLANE ( 'NONE',  #34 ) ;
#271 = CARTESIAN_POINT ( 'NONE',  ( -6.200000000000000200, 0.4318000000000021300, 0.0000000000000000000 ) ) ;
#272 = ORIENTED_EDGE ( 'NONE', *, *, #2703, .F. ) ;
#273 = DIRECTION ( 'NONE',  ( 0.0000000000000000000, 1.000000000000000000, 0.0000000000000000000 ) ) ;
#274 = DIRECTION ( 'NONE',  ( 0.0000000000000000000, 0.0000000000000000000, 1.000000000000000000 ) ) ;
#275 = LOCAL_TIME ( 15, 25, 8.000000000000000000, #1833 ) ;
#276 = DIRECTION ( 'NONE',  ( -0.0000000000000000000, 1.000000000000000000, -0.0000000000000000000 ) ) ;
#277 = CARTESIAN_POINT ( 'NONE',  ( 0.0000000000000000000, 5.000000000000000000, 0.0000000000000000000 ) ) ;
#278 = CARTESIAN_POINT ( 'NONE',  ( 9.184850993605147900E-016, 4.799999999999996300, 7.500000000000000000 ) ) ;
#279 = ORIENTED_EDGE ( 'NONE', *, *, #426, .F. ) ;
#280 = CARTESIAN_POINT ( 'NONE',  ( 0.0000000000000000000, 0.0000000000000000000, 0.0000000000000000000 ) ) ;
#281 = EDGE_CURVE ( 'NONE', #1225, #2377, #369, .T. ) ;
#282 = VERTEX_POINT ( 'NONE', #1961 ) ;
#283 = CARTESIAN_POINT ( 'NONE',  ( 0.0000000000000000000, 0.3048000000000000200, 6.327000000000000000 ) ) ;
#284 = ORIENTED_EDGE ( 'NONE', *, *, #2599, .F. ) ;
#285 = CARTESIAN_POINT ( 'NONE',  ( 0.0000000000000000000, 5.000000000000000000, 0.0000000000000000000 ) ) ;
#286 = AXIS2_PLACEMENT_3D ( 'NONE', #726, #1963, #1975 ) ;
#287 = VERTEX_POINT ( 'NONE', #2467 ) ;
#288 = DIRECTION ( 'NONE',  ( 0.0000000000000000000, -0.0000000000000000000, 1.000000000000000000 ) ) ;
#289 = FACE_BOUND ( 'NONE', #386, .T. ) ;
#290 = CC_DESIGN_DATE_AND_TIME_ASSIGNMENT ( #2652, #2591, ( #1435 ) ) ;
#291 = PLANE ( 'NONE',  #1858 ) ;
#292 = CIRCLE ( 'NONE', #1656, 0.1270000000000012500 ) ;
#293 = DATE_AND_TIME ( #1898, #2955 ) ;
#294 = AXIS2_PLACEMENT_3D ( 'NONE', #2812, #160, #1862 ) ;
#295 = DIRECTION ( 'NONE',  ( 0.0000000000000000000, 0.0000000000000000000, 1.000000000000000000 ) ) ;
#296 = ORIENTED_EDGE ( 'NONE', *, *, #3099, .T. ) ;
#297 = CIRCLE ( 'NONE', #2516, 0.1270000000000012500 ) ;
#298 = DIRECTION ( 'NONE',  ( 0.0000000000000000000, 0.0000000000000000000, 1.000000000000000000 ) ) ;
#299 = CYLINDRICAL_SURFACE ( 'NONE', #793, 15.75000000000000000 ) ;
#300 = CC_DESIGN_SECURITY_CLASSIFICATION ( #1504, ( #1674 ) ) ;
#301 = DIRECTION ( 'NONE',  ( 0.0000000000000000000, 0.0000000000000000000, 1.000000000000000000 ) ) ;
#302 = FACE_OUTER_BOUND ( 'NONE', #1043, .T. ) ;
#303 = EDGE_CURVE ( 'NONE', #129, #971, #2311, .T. ) ;
#304 = DIRECTION ( 'NONE',  ( -0.0000000000000000000, -1.000000000000000000, -0.0000000000000000000 ) ) ;
#305 = AXIS2_PLACEMENT_3D ( 'NONE', #387, #2797, #2550 ) ;
#306 = ORIENTED_EDGE ( 'NONE', *, *, #1053, .T. ) ;
#307 = APPROVAL_PERSON_ORGANIZATION ( #1604, #575, #2397 ) ;
#308 = CARTESIAN_POINT ( 'NONE',  ( 6.860961227543130300E-016, 4.625605122421380800, 5.524394877578616900 ) ) ;
#309 = DIRECTION ( 'NONE',  ( 0.0000000000000000000, -1.000000000000000000, 0.0000000000000000000 ) ) ;
#310 = DATE_AND_TIME ( #1759, #2865 ) ;
#311 = VECTOR ( 'NONE', #1926, 1000.000000000000000 ) ;
#312 = DIRECTION ( 'NONE',  ( 0.0000000000000000000, 0.0000000000000000000, 1.000000000000000000 ) ) ;
#313 = ADVANCED_FACE ( 'NONE', ( #1168 ), #2353, .T. ) ;
#314 = ORIENTED_EDGE ( 'NONE', *, *, #184, .T. ) ;
#315 = EDGE_LOOP ( 'NONE', ( #2888, #1303, #2619, #2412 ) ) ;
#316 = DIRECTION ( 'NONE',  ( 0.0000000000000000000, 0.0000000000000000000, 1.000000000000000000 ) ) ;
#317 = CARTESIAN_POINT ( 'NONE',  ( 0.0000000000000000000, 0.3048000000000000200, 0.0000000000000000000 ) ) ;
#318 = ORIENTED_EDGE ( 'NONE', *, *, #750, .F. ) ;
#319 = EDGE_LOOP ( 'NONE', ( #955, #2642, #2416, #1347 ) ) ;
#320 = EDGE_CURVE ( 'NONE', #2176, #541, #1442, .T. ) ;
#321 = DIRECTION ( 'NONE',  ( 0.0000000000000000000, 0.0000000000000000000, -1.000000000000000000 ) ) ;
#322 = ORIENTED_EDGE ( 'NONE', *, *, #1063, .T. ) ;
#323 = CIRCLE ( 'NONE', #1474, 7.500000000000000000 ) ;
#324 = DIRECTION ( 'NONE',  ( 0.0000000000000000000, 1.000000000000000000, 0.0000000000000000000 ) ) ;
#325 = CYLINDRICAL_SURFACE ( 'NONE', #1369, 4.501200000000001600 ) ;
#326 = DIRECTION ( 'NONE',  ( 0.0000000000000000000, 0.0000000000000000000, 1.000000000000000000 ) ) ;
#327 = ORIENTED_EDGE ( 'NONE', *, *, #3102, .T. ) ;
#328 = VECTOR ( 'NONE', #2641, 1000.000000000000100 ) ;
#329 = CARTESIAN_POINT ( 'NONE',  ( 0.0000000000000000000, 0.0000000000000000000, 0.0000000000000000000 ) ) ;
#330 = DIRECTION ( 'NONE',  ( -0.0000000000000000000, -0.0000000000000000000, -1.000000000000000000 ) ) ;
#331 = ORIENTED_EDGE ( 'NONE', *, *, #1005, .T. ) ;
#332 = ORIENTED_EDGE ( 'NONE', *, *, #608, .F. ) ;
#333 = ADVANCED_FACE ( 'NONE', ( #3123 ), #1275, .T. ) ;
#334 = FACE_OUTER_BOUND ( 'NONE', #1550, .T. ) ;
#335 = PERSON ( 'NAUO-PER2', 'UNSPECIFIED', 'UNSPECIFIED', ('UNSPECIFIED'), ('UNSPECIFIED'), ('UNSPECIFIED') ) ;
#336 = DIRECTION ( 'NONE',  ( 1.000000000000000000, -0.0000000000000000000, 1.224646799147353200E-016 ) ) ;
#337 = ORIENTED_EDGE ( 'NONE', *, *, #2535, .F. ) ;
#338 = CONICAL_SURFACE ( 'NONE', #193, 5.754799999999999500, 0.7853981633974456100 ) ;
#339 = DIRECTION ( 'NONE',  ( 0.0000000000000000000, 0.0000000000000000000, 1.000000000000000000 ) ) ;
#340 = ORIENTED_EDGE ( 'NONE', *, *, #2873, .T. ) ;
#341 = CARTESIAN_POINT ( 'NONE',  ( 7.654042494670961600E-016, -6.776263578034402700E-018, 6.250000000000003600 ) ) ;
#342 = EDGE_CURVE ( 'NONE', #826, #2521, #1709, .T. ) ;
#343 = CARTESIAN_POINT ( 'NONE',  ( 0.0000000000000000000, 0.2539999999999998900, -4.501200000000001600 ) ) ;
#344 = AXIS2_PLACEMENT_3D ( 'NONE', #840, #850, #1320 ) ;
#345 = CARTESIAN_POINT ( 'NONE',  ( 0.0000000000000000000, 0.0000000000000000000, 4.898587196589412800E-016 ) ) ;
#346 = DATE_AND_TIME ( #2509, #15 ) ;
#347 = CARTESIAN_POINT ( 'NONE',  ( 6.655456084910780400E-016, 0.2540000000000000000, 5.344789755157235000 ) ) ;
#348 = ADVANCED_FACE ( 'NONE', ( #2425, #781 ), #485, .T. ) ;
#349 = AXIS2_PLACEMENT_3D ( 'NONE', #765, #2967, #1762 ) ;
#350 = CARTESIAN_POINT ( 'NONE',  ( 0.0000000000000000000, 0.2540000000000000000, 0.0000000000000000000 ) ) ;
#351 = ORIENTED_EDGE ( 'NONE', *, *, #1134, .F. ) ;
#352 = DIRECTION ( 'NONE',  ( -0.0000000000000000000, -1.000000000000000000, -0.0000000000000000000 ) ) ;
#353 = ORIENTED_EDGE ( 'NONE', *, *, #1725, .F. ) ;
#354 = ORIENTED_EDGE ( 'NONE', *, *, #381, .F. ) ;
#355 = SECURITY_CLASSIFICATION ( '', '', #482 ) ;
#356 = ADVANCED_FACE ( 'NONE', ( #2722 ), #594, .F. ) ;
#357 = EDGE_CURVE ( 'NONE', #862, #397, #3035, .T. ) ;
#358 = ORIENTED_EDGE ( 'NONE', *, *, #866, .F. ) ;
#359 =( LENGTH_UNIT ( ) NAMED_UNIT ( * ) SI_UNIT ( .MILLI., .METRE. ) );
#360 = CIRCLE ( 'NONE', #1273, 5.680405122421381800 ) ;
#361 = EDGE_CURVE ( 'NONE', #2991, #57, #2889, .T. ) ;
#362 = DIRECTION ( 'NONE',  ( -0.0000000000000000000, 1.000000000000000000, -0.0000000000000000000 ) ) ;
#363 = CLOSED_SHELL ( 'NONE', ( #583, #2778, #137, #857, #2047, #2303, #1409, #2870 ) ) ;
#364 = CYLINDRICAL_SURFACE ( 'NONE', #1219, 8.000000000000000000 ) ;
#365 = PERSON_AND_ORGANIZATION ( #2267, #1980 ) ;
#366 = AXIS2_PLACEMENT_3D ( 'NONE', #2351, #2078, #877 ) ;
#367 = DIRECTION ( 'NONE',  ( -1.000000000000000000, 0.0000000000000000000, 0.0000000000000000000 ) ) ;
#368 = VERTEX_POINT ( 'NONE', #2691 ) ;
#369 = CIRCLE ( 'NONE', #2432, 7.000000000000000000 ) ;
#370 = FACE_OUTER_BOUND ( 'NONE', #458, .T. ) ;
#371 = ORIENTED_EDGE ( 'NONE', *, *, #263, .F. ) ;
#372 = VECTOR ( 'NONE', #1561, 1000.000000000000000 ) ;
#373 = PLANE ( 'NONE',  #2283 ) ;
#374 = ADVANCED_FACE ( 'NONE', ( #1676, #1021 ), #2444, .F. ) ;
#375 = ORIENTED_EDGE ( 'NONE', *, *, #2160, .T. ) ;
#376 = FACE_OUTER_BOUND ( 'NONE', #2561, .T. ) ;
#377 = DIRECTION ( 'NONE',  ( 0.0000000000000000000, -1.000000000000000000, 0.0000000000000000000 ) ) ;
#378 = ADVANCED_FACE ( 'NONE', ( #1780, #523 ), #270, .F. ) ;
#379 = CARTESIAN_POINT ( 'NONE',  ( 0.0000000000000000000, 0.05000000000000576900, -6.200000000000000200 ) ) ;
#380 = MECHANICAL_CONTEXT ( 'NONE', #3092, 'mechanical' ) ;
#381 = EDGE_CURVE ( 'NONE', #1009, #2044, #2392, .T. ) ;
#382 = CALENDAR_DATE ( 2023, 4, 1 ) ;
#383 = DIRECTION ( 'NONE',  ( -0.0000000000000000000, 1.000000000000000000, -0.0000000000000000000 ) ) ;
#384 = AXIS2_PLACEMENT_3D ( 'NONE', #1340, #3093, #1654 ) ;
#385 = LOCAL_TIME ( 15, 25, 8.000000000000000000, #879 ) ;
#386 = EDGE_LOOP ( 'NONE', ( #753, #93 ) ) ;
#387 = CARTESIAN_POINT ( 'NONE',  ( 0.0000000000000000000, 0.3047999999999999000, 5.860010244842764700 ) ) ;
#388 = ADVANCED_FACE ( 'NONE', ( #982 ), #1250, .F. ) ;
#389 = AXIS2_PLACEMENT_3D ( 'NONE', #1269, #2971, #525 ) ;
#390 = FACE_OUTER_BOUND ( 'NONE', #3005, .T. ) ;
#391 = APPROVAL_STATUS ( 'not_yet_approved' ) ;
#392 = DIRECTION ( 'NONE',  ( 1.000000000000000000, 0.0000000000000000000, 0.0000000000000000000 ) ) ;
#393 = ADVANCED_FACE ( 'NONE', ( #2094 ), #2166, .T. ) ;
#394 = ORIENTED_EDGE ( 'NONE', *, *, #761, .F. ) ;
#395 = ORIENTED_EDGE ( 'NONE', *, *, #2022, .T. ) ;
#396 = CARTESIAN_POINT ( 'NONE',  ( 0.0000000000000000000, 0.3283948775786175200, -5.524394877578618700 ) ) ;
#397 = VERTEX_POINT ( 'NONE', #1880 ) ;
#398 = ORIENTED_EDGE ( 'NONE', *, *, #159, .F. ) ;
#399 = ORIENTED_EDGE ( 'NONE', *, *, #1198, .F. ) ;
#400 = FACE_BOUND ( 'NONE', #1597, .T. ) ;
#401 = CARTESIAN_POINT ( 'NONE',  ( 4.336808689942025600E-015, 0.0000000000000000000, -4.999999999999999100 ) ) ;
#402 = EDGE_CURVE ( 'NONE', #1973, #1466, #2996, .T. ) ;
#403 = CIRCLE ( 'NONE', #82, 5.524394877578618700 ) ;
#404 = APPROVAL_ROLE ( '' ) ;
#405 = AXIS2_PLACEMENT_3D ( 'NONE', #1231, #1925, #1671 ) ;
#406 = ORIENTED_EDGE ( 'NONE', *, *, #935, .F. ) ;
#407 = FACE_OUTER_BOUND ( 'NONE', #1708, .T. ) ;
#408 = CARTESIAN_POINT ( 'NONE',  ( -8.125000000000000000, 0.0000000000000000000, -5.999999999999999100 ) ) ;
#409 = CARTESIAN_POINT ( 'NONE',  ( 6.956489951033573000E-016, 4.469594877578618500, 5.680405122421381000 ) ) ;
#410 = CARTESIAN_POINT ( 'NONE',  ( 7.592810154713589800E-016, 4.950000000000000200, -6.200000000000000200 ) ) ;
#411 = VERTEX_POINT ( 'NONE', #1997 ) ;
#412 = CIRCLE ( 'NONE', #1374, 0.1270000000000013600 ) ;
#414 = ADVANCED_FACE ( 'NONE', ( #1517 ), #2572, .T. ) ;
#413 = AXIS2_PLACEMENT_3D ( 'NONE', #2738, #1307, #1787 ) ;
#415 = DIRECTION ( 'NONE',  ( 0.7071067811865474600, 0.0000000000000000000, 0.7071067811865474600 ) ) ;
#416 = DIRECTION ( 'NONE',  ( -1.000000000000000000, 0.0000000000000000000, 0.0000000000000000000 ) ) ;
#417 = AXIS2_PLACEMENT_3D ( 'NONE', #2586, #2836, #1381 ) ;
#418 = CIRCLE ( 'NONE', #366, 6.250000000000003600 ) ;
#419 = APPROVAL_STATUS ( 'not_yet_approved' ) ;
#420 = DIRECTION ( 'NONE',  ( -0.0000000000000000000, 1.000000000000000000, -0.0000000000000000000 ) ) ;
#421 = CC_DESIGN_PERSON_AND_ORGANIZATION_ASSIGNMENT ( #1099, #2129, ( #2316 ) ) ;
#422 = EDGE_CURVE ( 'NONE', #706, #1215, #1122, .T. ) ;
#423 = CARTESIAN_POINT ( 'NONE',  ( 8.125000000000003600, 0.0000000000000000000, 6.000000000000000900 ) ) ;
#424 = PERSON_AND_ORGANIZATION_ROLE ( 'classification_officer' ) ;
#425 = DIRECTION ( 'NONE',  ( 0.0000000000000000000, 1.000000000000000000, 0.0000000000000000000 ) ) ;
#426 = EDGE_CURVE ( 'NONE', #798, #2846, #1049, .T. ) ;
#427 = ADVANCED_FACE ( 'NONE', ( #1, #863 ), #1870, .F. ) ;
#428 = CARTESIAN_POINT ( 'NONE',  ( 0.0000000000000000000, 3.500000000000000000, 0.0000000000000000000 ) ) ;
#429 = DIRECTION ( 'NONE',  ( -0.0000000000000000000, -0.0000000000000000000, 1.000000000000000000 ) ) ;
#430 = AXIS2_PLACEMENT_3D ( 'NONE', #538, #2704, #1981 ) ;
#431 = CARTESIAN_POINT ( 'NONE',  ( 0.0000000000000000000, 0.5588000000000025200, 0.0000000000000000000 ) ) ;
#432 = EDGE_LOOP ( 'NONE', ( #2449, #1106, #2916, #2558 ) ) ;
#433 = DIRECTION ( 'NONE',  ( 0.0000000000000000000, 0.0000000000000000000, 1.000000000000000000 ) ) ;
#434 = ORIENTED_EDGE ( 'NONE', *, *, #1826, .T. ) ;
#435 = VERTEX_POINT ( 'NONE', #2565 ) ;
#436 = APPROVAL_ROLE ( '' ) ;
#437 = EDGE_LOOP ( 'NONE', ( #2935, #766, #1135, #2689 ) ) ;
#438 = VERTEX_POINT ( 'NONE', #1115 ) ;
#439 = DIRECTION ( 'NONE',  ( -0.0000000000000000000, -0.0000000000000000000, -1.000000000000000000 ) ) ;
#440 = DIRECTION ( 'NONE',  ( -0.0000000000000000000, 1.000000000000000000, -0.0000000000000000000 ) ) ;
#441 = CARTESIAN_POINT ( 'NONE',  ( 7.748340298205303700E-016, 4.649200000000000400, -6.327000000000000000 ) ) ;
#442 = CIRCLE ( 'NONE', #2881, 3.000000000000000400 ) ;
#443 = DIRECTION ( 'NONE',  ( 0.0000000000000000000, 0.0000000000000000000, 1.000000000000000000 ) ) ;
#444 = DIRECTION ( 'NONE',  ( 0.0000000000000000000, -1.000000000000000000, 0.0000000000000000000 ) ) ;
#445 = VECTOR ( 'NONE', #1097, 1000.000000000000000 ) ;
#446 = COORDINATED_UNIVERSAL_TIME_OFFSET ( 6, 0, .BEHIND. ) ;
#447 = EDGE_CURVE ( 'NONE', #1779, #2846, #223, .T. ) ;
#448 = VERTEX_POINT ( 'NONE', #423 ) ;
#449 = CIRCLE ( 'NONE', #126, 7.000000000000000900 ) ;
#450 = PERSON_AND_ORGANIZATION_ROLE ( 'creator' ) ;
#451 = CIRCLE ( 'NONE', #1208, 7.299999999999993600 ) ;
#452 = CARTESIAN_POINT ( 'NONE',  ( -15.75000000000000000, 0.0000000000000000000, 5.874999999999993800 ) ) ;
#453 = AXIS2_PLACEMENT_3D ( 'NONE', #832, #3022, #113 ) ;
#454 = CARTESIAN_POINT ( 'NONE',  ( 0.0000000000000000000, 0.0000000000000000000, 0.0000000000000000000 ) ) ;
#455 = FACE_OUTER_BOUND ( 'NONE', #2617, .T. ) ;
#456 = DIRECTION ( 'NONE',  ( 1.000000000000000000, 0.0000000000000000000, 0.0000000000000000000 ) ) ;
#457 = DIRECTION ( 'NONE',  ( -0.0000000000000000000, 1.000000000000000000, -0.0000000000000000000 ) ) ;
#458 = EDGE_LOOP ( 'NONE', ( #791, #514, #945, #2552 ) ) ;
#459 = AXIS2_PLACEMENT_3D ( 'NONE', #755, #719, #498 ) ;
#460 = CARTESIAN_POINT ( 'NONE',  ( 0.0000000000000000000, 0.0000000000000000000, 6.000000000000000900 ) ) ;
#461 = DATE_TIME_ROLE ( 'creation_date' ) ;
#462 = DIRECTION ( 'NONE',  ( -0.0000000000000000000, -1.000000000000000000, -0.0000000000000000000 ) ) ;
#463 = DIRECTION ( 'NONE',  ( -0.0000000000000000000, -0.0000000000000000000, -1.000000000000000000 ) ) ;
#464 = CARTESIAN_POINT ( 'NONE',  ( 0.0000000000000000000, 0.0000000000000000000, 5.874999999999993800 ) ) ;
#465 = DIRECTION ( 'NONE',  ( 1.000000000000000000, 0.0000000000000000000, 0.0000000000000000000 ) ) ;
#466 = CC_DESIGN_APPROVAL ( #2596, ( #1448 ) ) ;
#467 = DATE_AND_TIME ( #382, #2976 ) ;
#468 = EDGE_CURVE ( 'NONE', #798, #2272, #489, .T. ) ;
#469 = DIRECTION ( 'NONE',  ( -0.0000000000000000000, -0.0000000000000000000, -1.000000000000000000 ) ) ;
#470 = PERSON_AND_ORGANIZATION ( #2267, #1980 ) ;
#471 = DIRECTION ( 'NONE',  ( -0.0000000000000000000, 1.000000000000000000, -0.0000000000000000000 ) ) ;
#472 = ORIENTED_EDGE ( 'NONE', *, *, #2900, .F. ) ;
#473 = CARTESIAN_POINT ( 'NONE',  ( 7.748340298205303700E-016, 4.395199999999997300, -6.327000000000000000 ) ) ;
#474 = AXIS2_PLACEMENT_3D ( 'NONE', #2138, #900, #2402 ) ;
#475 = EDGE_LOOP ( 'NONE', ( #272, #354 ) ) ;
#476 = DIRECTION ( 'NONE',  ( 0.0000000000000000000, 0.0000000000000000000, 1.000000000000000000 ) ) ;
#477 = ORIENTED_EDGE ( 'NONE', *, *, #1410, .F. ) ;
#478 = EDGE_LOOP ( 'NONE', ( #2446, #1285, #2466, #2879 ) ) ;
#479 = EDGE_LOOP ( 'NONE', ( #1733, #970, #1696, #1187 ) ) ;
#480 = ORIENTED_EDGE ( 'NONE', *, *, #2599, .T. ) ;
#481 = CIRCLE ( 'NONE', #1418, 0.1270000000000012500 ) ;
#482 = SECURITY_CLASSIFICATION_LEVEL ( 'unclassified' ) ;
#483 = CARTESIAN_POINT ( 'NONE',  ( 0.0000000000000000000, 4.395199999999997300, 6.327000000000000000 ) ) ;
#484 = CYLINDRICAL_SURFACE ( 'NONE', #2298, 3.000000000000000400 ) ;
#485 = PLANE ( 'NONE',  #2864 ) ;
#486 = DIRECTION ( 'NONE',  ( 0.6427876096865301500, 0.0000000000000000000, 0.7660444431189860100 ) ) ;
#487 = EDGE_CURVE ( 'NONE', #1559, #2300, #1900, .T. ) ;
#488 = ORIENTED_EDGE ( 'NONE', *, *, #1565, .F. ) ;
#489 = CIRCLE ( 'NONE', #1498, 15.62500000000000000 ) ;
#490 = CARTESIAN_POINT ( 'NONE',  ( 7.000000000000000900, 8.572527594031474200E-016, 2.999999999999999100 ) ) ;
#491 = DIRECTION ( 'NONE',  ( -1.000000000000000000, 0.0000000000000000000, 0.0000000000000000000 ) ) ;
#492 = CIRCLE ( 'NONE', #2410, 6.250000000000003600 ) ;
#493 = EDGE_CURVE ( 'NONE', #1764, #435, #1743, .T. ) ;
#494 = ORIENTED_EDGE ( 'NONE', *, *, #3030, .F. ) ;
#495 = CIRCLE ( 'NONE', #682, 15.62499999999999300 ) ;
#496 = AXIS2_PLACEMENT_3D ( 'NONE', #2218, #2464, #1525 ) ;
#497 = DIRECTION ( 'NONE',  ( 0.0000000000000000000, 0.0000000000000000000, -1.000000000000000000 ) ) ;
#498 = DIRECTION ( 'NONE',  ( 0.0000000000000000000, 0.0000000000000000000, 1.000000000000000000 ) ) ;
#499 = CC_DESIGN_APPROVAL ( #172, ( #1435 ) ) ;
#500 = DIRECTION ( 'NONE',  ( 0.0000000000000000000, 1.000000000000000000, 0.0000000000000000000 ) ) ;
#501 = DIRECTION ( 'NONE',  ( 0.0000000000000000000, 0.0000000000000000000, 1.000000000000000000 ) ) ;
#502 = DATE_AND_TIME ( #1796, #275 ) ;
#503 = EDGE_CURVE ( 'NONE', #397, #1215, #449, .T. ) ;
#504 = CARTESIAN_POINT ( 'NONE',  ( -6.072999999999998600, 4.522199999999998000, 0.0000000000000000000 ) ) ;
#505 = EDGE_LOOP ( 'NONE', ( #353, #207, #3089, #1989 ) ) ;
#506 = AXIS2_PLACEMENT_3D ( 'NONE', #2497, #336, #2042 ) ;
#507 = CARTESIAN_POINT ( 'NONE',  ( 0.0000000000000000000, 4.395199999999997300, 0.0000000000000000000 ) ) ;
#508 = ORIENTED_EDGE ( 'NONE', *, *, #2022, .F. ) ;
#509 = ORIENTED_EDGE ( 'NONE', *, *, #361, .F. ) ;
#510 = DIRECTION ( 'NONE',  ( -0.0000000000000000000, 1.000000000000000000, 0.0000000000000000000 ) ) ;
#511 = AXIS2_PLACEMENT_3D ( 'NONE', #2302, #2337, #2823 ) ;
#512 = CARTESIAN_POINT ( 'NONE',  ( 0.0000000000000000000, 0.3048000000000000200, 0.0000000000000000000 ) ) ;
#513 = CARTESIAN_POINT ( 'NONE',  ( 0.0000000000000000000, 4.746000000000004000, 0.0000000000000000000 ) ) ;
#514 = ORIENTED_EDGE ( 'NONE', *, *, #487, .T. ) ;
#515 = VERTEX_POINT ( 'NONE', #2350 ) ;
#516 = AXIS2_PLACEMENT_3D ( 'NONE', #1505, #2970, #48 ) ;
#517 = ORIENTED_EDGE ( 'NONE', *, *, #402, .T. ) ;
#518 = CIRCLE ( 'NONE', #716, 7.500000000000000000 ) ;
#519 = FACE_OUTER_BOUND ( 'NONE', #2896, .T. ) ;
#520 = APPROVAL_PERSON_ORGANIZATION ( #1514, #741, #2825 ) ;
#521 = PRODUCT_DEFINITION_SHAPE ( 'NONE', 'NONE',  #2378 ) ;
#522 = APPROVAL ( #2638, 'UNKNOWN' ) ;
#523 = FACE_BOUND ( 'NONE', #650, .T. ) ;
#524 = LINE ( 'NONE', #1467, #2927 ) ;
#525 = DIRECTION ( 'NONE',  ( -1.000000000000000000, 0.0000000000000000000, 0.0000000000000000000 ) ) ;
#526 = EDGE_CURVE ( 'NONE', #1982, #2036, #2958, .T. ) ;
#527 = LINE ( 'NONE', #410, #1085 ) ;
#528 = EDGE_CURVE ( 'NONE', #1157, #171, #1082, .T. ) ;
#529 = CYLINDRICAL_SURFACE ( 'NONE', #1137, 4.501200000000001600 ) ;
#530 = DIRECTION ( 'NONE',  ( 0.0000000000000000000, 0.0000000000000000000, 1.000000000000000000 ) ) ;
#531 = AXIS2_PLACEMENT_3D ( 'NONE', #1730, #1994, #2952 ) ;
#532 = CARTESIAN_POINT ( 'NONE',  ( -4.749475547337712400, 4.522199999999998000, 3.985283180056486100 ) ) ;
#533 = DIRECTION ( 'NONE',  ( 1.000000000000000000, 0.0000000000000000000, 0.0000000000000000000 ) ) ;
#534 = DIRECTION ( 'NONE',  ( 0.0000000000000000000, 0.0000000000000000000, 1.000000000000000000 ) ) ;
#535 = DIRECTION ( 'NONE',  ( 1.000000000000000000, 0.0000000000000000000, 0.0000000000000000000 ) ) ;
#536 = VERTEX_POINT ( 'NONE', #899 ) ;
#537 = PERSON_AND_ORGANIZATION ( #2267, #1980 ) ;
#538 = CARTESIAN_POINT ( 'NONE',  ( 0.0000000000000000000, 4.649200000000000400, 0.0000000000000000000 ) ) ;
#539 = MANIFOLD_SOLID_BREP ( 'Mirror8', #363 ) ;
#540 = DIRECTION ( 'NONE',  ( 0.0000000000000000000, 0.0000000000000000000, 1.000000000000000000 ) ) ;
#541 = VERTEX_POINT ( 'NONE', #379 ) ;
#542 = EDGE_CURVE ( 'NONE', #1125, #1233, #1855, .T. ) ;
#543 = EDGE_LOOP ( 'NONE', ( #2635, #1264, #2643, #1360 ) ) ;
#544 = DIRECTION ( 'NONE',  ( 0.0000000000000000000, -1.000000000000000000, 0.0000000000000000000 ) ) ;
#545 = EDGE_LOOP ( 'NONE', ( #2018, #2658, #1411, #1931 ) ) ;
#546 = DIRECTION ( 'NONE',  ( -0.0000000000000000000, -0.0000000000000000000, -1.000000000000000000 ) ) ;
#547 = AXIS2_PLACEMENT_3D ( 'NONE', #1400, #1645, #1621 ) ;
#548 = EDGE_LOOP ( 'NONE', ( #1640, #1113 ) ) ;
#549 = ORIENTED_EDGE ( 'NONE', *, *, #725, .T. ) ;
#550 = DIRECTION ( 'NONE',  ( 0.0000000000000000000, -1.000000000000000000, 0.0000000000000000000 ) ) ;
#551 = ORIENTED_EDGE ( 'NONE', *, *, #159, .T. ) ;
#552 = FACE_OUTER_BOUND ( 'NONE', #2721, .T. ) ;
#553 = AXIS2_PLACEMENT_3D ( 'NONE', #3100, #1399, #1851 ) ;
#554 = DIRECTION ( 'NONE',  ( 0.0000000000000000000, 0.0000000000000000000, 1.000000000000000000 ) ) ;
#555 = CARTESIAN_POINT ( 'NONE',  ( 0.0000000000000000000, 4.799999999999996300, 0.0000000000000000000 ) ) ;
#556 = FACE_OUTER_BOUND ( 'NONE', #2373, .T. ) ;
#557 = ADVANCED_FACE ( 'NONE', ( #2656, #1587 ), #2822, .T. ) ;
#558 = CARTESIAN_POINT ( 'NONE',  ( -8.000000000000000000, 0.0000000000000000000, 0.0000000000000000000 ) ) ;
#559 = CYLINDRICAL_SURFACE ( 'NONE', #2051, 4.425000000000000700 ) ;
#560 = CARTESIAN_POINT ( 'NONE',  ( 5.512380172322067900E-016, 4.700000000000000200, -4.501200000000001600 ) ) ;
#561 = FACE_OUTER_BOUND ( 'NONE', #1470, .T. ) ;
#562 = FACE_OUTER_BOUND ( 'NONE', #1008, .T. ) ;
#563 = EDGE_CURVE ( 'NONE', #1193, #1424, #2013, .T. ) ;
#564 = ORIENTED_EDGE ( 'NONE', *, *, #2061, .F. ) ;
#565 = CARTESIAN_POINT ( 'NONE',  ( 0.0000000000000000000, 4.625605122421380800, -5.524394877578616900 ) ) ;
#566 = AXIS2_PLACEMENT_3D ( 'NONE', #1522, #1538, #321 ) ;
#567 = DIRECTION ( 'NONE',  ( -0.0000000000000000000, 1.000000000000000000, -0.0000000000000000000 ) ) ;
#568 = ADVANCED_FACE ( 'NONE', ( #2843 ), #713, .T. ) ;
#569 = AXIS2_PLACEMENT_3D ( 'NONE', #1287, #324, #2269 ) ;
#570 = DATE_AND_TIME ( #1871, #2326 ) ;
#571 = AXIS2_PLACEMENT_3D ( 'NONE', #1257, #1358, #1348 ) ;
#572 = DIRECTION ( 'NONE',  ( 0.0000000000000000000, -1.000000000000000000, 0.0000000000000000000 ) ) ;
#573 = LOCAL_TIME ( 15, 25, 8.000000000000000000, #163 ) ;
#574 = DIRECTION ( 'NONE',  ( -0.0000000000000000000, 1.000000000000000000, -0.0000000000000000000 ) ) ;
#575 = APPROVAL ( #2630, 'UNKNOWN' ) ;
#576 = CARTESIAN_POINT ( 'NONE',  ( 0.0000000000000000000, 0.0000000000000000000, 0.0000000000000000000 ) ) ;
#577 = ORIENTED_EDGE ( 'NONE', *, *, #1104, .F. ) ;
#578 = EDGE_CURVE ( 'NONE', #3077, #2810, #297, .T. ) ;
#579 = ORIENTED_EDGE ( 'NONE', *, *, #831, .F. ) ;
#580 = DIRECTION ( 'NONE',  ( -0.0000000000000000000, -1.000000000000000000, -0.0000000000000000000 ) ) ;
#581 = VERTEX_POINT ( 'NONE', #949 ) ;
#582 = EDGE_LOOP ( 'NONE', ( #58, #2842 ) ) ;
#583 = ADVANCED_FACE ( 'NONE', ( #66 ), #2271, .T. ) ;
#584 = EDGE_CURVE ( 'NONE', #2310, #177, #2195, .T. ) ;
#585 = DIRECTION ( 'NONE',  ( 1.000000000000000000, 0.0000000000000000000, 1.224646799147353200E-016 ) ) ;
#586 = EDGE_LOOP ( 'NONE', ( #1121, #398, #2295, #1427 ) ) ;
#587 = LINE ( 'NONE', #452, #1199 ) ;
#588 = CIRCLE ( 'NONE', #1876, 6.746000000000000400 ) ;
#589 = CIRCLE ( 'NONE', #3013, 4.425000000000000700 ) ;
#590 = LOCAL_TIME ( 15, 25, 8.000000000000000000, #1739 ) ;
#591 = DIRECTION ( 'NONE',  ( -1.000000000000000000, 0.0000000000000000000, 0.0000000000000000000 ) ) ;
#592 = DIRECTION ( 'NONE',  ( 1.000000000000000000, 0.0000000000000000000, 0.0000000000000000000 ) ) ;
#593 = ORIENTED_EDGE ( 'NONE', *, *, #2873, .F. ) ;
#594 = TOROIDAL_SURFACE ( 'NONE', #2114, 5.860010244842764700, 0.2540000000000000000 ) ;
#595 = LINE ( 'NONE', #965, #2462 ) ;
#596 = FACE_OUTER_BOUND ( 'NONE', #130, .T. ) ;
#597 = ADVANCED_FACE ( 'NONE', ( #1631, #407 ), #234, .F. ) ;
#598 = CIRCLE ( 'NONE', #305, 0.2539999999999998900 ) ;
#599 = CARTESIAN_POINT ( 'NONE',  ( 5.512380172322067900E-016, 1.524000000000000000, 4.501200000000001600 ) ) ;
#600 = DIRECTION ( 'NONE',  ( 0.0000000000000000000, 0.0000000000000000000, 1.000000000000000000 ) ) ;
#601 = EDGE_CURVE ( 'NONE', #2176, #1542, #32, .T. ) ;
#602 = CARTESIAN_POINT ( 'NONE',  ( 7.592810154713590800E-016, 4.522199999999998000, -6.200000000000001100 ) ) ;
#603 = ORIENTED_EDGE ( 'NONE', *, *, #2821, .F. ) ;
#604 = AXIS2_PLACEMENT_3D ( 'NONE', #2702, #1492, #1986 ) ;
#605 = CARTESIAN_POINT ( 'NONE',  ( 5.419062086227039400E-016, 3.429999999999999700, -4.425000000000000700 ) ) ;
#606 = ADVANCED_FACE ( 'NONE', ( #776 ), #364, .F. ) ;
#607 = PRODUCT_DEFINITION_FORMATION_WITH_SPECIFIED_SOURCE ( 'ANY', '', #1536, .NOT_KNOWN. ) ;
#608 = EDGE_CURVE ( 'NONE', #2828, #929, #1849, .T. ) ;
#609 = DIRECTION ( 'NONE',  ( 0.0000000000000000000, 0.0000000000000000000, -1.000000000000000000 ) ) ;
#610 = DIRECTION ( 'NONE',  ( -0.0000000000000000000, -0.0000000000000000000, -1.000000000000000000 ) ) ;
#611 = SHAPE_REPRESENTATION ( '3600-0014-3212', ( #1258 ), #2304 ) ;
#612 = CARTESIAN_POINT ( 'NONE',  ( 0.0000000000000000000, 0.4318000000000021300, 0.0000000000000000000 ) ) ;
#613 = FACE_OUTER_BOUND ( 'NONE', #1376, .T. ) ;
#614 = CARTESIAN_POINT ( 'NONE',  ( 0.0000000000000000000, 3.500000000000000000, 0.0000000000000000000 ) ) ;
#615 = PLANE ( 'NONE',  #1393 ) ;
#616 = EDGE_LOOP ( 'NONE', ( #2253, #480, #2769, #2757 ) ) ;
#617 = EDGE_LOOP ( 'NONE', ( #1539, #152, #1883, #170 ) ) ;
#618 = DIRECTION ( 'NONE',  ( 1.000000000000000000, 0.0000000000000000000, -0.0000000000000000000 ) ) ;
#619 = APPROVAL ( #1443, 'UNSPECIFIED' ) ;
#620 = DIRECTION ( 'NONE',  ( 0.0000000000000000000, -1.000000000000000000, 0.0000000000000000000 ) ) ;
#621 = EDGE_CURVE ( 'NONE', #282, #2716, #1669, .T. ) ;
#622 = ORIENTED_EDGE ( 'NONE', *, *, #578, .F. ) ;
#623 = ORIENTED_EDGE ( 'NONE', *, *, #1545, .F. ) ;
#624 = APPROVAL_STATUS ( 'not_yet_approved' ) ;
#625 = FACE_OUTER_BOUND ( 'NONE', #582, .T. ) ;
#626 = ADVANCED_FACE ( 'NONE', ( #1551 ), #1479, .T. ) ;
#627 = DIRECTION ( 'NONE',  ( 0.0000000000000000000, 0.0000000000000000000, 1.000000000000000000 ) ) ;
#628 = DIRECTION ( 'NONE',  ( 0.0000000000000000000, 0.0000000000000000000, 1.000000000000000000 ) ) ;
#629 = DIRECTION ( 'NONE',  ( 0.0000000000000000000, 0.0000000000000000000, 1.000000000000000000 ) ) ;
#630 = CIRCLE ( 'NONE', #2200, 6.745999999999998700 ) ;
#632 = ADVANCED_FACE ( 'NONE', ( #2010 ), #1357, .T. ) ;
#631 = AXIS2_PLACEMENT_3D ( 'NONE', #460, #2370, #1919 ) ;
#633 = DIRECTION ( 'NONE',  ( -0.0000000000000000000, -0.0000000000000000000, -1.000000000000000000 ) ) ;
#634 = DIRECTION ( 'NONE',  ( 0.0000000000000000000, 0.0000000000000000000, -1.000000000000000000 ) ) ;
#635 = LINE ( 'NONE', #1658, #3078 ) ;
#636 = EDGE_LOOP ( 'NONE', ( #1761, #2915 ) ) ;
#637 = DIRECTION ( 'NONE',  ( 1.000000000000000000, 0.0000000000000000000, 0.0000000000000000000 ) ) ;
#638 = FACE_OUTER_BOUND ( 'NONE', #71, .T. ) ;
#639 = DIRECTION ( 'NONE',  ( 0.0000000000000000000, -1.000000000000000000, 0.0000000000000000000 ) ) ;
#640 = ORIENTED_EDGE ( 'NONE', *, *, #1565, .T. ) ;
#641 = VECTOR ( 'NONE', #1720, 1000.000000000000100 ) ;
#642 = CARTESIAN_POINT ( 'NONE',  ( 0.0000000000000000000, 0.2540000000000042200, 3.000000000000000400 ) ) ;
#643 = DIRECTION ( 'NONE',  ( 0.0000000000000000000, 0.0000000000000000000, 1.000000000000000000 ) ) ;
#644 = EDGE_LOOP ( 'NONE', ( #735, #1487 ) ) ;
#645 = DIRECTION ( 'NONE',  ( 0.0000000000000000000, 0.7071067811865493500, -0.7071067811865455700 ) ) ;
#646 = DIRECTION ( 'NONE',  ( 1.000000000000000000, 0.0000000000000000000, 0.0000000000000000000 ) ) ;
#647 = APPLICATION_PROTOCOL_DEFINITION ( 'international standard', 'config_control_design', 1994, #2096 ) ;
#648 = DIRECTION ( 'NONE',  ( 0.0000000000000000000, 0.0000000000000000000, 1.000000000000000000 ) ) ;
#649 = EDGE_CURVE ( 'NONE', #2942, #2944, #630, .T. ) ;
#650 = EDGE_LOOP ( 'NONE', ( #1615, #1478 ) ) ;
#651 = COORDINATED_UNIVERSAL_TIME_OFFSET ( 6, 0, .BEHIND. ) ;
#652 = DIRECTION ( 'NONE',  ( 1.000000000000000000, 0.0000000000000000000, 0.0000000000000000000 ) ) ;
#653 = AXIS2_PLACEMENT_3D ( 'NONE', #1145, #1668, #2866 ) ;
#654 = PERSON_AND_ORGANIZATION ( #2267, #1980 ) ;
#655 = DIRECTION ( 'NONE',  ( -0.0000000000000000000, -0.0000000000000000000, -1.000000000000000000 ) ) ;
#656 = DIRECTION ( 'NONE',  ( 0.0000000000000000000, 0.0000000000000000000, 1.000000000000000000 ) ) ;
#657 = AXIS2_PLACEMENT_3D ( 'NONE', #1148, #1660, #465 ) ;
#658 = DIRECTION ( 'NONE',  ( 1.000000000000000000, 0.0000000000000000000, 0.0000000000000000000 ) ) ;
#659 = CARTESIAN_POINT ( 'NONE',  ( 0.0000000000000000000, 4.746000000000004000, 0.0000000000000000000 ) ) ;
#660 = VERTEX_POINT ( 'NONE', #2394 ) ;
#661 = ORIENTED_EDGE ( 'NONE', *, *, #2282, .F. ) ;
#662 = CARTESIAN_POINT ( 'NONE',  ( 0.0000000000000000000, 0.3048000000000000200, 0.0000000000000000000 ) ) ;
#663 = ORIENTED_EDGE ( 'NONE', *, *, #1941, .T. ) ;
#664 = CARTESIAN_POINT ( 'NONE',  ( 8.261467307048043500E-016, 4.000000000000000000, -6.745999999999999600 ) ) ;
#665 = ORIENTED_EDGE ( 'NONE', *, *, #621, .F. ) ;
#666 = ORIENTED_EDGE ( 'NONE', *, *, #3128, .F. ) ;
#667 = CIRCLE ( 'NONE', #3106, 3.000000000000000400 ) ;
#668 = CARTESIAN_POINT ( 'NONE',  ( 0.0000000000000000000, 0.0000000000000000000, -5.999999999999999100 ) ) ;
#669 = DIRECTION ( 'NONE',  ( 0.0000000000000000000, -1.000000000000000000, 0.0000000000000000000 ) ) ;
#670 = EDGE_CURVE ( 'NONE', #2220, #2194, #2456, .T. ) ;
#671 = VERTEX_POINT ( 'NONE', #1895 ) ;
#672 = FACE_OUTER_BOUND ( 'NONE', #543, .T. ) ;
#673 = DATE_TIME_ROLE ( 'classification_date' ) ;
#674 = AXIS2_PLACEMENT_3D ( 'NONE', #2975, #2238, #74 ) ;
#675 = VERTEX_POINT ( 'NONE', #2459 ) ;
#676 = LINE ( 'NONE', #2779, #445 ) ;
#677 = APPROVAL_PERSON_ORGANIZATION ( #746, #172, #404 ) ;
#678 = DIRECTION ( 'NONE',  ( -0.0000000000000000000, -0.0000000000000000000, -1.000000000000000000 ) ) ;
#679 = CARTESIAN_POINT ( 'NONE',  ( 0.0000000000000000000, 0.0000000000000000000, 0.0000000000000000000 ) ) ;
#680 = EDGE_LOOP ( 'NONE', ( #1342, #2515, #24, #1066 ) ) ;
#681 = FACE_OUTER_BOUND ( 'NONE', #2752, .T. ) ;
#682 = AXIS2_PLACEMENT_3D ( 'NONE', #2091, #2588, #646 ) ;
#683 = CARTESIAN_POINT ( 'NONE',  ( 7.592810154713589800E-016, 0.05000000000000576900, 6.200000000000000200 ) ) ;
#684 = DIRECTION ( 'NONE',  ( 0.0000000000000000000, 0.0000000000000000000, 1.000000000000000000 ) ) ;
#685 = AXIS2_PLACEMENT_3D ( 'NONE', #1101, #3075, #2549 ) ;
#686 = TOROIDAL_SURFACE ( 'NONE', #2692, 16.00000000000000000, 4.000000000000000000 ) ;
#687 = APPROVAL_ROLE ( '' ) ;
#688 = ADVANCED_FACE ( 'NONE', ( #2567 ), #256, .F. ) ;
#689 = CIRCLE ( 'NONE', #1639, 6.327000000000000000 ) ;
#690 = DIRECTION ( 'NONE',  ( 0.0000000000000000000, 1.000000000000000000, 0.0000000000000000000 ) ) ;
#691 = DIRECTION ( 'NONE',  ( 0.0000000000000000000, -1.000000000000000000, 0.0000000000000000000 ) ) ;
#692 = CC_DESIGN_APPROVAL ( #522, ( #3028 ) ) ;
#693 = EDGE_CURVE ( 'NONE', #1559, #2176, #1402, .T. ) ;
#694 = CARTESIAN_POINT ( 'NONE',  ( 0.0000000000000000000, 0.0000000000000000000, 0.0000000000000000000 ) ) ;
#695 = ITEM_DEFINED_TRANSFORMATION ( 'NONE', 'NONE', #553,  #1258 ) ;
#696 = PERSON_AND_ORGANIZATION_ROLE ( 'classification_officer' ) ;
#697 = DIRECTION ( 'NONE',  ( 0.0000000000000000000, -0.7071067811865492400, -0.7071067811865458000 ) ) ;
#698 = EDGE_CURVE ( 'NONE', #1840, #3020, #1271, .T. ) ;
#699 = DIRECTION ( 'NONE',  ( 0.0000000000000000000, 0.0000000000000000000, 1.000000000000000000 ) ) ;
#700 = FACE_OUTER_BOUND ( 'NONE', #586, .T. ) ;
#701 = DIRECTION ( 'NONE',  ( 0.0000000000000000000, 0.0000000000000000000, 1.000000000000000000 ) ) ;
#702 = DIRECTION ( 'NONE',  ( 0.0000000000000000000, 0.0000000000000000000, 1.000000000000000000 ) ) ;
#703 = ORIENTED_EDGE ( 'NONE', *, *, #1338, .T. ) ;
#704 = EDGE_LOOP ( 'NONE', ( #780, #1552 ) ) ;
#705 = DIRECTION ( 'NONE',  ( -1.000000000000000000, 0.0000000000000000000, 0.0000000000000000000 ) ) ;
#706 = VERTEX_POINT ( 'NONE', #490 ) ;
#707 = ORIENTED_EDGE ( 'NONE', *, *, #872, .T. ) ;
#708 = EDGE_CURVE ( 'NONE', #1764, #807, #218, .T. ) ;
#709 = FACE_BOUND ( 'NONE', #1820, .T. ) ;
#710 = VECTOR ( 'NONE', #2941, 1000.000000000000000 ) ;
#711 = EDGE_CURVE ( 'NONE', #2002, #992, #2886, .T. ) ;
#712 = ORIENTED_EDGE ( 'NONE', *, *, #2827, .T. ) ;
#713 = CONICAL_SURFACE ( 'NONE', #891, 4.255000000000001700, 0.7853981633974482800 ) ;
#714 = DATE_TIME_ROLE ( 'classification_date' ) ;
#715 = SHAPE_DEFINITION_REPRESENTATION ( #521, #611 ) ;
#716 = AXIS2_PLACEMENT_3D ( 'NONE', #1291, #572, #2279 ) ;
#717 = CIRCLE ( 'NONE', #2111, 7.500000000000000000 ) ;
#718 = CARTESIAN_POINT ( 'NONE',  ( 0.0000000000000000000, 0.4318000000000021300, 0.0000000000000000000 ) ) ;
#719 = DIRECTION ( 'NONE',  ( 0.0000000000000000000, 1.000000000000000000, 0.0000000000000000000 ) ) ;
#720 =( GEOMETRIC_REPRESENTATION_CONTEXT ( 3 ) GLOBAL_UNCERTAINTY_ASSIGNED_CONTEXT ( ( #1449 ) ) GLOBAL_UNIT_ASSIGNED_CONTEXT ( ( #2103, #1837, #2604 ) ) REPRESENTATION_CONTEXT ( 'NONE', 'WORKASPACE' ) );
#721 = VECTOR ( 'NONE', #2026, 1000.000000000000100 ) ;
#722 = ORIENTED_EDGE ( 'NONE', *, *, #361, .T. ) ;
#723 = CARTESIAN_POINT ( 'NONE',  ( 0.0000000000000000000, 4.395200000000000000, 0.0000000000000000000 ) ) ;
#724 = DIRECTION ( 'NONE',  ( -0.0000000000000000000, 1.000000000000000000, -0.0000000000000000000 ) ) ;
#725 = EDGE_CURVE ( 'NONE', #255, #287, #2385, .T. ) ;
#726 = CARTESIAN_POINT ( 'NONE',  ( 0.0000000000000000000, 0.2539999999999998900, 0.0000000000000000000 ) ) ;
#727 = PERSON_AND_ORGANIZATION ( #2267, #1980 ) ;
#728 = AXIS2_PLACEMENT_3D ( 'NONE', #220, #2633, #1004 ) ;
#729 = CARTESIAN_POINT ( 'NONE',  ( 7.748340298205305700E-016, 4.522199999999998000, -6.327000000000001700 ) ) ;
#730 = CIRCLE ( 'NONE', #1280, 5.680405122421381800 ) ;
#731 = CARTESIAN_POINT ( 'NONE',  ( 0.0000000000000000000, 0.0000000000000000000, 0.0000000000000000000 ) ) ;
#732 = AXIS2_PLACEMENT_3D ( 'NONE', #3061, #2086, #2360 ) ;
#733 = ORIENTED_EDGE ( 'NONE', *, *, #698, .F. ) ;
#734 = ORIENTED_EDGE ( 'NONE', *, *, #503, .F. ) ;
#735 = ORIENTED_EDGE ( 'NONE', *, *, #1768, .F. ) ;
#736 = ORIENTED_EDGE ( 'NONE', *, *, #708, .F. ) ;
#737 = VERTEX_POINT ( 'NONE', #991 ) ;
#738 = FACE_OUTER_BOUND ( 'NONE', #784, .T. ) ;
#739 = DIRECTION ( 'NONE',  ( 0.0000000000000000000, 0.0000000000000000000, -1.000000000000000000 ) ) ;
#740 = FACE_OUTER_BOUND ( 'NONE', #1352, .T. ) ;
#741 = APPROVAL ( #1119, 'UNSPECIFIED' ) ;
#742 = CARTESIAN_POINT ( 'NONE',  ( 0.0000000000000000000, 0.4318000000000021300, 6.072999999999999500 ) ) ;
#743 = EDGE_CURVE ( 'NONE', #1840, #764, #182, .T. ) ;
#744 = VERTEX_POINT ( 'NONE', #1209 ) ;
#745 = VECTOR ( 'NONE', #2736, 999.9999999999998900 ) ;
#746 = PERSON_AND_ORGANIZATION ( #2267, #1980 ) ;
#747 = CARTESIAN_POINT ( 'NONE',  ( 0.0000000000000000000, 4.950000000000000200, 0.0000000000000000000 ) ) ;
#748 = ORIENTED_EDGE ( 'NONE', *, *, #2196, .F. ) ;
#749 = CONICAL_SURFACE ( 'NONE', #3002, 6.200000000000000200, 0.7853981633974309600 ) ;
#750 = EDGE_CURVE ( 'NONE', #2272, #1779, #1581, .T. ) ;
#751 = FACE_OUTER_BOUND ( 'NONE', #2707, .T. ) ;
#752 = AXIS2_PLACEMENT_3D ( 'NONE', #1903, #3116, #2928 ) ;
#753 = ORIENTED_EDGE ( 'NONE', *, *, #1079, .F. ) ;
#754 = CARTESIAN_POINT ( 'NONE',  ( 3.985000684425491600E-016, 0.0000000000000000000, 3.254000000000003600 ) ) ;
#755 = CARTESIAN_POINT ( 'NONE',  ( 0.0000000000000000000, 0.3283948775786175200, 0.0000000000000000000 ) ) ;
#756 = DIRECTION ( 'NONE',  ( 0.0000000000000000000, 0.0000000000000000000, 1.000000000000000000 ) ) ;
#757 = CARTESIAN_POINT ( 'NONE',  ( 0.0000000000000000000, 1.524000000000000000, 0.0000000000000000000 ) ) ;
#758 = VERTEX_POINT ( 'NONE', #283 ) ;
#759 = DIRECTION ( 'NONE',  ( -0.0000000000000000000, 1.000000000000000000, -0.0000000000000000000 ) ) ;
#760 = DIRECTION ( 'NONE',  ( 8.659560562354969800E-017, -0.7071067811865444600, 0.7071067811865505700 ) ) ;
#761 = EDGE_CURVE ( 'NONE', #287, #929, #1164, .T. ) ;
#762 = DIRECTION ( 'NONE',  ( 0.0000000000000000000, 0.0000000000000000000, -1.000000000000000000 ) ) ;
#763 = CARTESIAN_POINT ( 'NONE',  ( 0.0000000000000000000, 0.0000000000000000000, 5.874999999999993800 ) ) ;
#764 = VERTEX_POINT ( 'NONE', #2684 ) ;
#765 = CARTESIAN_POINT ( 'NONE',  ( 0.0000000000000000000, 3.429999999999999700, 0.0000000000000000000 ) ) ;
#766 = ORIENTED_EDGE ( 'NONE', *, *, #1491, .F. ) ;
#767 = VERTEX_POINT ( 'NONE', #504 ) ;
#768 = DIRECTION ( 'NONE',  ( -0.0000000000000000000, 1.000000000000000000, -0.0000000000000000000 ) ) ;
#769 = AXIS2_PLACEMENT_3D ( 'NONE', #679, #457, #3150 ) ;
#770 = CARTESIAN_POINT ( 'NONE',  ( 8.416997450539758300E-016, 0.0000000000000000000, -6.745999999999998700 ) ) ;
#771 = DIRECTION ( 'NONE',  ( 0.6427876096865300400, 0.0000000000000000000, 0.7660444431189859000 ) ) ;
#772 = EDGE_LOOP ( 'NONE', ( #1020, #2184, #1387, #967 ) ) ;
#773 = AXIS2_PLACEMENT_3D ( 'NONE', #1216, #2939, #1245 ) ;
#774 = CARTESIAN_POINT ( 'NONE',  ( 0.0000000000000000000, 4.700000000000000200, 0.0000000000000000000 ) ) ;
#775 = CYLINDRICAL_SURFACE ( 'NONE', #2389, 4.501200000000001600 ) ;
#776 = FACE_OUTER_BOUND ( 'NONE', #2713, .T. ) ;
#777 = CALENDAR_DATE ( 2023, 4, 1 ) ;
#778 = CARTESIAN_POINT ( 'NONE',  ( 0.0000000000000000000, 4.395200000000000000, -5.860010244842764700 ) ) ;
#779 = PRODUCT_RELATED_PRODUCT_CATEGORY ( 'detail', '', ( #2748 ) ) ;
#780 = ORIENTED_EDGE ( 'NONE', *, *, #2554, .T. ) ;
#781 = FACE_BOUND ( 'NONE', #1042, .T. ) ;
#782 = CARTESIAN_POINT ( 'NONE',  ( 0.0000000000000000000, 0.3047999999999999000, 0.0000000000000000000 ) ) ;
#783 = EDGE_CURVE ( 'NONE', #2036, #1323, #589, .T. ) ;
#784 = EDGE_LOOP ( 'NONE', ( #1710, #2507, #2924, #593 ) ) ;
#785 = EDGE_LOOP ( 'NONE', ( #734, #809 ) ) ;
#786 = FACE_OUTER_BOUND ( 'NONE', #432, .T. ) ;
#787 = DIRECTION ( 'NONE',  ( -0.0000000000000000000, -0.0000000000000000000, -1.000000000000000000 ) ) ;
#788 = DIRECTION ( 'NONE',  ( 0.0000000000000000000, 0.0000000000000000000, 1.000000000000000000 ) ) ;
#789 = LINE ( 'NONE', #1037, #721 ) ;
#790 = DIRECTION ( 'NONE',  ( -0.0000000000000000000, 1.000000000000000000, -0.0000000000000000000 ) ) ;
#791 = ORIENTED_EDGE ( 'NONE', *, *, #693, .F. ) ;
#792 = ADVANCED_FACE ( 'NONE', ( #940 ), #2163, .T. ) ;
#793 = AXIS2_PLACEMENT_3D ( 'NONE', #1651, #2648, #416 ) ;
#794 = AXIS2_PLACEMENT_3D ( 'NONE', #718, #1890, #3120 ) ;
#795 = DIRECTION ( 'NONE',  ( 0.0000000000000000000, 1.000000000000000000, 0.0000000000000000000 ) ) ;
#796 = DIRECTION ( 'NONE',  ( 0.0000000000000000000, 0.0000000000000000000, -1.000000000000000000 ) ) ;
#797 = CARTESIAN_POINT ( 'NONE',  ( 3.985000684425483200E-016, 5.000000000000000000, -3.253999999999996900 ) ) ;
#798 = VERTEX_POINT ( 'NONE', #968 ) ;
#799 = CARTESIAN_POINT ( 'NONE',  ( 0.0000000000000000000, 0.0000000000000000000, -5.874999999999999100 ) ) ;
#800 = LOCAL_TIME ( 15, 25, 8.000000000000000000, #876 ) ;
#801 = APPROVAL_DATE_TIME ( #310, #2124 ) ;
#802 = CARTESIAN_POINT ( 'NONE',  ( 0.0000000000000000000, 0.3047999999999999000, 0.0000000000000000000 ) ) ;
#803 = EDGE_CURVE ( 'NONE', #1424, #1472, #3117, .T. ) ;
#804 = FACE_OUTER_BOUND ( 'NONE', #2395, .T. ) ;
#805 = PLANE ( 'NONE',  #62 ) ;
#806 = EDGE_CURVE ( 'NONE', #1912, #2477, #1811, .T. ) ;
#807 = VERTEX_POINT ( 'NONE', #1235 ) ;
#808 = CARTESIAN_POINT ( 'NONE',  ( 7.592810154713589800E-016, 4.950000000000000200, -6.200000000000000200 ) ) ;
#809 = ORIENTED_EDGE ( 'NONE', *, *, #2973, .F. ) ;
#810 = DIRECTION ( 'NONE',  ( -1.000000000000000000, 0.0000000000000000000, 0.0000000000000000000 ) ) ;
#811 = ORIENTED_EDGE ( 'NONE', *, *, #138, .T. ) ;
#812 = AXIS2_PLACEMENT_3D ( 'NONE', #1995, #53, #288 ) ;
#813 = VERTEX_POINT ( 'NONE', #241 ) ;
#814 = ORIENTED_EDGE ( 'NONE', *, *, #2853, .T. ) ;
#815 = CARTESIAN_POINT ( 'NONE',  ( 0.0000000000000000000, 4.000000000000000000, 6.745999999999999600 ) ) ;
#816 = ORIENTED_EDGE ( 'NONE', *, *, #2629, .F. ) ;
#817 = LINE ( 'NONE', #1852, #2835 ) ;
#818 = CARTESIAN_POINT ( 'NONE',  ( -6.860961227543132300E-016, 0.3283948775786175200, 5.524394877578618700 ) ) ;
#819 = CARTESIAN_POINT ( 'NONE',  ( 0.0000000000000000000, 4.522199999999998000, 6.327000000000001700 ) ) ;
#820 = VECTOR ( 'NONE', #1378, 1000.000000000000000 ) ;
#821 = PERSON ( 'NAUO-PER3', 'UNSPECIFIED', 'UNSPECIFIED', ('UNSPECIFIED'), ('UNSPECIFIED'), ('UNSPECIFIED') ) ;
#822 = ORIENTED_EDGE ( 'NONE', *, *, #887, .F. ) ;
#823 = CIRCLE ( 'NONE', #1549, 4.501200000000001600 ) ;
#824 = LINE ( 'NONE', #828, #1313 ) ;
#825 = CARTESIAN_POINT ( 'NONE',  ( 0.0000000000000000000, 4.649200000000000400, 0.0000000000000000000 ) ) ;
#826 = VERTEX_POINT ( 'NONE', #797 ) ;
#827 = CYLINDRICAL_SURFACE ( 'NONE', #1481, 7.000000000000000900 ) ;
#828 = CARTESIAN_POINT ( 'NONE',  ( 15.75000000000000000, 1.928818708657081300E-015, 5.874999999999993800 ) ) ;
#829 = CIRCLE ( 'NONE', #1555, 8.000000000000000000 ) ;
#830 = DIRECTION ( 'NONE',  ( 0.0000000000000000000, 0.0000000000000000000, 1.000000000000000000 ) ) ;
#831 = EDGE_CURVE ( 'NONE', #989, #2352, #3031, .T. ) ;
#832 = CARTESIAN_POINT ( 'NONE',  ( 0.0000000000000000000, 4.522199999999998000, 0.0000000000000000000 ) ) ;
#833 = AXIS2_PLACEMENT_3D ( 'NONE', #2933, #1740, #2208 ) ;
#834 = ORIENTED_EDGE ( 'NONE', *, *, #2000, .F. ) ;
#835 = CARTESIAN_POINT ( 'NONE',  ( 0.0000000000000000000, 0.1699999999999991500, -4.425000000000000700 ) ) ;
#836 = AXIS2_PLACEMENT_3D ( 'NONE', #2113, #2543, #367 ) ;
#837 = AXIS2_PLACEMENT_3D ( 'NONE', #2108, #156, #628 ) ;
#838 = DIRECTION ( 'NONE',  ( -1.000000000000000000, 0.0000000000000000000, 0.0000000000000000000 ) ) ;
#839 = APPROVAL_DATE_TIME ( #467, #957 ) ;
#840 = CARTESIAN_POINT ( 'NONE',  ( 0.0000000000000000000, 0.4318000000000021300, 6.200000000000001100 ) ) ;
#841 = CC_DESIGN_PERSON_AND_ORGANIZATION_ASSIGNMENT ( #2031, #2329, ( #2748 ) ) ;
#842 = ORIENTED_EDGE ( 'NONE', *, *, #1486, .T. ) ;
#843 = EDGE_CURVE ( 'NONE', #1466, #2810, #2758, .T. ) ;
#844 =( NAMED_UNIT ( * ) PLANE_ANGLE_UNIT ( ) SI_UNIT ( $, .RADIAN. ) );
#845 = DIRECTION ( 'NONE',  ( 0.0000000000000000000, 1.000000000000000000, 0.0000000000000000000 ) ) ;
#846 = VERTEX_POINT ( 'NONE', #808 ) ;
#847 = ORIENTED_EDGE ( 'NONE', *, *, #2146, .F. ) ;
#848 = ADVANCED_FACE ( 'NONE', ( #519 ), #63, .T. ) ;
#849 = EDGE_CURVE ( 'NONE', #1769, #1973, #292, .T. ) ;
#850 = DIRECTION ( 'NONE',  ( 1.000000000000000000, 0.0000000000000000000, -0.0000000000000000000 ) ) ;
#851 = ORIENTED_EDGE ( 'NONE', *, *, #1873, .F. ) ;
#852 = DIRECTION ( 'NONE',  ( -1.000000000000000000, 0.0000000000000000000, 0.0000000000000000000 ) ) ;
#853 = AXIS2_PLACEMENT_3D ( 'NONE', #51, #2470, #1523 ) ;
#854 = VECTOR ( 'NONE', #1827, 1000.000000000000000 ) ;
#855 = CARTESIAN_POINT ( 'NONE',  ( 0.0000000000000000000, 0.2540000000000000000, -4.425000000000000700 ) ) ;
#856 = CARTESIAN_POINT ( 'NONE',  ( 7.592810154713589800E-016, 0.05000000000000576900, 6.200000000000000200 ) ) ;
#857 = ADVANCED_FACE ( 'NONE', ( #2305 ), #1513, .T. ) ;
#858 = VECTOR ( 'NONE', #2514, 1000.000000000000000 ) ;
#859 = LOCAL_TIME ( 15, 25, 8.000000000000000000, #2306 ) ;
#860 =( NAMED_UNIT ( * ) SI_UNIT ( $, .STERADIAN. ) SOLID_ANGLE_UNIT ( ) );
#861 = DIRECTION ( 'NONE',  ( 0.0000000000000000000, 0.0000000000000000000, 1.000000000000000000 ) ) ;
#862 = VERTEX_POINT ( 'NONE', #2749 ) ;
#863 = FACE_OUTER_BOUND ( 'NONE', #2847, .T. ) ;
#864 = CARTESIAN_POINT ( 'NONE',  ( 0.0000000000000000000, 4.953999999999999700, 0.0000000000000000000 ) ) ;
#865 = CIRCLE ( 'NONE', #2740, 15.75000000000000000 ) ;
#866 = EDGE_CURVE ( 'NONE', #2828, #255, #2488, .T. ) ;
#867 = DIRECTION ( 'NONE',  ( 0.0000000000000000000, 1.000000000000000000, 0.0000000000000000000 ) ) ;
#868 = FACE_OUTER_BOUND ( 'NONE', #2380, .T. ) ;
#869 = DIRECTION ( 'NONE',  ( 0.0000000000000000000, 0.0000000000000000000, 1.000000000000000000 ) ) ;
#870 = VERTEX_POINT ( 'NONE', #1794 ) ;
#871 = DIRECTION ( 'NONE',  ( 0.0000000000000000000, 0.0000000000000000000, 1.000000000000000000 ) ) ;
#872 = EDGE_CURVE ( 'NONE', #3020, #57, #139, .T. ) ;
#873 = CARTESIAN_POINT ( 'NONE',  ( 0.0000000000000000000, 0.0000000000000000000, 0.0000000000000000000 ) ) ;
#874 = DIRECTION ( 'NONE',  ( 0.0000000000000000000, 0.0000000000000000000, 1.000000000000000000 ) ) ;
#875 = AXIS2_PLACEMENT_3D ( 'NONE', #2251, #309, #1052 ) ;
#876 = COORDINATED_UNIVERSAL_TIME_OFFSET ( 6, 0, .BEHIND. ) ;
#877 = DIRECTION ( 'NONE',  ( 0.0000000000000000000, 0.0000000000000000000, 1.000000000000000000 ) ) ;
#878 = AXIS2_PLACEMENT_3D ( 'NONE', #1928, #691, #1194 ) ;
#879 = COORDINATED_UNIVERSAL_TIME_OFFSET ( 6, 0, .BEHIND. ) ;
#880 = DIRECTION ( 'NONE',  ( 1.000000000000000000, 0.0000000000000000000, 0.0000000000000000000 ) ) ;
#881 = CARTESIAN_POINT ( 'NONE',  ( 0.0000000000000000000, 1.524000000000000000, 0.0000000000000000000 ) ) ;
#882 = LINE ( 'NONE', #1184, #1103 ) ;
#883 = ORIENTED_EDGE ( 'NONE', *, *, #1198, .T. ) ;
#884 = ORIENTED_EDGE ( 'NONE', *, *, #2000, .T. ) ;
#885 = CARTESIAN_POINT ( 'NONE',  ( 7.000000000000000900, 8.572527594031474200E-016, 0.0000000000000000000 ) ) ;
#886 = CARTESIAN_POINT ( 'NONE',  ( -6.200000000000000200, 4.522199999999998000, 0.0000000000000000000 ) ) ;
#887 = EDGE_CURVE ( 'NONE', #1057, #181, #1738, .T. ) ;
#888 = ORIENTED_EDGE ( 'NONE', *, *, #81, .F. ) ;
#889 = EDGE_LOOP ( 'NONE', ( #2198, #1263, #2760, #279 ) ) ;
#890 = DIRECTION ( 'NONE',  ( 0.0000000000000000000, 0.0000000000000000000, 1.000000000000000000 ) ) ;
#891 = AXIS2_PLACEMENT_3D ( 'NONE', #694, #2369, #933 ) ;
#892 = ORIENTED_EDGE ( 'NONE', *, *, #1053, .F. ) ;
#893 = FACE_OUTER_BOUND ( 'NONE', #1195, .T. ) ;
#894 = CARTESIAN_POINT ( 'NONE',  ( 0.0000000000000000000, 0.0000000000000000000, 6.000000000000000900 ) ) ;
#895 = DIRECTION ( 'NONE',  ( -0.0000000000000000000, -1.000000000000000000, -0.0000000000000000000 ) ) ;
#896 = CARTESIAN_POINT ( 'NONE',  ( 0.0000000000000000000, 0.0000000000000000000, 0.0000000000000000000 ) ) ;
#897 = TOROIDAL_SURFACE ( 'NONE', #1430, 5.860010244842764700, 0.2540000000000000000 ) ;
#898 = AXIS2_PLACEMENT_3D ( 'NONE', #896, #1370, #1612 ) ;
#899 = CARTESIAN_POINT ( 'NONE',  ( 8.000000000000000000, 9.797174393178825700E-016, -4.999999999999998200 ) ) ;
#900 = DIRECTION ( 'NONE',  ( 0.0000000000000000000, -1.000000000000000000, 0.0000000000000000000 ) ) ;
#901 = ORIENTED_EDGE ( 'NONE', *, *, #19, .T. ) ;
#902 = CYLINDRICAL_SURFACE ( 'NONE', #1055, 6.200000000000000200 ) ;
#903 = VECTOR ( 'NONE', #2512, 1000.000000000000000 ) ;
#904 = ORIENTED_EDGE ( 'NONE', *, *, #118, .F. ) ;
#905 = ORIENTED_EDGE ( 'NONE', *, *, #1410, .T. ) ;
#906 = DATE_TIME_ROLE ( 'creation_date' ) ;
#907 = CIRCLE ( 'NONE', #1705, 0.2539999999999998900 ) ;
#908 = DIRECTION ( 'NONE',  ( 0.0000000000000000000, -0.7071067811865444600, -0.7071067811865505700 ) ) ;
#909 = ADVANCED_FACE ( 'NONE', ( #1979 ), #902, .F. ) ;
#910 = ORIENTED_EDGE ( 'NONE', *, *, #2196, .T. ) ;
#911 = DIRECTION ( 'NONE',  ( -1.000000000000000000, 0.0000000000000000000, 0.0000000000000000000 ) ) ;
#912 = LINE ( 'NONE', #558, #372 ) ;
#913 = CARTESIAN_POINT ( 'NONE',  ( 5.419062086227039400E-016, 1.524000000000000000, 4.425000000000000700 ) ) ;
#914 = SECURITY_CLASSIFICATION ( '', '', #2341 ) ;
#915 = VERTEX_POINT ( 'NONE', #1772 ) ;
#916 = EDGE_CURVE ( 'NONE', #2991, #989, #1017, .T. ) ;
#917 = CARTESIAN_POINT ( 'NONE',  ( 0.0000000000000000000, 0.4318000000000021300, 0.0000000000000000000 ) ) ;
#918 = APPLICATION_CONTEXT ( 'configuration controlled 3d designs of mechanical parts and assemblies' ) ;
#919 = EDGE_CURVE ( 'NONE', #1197, #3077, #2227, .T. ) ;
#920 = CARTESIAN_POINT ( 'NONE',  ( 0.0000000000000000000, 5.000000000000000000, 0.0000000000000000000 ) ) ;
#921 = DIRECTION ( 'NONE',  ( 1.000000000000000000, 0.0000000000000000000, 0.0000000000000000000 ) ) ;
#922 = AXIS2_PLACEMENT_3D ( 'NONE', #1914, #245, #1957 ) ;
#923 = APPROVAL_DATE_TIME ( #2211, #2436 ) ;
#924 = SECURITY_CLASSIFICATION_LEVEL ( 'unclassified' ) ;
#925 = PLANE ( 'NONE',  #547 ) ;
#926 = ORIENTED_EDGE ( 'NONE', *, *, #743, .F. ) ;
#927 = CARTESIAN_POINT ( 'NONE',  ( 8.572527594031473200E-016, 0.2539999999999998900, 7.000000000000000000 ) ) ;
#928 = CARTESIAN_POINT ( 'NONE',  ( 0.0000000000000000000, 0.05000000000000576900, 0.0000000000000000000 ) ) ;
#929 = VERTEX_POINT ( 'NONE', #1272 ) ;
#930 = ORIENTED_EDGE ( 'NONE', *, *, #1512, .T. ) ;
#931 = EDGE_CURVE ( 'NONE', #992, #2002, #823, .T. ) ;
#932 = EDGE_LOOP ( 'NONE', ( #318, #1308, #2502, #3026 ) ) ;
#933 = DIRECTION ( 'NONE',  ( 0.0000000000000000000, 0.0000000000000000000, 1.000000000000000000 ) ) ;
#934 = CC_DESIGN_PERSON_AND_ORGANIZATION_ASSIGNMENT ( #161, #2890, ( #3028 ) ) ;
#935 = EDGE_CURVE ( 'NONE', #2310, #1537, #3151, .T. ) ;
#936 = VECTOR ( 'NONE', #142, 1000.000000000000000 ) ;
#937 = DATE_TIME_ROLE ( 'classification_date' ) ;
#938 = DIRECTION ( 'NONE',  ( 0.0000000000000000000, 0.0000000000000000000, 1.000000000000000000 ) ) ;
#939 = AXIS2_PLACEMENT_3D ( 'NONE', #513, #1686, #699 ) ;
#940 = FACE_OUTER_BOUND ( 'NONE', #505, .T. ) ;
#941 = PERSON_AND_ORGANIZATION ( #2267, #1980 ) ;
#942 = DIRECTION ( 'NONE',  ( 0.0000000000000000000, -1.000000000000000000, 0.0000000000000000000 ) ) ;
#943 = DIRECTION ( 'NONE',  ( -0.0000000000000000000, -0.0000000000000000000, -1.000000000000000000 ) ) ;
#944 = CARTESIAN_POINT ( 'NONE',  ( 0.0000000000000000000, 4.522199999999998000, 0.0000000000000000000 ) ) ;
#945 = ORIENTED_EDGE ( 'NONE', *, *, #1807, .T. ) ;
#946 = VECTOR ( 'NONE', #645, 1000.000000000000100 ) ;
#947 = CYLINDRICAL_SURFACE ( 'NONE', #2241, 7.000000000000000000 ) ;
#948 = CC_DESIGN_PERSON_AND_ORGANIZATION_ASSIGNMENT ( #1403, #2580, ( #1536 ) ) ;
#949 = CARTESIAN_POINT ( 'NONE',  ( -15.62499999999999300, 0.0000000000000000000, 6.000000000000000900 ) ) ;
#950 = AXIS2_PLACEMENT_3D ( 'NONE', #1013, #768, #2232 ) ;
#951 = EDGE_LOOP ( 'NONE', ( #1500, #322, #1279, #851 ) ) ;
#952 = CYLINDRICAL_SURFACE ( 'NONE', #2368, 4.425000000000000700 ) ;
#953 = DIRECTION ( 'NONE',  ( -8.659560562354908200E-017, 0.7071067811865493500, 0.7071067811865455700 ) ) ;
#954 = CIRCLE ( 'NONE', #2520, 6.327000000000000000 ) ;
#955 = ORIENTED_EDGE ( 'NONE', *, *, #1713, .F. ) ;
#956 = DIRECTION ( 'NONE',  ( -0.0000000000000000000, 1.000000000000000000, -0.0000000000000000000 ) ) ;
#957 = APPROVAL ( #3146, 'UNKNOWN' ) ;
#958 = EDGE_CURVE ( 'NONE', #737, #147, #1936, .T. ) ;
#959 = ORIENTED_EDGE ( 'NONE', *, *, #1062, .T. ) ;
#960 =( REPRESENTATION_RELATIONSHIP ('NONE','NONE', #1954, #2803 ) REPRESENTATION_RELATIONSHIP_WITH_TRANSFORMATION ( #695 )SHAPE_REPRESENTATION_RELATIONSHIP( ) );
#961 = CARTESIAN_POINT ( 'NONE',  ( 0.0000000000000000000, 4.700000000000000200, 0.0000000000000000000 ) ) ;
#962 = PERSON_AND_ORGANIZATION ( #2267, #1980 ) ;
#963 = DIRECTION ( 'NONE',  ( 0.0000000000000000000, 0.0000000000000000000, 1.000000000000000000 ) ) ;
#964 = AXIS2_PLACEMENT_3D ( 'NONE', #285, #2245, #788 ) ;
#965 = CARTESIAN_POINT ( 'NONE',  ( 8.572527594031473200E-016, 0.2539999999999998900, -7.000000000000000000 ) ) ;
#966 = AXIS2_PLACEMENT_3D ( 'NONE', #2627, #2906, #204 ) ;
#967 = ORIENTED_EDGE ( 'NONE', *, *, #1634, .F. ) ;
#968 = CARTESIAN_POINT ( 'NONE',  ( 15.62500000000000000, 0.0000000000000000000, -5.999999999999999100 ) ) ;
#969 = ORIENTED_EDGE ( 'NONE', *, *, #2496, .T. ) ;
#970 = ORIENTED_EDGE ( 'NONE', *, *, #670, .T. ) ;
#971 = VERTEX_POINT ( 'NONE', #2073 ) ;
#972 = ORIENTED_EDGE ( 'NONE', *, *, #1087, .F. ) ;
#973 = CC_DESIGN_APPROVAL ( #957, ( #355 ) ) ;
#974 = CARTESIAN_POINT ( 'NONE',  ( 1.321694076934710800E-015, 0.0000000000000000000, 6.000000000000000900 ) ) ;
#975 = DIRECTION ( 'NONE',  ( 0.0000000000000000000, 0.0000000000000000000, -1.000000000000000000 ) ) ;
#976 = ORIENTED_EDGE ( 'NONE', *, *, #2039, .F. ) ;
#977 = CIRCLE ( 'NONE', #2025, 6.200000000000000200 ) ;
#978 = CARTESIAN_POINT ( 'NONE',  ( 0.0000000000000000000, 3.429999999999999700, 0.0000000000000000000 ) ) ;
#979 = CIRCLE ( 'NONE', #2903, 3.254000000000003600 ) ;
#980 = EDGE_CURVE ( 'NONE', #2810, #3077, #2050, .T. ) ;
#981 = ORIENTED_EDGE ( 'NONE', *, *, #1134, .T. ) ;
#982 = FACE_OUTER_BOUND ( 'NONE', #1003, .T. ) ;
#983 = CYLINDRICAL_SURFACE ( 'NONE', #2150, 8.000000000000000000 ) ;
#984 = DIRECTION ( 'NONE',  ( 0.0000000000000000000, 0.0000000000000000000, -1.000000000000000000 ) ) ;
#985 = AXIS2_PLACEMENT_3D ( 'NONE', #45, #2201, #501 ) ;
#986 = ORIENTED_EDGE ( 'NONE', *, *, #2645, .F. ) ;
#987 = FACE_OUTER_BOUND ( 'NONE', #932, .T. ) ;
#988 = AXIS2_PLACEMENT_3D ( 'NONE', #2222, #1520, #41 ) ;
#989 = VERTEX_POINT ( 'NONE', #565 ) ;
#990 = FACE_OUTER_BOUND ( 'NONE', #1089, .T. ) ;
#991 = CARTESIAN_POINT ( 'NONE',  ( -4.652187903061600200, 0.4318000000000021300, 3.903649153626296300 ) ) ;
#992 = VERTEX_POINT ( 'NONE', #343 ) ;
#993 = CARTESIAN_POINT ( 'NONE',  ( 8.000000000000000000, 9.797174393178825700E-016, 0.0000000000000000000 ) ) ;
#994 = CARTESIAN_POINT ( 'NONE',  ( 0.0000000000000000000, 4.700000000000000200, 4.425000000000000700 ) ) ;
#995 = DIRECTION ( 'NONE',  ( -0.0000000000000000000, -1.000000000000000000, -0.0000000000000000000 ) ) ;
#996 = EDGE_CURVE ( 'NONE', #1466, #1197, #105, .T. ) ;
#997 = DIRECTION ( 'NONE',  ( -1.000000000000000000, -1.224646799147353500E-016, 0.0000000000000000000 ) ) ;
#998 = APPROVAL_DATE_TIME ( #2735, #2596 ) ;
#999 = AXIS2_PLACEMENT_3D ( 'NONE', #121, #1560, #2807 ) ;
#1000 = DIRECTION ( 'NONE',  ( 1.000000000000000000, 0.0000000000000000000, 0.0000000000000000000 ) ) ;
#1001 =( GEOMETRIC_REPRESENTATION_CONTEXT ( 3 ) GLOBAL_UNCERTAINTY_ASSIGNED_CONTEXT ( ( #3088 ) ) GLOBAL_UNIT_ASSIGNED_CONTEXT ( ( #359, #2081, #860 ) ) REPRESENTATION_CONTEXT ( 'NONE', 'WORKASPACE' ) );
#1002 = DIRECTION ( 'NONE',  ( 0.0000000000000000000, 0.0000000000000000000, 1.000000000000000000 ) ) ;
#1003 = EDGE_LOOP ( 'NONE', ( #2833, #603 ) ) ;
#1004 = DIRECTION ( 'NONE',  ( -1.000000000000000000, 0.0000000000000000000, 0.0000000000000000000 ) ) ;
#1005 = EDGE_CURVE ( 'NONE', #2745, #1225, #676, .T. ) ;
#1006 = EDGE_LOOP ( 'NONE', ( #1899, #1265, #1412, #2518 ) ) ;
#1007 = CARTESIAN_POINT ( 'NONE',  ( -15.62500000000000000, 1.913510623667739500E-015, -5.999999999999999100 ) ) ;
#1008 = EDGE_LOOP ( 'NONE', ( #2556, #1468, #47, #2448 ) ) ;
#1009 = VERTEX_POINT ( 'NONE', #1800 ) ;
#1010 = DIRECTION ( 'NONE',  ( -0.0000000000000000000, 1.000000000000000000, -0.0000000000000000000 ) ) ;
#1011 = CYLINDRICAL_SURFACE ( 'NONE', #2953, 7.000000000000000900 ) ;
#1012 = CC_DESIGN_SECURITY_CLASSIFICATION ( #914, ( #607 ) ) ;
#1013 = CARTESIAN_POINT ( 'NONE',  ( 0.0000000000000000000, 0.5588000000000025200, 0.0000000000000000000 ) ) ;
#1014 = CARTESIAN_POINT ( 'NONE',  ( 7.176442789317389400E-016, 4.649200000000000400, 5.860010244842764700 ) ) ;
#1015 = CARTESIAN_POINT ( 'NONE',  ( 0.0000000000000000000, 0.4844051224213814500, -5.680405122421381000 ) ) ;
#1016 = EDGE_CURVE ( 'NONE', #55, #1982, #2530, .T. ) ;
#1017 = CIRCLE ( 'NONE', #674, 5.524394877578616900 ) ;
#1018 = APPROVAL_DATE_TIME ( #2386, #741 ) ;
#1019 = DIRECTION ( 'NONE',  ( -0.0000000000000000000, -0.0000000000000000000, -1.000000000000000000 ) ) ;
#1020 = ORIENTED_EDGE ( 'NONE', *, *, #1079, .T. ) ;
#1021 = FACE_BOUND ( 'NONE', #1298, .T. ) ;
#1022 = FACE_OUTER_BOUND ( 'NONE', #7, .T. ) ;
#1023 = EDGE_CURVE ( 'NONE', #2077, #1817, #2717, .T. ) ;
#1024 = VECTOR ( 'NONE', #2809, 1000.000000000000100 ) ;
#1025 = AXIS2_PLACEMENT_3D ( 'NONE', #886, #1080, #1824 ) ;
#1026 = VERTEX_POINT ( 'NONE', #2055 ) ;
#1027 = DIRECTION ( 'NONE',  ( 0.7660444431189859000, 0.0000000000000000000, -0.6427876096865300400 ) ) ;
#1028 = CARTESIAN_POINT ( 'NONE',  ( -6.608470384673548100E-016, 0.0000000000000000000, -5.999999999999999100 ) ) ;
#1029 = CIRCLE ( 'NONE', #2048, 6.745999999999998700 ) ;
#1030 = ITEM_DEFINED_TRANSFORMATION ( 'NONE', 'NONE', #2503,  #1258 ) ;
#1031 = CARTESIAN_POINT ( 'NONE',  ( 0.0000000000000000000, 3.429999999999999700, 0.0000000000000000000 ) ) ;
#1032 = DATE_AND_TIME ( #1292, #1567 ) ;
#1033 = EDGE_CURVE ( 'NONE', #435, #1779, #1438, .T. ) ;
#1034 = DIRECTION ( 'NONE',  ( 1.000000000000000000, 0.0000000000000000000, 0.0000000000000000000 ) ) ;
#1035 = CIRCLE ( 'NONE', #1223, 4.255000000000001700 ) ;
#1036 = AXIS2_PLACEMENT_3D ( 'NONE', #3101, #2104, #2372 ) ;
#1037 = CARTESIAN_POINT ( 'NONE',  ( 0.0000000000000000000, 0.0000000000000000000, 4.255000000000001700 ) ) ;
#1038 = EDGE_LOOP ( 'NONE', ( #1346, #1333 ) ) ;
#1039 = ORIENTED_EDGE ( 'NONE', *, *, #2102, .F. ) ;
#1040 = AXIS2_PLACEMENT_3D ( 'NONE', #2923, #1489, #975 ) ;
#1041 = DIRECTION ( 'NONE',  ( -1.000000000000000000, 0.0000000000000000000, 0.0000000000000000000 ) ) ;
#1042 = EDGE_LOOP ( 'NONE', ( #1576, #1659 ) ) ;
#1043 = EDGE_LOOP ( 'NONE', ( #665, #1317, #107, #1970 ) ) ;
#1044 = ORIENTED_EDGE ( 'NONE', *, *, #1416, .T. ) ;
#1045 = FACE_OUTER_BOUND ( 'NONE', #1297, .T. ) ;
#1046 = FACE_BOUND ( 'NONE', #2141, .T. ) ;
#1047 = DIRECTION ( 'NONE',  ( 0.0000000000000000000, -0.7071067811865493500, -0.7071067811865455700 ) ) ;
#1048 = MANIFOLD_SOLID_BREP ( 'Chamfer4', #36 ) ;
#1049 = LINE ( 'NONE', #3051, #144 ) ;
#1050 = SHAPE_REPRESENTATION_RELATIONSHIP ( 'NONE' , 'NONE' ,  #2803, #1960 ) ;
#1051 = DIRECTION ( 'NONE',  ( 0.0000000000000000000, 1.000000000000000000, 0.0000000000000000000 ) ) ;
#1052 = DIRECTION ( 'NONE',  ( 0.0000000000000000000, 0.0000000000000000000, -1.000000000000000000 ) ) ;
#1053 = EDGE_CURVE ( 'NONE', #706, #862, #1312, .T. ) ;
#1054 = FACE_OUTER_BOUND ( 'NONE', #680, .T. ) ;
#1055 = AXIS2_PLACEMENT_3D ( 'NONE', #774, #2994, #2225 ) ;
#1056 = LINE ( 'NONE', #1068, #1131 ) ;
#1057 = VERTEX_POINT ( 'NONE', #1354 ) ;
#1058 = AXIS2_PLACEMENT_3D ( 'NONE', #345, #2289, #1065 ) ;
#1059 = CARTESIAN_POINT ( 'NONE',  ( 0.0000000000000000000, 5.000000000000000000, 3.253999999999996900 ) ) ;
#1060 = CC_DESIGN_DATE_AND_TIME_ASSIGNMENT ( #346, #714, ( #1177 ) ) ;
#1061 = COORDINATED_UNIVERSAL_TIME_OFFSET ( 6, 0, .BEHIND. ) ;
#1062 = EDGE_CURVE ( 'NONE', #807, #18, #1897, .T. ) ;
#1063 = EDGE_CURVE ( 'NONE', #1472, #1817, #2954, .T. ) ;
#1064 = ORIENTED_EDGE ( 'NONE', *, *, #2264, .T. ) ;
#1065 = DIRECTION ( 'NONE',  ( -1.000000000000000000, 0.0000000000000000000, 0.0000000000000000000 ) ) ;
#1066 = ORIENTED_EDGE ( 'NONE', *, *, #2513, .F. ) ;
#1067 = EDGE_LOOP ( 'NONE', ( #622, #434, #2189, #1437 ) ) ;
#1068 = CARTESIAN_POINT ( 'NONE',  ( -8.000000000000000000, 0.0000000000000000000, 0.0000000000000000000 ) ) ;
#1069 = ORIENTED_EDGE ( 'NONE', *, *, #1648, .T. ) ;
#1070 = EDGE_LOOP ( 'NONE', ( #1210, #331, #2296, #2001 ) ) ;
#1071 = DIRECTION ( 'NONE',  ( -0.0000000000000000000, -0.0000000000000000000, -1.000000000000000000 ) ) ;
#1072 = DIRECTION ( 'NONE',  ( 1.000000000000000000, 0.0000000000000000000, 0.0000000000000000000 ) ) ;
#1073 = ORIENTED_EDGE ( 'NONE', *, *, #342, .F. ) ;
#1074 = FACE_OUTER_BOUND ( 'NONE', #1526, .T. ) ;
#1075 = DIRECTION ( 'NONE',  ( 0.0000000000000000000, -1.000000000000000000, 0.0000000000000000000 ) ) ;
#1076 = CARTESIAN_POINT ( 'NONE',  ( 3.673940397442060400E-016, 4.746000000000004000, -3.000000000000000400 ) ) ;
#1077 = VECTOR ( 'NONE', #1993, 1000.000000000000100 ) ;
#1078 = CALENDAR_DATE ( 2023, 4, 1 ) ;
#1079 = EDGE_CURVE ( 'NONE', #3148, #282, #588, .T. ) ;
#1080 = DIRECTION ( 'NONE',  ( 0.0000000000000000000, 0.0000000000000000000, 1.000000000000000000 ) ) ;
#1081 = ADVANCED_FACE ( 'NONE', ( #102 ), #484, .F. ) ;
#1082 = CIRCLE ( 'NONE', #294, 8.125000000000000000 ) ;
#1083 = CIRCLE ( 'NONE', #1930, 6.327000000000001700 ) ;
#1084 = CARTESIAN_POINT ( 'NONE',  ( 6.545479665768873200E-016, 0.5080000000000000100, 5.344789755157235000 ) ) ;
#1085 = VECTOR ( 'NONE', #2584, 1000.000000000000000 ) ;
#1086 = DIRECTION ( 'NONE',  ( 0.0000000000000000000, 0.0000000000000000000, 1.000000000000000000 ) ) ;
#1087 = EDGE_CURVE ( 'NONE', #1197, #1466, #1627, .T. ) ;
#1088 = ADVANCED_FACE ( 'NONE', ( #1046, #1667 ), #2142, .F. ) ;
#1089 = EDGE_LOOP ( 'NONE', ( #2121, #1661, #969, #3070 ) ) ;
#1090 = ADVANCED_FACE ( 'NONE', ( #556, #289 ), #2098, .T. ) ;
#1091 = TOROIDAL_SURFACE ( 'NONE', #3149, 6.200000000000001100, 0.1270000000000013600 ) ;
#1092 = AXIS2_PLACEMENT_3D ( 'NONE', #2711, #544, #762 ) ;
#1093 = DIRECTION ( 'NONE',  ( 0.7071067811865474600, 8.659560562354932900E-017, -0.7071067811865474600 ) ) ;
#1094 = DIRECTION ( 'NONE',  ( 0.0000000000000000000, 0.0000000000000000000, 1.000000000000000000 ) ) ;
#1095 = COORDINATED_UNIVERSAL_TIME_OFFSET ( 6, 0, .BEHIND. ) ;
#1096 = ADVANCED_FACE ( 'NONE', ( #672 ), #1011, .F. ) ;
#1097 = DIRECTION ( 'NONE',  ( -0.0000000000000000000, -1.000000000000000000, -0.0000000000000000000 ) ) ;
#1098 = DIRECTION ( 'NONE',  ( -0.0000000000000000000, 1.000000000000000000, -0.0000000000000000000 ) ) ;
#1099 = PERSON_AND_ORGANIZATION ( #2267, #1980 ) ;
#1100 = ADVANCED_FACE ( 'NONE', ( #1398 ), #3074, .F. ) ;
#1101 = CARTESIAN_POINT ( 'NONE',  ( 0.0000000000000000000, 0.0000000000000000000, -5.874999999999999100 ) ) ;
#1102 = PRODUCT_RELATED_PRODUCT_CATEGORY ( 'detail', '', ( #1536 ) ) ;
#1103 = VECTOR ( 'NONE', #956, 1000.000000000000000 ) ;
#1104 = EDGE_CURVE ( 'NONE', #2521, #826, #2789, .T. ) ;
#1105 = APPLICATION_PROTOCOL_DEFINITION ( 'international standard', 'config_control_design', 1994, #151 ) ;
#1106 = ORIENTED_EDGE ( 'NONE', *, *, #381, .T. ) ;
#1107 = DIRECTION ( 'NONE',  ( 0.0000000000000000000, 0.0000000000000000000, 1.000000000000000000 ) ) ;
#1108 = CARTESIAN_POINT ( 'NONE',  ( 0.0000000000000000000, 4.950000000000000200, 6.200000000000000200 ) ) ;
#1109 = ORIENTED_EDGE ( 'NONE', *, *, #2125, .T. ) ;
#1110 = DIRECTION ( 'NONE',  ( -0.0000000000000000000, -0.0000000000000000000, -1.000000000000000000 ) ) ;
#1111 = EDGE_LOOP ( 'NONE', ( #2155, #212, #640, #1441 ) ) ;
#1112 = AXIS2_PLACEMENT_3D ( 'NONE', #2768, #1325, #3014 ) ;
#1113 = ORIENTED_EDGE ( 'NONE', *, *, #81, .T. ) ;
#1114 = FACE_OUTER_BOUND ( 'NONE', #1242, .T. ) ;
#1115 = CARTESIAN_POINT ( 'NONE',  ( 0.0000000000000000000, 4.700000000000000200, 5.344789755157235000 ) ) ;
#1116 = DIRECTION ( 'NONE',  ( 0.0000000000000000000, 0.0000000000000000000, -1.000000000000000000 ) ) ;
#1117 = AXIS2_PLACEMENT_3D ( 'NONE', #214, #433, #195 ) ;
#1118 = CIRCLE ( 'NONE', #939, 3.000000000000000400 ) ;
#1119 = APPROVAL_STATUS ( 'not_yet_approved' ) ;
#1120 = DIRECTION ( 'NONE',  ( 0.0000000000000000000, 0.0000000000000000000, 1.000000000000000000 ) ) ;
#1121 = ORIENTED_EDGE ( 'NONE', *, *, #1416, .F. ) ;
#1122 = LINE ( 'NONE', #885, #2799 ) ;
#1123 = CARTESIAN_POINT ( 'NONE',  ( 0.0000000000000000000, 4.649200000000000400, 0.0000000000000000000 ) ) ;
#1124 = CARTESIAN_POINT ( 'NONE',  ( -12.00000000000000000, 0.0000000000000000000, 4.898587196589412800E-016 ) ) ;
#1125 = VERTEX_POINT ( 'NONE', #396 ) ;
#1126 = CC_DESIGN_PERSON_AND_ORGANIZATION_ASSIGNMENT ( #1165, #2840, ( #914 ) ) ;
#1127 = ORIENTED_EDGE ( 'NONE', *, *, #2065, .T. ) ;
#1128 = CIRCLE ( 'NONE', #3134, 4.000000000000000000 ) ;
#1129 = PRODUCT_DEFINITION_SHAPE ( 'NONE', 'NONE',  #3152 ) ;
#1130 = DIRECTION ( 'NONE',  ( 1.000000000000000000, 0.0000000000000000000, 0.0000000000000000000 ) ) ;
#1131 = VECTOR ( 'NONE', #2774, 1000.000000000000000 ) ;
#1132 = PERSON_AND_ORGANIZATION_ROLE ( 'creator' ) ;
#1133 = VERTEX_POINT ( 'NONE', #1389 ) ;
#1134 = EDGE_CURVE ( 'NONE', #3103, #1125, #403, .T. ) ;
#1135 = ORIENTED_EDGE ( 'NONE', *, *, #2214, .T. ) ;
#1136 = CARTESIAN_POINT ( 'NONE',  ( 0.0000000000000000000, 4.700000000000000200, 0.0000000000000000000 ) ) ;
#1137 = AXIS2_PLACEMENT_3D ( 'NONE', #757, #1967, #2478 ) ;
#1138 = DIRECTION ( 'NONE',  ( -1.000000000000000000, 0.0000000000000000000, 0.0000000000000000000 ) ) ;
#1139 = ADVANCED_FACE ( 'NONE', ( #254 ), #897, .F. ) ;
#1140 = EDGE_LOOP ( 'NONE', ( #2068, #2667, #2340, #2834 ) ) ;
#1141 = DIRECTION ( 'NONE',  ( 0.0000000000000000000, 0.0000000000000000000, -1.000000000000000000 ) ) ;
#1142 = AXIS2_PLACEMENT_3D ( 'NONE', #1314, #1544, #2776 ) ;
#1143 = APPROVAL_DATE_TIME ( #1220, #1958 ) ;
#1144 = APPLICATION_PROTOCOL_DEFINITION ( 'international standard', 'config_control_design', 1994, #1632 ) ;
#1145 = CARTESIAN_POINT ( 'NONE',  ( 0.0000000000000000000, 0.0000000000000000000, 0.0000000000000000000 ) ) ;
#1146 = DIRECTION ( 'NONE',  ( 0.0000000000000000000, 1.000000000000000000, 0.0000000000000000000 ) ) ;
#1147 = DIRECTION ( 'NONE',  ( 0.0000000000000000000, 0.7071067811865474600, 0.7071067811865474600 ) ) ;
#1148 = CARTESIAN_POINT ( 'NONE',  ( 0.0000000000000000000, 0.0000000000000000000, 5.874999999999997300 ) ) ;
#1149 = VERTEX_POINT ( 'NONE', #2107 ) ;
#1150 = CARTESIAN_POINT ( 'NONE',  ( 8.261467307048044400E-016, 0.0000000000000000000, -6.746000000000000400 ) ) ;
#1151 = EDGE_CURVE ( 'NONE', #2220, #181, #2422, .T. ) ;
#1152 = ORIENTED_EDGE ( 'NONE', *, *, #1005, .F. ) ;
#1153 = EDGE_LOOP ( 'NONE', ( #1949, #1572, #213, #2126 ) ) ;
#1154 = MECHANICAL_CONTEXT ( 'NONE', #918, 'mechanical' ) ;
#1155 = CARTESIAN_POINT ( 'NONE',  ( 0.0000000000000000000, 4.522199999999998000, 6.200000000000001100 ) ) ;
#1156 = AXIS2_PLACEMENT_3D ( 'NONE', #3050, #1842, #1588 ) ;
#1157 = VERTEX_POINT ( 'NONE', #408 ) ;
#1158 = CIRCLE ( 'NONE', #1036, 5.344789755157235000 ) ;
#1159 = DIRECTION ( 'NONE',  ( 0.0000000000000000000, 0.0000000000000000000, 1.000000000000000000 ) ) ;
#1160 = DIRECTION ( 'NONE',  ( -0.0000000000000000000, 1.000000000000000000, -0.0000000000000000000 ) ) ;
#1161 = DIRECTION ( 'NONE',  ( 0.0000000000000000000, 1.000000000000000000, 0.0000000000000000000 ) ) ;
#1162 = CIRCLE ( 'NONE', #2134, 6.327000000000000000 ) ;
#1163 = AXIS2_PLACEMENT_3D ( 'NONE', #2233, #1051, #1782 ) ;
#1164 = CIRCLE ( 'NONE', #2463, 15.75000000000000000 ) ;
#1165 = PERSON_AND_ORGANIZATION ( #2267, #1980 ) ;
#1166 = AXIS2_PLACEMENT_3D ( 'NONE', #614, #1098, #179 ) ;
#1167 = EDGE_LOOP ( 'NONE', ( #351, #1224, #2258, #1509 ) ) ;
#1168 = FACE_OUTER_BOUND ( 'NONE', #315, .T. ) ;
#1169 = DATE_TIME_ROLE ( 'classification_date' ) ;
#1170 = VECTOR ( 'NONE', #1246, 1000.000000000000100 ) ;
#1171 = ORIENTED_EDGE ( 'NONE', *, *, #2318, .F. ) ;
#1172 = ORIENTED_EDGE ( 'NONE', *, *, #916, .T. ) ;
#1173 = DIRECTION ( 'NONE',  ( 0.0000000000000000000, 0.0000000000000000000, 1.000000000000000000 ) ) ;
#1174 = CIRCLE ( 'NONE', #209, 4.501200000000001600 ) ;
#1175 = DIRECTION ( 'NONE',  ( -0.0000000000000000000, 1.000000000000000000, -0.0000000000000000000 ) ) ;
#1176 = DIRECTION ( 'NONE',  ( 0.0000000000000000000, -1.000000000000000000, 0.0000000000000000000 ) ) ;
#1177 = SECURITY_CLASSIFICATION ( '', '', #2148 ) ;
#1178 = CIRCLE ( 'NONE', #1687, 5.524394877578616900 ) ;
#1179 = EDGE_CURVE ( 'NONE', #1026, #660, #1309, .T. ) ;
#1180 = DIRECTION ( 'NONE',  ( 0.0000000000000000000, 0.0000000000000000000, 1.000000000000000000 ) ) ;
#1181 = APPROVAL_ROLE ( '' ) ;
#1182 = EDGE_CURVE ( 'NONE', #1133, #3129, #2158, .T. ) ;
#1183 = CARTESIAN_POINT ( 'NONE',  ( 5.419062086227039400E-016, 0.1699999999999991500, 4.425000000000000700 ) ) ;
#1184 = CARTESIAN_POINT ( 'NONE',  ( 3.673940397442060400E-016, 0.0000000000000000000, -3.000000000000000400 ) ) ;
#1185 = AXIS2_PLACEMENT_3D ( 'NONE', #2024, #352, #1810 ) ;
#1186 = DIRECTION ( 'NONE',  ( 0.0000000000000000000, -1.000000000000000000, 0.0000000000000000000 ) ) ;
#1187 = ORIENTED_EDGE ( 'NONE', *, *, #2701, .T. ) ;
#1188 = CARTESIAN_POINT ( 'NONE',  ( 6.655456084910780400E-016, 4.700000000000000200, -5.344789755157235000 ) ) ;
#1189 = COORDINATED_UNIVERSAL_TIME_OFFSET ( 6, 0, .BEHIND. ) ;
#1190 = DIRECTION ( 'NONE',  ( 0.0000000000000000000, 0.0000000000000000000, 1.000000000000000000 ) ) ;
#1191 = CONICAL_SURFACE ( 'NONE', #196, 6.200000000000000200, 0.7853981633974309600 ) ;
#1192 = DIRECTION ( 'NONE',  ( 0.0000000000000000000, -1.000000000000000000, 0.0000000000000000000 ) ) ;
#1193 = VERTEX_POINT ( 'NONE', #1877 ) ;
#1194 = DIRECTION ( 'NONE',  ( 0.0000000000000000000, -0.0000000000000000000, -1.000000000000000000 ) ) ;
#1195 = EDGE_LOOP ( 'NONE', ( #904, #1414, #3016, #1428 ) ) ;
#1196 = ORIENTED_EDGE ( 'NONE', *, *, #2932, .F. ) ;
#1197 = VERTEX_POINT ( 'NONE', #2346 ) ;
#1198 = EDGE_CURVE ( 'NONE', #2229, #1732, #1510, .T. ) ;
#1199 = VECTOR ( 'NONE', #1200, 1000.000000000000100 ) ;
#1200 = DIRECTION ( 'NONE',  ( -0.7071067811865474600, 0.0000000000000000000, -0.7071067811865474600 ) ) ;
#1201 = AXIS2_PLACEMENT_3D ( 'NONE', #2342, #1886, #198 ) ;
#1202 = LINE ( 'NONE', #2947, #2883 ) ;
#1203 = DIRECTION ( 'NONE',  ( 0.0000000000000000000, 0.0000000000000000000, 1.000000000000000000 ) ) ;
#1204 = CARTESIAN_POINT ( 'NONE',  ( -6.200000000000000200, 4.522199999999998000, 0.0000000000000000000 ) ) ;
#1205 = MANIFOLD_SOLID_BREP ( 'Revolve1', #1622 ) ;
#1206 = ORIENTED_EDGE ( 'NONE', *, *, #1920, .F. ) ;
#1207 = CIRCLE ( 'NONE', #87, 6.745999999999999600 ) ;
#1208 = AXIS2_PLACEMENT_3D ( 'NONE', #2625, #1161, #2366 ) ;
#1209 = CARTESIAN_POINT ( 'NONE',  ( -8.125000000000003600, 9.950255243072250500E-016, 6.000000000000000900 ) ) ;
#1210 = ORIENTED_EDGE ( 'NONE', *, *, #2606, .F. ) ;
#1211 = FACE_BOUND ( 'NONE', #3017, .T. ) ;
#1212 = SECURITY_CLASSIFICATION_LEVEL ( 'unclassified' ) ;
#1213 = CARTESIAN_POINT ( 'NONE',  ( 0.0000000000000000000, 0.0000000000000000000, 0.0000000000000000000 ) ) ;
#1214 = LINE ( 'NONE', #1553, #2468 ) ;
#1215 = VERTEX_POINT ( 'NONE', #1507 ) ;
#1216 = CARTESIAN_POINT ( 'NONE',  ( 0.0000000000000000000, 5.000000000000000000, 0.0000000000000000000 ) ) ;
#1217 = EDGE_CURVE ( 'NONE', #813, #2499, #1118, .T. ) ;
#1218 = DIRECTION ( 'NONE',  ( 0.0000000000000000000, 1.000000000000000000, 0.0000000000000000000 ) ) ;
#1219 = AXIS2_PLACEMENT_3D ( 'NONE', #2862, #469, #2874 ) ;
#1220 = DATE_AND_TIME ( #2977, #573 ) ;
#1221 = AXIS2_PLACEMENT_3D ( 'NONE', #1832, #1859, #1601 ) ;
#1222 = DIRECTION ( 'NONE',  ( 0.0000000000000000000, 0.0000000000000000000, -1.000000000000000000 ) ) ;
#1223 = AXIS2_PLACEMENT_3D ( 'NONE', #1343, #1869, #2120 ) ;
#1224 = ORIENTED_EDGE ( 'NONE', *, *, #3091, .T. ) ;
#1225 = VERTEX_POINT ( 'NONE', #927 ) ;
#1226 = CARTESIAN_POINT ( 'NONE',  ( 0.0000000000000000000, 0.05000000000000576900, -6.200000000000000200 ) ) ;
#1227 = ORIENTED_EDGE ( 'NONE', *, *, #1328, .T. ) ;
#1228 = ORIENTED_EDGE ( 'NONE', *, *, #916, .F. ) ;
#1229 = CC_DESIGN_PERSON_AND_ORGANIZATION_ASSIGNMENT ( #1531, #450, ( #2378 ) ) ;
#1230 = CARTESIAN_POINT ( 'NONE',  ( -7.000000000000000900, 0.0000000000000000000, 0.0000000000000000000 ) ) ;
#1231 = CARTESIAN_POINT ( 'NONE',  ( 0.0000000000000000000, 4.649200000000000400, 0.0000000000000000000 ) ) ;
#1232 = EDGE_CURVE ( 'NONE', #1009, #1391, #2301, .T. ) ;
#1233 = VERTEX_POINT ( 'NONE', #1015 ) ;
#1234 = CYLINDRICAL_SURFACE ( 'NONE', #1968, 8.000000000000000000 ) ;
#1235 = CARTESIAN_POINT ( 'NONE',  ( 12.00000000000000000, 1.469576158976823800E-015, 4.898587196589412800E-016 ) ) ;
#1236 = CIRCLE ( 'NONE', #3060, 5.860010244842764700 ) ;
#1237 = EDGE_CURVE ( 'NONE', #675, #2183, #2685, .T. ) ;
#1238 = ORIENTED_EDGE ( 'NONE', *, *, #2252, .F. ) ;
#1239 = FACE_OUTER_BOUND ( 'NONE', #1803, .T. ) ;
#1240 = LOCAL_TIME ( 15, 25, 8.000000000000000000, #3032 ) ;
#1241 = CARTESIAN_POINT ( 'NONE',  ( -6.072999999999998600, 0.4318000000000021300, 0.0000000000000000000 ) ) ;
#1242 = EDGE_LOOP ( 'NONE', ( #1556, #3024 ) ) ;
#1243 = CIRCLE ( 'NONE', #1781, 15.62499999999999300 ) ;
#1244 = TOROIDAL_SURFACE ( 'NONE', #1040, 5.344789755157235000, 0.2540000000000000000 ) ;
#1245 = DIRECTION ( 'NONE',  ( 0.0000000000000000000, 0.0000000000000000000, -1.000000000000000000 ) ) ;
#1246 = DIRECTION ( 'NONE',  ( 8.659560562354932900E-017, 0.7071067811865474600, -0.7071067811865474600 ) ) ;
#1247 = TOROIDAL_SURFACE ( 'NONE', #2205, 6.200000000000001100, 0.1270000000000013600 ) ;
#1248 = DIRECTION ( 'NONE',  ( 0.0000000000000000000, 1.000000000000000000, 0.0000000000000000000 ) ) ;
#1249 = CIRCLE ( 'NONE', #249, 6.327000000000000000 ) ;
#1250 = PLANE ( 'NONE',  #2307 ) ;
#1251 = DIRECTION ( 'NONE',  ( -1.000000000000000000, 0.0000000000000000000, 0.0000000000000000000 ) ) ;
#1252 = EDGE_CURVE ( 'NONE', #2229, #870, #2753, .T. ) ;
#1253 = CARTESIAN_POINT ( 'NONE',  ( 0.0000000000000000000, 4.522199999999998000, 0.0000000000000000000 ) ) ;
#1254 = APPROVAL_PERSON_ORGANIZATION ( #1529, #957, #687 ) ;
#1255 = AXIS2_PLACEMENT_3D ( 'NONE', #2764, #2540, #1304 ) ;
#1256 = CARTESIAN_POINT ( 'NONE',  ( 0.0000000000000000000, 0.0000000000000000000, -4.999999999999998200 ) ) ;
#1257 = CARTESIAN_POINT ( 'NONE',  ( 0.0000000000000000000, 0.2539999999999998900, 0.0000000000000000000 ) ) ;
#1258 = AXIS2_PLACEMENT_3D ( 'NONE', #1300, #3008, #1583 ) ;
#1259 = DIRECTION ( 'NONE',  ( -1.224646799147354700E-016, 0.0000000000000000000, -1.000000000000000000 ) ) ;
#1260 = DIRECTION ( 'NONE',  ( 0.7071067811865474600, 8.659560562354932900E-017, -0.7071067811865474600 ) ) ;
#1261 = AXIS2_PLACEMENT_3D ( 'NONE', #464, #1446, #456 ) ;
#1262 = DIRECTION ( 'NONE',  ( 0.0000000000000000000, 0.0000000000000000000, -1.000000000000000000 ) ) ;
#1263 = ORIENTED_EDGE ( 'NONE', *, *, #750, .T. ) ;
#1264 = ORIENTED_EDGE ( 'NONE', *, *, #422, .T. ) ;
#1265 = ORIENTED_EDGE ( 'NONE', *, *, #2379, .F. ) ;
#1266 = ADVANCED_FACE ( 'NONE', ( #180 ), #1475, .T. ) ;
#1267 = FACE_OUTER_BOUND ( 'NONE', #2480, .T. ) ;
#1268 = CC_DESIGN_DATE_AND_TIME_ASSIGNMENT ( #1670, #673, ( #914 ) ) ;
#1269 = CARTESIAN_POINT ( 'NONE',  ( 0.0000000000000000000, 0.0000000000000000000, -4.999999999999999100 ) ) ;
#1270 = EDGE_CURVE ( 'NONE', #1233, #2270, #360, .T. ) ;
#1271 = CIRCLE ( 'NONE', #1773, 0.2539999999999998900 ) ;
#1272 = CARTESIAN_POINT ( 'NONE',  ( 15.75000000000000000, 1.928818708657081000E-015, 3.992179855667827400 ) ) ;
#1273 = AXIS2_PLACEMENT_3D ( 'NONE', #1737, #3139, #1750 ) ;
#1274 = EDGE_LOOP ( 'NONE', ( #1600, #1109 ) ) ;
#1275 = CYLINDRICAL_SURFACE ( 'NONE', #2207, 15.75000000000000000 ) ;
#1276 = DIRECTION ( 'NONE',  ( 0.0000000000000000000, 1.000000000000000000, 0.0000000000000000000 ) ) ;
#1277 = FACE_OUTER_BOUND ( 'NONE', #2173, .T. ) ;
#1278 = AXIS2_PLACEMENT_3D ( 'NONE', #1373, #1116, #1130 ) ;
#1279 = ORIENTED_EDGE ( 'NONE', *, *, #1713, .T. ) ;
#1280 = AXIS2_PLACEMENT_3D ( 'NONE', #1355, #383, #3072 ) ;
#1281 = ORIENTED_EDGE ( 'NONE', *, *, #1384, .F. ) ;
#1282 = CARTESIAN_POINT ( 'NONE',  ( 0.0000000000000000000, 0.5587999999999999600, 0.0000000000000000000 ) ) ;
#1283 = CONICAL_SURFACE ( 'NONE', #1878, 3.254000000000003600, 0.7853981633974458400 ) ;
#1284 = CARTESIAN_POINT ( 'NONE',  ( 0.0000000000000000000, 4.746000000000004000, 0.0000000000000000000 ) ) ;
#1285 = ORIENTED_EDGE ( 'NONE', *, *, #3080, .T. ) ;
#1286 = ADVANCED_FACE ( 'NONE', ( #740 ), #2613, .T. ) ;
#1287 = CARTESIAN_POINT ( 'NONE',  ( 0.0000000000000000000, 4.950000000000000200, 0.0000000000000000000 ) ) ;
#1288 = CC_DESIGN_PERSON_AND_ORGANIZATION_ASSIGNMENT ( #727, #1644, ( #1674 ) ) ;
#1289 = DIRECTION ( 'NONE',  ( -0.0000000000000000000, 1.000000000000000000, -0.0000000000000000000 ) ) ;
#1290 = CARTESIAN_POINT ( 'NONE',  ( 0.0000000000000000000, 5.000000000000000000, 0.0000000000000000000 ) ) ;
#1291 = CARTESIAN_POINT ( 'NONE',  ( 0.0000000000000000000, 4.000000000000000000, 0.0000000000000000000 ) ) ;
#1292 = CALENDAR_DATE ( 2023, 4, 1 ) ;
#1293 = EDGE_CURVE ( 'NONE', #435, #18, #2192, .T. ) ;
#1294 = CARTESIAN_POINT ( 'NONE',  ( 0.0000000000000000000, 0.0000000000000000000, 0.0000000000000000000 ) ) ;
#1295 = ADVANCED_FACE ( 'NONE', ( #3114 ), #2525, .F. ) ;
#1296 = ORIENTED_EDGE ( 'NONE', *, *, #2214, .F. ) ;
#1297 = EDGE_LOOP ( 'NONE', ( #2415, #1664 ) ) ;
#1298 = EDGE_LOOP ( 'NONE', ( #2202, #1706 ) ) ;
#1299 = AXIS2_PLACEMENT_3D ( 'NONE', #329, #1071, #591 ) ;
#1300 = CARTESIAN_POINT ( 'NONE',  ( 0.0000000000000000000, 0.0000000000000000000, 0.0000000000000000000 ) ) ;
#1301 = CARTESIAN_POINT ( 'NONE',  ( 0.0000000000000000000, 4.953999999999999700, 6.327000000000000000 ) ) ;
#1302 = ORIENTED_EDGE ( 'NONE', *, *, #2993, .T. ) ;
#1303 = ORIENTED_EDGE ( 'NONE', *, *, #2343, .T. ) ;
#1304 = DIRECTION ( 'NONE',  ( 1.224646799147353500E-016, 0.0000000000000000000, 1.000000000000000000 ) ) ;
#1305 = ORIENTED_EDGE ( 'NONE', *, *, #711, .T. ) ;
#1306 = FACE_OUTER_BOUND ( 'NONE', #704, .T. ) ;
#1307 = DIRECTION ( 'NONE',  ( -0.0000000000000000000, 1.000000000000000000, -0.0000000000000000000 ) ) ;
#1308 = ORIENTED_EDGE ( 'NONE', *, *, #468, .F. ) ;
#1309 = CIRCLE ( 'NONE', #1716, 8.000000000000000000 ) ;
#1310 = CARTESIAN_POINT ( 'NONE',  ( 7.437280011221875000E-016, 4.522199999999998000, -6.072999999999999500 ) ) ;
#1311 = ORIENTED_EDGE ( 'NONE', *, *, #931, .T. ) ;
#1312 = CIRCLE ( 'NONE', #2256, 7.000000000000000900 ) ;
#1313 = VECTOR ( 'NONE', #1093, 1000.000000000000100 ) ;
#1314 = CARTESIAN_POINT ( 'NONE',  ( 0.0000000000000000000, 0.2539999999999998900, 0.0000000000000000000 ) ) ;
#1315 = DIRECTION ( 'NONE',  ( -0.0000000000000000000, 1.000000000000000000, -0.0000000000000000000 ) ) ;
#1316 = EDGE_CURVE ( 'NONE', #3, #2428, #1707, .T. ) ;
#1317 = ORIENTED_EDGE ( 'NONE', *, *, #2438, .T. ) ;
#1318 = VERTEX_POINT ( 'NONE', #1490 ) ;
#1319 = VECTOR ( 'NONE', #2348, 1000.000000000000000 ) ;
#1320 = DIRECTION ( 'NONE',  ( 0.0000000000000000000, 0.0000000000000000000, -1.000000000000000000 ) ) ;
#1321 = AXIS2_PLACEMENT_3D ( 'NONE', #1679, #2636, #1180 ) ;
#1322 = DIRECTION ( 'NONE',  ( -1.000000000000000000, 0.0000000000000000000, 0.0000000000000000000 ) ) ;
#1323 = VERTEX_POINT ( 'NONE', #1183 ) ;
#1324 = FACE_OUTER_BOUND ( 'NONE', #1006, .T. ) ;
#1325 = DIRECTION ( 'NONE',  ( 0.0000000000000000000, -1.000000000000000000, 0.0000000000000000000 ) ) ;
#1326 = AXIS2_PLACEMENT_3D ( 'NONE', #69, #540, #1998 ) ;
#1327 = VECTOR ( 'NONE', #2724, 1000.000000000000000 ) ;
#1328 = EDGE_CURVE ( 'NONE', #2481, #2377, #1202, .T. ) ;
#1329 = CARTESIAN_POINT ( 'NONE',  ( 0.0000000000000000000, 0.5587999999999999600, 5.860010244842764700 ) ) ;
#1330 = DIRECTION ( 'NONE',  ( 1.000000000000000000, 0.0000000000000000000, -0.0000000000000000000 ) ) ;
#1331 = ADVANCED_FACE ( 'NONE', ( #2349, #1808 ), #291, .T. ) ;
#1332 = DIRECTION ( 'NONE',  ( 1.000000000000000000, 0.0000000000000000000, 0.0000000000000000000 ) ) ;
#1333 = ORIENTED_EDGE ( 'NONE', *, *, #206, .T. ) ;
#1334 = PRODUCT_DEFINITION_SHAPE ( 'NONE', 'NONE',  #3153 ) ;
#1335 = APPROVAL ( #1875, 'UNSPECIFIED' ) ;
#1336 = DIRECTION ( 'NONE',  ( 0.0000000000000000000, 0.0000000000000000000, -1.000000000000000000 ) ) ;
#1337 = ADVANCED_FACE ( 'NONE', ( #2921 ), #3027, .T. ) ;
#1338 = EDGE_CURVE ( 'NONE', #1769, #1197, #2046, .T. ) ;
#1339 = DIRECTION ( 'NONE',  ( -1.224646799147354700E-016, 0.0000000000000000000, -1.000000000000000000 ) ) ;
#1340 = CARTESIAN_POINT ( 'NONE',  ( 0.0000000000000000000, 5.000000000000000000, 0.0000000000000000000 ) ) ;
#1341 = EDGE_CURVE ( 'NONE', #671, #1157, #2266, .T. ) ;
#1342 = ORIENTED_EDGE ( 'NONE', *, *, #2734, .T. ) ;
#1343 = CARTESIAN_POINT ( 'NONE',  ( 0.0000000000000000000, 0.0000000000000000000, 0.0000000000000000000 ) ) ;
#1344 = CARTESIAN_POINT ( 'NONE',  ( -8.125000000000003600, 9.950255243072250500E-016, 6.000000000000000900 ) ) ;
#1345 = AXIS2_PLACEMENT_3D ( 'NONE', #864, #377, #1626 ) ;
#1346 = ORIENTED_EDGE ( 'NONE', *, *, #2476, .T. ) ;
#1347 = ORIENTED_EDGE ( 'NONE', *, *, #59, .F. ) ;
#1348 = DIRECTION ( 'NONE',  ( 0.0000000000000000000, 0.0000000000000000000, 1.000000000000000000 ) ) ;
#1349 = CARTESIAN_POINT ( 'NONE',  ( 0.0000000000000000000, 4.700000000000000200, 6.200000000000000200 ) ) ;
#1350 = ADVANCED_FACE ( 'NONE', ( #1074 ), #325, .F. ) ;
#1351 = EDGE_LOOP ( 'NONE', ( #1700, #1701 ) ) ;
#1352 = EDGE_LOOP ( 'NONE', ( #104, #1469, #394, #2217 ) ) ;
#1353 = VECTOR ( 'NONE', #3138, 1000.000000000000000 ) ;
#1354 = CARTESIAN_POINT ( 'NONE',  ( 0.0000000000000000000, 5.000000000000000000, -4.254999999999999900 ) ) ;
#1355 = CARTESIAN_POINT ( 'NONE',  ( 0.0000000000000000000, 4.469594877578618500, 0.0000000000000000000 ) ) ;
#1356 = DIRECTION ( 'NONE',  ( -0.0000000000000000000, 1.000000000000000000, -0.0000000000000000000 ) ) ;
#1357 = CONICAL_SURFACE ( 'NONE', #2737, 7.000000000000000000, 0.7853981633974517200 ) ;
#1358 = DIRECTION ( 'NONE',  ( -0.0000000000000000000, 1.000000000000000000, -0.0000000000000000000 ) ) ;
#1359 = CARTESIAN_POINT ( 'NONE',  ( 0.0000000000000000000, 0.2540000000000000000, 0.0000000000000000000 ) ) ;
#1360 = ORIENTED_EDGE ( 'NONE', *, *, #357, .F. ) ;
#1361 = VECTOR ( 'NONE', #2577, 1000.000000000000000 ) ;
#1362 = CALENDAR_DATE ( 2023, 4, 1 ) ;
#1363 = APPROVAL_ROLE ( '' ) ;
#1364 = FACE_OUTER_BOUND ( 'NONE', #889, .T. ) ;
#1365 = EDGE_CURVE ( 'NONE', #3129, #1133, #1236, .T. ) ;
#1366 = ADVANCED_FACE ( 'NONE', ( #2839 ), #2992, .F. ) ;
#1367 = ORIENTED_EDGE ( 'NONE', *, *, #849, .T. ) ;
#1368 = CONICAL_SURFACE ( 'NONE', #2654, 3.254000000000003600, 0.7853981633974458400 ) ;
#1369 = AXIS2_PLACEMENT_3D ( 'NONE', #1031, #56, #534 ) ;
#1370 = DIRECTION ( 'NONE',  ( -0.0000000000000000000, -0.0000000000000000000, -1.000000000000000000 ) ) ;
#1371 = ORIENTED_EDGE ( 'NONE', *, *, #1725, .T. ) ;
#1372 = ADVANCED_FACE ( 'NONE', ( #1546 ), #2452, .T. ) ;
#1373 = CARTESIAN_POINT ( 'NONE',  ( 0.0000000000000000000, 0.0000000000000000000, -5.874999999999999100 ) ) ;
#1374 = AXIS2_PLACEMENT_3D ( 'NONE', #1952, #486, #1938 ) ;
#1375 = PERSON_AND_ORGANIZATION_ROLE ( 'design_supplier' ) ;
#1376 = EDGE_LOOP ( 'NONE', ( #1431, #253, #112, #2334 ) ) ;
#1377 = APPROVAL_PERSON_ORGANIZATION ( #161, #522, #1181 ) ;
#1378 = DIRECTION ( 'NONE',  ( -0.0000000000000000000, 1.000000000000000000, -0.0000000000000000000 ) ) ;
#1379 = CARTESIAN_POINT ( 'NONE',  ( 8.000000000000000000, 9.797174393178825700E-016, -5.874999999999999100 ) ) ;
#1380 = APPROVAL_PERSON_ORGANIZATION ( #470, #2436, #436 ) ;
#1381 = DIRECTION ( 'NONE',  ( 0.0000000000000000000, 0.0000000000000000000, -1.000000000000000000 ) ) ;
#1382 = DIRECTION ( 'NONE',  ( 1.000000000000000000, 0.0000000000000000000, 0.0000000000000000000 ) ) ;
#1383 = CONICAL_SURFACE ( 'NONE', #1882, 8.000000000000000000, 0.7853981633974482800 ) ;
#1384 = EDGE_CURVE ( 'NONE', #971, #2742, #979, .T. ) ;
#1385 = DIRECTION ( 'NONE',  ( 0.0000000000000000000, 0.0000000000000000000, 1.000000000000000000 ) ) ;
#1386 = ORIENTED_EDGE ( 'NONE', *, *, #2878, .T. ) ;
#1387 = ORIENTED_EDGE ( 'NONE', *, *, #2476, .F. ) ;
#1388 = AXIS2_PLACEMENT_3D ( 'NONE', #1728, #2440, #997 ) ;
#1389 = CARTESIAN_POINT ( 'NONE',  ( 7.176442789317389400E-016, 0.5587999999999999600, -5.860010244842764700 ) ) ;
#1390 = DIRECTION ( 'NONE',  ( -0.0000000000000000000, 1.000000000000000000, -0.0000000000000000000 ) ) ;
#1391 = VERTEX_POINT ( 'NONE', #1783 ) ;
#1392 = ORIENTED_EDGE ( 'NONE', *, *, #1557, .F. ) ;
#1393 = AXIS2_PLACEMENT_3D ( 'NONE', #2548, #3095, #2109 ) ;
#1394 = EDGE_LOOP ( 'NONE', ( #1618, #2076 ) ) ;
#1395 = FACE_OUTER_BOUND ( 'NONE', #2151, .T. ) ;
#1396 = DIRECTION ( 'NONE',  ( 0.0000000000000000000, 0.0000000000000000000, 1.000000000000000000 ) ) ;
#1397 = AXIS2_PLACEMENT_3D ( 'NONE', #248, #1950, #2662 ) ;
#1398 = FACE_OUTER_BOUND ( 'NONE', #1729, .T. ) ;
#1399 = DIRECTION ( 'NONE',  ( 0.0000000000000000000, 1.000000000000000000, 0.0000000000000000000 ) ) ;
#1400 = CARTESIAN_POINT ( 'NONE',  ( 0.0000000000000000000, 4.000000000000000000, 0.0000000000000000000 ) ) ;
#1401 = ORIENTED_EDGE ( 'NONE', *, *, #11, .T. ) ;
#1402 = LINE ( 'NONE', #1482, #2088 ) ;
#1403 = PERSON_AND_ORGANIZATION ( #2267, #1980 ) ;
#1404 = DIRECTION ( 'NONE',  ( 0.0000000000000000000, 0.0000000000000000000, 1.000000000000000000 ) ) ;
#1405 = DIRECTION ( 'NONE',  ( 0.0000000000000000000, 0.0000000000000000000, 1.000000000000000000 ) ) ;
#1406 = CC_DESIGN_APPROVAL ( #575, ( #3096 ) ) ;
#1407 = ORIENTED_EDGE ( 'NONE', *, *, #2949, .F. ) ;
#1408 = VECTOR ( 'NONE', #362, 1000.000000000000000 ) ;
#1409 = ADVANCED_FACE ( 'NONE', ( #1892 ), #805, .F. ) ;
#1410 = EDGE_CURVE ( 'NONE', #758, #1391, #1162, .T. ) ;
#1411 = ORIENTED_EDGE ( 'NONE', *, *, #2719, .T. ) ;
#1412 = ORIENTED_EDGE ( 'NONE', *, *, #103, .T. ) ;
#1413 = FACE_OUTER_BOUND ( 'NONE', #2153, .T. ) ;
#1414 = ORIENTED_EDGE ( 'NONE', *, *, #2294, .T. ) ;
#1415 = DIRECTION ( 'NONE',  ( 1.224646799147354700E-016, 0.0000000000000000000, -1.000000000000000000 ) ) ;
#1416 = EDGE_CURVE ( 'NONE', #26, #171, #27, .T. ) ;
#1417 = DIRECTION ( 'NONE',  ( 0.0000000000000000000, 0.0000000000000000000, -1.000000000000000000 ) ) ;
#1418 = AXIS2_PLACEMENT_3D ( 'NONE', #1155, #2581, #1120 ) ;
#1419 = DIRECTION ( 'NONE',  ( -0.0000000000000000000, -0.0000000000000000000, -1.000000000000000000 ) ) ;
#1420 = VERTEX_POINT ( 'NONE', #2733 ) ;
#1421 = CARTESIAN_POINT ( 'NONE',  ( 0.0000000000000000000, 4.746000000000004000, 3.000000000000000400 ) ) ;
#1422 = DIRECTION ( 'NONE',  ( -1.224646799147353200E-016, 1.000000000000000000, 0.0000000000000000000 ) ) ;
#1423 = EDGE_CURVE ( 'NONE', #929, #287, #2382, .T. ) ;
#1424 = VERTEX_POINT ( 'NONE', #1767 ) ;
#1425 = DIRECTION ( 'NONE',  ( -0.0000000000000000000, -1.000000000000000000, -0.0000000000000000000 ) ) ;
#1426 = EDGE_CURVE ( 'NONE', #1537, #2255, #518, .T. ) ;
#1427 = ORIENTED_EDGE ( 'NONE', *, *, #1678, .F. ) ;
#1428 = ORIENTED_EDGE ( 'NONE', *, *, #1217, .T. ) ;
#1429 = DIRECTION ( 'NONE',  ( 0.0000000000000000000, 1.000000000000000000, 0.0000000000000000000 ) ) ;
#1430 = AXIS2_PLACEMENT_3D ( 'NONE', #1123, #155, #2133 ) ;
#1431 = ORIENTED_EDGE ( 'NONE', *, *, #601, .F. ) ;
#1432 = DIRECTION ( 'NONE',  ( 0.0000000000000000000, 0.0000000000000000000, -1.000000000000000000 ) ) ;
#1433 = CARTESIAN_POINT ( 'NONE',  ( 5.512380172322067900E-016, 3.429999999999999700, -4.501200000000001600 ) ) ;
#1434 = CIRCLE ( 'NONE', #1530, 8.000000000000000000 ) ;
#1435 = PRODUCT_DEFINITION ( 'UNKNOWN', '', #607, #2665 ) ;
#1436 = DIRECTION ( 'NONE',  ( 0.0000000000000000000, 0.0000000000000000000, 1.000000000000000000 ) ) ;
#1437 = ORIENTED_EDGE ( 'NONE', *, *, #2496, .F. ) ;
#1438 = LINE ( 'NONE', #2547, #2794 ) ;
#1439 = LOCAL_TIME ( 15, 25, 8.000000000000000000, #2089 ) ;
#1440 = AXIS2_PLACEMENT_3D ( 'NONE', #2112, #2600, #2849 ) ;
#1441 = ORIENTED_EDGE ( 'NONE', *, *, #2363, .T. ) ;
#1442 = CIRCLE ( 'NONE', #1397, 6.200000000000000200 ) ;
#1443 = APPROVAL_STATUS ( 'not_yet_approved' ) ;
#1444 = DIRECTION ( 'NONE',  ( 0.0000000000000000000, 0.0000000000000000000, 1.000000000000000000 ) ) ;
#1445 = CIRCLE ( 'NONE', #2261, 6.745999999999999600 ) ;
#1446 = DIRECTION ( 'NONE',  ( -0.0000000000000000000, -0.0000000000000000000, -1.000000000000000000 ) ) ;
#1447 = DIRECTION ( 'NONE',  ( -0.0000000000000000000, 1.000000000000000000, -0.0000000000000000000 ) ) ;
#1448 = PRODUCT_DEFINITION_FORMATION_WITH_SPECIFIED_SOURCE ( 'ANY', '', #2748, .NOT_KNOWN. ) ;
#1449 = UNCERTAINTY_MEASURE_WITH_UNIT (LENGTH_MEASURE( 1.000000000000000100E-005 ), #2103, 'distance_accuracy_value', 'NONE');
#1450 = LINE ( 'NONE', #1226, #2661 ) ;
#1451 = EDGE_CURVE ( 'NONE', #2499, #813, #442, .T. ) ;
#1452 = CARTESIAN_POINT ( 'NONE',  ( 0.0000000000000000000, 0.4318000000000021300, 0.0000000000000000000 ) ) ;
#1453 = EDGE_LOOP ( 'NONE', ( #2612, #1927, #3040, #1571 ) ) ;
#1454 = AXIS2_PLACEMENT_3D ( 'NONE', #2708, #942, #1432 ) ;
#1455 = CARTESIAN_POINT ( 'NONE',  ( 0.0000000000000000000, 4.700000000000000200, 4.501200000000001600 ) ) ;
#1456 = CARTESIAN_POINT ( 'NONE',  ( 0.0000000000000000000, 0.2539999999999998900, 0.0000000000000000000 ) ) ;
#1457 = AXIS2_PLACEMENT_3D ( 'NONE', #2362, #444, #2616 ) ;
#1458 = DIRECTION ( 'NONE',  ( 0.0000000000000000000, 0.0000000000000000000, 1.000000000000000000 ) ) ;
#1459 = CALENDAR_DATE ( 2023, 4, 1 ) ;
#1460 = AXIS2_PLACEMENT_3D ( 'NONE', #662, #1390, #2365 ) ;
#1461 = DATE_AND_TIME ( #777, #1439 ) ;
#1462 = CARTESIAN_POINT ( 'NONE',  ( -15.75000000000000000, 0.0000000000000000000, -5.874999999999999100 ) ) ;
#1463 = TOROIDAL_SURFACE ( 'NONE', #2589, 6.200000000000001100, 0.1270000000000013600 ) ;
#1464 = APPROVAL ( #419, 'UNSPECIFIED' ) ;
#1465 = DIRECTION ( 'NONE',  ( -0.0000000000000000000, -0.0000000000000000000, -1.000000000000000000 ) ) ;
#1466 = VERTEX_POINT ( 'NONE', #2759 ) ;
#1467 = CARTESIAN_POINT ( 'NONE',  ( 0.0000000000000000000, 0.0000000000000000000, 6.327000000000000000 ) ) ;
#1468 = ORIENTED_EDGE ( 'NONE', *, *, #2363, .F. ) ;
#1469 = ORIENTED_EDGE ( 'NONE', *, *, #608, .T. ) ;
#1470 = EDGE_LOOP ( 'NONE', ( #2816, #981, #2571, #2607 ) ) ;
#1471 = EDGE_CURVE ( 'NONE', #2044, #758, #1579, .T. ) ;
#1472 = VERTEX_POINT ( 'NONE', #819 ) ;
#1473 = CYLINDRICAL_SURFACE ( 'NONE', #922, 7.500000000000000000 ) ;
#1474 = AXIS2_PLACEMENT_3D ( 'NONE', #2358, #639, #2149 ) ;
#1475 = TOROIDAL_SURFACE ( 'NONE', #1454, 5.344789755157235000, 0.2540000000000000000 ) ;
#1476 = DIRECTION ( 'NONE',  ( 0.0000000000000000000, 0.0000000000000000000, 1.000000000000000000 ) ) ;
#1477 = DIRECTION ( 'NONE',  ( 1.000000000000000000, 0.0000000000000000000, 0.0000000000000000000 ) ) ;
#1478 = ORIENTED_EDGE ( 'NONE', *, *, #1316, .T. ) ;
#1479 = CONICAL_SURFACE ( 'NONE', #23, 4.255000000000001700, 0.7853981633974482800 ) ;
#1480 = CIRCLE ( 'NONE', #2095, 0.2539999999999998900 ) ;
#1481 = AXIS2_PLACEMENT_3D ( 'NONE', #250, #2663, #2445 ) ;
#1482 = CARTESIAN_POINT ( 'NONE',  ( 7.592810154713589800E-016, 0.2540000000000000000, 6.200000000000000200 ) ) ;
#1483 = ORIENTED_EDGE ( 'NONE', *, *, #958, .T. ) ;
#1484 = LINE ( 'NONE', #1822, #1319 ) ;
#1485 = TOROIDAL_SURFACE ( 'NONE', #3015, 6.200000000000001100, 0.1270000000000013600 ) ;
#1486 = EDGE_CURVE ( 'NONE', #2846, #1779, #1888, .T. ) ;
#1487 = ORIENTED_EDGE ( 'NONE', *, *, #1731, .F. ) ;
#1488 = CARTESIAN_POINT ( 'NONE',  ( 0.0000000000000000000, 0.0000000000000000000, 0.0000000000000000000 ) ) ;
#1489 = DIRECTION ( 'NONE',  ( 0.0000000000000000000, -1.000000000000000000, 0.0000000000000000000 ) ) ;
#1490 = CARTESIAN_POINT ( 'NONE',  ( -8.000000000000000000, 0.0000000000000000000, 5.874999999999997300 ) ) ;
#1491 = EDGE_CURVE ( 'NONE', #2428, #3, #977, .T. ) ;
#1492 = DIRECTION ( 'NONE',  ( -0.0000000000000000000, -1.000000000000000000, -0.0000000000000000000 ) ) ;
#1493 = AXIS2_PLACEMENT_3D ( 'NONE', #747, #500, #10 ) ;
#1494 = APPROVAL_DATE_TIME ( #1795, #522 ) ;
#1495 = DIRECTION ( 'NONE',  ( 1.000000000000000000, 0.0000000000000000000, -0.0000000000000000000 ) ) ;
#1496 = AXIS2_PLACEMENT_3D ( 'NONE', #2553, #127, #609 ) ;
#1497 = DIRECTION ( 'NONE',  ( 0.0000000000000000000, 0.0000000000000000000, 1.000000000000000000 ) ) ;
#1498 = AXIS2_PLACEMENT_3D ( 'NONE', #668, #1641, #1602 ) ;
#1499 = CARTESIAN_POINT ( 'NONE',  ( 0.0000000000000000000, 4.649200000000000400, -5.860010244842764700 ) ) ;
#1500 = ORIENTED_EDGE ( 'NONE', *, *, #1606, .F. ) ;
#1501 = CARTESIAN_POINT ( 'NONE',  ( 0.0000000000000000000, 0.0000000000000000000, 4.255000000000001700 ) ) ;
#1502 = ORIENTED_EDGE ( 'NONE', *, *, #649, .F. ) ;
#1503 = ORIENTED_EDGE ( 'NONE', *, *, #2458, .T. ) ;
#1504 = SECURITY_CLASSIFICATION ( '', '', #1885 ) ;
#1505 = CARTESIAN_POINT ( 'NONE',  ( 0.0000000000000000000, 5.000000000000000000, 0.0000000000000000000 ) ) ;
#1506 = DIRECTION ( 'NONE',  ( 0.0000000000000000000, 0.0000000000000000000, -1.000000000000000000 ) ) ;
#1507 = CARTESIAN_POINT ( 'NONE',  ( 7.000000000000000900, 8.572527594031474200E-016, -4.999999999999999100 ) ) ;
#1508 = EDGE_CURVE ( 'NONE', #2991, #438, #2486, .T. ) ;
#1509 = ORIENTED_EDGE ( 'NONE', *, *, #2719, .F. ) ;
#1510 = LINE ( 'NONE', #3104, #1776 ) ;
#1511 = DIRECTION ( 'NONE',  ( -0.0000000000000000000, 1.000000000000000000, -0.0000000000000000000 ) ) ;
#1512 = EDGE_CURVE ( 'NONE', #3, #846, #1847, .T. ) ;
#1513 = TOROIDAL_SURFACE ( 'NONE', #123, 6.200000000000001100, 0.1270000000000013600 ) ;
#1514 = PERSON_AND_ORGANIZATION ( #2267, #1980 ) ;
#1515 = AXIS2_PLACEMENT_3D ( 'NONE', #2845, #2333, #643 ) ;
#1516 = EDGE_LOOP ( 'NONE', ( #816, #2339, #1723, #508 ) ) ;
#1517 = FACE_OUTER_BOUND ( 'NONE', #1554, .T. ) ;
#1518 = LINE ( 'NONE', #599, #903 ) ;
#1519 = DIRECTION ( 'NONE',  ( 0.0000000000000000000, 0.0000000000000000000, 1.000000000000000000 ) ) ;
#1520 = DIRECTION ( 'NONE',  ( 0.0000000000000000000, 1.000000000000000000, 0.0000000000000000000 ) ) ;
#1521 = FACE_OUTER_BOUND ( 'NONE', #1153, .T. ) ;
#1522 = CARTESIAN_POINT ( 'NONE',  ( 0.0000000000000000000, 4.469594877578618500, 0.0000000000000000000 ) ) ;
#1523 = DIRECTION ( 'NONE',  ( 0.0000000000000000000, 0.0000000000000000000, 1.000000000000000000 ) ) ;
#1524 = LINE ( 'NONE', #2004, #641 ) ;
#1525 = DIRECTION ( 'NONE',  ( 0.0000000000000000000, -0.0000000000000000000, -1.000000000000000000 ) ) ;
#1526 = EDGE_LOOP ( 'NONE', ( #2943, #2009, #883, #2750 ) ) ;
#1527 = EDGE_CURVE ( 'NONE', #2194, #2220, #216, .T. ) ;
#1528 = CARTESIAN_POINT ( 'NONE',  ( -6.200000000000000200, 0.4318000000000021300, 0.0000000000000000000 ) ) ;
#1529 = PERSON_AND_ORGANIZATION ( #3006, #3052 ) ;
#1530 = AXIS2_PLACEMENT_3D ( 'NONE', #2841, #648, #392 ) ;
#1531 = PERSON_AND_ORGANIZATION ( #2267, #1980 ) ;
#1532 = DIRECTION ( 'NONE',  ( -0.0000000000000000000, 1.000000000000000000, -0.0000000000000000000 ) ) ;
#1533 = ADVANCED_FACE ( 'NONE', ( #2345 ), #373, .T. ) ;
#1534 = AXIS2_PLACEMENT_3D ( 'NONE', #271, #476, #2417 ) ;
#1535 = FACE_OUTER_BOUND ( 'NONE', #3067, .T. ) ;
#1536 = PRODUCT ( '3600-0006-3212 Assembly', '3600-0006-3212 Assembly', '', ( #380 ) ) ;
#1537 = VERTEX_POINT ( 'NONE', #153 ) ;
#1538 = DIRECTION ( 'NONE',  ( -0.0000000000000000000, 1.000000000000000000, -0.0000000000000000000 ) ) ;
#1539 = ORIENTED_EDGE ( 'NONE', *, *, #1062, .F. ) ;
#1540 = ORIENTED_EDGE ( 'NONE', *, *, #2180, .F. ) ;
#1541 = VERTEX_POINT ( 'NONE', #3056 ) ;
#1542 = VERTEX_POINT ( 'NONE', #341 ) ;
#1543 = CIRCLE ( 'NONE', #2670, 4.501200000000001600 ) ;
#1544 = DIRECTION ( 'NONE',  ( -0.0000000000000000000, 1.000000000000000000, -0.0000000000000000000 ) ) ;
#1545 = EDGE_CURVE ( 'NONE', #744, #448, #3111, .T. ) ;
#1546 = FACE_OUTER_BOUND ( 'NONE', #3136, .T. ) ;
#1547 = ADVANCED_FACE ( 'NONE', ( #1306, #400 ), #2071, .T. ) ;
#1548 = CARTESIAN_POINT ( 'NONE',  ( 0.0000000000000000000, 0.0000000000000000000, 5.874999999999993800 ) ) ;
#1549 = AXIS2_PLACEMENT_3D ( 'NONE', #2066, #574, #2297 ) ;
#1550 = EDGE_LOOP ( 'NONE', ( #332, #20, #549, #2074 ) ) ;
#1551 = FACE_OUTER_BOUND ( 'NONE', #2049, .T. ) ;
#1552 = ORIENTED_EDGE ( 'NONE', *, *, #2934, .T. ) ;
#1553 = CARTESIAN_POINT ( 'NONE',  ( 5.210872130371990500E-016, 0.0000000000000000000, -4.255000000000001700 ) ) ;
#1554 = EDGE_LOOP ( 'NONE', ( #472, #1502, #2494, #666 ) ) ;
#1555 = AXIS2_PLACEMENT_3D ( 'NONE', #2595, #1110, #1138 ) ;
#1556 = ORIENTED_EDGE ( 'NONE', *, *, #2442, .T. ) ;
#1557 = EDGE_CURVE ( 'NONE', #129, #268, #667, .T. ) ;
#1558 = FACE_OUTER_BOUND ( 'NONE', #2143, .T. ) ;
#1559 = VERTEX_POINT ( 'NONE', #2806 ) ;
#1560 = DIRECTION ( 'NONE',  ( -0.0000000000000000000, 1.000000000000000000, -0.0000000000000000000 ) ) ;
#1561 = DIRECTION ( 'NONE',  ( -0.0000000000000000000, -0.0000000000000000000, -1.000000000000000000 ) ) ;
#1562 = CC_DESIGN_APPROVAL ( #1958, ( #1674 ) ) ;
#1563 = CARTESIAN_POINT ( 'NONE',  ( 0.0000000000000000000, 4.522199999999998000, 0.0000000000000000000 ) ) ;
#1564 = ADVANCED_FACE ( 'NONE', ( #252, #1775 ), #3033, .T. ) ;
#1565 = EDGE_CURVE ( 'NONE', #1193, #1149, #2450, .T. ) ;
#1566 = CARTESIAN_POINT ( 'NONE',  ( 0.0000000000000000000, 4.649200000000000400, 0.0000000000000000000 ) ) ;
#1567 = LOCAL_TIME ( 15, 25, 8.000000000000000000, #1692 ) ;
#1568 = EDGE_CURVE ( 'NONE', #2255, #1537, #323, .T. ) ;
#1569 = AXIS2_PLACEMENT_3D ( 'NONE', #2592, #3082, #1415 ) ;
#1570 = ADVANCED_FACE ( 'NONE', ( #2682, #1114 ), #1598, .T. ) ;
#1571 = ORIENTED_EDGE ( 'NONE', *, *, #980, .T. ) ;
#1572 = ORIENTED_EDGE ( 'NONE', *, *, #693, .T. ) ;
#1573 = ORIENTED_EDGE ( 'NONE', *, *, #281, .F. ) ;
#1574 = ADVANCED_FACE ( 'NONE', ( #1806, #1045 ), #925, .F. ) ;
#1575 = DIRECTION ( 'NONE',  ( -0.0000000000000000000, -0.0000000000000000000, -1.000000000000000000 ) ) ;
#1576 = ORIENTED_EDGE ( 'NONE', *, *, #2384, .T. ) ;
#1577 = DIRECTION ( 'NONE',  ( 0.0000000000000000000, 0.0000000000000000000, -1.000000000000000000 ) ) ;
#1578 = EDGE_CURVE ( 'NONE', #2983, #2310, #178, .T. ) ;
#1579 = LINE ( 'NONE', #1301, #936 ) ;
#1580 = CARTESIAN_POINT ( 'NONE',  ( 9.184850993605147900E-016, 4.000000000000000000, 7.500000000000000000 ) ) ;
#1581 = LINE ( 'NONE', #1007, #1077 ) ;
#1582 = APPROVAL_PERSON_ORGANIZATION ( #941, #1464, #2364 ) ;
#1583 = DIRECTION ( 'NONE',  ( 1.000000000000000000, 0.0000000000000000000, 0.0000000000000000000 ) ) ;
#1584 = DIRECTION ( 'NONE',  ( -0.0000000000000000000, -1.000000000000000000, -0.0000000000000000000 ) ) ;
#1585 = EDGE_CURVE ( 'NONE', #438, #2352, #1158, .T. ) ;
#1586 = ADVANCED_FACE ( 'NONE', ( #1974 ), #1623, .T. ) ;
#1587 = FACE_OUTER_BOUND ( 'NONE', #3021, .T. ) ;
#1588 = DIRECTION ( 'NONE',  ( -1.000000000000000000, 0.0000000000000000000, 0.0000000000000000000 ) ) ;
#1589 = AXIS2_PLACEMENT_3D ( 'NONE', #2609, #1146, #2858 ) ;
#1590 = ORIENTED_EDGE ( 'NONE', *, *, #2763, .T. ) ;
#1591 = CIRCLE ( 'NONE', #1515, 7.000000000000000000 ) ;
#1592 = CARTESIAN_POINT ( 'NONE',  ( 0.0000000000000000000, 3.429999999999999700, 4.501200000000001600 ) ) ;
#1593 = ADVANCED_FACE ( 'NONE', ( #2083 ), #775, .F. ) ;
#1594 = AXIS2_PLACEMENT_3D ( 'NONE', #2401, #1186, #2895 ) ;
#1595 = FACE_OUTER_BOUND ( 'NONE', #2418, .T. ) ;
#1596 = DIRECTION ( 'NONE',  ( 1.000000000000000000, 0.0000000000000000000, 0.0000000000000000000 ) ) ;
#1597 = EDGE_LOOP ( 'NONE', ( #17, #210 ) ) ;
#1598 = PLANE ( 'NONE',  #384 ) ;
#1599 = DIRECTION ( 'NONE',  ( 0.0000000000000000000, 0.0000000000000000000, -1.000000000000000000 ) ) ;
#1600 = ORIENTED_EDGE ( 'NONE', *, *, #263, .T. ) ;
#1601 = DIRECTION ( 'NONE',  ( 0.0000000000000000000, 0.0000000000000000000, 1.000000000000000000 ) ) ;
#1602 = DIRECTION ( 'NONE',  ( 1.000000000000000000, 0.0000000000000000000, 0.0000000000000000000 ) ) ;
#1603 = CC_DESIGN_PERSON_AND_ORGANIZATION_ASSIGNMENT ( #2110, #1901, ( #1448 ) ) ;
#1604 = PERSON_AND_ORGANIZATION ( #335, #2668 ) ;
#1605 = ADVANCED_FACE ( 'NONE', ( #552 ), #2007, .F. ) ;
#1606 = EDGE_CURVE ( 'NONE', #1472, #1149, #481, .T. ) ;
#1607 = DATE_AND_TIME ( #2247, #2820 ) ;
#1608 = CARTESIAN_POINT ( 'NONE',  ( 25.46010166682322100, 19.10311200532532900, 35.78625243460464800 ) ) ;
#1609 = AXIS2_PLACEMENT_3D ( 'NONE', #1657, #2582, #1404 ) ;
#1610 = CARTESIAN_POINT ( 'NONE',  ( 0.0000000000000000000, 0.3283948775786175200, 0.0000000000000000000 ) ) ;
#1611 = CIRCLE ( 'NONE', #2693, 15.62500000000000000 ) ;
#1612 = DIRECTION ( 'NONE',  ( -1.000000000000000000, 0.0000000000000000000, 0.0000000000000000000 ) ) ;
#1613 = AXIS2_PLACEMENT_3D ( 'NONE', #1680, #2162, #2637 ) ;
#1614 = EDGE_LOOP ( 'NONE', ( #748, #2918, #2679, #1763 ) ) ;
#1615 = ORIENTED_EDGE ( 'NONE', *, *, #1491, .T. ) ;
#1616 = CARTESIAN_POINT ( 'NONE',  ( 0.0000000000000000000, 0.5587999999999999600, -5.754799999999999500 ) ) ;
#1617 = AXIS2_PLACEMENT_3D ( 'NONE', #208, #2880, #2144 ) ;
#1618 = ORIENTED_EDGE ( 'NONE', *, *, #743, .T. ) ;
#1619 = ORIENTED_EDGE ( 'NONE', *, *, #3037, .T. ) ;
#1620 = CARTESIAN_POINT ( 'NONE',  ( 0.0000000000000000000, 0.0000000000000000000, 0.0000000000000000000 ) ) ;
#1621 = DIRECTION ( 'NONE',  ( 0.0000000000000000000, -0.0000000000000000000, 1.000000000000000000 ) ) ;
#1622 = CLOSED_SHELL ( 'NONE', ( #2790, #120, #2631, #2079, #176, #2092, #388, #1533 ) ) ;
#1623 = CONICAL_SURFACE ( 'NONE', #1201, 5.754799999999999500, 0.7853981633974456100 ) ;
#1624 = CARTESIAN_POINT ( 'NONE',  ( 0.0000000000000000000, 0.0000000000000000000, 2.999999999999999100 ) ) ;
#1625 = CARTESIAN_POINT ( 'NONE',  ( -6.327000000000000800, 4.522199999999998000, 0.0000000000000000000 ) ) ;
#1626 = DIRECTION ( 'NONE',  ( 0.0000000000000000000, 0.0000000000000000000, 1.000000000000000000 ) ) ;
#1627 = CIRCLE ( 'NONE', #1988, 0.1270000000000012500 ) ;
#1628 = CC_DESIGN_PERSON_AND_ORGANIZATION_ASSIGNMENT ( #2164, #141, ( #607 ) ) ;
#1629 = CARTESIAN_POINT ( 'NONE',  ( 0.0000000000000000000, 0.0000000000000000000, -3.992179855667826500 ) ) ;
#1630 = VERTEX_POINT ( 'NONE', #2622 ) ;
#1631 = FACE_BOUND ( 'NONE', #173, .T. ) ;
#1632 = APPLICATION_CONTEXT ( 'configuration controlled 3d designs of mechanical parts and assemblies' ) ;
#1633 = CIRCLE ( 'NONE', #657, 8.000000000000000000 ) ;
#1634 = EDGE_CURVE ( 'NONE', #3148, #2041, #817, .T. ) ;
#1635 = ORIENTED_EDGE ( 'NONE', *, *, #97, .F. ) ;
#1636 = DIRECTION ( 'NONE',  ( -0.0000000000000000000, -0.0000000000000000000, -1.000000000000000000 ) ) ;
#1637 = CONICAL_SURFACE ( 'NONE', #836, 15.75000000000000000, 0.7853981633974482800 ) ;
#1638 = CARTESIAN_POINT ( 'NONE',  ( 9.184850993605147900E-016, 5.000000000000000000, 7.500000000000000000 ) ) ;
#1639 = AXIS2_PLACEMENT_3D ( 'NONE', #507, #1745, #2956 ) ;
#1640 = ORIENTED_EDGE ( 'NONE', *, *, #1585, .T. ) ;
#1641 = DIRECTION ( 'NONE',  ( -0.0000000000000000000, -0.0000000000000000000, -1.000000000000000000 ) ) ;
#1642 = DIRECTION ( 'NONE',  ( -0.0000000000000000000, -1.000000000000000000, -0.0000000000000000000 ) ) ;
#1643 = AXIS2_PLACEMENT_3D ( 'NONE', #1204, #1458, #1477 ) ;
#1644 = PERSON_AND_ORGANIZATION_ROLE ( 'creator' ) ;
#1645 = DIRECTION ( 'NONE',  ( 0.0000000000000000000, 1.000000000000000000, 0.0000000000000000000 ) ) ;
#1646 = CARTESIAN_POINT ( 'NONE',  ( 5.419062086227039400E-016, 4.700000000000000200, -4.425000000000000700 ) ) ;
#1647 = DIRECTION ( 'NONE',  ( -1.000000000000000000, -0.0000000000000000000, -0.0000000000000000000 ) ) ;
#1648 = EDGE_CURVE ( 'NONE', #1133, #1233, #3071, .T. ) ;
#1649 = APPROVAL_DATE_TIME ( #1461, #1335 ) ;
#1650 = DIRECTION ( 'NONE',  ( -0.0000000000000000000, 1.000000000000000000, -0.0000000000000000000 ) ) ;
#1651 = CARTESIAN_POINT ( 'NONE',  ( 0.0000000000000000000, 0.0000000000000000000, 0.0000000000000000000 ) ) ;
#1652 = EDGE_CURVE ( 'NONE', #660, #1026, #1434, .T. ) ;
#1653 =( REPRESENTATION_RELATIONSHIP ('NONE','NONE', #1954, #2803 ) REPRESENTATION_RELATIONSHIP_WITH_TRANSFORMATION ( #1030 )SHAPE_REPRESENTATION_RELATIONSHIP( ) );
#1654 = DIRECTION ( 'NONE',  ( 0.0000000000000000000, -0.0000000000000000000, 1.000000000000000000 ) ) ;
#1655 = ORIENTED_EDGE ( 'NONE', *, *, #3128, .T. ) ;
#1656 = AXIS2_PLACEMENT_3D ( 'NONE', #1528, #787, #1034 ) ;
#1657 = CARTESIAN_POINT ( 'NONE',  ( 7.000000000000000000, 3.500000000000000000, 0.0000000000000000000 ) ) ;
#1658 = CARTESIAN_POINT ( 'NONE',  ( 0.0000000000000000000, 1.524000000000000000, -4.501200000000001600 ) ) ;
#1659 = ORIENTED_EDGE ( 'NONE', *, *, #1545, .T. ) ;
#1660 = DIRECTION ( 'NONE',  ( -0.0000000000000000000, -0.0000000000000000000, 1.000000000000000000 ) ) ;
#1661 = ORIENTED_EDGE ( 'NONE', *, *, #980, .F. ) ;
#1663 = ADVANCED_FACE ( 'NONE', ( #893 ), #2263, .F. ) ;
#1662 = AXIS2_PLACEMENT_3D ( 'NONE', #1916, #2860, #2157 ) ;
#1664 = ORIENTED_EDGE ( 'NONE', *, *, #1568, .T. ) ;
#1665 = ORIENTED_EDGE ( 'NONE', *, *, #1365, .T. ) ;
#1666 = AXIS2_PLACEMENT_3D ( 'NONE', #1629, #633, #1835 ) ;
#1667 = FACE_OUTER_BOUND ( 'NONE', #475, .T. ) ;
#1668 = DIRECTION ( 'NONE',  ( -0.0000000000000000000, 1.000000000000000000, -0.0000000000000000000 ) ) ;
#1669 = LINE ( 'NONE', #1150, #2651 ) ;
#1670 = DATE_AND_TIME ( #1812, #859 ) ;
#1671 = DIRECTION ( 'NONE',  ( 0.0000000000000000000, 0.0000000000000000000, 1.000000000000000000 ) ) ;
#1672 = DIRECTION ( 'NONE',  ( 0.0000000000000000000, 0.0000000000000000000, 1.000000000000000000 ) ) ;
#1673 = DIRECTION ( 'NONE',  ( 0.0000000000000000000, 0.0000000000000000000, -1.000000000000000000 ) ) ;
#1674 = PRODUCT_DEFINITION_FORMATION_WITH_SPECIFIED_SOURCE ( 'ANY', '', #2505, .NOT_KNOWN. ) ;
#1675 = EDGE_LOOP ( 'NONE', ( #2472, #143, #2117, #185 ) ) ;
#1676 = FACE_OUTER_BOUND ( 'NONE', #2060, .T. ) ;
#1677 = CIRCLE ( 'NONE', #1757, 6.200000000000000200 ) ;
#1678 = EDGE_CURVE ( 'NONE', #171, #1157, #2919, .T. ) ;
#1679 = CARTESIAN_POINT ( 'NONE',  ( 0.0000000000000000000, 4.799999999999996300, 0.0000000000000000000 ) ) ;
#1680 = CARTESIAN_POINT ( 'NONE',  ( 0.0000000000000000000, 0.1699999999999991500, 0.0000000000000000000 ) ) ;
#1681 = LINE ( 'NONE', #122, #2396 ) ;
#1682 = ORIENTED_EDGE ( 'NONE', *, *, #2237, .F. ) ;
#1683 = DIRECTION ( 'NONE',  ( 0.0000000000000000000, 0.0000000000000000000, 1.000000000000000000 ) ) ;
#1684 = EDGE_CURVE ( 'NONE', #2183, #675, #2190, .T. ) ;
#1685 = CIRCLE ( 'NONE', #1613, 4.425000000000000700 ) ;
#1686 = DIRECTION ( 'NONE',  ( 0.0000000000000000000, 1.000000000000000000, 0.0000000000000000000 ) ) ;
#1687 = AXIS2_PLACEMENT_3D ( 'NONE', #2101, #3064, #2327 ) ;
#1688 = DIRECTION ( 'NONE',  ( -0.0000000000000000000, 1.000000000000000000, -0.0000000000000000000 ) ) ;
#1689 = MANIFOLD_SOLID_BREP ( 'Chamfer1', #2597 ) ;
#1690 = CARTESIAN_POINT ( 'NONE',  ( 0.0000000000000000000, 0.2539999999999998900, 0.0000000000000000000 ) ) ;
#1691 = LOCAL_TIME ( 15, 25, 8.000000000000000000, #1095 ) ;
#1692 = COORDINATED_UNIVERSAL_TIME_OFFSET ( 6, 0, .BEHIND. ) ;
#1693 = CIRCLE ( 'NONE', #2469, 5.344789755157235000 ) ;
#1694 = EDGE_CURVE ( 'NONE', #764, #1840, #2045, .T. ) ;
#1695 = ORIENTED_EDGE ( 'NONE', *, *, #2827, .F. ) ;
#1696 = ORIENTED_EDGE ( 'NONE', *, *, #266, .T. ) ;
#1697 = APPROVAL_STATUS ( 'not_yet_approved' ) ;
#1698 = CARTESIAN_POINT ( 'NONE',  ( 0.0000000000000000000, 5.000000000000000000, 0.0000000000000000000 ) ) ;
#1699 = AXIS2_PLACEMENT_3D ( 'NONE', #1698, #2406, #1922 ) ;
#1700 = ORIENTED_EDGE ( 'NONE', *, *, #1917, .F. ) ;
#1701 = ORIENTED_EDGE ( 'NONE', *, *, #1985, .F. ) ;
#1702 = CARTESIAN_POINT ( 'NONE',  ( -15.75000000000000000, 0.0000000000000000000, 5.874999999999993800 ) ) ;
#1703 = VERTEX_POINT ( 'NONE', #483 ) ;
#1704 = FACE_OUTER_BOUND ( 'NONE', #1969, .T. ) ;
#1705 = AXIS2_PLACEMENT_3D ( 'NONE', #1014, #2492, #1259 ) ;
#1706 = ORIENTED_EDGE ( 'NONE', *, *, #1384, .T. ) ;
#1707 = CIRCLE ( 'NONE', #405, 6.200000000000000200 ) ;
#1708 = EDGE_LOOP ( 'NONE', ( #2262, #2087 ) ) ;
#1709 = CIRCLE ( 'NONE', #1953, 3.253999999999996900 ) ;
#1710 = ORIENTED_EDGE ( 'NONE', *, *, #1904, .F. ) ;
#1711 = CIRCLE ( 'NONE', #1326, 7.000000000000000900 ) ;
#1712 = TOROIDAL_SURFACE ( 'NONE', #2811, 6.200000000000001100, 0.1270000000000013600 ) ;
#1713 = EDGE_CURVE ( 'NONE', #1817, #2077, #2990, .T. ) ;
#1714 = CARTESIAN_POINT ( 'NONE',  ( 0.0000000000000000000, 0.1699999999999991500, 0.0000000000000000000 ) ) ;
#1715 = ORIENTED_EDGE ( 'NONE', *, *, #2237, .T. ) ;
#1716 = AXIS2_PLACEMENT_3D ( 'NONE', #1624, #2119, #652 ) ;
#1717 = AXIS2_PLACEMENT_3D ( 'NONE', #3108, #1422, #3121 ) ;
#1718 = DIRECTION ( 'NONE',  ( -1.000000000000000000, 0.0000000000000000000, 0.0000000000000000000 ) ) ;
#1719 = APPROVAL_DATE_TIME ( #502, #619 ) ;
#1720 = DIRECTION ( 'NONE',  ( 0.0000000000000000000, 0.7071067811865451300, 0.7071067811865499000 ) ) ;
#1721 = CC_DESIGN_APPROVAL ( #2436, ( #2378 ) ) ;
#1722 = CARTESIAN_POINT ( 'NONE',  ( 15.75000000000000000, 1.928818708657081300E-015, -5.874999999999999100 ) ) ;
#1723 = ORIENTED_EDGE ( 'NONE', *, *, #2146, .T. ) ;
#1724 = DIRECTION ( 'NONE',  ( 0.0000000000000000000, -1.000000000000000000, 0.0000000000000000000 ) ) ;
#1725 = EDGE_CURVE ( 'NONE', #55, #1323, #2608, .T. ) ;
#1726 = EDGE_LOOP ( 'NONE', ( #1171, #811, #2676, #399 ) ) ;
#1727 = ORIENTED_EDGE ( 'NONE', *, *, #3057, .F. ) ;
#1728 = CARTESIAN_POINT ( 'NONE',  ( 16.00000000000000000, 1.959434878635765100E-015, 0.0000000000000000000 ) ) ;
#1729 = EDGE_LOOP ( 'NONE', ( #225, #2729, #736, #337 ) ) ;
#1730 = CARTESIAN_POINT ( 'NONE',  ( -6.200000000000000200, 0.4318000000000021300, 0.0000000000000000000 ) ) ;
#1731 = EDGE_CURVE ( 'NONE', #2093, #1732, #1543, .T. ) ;
#1732 = VERTEX_POINT ( 'NONE', #1455 ) ;
#1733 = ORIENTED_EDGE ( 'NONE', *, *, #1151, .F. ) ;
#1734 = DIRECTION ( 'NONE',  ( 0.0000000000000000000, -0.7071067811865597900, -0.7071067811865352500 ) ) ;
#1735 = CARTESIAN_POINT ( 'NONE',  ( 0.0000000000000000000, 0.0000000000000000000, 6.000000000000000900 ) ) ;
#1736 = CARTESIAN_POINT ( 'NONE',  ( 0.0000000000000000000, 5.000000000000000000, -7.299999999999993600 ) ) ;
#1737 = CARTESIAN_POINT ( 'NONE',  ( 0.0000000000000000000, 0.4844051224213814500, 0.0000000000000000000 ) ) ;
#1738 = LINE ( 'NONE', #2023, #745 ) ;
#1739 = COORDINATED_UNIVERSAL_TIME_OFFSET ( 6, 0, .BEHIND. ) ;
#1740 = DIRECTION ( 'NONE',  ( 0.0000000000000000000, -1.000000000000000000, 0.0000000000000000000 ) ) ;
#1741 = CARTESIAN_POINT ( 'NONE',  ( 0.0000000000000000000, 4.000000000000000000, 0.0000000000000000000 ) ) ;
#1742 = ORIENTED_EDGE ( 'NONE', *, *, #2802, .F. ) ;
#1743 = CIRCLE ( 'NONE', #1666, 15.75000000000000000 ) ;
#1744 = CIRCLE ( 'NONE', #2566, 6.200000000000000200 ) ;
#1745 = DIRECTION ( 'NONE',  ( -0.0000000000000000000, 1.000000000000000000, -0.0000000000000000000 ) ) ;
#1746 = VECTOR ( 'NONE', #2215, 999.9999999999998900 ) ;
#1747 = EDGE_CURVE ( 'NONE', #3103, #2270, #2522, .T. ) ;
#1748 = ORIENTED_EDGE ( 'NONE', *, *, #2554, .F. ) ;
#1749 = CIRCLE ( 'NONE', #29, 5.344789755157235000 ) ;
#1750 = DIRECTION ( 'NONE',  ( 0.0000000000000000000, 0.0000000000000000000, 1.000000000000000000 ) ) ;
#1751 = EDGE_CURVE ( 'NONE', #2598, #1420, #2751, .T. ) ;
#1752 = CARTESIAN_POINT ( 'NONE',  ( 5.314967108299515400E-016, 0.0000000000000000000, -4.255000000000001700 ) ) ;
#1753 = AXIS2_PLACEMENT_3D ( 'NONE', #2700, #50, #1173 ) ;
#1754 = CARTESIAN_POINT ( 'NONE',  ( 0.0000000000000000000, 0.0000000000000000000, 0.0000000000000000000 ) ) ;
#1755 = ORIENTED_EDGE ( 'NONE', *, *, #526, .F. ) ;
#1756 = DATE_AND_TIME ( #2404, #800 ) ;
#1757 = AXIS2_PLACEMENT_3D ( 'NONE', #1962, #1972, #2431 ) ;
#1758 = PLANE ( 'NONE',  #1991 ) ;
#1759 = CALENDAR_DATE ( 2023, 4, 1 ) ;
#1760 = CARTESIAN_POINT ( 'NONE',  ( 0.0000000000000000000, 4.000000000000000000, 0.0000000000000000000 ) ) ;
#1761 = ORIENTED_EDGE ( 'NONE', *, *, #1684, .T. ) ;
#1762 = DIRECTION ( 'NONE',  ( 0.0000000000000000000, 0.0000000000000000000, 1.000000000000000000 ) ) ;
#1763 = ORIENTED_EDGE ( 'NONE', *, *, #1508, .F. ) ;
#1764 = VERTEX_POINT ( 'NONE', #2650 ) ;
#1765 = CC_DESIGN_PERSON_AND_ORGANIZATION_ASSIGNMENT ( #654, #3115, ( #1448 ) ) ;
#1766 = DIRECTION ( 'NONE',  ( 0.0000000000000000000, 1.000000000000000000, 0.0000000000000000000 ) ) ;
#1767 = CARTESIAN_POINT ( 'NONE',  ( -4.846763191613824500, 4.522199999999998000, 4.066917206486676800 ) ) ;
#1768 = EDGE_CURVE ( 'NONE', #1732, #2093, #2127, .T. ) ;
#1769 = VERTEX_POINT ( 'NONE', #2892 ) ;
#1770 = ORIENTED_EDGE ( 'NONE', *, *, #2216, .T. ) ;
#1771 = ADVANCED_FACE ( 'NONE', ( #738 ), #2419, .F. ) ;
#1772 = CARTESIAN_POINT ( 'NONE',  ( 0.0000000000000000000, 4.950000000000000200, 6.200000000000000200 ) ) ;
#1773 = AXIS2_PLACEMENT_3D ( 'NONE', #1499, #2664, #2187 ) ;
#1774 = EDGE_LOOP ( 'NONE', ( #847, #1044, #2876, #246 ) ) ;
#1775 = FACE_BOUND ( 'NONE', #54, .T. ) ;
#1776 = VECTOR ( 'NONE', #30, 1000.000000000000000 ) ;
#1777 = DIRECTION ( 'NONE',  ( -0.0000000000000000000, 1.000000000000000000, -0.0000000000000000000 ) ) ;
#1778 = AXIS2_PLACEMENT_3D ( 'NONE', #2863, #2601, #3113 ) ;
#1779 = VERTEX_POINT ( 'NONE', #1462 ) ;
#1780 = FACE_OUTER_BOUND ( 'NONE', #1351, .T. ) ;
#1781 = AXIS2_PLACEMENT_3D ( 'NONE', #1735, #2697, #1000 ) ;
#1782 = DIRECTION ( 'NONE',  ( 0.0000000000000000000, 0.0000000000000000000, 1.000000000000000000 ) ) ;
#1783 = CARTESIAN_POINT ( 'NONE',  ( -7.748340298205303700E-016, 0.3048000000000000200, -6.327000000000000000 ) ) ;
#1784 = ORIENTED_EDGE ( 'NONE', *, *, #103, .F. ) ;
#1785 = CIRCLE ( 'NONE', #389, 7.000000000000000900 ) ;
#1786 = DIRECTION ( 'NONE',  ( 0.0000000000000000000, 0.0000000000000000000, 1.000000000000000000 ) ) ;
#1787 = DIRECTION ( 'NONE',  ( 0.0000000000000000000, 0.0000000000000000000, 1.000000000000000000 ) ) ;
#1788 = FACE_OUTER_BOUND ( 'NONE', #2165, .T. ) ;
#1789 = CC_DESIGN_APPROVAL ( #741, ( #914 ) ) ;
#1790 = ADVANCED_FACE ( 'NONE', ( #1267 ), #1234, .F. ) ;
#1791 = DIRECTION ( 'NONE',  ( 0.0000000000000000000, 0.0000000000000000000, 1.000000000000000000 ) ) ;
#1792 = CARTESIAN_POINT ( 'NONE',  ( 0.0000000000000000000, 0.0000000000000000000, 3.992179855667827400 ) ) ;
#1793 = EDGE_CURVE ( 'NONE', #581, #255, #587, .T. ) ;
#1794 = CARTESIAN_POINT ( 'NONE',  ( 5.512380172322067900E-016, 3.429999999999999700, -4.501200000000001600 ) ) ;
#1795 = DATE_AND_TIME ( #1459, #2439 ) ;
#1796 = CALENDAR_DATE ( 2023, 4, 1 ) ;
#1797 = CARTESIAN_POINT ( 'NONE',  ( 0.0000000000000000000, 0.5588000000000025200, 6.327000000000000000 ) ) ;
#1798 = CARTESIAN_POINT ( 'NONE',  ( 0.0000000000000000000, 1.524000000000000000, 0.0000000000000000000 ) ) ;
#1799 = ADVANCED_FACE ( 'NONE', ( #1395 ), #1473, .T. ) ;
#1800 = CARTESIAN_POINT ( 'NONE',  ( -7.748340298205303700E-016, 0.5588000000000025200, -6.327000000000000000 ) ) ;
#1801 = ORIENTED_EDGE ( 'NONE', *, *, #1016, .T. ) ;
#1802 = ORIENTED_EDGE ( 'NONE', *, *, #2579, .T. ) ;
#1803 = EDGE_LOOP ( 'NONE', ( #2284, #1965, #2376, #2003 ) ) ;
#1804 = CARTESIAN_POINT ( 'NONE',  ( 0.0000000000000000000, 4.395200000000000000, -5.754799999999999500 ) ) ;
#1805 = ORIENTED_EDGE ( 'NONE', *, *, #1527, .F. ) ;
#1806 = FACE_BOUND ( 'NONE', #1038, .T. ) ;
#1807 = EDGE_CURVE ( 'NONE', #2300, #541, #2732, .T. ) ;
#1808 = FACE_BOUND ( 'NONE', #644, .T. ) ;
#1809 = AXIS2_PLACEMENT_3D ( 'NONE', #612, #1075, #1599 ) ;
#1810 = DIRECTION ( 'NONE',  ( 0.0000000000000000000, 0.0000000000000000000, -1.000000000000000000 ) ) ;
#1811 = CIRCLE ( 'NONE', #2857, 4.255000000000001700 ) ;
#1812 = CALENDAR_DATE ( 2023, 4, 1 ) ;
#1813 = EDGE_LOOP ( 'NONE', ( #2221, #959, #125, #2965 ) ) ;
#1814 = VECTOR ( 'NONE', #759, 1000.000000000000000 ) ;
#1815 = LINE ( 'NONE', #278, #2393 ) ;
#1816 = AXIS2_PLACEMENT_3D ( 'NONE', #1620, #869, #658 ) ;
#1817 = VERTEX_POINT ( 'NONE', #729 ) ;
#1818 = CIRCLE ( 'NONE', #2005, 0.1270000000000012500 ) ;
#1819 = CARTESIAN_POINT ( 'NONE',  ( 7.592810154713589800E-016, 4.700000000000000200, -6.200000000000000200 ) ) ;
#1820 = EDGE_LOOP ( 'NONE', ( #1805, #2021 ) ) ;
#1821 = FACE_OUTER_BOUND ( 'NONE', #2723, .T. ) ;
#1822 = CARTESIAN_POINT ( 'NONE',  ( 8.000000000000000000, 9.797174393178825700E-016, 0.0000000000000000000 ) ) ;
#1823 = CC_DESIGN_APPROVAL ( #1335, ( #2316 ) ) ;
#1824 = DIRECTION ( 'NONE',  ( 1.000000000000000000, 0.0000000000000000000, 0.0000000000000000000 ) ) ;
#1825 = ADVANCED_FACE ( 'NONE', ( #1704 ), #1934, .T. ) ;
#1826 = EDGE_CURVE ( 'NONE', #3077, #147, #99, .T. ) ;
#1827 = DIRECTION ( 'NONE',  ( -0.0000000000000000000, 1.000000000000000000, -0.0000000000000000000 ) ) ;
#1828 = ADVANCED_FACE ( 'NONE', ( #2564, #133 ), #217, .F. ) ;
#1829 = ORIENTED_EDGE ( 'NONE', *, *, #1426, .F. ) ;
#1830 = ADVANCED_FACE ( 'NONE', ( #709, #625 ), #267, .T. ) ;
#1831 = DIRECTION ( 'NONE',  ( 0.0000000000000000000, 0.0000000000000000000, 1.000000000000000000 ) ) ;
#1832 = CARTESIAN_POINT ( 'NONE',  ( 0.0000000000000000000, 4.446000000000000600, 0.0000000000000000000 ) ) ;
#1833 = COORDINATED_UNIVERSAL_TIME_OFFSET ( 6, 0, .BEHIND. ) ;
#1834 = AXIS2_PLACEMENT_3D ( 'NONE', #2170, #1176, #221 ) ;
#1835 = DIRECTION ( 'NONE',  ( -1.000000000000000000, 0.0000000000000000000, 0.0000000000000000000 ) ) ;
#1836 = VECTOR ( 'NONE', #1147, 1000.000000000000100 ) ;
#1837 =( NAMED_UNIT ( * ) PLANE_ANGLE_UNIT ( ) SI_UNIT ( $, .RADIAN. ) );
#1838 = DIRECTION ( 'NONE',  ( 1.000000000000000000, 0.0000000000000000000, 0.0000000000000000000 ) ) ;
#1839 = ORIENTED_EDGE ( 'NONE', *, *, #584, .T. ) ;
#1840 = VERTEX_POINT ( 'NONE', #778 ) ;
#1841 = ADVANCED_FACE ( 'NONE', ( #1239 ), #529, .F. ) ;
#1842 = DIRECTION ( 'NONE',  ( -0.0000000000000000000, -0.0000000000000000000, -1.000000000000000000 ) ) ;
#1843 = DIRECTION ( 'NONE',  ( -1.000000000000000000, 0.0000000000000000000, 0.0000000000000000000 ) ) ;
#1844 = ORIENTED_EDGE ( 'NONE', *, *, #1751, .F. ) ;
#1845 = ORIENTED_EDGE ( 'NONE', *, *, #849, .F. ) ;
#1846 = ADVANCED_FACE ( 'NONE', ( #1595 ), #2897, .F. ) ;
#1847 = LINE ( 'NONE', #1819, #854 ) ;
#1848 = DIRECTION ( 'NONE',  ( -0.0000000000000000000, -0.0000000000000000000, 1.000000000000000000 ) ) ;
#1849 = LINE ( 'NONE', #2615, #2132 ) ;
#1850 = UNCERTAINTY_MEASURE_WITH_UNIT (LENGTH_MEASURE( 1.000000000000000100E-005 ), #2308, 'distance_accuracy_value', 'NONE');
#1851 = DIRECTION ( 'NONE',  ( 1.000000000000000000, 0.0000000000000000000, 0.0000000000000000000 ) ) ;
#1852 = CARTESIAN_POINT ( 'NONE',  ( 0.0000000000000000000, 0.0000000000000000000, 6.746000000000000400 ) ) ;
#1853 = EDGE_CURVE ( 'NONE', #536, #26, #1909, .T. ) ;
#1854 = ORIENTED_EDGE ( 'NONE', *, *, #2802, .T. ) ;
#1855 = LINE ( 'NONE', #1616, #946 ) ;
#1856 = DIRECTION ( 'NONE',  ( -0.0000000000000000000, -1.000000000000000000, -0.0000000000000000000 ) ) ;
#1857 = CARTESIAN_POINT ( 'NONE',  ( 0.0000000000000000000, 0.0000000000000000000, -5.874999999999999100 ) ) ;
#1858 = AXIS2_PLACEMENT_3D ( 'NONE', #2963, #273, #2455 ) ;
#1859 = DIRECTION ( 'NONE',  ( 0.0000000000000000000, 1.000000000000000000, 0.0000000000000000000 ) ) ;
#1860 = ORIENTED_EDGE ( 'NONE', *, *, #43, .T. ) ;
#1861 = FACE_OUTER_BOUND ( 'NONE', #1167, .T. ) ;
#1862 = DIRECTION ( 'NONE',  ( 1.000000000000000000, 0.0000000000000000000, 0.0000000000000000000 ) ) ;
#1863 = CARTESIAN_POINT ( 'NONE',  ( -15.62500000000000000, 1.921164666162410400E-015, -5.999999999999999100 ) ) ;
#1864 = ORIENTED_EDGE ( 'NONE', *, *, #2701, .F. ) ;
#1865 = CIRCLE ( 'NONE', #2979, 8.000000000000000000 ) ;
#1866 = CARTESIAN_POINT ( 'NONE',  ( 0.0000000000000000000, 0.0000000000000000000, 0.0000000000000000000 ) ) ;
#1867 = ORIENTED_EDGE ( 'NONE', *, *, #2458, .F. ) ;
#1868 = ADVANCED_FACE ( 'NONE', ( #302 ), #229, .T. ) ;
#1869 = DIRECTION ( 'NONE',  ( -0.0000000000000000000, -1.000000000000000000, -0.0000000000000000000 ) ) ;
#1870 = PLANE ( 'NONE',  #3135 ) ;
#1871 = CALENDAR_DATE ( 2023, 4, 1 ) ;
#1872 = CARTESIAN_POINT ( 'NONE',  ( 0.0000000000000000000, 4.799999999999996300, -7.500000000000000000 ) ) ;
#1873 = EDGE_CURVE ( 'NONE', #1149, #2077, #2966, .T. ) ;
#1874 = PERSON_AND_ORGANIZATION ( #2267, #1980 ) ;
#1875 = APPROVAL_STATUS ( 'not_yet_approved' ) ;
#1876 = AXIS2_PLACEMENT_3D ( 'NONE', #428, #1905, #1159 ) ;
#1877 = CARTESIAN_POINT ( 'NONE',  ( -4.652187903061600200, 4.522199999999998000, 3.903649153626296300 ) ) ;
#1878 = AXIS2_PLACEMENT_3D ( 'NONE', #115, #162, #634 ) ;
#1879 = EDGE_LOOP ( 'NONE', ( #1407, #926, #2080, #3110 ) ) ;
#1880 = CARTESIAN_POINT ( 'NONE',  ( -7.000000000000000900, 0.0000000000000000000, -4.999999999999999100 ) ) ;
#1881 = CARTESIAN_POINT ( 'NONE',  ( 0.0000000000000000000, 0.2539999999999998900, -7.000000000000000000 ) ) ;
#1882 = AXIS2_PLACEMENT_3D ( 'NONE', #1857, #3086, #1843 ) ;
#1883 = ORIENTED_EDGE ( 'NONE', *, *, #1423, .T. ) ;
#1884 = EDGE_LOOP ( 'NONE', ( #1770, #296 ) ) ;
#1885 = SECURITY_CLASSIFICATION_LEVEL ( 'unclassified' ) ;
#1886 = DIRECTION ( 'NONE',  ( 0.0000000000000000000, 1.000000000000000000, 0.0000000000000000000 ) ) ;
#1887 = ORIENTED_EDGE ( 'NONE', *, *, #2777, .F. ) ;
#1888 = CIRCLE ( 'NONE', #2560, 15.75000000000000000 ) ;
#1889 = DIRECTION ( 'NONE',  ( 0.0000000000000000000, 0.0000000000000000000, 1.000000000000000000 ) ) ;
#1890 = DIRECTION ( 'NONE',  ( 0.0000000000000000000, -1.000000000000000000, 0.0000000000000000000 ) ) ;
#1891 = CARTESIAN_POINT ( 'NONE',  ( 0.0000000000000000000, 0.0000000000000000000, -3.254000000000003600 ) ) ;
#1892 = FACE_OUTER_BOUND ( 'NONE', #3144, .T. ) ;
#1893 = CC_DESIGN_SECURITY_CLASSIFICATION ( #355, ( #3152 ) ) ;
#1894 = EDGE_CURVE ( 'NONE', #2942, #1225, #1524, .T. ) ;
#1895 = CARTESIAN_POINT ( 'NONE',  ( -8.000000000000000000, 0.0000000000000000000, -5.874999999999999100 ) ) ;
#1896 = ORIENTED_EDGE ( 'NONE', *, *, #806, .F. ) ;
#1897 = CIRCLE ( 'NONE', #1156, 12.00000000000000000 ) ;
#1898 = CALENDAR_DATE ( 2023, 4, 1 ) ;
#1899 = ORIENTED_EDGE ( 'NONE', *, *, #2579, .F. ) ;
#1900 = CIRCLE ( 'NONE', #1440, 6.200000000000000200 ) ;
#1901 = PERSON_AND_ORGANIZATION_ROLE ( 'creator' ) ;
#1902 = TOROIDAL_SURFACE ( 'NONE', #1594, 6.200000000000001100, 0.1270000000000013600 ) ;
#1903 = CARTESIAN_POINT ( 'NONE',  ( 0.0000000000000000000, 0.0000000000000000000, -5.999999999999999100 ) ) ;
#1904 = EDGE_CURVE ( 'NONE', #174, #1703, #689, .T. ) ;
#1905 = DIRECTION ( 'NONE',  ( -0.0000000000000000000, 1.000000000000000000, -0.0000000000000000000 ) ) ;
#1906 = CIRCLE ( 'NONE', #3090, 3.000000000000000400 ) ;
#1907 = CARTESIAN_POINT ( 'NONE',  ( 8.125000000000000000, 9.950255243072244600E-016, -5.999999999999999100 ) ) ;
#1908 = AXIS2_PLACEMENT_3D ( 'NONE', #1213, #2920, #1444 ) ;
#1909 = LINE ( 'NONE', #993, #1327 ) ;
#1910 = DIRECTION ( 'NONE',  ( 0.0000000000000000000, -1.000000000000000000, 0.0000000000000000000 ) ) ;
#1911 = CARTESIAN_POINT ( 'NONE',  ( 0.0000000000000000000, 4.700000000000000200, 0.0000000000000000000 ) ) ;
#1912 = VERTEX_POINT ( 'NONE', #1501 ) ;
#1913 = DATE_TIME_ROLE ( 'classification_date' ) ;
#1914 = CARTESIAN_POINT ( 'NONE',  ( 0.0000000000000000000, 5.000000000000000000, 0.0000000000000000000 ) ) ;
#1915 = CARTESIAN_POINT ( 'NONE',  ( -7.748340298205303700E-016, 4.953999999999999700, -6.327000000000000000 ) ) ;
#1916 = CARTESIAN_POINT ( 'NONE',  ( -4.749475547337712400, 0.4318000000000021300, 3.985283180056486100 ) ) ;
#1917 = EDGE_CURVE ( 'NONE', #1541, #2710, #2317, .T. ) ;
#1918 = COORDINATED_UNIVERSAL_TIME_OFFSET ( 6, 0, .BEHIND. ) ;
#1919 = DIRECTION ( 'NONE',  ( 1.000000000000000000, 0.0000000000000000000, 0.0000000000000000000 ) ) ;
#1920 = EDGE_CURVE ( 'NONE', #541, #1630, #1450, .T. ) ;
#1921 =( REPRESENTATION_RELATIONSHIP ('NONE','NONE', #1954, #611 ) REPRESENTATION_RELATIONSHIP_WITH_TRANSFORMATION ( #2287 )SHAPE_REPRESENTATION_RELATIONSHIP( ) );
#1922 = DIRECTION ( 'NONE',  ( 0.0000000000000000000, 0.0000000000000000000, 1.000000000000000000 ) ) ;
#1923 = LINE ( 'NONE', #1638, #2331 ) ;
#1924 = AXIS2_PLACEMENT_3D ( 'NONE', #2594, #3119, #1417 ) ;
#1925 = DIRECTION ( 'NONE',  ( -0.0000000000000000000, 1.000000000000000000, -0.0000000000000000000 ) ) ;
#1926 = DIRECTION ( 'NONE',  ( -0.0000000000000000000, 1.000000000000000000, -0.0000000000000000000 ) ) ;
#1927 = ORIENTED_EDGE ( 'NONE', *, *, #996, .F. ) ;
#1928 = CARTESIAN_POINT ( 'NONE',  ( 0.0000000000000000000, 0.2540000000000000000, 0.0000000000000000000 ) ) ;
#1929 = ORIENTED_EDGE ( 'NONE', *, *, #1365, .F. ) ;
#1930 = AXIS2_PLACEMENT_3D ( 'NONE', #944, #1447, #1405 ) ;
#1931 = ORIENTED_EDGE ( 'NONE', *, *, #3099, .F. ) ;
#1932 = DIRECTION ( 'NONE',  ( 0.0000000000000000000, 0.0000000000000000000, 1.000000000000000000 ) ) ;
#1933 = ORIENTED_EDGE ( 'NONE', *, *, #2403, .F. ) ;
#1934 = CYLINDRICAL_SURFACE ( 'NONE', #2830, 4.425000000000000700 ) ;
#1935 = DIRECTION ( 'NONE',  ( 0.0000000000000000000, 0.0000000000000000000, -1.000000000000000000 ) ) ;
#1936 = CIRCLE ( 'NONE', #189, 0.1270000000000013600 ) ;
#1937 = DIRECTION ( 'NONE',  ( 0.0000000000000000000, 0.0000000000000000000, 1.000000000000000000 ) ) ;
#1938 = DIRECTION ( 'NONE',  ( 0.7660444431189856700, 0.0000000000000000000, -0.6427876096865301500 ) ) ;
#1939 = LINE ( 'NONE', #3133, #328 ) ;
#1940 = CONICAL_SURFACE ( 'NONE', #1496, 5.754799999999999500, 0.7853981633974456100 ) ;
#1941 = EDGE_CURVE ( 'NONE', #1703, #174, #954, .T. ) ;
#1942 = DIRECTION ( 'NONE',  ( 0.0000000000000000000, 0.0000000000000000000, 1.000000000000000000 ) ) ;
#1943 = ORIENTED_EDGE ( 'NONE', *, *, #1941, .F. ) ;
#1944 = CYLINDRICAL_SURFACE ( 'NONE', #769, 6.327000000000000000 ) ;
#1945 = AXIS2_PLACEMENT_3D ( 'NONE', #1548, #1019, #535 ) ;
#1946 = ORIENTED_EDGE ( 'NONE', *, *, #783, .F. ) ;
#1947 = CARTESIAN_POINT ( 'NONE',  ( 5.419062086227039400E-016, 0.2540000000000000000, 4.425000000000000700 ) ) ;
#1948 = VECTOR ( 'NONE', #3053, 1000.000000000000000 ) ;
#1949 = ORIENTED_EDGE ( 'NONE', *, *, #2914, .T. ) ;
#1950 = DIRECTION ( 'NONE',  ( 0.0000000000000000000, -1.000000000000000000, 0.0000000000000000000 ) ) ;
#1951 = AXIS2_PLACEMENT_3D ( 'NONE', #85, #790, #339 ) ;
#1952 = CARTESIAN_POINT ( 'NONE',  ( -4.749475547337712400, 4.522199999999998000, 3.985283180056486100 ) ) ;
#1953 = AXIS2_PLACEMENT_3D ( 'NONE', #277, #2212, #261 ) ;
#1954 = SHAPE_REPRESENTATION ( '3600-0006-3212 Assembly', ( #13, #68, #553, #2503 ), #720 ) ;
#1955 = CARTESIAN_POINT ( 'NONE',  ( 0.0000000000000000000, 4.522199999999998000, 6.200000000000001100 ) ) ;
#1956 = ORGANIZATION ( 'NAUO-ORG3', 'UNSPECIFIED', 'UNSPECIFIED' ) ;
#1957 = DIRECTION ( 'NONE',  ( 0.0000000000000000000, 0.0000000000000000000, -1.000000000000000000 ) ) ;
#1958 = APPROVAL ( #391, 'UNSPECIFIED' ) ;
#1959 = APPROVAL_PERSON_ORGANIZATION ( #3011, #2596, #2405 ) ;
#1960 = ADVANCED_BREP_SHAPE_REPRESENTATION ( '', ( #1205, #539, #1048, #1258 ), #1001 ) ;
#1961 = CARTESIAN_POINT ( 'NONE',  ( 8.261467307048044400E-016, 3.500000000000000000, -6.746000000000000400 ) ) ;
#1962 = CARTESIAN_POINT ( 'NONE',  ( 0.0000000000000000000, 4.950000000000000200, 0.0000000000000000000 ) ) ;
#1963 = DIRECTION ( 'NONE',  ( -0.0000000000000000000, 1.000000000000000000, -0.0000000000000000000 ) ) ;
#1964 = EDGE_CURVE ( 'NONE', #411, #536, #1865, .T. ) ;
#1965 = ORIENTED_EDGE ( 'NONE', *, *, #3057, .T. ) ;
#1966 = ORIENTED_EDGE ( 'NONE', *, *, #1694, .F. ) ;
#1967 = DIRECTION ( 'NONE',  ( -0.0000000000000000000, -1.000000000000000000, -0.0000000000000000000 ) ) ;
#1968 = AXIS2_PLACEMENT_3D ( 'NONE', #16, #2435, #705 ) ;
#1969 = EDGE_LOOP ( 'NONE', ( #2411, #1371, #2319, #1755 ) ) ;
#1970 = ORIENTED_EDGE ( 'NONE', *, *, #206, .F. ) ;
#1971 = DIRECTION ( 'NONE',  ( 8.659560562354908200E-017, -0.7071067811865493500, 0.7071067811865455700 ) ) ;
#1972 = DIRECTION ( 'NONE',  ( 0.0000000000000000000, 1.000000000000000000, 0.0000000000000000000 ) ) ;
#1973 = VERTEX_POINT ( 'NONE', #1241 ) ;
#1974 = FACE_OUTER_BOUND ( 'NONE', #2040, .T. ) ;
#1975 = DIRECTION ( 'NONE',  ( 0.0000000000000000000, 0.0000000000000000000, 1.000000000000000000 ) ) ;
#1976 = EDGE_LOOP ( 'NONE', ( #2618, #1367, #517, #2563 ) ) ;
#1977 = VECTOR ( 'NONE', #70, 1000.000000000000100 ) ;
#1978 = EDGE_LOOP ( 'NONE', ( #905, #1860 ) ) ;
#1979 = FACE_OUTER_BOUND ( 'NONE', #2851, .T. ) ;
#1980 = ORGANIZATION ( 'UNSPECIFIED', 'UNSPECIFIED', '' ) ;
#1981 = DIRECTION ( 'NONE',  ( 0.0000000000000000000, 0.0000000000000000000, 1.000000000000000000 ) ) ;
#1982 = VERTEX_POINT ( 'NONE', #2451 ) ;
#1983 = CIRCLE ( 'NONE', #1662, 0.1270000000000013600 ) ;
#1984 = CARTESIAN_POINT ( 'NONE',  ( -6.200000000000000200, 4.649200000000000400, 0.0000000000000000000 ) ) ;
#1985 = EDGE_CURVE ( 'NONE', #2710, #1541, #1249, .T. ) ;
#1986 = DIRECTION ( 'NONE',  ( 0.0000000000000000000, 0.0000000000000000000, -1.000000000000000000 ) ) ;
#1987 = CIRCLE ( 'NONE', #474, 6.200000000000000200 ) ;
#1988 = AXIS2_PLACEMENT_3D ( 'NONE', #2844, #2330, #2867 ) ;
#1989 = ORIENTED_EDGE ( 'NONE', *, *, #783, .T. ) ;
#1990 = CARTESIAN_POINT ( 'NONE',  ( 3.673940397442060400E-016, 0.2540000000000042200, -3.000000000000000400 ) ) ;
#1991 = AXIS2_PLACEMENT_3D ( 'NONE', #1028, #301, #2706 ) ;
#1992 = DIRECTION ( 'NONE',  ( 0.0000000000000000000, -1.000000000000000000, 0.0000000000000000000 ) ) ;
#1993 = DIRECTION ( 'NONE',  ( -0.7071067811865474600, 8.659560562354932900E-017, 0.7071067811865474600 ) ) ;
#1994 = DIRECTION ( 'NONE',  ( -0.0000000000000000000, -0.0000000000000000000, -1.000000000000000000 ) ) ;
#1995 = CARTESIAN_POINT ( 'NONE',  ( 0.0000000000000000000, 3.429999999999999700, 0.0000000000000000000 ) ) ;
#1996 = CC_DESIGN_SECURITY_CLASSIFICATION ( #1177, ( #1448 ) ) ;
#1997 = CARTESIAN_POINT ( 'NONE',  ( -8.000000000000000000, 0.0000000000000000000, -4.999999999999998200 ) ) ;
#1998 = DIRECTION ( 'NONE',  ( 1.000000000000000000, 0.0000000000000000000, 0.0000000000000000000 ) ) ;
#1999 = LINE ( 'NONE', #1421, #1836 ) ;
#2000 = EDGE_CURVE ( 'NONE', #2477, #2036, #1214, .T. ) ;
#2001 = ORIENTED_EDGE ( 'NONE', *, *, #1328, .F. ) ;
#2002 = VERTEX_POINT ( 'NONE', #2290 ) ;
#2003 = ORIENTED_EDGE ( 'NONE', *, *, #711, .F. ) ;
#2004 = CARTESIAN_POINT ( 'NONE',  ( 0.0000000000000000000, 0.2539999999999998900, 7.000000000000000000 ) ) ;
#2005 = AXIS2_PLACEMENT_3D ( 'NONE', #1955, #491, #2986 ) ;
#2006 = ORIENTED_EDGE ( 'NONE', *, *, #2180, .T. ) ;
#2007 = CONICAL_SURFACE ( 'NONE', #2182, 3.000000000000000400, 0.7853981633974482800 ) ;
#2008 = CARTESIAN_POINT ( 'NONE',  ( 0.0000000000000000000, 4.469594877578618500, -5.680405122421381000 ) ) ;
#2009 = ORIENTED_EDGE ( 'NONE', *, *, #1252, .F. ) ;
#2010 = FACE_OUTER_BOUND ( 'NONE', #2483, .T. ) ;
#2011 = ADVANCED_BREP_SHAPE_REPRESENTATION ( '', ( #1689, #1258 ), #2304 ) ;
#2012 = ORIENTED_EDGE ( 'NONE', *, *, #1648, .F. ) ;
#2013 = CIRCLE ( 'NONE', #966, 0.1270000000000013600 ) ;
#2014 = SHAPE_DEFINITION_REPRESENTATION ( #2709, #1954 ) ;
#2015 = ORIENTED_EDGE ( 'NONE', *, *, #1270, .F. ) ;
#2016 = ADVANCED_FACE ( 'NONE', ( #2171 ), #42, .F. ) ;
#2017 = FACE_OUTER_BOUND ( 'NONE', #437, .T. ) ;
#2018 = ORIENTED_EDGE ( 'NONE', *, *, #3091, .F. ) ;
#2019 = DIRECTION ( 'NONE',  ( 0.0000000000000000000, 0.0000000000000000000, 1.000000000000000000 ) ) ;
#2020 = FACE_OUTER_BOUND ( 'NONE', #1453, .T. ) ;
#2021 = ORIENTED_EDGE ( 'NONE', *, *, #670, .F. ) ;
#2022 = EDGE_CURVE ( 'NONE', #411, #671, #1056, .T. ) ;
#2023 = CARTESIAN_POINT ( 'NONE',  ( 0.0000000000000000000, 5.000000000000000000, -4.254999999999999900 ) ) ;
#2024 = CARTESIAN_POINT ( 'NONE',  ( 0.0000000000000000000, 0.2540000000000000000, 0.0000000000000000000 ) ) ;
#2025 = AXIS2_PLACEMENT_3D ( 'NONE', #1566, #1315, #871 ) ;
#2026 = DIRECTION ( 'NONE',  ( 0.0000000000000000000, 0.7071067811865474600, 0.7071067811865474600 ) ) ;
#2027 = ORIENTED_EDGE ( 'NONE', *, *, #493, .T. ) ;
#2028 = CONTEXT_DEPENDENT_SHAPE_REPRESENTATION ( #1921, #1129 ) ;
#2029 = AXIS2_PLACEMENT_3D ( 'NONE', #79, #316, #533 ) ;
#2030 = DIRECTION ( 'NONE',  ( 0.0000000000000000000, 1.000000000000000000, 0.0000000000000000000 ) ) ;
#2031 = PERSON_AND_ORGANIZATION ( #2267, #1980 ) ;
#2032 = ADVANCED_FACE ( 'NONE', ( #1821 ), #2500, .T. ) ;
#2033 = CARTESIAN_POINT ( 'NONE',  ( 0.0000000000000000000, 5.000000000000000000, -7.500000000000000000 ) ) ;
#2034 = VECTOR ( 'NONE', #168, 1000.000000000000000 ) ;
#2035 = DIRECTION ( 'NONE',  ( 0.0000000000000000000, 0.0000000000000000000, 1.000000000000000000 ) ) ;
#2036 = VERTEX_POINT ( 'NONE', #835 ) ;
#2037 = ORIENTED_EDGE ( 'NONE', *, *, #1451, .F. ) ;
#2038 = DIRECTION ( 'NONE',  ( -1.000000000000000000, 0.0000000000000000000, 0.0000000000000000000 ) ) ;
#2039 = EDGE_CURVE ( 'NONE', #174, #2710, #150, .T. ) ;
#2040 = EDGE_LOOP ( 'NONE', ( #814, #2785, #1715, #2746 ) ) ;
#2041 = VERTEX_POINT ( 'NONE', #815 ) ;
#2042 = DIRECTION ( 'NONE',  ( 1.224646799147354700E-016, 0.0000000000000000000, -1.000000000000000000 ) ) ;
#2043 = AXIS2_PLACEMENT_3D ( 'NONE', #2884, #2647, #3125 ) ;
#2044 = VERTEX_POINT ( 'NONE', #1797 ) ;
#2045 = CIRCLE ( 'NONE', #2347, 5.860010244842764700 ) ;
#2046 = CIRCLE ( 'NONE', #875, 6.327000000000001700 ) ;
#2047 = ADVANCED_FACE ( 'NONE', ( #2020 ), #1712, .T. ) ;
#2048 = AXIS2_PLACEMENT_3D ( 'NONE', #576, #304, #2489 ) ;
#2049 = EDGE_LOOP ( 'NONE', ( #834, #1896, #3062, #1946 ) ) ;
#2050 = CIRCLE ( 'NONE', #344, 0.1270000000000012500 ) ;
#2051 = AXIS2_PLACEMENT_3D ( 'NONE', #232, #1175, #1937 ) ;
#2052 = DIRECTION ( 'NONE',  ( -0.0000000000000000000, 1.000000000000000000, -0.0000000000000000000 ) ) ;
#2053 = CARTESIAN_POINT ( 'NONE',  ( 0.0000000000000000000, 5.000000000000000000, 0.0000000000000000000 ) ) ;
#2054 = FACE_OUTER_BOUND ( 'NONE', #2123, .T. ) ;
#2055 = CARTESIAN_POINT ( 'NONE',  ( -8.000000000000000000, 0.0000000000000000000, 2.999999999999999100 ) ) ;
#2056 = ORIENTED_EDGE ( 'NONE', *, *, #1217, .F. ) ;
#2057 = CONICAL_SURFACE ( 'NONE', #2430, 15.75000000000000000, 0.7853981633974482800 ) ;
#2058 = CC_DESIGN_DATE_AND_TIME_ASSIGNMENT ( #570, #1913, ( #3096 ) ) ;
#2059 = CARTESIAN_POINT ( 'NONE',  ( 0.0000000000000000000, 0.0000000000000000000, 0.0000000000000000000 ) ) ;
#2060 = EDGE_LOOP ( 'NONE', ( #2359, #2541 ) ) ;
#2061 = EDGE_CURVE ( 'NONE', #2944, #2942, #1029, .T. ) ;
#2062 = DIRECTION ( 'NONE',  ( 0.0000000000000000000, 0.0000000000000000000, -1.000000000000000000 ) ) ;
#2063 = DIRECTION ( 'NONE',  ( 0.0000000000000000000, 0.0000000000000000000, 1.000000000000000000 ) ) ;
#2064 = ADVANCED_FACE ( 'NONE', ( #1788 ), #1368, .F. ) ;
#2065 = EDGE_CURVE ( 'NONE', #1982, #55, #2727, .T. ) ;
#2066 = CARTESIAN_POINT ( 'NONE',  ( 0.0000000000000000000, 0.2539999999999998900, 0.0000000000000000000 ) ) ;
#2067 = AXIS2_PLACEMENT_3D ( 'NONE', #3069, #838, #2286 ) ;
#2068 = ORIENTED_EDGE ( 'NONE', *, *, #1557, .T. ) ;
#2069 = COORDINATED_UNIVERSAL_TIME_OFFSET ( 6, 0, .BEHIND. ) ;
#2070 = CARTESIAN_POINT ( 'NONE',  ( 0.0000000000000000000, 4.000000000000000000, 0.0000000000000000000 ) ) ;
#2071 = PLANE ( 'NONE',  #269 ) ;
#2072 = ADVANCED_FACE ( 'NONE', ( #376 ), #3130, .F. ) ;
#2073 = CARTESIAN_POINT ( 'NONE',  ( 3.985000684425491600E-016, 0.0000000000000000000, 3.254000000000003600 ) ) ;
#2074 = ORIENTED_EDGE ( 'NONE', *, *, #1423, .F. ) ;
#2075 = DIRECTION ( 'NONE',  ( -0.0000000000000000000, -0.0000000000000000000, -1.000000000000000000 ) ) ;
#2076 = ORIENTED_EDGE ( 'NONE', *, *, #1694, .T. ) ;
#2077 = VERTEX_POINT ( 'NONE', #1310 ) ;
#2078 = DIRECTION ( 'NONE',  ( 0.0000000000000000000, 1.000000000000000000, 0.0000000000000000000 ) ) ;
#2079 = ADVANCED_FACE ( 'NONE', ( #562 ), #3045, .T. ) ;
#2080 = ORIENTED_EDGE ( 'NONE', *, *, #698, .T. ) ;
#2081 =( NAMED_UNIT ( * ) PLANE_ANGLE_UNIT ( ) SI_UNIT ( $, .RADIAN. ) );
#2082 = EDGE_CURVE ( 'NONE', #989, #3020, #2239, .T. ) ;
#2083 = FACE_OUTER_BOUND ( 'NONE', #1675, .T. ) ;
#2084 = DIRECTION ( 'NONE',  ( -0.6427876096865301500, -0.0000000000000000000, -0.7660444431189860100 ) ) ;
#2085 = AXIS2_PLACEMENT_3D ( 'NONE', #2640, #690, #756 ) ;
#2086 = DIRECTION ( 'NONE',  ( 0.0000000000000000000, 1.000000000000000000, 0.0000000000000000000 ) ) ;
#2087 = ORIENTED_EDGE ( 'NONE', *, *, #2061, .T. ) ;
#2088 = VECTOR ( 'NONE', #2197, 1000.000000000000000 ) ;
#2089 = COORDINATED_UNIVERSAL_TIME_OFFSET ( 6, 0, .BEHIND. ) ;
#2090 = CARTESIAN_POINT ( 'NONE',  ( 0.0000000000000000000, 0.0000000000000000000, -4.999999999999999100 ) ) ;
#2091 = CARTESIAN_POINT ( 'NONE',  ( 0.0000000000000000000, 0.0000000000000000000, 6.000000000000000900 ) ) ;
#2092 = ADVANCED_FACE ( 'NONE', ( #868 ), #1091, .T. ) ;
#2093 = VERTEX_POINT ( 'NONE', #560 ) ;
#2094 = FACE_OUTER_BOUND ( 'NONE', #2533, .T. ) ;
#2095 = AXIS2_PLACEMENT_3D ( 'NONE', #1084, #2804, #1339 ) ;
#2096 = APPLICATION_CONTEXT ( 'configuration controlled 3d designs of mechanical parts and assemblies' ) ;
#2097 = TOROIDAL_SURFACE ( 'NONE', #1221, 5.344789755157235000, 0.2540000000000000000 ) ;
#2098 = PLANE ( 'NONE',  #1609 ) ;
#2099 = CIRCLE ( 'NONE', #1025, 0.1270000000000012500 ) ;
#2100 = ORIENTED_EDGE ( 'NONE', *, *, #584, .F. ) ;
#2101 = CARTESIAN_POINT ( 'NONE',  ( 0.0000000000000000000, 4.625605122421380800, 0.0000000000000000000 ) ) ;
#2102 = EDGE_CURVE ( 'NONE', #1912, #1323, #789, .T. ) ;
#2103 =( LENGTH_UNIT ( ) NAMED_UNIT ( * ) SI_UNIT ( .MILLI., .METRE. ) );
#2104 = DIRECTION ( 'NONE',  ( 0.0000000000000000000, 1.000000000000000000, 0.0000000000000000000 ) ) ;
#2105 = AXIS2_PLACEMENT_3D ( 'NONE', #602, #585, #2288 ) ;
#2106 = DATE_AND_TIME ( #2817, #2246 ) ;
#2107 = CARTESIAN_POINT ( 'NONE',  ( 0.0000000000000000000, 4.522199999999998000, 6.072999999999999500 ) ) ;
#2108 = CARTESIAN_POINT ( 'NONE',  ( 0.0000000000000000000, 4.522199999999998000, 0.0000000000000000000 ) ) ;
#2109 = DIRECTION ( 'NONE',  ( 0.0000000000000000000, 0.0000000000000000000, 1.000000000000000000 ) ) ;
#2110 = PERSON_AND_ORGANIZATION ( #2267, #1980 ) ;
#2111 = AXIS2_PLACEMENT_3D ( 'NONE', #2885, #1425, #702 ) ;
#2112 = CARTESIAN_POINT ( 'NONE',  ( 0.0000000000000000000, 0.3048000000000000200, 0.0000000000000000000 ) ) ;
#2113 = CARTESIAN_POINT ( 'NONE',  ( 0.0000000000000000000, 0.0000000000000000000, 5.874999999999993800 ) ) ;
#2114 = AXIS2_PLACEMENT_3D ( 'NONE', #2910, #5, #497 ) ;
#2115 = CIRCLE ( 'NONE', #1261, 15.75000000000000000 ) ;
#2116 = DIRECTION ( 'NONE',  ( 0.0000000000000000000, 0.0000000000000000000, 1.000000000000000000 ) ) ;
#2117 = ORIENTED_EDGE ( 'NONE', *, *, #931, .F. ) ;
#2118 = ORIENTED_EDGE ( 'NONE', *, *, #2513, .T. ) ;
#2119 = DIRECTION ( 'NONE',  ( 0.0000000000000000000, 0.0000000000000000000, 1.000000000000000000 ) ) ;
#2120 = DIRECTION ( 'NONE',  ( 0.0000000000000000000, 0.0000000000000000000, 1.000000000000000000 ) ) ;
#2121 = ORIENTED_EDGE ( 'NONE', *, *, #1826, .F. ) ;
#2122 = CARTESIAN_POINT ( 'NONE',  ( 0.0000000000000000000, 1.524000000000000000, -4.501200000000001600 ) ) ;
#2123 = EDGE_LOOP ( 'NONE', ( #131, #1302, #2100, #2603 ) ) ;
#2124 = APPROVAL ( #2371, 'UNSPECIFIED' ) ;
#2125 = EDGE_CURVE ( 'NONE', #515, #581, #495, .T. ) ;
#2126 = ORIENTED_EDGE ( 'NONE', *, *, #1807, .F. ) ;
#2127 = CIRCLE ( 'NONE', #2219, 4.501200000000001600 ) ;
#2128 = VECTOR ( 'NONE', #1992, 1000.000000000000000 ) ;
#2129 = PERSON_AND_ORGANIZATION_ROLE ( 'creator' ) ;
#2130 = EDGE_CURVE ( 'NONE', #1542, #1630, #418, .T. ) ;
#2131 = EDGE_LOOP ( 'NONE', ( #663, #2712 ) ) ;
#2132 = VECTOR ( 'NONE', #1419, 1000.000000000000000 ) ;
#2133 = DIRECTION ( 'NONE',  ( 0.0000000000000000000, 0.0000000000000000000, -1.000000000000000000 ) ) ;
#2134 = AXIS2_PLACEMENT_3D ( 'NONE', #317, #2972, #90 ) ;
#2135 = DIRECTION ( 'NONE',  ( 0.0000000000000000000, 0.0000000000000000000, 1.000000000000000000 ) ) ;
#2136 = VERTEX_POINT ( 'NONE', #347 ) ;
#2137 = CONICAL_SURFACE ( 'NONE', #2674, 7.500000000000000000, 0.7853981633974526100 ) ;
#2138 = CARTESIAN_POINT ( 'NONE',  ( 0.0000000000000000000, 0.05000000000000576900, 0.0000000000000000000 ) ) ;
#2139 = CONICAL_SURFACE ( 'NONE', #1778, 15.62500000000000000, 0.7853981633974482800 ) ;
#2140 = DATE_TIME_ROLE ( 'classification_date' ) ;
#2141 = EDGE_LOOP ( 'NONE', ( #1665, #3034 ) ) ;
#2142 = PLANE ( 'NONE',  #1924 ) ;
#2143 = EDGE_LOOP ( 'NONE', ( #2291, #327, #842, #2299 ) ) ;
#2144 = DIRECTION ( 'NONE',  ( 1.000000000000000000, 0.0000000000000000000, 0.0000000000000000000 ) ) ;
#2145 = CARTESIAN_POINT ( 'NONE',  ( 0.0000000000000000000, 0.4318000000000021300, 6.200000000000001100 ) ) ;
#2146 = EDGE_CURVE ( 'NONE', #26, #671, #76, .T. ) ;
#2147 = APPROVAL_PERSON_ORGANIZATION ( #537, #2124, #1363 ) ;
#2148 = SECURITY_CLASSIFICATION_LEVEL ( 'unclassified' ) ;
#2149 = DIRECTION ( 'NONE',  ( 0.0000000000000000000, 0.0000000000000000000, -1.000000000000000000 ) ) ;
#2150 = AXIS2_PLACEMENT_3D ( 'NONE', #116, #2770, #100 ) ;
#2151 = EDGE_LOOP ( 'NONE', ( #1839, #901, #1829, #406 ) ) ;
#2152 = ORIENTED_EDGE ( 'NONE', *, *, #2420, .T. ) ;
#2153 = EDGE_LOOP ( 'NONE', ( #579, #1228, #2872, #888 ) ) ;
#2154 = APPLICATION_PROTOCOL_DEFINITION ( 'international standard', 'config_control_design', 1994, #3068 ) ;
#2155 = ORIENTED_EDGE ( 'NONE', *, *, #803, .F. ) ;
#2156 = DIRECTION ( 'NONE',  ( -0.0000000000000000000, -1.000000000000000000, -0.0000000000000000000 ) ) ;
#2157 = DIRECTION ( 'NONE',  ( 0.7660444431189856700, 0.0000000000000000000, -0.6427876096865301500 ) ) ;
#2158 = CIRCLE ( 'NONE', #1589, 5.860010244842764700 ) ;
#2159 = CC_DESIGN_APPROVAL ( #2124, ( #1504 ) ) ;
#2160 = EDGE_CURVE ( 'NONE', #368, #1318, #2626, .T. ) ;
#2161 = CARTESIAN_POINT ( 'NONE',  ( 0.0000000000000000000, 0.0000000000000000000, 0.0000000000000000000 ) ) ;
#2162 = DIRECTION ( 'NONE',  ( 0.0000000000000000000, 1.000000000000000000, 0.0000000000000000000 ) ) ;
#2163 = CYLINDRICAL_SURFACE ( 'NONE', #604, 4.425000000000000700 ) ;
#2164 = PERSON_AND_ORGANIZATION ( #2267, #1980 ) ;
#2165 = EDGE_LOOP ( 'NONE', ( #1392, #78, #1196, #1933 ) ) ;
#2166 = CONICAL_SURFACE ( 'NONE', #516, 4.254999999999999900, 0.7853981633974431700 ) ;
#2167 = CYLINDRICAL_SURFACE ( 'NONE', #1299, 15.75000000000000000 ) ;
#2168 = CIRCLE ( 'NONE', #964, 7.299999999999993600 ) ;
#2169 = AXIS2_PLACEMENT_3D ( 'NONE', #431, #420, #2135 ) ;
#2170 = CARTESIAN_POINT ( 'NONE',  ( 0.0000000000000000000, 4.829999999999997400, 0.0000000000000000000 ) ) ;
#2171 = FACE_OUTER_BOUND ( 'NONE', #1726, .T. ) ;
#2172 = DIRECTION ( 'NONE',  ( -0.0000000000000000000, -1.000000000000000000, -0.0000000000000000000 ) ) ;
#2173 = EDGE_LOOP ( 'NONE', ( #972, #2913, #247, #231 ) ) ;
#2174 = CARTESIAN_POINT ( 'NONE',  ( 7.592810154713590800E-016, 4.522199999999998000, -6.200000000000001100 ) ) ;
#2175 = DIRECTION ( 'NONE',  ( 0.0000000000000000000, 0.0000000000000000000, 1.000000000000000000 ) ) ;
#2176 = VERTEX_POINT ( 'NONE', #856 ) ;
#2177 = DIRECTION ( 'NONE',  ( 1.000000000000000000, 0.0000000000000000000, -0.0000000000000000000 ) ) ;
#2178 = DIRECTION ( 'NONE',  ( 8.659560562354781200E-017, -0.7071067811865597900, 0.7071067811865352500 ) ) ;
#2179 = DATE_AND_TIME ( #2407, #237 ) ;
#2180 = EDGE_CURVE ( 'NONE', #3129, #2270, #598, .T. ) ;
#2181 = CIRCLE ( 'NONE', #837, 6.072999999999999500 ) ;
#2182 = AXIS2_PLACEMENT_3D ( 'NONE', #659, #425, #890 ) ;
#2183 = VERTEX_POINT ( 'NONE', #2783 ) ;
#2184 = ORIENTED_EDGE ( 'NONE', *, *, #621, .T. ) ;
#2185 = AXIS2_PLACEMENT_3D ( 'NONE', #1798, #2052, #1791 ) ;
#2186 = EDGE_LOOP ( 'NONE', ( #1966, #3145, #2681, #733 ) ) ;
#2187 = DIRECTION ( 'NONE',  ( 0.0000000000000000000, 0.0000000000000000000, 1.000000000000000000 ) ) ;
#2188 = ORIENTED_EDGE ( 'NONE', *, *, #2914, .F. ) ;
#2189 = ORIENTED_EDGE ( 'NONE', *, *, #958, .F. ) ;
#2190 = CIRCLE ( 'NONE', #1699, 6.250000000000000000 ) ;
#2191 = CARTESIAN_POINT ( 'NONE',  ( 0.0000000000000000000, 0.2540000000000000000, -6.200000000000000200 ) ) ;
#2192 = CIRCLE ( 'NONE', #244, 4.000000000000000000 ) ;
#2193 = CARTESIAN_POINT ( 'NONE',  ( 0.0000000000000000000, 0.2540000000000000000, 0.0000000000000000000 ) ) ;
#2194 = VERTEX_POINT ( 'NONE', #2837 ) ;
#2195 = CIRCLE ( 'NONE', #1321, 7.500000000000000000 ) ;
#2196 = EDGE_CURVE ( 'NONE', #989, #2991, #1178, .T. ) ;
#2197 = DIRECTION ( 'NONE',  ( -0.0000000000000000000, -1.000000000000000000, -0.0000000000000000000 ) ) ;
#2198 = ORIENTED_EDGE ( 'NONE', *, *, #184, .F. ) ;
#2199 = CONICAL_SURFACE ( 'NONE', #2726, 5.754799999999999500, 0.7853981633974456100 ) ;
#2200 = AXIS2_PLACEMENT_3D ( 'NONE', #2161, #2172, #701 ) ;
#2201 = DIRECTION ( 'NONE',  ( 0.0000000000000000000, 1.000000000000000000, 0.0000000000000000000 ) ) ;
#2202 = ORIENTED_EDGE ( 'NONE', *, *, #2932, .T. ) ;
#2203 = CIRCLE ( 'NONE', #2585, 6.072999999999999500 ) ;
#2204 = ORIENTED_EDGE ( 'NONE', *, *, #1964, .T. ) ;
#2205 = AXIS2_PLACEMENT_3D ( 'NONE', #917, #669, #684 ) ;
#2206 = DIRECTION ( 'NONE',  ( 0.0000000000000000000, 0.0000000000000000000, -1.000000000000000000 ) ) ;
#2207 = AXIS2_PLACEMENT_3D ( 'NONE', #731, #1465, #40 ) ;
#2208 = DIRECTION ( 'NONE',  ( 0.0000000000000000000, 0.0000000000000000000, -1.000000000000000000 ) ) ;
#2209 = CARTESIAN_POINT ( 'NONE',  ( 0.0000000000000000000, 4.649200000000000400, 6.200000000000000200 ) ) ;
#2210 = CC_DESIGN_PERSON_AND_ORGANIZATION_ASSIGNMENT ( #2590, #424, ( #1504 ) ) ;
#2211 = DATE_AND_TIME ( #84, #2328 ) ;
#2212 = DIRECTION ( 'NONE',  ( -0.0000000000000000000, -1.000000000000000000, -0.0000000000000000000 ) ) ;
#2213 = DIRECTION ( 'NONE',  ( -0.0000000000000000000, 1.000000000000000000, -0.0000000000000000000 ) ) ;
#2214 = EDGE_CURVE ( 'NONE', #2428, #915, #2399, .T. ) ;
#2215 = DIRECTION ( 'NONE',  ( 8.659560562354889700E-017, -0.7071067811865511300, 0.7071067811865440200 ) ) ;
#2216 = EDGE_CURVE ( 'NONE', #2574, #2136, #1749, .T. ) ;
#2217 = ORIENTED_EDGE ( 'NONE', *, *, #725, .F. ) ;
#2218 = CARTESIAN_POINT ( 'NONE',  ( 0.0000000000000000000, 4.395200000000000000, 6.200000000000000200 ) ) ;
#2219 = AXIS2_PLACEMENT_3D ( 'NONE', #2427, #2902, #1683 ) ;
#2220 = VERTEX_POINT ( 'NONE', #605 ) ;
#2221 = ORIENTED_EDGE ( 'NONE', *, *, #708, .T. ) ;
#2222 = CARTESIAN_POINT ( 'NONE',  ( 0.0000000000000000000, 4.446000000000000600, 0.0000000000000000000 ) ) ;
#2223 = DIRECTION ( 'NONE',  ( -0.0000000000000000000, 1.000000000000000000, -0.0000000000000000000 ) ) ;
#2224 = ORIENTED_EDGE ( 'NONE', *, *, #1527, .T. ) ;
#2225 = DIRECTION ( 'NONE',  ( 0.0000000000000000000, 0.0000000000000000000, 1.000000000000000000 ) ) ;
#2226 = CARTESIAN_POINT ( 'NONE',  ( 5.210872130371988600E-016, 5.000000000000000000, 4.254999999999999900 ) ) ;
#2227 = CIRCLE ( 'NONE', #1809, 6.327000000000001700 ) ;
#2228 = APPROVAL_DATE_TIME ( #293, #1464 ) ;
#2229 = VERTEX_POINT ( 'NONE', #1592 ) ;
#2230 = VECTOR ( 'NONE', #238, 1000.000000000000100 ) ;
#2231 = LOCAL_TIME ( 15, 25, 8.000000000000000000, #2531 ) ;
#2232 = DIRECTION ( 'NONE',  ( 0.0000000000000000000, 0.0000000000000000000, 1.000000000000000000 ) ) ;
#2233 = CARTESIAN_POINT ( 'NONE',  ( 0.0000000000000000000, 0.0000000000000000000, 0.0000000000000000000 ) ) ;
#2234 = DIRECTION ( 'NONE',  ( 0.0000000000000000000, 0.0000000000000000000, 1.000000000000000000 ) ) ;
#2235 = ORIENTED_EDGE ( 'NONE', *, *, #1182, .F. ) ;
#2236 = CIRCLE ( 'NONE', #732, 4.254999999999999900 ) ;
#2237 = EDGE_CURVE ( 'NONE', #2270, #1233, #3003, .T. ) ;
#2238 = DIRECTION ( 'NONE',  ( 0.0000000000000000000, -1.000000000000000000, 0.0000000000000000000 ) ) ;
#2239 = LINE ( 'NONE', #1804, #3085 ) ;
#2240 = AXIS2_PLACEMENT_3D ( 'NONE', #280, #2223, #2940 ) ;
#2241 = AXIS2_PLACEMENT_3D ( 'NONE', #2070, #580, #2292 ) ;
#2242 = DIRECTION ( 'NONE',  ( 0.0000000000000000000, 1.000000000000000000, 0.0000000000000000000 ) ) ;
#2243 = ADVANCED_FACE ( 'NONE', ( #2578 ), #1283, .F. ) ;
#2244 = DIRECTION ( 'NONE',  ( -0.0000000000000000000, -1.000000000000000000, -0.0000000000000000000 ) ) ;
#2245 = DIRECTION ( 'NONE',  ( 0.0000000000000000000, 1.000000000000000000, 0.0000000000000000000 ) ) ;
#2246 = LOCAL_TIME ( 15, 25, 8.000000000000000000, #651 ) ;
#2247 = CALENDAR_DATE ( 2023, 4, 1 ) ;
#2248 = CARTESIAN_POINT ( 'NONE',  ( 7.748340298205303700E-016, 0.0000000000000000000, -6.327000000000000000 ) ) ;
#2249 = CARTESIAN_POINT ( 'NONE',  ( 0.0000000000000000000, 0.0000000000000000000, 0.0000000000000000000 ) ) ;
#2250 = CONICAL_SURFACE ( 'NONE', #2786, 8.125000000000003600, 0.7853981633974482800 ) ;
#2251 = CARTESIAN_POINT ( 'NONE',  ( 0.0000000000000000000, 0.4318000000000021300, 0.0000000000000000000 ) ) ;
#2252 = EDGE_CURVE ( 'NONE', #94, #767, #2099, .T. ) ;
#2253 = ORIENTED_EDGE ( 'NONE', *, *, #2734, .F. ) ;
#2254 = DIRECTION ( 'NONE',  ( 0.0000000000000000000, 0.0000000000000000000, 1.000000000000000000 ) ) ;
#2255 = VERTEX_POINT ( 'NONE', #1580 ) ;
#2256 = AXIS2_PLACEMENT_3D ( 'NONE', #2771, #1831, #1332 ) ;
#2257 = ORIENTED_EDGE ( 'NONE', *, *, #1151, .T. ) ;
#2258 = ORIENTED_EDGE ( 'NONE', *, *, #2216, .F. ) ;
#2259 = DIRECTION ( 'NONE',  ( 0.0000000000000000000, 0.0000000000000000000, -1.000000000000000000 ) ) ;
#2260 = ADVANCED_FACE ( 'NONE', ( #2434 ), #1637, .T. ) ;
#2261 = AXIS2_PLACEMENT_3D ( 'NONE', #1741, #1511, #295 ) ;
#2262 = ORIENTED_EDGE ( 'NONE', *, *, #649, .T. ) ;
#2263 = CYLINDRICAL_SURFACE ( 'NONE', #653, 3.000000000000000400 ) ;
#2264 = EDGE_CURVE ( 'NONE', #181, #91, #9, .T. ) ;
#2265 = CARTESIAN_POINT ( 'NONE',  ( -8.000000000000000000, 0.0000000000000000000, -5.874999999999999100 ) ) ;
#2266 = LINE ( 'NONE', #2265, #1977 ) ;
#2267 = PERSON ( 'UNSPECIFIED', 'UNSPECIFIED', 'UNSPECIFIED', ('UNSPECIFIED'), ('UNSPECIFIED'), ('UNSPECIFIED') ) ;
#2268 = DIRECTION ( 'NONE',  ( -0.0000000000000000000, 1.000000000000000000, -0.0000000000000000000 ) ) ;
#2269 = DIRECTION ( 'NONE',  ( 0.0000000000000000000, 0.0000000000000000000, 1.000000000000000000 ) ) ;
#2270 = VERTEX_POINT ( 'NONE', #136 ) ;
#2271 = TOROIDAL_SURFACE ( 'NONE', #2686, 6.200000000000001100, 0.1270000000000013600 ) ;
#2272 = VERTEX_POINT ( 'NONE', #1863 ) ;
#2273 = CC_DESIGN_PERSON_AND_ORGANIZATION_ASSIGNMENT ( #1529, #696, ( #355 ) ) ;
#2274 = ORIENTED_EDGE ( 'NONE', *, *, #1894, .F. ) ;
#2275 = CIRCLE ( 'NONE', #1834, 4.425000000000000700 ) ;
#2276 = EDGE_CURVE ( 'NONE', #541, #2176, #1987, .T. ) ;
#2277 = ORIENTED_EDGE ( 'NONE', *, *, #3102, .F. ) ;
#2278 = CYLINDRICAL_SURFACE ( 'NONE', #1185, 6.200000000000000200 ) ;
#2279 = DIRECTION ( 'NONE',  ( 0.0000000000000000000, 0.0000000000000000000, -1.000000000000000000 ) ) ;
#2280 = ORIENTED_EDGE ( 'NONE', *, *, #447, .T. ) ;
#2281 = ADVANCED_FACE ( 'NONE', ( #114 ), #2694, .F. ) ;
#2282 = EDGE_CURVE ( 'NONE', #1323, #2036, #1685, .T. ) ;
#2283 = AXIS2_PLACEMENT_3D ( 'NONE', #2788, #600, #1330 ) ;
#2284 = ORIENTED_EDGE ( 'NONE', *, *, #3143, .F. ) ;
#2285 = CARTESIAN_POINT ( 'NONE',  ( 15.75000000000000000, 1.928818708657081300E-015, 0.0000000000000000000 ) ) ;
#2286 = DIRECTION ( 'NONE',  ( 0.0000000000000000000, 0.0000000000000000000, 1.000000000000000000 ) ) ;
#2287 = ITEM_DEFINED_TRANSFORMATION ( 'NONE', 'NONE', #68,  #1258 ) ;
#2288 = DIRECTION ( 'NONE',  ( 1.224646799147353500E-016, 0.0000000000000000000, -1.000000000000000000 ) ) ;
#2289 = DIRECTION ( 'NONE',  ( -0.0000000000000000000, -0.0000000000000000000, -1.000000000000000000 ) ) ;
#2290 = CARTESIAN_POINT ( 'NONE',  ( 5.512380172322067900E-016, 0.2539999999999998900, 4.501200000000001600 ) ) ;
#2291 = ORIENTED_EDGE ( 'NONE', *, *, #2535, .T. ) ;
#2292 = DIRECTION ( 'NONE',  ( 0.0000000000000000000, 0.0000000000000000000, -1.000000000000000000 ) ) ;
#2293 = CARTESIAN_POINT ( 'NONE',  ( 0.0000000000000000000, 4.522199999999998000, 0.0000000000000000000 ) ) ;
#2294 = EDGE_CURVE ( 'NONE', #268, #129, #1906, .T. ) ;
#2295 = ORIENTED_EDGE ( 'NONE', *, *, #1341, .T. ) ;
#2296 = ORIENTED_EDGE ( 'NONE', *, *, #281, .T. ) ;
#2297 = DIRECTION ( 'NONE',  ( 0.0000000000000000000, 0.0000000000000000000, 1.000000000000000000 ) ) ;
#2298 = AXIS2_PLACEMENT_3D ( 'NONE', #2791, #2559, #627 ) ;
#2299 = ORIENTED_EDGE ( 'NONE', *, *, #1033, .F. ) ;
#2300 = VERTEX_POINT ( 'NONE', #2875 ) ;
#2301 = LINE ( 'NONE', #1915, #2128 ) ;
#2302 = CARTESIAN_POINT ( 'NONE',  ( 0.0000000000000000000, 0.4844051224213814500, 0.0000000000000000000 ) ) ;
#2303 = ADVANCED_FACE ( 'NONE', ( #990 ), #1247, .T. ) ;
#2304 =( GEOMETRIC_REPRESENTATION_CONTEXT ( 3 ) GLOBAL_UNCERTAINTY_ASSIGNED_CONTEXT ( ( #1850 ) ) GLOBAL_UNIT_ASSIGNED_CONTEXT ( ( #2308, #844, #2787 ) ) REPRESENTATION_CONTEXT ( 'NONE', 'WORKASPACE' ) );
#2305 = FACE_OUTER_BOUND ( 'NONE', #1976, .T. ) ;
#2306 = COORDINATED_UNIVERSAL_TIME_OFFSET ( 6, 0, .BEHIND. ) ;
#2307 = AXIS2_PLACEMENT_3D ( 'NONE', #532, #2960, #1027 ) ;
#2308 =( LENGTH_UNIT ( ) NAMED_UNIT ( * ) SI_UNIT ( .MILLI., .METRE. ) );
#2309 = CARTESIAN_POINT ( 'NONE',  ( 0.0000000000000000000, 0.0000000000000000000, 6.000000000000000900 ) ) ;
#2310 = VERTEX_POINT ( 'NONE', #1872 ) ;
#2311 = LINE ( 'NONE', #754, #2230 ) ;
#2312 = ADVANCED_FACE ( 'NONE', ( #751 ), #338, .T. ) ;
#2313 = FACE_OUTER_BOUND ( 'NONE', #2999, .T. ) ;
#2314 = ORIENTED_EDGE ( 'NONE', *, *, #803, .T. ) ;
#2315 = LINE ( 'NONE', #2226, #1746 ) ;
#2316 = PRODUCT_DEFINITION ( 'UNKNOWN', '', #1674, #2974 ) ;
#2317 = CIRCLE ( 'NONE', #430, 6.327000000000000000 ) ;
#2318 = EDGE_CURVE ( 'NONE', #870, #2229, #1174, .T. ) ;
#2319 = ORIENTED_EDGE ( 'NONE', *, *, #2282, .T. ) ;
#2320 = DIRECTION ( 'NONE',  ( 0.0000000000000000000, 1.000000000000000000, 0.0000000000000000000 ) ) ;
#2321 = ADVANCED_FACE ( 'NONE', ( #1364 ), #2139, .T. ) ;
#2322 = CARTESIAN_POINT ( 'NONE',  ( -4.749475547337712400, 0.4318000000000021300, 3.985283180056486100 ) ) ;
#2323 = CARTESIAN_POINT ( 'NONE',  ( 0.0000000000000000000, 0.2540000000000000000, -5.344789755157235000 ) ) ;
#2324 = AXIS2_PLACEMENT_3D ( 'NONE', #802, #1276, #2730 ) ;
#2325 = DIRECTION ( 'NONE',  ( -0.0000000000000000000, -0.0000000000000000000, -1.000000000000000000 ) ) ;
#2326 = LOCAL_TIME ( 15, 25, 8.000000000000000000, #2069 ) ;
#2327 = DIRECTION ( 'NONE',  ( 0.0000000000000000000, 0.0000000000000000000, -1.000000000000000000 ) ) ;
#2328 = LOCAL_TIME ( 15, 25, 8.000000000000000000, #2367 ) ;
#2329 = PERSON_AND_ORGANIZATION_ROLE ( 'design_owner' ) ;
#2330 = DIRECTION ( 'NONE',  ( -1.000000000000000000, 0.0000000000000000000, 1.224646799147353200E-016 ) ) ;
#2331 = VECTOR ( 'NONE', #895, 1000.000000000000000 ) ;
#2332 = DIRECTION ( 'NONE',  ( 0.0000000000000000000, 1.000000000000000000, 0.0000000000000000000 ) ) ;
#2333 = DIRECTION ( 'NONE',  ( -0.0000000000000000000, 1.000000000000000000, -0.0000000000000000000 ) ) ;
#2334 = ORIENTED_EDGE ( 'NONE', *, *, #2130, .F. ) ;
#2335 = ORIENTED_EDGE ( 'NONE', *, *, #2442, .F. ) ;
#2336 = DIRECTION ( 'NONE',  ( -1.000000000000000000, 0.0000000000000000000, 0.0000000000000000000 ) ) ;
#2337 = DIRECTION ( 'NONE',  ( -0.0000000000000000000, -1.000000000000000000, -0.0000000000000000000 ) ) ;
#2338 = ADVANCED_FACE ( 'NONE', ( #455 ), #952, .T. ) ;
#2339 = ORIENTED_EDGE ( 'NONE', *, *, #1853, .T. ) ;
#2340 = ORIENTED_EDGE ( 'NONE', *, *, #1451, .T. ) ;
#2341 = SECURITY_CLASSIFICATION_LEVEL ( 'unclassified' ) ;
#2342 = CARTESIAN_POINT ( 'NONE',  ( 0.0000000000000000000, 0.5587999999999999600, 0.0000000000000000000 ) ) ;
#2343 = EDGE_CURVE ( 'NONE', #177, #2310, #717, .T. ) ;
#2344 = ADVANCED_FACE ( 'NONE', ( #1558 ), #299, .T. ) ;
#2345 = FACE_OUTER_BOUND ( 'NONE', #2798, .T. ) ;
#2346 = CARTESIAN_POINT ( 'NONE',  ( -7.748340298205305700E-016, 0.4318000000000021300, -6.327000000000001700 ) ) ;
#2347 = AXIS2_PLACEMENT_3D ( 'NONE', #723, #2414, #1935 ) ;
#2348 = DIRECTION ( 'NONE',  ( -0.0000000000000000000, -0.0000000000000000000, -1.000000000000000000 ) ) ;
#2349 = FACE_OUTER_BOUND ( 'NONE', #548, .T. ) ;
#2350 = CARTESIAN_POINT ( 'NONE',  ( 15.62499999999999300, 1.921164666162410000E-015, 6.000000000000000900 ) ) ;
#2351 = CARTESIAN_POINT ( 'NONE',  ( 0.0000000000000000000, 0.0000000000000000000, 0.0000000000000000000 ) ) ;
#2352 = VERTEX_POINT ( 'NONE', #1188 ) ;
#2353 = CYLINDRICAL_SURFACE ( 'NONE', #773, 7.500000000000000000 ) ;
#2354 = AXIS2_PLACEMENT_3D ( 'NONE', #3141, #1688, #1497 ) ;
#2355 = EDGE_LOOP ( 'NONE', ( #910, #722, #1401, #3063 ) ) ;
#2356 = CARTESIAN_POINT ( 'NONE',  ( 25.46010166682322400, 19.10311200532532900, 34.78625243460464800 ) ) ;
#2357 = CIRCLE ( 'NONE', #2169, 6.327000000000000000 ) ;
#2358 = CARTESIAN_POINT ( 'NONE',  ( 0.0000000000000000000, 4.000000000000000000, 0.0000000000000000000 ) ) ;
#2359 = ORIENTED_EDGE ( 'NONE', *, *, #806, .T. ) ;
#2360 = DIRECTION ( 'NONE',  ( 0.0000000000000000000, 0.0000000000000000000, 1.000000000000000000 ) ) ;
#2361 = EDGE_LOOP ( 'NONE', ( #1695, #1802, #72, #1784 ) ) ;
#2362 = CARTESIAN_POINT ( 'NONE',  ( 0.0000000000000000000, 4.829999999999997400, 0.0000000000000000000 ) ) ;
#2363 = EDGE_CURVE ( 'NONE', #1149, #1472, #1818, .T. ) ;
#2364 = APPROVAL_ROLE ( '' ) ;
#2365 = DIRECTION ( 'NONE',  ( 0.0000000000000000000, 0.0000000000000000000, 1.000000000000000000 ) ) ;
#2366 = DIRECTION ( 'NONE',  ( 0.0000000000000000000, 0.0000000000000000000, 1.000000000000000000 ) ) ;
#2367 = COORDINATED_UNIVERSAL_TIME_OFFSET ( 6, 0, .BEHIND. ) ;
#2368 = AXIS2_PLACEMENT_3D ( 'NONE', #1911, #2850, #1396 ) ;
#2369 = DIRECTION ( 'NONE',  ( 0.0000000000000000000, 1.000000000000000000, 0.0000000000000000000 ) ) ;
#2370 = DIRECTION ( 'NONE',  ( -0.0000000000000000000, -0.0000000000000000000, 1.000000000000000000 ) ) ;
#2371 = APPROVAL_STATUS ( 'not_yet_approved' ) ;
#2372 = DIRECTION ( 'NONE',  ( 0.0000000000000000000, 0.0000000000000000000, 1.000000000000000000 ) ) ;
#2373 = EDGE_LOOP ( 'NONE', ( #2987, #2639 ) ) ;
#2374 = DIRECTION ( 'NONE',  ( -1.000000000000000000, 0.0000000000000000000, 0.0000000000000000000 ) ) ;
#2375 = CARTESIAN_POINT ( 'NONE',  ( 0.0000000000000000000, 4.000000000000000000, 0.0000000000000000000 ) ) ;
#2376 = ORIENTED_EDGE ( 'NONE', *, *, #227, .T. ) ;
#2377 = VERTEX_POINT ( 'NONE', #1881 ) ;
#2378 = PRODUCT_DEFINITION ( 'UNKNOWN', '', #1448, #2409 ) ;
#2379 = EDGE_CURVE ( 'NONE', #915, #846, #2624, .T. ) ;
#2380 = EDGE_LOOP ( 'NONE', ( #1887, #265, #3007, #1238 ) ) ;
#2381 = DIRECTION ( 'NONE',  ( 0.0000000000000000000, -1.000000000000000000, 0.0000000000000000000 ) ) ;
#2382 = CIRCLE ( 'NONE', #2705, 15.75000000000000000 ) ;
#2383 = PERSON_AND_ORGANIZATION_ROLE ( 'classification_officer' ) ;
#2384 = EDGE_CURVE ( 'NONE', #448, #744, #38, .T. ) ;
#2385 = LINE ( 'NONE', #2950, #710 ) ;
#2386 = DATE_AND_TIME ( #1078, #1240 ) ;
#2387 = CARTESIAN_POINT ( 'NONE',  ( -16.00000000000000000, 0.0000000000000000000, 0.0000000000000000000 ) ) ;
#2388 = CARTESIAN_POINT ( 'NONE',  ( 5.419062086227039400E-016, 4.829999999999997400, -4.425000000000000700 ) ) ;
#2389 = AXIS2_PLACEMENT_3D ( 'NONE', #881, #188, #2605 ) ;
#2390 = DIRECTION ( 'NONE',  ( 0.0000000000000000000, -1.000000000000000000, 0.0000000000000000000 ) ) ;
#2391 = ORIENTED_EDGE ( 'NONE', *, *, #2666, .F. ) ;
#2392 = CIRCLE ( 'NONE', #950, 6.327000000000000000 ) ;
#2393 = VECTOR ( 'NONE', #760, 1000.000000000000000 ) ;
#2394 = CARTESIAN_POINT ( 'NONE',  ( 8.000000000000000000, 9.797174393178825700E-016, 2.999999999999999100 ) ) ;
#2395 = EDGE_LOOP ( 'NONE', ( #284, #2859, #2687, #623 ) ) ;
#2396 = VECTOR ( 'NONE', #697, 1000.000000000000100 ) ;
#2397 = APPROVAL_ROLE ( '' ) ;
#2398 = DIRECTION ( 'NONE',  ( 1.224646799147353500E-016, 0.0000000000000000000, -1.000000000000000000 ) ) ;
#2399 = LINE ( 'NONE', #1349, #1948 ) ;
#2400 = CARTESIAN_POINT ( 'NONE',  ( 0.0000000000000000000, 0.0000000000000000000, 6.000000000000000900 ) ) ;
#2401 = CARTESIAN_POINT ( 'NONE',  ( 0.0000000000000000000, 0.4318000000000021300, 0.0000000000000000000 ) ) ;
#2402 = DIRECTION ( 'NONE',  ( 0.0000000000000000000, 0.0000000000000000000, 1.000000000000000000 ) ) ;
#2403 = EDGE_CURVE ( 'NONE', #268, #2742, #1681, .T. ) ;
#2404 = CALENDAR_DATE ( 2023, 4, 1 ) ;
#2405 = APPROVAL_ROLE ( '' ) ;
#2406 = DIRECTION ( 'NONE',  ( -0.0000000000000000000, -1.000000000000000000, -0.0000000000000000000 ) ) ;
#2407 = CALENDAR_DATE ( 2023, 4, 1 ) ;
#2408 = CARTESIAN_POINT ( 'NONE',  ( 0.0000000000000000000, 4.522199999999998000, 0.0000000000000000000 ) ) ;
#2409 = DESIGN_CONTEXT ( 'detailed design', #3068, 'design' ) ;
#2410 = AXIS2_PLACEMENT_3D ( 'NONE', #2482, #1766, #2019 ) ;
#2411 = ORIENTED_EDGE ( 'NONE', *, *, #1016, .F. ) ;
#2412 = ORIENTED_EDGE ( 'NONE', *, *, #1568, .F. ) ;
#2413 = ORIENTED_EDGE ( 'NONE', *, *, #2703, .T. ) ;
#2414 = DIRECTION ( 'NONE',  ( 0.0000000000000000000, -1.000000000000000000, 0.0000000000000000000 ) ) ;
#2415 = ORIENTED_EDGE ( 'NONE', *, *, #1426, .T. ) ;
#2416 = ORIENTED_EDGE ( 'NONE', *, *, #2878, .F. ) ;
#2417 = DIRECTION ( 'NONE',  ( 1.000000000000000000, 0.0000000000000000000, 0.0000000000000000000 ) ) ;
#2418 = EDGE_LOOP ( 'NONE', ( #2037, #1854, #577, #119 ) ) ;
#2419 = CYLINDRICAL_SURFACE ( 'NONE', #1908, 6.327000000000000000 ) ;
#2420 = EDGE_CURVE ( 'NONE', #1973, #1769, #3127, .T. ) ;
#2421 = CARTESIAN_POINT ( 'NONE',  ( 0.0000000000000000000, 0.0000000000000000000, 3.992179855667827400 ) ) ;
#2422 = LINE ( 'NONE', #1646, #820 ) ;
#2423 = AXIS2_PLACEMENT_3D ( 'NONE', #1253, #2268, #2254 ) ;
#2424 = ORIENTED_EDGE ( 'NONE', *, *, #2130, .T. ) ;
#2425 = FACE_OUTER_BOUND ( 'NONE', #1274, .T. ) ;
#2426 = VECTOR ( 'NONE', #88, 1000.000000000000000 ) ;
#2427 = CARTESIAN_POINT ( 'NONE',  ( 0.0000000000000000000, 4.700000000000000200, 0.0000000000000000000 ) ) ;
#2428 = VERTEX_POINT ( 'NONE', #2209 ) ;
#2429 = LINE ( 'NONE', #3087, #1408 ) ;
#2430 = AXIS2_PLACEMENT_3D ( 'NONE', #763, #546, #3038 ) ;
#2431 = DIRECTION ( 'NONE',  ( 0.0000000000000000000, 0.0000000000000000000, 1.000000000000000000 ) ) ;
#2432 = AXIS2_PLACEMENT_3D ( 'NONE', #1456, #2945, #1476 ) ;
#2433 = ORIENTED_EDGE ( 'NONE', *, *, #266, .F. ) ;
#2434 = FACE_OUTER_BOUND ( 'NONE', #2780, .T. ) ;
#2435 = DIRECTION ( 'NONE',  ( -0.0000000000000000000, -0.0000000000000000000, -1.000000000000000000 ) ) ;
#2436 = APPROVAL ( #1697, 'UNSPECIFIED' ) ;
#2437 = DIRECTION ( 'NONE',  ( -0.0000000000000000000, -0.0000000000000000000, -1.000000000000000000 ) ) ;
#2438 = EDGE_CURVE ( 'NONE', #282, #3148, #2964, .T. ) ;
#2439 = LOCAL_TIME ( 15, 25, 8.000000000000000000, #2587 ) ;
#2440 = DIRECTION ( 'NONE',  ( -1.224646799147353200E-016, 1.000000000000000000, 0.0000000000000000000 ) ) ;
#2441 = PERSON_AND_ORGANIZATION ( #2267, #1980 ) ;
#2442 = EDGE_CURVE ( 'NONE', #2983, #92, #2168, .T. ) ;
#2443 = AXIS2_PLACEMENT_3D ( 'NONE', #2660, #471, #1190 ) ;
#2444 = PLANE ( 'NONE',  #3018 ) ;
#2445 = DIRECTION ( 'NONE',  ( -1.000000000000000000, 0.0000000000000000000, 0.0000000000000000000 ) ) ;
#2446 = ORIENTED_EDGE ( 'NONE', *, *, #2125, .F. ) ;
#2447 = ORIENTED_EDGE ( 'NONE', *, *, #1033, .T. ) ;
#2448 = ORIENTED_EDGE ( 'NONE', *, *, #1023, .T. ) ;
#2449 = ORIENTED_EDGE ( 'NONE', *, *, #1232, .F. ) ;
#2450 = CIRCLE ( 'NONE', #230, 6.072999999999999500 ) ;
#2451 = CARTESIAN_POINT ( 'NONE',  ( 0.0000000000000000000, 1.524000000000000000, -4.425000000000000700 ) ) ;
#2452 = CONICAL_SURFACE ( 'NONE', #2998, 7.500000000000000000, 0.7853981633974526100 ) ;
#2453 = DIRECTION ( 'NONE',  ( -0.0000000000000000000, -1.000000000000000000, -0.0000000000000000000 ) ) ;
#2454 = PRODUCT_DEFINITION_SHAPE ( 'NONE', 'NONE',  #2316 ) ;
#2455 = DIRECTION ( 'NONE',  ( 0.0000000000000000000, -0.0000000000000000000, 1.000000000000000000 ) ) ;
#2456 = CIRCLE ( 'NONE', #3131, 4.425000000000000700 ) ;
#2457 = PERSON_AND_ORGANIZATION ( #2267, #1980 ) ;
#2458 = EDGE_CURVE ( 'NONE', #2557, #91, #2315, .T. ) ;
#2459 = CARTESIAN_POINT ( 'NONE',  ( 7.654042494670957600E-016, 5.000000000000000000, -6.250000000000000000 ) ) ;
#2460 = EDGE_LOOP ( 'NONE', ( #1844, #1727 ) ) ;
#2461 = LINE ( 'NONE', #994, #1814 ) ;
#2462 = VECTOR ( 'NONE', #6, 1000.000000000000100 ) ;
#2463 = AXIS2_PLACEMENT_3D ( 'NONE', #2421, #21, #1718 ) ;
#2464 = DIRECTION ( 'NONE',  ( 0.0000000000000000000, -1.000000000000000000, 0.0000000000000000000 ) ) ;
#2465 = CYLINDRICAL_SURFACE ( 'NONE', #46, 6.327000000000000000 ) ;
#2466 = ORIENTED_EDGE ( 'NONE', *, *, #166, .F. ) ;
#2467 = CARTESIAN_POINT ( 'NONE',  ( -15.75000000000000000, 0.0000000000000000000, 3.992179855667827400 ) ) ;
#2468 = VECTOR ( 'NONE', #2755, 1000.000000000000100 ) ;
#2469 = AXIS2_PLACEMENT_3D ( 'NONE', #1136, #2332, #874 ) ;
#2470 = DIRECTION ( 'NONE',  ( -0.0000000000000000000, 1.000000000000000000, -0.0000000000000000000 ) ) ;
#2471 = CARTESIAN_POINT ( 'NONE',  ( 0.0000000000000000000, 4.395199999999997300, 0.0000000000000000000 ) ) ;
#2472 = ORIENTED_EDGE ( 'NONE', *, *, #1751, .T. ) ;
#2473 = CC_DESIGN_PERSON_AND_ORGANIZATION_ASSIGNMENT ( #2795, #1132, ( #607 ) ) ;
#2474 = CARTESIAN_POINT ( 'NONE',  ( 0.0000000000000000000, 4.950000000000000200, 0.0000000000000000000 ) ) ;
#2475 = CARTESIAN_POINT ( 'NONE',  ( -16.00000000000000000, 0.0000000000000000000, 0.0000000000000000000 ) ) ;
#2476 = EDGE_CURVE ( 'NONE', #2041, #2716, #1445, .T. ) ;
#2477 = VERTEX_POINT ( 'NONE', #1752 ) ;
#2478 = DIRECTION ( 'NONE',  ( 0.0000000000000000000, 0.0000000000000000000, -1.000000000000000000 ) ) ;
#2479 = AXIS2_PLACEMENT_3D ( 'NONE', #1563, #1532, #108 ) ;
#2480 = EDGE_LOOP ( 'NONE', ( #2765, #3109, #395, #551 ) ) ;
#2481 = VERTEX_POINT ( 'NONE', #2487 ) ;
#2482 = CARTESIAN_POINT ( 'NONE',  ( 0.0000000000000000000, 0.0000000000000000000, 0.0000000000000000000 ) ) ;
#2483 = EDGE_LOOP ( 'NONE', ( #564, #242, #1573, #2274 ) ) ;
#2484 = ORIENTED_EDGE ( 'NONE', *, *, #887, .T. ) ;
#2485 = EDGE_LOOP ( 'NONE', ( #3147, #2995, #2824, #2391 ) ) ;
#2486 = CIRCLE ( 'NONE', #2067, 0.2539999999999998900 ) ;
#2487 = CARTESIAN_POINT ( 'NONE',  ( 0.0000000000000000000, 3.500000000000000000, -7.000000000000000000 ) ) ;
#2488 = CIRCLE ( 'NONE', #1945, 15.75000000000000000 ) ;
#2489 = DIRECTION ( 'NONE',  ( 0.0000000000000000000, 0.0000000000000000000, 1.000000000000000000 ) ) ;
#2490 = ORIENTED_EDGE ( 'NONE', *, *, #528, .T. ) ;
#2491 = VECTOR ( 'NONE', #2437, 1000.000000000000000 ) ;
#2492 = DIRECTION ( 'NONE',  ( 1.000000000000000000, 0.0000000000000000000, -1.224646799147353200E-016 ) ) ;
#2493 = DIRECTION ( 'NONE',  ( 0.0000000000000000000, 1.000000000000000000, 0.0000000000000000000 ) ) ;
#2494 = ORIENTED_EDGE ( 'NONE', *, *, #1894, .T. ) ;
#2495 = ADVANCED_FACE ( 'NONE', ( #2852 ), #2057, .T. ) ;
#2496 = EDGE_CURVE ( 'NONE', #2810, #737, #2203, .T. ) ;
#2497 = CARTESIAN_POINT ( 'NONE',  ( 6.545479665768873200E-016, 4.446000000000000600, -5.344789755157235000 ) ) ;
#2498 = DIRECTION ( 'NONE',  ( 0.0000000000000000000, 0.0000000000000000000, -1.000000000000000000 ) ) ;
#2499 = VERTEX_POINT ( 'NONE', #1076 ) ;
#2500 = CONICAL_SURFACE ( 'NONE', #1112, 4.254999999999999900, 0.7853981633974431700 ) ;
#2501 = AXIS2_PLACEMENT_3D ( 'NONE', #2174, #228, #2398 ) ;
#2502 = ORIENTED_EDGE ( 'NONE', *, *, #426, .T. ) ;
#2503 = AXIS2_PLACEMENT_3D ( 'NONE', #2356, #164, #880 ) ;
#2504 = CARTESIAN_POINT ( 'NONE',  ( -4.749475547337712400, 0.4318000000000021300, 3.985283180056486100 ) ) ;
#2505 = PRODUCT ( '1611-0514-0006', '1611-0514-0006', '', ( #175 ) ) ;
#2506 = CARTESIAN_POINT ( 'NONE',  ( 0.0000000000000000000, 0.4318000000000021300, 0.0000000000000000000 ) ) ;
#2507 = ORIENTED_EDGE ( 'NONE', *, *, #2039, .T. ) ;
#2508 = CALENDAR_DATE ( 2023, 4, 1 ) ;
#2509 = CALENDAR_DATE ( 2023, 4, 1 ) ;
#2510 = DIRECTION ( 'NONE',  ( -1.000000000000000000, 0.0000000000000000000, 0.0000000000000000000 ) ) ;
#2511 = ADVANCED_FACE ( 'NONE', ( #1521 ), #2278, .F. ) ;
#2512 = DIRECTION ( 'NONE',  ( -0.0000000000000000000, -1.000000000000000000, -0.0000000000000000000 ) ) ;
#2513 = EDGE_CURVE ( 'NONE', #1318, #1026, #912, .T. ) ;
#2514 = DIRECTION ( 'NONE',  ( -0.0000000000000000000, -1.000000000000000000, -0.0000000000000000000 ) ) ;
#2515 = ORIENTED_EDGE ( 'NONE', *, *, #2645, .T. ) ;
#2516 = AXIS2_PLACEMENT_3D ( 'NONE', #2145, #2177, #2657 ) ;
#2517 = DIRECTION ( 'NONE',  ( 0.0000000000000000000, -1.000000000000000000, 0.0000000000000000000 ) ) ;
#2518 = ORIENTED_EDGE ( 'NONE', *, *, #1237, .F. ) ;
#2519 = ORIENTED_EDGE ( 'NONE', *, *, #1793, .T. ) ;
#2520 = AXIS2_PLACEMENT_3D ( 'NONE', #2471, #276, #530 ) ;
#2521 = VERTEX_POINT ( 'NONE', #1059 ) ;
#2522 = LINE ( 'NONE', #236, #2649 ) ;
#2523 = AXIS2_PLACEMENT_3D ( 'NONE', #2408, #440, #2175 ) ;
#2524 = DIRECTION ( 'NONE',  ( 0.0000000000000000000, -1.000000000000000000, 0.0000000000000000000 ) ) ;
#2525 = TOROIDAL_SURFACE ( 'NONE', #106, 16.00000000000000000, 4.000000000000000000 ) ;
#2526 = ADVANCED_FACE ( 'NONE', ( #2017 ), #2805, .F. ) ;
#2527 = DIRECTION ( 'NONE',  ( 0.7660444431189856700, 0.0000000000000000000, -0.6427876096865301500 ) ) ;
#2528 = CARTESIAN_POINT ( 'NONE',  ( 0.0000000000000000000, 0.0000000000000000000, -3.992179855667826500 ) ) ;
#2529 = ORIENTED_EDGE ( 'NONE', *, *, #2403, .T. ) ;
#2530 = CIRCLE ( 'NONE', #999, 4.425000000000000700 ) ;
#2531 = COORDINATED_UNIVERSAL_TIME_OFFSET ( 6, 0, .BEHIND. ) ;
#2532 = CC_DESIGN_PERSON_AND_ORGANIZATION_ASSIGNMENT ( #1604, #2383, ( #3096 ) ) ;
#2533 = EDGE_LOOP ( 'NONE', ( #2948, #1503, #2829, #822 ) ) ;
#2534 = CIRCLE ( 'NONE', #1643, 0.1270000000000012500 ) ;
#2535 = EDGE_CURVE ( 'NONE', #435, #1764, #865, .T. ) ;
#2536 = LINE ( 'NONE', #1344, #1024 ) ;
#2537 = CARTESIAN_POINT ( 'NONE',  ( 0.0000000000000000000, 0.0000000000000000000, -5.874999999999999100 ) ) ;
#2538 = ADVANCED_FACE ( 'NONE', ( #190 ), #226, .F. ) ;
#2539 = EDGE_CURVE ( 'NONE', #18, #807, #2893, .T. ) ;
#2540 = DIRECTION ( 'NONE',  ( -1.000000000000000000, 0.0000000000000000000, 1.224646799147353200E-016 ) ) ;
#2541 = ORIENTED_EDGE ( 'NONE', *, *, #97, .T. ) ;
#2542 = AXIS2_PLACEMENT_3D ( 'NONE', #25, #37, #298 ) ;
#2543 = DIRECTION ( 'NONE',  ( -0.0000000000000000000, -0.0000000000000000000, -1.000000000000000000 ) ) ;
#2544 = ADVANCED_FACE ( 'NONE', ( #1324 ), #264, .F. ) ;
#2545 = CARTESIAN_POINT ( 'NONE',  ( 0.0000000000000000000, 0.4318000000000021300, 6.327000000000001700 ) ) ;
#2546 = DIRECTION ( 'NONE',  ( 0.0000000000000000000, -0.0000000000000000000, 1.000000000000000000 ) ) ;
#2547 = CARTESIAN_POINT ( 'NONE',  ( -15.75000000000000000, 0.0000000000000000000, 0.0000000000000000000 ) ) ;
#2548 = CARTESIAN_POINT ( 'NONE',  ( -6.200000000000000200, 0.3048000000000000200, 0.0000000000000000000 ) ) ;
#2549 = DIRECTION ( 'NONE',  ( 1.000000000000000000, 0.0000000000000000000, 0.0000000000000000000 ) ) ;
#2550 = DIRECTION ( 'NONE',  ( 0.0000000000000000000, 0.0000000000000000000, 1.000000000000000000 ) ) ;
#2551 = ADVANCED_FACE ( 'NONE', ( #596 ), #2465, .F. ) ;
#2552 = ORIENTED_EDGE ( 'NONE', *, *, #2276, .T. ) ;
#2553 = CARTESIAN_POINT ( 'NONE',  ( 0.0000000000000000000, 4.395200000000000000, 0.0000000000000000000 ) ) ;
#2554 = EDGE_CURVE ( 'NONE', #1057, #2557, #2236, .T. ) ;
#2555 = ADVANCED_FACE ( 'NONE', ( #2725 ), #686, .F. ) ;
#2556 = ORIENTED_EDGE ( 'NONE', *, *, #1063, .F. ) ;
#2557 = VERTEX_POINT ( 'NONE', #132 ) ;
#2558 = ORIENTED_EDGE ( 'NONE', *, *, #43, .F. ) ;
#2559 = DIRECTION ( 'NONE',  ( -0.0000000000000000000, 1.000000000000000000, -0.0000000000000000000 ) ) ;
#2560 = AXIS2_PLACEMENT_3D ( 'NONE', #2537, #2063, #1838 ) ;
#2561 = EDGE_LOOP ( 'NONE', ( #2012, #1929, #2006, #2015 ) ) ;
#2562 = ORIENTED_EDGE ( 'NONE', *, *, #1578, .T. ) ;
#2563 = ORIENTED_EDGE ( 'NONE', *, *, #996, .T. ) ;
#2564 = FACE_BOUND ( 'NONE', #1394, .T. ) ;
#2565 = CARTESIAN_POINT ( 'NONE',  ( -15.74999999999999300, 0.0000000000000000000, -3.992179855667826500 ) ) ;
#2566 = AXIS2_PLACEMENT_3D ( 'NONE', #512, #2213, #1002 ) ;
#2567 = FACE_OUTER_BOUND ( 'NONE', #2361, .T. ) ;
#2568 = PERSON_AND_ORGANIZATION_ROLE ( 'design_owner' ) ;
#2569 = DIRECTION ( 'NONE',  ( 0.0000000000000000000, 1.000000000000000000, 0.0000000000000000000 ) ) ;
#2570 = ADVANCED_FACE ( 'NONE', ( #786 ), #2659, .F. ) ;
#2571 = ORIENTED_EDGE ( 'NONE', *, *, #542, .T. ) ;
#2572 = CONICAL_SURFACE ( 'NONE', #571, 7.000000000000000000, 0.7853981633974517200 ) ;
#2573 = LINE ( 'NONE', #2285, #2426 ) ;
#2574 = VERTEX_POINT ( 'NONE', #2323 ) ;
#2575 = CIRCLE ( 'NONE', #459, 5.524394877578618700 ) ;
#2576 = ADVANCED_FACE ( 'NONE', ( #73 ), #3041, .F. ) ;
#2577 = DIRECTION ( 'NONE',  ( -0.0000000000000000000, -1.000000000000000000, -0.0000000000000000000 ) ) ;
#2578 = FACE_OUTER_BOUND ( 'NONE', #3122, .T. ) ;
#2579 = EDGE_CURVE ( 'NONE', #846, #675, #527, .T. ) ;
#2580 = PERSON_AND_ORGANIZATION_ROLE ( 'design_owner' ) ;
#2581 = DIRECTION ( 'NONE',  ( -1.000000000000000000, 0.0000000000000000000, 0.0000000000000000000 ) ) ;
#2582 = DIRECTION ( 'NONE',  ( -0.0000000000000000000, 1.000000000000000000, 0.0000000000000000000 ) ) ;
#2583 = CARTESIAN_POINT ( 'NONE',  ( 7.592810154713589800E-016, 4.649200000000000400, -6.200000000000000200 ) ) ;
#2584 = DIRECTION ( 'NONE',  ( 8.659560562355009300E-017, 0.7071067811865414700, -0.7071067811865536800 ) ) ;
#2585 = AXIS2_PLACEMENT_3D ( 'NONE', #3025, #2517, #1577 ) ;
#2586 = CARTESIAN_POINT ( 'NONE',  ( 0.0000000000000000000, 0.4318000000000021300, 0.0000000000000000000 ) ) ;
#2587 = COORDINATED_UNIVERSAL_TIME_OFFSET ( 6, 0, .BEHIND. ) ;
#2588 = DIRECTION ( 'NONE',  ( 0.0000000000000000000, 0.0000000000000000000, 1.000000000000000000 ) ) ;
#2589 = AXIS2_PLACEMENT_3D ( 'NONE', #2894, #2653, #963 ) ;
#2590 = PERSON_AND_ORGANIZATION ( #2267, #1980 ) ;
#2591 = DATE_TIME_ROLE ( 'creation_date' ) ;
#2592 = CARTESIAN_POINT ( 'NONE',  ( 7.176442789317389400E-016, 0.3047999999999999000, -5.860010244842764700 ) ) ;
#2593 = ADVANCED_FACE ( 'NONE', ( #148, #2929 ), #615, .F. ) ;
#2594 = CARTESIAN_POINT ( 'NONE',  ( 0.0000000000000000000, 0.5587999999999999600, 6.200000000000000200 ) ) ;
#2595 = CARTESIAN_POINT ( 'NONE',  ( 0.0000000000000000000, 0.0000000000000000000, -4.999999999999998200 ) ) ;
#2596 = APPROVAL ( #2901, 'UNSPECIFIED' ) ;
#2597 = CLOSED_SHELL ( 'NONE', ( #1100, #2576, #2281, #2538, #2495, #2321, #1286, #3049, #3043, #2344, #1295, #1096, #2813, #2555, #333, #3000, #1790, #427, #606, #348, #3058, #557, #3048, #2260, #65, #158 ) ) ;
#2598 = VERTEX_POINT ( 'NONE', #2122 ) ;
#2599 = EDGE_CURVE ( 'NONE', #1318, #744, #2536, .T. ) ;
#2600 = DIRECTION ( 'NONE',  ( -0.0000000000000000000, 1.000000000000000000, -0.0000000000000000000 ) ) ;
#2601 = DIRECTION ( 'NONE',  ( 0.0000000000000000000, 0.0000000000000000000, 1.000000000000000000 ) ) ;
#2602 = EDGE_LOOP ( 'NONE', ( #494, #892 ) ) ;
#2603 = ORIENTED_EDGE ( 'NONE', *, *, #1578, .F. ) ;
#2604 =( NAMED_UNIT ( * ) SI_UNIT ( $, .STERADIAN. ) SOLID_ANGLE_UNIT ( ) );
#2605 = DIRECTION ( 'NONE',  ( 0.0000000000000000000, 0.0000000000000000000, -1.000000000000000000 ) ) ;
#2606 = EDGE_CURVE ( 'NONE', #2745, #2481, #1591, .T. ) ;
#2607 = ORIENTED_EDGE ( 'NONE', *, *, #1270, .T. ) ;
#2608 = LINE ( 'NONE', #1947, #61 ) ;
#2609 = CARTESIAN_POINT ( 'NONE',  ( 0.0000000000000000000, 0.5587999999999999600, 0.0000000000000000000 ) ) ;
#2610 = AXIS2_PLACEMENT_3D ( 'NONE', #1754, #1010, #2978 ) ;
#2611 = CARTESIAN_POINT ( 'NONE',  ( 0.0000000000000000000, 0.5080000000000000100, -5.344789755157235000 ) ) ;
#2612 = ORIENTED_EDGE ( 'NONE', *, *, #919, .F. ) ;
#2613 = CYLINDRICAL_SURFACE ( 'NONE', #728, 15.75000000000000000 ) ;
#2614 = ADVANCED_FACE ( 'NONE', ( #1413 ), #2097, .T. ) ;
#2615 = CARTESIAN_POINT ( 'NONE',  ( 15.75000000000000000, 1.928818708657081300E-015, 0.0000000000000000000 ) ) ;
#2616 = DIRECTION ( 'NONE',  ( 0.0000000000000000000, 0.0000000000000000000, 1.000000000000000000 ) ) ;
#2617 = EDGE_LOOP ( 'NONE', ( #2224, #2257, #1064, #2433 ) ) ;
#2618 = ORIENTED_EDGE ( 'NONE', *, *, #1338, .F. ) ;
#2619 = ORIENTED_EDGE ( 'NONE', *, *, #935, .T. ) ;
#2620 = APPLICATION_PROTOCOL_DEFINITION ( 'international standard', 'config_control_design', 1994, #918 ) ;
#2621 = TOROIDAL_SURFACE ( 'NONE', #2354, 6.200000000000001100, 0.1270000000000013600 ) ;
#2622 = CARTESIAN_POINT ( 'NONE',  ( 0.0000000000000000000, -6.776263578034402700E-018, -6.250000000000003600 ) ) ;
#2623 = ORIENTED_EDGE ( 'NONE', *, *, #1606, .T. ) ;
#2624 = CIRCLE ( 'NONE', #2861, 6.200000000000000200 ) ;
#2625 = CARTESIAN_POINT ( 'NONE',  ( 0.0000000000000000000, 5.000000000000000000, 0.0000000000000000000 ) ) ;
#2626 = CIRCLE ( 'NONE', #149, 8.000000000000000000 ) ;
#2627 = CARTESIAN_POINT ( 'NONE',  ( -4.749475547337712400, 4.522199999999998000, 3.985283180056486100 ) ) ;
#2628 = CARTESIAN_POINT ( 'NONE',  ( 0.0000000000000000000, 4.395200000000000000, 0.0000000000000000000 ) ) ;
#2629 = EDGE_CURVE ( 'NONE', #536, #411, #829, .T. ) ;
#2630 = APPROVAL_STATUS ( 'not_yet_approved' ) ;
#2631 = ADVANCED_FACE ( 'NONE', ( #2766 ), #1485, .T. ) ;
#2632 = AXIS2_PLACEMENT_3D ( 'NONE', #920, #1856, #1107 ) ;
#2633 = DIRECTION ( 'NONE',  ( -0.0000000000000000000, -0.0000000000000000000, -1.000000000000000000 ) ) ;
#2634 = DIRECTION ( 'NONE',  ( -0.0000000000000000000, -1.000000000000000000, -0.0000000000000000000 ) ) ;
#2635 = ORIENTED_EDGE ( 'NONE', *, *, #3030, .T. ) ;
#2636 = DIRECTION ( 'NONE',  ( -0.0000000000000000000, -1.000000000000000000, -0.0000000000000000000 ) ) ;
#2637 = DIRECTION ( 'NONE',  ( 0.0000000000000000000, 0.0000000000000000000, 1.000000000000000000 ) ) ;
#2638 = APPROVAL_STATUS ( 'not_yet_approved' ) ;
#2639 = ORIENTED_EDGE ( 'NONE', *, *, #2606, .T. ) ;
#2640 = CARTESIAN_POINT ( 'NONE',  ( 0.0000000000000000000, 3.429999999999999700, 0.0000000000000000000 ) ) ;
#2641 = DIRECTION ( 'NONE',  ( 0.7071067811865474600, 0.0000000000000000000, 0.7071067811865474600 ) ) ;
#2642 = ORIENTED_EDGE ( 'NONE', *, *, #2777, .T. ) ;
#2643 = ORIENTED_EDGE ( 'NONE', *, *, #2973, .T. ) ;
#2644 = CC_DESIGN_PERSON_AND_ORGANIZATION_ASSIGNMENT ( #2441, #197, ( #1177 ) ) ;
#2645 = EDGE_CURVE ( 'NONE', #368, #660, #1484, .T. ) ;
#2646 = ORIENTED_EDGE ( 'NONE', *, *, #1316, .F. ) ;
#2647 = DIRECTION ( 'NONE',  ( 0.0000000000000000000, 1.000000000000000000, 0.0000000000000000000 ) ) ;
#2648 = DIRECTION ( 'NONE',  ( -0.0000000000000000000, -0.0000000000000000000, -1.000000000000000000 ) ) ;
#2649 = VECTOR ( 'NONE', #953, 1000.000000000000100 ) ;
#2650 = CARTESIAN_POINT ( 'NONE',  ( 15.74999999999999300, 1.928818708657080200E-015, -3.992179855667826500 ) ) ;
#2651 = VECTOR ( 'NONE', #1650, 1000.000000000000000 ) ;
#2652 = DATE_AND_TIME ( #140, #590 ) ;
#2653 = DIRECTION ( 'NONE',  ( -0.0000000000000000000, 1.000000000000000000, -0.0000000000000000000 ) ) ;
#2654 = AXIS2_PLACEMENT_3D ( 'NONE', #2059, #64, #2259 ) ;
#2655 = ORIENTED_EDGE ( 'NONE', *, *, #1917, .T. ) ;
#2656 = FACE_BOUND ( 'NONE', #2602, .T. ) ;
#2657 = DIRECTION ( 'NONE',  ( 0.0000000000000000000, 0.0000000000000000000, -1.000000000000000000 ) ) ;
#2658 = ORIENTED_EDGE ( 'NONE', *, *, #2853, .F. ) ;
#2659 = CYLINDRICAL_SURFACE ( 'NONE', #1345, 6.327000000000000000 ) ;
#2660 = CARTESIAN_POINT ( 'NONE',  ( 0.0000000000000000000, 1.524000000000000000, 0.0000000000000000000 ) ) ;
#2661 = VECTOR ( 'NONE', #1734, 1000.000000000000000 ) ;
#2662 = DIRECTION ( 'NONE',  ( 0.0000000000000000000, 0.0000000000000000000, 1.000000000000000000 ) ) ;
#2663 = DIRECTION ( 'NONE',  ( -0.0000000000000000000, -0.0000000000000000000, -1.000000000000000000 ) ) ;
#2664 = DIRECTION ( 'NONE',  ( -1.000000000000000000, -0.0000000000000000000, -0.0000000000000000000 ) ) ;
#2665 = DESIGN_CONTEXT ( 'detailed design', #2096, 'design' ) ;
#2666 = EDGE_CURVE ( 'NONE', #807, #929, #110, .T. ) ;
#2667 = ORIENTED_EDGE ( 'NONE', *, *, #118, .T. ) ;
#2668 = ORGANIZATION ( 'NAUO-ORG2', 'UNSPECIFIED', 'UNSPECIFIED' ) ;
#2669 = APPROVAL_ROLE ( '' ) ;
#2670 = AXIS2_PLACEMENT_3D ( 'NONE', #961, #1429, #938 ) ;
#2671 = COORDINATED_UNIVERSAL_TIME_OFFSET ( 6, 0, .BEHIND. ) ;
#2672 = DIRECTION ( 'NONE',  ( 0.0000000000000000000, 1.000000000000000000, 0.0000000000000000000 ) ) ;
#2673 = PLANE ( 'NONE',  #1534 ) ;
#2674 = AXIS2_PLACEMENT_3D ( 'NONE', #2946, #995, #2206 ) ;
#2675 = TOROIDAL_SURFACE ( 'NONE', #2523, 6.200000000000001100, 0.1270000000000013600 ) ;
#2676 = ORIENTED_EDGE ( 'NONE', *, *, #1731, .T. ) ;
#2677 = EDGE_LOOP ( 'NONE', ( #1635, #884, #661, #1039 ) ) ;
#2678 = ORIENTED_EDGE ( 'NONE', *, *, #1087, .T. ) ;
#2679 = ORIENTED_EDGE ( 'NONE', *, *, #1585, .F. ) ;
#2680 = CARTESIAN_POINT ( 'NONE',  ( 7.047597399733187400E-016, 4.395200000000000000, 5.754799999999999500 ) ) ;
#2681 = ORIENTED_EDGE ( 'NONE', *, *, #872, .F. ) ;
#2682 = FACE_BOUND ( 'NONE', #636, .T. ) ;
#2683 = EDGE_CURVE ( 'NONE', #129, #813, #2429, .T. ) ;
#2684 = CARTESIAN_POINT ( 'NONE',  ( 7.176442789317389400E-016, 4.395200000000000000, 5.860010244842764700 ) ) ;
#2685 = CIRCLE ( 'NONE', #1753, 6.250000000000000000 ) ;
#2686 = AXIS2_PLACEMENT_3D ( 'NONE', #1452, #1910, #443 ) ;
#2687 = ORIENTED_EDGE ( 'NONE', *, *, #240, .T. ) ;
#2688 = VECTOR ( 'NONE', #2178, 1000.000000000000000 ) ;
#2689 = ORIENTED_EDGE ( 'NONE', *, *, #2379, .T. ) ;
#2690 = LINE ( 'NONE', #2698, #1170 ) ;
#2691 = CARTESIAN_POINT ( 'NONE',  ( 8.000000000000000000, 9.797174393178825700E-016, 5.874999999999997300 ) ) ;
#2692 = AXIS2_PLACEMENT_3D ( 'NONE', #3073, #2075, #852 ) ;
#2693 = AXIS2_PLACEMENT_3D ( 'NONE', #3105, #943, #191 ) ;
#2694 = CONICAL_SURFACE ( 'NONE', #631, 8.125000000000003600, 0.7853981633974482800 ) ;
#2695 = ORIENTED_EDGE ( 'NONE', *, *, #3037, .F. ) ;
#2696 = PRODUCT_RELATED_PRODUCT_CATEGORY ( 'detail', '', ( #2505 ) ) ;
#2697 = DIRECTION ( 'NONE',  ( 0.0000000000000000000, 0.0000000000000000000, 1.000000000000000000 ) ) ;
#2698 = CARTESIAN_POINT ( 'NONE',  ( 3.673940397442060400E-016, 4.746000000000004000, -3.000000000000000400 ) ) ;
#2699 = ORIENTED_EDGE ( 'NONE', *, *, #468, .T. ) ;
#2700 = CARTESIAN_POINT ( 'NONE',  ( 0.0000000000000000000, 5.000000000000000000, 0.0000000000000000000 ) ) ;
#2701 = EDGE_CURVE ( 'NONE', #91, #181, #2275, .T. ) ;
#2702 = CARTESIAN_POINT ( 'NONE',  ( 0.0000000000000000000, 0.2540000000000000000, 0.0000000000000000000 ) ) ;
#2703 = EDGE_CURVE ( 'NONE', #2044, #1009, #2357, .T. ) ;
#2704 = DIRECTION ( 'NONE',  ( -0.0000000000000000000, 1.000000000000000000, -0.0000000000000000000 ) ) ;
#2705 = AXIS2_PLACEMENT_3D ( 'NONE', #1792, #330, #2038 ) ;
#2706 = DIRECTION ( 'NONE',  ( 1.000000000000000000, 0.0000000000000000000, -0.0000000000000000000 ) ) ;
#2707 = EDGE_LOOP ( 'NONE', ( #509, #1172, #2855, #707 ) ) ;
#2708 = CARTESIAN_POINT ( 'NONE',  ( 0.0000000000000000000, 0.5080000000000000100, 0.0000000000000000000 ) ) ;
#2709 = PRODUCT_DEFINITION_SHAPE ( 'NONE', 'NONE',  #1435 ) ;
#2710 = VERTEX_POINT ( 'NONE', #441 ) ;
#2711 = CARTESIAN_POINT ( 'NONE',  ( 0.0000000000000000000, 0.4318000000000021300, 0.0000000000000000000 ) ) ;
#2712 = ORIENTED_EDGE ( 'NONE', *, *, #1904, .T. ) ;
#2713 = EDGE_LOOP ( 'NONE', ( #986, #375, #2118, #31 ) ) ;
#2714 = VECTOR ( 'NONE', #908, 1000.000000000000000 ) ;
#2715 = DIRECTION ( 'NONE',  ( 0.0000000000000000000, 1.000000000000000000, 0.0000000000000000000 ) ) ;
#2716 = VERTEX_POINT ( 'NONE', #664 ) ;
#2717 = CIRCLE ( 'NONE', #2105, 0.1270000000000012500 ) ;
#2718 = APPROVAL_PERSON_ORGANIZATION ( #219, #1335, #2814 ) ;
#2719 = EDGE_CURVE ( 'NONE', #1125, #2574, #2959, .T. ) ;
#2720 = DIRECTION ( 'NONE',  ( -0.0000000000000000000, -1.000000000000000000, -0.0000000000000000000 ) ) ;
#2721 = EDGE_LOOP ( 'NONE', ( #1742, #2056, #243, #1073 ) ) ;
#2722 = FACE_OUTER_BOUND ( 'NONE', #2186, .T. ) ;
#2723 = EDGE_LOOP ( 'NONE', ( #1867, #1748, #2484, #1864 ) ) ;
#2724 = DIRECTION ( 'NONE',  ( -0.0000000000000000000, -0.0000000000000000000, -1.000000000000000000 ) ) ;
#2725 = FACE_OUTER_BOUND ( 'NONE', #2485, .T. ) ;
#2726 = AXIS2_PLACEMENT_3D ( 'NONE', #1282, #2715, #2743 ) ;
#2727 = CIRCLE ( 'NONE', #1951, 4.425000000000000700 ) ;
#2728 = DIRECTION ( 'NONE',  ( 0.0000000000000000000, 0.0000000000000000000, 1.000000000000000000 ) ) ;
#2729 = ORIENTED_EDGE ( 'NONE', *, *, #2539, .T. ) ;
#2730 = DIRECTION ( 'NONE',  ( 0.0000000000000000000, 0.0000000000000000000, 1.000000000000000000 ) ) ;
#2731 = ADVANCED_FACE ( 'NONE', ( #2762, #2891 ), #2882, .T. ) ;
#2732 = LINE ( 'NONE', #2191, #1353 ) ;
#2733 = CARTESIAN_POINT ( 'NONE',  ( 5.512380172322067900E-016, 1.524000000000000000, 4.501200000000001600 ) ) ;
#2734 = EDGE_CURVE ( 'NONE', #1318, #368, #1633, .T. ) ;
#2735 = DATE_AND_TIME ( #2907, #385 ) ;
#2736 = DIRECTION ( 'NONE',  ( 0.0000000000000000000, -0.7071067811865511300, -0.7071067811865440200 ) ) ;
#2737 = AXIS2_PLACEMENT_3D ( 'NONE', #1690, #224, #1932 ) ;
#2738 = CARTESIAN_POINT ( 'NONE',  ( 0.0000000000000000000, 4.700000000000000200, 0.0000000000000000000 ) ) ;
#2739 = CIRCLE ( 'NONE', #1617, 8.000000000000000000 ) ;
#2740 = AXIS2_PLACEMENT_3D ( 'NONE', #2528, #2772, #1322 ) ;
#2741 = ORIENTED_EDGE ( 'NONE', *, *, #2252, .T. ) ;
#2742 = VERTEX_POINT ( 'NONE', #1891 ) ;
#2743 = DIRECTION ( 'NONE',  ( 0.0000000000000000000, 0.0000000000000000000, -1.000000000000000000 ) ) ;
#2744 = DIRECTION ( 'NONE',  ( 0.7660444431189859000, 0.0000000000000000000, -0.6427876096865300400 ) ) ;
#2745 = VERTEX_POINT ( 'NONE', #201 ) ;
#2746 = ORIENTED_EDGE ( 'NONE', *, *, #542, .F. ) ;
#2747 = ADVANCED_FACE ( 'NONE', ( #3001 ), #1944, .F. ) ;
#2748 = PRODUCT ( '3600-0014-3212', '3600-0014-3212', '', ( #1154 ) ) ;
#2749 = CARTESIAN_POINT ( 'NONE',  ( -7.000000000000000900, 0.0000000000000000000, 2.999999999999999100 ) ) ;
#2750 = ORIENTED_EDGE ( 'NONE', *, *, #1768, .T. ) ;
#2751 = CIRCLE ( 'NONE', #2443, 4.501200000000001600 ) ;
#2752 = EDGE_LOOP ( 'NONE', ( #222, #1845 ) ) ;
#2753 = CIRCLE ( 'NONE', #2085, 4.501200000000001600 ) ;
#2754 = CC_DESIGN_APPROVAL ( #619, ( #1177 ) ) ;
#2755 = DIRECTION ( 'NONE',  ( 8.659560562354932900E-017, 0.7071067811865474600, -0.7071067811865474600 ) ) ;
#2756 = EDGE_CURVE ( 'NONE', #92, #2983, #451, .T. ) ;
#2757 = ORIENTED_EDGE ( 'NONE', *, *, #240, .F. ) ;
#2758 = CIRCLE ( 'NONE', #1092, 6.072999999999999500 ) ;
#2759 = CARTESIAN_POINT ( 'NONE',  ( -7.437280011221875000E-016, 0.4318000000000021300, -6.072999999999999500 ) ) ;
#2760 = ORIENTED_EDGE ( 'NONE', *, *, #1486, .F. ) ;
#2761 = ORIENTED_EDGE ( 'NONE', *, *, #303, .F. ) ;
#2762 = FACE_OUTER_BOUND ( 'NONE', #1884, .T. ) ;
#2763 = EDGE_CURVE ( 'NONE', #147, #737, #1983, .T. ) ;
#2764 = CARTESIAN_POINT ( 'NONE',  ( -7.592810154713590800E-016, 0.4318000000000021300, -6.200000000000001100 ) ) ;
#2765 = ORIENTED_EDGE ( 'NONE', *, *, #1853, .F. ) ;
#2766 = FACE_OUTER_BOUND ( 'NONE', #951, .T. ) ;
#2767 = AXIS2_PLACEMENT_3D ( 'NONE', #782, #2030, #2234 ) ;
#2768 = CARTESIAN_POINT ( 'NONE',  ( 0.0000000000000000000, 5.000000000000000000, 0.0000000000000000000 ) ) ;
#2769 = ORIENTED_EDGE ( 'NONE', *, *, #2384, .F. ) ;
#2770 = DIRECTION ( 'NONE',  ( -0.0000000000000000000, -0.0000000000000000000, -1.000000000000000000 ) ) ;
#2771 = CARTESIAN_POINT ( 'NONE',  ( 0.0000000000000000000, 0.0000000000000000000, 2.999999999999999100 ) ) ;
#2772 = DIRECTION ( 'NONE',  ( -0.0000000000000000000, -0.0000000000000000000, -1.000000000000000000 ) ) ;
#2773 = APPROVAL_PERSON_ORGANIZATION ( #962, #1958, #2854 ) ;
#2774 = DIRECTION ( 'NONE',  ( -0.0000000000000000000, -0.0000000000000000000, -1.000000000000000000 ) ) ;
#2775 = ADVANCED_FACE ( 'NONE', ( #638 ), #749, .F. ) ;
#2776 = DIRECTION ( 'NONE',  ( 0.0000000000000000000, 0.0000000000000000000, 1.000000000000000000 ) ) ;
#2777 = EDGE_CURVE ( 'NONE', #1817, #94, #1083, .T. ) ;
#2778 = ADVANCED_FACE ( 'NONE', ( #1277 ), #1902, .T. ) ;
#2779 = CARTESIAN_POINT ( 'NONE',  ( 8.572527594031473200E-016, 4.000000000000000000, 7.000000000000000000 ) ) ;
#2780 = EDGE_LOOP ( 'NONE', ( #251, #371, #2519, #358 ) ) ;
#2781 = ORIENTED_EDGE ( 'NONE', *, *, #320, .F. ) ;
#2782 = ORIENTED_EDGE ( 'NONE', *, *, #1678, .T. ) ;
#2783 = CARTESIAN_POINT ( 'NONE',  ( 0.0000000000000000000, 5.000000000000000000, 6.250000000000000000 ) ) ;
#2784 = AXIS2_PLACEMENT_3D ( 'NONE', #2193, #2453, #1222 ) ;
#2785 = ORIENTED_EDGE ( 'NONE', *, *, #1747, .T. ) ;
#2786 = AXIS2_PLACEMENT_3D ( 'NONE', #2400, #429, #921 ) ;
#2787 =( NAMED_UNIT ( * ) SI_UNIT ( $, .STERADIAN. ) SOLID_ANGLE_UNIT ( ) );
#2788 = CARTESIAN_POINT ( 'NONE',  ( -6.200000000000000200, 4.522199999999998000, 0.0000000000000000000 ) ) ;
#2789 = CIRCLE ( 'NONE', #2632, 3.253999999999996900 ) ;
#2790 = ADVANCED_FACE ( 'NONE', ( #35 ), #2621, .T. ) ;
#2791 = CARTESIAN_POINT ( 'NONE',  ( 0.0000000000000000000, 0.0000000000000000000, 0.0000000000000000000 ) ) ;
#2792 = CARTESIAN_POINT ( 'NONE',  ( 0.0000000000000000000, 4.829999999999997400, 4.425000000000000700 ) ) ;
#2793 = DIRECTION ( 'NONE',  ( 0.0000000000000000000, -1.000000000000000000, 0.0000000000000000000 ) ) ;
#2794 = VECTOR ( 'NONE', #1575, 1000.000000000000000 ) ;
#2795 = PERSON_AND_ORGANIZATION ( #2267, #1980 ) ;
#2796 = ADVANCED_FACE ( 'NONE', ( #1861 ), #1244, .T. ) ;
#2797 = DIRECTION ( 'NONE',  ( -1.000000000000000000, 0.0000000000000000000, 0.0000000000000000000 ) ) ;
#2798 = EDGE_LOOP ( 'NONE', ( #1386, #2741 ) ) ;
#2799 = VECTOR ( 'NONE', #655, 1000.000000000000000 ) ;
#2800 = ADVANCED_FACE ( 'NONE', ( #370 ), #3124, .F. ) ;
#2801 = CONICAL_SURFACE ( 'NONE', #2029, 15.62500000000000000, 0.7853981633974482800 ) ;
#2802 = EDGE_CURVE ( 'NONE', #2499, #826, #2690, .T. ) ;
#2803 = SHAPE_REPRESENTATION ( '1611-0514-0006', ( #1258 ), #1001 ) ;
#2804 = DIRECTION ( 'NONE',  ( 1.000000000000000000, 0.0000000000000000000, -1.224646799147353200E-016 ) ) ;
#2805 = CYLINDRICAL_SURFACE ( 'NONE', #413, 6.200000000000000200 ) ;
#2806 = CARTESIAN_POINT ( 'NONE',  ( 7.592810154713589800E-016, 0.3048000000000000200, 6.200000000000000200 ) ) ;
#2807 = DIRECTION ( 'NONE',  ( 0.0000000000000000000, 0.0000000000000000000, 1.000000000000000000 ) ) ;
#2808 = VECTOR ( 'NONE', #567, 1000.000000000000000 ) ;
#2809 = DIRECTION ( 'NONE',  ( -0.7071067811865474600, 8.659560562354932900E-017, 0.7071067811865474600 ) ) ;
#2810 = VERTEX_POINT ( 'NONE', #742 ) ;
#2811 = AXIS2_PLACEMENT_3D ( 'NONE', #3029, #550, #2035 ) ;
#2812 = CARTESIAN_POINT ( 'NONE',  ( 0.0000000000000000000, 0.0000000000000000000, -5.999999999999999100 ) ) ;
#2813 = ADVANCED_FACE ( 'NONE', ( #1022 ), #827, .F. ) ;
#2814 = APPROVAL_ROLE ( '' ) ;
#2815 = DIRECTION ( 'NONE',  ( 0.0000000000000000000, 0.0000000000000000000, 1.000000000000000000 ) ) ;
#2816 = ORIENTED_EDGE ( 'NONE', *, *, #1747, .F. ) ;
#2817 = CALENDAR_DATE ( 2023, 4, 1 ) ;
#2818 = DIRECTION ( 'NONE',  ( 0.0000000000000000000, 1.000000000000000000, 0.0000000000000000000 ) ) ;
#2819 = DIRECTION ( 'NONE',  ( 0.0000000000000000000, 0.0000000000000000000, 1.000000000000000000 ) ) ;
#2820 = LOCAL_TIME ( 15, 25, 8.000000000000000000, #1189 ) ;
#2821 = EDGE_CURVE ( 'NONE', #1424, #1193, #412, .T. ) ;
#2822 = PLANE ( 'NONE',  #1117 ) ;
#2823 = DIRECTION ( 'NONE',  ( 0.0000000000000000000, 0.0000000000000000000, 1.000000000000000000 ) ) ;
#2824 = ORIENTED_EDGE ( 'NONE', *, *, #761, .T. ) ;
#2825 = APPROVAL_ROLE ( '' ) ;
#2826 = DIRECTION ( 'NONE',  ( -0.0000000000000000000, 1.000000000000000000, -0.0000000000000000000 ) ) ;
#2827 = EDGE_CURVE ( 'NONE', #846, #915, #1677, .T. ) ;
#2828 = VERTEX_POINT ( 'NONE', #2912 ) ;
#2829 = ORIENTED_EDGE ( 'NONE', *, *, #2264, .F. ) ;
#2830 = AXIS2_PLACEMENT_3D ( 'NONE', #2, #462, #984 ) ;
#2831 = ORIENTED_EDGE ( 'NONE', *, *, #2993, .F. ) ;
#2832 = CARTESIAN_POINT ( 'NONE',  ( 0.0000000000000000000, 4.953999999999999700, 0.0000000000000000000 ) ) ;
#2833 = ORIENTED_EDGE ( 'NONE', *, *, #563, .F. ) ;
#2834 = ORIENTED_EDGE ( 'NONE', *, *, #2683, .F. ) ;
#2835 = VECTOR ( 'NONE', #2826, 1000.000000000000000 ) ;
#2836 = DIRECTION ( 'NONE',  ( 0.0000000000000000000, -1.000000000000000000, 0.0000000000000000000 ) ) ;
#2837 = CARTESIAN_POINT ( 'NONE',  ( 0.0000000000000000000, 3.429999999999999700, 4.425000000000000700 ) ) ;
#2838 = AXIS2_PLACEMENT_3D ( 'NONE', #1290, #795, #554 ) ;
#2839 = FACE_OUTER_BOUND ( 'NONE', #2957, .T. ) ;
#2840 = PERSON_AND_ORGANIZATION_ROLE ( 'classification_officer' ) ;
#2841 = CARTESIAN_POINT ( 'NONE',  ( 0.0000000000000000000, 0.0000000000000000000, 2.999999999999999100 ) ) ;
#2842 = ORIENTED_EDGE ( 'NONE', *, *, #2318, .T. ) ;
#2843 = FACE_OUTER_BOUND ( 'NONE', #2677, .T. ) ;
#2844 = CARTESIAN_POINT ( 'NONE',  ( -7.592810154713590800E-016, 0.4318000000000021300, -6.200000000000001100 ) ) ;
#2845 = CARTESIAN_POINT ( 'NONE',  ( 0.0000000000000000000, 3.500000000000000000, 0.0000000000000000000 ) ) ;
#2846 = VERTEX_POINT ( 'NONE', #1722 ) ;
#2847 = EDGE_LOOP ( 'NONE', ( #2204, #192 ) ) ;
#2848 = FACE_OUTER_BOUND ( 'NONE', #1614, .T. ) ;
#2849 = DIRECTION ( 'NONE',  ( 0.0000000000000000000, 0.0000000000000000000, 1.000000000000000000 ) ) ;
#2850 = DIRECTION ( 'NONE',  ( -0.0000000000000000000, 1.000000000000000000, -0.0000000000000000000 ) ) ;
#2851 = EDGE_LOOP ( 'NONE', ( #2646, #930, #712, #1296 ) ) ;
#2852 = FACE_OUTER_BOUND ( 'NONE', #478, .T. ) ;
#2853 = EDGE_CURVE ( 'NONE', #1125, #3103, #2575, .T. ) ;
#2854 = APPROVAL_ROLE ( '' ) ;
#2855 = ORIENTED_EDGE ( 'NONE', *, *, #2082, .T. ) ;
#2856 = ADVANCED_FACE ( 'NONE', ( #2054 ), #2137, .T. ) ;
#2857 = AXIS2_PLACEMENT_3D ( 'NONE', #1294, #2720, #60 ) ;
#2858 = DIRECTION ( 'NONE',  ( 0.0000000000000000000, 0.0000000000000000000, 1.000000000000000000 ) ) ;
#2859 = ORIENTED_EDGE ( 'NONE', *, *, #2160, .F. ) ;
#2860 = DIRECTION ( 'NONE',  ( -0.6427876096865301500, -0.0000000000000000000, -0.7660444431189860100 ) ) ;
#2861 = AXIS2_PLACEMENT_3D ( 'NONE', #2474, #867, #1942 ) ;
#2862 = CARTESIAN_POINT ( 'NONE',  ( 0.0000000000000000000, 0.0000000000000000000, 0.0000000000000000000 ) ) ;
#2863 = CARTESIAN_POINT ( 'NONE',  ( 0.0000000000000000000, 0.0000000000000000000, -5.999999999999999100 ) ) ;
#2864 = AXIS2_PLACEMENT_3D ( 'NONE', #974, #1203, #1495 ) ;
#2865 = LOCAL_TIME ( 15, 25, 8.000000000000000000, #3054 ) ;
#2866 = DIRECTION ( 'NONE',  ( 0.0000000000000000000, 0.0000000000000000000, 1.000000000000000000 ) ) ;
#2867 = DIRECTION ( 'NONE',  ( 1.224646799147353500E-016, 0.0000000000000000000, 1.000000000000000000 ) ) ;
#2868 = CARTESIAN_POINT ( 'NONE',  ( 0.0000000000000000000, 0.05000000000000576900, 0.0000000000000000000 ) ) ;
#2869 = CC_DESIGN_PERSON_AND_ORGANIZATION_ASSIGNMENT ( #365, #2568, ( #2505 ) ) ;
#2870 = ADVANCED_FACE ( 'NONE', ( #681 ), #2673, .T. ) ;
#2871 = PRODUCT_DEFINITION_SHAPE ( 'NONE', 'NONE',  #3154 ) ;
#2872 = ORIENTED_EDGE ( 'NONE', *, *, #1508, .T. ) ;
#2873 = EDGE_CURVE ( 'NONE', #1703, #1541, #524, .T. ) ;
#2874 = DIRECTION ( 'NONE',  ( -1.000000000000000000, 0.0000000000000000000, 0.0000000000000000000 ) ) ;
#2875 = CARTESIAN_POINT ( 'NONE',  ( 0.0000000000000000000, 0.3048000000000000200, -6.200000000000000200 ) ) ;
#2876 = ORIENTED_EDGE ( 'NONE', *, *, #528, .F. ) ;
#2877 = ORIENTED_EDGE ( 'NONE', *, *, #2343, .F. ) ;
#2878 = EDGE_CURVE ( 'NONE', #767, #94, #2534, .T. ) ;
#2879 = ORIENTED_EDGE ( 'NONE', *, *, #1793, .F. ) ;
#2880 = DIRECTION ( 'NONE',  ( 0.0000000000000000000, 0.0000000000000000000, -1.000000000000000000 ) ) ;
#2881 = AXIS2_PLACEMENT_3D ( 'NONE', #1284, #2569, #830 ) ;
#2882 = PLANE ( 'NONE',  #878 ) ;
#2883 = VECTOR ( 'NONE', #2156, 1000.000000000000000 ) ;
#2884 = CARTESIAN_POINT ( 'NONE',  ( 0.0000000000000000000, 0.0000000000000000000, 0.0000000000000000000 ) ) ;
#2885 = CARTESIAN_POINT ( 'NONE',  ( 0.0000000000000000000, 4.799999999999996300, 0.0000000000000000000 ) ) ;
#2886 = CIRCLE ( 'NONE', #286, 4.501200000000001600 ) ;
#2887 = APPROVAL_DATE_TIME ( #3118, #172 ) ;
#2888 = ORIENTED_EDGE ( 'NONE', *, *, #19, .F. ) ;
#2889 = LINE ( 'NONE', #2680, #2925 ) ;
#2890 = PERSON_AND_ORGANIZATION_ROLE ( 'classification_officer' ) ;
#2891 = FACE_BOUND ( 'NONE', #98, .T. ) ;
#2892 = CARTESIAN_POINT ( 'NONE',  ( -6.327000000000000800, 0.4318000000000021300, 0.0000000000000000000 ) ) ;
#2893 = CIRCLE ( 'NONE', #1058, 12.00000000000000000 ) ;
#2894 = CARTESIAN_POINT ( 'NONE',  ( 0.0000000000000000000, 4.522199999999998000, 0.0000000000000000000 ) ) ;
#2895 = DIRECTION ( 'NONE',  ( 0.0000000000000000000, 0.0000000000000000000, 1.000000000000000000 ) ) ;
#2896 = EDGE_LOOP ( 'NONE', ( #1152, #2926, #1227, #1655 ) ) ;
#2897 = CONICAL_SURFACE ( 'NONE', #985, 3.000000000000000400, 0.7853981633974482800 ) ;
#2898 = DIRECTION ( 'NONE',  ( 0.0000000000000000000, 1.000000000000000000, 0.0000000000000000000 ) ) ;
#2899 = CARTESIAN_POINT ( 'NONE',  ( 0.0000000000000000000, 3.429999999999999700, 0.0000000000000000000 ) ) ;
#2900 = EDGE_CURVE ( 'NONE', #2944, #2377, #595, .T. ) ;
#2901 = APPROVAL_STATUS ( 'not_yet_approved' ) ;
#2902 = DIRECTION ( 'NONE',  ( 0.0000000000000000000, 1.000000000000000000, 0.0000000000000000000 ) ) ;
#2903 = AXIS2_PLACEMENT_3D ( 'NONE', #101, #2242, #2728 ) ;
#2904 = CARTESIAN_POINT ( 'NONE',  ( 9.184850993605147900E-016, 4.799999999999996300, 7.500000000000000000 ) ) ;
#2905 = AXIS2_PLACEMENT_3D ( 'NONE', #2249, #49, #1041 ) ;
#2906 = DIRECTION ( 'NONE',  ( 0.6427876096865301500, 0.0000000000000000000, 0.7660444431189860100 ) ) ;
#2907 = CALENDAR_DATE ( 2023, 4, 1 ) ;
#2908 = DIRECTION ( 'NONE',  ( -0.0000000000000000000, -1.000000000000000000, -0.0000000000000000000 ) ) ;
#2909 = CIRCLE ( 'NONE', #1166, 7.000000000000000000 ) ;
#2910 = CARTESIAN_POINT ( 'NONE',  ( 0.0000000000000000000, 4.649200000000000400, 0.0000000000000000000 ) ) ;
#2911 = ORIENTED_EDGE ( 'NONE', *, *, #563, .T. ) ;
#2912 = CARTESIAN_POINT ( 'NONE',  ( 15.75000000000000000, 1.928818708657081300E-015, 5.874999999999993800 ) ) ;
#2913 = ORIENTED_EDGE ( 'NONE', *, *, #919, .T. ) ;
#2914 = EDGE_CURVE ( 'NONE', #2300, #1559, #1744, .T. ) ;
#2915 = ORIENTED_EDGE ( 'NONE', *, *, #1237, .T. ) ;
#2916 = ORIENTED_EDGE ( 'NONE', *, *, #1471, .T. ) ;
#2917 = AXIS2_PLACEMENT_3D ( 'NONE', #1760, #2244, #1262 ) ;
#2918 = ORIENTED_EDGE ( 'NONE', *, *, #831, .T. ) ;
#2919 = CIRCLE ( 'NONE', #752, 8.125000000000000000 ) ;
#2920 = DIRECTION ( 'NONE',  ( -0.0000000000000000000, 1.000000000000000000, -0.0000000000000000000 ) ) ;
#2921 = FACE_OUTER_BOUND ( 'NONE', #772, .T. ) ;
#2922 = AXIS2_PLACEMENT_3D ( 'NONE', #894, #463, #592 ) ;
#2923 = CARTESIAN_POINT ( 'NONE',  ( 0.0000000000000000000, 0.5080000000000000100, 0.0000000000000000000 ) ) ;
#2924 = ORIENTED_EDGE ( 'NONE', *, *, #1985, .T. ) ;
#2925 = VECTOR ( 'NONE', #1971, 1000.000000000000100 ) ;
#2926 = ORIENTED_EDGE ( 'NONE', *, *, #44, .F. ) ;
#2927 = VECTOR ( 'NONE', #724, 1000.000000000000000 ) ;
#2928 = DIRECTION ( 'NONE',  ( 1.000000000000000000, 0.0000000000000000000, 0.0000000000000000000 ) ) ;
#2929 = FACE_BOUND ( 'NONE', #2989, .T. ) ;
#2930 = CC_DESIGN_DATE_AND_TIME_ASSIGNMENT ( #1032, #461, ( #2378 ) ) ;
#2931 = ORIENTED_EDGE ( 'NONE', *, *, #357, .T. ) ;
#2932 = EDGE_CURVE ( 'NONE', #2742, #971, #3036, .T. ) ;
#2933 = CARTESIAN_POINT ( 'NONE',  ( 0.0000000000000000000, 4.395200000000000000, 0.0000000000000000000 ) ) ;
#2934 = EDGE_CURVE ( 'NONE', #2557, #1057, #187, .T. ) ;
#2935 = ORIENTED_EDGE ( 'NONE', *, *, #1512, .F. ) ;
#2936 = CARTESIAN_POINT ( 'NONE',  ( 0.0000000000000000000, 0.4318000000000021300, 0.0000000000000000000 ) ) ;
#2937 = AXIS2_PLACEMENT_3D ( 'NONE', #128, #3019, #1094 ) ;
#2938 = PERSON_AND_ORGANIZATION ( #2267, #1980 ) ;
#2939 = DIRECTION ( 'NONE',  ( -0.0000000000000000000, -1.000000000000000000, -0.0000000000000000000 ) ) ;
#2940 = DIRECTION ( 'NONE',  ( 0.0000000000000000000, 0.0000000000000000000, 1.000000000000000000 ) ) ;
#2941 = DIRECTION ( 'NONE',  ( -0.0000000000000000000, -0.0000000000000000000, -1.000000000000000000 ) ) ;
#2942 = VERTEX_POINT ( 'NONE', #262 ) ;
#2943 = ORIENTED_EDGE ( 'NONE', *, *, #138, .F. ) ;
#2944 = VERTEX_POINT ( 'NONE', #770 ) ;
#2945 = DIRECTION ( 'NONE',  ( -0.0000000000000000000, 1.000000000000000000, -0.0000000000000000000 ) ) ;
#2946 = CARTESIAN_POINT ( 'NONE',  ( 0.0000000000000000000, 4.799999999999996300, 0.0000000000000000000 ) ) ;
#2947 = CARTESIAN_POINT ( 'NONE',  ( 0.0000000000000000000, 4.000000000000000000, -7.000000000000000000 ) ) ;
#2948 = ORIENTED_EDGE ( 'NONE', *, *, #2934, .F. ) ;
#2949 = EDGE_CURVE ( 'NONE', #764, #57, #907, .T. ) ;
#2950 = CARTESIAN_POINT ( 'NONE',  ( -15.75000000000000000, 0.0000000000000000000, 0.0000000000000000000 ) ) ;
#2951 = VECTOR ( 'NONE', #1260, 1000.000000000000100 ) ;
#2952 = DIRECTION ( 'NONE',  ( 1.000000000000000000, 0.0000000000000000000, 0.0000000000000000000 ) ) ;
#2953 = AXIS2_PLACEMENT_3D ( 'NONE', #873, #1636, #911 ) ;
#2954 = CIRCLE ( 'NONE', #453, 6.327000000000001700 ) ;
#2955 = LOCAL_TIME ( 15, 25, 8.000000000000000000, #446 ) ;
#2956 = DIRECTION ( 'NONE',  ( 0.0000000000000000000, 0.0000000000000000000, 1.000000000000000000 ) ) ;
#2957 = EDGE_LOOP ( 'NONE', ( #2235, #1069, #1682, #1540 ) ) ;
#2958 = LINE ( 'NONE', #855, #1361 ) ;
#2959 = CIRCLE ( 'NONE', #233, 0.2539999999999998900 ) ;
#2960 = DIRECTION ( 'NONE',  ( 0.6427876096865300400, 0.0000000000000000000, 0.7660444431189859000 ) ) ;
#2961 = CC_DESIGN_PERSON_AND_ORGANIZATION_ASSIGNMENT ( #2457, #186, ( #1435 ) ) ;
#2962 = DIRECTION ( 'NONE',  ( 0.0000000000000000000, -1.000000000000000000, 0.0000000000000000000 ) ) ;
#2963 = CARTESIAN_POINT ( 'NONE',  ( 0.0000000000000000000, 4.700000000000000200, 0.0000000000000000000 ) ) ;
#2964 = CIRCLE ( 'NONE', #853, 6.746000000000000400 ) ;
#2965 = ORIENTED_EDGE ( 'NONE', *, *, #493, .F. ) ;
#2966 = CIRCLE ( 'NONE', #2542, 6.072999999999999500 ) ;
#2967 = DIRECTION ( 'NONE',  ( -0.0000000000000000000, 1.000000000000000000, -0.0000000000000000000 ) ) ;
#2968 = ORIENTED_EDGE ( 'NONE', *, *, #1232, .T. ) ;
#2969 = CC_DESIGN_APPROVAL ( #1464, ( #607 ) ) ;
#2970 = DIRECTION ( 'NONE',  ( 0.0000000000000000000, -1.000000000000000000, 0.0000000000000000000 ) ) ;
#2971 = DIRECTION ( 'NONE',  ( -0.0000000000000000000, -0.0000000000000000000, -1.000000000000000000 ) ) ;
#2972 = DIRECTION ( 'NONE',  ( -0.0000000000000000000, 1.000000000000000000, -0.0000000000000000000 ) ) ;
#2973 = EDGE_CURVE ( 'NONE', #1215, #397, #1785, .T. ) ;
#2974 = DESIGN_CONTEXT ( 'detailed design', #151, 'design' ) ;
#2975 = CARTESIAN_POINT ( 'NONE',  ( 0.0000000000000000000, 4.625605122421380800, 0.0000000000000000000 ) ) ;
#2976 = LOCAL_TIME ( 15, 25, 8.000000000000000000, #1918 ) ;
#2977 = CALENDAR_DATE ( 2023, 4, 1 ) ;
#2978 = DIRECTION ( 'NONE',  ( 0.0000000000000000000, 0.0000000000000000000, 1.000000000000000000 ) ) ;
#2979 = AXIS2_PLACEMENT_3D ( 'NONE', #1256, #96, #2510 ) ;
#2980 = LINE ( 'NONE', #1433, #311 ) ;
#2981 = DIRECTION ( 'NONE',  ( -0.0000000000000000000, -1.000000000000000000, -0.0000000000000000000 ) ) ;
#2982 = ADVANCED_FACE ( 'NONE', ( #2848 ), #4, .T. ) ;
#2983 = VERTEX_POINT ( 'NONE', #1736 ) ;
#2984 = DIRECTION ( 'NONE',  ( 0.0000000000000000000, -1.000000000000000000, 0.0000000000000000000 ) ) ;
#2985 = EDGE_LOOP ( 'NONE', ( #976, #1943, #340, #2655 ) ) ;
#2986 = DIRECTION ( 'NONE',  ( 0.0000000000000000000, 0.0000000000000000000, 1.000000000000000000 ) ) ;
#2987 = ORIENTED_EDGE ( 'NONE', *, *, #44, .T. ) ;
#2988 = ORIENTED_EDGE ( 'NONE', *, *, #2294, .F. ) ;
#2989 = EDGE_LOOP ( 'NONE', ( #2188, #3023 ) ) ;
#2990 = CIRCLE ( 'NONE', #2501, 0.1270000000000012500 ) ;
#2991 = VERTEX_POINT ( 'NONE', #308 ) ;
#2992 = TOROIDAL_SURFACE ( 'NONE', #2767, 5.860010244842764700, 0.2540000000000000000 ) ;
#2993 = EDGE_CURVE ( 'NONE', #92, #177, #1815, .T. ) ;
#2994 = DIRECTION ( 'NONE',  ( -0.0000000000000000000, 1.000000000000000000, -0.0000000000000000000 ) ) ;
#2995 = ORIENTED_EDGE ( 'NONE', *, *, #3010, .T. ) ;
#2996 = CIRCLE ( 'NONE', #417, 6.072999999999999500 ) ;
#2997 = CIRCLE ( 'NONE', #3065, 5.344789755157235000 ) ;
#2998 = AXIS2_PLACEMENT_3D ( 'NONE', #555, #2981, #796 ) ;
#2999 = EDGE_LOOP ( 'NONE', ( #2699, #314 ) ) ;
#3000 = ADVANCED_FACE ( 'NONE', ( #2313, #1211 ), #1758, .F. ) ;
#3001 = FACE_OUTER_BOUND ( 'NONE', #2985, .T. ) ;
#3002 = AXIS2_PLACEMENT_3D ( 'NONE', #2868, #2390, #1673 ) ;
#3003 = CIRCLE ( 'NONE', #511, 5.680405122421381800 ) ;
#3004 = DIRECTION ( 'NONE',  ( 0.0000000000000000000, 0.0000000000000000000, 1.000000000000000000 ) ) ;
#3005 = EDGE_LOOP ( 'NONE', ( #2911, #2314, #2623, #488 ) ) ;
#3006 = PERSON ( 'NAUO-PER1', 'UNSPECIFIED', 'UNSPECIFIED', ('UNSPECIFIED'), ('UNSPECIFIED'), ('UNSPECIFIED') ) ;
#3007 = ORIENTED_EDGE ( 'NONE', *, *, #59, .T. ) ;
#3008 = DIRECTION ( 'NONE',  ( 0.0000000000000000000, 0.0000000000000000000, 1.000000000000000000 ) ) ;
#3009 = CARTESIAN_POINT ( 'NONE',  ( 8.000000000000000000, 9.797174393178825700E-016, -5.874999999999999100 ) ) ;
#3010 = EDGE_CURVE ( 'NONE', #18, #287, #1128, .T. ) ;
#3011 = PERSON_AND_ORGANIZATION ( #2267, #1980 ) ;
#3012 = ADVANCED_FACE ( 'NONE', ( #561 ), #2199, .T. ) ;
#3013 = AXIS2_PLACEMENT_3D ( 'NONE', #1714, #1218, #274 ) ;
#3014 = DIRECTION ( 'NONE',  ( 0.0000000000000000000, 0.0000000000000000000, -1.000000000000000000 ) ) ;
#3015 = AXIS2_PLACEMENT_3D ( 'NONE', #157, #1356, #629 ) ;
#3016 = ORIENTED_EDGE ( 'NONE', *, *, #2683, .T. ) ;
#3017 = EDGE_LOOP ( 'NONE', ( #2490, #2782 ) ) ;
#3018 = AXIS2_PLACEMENT_3D ( 'NONE', #1488, #2672, #28 ) ;
#3019 = DIRECTION ( 'NONE',  ( 0.0000000000000000000, -1.000000000000000000, 0.0000000000000000000 ) ) ;
#3020 = VERTEX_POINT ( 'NONE', #2008 ) ;
#3021 = EDGE_LOOP ( 'NONE', ( #8, #109 ) ) ;
#3022 = DIRECTION ( 'NONE',  ( -0.0000000000000000000, 1.000000000000000000, -0.0000000000000000000 ) ) ;
#3023 = ORIENTED_EDGE ( 'NONE', *, *, #487, .F. ) ;
#3024 = ORIENTED_EDGE ( 'NONE', *, *, #2756, .T. ) ;
#3025 = CARTESIAN_POINT ( 'NONE',  ( 0.0000000000000000000, 0.4318000000000021300, 0.0000000000000000000 ) ) ;
#3026 = ORIENTED_EDGE ( 'NONE', *, *, #447, .F. ) ;
#3027 = CYLINDRICAL_SURFACE ( 'NONE', #2240, 6.746000000000000400 ) ;
#3028 = SECURITY_CLASSIFICATION ( '', '', #924 ) ;
#3029 = CARTESIAN_POINT ( 'NONE',  ( 0.0000000000000000000, 0.4318000000000021300, 0.0000000000000000000 ) ) ;
#3030 = EDGE_CURVE ( 'NONE', #862, #706, #1711, .T. ) ;
#3031 = CIRCLE ( 'NONE', #506, 0.2539999999999998900 ) ;
#3032 = COORDINATED_UNIVERSAL_TIME_OFFSET ( 6, 0, .BEHIND. ) ;
#3033 = PLANE ( 'NONE',  #2937 ) ;
#3034 = ORIENTED_EDGE ( 'NONE', *, *, #1182, .T. ) ;
#3035 = LINE ( 'NONE', #1230, #2491 ) ;
#3036 = CIRCLE ( 'NONE', #1163, 3.254000000000003600 ) ;
#3037 = EDGE_CURVE ( 'NONE', #1630, #1542, #492, .T. ) ;
#3038 = DIRECTION ( 'NONE',  ( -1.000000000000000000, 0.0000000000000000000, 0.0000000000000000000 ) ) ;
#3039 = ORIENTED_EDGE ( 'NONE', *, *, #422, .F. ) ;
#3040 = ORIENTED_EDGE ( 'NONE', *, *, #843, .T. ) ;
#3041 = TOROIDAL_SURFACE ( 'NONE', #898, 16.00000000000000000, 4.000000000000000000 ) ;
#3042 = AXIS2_PLACEMENT_3D ( 'NONE', #3047, #2320, #2815 ) ;
#3043 = ADVANCED_FACE ( 'NONE', ( #3081 ), #260, .F. ) ;
#3044 = ORIENTED_EDGE ( 'NONE', *, *, #601, .T. ) ;
#3045 = TOROIDAL_SURFACE ( 'NONE', #2479, 6.200000000000001100, 0.1270000000000013600 ) ;
#3046 = CARTESIAN_POINT ( 'NONE',  ( 0.0000000000000000000, 3.500000000000000000, 6.746000000000000400 ) ) ;
#3047 = CARTESIAN_POINT ( 'NONE',  ( 0.0000000000000000000, 3.429999999999999700, 0.0000000000000000000 ) ) ;
#3048 = ADVANCED_FACE ( 'NONE', ( #987 ), #2801, .T. ) ;
#3049 = ADVANCED_FACE ( 'NONE', ( #1054 ), #983, .F. ) ;
#3050 = CARTESIAN_POINT ( 'NONE',  ( 0.0000000000000000000, 0.0000000000000000000, 4.898587196589412800E-016 ) ) ;
#3051 = CARTESIAN_POINT ( 'NONE',  ( 15.62500000000000000, 0.0000000000000000000, -5.999999999999999100 ) ) ;
#3052 = ORGANIZATION ( 'NAUO-ORG1', 'UNSPECIFIED', 'UNSPECIFIED' ) ;
#3053 = DIRECTION ( 'NONE',  ( -0.0000000000000000000, 1.000000000000000000, -0.0000000000000000000 ) ) ;
#3054 = COORDINATED_UNIVERSAL_TIME_OFFSET ( 6, 0, .BEHIND. ) ;
#3055 = APPLICATION_PROTOCOL_DEFINITION ( 'international standard', 'config_control_design', 1994, #3092 ) ;
#3056 = CARTESIAN_POINT ( 'NONE',  ( 0.0000000000000000000, 4.649200000000000400, 6.327000000000000000 ) ) ;
#3057 = EDGE_CURVE ( 'NONE', #1420, #2598, #67, .T. ) ;
#3058 = ADVANCED_FACE ( 'NONE', ( #334 ), #2167, .T. ) ;
#3059 = CIRCLE ( 'NONE', #1460, 6.327000000000000000 ) ;
#3060 = AXIS2_PLACEMENT_3D ( 'NONE', #80, #2493, #3004 ) ;
#3061 = CARTESIAN_POINT ( 'NONE',  ( 0.0000000000000000000, 5.000000000000000000, 0.0000000000000000000 ) ) ;
#3062 = ORIENTED_EDGE ( 'NONE', *, *, #2102, .T. ) ;
#3063 = ORIENTED_EDGE ( 'NONE', *, *, #2082, .F. ) ;
#3064 = DIRECTION ( 'NONE',  ( 0.0000000000000000000, -1.000000000000000000, 0.0000000000000000000 ) ) ;
#3065 = AXIS2_PLACEMENT_3D ( 'NONE', #350, #2524, #2062 ) ;
#3066 = ORIENTED_EDGE ( 'NONE', *, *, #503, .T. ) ;
#3067 = EDGE_LOOP ( 'NONE', ( #2152, #703, #2678, #22 ) ) ;
#3068 = APPLICATION_CONTEXT ( 'configuration controlled 3d designs of mechanical parts and assemblies' ) ;
#3069 = CARTESIAN_POINT ( 'NONE',  ( 0.0000000000000000000, 4.446000000000000600, 5.344789755157235000 ) ) ;
#3070 = ORIENTED_EDGE ( 'NONE', *, *, #2763, .F. ) ;
#3071 = CIRCLE ( 'NONE', #1569, 0.2539999999999998900 ) ;
#3072 = DIRECTION ( 'NONE',  ( 0.0000000000000000000, 0.0000000000000000000, -1.000000000000000000 ) ) ;
#3073 = CARTESIAN_POINT ( 'NONE',  ( 0.0000000000000000000, 0.0000000000000000000, 0.0000000000000000000 ) ) ;
#3074 = TOROIDAL_SURFACE ( 'NONE', #3084, 16.00000000000000000, 4.000000000000000000 ) ;
#3075 = DIRECTION ( 'NONE',  ( 0.0000000000000000000, 0.0000000000000000000, 1.000000000000000000 ) ) ;
#3076 = CC_DESIGN_DATE_AND_TIME_ASSIGNMENT ( #2106, #1169, ( #3028 ) ) ;
#3077 = VERTEX_POINT ( 'NONE', #2545 ) ;
#3078 = VECTOR ( 'NONE', #2634, 1000.000000000000000 ) ;
#3079 = FACE_OUTER_BOUND ( 'NONE', #1070, .T. ) ;
#3080 = EDGE_CURVE ( 'NONE', #515, #2828, #824, .T. ) ;
#3081 = FACE_OUTER_BOUND ( 'NONE', #1516, .T. ) ;
#3082 = DIRECTION ( 'NONE',  ( 1.000000000000000000, -0.0000000000000000000, 1.224646799147353200E-016 ) ) ;
#3083 = ADVANCED_FACE ( 'NONE', ( #257 ), #1940, .T. ) ;
#3084 = AXIS2_PLACEMENT_3D ( 'NONE', #199, #678, #2374 ) ;
#3085 = VECTOR ( 'NONE', #1047, 1000.000000000000100 ) ;
#3086 = DIRECTION ( 'NONE',  ( 0.0000000000000000000, 0.0000000000000000000, -1.000000000000000000 ) ) ;
#3087 = CARTESIAN_POINT ( 'NONE',  ( 0.0000000000000000000, 0.0000000000000000000, 3.000000000000000400 ) ) ;
#3088 = UNCERTAINTY_MEASURE_WITH_UNIT (LENGTH_MEASURE( 1.000000000000000100E-005 ), #359, 'distance_accuracy_value', 'NONE');
#3089 = ORIENTED_EDGE ( 'NONE', *, *, #526, .T. ) ;
#3090 = AXIS2_PLACEMENT_3D ( 'NONE', #215, #1642, #205 ) ;
#3091 = EDGE_CURVE ( 'NONE', #3103, #2136, #1480, .T. ) ;
#3092 = APPLICATION_CONTEXT ( 'configuration controlled 3d designs of mechanical parts and assemblies' ) ;
#3093 = DIRECTION ( 'NONE',  ( 0.0000000000000000000, 1.000000000000000000, 0.0000000000000000000 ) ) ;
#3094 = CONTEXT_DEPENDENT_SHAPE_REPRESENTATION ( #960, #1334 ) ;
#3095 = DIRECTION ( 'NONE',  ( 0.0000000000000000000, -1.000000000000000000, 0.0000000000000000000 ) ) ;
#3096 = SECURITY_CLASSIFICATION ( '', '', #1212 ) ;
#3097 = APPROVAL_PERSON_ORGANIZATION ( #1874, #619, #2669 ) ;
#3098 = ADVANCED_FACE ( 'NONE', ( #3079 ), #947, .T. ) ;
#3099 = EDGE_CURVE ( 'NONE', #2136, #2574, #2997, .T. ) ;
#3100 = CARTESIAN_POINT ( 'NONE',  ( 25.46010166682322400, 19.10311200532532900, 34.78625243460464800 ) ) ;
#3101 = CARTESIAN_POINT ( 'NONE',  ( 0.0000000000000000000, 4.700000000000000200, 0.0000000000000000000 ) ) ;
#3102 = EDGE_CURVE ( 'NONE', #1764, #2846, #2573, .T. ) ;
#3103 = VERTEX_POINT ( 'NONE', #818 ) ;
#3104 = CARTESIAN_POINT ( 'NONE',  ( 0.0000000000000000000, 3.429999999999999700, 4.501200000000001600 ) ) ;
#3105 = CARTESIAN_POINT ( 'NONE',  ( 0.0000000000000000000, 0.0000000000000000000, -5.999999999999999100 ) ) ;
#3106 = AXIS2_PLACEMENT_3D ( 'NONE', #111, #1584, #861 ) ;
#3107 = ORIENTED_EDGE ( 'NONE', *, *, #1471, .F. ) ;
#3108 = CARTESIAN_POINT ( 'NONE',  ( 16.00000000000000000, 1.959434878635765100E-015, 0.0000000000000000000 ) ) ;
#3109 = ORIENTED_EDGE ( 'NONE', *, *, #1964, .F. ) ;
#3110 = ORIENTED_EDGE ( 'NONE', *, *, #11, .F. ) ;
#3111 = CIRCLE ( 'NONE', #12, 8.125000000000003600 ) ;
#3112 = CARTESIAN_POINT ( 'NONE',  ( 0.0000000000000000000, 0.0000000000000000000, 0.0000000000000000000 ) ) ;
#3113 = DIRECTION ( 'NONE',  ( 1.000000000000000000, 0.0000000000000000000, 0.0000000000000000000 ) ) ;
#3114 = FACE_OUTER_BOUND ( 'NONE', #617, .T. ) ;
#3115 = PERSON_AND_ORGANIZATION_ROLE ( 'design_supplier' ) ;
#3116 = DIRECTION ( 'NONE',  ( 0.0000000000000000000, 0.0000000000000000000, 1.000000000000000000 ) ) ;
#3117 = CIRCLE ( 'NONE', #2423, 6.327000000000001700 ) ;
#3118 = DATE_AND_TIME ( #1362, #2231 ) ;
#3119 = DIRECTION ( 'NONE',  ( 0.0000000000000000000, 1.000000000000000000, 0.0000000000000000000 ) ) ;
#3120 = DIRECTION ( 'NONE',  ( 0.0000000000000000000, 0.0000000000000000000, 1.000000000000000000 ) ) ;
#3121 = DIRECTION ( 'NONE',  ( -1.000000000000000000, -1.224646799147353500E-016, 0.0000000000000000000 ) ) ;
#3122 = EDGE_LOOP ( 'NONE', ( #2761, #2988, #2529, #1281 ) ) ;
#3123 = FACE_OUTER_BOUND ( 'NONE', #75, .T. ) ;
#3124 = CYLINDRICAL_SURFACE ( 'NONE', #2784, 6.200000000000000200 ) ;
#3125 = DIRECTION ( 'NONE',  ( 0.0000000000000000000, -0.0000000000000000000, 1.000000000000000000 ) ) ;
#3126 = DIRECTION ( 'NONE',  ( 0.0000000000000000000, 1.000000000000000000, 0.0000000000000000000 ) ) ;
#3127 = CIRCLE ( 'NONE', #531, 0.1270000000000012500 ) ;
#3128 = EDGE_CURVE ( 'NONE', #2377, #1225, #33, .T. ) ;
#3129 = VERTEX_POINT ( 'NONE', #1329 ) ;
#3130 = TOROIDAL_SURFACE ( 'NONE', #2324, 5.860010244842764700, 0.2540000000000000000 ) ;
#3131 = AXIS2_PLACEMENT_3D ( 'NONE', #978, #1248, #14 ) ;
#3132 = DIRECTION ( 'NONE',  ( 0.0000000000000000000, 0.0000000000000000000, -1.000000000000000000 ) ) ;
#3133 = CARTESIAN_POINT ( 'NONE',  ( 8.125000000000003600, 0.0000000000000000000, 6.000000000000000900 ) ) ;
#3134 = AXIS2_PLACEMENT_3D ( 'NONE', #2475, #2962, #1506 ) ;
#3135 = AXIS2_PLACEMENT_3D ( 'NONE', #401, #134, #618 ) ;
#3136 = EDGE_LOOP ( 'NONE', ( #2831, #2335, #2562, #2877 ) ) ;
#3137 = APPROVAL_DATE_TIME ( #235, #575 ) ;
#3138 = DIRECTION ( 'NONE',  ( -0.0000000000000000000, -1.000000000000000000, -0.0000000000000000000 ) ) ;
#3139 = DIRECTION ( 'NONE',  ( -0.0000000000000000000, -1.000000000000000000, -0.0000000000000000000 ) ) ;
#3140 = DIRECTION ( 'NONE',  ( 0.0000000000000000000, 0.0000000000000000000, -1.000000000000000000 ) ) ;
#3141 = CARTESIAN_POINT ( 'NONE',  ( 0.0000000000000000000, 4.522199999999998000, 0.0000000000000000000 ) ) ;
#3142 = CC_DESIGN_DATE_AND_TIME_ASSIGNMENT ( #1607, #906, ( #2316 ) ) ;
#3143 = EDGE_CURVE ( 'NONE', #1420, #2002, #1518, .T. ) ;
#3144 = EDGE_LOOP ( 'NONE', ( #1483, #1590 ) ) ;
#3145 = ORIENTED_EDGE ( 'NONE', *, *, #2949, .T. ) ;
#3146 = APPROVAL_STATUS ( 'not_yet_approved' ) ;
#3147 = ORIENTED_EDGE ( 'NONE', *, *, #2539, .F. ) ;
#3148 = VERTEX_POINT ( 'NONE', #3046 ) ;
#3149 = AXIS2_PLACEMENT_3D ( 'NONE', #77, #1777, #312 ) ;
#3150 = DIRECTION ( 'NONE',  ( 0.0000000000000000000, 0.0000000000000000000, 1.000000000000000000 ) ) ;
#3151 = LINE ( 'NONE', #2033, #858 ) ;
#3152 = NEXT_ASSEMBLY_USAGE_OCCURRENCE ( 'NAUO1', ' ', ' ', #1435, #2378, $ ) ;
#3153 = NEXT_ASSEMBLY_USAGE_OCCURRENCE ( 'NAUO2', ' ', ' ', #1435, #2316, $ ) ;
#3154 = NEXT_ASSEMBLY_USAGE_OCCURRENCE ( 'NAUO3', ' ', ' ', #1435, #2316, $ ) ;
ENDSEC;
END-ISO-10303-21;
