ISO-10303-21;
HEADER;
FILE_DESCRIPTION (( 'STEP AP203' ),
    '1' );
FILE_NAME ('3600-0004-3212 Assembly.STEP',
    '2023-01-04T21:24:33',
    ( '' ),
    ( '' ),
    'SwSTEP 2.0',
    'SolidWorks 2016',
    '' );
FILE_SCHEMA (( 'CONFIG_CONTROL_DESIGN' ));
ENDSEC;

DATA;
#1 = ORIENTED_EDGE ( 'NONE', *, *, #2388, .F. ) ;
#2 = EDGE_CURVE ( 'NONE', #1461, #2376, #2688, .T. ) ;
#3 = VERTEX_POINT ( 'NONE', #2620 ) ;
#4 = DIRECTION ( 'NONE',  ( -0.0000000000000000000, -1.000000000000000000, 0.0000000000000000000 ) ) ;
#5 = CARTESIAN_POINT ( 'NONE',  ( -8.125000000000000000, 0.0000000000000000000, -5.999999999999999100 ) ) ;
#6 = EDGE_LOOP ( 'NONE', ( #2315, #703 ) ) ;
#7 = CIRCLE ( 'NONE', #2455, 8.125000000000003600 ) ;
#8 = ADVANCED_FACE ( 'NONE', ( #1905 ), #1262, .F. ) ;
#9 = CARTESIAN_POINT ( 'NONE',  ( 2.449293598294706400E-016, 4.740192378864668900, -2.000000000000000000 ) ) ;
#10 = ORIENTED_EDGE ( 'NONE', *, *, #307, .F. ) ;
#11 = FACE_OUTER_BOUND ( 'NONE', #1302, .T. ) ;
#12 = CARTESIAN_POINT ( 'NONE',  ( 0.0000000000000000000, 0.05000000000000490200, 0.0000000000000000000 ) ) ;
#13 = VERTEX_POINT ( 'NONE', #1659 ) ;
#14 = APPROVAL_PERSON_ORGANIZATION ( #1453, #2629, #931 ) ;
#15 = EDGE_CURVE ( 'NONE', #2535, #1839, #3056, .T. ) ;
#16 = DIRECTION ( 'NONE',  ( 0.0000000000000000000, 0.0000000000000000000, 1.000000000000000000 ) ) ;
#17 = ORIENTED_EDGE ( 'NONE', *, *, #1146, .F. ) ;
#18 = CARTESIAN_POINT ( 'NONE',  ( 0.0000000000000000000, 0.0000000000000000000, 0.0000000000000000000 ) ) ;
#19 = EDGE_LOOP ( 'NONE', ( #122, #716, #1212, #410 ) ) ;
#20 = DATE_AND_TIME ( #736, #777 ) ;
#21 = EDGE_CURVE ( 'NONE', #1360, #2529, #1948, .T. ) ;
#22 = CARTESIAN_POINT ( 'NONE',  ( 16.00000000000000000, 1.959434878635765100E-015, 0.0000000000000000000 ) ) ;
#23 = EDGE_LOOP ( 'NONE', ( #2271, #2731, #1371, #914 ) ) ;
#24 = EDGE_CURVE ( 'NONE', #1238, #1347, #3263, .T. ) ;
#25 = LINE ( 'NONE', #756, #2473 ) ;
#26 = CARTESIAN_POINT ( 'NONE',  ( 0.0000000000000000000, 0.4500000000000000100, 0.0000000000000000000 ) ) ;
#27 = CARTESIAN_POINT ( 'NONE',  ( 0.0000000000000000000, 0.0000000000000000000, -2.150000000000002600 ) ) ;
#28 = CARTESIAN_POINT ( 'NONE',  ( 0.0000000000000000000, 4.830000000000001800, 0.0000000000000000000 ) ) ;
#29 = AXIS2_PLACEMENT_3D ( 'NONE', #995, #2001, #2816 ) ;
#30 = CIRCLE ( 'NONE', #75, 0.1500000000000008300 ) ;
#31 = DIRECTION ( 'NONE',  ( 0.0000000000000000000, 0.0000000000000000000, 1.000000000000000000 ) ) ;
#32 = DIRECTION ( 'NONE',  ( 6.123233995736793200E-017, 0.8660254037844373800, -0.5000000000000022200 ) ) ;
#33 = CARTESIAN_POINT ( 'NONE',  ( 0.0000000000000000000, 0.4400000000000011700, 0.0000000000000000000 ) ) ;
#34 = CC_DESIGN_SECURITY_CLASSIFICATION ( #271, ( #3332 ) ) ;
#35 = CIRCLE ( 'NONE', #2263, 15.75000000000000000 ) ;
#36 = VERTEX_POINT ( 'NONE', #586 ) ;
#37 = VECTOR ( 'NONE', #1549, 1000.000000000000000 ) ;
#38 = CARTESIAN_POINT ( 'NONE',  ( 4.827468219017775700E-016, 4.710000000000000000, -3.941926947736152700 ) ) ;
#39 = CLOSED_SHELL ( 'NONE', ( #3024, #1438, #8, #1981, #439, #1122, #461, #263, #2952, #1968, #2428, #2449, #1422, #3202, #381, #2227, #205, #2170, #871, #2085, #1398, #1348, #1936, #1723, #3221, #611, #2894, #1708, #673, #2399, #2730, #391, #1105, #154, #2207, #2413, #1594, #174, #1695, #1576, #2939, #1013, #1460, #2383, #840, #2712, #1070, #1186, #2506, #2293, #3279, #1473, #1266, #2768, #1869, #2913, #635, #3287, #1334, #2104, #1167, #854, #345, #2663, #2630, #1379, #2691, #1647, #2342, #625, #3212, #1789, #3192 ) ) ;
#40 = ORIENTED_EDGE ( 'NONE', *, *, #1050, .T. ) ;
#41 = PLANE ( 'NONE',  #645 ) ;
#42 = DIRECTION ( 'NONE',  ( 0.0000000000000000000, 0.0000000000000000000, 1.000000000000000000 ) ) ;
#43 = VERTEX_POINT ( 'NONE', #1631 ) ;
#44 = AXIS2_PLACEMENT_3D ( 'NONE', #231, #957, #1219 ) ;
#45 = DIRECTION ( 'NONE',  ( 0.0000000000000000000, 0.0000000000000000000, 1.000000000000000000 ) ) ;
#46 = VERTEX_POINT ( 'NONE', #882 ) ;
#47 = CARTESIAN_POINT ( 'NONE',  ( 0.0000000000000000000, 0.0000000000000000000, 0.0000000000000000000 ) ) ;
#48 = VERTEX_POINT ( 'NONE', #1357 ) ;
#49 = FACE_OUTER_BOUND ( 'NONE', #2756, .T. ) ;
#50 = PLANE ( 'NONE',  #323 ) ;
#51 = VERTEX_POINT ( 'NONE', #3197 ) ;
#52 = FACE_BOUND ( 'NONE', #6, .T. ) ;
#53 = AXIS2_PLACEMENT_3D ( 'NONE', #2172, #1203, #206 ) ;
#54 = DIRECTION ( 'NONE',  ( -0.0000000000000000000, -0.0000000000000000000, 1.000000000000000000 ) ) ;
#55 = DIRECTION ( 'NONE',  ( 0.0000000000000000000, 0.0000000000000000000, 1.000000000000000000 ) ) ;
#56 = CC_DESIGN_APPROVAL ( #2857, ( #1419 ) ) ;
#57 = ORIENTED_EDGE ( 'NONE', *, *, #985, .F. ) ;
#58 = PERSON_AND_ORGANIZATION ( #215, #607 ) ;
#59 = DIRECTION ( 'NONE',  ( 0.0000000000000000000, 0.0000000000000000000, -1.000000000000000000 ) ) ;
#60 = ORIENTED_EDGE ( 'NONE', *, *, #2275, .F. ) ;
#61 = EDGE_CURVE ( 'NONE', #1591, #1396, #517, .T. ) ;
#62 = ADVANCED_FACE ( 'NONE', ( #1341 ), #2019, .T. ) ;
#63 = CARTESIAN_POINT ( 'NONE',  ( -5.875000000000000900, 4.559999999999998700, 0.0000000000000000000 ) ) ;
#64 = CARTESIAN_POINT ( 'NONE',  ( 15.62499999999999300, 1.921164666162410000E-015, 6.000000000000000900 ) ) ;
#65 = AXIS2_PLACEMENT_3D ( 'NONE', #860, #2133, #599 ) ;
#66 = CARTESIAN_POINT ( 'NONE',  ( 0.0000000000000000000, 4.559999999999999600, 0.0000000000000000000 ) ) ;
#67 = ORIENTED_EDGE ( 'NONE', *, *, #143, .T. ) ;
#68 = CARTESIAN_POINT ( 'NONE',  ( 9.766558223200140300E-016, 4.800000000000008700, 7.974999999999999600 ) ) ;
#69 = VECTOR ( 'NONE', #1427, 1000.000000000000000 ) ;
#70 = EDGE_CURVE ( 'NONE', #2495, #853, #2604, .T. ) ;
#71 = DIRECTION ( 'NONE',  ( 0.0000000000000000000, 0.0000000000000000000, 1.000000000000000000 ) ) ;
#72 = TOROIDAL_SURFACE ( 'NONE', #1754, 5.724999999999999600, 0.1500000000000008500 ) ;
#73 = CYLINDRICAL_SURFACE ( 'NONE', #3300, 3.919999999999999900 ) ;
#74 = CARTESIAN_POINT ( 'NONE',  ( 0.0000000000000000000, 4.710000000000000000, 0.0000000000000000000 ) ) ;
#75 = AXIS2_PLACEMENT_3D ( 'NONE', #1586, #2077, #2898 ) ;
#76 = LINE ( 'NONE', #419, #2890 ) ;
#77 = CARTESIAN_POINT ( 'NONE',  ( -5.724999999999999600, 0.4400000000000011700, 0.0000000000000000000 ) ) ;
#78 = DIRECTION ( 'NONE',  ( -1.000000000000000000, 0.0000000000000000000, 0.0000000000000000000 ) ) ;
#79 = VECTOR ( 'NONE', #3248, 1000.000000000000000 ) ;
#80 = PRODUCT_DEFINITION_SHAPE ( 'NONE', 'NONE',  #2314 ) ;
#81 = ORIENTED_EDGE ( 'NONE', *, *, #448, .T. ) ;
#82 = ORIENTED_EDGE ( 'NONE', *, *, #304, .T. ) ;
#83 = EDGE_CURVE ( 'NONE', #43, #1297, #1229, .T. ) ;
#84 = ORIENTED_EDGE ( 'NONE', *, *, #932, .F. ) ;
#85 = DIRECTION ( 'NONE',  ( -1.000000000000000000, 0.0000000000000000000, 0.0000000000000000000 ) ) ;
#86 = VERTEX_POINT ( 'NONE', #355 ) ;
#87 = EDGE_CURVE ( 'NONE', #51, #832, #1065, .T. ) ;
#88 = DIRECTION ( 'NONE',  ( -0.0000000000000000000, -1.000000000000000000, -0.0000000000000000000 ) ) ;
#89 = AXIS2_PLACEMENT_3D ( 'NONE', #1148, #139, #1917 ) ;
#90 = ORIENTED_EDGE ( 'NONE', *, *, #1870, .T. ) ;
#91 = VECTOR ( 'NONE', #1089, 1000.000000000000000 ) ;
#92 = ORIENTED_EDGE ( 'NONE', *, *, #1423, .T. ) ;
#93 = CIRCLE ( 'NONE', #471, 15.62500000000000000 ) ;
#94 = CALENDAR_DATE ( 2023, 4, 1 ) ;
#95 = ADVANCED_FACE ( 'NONE', ( #1862 ), #2483, .T. ) ;
#96 = EDGE_LOOP ( 'NONE', ( #1, #1087, #132, #2866 ) ) ;
#97 = CALENDAR_DATE ( 2023, 4, 1 ) ;
#98 = DIRECTION ( 'NONE',  ( 0.0000000000000000000, 0.0000000000000000000, -1.000000000000000000 ) ) ;
#99 = DIRECTION ( 'NONE',  ( 0.0000000000000000000, 0.0000000000000000000, 1.000000000000000000 ) ) ;
#100 = ORIENTED_EDGE ( 'NONE', *, *, #1732, .T. ) ;
#101 = AXIS2_PLACEMENT_3D ( 'NONE', #2402, #1365, #2146 ) ;
#102 = DIRECTION ( 'NONE',  ( 8.659560562354892200E-017, 0.7071067811865507900, -0.7071067811865441300 ) ) ;
#103 = ORIENTED_EDGE ( 'NONE', *, *, #1832, .F. ) ;
#104 = EDGE_CURVE ( 'NONE', #306, #1386, #1475, .T. ) ;
#105 = ORIENTED_EDGE ( 'NONE', *, *, #2, .T. ) ;
#106 = DIRECTION ( 'NONE',  ( 0.0000000000000000000, 0.0000000000000000000, -1.000000000000000000 ) ) ;
#107 = CARTESIAN_POINT ( 'NONE',  ( 0.0000000000000000000, 0.0000000000000000000, 2.999999999999999100 ) ) ;
#108 = DIRECTION ( 'NONE',  ( -0.0000000000000000000, 1.000000000000000000, -0.0000000000000000000 ) ) ;
#109 = CARTESIAN_POINT ( 'NONE',  ( 0.0000000000000000000, 0.0000000000000000000, 0.0000000000000000000 ) ) ;
#110 = ADVANCED_FACE ( 'NONE', ( #203 ), #2971, .F. ) ;
#111 = EDGE_CURVE ( 'NONE', #13, #2713, #1544, .T. ) ;
#112 = FACE_OUTER_BOUND ( 'NONE', #1756, .T. ) ;
#113 = CARTESIAN_POINT ( 'NONE',  ( -4.385604436856193700, 0.4400000000000011700, 3.679959065455384400 ) ) ;
#114 = CONICAL_SURFACE ( 'NONE', #219, 5.675000000000001600, 0.7853981633974657100 ) ;
#115 = CARTESIAN_POINT ( 'NONE',  ( 6.949870585161230700E-016, 4.760000000000002500, -5.675000000000000700 ) ) ;
#116 = UNCERTAINTY_MEASURE_WITH_UNIT (LENGTH_MEASURE( 1.000000000000000100E-005 ), #878, 'distance_accuracy_value', 'NONE');
#117 = DIRECTION ( 'NONE',  ( -0.0000000000000000000, -1.000000000000000000, -0.0000000000000000000 ) ) ;
#118 = AXIS2_PLACEMENT_3D ( 'NONE', #1573, #3121, #1815 ) ;
#119 = VERTEX_POINT ( 'NONE', #1621 ) ;
#120 = FACE_OUTER_BOUND ( 'NONE', #1958, .T. ) ;
#121 = DIRECTION ( 'NONE',  ( 0.0000000000000000000, 0.0000000000000000000, 1.000000000000000000 ) ) ;
#122 = ORIENTED_EDGE ( 'NONE', *, *, #2633, .T. ) ;
#123 = EDGE_CURVE ( 'NONE', #1872, #1340, #2682, .T. ) ;
#124 = ORIENTED_EDGE ( 'NONE', *, *, #1309, .F. ) ;
#125 = CYLINDRICAL_SURFACE ( 'NONE', #386, 7.000000000000000900 ) ;
#126 = CARTESIAN_POINT ( 'NONE',  ( 0.0000000000000000000, 0.2900000000000003100, 5.724999999999997000 ) ) ;
#127 = DIRECTION ( 'NONE',  ( 0.0000000000000000000, -1.000000000000000000, 0.0000000000000000000 ) ) ;
#128 = AXIS2_PLACEMENT_3D ( 'NONE', #457, #937, #1174 ) ;
#129 = EDGE_LOOP ( 'NONE', ( #2942, #440, #2284, #1558 ) ) ;
#130 = CIRCLE ( 'NONE', #2237, 0.1499999999999999700 ) ;
#131 = CARTESIAN_POINT ( 'NONE',  ( -7.000000000000000900, 0.0000000000000000000, 2.999999999999999100 ) ) ;
#132 = ORIENTED_EDGE ( 'NONE', *, *, #909, .T. ) ;
#133 = APPROVAL_PERSON_ORGANIZATION ( #966, #2857, #1966 ) ;
#134 = AXIS2_PLACEMENT_3D ( 'NONE', #107, #2698, #1916 ) ;
#135 = DIRECTION ( 'NONE',  ( -0.0000000000000000000, -1.000000000000000000, -0.0000000000000000000 ) ) ;
#136 = CARTESIAN_POINT ( 'NONE',  ( 0.0000000000000000000, 0.0000000000000000000, 0.0000000000000000000 ) ) ;
#137 = EDGE_LOOP ( 'NONE', ( #650, #3030, #795, #2736 ) ) ;
#138 = COORDINATED_UNIVERSAL_TIME_OFFSET ( 6, 0, .BEHIND. ) ;
#139 = DIRECTION ( 'NONE',  ( 0.0000000000000000000, -1.000000000000000000, 0.0000000000000000000 ) ) ;
#140 = CARTESIAN_POINT ( 'NONE',  ( 5.991015847833900600E-016, 0.3439339828220175900, -4.790969671810125300 ) ) ;
#141 = CC_DESIGN_APPROVAL ( #1950, ( #1260 ) ) ;
#142 = ORIENTED_EDGE ( 'NONE', *, *, #1504, .F. ) ;
#143 = EDGE_CURVE ( 'NONE', #3318, #1880, #1746, .T. ) ;
#144 = DIRECTION ( 'NONE',  ( -0.0000000000000000000, -1.000000000000000000, -0.0000000000000000000 ) ) ;
#145 = DIRECTION ( 'NONE',  ( -0.0000000000000000000, 1.000000000000000000, -0.0000000000000000000 ) ) ;
#146 = LINE ( 'NONE', #2778, #1328 ) ;
#147 = CARTESIAN_POINT ( 'NONE',  ( 0.0000000000000000000, 0.5440000000000003700, 0.0000000000000000000 ) ) ;
#148 = VECTOR ( 'NONE', #2061, 1000.000000000000000 ) ;
#149 = AXIS2_PLACEMENT_3D ( 'NONE', #1053, #2907, #849 ) ;
#150 = APPLICATION_PROTOCOL_DEFINITION ( 'international standard', 'config_control_design', 1994, #661 ) ;
#151 = AXIS2_PLACEMENT_3D ( 'NONE', #1527, #1027, #1792 ) ;
#152 = CIRCLE ( 'NONE', #2667, 0.1500000000000008300 ) ;
#153 = CARTESIAN_POINT ( 'NONE',  ( 0.0000000000000000000, 0.5900000000000003000, 0.0000000000000000000 ) ) ;
#154 = ADVANCED_FACE ( 'NONE', ( #983, #2855 ), #2649, .T. ) ;
#155 = CIRCLE ( 'NONE', #992, 7.974999999999999600 ) ;
#156 =( REPRESENTATION_RELATIONSHIP ('NONE','NONE', #1613, #478 ) REPRESENTATION_RELATIONSHIP_WITH_TRANSFORMATION ( #538 )SHAPE_REPRESENTATION_RELATIONSHIP( ) );
#157 = CARTESIAN_POINT ( 'NONE',  ( 0.0000000000000000000, 0.0000000000000000000, -5.999999999999999100 ) ) ;
#158 = EDGE_LOOP ( 'NONE', ( #2696, #2777 ) ) ;
#160 = LINE ( 'NONE', #425, #2096 ) ;
#159 = DIRECTION ( 'NONE',  ( -0.0000000000000000000, -1.000000000000000000, -0.0000000000000000000 ) ) ;
#161 = ORIENTED_EDGE ( 'NONE', *, *, #1223, .F. ) ;
#162 = CARTESIAN_POINT ( 'NONE',  ( 0.0000000000000000000, 0.0000000000000000000, -5.999999999999999100 ) ) ;
#163 = EDGE_LOOP ( 'NONE', ( #1464, #375, #1071, #1528 ) ) ;
#164 = PERSON_AND_ORGANIZATION_ROLE ( 'classification_officer' ) ;
#165 = CC_DESIGN_APPROVAL ( #441, ( #2382 ) ) ;
#166 = VERTEX_POINT ( 'NONE', #701 ) ;
#167 = CARTESIAN_POINT ( 'NONE',  ( 5.802298969176656200E-016, 4.710000000000000000, -4.684903654632145200 ) ) ;
#168 = PERSON_AND_ORGANIZATION_ROLE ( 'design_supplier' ) ;
#169 = EDGE_LOOP ( 'NONE', ( #524, #537, #407, #1176 ) ) ;
#170 = DIRECTION ( 'NONE',  ( -0.0000000000000000000, -0.0000000000000000000, -1.000000000000000000 ) ) ;
#171 = ORIENTED_EDGE ( 'NONE', *, *, #2708, .T. ) ;
#172 = CYLINDRICAL_SURFACE ( 'NONE', #1343, 5.875000000000000900 ) ;
#173 = AXIS2_PLACEMENT_3D ( 'NONE', #2921, #681, #2165 ) ;
#174 = ADVANCED_FACE ( 'NONE', ( #867, #1145 ), #2735, .T. ) ;
#175 = DIRECTION ( 'NONE',  ( 0.0000000000000000000, 0.0000000000000000000, 1.000000000000000000 ) ) ;
#176 = ORIENTED_EDGE ( 'NONE', *, *, #969, .F. ) ;
#177 = EDGE_CURVE ( 'NONE', #3243, #3174, #2599, .T. ) ;
#178 = DIRECTION ( 'NONE',  ( 0.0000000000000000000, 0.7071067811865536800, 0.7071067811865414700 ) ) ;
#179 = ORIENTED_EDGE ( 'NONE', *, *, #2931, .T. ) ;
#180 = DATE_AND_TIME ( #1567, #929 ) ;
#181 = DIRECTION ( 'NONE',  ( 0.0000000000000000000, -1.000000000000000000, 0.0000000000000000000 ) ) ;
#182 = DATE_TIME_ROLE ( 'classification_date' ) ;
#183 = EDGE_LOOP ( 'NONE', ( #90, #2053 ) ) ;
#184 = DIRECTION ( 'NONE',  ( 0.0000000000000000000, -0.7071067811865440200, -0.7071067811865511300 ) ) ;
#185 = AXIS2_PLACEMENT_3D ( 'NONE', #2253, #451, #1985 ) ;
#186 = DIRECTION ( 'NONE',  ( 0.0000000000000000000, 0.0000000000000000000, 1.000000000000000000 ) ) ;
#187 = ORIENTED_EDGE ( 'NONE', *, *, #2792, .F. ) ;
#188 = DIRECTION ( 'NONE',  ( -0.0000000000000000000, 1.000000000000000000, -0.0000000000000000000 ) ) ;
#189 = CARTESIAN_POINT ( 'NONE',  ( 15.75000000000000000, 1.928818708657081300E-015, 0.0000000000000000000 ) ) ;
#190 = CARTESIAN_POINT ( 'NONE',  ( 4.696520474730098900E-016, 5.000000000000000000, 3.750000000000000000 ) ) ;
#191 = APPLICATION_PROTOCOL_DEFINITION ( 'international standard', 'config_control_design', 1994, #1177 ) ;
#192 = EDGE_CURVE ( 'NONE', #2524, #1592, #717, .T. ) ;
#193 = TOROIDAL_SURFACE ( 'NONE', #1896, 5.724999999999999600, 0.1500000000000008500 ) ;
#194 = FACE_OUTER_BOUND ( 'NONE', #1835, .T. ) ;
#195 = DIRECTION ( 'NONE',  ( 0.0000000000000000000, -0.0000000000000000000, 1.000000000000000000 ) ) ;
#196 = EDGE_CURVE ( 'NONE', #36, #1481, #3213, .T. ) ;
#197 = CIRCLE ( 'NONE', #151, 3.941926947736152700 ) ;
#198 = EDGE_CURVE ( 'NONE', #2376, #2535, #3127, .T. ) ;
#199 = CARTESIAN_POINT ( 'NONE',  ( 0.0000000000000000000, 0.4400000000000011700, 0.0000000000000000000 ) ) ;
#200 = CARTESIAN_POINT ( 'NONE',  ( 4.827468219017775700E-016, 0.5440000000000003700, 3.941926947736152700 ) ) ;
#201 = CARTESIAN_POINT ( 'NONE',  ( 0.0000000000000000000, 4.710000000000000000, 0.0000000000000000000 ) ) ;
#202 = EDGE_LOOP ( 'NONE', ( #383, #2700, #791, #1267 ) ) ;
#203 = FACE_OUTER_BOUND ( 'NONE', #370, .T. ) ;
#204 = CARTESIAN_POINT ( 'NONE',  ( 0.0000000000000000000, 4.410000000000000100, 0.0000000000000000000 ) ) ;
#205 = ADVANCED_FACE ( 'NONE', ( #2933 ), #1901, .F. ) ;
#206 = DIRECTION ( 'NONE',  ( 1.000000000000000000, 0.0000000000000000000, -0.0000000000000000000 ) ) ;
#207 = ORIENTED_EDGE ( 'NONE', *, *, #2544, .F. ) ;
#208 = EDGE_CURVE ( 'NONE', #984, #853, #1430, .T. ) ;
#209 = VERTEX_POINT ( 'NONE', #2763 ) ;
#210 = COORDINATED_UNIVERSAL_TIME_OFFSET ( 6, 0, .BEHIND. ) ;
#211 = DIRECTION ( 'NONE',  ( 0.0000000000000000000, 0.0000000000000000000, 1.000000000000000000 ) ) ;
#212 = ORIENTED_EDGE ( 'NONE', *, *, #1890, .T. ) ;
#213 = CIRCLE ( 'NONE', #1911, 5.574999999999999300 ) ;
#214 = DIRECTION ( 'NONE',  ( -0.0000000000000000000, 1.000000000000000000, -0.0000000000000000000 ) ) ;
#215 = PERSON ( 'UNSPECIFIED', 'UNSPECIFIED', 'UNSPECIFIED', ('UNSPECIFIED'), ('UNSPECIFIED'), ('UNSPECIFIED') ) ;
#216 = AXIS2_PLACEMENT_3D ( 'NONE', #2864, #1587, #2359 ) ;
#217 = ORIENTED_EDGE ( 'NONE', *, *, #1504, .T. ) ;
#218 = VECTOR ( 'NONE', #2527, 1000.000000000000000 ) ;
#219 = AXIS2_PLACEMENT_3D ( 'NONE', #2794, #1975, #749 ) ;
#220 = ORIENTED_EDGE ( 'NONE', *, *, #975, .T. ) ;
#221 = LOCAL_TIME ( 15, 24, 33.00000000000000000, #1318 ) ;
#222 = MANIFOLD_SOLID_BREP ( 'Revolve1', #1688 ) ;
#223 = CARTESIAN_POINT ( 'NONE',  ( 0.0000000000000000000, 4.559999999999998700, 0.0000000000000000000 ) ) ;
#224 = EDGE_LOOP ( 'NONE', ( #1697, #3154 ) ) ;
#225 = DATE_AND_TIME ( #531, #997 ) ;
#226 = EDGE_LOOP ( 'NONE', ( #2572, #217 ) ) ;
#227 = AXIS2_PLACEMENT_3D ( 'NONE', #147, #135, #3229 ) ;
#228 = CIRCLE ( 'NONE', #732, 15.62499999999999300 ) ;
#229 = CIRCLE ( 'NONE', #3026, 4.993101706166088500 ) ;
#230 = CARTESIAN_POINT ( 'NONE',  ( 0.0000000000000000000, 0.3439339828220175900, 0.0000000000000000000 ) ) ;
#231 = CARTESIAN_POINT ( 'NONE',  ( 0.0000000000000000000, 0.0000000000000000000, -5.999999999999999100 ) ) ;
#232 = AXIS2_PLACEMENT_3D ( 'NONE', #2349, #1312, #1300 ) ;
#234 = CARTESIAN_POINT ( 'NONE',  ( -8.000000000000000000, 0.0000000000000000000, 0.0000000000000000000 ) ) ;
#233 = VECTOR ( 'NONE', #1249, 1000.000000000000000 ) ;
#235 = CARTESIAN_POINT ( 'NONE',  ( 6.949870585161230700E-016, 4.949999999999997500, -5.675000000000000700 ) ) ;
#236 = ORIENTED_EDGE ( 'NONE', *, *, #2997, .F. ) ;
#237 = DIRECTION ( 'NONE',  ( 0.0000000000000000000, -1.000000000000000000, 0.0000000000000000000 ) ) ;
#238 = TOROIDAL_SURFACE ( 'NONE', #1456, 4.684903654632145200, 0.1499999999999999900 ) ;
#239 = EDGE_CURVE ( 'NONE', #51, #2328, #1022, .T. ) ;
#240 = PRODUCT_DEFINITION_SHAPE ( 'NONE', 'NONE',  #3332 ) ;
#241 = EDGE_LOOP ( 'NONE', ( #3194, #336 ) ) ;
#242 = EDGE_LOOP ( 'NONE', ( #1725, #1602, #1525, #2703 ) ) ;
#243 = DIRECTION ( 'NONE',  ( -0.0000000000000000000, -1.000000000000000000, -0.0000000000000000000 ) ) ;
#244 = DIRECTION ( 'NONE',  ( 0.0000000000000000000, 0.0000000000000000000, 1.000000000000000000 ) ) ;
#245 = VERTEX_POINT ( 'NONE', #1692 ) ;
#246 = AXIS2_PLACEMENT_3D ( 'NONE', #2619, #1857, #98 ) ;
#247 = CARTESIAN_POINT ( 'NONE',  ( 0.0000000000000000000, 4.455999999999999500, 0.0000000000000000000 ) ) ;
#248 = CARTESIAN_POINT ( 'NONE',  ( 6.127032490264965200E-016, 4.453933982822017700, 5.003101706166091000 ) ) ;
#249 = VERTEX_POINT ( 'NONE', #167 ) ;
#250 = EDGE_LOOP ( 'NONE', ( #1234, #3108 ) ) ;
#251 = CC_DESIGN_APPROVAL ( #1049, ( #1094 ) ) ;
#252 = EDGE_CURVE ( 'NONE', #520, #2495, #160, .T. ) ;
#253 = ORIENTED_EDGE ( 'NONE', *, *, #1223, .T. ) ;
#254 = FACE_OUTER_BOUND ( 'NONE', #2860, .T. ) ;
#255 = DIRECTION ( 'NONE',  ( 0.0000000000000000000, 0.0000000000000000000, 1.000000000000000000 ) ) ;
#256 = ORIENTED_EDGE ( 'NONE', *, *, #718, .T. ) ;
#257 = DATE_AND_TIME ( #97, #1408 ) ;
#258 = CARTESIAN_POINT ( 'NONE',  ( -16.00000000000000000, 0.0000000000000000000, 0.0000000000000000000 ) ) ;
#259 = EDGE_CURVE ( 'NONE', #43, #1872, #1062, .T. ) ;
#260 = ORIENTED_EDGE ( 'NONE', *, *, #1786, .T. ) ;
#261 = CARTESIAN_POINT ( 'NONE',  ( 0.0000000000000000000, 5.000000000000000000, 0.0000000000000000000 ) ) ;
#262 = AXIS2_PLACEMENT_3D ( 'NONE', #109, #2662, #2674 ) ;
#263 = ADVANCED_FACE ( 'NONE', ( #1227 ), #3051, .T. ) ;
#264 = DIRECTION ( 'NONE',  ( -0.0000000000000000000, -1.000000000000000000, -0.0000000000000000000 ) ) ;
#265 = CARTESIAN_POINT ( 'NONE',  ( 0.0000000000000000000, 0.0000000000000000000, -2.150000000000002600 ) ) ;
#266 = ORIENTED_EDGE ( 'NONE', *, *, #1827, .F. ) ;
#267 = DIRECTION ( 'NONE',  ( 0.0000000000000000000, -1.000000000000000000, 0.0000000000000000000 ) ) ;
#268 = DIRECTION ( 'NONE',  ( 0.0000000000000000000, 0.0000000000000000000, 1.000000000000000000 ) ) ;
#269 = FACE_OUTER_BOUND ( 'NONE', #1084, .T. ) ;
#270 = DIRECTION ( 'NONE',  ( 0.0000000000000000000, 1.000000000000000000, 0.0000000000000000000 ) ) ;
#271 = SECURITY_CLASSIFICATION ( '', '', #1715 ) ;
#272 = FACE_OUTER_BOUND ( 'NONE', #573, .T. ) ;
#273 = CIRCLE ( 'NONE', #663, 8.000000000000000000 ) ;
#274 = DIRECTION ( 'NONE',  ( -1.000000000000000000, 0.0000000000000000000, 0.0000000000000000000 ) ) ;
#275 = CYLINDRICAL_SURFACE ( 'NONE', #1058, 15.75000000000000000 ) ;
#276 = EDGE_LOOP ( 'NONE', ( #1520, #1634, #920, #542 ) ) ;
#277 = PRODUCT ( '1601-0014-0004', '1601-0014-0004', '', ( #1690 ) ) ;
#278 = AXIS2_PLACEMENT_3D ( 'NONE', #1990, #2772, #2505 ) ;
#279 = DIRECTION ( 'NONE',  ( -0.0000000000000000000, 1.000000000000000000, 0.0000000000000000000 ) ) ;
#280 = ORIENTED_EDGE ( 'NONE', *, *, #3097, .F. ) ;
#281 = ORIENTED_EDGE ( 'NONE', *, *, #3093, .F. ) ;
#282 = CARTESIAN_POINT ( 'NONE',  ( 0.0000000000000000000, 4.710000000000000000, 0.0000000000000000000 ) ) ;
#283 = CARTESIAN_POINT ( 'NONE',  ( 0.0000000000000000000, 0.2999999999999999900, 0.0000000000000000000 ) ) ;
#284 = DIRECTION ( 'NONE',  ( 0.0000000000000000000, -1.000000000000000000, 0.0000000000000000000 ) ) ;
#285 = ORIENTED_EDGE ( 'NONE', *, *, #796, .T. ) ;
#286 = AXIS2_PLACEMENT_3D ( 'NONE', #1749, #1254, #2804 ) ;
#287 = CARTESIAN_POINT ( 'NONE',  ( 0.0000000000000000000, 5.000000000000000000, 0.0000000000000000000 ) ) ;
#288 = VERTEX_POINT ( 'NONE', #1208 ) ;
#289 = FACE_OUTER_BOUND ( 'NONE', #1152, .T. ) ;
#290 = DIRECTION ( 'NONE',  ( 0.0000000000000000000, -1.000000000000000000, 0.0000000000000000000 ) ) ;
#291 = ORIENTED_EDGE ( 'NONE', *, *, #1666, .T. ) ;
#292 = CIRCLE ( 'NONE', #1597, 5.875000000000000900 ) ;
#293 = EDGE_CURVE ( 'NONE', #2353, #614, #2347, .T. ) ;
#294 = DIRECTION ( 'NONE',  ( -0.0000000000000000000, -0.0000000000000000000, -1.000000000000000000 ) ) ;
#295 = DIRECTION ( 'NONE',  ( 0.0000000000000000000, 0.0000000000000000000, 1.000000000000000000 ) ) ;
#296 = AXIS2_PLACEMENT_3D ( 'NONE', #953, #2022, #2553 ) ;
#297 = ORIENTED_EDGE ( 'NONE', *, *, #1529, .F. ) ;
#298 = LOCAL_TIME ( 15, 24, 33.00000000000000000, #574 ) ;
#299 = DIRECTION ( 'NONE',  ( -0.0000000000000000000, -0.0000000000000000000, -1.000000000000000000 ) ) ;
#300 = CARTESIAN_POINT ( 'NONE',  ( 15.62500000000000000, 0.0000000000000000000, -5.999999999999999100 ) ) ;
#301 = ORIENTED_EDGE ( 'NONE', *, *, #3281, .T. ) ;
#302 = DIRECTION ( 'NONE',  ( 0.0000000000000000000, 0.0000000000000000000, 1.000000000000000000 ) ) ;
#303 = ITEM_DEFINED_TRANSFORMATION ( 'NONE', 'NONE', #2503,  #1279 ) ;
#304 = EDGE_CURVE ( 'NONE', #2603, #593, #2814, .T. ) ;
#305 = DIRECTION ( 'NONE',  ( -0.0000000000000000000, 1.000000000000000000, -0.0000000000000000000 ) ) ;
#306 = VERTEX_POINT ( 'NONE', #1881 ) ;
#307 = EDGE_CURVE ( 'NONE', #2897, #2811, #908, .T. ) ;
#308 = CIRCLE ( 'NONE', #562, 8.000000000000000000 ) ;
#309 = CARTESIAN_POINT ( 'NONE',  ( 0.0000000000000000000, 5.000000000000000900, 0.0000000000000000000 ) ) ;
#310 = CARTESIAN_POINT ( 'NONE',  ( 0.0000000000000000000, 0.0000000000000000000, -4.999999999999998200 ) ) ;
#311 = CIRCLE ( 'NONE', #1134, 4.790969671810125300 ) ;
#312 = DIRECTION ( 'NONE',  ( 0.0000000000000000000, 0.0000000000000000000, 1.000000000000000000 ) ) ;
#313 = CARTESIAN_POINT ( 'NONE',  ( 7.194799944990701800E-016, 0.5900000000000003000, 5.875000000000000900 ) ) ;
#314 = VECTOR ( 'NONE', #3115, 1000.000000000000000 ) ;
#315 = EDGE_CURVE ( 'NONE', #2529, #1360, #399, .T. ) ;
#316 = EDGE_LOOP ( 'NONE', ( #1366, #369 ) ) ;
#317 = CIRCLE ( 'NONE', #1151, 6.599999999999994300 ) ;
#318 = DIRECTION ( 'NONE',  ( -1.000000000000000000, 0.0000000000000000000, 0.0000000000000000000 ) ) ;
#319 = DIRECTION ( 'NONE',  ( 0.0000000000000000000, 0.0000000000000000000, 1.000000000000000000 ) ) ;
#320 = ORIENTED_EDGE ( 'NONE', *, *, #2846, .F. ) ;
#321 = AXIS2_PLACEMENT_3D ( 'NONE', #310, #299, #3161 ) ;
#322 = CARTESIAN_POINT ( 'NONE',  ( 0.0000000000000000000, 4.410000000000000100, 0.0000000000000000000 ) ) ;
#323 = AXIS2_PLACEMENT_3D ( 'NONE', #812, #1683, #1698 ) ;
#324 = ORIENTED_EDGE ( 'NONE', *, *, #1870, .F. ) ;
#325 = ADVANCED_FACE ( 'NONE', ( #789 ), #356, .F. ) ;
#326 = DIRECTION ( 'NONE',  ( -0.0000000000000000000, 1.000000000000000000, -0.0000000000000000000 ) ) ;
#327 = EDGE_LOOP ( 'NONE', ( #597, #534 ) ) ;
#328 = FACE_OUTER_BOUND ( 'NONE', #276, .T. ) ;
#329 = DIRECTION ( 'NONE',  ( -0.0000000000000000000, 1.000000000000000000, -0.0000000000000000000 ) ) ;
#330 = ORIENTED_EDGE ( 'NONE', *, *, #525, .T. ) ;
#331 = CONICAL_SURFACE ( 'NONE', #1352, 2.150000000000002600, 0.5235987755983043700 ) ;
#332 = DIRECTION ( 'NONE',  ( 0.0000000000000000000, 0.0000000000000000000, 1.000000000000000000 ) ) ;
#333 = CARTESIAN_POINT ( 'NONE',  ( 0.0000000000000000000, 0.2400000000000041000, 0.0000000000000000000 ) ) ;
#334 = DIRECTION ( 'NONE',  ( 0.0000000000000000000, 1.000000000000000000, 0.0000000000000000000 ) ) ;
#335 = CC_DESIGN_APPROVAL ( #566, ( #1241 ) ) ;
#336 = ORIENTED_EDGE ( 'NONE', *, *, #87, .F. ) ;
#337 = CALENDAR_DATE ( 2023, 4, 1 ) ;
#338 = DIRECTION ( 'NONE',  ( 1.000000000000000000, 0.0000000000000000000, 1.224646799147353200E-016 ) ) ;
#339 = ORIENTED_EDGE ( 'NONE', *, *, #406, .T. ) ;
#340 = EDGE_CURVE ( 'NONE', #520, #984, #317, .T. ) ;
#341 = AXIS2_PLACEMENT_3D ( 'NONE', #3312, #1189, #2990 ) ;
#342 = DIRECTION ( 'NONE',  ( 0.0000000000000000000, 0.0000000000000000000, 1.000000000000000000 ) ) ;
#343 = ORIENTED_EDGE ( 'NONE', *, *, #143, .F. ) ;
#344 = DIRECTION ( 'NONE',  ( 0.0000000000000000000, 1.000000000000000000, 0.0000000000000000000 ) ) ;
#345 = ADVANCED_FACE ( 'NONE', ( #2305 ), #1716, .F. ) ;
#346 = ORIENTED_EDGE ( 'NONE', *, *, #1661, .T. ) ;
#347 = EDGE_CURVE ( 'NONE', #632, #2909, #3089, .T. ) ;
#348 = CARTESIAN_POINT ( 'NONE',  ( 0.0000000000000000000, 0.5440000000000003700, 0.0000000000000000000 ) ) ;
#349 = CARTESIAN_POINT ( 'NONE',  ( 0.0000000000000000000, 0.0000000000000000000, 0.0000000000000000000 ) ) ;
#350 = CIRCLE ( 'NONE', #1610, 2.150000000000002600 ) ;
#351 = APPLICATION_CONTEXT ( 'configuration controlled 3d designs of mechanical parts and assemblies' ) ;
#352 = AXIS2_PLACEMENT_3D ( 'NONE', #2741, #3265, #186 ) ;
#353 = LINE ( 'NONE', #2786, #1778 ) ;
#354 = CARTESIAN_POINT ( 'NONE',  ( 0.0000000000000000000, 0.0000000000000000000, 6.000000000000000900 ) ) ;
#355 = CARTESIAN_POINT ( 'NONE',  ( 7.194799944990701800E-016, 0.2900000000000003100, 5.875000000000000900 ) ) ;
#356 = PLANE ( 'NONE',  #262 ) ;
#357 = TOROIDAL_SURFACE ( 'NONE', #1514, 16.00000000000000000, 4.000000000000000000 ) ;
#358 = DIRECTION ( 'NONE',  ( 0.0000000000000000000, -1.000000000000000000, 0.0000000000000000000 ) ) ;
#359 = ORIENTED_EDGE ( 'NONE', *, *, #1247, .F. ) ;
#360 = CIRCLE ( 'NONE', #2490, 4.684903654632143400 ) ;
#361 = EDGE_CURVE ( 'NONE', #2196, #306, #2774, .T. ) ;
#362 = ADVANCED_FACE ( 'NONE', ( #1671 ), #2268, .F. ) ;
#363 = ORIENTED_EDGE ( 'NONE', *, *, #340, .T. ) ;
#364 = CARTESIAN_POINT ( 'NONE',  ( 0.0000000000000000000, 4.453933982822017700, -5.003101706166091000 ) ) ;
#365 = DIRECTION ( 'NONE',  ( 0.0000000000000000000, -1.000000000000000000, 0.0000000000000000000 ) ) ;
#366 = ORIENTED_EDGE ( 'NONE', *, *, #2819, .F. ) ;
#367 = CARTESIAN_POINT ( 'NONE',  ( -4.385604436856193700, 4.559999999999998700, 3.679959065455384400 ) ) ;
#368 = DIRECTION ( 'NONE',  ( -1.000000000000000000, 0.0000000000000000000, 0.0000000000000000000 ) ) ;
#369 = ORIENTED_EDGE ( 'NONE', *, *, #2069, .T. ) ;
#370 = EDGE_LOOP ( 'NONE', ( #771, #1566, #3223, #2610 ) ) ;
#371 = CIRCLE ( 'NONE', #1123, 0.1499999999999999700 ) ;
#372 = AXIS2_PLACEMENT_3D ( 'NONE', #354, #54, #1067 ) ;
#373 = ADVANCED_FACE ( 'NONE', ( #1826 ), #2893, .T. ) ;
#374 = CARTESIAN_POINT ( 'NONE',  ( 0.0000000000000000000, 0.2900000000000003100, 0.0000000000000000000 ) ) ;
#375 = ORIENTED_EDGE ( 'NONE', *, *, #2337, .T. ) ;
#376 = CIRCLE ( 'NONE', #1530, 3.750000000000000000 ) ;
#377 = CARTESIAN_POINT ( 'NONE',  ( 0.0000000000000000000, 0.0000000000000000000, 0.0000000000000000000 ) ) ;
#378 = CARTESIAN_POINT ( 'NONE',  ( -4.270697770388345300, 0.4400000000000011700, 3.583540924002404500 ) ) ;
#379 = CARTESIAN_POINT ( 'NONE',  ( 0.0000000000000000000, 4.559999999999998700, 0.0000000000000000000 ) ) ;
#380 = ORIENTED_EDGE ( 'NONE', *, *, #382, .F. ) ;
#381 = ADVANCED_FACE ( 'NONE', ( #2519 ), #238, .T. ) ;
#382 = EDGE_CURVE ( 'NONE', #935, #3025, #554, .T. ) ;
#383 = ORIENTED_EDGE ( 'NONE', *, *, #1741, .T. ) ;
#384 = PERSON_AND_ORGANIZATION ( #215, #607 ) ;
#385 = VERTEX_POINT ( 'NONE', #1358 ) ;
#386 = AXIS2_PLACEMENT_3D ( 'NONE', #2079, #804, #78 ) ;
#387 = DIRECTION ( 'NONE',  ( -0.0000000000000000000, -0.0000000000000000000, -1.000000000000000000 ) ) ;
#388 = AXIS2_PLACEMENT_3D ( 'NONE', #528, #2307, #1283 ) ;
#389 = DIRECTION ( 'NONE',  ( -0.0000000000000000000, -1.000000000000000000, -0.0000000000000000000 ) ) ;
#390 = DIRECTION ( 'NONE',  ( -1.000000000000000000, 0.0000000000000000000, 0.0000000000000000000 ) ) ;
#391 = ADVANCED_FACE ( 'NONE', ( #2185 ), #1589, .T. ) ;
#392 = CYLINDRICAL_SURFACE ( 'NONE', #792, 15.75000000000000000 ) ;
#393 = DIRECTION ( 'NONE',  ( 8.659560562355084500E-017, 0.7071067811865352500, -0.7071067811865597900 ) ) ;
#394 = LINE ( 'NONE', #559, #1191 ) ;
#395 = CARTESIAN_POINT ( 'NONE',  ( 0.0000000000000000000, 0.5900000000000003000, 0.0000000000000000000 ) ) ;
#396 = CARTESIAN_POINT ( 'NONE',  ( 0.0000000000000000000, 0.4400000000000011700, 0.0000000000000000000 ) ) ;
#397 = AXIS2_PLACEMENT_3D ( 'NONE', #3244, #175, #1686 ) ;
#398 = PRODUCT_DEFINITION ( 'UNKNOWN', '', #1419, #1677 ) ;
#399 = CIRCLE ( 'NONE', #1961, 7.000000000000000900 ) ;
#400 = DIRECTION ( 'NONE',  ( 0.0000000000000000000, 0.0000000000000000000, -1.000000000000000000 ) ) ;
#401 = ORIENTED_EDGE ( 'NONE', *, *, #2039, .T. ) ;
#402 = DATE_TIME_ROLE ( 'classification_date' ) ;
#403 = FACE_BOUND ( 'NONE', #1575, .T. ) ;
#404 = DIRECTION ( 'NONE',  ( 0.0000000000000000000, -0.0000000000000000000, 1.000000000000000000 ) ) ;
#405 = CARTESIAN_POINT ( 'NONE',  ( 0.0000000000000000000, 4.830000000000001800, 3.919999999999999900 ) ) ;
#406 = EDGE_CURVE ( 'NONE', #446, #1005, #1506, .T. ) ;
#407 = ORIENTED_EDGE ( 'NONE', *, *, #70, .T. ) ;
#408 = AXIS2_PLACEMENT_3D ( 'NONE', #2375, #872, #2641 ) ;
#409 = DIRECTION ( 'NONE',  ( 1.000000000000000000, -0.0000000000000000000, 1.224646799147353200E-016 ) ) ;
#410 = ORIENTED_EDGE ( 'NONE', *, *, #2009, .F. ) ;
#411 = DATE_TIME_ROLE ( 'classification_date' ) ;
#412 = EDGE_CURVE ( 'NONE', #2748, #1032, #3017, .T. ) ;
#413 = VERTEX_POINT ( 'NONE', #140 ) ;
#414 = SHAPE_REPRESENTATION_RELATIONSHIP ( 'NONE' , 'NONE' ,  #478, #2597 ) ;
#415 = DIRECTION ( 'NONE',  ( 0.0000000000000000000, 0.0000000000000000000, 1.000000000000000000 ) ) ;
#416 = DIRECTION ( 'NONE',  ( 8.659560562354978500E-017, -0.7071067811865440200, 0.7071067811865511300 ) ) ;
#417 = ORIENTED_EDGE ( 'NONE', *, *, #2300, .T. ) ;
#418 = CIRCLE ( 'NONE', #800, 2.150000000000000800 ) ;
#419 = CARTESIAN_POINT ( 'NONE',  ( 0.0000000000000000000, 5.000000000000000000, -3.750000000000000000 ) ) ;
#420 = ORIENTED_EDGE ( 'NONE', *, *, #1890, .F. ) ;
#421 = LOCAL_TIME ( 15, 24, 33.00000000000000000, #2368 ) ;
#422 = PERSON_AND_ORGANIZATION_ROLE ( 'creator' ) ;
#423 = VERTEX_POINT ( 'NONE', #1941 ) ;
#424 = DIRECTION ( 'NONE',  ( 0.0000000000000000000, 0.0000000000000000000, 1.000000000000000000 ) ) ;
#425 = CARTESIAN_POINT ( 'NONE',  ( 0.0000000000000000000, 0.4000000000000036300, 7.000000000000000000 ) ) ;
#426 = ADVANCED_FACE ( 'NONE', ( #1629 ), #2234, .T. ) ;
#427 = CC_DESIGN_SECURITY_CLASSIFICATION ( #2120, ( #3334 ) ) ;
#428 = ORIENTED_EDGE ( 'NONE', *, *, #1309, .T. ) ;
#429 = APPROVAL_STATUS ( 'not_yet_approved' ) ;
#430 = EDGE_CURVE ( 'NONE', #2391, #1156, #360, .T. ) ;
#431 = ADVANCED_BREP_SHAPE_REPRESENTATION ( '', ( #3205, #1279 ), #2518 ) ;
#432 = ORIENTED_EDGE ( 'NONE', *, *, #3075, .T. ) ;
#433 = VECTOR ( 'NONE', #1303, 1000.000000000000000 ) ;
#434 = EDGE_CURVE ( 'NONE', #1998, #3264, #1383, .T. ) ;
#435 = LINE ( 'NONE', #1891, #1623 ) ;
#436 = FACE_OUTER_BOUND ( 'NONE', #241, .T. ) ;
#437 = CARTESIAN_POINT ( 'NONE',  ( 0.0000000000000000000, 4.710000000000000000, 0.0000000000000000000 ) ) ;
#438 = CIRCLE ( 'NONE', #618, 5.725000000000007600 ) ;
#439 = ADVANCED_FACE ( 'NONE', ( #120 ), #1946, .F. ) ;
#440 = ORIENTED_EDGE ( 'NONE', *, *, #1454, .F. ) ;
#441 = APPROVAL ( #2465, 'UNSPECIFIED' ) ;
#442 = ORIENTED_EDGE ( 'NONE', *, *, #3155, .F. ) ;
#443 = DIRECTION ( 'NONE',  ( 0.0000000000000000000, 0.0000000000000000000, 1.000000000000000000 ) ) ;
#444 = CARTESIAN_POINT ( 'NONE',  ( 0.0000000000000000000, 0.0000000000000000000, 0.0000000000000000000 ) ) ;
#445 = CARTESIAN_POINT ( 'NONE',  ( 4.800615452657624800E-016, 4.455999999999999500, -3.919999999999999900 ) ) ;
#446 = VERTEX_POINT ( 'NONE', #190 ) ;
#447 = CARTESIAN_POINT ( 'NONE',  ( 0.0000000000000000000, 4.410000000000000100, 0.0000000000000000000 ) ) ;
#448 = EDGE_CURVE ( 'NONE', #46, #2391, #2477, .T. ) ;
#449 = ORIENTED_EDGE ( 'NONE', *, *, #3281, .F. ) ;
#450 = LINE ( 'NONE', #3169, #91 ) ;
#451 = DIRECTION ( 'NONE',  ( 0.0000000000000000000, -1.000000000000000000, 0.0000000000000000000 ) ) ;
#452 = AXIS2_PLACEMENT_3D ( 'NONE', #2469, #3249, #930 ) ;
#453 = ORIENTED_EDGE ( 'NONE', *, *, #104, .T. ) ;
#454 = VECTOR ( 'NONE', #1057, 999.9999999999998900 ) ;
#455 = APPROVAL_PERSON_ORGANIZATION ( #2204, #441, #913 ) ;
#456 = DIRECTION ( 'NONE',  ( -0.0000000000000000000, 1.000000000000000000, -0.0000000000000000000 ) ) ;
#457 = CARTESIAN_POINT ( 'NONE',  ( 0.0000000000000000000, 5.000000000000000000, 0.0000000000000000000 ) ) ;
#458 = ORIENTED_EDGE ( 'NONE', *, *, #1195, .T. ) ;
#459 = CIRCLE ( 'NONE', #2032, 5.875000000000000900 ) ;
#460 = CARTESIAN_POINT ( 'NONE',  ( 0.0000000000000000000, 0.4400000000000011700, 0.0000000000000000000 ) ) ;
#461 = ADVANCED_FACE ( 'NONE', ( #2514 ), #788, .T. ) ;
#462 = ORIENTED_EDGE ( 'NONE', *, *, #3250, .T. ) ;
#463 = CARTESIAN_POINT ( 'NONE',  ( 0.0000000000000000000, 0.0000000000000000000, 0.0000000000000000000 ) ) ;
#464 = AXIS2_PLACEMENT_3D ( 'NONE', #2011, #797, #1052 ) ;
#465 = ORIENTED_EDGE ( 'NONE', *, *, #1788, .F. ) ;
#466 = DATE_AND_TIME ( #1132, #499 ) ;
#467 = ORIENTED_EDGE ( 'NONE', *, *, #1601, .T. ) ;
#468 = DIRECTION ( 'NONE',  ( -0.0000000000000000000, -1.000000000000000000, -0.0000000000000000000 ) ) ;
#469 = DIRECTION ( 'NONE',  ( 0.0000000000000000000, 0.0000000000000000000, -1.000000000000000000 ) ) ;
#470 = FACE_OUTER_BOUND ( 'NONE', #1510, .T. ) ;
#471 = AXIS2_PLACEMENT_3D ( 'NONE', #157, #933, #1935 ) ;
#472 = CYLINDRICAL_SURFACE ( 'NONE', #3284, 7.974999999999999600 ) ;
#473 = EDGE_CURVE ( 'NONE', #2502, #3264, #2930, .T. ) ;
#474 = TOROIDAL_SURFACE ( 'NONE', #2080, 5.109167723344073800, 0.1499999999999999900 ) ;
#475 = AXIS2_PLACEMENT_3D ( 'NONE', #2163, #1113, #1660 ) ;
#476 = CARTESIAN_POINT ( 'NONE',  ( -4.270697770388345300, 4.559999999999998700, 3.583540924002404500 ) ) ;
#477 = VECTOR ( 'NONE', #927, 1000.000000000000000 ) ;
#478 = SHAPE_REPRESENTATION ( '1601-0014-0004', ( #1279 ), #2695 ) ;
#479 = CARTESIAN_POINT ( 'NONE',  ( -5.724999999999999600, 4.559999999999998700, 0.0000000000000000000 ) ) ;
#480 = VERTEX_POINT ( 'NONE', #445 ) ;
#481 = VERTEX_POINT ( 'NONE', #1703 ) ;
#482 = DIRECTION ( 'NONE',  ( 0.0000000000000000000, 1.000000000000000000, 0.0000000000000000000 ) ) ;
#483 = EDGE_CURVE ( 'NONE', #855, #2060, #1222, .T. ) ;
#484 = ORIENTED_EDGE ( 'NONE', *, *, #3155, .T. ) ;
#485 = DIRECTION ( 'NONE',  ( 0.0000000000000000000, 0.0000000000000000000, -1.000000000000000000 ) ) ;
#486 = VERTEX_POINT ( 'NONE', #1159 ) ;
#487 = DIRECTION ( 'NONE',  ( -0.0000000000000000000, 0.0000000000000000000, 1.000000000000000000 ) ) ;
#488 = DIRECTION ( 'NONE',  ( -1.000000000000000000, -0.0000000000000000000, -0.0000000000000000000 ) ) ;
#489 = AXIS2_PLACEMENT_3D ( 'NONE', #2885, #2355, #1099 ) ;
#490 = ORIENTED_EDGE ( 'NONE', *, *, #1083, .F. ) ;
#491 = CIRCLE ( 'NONE', #65, 5.875000000000000900 ) ;
#492 = DIRECTION ( 'NONE',  ( -1.224646799147353200E-016, 1.000000000000000000, 0.0000000000000000000 ) ) ;
#493 = AXIS2_PLACEMENT_3D ( 'NONE', #3253, #1451, #2472 ) ;
#494 = ORIENTED_EDGE ( 'NONE', *, *, #2175, .T. ) ;
#495 = APPROVAL_PERSON_ORGANIZATION ( #1166, #1858, #668 ) ;
#496 = CARTESIAN_POINT ( 'NONE',  ( 0.0000000000000000000, 0.5460660171779808700, 0.0000000000000000000 ) ) ;
#497 = ORIENTED_EDGE ( 'NONE', *, *, #1952, .T. ) ;
#498 = DIRECTION ( 'NONE',  ( 0.0000000000000000000, 1.000000000000000000, 0.0000000000000000000 ) ) ;
#499 = LOCAL_TIME ( 15, 24, 33.00000000000000000, #3317 ) ;
#500 = EDGE_LOOP ( 'NONE', ( #1571, #2486, #2753, #1748 ) ) ;
#501 = DIRECTION ( 'NONE',  ( 0.0000000000000000000, 1.000000000000000000, 0.0000000000000000000 ) ) ;
#502 = CARTESIAN_POINT ( 'NONE',  ( 0.0000000000000000000, 0.4000000000000036300, 0.0000000000000000000 ) ) ;
#503 = CC_DESIGN_PERSON_AND_ORGANIZATION_ASSIGNMENT ( #2749, #164, ( #1241 ) ) ;
#504 = TOROIDAL_SURFACE ( 'NONE', #185, 4.684903654632143400, 0.1499999999999999900 ) ;
#505 = DESIGN_CONTEXT ( 'detailed design', #1177, 'design' ) ;
#506 = LINE ( 'NONE', #2087, #148 ) ;
#507 = DIRECTION ( 'NONE',  ( -0.0000000000000000000, -0.0000000000000000000, -1.000000000000000000 ) ) ;
#508 = EDGE_CURVE ( 'NONE', #2242, #3, #3167, .T. ) ;
#509 = VECTOR ( 'NONE', #869, 1000.000000000000000 ) ;
#510 = AXIS2_PLACEMENT_3D ( 'NONE', #2273, #2262, #513 ) ;
#512 = FACE_BOUND ( 'NONE', #1563, .T. ) ;
#511 = DIRECTION ( 'NONE',  ( -0.0000000000000000000, -1.000000000000000000, -0.0000000000000000000 ) ) ;
#513 = DIRECTION ( 'NONE',  ( 0.0000000000000000000, 0.0000000000000000000, 1.000000000000000000 ) ) ;
#514 = FACE_OUTER_BOUND ( 'NONE', #3214, .T. ) ;
#515 = EDGE_CURVE ( 'NONE', #1091, #86, #2677, .T. ) ;
#516 = ORIENTED_EDGE ( 'NONE', *, *, #2576, .T. ) ;
#517 = CIRCLE ( 'NONE', #2781, 8.000000000000000000 ) ;
#518 = DIRECTION ( 'NONE',  ( -0.0000000000000000000, 1.000000000000000000, -0.0000000000000000000 ) ) ;
#519 = CARTESIAN_POINT ( 'NONE',  ( 9.644093543285412600E-016, 5.000000000000000000, 7.775000000000008300 ) ) ;
#520 = VERTEX_POINT ( 'NONE', #916 ) ;
#521 = AXIS2_PLACEMENT_3D ( 'NONE', #12, #1775, #2575 ) ;
#522 = DIRECTION ( 'NONE',  ( -0.7071067811865474600, 8.659560562354932900E-017, 0.7071067811865474600 ) ) ;
#523 = CARTESIAN_POINT ( 'NONE',  ( 0.0000000000000000000, 4.740192378864668900, 0.0000000000000000000 ) ) ;
#524 = ORIENTED_EDGE ( 'NONE', *, *, #547, .F. ) ;
#525 = EDGE_CURVE ( 'NONE', #928, #3277, #1897, .T. ) ;
#526 = ORIENTED_EDGE ( 'NONE', *, *, #1661, .F. ) ;
#527 = LINE ( 'NONE', #9, #3101 ) ;
#528 = CARTESIAN_POINT ( 'NONE',  ( -4.385604436856193700, 0.4400000000000011700, 3.679959065455384400 ) ) ;
#529 = DIRECTION ( 'NONE',  ( 0.0000000000000000000, 0.0000000000000000000, 1.000000000000000000 ) ) ;
#530 = ORIENTED_EDGE ( 'NONE', *, *, #2859, .T. ) ;
#531 = CALENDAR_DATE ( 2023, 4, 1 ) ;
#532 = DIRECTION ( 'NONE',  ( -0.0000000000000000000, 1.000000000000000000, -0.0000000000000000000 ) ) ;
#533 = EDGE_CURVE ( 'NONE', #760, #956, #2770, .T. ) ;
#534 = ORIENTED_EDGE ( 'NONE', *, *, #2528, .T. ) ;
#535 = CARTESIAN_POINT ( 'NONE',  ( 8.572527594031473200E-016, 0.4000000000000036300, 7.000000000000000000 ) ) ;
#536 = AXIS2_PLACEMENT_3D ( 'NONE', #1378, #2673, #1112 ) ;
#537 = ORIENTED_EDGE ( 'NONE', *, *, #2388, .T. ) ;
#538 = ITEM_DEFINED_TRANSFORMATION ( 'NONE', 'NONE', #1971,  #1279 ) ;
#539 = DIRECTION ( 'NONE',  ( 0.0000000000000000000, 0.0000000000000000000, 1.000000000000000000 ) ) ;
#540 = CARTESIAN_POINT ( 'NONE',  ( 0.0000000000000000000, 0.5440000000000003700, 0.0000000000000000000 ) ) ;
#541 = CARTESIAN_POINT ( 'NONE',  ( 0.0000000000000000000, 4.455999999999999500, 3.941926947736152700 ) ) ;
#542 = ORIENTED_EDGE ( 'NONE', *, *, #2708, .F. ) ;
#543 = CARTESIAN_POINT ( 'NONE',  ( 0.0000000000000000000, 4.710000000000000000, 0.0000000000000000000 ) ) ;
#544 = CARTESIAN_POINT ( 'NONE',  ( 0.0000000000000000000, 4.949999999999997500, 0.0000000000000000000 ) ) ;
#545 = FACE_OUTER_BOUND ( 'NONE', #1900, .T. ) ;
#546 = CC_DESIGN_APPROVAL ( #2791, ( #2255 ) ) ;
#547 = EDGE_CURVE ( 'NONE', #1875, #2944, #550, .T. ) ;
#548 = FACE_OUTER_BOUND ( 'NONE', #2858, .T. ) ;
#549 = CARTESIAN_POINT ( 'NONE',  ( 0.0000000000000000000, 0.5900000000000003000, 0.0000000000000000000 ) ) ;
#550 = CIRCLE ( 'NONE', #278, 7.000000000000000000 ) ;
#551 = AXIS2_PLACEMENT_3D ( 'NONE', #287, #553, #565 ) ;
#552 = ORIENTED_EDGE ( 'NONE', *, *, #448, .F. ) ;
#553 = DIRECTION ( 'NONE',  ( 0.6427876096865300400, 0.0000000000000000000, 0.7660444431189859000 ) ) ;
#554 = CIRCLE ( 'NONE', #2131, 0.1500000000000008300 ) ;
#555 = AXIS2_PLACEMENT_3D ( 'NONE', #3080, #783, #2579 ) ;
#556 = CARTESIAN_POINT ( 'NONE',  ( 0.0000000000000000000, 4.559999999999999600, 5.109167723344073800 ) ) ;
#557 = ORIENTED_EDGE ( 'NONE', *, *, #1619, .F. ) ;
#558 = CARTESIAN_POINT ( 'NONE',  ( 0.0000000000000000000, 0.2999999999999999900, 0.0000000000000000000 ) ) ;
#559 = CARTESIAN_POINT ( 'NONE',  ( 0.0000000000000000000, 0.05000000000000490200, -5.675000000000001600 ) ) ;
#560 = DIRECTION ( 'NONE',  ( -0.0000000000000000000, 1.000000000000000000, -0.0000000000000000000 ) ) ;
#561 = ORIENTED_EDGE ( 'NONE', *, *, #2484, .T. ) ;
#562 = AXIS2_PLACEMENT_3D ( 'NONE', #2705, #1664, #922 ) ;
#563 = CARTESIAN_POINT ( 'NONE',  ( 0.0000000000000000000, 0.0000000000000000000, -3.992179855667826500 ) ) ;
#564 = DIRECTION ( 'NONE',  ( -0.0000000000000000000, -0.0000000000000000000, -1.000000000000000000 ) ) ;
#565 = DIRECTION ( 'NONE',  ( 0.7660444431189859000, 0.0000000000000000000, -0.6427876096865300400 ) ) ;
#566 = APPROVAL ( #1938, 'UNSPECIFIED' ) ;
#567 = ORIENTED_EDGE ( 'NONE', *, *, #2594, .F. ) ;
#568 = FACE_OUTER_BOUND ( 'NONE', #3230, .T. ) ;
#569 = EDGE_LOOP ( 'NONE', ( #2509, #2681, #1987, #1108 ) ) ;
#570 = FACE_OUTER_BOUND ( 'NONE', #1037, .T. ) ;
#571 = DIRECTION ( 'NONE',  ( 0.0000000000000000000, 0.0000000000000000000, -1.000000000000000000 ) ) ;
#572 = AXIS2_PLACEMENT_3D ( 'NONE', #2301, #237, #991 ) ;
#573 = EDGE_LOOP ( 'NONE', ( #2232, #2395, #1317, #84 ) ) ;
#574 = COORDINATED_UNIVERSAL_TIME_OFFSET ( 6, 0, .BEHIND. ) ;
#575 = DIRECTION ( 'NONE',  ( 0.0000000000000000000, 0.0000000000000000000, 1.000000000000000000 ) ) ;
#576 = DIRECTION ( 'NONE',  ( -1.000000000000000000, 0.0000000000000000000, 0.0000000000000000000 ) ) ;
#577 = ORIENTED_EDGE ( 'NONE', *, *, #430, .F. ) ;
#578 = CARTESIAN_POINT ( 'NONE',  ( 0.0000000000000000000, 5.000000000000000000, 0.0000000000000000000 ) ) ;
#579 = ORIENTED_EDGE ( 'NONE', *, *, #3097, .T. ) ;
#580 = EDGE_CURVE ( 'NONE', #3077, #3129, #630, .T. ) ;
#581 = ORIENTED_EDGE ( 'NONE', *, *, #1252, .T. ) ;
#582 = CYLINDRICAL_SURFACE ( 'NONE', #3216, 5.875000000000000900 ) ;
#583 = DIRECTION ( 'NONE',  ( 0.0000000000000000000, 0.0000000000000000000, 1.000000000000000000 ) ) ;
#584 = CARTESIAN_POINT ( 'NONE',  ( 0.0000000000000000000, 4.100000000000000500, 0.0000000000000000000 ) ) ;
#585 = CIRCLE ( 'NONE', #2981, 5.675000000000000700 ) ;
#586 = CARTESIAN_POINT ( 'NONE',  ( 6.949870585161231700E-016, 0.2400000000000041000, 5.675000000000001600 ) ) ;
#587 = VECTOR ( 'NONE', #700, 1000.000000000000000 ) ;
#588 = FACE_OUTER_BOUND ( 'NONE', #3001, .T. ) ;
#589 = EDGE_CURVE ( 'NONE', #1479, #2835, #2017, .T. ) ;
#590 = VECTOR ( 'NONE', #3036, 1000.000000000000000 ) ;
#591 = CARTESIAN_POINT ( 'NONE',  ( 0.0000000000000000000, 4.949999999999997500, 0.0000000000000000000 ) ) ;
#592 = ORIENTED_EDGE ( 'NONE', *, *, #21, .F. ) ;
#593 = VERTEX_POINT ( 'NONE', #3023 ) ;
#594 = EDGE_CURVE ( 'NONE', #911, #1002, #1259, .T. ) ;
#595 = DIRECTION ( 'NONE',  ( 0.0000000000000000000, 0.0000000000000000000, -1.000000000000000000 ) ) ;
#596 = DIRECTION ( 'NONE',  ( 0.0000000000000000000, 0.7071067811865352500, 0.7071067811865597900 ) ) ;
#597 = ORIENTED_EDGE ( 'NONE', *, *, #515, .T. ) ;
#598 = AXIS2_PLACEMENT_3D ( 'NONE', #2149, #1879, #608 ) ;
#599 = DIRECTION ( 'NONE',  ( 0.0000000000000000000, 0.0000000000000000000, 1.000000000000000000 ) ) ;
#600 = EDGE_LOOP ( 'NONE', ( #1301, #617, #2209, #2903 ) ) ;
#601 = DIRECTION ( 'NONE',  ( 0.0000000000000000000, 0.0000000000000000000, 1.000000000000000000 ) ) ;
#602 = CIRCLE ( 'NONE', #1400, 0.1500000000000008300 ) ;
#603 = APPLICATION_CONTEXT ( 'configuration controlled 3d designs of mechanical parts and assemblies' ) ;
#604 = VERTEX_POINT ( 'NONE', #3309 ) ;
#605 = FACE_OUTER_BOUND ( 'NONE', #1280, .T. ) ;
#606 = DIRECTION ( 'NONE',  ( -0.0000000000000000000, -0.0000000000000000000, -1.000000000000000000 ) ) ;
#607 = ORGANIZATION ( 'UNSPECIFIED', 'UNSPECIFIED', '' ) ;
#608 = DIRECTION ( 'NONE',  ( 0.0000000000000000000, 0.0000000000000000000, 1.000000000000000000 ) ) ;
#609 = CARTESIAN_POINT ( 'NONE',  ( 0.0000000000000000000, 4.000000000000000000, 0.0000000000000000000 ) ) ;
#610 = CC_DESIGN_APPROVAL ( #2629, ( #3086 ) ) ;
#611 = ADVANCED_FACE ( 'NONE', ( #1104 ), #1859, .F. ) ;
#612 = ORIENTED_EDGE ( 'NONE', *, *, #2489, .F. ) ;
#613 = CIRCLE ( 'NONE', #2218, 15.75000000000000000 ) ;
#614 = VERTEX_POINT ( 'NONE', #2817 ) ;
#615 = DIRECTION ( 'NONE',  ( 0.0000000000000000000, 0.0000000000000000000, -1.000000000000000000 ) ) ;
#616 = AXIS2_PLACEMENT_3D ( 'NONE', #2887, #2103, #42 ) ;
#617 = ORIENTED_EDGE ( 'NONE', *, *, #1024, .F. ) ;
#618 = AXIS2_PLACEMENT_3D ( 'NONE', #2872, #3122, #1804 ) ;
#619 = APPROVAL_PERSON_ORGANIZATION ( #1281, #1950, #1679 ) ;
#620 = CARTESIAN_POINT ( 'NONE',  ( 8.125000000000003600, 0.0000000000000000000, 6.000000000000000900 ) ) ;
#621 = DIRECTION ( 'NONE',  ( 0.0000000000000000000, 0.0000000000000000000, 1.000000000000000000 ) ) ;
#622 = VERTEX_POINT ( 'NONE', #739 ) ;
#623 = DIRECTION ( 'NONE',  ( 0.0000000000000000000, 1.000000000000000000, 0.0000000000000000000 ) ) ;
#624 = TOROIDAL_SURFACE ( 'NONE', #3002, 5.724999999999999600, 0.1500000000000008500 ) ;
#625 = ADVANCED_FACE ( 'NONE', ( #1781 ), #114, .F. ) ;
#626 = DIRECTION ( 'NONE',  ( 0.0000000000000000000, 0.0000000000000000000, -1.000000000000000000 ) ) ;
#627 = VECTOR ( 'NONE', #2426, 1000.000000000000000 ) ;
#628 = DIRECTION ( 'NONE',  ( -0.0000000000000000000, 1.000000000000000000, -0.0000000000000000000 ) ) ;
#629 = DIRECTION ( 'NONE',  ( 0.0000000000000000000, 1.000000000000000000, 0.0000000000000000000 ) ) ;
#630 = CIRCLE ( 'NONE', #44, 8.125000000000000000 ) ;
#631 = DIRECTION ( 'NONE',  ( 0.7660444431189859000, 0.0000000000000000000, -0.6427876096865300400 ) ) ;
#632 = VERTEX_POINT ( 'NONE', #2002 ) ;
#633 = VECTOR ( 'NONE', #596, 1000.000000000000000 ) ;
#634 = AXIS2_PLACEMENT_3D ( 'NONE', #755, #3084, #2834 ) ;
#635 = ADVANCED_FACE ( 'NONE', ( #3329 ), #474, .F. ) ;
#636 = ORIENTED_EDGE ( 'NONE', *, *, #70, .F. ) ;
#637 = DIRECTION ( 'NONE',  ( -0.7071067811865474600, 0.0000000000000000000, -0.7071067811865474600 ) ) ;
#638 = ORIENTED_EDGE ( 'NONE', *, *, #932, .T. ) ;
#639 = VERTEX_POINT ( 'NONE', #2012 ) ;
#640 = EDGE_CURVE ( 'NONE', #1347, #3277, #1543, .T. ) ;
#641 = PERSON_AND_ORGANIZATION_ROLE ( 'creator' ) ;
#642 = ORIENTED_EDGE ( 'NONE', *, *, #1680, .T. ) ;
#643 = ORIENTED_EDGE ( 'NONE', *, *, #915, .T. ) ;
#644 = CYLINDRICAL_SURFACE ( 'NONE', #2552, 7.000000000000000900 ) ;
#645 = AXIS2_PLACEMENT_3D ( 'NONE', #1519, #2168, #2298 ) ;
#646 = ORIENTED_EDGE ( 'NONE', *, *, #1768, .F. ) ;
#647 = FACE_OUTER_BOUND ( 'NONE', #1492, .T. ) ;
#648 = DIRECTION ( 'NONE',  ( 0.0000000000000000000, 1.000000000000000000, 0.0000000000000000000 ) ) ;
#649 = DIRECTION ( 'NONE',  ( -0.0000000000000000000, 1.000000000000000000, -0.0000000000000000000 ) ) ;
#650 = ORIENTED_EDGE ( 'NONE', *, *, #2097, .T. ) ;
#651 = APPROVAL_PERSON_ORGANIZATION ( #2118, #2813, #1696 ) ;
#652 = DIRECTION ( 'NONE',  ( 0.0000000000000000000, -1.000000000000000000, 0.0000000000000000000 ) ) ;
#653 = EDGE_CURVE ( 'NONE', #385, #288, #2639, .T. ) ;
#654 = CARTESIAN_POINT ( 'NONE',  ( 0.0000000000000000000, 0.4400000000000011700, 0.0000000000000000000 ) ) ;
#655 = ORIENTED_EDGE ( 'NONE', *, *, #2726, .T. ) ;
#656 = DIRECTION ( 'NONE',  ( 0.0000000000000000000, 0.0000000000000000000, 1.000000000000000000 ) ) ;
#657 = APPROVAL_DATE_TIME ( #1572, #2362 ) ;
#658 = ORIENTED_EDGE ( 'NONE', *, *, #3075, .F. ) ;
#659 = DIRECTION ( 'NONE',  ( 0.0000000000000000000, 0.0000000000000000000, 1.000000000000000000 ) ) ;
#660 = AXIS2_PLACEMENT_3D ( 'NONE', #751, #507, #274 ) ;
#661 = APPLICATION_CONTEXT ( 'configuration controlled 3d designs of mechanical parts and assemblies' ) ;
#662 = LINE ( 'NONE', #1596, #741 ) ;
#663 = AXIS2_PLACEMENT_3D ( 'NONE', #2821, #1220, #960 ) ;
#664 = PRODUCT_DEFINITION_SHAPE ( 'NONE', 'NONE',  #398 ) ;
#665 = DIRECTION ( 'NONE',  ( 0.7660444431189859000, 0.0000000000000000000, -0.6427876096865300400 ) ) ;
#666 = DIRECTION ( 'NONE',  ( 0.0000000000000000000, 0.0000000000000000000, 1.000000000000000000 ) ) ;
#667 = DIRECTION ( 'NONE',  ( 0.0000000000000000000, 1.000000000000000000, 0.0000000000000000000 ) ) ;
#668 = APPROVAL_ROLE ( '' ) ;
#669 = CIRCLE ( 'NONE', #1066, 7.775000000000008300 ) ;
#670 = DIRECTION ( 'NONE',  ( 0.0000000000000000000, 1.000000000000000000, 0.0000000000000000000 ) ) ;
#671 = DIRECTION ( 'NONE',  ( -1.000000000000000000, 0.0000000000000000000, 0.0000000000000000000 ) ) ;
#672 = LINE ( 'NONE', #2418, #627 ) ;
#673 = ADVANCED_FACE ( 'NONE', ( #2052 ), #715, .T. ) ;
#674 = CIRCLE ( 'NONE', #1672, 3.941926947736152700 ) ;
#675 = CARTESIAN_POINT ( 'NONE',  ( 0.0000000000000000000, 0.4400000000000011700, 0.0000000000000000000 ) ) ;
#676 = APPLICATION_PROTOCOL_DEFINITION ( 'international standard', 'config_control_design', 1994, #2980 ) ;
#677 = CC_DESIGN_PERSON_AND_ORGANIZATION_ASSIGNMENT ( #2075, #2444, ( #1419 ) ) ;
#678 = DIRECTION ( 'NONE',  ( 0.0000000000000000000, 0.7071067811865507900, 0.7071067811865441300 ) ) ;
#679 = ORIENTED_EDGE ( 'NONE', *, *, #2175, .F. ) ;
#680 = APPLICATION_PROTOCOL_DEFINITION ( 'international standard', 'config_control_design', 1994, #351 ) ;
#681 = DIRECTION ( 'NONE',  ( 0.0000000000000000000, 0.0000000000000000000, 1.000000000000000000 ) ) ;
#682 = DIRECTION ( 'NONE',  ( 0.0000000000000000000, 0.0000000000000000000, -1.000000000000000000 ) ) ;
#683 = ORIENTED_EDGE ( 'NONE', *, *, #2489, .T. ) ;
#684 = DIRECTION ( 'NONE',  ( 1.000000000000000000, -0.0000000000000000000, 1.224646799147353200E-016 ) ) ;
#685 = ORIENTED_EDGE ( 'NONE', *, *, #745, .F. ) ;
#686 = EDGE_CURVE ( 'NONE', #2304, #1297, #1823, .T. ) ;
#687 = ORIENTED_EDGE ( 'NONE', *, *, #759, .F. ) ;
#688 = DIRECTION ( 'NONE',  ( 0.0000000000000000000, 0.0000000000000000000, 1.000000000000000000 ) ) ;
#689 = DIRECTION ( 'NONE',  ( -1.000000000000000000, 0.0000000000000000000, 0.0000000000000000000 ) ) ;
#690 = DATE_TIME_ROLE ( 'creation_date' ) ;
#691 = ORIENTED_EDGE ( 'NONE', *, *, #2056, .F. ) ;
#692 = FACE_OUTER_BOUND ( 'NONE', #847, .T. ) ;
#693 = CARTESIAN_POINT ( 'NONE',  ( -8.000000000000000000, 0.0000000000000000000, 0.0000000000000000000 ) ) ;
#694 = CARTESIAN_POINT ( 'NONE',  ( 0.0000000000000000000, 4.949999999999997500, 0.0000000000000000000 ) ) ;
#695 = ORIENTED_EDGE ( 'NONE', *, *, #1285, .T. ) ;
#696 = DATE_AND_TIME ( #1361, #887 ) ;
#697 = AXIS2_PLACEMENT_3D ( 'NONE', #2135, #3168, #1637 ) ;
#698 = CARTESIAN_POINT ( 'NONE',  ( 0.0000000000000000000, 4.710000000000000000, 0.0000000000000000000 ) ) ;
#699 = ORIENTED_EDGE ( 'NONE', *, *, #2888, .T. ) ;
#700 = DIRECTION ( 'NONE',  ( 8.659560562354857700E-017, 0.7071067811865536800, -0.7071067811865414700 ) ) ;
#701 = CARTESIAN_POINT ( 'NONE',  ( -15.75000000000000000, 0.0000000000000000000, 5.874999999999993800 ) ) ;
#702 = DIRECTION ( 'NONE',  ( -0.0000000000000000000, -1.000000000000000000, -0.0000000000000000000 ) ) ;
#703 = ORIENTED_EDGE ( 'NONE', *, *, #2588, .F. ) ;
#704 = PERSON_AND_ORGANIZATION ( #706, #894 ) ;
#705 = VERTEX_POINT ( 'NONE', #1245 ) ;
#706 = PERSON ( 'NAUO-PER1', 'UNSPECIFIED', 'UNSPECIFIED', ('UNSPECIFIED'), ('UNSPECIFIED'), ('UNSPECIFIED') ) ;
#707 = DIRECTION ( 'NONE',  ( 0.0000000000000000000, 0.0000000000000000000, -1.000000000000000000 ) ) ;
#708 = CIRCLE ( 'NONE', #2810, 4.790969671810127100 ) ;
#709 = EDGE_CURVE ( 'NONE', #593, #2603, #35, .T. ) ;
#710 = EDGE_CURVE ( 'NONE', #2328, #2155, #197, .T. ) ;
#711 = CONICAL_SURFACE ( 'NONE', #3191, 5.047035688988110300, 0.7853981633974437300 ) ;
#712 = DIRECTION ( 'NONE',  ( 0.0000000000000000000, 1.000000000000000000, 0.0000000000000000000 ) ) ;
#713 = AXIS2_PLACEMENT_3D ( 'NONE', #1851, #816, #312 ) ;
#715 = CYLINDRICAL_SURFACE ( 'NONE', #2683, 7.000000000000000000 ) ;
#714 = DIRECTION ( 'NONE',  ( 0.0000000000000000000, 1.000000000000000000, 0.0000000000000000000 ) ) ;
#716 = ORIENTED_EDGE ( 'NONE', *, *, #2902, .T. ) ;
#717 = CIRCLE ( 'NONE', #1622, 8.000000000000000000 ) ;
#718 = EDGE_CURVE ( 'NONE', #306, #288, #2230, .T. ) ;
#719 = DIRECTION ( 'NONE',  ( 0.0000000000000000000, 1.000000000000000000, 0.0000000000000000000 ) ) ;
#720 = DIRECTION ( 'NONE',  ( 0.0000000000000000000, 0.0000000000000000000, 1.000000000000000000 ) ) ;
#721 = ORIENTED_EDGE ( 'NONE', *, *, #2997, .T. ) ;
#722 = ORIENTED_EDGE ( 'NONE', *, *, #3116, .T. ) ;
#723 = CARTESIAN_POINT ( 'NONE',  ( -15.75000000000000000, 0.0000000000000000000, 0.0000000000000000000 ) ) ;
#724 = AXIS2_PLACEMENT_3D ( 'NONE', #309, #2073, #2614 ) ;
#725 = ORIENTED_EDGE ( 'NONE', *, *, #3276, .T. ) ;
#726 = CYLINDRICAL_SURFACE ( 'NONE', #1489, 8.000000000000000000 ) ;
#727 = DIRECTION ( 'NONE',  ( 0.0000000000000000000, 0.0000000000000000000, 1.000000000000000000 ) ) ;
#728 = EDGE_LOOP ( 'NONE', ( #363, #301 ) ) ;
#729 = CIRCLE ( 'NONE', #846, 3.919999999999999900 ) ;
#730 = ORIENTED_EDGE ( 'NONE', *, *, #640, .F. ) ;
#731 = DATE_AND_TIME ( #3311, #221 ) ;
#732 = AXIS2_PLACEMENT_3D ( 'NONE', #1194, #3029, #3040 ) ;
#733 = EDGE_LOOP ( 'NONE', ( #2690, #2651, #3150, #2491 ) ) ;
#734 = PLANE ( 'NONE',  #742 ) ;
#735 = CC_DESIGN_SECURITY_CLASSIFICATION ( #1241, ( #2382 ) ) ;
#736 = CALENDAR_DATE ( 2023, 4, 1 ) ;
#737 = ORIENTED_EDGE ( 'NONE', *, *, #1211, .F. ) ;
#738 = CARTESIAN_POINT ( 'NONE',  ( 2.632990618166812700E-016, 0.0000000000000000000, 2.150000000000002600 ) ) ;
#739 = CARTESIAN_POINT ( 'NONE',  ( 0.0000000000000000000, 0.0000000000000000000, 3.749999999999996400 ) ) ;
#740 = EDGE_CURVE ( 'NONE', #1513, #2018, #1624, .T. ) ;
#741 = VECTOR ( 'NONE', #1168, 1000.000000000000000 ) ;
#742 = AXIS2_PLACEMENT_3D ( 'NONE', #2845, #279, #1278 ) ;
#743 = CIRCLE ( 'NONE', #1240, 5.574999999999999300 ) ;
#744 = DIRECTION ( 'NONE',  ( -0.0000000000000000000, -1.000000000000000000, -0.0000000000000000000 ) ) ;
#745 = EDGE_CURVE ( 'NONE', #3310, #245, #1980, .T. ) ;
#746 = VECTOR ( 'NONE', #2493, 999.9999999999998900 ) ;
#747 = FACE_OUTER_BOUND ( 'NONE', #876, .T. ) ;
#748 = DIRECTION ( 'NONE',  ( 1.000000000000000000, 0.0000000000000000000, 0.0000000000000000000 ) ) ;
#749 = DIRECTION ( 'NONE',  ( 0.0000000000000000000, 0.0000000000000000000, -1.000000000000000000 ) ) ;
#750 = ORIENTED_EDGE ( 'NONE', *, *, #2417, .F. ) ;
#751 = CARTESIAN_POINT ( 'NONE',  ( 0.0000000000000000000, 0.0000000000000000000, 0.0000000000000000000 ) ) ;
#752 = VECTOR ( 'NONE', #1932, 1000.000000000000000 ) ;
#753 = AXIS2_PLACEMENT_3D ( 'NONE', #367, #2138, #665 ) ;
#754 = ORIENTED_EDGE ( 'NONE', *, *, #3163, .F. ) ;
#755 = CARTESIAN_POINT ( 'NONE',  ( 0.0000000000000000000, 4.830000000000001800, 0.0000000000000000000 ) ) ;
#756 = CARTESIAN_POINT ( 'NONE',  ( 4.800615452657624800E-016, 0.2999999999999999900, 3.919999999999999900 ) ) ;
#757 = ORIENTED_EDGE ( 'NONE', *, *, #2197, .T. ) ;
#758 = CC_DESIGN_PERSON_AND_ORGANIZATION_ASSIGNMENT ( #2211, #2976, ( #2120 ) ) ;
#759 = EDGE_CURVE ( 'NONE', #1340, #1872, #438, .T. ) ;
#760 = VERTEX_POINT ( 'NONE', #2330 ) ;
#761 = DIRECTION ( 'NONE',  ( 0.0000000000000000000, 1.000000000000000000, 0.0000000000000000000 ) ) ;
#762 = DIRECTION ( 'NONE',  ( 0.0000000000000000000, 0.0000000000000000000, 1.000000000000000000 ) ) ;
#763 = VERTEX_POINT ( 'NONE', #2043 ) ;
#764 = CIRCLE ( 'NONE', #1977, 15.75000000000000000 ) ;
#765 = CARTESIAN_POINT ( 'NONE',  ( 0.0000000000000000000, 4.710000000000000000, 0.0000000000000000000 ) ) ;
#766 = DIRECTION ( 'NONE',  ( 0.0000000000000000000, 0.0000000000000000000, 1.000000000000000000 ) ) ;
#767 = EDGE_CURVE ( 'NONE', #2155, #2328, #2729, .T. ) ;
#768 = ORIENTED_EDGE ( 'NONE', *, *, #340, .F. ) ;
#769 = CIRCLE ( 'NONE', #1994, 0.1500000000000008300 ) ;
#770 = AXIS2_PLACEMENT_3D ( 'NONE', #2699, #629, #621 ) ;
#771 = ORIENTED_EDGE ( 'NONE', *, *, #2755, .F. ) ;
#772 = COORDINATED_UNIVERSAL_TIME_OFFSET ( 6, 0, .BEHIND. ) ;
#773 = VERTEX_POINT ( 'NONE', #27 ) ;
#774 = DIRECTION ( 'NONE',  ( 0.0000000000000000000, 0.0000000000000000000, 1.000000000000000000 ) ) ;
#775 = ADVANCED_FACE ( 'NONE', ( #3125 ), #2851, .F. ) ;
#776 = ORIENTED_EDGE ( 'NONE', *, *, #868, .T. ) ;
#777 = LOCAL_TIME ( 15, 24, 33.00000000000000000, #811 ) ;
#778 = DIRECTION ( 'NONE',  ( 0.0000000000000000000, 0.0000000000000000000, 1.000000000000000000 ) ) ;
#779 = AXIS2_PLACEMENT_3D ( 'NONE', #396, #1627, #106 ) ;
#780 = EDGE_LOOP ( 'NONE', ( #3100, #67, #490, #2787 ) ) ;
#781 = CIRCLE ( 'NONE', #2515, 0.1499999999999999700 ) ;
#782 = CARTESIAN_POINT ( 'NONE',  ( 0.0000000000000000000, 4.760000000000002500, 0.0000000000000000000 ) ) ;
#783 = DIRECTION ( 'NONE',  ( -0.0000000000000000000, 1.000000000000000000, -0.0000000000000000000 ) ) ;
#784 = FACE_OUTER_BOUND ( 'NONE', #3171, .T. ) ;
#785 = CARTESIAN_POINT ( 'NONE',  ( 16.00000000000000000, 1.959434878635765100E-015, 0.0000000000000000000 ) ) ;
#786 = CARTESIAN_POINT ( 'NONE',  ( -12.00000000000000000, 0.0000000000000000000, 4.898587196589412800E-016 ) ) ;
#787 = AXIS2_PLACEMENT_3D ( 'NONE', #950, #170, #671 ) ;
#788 = CONICAL_SURFACE ( 'NONE', #2059, 3.750000000000000000, 0.7853981633974533900 ) ;
#789 = FACE_OUTER_BOUND ( 'NONE', #3236, .T. ) ;
#790 = CARTESIAN_POINT ( 'NONE',  ( 0.0000000000000000000, 4.559999999999998700, 0.0000000000000000000 ) ) ;
#791 = ORIENTED_EDGE ( 'NONE', *, *, #83, .T. ) ;
#792 = AXIS2_PLACEMENT_3D ( 'NONE', #47, #294, #1026 ) ;
#793 = DIRECTION ( 'NONE',  ( 0.0000000000000000000, -1.000000000000000000, 0.0000000000000000000 ) ) ;
#794 = EDGE_LOOP ( 'NONE', ( #2539, #768, #1434, #2100 ) ) ;
#795 = ORIENTED_EDGE ( 'NONE', *, *, #192, .F. ) ;
#796 = EDGE_CURVE ( 'NONE', #832, #51, #3087, .T. ) ;
#797 = DIRECTION ( 'NONE',  ( 0.0000000000000000000, 1.000000000000000000, 0.0000000000000000000 ) ) ;
#798 = EDGE_LOOP ( 'NONE', ( #2520, #2624, #802, #1429 ) ) ;
#799 = CIRCLE ( 'NONE', #216, 5.875000000000000900 ) ;
#800 = AXIS2_PLACEMENT_3D ( 'NONE', #2313, #1086, #45 ) ;
#801 = MANIFOLD_SOLID_BREP ( 'Mirror3', #1914 ) ;
#802 = ORIENTED_EDGE ( 'NONE', *, *, #2300, .F. ) ;
#803 = FACE_BOUND ( 'NONE', #919, .T. ) ;
#804 = DIRECTION ( 'NONE',  ( -0.0000000000000000000, -0.0000000000000000000, -1.000000000000000000 ) ) ;
#805 = EDGE_CURVE ( 'NONE', #1170, #2037, #3257, .T. ) ;
#806 = VERTEX_POINT ( 'NONE', #519 ) ;
#807 = DATE_AND_TIME ( #2790, #1608 ) ;
#808 = DIRECTION ( 'NONE',  ( 0.0000000000000000000, -0.0000000000000000000, 1.000000000000000000 ) ) ;
#809 = EDGE_CURVE ( 'NONE', #2897, #892, #863, .T. ) ;
#810 = ORIENTED_EDGE ( 'NONE', *, *, #2551, .F. ) ;
#811 = COORDINATED_UNIVERSAL_TIME_OFFSET ( 6, 0, .BEHIND. ) ;
#812 = CARTESIAN_POINT ( 'NONE',  ( 0.0000000000000000000, 0.0000000000000000000, 0.0000000000000000000 ) ) ;
#813 = DIRECTION ( 'NONE',  ( 0.0000000000000000000, 1.000000000000000000, 0.0000000000000000000 ) ) ;
#814 = AXIS2_PLACEMENT_3D ( 'NONE', #1102, #2911, #825 ) ;
#815 = EDGE_LOOP ( 'NONE', ( #1209, #810 ) ) ;
#816 = DIRECTION ( 'NONE',  ( 0.0000000000000000000, 1.000000000000000000, -0.0000000000000000000 ) ) ;
#817 = DIRECTION ( 'NONE',  ( -0.0000000000000000000, 1.000000000000000000, -0.0000000000000000000 ) ) ;
#818 = CIRCLE ( 'NONE', #397, 8.125000000000000000 ) ;
#819 = CARTESIAN_POINT ( 'NONE',  ( 0.0000000000000000000, 0.5440000000000003700, 0.0000000000000000000 ) ) ;
#820 = EDGE_CURVE ( 'NONE', #2789, #1599, #2560, .T. ) ;
#821 = CIRCLE ( 'NONE', #1984, 5.675000000000001600 ) ;
#822 = LINE ( 'NONE', #3269, #746 ) ;
#823 = DIRECTION ( 'NONE',  ( -0.0000000000000000000, -0.0000000000000000000, -1.000000000000000000 ) ) ;
#824 = VECTOR ( 'NONE', #2229, 1000.000000000000000 ) ;
#825 = DIRECTION ( 'NONE',  ( 1.000000000000000000, 0.0000000000000000000, 0.0000000000000000000 ) ) ;
#826 = DIRECTION ( 'NONE',  ( 0.0000000000000000000, 0.0000000000000000000, 1.000000000000000000 ) ) ;
#827 = VECTOR ( 'NONE', #416, 999.9999999999998900 ) ;
#828 = AXIS2_PLACEMENT_3D ( 'NONE', #540, #2862, #762 ) ;
#829 = CARTESIAN_POINT ( 'NONE',  ( 0.0000000000000000000, 0.0000000000000000000, 6.000000000000000900 ) ) ;
#830 = ORIENTED_EDGE ( 'NONE', *, *, #1601, .F. ) ;
#831 = ORIENTED_EDGE ( 'NONE', *, *, #1957, .T. ) ;
#832 = VERTEX_POINT ( 'NONE', #1560 ) ;
#833 = CARTESIAN_POINT ( 'NONE',  ( 0.0000000000000000000, 0.0000000000000000000, 0.0000000000000000000 ) ) ;
#834 = CARTESIAN_POINT ( 'NONE',  ( 0.0000000000000000000, 4.000000000000000000, -7.300000000000000700 ) ) ;
#835 = CARTESIAN_POINT ( 'NONE',  ( 0.0000000000000000000, 0.2400000000000041000, 0.0000000000000000000 ) ) ;
#836 = ORIENTED_EDGE ( 'NONE', *, *, #3033, .T. ) ;
#837 = CARTESIAN_POINT ( 'NONE',  ( 0.0000000000000000000, 0.0000000000000000000, 0.0000000000000000000 ) ) ;
#838 = DIRECTION ( 'NONE',  ( 0.0000000000000000000, 1.000000000000000000, 0.0000000000000000000 ) ) ;
#839 = SECURITY_CLASSIFICATION ( '', '', #2190 ) ;
#840 = ADVANCED_FACE ( 'NONE', ( #1294 ), #1380, .T. ) ;
#841 = ORIENTED_EDGE ( 'NONE', *, *, #1711, .F. ) ;
#842 = DIRECTION ( 'NONE',  ( 0.0000000000000000000, 0.0000000000000000000, -1.000000000000000000 ) ) ;
#843 = ORIENTED_EDGE ( 'NONE', *, *, #883, .T. ) ;
#844 = CIRCLE ( 'NONE', #1828, 2.000000000000000000 ) ;
#845 = CALENDAR_DATE ( 2023, 4, 1 ) ;
#846 = AXIS2_PLACEMENT_3D ( 'NONE', #348, #3189, #2397 ) ;
#847 = EDGE_LOOP ( 'NONE', ( #2993, #260, #830, #658 ) ) ;
#848 = DATE_AND_TIME ( #2457, #1526 ) ;
#849 = DIRECTION ( 'NONE',  ( 1.000000000000000000, 0.0000000000000000000, 0.0000000000000000000 ) ) ;
#850 = EDGE_LOOP ( 'NONE', ( #1199, #1718, #2252, #2996 ) ) ;
#851 = EDGE_CURVE ( 'NONE', #1297, #1340, #394, .T. ) ;
#852 = DIRECTION ( 'NONE',  ( 0.0000000000000000000, 0.0000000000000000000, 1.000000000000000000 ) ) ;
#853 = VERTEX_POINT ( 'NONE', #3144 ) ;
#854 = ADVANCED_FACE ( 'NONE', ( #1338 ), #2387, .T. ) ;
#855 = VERTEX_POINT ( 'NONE', #1063 ) ;
#856 = CARTESIAN_POINT ( 'NONE',  ( 0.0000000000000000000, 0.4400000000000011700, 0.0000000000000000000 ) ) ;
#857 = APPLICATION_PROTOCOL_DEFINITION ( 'international standard', 'config_control_design', 1994, #603 ) ;
#858 = DIRECTION ( 'NONE',  ( 1.000000000000000000, 0.0000000000000000000, 1.224646799147353200E-016 ) ) ;
#859 = CONICAL_SURFACE ( 'NONE', #2112, 4.747035688988109600, 0.7853981633974468400 ) ;
#860 = CARTESIAN_POINT ( 'NONE',  ( 0.0000000000000000000, 0.2900000000000003100, 0.0000000000000000000 ) ) ;
#861 = CIRCLE ( 'NONE', #1476, 5.725000000000004100 ) ;
#862 = ADVANCED_FACE ( 'NONE', ( #514 ), #357, .F. ) ;
#863 = CIRCLE ( 'NONE', #1127, 5.675000000000000700 ) ;
#864 = DIRECTION ( 'NONE',  ( -1.000000000000000000, 0.0000000000000000000, 1.224646799147353200E-016 ) ) ;
#865 = CARTESIAN_POINT ( 'NONE',  ( 0.0000000000000000000, 4.410000000000000100, 0.0000000000000000000 ) ) ;
#866 = EDGE_LOOP ( 'NONE', ( #2617, #3054 ) ) ;
#867 = FACE_BOUND ( 'NONE', #987, .T. ) ;
#868 = EDGE_CURVE ( 'NONE', #2161, #2909, #3048, .T. ) ;
#869 = DIRECTION ( 'NONE',  ( -0.0000000000000000000, -1.000000000000000000, -0.0000000000000000000 ) ) ;
#870 = DIRECTION ( 'NONE',  ( -1.000000000000000000, 0.0000000000000000000, 0.0000000000000000000 ) ) ;
#871 = ADVANCED_FACE ( 'NONE', ( #1060 ), #2141, .T. ) ;
#872 = DIRECTION ( 'NONE',  ( 0.0000000000000000000, 1.000000000000000000, 0.0000000000000000000 ) ) ;
#873 = ORIENTED_EDGE ( 'NONE', *, *, #1024, .T. ) ;
#874 = AXIS2_PLACEMENT_3D ( 'NONE', #2358, #2115, #595 ) ;
#875 = CARTESIAN_POINT ( 'NONE',  ( 2.449293598294706400E-016, 4.740192378864668900, -2.000000000000000000 ) ) ;
#876 = EDGE_LOOP ( 'NONE', ( #1995, #2612 ) ) ;
#877 = CALENDAR_DATE ( 2023, 4, 1 ) ;
#878 =( LENGTH_UNIT ( ) NAMED_UNIT ( * ) SI_UNIT ( .MILLI., .METRE. ) );
#879 = ORIENTED_EDGE ( 'NONE', *, *, #2370, .T. ) ;
#880 = CIRCLE ( 'NONE', #1640, 3.941926947736152700 ) ;
#881 = DIRECTION ( 'NONE',  ( 0.0000000000000000000, 0.0000000000000000000, 1.000000000000000000 ) ) ;
#882 = CARTESIAN_POINT ( 'NONE',  ( 0.0000000000000000000, 0.3439339828220175900, 4.790969671810125300 ) ) ;
#883 = EDGE_CURVE ( 'NONE', #2130, #1813, #1470, .T. ) ;
#884 = ORIENTED_EDGE ( 'NONE', *, *, #123, .F. ) ;
#885 = FACE_OUTER_BOUND ( 'NONE', #1928, .T. ) ;
#886 = ORIENTED_EDGE ( 'NONE', *, *, #2030, .F. ) ;
#887 = LOCAL_TIME ( 15, 24, 33.00000000000000000, #772 ) ;
#888 = ADVANCED_FACE ( 'NONE', ( #1743 ), #275, .T. ) ;
#889 = SHAPE_REPRESENTATION ( '3600-0014-3212', ( #1279 ), #2518 ) ;
#890 = PLANE ( 'NONE',  #53 ) ;
#891 = AXIS2_PLACEMENT_3D ( 'NONE', #544, #1579, #826 ) ;
#892 = VERTEX_POINT ( 'NONE', #2366 ) ;
#893 = AXIS2_PLACEMENT_3D ( 'NONE', #584, #1316, #3134 ) ;
#894 = ORGANIZATION ( 'NAUO-ORG1', 'UNSPECIFIED', 'UNSPECIFIED' ) ;
#895 = DIRECTION ( 'NONE',  ( 0.0000000000000000000, 0.0000000000000000000, 1.000000000000000000 ) ) ;
#896 = PERSON_AND_ORGANIZATION_ROLE ( 'classification_officer' ) ;
#897 = PLANE ( 'NONE',  #2389 ) ;
#898 = LINE ( 'NONE', #1387, #1051 ) ;
#899 = FACE_OUTER_BOUND ( 'NONE', #780, .T. ) ;
#900 =( NAMED_UNIT ( * ) PLANE_ANGLE_UNIT ( ) SI_UNIT ( $, .RADIAN. ) );
#901 = AXIS2_PLACEMENT_3D ( 'NONE', #3061, #2296, #748 ) ;
#902 = DIRECTION ( 'NONE',  ( -0.0000000000000000000, 1.000000000000000000, -0.0000000000000000000 ) ) ;
#903 = DIRECTION ( 'NONE',  ( 1.000000000000000000, 0.0000000000000000000, -0.0000000000000000000 ) ) ;
#904 = FACE_OUTER_BOUND ( 'NONE', #23, .T. ) ;
#905 = PERSON_AND_ORGANIZATION_ROLE ( 'classification_officer' ) ;
#906 = ORIENTED_EDGE ( 'NONE', *, *, #1488, .T. ) ;
#908 = LINE ( 'NONE', #3210, #633 ) ;
#907 = CARTESIAN_POINT ( 'NONE',  ( 0.0000000000000000000, 0.5900000000000003000, -5.099167723344069500 ) ) ;
#909 = EDGE_CURVE ( 'NONE', #2944, #853, #945, .T. ) ;
#910 = AXIS2_PLACEMENT_3D ( 'NONE', #2082, #1845, #1568 ) ;
#911 = VERTEX_POINT ( 'NONE', #64 ) ;
#912 = CARTESIAN_POINT ( 'NONE',  ( 6.256925898700289000E-016, 4.559999999999999600, -5.109167723344073800 ) ) ;
#913 = APPROVAL_ROLE ( '' ) ;
#914 = ORIENTED_EDGE ( 'NONE', *, *, #2609, .T. ) ;
#915 = EDGE_CURVE ( 'NONE', #2122, #2357, #3014, .T. ) ;
#916 = CARTESIAN_POINT ( 'NONE',  ( 0.0000000000000000000, 0.0000000000000000000, 6.599999999999994300 ) ) ;
#917 = ADVANCED_FACE ( 'NONE', ( #2182 ), #50, .T. ) ;
#918 =( REPRESENTATION_RELATIONSHIP ('NONE','NONE', #1613, #889 ) REPRESENTATION_RELATIONSHIP_WITH_TRANSFORMATION ( #303 )SHAPE_REPRESENTATION_RELATIONSHIP( ) );
#919 = EDGE_LOOP ( 'NONE', ( #1983, #176 ) ) ;
#920 = ORIENTED_EDGE ( 'NONE', *, *, #2726, .F. ) ;
#921 = AXIS2_PLACEMENT_3D ( 'NONE', #77, #606, #1321 ) ;
#922 = DIRECTION ( 'NONE',  ( 1.000000000000000000, 0.0000000000000000000, 0.0000000000000000000 ) ) ;
#923 = FACE_OUTER_BOUND ( 'NONE', #798, .T. ) ;
#924 = APPROVAL_ROLE ( '' ) ;
#925 = PRODUCT_DEFINITION_SHAPE ( 'NONE', 'NONE',  #3333 ) ;
#926 = DIRECTION ( 'NONE',  ( 0.0000000000000000000, 0.0000000000000000000, -1.000000000000000000 ) ) ;
#927 = DIRECTION ( 'NONE',  ( -0.0000000000000000000, -0.0000000000000000000, -1.000000000000000000 ) ) ;
#928 = VERTEX_POINT ( 'NONE', #834 ) ;
#929 = LOCAL_TIME ( 15, 24, 33.00000000000000000, #1844 ) ;
#930 = DIRECTION ( 'NONE',  ( 0.0000000000000000000, 0.0000000000000000000, 1.000000000000000000 ) ) ;
#931 = APPROVAL_ROLE ( '' ) ;
#932 = EDGE_CURVE ( 'NONE', #2970, #2161, #1426, .T. ) ;
#933 = DIRECTION ( 'NONE',  ( -0.0000000000000000000, -0.0000000000000000000, -1.000000000000000000 ) ) ;
#934 = ORIENTED_EDGE ( 'NONE', *, *, #2128, .F. ) ;
#935 = VERTEX_POINT ( 'NONE', #1922 ) ;
#936 = AXIS2_PLACEMENT_3D ( 'NONE', #2160, #1406, #3185 ) ;
#937 = DIRECTION ( 'NONE',  ( 0.0000000000000000000, 1.000000000000000000, 0.0000000000000000000 ) ) ;
#938 = DIRECTION ( 'NONE',  ( -1.000000000000000000, 0.0000000000000000000, 0.0000000000000000000 ) ) ;
#939 = PERSON_AND_ORGANIZATION_ROLE ( 'design_supplier' ) ;
#940 = CIRCLE ( 'NONE', #963, 2.150000000000000800 ) ;
#941 = TOROIDAL_SURFACE ( 'NONE', #3124, 5.724999999999999600, 0.1500000000000008500 ) ;
#942 = VECTOR ( 'NONE', #2635, 1000.000000000000000 ) ;
#943 = DIRECTION ( 'NONE',  ( 1.000000000000000000, 0.0000000000000000000, 0.0000000000000000000 ) ) ;
#944 = AXIS2_PLACEMENT_3D ( 'NONE', #2969, #365, #2125 ) ;
#945 = LINE ( 'NONE', #2338, #942 ) ;
#946 = CARTESIAN_POINT ( 'NONE',  ( 0.0000000000000000000, 0.5900000000000003000, 0.0000000000000000000 ) ) ;
#947 = CARTESIAN_POINT ( 'NONE',  ( 0.0000000000000000000, 0.4400000000000002800, 0.0000000000000000000 ) ) ;
#948 = ADVANCED_FACE ( 'NONE', ( #2475 ), #1540, .F. ) ;
#949 = ORIENTED_EDGE ( 'NONE', *, *, #1101, .T. ) ;
#950 = CARTESIAN_POINT ( 'NONE',  ( 0.0000000000000000000, 0.0000000000000000000, -4.999999999999999100 ) ) ;
#951 = ORIENTED_EDGE ( 'NONE', *, *, #1570, .T. ) ;
#952 = AXIS2_PLACEMENT_3D ( 'NONE', #2606, #2092, #1333 ) ;
#953 = CARTESIAN_POINT ( 'NONE',  ( 0.0000000000000000000, 0.5900000000000003000, 0.0000000000000000000 ) ) ;
#954 = ORIENTED_EDGE ( 'NONE', *, *, #809, .T. ) ;
#955 = AXIS2_PLACEMENT_3D ( 'NONE', #247, #1469, #1765 ) ;
#956 = VERTEX_POINT ( 'NONE', #3225 ) ;
#957 = DIRECTION ( 'NONE',  ( 0.0000000000000000000, 0.0000000000000000000, 1.000000000000000000 ) ) ;
#958 = EDGE_LOOP ( 'NONE', ( #2194, #1107 ) ) ;
#959 = FACE_OUTER_BOUND ( 'NONE', #1455, .T. ) ;
#960 = DIRECTION ( 'NONE',  ( 1.000000000000000000, 0.0000000000000000000, 0.0000000000000000000 ) ) ;
#961 = ORIENTED_EDGE ( 'NONE', *, *, #1893, .F. ) ;
#962 = FACE_OUTER_BOUND ( 'NONE', #2280, .T. ) ;
#963 = AXIS2_PLACEMENT_3D ( 'NONE', #2329, #2611, #1545 ) ;
#964 = ADVANCED_FACE ( 'NONE', ( #747, #2386 ), #1463, .T. ) ;
#965 = ORIENTED_EDGE ( 'NONE', *, *, #2294, .T. ) ;
#966 = PERSON_AND_ORGANIZATION ( #215, #607 ) ;
#967 = CARTESIAN_POINT ( 'NONE',  ( 0.0000000000000000000, 4.559999999999999600, 0.0000000000000000000 ) ) ;
#968 = ORIENTED_EDGE ( 'NONE', *, *, #2, .F. ) ;
#969 = EDGE_CURVE ( 'NONE', #632, #2970, #2228, .T. ) ;
#970 = CALENDAR_DATE ( 2023, 4, 1 ) ;
#971 = AXIS2_PLACEMENT_3D ( 'NONE', #2336, #1553, #1035 ) ;
#972 = ORIENTED_EDGE ( 'NONE', *, *, #2902, .F. ) ;
#973 = CARTESIAN_POINT ( 'NONE',  ( 0.0000000000000000000, 4.666066017177981500, 0.0000000000000000000 ) ) ;
#974 = CIRCLE ( 'NONE', #1927, 5.724999999999997000 ) ;
#975 = EDGE_CURVE ( 'NONE', #892, #2897, #2725, .T. ) ;
#976 = AXIS2_PLACEMENT_3D ( 'NONE', #1458, #3270, #1713 ) ;
#977 = LINE ( 'NONE', #2984, #1501 ) ;
#978 = DIRECTION ( 'NONE',  ( 0.0000000000000000000, 0.0000000000000000000, -1.000000000000000000 ) ) ;
#979 = DIRECTION ( 'NONE',  ( -0.0000000000000000000, 1.000000000000000000, -0.0000000000000000000 ) ) ;
#981 = CIRCLE ( 'NONE', #2036, 5.109167723344073800 ) ;
#980 = DIRECTION ( 'NONE',  ( 0.0000000000000000000, 0.0000000000000000000, 1.000000000000000000 ) ) ;
#982 = EDGE_LOOP ( 'NONE', ( #2784, #873, #2526, #142 ) ) ;
#983 = FACE_OUTER_BOUND ( 'NONE', #1628, .T. ) ;
#984 = VERTEX_POINT ( 'NONE', #2460 ) ;
#985 = EDGE_CURVE ( 'NONE', #423, #2317, #76, .T. ) ;
#986 = CARTESIAN_POINT ( 'NONE',  ( 0.0000000000000000000, 4.455999999999999500, 0.0000000000000000000 ) ) ;
#987 = EDGE_LOOP ( 'NONE', ( #951, #949 ) ) ;
#988 = DIRECTION ( 'NONE',  ( 0.0000000000000000000, 0.0000000000000000000, 1.000000000000000000 ) ) ;
#989 = ORIENTED_EDGE ( 'NONE', *, *, #820, .F. ) ;
#990 = AXIS2_PLACEMENT_3D ( 'NONE', #2051, #1016, #2029 ) ;
#991 = DIRECTION ( 'NONE',  ( 0.0000000000000000000, 0.0000000000000000000, 1.000000000000000000 ) ) ;
#992 = AXIS2_PLACEMENT_3D ( 'NONE', #1728, #714, #1480 ) ;
#993 = ORIENTED_EDGE ( 'NONE', *, *, #883, .F. ) ;
#994 = LINE ( 'NONE', #541, #1720 ) ;
#995 = CARTESIAN_POINT ( 'NONE',  ( 0.0000000000000000000, 0.0000000000000000000, 0.0000000000000000000 ) ) ;
#996 = ORIENTED_EDGE ( 'NONE', *, *, #1847, .F. ) ;
#997 = LOCAL_TIME ( 15, 24, 33.00000000000000000, #1924 ) ;
#998 = DIRECTION ( 'NONE',  ( -0.0000000000000000000, -1.000000000000000000, -0.0000000000000000000 ) ) ;
#999 = CARTESIAN_POINT ( 'NONE',  ( -7.011102925118597500E-016, 0.4400000000000011700, -5.724999999999999600 ) ) ;
#1000 = ORIENTED_EDGE ( 'NONE', *, *, #2528, .F. ) ;
#1001 = COORDINATED_UNIVERSAL_TIME_OFFSET ( 6, 0, .BEHIND. ) ;
#1002 = VERTEX_POINT ( 'NONE', #1436 ) ;
#1003 = CARTESIAN_POINT ( 'NONE',  ( -16.00000000000000000, 0.0000000000000000000, 0.0000000000000000000 ) ) ;
#1004 = CC_DESIGN_DATE_AND_TIME_ASSIGNMENT ( #2994, #411, ( #1241 ) ) ;
#1005 = VERTEX_POINT ( 'NONE', #405 ) ;
#1006 = ORIENTED_EDGE ( 'NONE', *, *, #208, .T. ) ;
#1007 = CARTESIAN_POINT ( 'NONE',  ( 0.0000000000000000000, 4.666066017177981500, 0.0000000000000000000 ) ) ;
#1008 = CARTESIAN_POINT ( 'NONE',  ( 8.327598234202002100E-016, 4.100000000000000500, -6.800000000000000700 ) ) ;
#1009 = CIRCLE ( 'NONE', #2850, 3.919999999999999900 ) ;
#1010 = DIRECTION ( 'NONE',  ( 0.0000000000000000000, 0.0000000000000000000, -1.000000000000000000 ) ) ;
#1011 = EDGE_CURVE ( 'NONE', #2944, #1875, #1337, .T. ) ;
#1012 = CIRCLE ( 'NONE', #134, 8.000000000000000000 ) ;
#1013 = ADVANCED_FACE ( 'NONE', ( #3166 ), #1014, .F. ) ;
#1014 = CYLINDRICAL_SURFACE ( 'NONE', #1290, 5.675000000000001600 ) ;
#1015 = DIRECTION ( 'NONE',  ( -0.0000000000000000000, 1.000000000000000000, -0.0000000000000000000 ) ) ;
#1016 = DIRECTION ( 'NONE',  ( -0.0000000000000000000, 1.000000000000000000, -0.0000000000000000000 ) ) ;
#1017 = VECTOR ( 'NONE', #329, 1000.000000000000000 ) ;
#1018 = AXIS2_PLACEMENT_3D ( 'NONE', #2783, #1557, #571 ) ;
#1019 = CARTESIAN_POINT ( 'NONE',  ( 0.0000000000000000000, 4.710000000000000000, 0.0000000000000000000 ) ) ;
#1020 = ORIENTED_EDGE ( 'NONE', *, *, #2755, .T. ) ;
#1021 = CARTESIAN_POINT ( 'NONE',  ( 0.0000000000000000000, 0.4500000000000000100, -4.684903654632143400 ) ) ;
#1022 = LINE ( 'NONE', #200, #79 ) ;
#1023 = EDGE_LOOP ( 'NONE', ( #2829, #179 ) ) ;
#1024 = EDGE_CURVE ( 'NONE', #2760, #3039, #273, .T. ) ;
#1025 = EDGE_LOOP ( 'NONE', ( #552, #841, #699, #577 ) ) ;
#1026 = DIRECTION ( 'NONE',  ( -1.000000000000000000, 0.0000000000000000000, 0.0000000000000000000 ) ) ;
#1027 = DIRECTION ( 'NONE',  ( -0.0000000000000000000, 1.000000000000000000, -0.0000000000000000000 ) ) ;
#1028 = DIRECTION ( 'NONE',  ( -0.0000000000000000000, -0.0000000000000000000, -1.000000000000000000 ) ) ;
#1029 = ORIENTED_EDGE ( 'NONE', *, *, #3052, .T. ) ;
#1030 = TOROIDAL_SURFACE ( 'NONE', #2800, 5.109167723344073800, 0.1499999999999999900 ) ;
#1031 = EDGE_CURVE ( 'NONE', #480, #119, #2556, .T. ) ;
#1032 = VERTEX_POINT ( 'NONE', #907 ) ;
#1033 = FACE_OUTER_BOUND ( 'NONE', #1508, .T. ) ;
#1034 = PERSON_AND_ORGANIZATION ( #215, #607 ) ;
#1035 = DIRECTION ( 'NONE',  ( 0.0000000000000000000, 0.0000000000000000000, 1.000000000000000000 ) ) ;
#1036 = AXIS2_PLACEMENT_3D ( 'NONE', #2962, #1667, #870 ) ;
#1037 = EDGE_LOOP ( 'NONE', ( #1972, #1041, #2668, #1888 ) ) ;
#1038 = VECTOR ( 'NONE', #1954, 1000.000000000000000 ) ;
#1039 = CARTESIAN_POINT ( 'NONE',  ( -5.875000000000000900, 0.4400000000000011700, 0.0000000000000000000 ) ) ;
#1040 = DIRECTION ( 'NONE',  ( 0.0000000000000000000, 0.0000000000000000000, -1.000000000000000000 ) ) ;
#1041 = ORIENTED_EDGE ( 'NONE', *, *, #3233, .F. ) ;
#1042 = DIRECTION ( 'NONE',  ( 0.0000000000000000000, 0.0000000000000000000, -1.000000000000000000 ) ) ;
#1043 = AXIS2_PLACEMENT_3D ( 'NONE', #2734, #2722, #1962 ) ;
#1044 = APPROVAL_PERSON_ORGANIZATION ( #2211, #3176, #1669 ) ;
#1045 = CARTESIAN_POINT ( 'NONE',  ( 6.949870585161230700E-016, 4.760000000000002500, 5.675000000000000700 ) ) ;
#1046 = EDGE_LOOP ( 'NONE', ( #1344, #3315, #2516, #1604 ) ) ;
#1047 = PERSON_AND_ORGANIZATION ( #215, #607 ) ;
#1048 = PLANE ( 'NONE',  #2339 ) ;
#1049 = APPROVAL ( #429, 'UNSPECIFIED' ) ;
#1050 = EDGE_CURVE ( 'NONE', #288, #385, #155, .T. ) ;
#1051 = VECTOR ( 'NONE', #2195, 1000.000000000000100 ) ;
#1052 = DIRECTION ( 'NONE',  ( 0.0000000000000000000, 0.0000000000000000000, 1.000000000000000000 ) ) ;
#1053 = CARTESIAN_POINT ( 'NONE',  ( 0.0000000000000000000, 0.0000000000000000000, -5.999999999999999100 ) ) ;
#1054 = LINE ( 'NONE', #2828, #2178 ) ;
#1055 = AXIS2_PLACEMENT_3D ( 'NONE', #502, #1291, #3128 ) ;
#1056 = CARTESIAN_POINT ( 'NONE',  ( 0.0000000000000000000, 4.710000000000000000, 5.675000000000000700 ) ) ;
#1057 = DIRECTION ( 'NONE',  ( 8.659560562354978500E-017, 0.7071067811865440200, -0.7071067811865511300 ) ) ;
#1058 = AXIS2_PLACEMENT_3D ( 'NONE', #1837, #2098, #318 ) ;
#1059 = DIRECTION ( 'NONE',  ( 0.0000000000000000000, -0.0000000000000000000, -1.000000000000000000 ) ) ;
#1060 = FACE_OUTER_BOUND ( 'NONE', #1232, .T. ) ;
#1061 = EDGE_LOOP ( 'NONE', ( #1964, #1884, #1313, #1000 ) ) ;
#1062 = LINE ( 'NONE', #1722, #752 ) ;
#1063 = CARTESIAN_POINT ( 'NONE',  ( 0.0000000000000000000, 0.1700000000000017600, -3.919999999999999900 ) ) ;
#1064 = ORIENTED_EDGE ( 'NONE', *, *, #1431, .T. ) ;
#1065 = CIRCLE ( 'NONE', #2177, 3.941926947736152700 ) ;
#1066 = AXIS2_PLACEMENT_3D ( 'NONE', #2020, #761, #2557 ) ;
#1067 = DIRECTION ( 'NONE',  ( 1.000000000000000000, 0.0000000000000000000, 0.0000000000000000000 ) ) ;
#1068 = DIRECTION ( 'NONE',  ( -1.000000000000000000, 0.0000000000000000000, 0.0000000000000000000 ) ) ;
#1069 = AXIS2_PLACEMENT_3D ( 'NONE', #136, #1388, #1126 ) ;
#1070 = ADVANCED_FACE ( 'NONE', ( #904 ), #3327, .F. ) ;
#1071 = ORIENTED_EDGE ( 'NONE', *, *, #1552, .T. ) ;
#1072 = DIRECTION ( 'NONE',  ( 0.0000000000000000000, 0.0000000000000000000, -1.000000000000000000 ) ) ;
#1073 = EDGE_LOOP ( 'NONE', ( #161, #2267, #2451, #3107 ) ) ;
#1074 = EDGE_CURVE ( 'NONE', #1934, #1170, #1668, .T. ) ;
#1075 = CARTESIAN_POINT ( 'NONE',  ( 0.0000000000000000000, 0.3439339828220175900, 0.0000000000000000000 ) ) ;
#1076 = ORIENTED_EDGE ( 'NONE', *, *, #740, .F. ) ;
#1077 = CIRCLE ( 'NONE', #1524, 5.109167723344073800 ) ;
#1078 = CARTESIAN_POINT ( 'NONE',  ( 0.0000000000000000000, 0.0000000000000000000, 0.0000000000000000000 ) ) ;
#1079 = AXIS2_PLACEMENT_3D ( 'NONE', #1603, #338, #2856 ) ;
#1080 = VERTEX_POINT ( 'NONE', #1751 ) ;
#1081 = FACE_OUTER_BOUND ( 'NONE', #129, .T. ) ;
#1082 = CARTESIAN_POINT ( 'NONE',  ( 0.0000000000000000000, 0.0000000000000000000, 0.0000000000000000000 ) ) ;
#1083 = EDGE_CURVE ( 'NONE', #956, #1880, #3255, .T. ) ;
#1084 = EDGE_LOOP ( 'NONE', ( #442, #2408, #530, #1681 ) ) ;
#1085 = APPROVAL_PERSON_ORGANIZATION ( #1491, #566, #924 ) ;
#1086 = DIRECTION ( 'NONE',  ( -0.0000000000000000000, -1.000000000000000000, -0.0000000000000000000 ) ) ;
#1087 = ORIENTED_EDGE ( 'NONE', *, *, #1011, .F. ) ;
#1088 = DIRECTION ( 'NONE',  ( -0.0000000000000000000, -1.000000000000000000, -0.0000000000000000000 ) ) ;
#1089 = DIRECTION ( 'NONE',  ( -0.0000000000000000000, -1.000000000000000000, -0.0000000000000000000 ) ) ;
#1090 = AXIS2_PLACEMENT_3D ( 'NONE', #3247, #712, #1196 ) ;
#1091 = VERTEX_POINT ( 'NONE', #2260 ) ;
#1092 = CARTESIAN_POINT ( 'NONE',  ( 6.244679430708811300E-016, 0.4400000000000002800, 5.099167723344069500 ) ) ;
#1093 = ORIENTED_EDGE ( 'NONE', *, *, #2417, .T. ) ;
#1094 = PRODUCT_DEFINITION_FORMATION_WITH_SPECIFIED_SOURCE ( 'ANY', '', #3313, .NOT_KNOWN. ) ;
#1095 = EDGE_CURVE ( 'NONE', #604, #2066, #981, .T. ) ;
#1096 = TOROIDAL_SURFACE ( 'NONE', #118, 5.724999999999999600, 0.1500000000000008500 ) ;
#1097 = DIRECTION ( 'NONE',  ( -0.0000000000000000000, 1.000000000000000000, -0.0000000000000000000 ) ) ;
#1098 = CONICAL_SURFACE ( 'NONE', #2356, 5.675000000000000700, 0.7853981633974657100 ) ;
#1099 = DIRECTION ( 'NONE',  ( 0.0000000000000000000, 0.0000000000000000000, 1.000000000000000000 ) ) ;
#1100 = CIRCLE ( 'NONE', #3096, 4.684903654632145200 ) ;
#1101 = EDGE_CURVE ( 'NONE', #1992, #2811, #861, .T. ) ;
#1102 = CARTESIAN_POINT ( 'NONE',  ( 0.0000000000000000000, 0.0000000000000000000, -5.874999999999999100 ) ) ;
#1103 = CARTESIAN_POINT ( 'NONE',  ( 8.327598234202002100E-016, 0.0000000000000000000, -6.800000000000000700 ) ) ;
#1104 = FACE_OUTER_BOUND ( 'NONE', #2205, .T. ) ;
#1105 = ADVANCED_FACE ( 'NONE', ( #1856, #2014 ), #2525, .F. ) ;
#1106 = AXIS2_PLACEMENT_3D ( 'NONE', #1830, #564, #2344 ) ;
#1107 = ORIENTED_EDGE ( 'NONE', *, *, #3293, .T. ) ;
#1108 = ORIENTED_EDGE ( 'NONE', *, *, #361, .F. ) ;
#1109 = DIRECTION ( 'NONE',  ( 0.0000000000000000000, 0.0000000000000000000, 1.000000000000000000 ) ) ;
#1110 =( LENGTH_UNIT ( ) NAMED_UNIT ( * ) SI_UNIT ( .MILLI., .METRE. ) );
#1111 = ORIENTED_EDGE ( 'NONE', *, *, #434, .F. ) ;
#1112 = DIRECTION ( 'NONE',  ( 1.000000000000000000, 0.0000000000000000000, 0.0000000000000000000 ) ) ;
#1113 = DIRECTION ( 'NONE',  ( -0.0000000000000000000, -0.0000000000000000000, -1.000000000000000000 ) ) ;
#1114 = CC_DESIGN_APPROVAL ( #3152, ( #2314 ) ) ;
#1115 = EDGE_LOOP ( 'NONE', ( #1864, #1674, #2213, #2360 ) ) ;
#1116 = CONICAL_SURFACE ( 'NONE', #2616, 5.675000000000000700, 0.7853981633974657100 ) ;
#1117 = CARTESIAN_POINT ( 'NONE',  ( 0.0000000000000000000, 0.0000000000000000000, 0.0000000000000000000 ) ) ;
#1118 = ORIENTED_EDGE ( 'NONE', *, *, #2294, .F. ) ;
#1119 = LINE ( 'NONE', #2912, #2405 ) ;
#1120 = PERSON_AND_ORGANIZATION ( #215, #607 ) ;
#1121 = EDGE_CURVE ( 'NONE', #480, #2317, #2341, .T. ) ;
#1122 = ADVANCED_FACE ( 'NONE', ( #588 ), #3083, .T. ) ;
#1123 = AXIS2_PLACEMENT_3D ( 'NONE', #1092, #1831, #2323 ) ;
#1124 = ORIENTED_EDGE ( 'NONE', *, *, #293, .T. ) ;
#1125 = FACE_BOUND ( 'NONE', #3072, .T. ) ;
#1126 = DIRECTION ( 'NONE',  ( 1.000000000000000000, 0.0000000000000000000, 0.0000000000000000000 ) ) ;
#1127 = AXIS2_PLACEMENT_3D ( 'NONE', #2839, #2558, #1816 ) ;
#1128 = ORIENTED_EDGE ( 'NONE', *, *, #2780, .T. ) ;
#1129 = CARTESIAN_POINT ( 'NONE',  ( 0.0000000000000000000, 0.0000000000000000000, 0.0000000000000000000 ) ) ;
#1130 = DIRECTION ( 'NONE',  ( -0.0000000000000000000, -0.0000000000000000000, -1.000000000000000000 ) ) ;
#1131 = ORIENTED_EDGE ( 'NONE', *, *, #580, .F. ) ;
#1132 = CALENDAR_DATE ( 2023, 4, 1 ) ;
#1133 = CLOSED_SHELL ( 'NONE', ( #862, #3003, #1370, #948, #3186, #2031, #1842, #1673, #2751, #888, #3120, #3038, #3088, #362, #1949, #2643, #775, #2142, #2561, #964, #1385, #3173, #2421, #373, #110, #2470 ) ) ;
#1134 = AXIS2_PLACEMENT_3D ( 'NONE', #1075, #1097, #1329 ) ;
#1135 = LINE ( 'NONE', #723, #2424 ) ;
#1136 = DIRECTION ( 'NONE',  ( -0.0000000000000000000, -1.000000000000000000, -0.0000000000000000000 ) ) ;
#1137 = CARTESIAN_POINT ( 'NONE',  ( 0.0000000000000000000, 0.05000000000000490200, 0.0000000000000000000 ) ) ;
#1138 = FACE_OUTER_BOUND ( 'NONE', #2248, .T. ) ;
#1139 = CARTESIAN_POINT ( 'NONE',  ( 0.0000000000000000000, 4.000000000000000000, 0.0000000000000000000 ) ) ;
#1140 = EDGE_CURVE ( 'NONE', #13, #1396, #1187, .T. ) ;
#1141 = AXIS2_PLACEMENT_3D ( 'NONE', #1324, #2608, #3117 ) ;
#1142 = VECTOR ( 'NONE', #2258, 1000.000000000000100 ) ;
#1143 = DIRECTION ( 'NONE',  ( 0.0000000000000000000, 0.0000000000000000000, -1.000000000000000000 ) ) ;
#1144 =( NAMED_UNIT ( * ) PLANE_ANGLE_UNIT ( ) SI_UNIT ( $, .RADIAN. ) );
#1145 = FACE_OUTER_BOUND ( 'NONE', #1149, .T. ) ;
#1146 = EDGE_CURVE ( 'NONE', #622, #2060, #353, .T. ) ;
#1147 = DIRECTION ( 'NONE',  ( 0.0000000000000000000, 0.0000000000000000000, -1.000000000000000000 ) ) ;
#1148 = CARTESIAN_POINT ( 'NONE',  ( 0.0000000000000000000, 4.800000000000008700, 0.0000000000000000000 ) ) ;
#1149 = EDGE_LOOP ( 'NONE', ( #2113, #2915 ) ) ;
#1150 = APPROVAL_STATUS ( 'not_yet_approved' ) ;
#1151 = AXIS2_PLACEMENT_3D ( 'NONE', #1129, #1646, #2938 ) ;
#1152 = EDGE_LOOP ( 'NONE', ( #2312, #646, #2863, #1642 ) ) ;
#1153 = AXIS2_PLACEMENT_3D ( 'NONE', #1658, #902, #881 ) ;
#1154 = ORIENTED_EDGE ( 'NONE', *, *, #61, .F. ) ;
#1155 = CARTESIAN_POINT ( 'NONE',  ( 0.0000000000000000000, 0.0000000000000000000, 0.0000000000000000000 ) ) ;
#1156 = VERTEX_POINT ( 'NONE', #2605 ) ;
#1157 = CARTESIAN_POINT ( 'NONE',  ( 0.0000000000000000000, 4.760000000000002500, 0.0000000000000000000 ) ) ;
#1158 = DIRECTION ( 'NONE',  ( 0.0000000000000000000, -1.000000000000000000, 0.0000000000000000000 ) ) ;
#1159 = CARTESIAN_POINT ( 'NONE',  ( 0.0000000000000000000, 0.5440000000000003700, -3.919999999999999900 ) ) ;
#1160 = PERSON_AND_ORGANIZATION_ROLE ( 'creator' ) ;
#1161 = EDGE_CURVE ( 'NONE', #2270, #249, #1100, .T. ) ;
#1162 = ORIENTED_EDGE ( 'NONE', *, *, #111, .T. ) ;
#1163 = FACE_BOUND ( 'NONE', #866, .T. ) ;
#1164 = CARTESIAN_POINT ( 'NONE',  ( -15.75000000000000000, 0.0000000000000000000, 5.874999999999993800 ) ) ;
#1165 = ORIENTED_EDGE ( 'NONE', *, *, #1121, .F. ) ;
#1166 = PERSON_AND_ORGANIZATION ( #215, #607 ) ;
#1167 = ADVANCED_FACE ( 'NONE', ( #512, #436 ), #1808, .T. ) ;
#1168 = DIRECTION ( 'NONE',  ( -0.0000000000000000000, -0.0000000000000000000, -1.000000000000000000 ) ) ;
#1169 = PERSON_AND_ORGANIZATION_ROLE ( 'design_owner' ) ;
#1170 = VERTEX_POINT ( 'NONE', #1565 ) ;
#1171 = AXIS2_PLACEMENT_3D ( 'NONE', #2278, #3283, #988 ) ;
#1172 = CALENDAR_DATE ( 2023, 4, 1 ) ;
#1173 = DIRECTION ( 'NONE',  ( 0.0000000000000000000, 0.0000000000000000000, 1.000000000000000000 ) ) ;
#1174 = DIRECTION ( 'NONE',  ( 0.0000000000000000000, -0.0000000000000000000, 1.000000000000000000 ) ) ;
#1175 = DIRECTION ( 'NONE',  ( 0.0000000000000000000, 0.0000000000000000000, 1.000000000000000000 ) ) ;
#1176 = ORIENTED_EDGE ( 'NONE', *, *, #909, .F. ) ;
#1177 = APPLICATION_CONTEXT ( 'configuration controlled 3d designs of mechanical parts and assemblies' ) ;
#1178 = CARTESIAN_POINT ( 'NONE',  ( 0.0000000000000000000, 4.710000000000000000, 0.0000000000000000000 ) ) ;
#1179 = FACE_BOUND ( 'NONE', #158, .T. ) ;
#1180 = CARTESIAN_POINT ( 'NONE',  ( -4.500511103324042100, 0.4400000000000011700, 3.776377206908364300 ) ) ;
#1181 = LINE ( 'NONE', #738, #2632 ) ;
#1182 = CC_DESIGN_PERSON_AND_ORGANIZATION_ASSIGNMENT ( #1243, #2199, ( #2382 ) ) ;
#1183 = FACE_OUTER_BOUND ( 'NONE', #1947, .T. ) ;
#1184 = DIRECTION ( 'NONE',  ( 0.0000000000000000000, -0.0000000000000000000, 1.000000000000000000 ) ) ;
#1185 = CARTESIAN_POINT ( 'NONE',  ( 0.0000000000000000000, 0.2999999999999999900, 0.0000000000000000000 ) ) ;
#1186 = ADVANCED_FACE ( 'NONE', ( #3010, #2299 ), #41, .T. ) ;
#1187 = LINE ( 'NONE', #234, #233 ) ;
#1188 = MECHANICAL_CONTEXT ( 'NONE', #351, 'mechanical' ) ;
#1189 = DIRECTION ( 'NONE',  ( -0.0000000000000000000, 1.000000000000000000, -0.0000000000000000000 ) ) ;
#1191 = VECTOR ( 'NONE', #1584, 1000.000000000000000 ) ;
#1190 = CARTESIAN_POINT ( 'NONE',  ( 0.0000000000000000000, 0.0000000000000000000, 6.800000000000000700 ) ) ;
#1192 = AXIS2_PLACEMENT_3D ( 'NONE', #1895, #1372, #3165 ) ;
#1193 = ORIENTED_EDGE ( 'NONE', *, *, #1827, .T. ) ;
#1194 = CARTESIAN_POINT ( 'NONE',  ( 0.0000000000000000000, 0.0000000000000000000, 6.000000000000000900 ) ) ;
#1195 = EDGE_CURVE ( 'NONE', #1813, #3063, #674, .T. ) ;
#1196 = DIRECTION ( 'NONE',  ( 0.0000000000000000000, 0.0000000000000000000, 1.000000000000000000 ) ) ;
#1197 = DIRECTION ( 'NONE',  ( -0.0000000000000000000, 1.000000000000000000, -0.0000000000000000000 ) ) ;
#1198 = CARTESIAN_POINT ( 'NONE',  ( 0.0000000000000000000, 4.760000000000002500, -5.675000000000000700 ) ) ;
#1199 = ORIENTED_EDGE ( 'NONE', *, *, #1074, .T. ) ;
#1200 = ORIENTED_EDGE ( 'NONE', *, *, #1997, .F. ) ;
#1201 = VECTOR ( 'NONE', #2896, 1000.000000000000000 ) ;
#1202 = AXIS2_PLACEMENT_3D ( 'NONE', #282, #1315, #2306 ) ;
#1203 = DIRECTION ( 'NONE',  ( 0.0000000000000000000, 0.0000000000000000000, 1.000000000000000000 ) ) ;
#1204 = ORIENTED_EDGE ( 'NONE', *, *, #259, .T. ) ;
#1205 = CONICAL_SURFACE ( 'NONE', #891, 5.675000000000000700, 0.7853981633974657100 ) ;
#1206 = SHAPE_DEFINITION_REPRESENTATION ( #80, #1613 ) ;
#1207 = CARTESIAN_POINT ( 'NONE',  ( 0.0000000000000000000, 0.0000000000000000000, 0.0000000000000000000 ) ) ;
#1208 = CARTESIAN_POINT ( 'NONE',  ( 0.0000000000000000000, 4.000000000000000000, -7.974999999999999600 ) ) ;
#1209 = ORIENTED_EDGE ( 'NONE', *, *, #915, .F. ) ;
#1210 = CIRCLE ( 'NONE', #2884, 0.1500000000000007700 ) ;
#1211 = EDGE_CURVE ( 'NONE', #3066, #2291, #2927, .T. ) ;
#1212 = ORIENTED_EDGE ( 'NONE', *, *, #508, .T. ) ;
#1213 = DIRECTION ( 'NONE',  ( -0.0000000000000000000, 1.000000000000000000, -0.0000000000000000000 ) ) ;
#1214 = CARTESIAN_POINT ( 'NONE',  ( 0.0000000000000000000, 4.666066017177981500, -4.790969671810127100 ) ) ;
#1215 = APPROVAL_DATE_TIME ( #225, #1049 ) ;
#1216 = EDGE_CURVE ( 'NONE', #2376, #3302, #1942, .T. ) ;
#1217 = ORIENTED_EDGE ( 'NONE', *, *, #653, .T. ) ;
#1218 = AXIS2_PLACEMENT_3D ( 'NONE', #609, #702, #1468 ) ;
#1219 = DIRECTION ( 'NONE',  ( 1.000000000000000000, 0.0000000000000000000, 0.0000000000000000000 ) ) ;
#1220 = DIRECTION ( 'NONE',  ( -0.0000000000000000000, -0.0000000000000000000, 1.000000000000000000 ) ) ;
#1221 = VECTOR ( 'NONE', #2973, 1000.000000000000100 ) ;
#1222 = CIRCLE ( 'NONE', #452, 3.919999999999999900 ) ;
#1223 = EDGE_CURVE ( 'NONE', #209, #2502, #2636, .T. ) ;
#1224 = CARTESIAN_POINT ( 'NONE',  ( 0.0000000000000000000, 0.5460660171779808700, 0.0000000000000000000 ) ) ;
#1225 = DIRECTION ( 'NONE',  ( 0.0000000000000000000, -1.000000000000000000, 0.0000000000000000000 ) ) ;
#1226 = ORIENTED_EDGE ( 'NONE', *, *, #1711, .T. ) ;
#1227 = FACE_OUTER_BOUND ( 'NONE', #2274, .T. ) ;
#1228 = EDGE_LOOP ( 'NONE', ( #557, #2463, #2532, #1029 ) ) ;
#1229 = CIRCLE ( 'NONE', #3059, 5.675000000000001600 ) ;
#1230 = AXIS2_PLACEMENT_3D ( 'NONE', #3081, #2320, #255 ) ;
#1231 = CARTESIAN_POINT ( 'NONE',  ( 0.0000000000000000000, 0.0000000000000000000, 0.0000000000000000000 ) ) ;
#1232 = EDGE_LOOP ( 'NONE', ( #2434, #1286, #2456, #526 ) ) ;
#1233 = AXIS2_PLACEMENT_3D ( 'NONE', #2728, #682, #1945 ) ;
#1234 = ORIENTED_EDGE ( 'NONE', *, *, #24, .T. ) ;
#1235 = DIRECTION ( 'NONE',  ( 0.0000000000000000000, -1.000000000000000000, 0.0000000000000000000 ) ) ;
#1236 = ORIENTED_EDGE ( 'NONE', *, *, #1195, .F. ) ;
#1237 = DIRECTION ( 'NONE',  ( 0.0000000000000000000, 1.000000000000000000, 0.0000000000000000000 ) ) ;
#1238 = VERTEX_POINT ( 'NONE', #2333 ) ;
#1239 = VECTOR ( 'NONE', #2446, 1000.000000000000100 ) ;
#1240 = AXIS2_PLACEMENT_3D ( 'NONE', #1834, #1282, #2861 ) ;
#1241 = SECURITY_CLASSIFICATION ( '', '', #3245 ) ;
#1242 = EDGE_LOOP ( 'NONE', ( #1326, #3060 ) ) ;
#1243 = PERSON_AND_ORGANIZATION ( #215, #607 ) ;
#1244 = DIRECTION ( 'NONE',  ( 0.0000000000000000000, 0.0000000000000000000, -1.000000000000000000 ) ) ;
#1245 = CARTESIAN_POINT ( 'NONE',  ( 4.696520474730096900E-016, 0.0000000000000000000, -3.749999999999996400 ) ) ;
#1246 = VERTEX_POINT ( 'NONE', #300 ) ;
#1247 = EDGE_CURVE ( 'NONE', #2873, #2603, #1503, .T. ) ;
#1248 = DATE_AND_TIME ( #3195, #2461 ) ;
#1249 = DIRECTION ( 'NONE',  ( -0.0000000000000000000, -0.0000000000000000000, -1.000000000000000000 ) ) ;
#1250 = ORIENTED_EDGE ( 'NONE', *, *, #589, .F. ) ;
#1251 = CIRCLE ( 'NONE', #2332, 5.574999999999999300 ) ;
#1252 = EDGE_CURVE ( 'NONE', #639, #1839, #1256, .T. ) ;
#1253 = CIRCLE ( 'NONE', #901, 15.62499999999999300 ) ;
#1254 = DIRECTION ( 'NONE',  ( -0.0000000000000000000, 1.000000000000000000, -0.0000000000000000000 ) ) ;
#1255 = LINE ( 'NONE', #2746, #587 ) ;
#1256 = LINE ( 'NONE', #1772, #2807 ) ;
#1257 = CARTESIAN_POINT ( 'NONE',  ( 0.0000000000000000000, 4.949999999999997500, 5.675000000000000700 ) ) ;
#1258 = CARTESIAN_POINT ( 'NONE',  ( 0.0000000000000000000, 0.2400000000000041000, -5.675000000000001600 ) ) ;
#1259 = LINE ( 'NONE', #1517, #1142 ) ;
#1260 = SECURITY_CLASSIFICATION ( '', '', #3000 ) ;
#1261 = ORIENTED_EDGE ( 'NONE', *, *, #3018, .T. ) ;
#1262 = CONICAL_SURFACE ( 'NONE', #2423, 5.675000000000001600, 0.7853981633974396200 ) ;
#1263 = EDGE_CURVE ( 'NONE', #2376, #1461, #2264, .T. ) ;
#1264 = CARTESIAN_POINT ( 'NONE',  ( 0.0000000000000000000, 4.740192378864668900, 2.000000000000000000 ) ) ;
#1265 = CARTESIAN_POINT ( 'NONE',  ( 15.62500000000000000, 0.0000000000000000000, -5.999999999999999100 ) ) ;
#1266 = ADVANCED_FACE ( 'NONE', ( #2095 ), #859, .T. ) ;
#1267 = ORIENTED_EDGE ( 'NONE', *, *, #686, .F. ) ;
#1268 = AXIS2_PLACEMENT_3D ( 'NONE', #444, #3022, #1432 ) ;
#1269 = EDGE_LOOP ( 'NONE', ( #285, #2598, #2877, #1684 ) ) ;
#1270 = EDGE_LOOP ( 'NONE', ( #750, #380, #2021, #2445 ) ) ;
#1271 = CIRCLE ( 'NONE', #3137, 5.875000000000000900 ) ;
#1272 = APPROVAL_DATE_TIME ( #1522, #3152 ) ;
#1273 = EDGE_LOOP ( 'NONE', ( #655, #1261, #2245, #1753 ) ) ;
#1274 = FACE_BOUND ( 'NONE', #2919, .T. ) ;
#1275 = DIRECTION ( 'NONE',  ( 0.0000000000000000000, 1.000000000000000000, -0.0000000000000000000 ) ) ;
#1276 = DIRECTION ( 'NONE',  ( 0.0000000000000000000, 0.0000000000000000000, 1.000000000000000000 ) ) ;
#1277 = EDGE_LOOP ( 'NONE', ( #1615, #2074, #428, #954 ) ) ;
#1278 = DIRECTION ( 'NONE',  ( 0.0000000000000000000, 0.0000000000000000000, 1.000000000000000000 ) ) ;
#1279 = AXIS2_PLACEMENT_3D ( 'NONE', #377, #3232, #3193 ) ;
#1280 = EDGE_LOOP ( 'NONE', ( #1165, #2627, #1394, #722 ) ) ;
#1281 = PERSON_AND_ORGANIZATION ( #1511, #1415 ) ;
#1282 = DIRECTION ( 'NONE',  ( 0.0000000000000000000, -1.000000000000000000, 0.0000000000000000000 ) ) ;
#1283 = DIRECTION ( 'NONE',  ( 0.7660444431189859000, 0.0000000000000000000, -0.6427876096865300400 ) ) ;
#1284 = DIRECTION ( 'NONE',  ( 0.7071067811865474600, 0.0000000000000000000, 0.7071067811865474600 ) ) ;
#1285 = EDGE_CURVE ( 'NONE', #3318, #760, #2384, .T. ) ;
#1286 = ORIENTED_EDGE ( 'NONE', *, *, #2594, .T. ) ;
#1287 = AXIS2_PLACEMENT_3D ( 'NONE', #2046, #1773, #2809 ) ;
#1288 = DIRECTION ( 'NONE',  ( 0.0000000000000000000, -1.000000000000000000, 0.0000000000000000000 ) ) ;
#1289 = CIRCLE ( 'NONE', #3045, 8.000000000000000000 ) ;
#1290 = AXIS2_PLACEMENT_3D ( 'NONE', #2754, #159, #2447 ) ;
#1291 = DIRECTION ( 'NONE',  ( -0.0000000000000000000, 1.000000000000000000, -0.0000000000000000000 ) ) ;
#1292 = LINE ( 'NONE', #3234, #3286 ) ;
#1293 = CARTESIAN_POINT ( 'NONE',  ( 0.0000000000000000000, 0.0000000000000000000, 2.999999999999999100 ) ) ;
#1294 = FACE_OUTER_BOUND ( 'NONE', #2648, .T. ) ;
#1295 = AXIS2_PLACEMENT_3D ( 'NONE', #1339, #85, #2645 ) ;
#1296 = DIRECTION ( 'NONE',  ( 0.0000000000000000000, 0.0000000000000000000, 1.000000000000000000 ) ) ;
#1297 = VERTEX_POINT ( 'NONE', #1332 ) ;
#1298 = DIRECTION ( 'NONE',  ( 0.0000000000000000000, 0.0000000000000000000, -1.000000000000000000 ) ) ;
#1299 = FACE_BOUND ( 'NONE', #1242, .T. ) ;
#1300 = DIRECTION ( 'NONE',  ( 0.0000000000000000000, 0.0000000000000000000, -1.000000000000000000 ) ) ;
#1301 = ORIENTED_EDGE ( 'NONE', *, *, #1761, .F. ) ;
#1302 = EDGE_LOOP ( 'NONE', ( #3227, #516 ) ) ;
#1303 = DIRECTION ( 'NONE',  ( -0.0000000000000000000, -1.000000000000000000, -0.0000000000000000000 ) ) ;
#1304 = AXIS2_PLACEMENT_3D ( 'NONE', #2107, #2151, #631 ) ;
#1305 = CARTESIAN_POINT ( 'NONE',  ( 0.0000000000000000000, 4.455999999999999500, 0.0000000000000000000 ) ) ;
#1306 = EDGE_LOOP ( 'NONE', ( #567, #1226, #346, #642 ) ) ;
#1307 = CARTESIAN_POINT ( 'NONE',  ( 8.939921633775678800E-016, 4.100000000000000500, 7.300000000000000700 ) ) ;
#1308 = DIRECTION ( 'NONE',  ( -0.0000000000000000000, 1.000000000000000000, -0.0000000000000000000 ) ) ;
#1309 = EDGE_CURVE ( 'NONE', #209, #2897, #2634, .T. ) ;
#1310 = ORIENTED_EDGE ( 'NONE', *, *, #1327, .T. ) ;
#1311 = CIRCLE ( 'NONE', #1807, 5.675000000000001600 ) ;
#1312 = DIRECTION ( 'NONE',  ( 0.0000000000000000000, -1.000000000000000000, 0.0000000000000000000 ) ) ;
#1313 = ORIENTED_EDGE ( 'NONE', *, *, #1471, .T. ) ;
#1314 = LINE ( 'NONE', #2119, #2618 ) ;
#1315 = DIRECTION ( 'NONE',  ( 0.0000000000000000000, 1.000000000000000000, 0.0000000000000000000 ) ) ;
#1316 = DIRECTION ( 'NONE',  ( 0.0000000000000000000, -1.000000000000000000, 0.0000000000000000000 ) ) ;
#1317 = ORIENTED_EDGE ( 'NONE', *, *, #2914, .T. ) ;
#1318 = COORDINATED_UNIVERSAL_TIME_OFFSET ( 6, 0, .BEHIND. ) ;
#1319 = DIRECTION ( 'NONE',  ( -0.0000000000000000000, 1.000000000000000000, -0.0000000000000000000 ) ) ;
#1320 = AXIS2_PLACEMENT_3D ( 'NONE', #3196, #1931, #415 ) ;
#1321 = DIRECTION ( 'NONE',  ( 1.000000000000000000, 0.0000000000000000000, 0.0000000000000000000 ) ) ;
#1322 = EDGE_LOOP ( 'NONE', ( #685, #2932 ) ) ;
#1323 = COORDINATED_UNIVERSAL_TIME_OFFSET ( 6, 0, .BEHIND. ) ;
#1324 = CARTESIAN_POINT ( 'NONE',  ( 0.0000000000000000000, 0.0000000000000000000, -5.999999999999999100 ) ) ;
#1325 = CC_DESIGN_PERSON_AND_ORGANIZATION_ASSIGNMENT ( #1047, #2431, ( #2255 ) ) ;
#1326 = ORIENTED_EDGE ( 'NONE', *, *, #1616, .T. ) ;
#1327 = EDGE_CURVE ( 'NONE', #1839, #2535, #1894, .T. ) ;
#1328 = VECTOR ( 'NONE', #3004, 1000.000000000000000 ) ;
#1329 = DIRECTION ( 'NONE',  ( 0.0000000000000000000, 0.0000000000000000000, -1.000000000000000000 ) ) ;
#1330 = DIRECTION ( 'NONE',  ( 0.0000000000000000000, 0.0000000000000000000, 1.000000000000000000 ) ) ;
#1331 = AXIS2_PLACEMENT_3D ( 'NONE', #74, #2369, #319 ) ;
#1332 = CARTESIAN_POINT ( 'NONE',  ( 0.0000000000000000000, 0.05000000000000490200, -5.675000000000001600 ) ) ;
#1333 = DIRECTION ( 'NONE',  ( -1.000000000000000000, 0.0000000000000000000, 0.0000000000000000000 ) ) ;
#1334 = ADVANCED_FACE ( 'NONE', ( #3006, #1183 ), #2660, .T. ) ;
#1335 = AXIS2_PLACEMENT_3D ( 'NONE', #201, #1760, #2534 ) ;
#1336 = CIRCLE ( 'NONE', #921, 0.1500000000000008300 ) ;
#1337 = CIRCLE ( 'NONE', #1404, 7.000000000000000000 ) ;
#1338 = FACE_OUTER_BOUND ( 'NONE', #1648, .T. ) ;
#1339 = CARTESIAN_POINT ( 'NONE',  ( 0.0000000000000000000, 4.559999999999999600, 4.684903654632145200 ) ) ;
#1340 = VERTEX_POINT ( 'NONE', #2876 ) ;
#1341 = FACE_OUTER_BOUND ( 'NONE', #1736, .T. ) ;
#1342 = DIRECTION ( 'NONE',  ( -0.0000000000000000000, 1.000000000000000000, -0.0000000000000000000 ) ) ;
#1343 = AXIS2_PLACEMENT_3D ( 'NONE', #549, #2331, #2602 ) ;
#1344 = ORIENTED_EDGE ( 'NONE', *, *, #805, .F. ) ;
#1345 = PRODUCT_DEFINITION_SHAPE ( 'NONE', 'NONE',  #3334 ) ;
#1346 = PLANE ( 'NONE',  #173 ) ;
#1347 = VERTEX_POINT ( 'NONE', #1307 ) ;
#1348 = ADVANCED_FACE ( 'NONE', ( #272 ), #2223, .T. ) ;
#1349 = CARTESIAN_POINT ( 'NONE',  ( 0.0000000000000000000, 0.2999999999999999900, 0.0000000000000000000 ) ) ;
#1350 = ORIENTED_EDGE ( 'NONE', *, *, #1863, .T. ) ;
#1351 = FACE_OUTER_BOUND ( 'NONE', #226, .T. ) ;
#1352 = AXIS2_PLACEMENT_3D ( 'NONE', #2215, #144, #1921 ) ;
#1353 = AXIS2_PLACEMENT_3D ( 'NONE', #2028, #2830, #1537 ) ;
#1354 = EDGE_LOOP ( 'NONE', ( #1162, #462 ) ) ;
#1355 = CIRCLE ( 'NONE', #2680, 6.800000000000000700 ) ;
#1356 = DIRECTION ( 'NONE',  ( 0.0000000000000000000, -0.7071067811865486800, -0.7071067811865464600 ) ) ;
#1357 = CARTESIAN_POINT ( 'NONE',  ( 6.114786022273485500E-016, 0.5460660171779808700, -4.993101706166086700 ) ) ;
#1358 = CARTESIAN_POINT ( 'NONE',  ( 9.766558223200140300E-016, 4.000000000000000000, 7.974999999999999600 ) ) ;
#1359 = EDGE_CURVE ( 'NONE', #2291, #1988, #2847, .T. ) ;
#1360 = VERTEX_POINT ( 'NONE', #2102 ) ;
#1361 = CALENDAR_DATE ( 2023, 4, 1 ) ;
#1362 = ORIENTED_EDGE ( 'NONE', *, *, #1832, .T. ) ;
#1363 = CONTEXT_DEPENDENT_SHAPE_REPRESENTATION ( #1704, #1345 ) ;
#1364 = DIRECTION ( 'NONE',  ( 0.0000000000000000000, 0.0000000000000000000, -1.000000000000000000 ) ) ;
#1365 = DIRECTION ( 'NONE',  ( -0.0000000000000000000, -1.000000000000000000, -0.0000000000000000000 ) ) ;
#1366 = ORIENTED_EDGE ( 'NONE', *, *, #580, .T. ) ;
#1367 = COORDINATED_UNIVERSAL_TIME_OFFSET ( 6, 0, .BEHIND. ) ;
#1368 = CARTESIAN_POINT ( 'NONE',  ( 0.0000000000000000000, 4.710000000000000000, 3.919999999999999900 ) ) ;
#1369 = DIRECTION ( 'NONE',  ( 0.0000000000000000000, -1.000000000000000000, 0.0000000000000000000 ) ) ;
#1370 = ADVANCED_FACE ( 'NONE', ( #784 ), #2511, .F. ) ;
#1371 = ORIENTED_EDGE ( 'NONE', *, *, #1529, .T. ) ;
#1372 = DIRECTION ( 'NONE',  ( -0.0000000000000000000, -0.0000000000000000000, -1.000000000000000000 ) ) ;
#1373 = EDGE_CURVE ( 'NONE', #1880, #956, #30, .T. ) ;
#1374 = FACE_OUTER_BOUND ( 'NONE', #1354, .T. ) ;
#1375 = FACE_OUTER_BOUND ( 'NONE', #2979, .T. ) ;
#1376 = APPLICATION_CONTEXT ( 'configuration controlled 3d designs of mechanical parts and assemblies' ) ;
#1377 = EDGE_CURVE ( 'NONE', #1347, #1238, #1539, .T. ) ;
#1378 = CARTESIAN_POINT ( 'NONE',  ( 0.0000000000000000000, 0.0000000000000000000, 2.999999999999999100 ) ) ;
#1379 = ADVANCED_FACE ( 'NONE', ( #2721 ), #2013, .T. ) ;
#1380 = CYLINDRICAL_SURFACE ( 'NONE', #3139, 6.800000000000000700 ) ;
#1381 = AXIS2_PLACEMENT_3D ( 'NONE', #2176, #2711, #1933 ) ;
#1382 = EDGE_LOOP ( 'NONE', ( #291, #2658 ) ) ;
#1383 = LINE ( 'NONE', #1198, #1982 ) ;
#1384 = AXIS2_PLACEMENT_3D ( 'NONE', #2091, #858, #2637 ) ;
#1385 = ADVANCED_FACE ( 'NONE', ( #194 ), #1776, .T. ) ;
#1386 = VERTEX_POINT ( 'NONE', #68 ) ;
#1387 = CARTESIAN_POINT ( 'NONE',  ( 9.521628863370681000E-016, 5.000000000000000900, 7.775000000000007500 ) ) ;
#1388 = DIRECTION ( 'NONE',  ( 0.0000000000000000000, 0.0000000000000000000, 1.000000000000000000 ) ) ;
#1389 = ORIENTED_EDGE ( 'NONE', *, *, #2283, .T. ) ;
#1390 = CARTESIAN_POINT ( 'NONE',  ( 0.0000000000000000000, 4.100000000000000500, 0.0000000000000000000 ) ) ;
#1391 = CARTESIAN_POINT ( 'NONE',  ( 0.0000000000000000000, 5.000000000000000900, -7.775000000000007500 ) ) ;
#1392 = CC_DESIGN_PERSON_AND_ORGANIZATION_ASSIGNMENT ( #2325, #3272, ( #3086 ) ) ;
#1393 = EDGE_CURVE ( 'NONE', #1805, #1479, #1336, .T. ) ;
#1394 = ORIENTED_EDGE ( 'NONE', *, *, #1446, .T. ) ;
#1395 = CARTESIAN_POINT ( 'NONE',  ( 0.0000000000000000000, 4.710000000000000000, 0.0000000000000000000 ) ) ;
#1396 = VERTEX_POINT ( 'NONE', #3172 ) ;
#1397 = LINE ( 'NONE', #265, #2153 ) ;
#1398 = ADVANCED_FACE ( 'NONE', ( #112 ), #2136, .F. ) ;
#1399 = DIRECTION ( 'NONE',  ( -1.000000000000000000, -0.0000000000000000000, -0.0000000000000000000 ) ) ;
#1400 = AXIS2_PLACEMENT_3D ( 'NONE', #999, #2547, #1793 ) ;
#1401 = EDGE_LOOP ( 'NONE', ( #236, #2422, #82, #1118 ) ) ;
#1402 = FACE_OUTER_BOUND ( 'NONE', #1533, .T. ) ;
#1403 = DIRECTION ( 'NONE',  ( 1.000000000000000000, 0.0000000000000000000, 0.0000000000000000000 ) ) ;
#1404 = AXIS2_PLACEMENT_3D ( 'NONE', #1414, #2180, #656 ) ;
#1405 = DIRECTION ( 'NONE',  ( -1.000000000000000000, 0.0000000000000000000, 0.0000000000000000000 ) ) ;
#1406 = DIRECTION ( 'NONE',  ( 0.0000000000000000000, 0.0000000000000000000, 1.000000000000000000 ) ) ;
#1407 = EDGE_LOOP ( 'NONE', ( #993, #679, #2459, #2083 ) ) ;
#1408 = LOCAL_TIME ( 15, 24, 33.00000000000000000, #1694 ) ;
#1409 = DIRECTION ( 'NONE',  ( 0.0000000000000000000, -0.7071067811865474600, -0.7071067811865474600 ) ) ;
#1410 = SECURITY_CLASSIFICATION_LEVEL ( 'unclassified' ) ;
#1411 = DESIGN_CONTEXT ( 'detailed design', #661, 'design' ) ;
#1412 = DIRECTION ( 'NONE',  ( 0.0000000000000000000, -0.0000000000000000000, 1.000000000000000000 ) ) ;
#1413 = ORIENTED_EDGE ( 'NONE', *, *, #1377, .F. ) ;
#1414 = CARTESIAN_POINT ( 'NONE',  ( 0.0000000000000000000, 3.700000000000000200, 0.0000000000000000000 ) ) ;
#1415 = ORGANIZATION ( 'NAUO-ORG2', 'UNSPECIFIED', 'UNSPECIFIED' ) ;
#1416 = EDGE_LOOP ( 'NONE', ( #2832, #592 ) ) ;
#1417 = DIRECTION ( 'NONE',  ( 0.0000000000000000000, 0.0000000000000000000, -1.000000000000000000 ) ) ;
#1418 = DIRECTION ( 'NONE',  ( 1.000000000000000000, 0.0000000000000000000, 0.0000000000000000000 ) ) ;
#1419 = PRODUCT_DEFINITION_FORMATION_WITH_SPECIFIED_SOURCE ( 'ANY', '', #277, .NOT_KNOWN. ) ;
#1420 = CARTESIAN_POINT ( 'NONE',  ( 0.0000000000000000000, 0.0000000000000000000, -4.999999999999998200 ) ) ;
#1421 = CARTESIAN_POINT ( 'NONE',  ( 4.592425496802574000E-016, 5.000000000000000000, 3.750000000000000000 ) ) ;
#1422 = ADVANCED_FACE ( 'NONE', ( #3082 ), #2593, .F. ) ;
#1423 = EDGE_CURVE ( 'NONE', #1733, #1783, #2766, .T. ) ;
#1424 = FACE_OUTER_BOUND ( 'NONE', #3301, .T. ) ;
#1425 = AXIS2_PLACEMENT_3D ( 'NONE', #22, #492, #2801 ) ;
#1426 = LINE ( 'NONE', #1190, #824 ) ;
#1427 = DIRECTION ( 'NONE',  ( -0.0000000000000000000, -1.000000000000000000, -0.0000000000000000000 ) ) ;
#1428 = DATE_TIME_ROLE ( 'creation_date' ) ;
#1429 = ORIENTED_EDGE ( 'NONE', *, *, #1263, .F. ) ;
#1430 = LINE ( 'NONE', #2985, #2435 ) ;
#1431 = EDGE_CURVE ( 'NONE', #3, #2242, #152, .T. ) ;
#1432 = DIRECTION ( 'NONE',  ( 0.0000000000000000000, 0.0000000000000000000, 1.000000000000000000 ) ) ;
#1433 = ORIENTED_EDGE ( 'NONE', *, *, #361, .T. ) ;
#1434 = ORIENTED_EDGE ( 'NONE', *, *, #252, .T. ) ;
#1435 = CARTESIAN_POINT ( 'NONE',  ( 0.0000000000000000000, 0.0000000000000000000, 5.874999999999993800 ) ) ;
#1436 = CARTESIAN_POINT ( 'NONE',  ( 15.75000000000000000, 1.928818708657081300E-015, 5.874999999999993800 ) ) ;
#1437 = AXIS2_PLACEMENT_3D ( 'NONE', #2762, #2504, #1691 ) ;
#1438 = ADVANCED_FACE ( 'NONE', ( #2555 ), #1098, .F. ) ;
#1439 = CARTESIAN_POINT ( 'NONE',  ( 0.0000000000000000000, 0.4400000000000002800, -5.099167723344069500 ) ) ;
#1440 = ORIENTED_EDGE ( 'NONE', *, *, #975, .F. ) ;
#1441 = ORIENTED_EDGE ( 'NONE', *, *, #196, .F. ) ;
#1442 = FACE_OUTER_BOUND ( 'NONE', #1061, .T. ) ;
#1443 = DIRECTION ( 'NONE',  ( 0.0000000000000000000, -1.000000000000000000, 0.0000000000000000000 ) ) ;
#1444 = DIRECTION ( 'NONE',  ( 0.0000000000000000000, 0.0000000000000000000, -1.000000000000000000 ) ) ;
#1445 = APPROVAL_STATUS ( 'not_yet_approved' ) ;
#1446 = EDGE_CURVE ( 'NONE', #119, #1005, #1707, .T. ) ;
#1447 = EDGE_LOOP ( 'NONE', ( #2436, #2706 ) ) ;
#1448 = CIRCLE ( 'NONE', #1744, 7.775000000000008300 ) ;
#1449 = CARTESIAN_POINT ( 'NONE',  ( 7.194799944990701800E-016, 4.410000000000000100, -5.875000000000000900 ) ) ;
#1450 = LOCAL_TIME ( 15, 24, 33.00000000000000000, #210 ) ;
#1451 = DIRECTION ( 'NONE',  ( 0.0000000000000000000, 0.0000000000000000000, 1.000000000000000000 ) ) ;
#1452 = ORIENTED_EDGE ( 'NONE', *, *, #2275, .T. ) ;
#1453 = PERSON_AND_ORGANIZATION ( #215, #607 ) ;
#1454 = EDGE_CURVE ( 'NONE', #622, #705, #2048, .T. ) ;
#1455 = EDGE_LOOP ( 'NONE', ( #2126, #965, #1515, #359 ) ) ;
#1456 = AXIS2_PLACEMENT_3D ( 'NONE', #3220, #344, #2650 ) ;
#1457 = CARTESIAN_POINT ( 'NONE',  ( -8.125000000000003600, 9.950255243072250500E-016, 6.000000000000000900 ) ) ;
#1458 = CARTESIAN_POINT ( 'NONE',  ( 0.0000000000000000000, 4.410000000000000100, 0.0000000000000000000 ) ) ;
#1459 = DIRECTION ( 'NONE',  ( -0.0000000000000000000, -1.000000000000000000, -0.0000000000000000000 ) ) ;
#1460 = ADVANCED_FACE ( 'NONE', ( #1375 ), #73, .T. ) ;
#1461 = VERTEX_POINT ( 'NONE', #1644 ) ;
#1462 = APPROVAL_PERSON_ORGANIZATION ( #704, #2362, #2752 ) ;
#1463 = PLANE ( 'NONE',  #493 ) ;
#1464 = ORIENTED_EDGE ( 'NONE', *, *, #2544, .T. ) ;
#1465 = CC_DESIGN_PERSON_AND_ORGANIZATION_ASSIGNMENT ( #1120, #422, ( #2314 ) ) ;
#1466 = VECTOR ( 'NONE', #1356, 999.9999999999998900 ) ;
#1467 = CARTESIAN_POINT ( 'NONE',  ( 8.000000000000000000, 9.797174393178825700E-016, -5.874999999999999100 ) ) ;
#1468 = DIRECTION ( 'NONE',  ( 0.0000000000000000000, 0.0000000000000000000, -1.000000000000000000 ) ) ;
#1470 = LINE ( 'NONE', #2906, #1017 ) ;
#1469 = DIRECTION ( 'NONE',  ( -0.0000000000000000000, -1.000000000000000000, 0.0000000000000000000 ) ) ;
#1471 = EDGE_CURVE ( 'NONE', #3310, #1091, #2675, .T. ) ;
#1472 = AXIS2_PLACEMENT_3D ( 'NONE', #1791, #326, #1417 ) ;
#1473 = ADVANCED_FACE ( 'NONE', ( #3164 ), #711, .T. ) ;
#1474 = ORIENTED_EDGE ( 'NONE', *, *, #2792, .T. ) ;
#1475 = CIRCLE ( 'NONE', #89, 7.974999999999999600 ) ;
#1476 = AXIS2_PLACEMENT_3D ( 'NONE', #2513, #3322, #2776 ) ;
#1477 = DIRECTION ( 'NONE',  ( -0.0000000000000000000, 1.000000000000000000, -0.0000000000000000000 ) ) ;
#1478 = CARTESIAN_POINT ( 'NONE',  ( 0.0000000000000000000, 4.000000000000000000, 0.0000000000000000000 ) ) ;
#1479 = VERTEX_POINT ( 'NONE', #2948 ) ;
#1480 = DIRECTION ( 'NONE',  ( 0.0000000000000000000, 0.0000000000000000000, 1.000000000000000000 ) ) ;
#1481 = VERTEX_POINT ( 'NONE', #126 ) ;
#1482 = CARTESIAN_POINT ( 'NONE',  ( 0.0000000000000000000, 5.000000000000000000, -7.775000000000008300 ) ) ;
#1483 = ORIENTED_EDGE ( 'NONE', *, *, #547, .T. ) ;
#1484 = TOROIDAL_SURFACE ( 'NONE', #660, 16.00000000000000000, 4.000000000000000000 ) ;
#1485 = ORIENTED_EDGE ( 'NONE', *, *, #2923, .F. ) ;
#1486 = CIRCLE ( 'NONE', #3160, 2.000000000000000000 ) ;
#1487 = DIRECTION ( 'NONE',  ( -0.0000000000000000000, -1.000000000000000000, -0.0000000000000000000 ) ) ;
#1488 = EDGE_CURVE ( 'NONE', #1360, #2357, #672, .T. ) ;
#1489 = AXIS2_PLACEMENT_3D ( 'NONE', #1752, #3055, #2716 ) ;
#1490 = EDGE_LOOP ( 'NONE', ( #730, #3240, #1350, #330 ) ) ;
#1491 = PERSON_AND_ORGANIZATION ( #215, #607 ) ;
#1492 = EDGE_LOOP ( 'NONE', ( #2841, #1739 ) ) ;
#1493 = DIRECTION ( 'NONE',  ( 0.0000000000000000000, 0.0000000000000000000, 1.000000000000000000 ) ) ;
#1494 = LOCAL_TIME ( 15, 24, 33.00000000000000000, #1323 ) ;
#1495 = EDGE_CURVE ( 'NONE', #36, #43, #435, .T. ) ;
#1496 = ORIENTED_EDGE ( 'NONE', *, *, #2467, .T. ) ;
#1497 = AXIS2_PLACEMENT_3D ( 'NONE', #2226, #667, #2723 ) ;
#1498 = DIRECTION ( 'NONE',  ( -0.7071067811865474600, 8.659560562354932900E-017, 0.7071067811865474600 ) ) ;
#1499 = DIRECTION ( 'NONE',  ( -0.0000000000000000000, 1.000000000000000000, -0.0000000000000000000 ) ) ;
#1500 = FACE_OUTER_BOUND ( 'NONE', #733, .T. ) ;
#1501 = VECTOR ( 'NONE', #678, 1000.000000000000100 ) ;
#1502 = VECTOR ( 'NONE', #2343, 1000.000000000000000 ) ;
#1503 = CIRCLE ( 'NONE', #2005, 4.000000000000000000 ) ;
#1504 = EDGE_CURVE ( 'NONE', #1592, #2524, #1012, .T. ) ;
#1505 = ORIENTED_EDGE ( 'NONE', *, *, #508, .F. ) ;
#1506 = LINE ( 'NONE', #1421, #827 ) ;
#1507 = CARTESIAN_POINT ( 'NONE',  ( 4.800615452657624800E-016, 4.710000000000000000, -3.919999999999999900 ) ) ;
#1508 = EDGE_LOOP ( 'NONE', ( #1440, #1128, #3331, #10 ) ) ;
#1509 = CARTESIAN_POINT ( 'NONE',  ( 0.0000000000000000000, 0.0000000000000000000, 0.0000000000000000000 ) ) ;
#1510 = EDGE_LOOP ( 'NONE', ( #2191, #1204, #687, #3130 ) ) ;
#1511 = PERSON ( 'NAUO-PER2', 'UNSPECIFIED', 'UNSPECIFIED', ('UNSPECIFIED'), ('UNSPECIFIED'), ('UNSPECIFIED') ) ;
#1512 = CARTESIAN_POINT ( 'NONE',  ( 15.74999999999999300, 1.928818708657080200E-015, -3.992179855667826500 ) ) ;
#1513 = VERTEX_POINT ( 'NONE', #378 ) ;
#1514 = AXIS2_PLACEMENT_3D ( 'NONE', #1078, #2354, #1849 ) ;
#1515 = ORIENTED_EDGE ( 'NONE', *, *, #709, .T. ) ;
#1516 = CARTESIAN_POINT ( 'NONE',  ( 0.0000000000000000000, 0.2900000000000003100, 0.0000000000000000000 ) ) ;
#1517 = CARTESIAN_POINT ( 'NONE',  ( 15.75000000000000000, 1.928818708657081300E-015, 5.874999999999993800 ) ) ;
#1518 = ORIENTED_EDGE ( 'NONE', *, *, #809, .F. ) ;
#1519 = CARTESIAN_POINT ( 'NONE',  ( 0.0000000000000000000, 4.410000000000000100, 0.0000000000000000000 ) ) ;
#1520 = ORIENTED_EDGE ( 'NONE', *, *, #1706, .F. ) ;
#1521 = VECTOR ( 'NONE', #393, 1000.000000000000000 ) ;
#1522 = DATE_AND_TIME ( #877, #3184 ) ;
#1523 = CARTESIAN_POINT ( 'NONE',  ( 0.0000000000000000000, 0.2598076211353327300, 0.0000000000000000000 ) ) ;
#1524 = AXIS2_PLACEMENT_3D ( 'NONE', #865, #117, #2415 ) ;
#1525 = ORIENTED_EDGE ( 'NONE', *, *, #1161, .F. ) ;
#1526 = LOCAL_TIME ( 15, 24, 33.00000000000000000, #3146 ) ;
#1527 = CARTESIAN_POINT ( 'NONE',  ( 0.0000000000000000000, 0.2999999999999999900, 0.0000000000000000000 ) ) ;
#1528 = ORIENTED_EDGE ( 'NONE', *, *, #2039, .F. ) ;
#1529 = EDGE_CURVE ( 'NONE', #3243, #1795, #1292, .T. ) ;
#1530 = AXIS2_PLACEMENT_3D ( 'NONE', #261, #270, #2540 ) ;
#1531 = ORIENTED_EDGE ( 'NONE', *, *, #1732, .F. ) ;
#1532 = CARTESIAN_POINT ( 'NONE',  ( 0.0000000000000000000, 5.000000000000000000, 5.725000000000004100 ) ) ;
#1533 = EDGE_LOOP ( 'NONE', ( #1362, #1670 ) ) ;
#1534 = EDGE_CURVE ( 'NONE', #2760, #2789, #3326, .T. ) ;
#1535 = FACE_OUTER_BOUND ( 'NONE', #163, .T. ) ;
#1536 = DIRECTION ( 'NONE',  ( 0.0000000000000000000, -1.000000000000000000, 0.0000000000000000000 ) ) ;
#1537 = DIRECTION ( 'NONE',  ( -1.000000000000000000, 0.0000000000000000000, 0.0000000000000000000 ) ) ;
#1538 = CARTESIAN_POINT ( 'NONE',  ( 0.0000000000000000000, 4.710000000000000000, 0.0000000000000000000 ) ) ;
#1539 = CIRCLE ( 'NONE', #874, 7.300000000000000700 ) ;
#1540 = CONICAL_SURFACE ( 'NONE', #1233, 8.000000000000000000, 0.7853981633974482800 ) ;
#1541 = CARTESIAN_POINT ( 'NONE',  ( 0.0000000000000000000, 4.559999999999998700, 0.0000000000000000000 ) ) ;
#1542 = CARTESIAN_POINT ( 'NONE',  ( 8.572527594031473200E-016, 4.000000000000000000, 7.000000000000000000 ) ) ;
#1543 = LINE ( 'NONE', #3320, #590 ) ;
#1544 = CIRCLE ( 'NONE', #2554, 8.000000000000000000 ) ;
#1545 = DIRECTION ( 'NONE',  ( 0.0000000000000000000, 0.0000000000000000000, 1.000000000000000000 ) ) ;
#1546 = DIRECTION ( 'NONE',  ( -1.000000000000000000, 0.0000000000000000000, 0.0000000000000000000 ) ) ;
#1547 = ORIENTED_EDGE ( 'NONE', *, *, #239, .F. ) ;
#1548 = DIRECTION ( 'NONE',  ( 0.0000000000000000000, 1.000000000000000000, 0.0000000000000000000 ) ) ;
#1549 = DIRECTION ( 'NONE',  ( 0.0000000000000000000, 0.8660254037844373800, 0.5000000000000022200 ) ) ;
#1550 = DIRECTION ( 'NONE',  ( 1.000000000000000000, 0.0000000000000000000, -0.0000000000000000000 ) ) ;
#1551 = ORIENTED_EDGE ( 'NONE', *, *, #2484, .F. ) ;
#1552 = EDGE_CURVE ( 'NONE', #2060, #855, #2297, .T. ) ;
#1553 = DIRECTION ( 'NONE',  ( -0.0000000000000000000, 1.000000000000000000, -0.0000000000000000000 ) ) ;
#1554 = AXIS2_PLACEMENT_3D ( 'NONE', #3209, #127, #895 ) ;
#1555 = EDGE_LOOP ( 'NONE', ( #2150, #2975 ) ) ;
#1556 = FACE_OUTER_BOUND ( 'NONE', #2166, .T. ) ;
#1557 = DIRECTION ( 'NONE',  ( 0.0000000000000000000, -1.000000000000000000, 0.0000000000000000000 ) ) ;
#1558 = ORIENTED_EDGE ( 'NONE', *, *, #483, .F. ) ;
#1559 = CIRCLE ( 'NONE', #1055, 7.000000000000000000 ) ;
#1560 = CARTESIAN_POINT ( 'NONE',  ( 0.0000000000000000000, 0.5440000000000003700, -3.941926947736152700 ) ) ;
#1561 = DIRECTION ( 'NONE',  ( 1.000000000000000000, 0.0000000000000000000, 0.0000000000000000000 ) ) ;
#1562 = AXIS2_PLACEMENT_3D ( 'NONE', #837, #1841, #3149 ) ;
#1563 = EDGE_LOOP ( 'NONE', ( #207, #2587 ) ) ;
#1564 = CONICAL_SURFACE ( 'NONE', #1141, 15.62500000000000000, 0.7853981633974482800 ) ;
#1565 = CARTESIAN_POINT ( 'NONE',  ( 2.449293598294706400E-016, 0.2598076211353327300, -2.000000000000000000 ) ) ;
#1566 = ORIENTED_EDGE ( 'NONE', *, *, #2121, .F. ) ;
#1567 = CALENDAR_DATE ( 2023, 4, 1 ) ;
#1568 = DIRECTION ( 'NONE',  ( 0.0000000000000000000, 0.0000000000000000000, 1.000000000000000000 ) ) ;
#1569 = CC_DESIGN_PERSON_AND_ORGANIZATION_ASSIGNMENT ( #704, #896, ( #271 ) ) ;
#1570 = EDGE_CURVE ( 'NONE', #2811, #1992, #3204, .T. ) ;
#1571 = ORIENTED_EDGE ( 'NONE', *, *, #1957, .F. ) ;
#1572 = DATE_AND_TIME ( #1172, #2796 ) ;
#1573 = CARTESIAN_POINT ( 'NONE',  ( 0.0000000000000000000, 4.559999999999998700, 0.0000000000000000000 ) ) ;
#1574 = CARTESIAN_POINT ( 'NONE',  ( 7.011102925118592600E-016, 0.2900000000000003100, -5.724999999999997000 ) ) ;
#1575 = EDGE_LOOP ( 'NONE', ( #1967, #3180 ) ) ;
#1576 = ADVANCED_FACE ( 'NONE', ( #1976 ), #2806, .F. ) ;
#1577 = AXIS2_PLACEMENT_3D ( 'NONE', #1293, #2581, #1780 ) ;
#1578 = CARTESIAN_POINT ( 'NONE',  ( 0.0000000000000000000, 4.710000000000000000, -4.747035688988109600 ) ) ;
#1579 = DIRECTION ( 'NONE',  ( 0.0000000000000000000, 1.000000000000000000, 0.0000000000000000000 ) ) ;
#1580 = ADVANCED_FACE ( 'NONE', ( #2094 ), #941, .T. ) ;
#1581 = AXIS2_PLACEMENT_3D ( 'NONE', #223, #1499, #2523 ) ;
#1582 = CARTESIAN_POINT ( 'NONE',  ( 0.0000000000000000000, 4.000000000000000000, 0.0000000000000000000 ) ) ;
#1583 = TOROIDAL_SURFACE ( 'NONE', #1819, 4.684903654632143400, 0.1499999999999999900 ) ;
#1584 = DIRECTION ( 'NONE',  ( 0.0000000000000000000, -0.7071067811865352500, -0.7071067811865597900 ) ) ;
#1585 = AXIS2_PLACEMENT_3D ( 'NONE', #2286, #3319, #1989 ) ;
#1586 = CARTESIAN_POINT ( 'NONE',  ( -5.724999999999999600, 4.559999999999998700, 0.0000000000000000000 ) ) ;
#1587 = DIRECTION ( 'NONE',  ( 0.0000000000000000000, 1.000000000000000000, 0.0000000000000000000 ) ) ;
#1588 = CC_DESIGN_PERSON_AND_ORGANIZATION_ASSIGNMENT ( #2249, #905, ( #839 ) ) ;
#1589 = CYLINDRICAL_SURFACE ( 'NONE', #1218, 7.000000000000000000 ) ;
#1590 = DIRECTION ( 'NONE',  ( 0.0000000000000000000, -1.000000000000000000, 0.0000000000000000000 ) ) ;
#1591 = VERTEX_POINT ( 'NONE', #1467 ) ;
#1592 = VERTEX_POINT ( 'NONE', #1712 ) ;
#1593 = EDGE_CURVE ( 'NONE', #2304, #3280, #1255, .T. ) ;
#1594 = ADVANCED_FACE ( 'NONE', ( #548 ), #1940, .T. ) ;
#1595 = ORIENTED_EDGE ( 'NONE', *, *, #1095, .F. ) ;
#1596 = CARTESIAN_POINT ( 'NONE',  ( 8.000000000000000000, 9.797174393178825700E-016, 0.0000000000000000000 ) ) ;
#1597 = AXIS2_PLACEMENT_3D ( 'NONE', #33, #1590, #59 ) ;
#1598 = DIRECTION ( 'NONE',  ( 0.0000000000000000000, 0.0000000000000000000, 1.000000000000000000 ) ) ;
#1599 = VERTEX_POINT ( 'NONE', #1457 ) ;
#1600 = CARTESIAN_POINT ( 'NONE',  ( 0.0000000000000000000, 4.710000000000000000, 0.0000000000000000000 ) ) ;
#1601 = EDGE_CURVE ( 'NONE', #773, #3299, #350, .T. ) ;
#1602 = ORIENTED_EDGE ( 'NONE', *, *, #2192, .T. ) ;
#1603 = CARTESIAN_POINT ( 'NONE',  ( 7.011102925118597500E-016, 4.559999999999998700, -5.724999999999999600 ) ) ;
#1604 = ORIENTED_EDGE ( 'NONE', *, *, #1636, .T. ) ;
#1605 = FACE_OUTER_BOUND ( 'NONE', #850, .T. ) ;
#1606 = DIRECTION ( 'NONE',  ( -0.0000000000000000000, 1.000000000000000000, -0.0000000000000000000 ) ) ;
#1607 = ORIENTED_EDGE ( 'NONE', *, *, #307, .T. ) ;
#1608 = LOCAL_TIME ( 15, 24, 33.00000000000000000, #1001 ) ;
#1609 = PLANE ( 'NONE',  #3256 ) ;
#1610 = AXIS2_PLACEMENT_3D ( 'NONE', #1207, #3021, #1721 ) ;
#1611 = ORIENTED_EDGE ( 'NONE', *, *, #2257, .T. ) ;
#1612 = CARTESIAN_POINT ( 'NONE',  ( 0.0000000000000000000, 3.700000000000000200, -7.000000000000000000 ) ) ;
#1613 = SHAPE_REPRESENTATION ( '3600-0004-3212 Assembly', ( #1700, #2503, #1971, #944 ), #3325 ) ;
#1614 = CARTESIAN_POINT ( 'NONE',  ( 0.0000000000000000000, 0.2900000000000003100, 0.0000000000000000000 ) ) ;
#1615 = ORIENTED_EDGE ( 'NONE', *, *, #1885, .F. ) ;
#1616 = EDGE_CURVE ( 'NONE', #1032, #2748, #1854, .T. ) ;
#1617 = CARTESIAN_POINT ( 'NONE',  ( 8.000000000000000000, 9.797174393178825700E-016, 0.0000000000000000000 ) ) ;
#1618 = CARTESIAN_POINT ( 'NONE',  ( 8.939921633775678800E-016, 4.000000000000000000, 7.300000000000000700 ) ) ;
#1619 = EDGE_CURVE ( 'NONE', #3066, #2869, #822, .T. ) ;
#1620 = CARTESIAN_POINT ( 'NONE',  ( 0.0000000000000000000, 4.710000000000000000, 3.941926947736152700 ) ) ;
#1621 = CARTESIAN_POINT ( 'NONE',  ( 0.0000000000000000000, 4.455999999999999500, 3.919999999999999900 ) ) ;
#1622 = AXIS2_PLACEMENT_3D ( 'NONE', #3007, #2999, #3258 ) ;
#1623 = VECTOR ( 'NONE', #389, 1000.000000000000000 ) ;
#1624 = CIRCLE ( 'NONE', #388, 0.1500000000000007700 ) ;
#1625 = ADVANCED_FACE ( 'NONE', ( #1424 ), #2181, .T. ) ;
#1626 = DIRECTION ( 'NONE',  ( 1.224646799147352700E-016, 0.0000000000000000000, 1.000000000000000000 ) ) ;
#1627 = DIRECTION ( 'NONE',  ( 0.0000000000000000000, -1.000000000000000000, 0.0000000000000000000 ) ) ;
#1628 = EDGE_LOOP ( 'NONE', ( #879, #1719 ) ) ;
#1629 = FACE_OUTER_BOUND ( 'NONE', #2371, .T. ) ;
#1630 = CARTESIAN_POINT ( 'NONE',  ( 0.0000000000000000000, 0.2999999999999999900, 0.0000000000000000000 ) ) ;
#1631 = CARTESIAN_POINT ( 'NONE',  ( 6.949870585161231700E-016, 0.05000000000000490200, 5.675000000000001600 ) ) ;
#1632 = CC_DESIGN_PERSON_AND_ORGANIZATION_ASSIGNMENT ( #1652, #2183, ( #2382 ) ) ;
#1633 = EDGE_LOOP ( 'NONE', ( #2398, #579, #2937, #1389 ) ) ;
#1634 = ORIENTED_EDGE ( 'NONE', *, *, #594, .T. ) ;
#1635 = ADVANCED_FACE ( 'NONE', ( #3254 ), #193, .T. ) ;
#1636 = EDGE_CURVE ( 'NONE', #2353, #2037, #2844, .T. ) ;
#1637 = DIRECTION ( 'NONE',  ( 0.0000000000000000000, 0.0000000000000000000, 1.000000000000000000 ) ) ;
#1638 = ORIENTED_EDGE ( 'NONE', *, *, #198, .F. ) ;
#1639 = FACE_OUTER_BOUND ( 'NONE', #2235, .T. ) ;
#1640 = AXIS2_PLACEMENT_3D ( 'NONE', #1538, #2569, #529 ) ;
#1641 = AXIS2_PLACEMENT_3D ( 'NONE', #447, #1213, #2797 ) ;
#1642 = ORIENTED_EDGE ( 'NONE', *, *, #412, .F. ) ;
#1643 = CYLINDRICAL_SURFACE ( 'NONE', #3206, 3.919999999999999900 ) ;
#1644 = CARTESIAN_POINT ( 'NONE',  ( -15.74999999999999300, 0.0000000000000000000, -3.992179855667826500 ) ) ;
#1645 = DIRECTION ( 'NONE',  ( 1.000000000000000000, 0.0000000000000000000, 0.0000000000000000000 ) ) ;
#1646 = DIRECTION ( 'NONE',  ( -0.0000000000000000000, -1.000000000000000000, -0.0000000000000000000 ) ) ;
#1647 = ADVANCED_FACE ( 'NONE', ( #1774 ), #2134, .F. ) ;
#1648 = EDGE_LOOP ( 'NONE', ( #3290, #1485, #1433, #60 ) ) ;
#1649 = FACE_OUTER_BOUND ( 'NONE', #1766, .T. ) ;
#1650 = DIRECTION ( 'NONE',  ( 0.0000000000000000000, 0.0000000000000000000, 1.000000000000000000 ) ) ;
#1651 = ORIENTED_EDGE ( 'NONE', *, *, #2551, .T. ) ;
#1652 = PERSON_AND_ORGANIZATION ( #215, #607 ) ;
#1653 = DIRECTION ( 'NONE',  ( 0.0000000000000000000, 0.0000000000000000000, 1.000000000000000000 ) ) ;
#1654 = CARTESIAN_POINT ( 'NONE',  ( 0.0000000000000000000, 0.0000000000000000000, 6.000000000000000900 ) ) ;
#1655 = AXIS2_PLACEMENT_3D ( 'NONE', #558, #3111, #2590 ) ;
#1656 = ORIENTED_EDGE ( 'NONE', *, *, #61, .T. ) ;
#1657 = LOCAL_TIME ( 15, 24, 33.00000000000000000, #1811 ) ;
#1658 = CARTESIAN_POINT ( 'NONE',  ( 0.0000000000000000000, 4.455999999999999500, 0.0000000000000000000 ) ) ;
#1659 = CARTESIAN_POINT ( 'NONE',  ( -8.000000000000000000, 0.0000000000000000000, -4.999999999999998200 ) ) ;
#1660 = DIRECTION ( 'NONE',  ( -1.000000000000000000, 0.0000000000000000000, 0.0000000000000000000 ) ) ;
#1661 = EDGE_CURVE ( 'NONE', #46, #481, #977, .T. ) ;
#1662 = CYLINDRICAL_SURFACE ( 'NONE', #227, 3.941926947736152700 ) ;
#1663 = AXIS2_PLACEMENT_3D ( 'NONE', #2737, #1944, #2966 ) ;
#1664 = DIRECTION ( 'NONE',  ( -0.0000000000000000000, -0.0000000000000000000, 1.000000000000000000 ) ) ;
#1665 = FACE_OUTER_BOUND ( 'NONE', #1273, .T. ) ;
#1666 = EDGE_CURVE ( 'NONE', #119, #480, #1009, .T. ) ;
#1667 = DIRECTION ( 'NONE',  ( 0.0000000000000000000, 0.0000000000000000000, -1.000000000000000000 ) ) ;
#1668 = CIRCLE ( 'NONE', #1171, 2.000000000000000000 ) ;
#1669 = APPROVAL_ROLE ( '' ) ;
#1670 = ORIENTED_EDGE ( 'NONE', *, *, #430, .T. ) ;
#1671 = FACE_OUTER_BOUND ( 'NONE', #1401, .T. ) ;
#1672 = AXIS2_PLACEMENT_3D ( 'NONE', #543, #1275, #1820 ) ;
#1673 = ADVANCED_FACE ( 'NONE', ( #1937 ), #3005, .F. ) ;
#1674 = ORIENTED_EDGE ( 'NONE', *, *, #2370, .F. ) ;
#1675 = CARTESIAN_POINT ( 'NONE',  ( 12.00000000000000000, 1.469576158976823800E-015, 4.898587196589412800E-016 ) ) ;
#1676 = ORIENTED_EDGE ( 'NONE', *, *, #3018, .F. ) ;
#1677 = DESIGN_CONTEXT ( 'detailed design', #2980, 'design' ) ;
#1678 = DIRECTION ( 'NONE',  ( 0.0000000000000000000, 1.000000000000000000, 0.0000000000000000000 ) ) ;
#1679 = APPROVAL_ROLE ( '' ) ;
#1680 = EDGE_CURVE ( 'NONE', #481, #48, #229, .T. ) ;
#1681 = ORIENTED_EDGE ( 'NONE', *, *, #2908, .F. ) ;
#1682 = CARTESIAN_POINT ( 'NONE',  ( 8.000000000000000000, 9.797174393178825700E-016, 5.874999999999997300 ) ) ;
#1683 = DIRECTION ( 'NONE',  ( -0.0000000000000000000, 0.0000000000000000000, 1.000000000000000000 ) ) ;
#1684 = ORIENTED_EDGE ( 'NONE', *, *, #3226, .F. ) ;
#1685 = VECTOR ( 'NONE', #1284, 1000.000000000000100 ) ;
#1686 = DIRECTION ( 'NONE',  ( 1.000000000000000000, 0.0000000000000000000, 0.0000000000000000000 ) ) ;
#1687 = AXIS2_PLACEMENT_3D ( 'NONE', #2899, #2334, #1068 ) ;
#1688 = CLOSED_SHELL ( 'NONE', ( #1904, #1580, #3156, #1824, #1625, #62, #325, #917 ) ) ;
#1689 = TOROIDAL_SURFACE ( 'NONE', #1866, 5.724999999999999600, 0.1500000000000008500 ) ;
#1690 = MECHANICAL_CONTEXT ( 'NONE', #1376, 'mechanical' ) ;
#1691 = DIRECTION ( 'NONE',  ( 0.0000000000000000000, 0.0000000000000000000, 1.000000000000000000 ) ) ;
#1692 = CARTESIAN_POINT ( 'NONE',  ( 7.194799944990701800E-016, 0.5900000000000003000, 5.875000000000000900 ) ) ;
#1693 = ORIENTED_EDGE ( 'NONE', *, *, #177, .T. ) ;
#1694 = COORDINATED_UNIVERSAL_TIME_OFFSET ( 6, 0, .BEHIND. ) ;
#1695 = ADVANCED_FACE ( 'NONE', ( #1818 ), #3079, .F. ) ;
#1696 = APPROVAL_ROLE ( '' ) ;
#1697 = ORIENTED_EDGE ( 'NONE', *, *, #1083, .T. ) ;
#1698 = DIRECTION ( 'NONE',  ( 1.000000000000000000, 0.0000000000000000000, 0.0000000000000000000 ) ) ;
#1699 = DIRECTION ( 'NONE',  ( 1.224646799147353200E-016, 0.0000000000000000000, -1.000000000000000000 ) ) ;
#1700 = AXIS2_PLACEMENT_3D ( 'NONE', #1155, #2390, #1418 ) ;
#1701 = ORIENTED_EDGE ( 'NONE', *, *, #1393, .F. ) ;
#1702 = DIRECTION ( 'NONE',  ( 0.0000000000000000000, 0.7071067811865460200, 0.7071067811865489100 ) ) ;
#1703 = CARTESIAN_POINT ( 'NONE',  ( 0.0000000000000000000, 0.5460660171779808700, 4.993101706166086700 ) ) ;
#1704 =( REPRESENTATION_RELATIONSHIP ('NONE','NONE', #1613, #478 ) REPRESENTATION_RELATIONSHIP_WITH_TRANSFORMATION ( #3241 )SHAPE_REPRESENTATION_RELATIONSHIP( ) );
#1705 = DIRECTION ( 'NONE',  ( -1.000000000000000000, 0.0000000000000000000, 0.0000000000000000000 ) ) ;
#1706 = EDGE_CURVE ( 'NONE', #911, #2823, #1253, .T. ) ;
#1707 = LINE ( 'NONE', #1368, #2925 ) ;
#1708 = ADVANCED_FACE ( 'NONE', ( #1138 ), #472, .T. ) ;
#1709 = VECTOR ( 'NONE', #2808, 1000.000000000000000 ) ;
#1710 = FACE_OUTER_BOUND ( 'NONE', #1322, .T. ) ;
#1711 = EDGE_CURVE ( 'NONE', #413, #46, #2010, .T. ) ;
#1712 = CARTESIAN_POINT ( 'NONE',  ( 8.000000000000000000, 9.797174393178825700E-016, 2.999999999999999100 ) ) ;
#1713 = DIRECTION ( 'NONE',  ( 0.0000000000000000000, 0.0000000000000000000, 1.000000000000000000 ) ) ;
#1714 = CARTESIAN_POINT ( 'NONE',  ( 0.0000000000000000000, 0.4400000000000011700, 0.0000000000000000000 ) ) ;
#1715 = SECURITY_CLASSIFICATION_LEVEL ( 'unclassified' ) ;
#1716 = CONICAL_SURFACE ( 'NONE', #770, 2.000000000000000000, 0.5235987755983014800 ) ;
#1717 = AXIS2_PLACEMENT_3D ( 'NONE', #1231, #482, #195 ) ;
#1718 = ORIENTED_EDGE ( 'NONE', *, *, #805, .T. ) ;
#1719 = ORIENTED_EDGE ( 'NONE', *, *, #2410, .T. ) ;
#1720 = VECTOR ( 'NONE', #560, 1000.000000000000000 ) ;
#1721 = DIRECTION ( 'NONE',  ( 0.0000000000000000000, 0.0000000000000000000, 1.000000000000000000 ) ) ;
#1722 = CARTESIAN_POINT ( 'NONE',  ( 6.949870585161231700E-016, 0.05000000000000490200, 5.675000000000001600 ) ) ;
#1723 = ADVANCED_FACE ( 'NONE', ( #3119 ), #1742, .F. ) ;
#1724 = EDGE_CURVE ( 'NONE', #806, #2196, #669, .T. ) ;
#1725 = ORIENTED_EDGE ( 'NONE', *, *, #2222, .F. ) ;
#1726 = LINE ( 'NONE', #3224, #2867 ) ;
#1727 = COORDINATED_UNIVERSAL_TIME_OFFSET ( 6, 0, .BEHIND. ) ;
#1728 = CARTESIAN_POINT ( 'NONE',  ( 0.0000000000000000000, 4.000000000000000000, 0.0000000000000000000 ) ) ;
#1729 = EDGE_LOOP ( 'NONE', ( #1829, #831, #1656, #1843 ) ) ;
#1730 = FACE_OUTER_BOUND ( 'NONE', #982, .T. ) ;
#1731 = DIRECTION ( 'NONE',  ( 0.0000000000000000000, -1.000000000000000000, 0.0000000000000000000 ) ) ;
#1732 = EDGE_CURVE ( 'NONE', #1481, #3280, #2886, .T. ) ;
#1733 = VERTEX_POINT ( 'NONE', #3306 ) ;
#1734 = AXIS2_PLACEMENT_3D ( 'NONE', #3282, #1459, #3271 ) ;
#1735 = CARTESIAN_POINT ( 'NONE',  ( 0.0000000000000000000, 4.000000000000000000, 0.0000000000000000000 ) ) ;
#1736 = EDGE_LOOP ( 'NONE', ( #343, #1551, #3261, #2739 ) ) ;
#1737 = APPROVAL_PERSON_ORGANIZATION ( #2666, #2791, #1918 ) ;
#1738 = CARTESIAN_POINT ( 'NONE',  ( 0.0000000000000000000, 0.4000000000000036300, 0.0000000000000000000 ) ) ;
#1739 = ORIENTED_EDGE ( 'NONE', *, *, #653, .F. ) ;
#1740 = CIRCLE ( 'NONE', #352, 7.974999999999999600 ) ;
#1741 = EDGE_CURVE ( 'NONE', #2304, #36, #821, .T. ) ;
#1742 = CYLINDRICAL_SURFACE ( 'NONE', #1585, 5.675000000000001600 ) ;
#1743 = FACE_OUTER_BOUND ( 'NONE', #2622, .T. ) ;
#1744 = AXIS2_PLACEMENT_3D ( 'NONE', #578, #334, #302 ) ;
#1745 = ORIENTED_EDGE ( 'NONE', *, *, #2931, .F. ) ;
#1746 = CIRCLE ( 'NONE', #3078, 5.875000000000000900 ) ;
#1747 = ORIENTED_EDGE ( 'NONE', *, *, #2467, .F. ) ;
#1748 = ORIENTED_EDGE ( 'NONE', *, *, #2121, .T. ) ;
#1749 = CARTESIAN_POINT ( 'NONE',  ( 0.0000000000000000000, 0.0000000000000000000, 0.0000000000000000000 ) ) ;
#1750 = DIRECTION ( 'NONE',  ( 0.0000000000000000000, -1.000000000000000000, 0.0000000000000000000 ) ) ;
#1751 = CARTESIAN_POINT ( 'NONE',  ( -7.194799944990701800E-016, 0.4400000000000011700, -5.875000000000000900 ) ) ;
#1752 = CARTESIAN_POINT ( 'NONE',  ( 0.0000000000000000000, 0.0000000000000000000, 0.0000000000000000000 ) ) ;
#1753 = ORIENTED_EDGE ( 'NONE', *, *, #2257, .F. ) ;
#1754 = AXIS2_PLACEMENT_3D ( 'NONE', #2316, #1536, #16 ) ;
#1755 = CC_DESIGN_PERSON_AND_ORGANIZATION_ASSIGNMENT ( #2874, #168, ( #1419 ) ) ;
#1756 = EDGE_LOOP ( 'NONE', ( #2400, #2003, #1193, #297 ) ) ;
#1757 = CIRCLE ( 'NONE', #149, 15.62500000000000000 ) ;
#1758 = ORIENTED_EDGE ( 'NONE', *, *, #2947, .T. ) ;
#1759 = CIRCLE ( 'NONE', #1079, 0.1500000000000008300 ) ;
#1760 = DIRECTION ( 'NONE',  ( -0.0000000000000000000, 1.000000000000000000, -0.0000000000000000000 ) ) ;
#1761 = EDGE_CURVE ( 'NONE', #3039, #1599, #1054, .T. ) ;
#1762 = AXIS2_PLACEMENT_3D ( 'NONE', #2824, #3076, #2564 ) ;
#1763 = ORIENTED_EDGE ( 'NONE', *, *, #3070, .F. ) ;
#1764 = APPROVAL_DATE_TIME ( #848, #1858 ) ;
#1765 = DIRECTION ( 'NONE',  ( 0.0000000000000000000, 0.0000000000000000000, 1.000000000000000000 ) ) ;
#1766 = EDGE_LOOP ( 'NONE', ( #1785, #266 ) ) ;
#1767 = PLANE ( 'NONE',  #2820 ) ;
#1768 = EDGE_CURVE ( 'NONE', #48, #481, #3251, .T. ) ;
#1769 = ORIENTED_EDGE ( 'NONE', *, *, #1636, .F. ) ;
#1770 = CARTESIAN_POINT ( 'NONE',  ( 0.0000000000000000000, 32.55670631985086800, 0.0000000000000000000 ) ) ;
#1771 = FACE_OUTER_BOUND ( 'NONE', #2853, .T. ) ;
#1772 = CARTESIAN_POINT ( 'NONE',  ( -15.62500000000000000, 1.913510623667739500E-015, -5.999999999999999100 ) ) ;
#1773 = DIRECTION ( 'NONE',  ( 0.0000000000000000000, -1.000000000000000000, 0.0000000000000000000 ) ) ;
#1774 = FACE_OUTER_BOUND ( 'NONE', #1490, .T. ) ;
#1775 = DIRECTION ( 'NONE',  ( 0.0000000000000000000, -1.000000000000000000, 0.0000000000000000000 ) ) ;
#1776 = CYLINDRICAL_SURFACE ( 'NONE', #1562, 15.75000000000000000 ) ;
#1777 = CC_DESIGN_SECURITY_CLASSIFICATION ( #1260, ( #3333 ) ) ;
#1778 = VECTOR ( 'NONE', #2852, 999.9999999999998900 ) ;
#1779 = EDGE_CURVE ( 'NONE', #3299, #773, #3323, .T. ) ;
#1780 = DIRECTION ( 'NONE',  ( 1.000000000000000000, 0.0000000000000000000, -0.0000000000000000000 ) ) ;
#1781 = FACE_OUTER_BOUND ( 'NONE', #1833, .T. ) ;
#1782 = DIRECTION ( 'NONE',  ( 0.0000000000000000000, -1.000000000000000000, 0.0000000000000000000 ) ) ;
#1783 = VERTEX_POINT ( 'NONE', #476 ) ;
#1784 = DIRECTION ( 'NONE',  ( 0.0000000000000000000, 1.000000000000000000, 0.0000000000000000000 ) ) ;
#1785 = ORIENTED_EDGE ( 'NONE', *, *, #2609, .F. ) ;
#1786 = EDGE_CURVE ( 'NONE', #1934, #3299, #1181, .T. ) ;
#1787 = DIRECTION ( 'NONE',  ( 0.0000000000000000000, -1.000000000000000000, 0.0000000000000000000 ) ) ;
#1788 = EDGE_CURVE ( 'NONE', #209, #1998, #585, .T. ) ;
#1789 = ADVANCED_FACE ( 'NONE', ( #2803 ), #2965, .F. ) ;
#1790 = ORIENTED_EDGE ( 'NONE', *, *, #2283, .F. ) ;
#1791 = CARTESIAN_POINT ( 'NONE',  ( 0.0000000000000000000, 4.453933982822017700, 0.0000000000000000000 ) ) ;
#1792 = DIRECTION ( 'NONE',  ( 0.0000000000000000000, 0.0000000000000000000, -1.000000000000000000 ) ) ;
#1793 = DIRECTION ( 'NONE',  ( 1.224646799147352700E-016, 0.0000000000000000000, 1.000000000000000000 ) ) ;
#1794 = AXIS2_PLACEMENT_3D ( 'NONE', #563, #2394, #576 ) ;
#1795 = VERTEX_POINT ( 'NONE', #2042 ) ;
#1796 = TOROIDAL_SURFACE ( 'NONE', #990, 5.724999999999999600, 0.1500000000000008500 ) ;
#1797 = CARTESIAN_POINT ( 'NONE',  ( 0.0000000000000000000, 0.5440000000000003700, 0.0000000000000000000 ) ) ;
#1798 = ORIENTED_EDGE ( 'NONE', *, *, #1788, .T. ) ;
#1799 = CIRCLE ( 'NONE', #1687, 12.00000000000000000 ) ;
#1800 = CARTESIAN_POINT ( 'NONE',  ( 7.000000000000000900, 8.572527594031474200E-016, -4.999999999999999100 ) ) ;
#1801 = CC_DESIGN_PERSON_AND_ORGANIZATION_ASSIGNMENT ( #2833, #1169, ( #277 ) ) ;
#1802 = EDGE_LOOP ( 'NONE', ( #886, #612, #1496, #1595 ) ) ;
#1803 = FACE_BOUND ( 'NONE', #2607, .T. ) ;
#1804 = DIRECTION ( 'NONE',  ( 0.0000000000000000000, 0.0000000000000000000, 1.000000000000000000 ) ) ;
#1805 = VERTEX_POINT ( 'NONE', #1039 ) ;
#1806 = DIRECTION ( 'NONE',  ( -1.000000000000000000, 0.0000000000000000000, 0.0000000000000000000 ) ) ;
#1807 = AXIS2_PLACEMENT_3D ( 'NONE', #2592, #498, #1042 ) ;
#1808 = PLANE ( 'NONE',  #2537 ) ;
#1809 = CARTESIAN_POINT ( 'NONE',  ( -6.827405905246493200E-016, 0.4400000000000011700, -5.574999999999999300 ) ) ;
#1810 = AXIS2_PLACEMENT_3D ( 'NONE', #1738, #214, #3064 ) ;
#1811 = COORDINATED_UNIVERSAL_TIME_OFFSET ( 6, 0, .BEHIND. ) ;
#1812 = CARTESIAN_POINT ( 'NONE',  ( 0.0000000000000000000, 4.453933982822017700, 0.0000000000000000000 ) ) ;
#1813 = VERTEX_POINT ( 'NONE', #38 ) ;
#1814 = CIRCLE ( 'NONE', #3170, 0.1500000000000008300 ) ;
#1815 = DIRECTION ( 'NONE',  ( 0.0000000000000000000, 0.0000000000000000000, 1.000000000000000000 ) ) ;
#1816 = DIRECTION ( 'NONE',  ( 0.0000000000000000000, 0.0000000000000000000, 1.000000000000000000 ) ) ;
#1817 = DIRECTION ( 'NONE',  ( 0.0000000000000000000, 0.0000000000000000000, 1.000000000000000000 ) ) ;
#1818 = FACE_OUTER_BOUND ( 'NONE', #1046, .T. ) ;
#1819 = AXIS2_PLACEMENT_3D ( 'NONE', #26, #2600, #2072 ) ;
#1820 = DIRECTION ( 'NONE',  ( 0.0000000000000000000, 0.0000000000000000000, 1.000000000000000000 ) ) ;
#1821 = DIRECTION ( 'NONE',  ( 0.0000000000000000000, 0.0000000000000000000, 1.000000000000000000 ) ) ;
#1822 = DIRECTION ( 'NONE',  ( 1.000000000000000000, 0.0000000000000000000, 0.0000000000000000000 ) ) ;
#1823 = LINE ( 'NONE', #3298, #3289 ) ;
#1824 = ADVANCED_FACE ( 'NONE', ( #2550 ), #1096, .T. ) ;
#1825 = ORIENTED_EDGE ( 'NONE', *, *, #718, .F. ) ;
#1826 = FACE_OUTER_BOUND ( 'NONE', #2905, .T. ) ;
#1827 = EDGE_CURVE ( 'NONE', #1923, #1795, #3044, .T. ) ;
#1828 = AXIS2_PLACEMENT_3D ( 'NONE', #523, #1784, #2279 ) ;
#1829 = ORIENTED_EDGE ( 'NONE', *, *, #3250, .F. ) ;
#1830 = CARTESIAN_POINT ( 'NONE',  ( 0.0000000000000000000, 0.0000000000000000000, -3.992179855667826500 ) ) ;
#1831 = DIRECTION ( 'NONE',  ( 1.000000000000000000, 0.0000000000000000000, -1.224646799147353200E-016 ) ) ;
#1832 = EDGE_CURVE ( 'NONE', #1156, #2391, #2380, .T. ) ;
#1833 = EDGE_LOOP ( 'NONE', ( #2826, #1790, #2481, #884 ) ) ;
#1834 = CARTESIAN_POINT ( 'NONE',  ( 0.0000000000000000000, 0.4400000000000011700, 0.0000000000000000000 ) ) ;
#1835 = EDGE_LOOP ( 'NONE', ( #1676, #2345, #1611, #3307 ) ) ;
#1836 = LINE ( 'NONE', #2089, #1201 ) ;
#1837 = CARTESIAN_POINT ( 'NONE',  ( 0.0000000000000000000, 0.0000000000000000000, 0.0000000000000000000 ) ) ;
#1838 = DIRECTION ( 'NONE',  ( 0.0000000000000000000, 0.0000000000000000000, 1.000000000000000000 ) ) ;
#1839 = VERTEX_POINT ( 'NONE', #3133 ) ;
#1840 = CIRCLE ( 'NONE', #971, 5.875000000000000900 ) ;
#1841 = DIRECTION ( 'NONE',  ( -0.0000000000000000000, -0.0000000000000000000, -1.000000000000000000 ) ) ;
#1842 = ADVANCED_FACE ( 'NONE', ( #1665 ), #392, .T. ) ;
#1843 = ORIENTED_EDGE ( 'NONE', *, *, #1140, .F. ) ;
#1844 = COORDINATED_UNIVERSAL_TIME_OFFSET ( 6, 0, .BEHIND. ) ;
#1845 = DIRECTION ( 'NONE',  ( 0.0000000000000000000, 1.000000000000000000, 0.0000000000000000000 ) ) ;
#1846 = CC_DESIGN_DATE_AND_TIME_ASSIGNMENT ( #731, #690, ( #3086 ) ) ;
#1847 = EDGE_CURVE ( 'NONE', #935, #1513, #743, .T. ) ;
#1848 = ORIENTED_EDGE ( 'NONE', *, *, #1423, .F. ) ;
#1849 = DIRECTION ( 'NONE',  ( -1.000000000000000000, 0.0000000000000000000, 0.0000000000000000000 ) ) ;
#1850 = AXIS2_PLACEMENT_3D ( 'NONE', #2822, #501, #766 ) ;
#1851 = CARTESIAN_POINT ( 'NONE',  ( 0.0000000000000000000, 4.455999999999999500, 0.0000000000000000000 ) ) ;
#1852 = VECTOR ( 'NONE', #2657, 1000.000000000000000 ) ;
#1853 = FACE_OUTER_BOUND ( 'NONE', #1025, .T. ) ;
#1854 = CIRCLE ( 'NONE', #2474, 5.099167723344069500 ) ;
#1855 = CARTESIAN_POINT ( 'NONE',  ( 0.0000000000000000000, 5.000000000000000000, 0.0000000000000000000 ) ) ;
#1856 = FACE_OUTER_BOUND ( 'NONE', #1447, .T. ) ;
#1857 = DIRECTION ( 'NONE',  ( 0.0000000000000000000, -1.000000000000000000, 0.0000000000000000000 ) ) ;
#1858 = APPROVAL ( #1150, 'UNSPECIFIED' ) ;
#1859 = CYLINDRICAL_SURFACE ( 'NONE', #1335, 5.675000000000000700 ) ;
#1860 = DIRECTION ( 'NONE',  ( -1.000000000000000000, 0.0000000000000000000, 0.0000000000000000000 ) ) ;
#1861 = ORIENTED_EDGE ( 'NONE', *, *, #3052, .F. ) ;
#1862 = FACE_OUTER_BOUND ( 'NONE', #2310, .T. ) ;
#1863 = EDGE_CURVE ( 'NONE', #1238, #928, #2295, .T. ) ;
#1864 = ORIENTED_EDGE ( 'NONE', *, *, #406, .F. ) ;
#1865 = CARTESIAN_POINT ( 'NONE',  ( 0.0000000000000000000, 0.2598076211353327300, 2.000000000000000000 ) ) ;
#1866 = AXIS2_PLACEMENT_3D ( 'NONE', #654, #2471, #2433 ) ;
#1867 = ORIENTED_EDGE ( 'NONE', *, *, #2825, .F. ) ;
#1868 = AXIS2_PLACEMENT_3D ( 'NONE', #479, #487, #2269 ) ;
#1869 = ADVANCED_FACE ( 'NONE', ( #1853 ), #1583, .T. ) ;
#1870 = EDGE_CURVE ( 'NONE', #614, #763, #940, .T. ) ;
#1871 = CARTESIAN_POINT ( 'NONE',  ( 0.0000000000000000000, 0.0000000000000000000, 4.898587196589412800E-016 ) ) ;
#1872 = VERTEX_POINT ( 'NONE', #2049 ) ;
#1873 = TOROIDAL_SURFACE ( 'NONE', #952, 16.00000000000000000, 4.000000000000000000 ) ;
#1874 = DIRECTION ( 'NONE',  ( -0.0000000000000000000, -1.000000000000000000, -0.0000000000000000000 ) ) ;
#1875 = VERTEX_POINT ( 'NONE', #3090 ) ;
#1876 = CONICAL_SURFACE ( 'NONE', #408, 3.749999999999996400, 0.7853981633974533900 ) ;
#1877 = DIRECTION ( 'NONE',  ( 1.000000000000000000, 0.0000000000000000000, 0.0000000000000000000 ) ) ;
#1878 = AXIS2_PLACEMENT_3D ( 'NONE', #1224, #3042, #3297 ) ;
#1879 = DIRECTION ( 'NONE',  ( -0.0000000000000000000, 1.000000000000000000, -0.0000000000000000000 ) ) ;
#1880 = VERTEX_POINT ( 'NONE', #63 ) ;
#1881 = CARTESIAN_POINT ( 'NONE',  ( 0.0000000000000000000, 4.800000000000008700, -7.974999999999999600 ) ) ;
#1882 = APPROVAL_DATE_TIME ( #466, #3176 ) ;
#1883 = CARTESIAN_POINT ( 'NONE',  ( 0.0000000000000000000, 4.455999999999999500, 3.941926947736152700 ) ) ;
#1884 = ORIENTED_EDGE ( 'NONE', *, *, #2991, .T. ) ;
#1885 = EDGE_CURVE ( 'NONE', #1998, #892, #506, .T. ) ;
#1886 = DATE_AND_TIME ( #2625, #3041 ) ;
#1887 = ADVANCED_FACE ( 'NONE', ( #269 ), #72, .T. ) ;
#1888 = ORIENTED_EDGE ( 'NONE', *, *, #1327, .F. ) ;
#1889 = CONICAL_SURFACE ( 'NONE', #2158, 5.675000000000001600, 0.7853981633974657100 ) ;
#1890 = EDGE_CURVE ( 'NONE', #2835, #1080, #2261, .T. ) ;
#1891 = CARTESIAN_POINT ( 'NONE',  ( 6.949870585161231700E-016, 0.2999999999999999900, 5.675000000000001600 ) ) ;
#1892 = DIRECTION ( 'NONE',  ( 1.000000000000000000, 0.0000000000000000000, 0.0000000000000000000 ) ) ;
#1893 = EDGE_CURVE ( 'NONE', #46, #413, #311, .T. ) ;
#1894 = CIRCLE ( 'NONE', #814, 15.75000000000000000 ) ;
#1895 = CARTESIAN_POINT ( 'NONE',  ( 0.0000000000000000000, 0.0000000000000000000, -4.999999999999999100 ) ) ;
#1896 = AXIS2_PLACEMENT_3D ( 'NONE', #199, #1443, #211 ) ;
#1897 = CIRCLE ( 'NONE', #2200, 7.300000000000000700 ) ;
#1898 = CARTESIAN_POINT ( 'NONE',  ( -8.000000000000000000, 0.0000000000000000000, -5.874999999999999100 ) ) ;
#1899 =( NAMED_UNIT ( * ) SI_UNIT ( $, .STERADIAN. ) SOLID_ANGLE_UNIT ( ) );
#1900 = EDGE_LOOP ( 'NONE', ( #2171, #1093, #1076, #996 ) ) ;
#1901 = TOROIDAL_SURFACE ( 'NONE', #3118, 5.099167723344069500, 0.1499999999999999900 ) ;
#1902 = CARTESIAN_POINT ( 'NONE',  ( 5.997139081829641400E-016, 4.666066017177981500, 4.790969671810127100 ) ) ;
#1903 = CARTESIAN_POINT ( 'NONE',  ( 0.0000000000000000000, 0.5440000000000003700, 0.0000000000000000000 ) ) ;
#1904 = ADVANCED_FACE ( 'NONE', ( #899 ), #2719, .T. ) ;
#1905 = FACE_OUTER_BOUND ( 'NONE', #2064, .T. ) ;
#1906 = EDGE_CURVE ( 'NONE', #705, #622, #2220, .T. ) ;
#1907 = DIRECTION ( 'NONE',  ( 0.7660444431189859000, 0.0000000000000000000, -0.6427876096865300400 ) ) ;
#1908 = ORIENTED_EDGE ( 'NONE', *, *, #969, .T. ) ;
#1909 = DIRECTION ( 'NONE',  ( -0.0000000000000000000, -1.000000000000000000, -0.0000000000000000000 ) ) ;
#1910 = VERTEX_POINT ( 'NONE', #2109 ) ;
#1911 = AXIS2_PLACEMENT_3D ( 'NONE', #2840, #3113, #1817 ) ;
#1912 = DIRECTION ( 'NONE',  ( 0.0000000000000000000, 0.0000000000000000000, 1.000000000000000000 ) ) ;
#1913 = AXIS2_PLACEMENT_3D ( 'NONE', #2266, #979, #244 ) ;
#1914 = CLOSED_SHELL ( 'NONE', ( #2123, #1887, #95, #426, #2678, #1635, #2986, #3260 ) ) ;
#1915 = VECTOR ( 'NONE', #2549, 1000.000000000000000 ) ;
#1916 = DIRECTION ( 'NONE',  ( 1.000000000000000000, 0.0000000000000000000, 0.0000000000000000000 ) ) ;
#1917 = DIRECTION ( 'NONE',  ( 0.0000000000000000000, 0.0000000000000000000, 1.000000000000000000 ) ) ;
#1918 = APPROVAL_ROLE ( '' ) ;
#1919 = ORIENTED_EDGE ( 'NONE', *, *, #1991, .T. ) ;
#1920 = CIRCLE ( 'NONE', #1304, 0.1500000000000007700 ) ;
#1921 = DIRECTION ( 'NONE',  ( 0.0000000000000000000, 0.0000000000000000000, -1.000000000000000000 ) ) ;
#1922 = CARTESIAN_POINT ( 'NONE',  ( 0.0000000000000000000, 0.4400000000000011700, 5.574999999999999300 ) ) ;
#1923 = VERTEX_POINT ( 'NONE', #2918 ) ;
#1924 = COORDINATED_UNIVERSAL_TIME_OFFSET ( 6, 0, .BEHIND. ) ;
#1925 = DIRECTION ( 'NONE',  ( -0.0000000000000000000, 1.000000000000000000, -0.0000000000000000000 ) ) ;
#1926 = APPROVAL_ROLE ( '' ) ;
#1927 = AXIS2_PLACEMENT_3D ( 'NONE', #374, #2904, #3158 ) ;
#1928 = EDGE_LOOP ( 'NONE', ( #2078, #1483 ) ) ;
#1929 = CC_DESIGN_DATE_AND_TIME_ASSIGNMENT ( #180, #182, ( #839 ) ) ;
#1930 = DATE_AND_TIME ( #2004, #2707 ) ;
#1931 = DIRECTION ( 'NONE',  ( -0.0000000000000000000, -1.000000000000000000, -0.0000000000000000000 ) ) ;
#1932 = DIRECTION ( 'NONE',  ( 8.659560562355083200E-017, -0.7071067811865352500, 0.7071067811865597900 ) ) ;
#1933 = DIRECTION ( 'NONE',  ( -1.224646799147353200E-016, 0.0000000000000000000, -1.000000000000000000 ) ) ;
#1934 = VERTEX_POINT ( 'NONE', #1865 ) ;
#1935 = DIRECTION ( 'NONE',  ( 1.000000000000000000, 0.0000000000000000000, 0.0000000000000000000 ) ) ;
#1936 = ADVANCED_FACE ( 'NONE', ( #1535 ), #2510, .T. ) ;
#1937 = FACE_OUTER_BOUND ( 'NONE', #137, .T. ) ;
#1938 = APPROVAL_STATUS ( 'not_yet_approved' ) ;
#1939 = EDGE_CURVE ( 'NONE', #1805, #1080, #2717, .T. ) ;
#1940 = CYLINDRICAL_SURFACE ( 'NONE', #1043, 7.974999999999999600 ) ;
#1941 = CARTESIAN_POINT ( 'NONE',  ( 0.0000000000000000000, 5.000000000000000000, -3.750000000000000000 ) ) ;
#1942 = CIRCLE ( 'NONE', #2956, 4.000000000000000000 ) ;
#1943 = PERSON_AND_ORGANIZATION_ROLE ( 'design_owner' ) ;
#1944 = DIRECTION ( 'NONE',  ( 0.0000000000000000000, -1.000000000000000000, 0.0000000000000000000 ) ) ;
#1946 = CYLINDRICAL_SURFACE ( 'NONE', #1734, 7.300000000000000700 ) ;
#1945 = DIRECTION ( 'NONE',  ( -1.000000000000000000, 0.0000000000000000000, 0.0000000000000000000 ) ) ;
#1947 = EDGE_LOOP ( 'NONE', ( #494, #2026 ) ) ;
#1948 = CIRCLE ( 'NONE', #536, 7.000000000000000900 ) ;
#1949 = ADVANCED_FACE ( 'NONE', ( #3162 ), #2882, .T. ) ;
#1950 = APPROVAL ( #3262, 'UNKNOWN' ) ;
#1951 = DATE_TIME_ROLE ( 'classification_date' ) ;
#1952 = EDGE_CURVE ( 'NONE', #1910, #486, #2466, .T. ) ;
#1953 = ORIENTED_EDGE ( 'NONE', *, *, #2761, .F. ) ;
#1954 = DIRECTION ( 'NONE',  ( -0.0000000000000000000, -0.0000000000000000000, -1.000000000000000000 ) ) ;
#1955 = EDGE_LOOP ( 'NONE', ( #2543, #339, #1867, #57 ) ) ;
#1956 = PLANE ( 'NONE',  #296 ) ;
#1957 = EDGE_CURVE ( 'NONE', #2713, #1591, #2174, .T. ) ;
#1958 = EDGE_LOOP ( 'NONE', ( #1413, #3103, #3198, #2324 ) ) ;
#1959 = VECTOR ( 'NONE', #3138, 1000.000000000000000 ) ;
#1960 = APPROVAL_PERSON_ORGANIZATION ( #1034, #3152, #1926 ) ;
#1961 = AXIS2_PLACEMENT_3D ( 'NONE', #2929, #2420, #1892 ) ;
#1962 = DIRECTION ( 'NONE',  ( 0.0000000000000000000, 0.0000000000000000000, -1.000000000000000000 ) ) ;
#1963 = CARTESIAN_POINT ( 'NONE',  ( 0.0000000000000000000, 0.2400000000000041000, 5.675000000000001600 ) ) ;
#1964 = ORIENTED_EDGE ( 'NONE', *, *, #2964, .F. ) ;
#1965 = LINE ( 'NONE', #1164, #1239 ) ;
#1966 = APPROVAL_ROLE ( '' ) ;
#1967 = ORIENTED_EDGE ( 'NONE', *, *, #868, .F. ) ;
#1968 = ADVANCED_FACE ( 'NONE', ( #2047 ), #2335, .F. ) ;
#1969 = DIRECTION ( 'NONE',  ( -0.0000000000000000000, -1.000000000000000000, -0.0000000000000000000 ) ) ;
#1970 = APPROVAL_DATE_TIME ( #20, #1950 ) ;
#1971 = AXIS2_PLACEMENT_3D ( 'NONE', #2173, #648, #2439 ) ;
#1972 = ORIENTED_EDGE ( 'NONE', *, *, #1252, .F. ) ;
#1973 = CARTESIAN_POINT ( 'NONE',  ( 0.0000000000000000000, 4.559999999999998700, 0.0000000000000000000 ) ) ;
#1974 = CARTESIAN_POINT ( 'NONE',  ( 0.0000000000000000000, 0.0000000000000000000, 0.0000000000000000000 ) ) ;
#1975 = DIRECTION ( 'NONE',  ( 0.0000000000000000000, -1.000000000000000000, 0.0000000000000000000 ) ) ;
#1976 = FACE_OUTER_BOUND ( 'NONE', #1277, .T. ) ;
#1977 = AXIS2_PLACEMENT_3D ( 'NONE', #3102, #1028, #1561 ) ;
#1978 = PLANE ( 'NONE',  #1717 ) ;
#1979 = AXIS2_PLACEMENT_3D ( 'NONE', #2216, #145, #2738 ) ;
#1980 = CIRCLE ( 'NONE', #555, 5.875000000000000900 ) ;
#1981 = ADVANCED_FACE ( 'NONE', ( #470 ), #1889, .F. ) ;
#1982 = VECTOR ( 'NONE', #2750, 1000.000000000000000 ) ;
#1983 = ORIENTED_EDGE ( 'NONE', *, *, #3109, .F. ) ;
#1984 = AXIS2_PLACEMENT_3D ( 'NONE', #2265, #2530, #1244 ) ;
#1985 = DIRECTION ( 'NONE',  ( 0.0000000000000000000, 0.0000000000000000000, -1.000000000000000000 ) ) ;
#1986 = AXIS2_PLACEMENT_3D ( 'NONE', #1305, #1319, #1838 ) ;
#1987 = ORIENTED_EDGE ( 'NONE', *, *, #104, .F. ) ;
#1988 = VERTEX_POINT ( 'NONE', #364 ) ;
#1989 = DIRECTION ( 'NONE',  ( 0.0000000000000000000, 0.0000000000000000000, -1.000000000000000000 ) ) ;
#1990 = CARTESIAN_POINT ( 'NONE',  ( 0.0000000000000000000, 3.700000000000000200, 0.0000000000000000000 ) ) ;
#1991 = EDGE_CURVE ( 'NONE', #3066, #2270, #2802, .T. ) ;
#1992 = VERTEX_POINT ( 'NONE', #3179 ) ;
#1993 = CIRCLE ( 'NONE', #1472, 5.003101706166090100 ) ;
#1994 = AXIS2_PLACEMENT_3D ( 'NONE', #3065, #1550, #3073 ) ;
#1995 = ORIENTED_EDGE ( 'NONE', *, *, #2167, .T. ) ;
#1996 = FACE_BOUND ( 'NONE', #316, .T. ) ;
#1997 = EDGE_CURVE ( 'NONE', #3280, #1481, #974, .T. ) ;
#1998 = VERTEX_POINT ( 'NONE', #115 ) ;
#1999 = APPROVAL_DATE_TIME ( #257, #2813 ) ;
#2000 = EDGE_CURVE ( 'NONE', #2760, #1592, #662, .T. ) ;
#2001 = DIRECTION ( 'NONE',  ( -0.0000000000000000000, -0.0000000000000000000, -1.000000000000000000 ) ) ;
#2002 = CARTESIAN_POINT ( 'NONE',  ( 8.327598234202002100E-016, 3.700000000000000200, -6.800000000000000700 ) ) ;
#2003 = ORIENTED_EDGE ( 'NONE', *, *, #2654, .T. ) ;
#2004 = CALENDAR_DATE ( 2023, 4, 1 ) ;
#2005 = AXIS2_PLACEMENT_3D ( 'NONE', #258, #267, #2035 ) ;
#2006 = DIRECTION ( 'NONE',  ( 0.0000000000000000000, -0.0000000000000000000, 1.000000000000000000 ) ) ;
#2007 = CIRCLE ( 'NONE', #2875, 0.1499999999999999700 ) ;
#2008 = CC_DESIGN_DATE_AND_TIME_ASSIGNMENT ( #1886, #2714, ( #2255 ) ) ;
#2009 = EDGE_CURVE ( 'NONE', #1783, #3, #1251, .T. ) ;
#2010 = CIRCLE ( 'NONE', #2231, 4.790969671810125300 ) ;
#2011 = CARTESIAN_POINT ( 'NONE',  ( 0.0000000000000000000, 0.0000000000000000000, 0.0000000000000000000 ) ) ;
#2012 = CARTESIAN_POINT ( 'NONE',  ( -15.62500000000000000, 1.921164666162410400E-015, -5.999999999999999100 ) ) ;
#2013 = CONICAL_SURFACE ( 'NONE', #246, 3.750000000000000000, 0.7853981633974533900 ) ;
#2014 = FACE_BOUND ( 'NONE', #2152, .T. ) ;
#2015 = DIRECTION ( 'NONE',  ( -0.0000000000000000000, 1.000000000000000000, -0.0000000000000000000 ) ) ;
#2016 = AXIS2_PLACEMENT_3D ( 'NONE', #2054, #88, #1298 ) ;
#2017 = CIRCLE ( 'NONE', #2972, 5.574999999999999300 ) ;
#2018 = VERTEX_POINT ( 'NONE', #1180 ) ;
#2019 = TOROIDAL_SURFACE ( 'NONE', #2891, 5.724999999999999600, 0.1500000000000008500 ) ;
#2020 = CARTESIAN_POINT ( 'NONE',  ( 0.0000000000000000000, 5.000000000000000000, 0.0000000000000000000 ) ) ;
#2021 = ORIENTED_EDGE ( 'NONE', *, *, #1847, .T. ) ;
#2022 = DIRECTION ( 'NONE',  ( 0.0000000000000000000, -1.000000000000000000, 0.0000000000000000000 ) ) ;
#2023 = CC_DESIGN_APPROVAL ( #1858, ( #839 ) ) ;
#2024 = ORIENTED_EDGE ( 'NONE', *, *, #382, .T. ) ;
#2025 = CIRCLE ( 'NONE', #779, 5.875000000000000900 ) ;
#2026 = ORIENTED_EDGE ( 'NONE', *, *, #2351, .T. ) ;
#2027 = CIRCLE ( 'NONE', #2169, 0.1499999999999999700 ) ;
#2028 = CARTESIAN_POINT ( 'NONE',  ( 0.0000000000000000000, 0.0000000000000000000, 0.0000000000000000000 ) ) ;
#2029 = DIRECTION ( 'NONE',  ( 0.0000000000000000000, 0.0000000000000000000, 1.000000000000000000 ) ) ;
#2030 = EDGE_CURVE ( 'NONE', #1988, #604, #781, .T. ) ;
#2031 = ADVANCED_FACE ( 'NONE', ( #1771 ), #2671, .T. ) ;
#2032 = AXIS2_PLACEMENT_3D ( 'NONE', #1395, #623, #852 ) ;
#2033 = ORIENTED_EDGE ( 'NONE', *, *, #3226, .T. ) ;
#2034 = DATE_AND_TIME ( #3237, #298 ) ;
#2035 = DIRECTION ( 'NONE',  ( 0.0000000000000000000, 0.0000000000000000000, -1.000000000000000000 ) ) ;
#2036 = AXIS2_PLACEMENT_3D ( 'NONE', #204, #2251, #980 ) ;
#2037 = VERTEX_POINT ( 'NONE', #875 ) ;
#2038 = PLANE ( 'NONE',  #1762 ) ;
#2039 = EDGE_CURVE ( 'NONE', #486, #855, #3321, .T. ) ;
#2040 = EDGE_LOOP ( 'NONE', ( #961, #81, #103, #3190 ) ) ;
#2041 = SHAPE_DEFINITION_REPRESENTATION ( #2374, #889 ) ;
#2042 = CARTESIAN_POINT ( 'NONE',  ( 0.0000000000000000000, 4.710000000000000000, 5.875000000000000900 ) ) ;
#2043 = CARTESIAN_POINT ( 'NONE',  ( 2.632990618166810200E-016, 5.000000000000000000, -2.150000000000000800 ) ) ;
#2044 = ORIENTED_EDGE ( 'NONE', *, *, #2337, .F. ) ;
#2045 = DIRECTION ( 'NONE',  ( -1.224646799147353200E-016, 1.000000000000000000, 0.0000000000000000000 ) ) ;
#2046 = CARTESIAN_POINT ( 'NONE',  ( 0.0000000000000000000, 0.4400000000000011700, 0.0000000000000000000 ) ) ;
#2047 = FACE_OUTER_BOUND ( 'NONE', #3218, .T. ) ;
#2048 = CIRCLE ( 'NONE', #1320, 3.749999999999996400 ) ;
#2049 = CARTESIAN_POINT ( 'NONE',  ( 7.011102925118607300E-016, 0.0000000000000000000, 5.725000000000007600 ) ) ;
#2050 = AXIS2_PLACEMENT_3D ( 'NONE', #819, #2595, #2057 ) ;
#2051 = CARTESIAN_POINT ( 'NONE',  ( 0.0000000000000000000, 4.559999999999998700, 0.0000000000000000000 ) ) ;
#2052 = FACE_OUTER_BOUND ( 'NONE', #169, .T. ) ;
#2053 = ORIENTED_EDGE ( 'NONE', *, *, #2432, .T. ) ;
#2054 = CARTESIAN_POINT ( 'NONE',  ( 0.0000000000000000000, 0.0000000000000000000, 0.0000000000000000000 ) ) ;
#2055 = CIRCLE ( 'NONE', #521, 5.675000000000001600 ) ;
#2056 = EDGE_CURVE ( 'NONE', #48, #1032, #2007, .T. ) ;
#2057 = DIRECTION ( 'NONE',  ( 0.0000000000000000000, 0.0000000000000000000, -1.000000000000000000 ) ) ;
#2058 = EDGE_LOOP ( 'NONE', ( #3027, #2256, #683, #2580 ) ) ;
#2059 = AXIS2_PLACEMENT_3D ( 'NONE', #2187, #652, #2443 ) ;
#2060 = VERTEX_POINT ( 'NONE', #2679 ) ;
#2061 = DIRECTION ( 'NONE',  ( -0.0000000000000000000, 1.000000000000000000, -0.0000000000000000000 ) ) ;
#2062 = DIRECTION ( 'NONE',  ( -0.0000000000000000000, -0.0000000000000000000, -1.000000000000000000 ) ) ;
#2063 = AXIS2_PLACEMENT_3D ( 'NONE', #1007, #511, #2583 ) ;
#2064 = EDGE_LOOP ( 'NONE', ( #2105, #3034, #1531, #1441 ) ) ;
#2065 = PLANE ( 'NONE',  #551 ) ;
#2066 = VERTEX_POINT ( 'NONE', #2208 ) ;
#2067 = CIRCLE ( 'NONE', #2438, 5.875000000000000900 ) ;
#2068 = CC_DESIGN_PERSON_AND_ORGANIZATION_ASSIGNMENT ( #384, #939, ( #1094 ) ) ;
#2069 = EDGE_CURVE ( 'NONE', #3129, #3077, #818, .T. ) ;
#2070 = EDGE_LOOP ( 'NONE', ( #1154, #1020, #1131, #934 ) ) ;
#2071 = FACE_OUTER_BOUND ( 'NONE', #600, .T. ) ;
#2072 = DIRECTION ( 'NONE',  ( 0.0000000000000000000, 0.0000000000000000000, -1.000000000000000000 ) ) ;
#2073 = DIRECTION ( 'NONE',  ( 0.0000000000000000000, -1.000000000000000000, 0.0000000000000000000 ) ) ;
#2074 = ORIENTED_EDGE ( 'NONE', *, *, #2363, .T. ) ;
#2075 = PERSON_AND_ORGANIZATION ( #215, #607 ) ;
#2076 = CARTESIAN_POINT ( 'NONE',  ( 0.0000000000000000000, 4.710000000000000000, -5.725000000000004100 ) ) ;
#2077 = DIRECTION ( 'NONE',  ( -0.0000000000000000000, 0.0000000000000000000, 1.000000000000000000 ) ) ;
#2078 = ORIENTED_EDGE ( 'NONE', *, *, #1011, .T. ) ;
#2079 = CARTESIAN_POINT ( 'NONE',  ( 0.0000000000000000000, 0.0000000000000000000, 0.0000000000000000000 ) ) ;
#2080 = AXIS2_PLACEMENT_3D ( 'NONE', #967, #2805, #2546 ) ;
#2081 = DATE_AND_TIME ( #2416, #1494 ) ;
#2082 = CARTESIAN_POINT ( 'NONE',  ( 0.0000000000000000000, 5.000000000000000000, 0.0000000000000000000 ) ) ;
#2083 = ORIENTED_EDGE ( 'NONE', *, *, #3070, .T. ) ;
#2084 = UNCERTAINTY_MEASURE_WITH_UNIT (LENGTH_MEASURE( 1.000000000000000100E-005 ), #2137, 'distance_accuracy_value', 'NONE');
#2085 = ADVANCED_FACE ( 'NONE', ( #1500 ), #582, .F. ) ;
#2086 = FACE_BOUND ( 'NONE', #815, .T. ) ;
#2087 = CARTESIAN_POINT ( 'NONE',  ( 6.949870585161230700E-016, 4.710000000000000000, -5.675000000000000700 ) ) ;
#2088 = CARTESIAN_POINT ( 'NONE',  ( 0.0000000000000000000, 0.6000000000000053100, 0.0000000000000000000 ) ) ;
#2089 = CARTESIAN_POINT ( 'NONE',  ( 0.0000000000000000000, 0.5440000000000003700, -3.941926947736152700 ) ) ;
#2090 = AXIS2_PLACEMENT_3D ( 'NONE', #698, #1731, #707 ) ;
#2091 = CARTESIAN_POINT ( 'NONE',  ( 7.011102925118597500E-016, 4.559999999999998700, -5.724999999999999600 ) ) ;
#2092 = DIRECTION ( 'NONE',  ( -0.0000000000000000000, -0.0000000000000000000, -1.000000000000000000 ) ) ;
#2093 = CC_DESIGN_PERSON_AND_ORGANIZATION_ASSIGNMENT ( #2536, #1160, ( #398 ) ) ;
#2094 = FACE_OUTER_BOUND ( 'NONE', #19, .T. ) ;
#2095 = FACE_OUTER_BOUND ( 'NONE', #1228, .T. ) ;
#2096 = VECTOR ( 'NONE', #1702, 1000.000000000000100 ) ;
#2097 = EDGE_CURVE ( 'NONE', #3039, #2760, #308, .T. ) ;
#2098 = DIRECTION ( 'NONE',  ( -0.0000000000000000000, -0.0000000000000000000, -1.000000000000000000 ) ) ;
#2099 = DIRECTION ( 'NONE',  ( -1.000000000000000000, 0.0000000000000000000, 0.0000000000000000000 ) ) ;
#2100 = ORIENTED_EDGE ( 'NONE', *, *, #3058, .F. ) ;
#2101 = ORIENTED_EDGE ( 'NONE', *, *, #1216, .F. ) ;
#2102 = CARTESIAN_POINT ( 'NONE',  ( 7.000000000000000900, 8.572527594031474200E-016, 2.999999999999999100 ) ) ;
#2103 = DIRECTION ( 'NONE',  ( 0.0000000000000000000, 1.000000000000000000, 0.0000000000000000000 ) ) ;
#2104 = ADVANCED_FACE ( 'NONE', ( #2631 ), #1662, .F. ) ;
#2105 = ORIENTED_EDGE ( 'NONE', *, *, #1741, .F. ) ;
#2106 = EDGE_CURVE ( 'NONE', #806, #1386, #898, .T. ) ;
#2107 = CARTESIAN_POINT ( 'NONE',  ( -4.385604436856193700, 4.559999999999998700, 3.679959065455384400 ) ) ;
#2108 = ORIENTED_EDGE ( 'NONE', *, *, #1095, .T. ) ;
#2109 = CARTESIAN_POINT ( 'NONE',  ( 4.800615452657624800E-016, 0.5440000000000003700, 3.919999999999999900 ) ) ;
#2110 = ORIENTED_EDGE ( 'NONE', *, *, #3305, .F. ) ;
#2111 = CONICAL_SURFACE ( 'NONE', #3314, 5.675000000000001600, 0.7853981633974396200 ) ;
#2112 = AXIS2_PLACEMENT_3D ( 'NONE', #1019, #1782, #2842 ) ;
#2113 = ORIENTED_EDGE ( 'NONE', *, *, #2923, .T. ) ;
#2114 = VECTOR ( 'NONE', #2015, 1000.000000000000000 ) ;
#2115 = DIRECTION ( 'NONE',  ( 0.0000000000000000000, -1.000000000000000000, 0.0000000000000000000 ) ) ;
#2116 = APPROVAL_DATE_TIME ( #2744, #441 ) ;
#2117 = EDGE_LOOP ( 'NONE', ( #1638, #3015, #1474, #1310 ) ) ;
#2118 = PERSON_AND_ORGANIZATION ( #215, #607 ) ;
#2119 = CARTESIAN_POINT ( 'NONE',  ( 6.180836101701745700E-016, 0.6000000000000053100, -5.047035688988110300 ) ) ;
#2120 = SECURITY_CLASSIFICATION ( '', '', #1410 ) ;
#2121 = EDGE_CURVE ( 'NONE', #1396, #1591, #1289, .T. ) ;
#2122 = VERTEX_POINT ( 'NONE', #2995 ) ;
#2123 = ADVANCED_FACE ( 'NONE', ( #545 ), #624, .T. ) ;
#2124 = DIRECTION ( 'NONE',  ( -0.0000000000000000000, 1.000000000000000000, -0.0000000000000000000 ) ) ;
#2125 = DIRECTION ( 'NONE',  ( 1.000000000000000000, 0.0000000000000000000, 0.0000000000000000000 ) ) ;
#2126 = ORIENTED_EDGE ( 'NONE', *, *, #2640, .F. ) ;
#2127 = CONTEXT_DEPENDENT_SHAPE_REPRESENTATION ( #156, #925 ) ;
#2128 = EDGE_CURVE ( 'NONE', #1396, #3077, #3285, .T. ) ;
#2129 = DIRECTION ( 'NONE',  ( -0.0000000000000000000, 1.000000000000000000, -0.0000000000000000000 ) ) ;
#2130 = VERTEX_POINT ( 'NONE', #2154 ) ;
#2131 = AXIS2_PLACEMENT_3D ( 'NONE', #2974, #903, #1444 ) ;
#2132 = MANIFOLD_SOLID_BREP ( 'Chamfer7', #39 ) ;
#2133 = DIRECTION ( 'NONE',  ( -0.0000000000000000000, 1.000000000000000000, -0.0000000000000000000 ) ) ;
#2134 = CYLINDRICAL_SURFACE ( 'NONE', #2425, 7.300000000000000700 ) ;
#2135 = CARTESIAN_POINT ( 'NONE',  ( 0.0000000000000000000, 0.5440000000000003700, 0.0000000000000000000 ) ) ;
#2136 = CYLINDRICAL_SURFACE ( 'NONE', #2290, 5.875000000000000900 ) ;
#2137 =( LENGTH_UNIT ( ) NAMED_UNIT ( * ) SI_UNIT ( .MILLI., .METRE. ) );
#2138 = DIRECTION ( 'NONE',  ( 0.6427876096865301500, 0.0000000000000000000, 0.7660444431189860100 ) ) ;
#2139 = DIRECTION ( 'NONE',  ( 0.0000000000000000000, 0.0000000000000000000, 1.000000000000000000 ) ) ;
#2140 = CC_DESIGN_PERSON_AND_ORGANIZATION_ASSIGNMENT ( #2406, #2935, ( #2487 ) ) ;
#2141 = CONICAL_SURFACE ( 'NONE', #3316, 5.047035688988110300, 0.7853981633974437300 ) ;
#2142 = ADVANCED_FACE ( 'NONE', ( #2086, #1374 ), #890, .F. ) ;
#2143 = VECTOR ( 'NONE', #1409, 1000.000000000000100 ) ;
#2144 = CARTESIAN_POINT ( 'NONE',  ( 0.0000000000000000000, 4.740192378864668900, 0.0000000000000000000 ) ) ;
#2145 = AXIS2_PLACEMENT_3D ( 'NONE', #3147, #823, #2099 ) ;
#2146 = DIRECTION ( 'NONE',  ( 0.0000000000000000000, 0.0000000000000000000, 1.000000000000000000 ) ) ;
#2147 = ORIENTED_EDGE ( 'NONE', *, *, #2396, .T. ) ;
#2148 = CARTESIAN_POINT ( 'NONE',  ( 0.0000000000000000000, 4.559999999999998700, 5.724999999999999600 ) ) ;
#2149 = CARTESIAN_POINT ( 'NONE',  ( 0.0000000000000000000, 0.4000000000000036300, 0.0000000000000000000 ) ) ;
#2150 = ORIENTED_EDGE ( 'NONE', *, *, #3233, .T. ) ;
#2151 = DIRECTION ( 'NONE',  ( 0.6427876096865301500, 0.0000000000000000000, 0.7660444431189860100 ) ) ;
#2152 = EDGE_LOOP ( 'NONE', ( #467, #2661 ) ) ;
#2153 = VECTOR ( 'NONE', #3092, 1000.000000000000200 ) ;
#2154 = CARTESIAN_POINT ( 'NONE',  ( 4.827468219017775700E-016, 4.455999999999999500, -3.941926947736152700 ) ) ;
#2155 = VERTEX_POINT ( 'NONE', #2219 ) ;
#2156 = FACE_OUTER_BOUND ( 'NONE', #1269, .T. ) ;
#2157 = CARTESIAN_POINT ( 'NONE',  ( 7.194799944990701800E-016, 4.559999999999998700, -5.875000000000000900 ) ) ;
#2158 = AXIS2_PLACEMENT_3D ( 'NONE', #2924, #3143, #1364 ) ;
#2159 = DIRECTION ( 'NONE',  ( 0.0000000000000000000, 0.0000000000000000000, 1.000000000000000000 ) ) ;
#2160 = CARTESIAN_POINT ( 'NONE',  ( 0.0000000000000000000, 0.0000000000000000000, -5.874999999999999100 ) ) ;
#2161 = VERTEX_POINT ( 'NONE', #2476 ) ;
#2162 = PERSON_AND_ORGANIZATION ( #215, #607 ) ;
#2163 = CARTESIAN_POINT ( 'NONE',  ( 0.0000000000000000000, 0.0000000000000000000, 0.0000000000000000000 ) ) ;
#2164 = SECURITY_CLASSIFICATION_LEVEL ( 'unclassified' ) ;
#2165 = DIRECTION ( 'NONE',  ( 1.000000000000000000, 0.0000000000000000000, -0.0000000000000000000 ) ) ;
#2166 = EDGE_LOOP ( 'NONE', ( #1861, #2665, #2110, #1747 ) ) ;
#2167 = EDGE_CURVE ( 'NONE', #2823, #911, #228, .T. ) ;
#2168 = DIRECTION ( 'NONE',  ( 0.0000000000000000000, 1.000000000000000000, 0.0000000000000000000 ) ) ;
#2169 = AXIS2_PLACEMENT_3D ( 'NONE', #1021, #488, #1276 ) ;
#2170 = ADVANCED_FACE ( 'NONE', ( #3201 ), #2548, .T. ) ;
#2171 = ORIENTED_EDGE ( 'NONE', *, *, #2859, .F. ) ;
#2172 = CARTESIAN_POINT ( 'NONE',  ( 4.336808689942025600E-015, 0.0000000000000000000, -4.999999999999999100 ) ) ;
#2173 = CARTESIAN_POINT ( 'NONE',  ( 25.46010166682322400, 19.10311200532532900, 34.78625243460464800 ) ) ;
#2174 = LINE ( 'NONE', #1617, #1852 ) ;
#2175 = EDGE_CURVE ( 'NONE', #2577, #2130, #3157, .T. ) ;
#2176 = CARTESIAN_POINT ( 'NONE',  ( 5.737352264958991900E-016, 0.4500000000000000100, 4.684903654632143400 ) ) ;
#2177 = AXIS2_PLACEMENT_3D ( 'NONE', #1903, #2685, #2139 ) ;
#2178 = VECTOR ( 'NONE', #1498, 1000.000000000000100 ) ;
#2179 = DIRECTION ( 'NONE',  ( -0.0000000000000000000, 1.000000000000000000, -0.0000000000000000000 ) ) ;
#2180 = DIRECTION ( 'NONE',  ( -0.0000000000000000000, 1.000000000000000000, -0.0000000000000000000 ) ) ;
#2181 = TOROIDAL_SURFACE ( 'NONE', #2498, 5.724999999999999600, 0.1500000000000008500 ) ;
#2182 = FACE_OUTER_BOUND ( 'NONE', #224, .T. ) ;
#2183 = PERSON_AND_ORGANIZATION_ROLE ( 'design_supplier' ) ;
#2184 = ORIENTED_EDGE ( 'NONE', *, *, #3199, .T. ) ;
#2185 = FACE_OUTER_BOUND ( 'NONE', #96, .T. ) ;
#2186 = DIRECTION ( 'NONE',  ( 8.659560562354951300E-017, 0.7071067811865460200, -0.7071067811865489100 ) ) ;
#2187 = CARTESIAN_POINT ( 'NONE',  ( 0.0000000000000000000, 5.000000000000000000, 0.0000000000000000000 ) ) ;
#2188 = CC_DESIGN_SECURITY_CLASSIFICATION ( #2255, ( #1094 ) ) ;
#2189 = ORIENTED_EDGE ( 'NONE', *, *, #1997, .T. ) ;
#2190 = SECURITY_CLASSIFICATION_LEVEL ( 'unclassified' ) ;
#2191 = ORIENTED_EDGE ( 'NONE', *, *, #83, .F. ) ;
#2192 = EDGE_CURVE ( 'NONE', #2291, #249, #3246, .T. ) ;
#2193 = CARTESIAN_POINT ( 'NONE',  ( 6.244679430708811300E-016, 0.5900000000000003000, 5.099167723344069500 ) ) ;
#2194 = ORIENTED_EDGE ( 'NONE', *, *, #820, .T. ) ;
#2195 = DIRECTION ( 'NONE',  ( 8.659560562354932900E-017, -0.7071067811865474600, 0.7071067811865474600 ) ) ;
#2196 = VERTEX_POINT ( 'NONE', #1482 ) ;
#2197 = EDGE_CURVE ( 'NONE', #2529, #2122, #146, .T. ) ;
#2198 = AXIS2_PLACEMENT_3D ( 'NONE', #28, #284, #774 ) ;
#2199 = PERSON_AND_ORGANIZATION_ROLE ( 'creator' ) ;
#2200 = AXIS2_PLACEMENT_3D ( 'NONE', #1735, #1750, #3062 ) ;
#2201 = ORIENTED_EDGE ( 'NONE', *, *, #2396, .F. ) ;
#2202 = APPROVAL_STATUS ( 'not_yet_approved' ) ;
#2203 = TOROIDAL_SURFACE ( 'NONE', #1663, 5.099167723344069500, 0.1499999999999999900 ) ;
#2204 = PERSON_AND_ORGANIZATION ( #215, #607 ) ;
#2205 = EDGE_LOOP ( 'NONE', ( #1798, #3187, #220, #124 ) ) ;
#2206 = CALENDAR_DATE ( 2023, 4, 1 ) ;
#2207 = ADVANCED_FACE ( 'NONE', ( #1179, #2259 ), #1978, .F. ) ;
#2208 = CARTESIAN_POINT ( 'NONE',  ( 0.0000000000000000000, 4.410000000000000100, 5.109167723344073800 ) ) ;
#2209 = ORIENTED_EDGE ( 'NONE', *, *, #1534, .T. ) ;
#2210 = CC_DESIGN_SECURITY_CLASSIFICATION ( #839, ( #1419 ) ) ;
#2211 = PERSON_AND_ORGANIZATION ( #3074, #2327 ) ;
#2212 = DIRECTION ( 'NONE',  ( 0.0000000000000000000, 0.0000000000000000000, 1.000000000000000000 ) ) ;
#2213 = ORIENTED_EDGE ( 'NONE', *, *, #985, .T. ) ;
#2214 = APPROVAL_STATUS ( 'not_yet_approved' ) ;
#2215 = CARTESIAN_POINT ( 'NONE',  ( 0.0000000000000000000, 0.0000000000000000000, 0.0000000000000000000 ) ) ;
#2216 = CARTESIAN_POINT ( 'NONE',  ( 0.0000000000000000000, 3.700000000000000200, 0.0000000000000000000 ) ) ;
#2217 = ORIENTED_EDGE ( 'NONE', *, *, #15, .F. ) ;
#2218 = AXIS2_PLACEMENT_3D ( 'NONE', #1435, #2485, #2799 ) ;
#2219 = CARTESIAN_POINT ( 'NONE',  ( 0.0000000000000000000, 0.2999999999999999900, -3.941926947736152700 ) ) ;
#2220 = CIRCLE ( 'NONE', #2647, 3.749999999999996400 ) ;
#2221 = AXIS2_PLACEMENT_3D ( 'NONE', #2479, #938, #3008 ) ;
#2222 = EDGE_CURVE ( 'NONE', #2291, #3066, #708, .T. ) ;
#2223 = CYLINDRICAL_SURFACE ( 'NONE', #3242, 6.800000000000000700 ) ;
#2224 = CARTESIAN_POINT ( 'NONE',  ( 0.0000000000000000000, 4.559999999999998700, 0.0000000000000000000 ) ) ;
#2225 = DIRECTION ( 'NONE',  ( 0.0000000000000000000, 1.000000000000000000, 0.0000000000000000000 ) ) ;
#2226 = CARTESIAN_POINT ( 'NONE',  ( 0.0000000000000000000, 4.710000000000000000, 0.0000000000000000000 ) ) ;
#2227 = ADVANCED_FACE ( 'NONE', ( #2589 ), #504, .T. ) ;
#2228 = CIRCLE ( 'NONE', #1979, 6.800000000000000700 ) ;
#2230 = LINE ( 'NONE', #2591, #3211 ) ;
#2229 = DIRECTION ( 'NONE',  ( -0.0000000000000000000, 1.000000000000000000, -0.0000000000000000000 ) ) ;
#2231 = AXIS2_PLACEMENT_3D ( 'NONE', #230, #518, #2545 ) ;
#2232 = ORIENTED_EDGE ( 'NONE', *, *, #3109, .T. ) ;
#2233 = CARTESIAN_POINT ( 'NONE',  ( -5.724999999999999600, 0.4400000000000011700, 0.0000000000000000000 ) ) ;
#2234 = TOROIDAL_SURFACE ( 'NONE', #3020, 5.724999999999999600, 0.1500000000000008500 ) ;
#2235 = EDGE_LOOP ( 'NONE', ( #2693, #1701 ) ) ;
#2236 = EDGE_LOOP ( 'NONE', ( #1547, #2570, #2033, #2983 ) ) ;
#2237 = AXIS2_PLACEMENT_3D ( 'NONE', #556, #2326, #71 ) ;
#2238 = ORIENTED_EDGE ( 'NONE', *, *, #3305, .T. ) ;
#2239 = SHAPE_REPRESENTATION_RELATIONSHIP ( 'NONE' , 'NONE' ,  #889, #431 ) ;
#2240 = CARTESIAN_POINT ( 'NONE',  ( 0.0000000000000000000, 4.455999999999999500, 0.0000000000000000000 ) ) ;
#2241 = EDGE_CURVE ( 'NONE', #1479, #1805, #1814, .T. ) ;
#2242 = VERTEX_POINT ( 'NONE', #2501 ) ;
#2243 = CIRCLE ( 'NONE', #616, 4.684903654632145200 ) ;
#2244 = CARTESIAN_POINT ( 'NONE',  ( 0.0000000000000000000, 4.740192378864668900, 0.0000000000000000000 ) ) ;
#2245 = ORIENTED_EDGE ( 'NONE', *, *, #304, .F. ) ;
#2246 = FACE_OUTER_BOUND ( 'NONE', #1023, .T. ) ;
#2247 = DIRECTION ( 'NONE',  ( 0.0000000000000000000, 1.000000000000000000, 0.0000000000000000000 ) ) ;
#2248 = EDGE_LOOP ( 'NONE', ( #453, #725, #1217, #1825 ) ) ;
#2249 = PERSON_AND_ORGANIZATION ( #215, #607 ) ;
#2250 = AXIS2_PLACEMENT_3D ( 'NONE', #2512, #1477, #1173 ) ;
#2251 = DIRECTION ( 'NONE',  ( -0.0000000000000000000, -1.000000000000000000, -0.0000000000000000000 ) ) ;
#2252 = ORIENTED_EDGE ( 'NONE', *, *, #2846, .T. ) ;
#2253 = CARTESIAN_POINT ( 'NONE',  ( 0.0000000000000000000, 0.4500000000000000100, 0.0000000000000000000 ) ) ;
#2254 = AXIS2_PLACEMENT_3D ( 'NONE', #829, #2901, #1822 ) ;
#2255 = SECURITY_CLASSIFICATION ( '', '', #2164 ) ;
#2256 = ORIENTED_EDGE ( 'NONE', *, *, #1619, .T. ) ;
#2257 = EDGE_CURVE ( 'NONE', #166, #2603, #1135, .T. ) ;
#2258 = DIRECTION ( 'NONE',  ( 0.7071067811865474600, 8.659560562354932900E-017, -0.7071067811865474600 ) ) ;
#2259 = FACE_OUTER_BOUND ( 'NONE', #728, .T. ) ;
#2260 = CARTESIAN_POINT ( 'NONE',  ( 0.0000000000000000000, 0.2900000000000003100, -5.875000000000000900 ) ) ;
#2261 = CIRCLE ( 'NONE', #2454, 0.1500000000000008300 ) ;
#2262 = DIRECTION ( 'NONE',  ( 0.0000000000000000000, 1.000000000000000000, -0.0000000000000000000 ) ) ;
#2263 = AXIS2_PLACEMENT_3D ( 'NONE', #2849, #2601, #1546 ) ;
#2264 = CIRCLE ( 'NONE', #1794, 15.75000000000000000 ) ;
#2265 = CARTESIAN_POINT ( 'NONE',  ( 0.0000000000000000000, 0.2400000000000041000, 0.0000000000000000000 ) ) ;
#2266 = CARTESIAN_POINT ( 'NONE',  ( 0.0000000000000000000, 0.2900000000000003100, 0.0000000000000000000 ) ) ;
#2267 = ORIENTED_EDGE ( 'NONE', *, *, #2363, .F. ) ;
#2268 = TOROIDAL_SURFACE ( 'NONE', #475, 16.00000000000000000, 4.000000000000000000 ) ;
#2269 = DIRECTION ( 'NONE',  ( 1.000000000000000000, 0.0000000000000000000, 0.0000000000000000000 ) ) ;
#2270 = VERTEX_POINT ( 'NONE', #3016 ) ;
#2271 = ORIENTED_EDGE ( 'NONE', *, *, #2654, .F. ) ;
#2272 = AXIS2_PLACEMENT_3D ( 'NONE', #2240, #2488, #1493 ) ;
#2273 = CARTESIAN_POINT ( 'NONE',  ( 0.0000000000000000000, 4.455999999999999500, 0.0000000000000000000 ) ) ;
#2274 = EDGE_LOOP ( 'NONE', ( #2288, #3098, #3140, #17 ) ) ;
#2275 = EDGE_CURVE ( 'NONE', #1386, #306, #1740, .T. ) ;
#2276 = ORIENTED_EDGE ( 'NONE', *, *, #2097, .F. ) ;
#2277 = CONICAL_SURFACE ( 'NONE', #2145, 15.75000000000000000, 0.7853981633974482800 ) ;
#2278 = CARTESIAN_POINT ( 'NONE',  ( 0.0000000000000000000, 0.2598076211353327300, 0.0000000000000000000 ) ) ;
#2279 = DIRECTION ( 'NONE',  ( 0.0000000000000000000, 0.0000000000000000000, 1.000000000000000000 ) ) ;
#2280 = EDGE_LOOP ( 'NONE', ( #2795, #420, #3266, #2024 ) ) ;
#2281 = VECTOR ( 'NONE', #2179, 1000.000000000000000 ) ;
#2282 = DIRECTION ( 'NONE',  ( -0.0000000000000000000, -1.000000000000000000, -0.0000000000000000000 ) ) ;
#2283 = EDGE_CURVE ( 'NONE', #1297, #43, #2055, .T. ) ;
#2284 = ORIENTED_EDGE ( 'NONE', *, *, #1146, .T. ) ;
#2285 = LOCAL_TIME ( 15, 24, 33.00000000000000000, #2623 ) ;
#2286 = CARTESIAN_POINT ( 'NONE',  ( 0.0000000000000000000, 0.2999999999999999900, 0.0000000000000000000 ) ) ;
#2287 = CARTESIAN_POINT ( 'NONE',  ( 0.0000000000000000000, 0.0000000000000000000, 6.000000000000000900 ) ) ;
#2288 = ORIENTED_EDGE ( 'NONE', *, *, #1906, .F. ) ;
#2289 = CARTESIAN_POINT ( 'NONE',  ( 7.194799944990701800E-016, 4.410000000000000100, -5.875000000000000900 ) ) ;
#2290 = AXIS2_PLACEMENT_3D ( 'NONE', #322, #2129, #2709 ) ;
#2291 = VERTEX_POINT ( 'NONE', #1214 ) ;
#2292 = ORIENTED_EDGE ( 'NONE', *, *, #1446, .F. ) ;
#2293 = ADVANCED_FACE ( 'NONE', ( #1299, #1710 ), #1956, .T. ) ;
#2294 = EDGE_CURVE ( 'NONE', #3302, #593, #2922, .T. ) ;
#2295 = LINE ( 'NONE', #2871, #433 ) ;
#2296 = DIRECTION ( 'NONE',  ( 0.0000000000000000000, 0.0000000000000000000, 1.000000000000000000 ) ) ;
#2297 = CIRCLE ( 'NONE', #1090, 3.919999999999999900 ) ;
#2299 = FACE_OUTER_BOUND ( 'NONE', #2949, .T. ) ;
#2298 = DIRECTION ( 'NONE',  ( 0.0000000000000000000, -0.0000000000000000000, 1.000000000000000000 ) ) ;
#2300 = EDGE_CURVE ( 'NONE', #1461, #2873, #2764, .T. ) ;
#2301 = CARTESIAN_POINT ( 'NONE',  ( 0.0000000000000000000, 4.760000000000002500, 0.0000000000000000000 ) ) ;
#2302 = FACE_OUTER_BOUND ( 'NONE', #250, .T. ) ;
#2303 = AXIS2_PLACEMENT_3D ( 'NONE', #153, #3238, #3259 ) ;
#2304 = VERTEX_POINT ( 'NONE', #1258 ) ;
#2305 = FACE_OUTER_BOUND ( 'NONE', #2584, .T. ) ;
#2306 = DIRECTION ( 'NONE',  ( 0.0000000000000000000, 0.0000000000000000000, 1.000000000000000000 ) ) ;
#2307 = DIRECTION ( 'NONE',  ( -0.6427876096865301500, -0.0000000000000000000, -0.7660444431189860100 ) ) ;
#2308 = PLANE ( 'NONE',  #1577 ) ;
#2309 = AXIS2_PLACEMENT_3D ( 'NONE', #2244, #719, #424 ) ;
#2310 = EDGE_LOOP ( 'NONE', ( #2566, #2521, #484, #1250 ) ) ;
#2311 = DIRECTION ( 'NONE',  ( -1.000000000000000000, -1.224646799147353500E-016, 0.0000000000000000000 ) ) ;
#2312 = ORIENTED_EDGE ( 'NONE', *, *, #3033, .F. ) ;
#2313 = CARTESIAN_POINT ( 'NONE',  ( 0.0000000000000000000, 5.000000000000000000, 0.0000000000000000000 ) ) ;
#2314 = PRODUCT_DEFINITION ( 'UNKNOWN', '', #2382, #1411 ) ;
#2315 = ORIENTED_EDGE ( 'NONE', *, *, #525, .F. ) ;
#2316 = CARTESIAN_POINT ( 'NONE',  ( 0.0000000000000000000, 0.4400000000000011700, 0.0000000000000000000 ) ) ;
#2317 = VERTEX_POINT ( 'NONE', #3057 ) ;
#2318 = LINE ( 'NONE', #2638, #454 ) ;
#2319 = DIRECTION ( 'NONE',  ( -0.0000000000000000000, 1.000000000000000000, -0.0000000000000000000 ) ) ;
#2320 = DIRECTION ( 'NONE',  ( -0.0000000000000000000, 1.000000000000000000, -0.0000000000000000000 ) ) ;
#2321 = EDGE_LOOP ( 'NONE', ( #2954, #836, #2782, #691 ) ) ;
#2322 = CIRCLE ( 'NONE', #3228, 12.00000000000000000 ) ;
#2323 = DIRECTION ( 'NONE',  ( -1.224646799147353200E-016, 0.0000000000000000000, -1.000000000000000000 ) ) ;
#2324 = ORIENTED_EDGE ( 'NONE', *, *, #1863, .F. ) ;
#2325 = PERSON_AND_ORGANIZATION ( #215, #607 ) ;
#2326 = DIRECTION ( 'NONE',  ( -1.000000000000000000, 0.0000000000000000000, 0.0000000000000000000 ) ) ;
#2327 = ORGANIZATION ( 'NAUO-ORG3', 'UNSPECIFIED', 'UNSPECIFIED' ) ;
#2328 = VERTEX_POINT ( 'NONE', #2812 ) ;
#2329 = CARTESIAN_POINT ( 'NONE',  ( 0.0000000000000000000, 5.000000000000000000, 0.0000000000000000000 ) ) ;
#2330 = CARTESIAN_POINT ( 'NONE',  ( 6.827405905246493200E-016, 4.559999999999998700, -5.574999999999999300 ) ) ;
#2331 = DIRECTION ( 'NONE',  ( -0.0000000000000000000, -1.000000000000000000, -0.0000000000000000000 ) ) ;
#2332 = AXIS2_PLACEMENT_3D ( 'NONE', #2958, #1925, #2692 ) ;
#2333 = CARTESIAN_POINT ( 'NONE',  ( 0.0000000000000000000, 4.100000000000000500, -7.300000000000000700 ) ) ;
#2334 = DIRECTION ( 'NONE',  ( -0.0000000000000000000, -0.0000000000000000000, -1.000000000000000000 ) ) ;
#2335 = CONICAL_SURFACE ( 'NONE', #2767, 2.000000000000000000, 0.5235987755983014800 ) ;
#2336 = CARTESIAN_POINT ( 'NONE',  ( 0.0000000000000000000, 4.559999999999998700, 0.0000000000000000000 ) ) ;
#2337 = EDGE_CURVE ( 'NONE', #1910, #2060, #25, .T. ) ;
#2338 = CARTESIAN_POINT ( 'NONE',  ( 0.0000000000000000000, 4.000000000000000000, -7.000000000000000000 ) ) ;
#2339 = AXIS2_PLACEMENT_3D ( 'NONE', #1614, #358, #1650 ) ;
#2340 = DIRECTION ( 'NONE',  ( 0.0000000000000000000, 0.0000000000000000000, 1.000000000000000000 ) ) ;
#2341 = LINE ( 'NONE', #1507, #1709 ) ;
#2342 = ADVANCED_FACE ( 'NONE', ( #403, #2302 ), #2038, .T. ) ;
#2343 = DIRECTION ( 'NONE',  ( -0.0000000000000000000, 1.000000000000000000, -0.0000000000000000000 ) ) ;
#2344 = DIRECTION ( 'NONE',  ( -1.000000000000000000, 0.0000000000000000000, 0.0000000000000000000 ) ) ;
#2345 = ORIENTED_EDGE ( 'NONE', *, *, #3163, .T. ) ;
#2346 = CARTESIAN_POINT ( 'NONE',  ( 0.0000000000000000000, 0.5900000000000003000, 0.0000000000000000000 ) ) ;
#2347 = LINE ( 'NONE', #1264, #37 ) ;
#2348 = EDGE_CURVE ( 'NONE', #1170, #1934, #1486, .T. ) ;
#2349 = CARTESIAN_POINT ( 'NONE',  ( 0.0000000000000000000, 5.000000000000000900, 0.0000000000000000000 ) ) ;
#2350 = ORIENTED_EDGE ( 'NONE', *, *, #1939, .F. ) ;
#2351 = EDGE_CURVE ( 'NONE', #2130, #2577, #3142, .T. ) ;
#2352 = ORIENTED_EDGE ( 'NONE', *, *, #252, .F. ) ;
#2353 = VERTEX_POINT ( 'NONE', #3085 ) ;
#2354 = DIRECTION ( 'NONE',  ( -0.0000000000000000000, -0.0000000000000000000, -1.000000000000000000 ) ) ;
#2355 = DIRECTION ( 'NONE',  ( -0.0000000000000000000, 1.000000000000000000, -0.0000000000000000000 ) ) ;
#2356 = AXIS2_PLACEMENT_3D ( 'NONE', #1157, #2684, #1147 ) ;
#2357 = VERTEX_POINT ( 'NONE', #1800 ) ;
#2358 = CARTESIAN_POINT ( 'NONE',  ( 0.0000000000000000000, 4.100000000000000500, 0.0000000000000000000 ) ) ;
#2359 = DIRECTION ( 'NONE',  ( 0.0000000000000000000, 0.0000000000000000000, 1.000000000000000000 ) ) ;
#2360 = ORIENTED_EDGE ( 'NONE', *, *, #3116, .F. ) ;
#2361 = FACE_OUTER_BOUND ( 'NONE', #3294, .T. ) ;
#2362 = APPROVAL ( #3239, 'UNKNOWN' ) ;
#2363 = EDGE_CURVE ( 'NONE', #1998, #209, #3231, .T. ) ;
#2364 = ORIENTED_EDGE ( 'NONE', *, *, #2197, .F. ) ;
#2365 = FACE_OUTER_BOUND ( 'NONE', #1555, .T. ) ;
#2366 = CARTESIAN_POINT ( 'NONE',  ( 6.949870585161230700E-016, 4.949999999999997500, -5.675000000000000700 ) ) ;
#2367 = ORIENTED_EDGE ( 'NONE', *, *, #293, .F. ) ;
#2368 = COORDINATED_UNIVERSAL_TIME_OFFSET ( 6, 0, .BEHIND. ) ;
#2369 = DIRECTION ( 'NONE',  ( 0.0000000000000000000, 1.000000000000000000, 0.0000000000000000000 ) ) ;
#2370 = EDGE_CURVE ( 'NONE', #423, #446, #376, .T. ) ;
#2371 = EDGE_LOOP ( 'NONE', ( #2350, #2742, #3145, #212 ) ) ;
#2372 = CARTESIAN_POINT ( 'NONE',  ( 0.0000000000000000000, 0.4400000000000011700, 5.875000000000000900 ) ) ;
#2373 = AXIS2_PLACEMENT_3D ( 'NONE', #2531, #2407, #368 ) ;
#2374 = PRODUCT_DEFINITION_SHAPE ( 'NONE', 'NONE',  #3086 ) ;
#2375 = CARTESIAN_POINT ( 'NONE',  ( 0.0000000000000000000, 0.0000000000000000000, 0.0000000000000000000 ) ) ;
#2376 = VERTEX_POINT ( 'NONE', #1512 ) ;
#2377 = ORIENTED_EDGE ( 'NONE', *, *, #1593, .F. ) ;
#2378 = DIRECTION ( 'NONE',  ( 0.0000000000000000000, 1.000000000000000000, 0.0000000000000000000 ) ) ;
#2379 = CARTESIAN_POINT ( 'NONE',  ( 0.0000000000000000000, 4.410000000000000100, 5.875000000000000900 ) ) ;
#2380 = CIRCLE ( 'NONE', #1655, 4.684903654632143400 ) ;
#2381 = CARTESIAN_POINT ( 'NONE',  ( 0.0000000000000000000, 0.0000000000000000000, 5.874999999999993800 ) ) ;
#2382 = PRODUCT_DEFINITION_FORMATION_WITH_SPECIFIED_SOURCE ( 'ANY', '', #2487, .NOT_KNOWN. ) ;
#2383 = ADVANCED_FACE ( 'NONE', ( #885, #803 ), #734, .T. ) ;
#2384 = CIRCLE ( 'NONE', #1384, 0.1500000000000008300 ) ;
#2385 = DIRECTION ( 'NONE',  ( 0.0000000000000000000, -1.000000000000000000, 0.0000000000000000000 ) ) ;
#2386 = FACE_BOUND ( 'NONE', #958, .T. ) ;
#2387 = CONICAL_SURFACE ( 'NONE', #724, 7.775000000000007500, 0.7853981633974482800 ) ;
#2388 = EDGE_CURVE ( 'NONE', #1875, #2495, #2452, .T. ) ;
#2389 = AXIS2_PLACEMENT_3D ( 'NONE', #437, #670, #1412 ) ;
#2390 = DIRECTION ( 'NONE',  ( 0.0000000000000000000, 0.0000000000000000000, 1.000000000000000000 ) ) ;
#2391 = VERTEX_POINT ( 'NONE', #3324 ) ;
#2392 = VECTOR ( 'NONE', #178, 1000.000000000000000 ) ;
#2393 = AXIS2_PLACEMENT_3D ( 'NONE', #3043, #2247, #720 ) ;
#2394 = DIRECTION ( 'NONE',  ( -0.0000000000000000000, -0.0000000000000000000, -1.000000000000000000 ) ) ;
#2395 = ORIENTED_EDGE ( 'NONE', *, *, #347, .T. ) ;
#2396 = EDGE_CURVE ( 'NONE', #2242, #3318, #1840, .T. ) ;
#2397 = DIRECTION ( 'NONE',  ( 0.0000000000000000000, 0.0000000000000000000, 1.000000000000000000 ) ) ;
#2398 = ORIENTED_EDGE ( 'NONE', *, *, #1495, .F. ) ;
#2399 = ADVANCED_FACE ( 'NONE', ( #1402, #1163 ), #1767, .T. ) ;
#2400 = ORIENTED_EDGE ( 'NONE', *, *, #2947, .F. ) ;
#2401 = CIRCLE ( 'NONE', #321, 8.000000000000000000 ) ;
#2402 = CARTESIAN_POINT ( 'NONE',  ( 0.0000000000000000000, 0.0000000000000000000, 0.0000000000000000000 ) ) ;
#2403 = AXIS2_PLACEMENT_3D ( 'NONE', #1349, #1874, #626 ) ;
#2404 = ORIENTED_EDGE ( 'NONE', *, *, #196, .T. ) ;
#2405 = VECTOR ( 'NONE', #3151, 1000.000000000000000 ) ;
#2406 = PERSON_AND_ORGANIZATION ( #215, #607 ) ;
#2407 = DIRECTION ( 'NONE',  ( -0.0000000000000000000, -0.0000000000000000000, -1.000000000000000000 ) ) ;
#2408 = ORIENTED_EDGE ( 'NONE', *, *, #3330, .T. ) ;
#2409 = CONICAL_SURFACE ( 'NONE', #232, 7.775000000000007500, 0.7853981633974482800 ) ;
#2410 = EDGE_CURVE ( 'NONE', #446, #423, #3104, .T. ) ;
#2411 = AXIS2_PLACEMENT_3D ( 'NONE', #1812, #305, #1072 ) ;
#2412 = ORIENTED_EDGE ( 'NONE', *, *, #1761, .T. ) ;
#2413 = ADVANCED_FACE ( 'NONE', ( #52, #647 ), #2881, .F. ) ;
#2414 = DIRECTION ( 'NONE',  ( 0.0000000000000000000, 0.0000000000000000000, -1.000000000000000000 ) ) ;
#2415 = DIRECTION ( 'NONE',  ( 0.0000000000000000000, 0.0000000000000000000, 1.000000000000000000 ) ) ;
#2416 = CALENDAR_DATE ( 2023, 4, 1 ) ;
#2417 = EDGE_CURVE ( 'NONE', #3025, #2018, #292, .T. ) ;
#2418 = CARTESIAN_POINT ( 'NONE',  ( 7.000000000000000900, 8.572527594031474200E-016, 0.0000000000000000000 ) ) ;
#2419 = DIRECTION ( 'NONE',  ( 0.0000000000000000000, -1.000000000000000000, 0.0000000000000000000 ) ) ;
#2420 = DIRECTION ( 'NONE',  ( 0.0000000000000000000, 0.0000000000000000000, 1.000000000000000000 ) ) ;
#2421 = ADVANCED_FACE ( 'NONE', ( #570 ), #1564, .T. ) ;
#2422 = ORIENTED_EDGE ( 'NONE', *, *, #1247, .T. ) ;
#2423 = AXIS2_PLACEMENT_3D ( 'NONE', #333, #838, #55 ) ;
#2424 = VECTOR ( 'NONE', #2517, 1000.000000000000000 ) ;
#2425 = AXIS2_PLACEMENT_3D ( 'NONE', #2771, #468, #926 ) ;
#2426 = DIRECTION ( 'NONE',  ( -0.0000000000000000000, -0.0000000000000000000, -1.000000000000000000 ) ) ;
#2427 = DIRECTION ( 'NONE',  ( 0.0000000000000000000, 0.0000000000000000000, -1.000000000000000000 ) ) ;
#2428 = ADVANCED_FACE ( 'NONE', ( #2870 ), #2409, .T. ) ;
#2429 = PRODUCT_RELATED_PRODUCT_CATEGORY ( 'detail', '', ( #3313 ) ) ;
#2430 = VECTOR ( 'NONE', #3112, 1000.000000000000000 ) ;
#2431 = PERSON_AND_ORGANIZATION_ROLE ( 'classification_officer' ) ;
#2432 = EDGE_CURVE ( 'NONE', #763, #614, #418, .T. ) ;
#2433 = DIRECTION ( 'NONE',  ( 0.0000000000000000000, 0.0000000000000000000, 1.000000000000000000 ) ) ;
#2434 = ORIENTED_EDGE ( 'NONE', *, *, #1893, .T. ) ;
#2435 = VECTOR ( 'NONE', #2186, 1000.000000000000100 ) ;
#2436 = ORIENTED_EDGE ( 'NONE', *, *, #1454, .T. ) ;
#2437 = EDGE_LOOP ( 'NONE', ( #2201, #3114, #2642, #561 ) ) ;
#2438 = AXIS2_PLACEMENT_3D ( 'NONE', #1541, #532, #2538 ) ;
#2439 = DIRECTION ( 'NONE',  ( 1.000000000000000000, 0.0000000000000000000, 0.0000000000000000000 ) ) ;
#2440 = AXIS2_PLACEMENT_3D ( 'NONE', #694, #2765, #3013 ) ;
#2441 = CARTESIAN_POINT ( 'NONE',  ( 0.0000000000000000000, 0.6000000000000053100, 0.0000000000000000000 ) ) ;
#2442 = CARTESIAN_POINT ( 'NONE',  ( 0.0000000000000000000, 0.0000000000000000000, -5.874999999999999100 ) ) ;
#2443 = DIRECTION ( 'NONE',  ( 0.0000000000000000000, 0.0000000000000000000, -1.000000000000000000 ) ) ;
#2444 = PERSON_AND_ORGANIZATION_ROLE ( 'creator' ) ;
#2445 = ORIENTED_EDGE ( 'NONE', *, *, #2576, .F. ) ;
#2446 = DIRECTION ( 'NONE',  ( -0.7071067811865474600, 0.0000000000000000000, -0.7071067811865474600 ) ) ;
#2447 = DIRECTION ( 'NONE',  ( 0.0000000000000000000, 0.0000000000000000000, -1.000000000000000000 ) ) ;
#2448 = ORIENTED_EDGE ( 'NONE', *, *, #315, .T. ) ;
#2449 = ADVANCED_FACE ( 'NONE', ( #2156 ), #3035, .F. ) ;
#2450 = DIRECTION ( 'NONE',  ( 0.0000000000000000000, 0.0000000000000000000, 1.000000000000000000 ) ) ;
#2451 = ORIENTED_EDGE ( 'NONE', *, *, #434, .T. ) ;
#2452 = LINE ( 'NONE', #1542, #218 ) ;
#2453 = APPROVAL_STATUS ( 'not_yet_approved' ) ;
#2454 = AXIS2_PLACEMENT_3D ( 'NONE', #2626, #864, #1626 ) ;
#2455 = AXIS2_PLACEMENT_3D ( 'NONE', #1654, #387, #1403 ) ;
#2456 = ORIENTED_EDGE ( 'NONE', *, *, #1768, .T. ) ;
#2457 = CALENDAR_DATE ( 2023, 4, 1 ) ;
#2458 = APPROVAL_STATUS ( 'not_yet_approved' ) ;
#2459 = ORIENTED_EDGE ( 'NONE', *, *, #3177, .T. ) ;
#2460 = CARTESIAN_POINT ( 'NONE',  ( 8.327598234201998200E-016, 0.0000000000000000000, -6.599999999999994300 ) ) ;
#2461 = LOCAL_TIME ( 15, 24, 33.00000000000000000, #3110 ) ;
#2462 = AXIS2_PLACEMENT_3D ( 'NONE', #1139, #2385, #842 ) ;
#2463 = ORIENTED_EDGE ( 'NONE', *, *, #1211, .T. ) ;
#2464 = CARTESIAN_POINT ( 'NONE',  ( 0.0000000000000000000, 0.0000000000000000000, -5.874999999999999100 ) ) ;
#2465 = APPROVAL_STATUS ( 'not_yet_approved' ) ;
#2466 = CIRCLE ( 'NONE', #697, 3.919999999999999900 ) ;
#2467 = EDGE_CURVE ( 'NONE', #2869, #2066, #130, .T. ) ;
#2468 = DIRECTION ( 'NONE',  ( 0.0000000000000000000, 0.0000000000000000000, -1.000000000000000000 ) ) ;
#2469 = CARTESIAN_POINT ( 'NONE',  ( 0.0000000000000000000, 0.1700000000000017600, 0.0000000000000000000 ) ) ;
#2470 = ADVANCED_FACE ( 'NONE', ( #2071 ), #2945, .F. ) ;
#2471 = DIRECTION ( 'NONE',  ( 0.0000000000000000000, -1.000000000000000000, 0.0000000000000000000 ) ) ;
#2472 = DIRECTION ( 'NONE',  ( 1.000000000000000000, 0.0000000000000000000, -0.0000000000000000000 ) ) ;
#2473 = VECTOR ( 'NONE', #2282, 1000.000000000000000 ) ;
#2474 = AXIS2_PLACEMENT_3D ( 'NONE', #946, #2998, #2468 ) ;
#2475 = FACE_OUTER_BOUND ( 'NONE', #2070, .T. ) ;
#2476 = CARTESIAN_POINT ( 'NONE',  ( 0.0000000000000000000, 4.100000000000000500, 6.800000000000000700 ) ) ;
#2477 = CIRCLE ( 'NONE', #1381, 0.1499999999999999700 ) ;
#2478 = DIRECTION ( 'NONE',  ( 0.0000000000000000000, 0.0000000000000000000, -1.000000000000000000 ) ) ;
#2479 = CARTESIAN_POINT ( 'NONE',  ( 0.0000000000000000000, 4.559999999999998700, 5.724999999999999600 ) ) ;
#2480 = CC_DESIGN_DATE_AND_TIME_ASSIGNMENT ( #1930, #402, ( #2120 ) ) ;
#2481 = ORIENTED_EDGE ( 'NONE', *, *, #851, .T. ) ;
#2482 = APPROVAL_ROLE ( '' ) ;
#2483 = TOROIDAL_SURFACE ( 'NONE', #1554, 5.724999999999999600, 0.1500000000000008500 ) ;
#2484 = EDGE_CURVE ( 'NONE', #760, #3318, #1759, .T. ) ;
#2485 = DIRECTION ( 'NONE',  ( -0.0000000000000000000, -0.0000000000000000000, -1.000000000000000000 ) ) ;
#2486 = ORIENTED_EDGE ( 'NONE', *, *, #111, .F. ) ;
#2487 = PRODUCT ( '3600-0004-3212 Assembly', '3600-0004-3212 Assembly', '', ( #3181 ) ) ;
#2488 = DIRECTION ( 'NONE',  ( 0.0000000000000000000, 1.000000000000000000, -0.0000000000000000000 ) ) ;
#2489 = EDGE_CURVE ( 'NONE', #2869, #1988, #2788, .T. ) ;
#2490 = AXIS2_PLACEMENT_3D ( 'NONE', #1185, #2494, #400 ) ;
#2491 = ORIENTED_EDGE ( 'NONE', *, *, #1471, .F. ) ;
#2492 = LINE ( 'NONE', #1265, #1685 ) ;
#2493 = DIRECTION ( 'NONE',  ( 8.659560562354921800E-017, -0.7071067811865486800, 0.7071067811865464600 ) ) ;
#2494 = DIRECTION ( 'NONE',  ( 0.0000000000000000000, -1.000000000000000000, 0.0000000000000000000 ) ) ;
#2495 = VERTEX_POINT ( 'NONE', #535 ) ;
#2496 = FACE_OUTER_BOUND ( 'NONE', #2499, .T. ) ;
#2497 = DATE_AND_TIME ( #94, #2574 ) ;
#2498 = AXIS2_PLACEMENT_3D ( 'NONE', #1973, #456, #688 ) ;
#2499 = EDGE_LOOP ( 'NONE', ( #2900, #737, #1919, #1745 ) ) ;
#2500 = LINE ( 'NONE', #693, #1038 ) ;
#2501 = CARTESIAN_POINT ( 'NONE',  ( 0.0000000000000000000, 4.559999999999998700, 5.875000000000000900 ) ) ;
#2502 = VERTEX_POINT ( 'NONE', #3153 ) ;
#2503 = AXIS2_PLACEMENT_3D ( 'NONE', #2670, #1912, #1877 ) ;
#2504 = DIRECTION ( 'NONE',  ( -0.0000000000000000000, -1.000000000000000000, -0.0000000000000000000 ) ) ;
#2505 = DIRECTION ( 'NONE',  ( 0.0000000000000000000, 0.0000000000000000000, 1.000000000000000000 ) ) ;
#2506 = ADVANCED_FACE ( 'NONE', ( #1125, #3308 ), #1048, .F. ) ;
#2507 = EDGE_LOOP ( 'NONE', ( #3136, #2567, #432, #2798 ) ) ;
#2508 = COORDINATED_UNIVERSAL_TIME_OFFSET ( 6, 0, .BEHIND. ) ;
#2509 = ORIENTED_EDGE ( 'NONE', *, *, #1724, .F. ) ;
#2510 = CYLINDRICAL_SURFACE ( 'NONE', #2403, 3.919999999999999900 ) ;
#2511 = CONICAL_SURFACE ( 'NONE', #372, 8.125000000000003600, 0.7853981633974482800 ) ;
#2512 = CARTESIAN_POINT ( 'NONE',  ( 0.0000000000000000000, 4.710000000000000000, 0.0000000000000000000 ) ) ;
#2514 = FACE_OUTER_BOUND ( 'NONE', #1955, .T. ) ;
#2513 = CARTESIAN_POINT ( 'NONE',  ( 0.0000000000000000000, 5.000000000000000000, 0.0000000000000000000 ) ) ;
#2515 = AXIS2_PLACEMENT_3D ( 'NONE', #912, #409, #1699 ) ;
#2516 = ORIENTED_EDGE ( 'NONE', *, *, #2838, .T. ) ;
#2517 = DIRECTION ( 'NONE',  ( -0.0000000000000000000, -0.0000000000000000000, -1.000000000000000000 ) ) ;
#2518 =( GEOMETRIC_REPRESENTATION_CONTEXT ( 3 ) GLOBAL_UNCERTAINTY_ASSIGNED_CONTEXT ( ( #2084 ) ) GLOBAL_UNIT_ASSIGNED_CONTEXT ( ( #2137, #1144, #1899 ) ) REPRESENTATION_CONTEXT ( 'NONE', 'WORKASPACE' ) );
#2519 = FACE_OUTER_BOUND ( 'NONE', #242, .T. ) ;
#2520 = ORIENTED_EDGE ( 'NONE', *, *, #1216, .T. ) ;
#2521 = ORIENTED_EDGE ( 'NONE', *, *, #1939, .T. ) ;
#2522 = DIRECTION ( 'NONE',  ( 0.0000000000000000000, 0.0000000000000000000, -1.000000000000000000 ) ) ;
#2523 = DIRECTION ( 'NONE',  ( 0.0000000000000000000, 0.0000000000000000000, 1.000000000000000000 ) ) ;
#2524 = VERTEX_POINT ( 'NONE', #3175 ) ;
#2525 = PLANE ( 'NONE',  #2928 ) ;
#2526 = ORIENTED_EDGE ( 'NONE', *, *, #2664, .T. ) ;
#2527 = DIRECTION ( 'NONE',  ( -0.0000000000000000000, -1.000000000000000000, -0.0000000000000000000 ) ) ;
#2528 = EDGE_CURVE ( 'NONE', #86, #1091, #491, .T. ) ;
#2529 = VERTEX_POINT ( 'NONE', #131 ) ;
#2530 = DIRECTION ( 'NONE',  ( 0.0000000000000000000, 1.000000000000000000, 0.0000000000000000000 ) ) ;
#2531 = CARTESIAN_POINT ( 'NONE',  ( 0.0000000000000000000, 0.0000000000000000000, 3.992179855667827400 ) ) ;
#2532 = ORIENTED_EDGE ( 'NONE', *, *, #1359, .T. ) ;
#2533 = FACE_OUTER_BOUND ( 'NONE', #2507, .T. ) ;
#2534 = DIRECTION ( 'NONE',  ( 0.0000000000000000000, 0.0000000000000000000, 1.000000000000000000 ) ) ;
#2535 = VERTEX_POINT ( 'NONE', #3200 ) ;
#2536 = PERSON_AND_ORGANIZATION ( #215, #607 ) ;
#2537 = AXIS2_PLACEMENT_3D ( 'NONE', #1797, #793, #31 ) ;
#2538 = DIRECTION ( 'NONE',  ( 0.0000000000000000000, 0.0000000000000000000, 1.000000000000000000 ) ) ;
#2539 = ORIENTED_EDGE ( 'NONE', *, *, #208, .F. ) ;
#2540 = DIRECTION ( 'NONE',  ( 0.0000000000000000000, 0.0000000000000000000, 1.000000000000000000 ) ) ;
#2541 = PERSON_AND_ORGANIZATION ( #215, #607 ) ;
#2542 = CC_DESIGN_DATE_AND_TIME_ASSIGNMENT ( #1248, #1951, ( #1260 ) ) ;
#2543 = ORIENTED_EDGE ( 'NONE', *, *, #2410, .F. ) ;
#2544 = EDGE_CURVE ( 'NONE', #486, #1910, #729, .T. ) ;
#2545 = DIRECTION ( 'NONE',  ( 0.0000000000000000000, 0.0000000000000000000, -1.000000000000000000 ) ) ;
#2546 = DIRECTION ( 'NONE',  ( 0.0000000000000000000, 0.0000000000000000000, 1.000000000000000000 ) ) ;
#2547 = DIRECTION ( 'NONE',  ( -1.000000000000000000, 0.0000000000000000000, 1.224646799147353200E-016 ) ) ;
#2548 = CONICAL_SURFACE ( 'NONE', #2090, 4.747035688988109600, 0.7853981633974468400 ) ;
#2549 = DIRECTION ( 'NONE',  ( -0.0000000000000000000, -0.0000000000000000000, -1.000000000000000000 ) ) ;
#2550 = FACE_OUTER_BOUND ( 'NONE', #2437, .T. ) ;
#2551 = EDGE_CURVE ( 'NONE', #2357, #2122, #2578, .T. ) ;
#2552 = AXIS2_PLACEMENT_3D ( 'NONE', #18, #2818, #1806 ) ;
#2553 = DIRECTION ( 'NONE',  ( 0.0000000000000000000, 0.0000000000000000000, 1.000000000000000000 ) ) ;
#2554 = AXIS2_PLACEMENT_3D ( 'NONE', #1420, #2747, #689 ) ;
#2555 = FACE_OUTER_BOUND ( 'NONE', #3126, .T. ) ;
#2556 = CIRCLE ( 'NONE', #955, 3.919999999999999900 ) ;
#2557 = DIRECTION ( 'NONE',  ( 0.0000000000000000000, 0.0000000000000000000, 1.000000000000000000 ) ) ;
#2558 = DIRECTION ( 'NONE',  ( 0.0000000000000000000, 1.000000000000000000, 0.0000000000000000000 ) ) ;
#2559 = CARTESIAN_POINT ( 'NONE',  ( 8.125000000000000000, 9.950255243072244600E-016, -5.999999999999999100 ) ) ;
#2560 = CIRCLE ( 'NONE', #2865, 8.125000000000003600 ) ;
#2561 = ADVANCED_FACE ( 'NONE', ( #1730 ), #2701, .F. ) ;
#2562 = ORIENTED_EDGE ( 'NONE', *, *, #2009, .T. ) ;
#2563 = ORIENTED_EDGE ( 'NONE', *, *, #3131, .F. ) ;
#2564 = DIRECTION ( 'NONE',  ( 0.0000000000000000000, -0.0000000000000000000, -1.000000000000000000 ) ) ;
#2565 = PRODUCT_RELATED_PRODUCT_CATEGORY ( 'detail', '', ( #277 ) ) ;
#2566 = ORIENTED_EDGE ( 'NONE', *, *, #2241, .T. ) ;
#2567 = ORIENTED_EDGE ( 'NONE', *, *, #2348, .F. ) ;
#2568 = CARTESIAN_POINT ( 'NONE',  ( 0.0000000000000000000, 0.0000000000000000000, 0.0000000000000000000 ) ) ;
#2569 = DIRECTION ( 'NONE',  ( 0.0000000000000000000, 1.000000000000000000, -0.0000000000000000000 ) ) ;
#2570 = ORIENTED_EDGE ( 'NONE', *, *, #87, .T. ) ;
#2571 = CARTESIAN_POINT ( 'NONE',  ( 0.0000000000000000000, 0.0000000000000000000, 2.000000000000000000 ) ) ;
#2572 = ORIENTED_EDGE ( 'NONE', *, *, #192, .T. ) ;
#2573 = CYLINDRICAL_SURFACE ( 'NONE', #2968, 2.000000000000000000 ) ;
#2574 = LOCAL_TIME ( 15, 24, 33.00000000000000000, #2831 ) ;
#2575 = DIRECTION ( 'NONE',  ( 0.0000000000000000000, 0.0000000000000000000, 1.000000000000000000 ) ) ;
#2576 = EDGE_CURVE ( 'NONE', #2018, #1513, #1210, .T. ) ;
#2577 = VERTEX_POINT ( 'NONE', #1883 ) ;
#2578 = CIRCLE ( 'NONE', #1192, 7.000000000000000900 ) ;
#2579 = DIRECTION ( 'NONE',  ( 0.0000000000000000000, 0.0000000000000000000, 1.000000000000000000 ) ) ;
#2580 = ORIENTED_EDGE ( 'NONE', *, *, #1359, .F. ) ;
#2581 = DIRECTION ( 'NONE',  ( 0.0000000000000000000, 0.0000000000000000000, 1.000000000000000000 ) ) ;
#2582 = AXIS2_PLACEMENT_3D ( 'NONE', #856, #2934, #615 ) ;
#2583 = DIRECTION ( 'NONE',  ( 0.0000000000000000000, 0.0000000000000000000, 1.000000000000000000 ) ) ;
#2584 = EDGE_LOOP ( 'NONE', ( #366, #1769, #1124, #3019 ) ) ;
#2585 = CARTESIAN_POINT ( 'NONE',  ( -15.75000000000000000, 0.0000000000000000000, 0.0000000000000000000 ) ) ;
#2586 = APPROVAL_DATE_TIME ( #2759, #2791 ) ;
#2587 = ORIENTED_EDGE ( 'NONE', *, *, #1952, .F. ) ;
#2588 = EDGE_CURVE ( 'NONE', #3277, #928, #2989, .T. ) ;
#2589 = FACE_OUTER_BOUND ( 'NONE', #2040, .T. ) ;
#2590 = DIRECTION ( 'NONE',  ( 0.0000000000000000000, 0.0000000000000000000, -1.000000000000000000 ) ) ;
#2591 = CARTESIAN_POINT ( 'NONE',  ( 0.0000000000000000000, 32.55670631985086800, -7.974999999999999600 ) ) ;
#2592 = CARTESIAN_POINT ( 'NONE',  ( 0.0000000000000000000, 0.2400000000000041000, 0.0000000000000000000 ) ) ;
#2593 = CYLINDRICAL_SURFACE ( 'NONE', #1153, 3.941926947736152700 ) ;
#2594 = EDGE_CURVE ( 'NONE', #413, #48, #1314, .T. ) ;
#2595 = DIRECTION ( 'NONE',  ( -0.0000000000000000000, -1.000000000000000000, -0.0000000000000000000 ) ) ;
#2596 = AXIS2_PLACEMENT_3D ( 'NONE', #1390, #2419, #2920 ) ;
#2597 = ADVANCED_BREP_SHAPE_REPRESENTATION ( '', ( #222, #801, #2132, #1279 ), #2695 ) ;
#2598 = ORIENTED_EDGE ( 'NONE', *, *, #239, .T. ) ;
#2599 = CIRCLE ( 'NONE', #976, 5.875000000000000900 ) ;
#2600 = DIRECTION ( 'NONE',  ( 0.0000000000000000000, -1.000000000000000000, 0.0000000000000000000 ) ) ;
#2601 = DIRECTION ( 'NONE',  ( -0.0000000000000000000, -0.0000000000000000000, -1.000000000000000000 ) ) ;
#2602 = DIRECTION ( 'NONE',  ( 0.0000000000000000000, 0.0000000000000000000, -1.000000000000000000 ) ) ;
#2603 = VERTEX_POINT ( 'NONE', #2653 ) ;
#2604 = CIRCLE ( 'NONE', #598, 7.000000000000000000 ) ;
#2605 = CARTESIAN_POINT ( 'NONE',  ( 0.0000000000000000000, 0.2999999999999999900, -4.684903654632143400 ) ) ;
#2606 = CARTESIAN_POINT ( 'NONE',  ( 0.0000000000000000000, 0.0000000000000000000, 0.0000000000000000000 ) ) ;
#2607 = EDGE_LOOP ( 'NONE', ( #1763, #1236 ) ) ;
#2608 = DIRECTION ( 'NONE',  ( 0.0000000000000000000, 0.0000000000000000000, 1.000000000000000000 ) ) ;
#2609 = EDGE_CURVE ( 'NONE', #1795, #1923, #459, .T. ) ;
#2610 = ORIENTED_EDGE ( 'NONE', *, *, #2069, .F. ) ;
#2611 = DIRECTION ( 'NONE',  ( -0.0000000000000000000, -1.000000000000000000, -0.0000000000000000000 ) ) ;
#2612 = ORIENTED_EDGE ( 'NONE', *, *, #1706, .T. ) ;
#2613 = FACE_OUTER_BOUND ( 'NONE', #1729, .T. ) ;
#2614 = DIRECTION ( 'NONE',  ( 0.0000000000000000000, 0.0000000000000000000, -1.000000000000000000 ) ) ;
#2615 = CARTESIAN_POINT ( 'NONE',  ( 2.632990618166812700E-016, 0.0000000000000000000, 2.150000000000002600 ) ) ;
#2616 = AXIS2_PLACEMENT_3D ( 'NONE', #591, #813, #1598 ) ;
#2617 = ORIENTED_EDGE ( 'NONE', *, *, #767, .T. ) ;
#2618 = VECTOR ( 'NONE', #102, 1000.000000000000100 ) ;
#2619 = CARTESIAN_POINT ( 'NONE',  ( 0.0000000000000000000, 5.000000000000000000, 0.0000000000000000000 ) ) ;
#2620 = CARTESIAN_POINT ( 'NONE',  ( 0.0000000000000000000, 4.559999999999998700, 5.574999999999999300 ) ) ;
#2621 = DIRECTION ( 'NONE',  ( 0.0000000000000000000, 0.0000000000000000000, 1.000000000000000000 ) ) ;
#2622 = EDGE_LOOP ( 'NONE', ( #105, #2940, #3095, #187 ) ) ;
#2623 = COORDINATED_UNIVERSAL_TIME_OFFSET ( 6, 0, .BEHIND. ) ;
#2624 = ORIENTED_EDGE ( 'NONE', *, *, #2640, .T. ) ;
#2625 = CALENDAR_DATE ( 2023, 4, 1 ) ;
#2626 = CARTESIAN_POINT ( 'NONE',  ( -7.011102925118597500E-016, 0.4400000000000011700, -5.724999999999999600 ) ) ;
#2627 = ORIENTED_EDGE ( 'NONE', *, *, #1666, .F. ) ;
#2628 = AXIS2_PLACEMENT_3D ( 'NONE', #2757, #684, #2769 ) ;
#2629 = APPROVAL ( #1445, 'UNSPECIFIED' ) ;
#2630 = ADVANCED_FACE ( 'NONE', ( #1081 ), #1876, .T. ) ;
#2631 = FACE_OUTER_BOUND ( 'NONE', #2236, .T. ) ;
#2632 = VECTOR ( 'NONE', #2848, 1000.000000000000200 ) ;
#2633 = EDGE_CURVE ( 'NONE', #1783, #1733, #1920, .T. ) ;
#2634 = LINE ( 'NONE', #1056, #1502 ) ;
#2635 = DIRECTION ( 'NONE',  ( -0.0000000000000000000, -1.000000000000000000, -0.0000000000000000000 ) ) ;
#2636 = LINE ( 'NONE', #1045, #314 ) ;
#2637 = DIRECTION ( 'NONE',  ( 1.224646799147352700E-016, 0.0000000000000000000, -1.000000000000000000 ) ) ;
#2638 = CARTESIAN_POINT ( 'NONE',  ( 4.592425496802570000E-016, 0.0000000000000000000, -3.749999999999996400 ) ) ;
#2639 = CIRCLE ( 'NONE', #2393, 7.974999999999999600 ) ;
#2640 = EDGE_CURVE ( 'NONE', #3302, #2873, #2322, .T. ) ;
#2641 = DIRECTION ( 'NONE',  ( 0.0000000000000000000, 0.0000000000000000000, 1.000000000000000000 ) ) ;
#2642 = ORIENTED_EDGE ( 'NONE', *, *, #3093, .T. ) ;
#2643 = ADVANCED_FACE ( 'NONE', ( #2365, #1996 ), #1346, .F. ) ;
#2644 = ORIENTED_EDGE ( 'NONE', *, *, #594, .F. ) ;
#2645 = DIRECTION ( 'NONE',  ( 0.0000000000000000000, 0.0000000000000000000, 1.000000000000000000 ) ) ;
#2646 = DIRECTION ( 'NONE',  ( 1.000000000000000000, 0.0000000000000000000, 0.0000000000000000000 ) ) ;
#2647 = AXIS2_PLACEMENT_3D ( 'NONE', #349, #1088, #583 ) ;
#2648 = EDGE_LOOP ( 'NONE', ( #3132, #1908, #638, #776 ) ) ;
#2649 = PLANE ( 'NONE',  #128 ) ;
#2650 = DIRECTION ( 'NONE',  ( 0.0000000000000000000, 0.0000000000000000000, 1.000000000000000000 ) ) ;
#2651 = ORIENTED_EDGE ( 'NONE', *, *, #2964, .T. ) ;
#2652 = FACE_OUTER_BOUND ( 'NONE', #2978, .T. ) ;
#2653 = CARTESIAN_POINT ( 'NONE',  ( -15.75000000000000000, 0.0000000000000000000, 3.992179855667827400 ) ) ;
#2654 = EDGE_CURVE ( 'NONE', #3174, #1923, #3278, .T. ) ;
#2655 = ORIENTED_EDGE ( 'NONE', *, *, #21, .T. ) ;
#2656 = LINE ( 'NONE', #313, #1959 ) ;
#2657 = DIRECTION ( 'NONE',  ( -0.0000000000000000000, -0.0000000000000000000, -1.000000000000000000 ) ) ;
#2658 = ORIENTED_EDGE ( 'NONE', *, *, #1031, .T. ) ;
#2659 = APPROVAL_DATE_TIME ( #696, #2629 ) ;
#2660 = PLANE ( 'NONE',  #713 ) ;
#2661 = ORIENTED_EDGE ( 'NONE', *, *, #1779, .T. ) ;
#2662 = DIRECTION ( 'NONE',  ( 0.6427876096865300400, 0.0000000000000000000, 0.7660444431189859000 ) ) ;
#2663 = ADVANCED_FACE ( 'NONE', ( #2533 ), #331, .F. ) ;
#2664 = EDGE_CURVE ( 'NONE', #3039, #2524, #2500, .T. ) ;
#2665 = ORIENTED_EDGE ( 'NONE', *, *, #2030, .T. ) ;
#2666 = PERSON_AND_ORGANIZATION ( #215, #607 ) ;
#2667 = AXIS2_PLACEMENT_3D ( 'NONE', #2148, #1405, #2159 ) ;
#2668 = ORIENTED_EDGE ( 'NONE', *, *, #3131, .T. ) ;
#2669 = DIRECTION ( 'NONE',  ( -1.000000000000000000, 0.0000000000000000000, 0.0000000000000000000 ) ) ;
#2670 = CARTESIAN_POINT ( 'NONE',  ( 25.46010166682322100, 19.10311200532532900, 35.78625243460464800 ) ) ;
#2671 = CONICAL_SURFACE ( 'NONE', #2694, 15.62500000000000000, 0.7853981633974482800 ) ;
#2672 = DIRECTION ( 'NONE',  ( 0.0000000000000000000, 0.0000000000000000000, 1.000000000000000000 ) ) ;
#2673 = DIRECTION ( 'NONE',  ( 0.0000000000000000000, 0.0000000000000000000, 1.000000000000000000 ) ) ;
#2674 = DIRECTION ( 'NONE',  ( 0.7660444431189859000, 0.0000000000000000000, -0.6427876096865300400 ) ) ;
#2675 = LINE ( 'NONE', #2961, #509 ) ;
#2676 = DIRECTION ( 'NONE',  ( -0.0000000000000000000, -0.0000000000000000000, -1.000000000000000000 ) ) ;
#2677 = CIRCLE ( 'NONE', #1913, 5.875000000000000900 ) ;
#2678 = ADVANCED_FACE ( 'NONE', ( #962 ), #1689, .T. ) ;
#2679 = CARTESIAN_POINT ( 'NONE',  ( 4.800615452657624800E-016, 0.1700000000000017600, 3.919999999999999900 ) ) ;
#2680 = AXIS2_PLACEMENT_3D ( 'NONE', #2854, #1288, #3106 ) ;
#2681 = ORIENTED_EDGE ( 'NONE', *, *, #2106, .T. ) ;
#2682 = CIRCLE ( 'NONE', #1268, 5.725000000000007600 ) ;
#2683 = AXIS2_PLACEMENT_3D ( 'NONE', #1478, #998, #469 ) ;
#2684 = DIRECTION ( 'NONE',  ( 0.0000000000000000000, -1.000000000000000000, 0.0000000000000000000 ) ) ;
#2685 = DIRECTION ( 'NONE',  ( -0.0000000000000000000, 1.000000000000000000, -0.0000000000000000000 ) ) ;
#2686 = DIRECTION ( 'NONE',  ( -0.0000000000000000000, 1.000000000000000000, -0.0000000000000000000 ) ) ;
#2687 = ORIENTED_EDGE ( 'NONE', *, *, #2351, .F. ) ;
#2688 = CIRCLE ( 'NONE', #1106, 15.75000000000000000 ) ;
#2689 = DIRECTION ( 'NONE',  ( -0.6427876096865301500, -0.0000000000000000000, -0.7660444431189860100 ) ) ;
#2690 = ORIENTED_EDGE ( 'NONE', *, *, #745, .T. ) ;
#2691 = ADVANCED_FACE ( 'NONE', ( #3067 ), #3188, .T. ) ;
#2692 = DIRECTION ( 'NONE',  ( 0.0000000000000000000, 0.0000000000000000000, 1.000000000000000000 ) ) ;
#2693 = ORIENTED_EDGE ( 'NONE', *, *, #2241, .F. ) ;
#2694 = AXIS2_PLACEMENT_3D ( 'NONE', #162, #659, #2732 ) ;
#2695 =( GEOMETRIC_REPRESENTATION_CONTEXT ( 3 ) GLOBAL_UNCERTAINTY_ASSIGNED_CONTEXT ( ( #116 ) ) GLOBAL_UNIT_ASSIGNED_CONTEXT ( ( #878, #3215, #2959 ) ) REPRESENTATION_CONTEXT ( 'NONE', 'WORKASPACE' ) );
#2696 = ORIENTED_EDGE ( 'NONE', *, *, #759, .T. ) ;
#2697 = CONICAL_SURFACE ( 'NONE', #2016, 2.150000000000002600, 0.5235987755983043700 ) ;
#2698 = DIRECTION ( 'NONE',  ( 0.0000000000000000000, 0.0000000000000000000, 1.000000000000000000 ) ) ;
#2699 = CARTESIAN_POINT ( 'NONE',  ( 0.0000000000000000000, 4.740192378864668900, 0.0000000000000000000 ) ) ;
#2700 = ORIENTED_EDGE ( 'NONE', *, *, #1495, .T. ) ;
#2701 = CYLINDRICAL_SURFACE ( 'NONE', #2775, 8.000000000000000000 ) ;
#2702 = CARTESIAN_POINT ( 'NONE',  ( 8.000000000000000000, 9.797174393178825700E-016, -4.999999999999998200 ) ) ;
#2703 = ORIENTED_EDGE ( 'NONE', *, *, #1991, .F. ) ;
#2704 = APPROVAL_PERSON_ORGANIZATION ( #58, #1049, #2482 ) ;
#2705 = CARTESIAN_POINT ( 'NONE',  ( 0.0000000000000000000, 0.0000000000000000000, 5.874999999999997300 ) ) ;
#2706 = ORIENTED_EDGE ( 'NONE', *, *, #1906, .T. ) ;
#2707 = LOCAL_TIME ( 15, 24, 33.00000000000000000, #2508 ) ;
#2708 = EDGE_CURVE ( 'NONE', #2823, #166, #1965, .T. ) ;
#2709 = DIRECTION ( 'NONE',  ( 0.0000000000000000000, 0.0000000000000000000, 1.000000000000000000 ) ) ;
#2710 = CARTESIAN_POINT ( 'NONE',  ( 0.0000000000000000000, 4.559999999999998700, 0.0000000000000000000 ) ) ;
#2711 = DIRECTION ( 'NONE',  ( 1.000000000000000000, 0.0000000000000000000, -1.224646799147353200E-016 ) ) ;
#2712 = ADVANCED_FACE ( 'NONE', ( #1274, #1649 ), #897, .F. ) ;
#2713 = VERTEX_POINT ( 'NONE', #2702 ) ;
#2714 = DATE_TIME_ROLE ( 'classification_date' ) ;
#2715 = AXIS2_PLACEMENT_3D ( 'NONE', #2381, #2951, #390 ) ;
#2716 = DIRECTION ( 'NONE',  ( -1.000000000000000000, 0.0000000000000000000, 0.0000000000000000000 ) ) ;
#2717 = CIRCLE ( 'NONE', #2582, 5.875000000000000900 ) ;
#2718 = CARTESIAN_POINT ( 'NONE',  ( 0.0000000000000000000, 0.2999999999999999900, -3.919999999999999900 ) ) ;
#2719 = TOROIDAL_SURFACE ( 'NONE', #2936, 5.724999999999999600, 0.1500000000000008500 ) ;
#2720 = APPLICATION_PROTOCOL_DEFINITION ( 'international standard', 'config_control_design', 1994, #1376 ) ;
#2721 = FACE_OUTER_BOUND ( 'NONE', #1115, .T. ) ;
#2722 = DIRECTION ( 'NONE',  ( -0.0000000000000000000, -1.000000000000000000, -0.0000000000000000000 ) ) ;
#2723 = DIRECTION ( 'NONE',  ( 0.0000000000000000000, 0.0000000000000000000, 1.000000000000000000 ) ) ;
#2724 = CC_DESIGN_PERSON_AND_ORGANIZATION_ASSIGNMENT ( #1281, #2963, ( #1260 ) ) ;
#2725 = CIRCLE ( 'NONE', #2440, 5.675000000000000700 ) ;
#2726 = EDGE_CURVE ( 'NONE', #166, #1002, #613, .T. ) ;
#2727 = PLANE ( 'NONE',  #3288 ) ;
#2729 = CIRCLE ( 'NONE', #2758, 3.941926947736152700 ) ;
#2728 = CARTESIAN_POINT ( 'NONE',  ( 0.0000000000000000000, 0.0000000000000000000, -5.874999999999999100 ) ) ;
#2730 = ADVANCED_FACE ( 'NONE', ( #1803, #2246 ), #2727, .T. ) ;
#2731 = ORIENTED_EDGE ( 'NONE', *, *, #177, .F. ) ;
#2732 = DIRECTION ( 'NONE',  ( 1.000000000000000000, 0.0000000000000000000, 0.0000000000000000000 ) ) ;
#2733 = ORIENTED_EDGE ( 'NONE', *, *, #1121, .T. ) ;
#2734 = CARTESIAN_POINT ( 'NONE',  ( 0.0000000000000000000, 32.55670631985086800, 0.0000000000000000000 ) ) ;
#2735 = PLANE ( 'NONE',  #2953 ) ;
#2736 = ORIENTED_EDGE ( 'NONE', *, *, #2664, .F. ) ;
#2737 = CARTESIAN_POINT ( 'NONE',  ( 0.0000000000000000000, 0.4400000000000002800, 0.0000000000000000000 ) ) ;
#2738 = DIRECTION ( 'NONE',  ( 0.0000000000000000000, 0.0000000000000000000, 1.000000000000000000 ) ) ;
#2739 = ORIENTED_EDGE ( 'NONE', *, *, #1373, .F. ) ;
#2740 = CIRCLE ( 'NONE', #101, 6.599999999999994300 ) ;
#2741 = CARTESIAN_POINT ( 'NONE',  ( 0.0000000000000000000, 4.800000000000008700, 0.0000000000000000000 ) ) ;
#2742 = ORIENTED_EDGE ( 'NONE', *, *, #1393, .T. ) ;
#2743 = LINE ( 'NONE', #2585, #1915 ) ;
#2744 = DATE_AND_TIME ( #845, #1450 ) ;
#2745 = CC_DESIGN_PERSON_AND_ORGANIZATION_ASSIGNMENT ( #2162, #1943, ( #3313 ) ) ;
#2746 = CARTESIAN_POINT ( 'NONE',  ( 6.949870585161231700E-016, 0.2400000000000041000, -5.675000000000001600 ) ) ;
#2747 = DIRECTION ( 'NONE',  ( -0.0000000000000000000, -0.0000000000000000000, -1.000000000000000000 ) ) ;
#2748 = VERTEX_POINT ( 'NONE', #2193 ) ;
#2749 = PERSON_AND_ORGANIZATION ( #215, #607 ) ;
#2750 = DIRECTION ( 'NONE',  ( 0.0000000000000000000, -0.7071067811865352500, -0.7071067811865597900 ) ) ;
#2751 = ADVANCED_FACE ( 'NONE', ( #2613 ), #726, .F. ) ;
#2752 = APPROVAL_ROLE ( '' ) ;
#2753 = ORIENTED_EDGE ( 'NONE', *, *, #1140, .T. ) ;
#2754 = CARTESIAN_POINT ( 'NONE',  ( 0.0000000000000000000, 0.2999999999999999900, 0.0000000000000000000 ) ) ;
#2755 = EDGE_CURVE ( 'NONE', #1591, #3129, #1726, .T. ) ;
#2756 = EDGE_LOOP ( 'NONE', ( #2917, #2655, #757, #643 ) ) ;
#2757 = CARTESIAN_POINT ( 'NONE',  ( 5.737352264958993800E-016, 4.559999999999999600, -4.684903654632145200 ) ) ;
#2758 = AXIS2_PLACEMENT_3D ( 'NONE', #283, #2319, #1040 ) ;
#2759 = DATE_AND_TIME ( #970, #1657 ) ;
#2760 = VERTEX_POINT ( 'NONE', #1682 ) ;
#2761 = EDGE_CURVE ( 'NONE', #639, #1246, #93, .T. ) ;
#2762 = CARTESIAN_POINT ( 'NONE',  ( 0.0000000000000000000, 5.000000000000000000, 0.0000000000000000000 ) ) ;
#2763 = CARTESIAN_POINT ( 'NONE',  ( 0.0000000000000000000, 4.760000000000002500, 5.675000000000000700 ) ) ;
#2764 = CIRCLE ( 'NONE', #2992, 4.000000000000000000 ) ;
#2765 = DIRECTION ( 'NONE',  ( 0.0000000000000000000, 1.000000000000000000, 0.0000000000000000000 ) ) ;
#2766 = CIRCLE ( 'NONE', #753, 0.1500000000000007700 ) ;
#2767 = AXIS2_PLACEMENT_3D ( 'NONE', #2144, #2378, #1109 ) ;
#2768 = ADVANCED_FACE ( 'NONE', ( #289 ), #2203, .F. ) ;
#2769 = DIRECTION ( 'NONE',  ( 1.224646799147353200E-016, 0.0000000000000000000, -1.000000000000000000 ) ) ;
#2770 = CIRCLE ( 'NONE', #1581, 5.574999999999999300 ) ;
#2771 = CARTESIAN_POINT ( 'NONE',  ( 0.0000000000000000000, 4.100000000000000500, 0.0000000000000000000 ) ) ;
#2772 = DIRECTION ( 'NONE',  ( -0.0000000000000000000, 1.000000000000000000, -0.0000000000000000000 ) ) ;
#2773 = ORIENTED_EDGE ( 'NONE', *, *, #3199, .F. ) ;
#2774 = LINE ( 'NONE', #1391, #2143 ) ;
#2775 = AXIS2_PLACEMENT_3D ( 'NONE', #1117, #1130, #1860 ) ;
#2776 = DIRECTION ( 'NONE',  ( 0.0000000000000000000, 0.0000000000000000000, 1.000000000000000000 ) ) ;
#2777 = ORIENTED_EDGE ( 'NONE', *, *, #123, .T. ) ;
#2778 = CARTESIAN_POINT ( 'NONE',  ( -7.000000000000000900, 0.0000000000000000000, 0.0000000000000000000 ) ) ;
#2779 = ORIENTED_EDGE ( 'NONE', *, *, #3177, .F. ) ;
#2780 = EDGE_CURVE ( 'NONE', #892, #1992, #3031, .T. ) ;
#2781 = AXIS2_PLACEMENT_3D ( 'NONE', #2442, #2427, #1645 ) ;
#2782 = ORIENTED_EDGE ( 'NONE', *, *, #1616, .F. ) ;
#2783 = CARTESIAN_POINT ( 'NONE',  ( 0.0000000000000000000, 4.760000000000002500, 0.0000000000000000000 ) ) ;
#2784 = ORIENTED_EDGE ( 'NONE', *, *, #2000, .F. ) ;
#2785 = LINE ( 'NONE', #2571, #2114 ) ;
#2786 = CARTESIAN_POINT ( 'NONE',  ( 0.0000000000000000000, 0.0000000000000000000, 3.749999999999996400 ) ) ;
#2787 = ORIENTED_EDGE ( 'NONE', *, *, #533, .F. ) ;
#2788 = CIRCLE ( 'NONE', #2411, 5.003101706166090100 ) ;
#2789 = VERTEX_POINT ( 'NONE', #3252 ) ;
#2790 = CALENDAR_DATE ( 2023, 4, 1 ) ;
#2791 = APPROVAL ( #2202, 'UNSPECIFIED' ) ;
#2792 = EDGE_CURVE ( 'NONE', #1461, #1839, #2743, .T. ) ;
#2793 = DIRECTION ( 'NONE',  ( 0.0000000000000000000, 0.0000000000000000000, 1.000000000000000000 ) ) ;
#2794 = CARTESIAN_POINT ( 'NONE',  ( 0.0000000000000000000, 0.05000000000000490200, 0.0000000000000000000 ) ) ;
#2795 = ORIENTED_EDGE ( 'NONE', *, *, #3330, .F. ) ;
#2796 = LOCAL_TIME ( 15, 24, 33.00000000000000000, #138 ) ;
#2797 = DIRECTION ( 'NONE',  ( 0.0000000000000000000, 0.0000000000000000000, 1.000000000000000000 ) ) ;
#2798 = ORIENTED_EDGE ( 'NONE', *, *, #1779, .F. ) ;
#2799 = DIRECTION ( 'NONE',  ( 1.000000000000000000, 0.0000000000000000000, 0.0000000000000000000 ) ) ;
#2800 = AXIS2_PLACEMENT_3D ( 'NONE', #66, #3135, #2340 ) ;
#2801 = DIRECTION ( 'NONE',  ( -1.000000000000000000, -1.224646799147353500E-016, 0.0000000000000000000 ) ) ;
#2802 = CIRCLE ( 'NONE', #1295, 0.1499999999999999700 ) ;
#2803 = FACE_OUTER_BOUND ( 'NONE', #1073, .T. ) ;
#2804 = DIRECTION ( 'NONE',  ( 0.0000000000000000000, 0.0000000000000000000, 1.000000000000000000 ) ) ;
#2805 = DIRECTION ( 'NONE',  ( 0.0000000000000000000, 1.000000000000000000, 0.0000000000000000000 ) ) ;
#2806 = CYLINDRICAL_SURFACE ( 'NONE', #2250, 5.675000000000000700 ) ;
#2808 = DIRECTION ( 'NONE',  ( -0.0000000000000000000, 1.000000000000000000, -0.0000000000000000000 ) ) ;
#2807 = VECTOR ( 'NONE', #522, 1000.000000000000100 ) ;
#2809 = DIRECTION ( 'NONE',  ( 0.0000000000000000000, 0.0000000000000000000, -1.000000000000000000 ) ) ;
#2810 = AXIS2_PLACEMENT_3D ( 'NONE', #973, #1969, #3291 ) ;
#2811 = VERTEX_POINT ( 'NONE', #1532 ) ;
#2812 = CARTESIAN_POINT ( 'NONE',  ( 4.827468219017775700E-016, 0.2999999999999999900, 3.941926947736152700 ) ) ;
#2813 = APPROVAL ( #2458, 'UNSPECIFIED' ) ;
#2814 = CIRCLE ( 'NONE', #2373, 15.75000000000000000 ) ;
#2815 = EDGE_LOOP ( 'NONE', ( #2892, #2733, #3296, #2292 ) ) ;
#2816 = DIRECTION ( 'NONE',  ( -1.000000000000000000, 0.0000000000000000000, 0.0000000000000000000 ) ) ;
#2817 = CARTESIAN_POINT ( 'NONE',  ( 0.0000000000000000000, 5.000000000000000000, 2.150000000000000800 ) ) ;
#2818 = DIRECTION ( 'NONE',  ( -0.0000000000000000000, -0.0000000000000000000, -1.000000000000000000 ) ) ;
#2819 = EDGE_CURVE ( 'NONE', #2037, #763, #527, .T. ) ;
#2820 = AXIS2_PLACEMENT_3D ( 'NONE', #2889, #290, #1059 ) ;
#2821 = CARTESIAN_POINT ( 'NONE',  ( 0.0000000000000000000, 0.0000000000000000000, 5.874999999999997300 ) ) ;
#2822 = CARTESIAN_POINT ( 'NONE',  ( 0.0000000000000000000, 4.559999999999999600, 0.0000000000000000000 ) ) ;
#2823 = VERTEX_POINT ( 'NONE', #2843 ) ;
#2824 = CARTESIAN_POINT ( 'NONE',  ( 0.0000000000000000000, 4.100000000000000500, 0.0000000000000000000 ) ) ;
#2825 = EDGE_CURVE ( 'NONE', #2317, #1005, #3274, .T. ) ;
#2826 = ORIENTED_EDGE ( 'NONE', *, *, #259, .F. ) ;
#2827 = FACE_OUTER_BOUND ( 'NONE', #2815, .T. ) ;
#2828 = CARTESIAN_POINT ( 'NONE',  ( -8.125000000000003600, 9.950255243072250500E-016, 6.000000000000000900 ) ) ;
#2829 = ORIENTED_EDGE ( 'NONE', *, *, #1161, .T. ) ;
#2830 = DIRECTION ( 'NONE',  ( -0.0000000000000000000, -0.0000000000000000000, -1.000000000000000000 ) ) ;
#2831 = COORDINATED_UNIVERSAL_TIME_OFFSET ( 6, 0, .BEHIND. ) ;
#2832 = ORIENTED_EDGE ( 'NONE', *, *, #315, .F. ) ;
#2833 = PERSON_AND_ORGANIZATION ( #215, #607 ) ;
#2834 = DIRECTION ( 'NONE',  ( 0.0000000000000000000, 0.0000000000000000000, 1.000000000000000000 ) ) ;
#2835 = VERTEX_POINT ( 'NONE', #1809 ) ;
#2836 = CC_DESIGN_PERSON_AND_ORGANIZATION_ASSIGNMENT ( #2541, #641, ( #1094 ) ) ;
#2837 = ORIENTED_EDGE ( 'NONE', *, *, #2780, .F. ) ;
#2838 = EDGE_CURVE ( 'NONE', #1934, #2353, #2785, .T. ) ;
#2839 = CARTESIAN_POINT ( 'NONE',  ( 0.0000000000000000000, 4.949999999999997500, 0.0000000000000000000 ) ) ;
#2840 = CARTESIAN_POINT ( 'NONE',  ( 0.0000000000000000000, 4.559999999999998700, 0.0000000000000000000 ) ) ;
#2841 = ORIENTED_EDGE ( 'NONE', *, *, #1050, .F. ) ;
#2842 = DIRECTION ( 'NONE',  ( 0.0000000000000000000, 0.0000000000000000000, -1.000000000000000000 ) ) ;
#2843 = CARTESIAN_POINT ( 'NONE',  ( -15.62499999999999300, 0.0000000000000000000, 6.000000000000000900 ) ) ;
#2844 = CIRCLE ( 'NONE', #2309, 2.000000000000000000 ) ;
#2845 = CARTESIAN_POINT ( 'NONE',  ( 7.000000000000000000, 3.700000000000000200, 0.0000000000000000000 ) ) ;
#2846 = EDGE_CURVE ( 'NONE', #2037, #2353, #844, .T. ) ;
#2847 = LINE ( 'NONE', #1578, #1466 ) ;
#2848 = DIRECTION ( 'NONE',  ( 6.123233995736822700E-017, -0.8660254037844359300, 0.5000000000000046600 ) ) ;
#2849 = CARTESIAN_POINT ( 'NONE',  ( 0.0000000000000000000, 0.0000000000000000000, 3.992179855667827400 ) ) ;
#2850 = AXIS2_PLACEMENT_3D ( 'NONE', #986, #4, #2793 ) ;
#2851 = CYLINDRICAL_SURFACE ( 'NONE', #1353, 8.000000000000000000 ) ;
#2852 = DIRECTION ( 'NONE',  ( 0.0000000000000000000, 0.7071067811865440200, 0.7071067811865511300 ) ) ;
#2853 = EDGE_LOOP ( 'NONE', ( #1953, #581, #2217, #2563 ) ) ;
#2854 = CARTESIAN_POINT ( 'NONE',  ( 0.0000000000000000000, 4.100000000000000500, 0.0000000000000000000 ) ) ;
#2855 = FACE_BOUND ( 'NONE', #183, .T. ) ;
#2856 = DIRECTION ( 'NONE',  ( 1.224646799147352700E-016, 0.0000000000000000000, -1.000000000000000000 ) ) ;
#2857 = APPROVAL ( #2214, 'UNSPECIFIED' ) ;
#2858 = EDGE_LOOP ( 'NONE', ( #3071, #1452, #256, #40 ) ) ;
#2859 = EDGE_CURVE ( 'NONE', #3025, #935, #769, .T. ) ;
#2860 = EDGE_LOOP ( 'NONE', ( #2448, #906, #1651, #2364 ) ) ;
#2861 = DIRECTION ( 'NONE',  ( 0.0000000000000000000, 0.0000000000000000000, -1.000000000000000000 ) ) ;
#2862 = DIRECTION ( 'NONE',  ( -0.0000000000000000000, 1.000000000000000000, -0.0000000000000000000 ) ) ;
#2863 = ORIENTED_EDGE ( 'NONE', *, *, #2056, .T. ) ;
#2864 = CARTESIAN_POINT ( 'NONE',  ( 0.0000000000000000000, 4.410000000000000100, 0.0000000000000000000 ) ) ;
#2865 = AXIS2_PLACEMENT_3D ( 'NONE', #2287, #2062, #3091 ) ;
#2866 = ORIENTED_EDGE ( 'NONE', *, *, #3058, .T. ) ;
#2867 = VECTOR ( 'NONE', #2977, 1000.000000000000100 ) ;
#2868 = DIRECTION ( 'NONE',  ( 0.0000000000000000000, 1.000000000000000000, 0.0000000000000000000 ) ) ;
#2869 = VERTEX_POINT ( 'NONE', #248 ) ;
#2870 = FACE_OUTER_BOUND ( 'NONE', #569, .T. ) ;
#2871 = CARTESIAN_POINT ( 'NONE',  ( 0.0000000000000000000, 4.100000000000000500, -7.300000000000000700 ) ) ;
#2872 = CARTESIAN_POINT ( 'NONE',  ( 0.0000000000000000000, 0.0000000000000000000, 0.0000000000000000000 ) ) ;
#2873 = VERTEX_POINT ( 'NONE', #786 ) ;
#2874 = PERSON_AND_ORGANIZATION ( #215, #607 ) ;
#2875 = AXIS2_PLACEMENT_3D ( 'NONE', #1439, #1399, #2450 ) ;
#2876 = CARTESIAN_POINT ( 'NONE',  ( 0.0000000000000000000, 0.0000000000000000000, -5.725000000000007600 ) ) ;
#2877 = ORIENTED_EDGE ( 'NONE', *, *, #767, .F. ) ;
#2878 = CARTESIAN_POINT ( 'NONE',  ( 0.0000000000000000000, 3.700000000000000200, 6.800000000000000700 ) ) ;
#2879 = CC_DESIGN_DATE_AND_TIME_ASSIGNMENT ( #2497, #1428, ( #2314 ) ) ;
#2880 = CONTEXT_DEPENDENT_SHAPE_REPRESENTATION ( #918, #240 ) ;
#2881 = PLANE ( 'NONE',  #2926 ) ;
#2882 = CYLINDRICAL_SURFACE ( 'NONE', #3105, 15.75000000000000000 ) ;
#2883 = DIRECTION ( 'NONE',  ( 0.0000000000000000000, -1.000000000000000000, 0.0000000000000000000 ) ) ;
#2884 = AXIS2_PLACEMENT_3D ( 'NONE', #113, #2689, #1907 ) ;
#2885 = CARTESIAN_POINT ( 'NONE',  ( 0.0000000000000000000, 4.710000000000000000, 0.0000000000000000000 ) ) ;
#2886 = CIRCLE ( 'NONE', #3148, 5.724999999999997000 ) ;
#2887 = CARTESIAN_POINT ( 'NONE',  ( 0.0000000000000000000, 4.710000000000000000, 0.0000000000000000000 ) ) ;
#2888 = EDGE_CURVE ( 'NONE', #413, #1156, #2027, .T. ) ;
#2889 = CARTESIAN_POINT ( 'NONE',  ( 0.0000000000000000000, 0.2999999999999999900, 0.0000000000000000000 ) ) ;
#2890 = VECTOR ( 'NONE', #184, 999.9999999999998900 ) ;
#2891 = AXIS2_PLACEMENT_3D ( 'NONE', #379, #108, #121 ) ;
#2892 = ORIENTED_EDGE ( 'NONE', *, *, #1031, .F. ) ;
#2893 = CONICAL_SURFACE ( 'NONE', #2715, 15.75000000000000000, 0.7853981633974482800 ) ;
#2894 = ADVANCED_FACE ( 'NONE', ( #1605 ), #2573, .F. ) ;
#2895 = DIRECTION ( 'NONE',  ( -0.0000000000000000000, -0.0000000000000000000, -1.000000000000000000 ) ) ;
#2896 = DIRECTION ( 'NONE',  ( -0.0000000000000000000, -1.000000000000000000, -0.0000000000000000000 ) ) ;
#2897 = VERTEX_POINT ( 'NONE', #1257 ) ;
#2898 = DIRECTION ( 'NONE',  ( 1.000000000000000000, 0.0000000000000000000, 0.0000000000000000000 ) ) ;
#2899 = CARTESIAN_POINT ( 'NONE',  ( 0.0000000000000000000, 0.0000000000000000000, 4.898587196589412800E-016 ) ) ;
#2900 = ORIENTED_EDGE ( 'NONE', *, *, #2192, .F. ) ;
#2901 = DIRECTION ( 'NONE',  ( -0.0000000000000000000, -0.0000000000000000000, 1.000000000000000000 ) ) ;
#2902 = EDGE_CURVE ( 'NONE', #1733, #2242, #2067, .T. ) ;
#2903 = ORIENTED_EDGE ( 'NONE', *, *, #3293, .F. ) ;
#2904 = DIRECTION ( 'NONE',  ( 0.0000000000000000000, -1.000000000000000000, 0.0000000000000000000 ) ) ;
#2905 = EDGE_LOOP ( 'NONE', ( #2644, #3068, #171, #754 ) ) ;
#2906 = CARTESIAN_POINT ( 'NONE',  ( 4.827468219017775700E-016, 4.455999999999999500, -3.941926947736152700 ) ) ;
#2907 = DIRECTION ( 'NONE',  ( -0.0000000000000000000, -0.0000000000000000000, -1.000000000000000000 ) ) ;
#2908 = EDGE_CURVE ( 'NONE', #2835, #935, #2943, .T. ) ;
#2909 = VERTEX_POINT ( 'NONE', #1008 ) ;
#2910 = CIRCLE ( 'NONE', #2198, 3.919999999999999900 ) ;
#2911 = DIRECTION ( 'NONE',  ( 0.0000000000000000000, 0.0000000000000000000, 1.000000000000000000 ) ) ;
#2912 = CARTESIAN_POINT ( 'NONE',  ( 15.75000000000000000, 1.928818708657081300E-015, 0.0000000000000000000 ) ) ;
#2913 = ADVANCED_FACE ( 'NONE', ( #2496 ), #3183, .T. ) ;
#2914 = EDGE_CURVE ( 'NONE', #2909, #2161, #1355, .T. ) ;
#2915 = ORIENTED_EDGE ( 'NONE', *, *, #1724, .T. ) ;
#2916 = APPROVAL_DATE_TIME ( #2034, #2857 ) ;
#2917 = ORIENTED_EDGE ( 'NONE', *, *, #1488, .F. ) ;
#2918 = CARTESIAN_POINT ( 'NONE',  ( 7.194799944990701800E-016, 4.710000000000000000, -5.875000000000000900 ) ) ;
#2919 = EDGE_LOOP ( 'NONE', ( #2184, #2988 ) ) ;
#2920 = DIRECTION ( 'NONE',  ( 0.0000000000000000000, 0.0000000000000000000, -1.000000000000000000 ) ) ;
#2921 = CARTESIAN_POINT ( 'NONE',  ( -6.608470384673548100E-016, 0.0000000000000000000, -5.999999999999999100 ) ) ;
#2922 = CIRCLE ( 'NONE', #1425, 4.000000000000000000 ) ;
#2923 = EDGE_CURVE ( 'NONE', #2196, #806, #1448, .T. ) ;
#2924 = CARTESIAN_POINT ( 'NONE',  ( 0.0000000000000000000, 0.05000000000000490200, 0.0000000000000000000 ) ) ;
#2925 = VECTOR ( 'NONE', #3219, 1000.000000000000000 ) ;
#2926 = AXIS2_PLACEMENT_3D ( 'NONE', #1582, #2868, #808 ) ;
#2927 = CIRCLE ( 'NONE', #2063, 4.790969671810127100 ) ;
#2928 = AXIS2_PLACEMENT_3D ( 'NONE', #463, #3053, #2006 ) ;
#2929 = CARTESIAN_POINT ( 'NONE',  ( 0.0000000000000000000, 0.0000000000000000000, 2.999999999999999100 ) ) ;
#2930 = CIRCLE ( 'NONE', #1497, 5.725000000000004100 ) ;
#2931 = EDGE_CURVE ( 'NONE', #249, #2270, #2243, .T. ) ;
#2932 = ORIENTED_EDGE ( 'NONE', *, *, #2991, .F. ) ;
#2933 = FACE_OUTER_BOUND ( 'NONE', #2321, .T. ) ;
#2934 = DIRECTION ( 'NONE',  ( 0.0000000000000000000, -1.000000000000000000, 0.0000000000000000000 ) ) ;
#2935 = PERSON_AND_ORGANIZATION_ROLE ( 'design_owner' ) ;
#2936 = AXIS2_PLACEMENT_3D ( 'NONE', #790, #2124, #601 ) ;
#2937 = ORIENTED_EDGE ( 'NONE', *, *, #686, .T. ) ;
#2938 = DIRECTION ( 'NONE',  ( 0.0000000000000000000, 0.0000000000000000000, 1.000000000000000000 ) ) ;
#2939 = ADVANCED_FACE ( 'NONE', ( #605 ), #1643, .T. ) ;
#2940 = ORIENTED_EDGE ( 'NONE', *, *, #198, .T. ) ;
#2941 = FACE_OUTER_BOUND ( 'NONE', #1407, .T. ) ;
#2942 = ORIENTED_EDGE ( 'NONE', *, *, #3012, .F. ) ;
#2943 = CIRCLE ( 'NONE', #1287, 5.574999999999999300 ) ;
#2944 = VERTEX_POINT ( 'NONE', #1612 ) ;
#2945 = CONICAL_SURFACE ( 'NONE', #2254, 8.125000000000003600, 0.7853981633974482800 ) ;
#2946 = CARTESIAN_POINT ( 'NONE',  ( 0.0000000000000000000, 0.5900000000000003000, -5.875000000000000900 ) ) ;
#2947 = EDGE_CURVE ( 'NONE', #3174, #3243, #799, .T. ) ;
#2948 = CARTESIAN_POINT ( 'NONE',  ( -5.574999999999999300, 0.4400000000000011700, 0.0000000000000000000 ) ) ;
#2949 = EDGE_LOOP ( 'NONE', ( #1693, #1758 ) ) ;
#2950 = APPROVAL_DATE_TIME ( #3069, #566 ) ;
#2951 = DIRECTION ( 'NONE',  ( -0.0000000000000000000, -0.0000000000000000000, -1.000000000000000000 ) ) ;
#2952 = ADVANCED_FACE ( 'NONE', ( #692 ), #2697, .F. ) ;
#2953 = AXIS2_PLACEMENT_3D ( 'NONE', #3235, #2225, #1184 ) ;
#2954 = ORIENTED_EDGE ( 'NONE', *, *, #1680, .F. ) ;
#2955 = UNCERTAINTY_MEASURE_WITH_UNIT (LENGTH_MEASURE( 1.000000000000000100E-005 ), #1110, 'distance_accuracy_value', 'NONE');
#2956 = AXIS2_PLACEMENT_3D ( 'NONE', #785, #2045, #2311 ) ;
#2957 = EDGE_LOOP ( 'NONE', ( #2687, #843, #458, #2779 ) ) ;
#2958 = CARTESIAN_POINT ( 'NONE',  ( 0.0000000000000000000, 4.559999999999998700, 0.0000000000000000000 ) ) ;
#2959 =( NAMED_UNIT ( * ) SI_UNIT ( $, .STERADIAN. ) SOLID_ANGLE_UNIT ( ) );
#2960 = VECTOR ( 'NONE', #637, 1000.000000000000100 ) ;
#2961 = CARTESIAN_POINT ( 'NONE',  ( 0.0000000000000000000, 0.5900000000000003000, -5.875000000000000900 ) ) ;
#2962 = CARTESIAN_POINT ( 'NONE',  ( 0.0000000000000000000, 0.0000000000000000000, -5.874999999999999100 ) ) ;
#2963 = PERSON_AND_ORGANIZATION_ROLE ( 'classification_officer' ) ;
#2964 = EDGE_CURVE ( 'NONE', #245, #86, #2656, .T. ) ;
#2965 = CONICAL_SURFACE ( 'NONE', #1018, 5.675000000000000700, 0.7853981633974657100 ) ;
#2966 = DIRECTION ( 'NONE',  ( 0.0000000000000000000, 0.0000000000000000000, -1.000000000000000000 ) ) ;
#2967 = DIRECTION ( 'NONE',  ( 0.0000000000000000000, -1.000000000000000000, 0.0000000000000000000 ) ) ;
#2968 = AXIS2_PLACEMENT_3D ( 'NONE', #1509, #3094, #268 ) ;
#2969 = CARTESIAN_POINT ( 'NONE',  ( 25.46010166682322400, 19.10311200532532900, 34.78625243460464800 ) ) ;
#2970 = VERTEX_POINT ( 'NONE', #2878 ) ;
#2971 = CONICAL_SURFACE ( 'NONE', #1036, 8.000000000000000000, 0.7853981633974482800 ) ;
#2972 = AXIS2_PLACEMENT_3D ( 'NONE', #460, #1225, #485 ) ;
#2973 = DIRECTION ( 'NONE',  ( 0.7071067811865474600, 0.0000000000000000000, 0.7071067811865474600 ) ) ;
#2974 = CARTESIAN_POINT ( 'NONE',  ( 0.0000000000000000000, 0.4400000000000011700, 5.724999999999999600 ) ) ;
#2975 = ORIENTED_EDGE ( 'NONE', *, *, #2761, .T. ) ;
#2976 = PERSON_AND_ORGANIZATION_ROLE ( 'classification_officer' ) ;
#2977 = DIRECTION ( 'NONE',  ( 0.7071067811865474600, 8.659560562354932900E-017, -0.7071067811865474600 ) ) ;
#2978 = EDGE_LOOP ( 'NONE', ( #2837, #1518, #1607, #3178 ) ) ;
#2979 = EDGE_LOOP ( 'NONE', ( #2044, #497, #401, #3050 ) ) ;
#2980 = APPLICATION_CONTEXT ( 'configuration controlled 3d designs of mechanical parts and assemblies' ) ;
#2981 = AXIS2_PLACEMENT_3D ( 'NONE', #782, #2883, #539 ) ;
#2982 = CC_DESIGN_APPROVAL ( #2813, ( #398 ) ) ;
#2983 = ORIENTED_EDGE ( 'NONE', *, *, #710, .F. ) ;
#2984 = CARTESIAN_POINT ( 'NONE',  ( 0.0000000000000000000, 0.6000000000000053100, 5.047035688988110300 ) ) ;
#2985 = CARTESIAN_POINT ( 'NONE',  ( 8.572527594031473200E-016, 0.4000000000000036300, -7.000000000000000000 ) ) ;
#2986 = ADVANCED_FACE ( 'NONE', ( #11 ), #2065, .F. ) ;
#2987 = APPROVAL_STATUS ( 'not_yet_approved' ) ;
#2988 = ORIENTED_EDGE ( 'NONE', *, *, #473, .T. ) ;
#2989 = CIRCLE ( 'NONE', #2462, 7.300000000000000700 ) ;
#2990 = DIRECTION ( 'NONE',  ( 0.0000000000000000000, 0.0000000000000000000, 1.000000000000000000 ) ) ;
#2991 = EDGE_CURVE ( 'NONE', #245, #3310, #1271, .T. ) ;
#2992 = AXIS2_PLACEMENT_3D ( 'NONE', #1003, #1787, #1010 ) ;
#2993 = ORIENTED_EDGE ( 'NONE', *, *, #1074, .F. ) ;
#2994 = DATE_AND_TIME ( #337, #2285 ) ;
#2995 = CARTESIAN_POINT ( 'NONE',  ( -7.000000000000000900, 0.0000000000000000000, -4.999999999999999100 ) ) ;
#2996 = ORIENTED_EDGE ( 'NONE', *, *, #2838, .F. ) ;
#2997 = EDGE_CURVE ( 'NONE', #2873, #3302, #1799, .T. ) ;
#2998 = DIRECTION ( 'NONE',  ( -0.0000000000000000000, 1.000000000000000000, -0.0000000000000000000 ) ) ;
#2999 = DIRECTION ( 'NONE',  ( 0.0000000000000000000, 0.0000000000000000000, 1.000000000000000000 ) ) ;
#3000 = SECURITY_CLASSIFICATION_LEVEL ( 'unclassified' ) ;
#3001 = EDGE_LOOP ( 'NONE', ( #449, #1006, #636, #2352 ) ) ;
#3002 = AXIS2_PLACEMENT_3D ( 'NONE', #675, #2967, #1653 ) ;
#3003 = ADVANCED_FACE ( 'NONE', ( #923 ), #1873, .F. ) ;
#3004 = DIRECTION ( 'NONE',  ( -0.0000000000000000000, -0.0000000000000000000, -1.000000000000000000 ) ) ;
#3005 = CYLINDRICAL_SURFACE ( 'NONE', #29, 8.000000000000000000 ) ;
#3006 = FACE_BOUND ( 'NONE', #1382, .T. ) ;
#3007 = CARTESIAN_POINT ( 'NONE',  ( 0.0000000000000000000, 0.0000000000000000000, 2.999999999999999100 ) ) ;
#3008 = DIRECTION ( 'NONE',  ( 0.0000000000000000000, 0.0000000000000000000, 1.000000000000000000 ) ) ;
#3009 = CC_DESIGN_APPROVAL ( #2362, ( #271 ) ) ;
#3010 = FACE_BOUND ( 'NONE', #3273, .T. ) ;
#3011 = DATE_TIME_ROLE ( 'creation_date' ) ;
#3012 = EDGE_CURVE ( 'NONE', #705, #855, #2318, .T. ) ;
#3014 = CIRCLE ( 'NONE', #787, 7.000000000000000900 ) ;
#3013 = DIRECTION ( 'NONE',  ( 0.0000000000000000000, 0.0000000000000000000, 1.000000000000000000 ) ) ;
#3015 = ORIENTED_EDGE ( 'NONE', *, *, #1263, .T. ) ;
#3016 = CARTESIAN_POINT ( 'NONE',  ( 0.0000000000000000000, 4.710000000000000000, 4.684903654632145200 ) ) ;
#3017 = CIRCLE ( 'NONE', #2303, 5.099167723344069500 ) ;
#3018 = EDGE_CURVE ( 'NONE', #1002, #593, #1119, .T. ) ;
#3019 = ORIENTED_EDGE ( 'NONE', *, *, #2432, .F. ) ;
#3020 = AXIS2_PLACEMENT_3D ( 'NONE', #1714, #181, #1175 ) ;
#3021 = DIRECTION ( 'NONE',  ( 0.0000000000000000000, 1.000000000000000000, 0.0000000000000000000 ) ) ;
#3022 = DIRECTION ( 'NONE',  ( 0.0000000000000000000, 1.000000000000000000, 0.0000000000000000000 ) ) ;
#3023 = CARTESIAN_POINT ( 'NONE',  ( 15.75000000000000000, 1.928818708657081000E-015, 3.992179855667827400 ) ) ;
#3024 = ADVANCED_FACE ( 'NONE', ( #1033 ), #1205, .F. ) ;
#3025 = VERTEX_POINT ( 'NONE', #2372 ) ;
#3026 = AXIS2_PLACEMENT_3D ( 'NONE', #496, #1235, #727 ) ;
#3027 = ORIENTED_EDGE ( 'NONE', *, *, #2222, .T. ) ;
#3028 = CYLINDRICAL_SURFACE ( 'NONE', #489, 3.919999999999999900 ) ;
#3029 = DIRECTION ( 'NONE',  ( 0.0000000000000000000, 0.0000000000000000000, 1.000000000000000000 ) ) ;
#3030 = ORIENTED_EDGE ( 'NONE', *, *, #2000, .T. ) ;
#3031 = LINE ( 'NONE', #235, #1521 ) ;
#3032 = CC_DESIGN_APPROVAL ( #3176, ( #2120 ) ) ;
#3033 = EDGE_CURVE ( 'NONE', #481, #2748, #371, .T. ) ;
#3034 = ORIENTED_EDGE ( 'NONE', *, *, #1593, .T. ) ;
#3035 = CYLINDRICAL_SURFACE ( 'NONE', #2050, 3.941926947736152700 ) ;
#3036 = DIRECTION ( 'NONE',  ( -0.0000000000000000000, -1.000000000000000000, -0.0000000000000000000 ) ) ;
#3037 = ORIENTED_EDGE ( 'NONE', *, *, #1534, .F. ) ;
#3038 = ADVANCED_FACE ( 'NONE', ( #254 ), #125, .F. ) ;
#3039 = VERTEX_POINT ( 'NONE', #3159 ) ;
#3040 = DIRECTION ( 'NONE',  ( 1.000000000000000000, 0.0000000000000000000, 0.0000000000000000000 ) ) ;
#3041 = LOCAL_TIME ( 15, 24, 33.00000000000000000, #1367 ) ;
#3042 = DIRECTION ( 'NONE',  ( 0.0000000000000000000, -1.000000000000000000, 0.0000000000000000000 ) ) ;
#3043 = CARTESIAN_POINT ( 'NONE',  ( 0.0000000000000000000, 4.000000000000000000, 0.0000000000000000000 ) ) ;
#3044 = CIRCLE ( 'NONE', #1202, 5.875000000000000900 ) ;
#3045 = AXIS2_PLACEMENT_3D ( 'NONE', #2464, #2414, #3203 ) ;
#3046 = DIRECTION ( 'NONE',  ( -0.0000000000000000000, -0.0000000000000000000, -1.000000000000000000 ) ) ;
#3047 = CC_DESIGN_DATE_AND_TIME_ASSIGNMENT ( #807, #3011, ( #398 ) ) ;
#3048 = CIRCLE ( 'NONE', #893, 6.800000000000000700 ) ;
#3049 = DIRECTION ( 'NONE',  ( 0.0000000000000000000, -1.000000000000000000, 0.0000000000000000000 ) ) ;
#3050 = ORIENTED_EDGE ( 'NONE', *, *, #483, .T. ) ;
#3051 = CONICAL_SURFACE ( 'NONE', #3295, 3.749999999999996400, 0.7853981633974533900 ) ;
#3052 = EDGE_CURVE ( 'NONE', #1988, #2869, #1993, .T. ) ;
#3053 = DIRECTION ( 'NONE',  ( 0.0000000000000000000, 1.000000000000000000, 0.0000000000000000000 ) ) ;
#3054 = ORIENTED_EDGE ( 'NONE', *, *, #710, .T. ) ;
#3055 = DIRECTION ( 'NONE',  ( -0.0000000000000000000, -0.0000000000000000000, -1.000000000000000000 ) ) ;
#3056 = CIRCLE ( 'NONE', #936, 15.75000000000000000 ) ;
#3057 = CARTESIAN_POINT ( 'NONE',  ( 4.800615452657624800E-016, 4.830000000000001800, -3.919999999999999900 ) ) ;
#3058 = EDGE_CURVE ( 'NONE', #853, #2495, #1559, .T. ) ;
#3059 = AXIS2_PLACEMENT_3D ( 'NONE', #1137, #1369, #99 ) ;
#3060 = ORIENTED_EDGE ( 'NONE', *, *, #412, .T. ) ;
#3061 = CARTESIAN_POINT ( 'NONE',  ( 0.0000000000000000000, 0.0000000000000000000, 6.000000000000000900 ) ) ;
#3062 = DIRECTION ( 'NONE',  ( 0.0000000000000000000, 0.0000000000000000000, -1.000000000000000000 ) ) ;
#3063 = VERTEX_POINT ( 'NONE', #1620 ) ;
#3064 = DIRECTION ( 'NONE',  ( 0.0000000000000000000, 0.0000000000000000000, 1.000000000000000000 ) ) ;
#3065 = CARTESIAN_POINT ( 'NONE',  ( 0.0000000000000000000, 0.4400000000000011700, 5.724999999999999600 ) ) ;
#3066 = VERTEX_POINT ( 'NONE', #1902 ) ;
#3067 = FACE_OUTER_BOUND ( 'NONE', #794, .T. ) ;
#3068 = ORIENTED_EDGE ( 'NONE', *, *, #2167, .F. ) ;
#3069 = DATE_AND_TIME ( #2206, #421 ) ;
#3070 = EDGE_CURVE ( 'NONE', #3063, #1813, #880, .T. ) ;
#3071 = ORIENTED_EDGE ( 'NONE', *, *, #3276, .F. ) ;
#3072 = EDGE_LOOP ( 'NONE', ( #100, #2189 ) ) ;
#3073 = DIRECTION ( 'NONE',  ( 0.0000000000000000000, 0.0000000000000000000, -1.000000000000000000 ) ) ;
#3074 = PERSON ( 'NAUO-PER3', 'UNSPECIFIED', 'UNSPECIFIED', ('UNSPECIFIED'), ('UNSPECIFIED'), ('UNSPECIFIED') ) ;
#3075 = EDGE_CURVE ( 'NONE', #1170, #773, #1397, .T. ) ;
#3076 = DIRECTION ( 'NONE',  ( 0.0000000000000000000, -1.000000000000000000, 0.0000000000000000000 ) ) ;
#3077 = VERTEX_POINT ( 'NONE', #5 ) ;
#3078 = AXIS2_PLACEMENT_3D ( 'NONE', #2710, #1197, #2212 ) ;
#3079 = CYLINDRICAL_SURFACE ( 'NONE', #286, 2.000000000000000000 ) ;
#3080 = CARTESIAN_POINT ( 'NONE',  ( 0.0000000000000000000, 0.5900000000000003000, 0.0000000000000000000 ) ) ;
#3081 = CARTESIAN_POINT ( 'NONE',  ( 0.0000000000000000000, 3.700000000000000200, 0.0000000000000000000 ) ) ;
#3082 = FACE_OUTER_BOUND ( 'NONE', #2957, .T. ) ;
#3083 = CONICAL_SURFACE ( 'NONE', #1810, 7.000000000000000000, 0.7853981633974503900 ) ;
#3084 = DIRECTION ( 'NONE',  ( 0.0000000000000000000, -1.000000000000000000, 0.0000000000000000000 ) ) ;
#3085 = CARTESIAN_POINT ( 'NONE',  ( 0.0000000000000000000, 4.740192378864668900, 2.000000000000000000 ) ) ;
#3086 = PRODUCT_DEFINITION ( 'UNKNOWN', '', #1094, #505 ) ;
#3087 = CIRCLE ( 'NONE', #828, 3.941926947736152700 ) ;
#3088 = ADVANCED_FACE ( 'NONE', ( #49 ), #644, .F. ) ;
#3089 = LINE ( 'NONE', #1103, #3292 ) ;
#3090 = CARTESIAN_POINT ( 'NONE',  ( 8.572527594031473200E-016, 3.700000000000000200, 7.000000000000000000 ) ) ;
#3091 = DIRECTION ( 'NONE',  ( 1.000000000000000000, 0.0000000000000000000, 0.0000000000000000000 ) ) ;
#3092 = DIRECTION ( 'NONE',  ( 0.0000000000000000000, -0.8660254037844359300, -0.5000000000000046600 ) ) ;
#3093 = EDGE_CURVE ( 'NONE', #3, #760, #213, .T. ) ;
#3094 = DIRECTION ( 'NONE',  ( -0.0000000000000000000, 1.000000000000000000, -0.0000000000000000000 ) ) ;
#3095 = ORIENTED_EDGE ( 'NONE', *, *, #15, .T. ) ;
#3096 = AXIS2_PLACEMENT_3D ( 'NONE', #765, #1548, #1296 ) ;
#3097 = EDGE_CURVE ( 'NONE', #36, #2304, #1311, .T. ) ;
#3098 = ORIENTED_EDGE ( 'NONE', *, *, #3012, .T. ) ;
#3099 = FACE_BOUND ( 'NONE', #1416, .T. ) ;
#3100 = ORIENTED_EDGE ( 'NONE', *, *, #1285, .F. ) ;
#3101 = VECTOR ( 'NONE', #32, 1000.000000000000000 ) ;
#3102 = CARTESIAN_POINT ( 'NONE',  ( 0.0000000000000000000, 0.0000000000000000000, 5.874999999999993800 ) ) ;
#3103 = ORIENTED_EDGE ( 'NONE', *, *, #640, .T. ) ;
#3104 = CIRCLE ( 'NONE', #910, 3.750000000000000000 ) ;
#3105 = AXIS2_PLACEMENT_3D ( 'NONE', #833, #2895, #2669 ) ;
#3106 = DIRECTION ( 'NONE',  ( 0.0000000000000000000, 0.0000000000000000000, -1.000000000000000000 ) ) ;
#3107 = ORIENTED_EDGE ( 'NONE', *, *, #473, .F. ) ;
#3108 = ORIENTED_EDGE ( 'NONE', *, *, #1377, .T. ) ;
#3109 = EDGE_CURVE ( 'NONE', #2970, #632, #3303, .T. ) ;
#3110 = COORDINATED_UNIVERSAL_TIME_OFFSET ( 6, 0, .BEHIND. ) ;
#3111 = DIRECTION ( 'NONE',  ( 0.0000000000000000000, -1.000000000000000000, 0.0000000000000000000 ) ) ;
#3112 = DIRECTION ( 'NONE',  ( -0.0000000000000000000, 1.000000000000000000, -0.0000000000000000000 ) ) ;
#3113 = DIRECTION ( 'NONE',  ( -0.0000000000000000000, 1.000000000000000000, -0.0000000000000000000 ) ) ;
#3114 = ORIENTED_EDGE ( 'NONE', *, *, #1431, .F. ) ;
#3115 = DIRECTION ( 'NONE',  ( 8.659560562355084500E-017, -0.7071067811865352500, 0.7071067811865597900 ) ) ;
#3116 = EDGE_CURVE ( 'NONE', #1005, #2317, #2910, .T. ) ;
#3117 = DIRECTION ( 'NONE',  ( 1.000000000000000000, 0.0000000000000000000, 0.0000000000000000000 ) ) ;
#3118 = AXIS2_PLACEMENT_3D ( 'NONE', #947, #1158, #2478 ) ;
#3119 = FACE_OUTER_BOUND ( 'NONE', #202, .T. ) ;
#3120 = ADVANCED_FACE ( 'NONE', ( #959 ), #1484, .F. ) ;
#3121 = DIRECTION ( 'NONE',  ( -0.0000000000000000000, 1.000000000000000000, -0.0000000000000000000 ) ) ;
#3122 = DIRECTION ( 'NONE',  ( 0.0000000000000000000, 1.000000000000000000, 0.0000000000000000000 ) ) ;
#3123 = DIRECTION ( 'NONE',  ( 0.0000000000000000000, 1.000000000000000000, 0.0000000000000000000 ) ) ;
#3124 = AXIS2_PLACEMENT_3D ( 'NONE', #2224, #188, #443 ) ;
#3125 = FACE_OUTER_BOUND ( 'NONE', #500, .T. ) ;
#3126 = EDGE_LOOP ( 'NONE', ( #465, #253, #2773, #1111 ) ) ;
#3127 = LINE ( 'NONE', #189, #477 ) ;
#3128 = DIRECTION ( 'NONE',  ( 0.0000000000000000000, 0.0000000000000000000, 1.000000000000000000 ) ) ;
#3129 = VERTEX_POINT ( 'NONE', #2559 ) ;
#3130 = ORIENTED_EDGE ( 'NONE', *, *, #851, .F. ) ;
#3131 = EDGE_CURVE ( 'NONE', #1246, #2535, #2492, .T. ) ;
#3132 = ORIENTED_EDGE ( 'NONE', *, *, #347, .F. ) ;
#3133 = CARTESIAN_POINT ( 'NONE',  ( -15.75000000000000000, 0.0000000000000000000, -5.874999999999999100 ) ) ;
#3134 = DIRECTION ( 'NONE',  ( 0.0000000000000000000, 0.0000000000000000000, -1.000000000000000000 ) ) ;
#3135 = DIRECTION ( 'NONE',  ( 0.0000000000000000000, 1.000000000000000000, 0.0000000000000000000 ) ) ;
#3136 = ORIENTED_EDGE ( 'NONE', *, *, #1786, .F. ) ;
#3137 = AXIS2_PLACEMENT_3D ( 'NONE', #2346, #817, #2621 ) ;
#3138 = DIRECTION ( 'NONE',  ( -0.0000000000000000000, -1.000000000000000000, -0.0000000000000000000 ) ) ;
#3139 = AXIS2_PLACEMENT_3D ( 'NONE', #2568, #1015, #295 ) ;
#3140 = ORIENTED_EDGE ( 'NONE', *, *, #1552, .F. ) ;
#3141 = CIRCLE ( 'NONE', #1331, 5.725000000000004100 ) ;
#3142 = CIRCLE ( 'NONE', #510, 3.941926947736152700 ) ;
#3143 = DIRECTION ( 'NONE',  ( 0.0000000000000000000, -1.000000000000000000, 0.0000000000000000000 ) ) ;
#3144 = CARTESIAN_POINT ( 'NONE',  ( 0.0000000000000000000, 0.4000000000000036300, -7.000000000000000000 ) ) ;
#3145 = ORIENTED_EDGE ( 'NONE', *, *, #589, .T. ) ;
#3146 = COORDINATED_UNIVERSAL_TIME_OFFSET ( 6, 0, .BEHIND. ) ;
#3147 = CARTESIAN_POINT ( 'NONE',  ( 0.0000000000000000000, 0.0000000000000000000, 5.874999999999993800 ) ) ;
#3148 = AXIS2_PLACEMENT_3D ( 'NONE', #1516, #3049, #978 ) ;
#3149 = DIRECTION ( 'NONE',  ( -1.000000000000000000, 0.0000000000000000000, 0.0000000000000000000 ) ) ;
#3150 = ORIENTED_EDGE ( 'NONE', *, *, #515, .F. ) ;
#3151 = DIRECTION ( 'NONE',  ( -0.0000000000000000000, -0.0000000000000000000, -1.000000000000000000 ) ) ;
#3152 = APPROVAL ( #2453, 'UNSPECIFIED' ) ;
#3153 = CARTESIAN_POINT ( 'NONE',  ( 7.011102925118602400E-016, 4.710000000000000000, 5.725000000000004100 ) ) ;
#3154 = ORIENTED_EDGE ( 'NONE', *, *, #1373, .T. ) ;
#3155 = EDGE_CURVE ( 'NONE', #1080, #2835, #602, .T. ) ;
#3156 = ADVANCED_FACE ( 'NONE', ( #2361 ), #1796, .T. ) ;
#3157 = CIRCLE ( 'NONE', #2272, 3.941926947736152700 ) ;
#3158 = DIRECTION ( 'NONE',  ( 0.0000000000000000000, 0.0000000000000000000, -1.000000000000000000 ) ) ;
#3159 = CARTESIAN_POINT ( 'NONE',  ( -8.000000000000000000, 0.0000000000000000000, 5.874999999999997300 ) ) ;
#3160 = AXIS2_PLACEMENT_3D ( 'NONE', #1523, #744, #778 ) ;
#3161 = DIRECTION ( 'NONE',  ( -1.000000000000000000, 0.0000000000000000000, 0.0000000000000000000 ) ) ;
#3162 = FACE_OUTER_BOUND ( 'NONE', #2117, .T. ) ;
#3163 = EDGE_CURVE ( 'NONE', #1002, #166, #764, .T. ) ;
#3164 = FACE_OUTER_BOUND ( 'NONE', #1306, .T. ) ;
#3165 = DIRECTION ( 'NONE',  ( -1.000000000000000000, 0.0000000000000000000, 0.0000000000000000000 ) ) ;
#3166 = FACE_OUTER_BOUND ( 'NONE', #1633, .T. ) ;
#3167 = CIRCLE ( 'NONE', #2221, 0.1500000000000008300 ) ;
#3168 = DIRECTION ( 'NONE',  ( 0.0000000000000000000, -1.000000000000000000, 0.0000000000000000000 ) ) ;
#3169 = CARTESIAN_POINT ( 'NONE',  ( 9.766558223200140300E-016, 32.55670631985086800, 7.974999999999999600 ) ) ;
#3170 = AXIS2_PLACEMENT_3D ( 'NONE', #2233, #3046, #943 ) ;
#3171 = EDGE_LOOP ( 'NONE', ( #2276, #2412, #989, #3037 ) ) ;
#3172 = CARTESIAN_POINT ( 'NONE',  ( -8.000000000000000000, 0.0000000000000000000, -5.874999999999999100 ) ) ;
#3173 = ADVANCED_FACE ( 'NONE', ( #3099, #1351 ), #2308, .T. ) ;
#3174 = VERTEX_POINT ( 'NONE', #2289 ) ;
#3175 = CARTESIAN_POINT ( 'NONE',  ( -8.000000000000000000, 0.0000000000000000000, 2.999999999999999100 ) ) ;
#3176 = APPROVAL ( #2987, 'UNKNOWN' ) ;
#3177 = EDGE_CURVE ( 'NONE', #2577, #3063, #994, .T. ) ;
#3178 = ORIENTED_EDGE ( 'NONE', *, *, #1101, .F. ) ;
#3179 = CARTESIAN_POINT ( 'NONE',  ( 7.011102925118602400E-016, 5.000000000000000000, -5.725000000000004100 ) ) ;
#3180 = ORIENTED_EDGE ( 'NONE', *, *, #2914, .F. ) ;
#3181 = MECHANICAL_CONTEXT ( 'NONE', #603, 'mechanical' ) ;
#3182 = ORIENTED_EDGE ( 'NONE', *, *, #2819, .T. ) ;
#3183 = TOROIDAL_SURFACE ( 'NONE', #1850, 4.684903654632145200, 0.1499999999999999900 ) ;
#3184 = LOCAL_TIME ( 15, 24, 33.00000000000000000, #1727 ) ;
#3185 = DIRECTION ( 'NONE',  ( 1.000000000000000000, 0.0000000000000000000, 0.0000000000000000000 ) ) ;
#3186 = ADVANCED_FACE ( 'NONE', ( #328 ), #2277, .T. ) ;
#3187 = ORIENTED_EDGE ( 'NONE', *, *, #1885, .T. ) ;
#3188 = CONICAL_SURFACE ( 'NONE', #341, 7.000000000000000000, 0.7853981633974503900 ) ;
#3189 = DIRECTION ( 'NONE',  ( 0.0000000000000000000, -1.000000000000000000, 0.0000000000000000000 ) ) ;
#3190 = ORIENTED_EDGE ( 'NONE', *, *, #2888, .F. ) ;
#3191 = AXIS2_PLACEMENT_3D ( 'NONE', #2441, #628, #2672 ) ;
#3192 = ADVANCED_FACE ( 'NONE', ( #2652 ), #1116, .F. ) ;
#3193 = DIRECTION ( 'NONE',  ( 1.000000000000000000, 0.0000000000000000000, 0.0000000000000000000 ) ) ;
#3194 = ORIENTED_EDGE ( 'NONE', *, *, #796, .F. ) ;
#3195 = CALENDAR_DATE ( 2023, 4, 1 ) ;
#3196 = CARTESIAN_POINT ( 'NONE',  ( 0.0000000000000000000, 0.0000000000000000000, 0.0000000000000000000 ) ) ;
#3197 = CARTESIAN_POINT ( 'NONE',  ( 4.827468219017775700E-016, 0.5440000000000003700, 3.941926947736152700 ) ) ;
#3198 = ORIENTED_EDGE ( 'NONE', *, *, #2588, .T. ) ;
#3199 = EDGE_CURVE ( 'NONE', #3264, #2502, #3141, .T. ) ;
#3200 = CARTESIAN_POINT ( 'NONE',  ( 15.75000000000000000, 1.928818708657081300E-015, -5.874999999999999100 ) ) ;
#3201 = FACE_OUTER_BOUND ( 'NONE', #2058, .T. ) ;
#3202 = ADVANCED_FACE ( 'NONE', ( #1556 ), #1030, .F. ) ;
#3203 = DIRECTION ( 'NONE',  ( 1.000000000000000000, 0.0000000000000000000, 0.0000000000000000000 ) ) ;
#3204 = CIRCLE ( 'NONE', #1437, 5.725000000000004100 ) ;
#3205 = MANIFOLD_SOLID_BREP ( 'Chamfer1', #1133 ) ;
#3206 = AXIS2_PLACEMENT_3D ( 'NONE', #1600, #1308, #1821 ) ;
#3207 =( NAMED_UNIT ( * ) SI_UNIT ( $, .STERADIAN. ) SOLID_ANGLE_UNIT ( ) );
#3208 = DIRECTION ( 'NONE',  ( 0.0000000000000000000, 0.0000000000000000000, -1.000000000000000000 ) ) ;
#3209 = CARTESIAN_POINT ( 'NONE',  ( 0.0000000000000000000, 0.4400000000000011700, 0.0000000000000000000 ) ) ;
#3210 = CARTESIAN_POINT ( 'NONE',  ( 0.0000000000000000000, 4.949999999999997500, 5.675000000000000700 ) ) ;
#3211 = VECTOR ( 'NONE', #264, 1000.000000000000000 ) ;
#3212 = ADVANCED_FACE ( 'NONE', ( #568 ), #2111, .F. ) ;
#3213 = LINE ( 'NONE', #1963, #2392 ) ;
#3214 = EDGE_LOOP ( 'NONE', ( #417, #721, #2101, #968 ) ) ;
#3215 =( NAMED_UNIT ( * ) PLANE_ANGLE_UNIT ( ) SI_UNIT ( $, .RADIAN. ) );
#3216 = AXIS2_PLACEMENT_3D ( 'NONE', #395, #1909, #1143 ) ;
#3217 = PRODUCT_RELATED_PRODUCT_CATEGORY ( 'detail', '', ( #2487 ) ) ;
#3218 = EDGE_LOOP ( 'NONE', ( #320, #3182, #324, #2367 ) ) ;
#3219 = DIRECTION ( 'NONE',  ( -0.0000000000000000000, 1.000000000000000000, -0.0000000000000000000 ) ) ;
#3220 = CARTESIAN_POINT ( 'NONE',  ( 0.0000000000000000000, 4.559999999999999600, 0.0000000000000000000 ) ) ;
#3221 = ADVANCED_FACE ( 'NONE', ( #2827 ), #3028, .T. ) ;
#3222 = DATE_TIME_ROLE ( 'classification_date' ) ;
#3223 = ORIENTED_EDGE ( 'NONE', *, *, #2128, .T. ) ;
#3224 = CARTESIAN_POINT ( 'NONE',  ( 8.000000000000000000, 9.797174393178825700E-016, -5.874999999999999100 ) ) ;
#3225 = CARTESIAN_POINT ( 'NONE',  ( -5.574999999999999300, 4.559999999999998700, 0.0000000000000000000 ) ) ;
#3226 = EDGE_CURVE ( 'NONE', #832, #2155, #1836, .T. ) ;
#3227 = ORIENTED_EDGE ( 'NONE', *, *, #740, .T. ) ;
#3228 = AXIS2_PLACEMENT_3D ( 'NONE', #1871, #2676, #1705 ) ;
#3229 = DIRECTION ( 'NONE',  ( 0.0000000000000000000, 0.0000000000000000000, -1.000000000000000000 ) ) ;
#3230 = EDGE_LOOP ( 'NONE', ( #2377, #280, #2404, #1200 ) ) ;
#3231 = CIRCLE ( 'NONE', #572, 5.675000000000000700 ) ;
#3232 = DIRECTION ( 'NONE',  ( 0.0000000000000000000, 0.0000000000000000000, 1.000000000000000000 ) ) ;
#3233 = EDGE_CURVE ( 'NONE', #1246, #639, #1757, .T. ) ;
#3234 = CARTESIAN_POINT ( 'NONE',  ( 0.0000000000000000000, 4.410000000000000100, 5.875000000000000900 ) ) ;
#3235 = CARTESIAN_POINT ( 'NONE',  ( 0.0000000000000000000, 5.000000000000000000, 0.0000000000000000000 ) ) ;
#3236 = EDGE_LOOP ( 'NONE', ( #3267, #1848 ) ) ;
#3237 = CALENDAR_DATE ( 2023, 4, 1 ) ;
#3238 = DIRECTION ( 'NONE',  ( -0.0000000000000000000, 1.000000000000000000, -0.0000000000000000000 ) ) ;
#3239 = APPROVAL_STATUS ( 'not_yet_approved' ) ;
#3240 = ORIENTED_EDGE ( 'NONE', *, *, #24, .F. ) ;
#3241 = ITEM_DEFINED_TRANSFORMATION ( 'NONE', 'NONE', #944,  #1279 ) ;
#3242 = AXIS2_PLACEMENT_3D ( 'NONE', #1082, #1342, #332 ) ;
#3243 = VERTEX_POINT ( 'NONE', #2379 ) ;
#3244 = CARTESIAN_POINT ( 'NONE',  ( 0.0000000000000000000, 0.0000000000000000000, -5.999999999999999100 ) ) ;
#3245 = SECURITY_CLASSIFICATION_LEVEL ( 'unclassified' ) ;
#3246 = CIRCLE ( 'NONE', #2628, 0.1499999999999999700 ) ;
#3247 = CARTESIAN_POINT ( 'NONE',  ( 0.0000000000000000000, 0.1700000000000017600, 0.0000000000000000000 ) ) ;
#3248 = DIRECTION ( 'NONE',  ( -0.0000000000000000000, -1.000000000000000000, -0.0000000000000000000 ) ) ;
#3249 = DIRECTION ( 'NONE',  ( 0.0000000000000000000, 1.000000000000000000, 0.0000000000000000000 ) ) ;
#3250 = EDGE_CURVE ( 'NONE', #2713, #13, #2401, .T. ) ;
#3251 = CIRCLE ( 'NONE', #1878, 4.993101706166088500 ) ;
#3252 = CARTESIAN_POINT ( 'NONE',  ( 8.125000000000003600, 0.0000000000000000000, 6.000000000000000900 ) ) ;
#3253 = CARTESIAN_POINT ( 'NONE',  ( 1.321694076934710800E-015, 0.0000000000000000000, 6.000000000000000900 ) ) ;
#3254 = FACE_OUTER_BOUND ( 'NONE', #1270, .T. ) ;
#3255 = CIRCLE ( 'NONE', #1868, 0.1500000000000008300 ) ;
#3256 = AXIS2_PLACEMENT_3D ( 'NONE', #1855, #342, #2646 ) ;
#3257 = LINE ( 'NONE', #3328, #2430 ) ;
#3258 = DIRECTION ( 'NONE',  ( 1.000000000000000000, 0.0000000000000000000, 0.0000000000000000000 ) ) ;
#3259 = DIRECTION ( 'NONE',  ( 0.0000000000000000000, 0.0000000000000000000, -1.000000000000000000 ) ) ;
#3260 = ADVANCED_FACE ( 'NONE', ( #1639 ), #1609, .T. ) ;
#3261 = ORIENTED_EDGE ( 'NONE', *, *, #533, .T. ) ;
#3262 = APPROVAL_STATUS ( 'not_yet_approved' ) ;
#3263 = CIRCLE ( 'NONE', #2596, 7.300000000000000700 ) ;
#3264 = VERTEX_POINT ( 'NONE', #2076 ) ;
#3265 = DIRECTION ( 'NONE',  ( 0.0000000000000000000, -1.000000000000000000, 0.0000000000000000000 ) ) ;
#3266 = ORIENTED_EDGE ( 'NONE', *, *, #2908, .T. ) ;
#3267 = ORIENTED_EDGE ( 'NONE', *, *, #2633, .F. ) ;
#3268 = CYLINDRICAL_SURFACE ( 'NONE', #1986, 3.941926947736152700 ) ;
#3269 = CARTESIAN_POINT ( 'NONE',  ( 5.813442061957539100E-016, 4.710000000000000000, 4.747035688988109600 ) ) ;
#3270 = DIRECTION ( 'NONE',  ( 0.0000000000000000000, 1.000000000000000000, 0.0000000000000000000 ) ) ;
#3271 = DIRECTION ( 'NONE',  ( 0.0000000000000000000, 0.0000000000000000000, -1.000000000000000000 ) ) ;
#3272 = PERSON_AND_ORGANIZATION_ROLE ( 'creator' ) ;
#3273 = EDGE_LOOP ( 'NONE', ( #2238, #2108 ) ) ;
#3274 = CIRCLE ( 'NONE', #634, 3.919999999999999900 ) ;
#3275 = SHAPE_DEFINITION_REPRESENTATION ( #664, #478 ) ;
#3276 = EDGE_CURVE ( 'NONE', #1386, #385, #450, .T. ) ;
#3277 = VERTEX_POINT ( 'NONE', #1618 ) ;
#3278 = LINE ( 'NONE', #1449, #2281 ) ;
#3279 = ADVANCED_FACE ( 'NONE', ( #1442 ), #172, .F. ) ;
#3280 = VERTEX_POINT ( 'NONE', #1574 ) ;
#3281 = EDGE_CURVE ( 'NONE', #984, #520, #2740, .T. ) ;
#3282 = CARTESIAN_POINT ( 'NONE',  ( 0.0000000000000000000, 4.100000000000000500, 0.0000000000000000000 ) ) ;
#3283 = DIRECTION ( 'NONE',  ( -0.0000000000000000000, -1.000000000000000000, -0.0000000000000000000 ) ) ;
#3284 = AXIS2_PLACEMENT_3D ( 'NONE', #1770, #243, #2522 ) ;
#3285 = LINE ( 'NONE', #1898, #2960 ) ;
#3286 = VECTOR ( 'NONE', #649, 1000.000000000000000 ) ;
#3287 = ADVANCED_FACE ( 'NONE', ( #2941 ), #3268, .F. ) ;
#3288 = AXIS2_PLACEMENT_3D ( 'NONE', #1178, #1237, #404 ) ;
#3289 = VECTOR ( 'NONE', #1487, 1000.000000000000000 ) ;
#3290 = ORIENTED_EDGE ( 'NONE', *, *, #2106, .F. ) ;
#3291 = DIRECTION ( 'NONE',  ( 0.0000000000000000000, 0.0000000000000000000, 1.000000000000000000 ) ) ;
#3292 = VECTOR ( 'NONE', #2686, 1000.000000000000000 ) ;
#3293 = EDGE_CURVE ( 'NONE', #1599, #2789, #7, .T. ) ;
#3294 = EDGE_LOOP ( 'NONE', ( #1505, #2147, #695, #281 ) ) ;
#3295 = AXIS2_PLACEMENT_3D ( 'NONE', #1974, #1678, #666 ) ;
#3296 = ORIENTED_EDGE ( 'NONE', *, *, #2825, .T. ) ;
#3297 = DIRECTION ( 'NONE',  ( 0.0000000000000000000, 0.0000000000000000000, 1.000000000000000000 ) ) ;
#3298 = CARTESIAN_POINT ( 'NONE',  ( 0.0000000000000000000, 0.2999999999999999900, -5.675000000000001600 ) ) ;
#3299 = VERTEX_POINT ( 'NONE', #2615 ) ;
#3300 = AXIS2_PLACEMENT_3D ( 'NONE', #1630, #1136, #3208 ) ;
#3301 = EDGE_LOOP ( 'NONE', ( #972, #92, #2562, #1064 ) ) ;
#3302 = VERTEX_POINT ( 'NONE', #1675 ) ;
#3303 = CIRCLE ( 'NONE', #1230, 6.800000000000000700 ) ;
#3304 = CC_DESIGN_DATE_AND_TIME_ASSIGNMENT ( #2081, #3222, ( #271 ) ) ;
#3305 = EDGE_CURVE ( 'NONE', #2066, #604, #1077, .T. ) ;
#3306 = CARTESIAN_POINT ( 'NONE',  ( -4.500511103324042100, 4.559999999999998700, 3.776377206908364300 ) ) ;
#3307 = ORIENTED_EDGE ( 'NONE', *, *, #709, .F. ) ;
#3308 = FACE_OUTER_BOUND ( 'NONE', #327, .T. ) ;
#3309 = CARTESIAN_POINT ( 'NONE',  ( 6.256925898700289000E-016, 4.410000000000000100, -5.109167723344073800 ) ) ;
#3310 = VERTEX_POINT ( 'NONE', #2946 ) ;
#3311 = CALENDAR_DATE ( 2023, 4, 1 ) ;
#3312 = CARTESIAN_POINT ( 'NONE',  ( 0.0000000000000000000, 0.4000000000000036300, 0.0000000000000000000 ) ) ;
#3313 = PRODUCT ( '3600-0014-3212', '3600-0014-3212', '', ( #1188 ) ) ;
#3314 = AXIS2_PLACEMENT_3D ( 'NONE', #835, #3123, #575 ) ;
#3315 = ORIENTED_EDGE ( 'NONE', *, *, #2348, .T. ) ;
#3316 = AXIS2_PLACEMENT_3D ( 'NONE', #2088, #1606, #1330 ) ;
#3317 = COORDINATED_UNIVERSAL_TIME_OFFSET ( 6, 0, .BEHIND. ) ;
#3318 = VERTEX_POINT ( 'NONE', #2157 ) ;
#3319 = DIRECTION ( 'NONE',  ( -0.0000000000000000000, -1.000000000000000000, -0.0000000000000000000 ) ) ;
#3320 = CARTESIAN_POINT ( 'NONE',  ( 8.939921633775678800E-016, 4.100000000000000500, 7.300000000000000700 ) ) ;
#3321 = LINE ( 'NONE', #2718, #69 ) ;
#3322 = DIRECTION ( 'NONE',  ( -0.0000000000000000000, -1.000000000000000000, -0.0000000000000000000 ) ) ;
#3323 = CIRCLE ( 'NONE', #464, 2.150000000000002600 ) ;
#3324 = CARTESIAN_POINT ( 'NONE',  ( 5.802298969176654300E-016, 0.2999999999999999900, 4.684903654632143400 ) ) ;
#3325 =( GEOMETRIC_REPRESENTATION_CONTEXT ( 3 ) GLOBAL_UNCERTAINTY_ASSIGNED_CONTEXT ( ( #2955 ) ) GLOBAL_UNIT_ASSIGNED_CONTEXT ( ( #1110, #900, #3207 ) ) REPRESENTATION_CONTEXT ( 'NONE', 'WORKASPACE' ) );
#3326 = LINE ( 'NONE', #620, #1221 ) ;
#3327 = CYLINDRICAL_SURFACE ( 'NONE', #1641, 5.875000000000000900 ) ;
#3328 = CARTESIAN_POINT ( 'NONE',  ( 2.449293598294706400E-016, 0.0000000000000000000, -2.000000000000000000 ) ) ;
#3329 = FACE_OUTER_BOUND ( 'NONE', #1802, .T. ) ;
#3330 = EDGE_CURVE ( 'NONE', #1080, #3025, #2025, .T. ) ;
#3331 = ORIENTED_EDGE ( 'NONE', *, *, #1570, .F. ) ;
#3332 = NEXT_ASSEMBLY_USAGE_OCCURRENCE ( 'NAUO1', ' ', ' ', #2314, #3086, $ ) ;
#3333 = NEXT_ASSEMBLY_USAGE_OCCURRENCE ( 'NAUO2', ' ', ' ', #2314, #398, $ ) ;
#3334 = NEXT_ASSEMBLY_USAGE_OCCURRENCE ( 'NAUO3', ' ', ' ', #2314, #398, $ ) ;
ENDSEC;
END-ISO-10303-21;
