ISO-10303-21;
HEADER;
FILE_DESCRIPTION (( 'STEP AP203' ),
    '1' );
FILE_NAME ('1143-0003-0096.STEP',
    '2022-04-26T16:39:54',
    ( '' ),
    ( '' ),
    'SwSTEP 2.0',
    'SolidWorks 2016',
    '' );
FILE_SCHEMA (( 'CONFIG_CONTROL_DESIGN' ));
ENDSEC;

DATA;
#1 = LINE ( 'NONE', #1342, #1491 ) ;
#2 = EDGE_CURVE ( 'NONE', #1595, #4344, #1769, .T. ) ;
#3 = AXIS2_PLACEMENT_3D ( 'NONE', #3203, #1907, #2760 ) ;
#4 = DIRECTION ( 'NONE',  ( -1.826024711554532900E-016, 0.0000000000000000000, 1.000000000000000000 ) ) ;
#5 = VERTEX_POINT ( 'NONE', #1844 ) ;
#6 = ORIENTED_EDGE ( 'NONE', *, *, #5277, .T. ) ;
#7 = CARTESIAN_POINT ( 'NONE',  ( 10.75000000000000400, 0.0000000000000000000, 13.50000000000000000 ) ) ;
#8 = FACE_OUTER_BOUND ( 'NONE', #2062, .T. ) ;
#9 = DIRECTION ( 'NONE',  ( 1.000000000000000000, -0.0000000000000000000, -0.0000000000000000000 ) ) ;
#10 = CYLINDRICAL_SURFACE ( 'NONE', #2408, 2.024999999999998100 ) ;
#11 = CARTESIAN_POINT ( 'NONE',  ( -1.249999999999999800, 30.56810876809724300, -9.431891231902755000 ) ) ;
#12 = ORIENTED_EDGE ( 'NONE', *, *, #2558, .T. ) ;
#13 = ORIENTED_EDGE ( 'NONE', *, *, #2999, .F. ) ;
#14 = CARTESIAN_POINT ( 'NONE',  ( -1.249999999999999800, 32.00000000000000000, -7.999999999999994700 ) ) ;
#15 = FACE_OUTER_BOUND ( 'NONE', #3976, .T. ) ;
#16 = LINE ( 'NONE', #862, #1778 ) ;
#17 = VERTEX_POINT ( 'NONE', #555 ) ;
#18 = AXIS2_PLACEMENT_3D ( 'NONE', #3830, #2992, #3048 ) ;
#19 = ORIENTED_EDGE ( 'NONE', *, *, #3057, .F. ) ;
#20 = VERTEX_POINT ( 'NONE', #3124 ) ;
#21 = CARTESIAN_POINT ( 'NONE',  ( -1.249999999999999800, 96.00000000000000000, 16.00000000000000000 ) ) ;
#22 = DIRECTION ( 'NONE',  ( 1.000000000000000000, -0.0000000000000000000, -0.0000000000000000000 ) ) ;
#23 = CARTESIAN_POINT ( 'NONE',  ( 6.750000000000000000, 16.00000000000000700, -13.50000000000000200 ) ) ;
#24 = FACE_OUTER_BOUND ( 'NONE', #3612, .T. ) ;
#25 = ORIENTED_EDGE ( 'NONE', *, *, #3078, .F. ) ;
#26 = ORIENTED_EDGE ( 'NONE', *, *, #4326, .T. ) ;
#27 = ORIENTED_EDGE ( 'NONE', *, *, #5383, .F. ) ;
#28 = ADVANCED_FACE ( 'NONE', ( #3843 ), #3365, .F. ) ;
#29 = AXIS2_PLACEMENT_3D ( 'NONE', #1093, #5369, #4524 ) ;
#30 = DIRECTION ( 'NONE',  ( 1.826024711554532900E-016, -0.0000000000000000000, 1.000000000000000000 ) ) ;
#31 = DIRECTION ( 'NONE',  ( 0.0000000000000000000, 0.7071067811865424700, -0.7071067811865526800 ) ) ;
#32 = DIRECTION ( 'NONE',  ( 0.0000000000000000000, 0.0000000000000000000, -1.000000000000000000 ) ) ;
#33 = EDGE_CURVE ( 'NONE', #720, #4998, #1849, .T. ) ;
#34 = DIRECTION ( 'NONE',  ( 1.000000000000000000, -0.0000000000000000000, 0.0000000000000000000 ) ) ;
#35 = CARTESIAN_POINT ( 'NONE',  ( -1.249999999999999800, 13.43189123190279200, -13.43189123190274400 ) ) ;
#36 = CIRCLE ( 'NONE', #2549, 2.025000000000006100 ) ;
#37 = ORIENTED_EDGE ( 'NONE', *, *, #118, .F. ) ;
#38 = ORIENTED_EDGE ( 'NONE', *, *, #1129, .F. ) ;
#39 = CARTESIAN_POINT ( 'NONE',  ( 10.75000000000002300, 96.00000000000000000, 1.491862189340059100E-014 ) ) ;
#40 = CARTESIAN_POINT ( 'NONE',  ( -1.249999999999999800, 37.43189123190278900, -13.43189123190274400 ) ) ;
#41 = VECTOR ( 'NONE', #3305, 1000.000000000000100 ) ;
#42 = ADVANCED_FACE ( 'NONE', ( #695 ), #4228, .F. ) ;
#43 = EDGE_CURVE ( 'NONE', #5403, #4864, #4967, .T. ) ;
#44 = ORIENTED_EDGE ( 'NONE', *, *, #3689, .T. ) ;
#45 = VERTEX_POINT ( 'NONE', #1864 ) ;
#46 = DIRECTION ( 'NONE',  ( -1.000000000000000000, 0.0000000000000000000, 0.0000000000000000000 ) ) ;
#47 = EDGE_LOOP ( 'NONE', ( #1884, #4699, #5317, #5488 ) ) ;
#48 = ORIENTED_EDGE ( 'NONE', *, *, #1175, .F. ) ;
#49 = DIRECTION ( 'NONE',  ( 0.0000000000000000000, 0.7071067811865450200, -0.7071067811865500200 ) ) ;
#50 = ORIENTED_EDGE ( 'NONE', *, *, #2674, .F. ) ;
#51 = DIRECTION ( 'NONE',  ( 1.000000000000000000, -0.0000000000000000000, -0.0000000000000000000 ) ) ;
#52 = DIRECTION ( 'NONE',  ( 0.0000000000000000000, 0.0000000000000000000, -1.000000000000000000 ) ) ;
#53 = EDGE_CURVE ( 'NONE', #2924, #4208, #1630, .T. ) ;
#54 = CARTESIAN_POINT ( 'NONE',  ( 1.250000000000000200, 79.05339014233581500, -9.917172606141322800 ) ) ;
#55 = FACE_BOUND ( 'NONE', #2411, .T. ) ;
#56 = DIRECTION ( 'NONE',  ( 0.0000000000000000000, 0.0000000000000000000, -1.000000000000000000 ) ) ;
#57 = FACE_BOUND ( 'NONE', #3369, .T. ) ;
#58 = DIRECTION ( 'NONE',  ( 3.652049423109066300E-016, 0.0000000000000000000, -1.000000000000000000 ) ) ;
#59 = ORIENTED_EDGE ( 'NONE', *, *, #4763, .F. ) ;
#60 = AXIS2_PLACEMENT_3D ( 'NONE', #633, #1406, #5301 ) ;
#61 = CARTESIAN_POINT ( 'NONE',  ( -1.249999999999999800, 34.56810876809729600, -10.56810876809726100 ) ) ;
#62 = ADVANCED_FACE ( 'NONE', ( #2500 ), #3835, .F. ) ;
#63 = VERTEX_POINT ( 'NONE', #4988 ) ;
#64 = AXIS2_PLACEMENT_3D ( 'NONE', #5307, #3179, #981 ) ;
#65 = CIRCLE ( 'NONE', #3356, 2.024999999999997200 ) ;
#66 = EDGE_CURVE ( 'NONE', #2785, #2258, #1494, .T. ) ;
#67 = DIRECTION ( 'NONE',  ( 0.0000000000000000000, 0.0000000000000000000, -1.000000000000000000 ) ) ;
#68 = CIRCLE ( 'NONE', #2230, 2.025000000000002600 ) ;
#69 = LINE ( 'NONE', #392, #4030 ) ;
#70 = DIRECTION ( 'NONE',  ( 1.000000000000000000, -0.0000000000000000000, 0.0000000000000000000 ) ) ;
#71 = FACE_OUTER_BOUND ( 'NONE', #2703, .T. ) ;
#72 = AXIS2_PLACEMENT_3D ( 'NONE', #723, #1572, #5389 ) ;
#73 = ORIENTED_EDGE ( 'NONE', *, *, #1749, .F. ) ;
#74 = CARTESIAN_POINT ( 'NONE',  ( -1.249999999999999800, 37.43189123190261800, 13.43189123190273400 ) ) ;
#75 = EDGE_CURVE ( 'NONE', #2523, #505, #1367, .T. ) ;
#76 = LINE ( 'NONE', #1378, #4159 ) ;
#77 = CARTESIAN_POINT ( 'NONE',  ( 4.724999999999991700, 24.00000000000000700, 16.00000000000000400 ) ) ;
#78 = LINE ( 'NONE', #5149, #1839 ) ;
#79 = VERTEX_POINT ( 'NONE', #2039 ) ;
#80 = VECTOR ( 'NONE', #2562, 1000.000000000000000 ) ;
#81 = LINE ( 'NONE', #218, #825 ) ;
#82 = CARTESIAN_POINT ( 'NONE',  ( 4.724999999999991700, 80.00000000000001400, 16.00000000000000400 ) ) ;
#83 = AXIS2_PLACEMENT_3D ( 'NONE', #4902, #4062, #2332 ) ;
#84 = VERTEX_POINT ( 'NONE', #4533 ) ;
#85 = ORIENTED_EDGE ( 'NONE', *, *, #697, .F. ) ;
#86 = EDGE_CURVE ( 'NONE', #3082, #922, #3909, .T. ) ;
#87 = VECTOR ( 'NONE', #4814, 1000.000000000000000 ) ;
#88 = FACE_OUTER_BOUND ( 'NONE', #115, .T. ) ;
#89 = ADVANCED_FACE ( 'NONE', ( #2704 ), #3299, .T. ) ;
#90 = CARTESIAN_POINT ( 'NONE',  ( -1.249999999999999800, 59.31370849898476600, 2.024999999999999900 ) ) ;
#91 = EDGE_LOOP ( 'NONE', ( #3076, #1840, #583, #3117, #3364 ) ) ;
#92 = EDGE_LOOP ( 'NONE', ( #2136, #807, #3879, #1181 ) ) ;
#93 = CARTESIAN_POINT ( 'NONE',  ( 6.749999999999989300, 72.00000000000001400, 16.00000000000000400 ) ) ;
#94 = AXIS2_PLACEMENT_3D ( 'NONE', #5404, #4148, #754 ) ;
#95 = EDGE_LOOP ( 'NONE', ( #1192, #3108 ) ) ;
#96 = CARTESIAN_POINT ( 'NONE',  ( 1.250000000000000200, 63.51471862576142500, 8.485281374238569500 ) ) ;
#97 = ORIENTED_EDGE ( 'NONE', *, *, #4242, .F. ) ;
#98 = ADVANCED_FACE ( 'NONE', ( #3103 ), #414, .F. ) ;
#99 = VERTEX_POINT ( 'NONE', #2899 ) ;
#100 = LINE ( 'NONE', #5203, #5534 ) ;
#101 = AXIS2_PLACEMENT_3D ( 'NONE', #476, #30, #1355 ) ;
#102 = EDGE_CURVE ( 'NONE', #372, #5194, #4833, .T. ) ;
#103 = ORIENTED_EDGE ( 'NONE', *, *, #3702, .F. ) ;
#104 = ORIENTED_EDGE ( 'NONE', *, *, #1639, .T. ) ;
#105 = DIRECTION ( 'NONE',  ( 1.000000000000000000, -0.0000000000000000000, 0.0000000000000000000 ) ) ;
#106 = CARTESIAN_POINT ( 'NONE',  ( -1.249999999999999800, 78.56810876809724700, 9.431891231902756800 ) ) ;
#107 = DIRECTION ( 'NONE',  ( 1.826024711554532900E-016, -0.0000000000000000000, 1.000000000000000000 ) ) ;
#108 = LOCAL_TIME ( 11, 39, 54.00000000000000000, #2673 ) ;
#109 = LINE ( 'NONE', #5521, #1728 ) ;
#110 = EDGE_LOOP ( 'NONE', ( #5402, #2734, #2239, #4497 ) ) ;
#111 =( GEOMETRIC_REPRESENTATION_CONTEXT ( 3 ) GLOBAL_UNCERTAINTY_ASSIGNED_CONTEXT ( ( #955 ) ) GLOBAL_UNIT_ASSIGNED_CONTEXT ( ( #2132, #4232, #1683 ) ) REPRESENTATION_CONTEXT ( 'NONE', 'WORKASPACE' ) );
#112 = EDGE_CURVE ( 'NONE', #3518, #1117, #344, .T. ) ;
#113 = CARTESIAN_POINT ( 'NONE',  ( -1.249999999999999800, 84.68629150101523400, 2.024999999999999900 ) ) ;
#114 = DIRECTION ( 'NONE',  ( 3.652049423109066300E-016, 0.0000000000000000000, -1.000000000000000000 ) ) ;
#115 = EDGE_LOOP ( 'NONE', ( #1150, #528, #3655, #5263 ) ) ;
#116 = VERTEX_POINT ( 'NONE', #1125 ) ;
#117 = DIRECTION ( 'NONE',  ( 0.0000000000000000000, 0.0000000000000000000, -1.000000000000000000 ) ) ;
#118 = EDGE_CURVE ( 'NONE', #5074, #2582, #1557, .T. ) ;
#119 = ORIENTED_EDGE ( 'NONE', *, *, #2637, .T. ) ;
#120 = VERTEX_POINT ( 'NONE', #3758 ) ;
#121 = EDGE_CURVE ( 'NONE', #4101, #2482, #5242, .T. ) ;
#122 = DIRECTION ( 'NONE',  ( -1.000000000000000000, 0.0000000000000000000, -0.0000000000000000000 ) ) ;
#123 = ORIENTED_EDGE ( 'NONE', *, *, #3415, .T. ) ;
#124 = ADVANCED_FACE ( 'NONE', ( #4363 ), #3977, .F. ) ;
#125 = VECTOR ( 'NONE', #3642, 1000.000000000000000 ) ;
#126 = DIRECTION ( 'NONE',  ( 0.0000000000000000000, 0.0000000000000000000, -1.000000000000000000 ) ) ;
#127 = DIRECTION ( 'NONE',  ( 1.000000000000000000, -0.0000000000000000000, 0.0000000000000000000 ) ) ;
#128 = DIRECTION ( 'NONE',  ( 0.0000000000000000000, 0.0000000000000000000, 1.000000000000000000 ) ) ;
#129 = ORIENTED_EDGE ( 'NONE', *, *, #1891, .F. ) ;
#130 = AXIS2_PLACEMENT_3D ( 'NONE', #938, #1786, #5205 ) ;
#131 = DIRECTION ( 'NONE',  ( -1.000000000000000000, 0.0000000000000000000, 0.0000000000000000000 ) ) ;
#132 = DIRECTION ( 'NONE',  ( 3.652049423109066300E-016, 0.0000000000000000000, -1.000000000000000000 ) ) ;
#133 = VECTOR ( 'NONE', #1190, 1000.000000000000000 ) ;
#134 = DIRECTION ( 'NONE',  ( 1.000000000000000000, -0.0000000000000000000, -0.0000000000000000000 ) ) ;
#135 = DIRECTION ( 'NONE',  ( -1.826024711554532900E-016, 0.0000000000000000000, 1.000000000000000000 ) ) ;
#136 = AXIS2_PLACEMENT_3D ( 'NONE', #4097, #2335, #4065 ) ;
#137 = ADVANCED_FACE ( 'NONE', ( #1978 ), #5101, .F. ) ;
#138 = EDGE_CURVE ( 'NONE', #737, #2268, #3706, .T. ) ;
#139 = CIRCLE ( 'NONE', #5421, 2.024999999999998100 ) ;
#140 = EDGE_CURVE ( 'NONE', #2193, #1032, #622, .T. ) ;
#141 = CARTESIAN_POINT ( 'NONE',  ( -1.249999999999999800, 32.48528137423857500, -8.485281374238564200 ) ) ;
#142 = CARTESIAN_POINT ( 'NONE',  ( 6.749999999999989300, 80.00000000000001400, 16.00000000000000400 ) ) ;
#143 = CARTESIAN_POINT ( 'NONE',  ( -1.249999999999999800, 72.00000000000001400, 0.0000000000000000000 ) ) ;
#144 = CYLINDRICAL_SURFACE ( 'NONE', #4801, 6.999999999999999100 ) ;
#145 = ORIENTED_EDGE ( 'NONE', *, *, #4568, .T. ) ;
#146 = ORIENTED_EDGE ( 'NONE', *, *, #3469, .F. ) ;
#147 = LINE ( 'NONE', #3769, #3439 ) ;
#148 = ADVANCED_FACE ( 'NONE', ( #4909 ), #4102, .F. ) ;
#149 = CIRCLE ( 'NONE', #4681, 2.025000000000004400 ) ;
#150 = DIRECTION ( 'NONE',  ( 1.000000000000000000, 0.0000000000000000000, 0.0000000000000000000 ) ) ;
#151 = AXIS2_PLACEMENT_3D ( 'NONE', #4247, #1691, #3040 ) ;
#152 = VERTEX_POINT ( 'NONE', #834 ) ;
#153 = ORIENTED_EDGE ( 'NONE', *, *, #2448, .F. ) ;
#154 = LINE ( 'NONE', #5547, #2915 ) ;
#155 = ORIENTED_EDGE ( 'NONE', *, *, #4479, .T. ) ;
#156 = EDGE_CURVE ( 'NONE', #3864, #152, #5373, .T. ) ;
#157 = ORIENTED_EDGE ( 'NONE', *, *, #458, .F. ) ;
#158 = ORIENTED_EDGE ( 'NONE', *, *, #4141, .F. ) ;
#159 = DIRECTION ( 'NONE',  ( 0.0000000000000000000, -0.7071067811865463500, -0.7071067811865487900 ) ) ;
#160 = FACE_OUTER_BOUND ( 'NONE', #5150, .T. ) ;
#161 = AXIS2_PLACEMENT_3D ( 'NONE', #4444, #5333, #4924 ) ;
#162 = CARTESIAN_POINT ( 'NONE',  ( -1.249999999999999800, 64.94660985766418500, 9.917172606141328100 ) ) ;
#163 = CARTESIAN_POINT ( 'NONE',  ( 8.774999999999987900, 8.000000000000007100, 16.00000000000000400 ) ) ;
#164 = DIRECTION ( 'NONE',  ( 0.0000000000000000000, 0.0000000000000000000, -1.000000000000000000 ) ) ;
#165 = CARTESIAN_POINT ( 'NONE',  ( 1.250000000000001100, 88.94660985766420000, 9.917172606141333400 ) ) ;
#166 = LINE ( 'NONE', #4040, #5460 ) ;
#167 = ORIENTED_EDGE ( 'NONE', *, *, #5134, .T. ) ;
#168 = AXIS2_PLACEMENT_3D ( 'NONE', #1298, #5549, #2104 ) ;
#169 = ORIENTED_EDGE ( 'NONE', *, *, #2484, .T. ) ;
#170 = CARTESIAN_POINT ( 'NONE',  ( 0.0000000000000000000, 0.0000000000000000000, 0.0000000000000000000 ) ) ;
#171 = ORIENTED_EDGE ( 'NONE', *, *, #4517, .T. ) ;
#172 = DIRECTION ( 'NONE',  ( 3.652049423109066300E-016, -0.0000000000000000000, -1.000000000000000000 ) ) ;
#173 = AXIS2_PLACEMENT_3D ( 'NONE', #2974, #367, #5095 ) ;
#174 = ADVANCED_FACE ( 'NONE', ( #1696 ), #5169, .T. ) ;
#175 = ORIENTED_EDGE ( 'NONE', *, *, #4095, .F. ) ;
#176 = ORIENTED_EDGE ( 'NONE', *, *, #560, .F. ) ;
#177 = CARTESIAN_POINT ( 'NONE',  ( 6.750000000000000900, 16.00000000000000700, -15.99999999999999600 ) ) ;
#178 = ORIENTED_EDGE ( 'NONE', *, *, #3819, .T. ) ;
#179 = LINE ( 'NONE', #5512, #4066 ) ;
#180 = PLANE ( 'NONE',  #827 ) ;
#181 = EDGE_LOOP ( 'NONE', ( #3337, #729 ) ) ;
#182 = ORIENTED_EDGE ( 'NONE', *, *, #847, .T. ) ;
#183 = ADVANCED_FACE ( 'NONE', ( #494 ), #948, .T. ) ;
#184 = CARTESIAN_POINT ( 'NONE',  ( -1.250000000000001100, 88.00000000000001400, 5.974999999999997900 ) ) ;
#185 = AXIS2_PLACEMENT_3D ( 'NONE', #1962, #2397, #3216 ) ;
#186 = DIRECTION ( 'NONE',  ( -1.826024711554532900E-016, 0.0000000000000000000, 1.000000000000000000 ) ) ;
#187 = EDGE_LOOP ( 'NONE', ( #3949, #5522, #1575, #3953 ) ) ;
#188 = EDGE_CURVE ( 'NONE', #1860, #120, #3772, .T. ) ;
#189 = VERTEX_POINT ( 'NONE', #3417 ) ;
#190 = DIRECTION ( 'NONE',  ( 0.0000000000000000000, 0.0000000000000000000, -1.000000000000000000 ) ) ;
#191 = VERTEX_POINT ( 'NONE', #4774 ) ;
#192 = ORIENTED_EDGE ( 'NONE', *, *, #5219, .T. ) ;
#193 = EDGE_CURVE ( 'NONE', #2737, #2457, #1228, .T. ) ;
#194 = DIRECTION ( 'NONE',  ( 1.000000000000000000, -0.0000000000000000000, 0.0000000000000000000 ) ) ;
#195 = CYLINDRICAL_SURFACE ( 'NONE', #2526, 2.025000000000000800 ) ;
#196 = FACE_BOUND ( 'NONE', #1804, .T. ) ;
#197 = VERTEX_POINT ( 'NONE', #3043 ) ;
#198 = EDGE_CURVE ( 'NONE', #2924, #2882, #553, .T. ) ;
#199 = DIRECTION ( 'NONE',  ( 1.000000000000000000, -0.0000000000000000000, 0.0000000000000000000 ) ) ;
#200 = FACE_OUTER_BOUND ( 'NONE', #5020, .T. ) ;
#201 = DIRECTION ( 'NONE',  ( 0.0000000000000000000, 0.0000000000000000000, 1.000000000000000000 ) ) ;
#202 = DIRECTION ( 'NONE',  ( 1.000000000000000000, 0.0000000000000000000, 0.0000000000000000000 ) ) ;
#203 = CARTESIAN_POINT ( 'NONE',  ( 1.250000000000000200, 38.56810876809724700, -6.568108768097241400 ) ) ;
#204 = VECTOR ( 'NONE', #4559, 1000.000000000000000 ) ;
#205 = CARTESIAN_POINT ( 'NONE',  ( 6.750000000000000000, 40.00000000000000700, -13.50000000000000200 ) ) ;
#206 = AXIS2_PLACEMENT_3D ( 'NONE', #2560, #2987, #1772 ) ;
#207 = FACE_OUTER_BOUND ( 'NONE', #636, .T. ) ;
#208 = CARTESIAN_POINT ( 'NONE',  ( 1.250000000000000200, 6.568108768097243200, 9.431891231902760400 ) ) ;
#209 = VECTOR ( 'NONE', #2863, 1000.000000000000000 ) ;
#210 = FACE_BOUND ( 'NONE', #3142, .T. ) ;
#211 = AXIS2_PLACEMENT_3D ( 'NONE', #871, #397, #3874 ) ;
#212 = ORIENTED_EDGE ( 'NONE', *, *, #3095, .F. ) ;
#213 = CARTESIAN_POINT ( 'NONE',  ( 6.749999999999990200, 64.00000000000000000, 13.50000000000000000 ) ) ;
#214 = LINE ( 'NONE', #1679, #5508 ) ;
#215 = EDGE_CURVE ( 'NONE', #4740, #3462, #4628, .T. ) ;
#216 = LINE ( 'NONE', #3237, #4835 ) ;
#217 = DIRECTION ( 'NONE',  ( 0.0000000000000000000, 0.0000000000000000000, -1.000000000000000000 ) ) ;
#218 = CARTESIAN_POINT ( 'NONE',  ( -1.249999999999999800, 17.43189123190276000, 9.431891231902762100 ) ) ;
#219 = DIRECTION ( 'NONE',  ( 0.0000000000000000000, -0.7071067811865487900, 0.7071067811865463500 ) ) ;
#220 = ORIENTED_EDGE ( 'NONE', *, *, #3376, .T. ) ;
#221 = ORIENTED_EDGE ( 'NONE', *, *, #188, .F. ) ;
#222 = CIRCLE ( 'NONE', #2445, 2.025000000000000800 ) ;
#223 = DIRECTION ( 'NONE',  ( 3.652049423109066300E-016, 0.0000000000000000000, -1.000000000000000000 ) ) ;
#224 = EDGE_LOOP ( 'NONE', ( #5514, #4944, #3925, #5377, #1121 ) ) ;
#225 = VERTEX_POINT ( 'NONE', #3479 ) ;
#226 = EDGE_CURVE ( 'NONE', #3549, #2836, #2099, .T. ) ;
#227 = VECTOR ( 'NONE', #2531, 1000.000000000000000 ) ;
#228 = ORIENTED_EDGE ( 'NONE', *, *, #4490, .T. ) ;
#229 = ORIENTED_EDGE ( 'NONE', *, *, #870, .F. ) ;
#230 = ORIENTED_EDGE ( 'NONE', *, *, #853, .T. ) ;
#231 = CARTESIAN_POINT ( 'NONE',  ( -1.249999999999999800, 39.51471862576143900, -8.485281374238566000 ) ) ;
#232 = CARTESIAN_POINT ( 'NONE',  ( 1.250000000000000200, 87.51471862576143200, -8.485281374238555300 ) ) ;
#233 = CIRCLE ( 'NONE', #4366, 2.024999999999997200 ) ;
#234 = CARTESIAN_POINT ( 'NONE',  ( 0.0000000000000000000, 0.0000000000000000000, 16.00000000000000000 ) ) ;
#235 = VECTOR ( 'NONE', #1732, 999.9999999999998900 ) ;
#236 = ORIENTED_EDGE ( 'NONE', *, *, #5246, .T. ) ;
#237 = ORIENTED_EDGE ( 'NONE', *, *, #3101, .F. ) ;
#238 = DIRECTION ( 'NONE',  ( 1.000000000000000000, -0.0000000000000000000, -0.0000000000000000000 ) ) ;
#239 = CARTESIAN_POINT ( 'NONE',  ( -1.249999999999999800, 48.00000000000000000, 2.024999999999999900 ) ) ;
#240 = CARTESIAN_POINT ( 'NONE',  ( 1.250000000000000200, 63.51471862576143900, -10.51028137423856600 ) ) ;
#241 = CARTESIAN_POINT ( 'NONE',  ( 1.250000000000000200, 24.00000000000000000, -6.999999999999999100 ) ) ;
#242 = AXIS2_PLACEMENT_3D ( 'NONE', #3557, #2319, #550 ) ;
#243 = PERSON_AND_ORGANIZATION ( #1208, #3327 ) ;
#244 = DIRECTION ( 'NONE',  ( 3.652049423109066300E-016, -0.0000000000000000000, -1.000000000000000000 ) ) ;
#245 = EDGE_LOOP ( 'NONE', ( #3370, #5554, #2238, #2655 ) ) ;
#246 = ORIENTED_EDGE ( 'NONE', *, *, #3343, .T. ) ;
#247 = VECTOR ( 'NONE', #4177, 1000.000000000000000 ) ;
#248 = VERTEX_POINT ( 'NONE', #11 ) ;
#249 = AXIS2_PLACEMENT_3D ( 'NONE', #239, #700, #256 ) ;
#250 = ORIENTED_EDGE ( 'NONE', *, *, #3537, .F. ) ;
#251 = CIRCLE ( 'NONE', #361, 2.024999999999998100 ) ;
#252 = EDGE_CURVE ( 'NONE', #63, #1168, #2644, .T. ) ;
#253 = DIRECTION ( 'NONE',  ( 3.652049423109066300E-016, 0.0000000000000000000, -1.000000000000000000 ) ) ;
#254 = VERTEX_POINT ( 'NONE', #1363 ) ;
#255 = ORIENTED_EDGE ( 'NONE', *, *, #3240, .F. ) ;
#256 = DIRECTION ( 'NONE',  ( 1.000000000000000000, 0.0000000000000000000, -0.0000000000000000000 ) ) ;
#257 = EDGE_CURVE ( 'NONE', #923, #2537, #3234, .T. ) ;
#258 = CARTESIAN_POINT ( 'NONE',  ( 8.774999999999998600, 32.00000000000000700, -15.99999999999999600 ) ) ;
#259 = CARTESIAN_POINT ( 'NONE',  ( 1.250000000000000200, -1.431891231902781700, -1.431891231902792100 ) ) ;
#260 = ORIENTED_EDGE ( 'NONE', *, *, #5501, .F. ) ;
#261 = AXIS2_PLACEMENT_3D ( 'NONE', #5164, #409, #3412 ) ;
#262 = ORIENTED_EDGE ( 'NONE', *, *, #1782, .T. ) ;
#263 = CARTESIAN_POINT ( 'NONE',  ( -46.75000000000000000, 7.053390142335811900, -9.917172606141324600 ) ) ;
#264 = EDGE_CURVE ( 'NONE', #116, #5338, #78, .T. ) ;
#265 = DIRECTION ( 'NONE',  ( 3.652049423109066300E-016, -0.0000000000000000000, -1.000000000000000000 ) ) ;
#266 = DIRECTION ( 'NONE',  ( 0.0000000000000000000, 0.0000000000000000000, -1.000000000000000000 ) ) ;
#267 = LINE ( 'NONE', #2783, #4682 ) ;
#268 = VECTOR ( 'NONE', #1410, 1000.000000000000000 ) ;
#269 = AXIS2_PLACEMENT_3D ( 'NONE', #402, #4650, #4260 ) ;
#270 = VECTOR ( 'NONE', #2949, 1000.000000000000000 ) ;
#271 = CARTESIAN_POINT ( 'NONE',  ( -1.249999999999999800, 10.56810876809729600, -10.56810876809726100 ) ) ;
#272 = CARTESIAN_POINT ( 'NONE',  ( -1.249999999999999800, 81.43189123190275300, 6.568108768097250300 ) ) ;
#273 = CARTESIAN_POINT ( 'NONE',  ( 1.250000000000000200, 48.00000000000000000, 6.999999999999999100 ) ) ;
#274 = DIRECTION ( 'NONE',  ( 0.0000000000000000000, 0.0000000000000000000, -1.000000000000000000 ) ) ;
#275 = CARTESIAN_POINT ( 'NONE',  ( 4.724999999999993400, 40.00000000000000700, 13.50000000000000000 ) ) ;
#276 = FACE_BOUND ( 'NONE', #1739, .T. ) ;
#277 = EDGE_LOOP ( 'NONE', ( #4511, #4069, #3742, #1522 ) ) ;
#278 = AXIS2_PLACEMENT_3D ( 'NONE', #4570, #5012, #1975 ) ;
#279 = DIRECTION ( 'NONE',  ( 0.0000000000000000000, -1.000000000000000000, 0.0000000000000000000 ) ) ;
#280 = CARTESIAN_POINT ( 'NONE',  ( -1.249999999999999800, 78.56810876809724700, -9.431891231902755000 ) ) ;
#281 = LINE ( 'NONE', #4146, #2237 ) ;
#282 = CARTESIAN_POINT ( 'NONE',  ( -1.249999999999999800, 32.48528137423857500, -8.485281374238564200 ) ) ;
#283 = ORIENTED_EDGE ( 'NONE', *, *, #3101, .T. ) ;
#284 = ORIENTED_EDGE ( 'NONE', *, *, #4676, .F. ) ;
#285 = CARTESIAN_POINT ( 'NONE',  ( 6.750000000000000000, 32.00000000000000700, -13.50000000000000200 ) ) ;
#286 = CIRCLE ( 'NONE', #3375, 2.025000000000002600 ) ;
#287 = FACE_OUTER_BOUND ( 'NONE', #2067, .T. ) ;
#288 = DIRECTION ( 'NONE',  ( 1.000000000000000000, 0.0000000000000000000, 0.0000000000000000000 ) ) ;
#289 = AXIS2_PLACEMENT_3D ( 'NONE', #5405, #5427, #274 ) ;
#290 = EDGE_CURVE ( 'NONE', #3176, #2195, #4690, .T. ) ;
#291 = CARTESIAN_POINT ( 'NONE',  ( -1.249999999999999800, 33.43189123190276000, -6.568108768097234300 ) ) ;
#292 = EDGE_CURVE ( 'NONE', #538, #1397, #1418, .T. ) ;
#293 = ORIENTED_EDGE ( 'NONE', *, *, #585, .F. ) ;
#294 = DIRECTION ( 'NONE',  ( 1.000000000000000000, -0.0000000000000000000, -0.0000000000000000000 ) ) ;
#295 = CIRCLE ( 'NONE', #2348, 2.025000000000000800 ) ;
#296 = CARTESIAN_POINT ( 'NONE',  ( -1.250000000000001100, 88.00000000000001400, 8.000000000000003600 ) ) ;
#297 = DIRECTION ( 'NONE',  ( 0.0000000000000000000, -0.7071067811865450200, 0.7071067811865501300 ) ) ;
#298 = LINE ( 'NONE', #3338, #4852 ) ;
#299 = ORIENTED_EDGE ( 'NONE', *, *, #2219, .T. ) ;
#300 = ORIENTED_EDGE ( 'NONE', *, *, #1924, .F. ) ;
#301 = EDGE_LOOP ( 'NONE', ( #1340, #396, #3170, #594 ) ) ;
#302 = LINE ( 'NONE', #4649, #2593 ) ;
#303 = FACE_OUTER_BOUND ( 'NONE', #2739, .T. ) ;
#304 = ORIENTED_EDGE ( 'NONE', *, *, #4027, .T. ) ;
#305 = DIRECTION ( 'NONE',  ( 3.652049423109066300E-016, -0.0000000000000000000, -1.000000000000000000 ) ) ;
#306 = EDGE_CURVE ( 'NONE', #4408, #739, #5238, .T. ) ;
#307 = VERTEX_POINT ( 'NONE', #3012 ) ;
#308 = ORIENTED_EDGE ( 'NONE', *, *, #4481, .T. ) ;
#309 = VERTEX_POINT ( 'NONE', #519 ) ;
#310 = CARTESIAN_POINT ( 'NONE',  ( 4.725000000000001400, 64.00000000000000000, -13.50000000000000200 ) ) ;
#311 = ORIENTED_EDGE ( 'NONE', *, *, #4683, .T. ) ;
#312 = CARTESIAN_POINT ( 'NONE',  ( 6.749999999999989300, 16.00000000000000700, 16.00000000000000400 ) ) ;
#313 = CARTESIAN_POINT ( 'NONE',  ( 1.250000000000000200, 31.05339014233581100, 9.917172606141324600 ) ) ;
#314 = CALENDAR_DATE ( 2022, 26, 4 ) ;
#315 = CARTESIAN_POINT ( 'NONE',  ( 8.774999999999998600, 32.00000000000000700, -13.50000000000000200 ) ) ;
#316 = CARTESIAN_POINT ( 'NONE',  ( -1.249999999999999800, 10.56810876809722000, -10.56810876809725700 ) ) ;
#317 = VERTEX_POINT ( 'NONE', #1800 ) ;
#318 = VERTEX_POINT ( 'NONE', #3873 ) ;
#319 = CARTESIAN_POINT ( 'NONE',  ( 8.774999999999987900, 16.00000000000000700, 13.50000000000000000 ) ) ;
#320 = AXIS2_PLACEMENT_3D ( 'NONE', #3900, #2231, #4764 ) ;
#321 = DIRECTION ( 'NONE',  ( 1.000000000000000000, -0.0000000000000000000, -0.0000000000000000000 ) ) ;
#322 = ORIENTED_EDGE ( 'NONE', *, *, #3359, .F. ) ;
#323 = EDGE_LOOP ( 'NONE', ( #2722, #1658, #2692, #3615, #1227, #2678, #511, #2782 ) ) ;
#324 = VECTOR ( 'NONE', #321, 1000.000000000000000 ) ;
#325 = FACE_OUTER_BOUND ( 'NONE', #2664, .T. ) ;
#326 = AXIS2_PLACEMENT_3D ( 'NONE', #3335, #2933, #2898 ) ;
#327 = ORIENTED_EDGE ( 'NONE', *, *, #3702, .T. ) ;
#328 = DIRECTION ( 'NONE',  ( 1.000000000000000000, -0.0000000000000000000, -0.0000000000000000000 ) ) ;
#329 = DIRECTION ( 'NONE',  ( 1.000000000000000000, -0.0000000000000000000, 0.0000000000000000000 ) ) ;
#330 = VECTOR ( 'NONE', #2075, 1000.000000000000000 ) ;
#331 = ORIENTED_EDGE ( 'NONE', *, *, #53, .F. ) ;
#332 = CARTESIAN_POINT ( 'NONE',  ( 8.774999999999987900, 24.00000000000000700, 16.00000000000000400 ) ) ;
#333 = CARTESIAN_POINT ( 'NONE',  ( 1.250000000000000200, 81.91717260614133500, -7.053390142335809200 ) ) ;
#334 = CIRCLE ( 'NONE', #2502, 2.024999999999997200 ) ;
#335 = DIRECTION ( 'NONE',  ( -1.000000000000000000, 0.0000000000000000000, 0.0000000000000000000 ) ) ;
#336 = LINE ( 'NONE', #618, #2425 ) ;
#337 = DIRECTION ( 'NONE',  ( 1.000000000000000000, -0.0000000000000000000, -0.0000000000000000000 ) ) ;
#338 = EDGE_CURVE ( 'NONE', #2258, #2592, #4423, .T. ) ;
#339 = LINE ( 'NONE', #2152, #1362 ) ;
#340 = CARTESIAN_POINT ( 'NONE',  ( 1.250000000000000200, 72.00000000000001400, -6.999999999999999100 ) ) ;
#341 = CARTESIAN_POINT ( 'NONE',  ( 2.465133360598619700E-015, 96.00000000000000000, 13.50000000000000200 ) ) ;
#342 = AXIS2_PLACEMENT_3D ( 'NONE', #359, #804, #2092 ) ;
#343 = CIRCLE ( 'NONE', #4143, 2.024999999999998100 ) ;
#344 = LINE ( 'NONE', #3321, #1841 ) ;
#345 = CARTESIAN_POINT ( 'NONE',  ( 1.250000000000000200, 86.08282739385867900, 7.053390142335816300 ) ) ;
#346 = FACE_OUTER_BOUND ( 'NONE', #1384, .T. ) ;
#347 = AXIS2_PLACEMENT_3D ( 'NONE', #5388, #3220, #4064 ) ;
#348 = EDGE_CURVE ( 'NONE', #3980, #3991, #691, .T. ) ;
#349 = ORIENTED_EDGE ( 'NONE', *, *, #3304, .F. ) ;
#350 = EDGE_LOOP ( 'NONE', ( #2205, #1870, #5536, #5415, #644 ) ) ;
#351 = DIRECTION ( 'NONE',  ( 1.000000000000000000, -0.0000000000000000000, 0.0000000000000000000 ) ) ;
#352 = CARTESIAN_POINT ( 'NONE',  ( -1.249999999999999800, 40.00000000000000000, 8.000000000000000000 ) ) ;
#353 = FACE_OUTER_BOUND ( 'NONE', #2391, .T. ) ;
#354 = LINE ( 'NONE', #4778, #3988 ) ;
#355 = EDGE_CURVE ( 'NONE', #589, #5, #3975, .T. ) ;
#356 = EDGE_LOOP ( 'NONE', ( #2339, #4795, #1532, #2947, #3990 ) ) ;
#357 = ORIENTED_EDGE ( 'NONE', *, *, #2359, .F. ) ;
#358 = CARTESIAN_POINT ( 'NONE',  ( 8.774999999999998600, 24.00000000000000700, -15.99999999999999600 ) ) ;
#359 = CARTESIAN_POINT ( 'NONE',  ( -46.75000000000000000, 87.51471862576143200, -8.485281374238555300 ) ) ;
#360 = CIRCLE ( 'NONE', #1124, 2.024999999999999900 ) ;
#361 = AXIS2_PLACEMENT_3D ( 'NONE', #1071, #4955, #4131 ) ;
#362 = EDGE_CURVE ( 'NONE', #1883, #1117, #412, .T. ) ;
#363 = DIRECTION ( 'NONE',  ( 3.652049423109066300E-016, -0.0000000000000000000, -1.000000000000000000 ) ) ;
#364 = CARTESIAN_POINT ( 'NONE',  ( 1.250000000000000200, 0.0000000000000000000, -13.50000000000000200 ) ) ;
#365 = EDGE_CURVE ( 'NONE', #2861, #449, #343, .T. ) ;
#366 = VECTOR ( 'NONE', #790, 1000.000000000000000 ) ;
#367 = DIRECTION ( 'NONE',  ( 0.0000000000000000000, 0.0000000000000000000, -1.000000000000000000 ) ) ;
#368 = EDGE_LOOP ( 'NONE', ( #369, #5061, #579, #1775 ) ) ;
#369 = ORIENTED_EDGE ( 'NONE', *, *, #5470, .F. ) ;
#370 = CYLINDRICAL_SURFACE ( 'NONE', #3152, 2.024999999999998100 ) ;
#371 = DIRECTION ( 'NONE',  ( 3.652049423109066300E-016, -0.0000000000000000000, -1.000000000000000000 ) ) ;
#372 = VERTEX_POINT ( 'NONE', #184 ) ;
#373 = ORIENTED_EDGE ( 'NONE', *, *, #4319, .T. ) ;
#374 = DIRECTION ( 'NONE',  ( 0.0000000000000000000, -0.7071067811865487900, -0.7071067811865463500 ) ) ;
#375 = CARTESIAN_POINT ( 'NONE',  ( -1.249999999999999800, 10.56810876809729100, 10.56810876809721700 ) ) ;
#376 = EDGE_CURVE ( 'NONE', #5264, #317, #4624, .T. ) ;
#377 = COORDINATED_UNIVERSAL_TIME_OFFSET ( 6, 0, .BEHIND. ) ;
#378 = ORIENTED_EDGE ( 'NONE', *, *, #5058, .T. ) ;
#379 = ORIENTED_EDGE ( 'NONE', *, *, #3095, .T. ) ;
#380 = DIRECTION ( 'NONE',  ( 0.0000000000000000000, 0.0000000000000000000, -1.000000000000000000 ) ) ;
#381 = AXIS2_PLACEMENT_3D ( 'NONE', #3543, #970, #1404 ) ;
#382 = CARTESIAN_POINT ( 'NONE',  ( -1.249999999999999800, 60.68629150101524100, 2.024999999999999900 ) ) ;
#383 = ORIENTED_EDGE ( 'NONE', *, *, #4019, .T. ) ;
#384 = ORIENTED_EDGE ( 'NONE', *, *, #1744, .F. ) ;
#385 = CARTESIAN_POINT ( 'NONE',  ( 6.749999999999989300, 72.00000000000001400, 16.00000000000000400 ) ) ;
#386 = CARTESIAN_POINT ( 'NONE',  ( 4.724999999999993400, 32.00000000000000700, 13.50000000000000000 ) ) ;
#387 = DIRECTION ( 'NONE',  ( -1.000000000000000000, 0.0000000000000000000, 0.0000000000000000000 ) ) ;
#388 = EDGE_LOOP ( 'NONE', ( #730, #379 ) ) ;
#389 = AXIS2_PLACEMENT_3D ( 'NONE', #2690, #4026, #1462 ) ;
#390 = VERTEX_POINT ( 'NONE', #4079 ) ;
#391 = ORIENTED_EDGE ( 'NONE', *, *, #1853, .F. ) ;
#392 = CARTESIAN_POINT ( 'NONE',  ( -1.249999999999999800, 60.68629150101524100, 2.024999999999999900 ) ) ;
#393 = CC_DESIGN_APPROVAL ( #1343, ( #2606 ) ) ;
#394 = DIRECTION ( 'NONE',  ( 1.000000000000000000, -0.0000000000000000000, -0.0000000000000000000 ) ) ;
#395 = EDGE_CURVE ( 'NONE', #3323, #84, #2964, .T. ) ;
#396 = ORIENTED_EDGE ( 'NONE', *, *, #1820, .F. ) ;
#397 = DIRECTION ( 'NONE',  ( 3.652049423109066300E-016, 0.0000000000000000000, -1.000000000000000000 ) ) ;
#398 = DIRECTION ( 'NONE',  ( 0.0000000000000000000, -0.7071067811865487900, 0.7071067811865463500 ) ) ;
#399 = ADVANCED_FACE ( 'NONE', ( #5506, #276, #2368, #4831, #822, #1225, #3229, #3703, #3293, #1365, #2096, #3572, #4362, #210, #3832, #3157, #2228, #4225, #4491, #2568, #2297, #1974, #1018, #956 ), #3236, .F. ) ;
#400 = EDGE_CURVE ( 'NONE', #449, #2861, #5371, .T. ) ;
#401 = CARTESIAN_POINT ( 'NONE',  ( -1.249999999999999800, 12.68629150101524100, 2.024999999999999900 ) ) ;
#402 = CARTESIAN_POINT ( 'NONE',  ( 1.250000000000000200, 16.00000000000000000, 8.000000000000000000 ) ) ;
#403 = DIRECTION ( 'NONE',  ( 0.0000000000000000000, 0.0000000000000000000, -1.000000000000000000 ) ) ;
#404 = FACE_OUTER_BOUND ( 'NONE', #4341, .T. ) ;
#405 = EDGE_CURVE ( 'NONE', #2881, #714, #4762, .T. ) ;
#406 = DIRECTION ( 'NONE',  ( 1.000000000000000000, -0.0000000000000000000, 0.0000000000000000000 ) ) ;
#407 = FACE_OUTER_BOUND ( 'NONE', #798, .T. ) ;
#408 = CIRCLE ( 'NONE', #2109, 2.025000000000004400 ) ;
#409 = DIRECTION ( 'NONE',  ( 0.0000000000000000000, -0.7071067811865463500, 0.7071067811865487900 ) ) ;
#410 = DIRECTION ( 'NONE',  ( 1.000000000000000000, -0.0000000000000000000, -0.0000000000000000000 ) ) ;
#411 = DIRECTION ( 'NONE',  ( 0.0000000000000000000, 0.7071067811865424700, -0.7071067811865526800 ) ) ;
#412 = CIRCLE ( 'NONE', #3260, 2.025000000000004400 ) ;
#413 = ORIENTED_EDGE ( 'NONE', *, *, #3620, .F. ) ;
#414 = CYLINDRICAL_SURFACE ( 'NONE', #2875, 2.025000000000004400 ) ;
#415 = CARTESIAN_POINT ( 'NONE',  ( 8.774999999999987900, 40.00000000000000700, 16.00000000000000400 ) ) ;
#416 = DIRECTION ( 'NONE',  ( 0.0000000000000000000, 0.0000000000000000000, -1.000000000000000000 ) ) ;
#417 = VECTOR ( 'NONE', #3215, 1000.000000000000000 ) ;
#418 = CARTESIAN_POINT ( 'NONE',  ( 6.750000000000000900, 56.00000000000000700, -15.99999999999999600 ) ) ;
#419 = CARTESIAN_POINT ( 'NONE',  ( 0.0000000000000000000, 0.0000000000000000000, 0.0000000000000000000 ) ) ;
#420 = ORIENTED_EDGE ( 'NONE', *, *, #3322, .T. ) ;
#421 = ORIENTED_EDGE ( 'NONE', *, *, #1226, .T. ) ;
#422 = AXIS2_PLACEMENT_3D ( 'NONE', #312, #363, #749 ) ;
#423 = CIRCLE ( 'NONE', #326, 2.024999999999997200 ) ;
#424 = FACE_OUTER_BOUND ( 'NONE', #4856, .T. ) ;
#425 = CARTESIAN_POINT ( 'NONE',  ( 8.774999999999987900, 40.00000000000000700, 16.00000000000000400 ) ) ;
#426 = ORIENTED_EDGE ( 'NONE', *, *, #1995, .F. ) ;
#427 = EDGE_LOOP ( 'NONE', ( #4695, #2985 ) ) ;
#428 = VECTOR ( 'NONE', #4935, 1000.000000000000100 ) ;
#429 = VECTOR ( 'NONE', #374, 1000.000000000000000 ) ;
#430 = ADVANCED_FACE ( 'NONE', ( #5435 ), #3645, .F. ) ;
#431 = AXIS2_PLACEMENT_3D ( 'NONE', #5310, #4482, #1908 ) ;
#432 = DIRECTION ( 'NONE',  ( 0.0000000000000000000, 0.0000000000000000000, -1.000000000000000000 ) ) ;
#433 = VERTEX_POINT ( 'NONE', #5329 ) ;
#434 = DIRECTION ( 'NONE',  ( -0.0000000000000000000, -1.000000000000000000, -0.0000000000000000000 ) ) ;
#435 = CARTESIAN_POINT ( 'NONE',  ( -1.249999999999999800, 35.31370849898475900, -2.024999999999999900 ) ) ;
#436 = EDGE_CURVE ( 'NONE', #4632, #4055, #1290, .T. ) ;
#437 = VERTEX_POINT ( 'NONE', #2477 ) ;
#438 = DIRECTION ( 'NONE',  ( 0.0000000000000000000, 0.0000000000000000000, -1.000000000000000000 ) ) ;
#439 = EDGE_CURVE ( 'NONE', #309, #4669, #3100, .T. ) ;
#440 = LINE ( 'NONE', #5155, #3454 ) ;
#441 = DIRECTION ( 'NONE',  ( 1.000000000000000000, -0.0000000000000000000, -0.0000000000000000000 ) ) ;
#442 = FACE_BOUND ( 'NONE', #3045, .T. ) ;
#443 = EDGE_LOOP ( 'NONE', ( #863, #4927, #299, #5189, #2870 ) ) ;
#444 = DIRECTION ( 'NONE',  ( 1.000000000000000000, 0.0000000000000000000, 0.0000000000000000000 ) ) ;
#445 = VERTEX_POINT ( 'NONE', #332 ) ;
#446 = ADVANCED_FACE ( 'NONE', ( #1555 ), #2835, .F. ) ;
#447 = ORIENTED_EDGE ( 'NONE', *, *, #1417, .T. ) ;
#448 = VERTEX_POINT ( 'NONE', #2030 ) ;
#449 = VERTEX_POINT ( 'NONE', #5016 ) ;
#450 = ORIENTED_EDGE ( 'NONE', *, *, #2647, .F. ) ;
#451 = CARTESIAN_POINT ( 'NONE',  ( 4.724999999999991700, 8.000000000000007100, 16.00000000000000400 ) ) ;
#452 = CIRCLE ( 'NONE', #4299, 6.999999999999999100 ) ;
#453 = ORIENTED_EDGE ( 'NONE', *, *, #5097, .F. ) ;
#454 = CARTESIAN_POINT ( 'NONE',  ( 6.750000000000000000, 16.00000000000000700, -13.50000000000000200 ) ) ;
#455 = ORIENTED_EDGE ( 'NONE', *, *, #615, .F. ) ;
#456 = CARTESIAN_POINT ( 'NONE',  ( -1.249999999999999800, 32.48528137423857500, -10.51028137423856800 ) ) ;
#457 = CARTESIAN_POINT ( 'NONE',  ( -1.249999999999999800, 24.00000000000000000, 0.0000000000000000000 ) ) ;
#458 = EDGE_CURVE ( 'NONE', #4948, #5463, #139, .T. ) ;
#459 = CARTESIAN_POINT ( 'NONE',  ( 8.774999999999998600, 48.00000000000000700, -15.99999999999999600 ) ) ;
#460 = DIRECTION ( 'NONE',  ( 1.000000000000000000, 0.0000000000000000000, 0.0000000000000000000 ) ) ;
#461 = ORIENTED_EDGE ( 'NONE', *, *, #365, .F. ) ;
#462 = ORIENTED_EDGE ( 'NONE', *, *, #5540, .T. ) ;
#463 = AXIS2_PLACEMENT_3D ( 'NONE', #4342, #477, #1794 ) ;
#464 = CARTESIAN_POINT ( 'NONE',  ( 8.774999999999987900, 16.00000000000000700, 16.00000000000000400 ) ) ;
#465 = AXIS2_PLACEMENT_3D ( 'NONE', #1047, #1972, #1585 ) ;
#466 = ADVANCED_FACE ( 'NONE', ( #3361 ), #5462, .F. ) ;
#467 = ORIENTED_EDGE ( 'NONE', *, *, #2999, .T. ) ;
#468 = ORIENTED_EDGE ( 'NONE', *, *, #5529, .F. ) ;
#469 = LINE ( 'NONE', #4046, #4888 ) ;
#470 = DIRECTION ( 'NONE',  ( 0.0000000000000000000, 0.0000000000000000000, -1.000000000000000000 ) ) ;
#471 = AXIS2_PLACEMENT_3D ( 'NONE', #4958, #201, #2402 ) ;
#472 = LINE ( 'NONE', #280, #4611 ) ;
#473 = VERTEX_POINT ( 'NONE', #2015 ) ;
#474 = ADVANCED_FACE ( 'NONE', ( #4563 ), #2032, .F. ) ;
#475 = AXIS2_PLACEMENT_3D ( 'NONE', #1431, #1915, #2787 ) ;
#476 = CARTESIAN_POINT ( 'NONE',  ( 6.749999999999990200, 40.00000000000000700, 13.50000000000000000 ) ) ;
#477 = DIRECTION ( 'NONE',  ( 1.000000000000000000, -0.0000000000000000000, 0.0000000000000000000 ) ) ;
#478 = CYLINDRICAL_SURFACE ( 'NONE', #381, 2.024999999999998100 ) ;
#479 = CARTESIAN_POINT ( 'NONE',  ( -1.249999999999999800, 60.68629150101524100, 0.0000000000000000000 ) ) ;
#480 = APPROVAL ( #4255, 'UNSPECIFIED' ) ;
#481 = CARTESIAN_POINT ( 'NONE',  ( -1.249999999999999800, 0.0000000000000000000, -2.024999999999999900 ) ) ;
#482 = EDGE_CURVE ( 'NONE', #3399, #1821, #4287, .T. ) ;
#483 = CARTESIAN_POINT ( 'NONE',  ( 6.750000000000000900, 32.00000000000000700, -15.99999999999999600 ) ) ;
#484 = EDGE_CURVE ( 'NONE', #4908, #967, #1159, .T. ) ;
#485 = CIRCLE ( 'NONE', #269, 2.025000000000002600 ) ;
#486 = CARTESIAN_POINT ( 'NONE',  ( 6.749999999999989300, 24.00000000000000700, 16.00000000000000400 ) ) ;
#487 = FACE_OUTER_BOUND ( 'NONE', #2591, .T. ) ;
#488 = CARTESIAN_POINT ( 'NONE',  ( -46.75000000000000000, -1.431891231902781700, -1.431891231902792100 ) ) ;
#489 = LINE ( 'NONE', #3032, #4223 ) ;
#490 = EDGE_CURVE ( 'NONE', #2098, #4068, #551, .T. ) ;
#491 = ADVANCED_FACE ( 'NONE', ( #4100 ), #4538, .T. ) ;
#492 = DIRECTION ( 'NONE',  ( 1.000000000000000000, -0.0000000000000000000, -0.0000000000000000000 ) ) ;
#493 = ORIENTED_EDGE ( 'NONE', *, *, #4920, .T. ) ;
#494 = FACE_OUTER_BOUND ( 'NONE', #517, .T. ) ;
#495 = CARTESIAN_POINT ( 'NONE',  ( -46.75000000000000000, 86.08282739385869300, -7.053390142335795900 ) ) ;
#496 = CIRCLE ( 'NONE', #3268, 2.024999999999998100 ) ;
#497 = CARTESIAN_POINT ( 'NONE',  ( -1.249999999999999800, 72.00000000000001400, -6.999999999999999100 ) ) ;
#498 = VERTEX_POINT ( 'NONE', #1593 ) ;
#499 = ORIENTED_EDGE ( 'NONE', *, *, #4775, .T. ) ;
#500 = DIRECTION ( 'NONE',  ( 0.0000000000000000000, 0.7071067811865487900, -0.7071067811865463500 ) ) ;
#501 = LINE ( 'NONE', #2584, #3373 ) ;
#502 = ADVANCED_FACE ( 'NONE', ( #487 ), #816, .F. ) ;
#503 = VECTOR ( 'NONE', #1551, 1000.000000000000000 ) ;
#504 = AXIS2_PLACEMENT_3D ( 'NONE', #2451, #265, #5436 ) ;
#505 = VERTEX_POINT ( 'NONE', #315 ) ;
#506 = ORIENTED_EDGE ( 'NONE', *, *, #400, .F. ) ;
#507 = CARTESIAN_POINT ( 'NONE',  ( 1.250000000000000200, 88.00000000000001400, 8.000000000000003600 ) ) ;
#508 = CARTESIAN_POINT ( 'NONE',  ( 1.250000000000000200, 30.56810876809724700, 9.431891231902756800 ) ) ;
#509 = VECTOR ( 'NONE', #1701, 1000.000000000000000 ) ;
#510 = VERTEX_POINT ( 'NONE', #793 ) ;
#511 = ORIENTED_EDGE ( 'NONE', *, *, #2558, .F. ) ;
#512 = EDGE_LOOP ( 'NONE', ( #5201, #2792, #1334, #3507, #4548 ) ) ;
#513 = LINE ( 'NONE', #4698, #5392 ) ;
#514 = AXIS2_PLACEMENT_3D ( 'NONE', #1473, #4453, #1916 ) ;
#515 = CARTESIAN_POINT ( 'NONE',  ( -1.249999999999999800, 32.48528137423857500, -10.51028137423856800 ) ) ;
#516 = EDGE_CURVE ( 'NONE', #3075, #714, #1692, .T. ) ;
#517 = EDGE_LOOP ( 'NONE', ( #4724, #5278, #2613, #220 ) ) ;
#518 = VERTEX_POINT ( 'NONE', #1274 ) ;
#519 = CARTESIAN_POINT ( 'NONE',  ( -1.249999999999999800, 41.43189123190276700, -9.431891231902755000 ) ) ;
#520 = COORDINATED_UNIVERSAL_TIME_OFFSET ( 6, 0, .BEHIND. ) ;
#521 = EDGE_LOOP ( 'NONE', ( #1447, #1703 ) ) ;
#522 = ADVANCED_FACE ( 'NONE', ( #883 ), #1672, .T. ) ;
#523 = VERTEX_POINT ( 'NONE', #2134 ) ;
#524 = EDGE_CURVE ( 'NONE', #2882, #317, #5295, .T. ) ;
#525 = DIRECTION ( 'NONE',  ( 0.0000000000000000000, 0.0000000000000000000, -1.000000000000000000 ) ) ;
#526 = CARTESIAN_POINT ( 'NONE',  ( -1.250000000000001100, 86.56810876809723300, -6.568108768097248500 ) ) ;
#527 = ORIENTED_EDGE ( 'NONE', *, *, #2496, .F. ) ;
#528 = ORIENTED_EDGE ( 'NONE', *, *, #2326, .F. ) ;
#529 = ADVANCED_FACE ( 'NONE', ( #3971 ), #1904, .F. ) ;
#530 = DIRECTION ( 'NONE',  ( 1.000000000000000000, 0.0000000000000000000, 0.0000000000000000000 ) ) ;
#531 = VERTEX_POINT ( 'NONE', #1817 ) ;
#532 = VERTEX_POINT ( 'NONE', #2220 ) ;
#533 = DIRECTION ( 'NONE',  ( 0.0000000000000000000, -0.7071067811865450200, 0.7071067811865501300 ) ) ;
#534 = FACE_BOUND ( 'NONE', #4325, .T. ) ;
#535 = ORIENTED_EDGE ( 'NONE', *, *, #2589, .T. ) ;
#536 = AXIS2_PLACEMENT_3D ( 'NONE', #3969, #571, #2732 ) ;
#537 = CARTESIAN_POINT ( 'NONE',  ( -1.249999999999999800, 59.31370849898476600, -2.024999999999999900 ) ) ;
#538 = VERTEX_POINT ( 'NONE', #546 ) ;
#539 = CARTESIAN_POINT ( 'NONE',  ( 6.750000000000000000, 56.00000000000000700, -13.50000000000000200 ) ) ;
#540 = AXIS2_PLACEMENT_3D ( 'NONE', #1867, #4836, #2286 ) ;
#541 = DIRECTION ( 'NONE',  ( 3.652049423109066300E-016, -0.0000000000000000000, -1.000000000000000000 ) ) ;
#542 = ADVANCED_FACE ( 'NONE', ( #404 ), #5168, .F. ) ;
#543 = EDGE_CURVE ( 'NONE', #518, #5147, #3902, .T. ) ;
#544 = DIRECTION ( 'NONE',  ( 1.000000000000000000, -0.0000000000000000000, 0.0000000000000000000 ) ) ;
#545 = LINE ( 'NONE', #2840, #616 ) ;
#546 = CARTESIAN_POINT ( 'NONE',  ( -1.249999999999999800, 72.00000000000001400, 6.999999999999999100 ) ) ;
#547 = EDGE_CURVE ( 'NONE', #5143, #1122, #4486, .T. ) ;
#548 = DIRECTION ( 'NONE',  ( 3.652049423109066300E-016, -0.0000000000000000000, -1.000000000000000000 ) ) ;
#549 = LINE ( 'NONE', #2173, #2636 ) ;
#550 = DIRECTION ( 'NONE',  ( 0.0000000000000000000, 0.0000000000000000000, -1.000000000000000000 ) ) ;
#551 = LINE ( 'NONE', #1550, #3429 ) ;
#552 = VERTEX_POINT ( 'NONE', #5293 ) ;
#553 = LINE ( 'NONE', #5192, #4494 ) ;
#554 = AXIS2_PLACEMENT_3D ( 'NONE', #4373, #4827, #3532 ) ;
#555 = CARTESIAN_POINT ( 'NONE',  ( 1.250000000000000200, 54.56810876809724000, 9.431891231902756800 ) ) ;
#556 = LINE ( 'NONE', #4866, #417 ) ;
#557 = DIRECTION ( 'NONE',  ( 0.0000000000000000000, 0.0000000000000000000, -1.000000000000000000 ) ) ;
#558 = ORIENTED_EDGE ( 'NONE', *, *, #5004, .T. ) ;
#559 = ORIENTED_EDGE ( 'NONE', *, *, #1379, .F. ) ;
#560 = EDGE_CURVE ( 'NONE', #3791, #3082, #4156, .T. ) ;
#561 = LINE ( 'NONE', #4896, #2710 ) ;
#562 = CYLINDRICAL_SURFACE ( 'NONE', #4121, 2.024999999999998100 ) ;
#563 = CARTESIAN_POINT ( 'NONE',  ( 8.774999999999987900, 88.00000000000002800, 13.50000000000000000 ) ) ;
#564 = EDGE_LOOP ( 'NONE', ( #2389, #3196, #447, #957 ) ) ;
#565 = EDGE_LOOP ( 'NONE', ( #3878, #926, #2626, #3410 ) ) ;
#566 = AXIS2_PLACEMENT_3D ( 'NONE', #3803, #2976, #3833 ) ;
#567 = CIRCLE ( 'NONE', #2365, 2.024999999999997200 ) ;
#568 = CARTESIAN_POINT ( 'NONE',  ( 8.774999999999987900, 16.00000000000000700, 16.00000000000000400 ) ) ;
#569 = EDGE_CURVE ( 'NONE', #701, #5057, #3033, .T. ) ;
#570 = ORIENTED_EDGE ( 'NONE', *, *, #2607, .T. ) ;
#571 = DIRECTION ( 'NONE',  ( 0.0000000000000000000, -0.7071067811865463500, 0.7071067811865487900 ) ) ;
#572 = ORIENTED_EDGE ( 'NONE', *, *, #102, .F. ) ;
#573 = ORIENTED_EDGE ( 'NONE', *, *, #4994, .F. ) ;
#574 = CIRCLE ( 'NONE', #1917, 2.025000000000000800 ) ;
#575 = DIRECTION ( 'NONE',  ( -1.000000000000000000, 0.0000000000000000000, 0.0000000000000000000 ) ) ;
#576 = AXIS2_PLACEMENT_3D ( 'NONE', #4917, #1458, #1517 ) ;
#577 = ORIENTED_EDGE ( 'NONE', *, *, #4702, .F. ) ;
#578 = ORIENTED_EDGE ( 'NONE', *, *, #140, .F. ) ;
#579 = ORIENTED_EDGE ( 'NONE', *, *, #2742, .T. ) ;
#580 = CARTESIAN_POINT ( 'NONE',  ( -1.249999999999999800, 31.05339014233581100, -9.917172606141329900 ) ) ;
#581 = ADVANCED_FACE ( 'NONE', ( #71 ), #4901, .F. ) ;
#582 = ORIENTED_EDGE ( 'NONE', *, *, #226, .T. ) ;
#583 = ORIENTED_EDGE ( 'NONE', *, *, #4775, .F. ) ;
#584 = CARTESIAN_POINT ( 'NONE',  ( 1.250000000000000200, 55.99999999999999300, 8.000000000000000000 ) ) ;
#585 = EDGE_CURVE ( 'NONE', #4586, #390, #5232, .T. ) ;
#586 = EDGE_CURVE ( 'NONE', #510, #4602, #5090, .T. ) ;
#587 = CARTESIAN_POINT ( 'NONE',  ( -1.249999999999999800, 55.05339014233580700, -9.917172606141329900 ) ) ;
#588 = ORIENTED_EDGE ( 'NONE', *, *, #1136, .T. ) ;
#589 = VERTEX_POINT ( 'NONE', #568 ) ;
#590 = CIRCLE ( 'NONE', #1265, 2.024999999999998100 ) ;
#591 = CARTESIAN_POINT ( 'NONE',  ( 8.774999999999998600, 56.00000000000000700, -13.50000000000000200 ) ) ;
#592 = CARTESIAN_POINT ( 'NONE',  ( -1.249999999999999800, 57.43189123190276000, -6.568108768097234300 ) ) ;
#593 = VERTEX_POINT ( 'NONE', #2748 ) ;
#594 = ORIENTED_EDGE ( 'NONE', *, *, #658, .T. ) ;
#595 = AXIS2_PLACEMENT_3D ( 'NONE', #271, #1186, #1163 ) ;
#596 = EDGE_CURVE ( 'NONE', #2651, #4710, #5365, .T. ) ;
#597 = DIRECTION ( 'NONE',  ( 1.000000000000000000, -0.0000000000000000000, -0.0000000000000000000 ) ) ;
#598 = ORIENTED_EDGE ( 'NONE', *, *, #292, .T. ) ;
#599 = ADVANCED_FACE ( 'NONE', ( #2090 ), #3224, .F. ) ;
#600 = ORIENTED_EDGE ( 'NONE', *, *, #839, .T. ) ;
#601 = DIRECTION ( 'NONE',  ( -1.000000000000000000, 0.0000000000000000000, -0.0000000000000000000 ) ) ;
#602 = CARTESIAN_POINT ( 'NONE',  ( -1.249999999999999800, 40.00000000000000000, 5.974999999999997900 ) ) ;
#603 = FACE_OUTER_BOUND ( 'NONE', #5022, .T. ) ;
#604 = CIRCLE ( 'NONE', #5364, 2.024999999999998100 ) ;
#605 = DIRECTION ( 'NONE',  ( 3.652049423109066300E-016, -0.0000000000000000000, -1.000000000000000000 ) ) ;
#606 = CARTESIAN_POINT ( 'NONE',  ( 1.250000000000000200, 31.05339014233581500, -9.917172606141326300 ) ) ;
#607 = ORIENTED_EDGE ( 'NONE', *, *, #3161, .T. ) ;
#608 = CARTESIAN_POINT ( 'NONE',  ( 1.250000000000000200, 10.56810876809746200, 10.56810876809731100 ) ) ;
#609 = AXIS2_PLACEMENT_3D ( 'NONE', #1659, #406, #3409 ) ;
#610 = ADVANCED_FACE ( 'NONE', ( #3637 ), #4450, .T. ) ;
#611 = FACE_OUTER_BOUND ( 'NONE', #5066, .T. ) ;
#612 = CYLINDRICAL_SURFACE ( 'NONE', #2165, 2.024999999999998100 ) ;
#613 = CARTESIAN_POINT ( 'NONE',  ( 1.250000000000000200, 30.56810876809724300, -9.431891231902755000 ) ) ;
#614 = AXIS2_PLACEMENT_3D ( 'NONE', #4270, #2565, #1722 ) ;
#615 = EDGE_CURVE ( 'NONE', #4740, #4941, #2959, .T. ) ;
#616 = VECTOR ( 'NONE', #3225, 1000.000000000000000 ) ;
#617 = CARTESIAN_POINT ( 'NONE',  ( -1.249999999999999800, 38.08282739385867900, -7.053390142335805600 ) ) ;
#618 = CARTESIAN_POINT ( 'NONE',  ( 1.250000000000000200, 10.56810876809729100, 10.56810876809721700 ) ) ;
#619 = CARTESIAN_POINT ( 'NONE',  ( 4.724999999999993400, 48.00000000000000700, 13.50000000000000000 ) ) ;
#620 = FACE_OUTER_BOUND ( 'NONE', #3675, .T. ) ;
#621 = ORIENTED_EDGE ( 'NONE', *, *, #2473, .F. ) ;
#622 = LINE ( 'NONE', #3794, #2837 ) ;
#623 = CIRCLE ( 'NONE', #4515, 2.024999999999990100 ) ;
#624 = CYLINDRICAL_SURFACE ( 'NONE', #4503, 2.024999999999999000 ) ;
#625 = CARTESIAN_POINT ( 'NONE',  ( -1.249999999999999800, 62.56810876809723300, 6.568108768097240500 ) ) ;
#626 = AXIS2_PLACEMENT_3D ( 'NONE', #5131, #34, #901 ) ;
#627 = ORIENTED_EDGE ( 'NONE', *, *, #1445, .T. ) ;
#628 = ORIENTED_EDGE ( 'NONE', *, *, #4313, .F. ) ;
#629 = VECTOR ( 'NONE', #1198, 1000.000000000000000 ) ;
#630 = CARTESIAN_POINT ( 'NONE',  ( 6.749999999999989300, 32.00000000000000700, 16.00000000000000400 ) ) ;
#631 = VECTOR ( 'NONE', #1689, 1000.000000000000000 ) ;
#632 = DIRECTION ( 'NONE',  ( 0.0000000000000000000, 2.055968564120655900E-014, -1.000000000000000000 ) ) ;
#633 = CARTESIAN_POINT ( 'NONE',  ( 2.465133360598619700E-015, 96.00000000000000000, 13.50000000000000200 ) ) ;
#634 = DIRECTION ( 'NONE',  ( 3.652049423109066300E-016, -0.0000000000000000000, -1.000000000000000000 ) ) ;
#635 = ORIENTED_EDGE ( 'NONE', *, *, #3811, .F. ) ;
#636 = EDGE_LOOP ( 'NONE', ( #3088, #5050, #2083, #1999 ) ) ;
#637 = ADVANCED_FACE ( 'NONE', ( #2639 ), #2698, .F. ) ;
#638 = EDGE_LOOP ( 'NONE', ( #3136, #2973, #4272, #2303, #391 ) ) ;
#639 = FACE_BOUND ( 'NONE', #1245, .T. ) ;
#640 = DIRECTION ( 'NONE',  ( -1.000000000000000000, 0.0000000000000000000, 0.0000000000000000000 ) ) ;
#641 = CARTESIAN_POINT ( 'NONE',  ( -1.249999999999999800, 58.56810876809746000, 10.56810876809731100 ) ) ;
#642 = CARTESIAN_POINT ( 'NONE',  ( -1.249999999999999800, 63.51471862576143900, -8.485281374238566000 ) ) ;
#643 = VECTOR ( 'NONE', #1271, 1000.000000000000000 ) ;
#644 = ORIENTED_EDGE ( 'NONE', *, *, #1673, .T. ) ;
#645 = ORIENTED_EDGE ( 'NONE', *, *, #4210, .T. ) ;
#646 = DIRECTION ( 'NONE',  ( -1.826024711554532900E-016, 0.0000000000000000000, 1.000000000000000000 ) ) ;
#647 = ORIENTED_EDGE ( 'NONE', *, *, #5170, .T. ) ;
#648 = DIRECTION ( 'NONE',  ( 1.000000000000000000, -0.0000000000000000000, -0.0000000000000000000 ) ) ;
#649 = CYLINDRICAL_SURFACE ( 'NONE', #653, 2.024999999999998100 ) ;
#650 = DIRECTION ( 'NONE',  ( 0.0000000000000000000, 0.0000000000000000000, -1.000000000000000000 ) ) ;
#651 = EDGE_LOOP ( 'NONE', ( #621, #4039, #4504, #5423 ) ) ;
#652 = ORIENTED_EDGE ( 'NONE', *, *, #810, .T. ) ;
#653 = AXIS2_PLACEMENT_3D ( 'NONE', #1570, #4625, #4598 ) ;
#654 = EDGE_CURVE ( 'NONE', #4208, #1187, #1620, .T. ) ;
#655 = CARTESIAN_POINT ( 'NONE',  ( -1.249999999999999800, 0.0000000000000000000, 2.024999999999999900 ) ) ;
#656 = VECTOR ( 'NONE', #5539, 1000.000000000000000 ) ;
#657 = DIRECTION ( 'NONE',  ( 1.826024711554532900E-016, -0.0000000000000000000, 1.000000000000000000 ) ) ;
#658 = EDGE_CURVE ( 'NONE', #963, #4864, #952, .T. ) ;
#659 = ORIENTED_EDGE ( 'NONE', *, *, #3848, .F. ) ;
#660 = ORIENTED_EDGE ( 'NONE', *, *, #833, .T. ) ;
#661 = DIRECTION ( 'NONE',  ( 1.826024711554532900E-016, -0.0000000000000000000, 1.000000000000000000 ) ) ;
#662 = DIRECTION ( 'NONE',  ( 1.000000000000000000, -0.0000000000000000000, 0.0000000000000000000 ) ) ;
#663 = CARTESIAN_POINT ( 'NONE',  ( 6.749999999999989300, 80.00000000000001400, 16.00000000000000400 ) ) ;
#664 = AXIS2_PLACEMENT_3D ( 'NONE', #1546, #4077, #5422 ) ;
#665 = EDGE_CURVE ( 'NONE', #784, #4729, #2492, .T. ) ;
#666 = VERTEX_POINT ( 'NONE', #3687 ) ;
#667 = DIRECTION ( 'NONE',  ( 0.0000000000000000000, -1.000000000000000000, 0.0000000000000000000 ) ) ;
#668 = EDGE_CURVE ( 'NONE', #318, #4000, #1835, .T. ) ;
#669 = EDGE_LOOP ( 'NONE', ( #2842, #1041, #3721, #26 ) ) ;
#670 = VERTEX_POINT ( 'NONE', #90 ) ;
#671 = DIRECTION ( 'NONE',  ( 3.652049423109066300E-016, -0.0000000000000000000, -1.000000000000000000 ) ) ;
#672 = CIRCLE ( 'NONE', #29, 2.024999999999998100 ) ;
#673 = FACE_BOUND ( 'NONE', #224, .T. ) ;
#674 = ORIENTED_EDGE ( 'NONE', *, *, #1408, .T. ) ;
#675 = EDGE_CURVE ( 'NONE', #1070, #2656, #2766, .T. ) ;
#676 = DIRECTION ( 'NONE',  ( -0.0000000000000000000, -1.000000000000000000, -0.0000000000000000000 ) ) ;
#677 = CARTESIAN_POINT ( 'NONE',  ( -1.249999999999999800, 96.00000000000000000, -16.00000000000000000 ) ) ;
#678 = ORIENTED_EDGE ( 'NONE', *, *, #665, .T. ) ;
#679 = AXIS2_PLACEMENT_3D ( 'NONE', #1581, #3740, #4587 ) ;
#680 = DIRECTION ( 'NONE',  ( 1.000000000000000000, -0.0000000000000000000, -0.0000000000000000000 ) ) ;
#681 = DIRECTION ( 'NONE',  ( 0.0000000000000000000, 0.0000000000000000000, -1.000000000000000000 ) ) ;
#682 = CARTESIAN_POINT ( 'NONE',  ( 1.250000000000000200, 14.08282739385868400, -7.053390142335803900 ) ) ;
#683 = CARTESIAN_POINT ( 'NONE',  ( -1.249999999999999800, 56.48528137423857500, -8.485281374238564200 ) ) ;
#684 = CARTESIAN_POINT ( 'NONE',  ( 4.724999999999991700, 56.00000000000000700, 16.00000000000000400 ) ) ;
#685 = AXIS2_PLACEMENT_3D ( 'NONE', #5298, #199, #4022 ) ;
#686 = DIRECTION ( 'NONE',  ( 0.0000000000000000000, -0.7071067811865487900, -0.7071067811865463500 ) ) ;
#687 = CIRCLE ( 'NONE', #475, 2.025000000000004400 ) ;
#688 = CARTESIAN_POINT ( 'NONE',  ( -1.249999999999999800, 59.31370849898476600, 0.0000000000000000000 ) ) ;
#689 = DIRECTION ( 'NONE',  ( 0.0000000000000000000, 0.0000000000000000000, 1.000000000000000000 ) ) ;
#690 = FACE_OUTER_BOUND ( 'NONE', #3586, .T. ) ;
#691 = CIRCLE ( 'NONE', #4897, 2.025000000000000800 ) ;
#692 = DIRECTION ( 'NONE',  ( -1.000000000000000000, 0.0000000000000000000, 0.0000000000000000000 ) ) ;
#693 = ORIENTED_EDGE ( 'NONE', *, *, #3677, .T. ) ;
#694 = CARTESIAN_POINT ( 'NONE',  ( -1.249999999999999800, 0.0000000000000000000, -16.00000000000000000 ) ) ;
#695 = FACE_OUTER_BOUND ( 'NONE', #5314, .T. ) ;
#696 = CARTESIAN_POINT ( 'NONE',  ( 1.250000000000000200, 37.43189123190278900, -13.43189123190274400 ) ) ;
#697 = EDGE_CURVE ( 'NONE', #3778, #990, #339, .T. ) ;
#698 = VECTOR ( 'NONE', #2757, 1000.000000000000000 ) ;
#699 = DIRECTION ( 'NONE',  ( 1.000000000000000000, 0.0000000000000000000, 0.0000000000000000000 ) ) ;
#700 = DIRECTION ( 'NONE',  ( 0.0000000000000000000, 0.0000000000000000000, 1.000000000000000000 ) ) ;
#701 = VERTEX_POINT ( 'NONE', #5119 ) ;
#702 = EDGE_LOOP ( 'NONE', ( #1317, #4139, #2714, #854 ) ) ;
#703 = CARTESIAN_POINT ( 'NONE',  ( 8.774999999999987900, 64.00000000000000000, 16.00000000000000400 ) ) ;
#704 = DIRECTION ( 'NONE',  ( -1.000000000000000000, 0.0000000000000000000, 0.0000000000000000000 ) ) ;
#705 = FACE_BOUND ( 'NONE', #2935, .T. ) ;
#706 = EDGE_CURVE ( 'NONE', #2656, #5180, #2225, .T. ) ;
#707 = AXIS2_PLACEMENT_3D ( 'NONE', #4749, #1346, #3888 ) ;
#708 = ORIENTED_EDGE ( 'NONE', *, *, #1244, .T. ) ;
#709 = ORIENTED_EDGE ( 'NONE', *, *, #1268, .T. ) ;
#710 = EDGE_CURVE ( 'NONE', #5138, #915, #687, .T. ) ;
#711 = FACE_OUTER_BOUND ( 'NONE', #4324, .T. ) ;
#712 = LINE ( 'NONE', #4244, #5450 ) ;
#713 = CYLINDRICAL_SURFACE ( 'NONE', #342, 2.025000000000004400 ) ;
#714 = VERTEX_POINT ( 'NONE', #4034 ) ;
#715 = ORIENTED_EDGE ( 'NONE', *, *, #4964, .T. ) ;
#716 = LINE ( 'NONE', #5498, #4711 ) ;
#717 = CARTESIAN_POINT ( 'NONE',  ( -1.249999999999999800, 38.08282739385867900, -7.053390142335805600 ) ) ;
#718 = FACE_OUTER_BOUND ( 'NONE', #2799, .T. ) ;
#719 = VERTEX_POINT ( 'NONE', #1489 ) ;
#720 = VERTEX_POINT ( 'NONE', #5341 ) ;
#721 = CARTESIAN_POINT ( 'NONE',  ( 6.749999999999989300, 88.00000000000002800, 16.00000000000000400 ) ) ;
#722 = DIRECTION ( 'NONE',  ( 1.000000000000000000, -0.0000000000000000000, -0.0000000000000000000 ) ) ;
#723 = CARTESIAN_POINT ( 'NONE',  ( -1.249999999999999800, 58.56810876809730400, -10.56810876809726100 ) ) ;
#724 = AXIS2_PLACEMENT_3D ( 'NONE', #5494, #1622, #5076 ) ;
#725 = CARTESIAN_POINT ( 'NONE',  ( -1.249999999999999800, 79.99999999999998600, 5.975000000000009400 ) ) ;
#726 = EDGE_LOOP ( 'NONE', ( #2459, #228, #1380, #4921 ) ) ;
#727 = EDGE_LOOP ( 'NONE', ( #1600, #628, #3461, #450 ) ) ;
#728 = DIRECTION ( 'NONE',  ( 0.0000000000000000000, 0.0000000000000000000, -1.000000000000000000 ) ) ;
#729 = ORIENTED_EDGE ( 'NONE', *, *, #138, .F. ) ;
#730 = ORIENTED_EDGE ( 'NONE', *, *, #3275, .T. ) ;
#731 = DIRECTION ( 'NONE',  ( 1.000000000000000000, 0.0000000000000000000, -0.0000000000000000000 ) ) ;
#732 = EDGE_CURVE ( 'NONE', #3082, #5308, #5035, .T. ) ;
#733 = VECTOR ( 'NONE', #4968, 1000.000000000000000 ) ;
#734 = DIRECTION ( 'NONE',  ( 1.000000000000000000, -0.0000000000000000000, -0.0000000000000000000 ) ) ;
#735 = EDGE_CURVE ( 'NONE', #4808, #4393, #1761, .T. ) ;
#736 = AXIS2_PLACEMENT_3D ( 'NONE', #1132, #1151, #767 ) ;
#737 = VERTEX_POINT ( 'NONE', #591 ) ;
#738 = DIRECTION ( 'NONE',  ( -1.387778780781447500E-015, 0.0000000000000000000, 1.000000000000000000 ) ) ;
#739 = VERTEX_POINT ( 'NONE', #4549 ) ;
#740 = DIRECTION ( 'NONE',  ( 1.826024711554532900E-016, -0.0000000000000000000, 1.000000000000000000 ) ) ;
#741 = CARTESIAN_POINT ( 'NONE',  ( 1.250000000000000200, 16.94660985766419300, 9.917172606141326300 ) ) ;
#742 = EDGE_LOOP ( 'NONE', ( #5493, #157 ) ) ;
#743 = CARTESIAN_POINT ( 'NONE',  ( 4.725000000000003200, 8.000000000000007100, -15.99999999999999600 ) ) ;
#744 = FACE_BOUND ( 'NONE', #912, .T. ) ;
#745 = VERTEX_POINT ( 'NONE', #4086 ) ;
#746 = CARTESIAN_POINT ( 'NONE',  ( 6.750000000000000000, 88.00000000000002800, -13.50000000000000200 ) ) ;
#747 = EDGE_CURVE ( 'NONE', #2728, #670, #1687, .T. ) ;
#748 = DIRECTION ( 'NONE',  ( 0.0000000000000000000, 0.0000000000000000000, -1.000000000000000000 ) ) ;
#749 = DIRECTION ( 'NONE',  ( -1.000000000000000000, 0.0000000000000000000, 0.0000000000000000000 ) ) ;
#750 = CARTESIAN_POINT ( 'NONE',  ( 0.0000000000000000000, 96.00000000000000000, 16.00000000000000000 ) ) ;
#751 = AXIS2_PLACEMENT_3D ( 'NONE', #205, #1951, #4928 ) ;
#752 = LINE ( 'NONE', #1598, #950 ) ;
#753 = DIRECTION ( 'NONE',  ( 0.0000000000000000000, -0.7071067811865487900, -0.7071067811865463500 ) ) ;
#754 = DIRECTION ( 'NONE',  ( -1.000000000000000000, 0.0000000000000000000, 0.0000000000000000000 ) ) ;
#755 = FACE_OUTER_BOUND ( 'NONE', #3192, .T. ) ;
#756 = VECTOR ( 'NONE', #172, 1000.000000000000000 ) ;
#757 = CARTESIAN_POINT ( 'NONE',  ( 6.749999999999989300, 64.00000000000000000, 16.00000000000000400 ) ) ;
#758 = LINE ( 'NONE', #905, #5038 ) ;
#759 = ORIENTED_EDGE ( 'NONE', *, *, #2155, .T. ) ;
#760 = EDGE_LOOP ( 'NONE', ( #4813, #1040, #4268, #2536, #1127, #2166, #2331, #3809 ) ) ;
#761 = LINE ( 'NONE', #4394, #2910 ) ;
#762 = DIRECTION ( 'NONE',  ( 0.0000000000000000000, 0.0000000000000000000, -1.000000000000000000 ) ) ;
#763 = EDGE_CURVE ( 'NONE', #5135, #1253, #2828, .T. ) ;
#764 = EDGE_CURVE ( 'NONE', #3473, #1193, #545, .T. ) ;
#765 = ORIENTED_EDGE ( 'NONE', *, *, #569, .F. ) ;
#766 = VERTEX_POINT ( 'NONE', #3790 ) ;
#767 = DIRECTION ( 'NONE',  ( 0.0000000000000000000, 0.0000000000000000000, -1.000000000000000000 ) ) ;
#768 = LINE ( 'NONE', #1400, #87 ) ;
#769 = FACE_OUTER_BOUND ( 'NONE', #4310, .T. ) ;
#770 = DIRECTION ( 'NONE',  ( 0.0000000000000000000, 0.0000000000000000000, -1.000000000000000000 ) ) ;
#771 = CARTESIAN_POINT ( 'NONE',  ( 6.749999999999990200, 8.000000000000007100, 13.50000000000000000 ) ) ;
#772 = AXIS2_PLACEMENT_3D ( 'NONE', #4434, #1898, #1472 ) ;
#773 = ORIENTED_EDGE ( 'NONE', *, *, #3939, .F. ) ;
#774 = ORIENTED_EDGE ( 'NONE', *, *, #2105, .T. ) ;
#775 = DIRECTION ( 'NONE',  ( 1.000000000000000000, -0.0000000000000000000, -0.0000000000000000000 ) ) ;
#776 = EDGE_LOOP ( 'NONE', ( #2321, #5513 ) ) ;
#777 = CIRCLE ( 'NONE', #3333, 2.025000000000002600 ) ;
#778 = CIRCLE ( 'NONE', #5228, 2.024999999999999900 ) ;
#779 = ORIENTED_EDGE ( 'NONE', *, *, #5109, .F. ) ;
#780 = DIRECTION ( 'NONE',  ( 0.0000000000000000000, 0.7071067811865469100, 0.7071067811865482400 ) ) ;
#781 = EDGE_CURVE ( 'NONE', #3462, #1065, #1549, .T. ) ;
#782 = DIRECTION ( 'NONE',  ( 1.000000000000000000, -0.0000000000000000000, 0.0000000000000000000 ) ) ;
#783 = VERTEX_POINT ( 'NONE', #4949 ) ;
#784 = VERTEX_POINT ( 'NONE', #3318 ) ;
#785 = CARTESIAN_POINT ( 'NONE',  ( -1.249999999999999800, 61.43189123190261800, 13.43189123190273400 ) ) ;
#786 = VECTOR ( 'NONE', #2250, 1000.000000000000000 ) ;
#787 = ORIENTED_EDGE ( 'NONE', *, *, #5484, .F. ) ;
#788 = DIRECTION ( 'NONE',  ( 0.0000000000000000000, 0.0000000000000000000, -1.000000000000000000 ) ) ;
#789 = VERTEX_POINT ( 'NONE', #5472 ) ;
#790 = DIRECTION ( 'NONE',  ( 3.652049423109066300E-016, -0.0000000000000000000, -1.000000000000000000 ) ) ;
#791 = DIRECTION ( 'NONE',  ( 1.000000000000000000, -0.0000000000000000000, 0.0000000000000000000 ) ) ;
#792 = VECTOR ( 'NONE', #3287, 1000.000000000000000 ) ;
#793 = CARTESIAN_POINT ( 'NONE',  ( -1.249999999999999800, 40.94660985766419300, 9.917172606141328100 ) ) ;
#794 = VERTEX_POINT ( 'NONE', #5055 ) ;
#795 = DIRECTION ( 'NONE',  ( -1.387778780781447500E-015, 0.0000000000000000000, -1.000000000000000000 ) ) ;
#796 = AXIS2_PLACEMENT_3D ( 'NONE', #4592, #2042, #692 ) ;
#797 = EDGE_CURVE ( 'NONE', #2951, #4011, #4962, .T. ) ;
#798 = EDGE_LOOP ( 'NONE', ( #2211, #1246, #4054, #660 ) ) ;
#799 = ORIENTED_EDGE ( 'NONE', *, *, #3062, .F. ) ;
#800 = AXIS2_PLACEMENT_3D ( 'NONE', #3453, #1283, #460 ) ;
#801 = ORIENTED_EDGE ( 'NONE', *, *, #1889, .T. ) ;
#802 = EDGE_CURVE ( 'NONE', #1253, #2865, #3499, .T. ) ;
#803 = VERTEX_POINT ( 'NONE', #4634 ) ;
#804 = DIRECTION ( 'NONE',  ( 1.000000000000000000, -0.0000000000000000000, -0.0000000000000000000 ) ) ;
#805 = FACE_OUTER_BOUND ( 'NONE', #1449, .T. ) ;
#806 = FACE_OUTER_BOUND ( 'NONE', #4349, .T. ) ;
#807 = ORIENTED_EDGE ( 'NONE', *, *, #4479, .F. ) ;
#808 = CYLINDRICAL_SURFACE ( 'NONE', #4214, 2.025000000000002600 ) ;
#809 = DIRECTION ( 'NONE',  ( -1.387778780781447500E-015, 0.0000000000000000000, -1.000000000000000000 ) ) ;
#810 = EDGE_CURVE ( 'NONE', #1448, #4945, #1221, .T. ) ;
#811 = VECTOR ( 'NONE', #1078, 1000.000000000000100 ) ;
#812 = DIRECTION ( 'NONE',  ( 0.0000000000000000000, -0.7071067811865450200, 0.7071067811865501300 ) ) ;
#813 = LINE ( 'NONE', #2068, #5431 ) ;
#814 = CARTESIAN_POINT ( 'NONE',  ( 8.774999999999987900, 48.00000000000000700, 13.50000000000000000 ) ) ;
#815 = CYLINDRICAL_SURFACE ( 'NONE', #1035, 2.024999999999998100 ) ;
#816 = CYLINDRICAL_SURFACE ( 'NONE', #2287, 2.024999999999998100 ) ;
#817 = CARTESIAN_POINT ( 'NONE',  ( 1.250000000000000200, 24.00000000000000000, 2.024999999999999900 ) ) ;
#818 = CARTESIAN_POINT ( 'NONE',  ( 1.250000000000000200, 86.08282739385869300, -7.053390142335795900 ) ) ;
#819 = DIRECTION ( 'NONE',  ( 1.000000000000000000, 0.0000000000000000000, 0.0000000000000000000 ) ) ;
#820 = AXIS2_PLACEMENT_3D ( 'NONE', #4432, #2682, #5282 ) ;
#821 = VECTOR ( 'NONE', #3286, 999.9999999999998900 ) ;
#822 = FACE_BOUND ( 'NONE', #1565, .T. ) ;
#823 = CARTESIAN_POINT ( 'NONE',  ( -46.75000000000000000, 8.000000000000000000, 7.999999999999996400 ) ) ;
#824 = VECTOR ( 'NONE', #4348, 1000.000000000000000 ) ;
#825 = VECTOR ( 'NONE', #3680, 1000.000000000000000 ) ;
#826 = ADVANCED_FACE ( 'NONE', ( #2363 ), #2521, .T. ) ;
#827 = AXIS2_PLACEMENT_3D ( 'NONE', #4406, #1994, #3272 ) ;
#828 = VERTEX_POINT ( 'NONE', #814 ) ;
#829 = VERTEX_POINT ( 'NONE', #4224 ) ;
#830 = DIRECTION ( 'NONE',  ( 3.652049423109066300E-016, -0.0000000000000000000, -1.000000000000000000 ) ) ;
#831 = DIRECTION ( 'NONE',  ( 3.652049423109066300E-016, -0.0000000000000000000, -1.000000000000000000 ) ) ;
#832 = FACE_BOUND ( 'NONE', #3113, .T. ) ;
#833 = EDGE_CURVE ( 'NONE', #5520, #4116, #1416, .T. ) ;
#834 = CARTESIAN_POINT ( 'NONE',  ( 4.725000000000003200, 40.00000000000000700, -15.99999999999999600 ) ) ;
#835 = ORIENTED_EDGE ( 'NONE', *, *, #4419, .T. ) ;
#836 = ORIENTED_EDGE ( 'NONE', *, *, #3659, .T. ) ;
#837 = FACE_BOUND ( 'NONE', #2270, .T. ) ;
#838 = PERSON_AND_ORGANIZATION_ROLE ( 'classification_officer' ) ;
#839 = EDGE_CURVE ( 'NONE', #4989, #120, #4828, .T. ) ;
#840 = CIRCLE ( 'NONE', #5021, 2.024999999999997200 ) ;
#841 = ORIENTED_EDGE ( 'NONE', *, *, #1056, .F. ) ;
#842 = ORIENTED_EDGE ( 'NONE', *, *, #4745, .T. ) ;
#843 = ORIENTED_EDGE ( 'NONE', *, *, #5148, .T. ) ;
#844 = FACE_OUTER_BOUND ( 'NONE', #2980, .T. ) ;
#845 = CARTESIAN_POINT ( 'NONE',  ( -1.249999999999999800, 79.99999999999998600, 8.000000000000000000 ) ) ;
#846 = EDGE_LOOP ( 'NONE', ( #2604, #2719, #3916, #5071 ) ) ;
#847 = EDGE_CURVE ( 'NONE', #4789, #4632, #5166, .T. ) ;
#848 = EDGE_LOOP ( 'NONE', ( #3386, #2796 ) ) ;
#849 = ORIENTED_EDGE ( 'NONE', *, *, #3105, .F. ) ;
#850 = ORIENTED_EDGE ( 'NONE', *, *, #3811, .T. ) ;
#851 = AXIS2_PLACEMENT_3D ( 'NONE', #746, #5412, #2862 ) ;
#852 = DATE_AND_TIME ( #5471, #1194 ) ;
#853 = EDGE_CURVE ( 'NONE', #3319, #1587, #5500, .T. ) ;
#854 = ORIENTED_EDGE ( 'NONE', *, *, #4843, .T. ) ;
#855 = SECURITY_CLASSIFICATION_LEVEL ( 'unclassified' ) ;
#856 = ADVANCED_FACE ( 'NONE', ( #1089 ), #881, .F. ) ;
#857 = ORIENTED_EDGE ( 'NONE', *, *, #198, .T. ) ;
#858 = CARTESIAN_POINT ( 'NONE',  ( -1.250000000000001100, 8.000000000000000000, 5.974999999999994300 ) ) ;
#859 = ORIENTED_EDGE ( 'NONE', *, *, #3281, .F. ) ;
#860 = AXIS2_PLACEMENT_3D ( 'NONE', #1148, #328, #4126 ) ;
#861 = ORIENTED_EDGE ( 'NONE', *, *, #4236, .T. ) ;
#862 = CARTESIAN_POINT ( 'NONE',  ( 1.250000000000000200, 34.56810876809722500, -10.56810876809725700 ) ) ;
#863 = ORIENTED_EDGE ( 'NONE', *, *, #3391, .F. ) ;
#864 = CARTESIAN_POINT ( 'NONE',  ( 6.749999999999990200, 72.00000000000001400, 13.50000000000000000 ) ) ;
#865 = DIRECTION ( 'NONE',  ( 1.000000000000000000, 0.0000000000000000000, 0.0000000000000000000 ) ) ;
#866 = CARTESIAN_POINT ( 'NONE',  ( 1.250000000000000200, 86.56810876809723300, -6.568108768097249400 ) ) ;
#867 = CC_DESIGN_APPROVAL ( #480, ( #3339 ) ) ;
#868 = EDGE_CURVE ( 'NONE', #967, #4908, #4284, .T. ) ;
#869 = CARTESIAN_POINT ( 'NONE',  ( -1.249999999999999800, 35.31370849898475900, 2.024999999999999900 ) ) ;
#870 = EDGE_CURVE ( 'NONE', #191, #3397, #4556, .T. ) ;
#871 = CARTESIAN_POINT ( 'NONE',  ( 6.750000000000000900, 80.00000000000001400, -15.99999999999999600 ) ) ;
#872 = CARTESIAN_POINT ( 'NONE',  ( 1.250000000000000200, 89.43189123190276700, 9.431891231902772800 ) ) ;
#873 = LINE ( 'NONE', #3782, #4151 ) ;
#874 = DIRECTION ( 'NONE',  ( -1.000000000000000000, 0.0000000000000000000, -0.0000000000000000000 ) ) ;
#875 = VECTOR ( 'NONE', #3346, 1000.000000000000000 ) ;
#876 = EDGE_CURVE ( 'NONE', #915, #789, #4751, .T. ) ;
#877 = ADVANCED_FACE ( 'NONE', ( #1756 ), #612, .F. ) ;
#878 = CARTESIAN_POINT ( 'NONE',  ( -46.75000000000000000, 88.00000000000001400, 8.000000000000003600 ) ) ;
#879 = DIRECTION ( 'NONE',  ( 0.0000000000000000000, 0.0000000000000000000, 1.000000000000000000 ) ) ;
#880 = CIRCLE ( 'NONE', #2398, 2.024999999999990100 ) ;
#881 = PLANE ( 'NONE',  #261 ) ;
#882 = CARTESIAN_POINT ( 'NONE',  ( 4.724999999999993400, 88.00000000000002800, 13.50000000000000000 ) ) ;
#883 = FACE_OUTER_BOUND ( 'NONE', #3800, .T. ) ;
#884 = EDGE_CURVE ( 'NONE', #4602, #3992, #3567, .T. ) ;
#885 = DIRECTION ( 'NONE',  ( 1.000000000000000000, -0.0000000000000000000, 1.387778780781447300E-015 ) ) ;
#886 = DIRECTION ( 'NONE',  ( 1.000000000000000000, -0.0000000000000000000, 0.0000000000000000000 ) ) ;
#887 = FACE_OUTER_BOUND ( 'NONE', #1025, .T. ) ;
#888 = DIRECTION ( 'NONE',  ( 3.652049423109066300E-016, 0.0000000000000000000, -1.000000000000000000 ) ) ;
#889 = VERTEX_POINT ( 'NONE', #4395 ) ;
#890 = LINE ( 'NONE', #5130, #1098 ) ;
#891 = AXIS2_PLACEMENT_3D ( 'NONE', #721, #1152, #640 ) ;
#892 = VECTOR ( 'NONE', #492, 1000.000000000000000 ) ;
#893 = DIRECTION ( 'NONE',  ( 3.652049423109066300E-016, -0.0000000000000000000, -1.000000000000000000 ) ) ;
#894 = CARTESIAN_POINT ( 'NONE',  ( 1.250000000000000200, 36.68629150101524100, -2.024999999999999900 ) ) ;
#895 = ORIENTED_EDGE ( 'NONE', *, *, #1924, .T. ) ;
#896 = ORIENTED_EDGE ( 'NONE', *, *, #5354, .T. ) ;
#897 = FACE_OUTER_BOUND ( 'NONE', #3334, .T. ) ;
#898 = AXIS2_PLACEMENT_3D ( 'NONE', #1879, #2282, #117 ) ;
#899 = VERTEX_POINT ( 'NONE', #459 ) ;
#900 = PLANE ( 'NONE',  #2872 ) ;
#901 = DIRECTION ( 'NONE',  ( 0.0000000000000000000, 0.0000000000000000000, -1.000000000000000000 ) ) ;
#902 = ORIENTED_EDGE ( 'NONE', *, *, #4676, .T. ) ;
#903 = ORIENTED_EDGE ( 'NONE', *, *, #2679, .T. ) ;
#904 = DIRECTION ( 'NONE',  ( 1.000000000000000000, -0.0000000000000000000, 0.0000000000000000000 ) ) ;
#905 = CARTESIAN_POINT ( 'NONE',  ( -1.249999999999999800, 34.56810876809746000, 10.56810876809731100 ) ) ;
#906 = CYLINDRICAL_SURFACE ( 'NONE', #1477, 2.024999999999998100 ) ;
#907 = DIRECTION ( 'NONE',  ( 1.000000000000000000, -0.0000000000000000000, -0.0000000000000000000 ) ) ;
#908 = LINE ( 'NONE', #2506, #2456 ) ;
#909 = EDGE_LOOP ( 'NONE', ( #5454, #1582, #311, #4138 ) ) ;
#910 = CARTESIAN_POINT ( 'NONE',  ( 1.250000000000000200, 9.917172606141326300, 7.053390142335806500 ) ) ;
#911 = ORIENTED_EDGE ( 'NONE', *, *, #4229, .F. ) ;
#912 = EDGE_LOOP ( 'NONE', ( #1789, #2312 ) ) ;
#913 = ADVANCED_FACE ( 'NONE', ( #2292 ), #5034, .F. ) ;
#914 = CIRCLE ( 'NONE', #1574, 2.024999999999997200 ) ;
#915 = VERTEX_POINT ( 'NONE', #3133 ) ;
#916 = VERTEX_POINT ( 'NONE', #3944 ) ;
#917 = DIRECTION ( 'NONE',  ( 3.652049423109066300E-016, -0.0000000000000000000, -1.000000000000000000 ) ) ;
#918 = AXIS2_PLACEMENT_3D ( 'NONE', #1893, #4845, #4412 ) ;
#919 = DIRECTION ( 'NONE',  ( 1.000000000000000000, -0.0000000000000000000, -0.0000000000000000000 ) ) ;
#920 = LINE ( 'NONE', #5044, #2469 ) ;
#921 = ADVANCED_FACE ( 'NONE', ( #3497 ), #3093, .F. ) ;
#922 = VERTEX_POINT ( 'NONE', #3584 ) ;
#923 = VERTEX_POINT ( 'NONE', #1854 ) ;
#924 = CARTESIAN_POINT ( 'NONE',  ( -1.249999999999999800, 79.05339014233581500, 9.917172606141324600 ) ) ;
#925 = CARTESIAN_POINT ( 'NONE',  ( 1.250000000000000200, 35.31370849898475900, -2.024999999999999900 ) ) ;
#926 = ORIENTED_EDGE ( 'NONE', *, *, #2234, .T. ) ;
#927 = DIRECTION ( 'NONE',  ( 1.000000000000000000, -0.0000000000000000000, -0.0000000000000000000 ) ) ;
#928 = ORIENTED_EDGE ( 'NONE', *, *, #1009, .F. ) ;
#929 = AXIS2_PLACEMENT_3D ( 'NONE', #3515, #1383, #4361 ) ;
#930 = DIRECTION ( 'NONE',  ( 3.652049423109066300E-016, -0.0000000000000000000, -1.000000000000000000 ) ) ;
#931 = ORIENTED_EDGE ( 'NONE', *, *, #2416, .F. ) ;
#932 = ORIENTED_EDGE ( 'NONE', *, *, #4313, .T. ) ;
#933 = CARTESIAN_POINT ( 'NONE',  ( 6.750000000000000900, 56.00000000000000700, -15.99999999999999600 ) ) ;
#934 = CIRCLE ( 'NONE', #1623, 2.025000000000002600 ) ;
#935 = DIRECTION ( 'NONE',  ( 3.652049423109066300E-016, 0.0000000000000000000, -1.000000000000000000 ) ) ;
#936 = AXIS2_PLACEMENT_3D ( 'NONE', #2550, #4259, #3020 ) ;
#937 = CIRCLE ( 'NONE', #4796, 2.024999999999997200 ) ;
#938 = CARTESIAN_POINT ( 'NONE',  ( -1.249999999999999800, 64.00000000000000000, 8.000000000000000000 ) ) ;
#939 = VERTEX_POINT ( 'NONE', #3149 ) ;
#940 = EDGE_CURVE ( 'NONE', #3243, #552, #2632, .T. ) ;
#941 = ADVANCED_FACE ( 'NONE', ( #4417 ), #4425, .F. ) ;
#942 = DIRECTION ( 'NONE',  ( 0.0000000000000000000, -0.7071067811865526800, -0.7071067811865424700 ) ) ;
#943 = FACE_OUTER_BOUND ( 'NONE', #4382, .T. ) ;
#944 = DIRECTION ( 'NONE',  ( 1.826024711554532900E-016, -0.0000000000000000000, 1.000000000000000000 ) ) ;
#945 = DIRECTION ( 'NONE',  ( 0.0000000000000000000, 0.0000000000000000000, -1.000000000000000000 ) ) ;
#946 = ORIENTED_EDGE ( 'NONE', *, *, #4787, .F. ) ;
#947 = DIRECTION ( 'NONE',  ( -1.000000000000000000, 0.0000000000000000000, -0.0000000000000000000 ) ) ;
#948 = PLANE ( 'NONE',  #707 ) ;
#949 = EDGE_CURVE ( 'NONE', #5144, #4498, #1285, .T. ) ;
#950 = VECTOR ( 'NONE', #3330, 1000.000000000000000 ) ;
#951 = DIRECTION ( 'NONE',  ( 3.652049423109066300E-016, -0.0000000000000000000, -1.000000000000000000 ) ) ;
#952 = LINE ( 'NONE', #1484, #2564 ) ;
#953 = DIRECTION ( 'NONE',  ( -1.000000000000000000, 0.0000000000000000000, 0.0000000000000000000 ) ) ;
#954 = EDGE_CURVE ( 'NONE', #1266, #1869, #5360, .T. ) ;
#955 = UNCERTAINTY_MEASURE_WITH_UNIT (LENGTH_MEASURE( 1.000000000000000100E-005 ), #2132, 'distance_accuracy_value', 'NONE');
#956 = FACE_BOUND ( 'NONE', #3513, .T. ) ;
#957 = ORIENTED_EDGE ( 'NONE', *, *, #4267, .F. ) ;
#958 = VECTOR ( 'NONE', #3154, 1000.000000000000000 ) ;
#959 = DIRECTION ( 'NONE',  ( 3.652049423109066300E-016, -0.0000000000000000000, -1.000000000000000000 ) ) ;
#960 = DESIGN_CONTEXT ( 'detailed design', #3419, 'design' ) ;
#961 = AXIS2_PLACEMENT_3D ( 'NONE', #4961, #4152, #4564 ) ;
#962 = VECTOR ( 'NONE', #1964, 1000.000000000000000 ) ;
#963 = VERTEX_POINT ( 'NONE', #113 ) ;
#964 = ORIENTED_EDGE ( 'NONE', *, *, #5533, .T. ) ;
#965 = VECTOR ( 'NONE', #1432, 1000.000000000000000 ) ;
#966 = FACE_OUTER_BOUND ( 'NONE', #4318, .T. ) ;
#967 = VERTEX_POINT ( 'NONE', #563 ) ;
#968 = FACE_BOUND ( 'NONE', #3274, .T. ) ;
#969 = DIRECTION ( 'NONE',  ( -1.826024711554532900E-016, 0.0000000000000000000, 1.000000000000000000 ) ) ;
#970 = DIRECTION ( 'NONE',  ( 3.652049423109066300E-016, -0.0000000000000000000, -1.000000000000000000 ) ) ;
#971 = DIRECTION ( 'NONE',  ( -1.000000000000000000, 0.0000000000000000000, 0.0000000000000000000 ) ) ;
#972 = CIRCLE ( 'NONE', #4469, 2.024999999999999000 ) ;
#973 = EDGE_LOOP ( 'NONE', ( #1079, #3271, #4934, #167, #4518 ) ) ;
#974 = ORIENTED_EDGE ( 'NONE', *, *, #1347, .F. ) ;
#975 = ADVANCED_FACE ( 'NONE', ( #4216 ), #1158, .F. ) ;
#976 = ORIENTED_EDGE ( 'NONE', *, *, #4300, .F. ) ;
#977 = VECTOR ( 'NONE', #1846, 1000.000000000000000 ) ;
#978 = CC_DESIGN_DATE_AND_TIME_ASSIGNMENT ( #3395, #1272, ( #3339 ) ) ;
#979 = CARTESIAN_POINT ( 'NONE',  ( -1.249999999999999800, 40.94660985766420000, -9.917172606141322800 ) ) ;
#980 = VECTOR ( 'NONE', #1293, 999.9999999999998900 ) ;
#981 = DIRECTION ( 'NONE',  ( -1.000000000000000000, 0.0000000000000000000, 0.0000000000000000000 ) ) ;
#982 = EDGE_CURVE ( 'NONE', #5197, #828, #4483, .T. ) ;
#983 = DIRECTION ( 'NONE',  ( 3.652049423109066300E-016, 0.0000000000000000000, -1.000000000000000000 ) ) ;
#984 = VERTEX_POINT ( 'NONE', #587 ) ;
#985 = AXIS2_PLACEMENT_3D ( 'NONE', #5475, #2545, #1643 ) ;
#986 = ORIENTED_EDGE ( 'NONE', *, *, #3752, .T. ) ;
#987 = DIRECTION ( 'NONE',  ( -0.0000000000000000000, -1.000000000000000000, -0.0000000000000000000 ) ) ;
#988 = EDGE_LOOP ( 'NONE', ( #3183, #4020, #5121, #2528 ) ) ;
#989 = EDGE_CURVE ( 'NONE', #437, #197, #3633, .T. ) ;
#990 = VERTEX_POINT ( 'NONE', #240 ) ;
#991 = EDGE_CURVE ( 'NONE', #4710, #1325, #3289, .T. ) ;
#992 = VECTOR ( 'NONE', #791, 1000.000000000000000 ) ;
#993 = EDGE_LOOP ( 'NONE', ( #493, #1389, #2790, #5259 ) ) ;
#994 = ORIENTED_EDGE ( 'NONE', *, *, #1548, .F. ) ;
#995 = CIRCLE ( 'NONE', #3846, 2.024999999999999900 ) ;
#996 = ORIENTED_EDGE ( 'NONE', *, *, #86, .F. ) ;
#997 = DIRECTION ( 'NONE',  ( -1.000000000000000000, 0.0000000000000000000, 0.0000000000000000000 ) ) ;
#998 = ORIENTED_EDGE ( 'NONE', *, *, #2311, .T. ) ;
#999 = CARTESIAN_POINT ( 'NONE',  ( 1.250000000000000200, 63.51471862576143900, -8.485281374238566000 ) ) ;
#1000 = LINE ( 'NONE', #1495, #3139 ) ;
#1001 = CARTESIAN_POINT ( 'NONE',  ( -1.249999999999999800, 24.00000000000000000, -2.024999999999999900 ) ) ;
#1002 = ORIENTED_EDGE ( 'NONE', *, *, #5072, .F. ) ;
#1003 = AXIS2_PLACEMENT_3D ( 'NONE', #1478, #3562, #4023 ) ;
#1004 = ADVANCED_FACE ( 'NONE', ( #5574 ), #1966, .T. ) ;
#1005 = ORIENTED_EDGE ( 'NONE', *, *, #2846, .F. ) ;
#1006 = CARTESIAN_POINT ( 'NONE',  ( -1.249999999999999800, 10.56810876809729100, 10.56810876809721700 ) ) ;
#1007 = CARTESIAN_POINT ( 'NONE',  ( -1.249999999999999800, 36.68629150101524100, 2.024999999999999900 ) ) ;
#1008 = FACE_OUTER_BOUND ( 'NONE', #2327, .T. ) ;
#1009 = EDGE_CURVE ( 'NONE', #372, #1070, #2489, .T. ) ;
#1010 = EDGE_CURVE ( 'NONE', #1993, #3165, #336, .T. ) ;
#1011 = CARTESIAN_POINT ( 'NONE',  ( -46.75000000000000000, 49.43189123190306600, -49.43189123190271800 ) ) ;
#1012 = DIRECTION ( 'NONE',  ( -0.0000000000000000000, 0.7071067811865500200, 0.7071067811865450200 ) ) ;
#1013 = PLANE ( 'NONE',  #4438 ) ;
#1014 = LINE ( 'NONE', #2941, #1085 ) ;
#1015 = DIRECTION ( 'NONE',  ( 1.000000000000000000, -0.0000000000000000000, -0.0000000000000000000 ) ) ;
#1016 = AXIS2_PLACEMENT_3D ( 'NONE', #39, #885, #3903 ) ;
#1017 = VECTOR ( 'NONE', #3509, 999.9999999999998900 ) ;
#1018 = FACE_BOUND ( 'NONE', #1178, .T. ) ;
#1019 = DIRECTION ( 'NONE',  ( 1.826024711554532900E-016, -0.0000000000000000000, 1.000000000000000000 ) ) ;
#1020 = AXIS2_PLACEMENT_3D ( 'NONE', #1282, #1360, #865 ) ;
#1021 = CARTESIAN_POINT ( 'NONE',  ( 1.250000000000000200, -1.431891231902783000, 1.431891231902793400 ) ) ;
#1022 = CIRCLE ( 'NONE', #2020, 6.999999999999999100 ) ;
#1023 = CARTESIAN_POINT ( 'NONE',  ( 6.749999999999989300, 16.00000000000000700, 16.00000000000000400 ) ) ;
#1024 = ORIENTED_EDGE ( 'NONE', *, *, #405, .F. ) ;
#1025 = EDGE_LOOP ( 'NONE', ( #2755, #3053, #4351, #3738 ) ) ;
#1026 = EDGE_CURVE ( 'NONE', #2268, #1855, #4153, .T. ) ;
#1027 = FACE_OUTER_BOUND ( 'NONE', #1411, .T. ) ;
#1028 = ADVANCED_FACE ( 'NONE', ( #3223 ), #5355, .T. ) ;
#1029 = DIRECTION ( 'NONE',  ( 1.000000000000000000, -0.0000000000000000000, -0.0000000000000000000 ) ) ;
#1030 = DIRECTION ( 'NONE',  ( 3.652049423109066300E-016, -0.0000000000000000000, -1.000000000000000000 ) ) ;
#1031 = DIRECTION ( 'NONE',  ( 0.0000000000000000000, 0.0000000000000000000, -1.000000000000000000 ) ) ;
#1032 = VERTEX_POINT ( 'NONE', #682 ) ;
#1033 = ORIENTED_EDGE ( 'NONE', *, *, #1379, .T. ) ;
#1034 = DIRECTION ( 'NONE',  ( 0.0000000000000000000, 0.0000000000000000000, -1.000000000000000000 ) ) ;
#1035 = AXIS2_PLACEMENT_3D ( 'NONE', #4295, #2834, #704 ) ;
#1036 = CIRCLE ( 'NONE', #1961, 2.024999999999997200 ) ;
#1037 = CARTESIAN_POINT ( 'NONE',  ( -1.249999999999999800, 39.51471862576143900, -8.485281374238566000 ) ) ;
#1038 = LINE ( 'NONE', #1471, #1709 ) ;
#1039 = DIRECTION ( 'NONE',  ( 0.0000000000000000000, 0.7071067811865500200, -0.7071067811865450200 ) ) ;
#1040 = ORIENTED_EDGE ( 'NONE', *, *, #2127, .T. ) ;
#1041 = ORIENTED_EDGE ( 'NONE', *, *, #395, .F. ) ;
#1042 = ORIENTED_EDGE ( 'NONE', *, *, #5540, .F. ) ;
#1043 = CIRCLE ( 'NONE', #4654, 2.025000000000000800 ) ;
#1044 = DIRECTION ( 'NONE',  ( 3.652049423109066300E-016, -0.0000000000000000000, -1.000000000000000000 ) ) ;
#1045 = AXIS2_PLACEMENT_3D ( 'NONE', #4372, #1831, #4809 ) ;
#1046 = ORIENTED_EDGE ( 'NONE', *, *, #2705, .T. ) ;
#1047 = CARTESIAN_POINT ( 'NONE',  ( 6.749999999999989300, 64.00000000000000000, 16.00000000000000400 ) ) ;
#1048 = ORIENTED_EDGE ( 'NONE', *, *, #2769, .T. ) ;
#1049 = ORIENTED_EDGE ( 'NONE', *, *, #118, .T. ) ;
#1050 = CARTESIAN_POINT ( 'NONE',  ( 0.0000000000000000000, 96.00000000000000000, 16.00000000000000000 ) ) ;
#1051 = DIRECTION ( 'NONE',  ( 3.652049423109066300E-016, 0.0000000000000000000, -1.000000000000000000 ) ) ;
#1052 = CARTESIAN_POINT ( 'NONE',  ( 6.750000000000000900, 8.000000000000007100, -15.99999999999999600 ) ) ;
#1053 = ORIENTED_EDGE ( 'NONE', *, *, #3537, .T. ) ;
#1054 = ORIENTED_EDGE ( 'NONE', *, *, #2385, .T. ) ;
#1055 = DIRECTION ( 'NONE',  ( 0.0000000000000000000, -0.7071067811865463500, -0.7071067811865487900 ) ) ;
#1056 = EDGE_CURVE ( 'NONE', #1455, #1644, #5229, .T. ) ;
#1057 = CARTESIAN_POINT ( 'NONE',  ( -1.249999999999999800, 84.68629150101523400, 2.024999999999999900 ) ) ;
#1058 = LOCAL_TIME ( 11, 39, 54.00000000000000000, #520 ) ;
#1059 = CARTESIAN_POINT ( 'NONE',  ( -1.249999999999999800, 34.56810876809722500, -10.56810876809725700 ) ) ;
#1060 = ORIENTED_EDGE ( 'NONE', *, *, #2322, .T. ) ;
#1061 = VERTEX_POINT ( 'NONE', #3241 ) ;
#1062 = DIRECTION ( 'NONE',  ( 0.0000000000000000000, 0.0000000000000000000, -1.000000000000000000 ) ) ;
#1063 = ADVANCED_FACE ( 'NONE', ( #3898 ), #1967, .F. ) ;
#1064 = DIRECTION ( 'NONE',  ( 0.0000000000000000000, -0.7071067811865450200, 0.7071067811865500200 ) ) ;
#1065 = VERTEX_POINT ( 'NONE', #2420 ) ;
#1066 = ORIENTED_EDGE ( 'NONE', *, *, #2791, .T. ) ;
#1067 = EDGE_CURVE ( 'NONE', #4185, #4408, #3029, .T. ) ;
#1068 = CARTESIAN_POINT ( 'NONE',  ( 6.749999999999989300, 72.00000000000001400, 16.00000000000000400 ) ) ;
#1069 = DIRECTION ( 'NONE',  ( 0.0000000000000000000, 0.7071067811865424700, -0.7071067811865526800 ) ) ;
#1070 = VERTEX_POINT ( 'NONE', #1166 ) ;
#1071 = CARTESIAN_POINT ( 'NONE',  ( 6.749999999999989300, 24.00000000000000700, 16.00000000000000400 ) ) ;
#1072 = DIRECTION ( 'NONE',  ( 0.0000000000000000000, 0.0000000000000000000, -1.000000000000000000 ) ) ;
#1073 = CARTESIAN_POINT ( 'NONE',  ( -1.249999999999999800, 14.56810876809725000, -6.568108768097241400 ) ) ;
#1074 = CIRCLE ( 'NONE', #4128, 2.024999999999990100 ) ;
#1075 = LINE ( 'NONE', #4604, #4615 ) ;
#1076 = CARTESIAN_POINT ( 'NONE',  ( 6.750000000000000000, 48.00000000000000700, -13.50000000000000200 ) ) ;
#1077 = DIRECTION ( 'NONE',  ( 1.000000000000000000, -0.0000000000000000000, -0.0000000000000000000 ) ) ;
#1078 = DIRECTION ( 'NONE',  ( 0.0000000000000000000, -0.7071067811865450200, 0.7071067811865501300 ) ) ;
#1079 = ORIENTED_EDGE ( 'NONE', *, *, #3172, .F. ) ;
#1080 = CARTESIAN_POINT ( 'NONE',  ( 6.749999999999989300, 72.00000000000001400, 16.00000000000000400 ) ) ;
#1081 = AXIS2_PLACEMENT_3D ( 'NONE', #3723, #5398, #748 ) ;
#1082 = CARTESIAN_POINT ( 'NONE',  ( -1.249999999999999800, 17.43189123190276700, -9.431891231902755000 ) ) ;
#1083 = ORIENTED_EDGE ( 'NONE', *, *, #4280, .F. ) ;
#1084 = CARTESIAN_POINT ( 'NONE',  ( -1.249999999999999800, 94.56810876809714700, 1.431891231902823900 ) ) ;
#1085 = VECTOR ( 'NONE', #1238, 1000.000000000000100 ) ;
#1086 = AXIS2_PLACEMENT_3D ( 'NONE', #4794, #3533, #5244 ) ;
#1087 = DIRECTION ( 'NONE',  ( -1.000000000000000000, 0.0000000000000000000, 0.0000000000000000000 ) ) ;
#1088 = EDGE_CURVE ( 'NONE', #5308, #939, #2087, .T. ) ;
#1089 = FACE_OUTER_BOUND ( 'NONE', #3174, .T. ) ;
#1090 = CARTESIAN_POINT ( 'NONE',  ( -1.249999999999999800, 57.91717260614131400, 7.053390142335818100 ) ) ;
#1091 = DIRECTION ( 'NONE',  ( 1.000000000000000000, -0.0000000000000000000, 0.0000000000000000000 ) ) ;
#1092 = DIRECTION ( 'NONE',  ( 3.652049423109066300E-016, -0.0000000000000000000, -1.000000000000000000 ) ) ;
#1093 = CARTESIAN_POINT ( 'NONE',  ( 6.749999999999989300, 40.00000000000000700, 16.00000000000000400 ) ) ;
#1094 = FACE_OUTER_BOUND ( 'NONE', #2943, .T. ) ;
#1095 = CARTESIAN_POINT ( 'NONE',  ( -1.249999999999999800, 64.00000000000000000, 8.000000000000000000 ) ) ;
#1096 = VECTOR ( 'NONE', #5400, 1000.000000000000000 ) ;
#1097 = ORIENTED_EDGE ( 'NONE', *, *, #2539, .F. ) ;
#1098 = VECTOR ( 'NONE', #4655, 1000.000000000000000 ) ;
#1099 = DIRECTION ( 'NONE',  ( -1.000000000000000000, 0.0000000000000000000, 0.0000000000000000000 ) ) ;
#1100 = LINE ( 'NONE', #2378, #698 ) ;
#1101 = EDGE_CURVE ( 'NONE', #307, #189, #752, .T. ) ;
#1102 = ORIENTED_EDGE ( 'NONE', *, *, #5064, .T. ) ;
#1103 = ORIENTED_EDGE ( 'NONE', *, *, #1153, .F. ) ;
#1104 = LINE ( 'NONE', #5171, #3049 ) ;
#1105 = DIRECTION ( 'NONE',  ( 0.0000000000000000000, 0.0000000000000000000, -1.000000000000000000 ) ) ;
#1106 = CIRCLE ( 'NONE', #2808, 2.024999999999998100 ) ;
#1107 = CARTESIAN_POINT ( 'NONE',  ( -1.249999999999999800, 80.48528137423858200, -8.485281374238564200 ) ) ;
#1108 = ORIENTED_EDGE ( 'NONE', *, *, #668, .T. ) ;
#1109 = ORIENTED_EDGE ( 'NONE', *, *, #3210, .T. ) ;
#1110 = FACE_OUTER_BOUND ( 'NONE', #1130, .T. ) ;
#1111 = CARTESIAN_POINT ( 'NONE',  ( 1.250000000000000200, 60.68629150101524100, 2.024999999999999900 ) ) ;
#1112 = DIRECTION ( 'NONE',  ( 0.0000000000000000000, -0.7071067811865526800, -0.7071067811865424700 ) ) ;
#1113 = CARTESIAN_POINT ( 'NONE',  ( -1.249999999999999800, 61.43189123190278900, -13.43189123190274400 ) ) ;
#1114 = DIRECTION ( 'NONE',  ( 0.0000000000000000000, 0.0000000000000000000, -1.000000000000000000 ) ) ;
#1115 = CIRCLE ( 'NONE', #3698, 2.024999999999990100 ) ;
#1116 = ORIENTED_EDGE ( 'NONE', *, *, #1943, .F. ) ;
#1117 = VERTEX_POINT ( 'NONE', #2463 ) ;
#1118 = DIRECTION ( 'NONE',  ( 1.000000000000000000, -0.0000000000000000000, 0.0000000000000000000 ) ) ;
#1119 = EDGE_LOOP ( 'NONE', ( #5175, #104, #4164, #1945 ) ) ;
#1120 = CIRCLE ( 'NONE', #4584, 2.025000000000000800 ) ;
#1121 = ORIENTED_EDGE ( 'NONE', *, *, #1586, .F. ) ;
#1122 = VERTEX_POINT ( 'NONE', #333 ) ;
#1123 = DATE_AND_TIME ( #2260, #1392 ) ;
#1124 = AXIS2_PLACEMENT_3D ( 'NONE', #2936, #1182, #2952 ) ;
#1125 = CARTESIAN_POINT ( 'NONE',  ( -1.250000000000001100, 89.43189123190276700, -9.431891231902744400 ) ) ;
#1126 = EDGE_CURVE ( 'NONE', #1168, #63, #1218, .T. ) ;
#1127 = ORIENTED_EDGE ( 'NONE', *, *, #5501, .T. ) ;
#1128 = DIRECTION ( 'NONE',  ( 0.0000000000000000000, -0.7071067811865513500, 0.7071067811865436900 ) ) ;
#1129 = EDGE_CURVE ( 'NONE', #1724, #2730, #65, .T. ) ;
#1130 = EDGE_LOOP ( 'NONE', ( #4072, #5120, #1277, #836 ) ) ;
#1131 = CARTESIAN_POINT ( 'NONE',  ( -1.249999999999999800, 83.31370849898475200, -2.024999999999999900 ) ) ;
#1132 = CARTESIAN_POINT ( 'NONE',  ( -46.75000000000000000, 8.000000000000000000, 7.999999999999996400 ) ) ;
#1133 = DIRECTION ( 'NONE',  ( 3.652049423109066300E-016, -0.0000000000000000000, -1.000000000000000000 ) ) ;
#1134 = VERTEX_POINT ( 'NONE', #319 ) ;
#1135 = DIRECTION ( 'NONE',  ( 1.000000000000000000, 0.0000000000000000000, 0.0000000000000000000 ) ) ;
#1136 = EDGE_CURVE ( 'NONE', #3755, #2728, #1899, .T. ) ;
#1137 = VERTEX_POINT ( 'NONE', #4600 ) ;
#1138 = DIRECTION ( 'NONE',  ( 0.0000000000000000000, 1.000000000000000000, 0.0000000000000000000 ) ) ;
#1139 = CARTESIAN_POINT ( 'NONE',  ( -1.249999999999999800, 12.68629150101524100, -2.024999999999999900 ) ) ;
#1140 = VERTEX_POINT ( 'NONE', #3278 ) ;
#1141 = AXIS2_PLACEMENT_3D ( 'NONE', #2235, #127, #945 ) ;
#1142 = EDGE_LOOP ( 'NONE', ( #4591, #4975, #2374, #3054 ) ) ;
#1143 = CARTESIAN_POINT ( 'NONE',  ( 6.750000000000000900, 24.00000000000000700, -15.99999999999999600 ) ) ;
#1144 = CIRCLE ( 'NONE', #1878, 2.024999999999999900 ) ;
#1145 = VECTOR ( 'NONE', #3712, 1000.000000000000100 ) ;
#1146 = ORIENTED_EDGE ( 'NONE', *, *, #4242, .T. ) ;
#1147 = EDGE_CURVE ( 'NONE', #1595, #789, #2222, .T. ) ;
#1148 = CARTESIAN_POINT ( 'NONE',  ( -46.75000000000000000, 8.485281374238571300, -8.485281374238566000 ) ) ;
#1149 = CARTESIAN_POINT ( 'NONE',  ( -1.250000000000001100, 88.94660985766420000, -9.917172606141305000 ) ) ;
#1150 = ORIENTED_EDGE ( 'NONE', *, *, #2414, .F. ) ;
#1151 = DIRECTION ( 'NONE',  ( 1.000000000000000000, -0.0000000000000000000, -0.0000000000000000000 ) ) ;
#1152 = DIRECTION ( 'NONE',  ( 3.652049423109066300E-016, 0.0000000000000000000, -1.000000000000000000 ) ) ;
#1153 = EDGE_CURVE ( 'NONE', #2882, #1187, #813, .T. ) ;
#1154 = DIRECTION ( 'NONE',  ( 1.000000000000000000, -0.0000000000000000000, -0.0000000000000000000 ) ) ;
#1155 = CARTESIAN_POINT ( 'NONE',  ( 4.725000000000003200, 64.00000000000000000, -15.99999999999999600 ) ) ;
#1156 = LINE ( 'NONE', #3823, #4823 ) ;
#1157 = AXIS2_PLACEMENT_3D ( 'NONE', #1107, #1534, #2395 ) ;
#1158 = CYLINDRICAL_SURFACE ( 'NONE', #2696, 2.024999999999998100 ) ;
#1159 = CIRCLE ( 'NONE', #3821, 2.024999999999997200 ) ;
#1160 = CARTESIAN_POINT ( 'NONE',  ( 1.250000000000000200, 31.99999999999999300, 5.975000000000009400 ) ) ;
#1161 = EDGE_CURVE ( 'NONE', #189, #4000, #5159, .T. ) ;
#1162 = VECTOR ( 'NONE', #1638, 1000.000000000000000 ) ;
#1163 = DIRECTION ( 'NONE',  ( 0.0000000000000000000, 0.7071067811865463500, 0.7071067811865487900 ) ) ;
#1164 = CARTESIAN_POINT ( 'NONE',  ( -1.249999999999999800, 79.99999999999998600, 8.000000000000000000 ) ) ;
#1165 = DIRECTION ( 'NONE',  ( 1.000000000000000000, -0.0000000000000000000, 0.0000000000000000000 ) ) ;
#1166 = CARTESIAN_POINT ( 'NONE',  ( 1.250000000000000200, 88.00000000000001400, 5.974999999999997900 ) ) ;
#1167 = ORIENTED_EDGE ( 'NONE', *, *, #4819, .F. ) ;
#1168 = VERTEX_POINT ( 'NONE', #258 ) ;
#1169 = DIRECTION ( 'NONE',  ( -1.000000000000000000, -0.0000000000000000000, -0.0000000000000000000 ) ) ;
#1170 = CIRCLE ( 'NONE', #4263, 2.025000000000004400 ) ;
#1171 = VECTOR ( 'NONE', #667, 1000.000000000000000 ) ;
#1172 = ORIENTED_EDGE ( 'NONE', *, *, #5239, .F. ) ;
#1173 = VERTEX_POINT ( 'NONE', #2436 ) ;
#1174 = DIRECTION ( 'NONE',  ( 3.652049423109066300E-016, 0.0000000000000000000, -1.000000000000000000 ) ) ;
#1175 = EDGE_CURVE ( 'NONE', #4049, #766, #1617, .T. ) ;
#1176 = CIRCLE ( 'NONE', #3770, 2.024999999999999000 ) ;
#1177 = LINE ( 'NONE', #4616, #2852 ) ;
#1178 = EDGE_LOOP ( 'NONE', ( #3785, #4476, #2515, #2055, #3452 ) ) ;
#1179 = DIRECTION ( 'NONE',  ( 1.000000000000000000, -0.0000000000000000000, -0.0000000000000000000 ) ) ;
#1180 = ORIENTED_EDGE ( 'NONE', *, *, #1147, .T. ) ;
#1181 = ORIENTED_EDGE ( 'NONE', *, *, #4229, .T. ) ;
#1182 = DIRECTION ( 'NONE',  ( -1.000000000000000000, 0.0000000000000000000, -0.0000000000000000000 ) ) ;
#1183 = CARTESIAN_POINT ( 'NONE',  ( -1.249999999999999800, 16.00000000000000000, 5.974999999999997900 ) ) ;
#1184 = FACE_BOUND ( 'NONE', #1515, .T. ) ;
#1185 = ORIENTED_EDGE ( 'NONE', *, *, #1865, .F. ) ;
#1186 = DIRECTION ( 'NONE',  ( 0.0000000000000000000, 0.7071067811865487900, -0.7071067811865463500 ) ) ;
#1187 = VERTEX_POINT ( 'NONE', #1292 ) ;
#1188 = ORIENTED_EDGE ( 'NONE', *, *, #4132, .T. ) ;
#1189 = CARTESIAN_POINT ( 'NONE',  ( 6.749999999999989300, 48.00000000000000700, 16.00000000000000400 ) ) ;
#1190 = DIRECTION ( 'NONE',  ( 1.000000000000000000, -0.0000000000000000000, -0.0000000000000000000 ) ) ;
#1191 = DIRECTION ( 'NONE',  ( 3.652049423109066300E-016, -0.0000000000000000000, -1.000000000000000000 ) ) ;
#1192 = ORIENTED_EDGE ( 'NONE', *, *, #2892, .T. ) ;
#1193 = VERTEX_POINT ( 'NONE', #2513 ) ;
#1194 = LOCAL_TIME ( 11, 39, 54.00000000000000000, #1328 ) ;
#1195 = EDGE_LOOP ( 'NONE', ( #1597, #1748, #1509, #1799 ) ) ;
#1196 = AXIS2_PLACEMENT_3D ( 'NONE', #3301, #1605, #1646 ) ;
#1197 = ORIENTED_EDGE ( 'NONE', *, *, #3285, .F. ) ;
#1198 = DIRECTION ( 'NONE',  ( 1.000000000000000000, -0.0000000000000000000, -0.0000000000000000000 ) ) ;
#1199 = DIRECTION ( 'NONE',  ( -1.000000000000000000, 0.0000000000000000000, 0.0000000000000000000 ) ) ;
#1200 = ORIENTED_EDGE ( 'NONE', *, *, #3604, .T. ) ;
#1201 = DIRECTION ( 'NONE',  ( 3.652049423109066300E-016, -0.0000000000000000000, -1.000000000000000000 ) ) ;
#1202 = ORIENTED_EDGE ( 'NONE', *, *, #3747, .F. ) ;
#1203 = DIRECTION ( 'NONE',  ( 0.0000000000000000000, 0.0000000000000000000, -1.000000000000000000 ) ) ;
#1204 = CARTESIAN_POINT ( 'NONE',  ( 1.250000000000000200, 49.43189123190306600, -49.43189123190271800 ) ) ;
#1205 = CARTESIAN_POINT ( 'NONE',  ( -1.249999999999999800, 49.43189123190245500, -46.56810876809721800 ) ) ;
#1206 = ORIENTED_EDGE ( 'NONE', *, *, #3128, .T. ) ;
#1207 = DIRECTION ( 'NONE',  ( 3.652049423109066300E-016, -0.0000000000000000000, -1.000000000000000000 ) ) ;
#1208 = PERSON ( 'UNSPECIFIED', 'UNSPECIFIED', 'UNSPECIFIED', ('UNSPECIFIED'), ('UNSPECIFIED'), ('UNSPECIFIED') ) ;
#1209 = FACE_BOUND ( 'NONE', #512, .T. ) ;
#1210 = ORIENTED_EDGE ( 'NONE', *, *, #3640, .T. ) ;
#1211 = CARTESIAN_POINT ( 'NONE',  ( -1.249999999999999800, 54.56810876809724000, -9.431891231902755000 ) ) ;
#1212 = DIRECTION ( 'NONE',  ( 0.0000000000000000000, 0.0000000000000000000, -1.000000000000000000 ) ) ;
#1213 = VERTEX_POINT ( 'NONE', #5543 ) ;
#1214 = DIRECTION ( 'NONE',  ( -1.000000000000000000, 0.0000000000000000000, 0.0000000000000000000 ) ) ;
#1215 = CARTESIAN_POINT ( 'NONE',  ( -1.249999999999999800, 55.99999999999999300, 5.975000000000009400 ) ) ;
#1216 = DIRECTION ( 'NONE',  ( 1.000000000000000000, -0.0000000000000000000, -0.0000000000000000000 ) ) ;
#1217 = AXIS2_PLACEMENT_3D ( 'NONE', #4501, #5311, #190 ) ;
#1218 = CIRCLE ( 'NONE', #94, 2.024999999999997200 ) ;
#1219 = CARTESIAN_POINT ( 'NONE',  ( 1.250000000000000200, 10.56810876809729600, -10.56810876809726100 ) ) ;
#1220 = CARTESIAN_POINT ( 'NONE',  ( 1.250000000000000200, 0.0000000000000000000, -2.024999999999999900 ) ) ;
#1221 = LINE ( 'NONE', #4606, #3700 ) ;
#1222 = ORIENTED_EDGE ( 'NONE', *, *, #3232, .F. ) ;
#1223 = DIRECTION ( 'NONE',  ( 1.000000000000000000, -0.0000000000000000000, 0.0000000000000000000 ) ) ;
#1224 = VECTOR ( 'NONE', #3050, 1000.000000000000000 ) ;
#1225 = FACE_BOUND ( 'NONE', #2466, .T. ) ;
#1226 = EDGE_CURVE ( 'NONE', #1510, #2785, #3352, .T. ) ;
#1227 = ORIENTED_EDGE ( 'NONE', *, *, #2341, .F. ) ;
#1228 = LINE ( 'NONE', #497, #3508 ) ;
#1229 = CIRCLE ( 'NONE', #1081, 2.024999999999999900 ) ;
#1230 = PRODUCT_RELATED_PRODUCT_CATEGORY ( 'detail', '', ( #3753 ) ) ;
#1231 = EDGE_CURVE ( 'NONE', #4789, #498, #1014, .T. ) ;
#1232 = EDGE_CURVE ( 'NONE', #3981, #4304, #5497, .T. ) ;
#1233 = ORIENTED_EDGE ( 'NONE', *, *, #2070, .F. ) ;
#1234 = EDGE_LOOP ( 'NONE', ( #3490, #4716, #4966, #3691 ) ) ;
#1235 = LINE ( 'NONE', #1084, #428 ) ;
#1236 = FACE_OUTER_BOUND ( 'NONE', #277, .T. ) ;
#1237 = DIRECTION ( 'NONE',  ( -1.000000000000000000, 0.0000000000000000000, 0.0000000000000000000 ) ) ;
#1238 = DIRECTION ( 'NONE',  ( 0.0000000000000000000, -0.7071067811865450200, 0.7071067811865501300 ) ) ;
#1239 = ORIENTED_EDGE ( 'NONE', *, *, #4668, .T. ) ;
#1240 = EDGE_LOOP ( 'NONE', ( #4660, #4940 ) ) ;
#1241 = CYLINDRICAL_SURFACE ( 'NONE', #3127, 2.024999999999990100 ) ;
#1242 = VECTOR ( 'NONE', #951, 1000.000000000000000 ) ;
#1243 = ORIENTED_EDGE ( 'NONE', *, *, #4867, .T. ) ;
#1244 = EDGE_CURVE ( 'NONE', #1993, #3270, #485, .T. ) ;
#1245 = EDGE_LOOP ( 'NONE', ( #1102, #1675 ) ) ;
#1246 = ORIENTED_EDGE ( 'NONE', *, *, #586, .F. ) ;
#1247 = LINE ( 'NONE', #82, #3255 ) ;
#1248 = CIRCLE ( 'NONE', #1287, 2.024999999999997200 ) ;
#1249 = ORIENTED_EDGE ( 'NONE', *, *, #1715, .F. ) ;
#1250 = AXIS2_PLACEMENT_3D ( 'NONE', #4738, #3896, #2208 ) ;
#1251 = CARTESIAN_POINT ( 'NONE',  ( 8.774999999999987900, 72.00000000000001400, 16.00000000000000400 ) ) ;
#1252 = DIRECTION ( 'NONE',  ( 1.000000000000000000, -0.0000000000000000000, 0.0000000000000000000 ) ) ;
#1253 = VERTEX_POINT ( 'NONE', #273 ) ;
#1254 = PERSON_AND_ORGANIZATION ( #1208, #3327 ) ;
#1255 = DIRECTION ( 'NONE',  ( 1.000000000000000000, -0.0000000000000000000, 0.0000000000000000000 ) ) ;
#1256 = EDGE_LOOP ( 'NONE', ( #2912, #759, #1982, #4051 ) ) ;
#1257 = CARTESIAN_POINT ( 'NONE',  ( -1.249999999999999800, 54.56810876809724000, 9.431891231902756800 ) ) ;
#1258 = AXIS2_PLACEMENT_3D ( 'NONE', #3602, #4883, #2794 ) ;
#1259 = DIRECTION ( 'NONE',  ( 3.652049423109066300E-016, -0.0000000000000000000, -1.000000000000000000 ) ) ;
#1260 = ORIENTED_EDGE ( 'NONE', *, *, #1161, .F. ) ;
#1261 = CARTESIAN_POINT ( 'NONE',  ( 6.749999999999989300, 72.00000000000001400, 16.00000000000000400 ) ) ;
#1262 = ORIENTED_EDGE ( 'NONE', *, *, #1655, .T. ) ;
#1263 = CARTESIAN_POINT ( 'NONE',  ( 1.250000000000000200, 87.51471862576143200, -8.485281374238555300 ) ) ;
#1264 = LINE ( 'NONE', #4516, #3206 ) ;
#1265 = AXIS2_PLACEMENT_3D ( 'NONE', #3676, #5382, #4919 ) ;
#1266 = VERTEX_POINT ( 'NONE', #2148 ) ;
#1267 = CARTESIAN_POINT ( 'NONE',  ( 6.750000000000000000, 56.00000000000000700, -13.50000000000000200 ) ) ;
#1268 = EDGE_CURVE ( 'NONE', #1193, #4294, #4898, .T. ) ;
#1269 = ORIENTED_EDGE ( 'NONE', *, *, #4536, .T. ) ;
#1270 = CARTESIAN_POINT ( 'NONE',  ( 6.749999999999990200, 32.00000000000000700, 13.50000000000000000 ) ) ;
#1271 = DIRECTION ( 'NONE',  ( 3.652049423109066300E-016, -0.0000000000000000000, -1.000000000000000000 ) ) ;
#1272 = DATE_TIME_ROLE ( 'classification_date' ) ;
#1273 = EDGE_LOOP ( 'NONE', ( #3312, #2548, #573, #5049 ) ) ;
#1274 = CARTESIAN_POINT ( 'NONE',  ( -1.249999999999999800, 38.56810876809724700, -6.568108768097241400 ) ) ;
#1275 = EDGE_CURVE ( 'NONE', #4068, #1991, #3424, .T. ) ;
#1276 = CARTESIAN_POINT ( 'NONE',  ( 1.250000000000000200, 6.568108768097244100, -9.431891231902760400 ) ) ;
#1277 = ORIENTED_EDGE ( 'NONE', *, *, #43, .T. ) ;
#1278 = EDGE_CURVE ( 'NONE', #2218, #17, #4029, .T. ) ;
#1279 = ADVANCED_FACE ( 'NONE', ( #4353 ), #3420, .F. ) ;
#1280 = LINE ( 'NONE', #3096, #2221 ) ;
#1281 = DIRECTION ( 'NONE',  ( 0.0000000000000000000, 0.0000000000000000000, -1.000000000000000000 ) ) ;
#1282 = CARTESIAN_POINT ( 'NONE',  ( 6.750000000000000000, 72.00000000000001400, -13.50000000000000200 ) ) ;
#1283 = DIRECTION ( 'NONE',  ( 1.826024711554532900E-016, -0.0000000000000000000, 1.000000000000000000 ) ) ;
#1284 = DIRECTION ( 'NONE',  ( 1.000000000000000000, 0.0000000000000000000, 0.0000000000000000000 ) ) ;
#1285 = CIRCLE ( 'NONE', #1141, 6.999999999999999100 ) ;
#1286 = CIRCLE ( 'NONE', #2738, 2.025000000000006100 ) ;
#1287 = AXIS2_PLACEMENT_3D ( 'NONE', #1052, #1901, #4459 ) ;
#1288 = FACE_OUTER_BOUND ( 'NONE', #2254, .T. ) ;
#1289 = LINE ( 'NONE', #35, #5434 ) ;
#1290 = LINE ( 'NONE', #3158, #4965 ) ;
#1291 = CARTESIAN_POINT ( 'NONE',  ( 8.774999999999987900, 80.00000000000001400, 16.00000000000000400 ) ) ;
#1292 = CARTESIAN_POINT ( 'NONE',  ( 1.250000000000000200, 12.68629150101524100, 2.024999999999999900 ) ) ;
#1293 = DIRECTION ( 'NONE',  ( 0.0000000000000000000, 0.7071067811865424700, -0.7071067811865526800 ) ) ;
#1294 = CYLINDRICAL_SURFACE ( 'NONE', #576, 2.025000000000000800 ) ;
#1295 = AXIS2_PLACEMENT_3D ( 'NONE', #4359, #1802, #2694 ) ;
#1296 = ORIENTED_EDGE ( 'NONE', *, *, #5351, .F. ) ;
#1297 = VERTEX_POINT ( 'NONE', #5124 ) ;
#1298 = CARTESIAN_POINT ( 'NONE',  ( -1.249999999999999800, 13.43189123190266600, 13.43189123190281200 ) ) ;
#1299 = EDGE_CURVE ( 'NONE', #1644, #2438, #2762, .T. ) ;
#1300 = CIRCLE ( 'NONE', #2916, 2.025000000000002600 ) ;
#1301 = PLANE ( 'NONE',  #3962 ) ;
#1302 = CYLINDRICAL_SURFACE ( 'NONE', #320, 2.024999999999999900 ) ;
#1303 = EDGE_CURVE ( 'NONE', #3716, #1387, #1156, .T. ) ;
#1304 = DIRECTION ( 'NONE',  ( 0.0000000000000000000, 0.0000000000000000000, -1.000000000000000000 ) ) ;
#1305 = ORIENTED_EDGE ( 'NONE', *, *, #4129, .T. ) ;
#1306 = ORIENTED_EDGE ( 'NONE', *, *, #4027, .F. ) ;
#1307 = DIRECTION ( 'NONE',  ( 0.0000000000000000000, 0.7071067811865505700, -0.7071067811865444600 ) ) ;
#1308 = CARTESIAN_POINT ( 'NONE',  ( 1.250000000000000200, 38.08282739385867900, -7.053390142335806500 ) ) ;
#1309 = LINE ( 'NONE', #4752, #4168 ) ;
#1310 = CYLINDRICAL_SURFACE ( 'NONE', #5270, 2.025000000000002600 ) ;
#1311 = ADVANCED_FACE ( 'NONE', ( #1008 ), #5569, .F. ) ;
#1312 = EDGE_LOOP ( 'NONE', ( #1560, #5181, #4952, #4786 ) ) ;
#1313 = ORIENTED_EDGE ( 'NONE', *, *, #710, .T. ) ;
#1314 = ORIENTED_EDGE ( 'NONE', *, *, #3227, .F. ) ;
#1315 = LINE ( 'NONE', #1204, #4383 ) ;
#1316 = ORIENTED_EDGE ( 'NONE', *, *, #4191, .T. ) ;
#1317 = ORIENTED_EDGE ( 'NONE', *, *, #4594, .T. ) ;
#1318 = ADVANCED_FACE ( 'NONE', ( #5088 ), #3027, .F. ) ;
#1319 = ORIENTED_EDGE ( 'NONE', *, *, #2, .T. ) ;
#1320 = DIRECTION ( 'NONE',  ( 0.0000000000000000000, -0.7071067811865450200, 0.7071067811865500200 ) ) ;
#1321 = CARTESIAN_POINT ( 'NONE',  ( 1.250000000000000200, 88.00000000000001400, -7.999999999999983100 ) ) ;
#1322 = EDGE_CURVE ( 'NONE', #4510, #5399, #873, .T. ) ;
#1323 = DIRECTION ( 'NONE',  ( 0.0000000000000000000, 0.0000000000000000000, -1.000000000000000000 ) ) ;
#1324 = ORIENTED_EDGE ( 'NONE', *, *, #3747, .T. ) ;
#1325 = VERTEX_POINT ( 'NONE', #1685 ) ;
#1326 = AXIS2_PLACEMENT_3D ( 'NONE', #4803, #4316, #5142 ) ;
#1327 = CARTESIAN_POINT ( 'NONE',  ( 1.250000000000000200, 8.000000000000001800, -7.999999999999992900 ) ) ;
#1328 = COORDINATED_UNIVERSAL_TIME_OFFSET ( 6, 0, .BEHIND. ) ;
#1329 = DIRECTION ( 'NONE',  ( 1.000000000000000000, -0.0000000000000000000, 0.0000000000000000000 ) ) ;
#1330 = EDGE_CURVE ( 'NONE', #4922, #3259, #5028, .T. ) ;
#1331 = EDGE_LOOP ( 'NONE', ( #4572, #911, #779, #2570 ) ) ;
#1332 = APPROVAL_ROLE ( '' ) ;
#1333 = CARTESIAN_POINT ( 'NONE',  ( 4.724999999999993400, 16.00000000000000700, 13.50000000000000000 ) ) ;
#1334 = ORIENTED_EDGE ( 'NONE', *, *, #5525, .T. ) ;
#1335 = AXIS2_PLACEMENT_3D ( 'NONE', #4202, #722, #5067 ) ;
#1336 = VERTEX_POINT ( 'NONE', #2595 ) ;
#1337 = DIRECTION ( 'NONE',  ( 1.000000000000000000, 0.0000000000000000000, 0.0000000000000000000 ) ) ;
#1338 = ADVANCED_FACE ( 'NONE', ( #2215 ), #808, .F. ) ;
#1339 = CARTESIAN_POINT ( 'NONE',  ( 8.774999999999987900, 32.00000000000000700, 13.50000000000000000 ) ) ;
#1340 = ORIENTED_EDGE ( 'NONE', *, *, #43, .F. ) ;
#1341 = CARTESIAN_POINT ( 'NONE',  ( -1.249999999999999800, 86.08282739385869300, -7.053390142335786100 ) ) ;
#1342 = CARTESIAN_POINT ( 'NONE',  ( -1.249999999999999800, 30.56810876809724300, -9.431891231902755000 ) ) ;
#1343 = APPROVAL ( #3381, 'UNSPECIFIED' ) ;
#1344 = LINE ( 'NONE', #259, #1145 ) ;
#1345 = CIRCLE ( 'NONE', #851, 2.024999999999998100 ) ;
#1346 = DIRECTION ( 'NONE',  ( 0.0000000000000000000, 0.7071067811865501300, 0.7071067811865450200 ) ) ;
#1347 = EDGE_CURVE ( 'NONE', #4639, #2021, #3217, .T. ) ;
#1348 = ORIENTED_EDGE ( 'NONE', *, *, #2561, .T. ) ;
#1349 = DIRECTION ( 'NONE',  ( 0.0000000000000000000, -0.7071067811865513500, 0.7071067811865436900 ) ) ;
#1350 = DIRECTION ( 'NONE',  ( 0.0000000000000000000, 0.0000000000000000000, -1.000000000000000000 ) ) ;
#1351 = CYLINDRICAL_SURFACE ( 'NONE', #679, 2.025000000000004400 ) ;
#1352 = CARTESIAN_POINT ( 'NONE',  ( 1.250000000000000200, 0.0000000000000000000, 13.50000000000000200 ) ) ;
#1353 = VECTOR ( 'NONE', #1571, 1000.000000000000000 ) ;
#1354 = EDGE_CURVE ( 'NONE', #5272, #4312, #3283, .T. ) ;
#1355 = DIRECTION ( 'NONE',  ( 1.000000000000000000, 0.0000000000000000000, 0.0000000000000000000 ) ) ;
#1356 = CIRCLE ( 'NONE', #800, 2.024999999999997200 ) ;
#1357 = DIRECTION ( 'NONE',  ( 0.0000000000000000000, 0.0000000000000000000, -1.000000000000000000 ) ) ;
#1358 = DIRECTION ( 'NONE',  ( 1.000000000000000000, -0.0000000000000000000, -0.0000000000000000000 ) ) ;
#1359 = CIRCLE ( 'NONE', #4873, 2.024999999999998100 ) ;
#1360 = DIRECTION ( 'NONE',  ( -1.826024711554532900E-016, 0.0000000000000000000, 1.000000000000000000 ) ) ;
#1361 = CARTESIAN_POINT ( 'NONE',  ( -1.249999999999999800, 37.43189123190266800, 13.43189123190281200 ) ) ;
#1362 = VECTOR ( 'NONE', #2645, 1000.000000000000000 ) ;
#1363 = CARTESIAN_POINT ( 'NONE',  ( 10.75000000000000400, 96.00000000000000000, 13.50000000000000000 ) ) ;
#1364 = DIRECTION ( 'NONE',  ( 1.000000000000000000, -0.0000000000000000000, -0.0000000000000000000 ) ) ;
#1365 = FACE_BOUND ( 'NONE', #5411, .T. ) ;
#1366 = ADVANCED_FACE ( 'NONE', ( #943 ), #1480, .F. ) ;
#1367 = CIRCLE ( 'NONE', #1726, 2.024999999999998100 ) ;
#1368 = DIRECTION ( 'NONE',  ( 0.0000000000000000000, 0.0000000000000000000, -1.000000000000000000 ) ) ;
#1369 = CIRCLE ( 'NONE', #891, 2.024999999999998100 ) ;
#1370 = DIRECTION ( 'NONE',  ( 0.0000000000000000000, 0.0000000000000000000, -1.000000000000000000 ) ) ;
#1371 = DIRECTION ( 'NONE',  ( 0.0000000000000000000, 0.0000000000000000000, -1.000000000000000000 ) ) ;
#1372 = ORIENTED_EDGE ( 'NONE', *, *, #586, .T. ) ;
#1373 = CARTESIAN_POINT ( 'NONE',  ( 6.749999999999989300, 64.00000000000000000, 16.00000000000000400 ) ) ;
#1374 = VERTEX_POINT ( 'NONE', #2649 ) ;
#1375 = LINE ( 'NONE', #2261, #2315 ) ;
#1376 = AXIS2_PLACEMENT_3D ( 'NONE', #785, #3354, #2470 ) ;
#1377 = PLANE ( 'NONE',  #1760 ) ;
#1378 = CARTESIAN_POINT ( 'NONE',  ( 8.774999999999987900, 80.00000000000001400, 16.00000000000000400 ) ) ;
#1379 = EDGE_CURVE ( 'NONE', #794, #3259, #3964, .T. ) ;
#1380 = ORIENTED_EDGE ( 'NONE', *, *, #2189, .F. ) ;
#1381 = ORIENTED_EDGE ( 'NONE', *, *, #706, .F. ) ;
#1382 = CARTESIAN_POINT ( 'NONE',  ( 1.250000000000000200, 0.0000000000000000000, -0.0000000000000000000 ) ) ;
#1383 = DIRECTION ( 'NONE',  ( 1.000000000000000000, -0.0000000000000000000, 0.0000000000000000000 ) ) ;
#1384 = EDGE_LOOP ( 'NONE', ( #5269, #598, #123, #4264 ) ) ;
#1385 = ORIENTED_EDGE ( 'NONE', *, *, #3199, .F. ) ;
#1386 = FACE_OUTER_BOUND ( 'NONE', #3936, .T. ) ;
#1387 = VERTEX_POINT ( 'NONE', #1352 ) ;
#1388 = EDGE_CURVE ( 'NONE', #4185, #3791, #1680, .T. ) ;
#1389 = ORIENTED_EDGE ( 'NONE', *, *, #1559, .F. ) ;
#1390 = CARTESIAN_POINT ( 'NONE',  ( -1.249999999999999800, 40.00000000000000700, -7.999999999999996400 ) ) ;
#1391 = DIRECTION ( 'NONE',  ( 0.0000000000000000000, -0.7071067811865500200, -0.7071067811865450200 ) ) ;
#1392 = LOCAL_TIME ( 11, 39, 54.00000000000000000, #377 ) ;
#1393 = ADVANCED_FACE ( 'NONE', ( #4956 ), #3887, .F. ) ;
#1394 = ORIENTED_EDGE ( 'NONE', *, *, #516, .T. ) ;
#1395 = CARTESIAN_POINT ( 'NONE',  ( 1.250000000000000200, 15.51471862576143900, -10.51028137423856600 ) ) ;
#1396 = DIRECTION ( 'NONE',  ( 0.0000000000000000000, -0.7071067811865450200, -0.7071067811865500200 ) ) ;
#1397 = VERTEX_POINT ( 'NONE', #3912 ) ;
#1398 = VERTEX_POINT ( 'NONE', #894 ) ;
#1399 = AXIS2_PLACEMENT_3D ( 'NONE', #2663, #930, #4329 ) ;
#1400 = CARTESIAN_POINT ( 'NONE',  ( -1.249999999999999800, 36.68629150101524100, -2.024999999999999900 ) ) ;
#1401 = CARTESIAN_POINT ( 'NONE',  ( -1.249999999999999800, 40.00000000000000000, 8.000000000000000000 ) ) ;
#1402 = ORIENTED_EDGE ( 'NONE', *, *, #2771, .T. ) ;
#1403 = ORIENTED_EDGE ( 'NONE', *, *, #3391, .T. ) ;
#1404 = DIRECTION ( 'NONE',  ( -1.000000000000000000, 0.0000000000000000000, 0.0000000000000000000 ) ) ;
#1405 = AXIS2_PLACEMENT_3D ( 'NONE', #5091, #5152, #3890 ) ;
#1406 = DIRECTION ( 'NONE',  ( 1.826024711554532900E-016, -0.0000000000000000000, 1.000000000000000000 ) ) ;
#1407 = ORIENTED_EDGE ( 'NONE', *, *, #4659, .T. ) ;
#1408 = EDGE_CURVE ( 'NONE', #309, #518, #3631, .T. ) ;
#1409 = PLANE ( 'NONE',  #3558 ) ;
#1410 = DIRECTION ( 'NONE',  ( -1.000000000000000000, 0.0000000000000000000, -3.652049423109066800E-016 ) ) ;
#1411 = EDGE_LOOP ( 'NONE', ( #2508, #4735, #2994, #5133 ) ) ;
#1412 = DIRECTION ( 'NONE',  ( 0.0000000000000000000, 0.0000000000000000000, -1.000000000000000000 ) ) ;
#1413 = LINE ( 'NONE', #3041, #2567 ) ;
#1414 = CIRCLE ( 'NONE', #4256, 2.024999999999998100 ) ;
#1415 = LINE ( 'NONE', #3552, #268 ) ;
#1416 = LINE ( 'NONE', #1640, #270 ) ;
#1417 = EDGE_CURVE ( 'NONE', #3834, #5248, #3086, .T. ) ;
#1418 = LINE ( 'NONE', #3456, #3505 ) ;
#1419 = DIRECTION ( 'NONE',  ( 1.000000000000000000, -0.0000000000000000000, 0.0000000000000000000 ) ) ;
#1420 = EDGE_LOOP ( 'NONE', ( #1066, #835, #2018, #4846 ) ) ;
#1421 = DIRECTION ( 'NONE',  ( 0.0000000000000000000, 0.0000000000000000000, -1.000000000000000000 ) ) ;
#1422 = AXIS2_PLACEMENT_3D ( 'NONE', #5430, #2895, #3317 ) ;
#1423 = VECTOR ( 'NONE', #3261, 1000.000000000000000 ) ;
#1424 = EDGE_CURVE ( 'NONE', #4720, #448, #1747, .T. ) ;
#1425 = VERTEX_POINT ( 'NONE', #1333 ) ;
#1426 = VERTEX_POINT ( 'NONE', #3501 ) ;
#1427 = DIRECTION ( 'NONE',  ( 1.000000000000000000, -0.0000000000000000000, 0.0000000000000000000 ) ) ;
#1428 = CARTESIAN_POINT ( 'NONE',  ( -1.249999999999999800, 72.00000000000001400, -6.999999999999999100 ) ) ;
#1429 = VECTOR ( 'NONE', #2123, 1000.000000000000000 ) ;
#1430 = LINE ( 'NONE', #4410, #4298 ) ;
#1431 = CARTESIAN_POINT ( 'NONE',  ( 1.250000000000000200, 32.48528137423857500, -8.485281374238564200 ) ) ;
#1432 = DIRECTION ( 'NONE',  ( 0.0000000000000000000, -0.7071067811865513500, 0.7071067811865436900 ) ) ;
#1433 = AXIS2_PLACEMENT_3D ( 'NONE', #5419, #734, #3744 ) ;
#1434 = EDGE_LOOP ( 'NONE', ( #3324, #2012, #3013, #3444 ) ) ;
#1435 = ORIENTED_EDGE ( 'NONE', *, *, #400, .T. ) ;
#1436 = FACE_OUTER_BOUND ( 'NONE', #4452, .T. ) ;
#1437 = CARTESIAN_POINT ( 'NONE',  ( 1.250000000000000200, 58.56810876809746000, 10.56810876809731100 ) ) ;
#1438 = DIRECTION ( 'NONE',  ( 1.000000000000000000, -0.0000000000000000000, -0.0000000000000000000 ) ) ;
#1439 = ORIENTED_EDGE ( 'NONE', *, *, #1673, .F. ) ;
#1440 = ORIENTED_EDGE ( 'NONE', *, *, #215, .F. ) ;
#1441 = ORIENTED_EDGE ( 'NONE', *, *, #4343, .T. ) ;
#1442 = CIRCLE ( 'NONE', #4474, 2.024999999999999000 ) ;
#1443 = DIRECTION ( 'NONE',  ( 0.0000000000000000000, 0.0000000000000000000, -1.000000000000000000 ) ) ;
#1444 = LINE ( 'NONE', #5125, #1797 ) ;
#1445 = EDGE_CURVE ( 'NONE', #4011, #2951, #334, .T. ) ;
#1446 = CIRCLE ( 'NONE', #4431, 2.024999999999999900 ) ;
#1447 = ORIENTED_EDGE ( 'NONE', *, *, #4405, .T. ) ;
#1448 = VERTEX_POINT ( 'NONE', #526 ) ;
#1449 = EDGE_LOOP ( 'NONE', ( #12, #3932, #3855, #2600 ) ) ;
#1450 = DIRECTION ( 'NONE',  ( 0.0000000000000000000, -1.000000000000000000, 0.0000000000000000000 ) ) ;
#1451 = ADVANCED_FACE ( 'NONE', ( #5224, #1209, #3818, #3342, #4739, #534, #2754, #2352, #4475, #673, #196, #4951, #57, #2624, #5352, #3759, #2209, #1609, #4207, #3624, #4748, #4081, #2884, #2946 ), #3092, .T. ) ;
#1452 = EDGE_LOOP ( 'NONE', ( #250, #1314, #4488, #5315, #1561 ) ) ;
#1453 = EDGE_CURVE ( 'NONE', #3791, #2175, #1956, .T. ) ;
#1454 = VERTEX_POINT ( 'NONE', #3107 ) ;
#1455 = VERTEX_POINT ( 'NONE', #1847 ) ;
#1456 = EDGE_CURVE ( 'NONE', #3120, #5144, #1819, .T. ) ;
#1457 = DIRECTION ( 'NONE',  ( 3.652049423109066300E-016, -0.0000000000000000000, -1.000000000000000000 ) ) ;
#1458 = DIRECTION ( 'NONE',  ( 1.000000000000000000, -0.0000000000000000000, -0.0000000000000000000 ) ) ;
#1459 = ORIENTED_EDGE ( 'NONE', *, *, #2126, .F. ) ;
#1460 = VERTEX_POINT ( 'NONE', #106 ) ;
#1461 = CARTESIAN_POINT ( 'NONE',  ( 4.725000000000001400, 56.00000000000000700, -13.50000000000000200 ) ) ;
#1462 = DIRECTION ( 'NONE',  ( 0.0000000000000000000, 0.0000000000000000000, -1.000000000000000000 ) ) ;
#1463 = ORIENTED_EDGE ( 'NONE', *, *, #2679, .F. ) ;
#1464 = ORIENTED_EDGE ( 'NONE', *, *, #2527, .T. ) ;
#1465 = CARTESIAN_POINT ( 'NONE',  ( -1.249999999999999800, 58.56810876809730400, -10.56810876809726100 ) ) ;
#1466 = CARTESIAN_POINT ( 'NONE',  ( 6.749999999999989300, 8.000000000000007100, 16.00000000000000400 ) ) ;
#1467 = LINE ( 'NONE', #2891, #324 ) ;
#1468 = DIRECTION ( 'NONE',  ( 1.000000000000000000, -0.0000000000000000000, -0.0000000000000000000 ) ) ;
#1469 = ORIENTED_EDGE ( 'NONE', *, *, #4608, .F. ) ;
#1470 = ADVANCED_FACE ( 'NONE', ( #200 ), #478, .F. ) ;
#1471 = CARTESIAN_POINT ( 'NONE',  ( 10.75000000000002300, 96.00000000000000000, 1.491862189340059100E-014 ) ) ;
#1472 = DIRECTION ( 'NONE',  ( 0.0000000000000000000, 0.0000000000000000000, -1.000000000000000000 ) ) ;
#1473 = CARTESIAN_POINT ( 'NONE',  ( -1.249999999999999800, 13.43189123190277600, -13.43189123190275300 ) ) ;
#1474 = VECTOR ( 'NONE', #1540, 1000.000000000000000 ) ;
#1475 = CIRCLE ( 'NONE', #3553, 2.025000000000004400 ) ;
#1476 = EDGE_LOOP ( 'NONE', ( #3591, #3123, #1872, #1372 ) ) ;
#1477 = AXIS2_PLACEMENT_3D ( 'NONE', #5031, #3815, #1214 ) ;
#1478 = CARTESIAN_POINT ( 'NONE',  ( 6.749999999999989300, 32.00000000000000700, 16.00000000000000400 ) ) ;
#1479 = ADVANCED_FACE ( 'NONE', ( #5079 ), #1351, .F. ) ;
#1480 = CYLINDRICAL_SURFACE ( 'NONE', #3904, 2.025000000000004400 ) ;
#1481 = DIRECTION ( 'NONE',  ( 1.000000000000000000, -0.0000000000000000000, -0.0000000000000000000 ) ) ;
#1482 = PLANE ( 'NONE',  #471 ) ;
#1483 = VECTOR ( 'NONE', #1012, 1000.000000000000000 ) ;
#1484 = CARTESIAN_POINT ( 'NONE',  ( -1.249999999999999800, 48.00000000000000000, 2.024999999999999900 ) ) ;
#1485 = CIRCLE ( 'NONE', #4918, 2.025000000000000800 ) ;
#1486 = VECTOR ( 'NONE', #4767, 1000.000000000000000 ) ;
#1487 = VECTOR ( 'NONE', #1015, 1000.000000000000000 ) ;
#1488 = EDGE_CURVE ( 'NONE', #4527, #829, #937, .T. ) ;
#1489 = CARTESIAN_POINT ( 'NONE',  ( -1.249999999999999800, 24.00000000000000000, 6.999999999999999100 ) ) ;
#1490 = DIRECTION ( 'NONE',  ( 1.000000000000000000, -0.0000000000000000000, -0.0000000000000000000 ) ) ;
#1491 = VECTOR ( 'NONE', #3923, 1000.000000000000000 ) ;
#1492 = DIRECTION ( 'NONE',  ( 0.0000000000000000000, 0.7071067811865463500, 0.7071067811865487900 ) ) ;
#1493 = DIRECTION ( 'NONE',  ( -1.000000000000000000, 0.0000000000000000000, -0.0000000000000000000 ) ) ;
#1494 = LINE ( 'NONE', #1021, #2966 ) ;
#1495 = CARTESIAN_POINT ( 'NONE',  ( 8.774999999999987900, 88.00000000000002800, 16.00000000000000400 ) ) ;
#1496 = ADVANCED_FACE ( 'NONE', ( #806 ), #2820, .F. ) ;
#1497 = CYLINDRICAL_SURFACE ( 'NONE', #860, 2.025000000000000800 ) ;
#1498 = CARTESIAN_POINT ( 'NONE',  ( -1.250000000000001100, 87.51471862576143200, 8.485281374238576600 ) ) ;
#1499 = CARTESIAN_POINT ( 'NONE',  ( -1.249999999999999800, 81.43189123190275300, -6.568108768097234300 ) ) ;
#1500 = DIRECTION ( 'NONE',  ( 3.652049423109066300E-016, 0.0000000000000000000, -1.000000000000000000 ) ) ;
#1501 = DIRECTION ( 'NONE',  ( 0.0000000000000000000, -0.7071067811865463500, -0.7071067811865487900 ) ) ;
#1502 = ORIENTED_EDGE ( 'NONE', *, *, #675, .T. ) ;
#1503 = ORIENTED_EDGE ( 'NONE', *, *, #4608, .T. ) ;
#1504 = DIRECTION ( 'NONE',  ( -1.000000000000000000, 0.0000000000000000000, 0.0000000000000000000 ) ) ;
#1505 = AXIS2_PLACEMENT_3D ( 'NONE', #4732, #2585, #3433 ) ;
#1506 = CIRCLE ( 'NONE', #614, 2.024999999999997200 ) ;
#1507 = DIRECTION ( 'NONE',  ( 0.0000000000000000000, -1.000000000000000000, 0.0000000000000000000 ) ) ;
#1508 = CYLINDRICAL_SURFACE ( 'NONE', #1801, 2.024999999999990100 ) ;
#1509 = ORIENTED_EDGE ( 'NONE', *, *, #4265, .T. ) ;
#1510 = VERTEX_POINT ( 'NONE', #2424 ) ;
#1511 = FACE_OUTER_BOUND ( 'NONE', #3018, .T. ) ;
#1512 = AXIS2_PLACEMENT_3D ( 'NONE', #1076, #2854, #1135 ) ;
#1513 = CIRCLE ( 'NONE', #1983, 2.025000000000000800 ) ;
#1514 = ORIENTED_EDGE ( 'NONE', *, *, #3527, .F. ) ;
#1515 = EDGE_LOOP ( 'NONE', ( #1060, #3297 ) ) ;
#1516 = ORIENTED_EDGE ( 'NONE', *, *, #3105, .T. ) ;
#1517 = DIRECTION ( 'NONE',  ( 0.0000000000000000000, 0.0000000000000000000, -1.000000000000000000 ) ) ;
#1518 = EDGE_CURVE ( 'NONE', #984, #5074, #2082, .T. ) ;
#1519 = LINE ( 'NONE', #3056, #977 ) ;
#1520 = LINE ( 'NONE', #5544, #235 ) ;
#1521 = FACE_BOUND ( 'NONE', #1240, .T. ) ;
#1522 = ORIENTED_EDGE ( 'NONE', *, *, #2897, .T. ) ;
#1523 = ORIENTED_EDGE ( 'NONE', *, *, #2535, .F. ) ;
#1524 = DIRECTION ( 'NONE',  ( 0.0000000000000000000, 0.0000000000000000000, -1.000000000000000000 ) ) ;
#1525 = PLANE ( 'NONE',  #249 ) ;
#1526 = EDGE_CURVE ( 'NONE', #307, #318, #604, .T. ) ;
#1527 = DIRECTION ( 'NONE',  ( 3.652049423109066300E-016, -0.0000000000000000000, -1.000000000000000000 ) ) ;
#1528 = PERSON_AND_ORGANIZATION ( #1208, #3327 ) ;
#1529 = DIRECTION ( 'NONE',  ( 1.000000000000000000, -0.0000000000000000000, 0.0000000000000000000 ) ) ;
#1530 = ORIENTED_EDGE ( 'NONE', *, *, #2758, .F. ) ;
#1531 = ORIENTED_EDGE ( 'NONE', *, *, #3573, .T. ) ;
#1532 = ORIENTED_EDGE ( 'NONE', *, *, #5573, .T. ) ;
#1533 = EDGE_CURVE ( 'NONE', #5463, #4948, #1345, .T. ) ;
#1534 = DIRECTION ( 'NONE',  ( 1.000000000000000000, -0.0000000000000000000, 0.0000000000000000000 ) ) ;
#1535 = ORIENTED_EDGE ( 'NONE', *, *, #1933, .T. ) ;
#1536 = EDGE_LOOP ( 'NONE', ( #4213, #709, #1097, #3150 ) ) ;
#1537 = AXIS2_PLACEMENT_3D ( 'NONE', #3937, #3467, #1371 ) ;
#1538 = DIRECTION ( 'NONE',  ( -1.000000000000000000, 0.0000000000000000000, 0.0000000000000000000 ) ) ;
#1539 = DIRECTION ( 'NONE',  ( 0.0000000000000000000, 0.7071067811865424700, -0.7071067811865526800 ) ) ;
#1540 = DIRECTION ( 'NONE',  ( 1.000000000000000000, -0.0000000000000000000, -0.0000000000000000000 ) ) ;
#1541 = ORIENTED_EDGE ( 'NONE', *, *, #1101, .T. ) ;
#1542 = AXIS2_PLACEMENT_3D ( 'NONE', #2826, #4157, #2025 ) ;
#1543 = VERTEX_POINT ( 'NONE', #3294 ) ;
#1544 = CARTESIAN_POINT ( 'NONE',  ( -1.249999999999999800, 64.94660985766420000, -9.917172606141319200 ) ) ;
#1545 = DIRECTION ( 'NONE',  ( 1.000000000000000000, -0.0000000000000000000, 0.0000000000000000000 ) ) ;
#1546 = CARTESIAN_POINT ( 'NONE',  ( -1.249999999999999800, 48.00000000000000000, 0.0000000000000000000 ) ) ;
#1547 = CIRCLE ( 'NONE', #751, 2.024999999999998100 ) ;
#1548 = EDGE_CURVE ( 'NONE', #783, #3850, #1614, .T. ) ;
#1549 = LINE ( 'NONE', #4211, #4621 ) ;
#1550 = CARTESIAN_POINT ( 'NONE',  ( -1.249999999999999800, 79.99999999999998600, 5.975000000000009400 ) ) ;
#1551 = DIRECTION ( 'NONE',  ( 3.652049423109066300E-016, -0.0000000000000000000, -1.000000000000000000 ) ) ;
#1552 = DIRECTION ( 'NONE',  ( 3.652049423109066300E-016, 0.0000000000000000000, -1.000000000000000000 ) ) ;
#1553 = LINE ( 'NONE', #608, #1017 ) ;
#1554 = DIRECTION ( 'NONE',  ( 1.000000000000000000, -0.0000000000000000000, -0.0000000000000000000 ) ) ;
#1555 = FACE_OUTER_BOUND ( 'NONE', #4912, .T. ) ;
#1556 = EDGE_CURVE ( 'NONE', #2218, #4436, #2630, .T. ) ;
#1557 = CIRCLE ( 'NONE', #3732, 2.025000000000004400 ) ;
#1558 = VECTOR ( 'NONE', #238, 1000.000000000000000 ) ;
#1559 = EDGE_CURVE ( 'NONE', #1454, #3606, #472, .T. ) ;
#1560 = ORIENTED_EDGE ( 'NONE', *, *, #436, .F. ) ;
#1561 = ORIENTED_EDGE ( 'NONE', *, *, #4954, .F. ) ;
#1562 = FACE_BOUND ( 'NONE', #5385, .T. ) ;
#1563 = DIRECTION ( 'NONE',  ( 1.000000000000000000, -0.0000000000000000000, -0.0000000000000000000 ) ) ;
#1564 = ORIENTED_EDGE ( 'NONE', *, *, #1330, .T. ) ;
#1565 = EDGE_LOOP ( 'NONE', ( #674, #2929, #3344, #383, #3730 ) ) ;
#1566 = DIRECTION ( 'NONE',  ( 0.0000000000000000000, -0.7071067811865412400, -0.7071067811865537900 ) ) ;
#1567 = CIRCLE ( 'NONE', #4340, 2.024999999999997200 ) ;
#1568 = VECTOR ( 'NONE', #279, 1000.000000000000000 ) ;
#1569 = DIRECTION ( 'NONE',  ( 0.0000000000000000000, 0.7071067811865500200, 0.7071067811865450200 ) ) ;
#1570 = CARTESIAN_POINT ( 'NONE',  ( 6.749999999999989300, 48.00000000000000700, 16.00000000000000400 ) ) ;
#1571 = DIRECTION ( 'NONE',  ( 0.0000000000000000000, 0.7071067811865450200, -0.7071067811865500200 ) ) ;
#1572 = DIRECTION ( 'NONE',  ( 0.0000000000000000000, 0.7071067811865487900, -0.7071067811865463500 ) ) ;
#1573 = FACE_OUTER_BOUND ( 'NONE', #2618, .T. ) ;
#1574 = AXIS2_PLACEMENT_3D ( 'NONE', #1827, #3546, #3489 ) ;
#1575 = ORIENTED_EDGE ( 'NONE', *, *, #3427, .F. ) ;
#1576 = ORIENTED_EDGE ( 'NONE', *, *, #2118, .T. ) ;
#1577 = CIRCLE ( 'NONE', #936, 2.024999999999999900 ) ;
#1578 = FACE_OUTER_BOUND ( 'NONE', #4449, .T. ) ;
#1579 = LINE ( 'NONE', #5477, #3788 ) ;
#1580 = ORIENTED_EDGE ( 'NONE', *, *, #5182, .F. ) ;
#1581 = CARTESIAN_POINT ( 'NONE',  ( -1.249999999999999800, 56.48528137423857500, -8.485281374238564200 ) ) ;
#1582 = ORIENTED_EDGE ( 'NONE', *, *, #290, .T. ) ;
#1583 = EDGE_LOOP ( 'NONE', ( #2599, #3074 ) ) ;
#1584 = AXIS2_PLACEMENT_3D ( 'NONE', #1836, #548, #131 ) ;
#1585 = DIRECTION ( 'NONE',  ( -1.000000000000000000, 0.0000000000000000000, 0.0000000000000000000 ) ) ;
#1586 = EDGE_CURVE ( 'NONE', #84, #4174, #3488, .T. ) ;
#1587 = VERTEX_POINT ( 'NONE', #2468 ) ;
#1588 = EDGE_CURVE ( 'NONE', #3171, #498, #3494, .T. ) ;
#1589 = AXIS2_PLACEMENT_3D ( 'NONE', #385, #3384, #5561 ) ;
#1590 = ORIENTED_EDGE ( 'NONE', *, *, #4630, .F. ) ;
#1591 = DIRECTION ( 'NONE',  ( -1.000000000000000000, 0.0000000000000000000, 1.826024711554532900E-016 ) ) ;
#1592 = LINE ( 'NONE', #3892, #656 ) ;
#1593 = CARTESIAN_POINT ( 'NONE',  ( -1.249999999999999800, 62.08282739385867200, 7.053390142335805600 ) ) ;
#1594 = DIRECTION ( 'NONE',  ( -1.000000000000000000, 0.0000000000000000000, 0.0000000000000000000 ) ) ;
#1595 = VERTEX_POINT ( 'NONE', #5007 ) ;
#1596 = CARTESIAN_POINT ( 'NONE',  ( 10.75000000000000000, 96.00000000000000000, 15.99999999999999600 ) ) ;
#1597 = ORIENTED_EDGE ( 'NONE', *, *, #2619, .F. ) ;
#1598 = CARTESIAN_POINT ( 'NONE',  ( 8.774999999999987900, 56.00000000000000700, 16.00000000000000400 ) ) ;
#1599 = DIRECTION ( 'NONE',  ( 0.0000000000000000000, 0.0000000000000000000, -1.000000000000000000 ) ) ;
#1600 = ORIENTED_EDGE ( 'NONE', *, *, #1690, .F. ) ;
#1601 = AXIS2_PLACEMENT_3D ( 'NONE', #4746, #3884, #3844 ) ;
#1602 = ORIENTED_EDGE ( 'NONE', *, *, #2866, .T. ) ;
#1603 = EDGE_CURVE ( 'NONE', #4847, #1213, #5487, .T. ) ;
#1604 = ORIENTED_EDGE ( 'NONE', *, *, #5283, .F. ) ;
#1605 = DIRECTION ( 'NONE',  ( 1.000000000000000000, -0.0000000000000000000, -0.0000000000000000000 ) ) ;
#1606 = FACE_OUTER_BOUND ( 'NONE', #760, .T. ) ;
#1607 = DIRECTION ( 'NONE',  ( 1.000000000000000000, -0.0000000000000000000, 0.0000000000000000000 ) ) ;
#1608 = CARTESIAN_POINT ( 'NONE',  ( -1.249999999999999800, 48.00000000000000000, 0.0000000000000000000 ) ) ;
#1609 = FACE_BOUND ( 'NONE', #638, .T. ) ;
#1610 = ORIENTED_EDGE ( 'NONE', *, *, #156, .F. ) ;
#1611 = AXIS2_PLACEMENT_3D ( 'NONE', #4246, #5502, #2122 ) ;
#1612 = DIRECTION ( 'NONE',  ( 1.826024711554532900E-016, -0.0000000000000000000, 1.000000000000000000 ) ) ;
#1613 = CARTESIAN_POINT ( 'NONE',  ( 6.750000000000000000, 64.00000000000000000, -13.50000000000000200 ) ) ;
#1614 = CIRCLE ( 'NONE', #961, 2.024999999999998100 ) ;
#1615 = AXIS2_PLACEMENT_3D ( 'NONE', #3106, #2685, #3956 ) ;
#1616 = LINE ( 'NONE', #1937, #3826 ) ;
#1617 = LINE ( 'NONE', #5000, #2029 ) ;
#1618 = DIRECTION ( 'NONE',  ( 1.000000000000000000, 0.0000000000000000000, 0.0000000000000000000 ) ) ;
#1619 = CIRCLE ( 'NONE', #463, 2.025000000000000800 ) ;
#1620 = LINE ( 'NONE', #4470, #4221 ) ;
#1621 = CARTESIAN_POINT ( 'NONE',  ( 1.250000000000000200, 9.431891231902765700, 6.568108768097248500 ) ) ;
#1622 = DIRECTION ( 'NONE',  ( 1.000000000000000000, -0.0000000000000000000, 0.0000000000000000000 ) ) ;
#1623 = AXIS2_PLACEMENT_3D ( 'NONE', #2421, #1169, #4149 ) ;
#1624 = EDGE_CURVE ( 'NONE', #3648, #390, #1475, .T. ) ;
#1625 = CARTESIAN_POINT ( 'NONE',  ( 1.250000000000000200, 87.51471862576143200, -10.51028137423855900 ) ) ;
#1626 = EDGE_CURVE ( 'NONE', #3213, #3399, #1075, .T. ) ;
#1627 = CARTESIAN_POINT ( 'NONE',  ( -1.249999999999999800, 81.91717260614132100, 7.053390142335818100 ) ) ;
#1628 = CARTESIAN_POINT ( 'NONE',  ( -1.249999999999999800, 59.31370849898476600, -2.024999999999999900 ) ) ;
#1629 = ORIENTED_EDGE ( 'NONE', *, *, #2779, .F. ) ;
#1630 = LINE ( 'NONE', #655, #958 ) ;
#1631 = VECTOR ( 'NONE', #2372, 999.9999999999998900 ) ;
#1632 = CARTESIAN_POINT ( 'NONE',  ( -1.249999999999999800, 65.43189123190276700, -9.431891231902755000 ) ) ;
#1633 = VECTOR ( 'NONE', #753, 1000.000000000000000 ) ;
#1634 = DIRECTION ( 'NONE',  ( 1.000000000000000000, 0.0000000000000000000, 0.0000000000000000000 ) ) ;
#1635 = ORIENTED_EDGE ( 'NONE', *, *, #3837, .T. ) ;
#1636 = ORIENTED_EDGE ( 'NONE', *, *, #3929, .F. ) ;
#1637 = DIRECTION ( 'NONE',  ( 1.000000000000000000, -0.0000000000000000000, 0.0000000000000000000 ) ) ;
#1638 = DIRECTION ( 'NONE',  ( 1.000000000000000000, -0.0000000000000000000, -0.0000000000000000000 ) ) ;
#1639 = EDGE_CURVE ( 'NONE', #473, #828, #4895, .T. ) ;
#1640 = CARTESIAN_POINT ( 'NONE',  ( -1.249999999999999800, 41.43189123190276000, 9.431891231902762100 ) ) ;
#1641 = DIRECTION ( 'NONE',  ( 1.000000000000000000, -0.0000000000000000000, 0.0000000000000000000 ) ) ;
#1642 = LINE ( 'NONE', #2573, #4916 ) ;
#1643 = DIRECTION ( 'NONE',  ( 0.0000000000000000000, 0.0000000000000000000, -1.000000000000000000 ) ) ;
#1644 = VERTEX_POINT ( 'NONE', #3351 ) ;
#1645 = ORIENTED_EDGE ( 'NONE', *, *, #1902, .T. ) ;
#1646 = DIRECTION ( 'NONE',  ( 0.0000000000000000000, 0.0000000000000000000, -1.000000000000000000 ) ) ;
#1647 = EDGE_CURVE ( 'NONE', #4387, #2114, #3212, .T. ) ;
#1648 = DIRECTION ( 'NONE',  ( 3.652049423109066300E-016, 0.0000000000000000000, -1.000000000000000000 ) ) ;
#1649 = CIRCLE ( 'NONE', #5335, 2.024999999999999900 ) ;
#1650 = EDGE_LOOP ( 'NONE', ( #2407, #843, #1441, #2729 ) ) ;
#1651 = ORIENTED_EDGE ( 'NONE', *, *, #3004, .F. ) ;
#1652 = VECTOR ( 'NONE', #5123, 1000.000000000000000 ) ;
#1653 = DIRECTION ( 'NONE',  ( -1.000000000000000000, 0.0000000000000000000, -1.826024711554532900E-016 ) ) ;
#1654 = AXIS2_PLACEMENT_3D ( 'NONE', #4674, #3008, #432 ) ;
#1655 = EDGE_CURVE ( 'NONE', #5403, #1374, #214, .T. ) ;
#1656 = LINE ( 'NONE', #3468, #2257 ) ;
#1657 = ORIENTED_EDGE ( 'NONE', *, *, #2426, .T. ) ;
#1658 = ORIENTED_EDGE ( 'NONE', *, *, #5089, .T. ) ;
#1659 = CARTESIAN_POINT ( 'NONE',  ( 1.250000000000000200, 39.51471862576143900, -8.485281374238566000 ) ) ;
#1660 = LINE ( 'NONE', #3341, #2129 ) ;
#1661 = DIRECTION ( 'NONE',  ( 1.000000000000000000, -0.0000000000000000000, -0.0000000000000000000 ) ) ;
#1662 = ORIENTED_EDGE ( 'NONE', *, *, #516, .F. ) ;
#1663 = AXIS2_PLACEMENT_3D ( 'NONE', #2279, #1874, #2217 ) ;
#1664 = EDGE_LOOP ( 'NONE', ( #3922, #1116, #182, #178 ) ) ;
#1665 = EDGE_CURVE ( 'NONE', #2333, #2369, #3153, .T. ) ;
#1666 = CARTESIAN_POINT ( 'NONE',  ( -1.249999999999999800, 83.31370849898475200, 0.0000000000000000000 ) ) ;
#1667 = CARTESIAN_POINT ( 'NONE',  ( 1.250000000000000200, 56.48528137423857500, -10.51028137423856800 ) ) ;
#1668 = DIRECTION ( 'NONE',  ( 0.0000000000000000000, 0.0000000000000000000, -1.000000000000000000 ) ) ;
#1669 = ORIENTED_EDGE ( 'NONE', *, *, #1740, .F. ) ;
#1670 = CARTESIAN_POINT ( 'NONE',  ( 6.750000000000000900, 88.00000000000002800, -15.99999999999999600 ) ) ;
#1671 = ORIENTED_EDGE ( 'NONE', *, *, #306, .T. ) ;
#1672 = PLANE ( 'NONE',  #173 ) ;
#1673 = EDGE_CURVE ( 'NONE', #5453, #2449, #5428, .T. ) ;
#1674 = ORIENTED_EDGE ( 'NONE', *, *, #112, .T. ) ;
#1675 = ORIENTED_EDGE ( 'NONE', *, *, #1526, .T. ) ;
#1676 = EDGE_CURVE ( 'NONE', #3276, #3473, #5024, .T. ) ;
#1677 = CYLINDRICAL_SURFACE ( 'NONE', #3827, 2.025000000000004400 ) ;
#1678 = ORIENTED_EDGE ( 'NONE', *, *, #5459, .T. ) ;
#1679 = CARTESIAN_POINT ( 'NONE',  ( -1.249999999999999800, 83.31370849898475200, -2.024999999999999900 ) ) ;
#1680 = CIRCLE ( 'NONE', #1250, 2.025000000000002600 ) ;
#1681 = EDGE_LOOP ( 'NONE', ( #4123, #4442, #2471, #3737 ) ) ;
#1682 = CARTESIAN_POINT ( 'NONE',  ( 1.250000000000000200, 62.56810876809724700, -6.568108768097241400 ) ) ;
#1683 =( NAMED_UNIT ( * ) SI_UNIT ( $, .STERADIAN. ) SOLID_ANGLE_UNIT ( ) );
#1684 = AXIS2_PLACEMENT_3D ( 'NONE', #213, #661, #4130 ) ;
#1685 = CARTESIAN_POINT ( 'NONE',  ( 8.774999999999987900, 24.00000000000000700, 13.50000000000000000 ) ) ;
#1686 = CARTESIAN_POINT ( 'NONE',  ( 10.75000000000002300, 96.00000000000000000, -1.491862189340059100E-014 ) ) ;
#1687 = CIRCLE ( 'NONE', #2007, 2.024999999999999900 ) ;
#1688 = AXIS2_PLACEMENT_3D ( 'NONE', #2801, #4540, #1055 ) ;
#1689 = DIRECTION ( 'NONE',  ( 0.0000000000000000000, 0.7071067811865505700, -0.7071067811865444600 ) ) ;
#1690 = EDGE_CURVE ( 'NONE', #589, #1134, #890, .T. ) ;
#1691 = DIRECTION ( 'NONE',  ( -1.000000000000000000, 0.0000000000000000000, -0.0000000000000000000 ) ) ;
#1692 = CIRCLE ( 'NONE', #3547, 2.025000000000000800 ) ;
#1693 = EDGE_CURVE ( 'NONE', #5338, #4863, #3762, .T. ) ;
#1694 = AXIS2_PLACEMENT_3D ( 'NONE', #4887, #2759, #5366 ) ;
#1695 = ORIENTED_EDGE ( 'NONE', *, *, #4693, .F. ) ;
#1696 = FACE_OUTER_BOUND ( 'NONE', #368, .T. ) ;
#1697 = DIRECTION ( 'NONE',  ( -1.826024711554532900E-016, 0.0000000000000000000, 1.000000000000000000 ) ) ;
#1698 = CYLINDRICAL_SURFACE ( 'NONE', #5027, 2.024999999999990100 ) ;
#1699 = CARTESIAN_POINT ( 'NONE',  ( 4.724999999999991700, 64.00000000000000000, 16.00000000000000400 ) ) ;
#1700 = LINE ( 'NONE', #1437, #1845 ) ;
#1701 = DIRECTION ( 'NONE',  ( 1.000000000000000000, -0.0000000000000000000, -0.0000000000000000000 ) ) ;
#1702 = ADVANCED_FACE ( 'NONE', ( #2901 ), #1677, .F. ) ;
#1703 = ORIENTED_EDGE ( 'NONE', *, *, #2647, .T. ) ;
#1704 = ORIENTED_EDGE ( 'NONE', *, *, #4210, .F. ) ;
#1705 = LINE ( 'NONE', #2853, #4842 ) ;
#1706 = DIRECTION ( 'NONE',  ( 0.0000000000000000000, 0.0000000000000000000, -1.000000000000000000 ) ) ;
#1707 = ORIENTED_EDGE ( 'NONE', *, *, #3028, .F. ) ;
#1708 = ORIENTED_EDGE ( 'NONE', *, *, #1556, .F. ) ;
#1709 = VECTOR ( 'NONE', #1912, 1000.000000000000000 ) ;
#1710 = CARTESIAN_POINT ( 'NONE',  ( -1.249999999999999800, 31.99999999999999300, 5.975000000000009400 ) ) ;
#1711 = CIRCLE ( 'NONE', #4719, 2.024999999999990100 ) ;
#1712 = ORIENTED_EDGE ( 'NONE', *, *, #2758, .T. ) ;
#1713 = CARTESIAN_POINT ( 'NONE',  ( 8.774999999999987900, 8.000000000000007100, 13.50000000000000000 ) ) ;
#1714 = DIRECTION ( 'NONE',  ( 1.000000000000000000, -0.0000000000000000000, 0.0000000000000000000 ) ) ;
#1715 = EDGE_CURVE ( 'NONE', #532, #789, #3416, .T. ) ;
#1716 = EDGE_LOOP ( 'NONE', ( #1319, #3865, #50, #3525 ) ) ;
#1717 = ORIENTED_EDGE ( 'NONE', *, *, #1586, .T. ) ;
#1718 = CARTESIAN_POINT ( 'NONE',  ( 8.774999999999998600, 88.00000000000002800, -13.50000000000000200 ) ) ;
#1719 = FACE_OUTER_BOUND ( 'NONE', #4717, .T. ) ;
#1720 = ORIENTED_EDGE ( 'NONE', *, *, #4712, .F. ) ;
#1721 = AXIS2_PLACEMENT_3D ( 'NONE', #5099, #1731, #2551 ) ;
#1722 = DIRECTION ( 'NONE',  ( -1.000000000000000000, 0.0000000000000000000, 0.0000000000000000000 ) ) ;
#1723 = CARTESIAN_POINT ( 'NONE',  ( -1.249999999999999800, 32.00000000000000000, -7.999999999999994700 ) ) ;
#1724 = VERTEX_POINT ( 'NONE', #1713 ) ;
#1725 = ORIENTED_EDGE ( 'NONE', *, *, #4019, .F. ) ;
#1726 = AXIS2_PLACEMENT_3D ( 'NONE', #285, #3251, #2412 ) ;
#1727 = CARTESIAN_POINT ( 'NONE',  ( -1.249999999999999800, 37.43189123190277500, -13.43189123190275300 ) ) ;
#1728 = VECTOR ( 'NONE', #4700, 1000.000000000000000 ) ;
#1729 = EDGE_LOOP ( 'NONE', ( #5542, #1407, #421, #4014, #1926 ) ) ;
#1730 = ORIENTED_EDGE ( 'NONE', *, *, #5459, .F. ) ;
#1731 = DIRECTION ( 'NONE',  ( -1.000000000000000000, 0.0000000000000000000, -0.0000000000000000000 ) ) ;
#1732 = DIRECTION ( 'NONE',  ( 0.0000000000000000000, 0.7071067811865469100, 0.7071067811865482400 ) ) ;
#1733 = VECTOR ( 'NONE', #3725, 1000.000000000000000 ) ;
#1734 = ORIENTED_EDGE ( 'NONE', *, *, #5361, .F. ) ;
#1735 = ADVANCED_FACE ( 'NONE', ( #755 ), #3867, .F. ) ;
#1736 = DIRECTION ( 'NONE',  ( 1.000000000000000000, -0.0000000000000000000, -0.0000000000000000000 ) ) ;
#1737 = DIRECTION ( 'NONE',  ( 0.0000000000000000000, 0.7071067811865436900, 0.7071067811865513500 ) ) ;
#1738 = EDGE_CURVE ( 'NONE', #4430, #3276, #69, .T. ) ;
#1739 = EDGE_LOOP ( 'NONE', ( #2115, #5112, #3247, #3889, #2590 ) ) ;
#1740 = EDGE_CURVE ( 'NONE', #2582, #1065, #408, .T. ) ;
#1741 = CARTESIAN_POINT ( 'NONE',  ( 6.749999999999989300, 48.00000000000000700, 16.00000000000000400 ) ) ;
#1742 = ADVANCED_FACE ( 'NONE', ( #4561 ), #4278, .T. ) ;
#1743 = ORIENTED_EDGE ( 'NONE', *, *, #1744, .T. ) ;
#1744 = EDGE_CURVE ( 'NONE', #4510, #4063, #4422, .T. ) ;
#1745 = CARTESIAN_POINT ( 'NONE',  ( 1.250000000000000200, 41.43189123190276000, 9.431891231902762100 ) ) ;
#1746 = LINE ( 'NONE', #1139, #4737 ) ;
#1747 = CIRCLE ( 'NONE', #4574, 2.024999999999997200 ) ;
#1748 = ORIENTED_EDGE ( 'NONE', *, *, #2201, .T. ) ;
#1749 = EDGE_CURVE ( 'NONE', #2218, #433, #880, .T. ) ;
#1750 = DIRECTION ( 'NONE',  ( -1.826024711554532900E-016, 0.0000000000000000000, 1.000000000000000000 ) ) ;
#1751 = VECTOR ( 'NONE', #371, 1000.000000000000000 ) ;
#1752 = CARTESIAN_POINT ( 'NONE',  ( 1.250000000000000200, 57.43189123190276000, -6.568108768097234300 ) ) ;
#1753 = CARTESIAN_POINT ( 'NONE',  ( -1.249999999999999800, 49.43189123190245500, 46.56810876809721800 ) ) ;
#1754 = CYLINDRICAL_SURFACE ( 'NONE', #1217, 2.024999999999999000 ) ;
#1755 = VECTOR ( 'NONE', #5214, 1000.000000000000000 ) ;
#1756 = FACE_OUTER_BOUND ( 'NONE', #4182, .T. ) ;
#1757 = CARTESIAN_POINT ( 'NONE',  ( 1.250000000000000200, 40.94660985766419300, 9.917172606141326300 ) ) ;
#1758 = DATE_TIME_ROLE ( 'creation_date' ) ;
#1759 = ADVANCED_FACE ( 'NONE', ( #5163 ), #4725, .T. ) ;
#1760 = AXIS2_PLACEMENT_3D ( 'NONE', #1811, #4791, #1320 ) ;
#1761 = CIRCLE ( 'NONE', #1785, 2.024999999999999000 ) ;
#1762 = CARTESIAN_POINT ( 'NONE',  ( 1.250000000000000200, 64.00000000000000000, 5.974999999999997900 ) ) ;
#1763 = DIRECTION ( 'NONE',  ( 1.826024711554532900E-016, -0.0000000000000000000, 1.000000000000000000 ) ) ;
#1764 = LINE ( 'NONE', #5291, #3360 ) ;
#1765 = ADVANCED_FACE ( 'NONE', ( #3766 ), #5578, .F. ) ;
#1766 = AXIS2_PLACEMENT_3D ( 'NONE', #3905, #5537, #3829 ) ;
#1767 = DIRECTION ( 'NONE',  ( 1.000000000000000000, -0.0000000000000000000, 0.0000000000000000000 ) ) ;
#1768 = ORIENTED_EDGE ( 'NONE', *, *, #4810, .F. ) ;
#1769 = CIRCLE ( 'NONE', #4578, 2.025000000000000800 ) ;
#1770 = CARTESIAN_POINT ( 'NONE',  ( -1.249999999999999800, 15.51471862576143000, 8.485281374238569500 ) ) ;
#1771 = DIRECTION ( 'NONE',  ( 0.0000000000000000000, 0.0000000000000000000, -1.000000000000000000 ) ) ;
#1772 = DIRECTION ( 'NONE',  ( 1.000000000000000000, 0.0000000000000000000, 0.0000000000000000000 ) ) ;
#1773 = CYLINDRICAL_SURFACE ( 'NONE', #1542, 2.024999999999999000 ) ;
#1774 = ORIENTED_EDGE ( 'NONE', *, *, #5286, .T. ) ;
#1775 = ORIENTED_EDGE ( 'NONE', *, *, #1175, .T. ) ;
#1776 = CARTESIAN_POINT ( 'NONE',  ( -1.249999999999999800, 55.99999999999999300, 8.000000000000000000 ) ) ;
#1777 = VECTOR ( 'NONE', #2991, 1000.000000000000000 ) ;
#1778 = VECTOR ( 'NONE', #3368, 1000.000000000000000 ) ;
#1779 = ORIENTED_EDGE ( 'NONE', *, *, #156, .T. ) ;
#1780 = VERTEX_POINT ( 'NONE', #3493 ) ;
#1781 = ORIENTED_EDGE ( 'NONE', *, *, #1026, .F. ) ;
#1782 = EDGE_CURVE ( 'NONE', #4344, #5138, #1553, .T. ) ;
#1783 = DIRECTION ( 'NONE',  ( 0.0000000000000000000, 0.0000000000000000000, -1.000000000000000000 ) ) ;
#1784 = DIRECTION ( 'NONE',  ( 1.000000000000000000, 0.0000000000000000000, 0.0000000000000000000 ) ) ;
#1785 = AXIS2_PLACEMENT_3D ( 'NONE', #3296, #2009, #728 ) ;
#1786 = DIRECTION ( 'NONE',  ( 1.000000000000000000, -0.0000000000000000000, -0.0000000000000000000 ) ) ;
#1787 = CIRCLE ( 'NONE', #3799, 2.024999999999990100 ) ;
#1788 = ORIENTED_EDGE ( 'NONE', *, *, #3062, .T. ) ;
#1789 = ORIENTED_EDGE ( 'NONE', *, *, #4552, .F. ) ;
#1790 = VERTEX_POINT ( 'NONE', #1341 ) ;
#1791 = LINE ( 'NONE', #2512, #1862 ) ;
#1792 = ADVANCED_FACE ( 'NONE', ( #5432 ), #900, .F. ) ;
#1793 = DIRECTION ( 'NONE',  ( -1.000000000000000000, 0.0000000000000000000, 0.0000000000000000000 ) ) ;
#1794 = DIRECTION ( 'NONE',  ( 0.0000000000000000000, 0.0000000000000000000, -1.000000000000000000 ) ) ;
#1795 = CARTESIAN_POINT ( 'NONE',  ( -1.249999999999999800, 16.00000000000000000, 8.000000000000000000 ) ) ;
#1796 = CARTESIAN_POINT ( 'NONE',  ( -46.75000000000000000, 86.08282739385867900, 7.053390142335816300 ) ) ;
#1797 = VECTOR ( 'NONE', #4673, 1000.000000000000000 ) ;
#1798 = ORIENTED_EDGE ( 'NONE', *, *, #547, .F. ) ;
#1799 = ORIENTED_EDGE ( 'NONE', *, *, #1424, .T. ) ;
#1800 = CARTESIAN_POINT ( 'NONE',  ( 1.250000000000000200, 11.31370849898475900, -2.024999999999999900 ) ) ;
#1801 = AXIS2_PLACEMENT_3D ( 'NONE', #1776, #1803, #3460 ) ;
#1802 = DIRECTION ( 'NONE',  ( 1.000000000000000000, -0.0000000000000000000, -0.0000000000000000000 ) ) ;
#1803 = DIRECTION ( 'NONE',  ( 1.000000000000000000, -0.0000000000000000000, -0.0000000000000000000 ) ) ;
#1804 = EDGE_LOOP ( 'NONE', ( #349, #5482 ) ) ;
#1805 = ORIENTED_EDGE ( 'NONE', *, *, #3500, .F. ) ;
#1806 = CARTESIAN_POINT ( 'NONE',  ( 6.750000000000000900, 64.00000000000000000, -15.99999999999999600 ) ) ;
#1807 = ORIENTED_EDGE ( 'NONE', *, *, #439, .T. ) ;
#1808 = AXIS2_PLACEMENT_3D ( 'NONE', #3277, #4613, #2066 ) ;
#1809 = CARTESIAN_POINT ( 'NONE',  ( -1.249999999999999800, 54.56810876809724000, 9.431891231902756800 ) ) ;
#1810 = EDGE_CURVE ( 'NONE', #4740, #4387, #1619, .T. ) ;
#1811 = CARTESIAN_POINT ( 'NONE',  ( -46.75000000000000000, 49.43189123190308000, 49.43189123190272500 ) ) ;
#1812 = VERTEX_POINT ( 'NONE', #456 ) ;
#1813 = EDGE_LOOP ( 'NONE', ( #3877, #4166, #1180, #2858, #2172 ) ) ;
#1814 = CARTESIAN_POINT ( 'NONE',  ( -1.249999999999999800, 46.56810876809755900, 49.43189123190279600 ) ) ;
#1815 = DIRECTION ( 'NONE',  ( 0.0000000000000000000, 0.7071067811865436900, 0.7071067811865513500 ) ) ;
#1816 = FACE_BOUND ( 'NONE', #3442, .T. ) ;
#1817 = CARTESIAN_POINT ( 'NONE',  ( 8.774999999999998600, 16.00000000000000700, -13.50000000000000200 ) ) ;
#1818 = EDGE_CURVE ( 'NONE', #2244, #5138, #2223, .T. ) ;
#1819 = LINE ( 'NONE', #5233, #2687 ) ;
#1820 = EDGE_CURVE ( 'NONE', #3820, #5403, #549, .T. ) ;
#1821 = VERTEX_POINT ( 'NONE', #1895 ) ;
#1822 = ADVANCED_FACE ( 'NONE', ( #2491 ), #2764, .F. ) ;
#1823 = ORIENTED_EDGE ( 'NONE', *, *, #4129, .F. ) ;
#1824 = PLANE ( 'NONE',  #5444 ) ;
#1825 = DIRECTION ( 'NONE',  ( 1.000000000000000000, 0.0000000000000000000, 0.0000000000000000000 ) ) ;
#1826 = CIRCLE ( 'NONE', #1663, 2.024999999999998100 ) ;
#1827 = CARTESIAN_POINT ( 'NONE',  ( 6.749999999999990200, 8.000000000000007100, 13.50000000000000000 ) ) ;
#1828 = EDGE_CURVE ( 'NONE', #1543, #3648, #4688, .T. ) ;
#1829 = ADVANCED_FACE ( 'NONE', ( #207 ), #3882, .F. ) ;
#1830 = DIRECTION ( 'NONE',  ( -1.000000000000000000, -0.0000000000000000000, -0.0000000000000000000 ) ) ;
#1831 = DIRECTION ( 'NONE',  ( 3.652049423109066300E-016, 0.0000000000000000000, -1.000000000000000000 ) ) ;
#1832 = FACE_OUTER_BOUND ( 'NONE', #2131, .T. ) ;
#1833 = DIRECTION ( 'NONE',  ( 0.0000000000000000000, -0.7071067811865513500, 0.7071067811865436900 ) ) ;
#1834 = AXIS2_PLACEMENT_3D ( 'NONE', #5107, #3394, #3426 ) ;
#1835 = LINE ( 'NONE', #684, #3097 ) ;
#1836 = CARTESIAN_POINT ( 'NONE',  ( 6.749999999999989300, 32.00000000000000700, 16.00000000000000400 ) ) ;
#1837 = CIRCLE ( 'NONE', #206, 2.024999999999998100 ) ;
#1838 = DIRECTION ( 'NONE',  ( 1.000000000000000000, -0.0000000000000000000, -0.0000000000000000000 ) ) ;
#1839 = VECTOR ( 'NONE', #2640, 1000.000000000000000 ) ;
#1840 = ORIENTED_EDGE ( 'NONE', *, *, #1275, .F. ) ;
#1841 = VECTOR ( 'NONE', #5041, 1000.000000000000100 ) ;
#1842 = AXIS2_PLACEMENT_3D ( 'NONE', #1852, #3132, #3111 ) ;
#1843 = EDGE_CURVE ( 'NONE', #4945, #2848, #3570, .T. ) ;
#1844 = CARTESIAN_POINT ( 'NONE',  ( 4.724999999999991700, 16.00000000000000700, 16.00000000000000400 ) ) ;
#1845 = VECTOR ( 'NONE', #1069, 999.9999999999998900 ) ;
#1846 = DIRECTION ( 'NONE',  ( 1.000000000000000000, -0.0000000000000000000, -0.0000000000000000000 ) ) ;
#1847 = CARTESIAN_POINT ( 'NONE',  ( 4.724999999999991700, 40.00000000000000700, 16.00000000000000400 ) ) ;
#1848 = ORIENTED_EDGE ( 'NONE', *, *, #2614, .T. ) ;
#1849 = LINE ( 'NONE', #1006, #5040 ) ;
#1850 = FACE_OUTER_BOUND ( 'NONE', #2823, .T. ) ;
#1851 = VECTOR ( 'NONE', #4094, 1000.000000000000000 ) ;
#1852 = CARTESIAN_POINT ( 'NONE',  ( 6.749999999999989300, 64.00000000000000000, 16.00000000000000400 ) ) ;
#1853 = EDGE_CURVE ( 'NONE', #1213, #5464, #4485, .T. ) ;
#1854 = CARTESIAN_POINT ( 'NONE',  ( -1.250000000000001100, 9.431891231902765700, 6.568108768097240500 ) ) ;
#1855 = VERTEX_POINT ( 'NONE', #3449 ) ;
#1856 = ORIENTED_EDGE ( 'NONE', *, *, #3464, .F. ) ;
#1857 = CARTESIAN_POINT ( 'NONE',  ( 8.774999999999998600, 72.00000000000001400, -15.99999999999999600 ) ) ;
#1858 = CYLINDRICAL_SURFACE ( 'NONE', #1399, 2.024999999999998100 ) ;
#1859 = DIRECTION ( 'NONE',  ( 0.0000000000000000000, 0.0000000000000000000, -1.000000000000000000 ) ) ;
#1860 = VERTEX_POINT ( 'NONE', #2747 ) ;
#1861 = ORIENTED_EDGE ( 'NONE', *, *, #3966, .F. ) ;
#1862 = VECTOR ( 'NONE', #3708, 1000.000000000000000 ) ;
#1863 = ORIENTED_EDGE ( 'NONE', *, *, #3161, .F. ) ;
#1864 = CARTESIAN_POINT ( 'NONE',  ( 4.725000000000001400, 24.00000000000000700, -13.50000000000000200 ) ) ;
#1865 = EDGE_CURVE ( 'NONE', #2708, #1137, #1359, .T. ) ;
#1866 = EDGE_LOOP ( 'NONE', ( #2879, #169 ) ) ;
#1867 = CARTESIAN_POINT ( 'NONE',  ( 6.749999999999989300, 8.000000000000007100, 16.00000000000000400 ) ) ;
#1868 = CARTESIAN_POINT ( 'NONE',  ( 1.250000000000000200, 7.053390142335809200, 9.917172606141322800 ) ) ;
#1869 = VERTEX_POINT ( 'NONE', #3265 ) ;
#1870 = ORIENTED_EDGE ( 'NONE', *, *, #1843, .T. ) ;
#1871 = DIRECTION ( 'NONE',  ( 1.000000000000000000, 0.0000000000000000000, 1.826024711554532900E-016 ) ) ;
#1872 = ORIENTED_EDGE ( 'NONE', *, *, #2614, .F. ) ;
#1873 = DIRECTION ( 'NONE',  ( 3.652049423109066300E-016, -0.0000000000000000000, -1.000000000000000000 ) ) ;
#1874 = DIRECTION ( 'NONE',  ( 3.652049423109066300E-016, 0.0000000000000000000, -1.000000000000000000 ) ) ;
#1875 = CARTESIAN_POINT ( 'NONE',  ( -1.249999999999999800, 72.00000000000001400, 0.0000000000000000000 ) ) ;
#1876 = ORIENTED_EDGE ( 'NONE', *, *, #138, .T. ) ;
#1877 = ORIENTED_EDGE ( 'NONE', *, *, #2385, .F. ) ;
#1878 = AXIS2_PLACEMENT_3D ( 'NONE', #5023, #2464, #3347 ) ;
#1879 = CARTESIAN_POINT ( 'NONE',  ( 1.250000000000000200, 40.00000000000000000, 8.000000000000000000 ) ) ;
#1880 = ADVANCED_FACE ( 'NONE', ( #1969 ), #815, .F. ) ;
#1881 = PLANE ( 'NONE',  #536 ) ;
#1882 = CYLINDRICAL_SURFACE ( 'NONE', #3563, 2.024999999999998100 ) ;
#1883 = VERTEX_POINT ( 'NONE', #2336 ) ;
#1884 = ORIENTED_EDGE ( 'NONE', *, *, #1268, .F. ) ;
#1885 = LINE ( 'NONE', #1220, #3085 ) ;
#1886 = CARTESIAN_POINT ( 'NONE',  ( -1.249999999999999800, 72.00000000000001400, 0.0000000000000000000 ) ) ;
#1887 = AXIS2_PLACEMENT_3D ( 'NONE', #4904, #3626, #1504 ) ;
#1888 = EDGE_LOOP ( 'NONE', ( #2057, #4644, #155, #1348 ) ) ;
#1889 = EDGE_CURVE ( 'NONE', #783, #4122, #4960, .T. ) ;
#1890 = ADVANCED_FACE ( 'NONE', ( #1832 ), #4281, .F. ) ;
#1891 = EDGE_CURVE ( 'NONE', #518, #5328, #3897, .T. ) ;
#1892 = FACE_BOUND ( 'NONE', #2252, .T. ) ;
#1893 = CARTESIAN_POINT ( 'NONE',  ( 1.250000000000000200, 39.51471862576143200, 8.485281374238569500 ) ) ;
#1894 = ORIENTED_EDGE ( 'NONE', *, *, #5219, .F. ) ;
#1895 = CARTESIAN_POINT ( 'NONE',  ( 1.250000000000000200, 81.91717260614132100, 7.053390142335818100 ) ) ;
#1896 = DIRECTION ( 'NONE',  ( 1.000000000000000000, -0.0000000000000000000, -0.0000000000000000000 ) ) ;
#1897 = CIRCLE ( 'NONE', #1086, 2.024999999999990100 ) ;
#1898 = DIRECTION ( 'NONE',  ( 1.000000000000000000, 0.0000000000000000000, 0.0000000000000000000 ) ) ;
#1899 = LINE ( 'NONE', #3764, #204 ) ;
#1900 = DIRECTION ( 'NONE',  ( 3.652049423109066300E-016, -0.0000000000000000000, -1.000000000000000000 ) ) ;
#1901 = DIRECTION ( 'NONE',  ( 3.652049423109066300E-016, 0.0000000000000000000, -1.000000000000000000 ) ) ;
#1902 = EDGE_CURVE ( 'NONE', #5225, #794, #3288, .T. ) ;
#1903 = ADVANCED_FACE ( 'NONE', ( #2894 ), #1754, .F. ) ;
#1904 = CYLINDRICAL_SURFACE ( 'NONE', #1589, 2.024999999999998100 ) ;
#1905 = DIRECTION ( 'NONE',  ( 3.652049423109066300E-016, 0.0000000000000000000, -1.000000000000000000 ) ) ;
#1906 = DIRECTION ( 'NONE',  ( 1.000000000000000000, -0.0000000000000000000, 0.0000000000000000000 ) ) ;
#1907 = DIRECTION ( 'NONE',  ( 1.826024711554532900E-016, -0.0000000000000000000, 1.000000000000000000 ) ) ;
#1908 = DIRECTION ( 'NONE',  ( 0.0000000000000000000, 0.0000000000000000000, -1.000000000000000000 ) ) ;
#1909 = AXIS2_PLACEMENT_3D ( 'NONE', #1080, #3686, #3699 ) ;
#1910 = ORIENTED_EDGE ( 'NONE', *, *, #75, .F. ) ;
#1911 = ORIENTED_EDGE ( 'NONE', *, *, #2271, .T. ) ;
#1912 = DIRECTION ( 'NONE',  ( -1.387778780781447500E-015, 0.0000000000000000000, 1.000000000000000000 ) ) ;
#1913 = ADVANCED_FACE ( 'NONE', ( #611 ), #4825, .F. ) ;
#1914 = CYLINDRICAL_SURFACE ( 'NONE', #4333, 2.025000000000006100 ) ;
#1915 = DIRECTION ( 'NONE',  ( 1.000000000000000000, -0.0000000000000000000, 0.0000000000000000000 ) ) ;
#1916 = DIRECTION ( 'NONE',  ( 0.0000000000000000000, 0.7071067811865469100, 0.7071067811865482400 ) ) ;
#1917 = AXIS2_PLACEMENT_3D ( 'NONE', #4334, #105, #525 ) ;
#1918 = EDGE_CURVE ( 'NONE', #3397, #191, #5033, .T. ) ;
#1919 = ORIENTED_EDGE ( 'NONE', *, *, #2844, .F. ) ;
#1920 = VERTEX_POINT ( 'NONE', #3629 ) ;
#1921 = CIRCLE ( 'NONE', #2059, 2.024999999999998100 ) ;
#1922 = CARTESIAN_POINT ( 'NONE',  ( -1.250000000000001100, 8.000000000000000000, 7.999999999999996400 ) ) ;
#1923 = FACE_OUTER_BOUND ( 'NONE', #3000, .T. ) ;
#1924 = EDGE_CURVE ( 'NONE', #4788, #1724, #1616, .T. ) ;
#1925 = DIRECTION ( 'NONE',  ( 1.000000000000000000, -0.0000000000000000000, -0.0000000000000000000 ) ) ;
#1926 = ORIENTED_EDGE ( 'NONE', *, *, #338, .T. ) ;
#1927 = EDGE_LOOP ( 'NONE', ( #4976, #5051, #1985, #2318 ) ) ;
#1928 = ORIENTED_EDGE ( 'NONE', *, *, #4763, .T. ) ;
#1929 = FACE_BOUND ( 'NONE', #4227, .T. ) ;
#1930 = CC_DESIGN_DATE_AND_TIME_ASSIGNMENT ( #852, #1758, ( #2606 ) ) ;
#1931 = DIRECTION ( 'NONE',  ( -1.000000000000000000, 0.0000000000000000000, 0.0000000000000000000 ) ) ;
#1932 = CARTESIAN_POINT ( 'NONE',  ( 1.250000000000000200, 38.08282739385867200, 7.053390142335810100 ) ) ;
#1933 = EDGE_CURVE ( 'NONE', #3864, #4101, #1547, .T. ) ;
#1934 = CIRCLE ( 'NONE', #5406, 2.024999999999997200 ) ;
#1935 = ORIENTED_EDGE ( 'NONE', *, *, #2539, .T. ) ;
#1936 = ORIENTED_EDGE ( 'NONE', *, *, #1026, .T. ) ;
#1937 = CARTESIAN_POINT ( 'NONE',  ( 8.774999999999987900, 8.000000000000007100, 16.00000000000000400 ) ) ;
#1938 = ORIENTED_EDGE ( 'NONE', *, *, #2027, .T. ) ;
#1939 = DIRECTION ( 'NONE',  ( 1.000000000000000000, -0.0000000000000000000, -0.0000000000000000000 ) ) ;
#1940 = LINE ( 'NONE', #4806, #786 ) ;
#1941 = ORIENTED_EDGE ( 'NONE', *, *, #3353, .F. ) ;
#1942 = ORIENTED_EDGE ( 'NONE', *, *, #1009, .T. ) ;
#1943 = EDGE_CURVE ( 'NONE', #4789, #3981, #5157, .T. ) ;
#1944 = EDGE_LOOP ( 'NONE', ( #3218, #1768, #4580, #1743 ) ) ;
#1945 = ORIENTED_EDGE ( 'NONE', *, *, #3677, .F. ) ;
#1946 = CARTESIAN_POINT ( 'NONE',  ( 6.749999999999989300, 64.00000000000000000, 16.00000000000000400 ) ) ;
#1947 = EDGE_CURVE ( 'NONE', #4429, #3550, #1414, .T. ) ;
#1948 = CARTESIAN_POINT ( 'NONE',  ( 1.250000000000000200, 72.00000000000001400, 0.0000000000000000000 ) ) ;
#1949 = ORIENTED_EDGE ( 'NONE', *, *, #3227, .T. ) ;
#1950 = CARTESIAN_POINT ( 'NONE',  ( -1.249999999999999800, 14.08282739385868400, -7.053390142335805600 ) ) ;
#1951 = DIRECTION ( 'NONE',  ( -1.826024711554532900E-016, 0.0000000000000000000, 1.000000000000000000 ) ) ;
#1952 = ORIENTED_EDGE ( 'NONE', *, *, #4343, .F. ) ;
#1953 = AXIS2_PLACEMENT_3D ( 'NONE', #5240, #4, #2620 ) ;
#1954 = CARTESIAN_POINT ( 'NONE',  ( -1.249999999999999800, 10.56810876809722000, -10.56810876809725700 ) ) ;
#1955 = ORIENTED_EDGE ( 'NONE', *, *, #2189, .T. ) ;
#1956 = LINE ( 'NONE', #3126, #2485 ) ;
#1957 = ORIENTED_EDGE ( 'NONE', *, *, #1303, .T. ) ;
#1958 = CARTESIAN_POINT ( 'NONE',  ( -1.249999999999999800, 83.31370849898475200, 0.0000000000000000000 ) ) ;
#1959 = CARTESIAN_POINT ( 'NONE',  ( -1.249999999999999800, 80.48528137423856800, 8.485281374238569500 ) ) ;
#1960 = CARTESIAN_POINT ( 'NONE',  ( -1.249999999999999800, 57.91717260614134200, -7.053390142335806500 ) ) ;
#1961 = AXIS2_PLACEMENT_3D ( 'NONE', #1270, #4285, #5575 ) ;
#1962 = CARTESIAN_POINT ( 'NONE',  ( -46.75000000000000000, 87.51471862576143200, 8.485281374238576600 ) ) ;
#1963 = EDGE_CURVE ( 'NONE', #4430, #670, #267, .T. ) ;
#1964 = DIRECTION ( 'NONE',  ( 0.0000000000000000000, -0.7071067811865450200, 0.7071067811865500200 ) ) ;
#1965 = CARTESIAN_POINT ( 'NONE',  ( 6.749999999999989300, 56.00000000000000700, 16.00000000000000400 ) ) ;
#1966 = PLANE ( 'NONE',  #2968 ) ;
#1967 = CYLINDRICAL_SURFACE ( 'NONE', #3046, 2.025000000000000800 ) ;
#1968 = DIRECTION ( 'NONE',  ( 0.0000000000000000000, 0.0000000000000000000, -1.000000000000000000 ) ) ;
#1969 = FACE_OUTER_BOUND ( 'NONE', #2605, .T. ) ;
#1970 = VECTOR ( 'NONE', #1064, 1000.000000000000000 ) ;
#1971 = EDGE_CURVE ( 'NONE', #4430, #3755, #1144, .T. ) ;
#1972 = DIRECTION ( 'NONE',  ( 3.652049423109066300E-016, -0.0000000000000000000, -1.000000000000000000 ) ) ;
#1973 = LINE ( 'NONE', #4513, #821 ) ;
#1974 = FACE_BOUND ( 'NONE', #301, .T. ) ;
#1975 = DIRECTION ( 'NONE',  ( 0.0000000000000000000, 0.0000000000000000000, -1.000000000000000000 ) ) ;
#1976 = EDGE_LOOP ( 'NONE', ( #5056, #2354, #645, #1781 ) ) ;
#1977 = CARTESIAN_POINT ( 'NONE',  ( 4.725000000000001400, 16.00000000000000700, -13.50000000000000200 ) ) ;
#1978 = FACE_OUTER_BOUND ( 'NONE', #1888, .T. ) ;
#1979 = DIRECTION ( 'NONE',  ( 0.0000000000000000000, 0.0000000000000000000, -1.000000000000000000 ) ) ;
#1980 = CIRCLE ( 'NONE', #2049, 6.999999999999999100 ) ;
#1981 = EDGE_LOOP ( 'NONE', ( #2060, #5372, #588, #4381 ) ) ;
#1982 = ORIENTED_EDGE ( 'NONE', *, *, #1843, .F. ) ;
#1983 = AXIS2_PLACEMENT_3D ( 'NONE', #5457, #329, #2093 ) ;
#1984 = CYLINDRICAL_SURFACE ( 'NONE', #1842, 2.024999999999998100 ) ;
#1985 = ORIENTED_EDGE ( 'NONE', *, *, #4037, .F. ) ;
#1986 = VERTEX_POINT ( 'NONE', #345 ) ;
#1987 = DIRECTION ( 'NONE',  ( 0.0000000000000000000, 0.7071067811865463500, 0.7071067811865487900 ) ) ;
#1988 = VECTOR ( 'NONE', #1492, 1000.000000000000000 ) ;
#1989 = AXIS2_PLACEMENT_3D ( 'NONE', #296, #3345, #770 ) ;
#1990 = CYLINDRICAL_SURFACE ( 'NONE', #18, 6.999999999999999100 ) ;
#1991 = VERTEX_POINT ( 'NONE', #3784 ) ;
#1992 = ORIENTED_EDGE ( 'NONE', *, *, #3285, .T. ) ;
#1993 = VERTEX_POINT ( 'NONE', #5485 ) ;
#1994 = DIRECTION ( 'NONE',  ( 0.0000000000000000000, 0.7071067811865482400, -0.7071067811865469100 ) ) ;
#1995 = EDGE_CURVE ( 'NONE', #449, #2951, #5017, .T. ) ;
#1996 = LINE ( 'NONE', #1219, #2116 ) ;
#1997 = DIRECTION ( 'NONE',  ( 1.000000000000000000, -0.0000000000000000000, 0.0000000000000000000 ) ) ;
#1998 = CIRCLE ( 'NONE', #1512, 2.024999999999998100 ) ;
#1999 = ORIENTED_EDGE ( 'NONE', *, *, #1647, .T. ) ;
#2000 = CARTESIAN_POINT ( 'NONE',  ( -1.249999999999999800, 41.43189123190276700, -9.431891231902755000 ) ) ;
#2001 = ORIENTED_EDGE ( 'NONE', *, *, #2824, .F. ) ;
#2002 = DIRECTION ( 'NONE',  ( 0.0000000000000000000, 0.7071067811865501300, 0.7071067811865450200 ) ) ;
#2003 = DIRECTION ( 'NONE',  ( -1.000000000000000000, 0.0000000000000000000, 0.0000000000000000000 ) ) ;
#2004 = VECTOR ( 'NONE', #1259, 1000.000000000000000 ) ;
#2005 = ORIENTED_EDGE ( 'NONE', *, *, #1889, .F. ) ;
#2006 = ORIENTED_EDGE ( 'NONE', *, *, #1088, .T. ) ;
#2007 = AXIS2_PLACEMENT_3D ( 'NONE', #688, #5413, #4506 ) ;
#2008 = PERSON_AND_ORGANIZATION ( #1208, #3327 ) ;
#2009 = DIRECTION ( 'NONE',  ( 1.000000000000000000, -0.0000000000000000000, 0.0000000000000000000 ) ) ;
#2010 = ORIENTED_EDGE ( 'NONE', *, *, #3057, .T. ) ;
#2011 = EDGE_CURVE ( 'NONE', #3980, #1032, #1467, .T. ) ;
#2012 = ORIENTED_EDGE ( 'NONE', *, *, #2035, .F. ) ;
#2013 = CARTESIAN_POINT ( 'NONE',  ( 1.250000000000000200, 12.68629150101524100, 0.0000000000000000000 ) ) ;
#2014 = AXIS2_PLACEMENT_3D ( 'NONE', #3421, #4238, #387 ) ;
#2015 = CARTESIAN_POINT ( 'NONE',  ( 8.774999999999987900, 48.00000000000000700, 16.00000000000000400 ) ) ;
#2016 = CARTESIAN_POINT ( 'NONE',  ( 1.250000000000000200, 16.00000000000000000, 8.000000000000000000 ) ) ;
#2017 = CARTESIAN_POINT ( 'NONE',  ( 4.724999999999991700, 88.00000000000002800, 16.00000000000000400 ) ) ;
#2018 = ORIENTED_EDGE ( 'NONE', *, *, #4964, .F. ) ;
#2019 = DIRECTION ( 'NONE',  ( -1.000000000000000000, 0.0000000000000000000, 0.0000000000000000000 ) ) ;
#2020 = AXIS2_PLACEMENT_3D ( 'NONE', #457, #3450, #32 ) ;
#2021 = VERTEX_POINT ( 'NONE', #743 ) ;
#2022 = CARTESIAN_POINT ( 'NONE',  ( 1.250000000000000200, 56.48528137423856100, 8.485281374238569500 ) ) ;
#2023 = DIRECTION ( 'NONE',  ( 1.000000000000000000, -0.0000000000000000000, -0.0000000000000000000 ) ) ;
#2024 = CARTESIAN_POINT ( 'NONE',  ( -1.250000000000001100, 9.917172606141329900, -7.053390142335807400 ) ) ;
#2025 = DIRECTION ( 'NONE',  ( 0.0000000000000000000, 0.0000000000000000000, -1.000000000000000000 ) ) ;
#2026 = DIRECTION ( 'NONE',  ( 3.652049423109066300E-016, -0.0000000000000000000, -1.000000000000000000 ) ) ;
#2027 = EDGE_CURVE ( 'NONE', #2388, #2730, #3957, .T. ) ;
#2028 = AXIS2_PLACEMENT_3D ( 'NONE', #4677, #394, #380 ) ;
#2029 = VECTOR ( 'NONE', #5519, 1000.000000000000000 ) ;
#2030 = CARTESIAN_POINT ( 'NONE',  ( 8.774999999999998600, 16.00000000000000700, -15.99999999999999600 ) ) ;
#2031 = CARTESIAN_POINT ( 'NONE',  ( 8.774999999999998600, 40.00000000000000700, -13.50000000000000200 ) ) ;
#2032 = CYLINDRICAL_SURFACE ( 'NONE', #4099, 2.024999999999999900 ) ;
#2033 = EDGE_CURVE ( 'NONE', #317, #3459, #1885, .T. ) ;
#2034 = VECTOR ( 'NONE', #4793, 1000.000000000000000 ) ;
#2035 = EDGE_CURVE ( 'NONE', #720, #1993, #4463, .T. ) ;
#2036 = DIRECTION ( 'NONE',  ( -0.0000000000000000000, -1.000000000000000000, -0.0000000000000000000 ) ) ;
#2037 = ORIENTED_EDGE ( 'NONE', *, *, #3837, .F. ) ;
#2038 = VERTEX_POINT ( 'NONE', #5467 ) ;
#2039 = CARTESIAN_POINT ( 'NONE',  ( 8.774999999999998600, 8.000000000000007100, -15.99999999999999600 ) ) ;
#2040 = CIRCLE ( 'NONE', #4154, 2.024999999999997200 ) ;
#2041 = FACE_BOUND ( 'NONE', #2927, .T. ) ;
#2042 = DIRECTION ( 'NONE',  ( 3.652049423109066300E-016, -0.0000000000000000000, -1.000000000000000000 ) ) ;
#2043 = CARTESIAN_POINT ( 'NONE',  ( 4.724999999999991700, 8.000000000000007100, 16.00000000000000400 ) ) ;
#2044 = DIRECTION ( 'NONE',  ( 0.0000000000000000000, 0.0000000000000000000, -1.000000000000000000 ) ) ;
#2045 = VERTEX_POINT ( 'NONE', #4978 ) ;
#2046 = ORIENTED_EDGE ( 'NONE', *, *, #4376, .T. ) ;
#2047 = LINE ( 'NONE', #1710, #4169 ) ;
#2048 = ORIENTED_EDGE ( 'NONE', *, *, #5004, .F. ) ;
#2049 = AXIS2_PLACEMENT_3D ( 'NONE', #1948, #1091, #1524 ) ;
#2050 = VERTEX_POINT ( 'NONE', #4601 ) ;
#2051 = CARTESIAN_POINT ( 'NONE',  ( 4.724999999999991700, 80.00000000000001400, 16.00000000000000400 ) ) ;
#2052 = VERTEX_POINT ( 'NONE', #275 ) ;
#2053 = CARTESIAN_POINT ( 'NONE',  ( 6.749999999999990200, 32.00000000000000700, 13.50000000000000000 ) ) ;
#2054 = LINE ( 'NONE', #234, #2922 ) ;
#2055 = ORIENTED_EDGE ( 'NONE', *, *, #362, .T. ) ;
#2056 = CARTESIAN_POINT ( 'NONE',  ( -1.249999999999999800, 55.05339014233580700, -9.917172606141329900 ) ) ;
#2057 = ORIENTED_EDGE ( 'NONE', *, *, #2885, .F. ) ;
#2058 = CLOSED_SHELL ( 'NONE', ( #3504, #2633, #4462, #3893, #446, #148, #4741, #5266, #4441, #581, #1393, #1479, #2204, #2741, #3999, #2643, #3436, #2587, #3471, #3407, #4816, #2695, #4879, #3498, #1913, #877, #3613, #4754, #2242, #4338, #975, #3190, #5546, #4718, #5303, #4031, #28, #62, #1890, #921, #3952, #4271, #1470, #529, #3138, #3920, #4060, #1311, #4331, #5153, #2330, #502, #1880, #1496, #5208, #3866, #3024, #2273, #3594, #399, #1451, #3156, #4686, #5174, #4354, #174, #2263, #5231, #1792, #4781, #137, #491, #4276, #1735, #1279, #1742, #3209, #2182, #2612, #1759, #1702, #2774, #2121, #2572, #1063, #124, #941, #3031, #89, #542, #42, #522, #5183, #4292, #599, #637, #5577, #4667, #4723, #4006, #4380, #2144, #5237, #4416, #4894, #2751, #183, #3524, #5116, #1338, #1028, #2960, #1829, #5288, #826, #98, #3933, #913, #4841, #1366, #2721, #1903, #3961, #1765, #856, #2170, #1004, #5146, #3556, #2667, #3621, #610, #4472, #3899, #5340, #3951, #4243, #4900, #2229, #3540, #3079, #3831, #2547, #466, #3052, #2996, #3529, #5316, #1318, #3175, #474, #2296, #5281, #1822, #2357, #430 ) ) ;
#2059 = AXIS2_PLACEMENT_3D ( 'NONE', #1741, #4715, #2158 ) ;
#2060 = ORIENTED_EDGE ( 'NONE', *, *, #764, .F. ) ;
#2061 = CARTESIAN_POINT ( 'NONE',  ( 1.250000000000000200, 1.431891231902795900, -1.431891231902785400 ) ) ;
#2062 = EDGE_LOOP ( 'NONE', ( #4457, #3332, #4582, #2358 ) ) ;
#2063 = CARTESIAN_POINT ( 'NONE',  ( 8.774999999999987900, 24.00000000000000700, 16.00000000000000400 ) ) ;
#2064 = PERSON_AND_ORGANIZATION ( #1208, #3327 ) ;
#2065 = EDGE_LOOP ( 'NONE', ( #2810, #221, #3438, #5010 ) ) ;
#2066 = DIRECTION ( 'NONE',  ( 0.0000000000000000000, 0.0000000000000000000, -1.000000000000000000 ) ) ;
#2067 = EDGE_LOOP ( 'NONE', ( #928, #5445, #2139, #4631 ) ) ;
#2068 = CARTESIAN_POINT ( 'NONE',  ( 1.250000000000000200, -0.0000000000000000000, 2.024999999999999900 ) ) ;
#2069 = DIRECTION ( 'NONE',  ( 3.652049423109066300E-016, 0.0000000000000000000, -1.000000000000000000 ) ) ;
#2070 = EDGE_CURVE ( 'NONE', #916, #20, #5070, .T. ) ;
#2071 = ORIENTED_EDGE ( 'NONE', *, *, #3469, .T. ) ;
#2072 = AXIS2_PLACEMENT_3D ( 'NONE', #142, #959, #4872 ) ;
#2073 = DIRECTION ( 'NONE',  ( 1.826024711554532900E-016, -0.0000000000000000000, 1.000000000000000000 ) ) ;
#2074 = ORIENTED_EDGE ( 'NONE', *, *, #4867, .F. ) ;
#2075 = DIRECTION ( 'NONE',  ( 1.000000000000000000, -0.0000000000000000000, -0.0000000000000000000 ) ) ;
#2076 = CARTESIAN_POINT ( 'NONE',  ( -1.249999999999999800, 83.31370849898475200, 2.024999999999999900 ) ) ;
#2077 = ORIENTED_EDGE ( 'NONE', *, *, #1947, .F. ) ;
#2078 = ORIENTED_EDGE ( 'NONE', *, *, #4370, .T. ) ;
#2079 = DIRECTION ( 'NONE',  ( 0.0000000000000000000, 0.0000000000000000000, -1.000000000000000000 ) ) ;
#2080 = LINE ( 'NONE', #1465, #2207 ) ;
#2081 = CARTESIAN_POINT ( 'NONE',  ( 6.750000000000000000, 64.00000000000000000, -13.50000000000000200 ) ) ;
#2082 = LINE ( 'NONE', #2056, #2480 ) ;
#2083 = ORIENTED_EDGE ( 'NONE', *, *, #3634, .F. ) ;
#2084 = AXIS2_PLACEMENT_3D ( 'NONE', #4855, #2241, #5230 ) ;
#2085 = AXIS2_PLACEMENT_3D ( 'NONE', #4161, #1154, #3733 ) ;
#2086 = LINE ( 'NONE', #3685, #811 ) ;
#2087 = LINE ( 'NONE', #5466, #133 ) ;
#2088 = DIRECTION ( 'NONE',  ( 0.0000000000000000000, 0.0000000000000000000, -1.000000000000000000 ) ) ;
#2089 = EDGE_CURVE ( 'NONE', #2918, #4053, #5140, .T. ) ;
#2090 = FACE_OUTER_BOUND ( 'NONE', #5480, .T. ) ;
#2091 = CARTESIAN_POINT ( 'NONE',  ( -1.249999999999999800, 30.56810876809724700, 9.431891231902756800 ) ) ;
#2092 = DIRECTION ( 'NONE',  ( 0.0000000000000000000, 0.0000000000000000000, -1.000000000000000000 ) ) ;
#2093 = DIRECTION ( 'NONE',  ( 0.0000000000000000000, 0.0000000000000000000, -1.000000000000000000 ) ) ;
#2094 = CARTESIAN_POINT ( 'NONE',  ( 1.250000000000000200, 36.68629150101524100, 2.024999999999999900 ) ) ;
#2095 = EDGE_CURVE ( 'NONE', #197, #4137, #4529, .T. ) ;
#2096 = FACE_BOUND ( 'NONE', #5139, .T. ) ;
#2097 = CARTESIAN_POINT ( 'NONE',  ( 4.724999999999991700, 16.00000000000000700, 16.00000000000000400 ) ) ;
#2098 = VERTEX_POINT ( 'NONE', #725 ) ;
#2099 = LINE ( 'NONE', #2200, #2233 ) ;
#2100 = CARTESIAN_POINT ( 'NONE',  ( -1.249999999999999800, 10.56810876809746200, 10.56810876809731100 ) ) ;
#2101 = FACE_OUTER_BOUND ( 'NONE', #2983, .T. ) ;
#2102 = EDGE_LOOP ( 'NONE', ( #976, #455, #3672, #3746 ) ) ;
#2103 = ORIENTED_EDGE ( 'NONE', *, *, #1322, .T. ) ;
#2104 = DIRECTION ( 'NONE',  ( 0.0000000000000000000, -0.7071067811865513500, 0.7071067811865436900 ) ) ;
#2105 = EDGE_CURVE ( 'NONE', #1137, #2708, #2926, .T. ) ;
#2106 = LINE ( 'NONE', #3622, #5176 ) ;
#2107 = ORIENTED_EDGE ( 'NONE', *, *, #5420, .T. ) ;
#2108 = ORIENTED_EDGE ( 'NONE', *, *, #1153, .T. ) ;
#2109 = AXIS2_PLACEMENT_3D ( 'NONE', #2931, #351, #2520 ) ;
#2110 = CARTESIAN_POINT ( 'NONE',  ( 4.724999999999991700, 72.00000000000001400, 16.00000000000000400 ) ) ;
#2111 = VECTOR ( 'NONE', #5271, 1000.000000000000000 ) ;
#2112 = APPLICATION_PROTOCOL_DEFINITION ( 'international standard', 'config_control_design', 1994, #3419 ) ;
#2113 = LINE ( 'NONE', #617, #4115 ) ;
#2114 = VERTEX_POINT ( 'NONE', #4562 ) ;
#2115 = ORIENTED_EDGE ( 'NONE', *, *, #1388, .T. ) ;
#2116 = VECTOR ( 'NONE', #2462, 1000.000000000000000 ) ;
#2117 = AXIS2_PLACEMENT_3D ( 'NONE', #1023, #1900, #2329 ) ;
#2118 = EDGE_CURVE ( 'NONE', #2441, #3323, #1520, .T. ) ;
#2119 = ORIENTED_EDGE ( 'NONE', *, *, #5326, .T. ) ;
#2120 = ORIENTED_EDGE ( 'NONE', *, *, #4530, .F. ) ;
#2121 = ADVANCED_FACE ( 'NONE', ( #3795 ), #4384, .F. ) ;
#2122 = DIRECTION ( 'NONE',  ( 0.0000000000000000000, 0.0000000000000000000, -1.000000000000000000 ) ) ;
#2123 = DIRECTION ( 'NONE',  ( 1.000000000000000000, -0.0000000000000000000, -0.0000000000000000000 ) ) ;
#2124 = ORIENTED_EDGE ( 'NONE', *, *, #3576, .T. ) ;
#2125 = ORIENTED_EDGE ( 'NONE', *, *, #33, .F. ) ;
#2126 = EDGE_CURVE ( 'NONE', #248, #2244, #4792, .T. ) ;
#2127 = EDGE_CURVE ( 'NONE', #4510, #666, #2390, .T. ) ;
#2128 = CARTESIAN_POINT ( 'NONE',  ( 4.725000000000001400, 8.000000000000007100, -13.50000000000000200 ) ) ;
#2129 = VECTOR ( 'NONE', #738, 1000.000000000000000 ) ;
#2130 = CARTESIAN_POINT ( 'NONE',  ( 10.75000000000000000, 0.0000000000000000000, -15.99999999999999600 ) ) ;
#2131 = EDGE_LOOP ( 'NONE', ( #1002, #1645, #3023, #5321 ) ) ;
#2132 =( LENGTH_UNIT ( ) NAMED_UNIT ( * ) SI_UNIT ( .MILLI., .METRE. ) );
#2133 = ORIENTED_EDGE ( 'NONE', *, *, #5236, .F. ) ;
#2134 = CARTESIAN_POINT ( 'NONE',  ( 8.774999999999998600, 56.00000000000000700, -15.99999999999999600 ) ) ;
#2135 = EDGE_LOOP ( 'NONE', ( #3011, #842, #13, #2181, #5273 ) ) ;
#2136 = ORIENTED_EDGE ( 'NONE', *, *, #4088, .F. ) ;
#2137 = EDGE_CURVE ( 'NONE', #3850, #3066, #2668, .T. ) ;
#2138 = CARTESIAN_POINT ( 'NONE',  ( -1.249999999999999800, 61.43189123190261800, 13.43189123190273400 ) ) ;
#2139 = ORIENTED_EDGE ( 'NONE', *, *, #3464, .T. ) ;
#2140 = DIRECTION ( 'NONE',  ( 0.0000000000000000000, 0.0000000000000000000, 1.000000000000000000 ) ) ;
#2141 = FACE_BOUND ( 'NONE', #4646, .T. ) ;
#2142 = DIRECTION ( 'NONE',  ( 0.0000000000000000000, 0.0000000000000000000, -1.000000000000000000 ) ) ;
#2143 = ORIENTED_EDGE ( 'NONE', *, *, #4552, .T. ) ;
#2144 = ADVANCED_FACE ( 'NONE', ( #2455 ), #5267, .F. ) ;
#2145 = FACE_OUTER_BOUND ( 'NONE', #702, .T. ) ;
#2146 = AXIS2_PLACEMENT_3D ( 'NONE', #845, #5499, #2944 ) ;
#2147 = CARTESIAN_POINT ( 'NONE',  ( -1.250000000000001100, 9.431891231902763900, -6.568108768097239600 ) ) ;
#2148 = CARTESIAN_POINT ( 'NONE',  ( -1.249999999999999800, 31.99999999999999300, 5.975000000000009400 ) ) ;
#2149 = CARTESIAN_POINT ( 'NONE',  ( 8.774999999999987900, 32.00000000000000700, 16.00000000000000400 ) ) ;
#2150 = VECTOR ( 'NONE', #3750, 1000.000000000000000 ) ;
#2151 = AXIS2_PLACEMENT_3D ( 'NONE', #3735, #5001, #2404 ) ;
#2152 = CARTESIAN_POINT ( 'NONE',  ( -1.249999999999999800, 63.51471862576143900, -10.51028137423856600 ) ) ;
#2153 = CARTESIAN_POINT ( 'NONE',  ( 1.250000000000000200, 17.43189123190276700, -9.431891231902755000 ) ) ;
#2154 = CARTESIAN_POINT ( 'NONE',  ( -1.249999999999999800, 79.05339014233581500, -9.917172606141329900 ) ) ;
#2155 = EDGE_CURVE ( 'NONE', #116, #2848, #3736, .T. ) ;
#2156 = VECTOR ( 'NONE', #2659, 1000.000000000000000 ) ;
#2157 = EDGE_CURVE ( 'NONE', #3250, #2665, #109, .T. ) ;
#2158 = DIRECTION ( 'NONE',  ( -1.000000000000000000, 0.0000000000000000000, 0.0000000000000000000 ) ) ;
#2159 = VECTOR ( 'NONE', #3201, 1000.000000000000000 ) ;
#2160 = ORIENTED_EDGE ( 'NONE', *, *, #5492, .F. ) ;
#2161 = ORIENTED_EDGE ( 'NONE', *, *, #1556, .T. ) ;
#2162 = CYLINDRICAL_SURFACE ( 'NONE', #3989, 2.024999999999998100 ) ;
#2163 = VECTOR ( 'NONE', #3492, 1000.000000000000000 ) ;
#2164 = DIRECTION ( 'NONE',  ( 1.000000000000000000, -0.0000000000000000000, 0.0000000000000000000 ) ) ;
#2165 = AXIS2_PLACEMENT_3D ( 'NONE', #4769, #2216, #3868 ) ;
#2166 = ORIENTED_EDGE ( 'NONE', *, *, #2742, .F. ) ;
#2167 = DIRECTION ( 'NONE',  ( 1.000000000000000000, 0.0000000000000000000, 0.0000000000000000000 ) ) ;
#2168 = EDGE_LOOP ( 'NONE', ( #85, #1941, #678, #1146 ) ) ;
#2169 = CIRCLE ( 'NONE', #929, 2.024999999999999000 ) ;
#2170 = ADVANCED_FACE ( 'NONE', ( #2603 ), #4860, .F. ) ;
#2171 = DIRECTION ( 'NONE',  ( 0.0000000000000000000, -0.7071067811865513500, 0.7071067811865436900 ) ) ;
#2172 = ORIENTED_EDGE ( 'NONE', *, *, #710, .F. ) ;
#2173 = CARTESIAN_POINT ( 'NONE',  ( -1.249999999999999800, 48.00000000000000000, -2.024999999999999900 ) ) ;
#2174 = EDGE_CURVE ( 'NONE', #1336, #1070, #36, .T. ) ;
#2175 = VERTEX_POINT ( 'NONE', #1276 ) ;
#2176 = ORIENTED_EDGE ( 'NONE', *, *, #1354, .T. ) ;
#2177 = CARTESIAN_POINT ( 'NONE',  ( -1.249999999999999800, 79.99999999999998600, 8.000000000000000000 ) ) ;
#2178 = FACE_BOUND ( 'NONE', #3813, .T. ) ;
#2179 = FACE_BOUND ( 'NONE', #427, .T. ) ;
#2180 = ORIENTED_EDGE ( 'NONE', *, *, #524, .T. ) ;
#2181 = ORIENTED_EDGE ( 'NONE', *, *, #1693, .F. ) ;
#2182 = ADVANCED_FACE ( 'NONE', ( #1578 ), #3406, .F. ) ;
#2183 = EDGE_LOOP ( 'NONE', ( #4104, #4537 ) ) ;
#2184 = PERSON_AND_ORGANIZATION_ROLE ( 'design_supplier' ) ;
#2185 = ORIENTED_EDGE ( 'NONE', *, *, #3548, .T. ) ;
#2186 = ORIENTED_EDGE ( 'NONE', *, *, #2033, .T. ) ;
#2187 = DIRECTION ( 'NONE',  ( 3.652049423109066300E-016, -0.0000000000000000000, -1.000000000000000000 ) ) ;
#2188 = AXIS2_PLACEMENT_3D ( 'NONE', #539, #969, #4315 ) ;
#2189 = EDGE_CURVE ( 'NONE', #2537, #2592, #3726, .T. ) ;
#2190 = CARTESIAN_POINT ( 'NONE',  ( 1.250000000000000200, 40.00000000000000000, 5.974999999999997900 ) ) ;
#2191 = CIRCLE ( 'NONE', #5167, 2.024999999999997200 ) ;
#2192 = EDGE_CURVE ( 'NONE', #498, #4055, #1444, .T. ) ;
#2193 = VERTEX_POINT ( 'NONE', #2210 ) ;
#2194 = DIRECTION ( 'NONE',  ( 1.000000000000000000, -0.0000000000000000000, -0.0000000000000000000 ) ) ;
#2195 = VERTEX_POINT ( 'NONE', #2190 ) ;
#2196 = DIRECTION ( 'NONE',  ( 0.0000000000000000000, -0.7071067811865444600, -0.7071067811865505700 ) ) ;
#2197 = CARTESIAN_POINT ( 'NONE',  ( -1.250000000000001100, 88.00000000000001400, -7.999999999999983100 ) ) ;
#2198 = AXIS2_PLACEMENT_3D ( 'NONE', #2847, #2362, #2827 ) ;
#2199 = EDGE_LOOP ( 'NONE', ( #4112, #59 ) ) ;
#2200 = CARTESIAN_POINT ( 'NONE',  ( -1.249999999999999800, 64.94660985766420000, -9.917172606141322800 ) ) ;
#2201 = EDGE_CURVE ( 'NONE', #531, #2325, #3870, .T. ) ;
#2202 = ORIENTED_EDGE ( 'NONE', *, *, #1902, .F. ) ;
#2203 = CYLINDRICAL_SURFACE ( 'NONE', #347, 2.024999999999998100 ) ;
#2204 = ADVANCED_FACE ( 'NONE', ( #2465 ), #5126, .F. ) ;
#2205 = ORIENTED_EDGE ( 'NONE', *, *, #5533, .F. ) ;
#2206 = CARTESIAN_POINT ( 'NONE',  ( 1.250000000000000200, 96.00000000000000000, 0.0000000000000000000 ) ) ;
#2207 = VECTOR ( 'NONE', #4468, 1000.000000000000000 ) ;
#2208 = DIRECTION ( 'NONE',  ( 0.0000000000000000000, 0.0000000000000000000, -1.000000000000000000 ) ) ;
#2209 = FACE_BOUND ( 'NONE', #1452, .T. ) ;
#2210 = CARTESIAN_POINT ( 'NONE',  ( 1.250000000000000200, 14.56810876809725000, -6.568108768097241400 ) ) ;
#2211 = ORIENTED_EDGE ( 'NONE', *, *, #3172, .T. ) ;
#2212 = EDGE_CURVE ( 'NONE', #4000, #189, #5327, .T. ) ;
#2213 = FACE_OUTER_BOUND ( 'NONE', #2168, .T. ) ;
#2214 = DIRECTION ( 'NONE',  ( 1.000000000000000000, -0.0000000000000000000, -0.0000000000000000000 ) ) ;
#2215 = FACE_OUTER_BOUND ( 'NONE', #1664, .T. ) ;
#2216 = DIRECTION ( 'NONE',  ( 3.652049423109066300E-016, -0.0000000000000000000, -1.000000000000000000 ) ) ;
#2217 = DIRECTION ( 'NONE',  ( -1.000000000000000000, 0.0000000000000000000, 0.0000000000000000000 ) ) ;
#2218 = VERTEX_POINT ( 'NONE', #1809 ) ;
#2219 = EDGE_CURVE ( 'NONE', #2665, #1122, #1656, .T. ) ;
#2220 = CARTESIAN_POINT ( 'NONE',  ( -1.249999999999999800, 33.91717260614134200, -7.053390142335806500 ) ) ;
#2221 = VECTOR ( 'NONE', #533, 1000.000000000000100 ) ;
#2222 = LINE ( 'NONE', #4114, #2150 ) ;
#2223 = LINE ( 'NONE', #4708, #2427 ) ;
#2224 = EDGE_CURVE ( 'NONE', #2730, #1724, #914, .T. ) ;
#2225 = LINE ( 'NONE', #3614, #1970 ) ;
#2226 = DIRECTION ( 'NONE',  ( -1.000000000000000000, 0.0000000000000000000, 0.0000000000000000000 ) ) ;
#2227 = CIRCLE ( 'NONE', #1045, 2.024999999999997200 ) ;
#2228 = FACE_BOUND ( 'NONE', #4701, .T. ) ;
#2229 = ADVANCED_FACE ( 'NONE', ( #4651 ), #3077, .T. ) ;
#2230 = AXIS2_PLACEMENT_3D ( 'NONE', #4345, #3063, #3926 ) ;
#2231 = DIRECTION ( 'NONE',  ( 1.000000000000000000, -0.0000000000000000000, -0.0000000000000000000 ) ) ;
#2232 = VERTEX_POINT ( 'NONE', #508 ) ;
#2233 = VECTOR ( 'NONE', #3087, 1000.000000000000000 ) ;
#2234 = EDGE_CURVE ( 'NONE', #552, #2258, #1940, .T. ) ;
#2235 = CARTESIAN_POINT ( 'NONE',  ( 1.250000000000000200, 24.00000000000000000, 0.0000000000000000000 ) ) ;
#2236 = DIRECTION ( 'NONE',  ( 0.0000000000000000000, 0.0000000000000000000, -1.000000000000000000 ) ) ;
#2237 = VECTOR ( 'NONE', #4577, 1000.000000000000000 ) ;
#2238 = ORIENTED_EDGE ( 'NONE', *, *, #1971, .F. ) ;
#2239 = ORIENTED_EDGE ( 'NONE', *, *, #86, .T. ) ;
#2240 = DIRECTION ( 'NONE',  ( 0.0000000000000000000, -8.566535683836073200E-016, -1.000000000000000000 ) ) ;
#2241 = DIRECTION ( 'NONE',  ( 1.000000000000000000, -0.0000000000000000000, 0.0000000000000000000 ) ) ;
#2242 = ADVANCED_FACE ( 'NONE', ( #718 ), #5200, .F. ) ;
#2243 = CYLINDRICAL_SURFACE ( 'NONE', #5199, 2.025000000000006100 ) ;
#2244 = VERTEX_POINT ( 'NONE', #580 ) ;
#2245 = EDGE_LOOP ( 'NONE', ( #5545, #3681, #3649, #4127 ) ) ;
#2246 = EDGE_CURVE ( 'NONE', #2021, #79, #1248, .T. ) ;
#2247 = FACE_OUTER_BOUND ( 'NONE', #2403, .T. ) ;
#2248 = DIRECTION ( 'NONE',  ( 0.0000000000000000000, 0.7071067811865505700, -0.7071067811865444600 ) ) ;
#2249 = CARTESIAN_POINT ( 'NONE',  ( 1.250000000000000200, 96.00000000000000000, 0.0000000000000000000 ) ) ;
#2250 = DIRECTION ( 'NONE',  ( 1.000000000000000000, -0.0000000000000000000, -0.0000000000000000000 ) ) ;
#2251 = FACE_OUTER_BOUND ( 'NONE', #726, .T. ) ;
#2252 = EDGE_LOOP ( 'NONE', ( #2517, #3535 ) ) ;
#2253 = ORIENTED_EDGE ( 'NONE', *, *, #3720, .T. ) ;
#2254 = EDGE_LOOP ( 'NONE', ( #212, #4783, #5530, #4321 ) ) ;
#2255 = CYLINDRICAL_SURFACE ( 'NONE', #2945, 6.999999999999999100 ) ;
#2256 = DIRECTION ( 'NONE',  ( -1.000000000000000000, 0.0000000000000000000, 0.0000000000000000000 ) ) ;
#2257 = VECTOR ( 'NONE', #3959, 1000.000000000000000 ) ;
#2258 = VERTEX_POINT ( 'NONE', #1868 ) ;
#2259 = ORIENTED_EDGE ( 'NONE', *, *, #2484, .F. ) ;
#2260 = CALENDAR_DATE ( 2022, 26, 4 ) ;
#2261 = CARTESIAN_POINT ( 'NONE',  ( -1.249999999999999800, 40.94660985766420000, -9.917172606141322800 ) ) ;
#2262 = COORDINATED_UNIVERSAL_TIME_OFFSET ( 6, 0, .BEHIND. ) ;
#2263 = ADVANCED_FACE ( 'NONE', ( #4385, #5535, #4508, #442, #1521, #2179, #2386, #3181, #1184, #2727, #4178, #2789 ), #5325, .F. ) ;
#2264 = ORIENTED_EDGE ( 'NONE', *, *, #2589, .F. ) ;
#2265 = ORIENTED_EDGE ( 'NONE', *, *, #2126, .T. ) ;
#2266 = CARTESIAN_POINT ( 'NONE',  ( 1.250000000000000200, 63.51471862576143900, -8.485281374238566000 ) ) ;
#2267 = CARTESIAN_POINT ( 'NONE',  ( 1.250000000000000200, 84.68629150101523400, 0.0000000000000000000 ) ) ;
#2268 = VERTEX_POINT ( 'NONE', #1461 ) ;
#2269 = AXIS2_PLACEMENT_3D ( 'NONE', #4217, #2615, #1237 ) ;
#2270 = EDGE_LOOP ( 'NONE', ( #3611, #5300 ) ) ;
#2271 = EDGE_CURVE ( 'NONE', #1991, #1821, #166, .T. ) ;
#2272 = CARTESIAN_POINT ( 'NONE',  ( -1.249999999999999800, 64.94660985766418500, 9.917172606141328100 ) ) ;
#2273 = ADVANCED_FACE ( 'NONE', ( #3930 ), #3727, .F. ) ;
#2274 = EDGE_CURVE ( 'NONE', #4863, #5453, #4317, .T. ) ;
#2275 = CARTESIAN_POINT ( 'NONE',  ( -1.250000000000001100, 7.053390142335811900, -9.917172606141324600 ) ) ;
#2276 = ORIENTED_EDGE ( 'NONE', *, *, #1559, .T. ) ;
#2277 = EDGE_LOOP ( 'NONE', ( #4672, #3080, #2160, #1188 ) ) ;
#2278 = CARTESIAN_POINT ( 'NONE',  ( -1.249999999999999800, 0.0000000000000000000, 2.024999999999999900 ) ) ;
#2279 = CARTESIAN_POINT ( 'NONE',  ( 6.749999999999989300, 56.00000000000000700, 16.00000000000000400 ) ) ;
#2280 = DIRECTION ( 'NONE',  ( 0.0000000000000000000, 0.0000000000000000000, 1.000000000000000000 ) ) ;
#2281 = ORIENTED_EDGE ( 'NONE', *, *, #2035, .T. ) ;
#2282 = DIRECTION ( 'NONE',  ( 1.000000000000000000, -0.0000000000000000000, 0.0000000000000000000 ) ) ;
#2283 = FACE_OUTER_BOUND ( 'NONE', #1142, .T. ) ;
#2284 = ORIENTED_EDGE ( 'NONE', *, *, #226, .F. ) ;
#2285 = CARTESIAN_POINT ( 'NONE',  ( -1.249999999999999800, 11.31370849898475900, 0.0000000000000000000 ) ) ;
#2286 = DIRECTION ( 'NONE',  ( -1.000000000000000000, 0.0000000000000000000, 0.0000000000000000000 ) ) ;
#2287 = AXIS2_PLACEMENT_3D ( 'NONE', #2458, #2905, #2887 ) ;
#2288 = EDGE_CURVE ( 'NONE', #2684, #5474, #5054, .T. ) ;
#2289 = CARTESIAN_POINT ( 'NONE',  ( 1.250000000000000200, 14.08282739385867200, 7.053390142335810100 ) ) ;
#2290 = CARTESIAN_POINT ( 'NONE',  ( -1.249999999999999800, 14.08282739385867200, 7.053390142335811000 ) ) ;
#2291 = AXIS2_PLACEMENT_3D ( 'NONE', #2022, #1637, #2483 ) ;
#2292 = FACE_OUTER_BOUND ( 'NONE', #993, .T. ) ;
#2293 = DIRECTION ( 'NONE',  ( 1.000000000000000000, -0.0000000000000000000, -0.0000000000000000000 ) ) ;
#2294 = AXIS2_PLACEMENT_3D ( 'NONE', #5378, #2825, #3692 ) ;
#2295 = AXIS2_PLACEMENT_3D ( 'NONE', #2355, #1939, #1859 ) ;
#2296 = ADVANCED_FACE ( 'NONE', ( #2251 ), #3146, .F. ) ;
#2297 = FACE_BOUND ( 'NONE', #5330, .T. ) ;
#2298 = AXIS2_PLACEMENT_3D ( 'NONE', #4844, #3583, #126 ) ;
#2299 = FACE_OUTER_BOUND ( 'NONE', #1476, .T. ) ;
#2300 = DIRECTION ( 'NONE',  ( -1.000000000000000000, -0.0000000000000000000, -0.0000000000000000000 ) ) ;
#2301 = DIRECTION ( 'NONE',  ( 1.000000000000000000, -0.0000000000000000000, -0.0000000000000000000 ) ) ;
#2302 = AXIS2_PLACEMENT_3D ( 'NONE', #1001, #2280, #3568 ) ;
#2303 = ORIENTED_EDGE ( 'NONE', *, *, #4088, .T. ) ;
#2304 = ORIENTED_EDGE ( 'NONE', *, *, #1101, .F. ) ;
#2305 = LINE ( 'NONE', #3211, #965 ) ;
#2306 = FACE_BOUND ( 'NONE', #3666, .T. ) ;
#2307 = CARTESIAN_POINT ( 'NONE',  ( 1.250000000000000200, 8.485281374238569500, 8.485281374238569500 ) ) ;
#2308 = AXIS2_PLACEMENT_3D ( 'NONE', #1608, #4198, #2044 ) ;
#2309 = DIRECTION ( 'NONE',  ( 0.0000000000000000000, 0.7071067811865450200, -0.7071067811865500200 ) ) ;
#2310 = EDGE_CURVE ( 'NONE', #829, #4527, #1934, .T. ) ;
#2311 = EDGE_CURVE ( 'NONE', #3171, #4447, #3861, .T. ) ;
#2312 = ORIENTED_EDGE ( 'NONE', *, *, #1417, .F. ) ;
#2313 = ORIENTED_EDGE ( 'NONE', *, *, #2452, .T. ) ;
#2314 = CARTESIAN_POINT ( 'NONE',  ( 1.250000000000000200, 57.43189123190274600, 6.568108768097250300 ) ) ;
#2315 = VECTOR ( 'NONE', #1364, 1000.000000000000000 ) ;
#2316 = CYLINDRICAL_SURFACE ( 'NONE', #2514, 2.025000000000002600 ) ;
#2317 = DIRECTION ( 'NONE',  ( -1.000000000000000000, 0.0000000000000000000, 0.0000000000000000000 ) ) ;
#2318 = ORIENTED_EDGE ( 'NONE', *, *, #2155, .F. ) ;
#2319 = DIRECTION ( 'NONE',  ( 1.000000000000000000, -0.0000000000000000000, -0.0000000000000000000 ) ) ;
#2320 = ORIENTED_EDGE ( 'NONE', *, *, #3343, .F. ) ;
#2321 = ORIENTED_EDGE ( 'NONE', *, *, #2212, .T. ) ;
#2322 = EDGE_CURVE ( 'NONE', #2045, #99, #4585, .T. ) ;
#2323 = VECTOR ( 'NONE', #5223, 1000.000000000000000 ) ;
#2324 = VECTOR ( 'NONE', #1925, 1000.000000000000000 ) ;
#2325 = VERTEX_POINT ( 'NONE', #1977 ) ;
#2326 = EDGE_CURVE ( 'NONE', #4607, #5280, #3458, .T. ) ;
#2327 = EDGE_LOOP ( 'NONE', ( #3208, #841, #1109, #1651 ) ) ;
#2328 = ORIENTED_EDGE ( 'NONE', *, *, #2488, .T. ) ;
#2329 = DIRECTION ( 'NONE',  ( -1.000000000000000000, 0.0000000000000000000, 0.0000000000000000000 ) ) ;
#2330 = ADVANCED_FACE ( 'NONE', ( #24 ), #3663, .F. ) ;
#2331 = ORIENTED_EDGE ( 'NONE', *, *, #5456, .T. ) ;
#2332 = DIRECTION ( 'NONE',  ( -1.000000000000000000, 0.0000000000000000000, 0.0000000000000000000 ) ) ;
#2333 = VERTEX_POINT ( 'NONE', #694 ) ;
#2334 = DIRECTION ( 'NONE',  ( 0.0000000000000000000, 0.0000000000000000000, -1.000000000000000000 ) ) ;
#2335 = DIRECTION ( 'NONE',  ( -3.652049423109066300E-016, 0.0000000000000000000, 1.000000000000000000 ) ) ;
#2336 = CARTESIAN_POINT ( 'NONE',  ( -1.250000000000001100, 88.94660985766420000, 9.917172606141326300 ) ) ;
#2337 = CARTESIAN_POINT ( 'NONE',  ( 4.724999999999991700, 24.00000000000000700, 16.00000000000000400 ) ) ;
#2338 = EDGE_LOOP ( 'NONE', ( #5397, #48, #260, #2911 ) ) ;
#2339 = ORIENTED_EDGE ( 'NONE', *, *, #1943, .T. ) ;
#2340 = AXIS2_PLACEMENT_3D ( 'NONE', #2434, #4003, #2361 ) ;
#2341 = EDGE_CURVE ( 'NONE', #2369, #766, #2054, .T. ) ;
#2342 = DIRECTION ( 'NONE',  ( 0.0000000000000000000, 0.0000000000000000000, -1.000000000000000000 ) ) ;
#2343 = AXIS2_PLACEMENT_3D ( 'NONE', #5305, #1905, #1538 ) ;
#2344 = ORIENTED_EDGE ( 'NONE', *, *, #1588, .F. ) ;
#2345 = ORIENTED_EDGE ( 'NONE', *, *, #5286, .F. ) ;
#2346 = CARTESIAN_POINT ( 'NONE',  ( 1.250000000000000200, 24.00000000000000000, 0.0000000000000000000 ) ) ;
#2347 = CARTESIAN_POINT ( 'NONE',  ( 1.250000000000000200, 12.68629150101524100, -2.024999999999999900 ) ) ;
#2348 = AXIS2_PLACEMENT_3D ( 'NONE', #3047, #886, #416 ) ;
#2349 = ORIENTED_EDGE ( 'NONE', *, *, #53, .T. ) ;
#2350 = DIRECTION ( 'NONE',  ( 1.000000000000000000, 0.0000000000000000000, 0.0000000000000000000 ) ) ;
#2351 = DIRECTION ( 'NONE',  ( -0.0000000000000000000, -1.000000000000000000, -0.0000000000000000000 ) ) ;
#2352 = FACE_BOUND ( 'NONE', #973, .T. ) ;
#2353 = PLANE ( 'NONE',  #3441 ) ;
#2354 = ORIENTED_EDGE ( 'NONE', *, *, #3972, .T. ) ;
#2355 = CARTESIAN_POINT ( 'NONE',  ( -1.249999999999999800, 39.51471862576143900, -8.485281374238566000 ) ) ;
#2356 = DIRECTION ( 'NONE',  ( 1.000000000000000000, -0.0000000000000000000, -0.0000000000000000000 ) ) ;
#2357 = ADVANCED_FACE ( 'NONE', ( #4785 ), #4861, .F. ) ;
#2358 = ORIENTED_EDGE ( 'NONE', *, *, #547, .T. ) ;
#2359 = EDGE_CURVE ( 'NONE', #3991, #3075, #908, .T. ) ;
#2360 = VECTOR ( 'NONE', #1077, 1000.000000000000000 ) ;
#2361 = DIRECTION ( 'NONE',  ( 0.0000000000000000000, 0.0000000000000000000, -1.000000000000000000 ) ) ;
#2362 = DIRECTION ( 'NONE',  ( 1.000000000000000000, -0.0000000000000000000, -0.0000000000000000000 ) ) ;
#2363 = FACE_OUTER_BOUND ( 'NONE', #2102, .T. ) ;
#2364 = DIRECTION ( 'NONE',  ( -1.000000000000000000, 0.0000000000000000000, 0.0000000000000000000 ) ) ;
#2365 = AXIS2_PLACEMENT_3D ( 'NONE', #5576, #3016, #444 ) ;
#2366 = VECTOR ( 'NONE', #1358, 1000.000000000000000 ) ;
#2367 = DIRECTION ( 'NONE',  ( 3.652049423109066300E-016, -0.0000000000000000000, -1.000000000000000000 ) ) ;
#2368 = FACE_BOUND ( 'NONE', #245, .T. ) ;
#2369 = VERTEX_POINT ( 'NONE', #2487 ) ;
#2370 = VECTOR ( 'NONE', #2625, 1000.000000000000000 ) ;
#2371 = FACE_OUTER_BOUND ( 'NONE', #47, .T. ) ;
#2372 = DIRECTION ( 'NONE',  ( 0.0000000000000000000, 0.7071067811865469100, 0.7071067811865482400 ) ) ;
#2373 = AXIS2_PLACEMENT_3D ( 'NONE', #3911, #4820, #1370 ) ;
#2374 = ORIENTED_EDGE ( 'NONE', *, *, #1810, .F. ) ;
#2375 = ORIENTED_EDGE ( 'NONE', *, *, #735, .T. ) ;
#2376 = CIRCLE ( 'NONE', #4226, 2.025000000000002600 ) ;
#2377 = FACE_OUTER_BOUND ( 'NONE', #565, .T. ) ;
#2378 = CARTESIAN_POINT ( 'NONE',  ( -46.75000000000000000, 86.56810876809723300, 6.568108768097255600 ) ) ;
#2379 = EDGE_CURVE ( 'NONE', #4607, #2045, #4445, .T. ) ;
#2380 = ORIENTED_EDGE ( 'NONE', *, *, #5042, .T. ) ;
#2381 = DIRECTION ( 'NONE',  ( 1.000000000000000000, -0.0000000000000000000, 0.0000000000000000000 ) ) ;
#2382 = LINE ( 'NONE', #4553, #2658 ) ;
#2383 = DIRECTION ( 'NONE',  ( 1.000000000000000000, -0.0000000000000000000, 0.0000000000000000000 ) ) ;
#2384 = DIRECTION ( 'NONE',  ( 1.000000000000000000, -0.0000000000000000000, -0.0000000000000000000 ) ) ;
#2385 = EDGE_CURVE ( 'NONE', #3399, #3319, #1115, .T. ) ;
#2386 = FACE_BOUND ( 'NONE', #3943, .T. ) ;
#2387 = ORIENTED_EDGE ( 'NONE', *, *, #2224, .T. ) ;
#2388 = VERTEX_POINT ( 'NONE', #2043 ) ;
#2389 = ORIENTED_EDGE ( 'NONE', *, *, #1865, .T. ) ;
#2390 = LINE ( 'NONE', #1686, #4251 ) ;
#2391 = EDGE_LOOP ( 'NONE', ( #4435, #4320, #1629, #2005 ) ) ;
#2392 = ORIENTED_EDGE ( 'NONE', *, *, #4555, .T. ) ;
#2393 = EDGE_CURVE ( 'NONE', #922, #939, #1513, .T. ) ;
#2394 = LOCAL_TIME ( 11, 39, 54.00000000000000000, #2262 ) ;
#2395 = DIRECTION ( 'NONE',  ( 0.0000000000000000000, 0.0000000000000000000, -1.000000000000000000 ) ) ;
#2396 = ORIENTED_EDGE ( 'NONE', *, *, #1828, .F. ) ;
#2397 = DIRECTION ( 'NONE',  ( 1.000000000000000000, -0.0000000000000000000, -0.0000000000000000000 ) ) ;
#2398 = AXIS2_PLACEMENT_3D ( 'NONE', #3610, #4322, #4428 ) ;
#2399 = VECTOR ( 'NONE', #2778, 1000.000000000000000 ) ;
#2400 = CARTESIAN_POINT ( 'NONE',  ( -1.249999999999999800, 16.00000000000000000, 5.974999999999997900 ) ) ;
#2401 = ORIENTED_EDGE ( 'NONE', *, *, #2619, .T. ) ;
#2402 = DIRECTION ( 'NONE',  ( 1.000000000000000000, 0.0000000000000000000, -0.0000000000000000000 ) ) ;
#2403 = EDGE_LOOP ( 'NONE', ( #2313, #3871, #1877, #3517 ) ) ;
#2404 = DIRECTION ( 'NONE',  ( 0.0000000000000000000, 0.0000000000000000000, 1.000000000000000000 ) ) ;
#2405 = DIRECTION ( 'NONE',  ( 1.000000000000000000, 0.0000000000000000000, 0.0000000000000000000 ) ) ;
#2406 = CYLINDRICAL_SURFACE ( 'NONE', #185, 2.025000000000004400 ) ;
#2407 = ORIENTED_EDGE ( 'NONE', *, *, #5550, .F. ) ;
#2408 = AXIS2_PLACEMENT_3D ( 'NONE', #3921, #3447, #1793 ) ;
#2409 = CARTESIAN_POINT ( 'NONE',  ( 1.250000000000000200, 89.43189123190276700, -9.431891231902744400 ) ) ;
#2410 = DIRECTION ( 'NONE',  ( 1.000000000000000000, -0.0000000000000000000, -0.0000000000000000000 ) ) ;
#2411 = EDGE_LOOP ( 'NONE', ( #4045, #5565 ) ) ;
#2412 = DIRECTION ( 'NONE',  ( 1.000000000000000000, 0.0000000000000000000, 0.0000000000000000000 ) ) ;
#2413 = DIRECTION ( 'NONE',  ( 1.826024711554532900E-016, -0.0000000000000000000, 1.000000000000000000 ) ) ;
#2414 = EDGE_CURVE ( 'NONE', #5280, #99, #3315, .T. ) ;
#2415 = CARTESIAN_POINT ( 'NONE',  ( 6.749999999999989300, 40.00000000000000700, 16.00000000000000400 ) ) ;
#2416 = EDGE_CURVE ( 'NONE', #4429, #4312, #3058, .T. ) ;
#2417 = EDGE_LOOP ( 'NONE', ( #5473, #4675 ) ) ;
#2418 = CARTESIAN_POINT ( 'NONE',  ( 6.750000000000000000, 88.00000000000002800, -13.50000000000000200 ) ) ;
#2419 = DIRECTION ( 'NONE',  ( 1.000000000000000000, -0.0000000000000000000, -0.0000000000000000000 ) ) ;
#2420 = CARTESIAN_POINT ( 'NONE',  ( 1.250000000000000200, 57.91717260614134200, -7.053390142335809200 ) ) ;
#2421 = CARTESIAN_POINT ( 'NONE',  ( -1.250000000000001100, 8.000000000000000000, 7.999999999999996400 ) ) ;
#2422 = CARTESIAN_POINT ( 'NONE',  ( 4.724999999999991700, 8.000000000000007100, 16.00000000000000400 ) ) ;
#2423 = DIRECTION ( 'NONE',  ( 0.0000000000000000000, -0.7071067811865463500, -0.7071067811865487900 ) ) ;
#2424 = CARTESIAN_POINT ( 'NONE',  ( 1.250000000000000200, 8.000000000000000000, 5.974999999999994300 ) ) ;
#2425 = VECTOR ( 'NONE', #2802, 1000.000000000000100 ) ;
#2426 = EDGE_CURVE ( 'NONE', #2038, #1860, #778, .T. ) ;
#2427 = VECTOR ( 'NONE', #2214, 1000.000000000000000 ) ;
#2428 = VECTOR ( 'NONE', #159, 1000.000000000000000 ) ;
#2429 = CARTESIAN_POINT ( 'NONE',  ( 1.250000000000000200, 13.43189123190266600, 13.43189123190281200 ) ) ;
#2430 = DIRECTION ( 'NONE',  ( 3.652049423109066300E-016, 0.0000000000000000000, -1.000000000000000000 ) ) ;
#2431 = CARTESIAN_POINT ( 'NONE',  ( -1.249999999999999800, 56.00000000000000000, -7.999999999999994700 ) ) ;
#2432 = LINE ( 'NONE', #3309, #3707 ) ;
#2433 = DIRECTION ( 'NONE',  ( 1.000000000000000000, -0.0000000000000000000, -0.0000000000000000000 ) ) ;
#2434 = CARTESIAN_POINT ( 'NONE',  ( -1.249999999999999800, 63.51471862576143900, -8.485281374238566000 ) ) ;
#2435 = DIRECTION ( 'NONE',  ( 0.0000000000000000000, -0.7071067811865450200, -0.7071067811865500200 ) ) ;
#2436 = CARTESIAN_POINT ( 'NONE',  ( 1.250000000000000200, 65.43189123190276700, 9.431891231902762100 ) ) ;
#2437 = ORIENTED_EDGE ( 'NONE', *, *, #4787, .T. ) ;
#2438 = VERTEX_POINT ( 'NONE', #5511 ) ;
#2439 = DIRECTION ( 'NONE',  ( 3.652049423109066300E-016, -0.0000000000000000000, -1.000000000000000000 ) ) ;
#2440 = LINE ( 'NONE', #3963, #3245 ) ;
#2441 = VERTEX_POINT ( 'NONE', #4196 ) ;
#2442 = ORIENTED_EDGE ( 'NONE', *, *, #4838, .F. ) ;
#2443 = CYLINDRICAL_SURFACE ( 'NONE', #1295, 2.024999999999990100 ) ;
#2444 = CIRCLE ( 'NONE', #3954, 2.024999999999998100 ) ;
#2445 = AXIS2_PLACEMENT_3D ( 'NONE', #4401, #5195, #2641 ) ;
#2446 = ORIENTED_EDGE ( 'NONE', *, *, #876, .T. ) ;
#2447 = DIRECTION ( 'NONE',  ( 1.000000000000000000, -0.0000000000000000000, 0.0000000000000000000 ) ) ;
#2448 = EDGE_CURVE ( 'NONE', #2523, #63, #5193, .T. ) ;
#2449 = VERTEX_POINT ( 'NONE', #818 ) ;
#2450 = ORIENTED_EDGE ( 'NONE', *, *, #1624, .T. ) ;
#2451 = CARTESIAN_POINT ( 'NONE',  ( 6.749999999999989300, 24.00000000000000700, 16.00000000000000400 ) ) ;
#2452 = EDGE_CURVE ( 'NONE', #1821, #1587, #1787, .T. ) ;
#2453 = FACE_OUTER_BOUND ( 'NONE', #1119, .T. ) ;
#2454 = DIRECTION ( 'NONE',  ( 0.0000000000000000000, -0.7071067811865412400, -0.7071067811865537900 ) ) ;
#2455 = FACE_OUTER_BOUND ( 'NONE', #3619, .T. ) ;
#2456 = VECTOR ( 'NONE', #1216, 1000.000000000000000 ) ;
#2457 = VERTEX_POINT ( 'NONE', #340 ) ;
#2458 = CARTESIAN_POINT ( 'NONE',  ( 6.749999999999989300, 80.00000000000001400, 16.00000000000000400 ) ) ;
#2459 = ORIENTED_EDGE ( 'NONE', *, *, #3757, .T. ) ;
#2460 = ORIENTED_EDGE ( 'NONE', *, *, #3670, .T. ) ;
#2461 = DIRECTION ( 'NONE',  ( 1.000000000000000000, -0.0000000000000000000, 0.0000000000000000000 ) ) ;
#2462 = DIRECTION ( 'NONE',  ( 0.0000000000000000000, 0.7071067811865463500, 0.7071067811865487900 ) ) ;
#2463 = CARTESIAN_POINT ( 'NONE',  ( -1.250000000000001100, 86.08282739385867900, 7.053390142335811000 ) ) ;
#2464 = DIRECTION ( 'NONE',  ( -1.000000000000000000, 0.0000000000000000000, -0.0000000000000000000 ) ) ;
#2465 = FACE_OUTER_BOUND ( 'NONE', #4041, .T. ) ;
#2466 = EDGE_LOOP ( 'NONE', ( #1269, #535, #145, #1200, #5260 ) ) ;
#2467 = ORIENTED_EDGE ( 'NONE', *, *, #3028, .T. ) ;
#2468 = CARTESIAN_POINT ( 'NONE',  ( 1.250000000000000200, 79.05339014233581500, 9.917172606141324600 ) ) ;
#2469 = VECTOR ( 'NONE', #4571, 1000.000000000000000 ) ;
#2470 = DIRECTION ( 'NONE',  ( 0.0000000000000000000, 0.7071067811865505700, -0.7071067811865444600 ) ) ;
#2471 = ORIENTED_EDGE ( 'NONE', *, *, #4405, .F. ) ;
#2472 = CARTESIAN_POINT ( 'NONE',  ( -1.249999999999999800, 0.0000000000000000000, -2.024999999999999900 ) ) ;
#2473 = EDGE_CURVE ( 'NONE', #4678, #1426, #1649, .T. ) ;
#2474 = DIRECTION ( 'NONE',  ( 1.000000000000000000, -0.0000000000000000000, -0.0000000000000000000 ) ) ;
#2475 = ORIENTED_EDGE ( 'NONE', *, *, #797, .F. ) ;
#2476 = ORIENTED_EDGE ( 'NONE', *, *, #2928, .F. ) ;
#2477 = CARTESIAN_POINT ( 'NONE',  ( 8.774999999999998600, 48.00000000000000700, -13.50000000000000200 ) ) ;
#2478 = ORIENTED_EDGE ( 'NONE', *, *, #4302, .F. ) ;
#2479 = AXIS2_PLACEMENT_3D ( 'NONE', #864, #944, #3883 ) ;
#2480 = VECTOR ( 'NONE', #5037, 1000.000000000000000 ) ;
#2481 = CARTESIAN_POINT ( 'NONE',  ( 1.250000000000000200, 48.00000000000000000, -2.024999999999999900 ) ) ;
#2482 = VERTEX_POINT ( 'NONE', #4389 ) ;
#2483 = DIRECTION ( 'NONE',  ( 0.0000000000000000000, 0.0000000000000000000, -1.000000000000000000 ) ) ;
#2484 = EDGE_CURVE ( 'NONE', #5280, #4607, #5526, .T. ) ;
#2485 = VECTOR ( 'NONE', #3974, 1000.000000000000000 ) ;
#2486 = AXIS2_PLACEMENT_3D ( 'NONE', #1727, #2566, #5115 ) ;
#2487 = CARTESIAN_POINT ( 'NONE',  ( -1.249999999999999800, 0.0000000000000000000, 16.00000000000000000 ) ) ;
#2488 = EDGE_CURVE ( 'NONE', #5080, #2195, #4377, .T. ) ;
#2489 = LINE ( 'NONE', #3608, #2360 ) ;
#2490 = CARTESIAN_POINT ( 'NONE',  ( 4.724999999999993400, 56.00000000000000700, 13.50000000000000000 ) ) ;
#2491 = FACE_OUTER_BOUND ( 'NONE', #4599, .T. ) ;
#2492 = LINE ( 'NONE', #3207, #1487 ) ;
#2493 = DIRECTION ( 'NONE',  ( 1.000000000000000000, -0.0000000000000000000, 0.0000000000000000000 ) ) ;
#2494 = DIRECTION ( 'NONE',  ( 1.000000000000000000, -0.0000000000000000000, -0.0000000000000000000 ) ) ;
#2495 = CYLINDRICAL_SURFACE ( 'NONE', #504, 2.024999999999998100 ) ;
#2496 = EDGE_CURVE ( 'NONE', #433, #4892, #4926, .T. ) ;
#2497 = DIRECTION ( 'NONE',  ( 0.0000000000000000000, -0.7071067811865444600, -0.7071067811865505700 ) ) ;
#2498 = VECTOR ( 'NONE', #1029, 1000.000000000000000 ) ;
#2499 = ORIENTED_EDGE ( 'NONE', *, *, #4630, .T. ) ;
#2500 = FACE_OUTER_BOUND ( 'NONE', #3719, .T. ) ;
#2501 = DIRECTION ( 'NONE',  ( 1.000000000000000000, -0.0000000000000000000, -0.0000000000000000000 ) ) ;
#2502 = AXIS2_PLACEMENT_3D ( 'NONE', #2671, #4365, #1825 ) ;
#2503 = CARTESIAN_POINT ( 'NONE',  ( 8.774999999999998600, 64.00000000000000000, -13.50000000000000200 ) ) ;
#2504 = FACE_OUTER_BOUND ( 'NONE', #5003, .T. ) ;
#2505 = EDGE_CURVE ( 'NONE', #3397, #701, #4643, .T. ) ;
#2506 = CARTESIAN_POINT ( 'NONE',  ( -1.249999999999999800, 15.51471862576143900, -10.51028137423856600 ) ) ;
#2507 = DIRECTION ( 'NONE',  ( -1.000000000000000000, 0.0000000000000000000, 0.0000000000000000000 ) ) ;
#2508 = ORIENTED_EDGE ( 'NONE', *, *, #954, .F. ) ;
#2509 = ORIENTED_EDGE ( 'NONE', *, *, #3353, .T. ) ;
#2510 = LINE ( 'NONE', #1251, #2717 ) ;
#2511 = VECTOR ( 'NONE', #2356, 1000.000000000000000 ) ;
#2512 = CARTESIAN_POINT ( 'NONE',  ( -1.249999999999999800, 48.00000000000000000, -6.999999999999999100 ) ) ;
#2513 = CARTESIAN_POINT ( 'NONE',  ( 1.250000000000000200, 59.31370849898476600, -2.024999999999999900 ) ) ;
#2514 = AXIS2_PLACEMENT_3D ( 'NONE', #4528, #3630, #1062 ) ;
#2515 = ORIENTED_EDGE ( 'NONE', *, *, #3232, .T. ) ;
#2516 = CARTESIAN_POINT ( 'NONE',  ( -1.249999999999999800, 16.00000000000000700, -7.999999999999996400 ) ) ;
#2517 = ORIENTED_EDGE ( 'NONE', *, *, #252, .F. ) ;
#2518 = CYLINDRICAL_SURFACE ( 'NONE', #2672, 2.024999999999998100 ) ;
#2519 = DIRECTION ( 'NONE',  ( 3.652049423109066300E-016, -0.0000000000000000000, -1.000000000000000000 ) ) ;
#2520 = DIRECTION ( 'NONE',  ( 0.0000000000000000000, 0.0000000000000000000, -1.000000000000000000 ) ) ;
#2521 = PLANE ( 'NONE',  #3787 ) ;
#2522 = EDGE_LOOP ( 'NONE', ( #3298, #3908, #1048, #974 ) ) ;
#2523 = VERTEX_POINT ( 'NONE', #4663 ) ;
#2524 = CARTESIAN_POINT ( 'NONE',  ( -1.250000000000001100, 87.51471862576143200, -10.51028137423855900 ) ) ;
#2525 = CYLINDRICAL_SURFACE ( 'NONE', #2085, 2.024999999999990100 ) ;
#2526 = AXIS2_PLACEMENT_3D ( 'NONE', #642, #3609, #1034 ) ;
#2527 = EDGE_CURVE ( 'NONE', #5474, #1398, #1446, .T. ) ;
#2528 = ORIENTED_EDGE ( 'NONE', *, *, #3500, .T. ) ;
#2529 = CARTESIAN_POINT ( 'NONE',  ( 1.250000000000000200, 64.94660985766418500, 9.917172606141322800 ) ) ;
#2530 = EDGE_LOOP ( 'NONE', ( #1210, #5451, #3783, #4414 ) ) ;
#2531 = DIRECTION ( 'NONE',  ( 3.652049423109066300E-016, -0.0000000000000000000, -1.000000000000000000 ) ) ;
#2532 = CARTESIAN_POINT ( 'NONE',  ( -1.249999999999999800, 41.43189123190276000, 9.431891231902762100 ) ) ;
#2533 = CALENDAR_DATE ( 2022, 26, 4 ) ;
#2534 = CARTESIAN_POINT ( 'NONE',  ( 1.250000000000000200, 15.51471862576143900, -8.485281374238566000 ) ) ;
#2535 = EDGE_CURVE ( 'NONE', #5474, #120, #1579, .T. ) ;
#2536 = ORIENTED_EDGE ( 'NONE', *, *, #5492, .T. ) ;
#2537 = VERTEX_POINT ( 'NONE', #3358 ) ;
#2538 = DIRECTION ( 'NONE',  ( 0.0000000000000000000, 0.0000000000000000000, -1.000000000000000000 ) ) ;
#2539 = EDGE_CURVE ( 'NONE', #3276, #4294, #2982, .T. ) ;
#2540 = EDGE_LOOP ( 'NONE', ( #1919, #1463, #5339, #3544, #97 ) ) ;
#2541 = DIRECTION ( 'NONE',  ( 1.000000000000000000, -0.0000000000000000000, -0.0000000000000000000 ) ) ;
#2542 = VERTEX_POINT ( 'NONE', #5510 ) ;
#2543 = CARTESIAN_POINT ( 'NONE',  ( -1.249999999999999800, 62.56810876809723300, 6.568108768097240500 ) ) ;
#2544 = ORIENTED_EDGE ( 'NONE', *, *, #1626, .F. ) ;
#2545 = DIRECTION ( 'NONE',  ( 1.000000000000000000, -0.0000000000000000000, -0.0000000000000000000 ) ) ;
#2546 = CIRCLE ( 'NONE', #2768, 2.024999999999997200 ) ;
#2547 = ADVANCED_FACE ( 'NONE', ( #303 ), #713, .F. ) ;
#2548 = ORIENTED_EDGE ( 'NONE', *, *, #3812, .T. ) ;
#2549 = AXIS2_PLACEMENT_3D ( 'NONE', #2979, #2552, #403 ) ;
#2550 = CARTESIAN_POINT ( 'NONE',  ( -1.249999999999999800, 36.68629150101524100, 0.0000000000000000000 ) ) ;
#2551 = DIRECTION ( 'NONE',  ( 0.0000000000000000000, 0.0000000000000000000, -1.000000000000000000 ) ) ;
#2552 = DIRECTION ( 'NONE',  ( 1.000000000000000000, -0.0000000000000000000, 0.0000000000000000000 ) ) ;
#2553 = VERTEX_POINT ( 'NONE', #3816 ) ;
#2554 = AXIS2_PLACEMENT_3D ( 'NONE', #1795, #4279, #52 ) ;
#2555 = CIRCLE ( 'NONE', #2812, 2.025000000000000800 ) ;
#2556 = CARTESIAN_POINT ( 'NONE',  ( -1.249999999999999800, 32.48528137423857500, -8.485281374238564200 ) ) ;
#2557 = CARTESIAN_POINT ( 'NONE',  ( 8.774999999999998600, 24.00000000000000700, -13.50000000000000200 ) ) ;
#2558 = EDGE_CURVE ( 'NONE', #3664, #2333, #298, .T. ) ;
#2559 = CARTESIAN_POINT ( 'NONE',  ( 4.724999999999991700, 48.00000000000000700, 16.00000000000000400 ) ) ;
#2560 = CARTESIAN_POINT ( 'NONE',  ( 6.750000000000000000, 8.000000000000007100, -13.50000000000000200 ) ) ;
#2561 = EDGE_CURVE ( 'NONE', #2232, #3512, #1711, .T. ) ;
#2562 = DIRECTION ( 'NONE',  ( 3.652049423109066300E-016, -0.0000000000000000000, -1.000000000000000000 ) ) ;
#2563 = CYLINDRICAL_SURFACE ( 'NONE', #2880, 2.024999999999998100 ) ;
#2564 = VECTOR ( 'NONE', #1450, 1000.000000000000000 ) ;
#2565 = DIRECTION ( 'NONE',  ( 3.652049423109066300E-016, 0.0000000000000000000, -1.000000000000000000 ) ) ;
#2566 = DIRECTION ( 'NONE',  ( 0.0000000000000000000, 0.7071067811865482400, -0.7071067811865469100 ) ) ;
#2567 = VECTOR ( 'NONE', #4747, 1000.000000000000000 ) ;
#2568 = FACE_BOUND ( 'NONE', #3404, .T. ) ;
#2569 = DIRECTION ( 'NONE',  ( 3.652049423109066300E-016, -0.0000000000000000000, -1.000000000000000000 ) ) ;
#2570 = ORIENTED_EDGE ( 'NONE', *, *, #3189, .T. ) ;
#2571 = LINE ( 'NONE', #1073, #1423 ) ;
#2572 = ADVANCED_FACE ( 'NONE', ( #4986 ), #4231, .T. ) ;
#2573 = CARTESIAN_POINT ( 'NONE',  ( 2.465133360598619700E-015, 0.0000000000000000000, -13.50000000000000200 ) ) ;
#2574 = ORIENTED_EDGE ( 'NONE', *, *, #2137, .F. ) ;
#2575 = ORIENTED_EDGE ( 'NONE', *, *, #1278, .F. ) ;
#2576 = DIRECTION ( 'NONE',  ( 0.0000000000000000000, 0.0000000000000000000, -1.000000000000000000 ) ) ;
#2577 = EDGE_CURVE ( 'NONE', #1855, #523, #840, .T. ) ;
#2578 = LINE ( 'NONE', #5505, #1429 ) ;
#2579 = CARTESIAN_POINT ( 'NONE',  ( 1.250000000000000200, 80.00000000000000000, -7.999999999999994700 ) ) ;
#2580 = LINE ( 'NONE', #4742, #3042 ) ;
#2581 = DIRECTION ( 'NONE',  ( -1.000000000000000000, 0.0000000000000000000, 0.0000000000000000000 ) ) ;
#2582 = VERTEX_POINT ( 'NONE', #1667 ) ;
#2583 = ORIENTED_EDGE ( 'NONE', *, *, #1299, .T. ) ;
#2584 = CARTESIAN_POINT ( 'NONE',  ( -1.249999999999999800, 13.43189123190261800, 13.43189123190273400 ) ) ;
#2585 = DIRECTION ( 'NONE',  ( 0.0000000000000000000, 0.0000000000000000000, 1.000000000000000000 ) ) ;
#2586 = CYLINDRICAL_SURFACE ( 'NONE', #1584, 2.024999999999998100 ) ;
#2587 = ADVANCED_FACE ( 'NONE', ( #1573 ), #1990, .F. ) ;
#2588 = CARTESIAN_POINT ( 'NONE',  ( -1.249999999999999800, 35.31370849898475900, 0.0000000000000000000 ) ) ;
#2589 = EDGE_CURVE ( 'NONE', #1454, #1543, #5117, .T. ) ;
#2590 = ORIENTED_EDGE ( 'NONE', *, *, #1067, .F. ) ;
#2591 = EDGE_LOOP ( 'NONE', ( #3390, #774, #5241, #2143 ) ) ;
#2592 = VERTEX_POINT ( 'NONE', #910 ) ;
#2593 = VECTOR ( 'NONE', #5082, 1000.000000000000000 ) ;
#2594 = DIRECTION ( 'NONE',  ( 0.0000000000000000000, 0.0000000000000000000, -1.000000000000000000 ) ) ;
#2595 = CARTESIAN_POINT ( 'NONE',  ( 1.250000000000000200, 86.56810876809723300, 6.568108768097255600 ) ) ;
#2596 = VECTOR ( 'NONE', #919, 1000.000000000000000 ) ;
#2597 = CARTESIAN_POINT ( 'NONE',  ( -1.249999999999999800, 64.00000000000000000, -7.999999999999996400 ) ) ;
#2598 = VERTEX_POINT ( 'NONE', #1682 ) ;
#2599 = ORIENTED_EDGE ( 'NONE', *, *, #4993, .T. ) ;
#2600 = ORIENTED_EDGE ( 'NONE', *, *, #4810, .T. ) ;
#2601 = CARTESIAN_POINT ( 'NONE',  ( -1.249999999999999800, 34.56810876809746000, 10.56810876809731100 ) ) ;
#2602 = CARTESIAN_POINT ( 'NONE',  ( -46.75000000000000000, 8.000000000000001800, -7.999999999999992900 ) ) ;
#2603 = FACE_OUTER_BOUND ( 'NONE', #3792, .T. ) ;
#2604 = ORIENTED_EDGE ( 'NONE', *, *, #1533, .T. ) ;
#2605 = EDGE_LOOP ( 'NONE', ( #4665, #3580, #4239, #3036 ) ) ;
#2606 = PRODUCT_DEFINITION ( 'UNKNOWN', '', #5350, #960 ) ;
#2607 = EDGE_CURVE ( 'NONE', #445, #2651, #3249, .T. ) ;
#2608 = EDGE_CURVE ( 'NONE', #916, #803, #4706, .T. ) ;
#2609 = VECTOR ( 'NONE', #1591, 1000.000000000000000 ) ;
#2610 = CARTESIAN_POINT ( 'NONE',  ( -1.249999999999999800, 36.68629150101524100, 2.024999999999999900 ) ) ;
#2611 = ORIENTED_EDGE ( 'NONE', *, *, #3863, .F. ) ;
#2612 = ADVANCED_FACE ( 'NONE', ( #3590 ), #4637, .F. ) ;
#2613 = ORIENTED_EDGE ( 'NONE', *, *, #5097, .T. ) ;
#2614 = EDGE_CURVE ( 'NONE', #510, #2709, #972, .T. ) ;
#2615 = DIRECTION ( 'NONE',  ( 3.652049423109066300E-016, 0.0000000000000000000, -1.000000000000000000 ) ) ;
#2616 = DIRECTION ( 'NONE',  ( 1.000000000000000000, -0.0000000000000000000, -0.0000000000000000000 ) ) ;
#2617 = EDGE_LOOP ( 'NONE', ( #578, #4200, #4001, #1662, #1863 ) ) ;
#2618 = EDGE_LOOP ( 'NONE', ( #1296, #3924, #5207, #1306 ) ) ;
#2619 = EDGE_CURVE ( 'NONE', #531, #448, #3854, .T. ) ;
#2620 = DIRECTION ( 'NONE',  ( 1.000000000000000000, 0.0000000000000000000, 0.0000000000000000000 ) ) ;
#2621 = ORIENTED_EDGE ( 'NONE', *, *, #252, .T. ) ;
#2622 = CARTESIAN_POINT ( 'NONE',  ( -1.249999999999999800, 84.68629150101523400, -2.024999999999999900 ) ) ;
#2623 = CIRCLE ( 'NONE', #5414, 2.024999999999998100 ) ;
#2624 = FACE_BOUND ( 'NONE', #2650, .T. ) ;
#2625 = DIRECTION ( 'NONE',  ( 0.0000000000000000000, 0.7071067811865505700, -0.7071067811865444600 ) ) ;
#2626 = ORIENTED_EDGE ( 'NONE', *, *, #66, .F. ) ;
#2627 = CARTESIAN_POINT ( 'NONE',  ( -1.249999999999999800, 80.48528137423858200, -10.51028137423856800 ) ) ;
#2628 = DIRECTION ( 'NONE',  ( 1.000000000000000000, -0.0000000000000000000, 0.0000000000000000000 ) ) ;
#2629 = AXIS2_PLACEMENT_3D ( 'NONE', #2874, #3290, #1594 ) ;
#2630 = LINE ( 'NONE', #4983, #3958 ) ;
#2631 = LINE ( 'NONE', #1796, #1755 ) ;
#2632 = LINE ( 'NONE', #1814, #1483 ) ;
#2633 = ADVANCED_FACE ( 'NONE', ( #2981 ), #1858, .F. ) ;
#2634 = DIRECTION ( 'NONE',  ( 0.0000000000000000000, 0.7071067811865505700, -0.7071067811865444600 ) ) ;
#2635 = CARTESIAN_POINT ( 'NONE',  ( -1.249999999999999800, 60.68629150101524100, -2.024999999999999900 ) ) ;
#2636 = VECTOR ( 'NONE', #3474, 1000.000000000000000 ) ;
#2637 = EDGE_CURVE ( 'NONE', #3213, #1991, #354, .T. ) ;
#2638 = DIRECTION ( 'NONE',  ( 0.0000000000000000000, 0.0000000000000000000, -1.000000000000000000 ) ) ;
#2639 = FACE_OUTER_BOUND ( 'NONE', #2245, .T. ) ;
#2640 = DIRECTION ( 'NONE',  ( 0.0000000000000000000, -0.7071067811865450200, -0.7071067811865500200 ) ) ;
#2641 = DIRECTION ( 'NONE',  ( 0.0000000000000000000, 0.0000000000000000000, -1.000000000000000000 ) ) ;
#2642 = CIRCLE ( 'NONE', #5234, 2.024999999999999000 ) ;
#2643 = ADVANCED_FACE ( 'NONE', ( #897 ), #1508, .F. ) ;
#2644 = CIRCLE ( 'NONE', #5102, 2.024999999999997200 ) ;
#2645 = DIRECTION ( 'NONE',  ( 1.000000000000000000, -0.0000000000000000000, -0.0000000000000000000 ) ) ;
#2646 = LINE ( 'NONE', #4973, #2159 ) ;
#2647 = EDGE_CURVE ( 'NONE', #1134, #1425, #567, .T. ) ;
#2648 = DIRECTION ( 'NONE',  ( 1.000000000000000000, -0.0000000000000000000, 0.0000000000000000000 ) ) ;
#2649 = CARTESIAN_POINT ( 'NONE',  ( 1.250000000000000200, 83.31370849898475200, -2.024999999999999900 ) ) ;
#2650 = EDGE_LOOP ( 'NONE', ( #3722, #3751, #2108, #1734 ) ) ;
#2651 = VERTEX_POINT ( 'NONE', #77 ) ;
#2652 = CIRCLE ( 'NONE', #1766, 2.025000000000004400 ) ;
#2653 = CIRCLE ( 'NONE', #820, 2.025000000000000800 ) ;
#2654 = DIRECTION ( 'NONE',  ( 0.0000000000000000000, 0.7071067811865424700, -0.7071067811865526800 ) ) ;
#2655 = ORIENTED_EDGE ( 'NONE', *, *, #1963, .T. ) ;
#2656 = VERTEX_POINT ( 'NONE', #872 ) ;
#2657 = CARTESIAN_POINT ( 'NONE',  ( 6.749999999999989300, 32.00000000000000700, 16.00000000000000400 ) ) ;
#2658 = VECTOR ( 'NONE', #4512, 1000.000000000000000 ) ;
#2659 = DIRECTION ( 'NONE',  ( 1.000000000000000000, -0.0000000000000000000, -0.0000000000000000000 ) ) ;
#2660 = LINE ( 'NONE', #3625, #503 ) ;
#2661 = AXIS2_PLACEMENT_3D ( 'NONE', #14, #3891, #1412 ) ;
#2662 = CARTESIAN_POINT ( 'NONE',  ( 4.724999999999993400, 24.00000000000000700, 13.50000000000000000 ) ) ;
#2663 = CARTESIAN_POINT ( 'NONE',  ( 6.749999999999989300, 16.00000000000000700, 16.00000000000000400 ) ) ;
#2664 = EDGE_LOOP ( 'NONE', ( #300, #2917, #1938, #38 ) ) ;
#2665 = VERTEX_POINT ( 'NONE', #3876 ) ;
#2666 = FACE_OUTER_BOUND ( 'NONE', #3401, .T. ) ;
#2667 = ADVANCED_FACE ( 'NONE', ( #4850 ), #5137, .F. ) ;
#2668 = LINE ( 'NONE', #2149, #2004 ) ;
#2669 = ORIENTED_EDGE ( 'NONE', *, *, #5456, .F. ) ;
#2670 = ORIENTED_EDGE ( 'NONE', *, *, #2846, .T. ) ;
#2671 = CARTESIAN_POINT ( 'NONE',  ( 6.749999999999990200, 80.00000000000001400, 13.50000000000000000 ) ) ;
#2672 = AXIS2_PLACEMENT_3D ( 'NONE', #1068, #1457, #3145 ) ;
#2673 = COORDINATED_UNIVERSAL_TIME_OFFSET ( 6, 0, .BEHIND. ) ;
#2674 = EDGE_CURVE ( 'NONE', #5417, #248, #3051, .T. ) ;
#2675 = EDGE_LOOP ( 'NONE', ( #3284, #5538, #3914, #3789, #1695 ) ) ;
#2676 = VERTEX_POINT ( 'NONE', #1308 ) ;
#2677 = DIRECTION ( 'NONE',  ( 0.0000000000000000000, 0.0000000000000000000, -1.000000000000000000 ) ) ;
#2678 = ORIENTED_EDGE ( 'NONE', *, *, #1665, .F. ) ;
#2679 = EDGE_CURVE ( 'NONE', #20, #2598, #2169, .T. ) ;
#2680 = ORIENTED_EDGE ( 'NONE', *, *, #3901, .F. ) ;
#2681 = CARTESIAN_POINT ( 'NONE',  ( 1.250000000000000200, 84.68629150101523400, 2.024999999999999900 ) ) ;
#2682 = DIRECTION ( 'NONE',  ( 1.000000000000000000, 0.0000000000000000000, 0.0000000000000000000 ) ) ;
#2683 = EDGE_LOOP ( 'NONE', ( #4868, #627 ) ) ;
#2684 = VERTEX_POINT ( 'NONE', #2610 ) ;
#2685 = DIRECTION ( 'NONE',  ( 1.000000000000000000, -0.0000000000000000000, -0.0000000000000000000 ) ) ;
#2686 = FACE_OUTER_BOUND ( 'NONE', #4869, .T. ) ;
#2687 = VECTOR ( 'NONE', #5254, 1000.000000000000000 ) ;
#2688 = EDGE_LOOP ( 'NONE', ( #2387, #4458 ) ) ;
#2689 = EDGE_CURVE ( 'NONE', #2684, #1860, #5184, .T. ) ;
#2690 = CARTESIAN_POINT ( 'NONE',  ( -1.250000000000001100, 8.485281374238569500, 8.485281374238569500 ) ) ;
#2691 = DIRECTION ( 'NONE',  ( -1.000000000000000000, 0.0000000000000000000, 0.0000000000000000000 ) ) ;
#2692 = ORIENTED_EDGE ( 'NONE', *, *, #1303, .F. ) ;
#2693 = AXIS2_PLACEMENT_3D ( 'NONE', #375, #3371, #812 ) ;
#2694 = DIRECTION ( 'NONE',  ( 0.0000000000000000000, 0.0000000000000000000, -1.000000000000000000 ) ) ;
#2695 = ADVANCED_FACE ( 'NONE', ( #4576 ), #4308, .F. ) ;
#2696 = AXIS2_PLACEMENT_3D ( 'NONE', #3684, #3162, #4523 ) ;
#2697 = AXIS2_PLACEMENT_3D ( 'NONE', #3693, #3704, #2902 ) ;
#2698 = CYLINDRICAL_SURFACE ( 'NONE', #5060, 6.999999999999999100 ) ;
#2699 = DIRECTION ( 'NONE',  ( 1.000000000000000000, 0.0000000000000000000, 0.0000000000000000000 ) ) ;
#2700 = VECTOR ( 'NONE', #294, 1000.000000000000000 ) ;
#2701 = PLANE ( 'NONE',  #4910 ) ;
#2702 = EDGE_CURVE ( 'NONE', #5308, #4408, #2653, .T. ) ;
#2703 = EDGE_LOOP ( 'NONE', ( #1725, #2864, #5345, #1720 ) ) ;
#2704 = FACE_OUTER_BOUND ( 'NONE', #3102, .T. ) ;
#2705 = EDGE_CURVE ( 'NONE', #390, #1122, #4048, .T. ) ;
#2706 = DIRECTION ( 'NONE',  ( 1.000000000000000000, -0.0000000000000000000, -0.0000000000000000000 ) ) ;
#2707 = VECTOR ( 'NONE', #1128, 1000.000000000000000 ) ;
#2708 = VERTEX_POINT ( 'NONE', #3571 ) ;
#2709 = VERTEX_POINT ( 'NONE', #4878 ) ;
#2710 = VECTOR ( 'NONE', #2036, 1000.000000000000000 ) ;
#2711 = FACE_OUTER_BOUND ( 'NONE', #846, .T. ) ;
#2712 = CARTESIAN_POINT ( 'NONE',  ( -1.249999999999999800, 32.48528137423857500, -8.485281374238564200 ) ) ;
#2713 = EDGE_LOOP ( 'NONE', ( #5284, #2006, #3534, #5216 ) ) ;
#2714 = ORIENTED_EDGE ( 'NONE', *, *, #5573, .F. ) ;
#2715 = DIRECTION ( 'NONE',  ( 0.0000000000000000000, -0.7071067811865450200, 0.7071067811865501300 ) ) ;
#2716 = EDGE_CURVE ( 'NONE', #538, #2737, #3853, .T. ) ;
#2717 = VECTOR ( 'NONE', #2920, 1000.000000000000000 ) ;
#2718 = CARTESIAN_POINT ( 'NONE',  ( -1.249999999999999800, 56.48528137423857500, -10.51028137423856800 ) ) ;
#2719 = ORIENTED_EDGE ( 'NONE', *, *, #5283, .T. ) ;
#2720 = ORIENTED_EDGE ( 'NONE', *, *, #3705, .T. ) ;
#2721 = ADVANCED_FACE ( 'NONE', ( #1923 ), #1881, .F. ) ;
#2722 = ORIENTED_EDGE ( 'NONE', *, *, #2955, .T. ) ;
#2723 = LINE ( 'NONE', #2097, #2988 ) ;
#2724 = DIRECTION ( 'NONE',  ( 1.000000000000000000, -0.0000000000000000000, 0.0000000000000000000 ) ) ;
#2725 = PLANE ( 'NONE',  #5523 ) ;
#2726 = DIRECTION ( 'NONE',  ( 1.000000000000000000, 0.0000000000000000000, -0.0000000000000000000 ) ) ;
#2727 = FACE_BOUND ( 'NONE', #5257, .T. ) ;
#2728 = VERTEX_POINT ( 'NONE', #537 ) ;
#2729 = ORIENTED_EDGE ( 'NONE', *, *, #1456, .F. ) ;
#2730 = VERTEX_POINT ( 'NONE', #4815 ) ;
#2731 = AXIS2_PLACEMENT_3D ( 'NONE', #23, #3915, #1337 ) ;
#2732 = DIRECTION ( 'NONE',  ( 0.0000000000000000000, -0.7071067811865487900, -0.7071067811865463500 ) ) ;
#2733 = EDGE_LOOP ( 'NONE', ( #4368, #2265, #1206, #4378, #5046 ) ) ;
#2734 = ORIENTED_EDGE ( 'NONE', *, *, #732, .F. ) ;
#2735 = PERSON_AND_ORGANIZATION ( #1208, #3327 ) ;
#2736 = CARTESIAN_POINT ( 'NONE',  ( 1.250000000000000200, 60.68629150101524100, -2.024999999999999900 ) ) ;
#2737 = VERTEX_POINT ( 'NONE', #1428 ) ;
#2738 = AXIS2_PLACEMENT_3D ( 'NONE', #2197, #5551, #5132 ) ;
#2739 = EDGE_LOOP ( 'NONE', ( #3728, #467, #4262, #1439 ) ) ;
#2740 = CARTESIAN_POINT ( 'NONE',  ( 6.750000000000000900, 24.00000000000000700, -15.99999999999999600 ) ) ;
#2741 = ADVANCED_FACE ( 'NONE', ( #5312 ), #1310, .F. ) ;
#2742 = EDGE_CURVE ( 'NONE', #254, #4049, #1038, .T. ) ;
#2743 = CARTESIAN_POINT ( 'NONE',  ( 1.250000000000000200, 13.43189123190279200, -13.43189123190274400 ) ) ;
#2744 = EDGE_CURVE ( 'NONE', #505, #2523, #3446, .T. ) ;
#2745 = ORIENTED_EDGE ( 'NONE', *, *, #4972, .T. ) ;
#2746 = DIRECTION ( 'NONE',  ( 1.000000000000000000, -0.0000000000000000000, -0.0000000000000000000 ) ) ;
#2747 = CARTESIAN_POINT ( 'NONE',  ( -1.249999999999999800, 35.31370849898475900, 2.024999999999999900 ) ) ;
#2748 = CARTESIAN_POINT ( 'NONE',  ( -1.249999999999999800, 38.56810876809724000, 6.568108768097240500 ) ) ;
#2749 = EDGE_LOOP ( 'NONE', ( #3478, #2583, #1514, #3881 ) ) ;
#2750 = ORIENTED_EDGE ( 'NONE', *, *, #3240, .T. ) ;
#2751 = ADVANCED_FACE ( 'NONE', ( #1436 ), #2316, .F. ) ;
#2752 = DIRECTION ( 'NONE',  ( 0.0000000000000000000, 0.0000000000000000000, -1.000000000000000000 ) ) ;
#2753 = CYLINDRICAL_SURFACE ( 'NONE', #1887, 2.024999999999998100 ) ;
#2754 = FACE_BOUND ( 'NONE', #2675, .T. ) ;
#2755 = ORIENTED_EDGE ( 'NONE', *, *, #5058, .F. ) ;
#2756 = DIRECTION ( 'NONE',  ( 3.652049423109066300E-016, 0.0000000000000000000, -1.000000000000000000 ) ) ;
#2757 = DIRECTION ( 'NONE',  ( 1.000000000000000000, -0.0000000000000000000, -0.0000000000000000000 ) ) ;
#2758 = EDGE_CURVE ( 'NONE', #4808, #2881, #4780, .T. ) ;
#2759 = DIRECTION ( 'NONE',  ( 3.652049423109066300E-016, -0.0000000000000000000, -1.000000000000000000 ) ) ;
#2760 = DIRECTION ( 'NONE',  ( 1.000000000000000000, 0.0000000000000000000, 0.0000000000000000000 ) ) ;
#2761 = AXIS2_PLACEMENT_3D ( 'NONE', #823, #5083, #2538 ) ;
#2762 = LINE ( 'NONE', #425, #1751 ) ;
#2763 = DIRECTION ( 'NONE',  ( 1.000000000000000000, -0.0000000000000000000, -0.0000000000000000000 ) ) ;
#2764 = CYLINDRICAL_SURFACE ( 'NONE', #3151, 2.024999999999998100 ) ;
#2765 = CARTESIAN_POINT ( 'NONE',  ( 6.750000000000000000, 32.00000000000000700, -13.50000000000000200 ) ) ;
#2766 = CIRCLE ( 'NONE', #4884, 2.025000000000006100 ) ;
#2767 = CARTESIAN_POINT ( 'NONE',  ( 1.250000000000000200, 37.43189123190277500, -13.43189123190275300 ) ) ;
#2768 = AXIS2_PLACEMENT_3D ( 'NONE', #3239, #1500, #3262 ) ;
#2769 = EDGE_CURVE ( 'NONE', #79, #2021, #5114, .T. ) ;
#2770 = FACE_OUTER_BOUND ( 'NONE', #3599, .T. ) ;
#2771 = EDGE_CURVE ( 'NONE', #45, #829, #3780, .T. ) ;
#2772 = ORIENTED_EDGE ( 'NONE', *, *, #665, .F. ) ;
#2773 = VECTOR ( 'NONE', #3511, 1000.000000000000000 ) ;
#2774 = ADVANCED_FACE ( 'NONE', ( #4704 ), #3246, .F. ) ;
#2775 = CIRCLE ( 'NONE', #2629, 2.024999999999997200 ) ;
#2776 = CC_DESIGN_PERSON_AND_ORGANIZATION_ASSIGNMENT ( #2064, #4666, ( #3753 ) ) ;
#2777 = CARTESIAN_POINT ( 'NONE',  ( -1.249999999999999800, 39.51471862576143900, -10.51028137423856600 ) ) ;
#2778 = DIRECTION ( 'NONE',  ( 3.652049423109066300E-016, -0.0000000000000000000, -1.000000000000000000 ) ) ;
#2779 = EDGE_CURVE ( 'NONE', #4122, #3066, #3308, .T. ) ;
#2780 = CARTESIAN_POINT ( 'NONE',  ( 6.750000000000000000, 48.00000000000000700, -13.50000000000000200 ) ) ;
#2781 = EDGE_LOOP ( 'NONE', ( #3996, #3448, #3559, #2786 ) ) ;
#2782 = ORIENTED_EDGE ( 'NONE', *, *, #4059, .F. ) ;
#2783 = CARTESIAN_POINT ( 'NONE',  ( -1.249999999999999800, 24.00000000000000000, 2.024999999999999900 ) ) ;
#2784 = CIRCLE ( 'NONE', #609, 2.025000000000000800 ) ;
#2785 = VERTEX_POINT ( 'NONE', #208 ) ;
#2786 = ORIENTED_EDGE ( 'NONE', *, *, #5239, .T. ) ;
#2787 = DIRECTION ( 'NONE',  ( 0.0000000000000000000, 0.0000000000000000000, -1.000000000000000000 ) ) ;
#2788 = FACE_BOUND ( 'NONE', #1866, .T. ) ;
#2789 = FACE_BOUND ( 'NONE', #2183, .T. ) ;
#2790 = ORIENTED_EDGE ( 'NONE', *, *, #4536, .F. ) ;
#2791 = EDGE_CURVE ( 'NONE', #1426, #1374, #5048, .T. ) ;
#2792 = ORIENTED_EDGE ( 'NONE', *, *, #4526, .F. ) ;
#2793 = EDGE_LOOP ( 'NONE', ( #2574, #994, #801, #4805 ) ) ;
#2794 = DIRECTION ( 'NONE',  ( -1.000000000000000000, 0.0000000000000000000, 0.0000000000000000000 ) ) ;
#2795 = LINE ( 'NONE', #5481, #3528 ) ;
#2796 = ORIENTED_EDGE ( 'NONE', *, *, #1488, .F. ) ;
#2797 = AXIS2_PLACEMENT_3D ( 'NONE', #4289, #1763, #1784 ) ;
#2798 = CARTESIAN_POINT ( 'NONE',  ( -1.249999999999999800, 11.31370849898475900, -2.024999999999999900 ) ) ;
#2799 = EDGE_LOOP ( 'NONE', ( #462, #4400, #4492, #1005 ) ) ;
#2800 = DIRECTION ( 'NONE',  ( 1.000000000000000000, -0.0000000000000000000, 0.0000000000000000000 ) ) ;
#2801 = CARTESIAN_POINT ( 'NONE',  ( -1.249999999999999800, 37.43189123190278900, -13.43189123190274400 ) ) ;
#2802 = DIRECTION ( 'NONE',  ( 0.0000000000000000000, -0.7071067811865450200, 0.7071067811865501300 ) ) ;
#2803 = CARTESIAN_POINT ( 'NONE',  ( 8.774999999999987900, 72.00000000000001400, 16.00000000000000400 ) ) ;
#2804 = LINE ( 'NONE', #4623, #1733 ) ;
#2805 = DIRECTION ( 'NONE',  ( 0.0000000000000000000, 0.0000000000000000000, -1.000000000000000000 ) ) ;
#2806 = ORIENTED_EDGE ( 'NONE', *, *, #2577, .F. ) ;
#2807 = ORIENTED_EDGE ( 'NONE', *, *, #5236, .T. ) ;
#2808 = AXIS2_PLACEMENT_3D ( 'NONE', #5306, #5290, #1931 ) ;
#2809 = ORIENTED_EDGE ( 'NONE', *, *, #4188, .T. ) ;
#2810 = ORIENTED_EDGE ( 'NONE', *, *, #2535, .T. ) ;
#2811 = CARTESIAN_POINT ( 'NONE',  ( 1.250000000000000200, 96.00000000000000000, 13.50000000000000200 ) ) ;
#2812 = AXIS2_PLACEMENT_3D ( 'NONE', #999, #5279, #1421 ) ;
#2813 = CARTESIAN_POINT ( 'NONE',  ( 6.749999999999989300, 88.00000000000002800, 16.00000000000000400 ) ) ;
#2814 = ORIENTED_EDGE ( 'NONE', *, *, #697, .T. ) ;
#2815 = CARTESIAN_POINT ( 'NONE',  ( 1.250000000000000200, 96.00000000000000000, -13.50000000000000200 ) ) ;
#2816 = EDGE_CURVE ( 'NONE', #2881, #2193, #3173, .T. ) ;
#2817 = ORIENTED_EDGE ( 'NONE', *, *, #1548, .T. ) ;
#2818 = DIRECTION ( 'NONE',  ( -1.000000000000000000, 0.0000000000000000000, 0.0000000000000000000 ) ) ;
#2819 = CARTESIAN_POINT ( 'NONE',  ( 4.724999999999993400, 72.00000000000001400, 13.50000000000000000 ) ) ;
#2820 = CYLINDRICAL_SURFACE ( 'NONE', #5075, 2.024999999999998100 ) ;
#2821 = ORIENTED_EDGE ( 'NONE', *, *, #140, .T. ) ;
#2822 = CARTESIAN_POINT ( 'NONE',  ( 6.750000000000000000, 80.00000000000001400, -13.50000000000000200 ) ) ;
#2823 = EDGE_LOOP ( 'NONE', ( #3329, #3143, #2446, #1249 ) ) ;
#2824 = EDGE_CURVE ( 'NONE', #20, #2836, #1177, .T. ) ;
#2825 = DIRECTION ( 'NONE',  ( 1.000000000000000000, 0.0000000000000000000, 0.0000000000000000000 ) ) ;
#2826 = CARTESIAN_POINT ( 'NONE',  ( -1.249999999999999800, 39.51471862576143200, 8.485281374238569500 ) ) ;
#2827 = DIRECTION ( 'NONE',  ( 0.0000000000000000000, 0.0000000000000000000, -1.000000000000000000 ) ) ;
#2828 = LINE ( 'NONE', #4858, #209 ) ;
#2829 = DIRECTION ( 'NONE',  ( 0.0000000000000000000, -0.7071067811865450200, 0.7071067811865501300 ) ) ;
#2830 = DIRECTION ( 'NONE',  ( 0.0000000000000000000, 0.0000000000000000000, -1.000000000000000000 ) ) ;
#2831 = CARTESIAN_POINT ( 'NONE',  ( 1.250000000000000200, 55.99999999999999300, 8.000000000000000000 ) ) ;
#2832 = AXIS2_PLACEMENT_3D ( 'NONE', #3938, #1391, #49 ) ;
#2833 = LINE ( 'NONE', #435, #1162 ) ;
#2834 = DIRECTION ( 'NONE',  ( 3.652049423109066300E-016, -0.0000000000000000000, -1.000000000000000000 ) ) ;
#2835 = CYLINDRICAL_SURFACE ( 'NONE', #736, 2.025000000000002600 ) ;
#2836 = VERTEX_POINT ( 'NONE', #5410 ) ;
#2837 = VECTOR ( 'NONE', #4212, 1000.000000000000000 ) ;
#2838 = CARTESIAN_POINT ( 'NONE',  ( 4.724999999999991700, 24.00000000000000700, 16.00000000000000400 ) ) ;
#2839 = VECTOR ( 'NONE', #676, 1000.000000000000000 ) ;
#2840 = CARTESIAN_POINT ( 'NONE',  ( 1.250000000000000200, 24.00000000000000000, -2.024999999999999900 ) ) ;
#2841 = AXIS2_PLACEMENT_3D ( 'NONE', #4021, #135, #4420 ) ;
#2842 = ORIENTED_EDGE ( 'NONE', *, *, #4773, .T. ) ;
#2843 = ORIENTED_EDGE ( 'NONE', *, *, #1918, .F. ) ;
#2844 = EDGE_CURVE ( 'NONE', #2598, #4729, #3718, .T. ) ;
#2845 = FACE_BOUND ( 'NONE', #2855, .T. ) ;
#2846 = EDGE_CURVE ( 'NONE', #3550, #5272, #154, .T. ) ;
#2847 = CARTESIAN_POINT ( 'NONE',  ( -1.249999999999999800, 84.68629150101523400, 0.0000000000000000000 ) ) ;
#2848 = VERTEX_POINT ( 'NONE', #2409 ) ;
#2849 = ORIENTED_EDGE ( 'NONE', *, *, #1810, .T. ) ;
#2850 = DIRECTION ( 'NONE',  ( 1.000000000000000000, 0.0000000000000000000, 0.0000000000000000000 ) ) ;
#2851 = FACE_BOUND ( 'NONE', #388, .T. ) ;
#2852 = VECTOR ( 'NONE', #2423, 1000.000000000000000 ) ;
#2853 = CARTESIAN_POINT ( 'NONE',  ( 4.724999999999991700, 40.00000000000000700, 16.00000000000000400 ) ) ;
#2854 = DIRECTION ( 'NONE',  ( -1.826024711554532900E-016, 0.0000000000000000000, 1.000000000000000000 ) ) ;
#2855 = EDGE_LOOP ( 'NONE', ( #1042, #2077 ) ) ;
#2856 = EDGE_LOOP ( 'NONE', ( #1024, #1530, #2745, #1635 ) ) ;
#2857 = DIRECTION ( 'NONE',  ( 0.0000000000000000000, 1.000000000000000000, 0.0000000000000000000 ) ) ;
#2858 = ORIENTED_EDGE ( 'NONE', *, *, #876, .F. ) ;
#2859 = CIRCLE ( 'NONE', #2269, 2.024999999999997200 ) ;
#2860 = CARTESIAN_POINT ( 'NONE',  ( 1.250000000000000200, 58.56810876809721800, -10.56810876809725700 ) ) ;
#2861 = VERTEX_POINT ( 'NONE', #4705 ) ;
#2862 = DIRECTION ( 'NONE',  ( 1.000000000000000000, 0.0000000000000000000, 0.0000000000000000000 ) ) ;
#2863 = DIRECTION ( 'NONE',  ( 1.000000000000000000, -0.0000000000000000000, -0.0000000000000000000 ) ) ;
#2864 = ORIENTED_EDGE ( 'NONE', *, *, #5348, .T. ) ;
#2865 = VERTEX_POINT ( 'NONE', #5006 ) ;
#2866 = EDGE_CURVE ( 'NONE', #5147, #2676, #16, .T. ) ;
#2867 = ORIENTED_EDGE ( 'NONE', *, *, #1971, .T. ) ;
#2868 = CARTESIAN_POINT ( 'NONE',  ( -1.249999999999999800, 14.56810876809725000, -6.568108768097241400 ) ) ;
#2869 = DIRECTION ( 'NONE',  ( 1.000000000000000000, 0.0000000000000000000, 0.0000000000000000000 ) ) ;
#2870 = ORIENTED_EDGE ( 'NONE', *, *, #1624, .F. ) ;
#2871 = DIRECTION ( 'NONE',  ( 1.000000000000000000, -0.0000000000000000000, -0.0000000000000000000 ) ) ;
#2872 = AXIS2_PLACEMENT_3D ( 'NONE', #170, #3164, #879 ) ;
#2873 = LINE ( 'NONE', #341, #2609 ) ;
#2874 = CARTESIAN_POINT ( 'NONE',  ( 6.750000000000000900, 40.00000000000000700, -15.99999999999999600 ) ) ;
#2875 = AXIS2_PLACEMENT_3D ( 'NONE', #5029, #2023, #5452 ) ;
#2876 = ORIENTED_EDGE ( 'NONE', *, *, #4265, .F. ) ;
#2877 = DIRECTION ( 'NONE',  ( 0.0000000000000000000, 0.0000000000000000000, -1.000000000000000000 ) ) ;
#2878 = DIRECTION ( 'NONE',  ( -1.000000000000000000, 0.0000000000000000000, 0.0000000000000000000 ) ) ;
#2879 = ORIENTED_EDGE ( 'NONE', *, *, #2326, .T. ) ;
#2880 = AXIS2_PLACEMENT_3D ( 'NONE', #3565, #3160, #997 ) ;
#2881 = VERTEX_POINT ( 'NONE', #2153 ) ;
#2882 = VERTEX_POINT ( 'NONE', #5129 ) ;
#2883 = FACE_OUTER_BOUND ( 'NONE', #3986, .T. ) ;
#2884 = FACE_BOUND ( 'NONE', #350, .T. ) ;
#2885 = EDGE_CURVE ( 'NONE', #1266, #3512, #2047, .T. ) ;
#2886 = EDGE_LOOP ( 'NONE', ( #5541, #4811, #3437, #3715 ) ) ;
#2887 = DIRECTION ( 'NONE',  ( -1.000000000000000000, 0.0000000000000000000, 0.0000000000000000000 ) ) ;
#2888 = DIRECTION ( 'NONE',  ( 0.0000000000000000000, 0.0000000000000000000, -1.000000000000000000 ) ) ;
#2889 = CARTESIAN_POINT ( 'NONE',  ( -1.249999999999999800, 30.56810876809724700, 9.431891231902756800 ) ) ;
#2890 = DIRECTION ( 'NONE',  ( 1.000000000000000000, 0.0000000000000000000, 0.0000000000000000000 ) ) ;
#2891 = CARTESIAN_POINT ( 'NONE',  ( -1.249999999999999800, 14.08282739385868400, -7.053390142335805600 ) ) ;
#2892 = EDGE_CURVE ( 'NONE', #4922, #5225, #2444, .T. ) ;
#2893 = AXIS2_PLACEMENT_3D ( 'NONE', #2307, #601, #1072 ) ;
#2894 = FACE_OUTER_BOUND ( 'NONE', #4078, .T. ) ;
#2895 = DIRECTION ( 'NONE',  ( 1.000000000000000000, -0.0000000000000000000, 0.0000000000000000000 ) ) ;
#2896 = VECTOR ( 'NONE', #3859, 1000.000000000000000 ) ;
#2897 = EDGE_CURVE ( 'NONE', #4777, #4016, #712, .T. ) ;
#2898 = DIRECTION ( 'NONE',  ( -1.000000000000000000, 0.0000000000000000000, 0.0000000000000000000 ) ) ;
#2899 = CARTESIAN_POINT ( 'NONE',  ( 8.774999999999987900, 64.00000000000000000, 13.50000000000000000 ) ) ;
#2900 = VECTOR ( 'NONE', #434, 1000.000000000000000 ) ;
#2901 = FACE_OUTER_BOUND ( 'NONE', #3248, .T. ) ;
#2902 = DIRECTION ( 'NONE',  ( 0.0000000000000000000, -0.7071067811865412400, 0.7071067811865537900 ) ) ;
#2903 = DIRECTION ( 'NONE',  ( 0.0000000000000000000, -1.000000000000000000, 0.0000000000000000000 ) ) ;
#2904 = VECTOR ( 'NONE', #605, 1000.000000000000000 ) ;
#2905 = DIRECTION ( 'NONE',  ( 3.652049423109066300E-016, -0.0000000000000000000, -1.000000000000000000 ) ) ;
#2906 = CARTESIAN_POINT ( 'NONE',  ( 6.749999999999989300, 40.00000000000000700, 16.00000000000000400 ) ) ;
#2907 = ORIENTED_EDGE ( 'NONE', *, *, #4199, .F. ) ;
#2908 = ORIENTED_EDGE ( 'NONE', *, *, #5326, .F. ) ;
#2909 = AXIS2_PLACEMENT_3D ( 'NONE', #232, #1493, #632 ) ;
#2910 = VECTOR ( 'NONE', #3564, 1000.000000000000000 ) ;
#2911 = ORIENTED_EDGE ( 'NONE', *, *, #3130, .T. ) ;
#2912 = ORIENTED_EDGE ( 'NONE', *, *, #4933, .T. ) ;
#2913 = DIRECTION ( 'NONE',  ( 0.0000000000000000000, 0.7071067811865469100, 0.7071067811865482400 ) ) ;
#2914 = VECTOR ( 'NONE', #4662, 1000.000000000000100 ) ;
#2915 = VECTOR ( 'NONE', #2519, 1000.000000000000000 ) ;
#2916 = AXIS2_PLACEMENT_3D ( 'NONE', #3869, #4728, #438 ) ;
#2917 = ORIENTED_EDGE ( 'NONE', *, *, #4376, .F. ) ;
#2918 = VERTEX_POINT ( 'NONE', #3349 ) ;
#2919 = ORIENTED_EDGE ( 'NONE', *, *, #2105, .F. ) ;
#2920 = DIRECTION ( 'NONE',  ( 3.652049423109066300E-016, -0.0000000000000000000, -1.000000000000000000 ) ) ;
#2921 = LINE ( 'NONE', #3987, #2111 ) ;
#2922 = VECTOR ( 'NONE', #1545, 1000.000000000000000 ) ;
#2923 = VERTEX_POINT ( 'NONE', #3393 ) ;
#2924 = VERTEX_POINT ( 'NONE', #3824 ) ;
#2925 = ORIENTED_EDGE ( 'NONE', *, *, #2637, .F. ) ;
#2926 = CIRCLE ( 'NONE', #5515, 2.024999999999998100 ) ;
#2927 = EDGE_LOOP ( 'NONE', ( #2843, #229 ) ) ;
#2928 = EDGE_CURVE ( 'NONE', #2676, #4871, #2784, .T. ) ;
#2929 = ORIENTED_EDGE ( 'NONE', *, *, #1891, .T. ) ;
#2930 = DIRECTION ( 'NONE',  ( 1.000000000000000000, -0.0000000000000000000, -0.0000000000000000000 ) ) ;
#2931 = CARTESIAN_POINT ( 'NONE',  ( 1.250000000000000200, 56.48528137423857500, -8.485281374238564200 ) ) ;
#2932 = CARTESIAN_POINT ( 'NONE',  ( 1.250000000000000200, 48.00000000000000000, 0.0000000000000000000 ) ) ;
#2933 = DIRECTION ( 'NONE',  ( 3.652049423109066300E-016, 0.0000000000000000000, -1.000000000000000000 ) ) ;
#2934 = ORIENTED_EDGE ( 'NONE', *, *, #1818, .T. ) ;
#2935 = EDGE_LOOP ( 'NONE', ( #3378, #4804 ) ) ;
#2936 = CARTESIAN_POINT ( 'NONE',  ( 1.250000000000000200, 83.31370849898475200, 0.0000000000000000000 ) ) ;
#2937 = ORIENTED_EDGE ( 'NONE', *, *, #4693, .T. ) ;
#2938 = ORIENTED_EDGE ( 'NONE', *, *, #5420, .F. ) ;
#2939 = AXIS2_PLACEMENT_3D ( 'NONE', #2597, #2958, #4240 ) ;
#2940 = DIRECTION ( 'NONE',  ( 3.652049423109066300E-016, -0.0000000000000000000, -1.000000000000000000 ) ) ;
#2941 = CARTESIAN_POINT ( 'NONE',  ( -1.249999999999999800, 58.56810876809729600, 10.56810876809721700 ) ) ;
#2942 = ORIENTED_EDGE ( 'NONE', *, *, #3757, .F. ) ;
#2943 = EDGE_LOOP ( 'NONE', ( #715, #4135, #4386, #5009 ) ) ;
#2944 = DIRECTION ( 'NONE',  ( 0.0000000000000000000, 0.0000000000000000000, -1.000000000000000000 ) ) ;
#2945 = AXIS2_PLACEMENT_3D ( 'NONE', #3973, #3895, #4388 ) ;
#2946 = FACE_BOUND ( 'NONE', #1729, .T. ) ;
#2947 = ORIENTED_EDGE ( 'NONE', *, *, #1588, .T. ) ;
#2948 = DIRECTION ( 'NONE',  ( 1.000000000000000000, -0.0000000000000000000, -0.0000000000000000000 ) ) ;
#2949 = DIRECTION ( 'NONE',  ( 1.000000000000000000, -0.0000000000000000000, -0.0000000000000000000 ) ) ;
#2950 = EDGE_CURVE ( 'NONE', #3250, #5143, #3918, .T. ) ;
#2951 = VERTEX_POINT ( 'NONE', #3841 ) ;
#2952 = DIRECTION ( 'NONE',  ( 0.0000000000000000000, 0.0000000000000000000, -1.000000000000000000 ) ) ;
#2953 = DIRECTION ( 'NONE',  ( -1.000000000000000000, 0.0000000000000000000, -3.652049423109066800E-016 ) ) ;
#2954 = APPLICATION_CONTEXT ( 'configuration controlled 3d designs of mechanical parts and assemblies' ) ;
#2955 = EDGE_CURVE ( 'NONE', #4063, #5446, #1642, .T. ) ;
#2956 = DIRECTION ( 'NONE',  ( 1.000000000000000000, -0.0000000000000000000, -0.0000000000000000000 ) ) ;
#2957 = VECTOR ( 'NONE', #4098, 1000.000000000000000 ) ;
#2958 = DIRECTION ( 'NONE',  ( 1.000000000000000000, -0.0000000000000000000, -0.0000000000000000000 ) ) ;
#2959 = LINE ( 'NONE', #3997, #3767 ) ;
#2960 = ADVANCED_FACE ( 'NONE', ( #769 ), #3714, .F. ) ;
#2961 = CARTESIAN_POINT ( 'NONE',  ( 4.724999999999991700, 88.00000000000002800, 16.00000000000000400 ) ) ;
#2962 = CYLINDRICAL_SURFACE ( 'NONE', #796, 2.024999999999998100 ) ;
#2963 = EDGE_CURVE ( 'NONE', #3755, #3473, #5379, .T. ) ;
#2964 = LINE ( 'NONE', #1090, #5096 ) ;
#2965 = ORIENTED_EDGE ( 'NONE', *, *, #1715, .T. ) ;
#2966 = VECTOR ( 'NONE', #4963, 1000.000000000000100 ) ;
#2967 = DIRECTION ( 'NONE',  ( 1.000000000000000000, -0.0000000000000000000, 0.0000000000000000000 ) ) ;
#2968 = AXIS2_PLACEMENT_3D ( 'NONE', #1113, #219, #1501 ) ;
#2969 = CIRCLE ( 'NONE', #2909, 2.025000000000004400 ) ;
#2970 = CARTESIAN_POINT ( 'NONE',  ( -1.249999999999999800, 13.43189123190279200, -13.43189123190274400 ) ) ;
#2971 = APPROVAL_STATUS ( 'not_yet_approved' ) ;
#2972 = EDGE_LOOP ( 'NONE', ( #461, #5468, #2475, #426 ) ) ;
#2973 = ORIENTED_EDGE ( 'NONE', *, *, #4090, .F. ) ;
#2974 = CARTESIAN_POINT ( 'NONE',  ( -1.249999999999999800, 0.0000000000000000000, 2.024999999999999900 ) ) ;
#2975 = CIRCLE ( 'NONE', #2977, 2.024999999999990100 ) ;
#2976 = DIRECTION ( 'NONE',  ( -1.000000000000000000, 0.0000000000000000000, -0.0000000000000000000 ) ) ;
#2977 = AXIS2_PLACEMENT_3D ( 'NONE', #584, #1419, #1443 ) ;
#2978 = ORIENTED_EDGE ( 'NONE', *, *, #3252, .F. ) ;
#2979 = CARTESIAN_POINT ( 'NONE',  ( 1.250000000000000200, 88.00000000000001400, 8.000000000000003600 ) ) ;
#2980 = EDGE_LOOP ( 'NONE', ( #4167, #5025, #4797, #2925 ) ) ;
#2981 = FACE_OUTER_BOUND ( 'NONE', #3200, .T. ) ;
#2982 = LINE ( 'NONE', #817, #5256 ) ;
#2983 = EDGE_LOOP ( 'NONE', ( #1385, #4181, #1394, #2037 ) ) ;
#2984 = ORIENTED_EDGE ( 'NONE', *, *, #348, .T. ) ;
#2985 = ORIENTED_EDGE ( 'NONE', *, *, #3004, .T. ) ;
#2986 = CARTESIAN_POINT ( 'NONE',  ( -1.249999999999999800, 31.99999999999999300, 8.000000000000000000 ) ) ;
#2987 = DIRECTION ( 'NONE',  ( -1.826024711554532900E-016, 0.0000000000000000000, 1.000000000000000000 ) ) ;
#2988 = VECTOR ( 'NONE', #3034, 1000.000000000000000 ) ;
#2989 = EDGE_CURVE ( 'NONE', #5399, #5446, #4502, .T. ) ;
#2990 = EDGE_LOOP ( 'NONE', ( #5039, #4374, #1046, #1798 ) ) ;
#2991 = DIRECTION ( 'NONE',  ( 0.0000000000000000000, -0.7071067811865463500, -0.7071067811865487900 ) ) ;
#2992 = DIRECTION ( 'NONE',  ( 1.000000000000000000, -0.0000000000000000000, -0.0000000000000000000 ) ) ;
#2993 = AXIS2_PLACEMENT_3D ( 'NONE', #3763, #4133, #1566 ) ;
#2994 = ORIENTED_EDGE ( 'NONE', *, *, #4090, .T. ) ;
#2995 = APPROVAL_ROLE ( '' ) ;
#2996 = ADVANCED_FACE ( 'NONE', ( #287 ), #2243, .F. ) ;
#2997 = CARTESIAN_POINT ( 'NONE',  ( 1.250000000000000200, 11.31370849898475900, 0.0000000000000000000 ) ) ;
#2998 = ORIENTED_EDGE ( 'NONE', *, *, #2234, .F. ) ;
#2999 = EDGE_CURVE ( 'NONE', #4863, #1790, #4697, .T. ) ;
#3000 = EDGE_LOOP ( 'NONE', ( #1602, #1636, #129, #4245 ) ) ;
#3001 = CARTESIAN_POINT ( 'NONE',  ( 1.250000000000000200, 55.05339014233580700, 9.917172606141324600 ) ) ;
#3002 = EDGE_LOOP ( 'NONE', ( #5186, #2345, #5063, #4446 ) ) ;
#3003 = DIRECTION ( 'NONE',  ( 1.000000000000000000, -0.0000000000000000000, -0.0000000000000000000 ) ) ;
#3004 = EDGE_CURVE ( 'NONE', #2438, #2052, #5443, .T. ) ;
#3005 = SHAPE_DEFINITION_REPRESENTATION ( #4092, #5173 ) ;
#3006 = ORIENTED_EDGE ( 'NONE', *, *, #3752, .F. ) ;
#3007 = AXIS2_PLACEMENT_3D ( 'NONE', #2278, #3551, #2726 ) ;
#3008 = DIRECTION ( 'NONE',  ( 1.000000000000000000, -0.0000000000000000000, -0.0000000000000000000 ) ) ;
#3009 = CARTESIAN_POINT ( 'NONE',  ( 8.774999999999987900, 48.00000000000000700, 16.00000000000000400 ) ) ;
#3010 = DIRECTION ( 'NONE',  ( 0.0000000000000000000, 0.0000000000000000000, -1.000000000000000000 ) ) ;
#3011 = ORIENTED_EDGE ( 'NONE', *, *, #4933, .F. ) ;
#3012 = CARTESIAN_POINT ( 'NONE',  ( 8.774999999999987900, 56.00000000000000700, 16.00000000000000400 ) ) ;
#3013 = ORIENTED_EDGE ( 'NONE', *, *, #33, .T. ) ;
#3014 = DIRECTION ( 'NONE',  ( 0.0000000000000000000, 0.0000000000000000000, -1.000000000000000000 ) ) ;
#3015 = AXIS2_PLACEMENT_3D ( 'NONE', #2780, #4891, #202 ) ;
#3016 = DIRECTION ( 'NONE',  ( 1.826024711554532900E-016, -0.0000000000000000000, 1.000000000000000000 ) ) ;
#3017 = MECHANICAL_CONTEXT ( 'NONE', #2954, 'mechanical' ) ;
#3018 = EDGE_LOOP ( 'NONE', ( #1911, #4171, #2544, #119 ) ) ;
#3019 = AXIS2_PLACEMENT_3D ( 'NONE', #3502, #107, #2167 ) ;
#3020 = DIRECTION ( 'NONE',  ( 0.0000000000000000000, 0.0000000000000000000, -1.000000000000000000 ) ) ;
#3021 = FACE_BOUND ( 'NONE', #4653, .T. ) ;
#3022 = VECTOR ( 'NONE', #3388, 1000.000000000000000 ) ;
#3023 = ORIENTED_EDGE ( 'NONE', *, *, #3720, .F. ) ;
#3024 = ADVANCED_FACE ( 'NONE', ( #4165 ), #10, .F. ) ;
#3025 = AXIS2_PLACEMENT_3D ( 'NONE', #3431, #3481, #4731 ) ;
#3026 = DIRECTION ( 'NONE',  ( 3.652049423109066300E-016, -0.0000000000000000000, -1.000000000000000000 ) ) ;
#3027 = CYLINDRICAL_SURFACE ( 'NONE', #2761, 2.025000000000002600 ) ;
#3028 = EDGE_CURVE ( 'NONE', #505, #1168, #3845, .T. ) ;
#3029 = LINE ( 'NONE', #1205, #1353 ) ;
#3030 = DIRECTION ( 'NONE',  ( -1.000000000000000000, 0.0000000000000000000, 0.0000000000000000000 ) ) ;
#3031 = ADVANCED_FACE ( 'NONE', ( #3374 ), #1302, .F. ) ;
#3032 = CARTESIAN_POINT ( 'NONE',  ( -1.249999999999999800, 83.31370849898475200, 2.024999999999999900 ) ) ;
#3033 = CIRCLE ( 'NONE', #3860, 2.024999999999997200 ) ;
#3034 = DIRECTION ( 'NONE',  ( 3.652049423109066300E-016, -0.0000000000000000000, -1.000000000000000000 ) ) ;
#3035 = CIRCLE ( 'NONE', #1157, 2.025000000000004400 ) ;
#3036 = ORIENTED_EDGE ( 'NONE', *, *, #569, .T. ) ;
#3037 = EDGE_LOOP ( 'NONE', ( #3593, #3523, #4293, #5409 ) ) ;
#3038 = DIRECTION ( 'NONE',  ( -1.000000000000000000, 0.0000000000000000000, -0.0000000000000000000 ) ) ;
#3039 = EDGE_CURVE ( 'NONE', #2114, #5074, #2440, .T. ) ;
#3040 = DIRECTION ( 'NONE',  ( 0.0000000000000000000, 0.0000000000000000000, -1.000000000000000000 ) ) ;
#3041 = CARTESIAN_POINT ( 'NONE',  ( 1.250000000000000200, 48.00000000000000000, 2.024999999999999900 ) ) ;
#3042 = VECTOR ( 'NONE', #2194, 1000.000000000000000 ) ;
#3043 = CARTESIAN_POINT ( 'NONE',  ( 4.725000000000001400, 48.00000000000000700, -13.50000000000000200 ) ) ;
#3044 = ORIENTED_EDGE ( 'NONE', *, *, #3927, .T. ) ;
#3045 = EDGE_LOOP ( 'NONE', ( #3814, #2185 ) ) ;
#3046 = AXIS2_PLACEMENT_3D ( 'NONE', #4974, #4541, #5018 ) ;
#3047 = CARTESIAN_POINT ( 'NONE',  ( -1.249999999999999800, 80.00000000000000000, -7.999999999999994700 ) ) ;
#3048 = DIRECTION ( 'NONE',  ( 0.0000000000000000000, 0.0000000000000000000, -1.000000000000000000 ) ) ;
#3049 = VECTOR ( 'NONE', #1349, 1000.000000000000000 ) ;
#3050 = DIRECTION ( 'NONE',  ( 1.000000000000000000, -0.0000000000000000000, -0.0000000000000000000 ) ) ;
#3051 = CIRCLE ( 'NONE', #2661, 2.025000000000000800 ) ;
#3052 = ADVANCED_FACE ( 'NONE', ( #424 ), #1377, .F. ) ;
#3053 = ORIENTED_EDGE ( 'NONE', *, *, #989, .T. ) ;
#3054 = ORIENTED_EDGE ( 'NONE', *, *, #615, .T. ) ;
#3055 = ORIENTED_EDGE ( 'NONE', *, *, #5109, .T. ) ;
#3056 = CARTESIAN_POINT ( 'NONE',  ( -1.249999999999999800, 31.05339014233581100, 9.917172606141324600 ) ) ;
#3057 = EDGE_CURVE ( 'NONE', #984, #1920, #4569, .T. ) ;
#3058 = LINE ( 'NONE', #5032, #366 ) ;
#3059 = ORIENTED_EDGE ( 'NONE', *, *, #4712, .T. ) ;
#3060 = ORIENTED_EDGE ( 'NONE', *, *, #2608, .F. ) ;
#3061 = ORIENTED_EDGE ( 'NONE', *, *, #1820, .T. ) ;
#3062 = EDGE_CURVE ( 'NONE', #2325, #531, #5304, .T. ) ;
#3063 = DIRECTION ( 'NONE',  ( 1.000000000000000000, -0.0000000000000000000, 0.0000000000000000000 ) ) ;
#3064 = CARTESIAN_POINT ( 'NONE',  ( -46.75000000000000000, 9.431891231902763900, -6.568108768097239600 ) ) ;
#3065 = ORIENTED_EDGE ( 'NONE', *, *, #257, .T. ) ;
#3066 = VERTEX_POINT ( 'NONE', #1339 ) ;
#3067 = APPROVAL ( #2971, 'UNSPECIFIED' ) ;
#3068 = CARTESIAN_POINT ( 'NONE',  ( -1.249999999999999800, 81.91717260614133500, -7.053390142335809200 ) ) ;
#3069 = EDGE_CURVE ( 'NONE', #5520, #510, #5517, .T. ) ;
#3070 = CARTESIAN_POINT ( 'NONE',  ( -1.249999999999999800, 40.00000000000000000, 5.974999999999997900 ) ) ;
#3071 = EDGE_CURVE ( 'NONE', #3683, #45, #4235, .T. ) ;
#3072 = DIRECTION ( 'NONE',  ( 1.000000000000000000, -0.0000000000000000000, -0.0000000000000000000 ) ) ;
#3073 = ORIENTED_EDGE ( 'NONE', *, *, #2963, .T. ) ;
#3074 = ORIENTED_EDGE ( 'NONE', *, *, #2716, .T. ) ;
#3075 = VERTEX_POINT ( 'NONE', #1395 ) ;
#3076 = ORIENTED_EDGE ( 'NONE', *, *, #2271, .F. ) ;
#3077 = PLANE ( 'NONE',  #2832 ) ;
#3078 = EDGE_CURVE ( 'NONE', #1883, #5180, #2580, .T. ) ;
#3079 = ADVANCED_FACE ( 'NONE', ( #3110 ), #1914, .F. ) ;
#3080 = ORIENTED_EDGE ( 'NONE', *, *, #3130, .F. ) ;
#3081 = CARTESIAN_POINT ( 'NONE',  ( 1.250000000000000200, 17.43189123190276000, 9.431891231902762100 ) ) ;
#3082 = VERTEX_POINT ( 'NONE', #2275 ) ;
#3083 = DIRECTION ( 'NONE',  ( 3.652049423109066300E-016, -0.0000000000000000000, -1.000000000000000000 ) ) ;
#3084 = AXIS2_PLACEMENT_3D ( 'NONE', #1390, #5179, #4335 ) ;
#3085 = VECTOR ( 'NONE', #2857, 1000.000000000000000 ) ;
#3086 = CIRCLE ( 'NONE', #1326, 2.024999999999997200 ) ;
#3087 = DIRECTION ( 'NONE',  ( 1.000000000000000000, -0.0000000000000000000, -0.0000000000000000000 ) ) ;
#3088 = ORIENTED_EDGE ( 'NONE', *, *, #3039, .T. ) ;
#3089 = LINE ( 'NONE', #4499, #125 ) ;
#3090 = AXIS2_PLACEMENT_3D ( 'NONE', #4437, #4939, #5363 ) ;
#3091 = VERTEX_POINT ( 'NONE', #979 ) ;
#3092 = PLANE ( 'NONE',  #4283 ) ;
#3093 = CYLINDRICAL_SURFACE ( 'NONE', #2072, 2.024999999999998100 ) ;
#3094 = AXIS2_PLACEMENT_3D ( 'NONE', #93, #114, #2691 ) ;
#3095 = EDGE_CURVE ( 'NONE', #1140, #4995, #1106, .T. ) ;
#3096 = CARTESIAN_POINT ( 'NONE',  ( -1.249999999999999800, 34.56810876809729600, 10.56810876809721700 ) ) ;
#3097 = VECTOR ( 'NONE', #1030, 1000.000000000000000 ) ;
#3098 = CARTESIAN_POINT ( 'NONE',  ( 10.75000000000000400, 96.00000000000000000, 13.50000000000000000 ) ) ;
#3099 = VECTOR ( 'NONE', #4618, 1000.000000000000000 ) ;
#3100 = LINE ( 'NONE', #2000, #2700 ) ;
#3101 = EDGE_CURVE ( 'NONE', #552, #2537, #5108, .T. ) ;
#3102 = EDGE_LOOP ( 'NONE', ( #4440, #577, #5105, #327 ) ) ;
#3103 = FACE_OUTER_BOUND ( 'NONE', #3802, .T. ) ;
#3104 = LINE ( 'NONE', #4080, #962 ) ;
#3105 = EDGE_CURVE ( 'NONE', #1297, #4639, #4433, .T. ) ;
#3106 = CARTESIAN_POINT ( 'NONE',  ( -1.249999999999999800, 32.48528137423856100, 8.485281374238569500 ) ) ;
#3107 = CARTESIAN_POINT ( 'NONE',  ( -1.249999999999999800, 78.56810876809724700, -9.431891231902755000 ) ) ;
#3108 = ORIENTED_EDGE ( 'NONE', *, *, #5072, .T. ) ;
#3109 = EDGE_LOOP ( 'NONE', ( #255, #2074, #2281, #708 ) ) ;
#3110 = FACE_OUTER_BOUND ( 'NONE', #1256, .T. ) ;
#3111 = DIRECTION ( 'NONE',  ( -1.000000000000000000, 0.0000000000000000000, 0.0000000000000000000 ) ) ;
#3112 = CARTESIAN_POINT ( 'NONE',  ( 4.725000000000001400, 40.00000000000000700, -13.50000000000000200 ) ) ;
#3113 = EDGE_LOOP ( 'NONE', ( #2478, #3671 ) ) ;
#3114 = ORIENTED_EDGE ( 'NONE', *, *, #458, .T. ) ;
#3115 = CARTESIAN_POINT ( 'NONE',  ( -1.249999999999999800, 55.99999999999999300, 8.000000000000000000 ) ) ;
#3116 = VECTOR ( 'NONE', #3482, 999.9999999999998900 ) ;
#3117 = ORIENTED_EDGE ( 'NONE', *, *, #4352, .T. ) ;
#3118 = AXIS2_PLACEMENT_3D ( 'NONE', #4822, #5255, #3579 ) ;
#3119 = CARTESIAN_POINT ( 'NONE',  ( -1.249999999999999800, 0.0000000000000000000, 2.024999999999999900 ) ) ;
#3120 = VERTEX_POINT ( 'NONE', #4464 ) ;
#3121 = VECTOR ( 'NONE', #5439, 1000.000000000000000 ) ;
#3122 = FACE_OUTER_BOUND ( 'NONE', #3796, .T. ) ;
#3123 = ORIENTED_EDGE ( 'NONE', *, *, #3376, .F. ) ;
#3124 = CARTESIAN_POINT ( 'NONE',  ( 1.250000000000000200, 65.43189123190276700, -9.431891231902755000 ) ) ;
#3125 = ORIENTED_EDGE ( 'NONE', *, *, #706, .T. ) ;
#3126 = CARTESIAN_POINT ( 'NONE',  ( -46.75000000000000000, 6.568108768097244100, -9.431891231902760400 ) ) ;
#3127 = AXIS2_PLACEMENT_3D ( 'NONE', #1959, #5418, #4938 ) ;
#3128 = EDGE_CURVE ( 'NONE', #2244, #1812, #149, .T. ) ;
#3129 = ORIENTED_EDGE ( 'NONE', *, *, #2011, .F. ) ;
#3130 = EDGE_CURVE ( 'NONE', #4197, #2369, #2106, .T. ) ;
#3131 = ORIENTED_EDGE ( 'NONE', *, *, #376, .F. ) ;
#3132 = DIRECTION ( 'NONE',  ( 3.652049423109066300E-016, -0.0000000000000000000, -1.000000000000000000 ) ) ;
#3133 = CARTESIAN_POINT ( 'NONE',  ( 1.250000000000000200, 32.48528137423857500, -10.51028137423856800 ) ) ;
#3134 = VECTOR ( 'NONE', #1207, 1000.000000000000000 ) ;
#3135 = DATE_AND_TIME ( #314, #1058 ) ;
#3136 = ORIENTED_EDGE ( 'NONE', *, *, #1603, .F. ) ;
#3137 = ORIENTED_EDGE ( 'NONE', *, *, #4890, .T. ) ;
#3138 = ADVANCED_FACE ( 'NONE', ( #88 ), #1984, .F. ) ;
#3139 = VECTOR ( 'NONE', #634, 1000.000000000000000 ) ;
#3140 = CARTESIAN_POINT ( 'NONE',  ( 1.250000000000000200, 80.48528137423856800, 8.485281374238569500 ) ) ;
#3141 = CARTESIAN_POINT ( 'NONE',  ( 1.250000000000000200, 79.99999999999998600, 8.000000000000000000 ) ) ;
#3142 = EDGE_LOOP ( 'NONE', ( #850, #4402 ) ) ;
#3143 = ORIENTED_EDGE ( 'NONE', *, *, #3786, .T. ) ;
#3144 = DIRECTION ( 'NONE',  ( 1.000000000000000000, -0.0000000000000000000, 0.0000000000000000000 ) ) ;
#3145 = DIRECTION ( 'NONE',  ( -1.000000000000000000, 0.0000000000000000000, 0.0000000000000000000 ) ) ;
#3146 = PLANE ( 'NONE',  #3118 ) ;
#3147 = ORIENTED_EDGE ( 'NONE', *, *, #3929, .T. ) ;
#3148 = EDGE_CURVE ( 'NONE', #803, #2598, #1430, .T. ) ;
#3149 = CARTESIAN_POINT ( 'NONE',  ( 1.250000000000000200, 8.485281374238571300, -10.51028137423856600 ) ) ;
#3150 = ORIENTED_EDGE ( 'NONE', *, *, #1676, .T. ) ;
#3151 = AXIS2_PLACEMENT_3D ( 'NONE', #1466, #4875, #5212 ) ;
#3152 = AXIS2_PLACEMENT_3D ( 'NONE', #1189, #2940, #4579 ) ;
#3153 = LINE ( 'NONE', #4687, #5292 ) ;
#3154 = DIRECTION ( 'NONE',  ( 0.0000000000000000000, 1.000000000000000000, 0.0000000000000000000 ) ) ;
#3155 = DIRECTION ( 'NONE',  ( -1.000000000000000000, 0.0000000000000000000, 0.0000000000000000000 ) ) ;
#3156 = ADVANCED_FACE ( 'NONE', ( #3302, #1562, #966, #832, #3440, #2306, #705, #3168, #2845, #2041, #5251, #4108 ), #2701, .T. ) ;
#3157 = FACE_OUTER_BOUND ( 'NONE', #2277, .T. ) ;
#3158 = CARTESIAN_POINT ( 'NONE',  ( 1.250000000000000200, 58.56810876809729600, 10.56810876809721700 ) ) ;
#3159 = CC_DESIGN_PERSON_AND_ORGANIZATION_ASSIGNMENT ( #243, #2184, ( #5350 ) ) ;
#3160 = DIRECTION ( 'NONE',  ( 3.652049423109066300E-016, -0.0000000000000000000, -1.000000000000000000 ) ) ;
#3161 = EDGE_CURVE ( 'NONE', #1032, #3075, #4042, .T. ) ;
#3162 = DIRECTION ( 'NONE',  ( 3.652049423109066300E-016, -0.0000000000000000000, -1.000000000000000000 ) ) ;
#3163 = CIRCLE ( 'NONE', #5344, 2.025000000000002600 ) ;
#3164 = DIRECTION ( 'NONE',  ( 0.0000000000000000000, 1.000000000000000000, -0.0000000000000000000 ) ) ;
#3165 = VERTEX_POINT ( 'NONE', #2289 ) ;
#3166 = ORIENTED_EDGE ( 'NONE', *, *, #439, .F. ) ;
#3167 = FACE_OUTER_BOUND ( 'NONE', #2530, .T. ) ;
#3168 = FACE_BOUND ( 'NONE', #181, .T. ) ;
#3169 = EDGE_CURVE ( 'NONE', #17, #4892, #2975, .T. ) ;
#3170 = ORIENTED_EDGE ( 'NONE', *, *, #4172, .F. ) ;
#3171 = VERTEX_POINT ( 'NONE', #162 ) ;
#3172 = EDGE_CURVE ( 'NONE', #4116, #4602, #761, .T. ) ;
#3173 = CIRCLE ( 'NONE', #3366, 2.024999999999999000 ) ;
#3174 = EDGE_LOOP ( 'NONE', ( #3872, #2772, #2938, #5111 ) ) ;
#3175 = ADVANCED_FACE ( 'NONE', ( #2377 ), #1409, .T. ) ;
#3176 = VERTEX_POINT ( 'NONE', #602 ) ;
#3177 = ORIENTED_EDGE ( 'NONE', *, *, #188, .T. ) ;
#3178 = LINE ( 'NONE', #3379, #4176 ) ;
#3179 = DIRECTION ( 'NONE',  ( 3.652049423109066300E-016, -0.0000000000000000000, -1.000000000000000000 ) ) ;
#3180 = CARTESIAN_POINT ( 'NONE',  ( -1.250000000000001100, 89.43189123190276700, 9.431891231902772800 ) ) ;
#3181 = FACE_BOUND ( 'NONE', #776, .T. ) ;
#3182 = ORIENTED_EDGE ( 'NONE', *, *, #668, .F. ) ;
#3183 = ORIENTED_EDGE ( 'NONE', *, *, #5089, .F. ) ;
#3184 = CARTESIAN_POINT ( 'NONE',  ( 6.749999999999989300, 32.00000000000000700, 16.00000000000000400 ) ) ;
#3185 = ORIENTED_EDGE ( 'NONE', *, *, #355, .T. ) ;
#3186 = DIRECTION ( 'NONE',  ( 0.0000000000000000000, 0.0000000000000000000, -1.000000000000000000 ) ) ;
#3187 = AXIS2_PLACEMENT_3D ( 'NONE', #4535, #4109, #288 ) ;
#3188 = DIRECTION ( 'NONE',  ( -1.826024711554532900E-016, 0.0000000000000000000, 1.000000000000000000 ) ) ;
#3189 = EDGE_CURVE ( 'NONE', #1061, #1213, #3984, .T. ) ;
#3190 = ADVANCED_FACE ( 'NONE', ( #2711 ), #562, .F. ) ;
#3191 = ORIENTED_EDGE ( 'NONE', *, *, #2426, .F. ) ;
#3192 = EDGE_LOOP ( 'NONE', ( #1053, #3605, #946, #3711 ) ) ;
#3193 = DIRECTION ( 'NONE',  ( 1.000000000000000000, -0.0000000000000000000, 0.0000000000000000000 ) ) ;
#3194 = VECTOR ( 'NONE', #2903, 1000.000000000000000 ) ;
#3195 = DIRECTION ( 'NONE',  ( 0.0000000000000000000, 0.0000000000000000000, -1.000000000000000000 ) ) ;
#3196 = ORIENTED_EDGE ( 'NONE', *, *, #3825, .T. ) ;
#3197 = AXIS2_PLACEMENT_3D ( 'NONE', #61, #500, #4522 ) ;
#3198 = DIRECTION ( 'NONE',  ( 3.652049423109066300E-016, -0.0000000000000000000, -1.000000000000000000 ) ) ;
#3199 = EDGE_CURVE ( 'NONE', #3991, #4987, #4979, .T. ) ;
#3200 = EDGE_LOOP ( 'NONE', ( #1788, #2401, #1928, #2876 ) ) ;
#3201 = DIRECTION ( 'NONE',  ( 1.000000000000000000, -0.0000000000000000000, -0.0000000000000000000 ) ) ;
#3202 = EDGE_LOOP ( 'NONE', ( #932, #3185 ) ) ;
#3203 = CARTESIAN_POINT ( 'NONE',  ( 6.749999999999990200, 24.00000000000000700, 13.50000000000000000 ) ) ;
#3204 = CARTESIAN_POINT ( 'NONE',  ( -1.249999999999999800, 48.00000000000000000, 6.999999999999999100 ) ) ;
#3205 = DIRECTION ( 'NONE',  ( -1.000000000000000000, 0.0000000000000000000, 0.0000000000000000000 ) ) ;
#3206 = VECTOR ( 'NONE', #1563, 1000.000000000000000 ) ;
#3207 = CARTESIAN_POINT ( 'NONE',  ( -1.249999999999999800, 62.08282739385868600, -7.053390142335805600 ) ) ;
#3208 = ORIENTED_EDGE ( 'NONE', *, *, #1299, .F. ) ;
#3209 = ADVANCED_FACE ( 'NONE', ( #1236 ), #624, .F. ) ;
#3210 = EDGE_CURVE ( 'NONE', #1455, #2052, #1705, .T. ) ;
#3211 = CARTESIAN_POINT ( 'NONE',  ( -1.249999999999999800, 13.43189123190266600, 13.43189123190281200 ) ) ;
#3212 = LINE ( 'NONE', #1211, #330 ) ;
#3213 = VERTEX_POINT ( 'NONE', #272 ) ;
#3214 = CARTESIAN_POINT ( 'NONE',  ( 6.749999999999990200, 16.00000000000000700, 13.50000000000000000 ) ) ;
#3215 = DIRECTION ( 'NONE',  ( 1.000000000000000000, -0.0000000000000000000, -0.0000000000000000000 ) ) ;
#3216 = DIRECTION ( 'NONE',  ( 0.0000000000000000000, 0.0000000000000000000, -1.000000000000000000 ) ) ;
#3217 = LINE ( 'NONE', #451, #5085 ) ;
#3218 = ORIENTED_EDGE ( 'NONE', *, *, #4059, .T. ) ;
#3219 = DIRECTION ( 'NONE',  ( 0.0000000000000000000, 0.0000000000000000000, -1.000000000000000000 ) ) ;
#3220 = DIRECTION ( 'NONE',  ( 3.652049423109066300E-016, -0.0000000000000000000, -1.000000000000000000 ) ) ;
#3221 = DIRECTION ( 'NONE',  ( 1.000000000000000000, -0.0000000000000000000, 0.0000000000000000000 ) ) ;
#3222 = AXIS2_PLACEMENT_3D ( 'NONE', #2970, #398, #3398 ) ;
#3223 = FACE_OUTER_BOUND ( 'NONE', #1312, .T. ) ;
#3224 = CYLINDRICAL_SURFACE ( 'NONE', #5566, 6.999999999999999100 ) ;
#3225 = DIRECTION ( 'NONE',  ( 0.0000000000000000000, -1.000000000000000000, 0.0000000000000000000 ) ) ;
#3226 = AXIS2_PLACEMENT_3D ( 'NONE', #630, #5297, #3155 ) ;
#3227 = EDGE_CURVE ( 'NONE', #3270, #3710, #4364, .T. ) ;
#3228 = LINE ( 'NONE', #3064, #3503 ) ;
#3229 = FACE_BOUND ( 'NONE', #4709, .T. ) ;
#3230 = DIRECTION ( 'NONE',  ( 1.000000000000000000, -0.0000000000000000000, 0.0000000000000000000 ) ) ;
#3231 = DIRECTION ( 'NONE',  ( 0.0000000000000000000, 0.0000000000000000000, -1.000000000000000000 ) ) ;
#3232 = EDGE_CURVE ( 'NONE', #5194, #1883, #3104, .T. ) ;
#3233 = ORIENTED_EDGE ( 'NONE', *, *, #940, .F. ) ;
#3234 = LINE ( 'NONE', #1753, #824 ) ;
#3235 = VECTOR ( 'NONE', #4521, 1000.000000000000000 ) ;
#3236 = PLANE ( 'NONE',  #4124 ) ;
#3237 = CARTESIAN_POINT ( 'NONE',  ( -1.249999999999999800, 10.56810876809729600, -10.56810876809726100 ) ) ;
#3238 = EDGE_CURVE ( 'NONE', #225, #3710, #81, .T. ) ;
#3239 = CARTESIAN_POINT ( 'NONE',  ( 6.750000000000000900, 64.00000000000000000, -15.99999999999999600 ) ) ;
#3240 = EDGE_CURVE ( 'NONE', #3595, #3270, #5103, .T. ) ;
#3241 = CARTESIAN_POINT ( 'NONE',  ( -1.249999999999999800, 33.91717260614131400, 7.053390142335818100 ) ) ;
#3242 = ORIENTED_EDGE ( 'NONE', *, *, #3650, .F. ) ;
#3243 = VERTEX_POINT ( 'NONE', #4999 ) ;
#3244 = CARTESIAN_POINT ( 'NONE',  ( 6.749999999999989300, 24.00000000000000700, 16.00000000000000400 ) ) ;
#3245 = VECTOR ( 'NONE', #2654, 999.9999999999998900 ) ;
#3246 = PLANE ( 'NONE',  #5084 ) ;
#3247 = ORIENTED_EDGE ( 'NONE', *, *, #732, .T. ) ;
#3248 = EDGE_LOOP ( 'NONE', ( #4257, #4367, #2934, #1313 ) ) ;
#3249 = CIRCLE ( 'NONE', #5294, 2.024999999999998100 ) ;
#3250 = VERTEX_POINT ( 'NONE', #1499 ) ;
#3251 = DIRECTION ( 'NONE',  ( -1.826024711554532900E-016, 0.0000000000000000000, 1.000000000000000000 ) ) ;
#3252 = EDGE_CURVE ( 'NONE', #3995, #1780, #216, .T. ) ;
#3253 = ORIENTED_EDGE ( 'NONE', *, *, #675, .F. ) ;
#3254 = ORIENTED_EDGE ( 'NONE', *, *, #5182, .T. ) ;
#3255 = VECTOR ( 'NONE', #2187, 1000.000000000000000 ) ;
#3256 = DIRECTION ( 'NONE',  ( 1.000000000000000000, -0.0000000000000000000, -0.0000000000000000000 ) ) ;
#3257 = ORIENTED_EDGE ( 'NONE', *, *, #2955, .F. ) ;
#3258 = AXIS2_PLACEMENT_3D ( 'NONE', #4162, #2002, #297 ) ;
#3259 = VERTEX_POINT ( 'NONE', #2819 ) ;
#3260 = AXIS2_PLACEMENT_3D ( 'NONE', #1498, #2350, #3219 ) ;
#3261 = DIRECTION ( 'NONE',  ( 1.000000000000000000, -0.0000000000000000000, -0.0000000000000000000 ) ) ;
#3262 = DIRECTION ( 'NONE',  ( -1.000000000000000000, 0.0000000000000000000, 0.0000000000000000000 ) ) ;
#3263 = DIRECTION ( 'NONE',  ( -1.000000000000000000, 0.0000000000000000000, 0.0000000000000000000 ) ) ;
#3264 = CARTESIAN_POINT ( 'NONE',  ( 4.725000000000003200, 80.00000000000001400, -15.99999999999999600 ) ) ;
#3265 = CARTESIAN_POINT ( 'NONE',  ( -1.249999999999999800, 33.43189123190274600, 6.568108768097250300 ) ) ;
#3266 = VERTEX_POINT ( 'NONE', #5331 ) ;
#3267 = ORIENTED_EDGE ( 'NONE', *, *, #5258, .F. ) ;
#3268 = AXIS2_PLACEMENT_3D ( 'NONE', #4074, #1051, #4456 ) ;
#3269 = CARTESIAN_POINT ( 'NONE',  ( 6.749999999999989300, 56.00000000000000700, 16.00000000000000400 ) ) ;
#3270 = VERTEX_POINT ( 'NONE', #4539 ) ;
#3271 = ORIENTED_EDGE ( 'NONE', *, *, #4683, .F. ) ;
#3272 = DIRECTION ( 'NONE',  ( 0.0000000000000000000, 0.7071067811865469100, 0.7071067811865482400 ) ) ;
#3273 = CYLINDRICAL_SURFACE ( 'NONE', #5380, 2.025000000000000800 ) ;
#3274 = EDGE_LOOP ( 'NONE', ( #1774, #570 ) ) ;
#3275 = EDGE_CURVE ( 'NONE', #4995, #1140, #1369, .T. ) ;
#3276 = VERTEX_POINT ( 'NONE', #1111 ) ;
#3277 = CARTESIAN_POINT ( 'NONE',  ( 1.250000000000000200, 8.485281374238571300, -8.485281374238566000 ) ) ;
#3278 = CARTESIAN_POINT ( 'NONE',  ( 8.774999999999987900, 88.00000000000002800, 16.00000000000000400 ) ) ;
#3279 = CARTESIAN_POINT ( 'NONE',  ( 6.749999999999989300, 8.000000000000007100, 16.00000000000000400 ) ) ;
#3280 = ORIENTED_EDGE ( 'NONE', *, *, #654, .T. ) ;
#3281 = EDGE_CURVE ( 'NONE', #1460, #745, #3910, .T. ) ;
#3282 = CIRCLE ( 'NONE', #5299, 2.025000000000004400 ) ;
#3283 = CIRCLE ( 'NONE', #4496, 2.024999999999997200 ) ;
#3284 = ORIENTED_EDGE ( 'NONE', *, *, #4594, .F. ) ;
#3285 = EDGE_CURVE ( 'NONE', #4393, #2193, #2571, .T. ) ;
#3286 = DIRECTION ( 'NONE',  ( 0.0000000000000000000, 0.7071067811865469100, 0.7071067811865482400 ) ) ;
#3287 = DIRECTION ( 'NONE',  ( 1.000000000000000000, -0.0000000000000000000, -0.0000000000000000000 ) ) ;
#3288 = LINE ( 'NONE', #3644, #3422 ) ;
#3289 = CIRCLE ( 'NONE', #3, 2.024999999999997200 ) ;
#3290 = DIRECTION ( 'NONE',  ( 3.652049423109066300E-016, 0.0000000000000000000, -1.000000000000000000 ) ) ;
#3291 = CARTESIAN_POINT ( 'NONE',  ( -1.249999999999999800, 64.00000000000000000, 5.974999999999997900 ) ) ;
#3292 = CYLINDRICAL_SURFACE ( 'NONE', #4550, 2.025000000000002600 ) ;
#3293 = FACE_BOUND ( 'NONE', #4404, .T. ) ;
#3294 = CARTESIAN_POINT ( 'NONE',  ( -1.249999999999999800, 79.05339014233581500, -9.917172606141329900 ) ) ;
#3295 = LINE ( 'NONE', #4744, #2034 ) ;
#3296 = CARTESIAN_POINT ( 'NONE',  ( -1.249999999999999800, 16.00000000000000700, -7.999999999999996400 ) ) ;
#3297 = ORIENTED_EDGE ( 'NONE', *, *, #4727, .T. ) ;
#3298 = ORIENTED_EDGE ( 'NONE', *, *, #3620, .T. ) ;
#3299 = PLANE ( 'NONE',  #5438 ) ;
#3300 = CYLINDRICAL_SURFACE ( 'NONE', #3491, 2.025000000000004400 ) ;
#3301 = CARTESIAN_POINT ( 'NONE',  ( -1.249999999999999800, 63.51471862576143900, -8.485281374238566000 ) ) ;
#3302 = FACE_BOUND ( 'NONE', #4044, .T. ) ;
#3303 = CARTESIAN_POINT ( 'NONE',  ( -1.250000000000001100, 86.56810876809723300, 6.568108768097255600 ) ) ;
#3304 = EDGE_CURVE ( 'NONE', #2457, #1397, #1980, .T. ) ;
#3305 = DIRECTION ( 'NONE',  ( 0.0000000000000000000, 0.7071067811865450200, -0.7071067811865501300 ) ) ;
#3306 = ORIENTED_EDGE ( 'NONE', *, *, #2989, .T. ) ;
#3307 = VERTEX_POINT ( 'NONE', #2777 ) ;
#3308 = CIRCLE ( 'NONE', #5374, 2.024999999999997200 ) ;
#3309 = CARTESIAN_POINT ( 'NONE',  ( -1.249999999999999800, 38.08282739385867200, 7.053390142335810100 ) ) ;
#3310 = DIRECTION ( 'NONE',  ( 3.652049423109066300E-016, 0.0000000000000000000, -1.000000000000000000 ) ) ;
#3311 = ORIENTED_EDGE ( 'NONE', *, *, #1947, .T. ) ;
#3312 = ORIENTED_EDGE ( 'NONE', *, *, #3078, .T. ) ;
#3313 = ORIENTED_EDGE ( 'NONE', *, *, #4411, .F. ) ;
#3314 = CIRCLE ( 'NONE', #3913, 2.024999999999997200 ) ;
#3315 = LINE ( 'NONE', #4642, #227 ) ;
#3316 = ORIENTED_EDGE ( 'NONE', *, *, #5416, .T. ) ;
#3317 = DIRECTION ( 'NONE',  ( 0.0000000000000000000, 0.0000000000000000000, -1.000000000000000000 ) ) ;
#3318 = CARTESIAN_POINT ( 'NONE',  ( -1.249999999999999800, 62.08282739385868600, -7.053390142335805600 ) ) ;
#3319 = VERTEX_POINT ( 'NONE', #3639 ) ;
#3320 = ORIENTED_EDGE ( 'NONE', *, *, #1639, .F. ) ;
#3321 = CARTESIAN_POINT ( 'NONE',  ( -1.249999999999999800, 94.56810876809716100, -1.431891231902814100 ) ) ;
#3322 = EDGE_CURVE ( 'NONE', #2482, #152, #2775, .T. ) ;
#3323 = VERTEX_POINT ( 'NONE', #5367 ) ;
#3324 = ORIENTED_EDGE ( 'NONE', *, *, #1010, .F. ) ;
#3325 = DIRECTION ( 'NONE',  ( 1.000000000000000000, -0.0000000000000000000, 0.0000000000000000000 ) ) ;
#3326 = AXIS2_PLACEMENT_3D ( 'NONE', #4626, #4203, #1706 ) ;
#3327 = ORGANIZATION ( 'UNSPECIFIED', 'UNSPECIFIED', '' ) ;
#3328 = ORIENTED_EDGE ( 'NONE', *, *, #3773, .T. ) ;
#3329 = ORIENTED_EDGE ( 'NONE', *, *, #4760, .F. ) ;
#3330 = DIRECTION ( 'NONE',  ( 3.652049423109066300E-016, -0.0000000000000000000, -1.000000000000000000 ) ) ;
#3331 = DIRECTION ( 'NONE',  ( 3.652049423109066300E-016, -0.0000000000000000000, -1.000000000000000000 ) ) ;
#3332 = ORIENTED_EDGE ( 'NONE', *, *, #2157, .F. ) ;
#3333 = AXIS2_PLACEMENT_3D ( 'NONE', #1922, #2300, #557 ) ;
#3334 = EDGE_LOOP ( 'NONE', ( #2048, #5309, #236, #3960 ) ) ;
#3335 = CARTESIAN_POINT ( 'NONE',  ( 6.750000000000000900, 48.00000000000000700, -15.99999999999999600 ) ) ;
#3336 = EDGE_CURVE ( 'NONE', #916, #3549, #281, .T. ) ;
#3337 = ORIENTED_EDGE ( 'NONE', *, *, #4286, .F. ) ;
#3338 = CARTESIAN_POINT ( 'NONE',  ( 5.843279076974506900E-015, 0.0000000000000000000, -16.00000000000000000 ) ) ;
#3339 = SECURITY_CLASSIFICATION ( '', '', #855 ) ;
#3340 = LINE ( 'NONE', #1057, #1474 ) ;
#3341 = CARTESIAN_POINT ( 'NONE',  ( 10.75000000000002300, 0.0000000000000000000, 1.491862189340059100E-014 ) ) ;
#3342 = FACE_BOUND ( 'NONE', #3554, .T. ) ;
#3343 = EDGE_CURVE ( 'NONE', #1460, #2098, #3367, .T. ) ;
#3344 = ORIENTED_EDGE ( 'NONE', *, *, #4411, .T. ) ;
#3345 = DIRECTION ( 'NONE',  ( 1.000000000000000000, 0.0000000000000000000, 0.0000000000000000000 ) ) ;
#3346 = DIRECTION ( 'NONE',  ( 1.000000000000000000, -0.0000000000000000000, -0.0000000000000000000 ) ) ;
#3347 = DIRECTION ( 'NONE',  ( 0.0000000000000000000, 0.0000000000000000000, -1.000000000000000000 ) ) ;
#3348 = EDGE_LOOP ( 'NONE', ( #1910, #3574 ) ) ;
#3349 = CARTESIAN_POINT ( 'NONE',  ( 8.774999999999998600, 88.00000000000002800, -15.99999999999999600 ) ) ;
#3350 = VECTOR ( 'NONE', #128, 1000.000000000000000 ) ;
#3351 = CARTESIAN_POINT ( 'NONE',  ( 8.774999999999987900, 40.00000000000000700, 16.00000000000000400 ) ) ;
#3352 = CIRCLE ( 'NONE', #1721, 2.025000000000002600 ) ;
#3353 = EDGE_CURVE ( 'NONE', #784, #3778, #3575, .T. ) ;
#3354 = DIRECTION ( 'NONE',  ( 0.0000000000000000000, -0.7071067811865444600, -0.7071067811865505700 ) ) ;
#3355 = CARTESIAN_POINT ( 'NONE',  ( -1.249999999999999800, 31.99999999999999300, 8.000000000000000000 ) ) ;
#3356 = AXIS2_PLACEMENT_3D ( 'NONE', #771, #1612, #2890 ) ;
#3357 = VECTOR ( 'NONE', #1039, 1000.000000000000000 ) ;
#3358 = CARTESIAN_POINT ( 'NONE',  ( -1.249999999999999800, 9.917172606141319200, 7.053390142335802100 ) ) ;
#3359 = EDGE_CURVE ( 'NONE', #4393, #3980, #4694, .T. ) ;
#3360 = VECTOR ( 'NONE', #2746, 1000.000000000000000 ) ;
#3361 = FACE_OUTER_BOUND ( 'NONE', #4303, .T. ) ;
#3362 = DIRECTION ( 'NONE',  ( 1.000000000000000000, -0.0000000000000000000, 0.0000000000000000000 ) ) ;
#3363 = CARTESIAN_POINT ( 'NONE',  ( -1.249999999999999800, 64.00000000000000000, 5.974999999999997900 ) ) ;
#3364 = ORIENTED_EDGE ( 'NONE', *, *, #2452, .F. ) ;
#3365 = CYLINDRICAL_SURFACE ( 'NONE', #3435, 2.024999999999998100 ) ;
#3366 = AXIS2_PLACEMENT_3D ( 'NONE', #5053, #2493, #4547 ) ;
#3367 = CIRCLE ( 'NONE', #5564, 2.024999999999990100 ) ;
#3368 = DIRECTION ( 'NONE',  ( 0.0000000000000000000, -0.7071067811865487900, -0.7071067811865463500 ) ) ;
#3369 = EDGE_LOOP ( 'NONE', ( #3451, #1952 ) ) ;
#3370 = ORIENTED_EDGE ( 'NONE', *, *, #747, .F. ) ;
#3371 = DIRECTION ( 'NONE',  ( 0.0000000000000000000, 0.7071067811865501300, 0.7071067811865450200 ) ) ;
#3372 = CARTESIAN_POINT ( 'NONE',  ( 6.749999999999990200, 80.00000000000001400, 13.50000000000000000 ) ) ;
#3373 = VECTOR ( 'NONE', #1307, 1000.000000000000000 ) ;
#3374 = FACE_OUTER_BOUND ( 'NONE', #1234, .T. ) ;
#3375 = AXIS2_PLACEMENT_3D ( 'NONE', #4249, #1641, #2088 ) ;
#3376 = EDGE_CURVE ( 'NONE', #2709, #3992, #2432, .T. ) ;
#3377 = ORIENTED_EDGE ( 'NONE', *, *, #949, .T. ) ;
#3378 = ORIENTED_EDGE ( 'NONE', *, *, #3927, .F. ) ;
#3379 = CARTESIAN_POINT ( 'NONE',  ( -1.249999999999999800, 14.08282739385867200, 7.053390142335810100 ) ) ;
#3380 = FACE_BOUND ( 'NONE', #95, .T. ) ;
#3381 = APPROVAL_STATUS ( 'not_yet_approved' ) ;
#3382 = VECTOR ( 'NONE', #4158, 1000.000000000000000 ) ;
#3383 = ORIENTED_EDGE ( 'NONE', *, *, #2505, .F. ) ;
#3384 = DIRECTION ( 'NONE',  ( 3.652049423109066300E-016, -0.0000000000000000000, -1.000000000000000000 ) ) ;
#3385 = ORIENTED_EDGE ( 'NONE', *, *, #4352, .F. ) ;
#3386 = ORIENTED_EDGE ( 'NONE', *, *, #2310, .F. ) ;
#3387 = CIRCLE ( 'NONE', #2188, 2.024999999999998100 ) ;
#3388 = DIRECTION ( 'NONE',  ( 3.652049423109066300E-016, -0.0000000000000000000, -1.000000000000000000 ) ) ;
#3389 = DIRECTION ( 'NONE',  ( -1.826024711554532900E-016, 0.0000000000000000000, 1.000000000000000000 ) ) ;
#3390 = ORIENTED_EDGE ( 'NONE', *, *, #3825, .F. ) ;
#3391 = EDGE_CURVE ( 'NONE', #3606, #3648, #1700, .T. ) ;
#3392 = ORIENTED_EDGE ( 'NONE', *, *, #2816, .T. ) ;
#3393 = CARTESIAN_POINT ( 'NONE',  ( -1.249999999999999800, 36.68629150101524100, -2.024999999999999900 ) ) ;
#3394 = DIRECTION ( 'NONE',  ( -1.000000000000000000, -0.0000000000000000000, -0.0000000000000000000 ) ) ;
#3395 = DATE_AND_TIME ( #4525, #108 ) ;
#3396 = DIRECTION ( 'NONE',  ( 1.000000000000000000, -0.0000000000000000000, -0.0000000000000000000 ) ) ;
#3397 = VERTEX_POINT ( 'NONE', #5347 ) ;
#3398 = DIRECTION ( 'NONE',  ( 0.0000000000000000000, -0.7071067811865463500, -0.7071067811865487900 ) ) ;
#3399 = VERTEX_POINT ( 'NONE', #5324 ) ;
#3400 = PERSON_AND_ORGANIZATION_ROLE ( 'creator' ) ;
#3401 = EDGE_LOOP ( 'NONE', ( #4509, #4073, #44, #5359 ) ) ;
#3402 = CARTESIAN_POINT ( 'NONE',  ( 1.250000000000000200, 31.99999999999999300, 8.000000000000000000 ) ) ;
#3403 = CARTESIAN_POINT ( 'NONE',  ( -1.249999999999999800, 64.00000000000000000, 8.000000000000000000 ) ) ;
#3404 = EDGE_LOOP ( 'NONE', ( #2375, #5548, #2984, #3585, #5461 ) ) ;
#3405 = EDGE_LOOP ( 'NONE', ( #1935, #27, #4627, #4337 ) ) ;
#3406 = PLANE ( 'NONE',  #5118 ) ;
#3407 = ADVANCED_FACE ( 'NONE', ( #2101 ), #1294, .F. ) ;
#3408 = AXIS2_PLACEMENT_3D ( 'NONE', #1327, #4679, #3014 ) ;
#3409 = DIRECTION ( 'NONE',  ( 0.0000000000000000000, 0.0000000000000000000, -1.000000000000000000 ) ) ;
#3410 = ORIENTED_EDGE ( 'NONE', *, *, #4191, .F. ) ;
#3411 = CARTESIAN_POINT ( 'NONE',  ( 1.250000000000000200, 80.48528137423858200, -8.485281374238564200 ) ) ;
#3412 = DIRECTION ( 'NONE',  ( 0.0000000000000000000, -0.7071067811865487900, -0.7071067811865463500 ) ) ;
#3413 = DIRECTION ( 'NONE',  ( 0.0000000000000000000, 0.0000000000000000000, -1.000000000000000000 ) ) ;
#3414 = DIRECTION ( 'NONE',  ( 0.0000000000000000000, 0.0000000000000000000, -1.000000000000000000 ) ) ;
#3415 = EDGE_CURVE ( 'NONE', #1397, #2457, #4230, .T. ) ;
#3416 = LINE ( 'NONE', #5489, #4889 ) ;
#3417 = CARTESIAN_POINT ( 'NONE',  ( 8.774999999999987900, 56.00000000000000700, 13.50000000000000000 ) ) ;
#3418 = EDGE_LOOP ( 'NONE', ( #2821, #3129, #322, #1992 ) ) ;
#3419 = APPLICATION_CONTEXT ( 'configuration controlled 3d designs of mechanical parts and assemblies' ) ;
#3420 = CYLINDRICAL_SURFACE ( 'NONE', #3628, 2.025000000000002600 ) ;
#3421 = CARTESIAN_POINT ( 'NONE',  ( 6.749999999999989300, 40.00000000000000700, 16.00000000000000400 ) ) ;
#3422 = VECTOR ( 'NONE', #4118, 1000.000000000000000 ) ;
#3423 = CARTESIAN_POINT ( 'NONE',  ( 6.750000000000000000, 80.00000000000001400, -13.50000000000000200 ) ) ;
#3424 = CIRCLE ( 'NONE', #3326, 2.024999999999990100 ) ;
#3425 = CARTESIAN_POINT ( 'NONE',  ( 1.250000000000000200, 96.00000000000000000, -13.50000000000000200 ) ) ;
#3426 = DIRECTION ( 'NONE',  ( 0.0000000000000000000, 2.055968564120655900E-014, -1.000000000000000000 ) ) ;
#3427 = EDGE_CURVE ( 'NONE', #3266, #5453, #2969, .T. ) ;
#3428 = DIRECTION ( 'NONE',  ( 1.000000000000000000, -0.0000000000000000000, -0.0000000000000000000 ) ) ;
#3429 = VECTOR ( 'NONE', #4145, 1000.000000000000000 ) ;
#3430 = AXIS2_PLACEMENT_3D ( 'NONE', #1321, #3038, #4743 ) ;
#3431 = CARTESIAN_POINT ( 'NONE',  ( 1.250000000000000200, 56.00000000000000000, -7.999999999999994700 ) ) ;
#3432 = CYLINDRICAL_SURFACE ( 'NONE', #2117, 2.024999999999998100 ) ;
#3433 = DIRECTION ( 'NONE',  ( 1.000000000000000000, 0.0000000000000000000, -0.0000000000000000000 ) ) ;
#3434 = CARTESIAN_POINT ( 'NONE',  ( 4.724999999999991700, 32.00000000000000700, 16.00000000000000400 ) ) ;
#3435 = AXIS2_PLACEMENT_3D ( 'NONE', #4818, #4418, #4834 ) ;
#3436 = ADVANCED_FACE ( 'NONE', ( #346 ), #144, .F. ) ;
#3437 = ORIENTED_EDGE ( 'NONE', *, *, #991, .F. ) ;
#3438 = ORIENTED_EDGE ( 'NONE', *, *, #2689, .F. ) ;
#3439 = VECTOR ( 'NONE', #4636, 1000.000000000000000 ) ;
#3440 = FACE_BOUND ( 'NONE', #3348, .T. ) ;
#3441 = AXIS2_PLACEMENT_3D ( 'NONE', #641, #1112, #1539 ) ;
#3442 = EDGE_LOOP ( 'NONE', ( #765, #4234 ) ) ;
#3443 = DIRECTION ( 'NONE',  ( 0.0000000000000000000, 0.7071067811865424700, -0.7071067811865526800 ) ) ;
#3444 = ORIENTED_EDGE ( 'NONE', *, *, #4461, .T. ) ;
#3445 = LINE ( 'NONE', #3098, #3651 ) ;
#3446 = CIRCLE ( 'NONE', #4947, 2.024999999999998100 ) ;
#3447 = DIRECTION ( 'NONE',  ( 3.652049423109066300E-016, -0.0000000000000000000, -1.000000000000000000 ) ) ;
#3448 = ORIENTED_EDGE ( 'NONE', *, *, #654, .F. ) ;
#3449 = CARTESIAN_POINT ( 'NONE',  ( 4.725000000000003200, 56.00000000000000700, -15.99999999999999600 ) ) ;
#3450 = DIRECTION ( 'NONE',  ( 1.000000000000000000, -0.0000000000000000000, 0.0000000000000000000 ) ) ;
#3451 = ORIENTED_EDGE ( 'NONE', *, *, #949, .F. ) ;
#3452 = ORIENTED_EDGE ( 'NONE', *, *, #112, .F. ) ;
#3453 = CARTESIAN_POINT ( 'NONE',  ( 6.749999999999990200, 48.00000000000000700, 13.50000000000000000 ) ) ;
#3454 = VECTOR ( 'NONE', #3801, 1000.000000000000000 ) ;
#3455 = CC_DESIGN_PERSON_AND_ORGANIZATION_ASSIGNMENT ( #2008, #5559, ( #2606 ) ) ;
#3456 = CARTESIAN_POINT ( 'NONE',  ( -1.249999999999999800, 72.00000000000001400, 6.999999999999999100 ) ) ;
#3457 = EDGE_CURVE ( 'NONE', #1869, #4847, #556, .T. ) ;
#3458 = CIRCLE ( 'NONE', #3592, 2.024999999999998100 ) ;
#3459 = VERTEX_POINT ( 'NONE', #2347 ) ;
#3460 = DIRECTION ( 'NONE',  ( 0.0000000000000000000, 0.0000000000000000000, -1.000000000000000000 ) ) ;
#3461 = ORIENTED_EDGE ( 'NONE', *, *, #4391, .T. ) ;
#3462 = VERTEX_POINT ( 'NONE', #1960 ) ;
#3463 = EDGE_LOOP ( 'NONE', ( #5202, #103, #1657, #3177 ) ) ;
#3464 = EDGE_CURVE ( 'NONE', #3518, #1336, #1100, .T. ) ;
#3465 = EDGE_LOOP ( 'NONE', ( #4505, #2442, #2392, #2965 ) ) ;
#3466 = DIRECTION ( 'NONE',  ( 3.652049423109066300E-016, 0.0000000000000000000, -1.000000000000000000 ) ) ;
#3467 = DIRECTION ( 'NONE',  ( 1.000000000000000000, -0.0000000000000000000, -0.0000000000000000000 ) ) ;
#3468 = CARTESIAN_POINT ( 'NONE',  ( 1.250000000000000200, 61.43189123190261800, 13.43189123190273400 ) ) ;
#3469 = EDGE_CURVE ( 'NONE', #2865, #1253, #4565, .T. ) ;
#3470 = ORIENTED_EDGE ( 'NONE', *, *, #3281, .T. ) ;
#3471 = ADVANCED_FACE ( 'NONE', ( #5509 ), #4970, .F. ) ;
#3472 = CARTESIAN_POINT ( 'NONE',  ( -1.249999999999999800, 60.68629150101524100, -2.024999999999999900 ) ) ;
#3473 = VERTEX_POINT ( 'NONE', #2736 ) ;
#3474 = DIRECTION ( 'NONE',  ( 0.0000000000000000000, -1.000000000000000000, 0.0000000000000000000 ) ) ;
#3475 = CARTESIAN_POINT ( 'NONE',  ( 1.250000000000000200, 15.51471862576143000, 8.485281374238569500 ) ) ;
#3476 = DIRECTION ( 'NONE',  ( 1.000000000000000000, -0.0000000000000000000, -0.0000000000000000000 ) ) ;
#3477 = EDGE_CURVE ( 'NONE', #473, #4886, #496, .T. ) ;
#3478 = ORIENTED_EDGE ( 'NONE', *, *, #5222, .F. ) ;
#3479 = CARTESIAN_POINT ( 'NONE',  ( -1.249999999999999800, 17.43189123190276000, 9.431891231902762100 ) ) ;
#3480 = ORIENTED_EDGE ( 'NONE', *, *, #4843, .F. ) ;
#3481 = DIRECTION ( 'NONE',  ( 1.000000000000000000, -0.0000000000000000000, 0.0000000000000000000 ) ) ;
#3482 = DIRECTION ( 'NONE',  ( 0.0000000000000000000, 0.7071067811865424700, -0.7071067811865526800 ) ) ;
#3483 = EDGE_LOOP ( 'NONE', ( #357, #5068, #3601, #607 ) ) ;
#3484 = AXIS2_PLACEMENT_3D ( 'NONE', #5358, #223, #1099 ) ;
#3485 = ORIENTED_EDGE ( 'NONE', *, *, #2771, .F. ) ;
#3486 = CARTESIAN_POINT ( 'NONE',  ( 1.250000000000000200, 59.31370849898476600, 2.024999999999999900 ) ) ;
#3487 = CARTESIAN_POINT ( 'NONE',  ( -1.249999999999999800, 80.48528137423858200, -8.485281374238564200 ) ) ;
#3488 = CIRCLE ( 'NONE', #2291, 2.024999999999990100 ) ;
#3489 = DIRECTION ( 'NONE',  ( 1.000000000000000000, 0.0000000000000000000, 0.0000000000000000000 ) ) ;
#3490 = ORIENTED_EDGE ( 'NONE', *, *, #2527, .F. ) ;
#3491 = AXIS2_PLACEMENT_3D ( 'NONE', #4487, #1490, #5342 ) ;
#3492 = DIRECTION ( 'NONE',  ( -0.0000000000000000000, -1.000000000000000000, -0.0000000000000000000 ) ) ;
#3493 = CARTESIAN_POINT ( 'NONE',  ( -1.249999999999999800, 31.05339014233581100, 9.917172606141322800 ) ) ;
#3494 = CIRCLE ( 'NONE', #1422, 2.024999999999999000 ) ;
#3495 = DIRECTION ( 'NONE',  ( 1.000000000000000000, -0.0000000000000000000, -0.0000000000000000000 ) ) ;
#3496 = LINE ( 'NONE', #4426, #4551 ) ;
#3497 = FACE_OUTER_BOUND ( 'NONE', #2972, .T. ) ;
#3498 = ADVANCED_FACE ( 'NONE', ( #2504 ), #5375, .F. ) ;
#3499 = CIRCLE ( 'NONE', #5320, 6.999999999999999100 ) ;
#3500 = EDGE_CURVE ( 'NONE', #4997, #1387, #3978, .T. ) ;
#3501 = CARTESIAN_POINT ( 'NONE',  ( 1.250000000000000200, 84.68629150101523400, -2.024999999999999900 ) ) ;
#3502 = CARTESIAN_POINT ( 'NONE',  ( 6.749999999999990200, 56.00000000000000700, 13.50000000000000000 ) ) ;
#3503 = VECTOR ( 'NONE', #3495, 1000.000000000000000 ) ;
#3504 = ADVANCED_FACE ( 'NONE', ( #5245 ), #3432, .F. ) ;
#3505 = VECTOR ( 'NONE', #927, 1000.000000000000000 ) ;
#3506 = DIRECTION ( 'NONE',  ( 0.0000000000000000000, 0.0000000000000000000, -1.000000000000000000 ) ) ;
#3507 = ORIENTED_EDGE ( 'NONE', *, *, #3993, .F. ) ;
#3508 = VECTOR ( 'NONE', #4301, 1000.000000000000000 ) ;
#3509 = DIRECTION ( 'NONE',  ( 0.0000000000000000000, 0.7071067811865424700, -0.7071067811865526800 ) ) ;
#3510 = CIRCLE ( 'NONE', #3187, 2.024999999999997200 ) ;
#3511 = DIRECTION ( 'NONE',  ( 3.652049423109066300E-016, -0.0000000000000000000, -1.000000000000000000 ) ) ;
#3512 = VERTEX_POINT ( 'NONE', #1160 ) ;
#3513 = EDGE_LOOP ( 'NONE', ( #3267, #3065, #237, #3233, #5086 ) ) ;
#3514 = AXIS2_PLACEMENT_3D ( 'NONE', #2516, #3003, #3804 ) ;
#3515 = CARTESIAN_POINT ( 'NONE',  ( 1.250000000000000200, 64.00000000000000000, -7.999999999999996400 ) ) ;
#3516 = VECTOR ( 'NONE', #671, 1000.000000000000000 ) ;
#3517 = ORIENTED_EDGE ( 'NONE', *, *, #482, .T. ) ;
#3518 = VERTEX_POINT ( 'NONE', #3303 ) ;
#3519 = FACE_OUTER_BOUND ( 'NONE', #2338, .T. ) ;
#3520 = CARTESIAN_POINT ( 'NONE',  ( 6.749999999999989300, 88.00000000000002800, 16.00000000000000400 ) ) ;
#3521 = AXIS2_PLACEMENT_3D ( 'NONE', #2346, #3577, #4056 ) ;
#3522 = CYLINDRICAL_SURFACE ( 'NONE', #5156, 2.024999999999998100 ) ;
#3523 = ORIENTED_EDGE ( 'NONE', *, *, #3189, .F. ) ;
#3524 = ADVANCED_FACE ( 'NONE', ( #2299 ), #1773, .F. ) ;
#3525 = ORIENTED_EDGE ( 'NONE', *, *, #4838, .T. ) ;
#3526 = ORIENTED_EDGE ( 'NONE', *, *, #735, .F. ) ;
#3527 = EDGE_CURVE ( 'NONE', #2052, #2438, #3839, .T. ) ;
#3528 = VECTOR ( 'NONE', #5465, 1000.000000000000000 ) ;
#3529 = ADVANCED_FACE ( 'NONE', ( #5043 ), #4089, .T. ) ;
#3530 = CARTESIAN_POINT ( 'NONE',  ( -1.249999999999999800, 37.43189123190266800, 13.43189123190281200 ) ) ;
#3531 = CARTESIAN_POINT ( 'NONE',  ( 1.250000000000000200, 64.00000000000000000, 8.000000000000000000 ) ) ;
#3532 = DIRECTION ( 'NONE',  ( 0.0000000000000000000, 0.0000000000000000000, -1.000000000000000000 ) ) ;
#3533 = DIRECTION ( 'NONE',  ( 1.000000000000000000, -0.0000000000000000000, 0.0000000000000000000 ) ) ;
#3534 = ORIENTED_EDGE ( 'NONE', *, *, #3993, .T. ) ;
#3535 = ORIENTED_EDGE ( 'NONE', *, *, #1126, .F. ) ;
#3536 = CARTESIAN_POINT ( 'NONE',  ( -1.249999999999999800, 38.56810876809724700, -6.568108768097241400 ) ) ;
#3537 = EDGE_CURVE ( 'NONE', #3710, #4016, #4629, .T. ) ;
#3538 = PLANE ( 'NONE',  #4057 ) ;
#3539 = APPROVAL_DATE_TIME ( #4656, #3067 ) ;
#3540 = ADVANCED_FACE ( 'NONE', ( #4103 ), #1497, .F. ) ;
#3541 = MANIFOLD_SOLID_BREP ( 'LPattern2', #2058 ) ;
#3542 = ORIENTED_EDGE ( 'NONE', *, *, #3071, .T. ) ;
#3543 = CARTESIAN_POINT ( 'NONE',  ( 6.749999999999989300, 80.00000000000001400, 16.00000000000000400 ) ) ;
#3544 = ORIENTED_EDGE ( 'NONE', *, *, #5042, .F. ) ;
#3545 = ORIENTED_EDGE ( 'NONE', *, *, #1828, .T. ) ;
#3546 = DIRECTION ( 'NONE',  ( 1.826024711554532900E-016, -0.0000000000000000000, 1.000000000000000000 ) ) ;
#3547 = AXIS2_PLACEMENT_3D ( 'NONE', #2534, #5081, #5516 ) ;
#3548 = EDGE_CURVE ( 'NONE', #1325, #4710, #3510, .T. ) ;
#3549 = VERTEX_POINT ( 'NONE', #1544 ) ;
#3550 = VERTEX_POINT ( 'NONE', #310 ) ;
#3551 = DIRECTION ( 'NONE',  ( 0.0000000000000000000, 0.0000000000000000000, 1.000000000000000000 ) ) ;
#3552 = CARTESIAN_POINT ( 'NONE',  ( 5.843279076974506900E-015, 96.00000000000000000, -16.00000000000000000 ) ) ;
#3553 = AXIS2_PLACEMENT_3D ( 'NONE', #3411, #1223, #5087 ) ;
#3554 = EDGE_LOOP ( 'NONE', ( #4269, #1823, #896, #1083, #2476 ) ) ;
#3555 = CARTESIAN_POINT ( 'NONE',  ( 1.250000000000000200, 8.000000000000000000, 7.999999999999996400 ) ) ;
#3556 = ADVANCED_FACE ( 'NONE', ( #2371 ), #3775, .F. ) ;
#3557 = CARTESIAN_POINT ( 'NONE',  ( -1.249999999999999800, 16.00000000000000000, 8.000000000000000000 ) ) ;
#3558 = AXIS2_PLACEMENT_3D ( 'NONE', #4870, #2309, #1569 ) ;
#3559 = ORIENTED_EDGE ( 'NONE', *, *, #3566, .F. ) ;
#3560 = DIRECTION ( 'NONE',  ( 0.0000000000000000000, 0.0000000000000000000, -1.000000000000000000 ) ) ;
#3561 = LINE ( 'NONE', #1382, #3350 ) ;
#3562 = DIRECTION ( 'NONE',  ( 3.652049423109066300E-016, -0.0000000000000000000, -1.000000000000000000 ) ) ;
#3563 = AXIS2_PLACEMENT_3D ( 'NONE', #4560, #2439, #2878 ) ;
#3564 = DIRECTION ( 'NONE',  ( 0.0000000000000000000, -0.7071067811865513500, 0.7071067811865436900 ) ) ;
#3565 = CARTESIAN_POINT ( 'NONE',  ( 6.749999999999989300, 8.000000000000007100, 16.00000000000000400 ) ) ;
#3566 = EDGE_CURVE ( 'NONE', #2553, #4208, #1229, .T. ) ;
#3567 = CIRCLE ( 'NONE', #918, 2.024999999999999000 ) ;
#3568 = DIRECTION ( 'NONE',  ( 1.000000000000000000, 0.0000000000000000000, -0.0000000000000000000 ) ) ;
#3569 = CARTESIAN_POINT ( 'NONE',  ( 4.725000000000003200, 16.00000000000000700, -15.99999999999999600 ) ) ;
#3570 = CIRCLE ( 'NONE', #3430, 2.025000000000006100 ) ;
#3571 = CARTESIAN_POINT ( 'NONE',  ( 4.725000000000001400, 80.00000000000001400, -13.50000000000000200 ) ) ;
#3572 = FACE_BOUND ( 'NONE', #1583, .T. ) ;
#3573 = EDGE_CURVE ( 'NONE', #3176, #5520, #4771, .T. ) ;
#3574 = ORIENTED_EDGE ( 'NONE', *, *, #2744, .F. ) ;
#3575 = CIRCLE ( 'NONE', #2340, 2.025000000000000800 ) ;
#3576 = EDGE_CURVE ( 'NONE', #1869, #1061, #1973, .T. ) ;
#3577 = DIRECTION ( 'NONE',  ( 1.000000000000000000, -0.0000000000000000000, 0.0000000000000000000 ) ) ;
#3578 = EDGE_LOOP ( 'NONE', ( #787, #4929 ) ) ;
#3579 = DIRECTION ( 'NONE',  ( 0.0000000000000000000, 0.7071067811865450200, 0.7071067811865500200 ) ) ;
#3580 = ORIENTED_EDGE ( 'NONE', *, *, #870, .T. ) ;
#3581 = VECTOR ( 'NONE', #3026, 1000.000000000000000 ) ;
#3582 = CARTESIAN_POINT ( 'NONE',  ( 1.250000000000000200, 15.51471862576143900, -8.485281374238566000 ) ) ;
#3583 = DIRECTION ( 'NONE',  ( 1.000000000000000000, -0.0000000000000000000, 0.0000000000000000000 ) ) ;
#3584 = CARTESIAN_POINT ( 'NONE',  ( 1.250000000000001100, 7.053390142335811900, -9.917172606141324600 ) ) ;
#3585 = ORIENTED_EDGE ( 'NONE', *, *, #3199, .T. ) ;
#3586 = EDGE_LOOP ( 'NONE', ( #4800, #5349, #2867, #3073 ) ) ;
#3587 = CARTESIAN_POINT ( 'NONE',  ( 1.250000000000000200, 55.05339014233581500, -9.917172606141328100 ) ) ;
#3588 = CIRCLE ( 'NONE', #3408, 2.025000000000002600 ) ;
#3589 = LINE ( 'NONE', #4903, #1171 ) ;
#3590 = FACE_OUTER_BOUND ( 'NONE', #1716, .T. ) ;
#3591 = ORIENTED_EDGE ( 'NONE', *, *, #884, .T. ) ;
#3592 = AXIS2_PLACEMENT_3D ( 'NONE', #1946, #2430, #4075 ) ;
#3593 = ORIENTED_EDGE ( 'NONE', *, *, #1603, .T. ) ;
#3594 = ADVANCED_FACE ( 'NONE', ( #5503 ), #2495, .F. ) ;
#3595 = VERTEX_POINT ( 'NONE', #1183 ) ;
#3596 = CIRCLE ( 'NONE', #4759, 2.024999999999999900 ) ;
#3597 = CARTESIAN_POINT ( 'NONE',  ( 6.749999999999990200, 64.00000000000000000, 13.50000000000000000 ) ) ;
#3598 = VECTOR ( 'NONE', #4885, 1000.000000000000000 ) ;
#3599 = EDGE_LOOP ( 'NONE', ( #5356, #773, #3061, #1262 ) ) ;
#3600 = EDGE_LOOP ( 'NONE', ( #4714, #1671, #4336, #3748 ) ) ;
#3601 = ORIENTED_EDGE ( 'NONE', *, *, #2011, .T. ) ;
#3602 = CARTESIAN_POINT ( 'NONE',  ( 6.749999999999989300, 24.00000000000000700, 16.00000000000000400 ) ) ;
#3603 = AXIS2_PLACEMENT_3D ( 'NONE', #3475, #904, #1771 ) ;
#3604 = EDGE_CURVE ( 'NONE', #4586, #5143, #3035, .T. ) ;
#3605 = ORIENTED_EDGE ( 'NONE', *, *, #2897, .F. ) ;
#3606 = VERTEX_POINT ( 'NONE', #4953 ) ;
#3607 = DIRECTION ( 'NONE',  ( -1.826024711554532900E-016, 0.0000000000000000000, 1.000000000000000000 ) ) ;
#3608 = CARTESIAN_POINT ( 'NONE',  ( -46.75000000000000000, 88.00000000000001400, 5.974999999999997900 ) ) ;
#3609 = DIRECTION ( 'NONE',  ( 1.000000000000000000, -0.0000000000000000000, -0.0000000000000000000 ) ) ;
#3610 = CARTESIAN_POINT ( 'NONE',  ( -1.249999999999999800, 55.99999999999999300, 8.000000000000000000 ) ) ;
#3611 = ORIENTED_EDGE ( 'NONE', *, *, #1056, .T. ) ;
#3612 = EDGE_LOOP ( 'NONE', ( #1604, #3114, #5106, #5005 ) ) ;
#3613 = ADVANCED_FACE ( 'NONE', ( #5370 ), #2962, .F. ) ;
#3614 = CARTESIAN_POINT ( 'NONE',  ( 1.250000000000000200, 49.43189123190308000, 49.43189123190272500 ) ) ;
#3615 = ORIENTED_EDGE ( 'NONE', *, *, #5470, .T. ) ;
#3616 = ORIENTED_EDGE ( 'NONE', *, *, #2414, .T. ) ;
#3617 = PLANE ( 'NONE',  #3807 ) ;
#3618 = DIRECTION ( 'NONE',  ( 1.000000000000000000, -0.0000000000000000000, -0.0000000000000000000 ) ) ;
#3619 = EDGE_LOOP ( 'NONE', ( #4258, #2320, #3470, #499 ) ) ;
#3620 = EDGE_CURVE ( 'NONE', #4639, #1297, #1837, .T. ) ;
#3621 = ADVANCED_FACE ( 'NONE', ( #690 ), #3643, .F. ) ;
#3622 = CARTESIAN_POINT ( 'NONE',  ( -1.249999999999999800, 96.00000000000000000, 16.00000000000000000 ) ) ;
#3623 = FACE_BOUND ( 'NONE', #4480, .T. ) ;
#3624 = FACE_BOUND ( 'NONE', #5440, .T. ) ;
#3625 = CARTESIAN_POINT ( 'NONE',  ( 8.774999999999987900, 56.00000000000000700, 16.00000000000000400 ) ) ;
#3626 = DIRECTION ( 'NONE',  ( 3.652049423109066300E-016, -0.0000000000000000000, -1.000000000000000000 ) ) ;
#3627 = ORIENTED_EDGE ( 'NONE', *, *, #1278, .T. ) ;
#3628 = AXIS2_PLACEMENT_3D ( 'NONE', #4275, #2956, #4670 ) ;
#3629 = CARTESIAN_POINT ( 'NONE',  ( -1.249999999999999800, 56.48528137423857500, -10.51028137423856800 ) ) ;
#3630 = DIRECTION ( 'NONE',  ( 1.000000000000000000, -0.0000000000000000000, -0.0000000000000000000 ) ) ;
#3631 = CIRCLE ( 'NONE', #3084, 2.024999999999999000 ) ;
#3632 = CARTESIAN_POINT ( 'NONE',  ( 1.250000000000000200, 62.08282739385868600, -7.053390142335802100 ) ) ;
#3633 = CIRCLE ( 'NONE', #3015, 2.024999999999998100 ) ;
#3634 = EDGE_CURVE ( 'NONE', #4387, #984, #758, .T. ) ;
#3635 = DIRECTION ( 'NONE',  ( 0.0000000000000000000, 0.7071067811865469100, 0.7071067811865482400 ) ) ;
#3636 = DIRECTION ( 'NONE',  ( 0.0000000000000000000, 0.0000000000000000000, -1.000000000000000000 ) ) ;
#3637 = FACE_OUTER_BOUND ( 'NONE', #1981, .T. ) ;
#3638 = CC_DESIGN_SECURITY_CLASSIFICATION ( #3339, ( #5350 ) ) ;
#3639 = CARTESIAN_POINT ( 'NONE',  ( -1.249999999999999800, 79.05339014233581500, 9.917172606141322800 ) ) ;
#3640 = EDGE_CURVE ( 'NONE', #4185, #2050, #3228, .T. ) ;
#3641 = CARTESIAN_POINT ( 'NONE',  ( 4.724999999999991700, 56.00000000000000700, 16.00000000000000400 ) ) ;
#3642 = DIRECTION ( 'NONE',  ( 3.652049423109066300E-016, -0.0000000000000000000, -1.000000000000000000 ) ) ;
#3643 = CYLINDRICAL_SURFACE ( 'NONE', #4950, 2.024999999999999900 ) ;
#3644 = CARTESIAN_POINT ( 'NONE',  ( 8.774999999999987900, 72.00000000000001400, 16.00000000000000400 ) ) ;
#3645 = CYLINDRICAL_SURFACE ( 'NONE', #1694, 2.024999999999998100 ) ;
#3646 = VECTOR ( 'NONE', #4327, 1000.000000000000000 ) ;
#3647 = CARTESIAN_POINT ( 'NONE',  ( -1.249999999999999800, 16.94660985766419300, 9.917172606141328100 ) ) ;
#3648 = VERTEX_POINT ( 'NONE', #54 ) ;
#3649 = ORIENTED_EDGE ( 'NONE', *, *, #193, .T. ) ;
#3650 = EDGE_CURVE ( 'NONE', #1790, #2449, #4360, .T. ) ;
#3651 = VECTOR ( 'NONE', #987, 1000.000000000000000 ) ;
#3652 = DIRECTION ( 'NONE',  ( 1.000000000000000000, 0.0000000000000000000, 0.0000000000000000000 ) ) ;
#3653 = VECTOR ( 'NONE', #5218, 1000.000000000000000 ) ;
#3654 = CARTESIAN_POINT ( 'NONE',  ( -1.250000000000001100, 8.485281374238571300, -10.51028137423856600 ) ) ;
#3655 = ORIENTED_EDGE ( 'NONE', *, *, #2379, .T. ) ;
#3656 = ORIENTED_EDGE ( 'NONE', *, *, #2201, .F. ) ;
#3657 = DIRECTION ( 'NONE',  ( 3.652049423109066300E-016, 0.0000000000000000000, -1.000000000000000000 ) ) ;
#3658 = FACE_OUTER_BOUND ( 'NONE', #2793, .T. ) ;
#3659 = EDGE_CURVE ( 'NONE', #4864, #4399, #489, .T. ) ;
#3660 = CARTESIAN_POINT ( 'NONE',  ( -1.249999999999999800, 78.56810876809724700, 9.431891231902756800 ) ) ;
#3661 = CARTESIAN_POINT ( 'NONE',  ( -1.249999999999999800, 15.51471862576143900, -10.51028137423856600 ) ) ;
#3662 = PLANE ( 'NONE',  #72 ) ;
#3663 = CYLINDRICAL_SURFACE ( 'NONE', #3982, 2.024999999999998100 ) ;
#3664 = VERTEX_POINT ( 'NONE', #2130 ) ;
#3665 = ORIENTED_EDGE ( 'NONE', *, *, #982, .T. ) ;
#3666 = EDGE_LOOP ( 'NONE', ( #4981, #2908 ) ) ;
#3667 = CIRCLE ( 'NONE', #2373, 2.024999999999990100 ) ;
#3668 = AXIS2_PLACEMENT_3D ( 'NONE', #454, #1750, #530 ) ;
#3669 = DIRECTION ( 'NONE',  ( 0.0000000000000000000, -0.7071067811865463500, 0.7071067811865487900 ) ) ;
#3670 = EDGE_CURVE ( 'NONE', #593, #3176, #5094, .T. ) ;
#3671 = ORIENTED_EDGE ( 'NONE', *, *, #3071, .F. ) ;
#3672 = ORIENTED_EDGE ( 'NONE', *, *, #215, .T. ) ;
#3673 = DIRECTION ( 'NONE',  ( 0.0000000000000000000, 0.0000000000000000000, -1.000000000000000000 ) ) ;
#3674 = APPROVAL_PERSON_ORGANIZATION ( #1528, #480, #1332 ) ;
#3675 = EDGE_LOOP ( 'NONE', ( #2133, #895, #4957, #3777 ) ) ;
#3676 = CARTESIAN_POINT ( 'NONE',  ( 6.750000000000000000, 40.00000000000000700, -13.50000000000000200 ) ) ;
#3677 = EDGE_CURVE ( 'NONE', #4886, #5197, #5172, .T. ) ;
#3678 = CIRCLE ( 'NONE', #2308, 6.999999999999999100 ) ;
#3679 = CARTESIAN_POINT ( 'NONE',  ( -1.249999999999999800, 96.00000000000000000, 0.0000000000000000000 ) ) ;
#3680 = DIRECTION ( 'NONE',  ( 1.000000000000000000, -0.0000000000000000000, -0.0000000000000000000 ) ) ;
#3681 = ORIENTED_EDGE ( 'NONE', *, *, #4993, .F. ) ;
#3682 = DIRECTION ( 'NONE',  ( -1.000000000000000000, 0.0000000000000000000, 0.0000000000000000000 ) ) ;
#3683 = VERTEX_POINT ( 'NONE', #2557 ) ;
#3684 = CARTESIAN_POINT ( 'NONE',  ( 6.749999999999989300, 80.00000000000001400, 16.00000000000000400 ) ) ;
#3685 = CARTESIAN_POINT ( 'NONE',  ( 1.250000000000000200, 34.56810876809729600, 10.56810876809721700 ) ) ;
#3686 = DIRECTION ( 'NONE',  ( 3.652049423109066300E-016, -0.0000000000000000000, -1.000000000000000000 ) ) ;
#3687 = CARTESIAN_POINT ( 'NONE',  ( 10.75000000000000000, 96.00000000000000000, -15.99999999999999600 ) ) ;
#3688 = EDGE_LOOP ( 'NONE', ( #283, #1955, #5275, #2998 ) ) ;
#3689 = EDGE_CURVE ( 'NONE', #4995, #4908, #4905, .T. ) ;
#3690 = VECTOR ( 'NONE', #3331, 1000.000000000000000 ) ;
#3691 = ORIENTED_EDGE ( 'NONE', *, *, #4702, .T. ) ;
#3692 = DIRECTION ( 'NONE',  ( 0.0000000000000000000, 0.0000000000000000000, -1.000000000000000000 ) ) ;
#3693 = CARTESIAN_POINT ( 'NONE',  ( -46.75000000000000000, 46.56810876809802100, 46.56810876809719000 ) ) ;
#3694 = CARTESIAN_POINT ( 'NONE',  ( -1.249999999999999800, 58.56810876809721800, -10.56810876809725700 ) ) ;
#3695 = ORIENTED_EDGE ( 'NONE', *, *, #4568, .F. ) ;
#3696 = CARTESIAN_POINT ( 'NONE',  ( 6.749999999999989300, 88.00000000000002800, 16.00000000000000400 ) ) ;
#3697 = CARTESIAN_POINT ( 'NONE',  ( -1.249999999999999800, 11.31370849898475900, -2.024999999999999900 ) ) ;
#3698 = AXIS2_PLACEMENT_3D ( 'NONE', #5077, #1607, #1668 ) ;
#3699 = DIRECTION ( 'NONE',  ( -1.000000000000000000, 0.0000000000000000000, 0.0000000000000000000 ) ) ;
#3700 = VECTOR ( 'NONE', #337, 1000.000000000000000 ) ;
#3701 = AXIS2_PLACEMENT_3D ( 'NONE', #3244, #1527, #2364 ) ;
#3702 = EDGE_CURVE ( 'NONE', #2038, #4989, #2833, .T. ) ;
#3703 = FACE_BOUND ( 'NONE', #356, .T. ) ;
#3704 = DIRECTION ( 'NONE',  ( 0.0000000000000000000, 0.7071067811865537900, 0.7071067811865412400 ) ) ;
#3705 = EDGE_CURVE ( 'NONE', #248, #4344, #1, .T. ) ;
#3706 = CIRCLE ( 'NONE', #4876, 2.024999999999998100 ) ;
#3707 = VECTOR ( 'NONE', #5424, 1000.000000000000000 ) ;
#3708 = DIRECTION ( 'NONE',  ( 1.000000000000000000, -0.0000000000000000000, -0.0000000000000000000 ) ) ;
#3709 = DIRECTION ( 'NONE',  ( 1.826024711554532900E-016, -0.0000000000000000000, 1.000000000000000000 ) ) ;
#3710 = VERTEX_POINT ( 'NONE', #3081 ) ;
#3711 = ORIENTED_EDGE ( 'NONE', *, *, #3238, .T. ) ;
#3712 = DIRECTION ( 'NONE',  ( 0.0000000000000000000, 0.7071067811865501300, -0.7071067811865450200 ) ) ;
#3713 = CYLINDRICAL_SURFACE ( 'NONE', #4807, 2.025000000000004400 ) ;
#3714 = CYLINDRICAL_SURFACE ( 'NONE', #1654, 2.024999999999999000 ) ;
#3715 = ORIENTED_EDGE ( 'NONE', *, *, #596, .F. ) ;
#3716 = VERTEX_POINT ( 'NONE', #7 ) ;
#3717 = LINE ( 'NONE', #2091, #629 ) ;
#3718 = LINE ( 'NONE', #2860, #429 ) ;
#3719 = EDGE_LOOP ( 'NONE', ( #2259, #3616, #4076, #4241 ) ) ;
#3720 = EDGE_CURVE ( 'NONE', #3259, #794, #3768, .T. ) ;
#3721 = ORIENTED_EDGE ( 'NONE', *, *, #2118, .F. ) ;
#3722 = ORIENTED_EDGE ( 'NONE', *, *, #2033, .F. ) ;
#3723 = CARTESIAN_POINT ( 'NONE',  ( -1.249999999999999800, 12.68629150101524100, 0.0000000000000000000 ) ) ;
#3724 = LINE ( 'NONE', #2017, #3121 ) ;
#3725 = DIRECTION ( 'NONE',  ( 0.0000000000000000000, 0.0000000000000000000, 1.000000000000000000 ) ) ;
#3726 = LINE ( 'NONE', #4722, #2596 ) ;
#3727 = CYLINDRICAL_SURFACE ( 'NONE', #1003, 2.024999999999998100 ) ;
#3728 = ORIENTED_EDGE ( 'NONE', *, *, #2274, .F. ) ;
#3729 = AXIS2_PLACEMENT_3D ( 'NONE', #2601, #942, #31 ) ;
#3730 = ORIENTED_EDGE ( 'NONE', *, *, #4657, .F. ) ;
#3731 = ORIENTED_EDGE ( 'NONE', *, *, #3477, .T. ) ;
#3732 = AXIS2_PLACEMENT_3D ( 'NONE', #3847, #2967, #2142 ) ;
#3733 = DIRECTION ( 'NONE',  ( 0.0000000000000000000, 0.0000000000000000000, -1.000000000000000000 ) ) ;
#3734 = DIRECTION ( 'NONE',  ( 1.000000000000000000, 0.0000000000000000000, 0.0000000000000000000 ) ) ;
#3735 = CARTESIAN_POINT ( 'NONE',  ( 0.0000000000000000000, 96.00000000000000000, 0.0000000000000000000 ) ) ;
#3736 = LINE ( 'NONE', #4220, #5002 ) ;
#3737 = ORIENTED_EDGE ( 'NONE', *, *, #4391, .F. ) ;
#3738 = ORIENTED_EDGE ( 'NONE', *, *, #3863, .T. ) ;
#3739 = ORIENTED_EDGE ( 'NONE', *, *, #2608, .T. ) ;
#3740 = DIRECTION ( 'NONE',  ( 1.000000000000000000, -0.0000000000000000000, -0.0000000000000000000 ) ) ;
#3741 = VECTOR ( 'NONE', #1201, 1000.000000000000000 ) ;
#3742 = ORIENTED_EDGE ( 'NONE', *, *, #3773, .F. ) ;
#3743 = EDGE_LOOP ( 'NONE', ( #1730, #3542, #1402, #4932 ) ) ;
#3744 = DIRECTION ( 'NONE',  ( 0.0000000000000000000, 0.0000000000000000000, -1.000000000000000000 ) ) ;
#3745 = AXIS2_PLACEMENT_3D ( 'NONE', #2081, #5458, #3798 ) ;
#3746 = ORIENTED_EDGE ( 'NONE', *, *, #781, .T. ) ;
#3747 = EDGE_CURVE ( 'NONE', #4111, #1510, #5235, .T. ) ;
#3748 = ORIENTED_EDGE ( 'NONE', *, *, #3640, .F. ) ;
#3749 = VECTOR ( 'NONE', #1191, 1000.000000000000000 ) ;
#3750 = DIRECTION ( 'NONE',  ( 0.0000000000000000000, 0.7071067811865505700, -0.7071067811865444600 ) ) ;
#3751 = ORIENTED_EDGE ( 'NONE', *, *, #524, .F. ) ;
#3752 = EDGE_CURVE ( 'NONE', #3595, #225, #4427, .T. ) ;
#3753 = PRODUCT ( '1143-0003-0096', '1143-0003-0096', '', ( #3017 ) ) ;
#3754 = VECTOR ( 'NONE', #830, 1000.000000000000000 ) ;
#3755 = VERTEX_POINT ( 'NONE', #2635 ) ;
#3756 = DIRECTION ( 'NONE',  ( -1.000000000000000000, 0.0000000000000000000, 0.0000000000000000000 ) ) ;
#3757 = EDGE_CURVE ( 'NONE', #923, #4439, #3295, .T. ) ;
#3758 = CARTESIAN_POINT ( 'NONE',  ( 1.250000000000000200, 35.31370849898475900, 2.024999999999999900 ) ) ;
#3759 = FACE_BOUND ( 'NONE', #1813, .T. ) ;
#3760 = DIRECTION ( 'NONE',  ( 3.652049423109066300E-016, 0.0000000000000000000, -1.000000000000000000 ) ) ;
#3761 = DIRECTION ( 'NONE',  ( 0.0000000000000000000, 0.0000000000000000000, -1.000000000000000000 ) ) ;
#3762 = CIRCLE ( 'NONE', #1834, 2.025000000000004400 ) ;
#3763 = CARTESIAN_POINT ( 'NONE',  ( -46.75000000000000000, 46.56810876809801400, -46.56810876809718300 ) ) ;
#3764 = CARTESIAN_POINT ( 'NONE',  ( -1.249999999999999800, 24.00000000000000000, -2.024999999999999900 ) ) ;
#3765 = AXIS2_PLACEMENT_3D ( 'NONE', #5262, #186, #4824 ) ;
#3766 = FACE_OUTER_BOUND ( 'NONE', #4233, .T. ) ;
#3767 = VECTOR ( 'NONE', #648, 1000.000000000000000 ) ;
#3768 = CIRCLE ( 'NONE', #2479, 2.024999999999997200 ) ;
#3769 = CARTESIAN_POINT ( 'NONE',  ( -1.249999999999999800, 65.43189123190276700, 9.431891231902762100 ) ) ;
#3770 = AXIS2_PLACEMENT_3D ( 'NONE', #96, #1427, #3968 ) ;
#3771 = ORIENTED_EDGE ( 'NONE', *, *, #4899, .T. ) ;
#3772 = LINE ( 'NONE', #869, #3646 ) ;
#3773 = EDGE_CURVE ( 'NONE', #4777, #4998, #2642, .T. ) ;
#3774 = CARTESIAN_POINT ( 'NONE',  ( 10.75000000000000400, 96.00000000000000000, -13.50000000000000000 ) ) ;
#3775 = CYLINDRICAL_SURFACE ( 'NONE', #1433, 2.024999999999999900 ) ;
#3776 = CARTESIAN_POINT ( 'NONE',  ( 4.725000000000001400, 88.00000000000002800, -13.50000000000000200 ) ) ;
#3777 = ORIENTED_EDGE ( 'NONE', *, *, #2027, .F. ) ;
#3778 = VERTEX_POINT ( 'NONE', #4726 ) ;
#3779 = CIRCLE ( 'NONE', #211, 2.024999999999997200 ) ;
#3780 = LINE ( 'NONE', #2838, #3516 ) ;
#3781 = CARTESIAN_POINT ( 'NONE',  ( 10.75000000000000400, 0.0000000000000000000, -13.50000000000000000 ) ) ;
#3782 = CARTESIAN_POINT ( 'NONE',  ( 2.465133360598619700E-015, 96.00000000000000000, -13.50000000000000200 ) ) ;
#3783 = ORIENTED_EDGE ( 'NONE', *, *, #1453, .F. ) ;
#3784 = CARTESIAN_POINT ( 'NONE',  ( 1.250000000000000200, 81.43189123190275300, 6.568108768097250300 ) ) ;
#3785 = ORIENTED_EDGE ( 'NONE', *, *, #4033, .T. ) ;
#3786 = EDGE_CURVE ( 'NONE', #1812, #915, #4036, .T. ) ;
#3787 = AXIS2_PLACEMENT_3D ( 'NONE', #5504, #2497, #5490 ) ;
#3788 = VECTOR ( 'NONE', #5062, 1000.000000000000000 ) ;
#3789 = ORIENTED_EDGE ( 'NONE', *, *, #436, .T. ) ;
#3790 = CARTESIAN_POINT ( 'NONE',  ( 10.75000000000000000, 0.0000000000000000000, 15.99999999999999600 ) ) ;
#3791 = VERTEX_POINT ( 'NONE', #4296 ) ;
#3792 = EDGE_LOOP ( 'NONE', ( #903, #5045, #3060, #4392 ) ) ;
#3793 = VECTOR ( 'NONE', #2569, 1000.000000000000000 ) ;
#3794 = CARTESIAN_POINT ( 'NONE',  ( 1.250000000000000200, 10.56810876809722000, -10.56810876809725700 ) ) ;
#3795 = FACE_OUTER_BOUND ( 'NONE', #5527, .T. ) ;
#3796 = EDGE_LOOP ( 'NONE', ( #1403, #2396, #2264, #2276 ) ) ;
#3797 = ORIENTED_EDGE ( 'NONE', *, *, #763, .F. ) ;
#3798 = DIRECTION ( 'NONE',  ( 1.000000000000000000, 0.0000000000000000000, 0.0000000000000000000 ) ) ;
#3799 = AXIS2_PLACEMENT_3D ( 'NONE', #3140, #4190, #1323 ) ;
#3800 = EDGE_LOOP ( 'NONE', ( #1103, #3934, #2349, #3280 ) ) ;
#3801 = DIRECTION ( 'NONE',  ( 1.000000000000000000, -0.0000000000000000000, -0.0000000000000000000 ) ) ;
#3802 = EDGE_LOOP ( 'NONE', ( #4982, #19, #4119, #1049 ) ) ;
#3803 = CARTESIAN_POINT ( 'NONE',  ( 1.250000000000000200, 59.31370849898476600, 0.0000000000000000000 ) ) ;
#3804 = DIRECTION ( 'NONE',  ( 0.0000000000000000000, 0.0000000000000000000, -1.000000000000000000 ) ) ;
#3805 = VECTOR ( 'NONE', #775, 1000.000000000000000 ) ;
#3806 = EDGE_LOOP ( 'NONE', ( #527, #73, #3627, #5253 ) ) ;
#3807 = AXIS2_PLACEMENT_3D ( 'NONE', #1050, #4038, #4477 ) ;
#3808 = DIRECTION ( 'NONE',  ( -1.000000000000000000, 0.0000000000000000000, 0.0000000000000000000 ) ) ;
#3809 = ORIENTED_EDGE ( 'NONE', *, *, #4219, .F. ) ;
#3810 = CARTESIAN_POINT ( 'NONE',  ( 10.75000000000000400, 96.00000000000000000, -13.50000000000000000 ) ) ;
#3811 = EDGE_CURVE ( 'NONE', #3120, #719, #1022, .T. ) ;
#3812 = EDGE_CURVE ( 'NONE', #5180, #1986, #4291, .T. ) ;
#3813 = EDGE_LOOP ( 'NONE', ( #2499, #3731 ) ) ;
#3814 = ORIENTED_EDGE ( 'NONE', *, *, #991, .T. ) ;
#3815 = DIRECTION ( 'NONE',  ( 3.652049423109066300E-016, -0.0000000000000000000, -1.000000000000000000 ) ) ;
#3816 = CARTESIAN_POINT ( 'NONE',  ( -1.249999999999999800, 12.68629150101524100, -2.024999999999999900 ) ) ;
#3817 = PLANE ( 'NONE',  #2486 ) ;
#3818 = FACE_BOUND ( 'NONE', #2540, .T. ) ;
#3819 = EDGE_CURVE ( 'NONE', #4632, #4304, #3163, .T. ) ;
#3820 = VERTEX_POINT ( 'NONE', #2622 ) ;
#3821 = AXIS2_PLACEMENT_3D ( 'NONE', #4160, #740, #2850 ) ;
#3822 = DIRECTION ( 'NONE',  ( 0.0000000000000000000, 0.0000000000000000000, -1.000000000000000000 ) ) ;
#3823 = CARTESIAN_POINT ( 'NONE',  ( 2.465133360598619700E-015, 0.0000000000000000000, 13.50000000000000200 ) ) ;
#3824 = CARTESIAN_POINT ( 'NONE',  ( -1.249999999999999800, 11.31370849898475900, 2.024999999999999900 ) ) ;
#3825 = EDGE_CURVE ( 'NONE', #1137, #3834, #76, .T. ) ;
#3826 = VECTOR ( 'NONE', #244, 1000.000000000000000 ) ;
#3827 = AXIS2_PLACEMENT_3D ( 'NONE', #2556, #2948, #1281 ) ;
#3828 = VECTOR ( 'NONE', #1896, 1000.000000000000000 ) ;
#3829 = DIRECTION ( 'NONE',  ( 0.0000000000000000000, 0.0000000000000000000, -1.000000000000000000 ) ) ;
#3830 = CARTESIAN_POINT ( 'NONE',  ( -1.249999999999999800, 48.00000000000000000, 0.0000000000000000000 ) ) ;
#3831 = ADVANCED_FACE ( 'NONE', ( #4489 ), #2725, .T. ) ;
#3832 = FACE_BOUND ( 'NONE', #4839, .T. ) ;
#3833 = DIRECTION ( 'NONE',  ( 0.0000000000000000000, 0.0000000000000000000, -1.000000000000000000 ) ) ;
#3834 = VERTEX_POINT ( 'NONE', #4010 ) ;
#3835 = CYLINDRICAL_SURFACE ( 'NONE', #465, 2.024999999999998100 ) ;
#3836 = AXIS2_PLACEMENT_3D ( 'NONE', #3942, #1830, #67 ) ;
#3837 = EDGE_CURVE ( 'NONE', #4987, #714, #1764, .T. ) ;
#3838 = CARTESIAN_POINT ( 'NONE',  ( -1.249999999999999800, 10.56810876809746200, 10.56810876809731100 ) ) ;
#3839 = CIRCLE ( 'NONE', #4403, 2.024999999999997200 ) ;
#3840 = AXIS2_PLACEMENT_3D ( 'NONE', #481, #56, #947 ) ;
#3841 = CARTESIAN_POINT ( 'NONE',  ( 4.724999999999993400, 80.00000000000001400, 13.50000000000000000 ) ) ;
#3842 = ORIENTED_EDGE ( 'NONE', *, *, #1626, .T. ) ;
#3843 = FACE_OUTER_BOUND ( 'NONE', #4004, .T. ) ;
#3844 = DIRECTION ( 'NONE',  ( 1.000000000000000000, 0.0000000000000000000, 0.0000000000000000000 ) ) ;
#3845 = LINE ( 'NONE', #5226, #3581 ) ;
#3846 = AXIS2_PLACEMENT_3D ( 'NONE', #2013, #662, #1979 ) ;
#3847 = CARTESIAN_POINT ( 'NONE',  ( 1.250000000000000200, 56.48528137423857500, -8.485281374238564200 ) ) ;
#3848 = EDGE_CURVE ( 'NONE', #1297, #79, #4761, .T. ) ;
#3849 = ORIENTED_EDGE ( 'NONE', *, *, #376, .T. ) ;
#3850 = VERTEX_POINT ( 'NONE', #5243 ) ;
#3851 = DIRECTION ( 'NONE',  ( 0.0000000000000000000, -0.7071067811865412400, 0.7071067811865537900 ) ) ;
#3852 = CIRCLE ( 'NONE', #1405, 2.024999999999999900 ) ;
#3853 = CIRCLE ( 'NONE', #2084, 6.999999999999999100 ) ;
#3854 = LINE ( 'NONE', #464, #3653 ) ;
#3855 = ORIENTED_EDGE ( 'NONE', *, *, #5008, .F. ) ;
#3856 = ORIENTED_EDGE ( 'NONE', *, *, #1445, .F. ) ;
#3857 = EDGE_LOOP ( 'NONE', ( #1674, #5188, #1469, #1856 ) ) ;
#3858 = CIRCLE ( 'NONE', #5052, 2.024999999999998100 ) ;
#3859 = DIRECTION ( 'NONE',  ( 1.000000000000000000, -0.0000000000000000000, -0.0000000000000000000 ) ) ;
#3860 = AXIS2_PLACEMENT_3D ( 'NONE', #4398, #4907, #2317 ) ;
#3861 = LINE ( 'NONE', #2272, #4713 ) ;
#3862 = EDGE_LOOP ( 'NONE', ( #5396, #3166, #4696, #3059 ) ) ;
#3863 = EDGE_CURVE ( 'NONE', #4137, #899, #2227, .T. ) ;
#3864 = VERTEX_POINT ( 'NONE', #3112 ) ;
#3865 = ORIENTED_EDGE ( 'NONE', *, *, #3705, .F. ) ;
#3866 = ADVANCED_FACE ( 'NONE', ( #887 ), #4755, .F. ) ;
#3867 = PLANE ( 'NONE',  #168 ) ;
#3868 = DIRECTION ( 'NONE',  ( -1.000000000000000000, 0.0000000000000000000, 0.0000000000000000000 ) ) ;
#3869 = CARTESIAN_POINT ( 'NONE',  ( -1.249999999999999800, 16.00000000000000000, 8.000000000000000000 ) ) ;
#3870 = CIRCLE ( 'NONE', #2731, 2.024999999999998100 ) ;
#3871 = ORIENTED_EDGE ( 'NONE', *, *, #853, .F. ) ;
#3872 = ORIENTED_EDGE ( 'NONE', *, *, #2844, .T. ) ;
#3873 = CARTESIAN_POINT ( 'NONE',  ( 4.724999999999991700, 56.00000000000000700, 16.00000000000000400 ) ) ;
#3874 = DIRECTION ( 'NONE',  ( -1.000000000000000000, 0.0000000000000000000, 0.0000000000000000000 ) ) ;
#3875 = LINE ( 'NONE', #5078, #3194 ) ;
#3876 = CARTESIAN_POINT ( 'NONE',  ( 1.250000000000000200, 81.43189123190275300, -6.568108768097234300 ) ) ;
#3877 = ORIENTED_EDGE ( 'NONE', *, *, #1782, .F. ) ;
#3878 = ORIENTED_EDGE ( 'NONE', *, *, #940, .T. ) ;
#3879 = ORIENTED_EDGE ( 'NONE', *, *, #3252, .T. ) ;
#3880 = AXIS2_PLACEMENT_3D ( 'NONE', #1666, #2474, #788 ) ;
#3881 = ORIENTED_EDGE ( 'NONE', *, *, #3210, .F. ) ;
#3882 = PLANE ( 'NONE',  #3729 ) ;
#3883 = DIRECTION ( 'NONE',  ( 1.000000000000000000, 0.0000000000000000000, 0.0000000000000000000 ) ) ;
#3884 = DIRECTION ( 'NONE',  ( 1.826024711554532900E-016, -0.0000000000000000000, 1.000000000000000000 ) ) ;
#3885 = DIRECTION ( 'NONE',  ( 0.0000000000000000000, -0.7071067811865513500, 0.7071067811865436900 ) ) ;
#3886 = FACE_OUTER_BOUND ( 'NONE', #2781, .T. ) ;
#3887 = CYLINDRICAL_SURFACE ( 'NONE', #1537, 2.025000000000004400 ) ;
#3888 = DIRECTION ( 'NONE',  ( 0.0000000000000000000, -0.7071067811865450200, 0.7071067811865501300 ) ) ;
#3889 = ORIENTED_EDGE ( 'NONE', *, *, #2702, .T. ) ;
#3890 = DIRECTION ( 'NONE',  ( 0.0000000000000000000, 0.0000000000000000000, -1.000000000000000000 ) ) ;
#3891 = DIRECTION ( 'NONE',  ( 1.000000000000000000, -0.0000000000000000000, 0.0000000000000000000 ) ) ;
#3892 = CARTESIAN_POINT ( 'NONE',  ( -1.249999999999999800, 61.43189123190266800, 13.43189123190281200 ) ) ;
#3893 = ADVANCED_FACE ( 'NONE', ( #620 ), #2563, .F. ) ;
#3894 = CYLINDRICAL_SURFACE ( 'NONE', #3701, 2.024999999999998100 ) ;
#3895 = DIRECTION ( 'NONE',  ( 1.000000000000000000, -0.0000000000000000000, -0.0000000000000000000 ) ) ;
#3896 = DIRECTION ( 'NONE',  ( 1.000000000000000000, 0.0000000000000000000, 0.0000000000000000000 ) ) ;
#3897 = LINE ( 'NONE', #1059, #2957 ) ;
#3898 = FACE_OUTER_BOUND ( 'NONE', #3483, .T. ) ;
#3899 = ADVANCED_FACE ( 'NONE', ( #1094 ), #1525, .F. ) ;
#3900 = CARTESIAN_POINT ( 'NONE',  ( -1.249999999999999800, 36.68629150101524100, 0.0000000000000000000 ) ) ;
#3901 = EDGE_CURVE ( 'NONE', #4312, #5272, #2546, .T. ) ;
#3902 = LINE ( 'NONE', #3536, #4093 ) ;
#3903 = DIRECTION ( 'NONE',  ( 1.387778780781447300E-015, 0.0000000000000000000, -1.000000000000000000 ) ) ;
#3904 = AXIS2_PLACEMENT_3D ( 'NONE', #3487, #22, #470 ) ;
#3905 = CARTESIAN_POINT ( 'NONE',  ( -1.249999999999999800, 80.48528137423858200, -8.485281374238564200 ) ) ;
#3906 = VECTOR ( 'NONE', #1736, 1000.000000000000000 ) ;
#3907 = CARTESIAN_POINT ( 'NONE',  ( -1.249999999999999800, 64.00000000000000000, -7.999999999999996400 ) ) ;
#3908 = ORIENTED_EDGE ( 'NONE', *, *, #3848, .T. ) ;
#3909 = LINE ( 'NONE', #263, #4766 ) ;
#3910 = LINE ( 'NONE', #3660, #1558 ) ;
#3911 = CARTESIAN_POINT ( 'NONE',  ( -1.249999999999999800, 56.48528137423856100, 8.485281374238569500 ) ) ;
#3912 = CARTESIAN_POINT ( 'NONE',  ( 1.250000000000000200, 72.00000000000001400, 6.999999999999999100 ) ) ;
#3913 = AXIS2_PLACEMENT_3D ( 'NONE', #3214, #657, #3652 ) ;
#3914 = ORIENTED_EDGE ( 'NONE', *, *, #3819, .F. ) ;
#3915 = DIRECTION ( 'NONE',  ( -1.826024711554532900E-016, 0.0000000000000000000, 1.000000000000000000 ) ) ;
#3916 = ORIENTED_EDGE ( 'NONE', *, *, #2089, .T. ) ;
#3917 = CYLINDRICAL_SURFACE ( 'NONE', #3880, 2.024999999999999900 ) ;
#3918 = LINE ( 'NONE', #2138, #631 ) ;
#3919 = EDGE_CURVE ( 'NONE', #445, #1325, #4070, .T. ) ;
#3920 = ADVANCED_FACE ( 'NONE', ( #2686 ), #3522, .F. ) ;
#3921 = CARTESIAN_POINT ( 'NONE',  ( 6.749999999999989300, 40.00000000000000700, 16.00000000000000400 ) ) ;
#3922 = ORIENTED_EDGE ( 'NONE', *, *, #1232, .F. ) ;
#3923 = DIRECTION ( 'NONE',  ( 1.000000000000000000, -0.0000000000000000000, -0.0000000000000000000 ) ) ;
#3924 = ORIENTED_EDGE ( 'NONE', *, *, #763, .T. ) ;
#3925 = ORIENTED_EDGE ( 'NONE', *, *, #3169, .F. ) ;
#3926 = DIRECTION ( 'NONE',  ( 0.0000000000000000000, 0.0000000000000000000, -1.000000000000000000 ) ) ;
#3927 = EDGE_CURVE ( 'NONE', #197, #437, #1998, .T. ) ;
#3928 = CARTESIAN_POINT ( 'NONE',  ( -46.75000000000000000, 9.917172606141329900, -7.053390142335807400 ) ) ;
#3929 = EDGE_CURVE ( 'NONE', #5328, #2676, #2113, .T. ) ;
#3930 = FACE_OUTER_BOUND ( 'NONE', #4707, .T. ) ;
#3931 = DIRECTION ( 'NONE',  ( 0.0000000000000000000, 0.0000000000000000000, -1.000000000000000000 ) ) ;
#3932 = ORIENTED_EDGE ( 'NONE', *, *, #4132, .F. ) ;
#3933 = ADVANCED_FACE ( 'NONE', ( #3122 ), #2353, .F. ) ;
#3934 = ORIENTED_EDGE ( 'NONE', *, *, #198, .F. ) ;
#3935 = CIRCLE ( 'NONE', #1989, 2.025000000000006100 ) ;
#3936 = EDGE_LOOP ( 'NONE', ( #4593, #6, #996, #176 ) ) ;
#3937 = CARTESIAN_POINT ( 'NONE',  ( -1.249999999999999800, 80.48528137423858200, -8.485281374238564200 ) ) ;
#3938 = CARTESIAN_POINT ( 'NONE',  ( -46.75000000000000000, 1.431891231902797200, 1.431891231902786800 ) ) ;
#3939 = EDGE_CURVE ( 'NONE', #3820, #1426, #2646, .T. ) ;
#3940 = FACE_OUTER_BOUND ( 'NONE', #669, .T. ) ;
#3941 = ORIENTED_EDGE ( 'NONE', *, *, #1408, .F. ) ;
#3942 = CARTESIAN_POINT ( 'NONE',  ( -1.250000000000001100, 87.51471862576143200, -8.485281374238555300 ) ) ;
#3943 = EDGE_LOOP ( 'NONE', ( #3665, #3771 ) ) ;
#3944 = CARTESIAN_POINT ( 'NONE',  ( -1.249999999999999800, 65.43189123190276700, -9.431891231902755000 ) ) ;
#3945 = CARTESIAN_POINT ( 'NONE',  ( 1.250000000000000200, 38.56810876809724000, 6.568108768097240500 ) ) ;
#3946 = AXIS2_PLACEMENT_3D ( 'NONE', #2906, #3310, #3263 ) ;
#3947 = LINE ( 'NONE', #3694, #247 ) ;
#3948 = ORIENTED_EDGE ( 'NONE', *, *, #1818, .F. ) ;
#3949 = ORIENTED_EDGE ( 'NONE', *, *, #1693, .T. ) ;
#3950 = CARTESIAN_POINT ( 'NONE',  ( 10.75000000000002300, 96.00000000000000000, -1.491862189340059100E-014 ) ) ;
#3951 = ADVANCED_FACE ( 'NONE', ( #2770 ), #1482, .T. ) ;
#3952 = ADVANCED_FACE ( 'NONE', ( #1288 ), #2203, .F. ) ;
#3953 = ORIENTED_EDGE ( 'NONE', *, *, #5104, .F. ) ;
#3954 = AXIS2_PLACEMENT_3D ( 'NONE', #1261, #5524, #3808 ) ;
#3955 = ORIENTED_EDGE ( 'NONE', *, *, #1226, .F. ) ;
#3956 = DIRECTION ( 'NONE',  ( 0.0000000000000000000, 0.0000000000000000000, -1.000000000000000000 ) ) ;
#3957 = LINE ( 'NONE', #2422, #3690 ) ;
#3958 = VECTOR ( 'NONE', #1987, 1000.000000000000000 ) ;
#3959 = DIRECTION ( 'NONE',  ( 0.0000000000000000000, 0.7071067811865505700, -0.7071067811865444600 ) ) ;
#3960 = ORIENTED_EDGE ( 'NONE', *, *, #4326, .F. ) ;
#3961 = ADVANCED_FACE ( 'NONE', ( #3970 ), #5332, .T. ) ;
#3962 = AXIS2_PLACEMENT_3D ( 'NONE', #1361, #1737, #3885 ) ;
#3963 = CARTESIAN_POINT ( 'NONE',  ( 1.250000000000000200, 34.56810876809746000, 10.56810876809731100 ) ) ;
#3964 = CIRCLE ( 'NONE', #2797, 2.024999999999997200 ) ;
#3965 = DIRECTION ( 'NONE',  ( 0.0000000000000000000, -0.7071067811865500200, 0.7071067811865450200 ) ) ;
#3966 = EDGE_CURVE ( 'NONE', #2923, #2038, #3589, .T. ) ;
#3967 = LINE ( 'NONE', #4413, #4277 ) ;
#3968 = DIRECTION ( 'NONE',  ( 0.0000000000000000000, 0.0000000000000000000, -1.000000000000000000 ) ) ;
#3969 = CARTESIAN_POINT ( 'NONE',  ( -1.249999999999999800, 34.56810876809722500, -10.56810876809725700 ) ) ;
#3970 = FACE_OUTER_BOUND ( 'NONE', #3862, .T. ) ;
#3971 = FACE_OUTER_BOUND ( 'NONE', #5507, .T. ) ;
#3972 = EDGE_CURVE ( 'NONE', #737, #523, #2660, .T. ) ;
#3973 = CARTESIAN_POINT ( 'NONE',  ( -1.249999999999999800, 24.00000000000000000, 0.0000000000000000000 ) ) ;
#3974 = DIRECTION ( 'NONE',  ( 1.000000000000000000, -0.0000000000000000000, -0.0000000000000000000 ) ) ;
#3975 = CIRCLE ( 'NONE', #83, 2.024999999999998100 ) ;
#3976 = EDGE_LOOP ( 'NONE', ( #468, #2575, #2161, #4311 ) ) ;
#3977 = CYLINDRICAL_SURFACE ( 'NONE', #985, 2.024999999999999900 ) ;
#3978 = LINE ( 'NONE', #2811, #2839 ) ;
#3979 = CARTESIAN_POINT ( 'NONE',  ( -1.249999999999999800, 46.56810876809755900, -49.43189123190279600 ) ) ;
#3980 = VERTEX_POINT ( 'NONE', #1950 ) ;
#3981 = VERTEX_POINT ( 'NONE', #3291 ) ;
#3982 = AXIS2_PLACEMENT_3D ( 'NONE', #2813, #5381, #4493 ) ;
#3983 = FACE_OUTER_BOUND ( 'NONE', #3037, .T. ) ;
#3984 = LINE ( 'NONE', #5401, #1851 ) ;
#3985 = ORIENTED_EDGE ( 'NONE', *, *, #4300, .T. ) ;
#3986 = EDGE_LOOP ( 'NONE', ( #3385, #859, #3254, #230 ) ) ;
#3987 = CARTESIAN_POINT ( 'NONE',  ( -1.249999999999999800, 57.43189123190274600, 6.568108768097250300 ) ) ;
#3988 = VECTOR ( 'NONE', #4753, 1000.000000000000000 ) ;
#3989 = AXIS2_PLACEMENT_3D ( 'NONE', #4473, #1044, #575 ) ;
#3990 = ORIENTED_EDGE ( 'NONE', *, *, #1231, .F. ) ;
#3991 = VERTEX_POINT ( 'NONE', #3661 ) ;
#3992 = VERTEX_POINT ( 'NONE', #1932 ) ;
#3993 = EDGE_CURVE ( 'NONE', #939, #739, #4514, .T. ) ;
#3994 = LINE ( 'NONE', #1291, #3793 ) ;
#3995 = VERTEX_POINT ( 'NONE', #2889 ) ;
#3996 = ORIENTED_EDGE ( 'NONE', *, *, #5361, .T. ) ;
#3997 = CARTESIAN_POINT ( 'NONE',  ( -1.249999999999999800, 57.43189123190276000, -6.568108768097234300 ) ) ;
#3998 = CARTESIAN_POINT ( 'NONE',  ( 1.250000000000000200, 41.43189123190276700, -9.431891231902755000 ) ) ;
#3999 = ADVANCED_FACE ( 'NONE', ( #844 ), #4930, .F. ) ;
#4000 = VERTEX_POINT ( 'NONE', #2490 ) ;
#4001 = ORIENTED_EDGE ( 'NONE', *, *, #405, .T. ) ;
#4002 = CARTESIAN_POINT ( 'NONE',  ( -1.249999999999999800, 17.43189123190276700, -9.431891231902755000 ) ) ;
#4003 = DIRECTION ( 'NONE',  ( 1.000000000000000000, -0.0000000000000000000, 0.0000000000000000000 ) ) ;
#4004 = EDGE_LOOP ( 'NONE', ( #4085, #1541, #4597, #3182 ) ) ;
#4005 = EDGE_CURVE ( 'NONE', #4436, #4174, #2795, .T. ) ;
#4006 = ADVANCED_FACE ( 'NONE', ( #160 ), #2525, .F. ) ;
#4007 = LINE ( 'NONE', #4495, #5011 ) ;
#4008 = CARTESIAN_POINT ( 'NONE',  ( 2.465133360598619700E-015, 96.00000000000000000, -13.50000000000000200 ) ) ;
#4009 = ORIENTED_EDGE ( 'NONE', *, *, #5395, .T. ) ;
#4010 = CARTESIAN_POINT ( 'NONE',  ( 8.774999999999998600, 80.00000000000001400, -15.99999999999999600 ) ) ;
#4011 = VERTEX_POINT ( 'NONE', #4136 ) ;
#4012 = AXIS2_PLACEMENT_3D ( 'NONE', #5161, #1118, #2805 ) ;
#4013 = CARTESIAN_POINT ( 'NONE',  ( -1.249999999999999800, 48.00000000000000000, 0.0000000000000000000 ) ) ;
#4014 = ORIENTED_EDGE ( 'NONE', *, *, #66, .T. ) ;
#4015 = DIRECTION ( 'NONE',  ( 1.000000000000000000, -0.0000000000000000000, 0.0000000000000000000 ) ) ;
#4016 = VERTEX_POINT ( 'NONE', #741 ) ;
#4017 = FACE_BOUND ( 'NONE', #3578, .T. ) ;
#4018 = AXIS2_PLACEMENT_3D ( 'NONE', #4147, #1165, #2877 ) ;
#4019 = EDGE_CURVE ( 'NONE', #3307, #3091, #4648, .T. ) ;
#4020 = ORIENTED_EDGE ( 'NONE', *, *, #2989, .F. ) ;
#4021 = CARTESIAN_POINT ( 'NONE',  ( 6.750000000000000000, 24.00000000000000700, -13.50000000000000200 ) ) ;
#4022 = DIRECTION ( 'NONE',  ( 0.0000000000000000000, 0.0000000000000000000, -1.000000000000000000 ) ) ;
#4023 = DIRECTION ( 'NONE',  ( -1.000000000000000000, 0.0000000000000000000, 0.0000000000000000000 ) ) ;
#4024 = DIRECTION ( 'NONE',  ( 0.0000000000000000000, 0.0000000000000000000, -1.000000000000000000 ) ) ;
#4025 = AXIS2_PLACEMENT_3D ( 'NONE', #4110, #1997, #266 ) ;
#4026 = DIRECTION ( 'NONE',  ( -1.000000000000000000, -0.0000000000000000000, -0.0000000000000000000 ) ) ;
#4027 = EDGE_CURVE ( 'NONE', #5368, #2865, #1791, .T. ) ;
#4028 = DIRECTION ( 'NONE',  ( 1.000000000000000000, -0.0000000000000000000, 0.0000000000000000000 ) ) ;
#4029 = LINE ( 'NONE', #1257, #2896 ) ;
#4030 = VECTOR ( 'NONE', #2494, 1000.000000000000000 ) ;
#4031 = ADVANCED_FACE ( 'NONE', ( #2453 ), #649, .F. ) ;
#4032 = VECTOR ( 'NONE', #3396, 1000.000000000000000 ) ;
#4033 = EDGE_CURVE ( 'NONE', #3518, #372, #3935, .T. ) ;
#4034 = CARTESIAN_POINT ( 'NONE',  ( 1.250000000000000200, 16.94660985766420000, -9.917172606141322800 ) ) ;
#4035 = PLANE ( 'NONE',  #514 ) ;
#4036 = LINE ( 'NONE', #515, #3906 ) ;
#4037 = EDGE_CURVE ( 'NONE', #2848, #3266, #1315, .T. ) ;
#4038 = DIRECTION ( 'NONE',  ( 0.0000000000000000000, 0.0000000000000000000, -1.000000000000000000 ) ) ;
#4039 = ORIENTED_EDGE ( 'NONE', *, *, #5177, .F. ) ;
#4040 = CARTESIAN_POINT ( 'NONE',  ( 1.250000000000000200, 61.43189123190277500, -13.43189123190275300 ) ) ;
#4041 = EDGE_LOOP ( 'NONE', ( #1167, #4840, #5343, #3480 ) ) ;
#4042 = CIRCLE ( 'NONE', #4614, 2.025000000000000800 ) ;
#4043 = DIRECTION ( 'NONE',  ( 0.0000000000000000000, 0.0000000000000000000, -1.000000000000000000 ) ) ;
#4044 = EDGE_LOOP ( 'NONE', ( #799, #3656 ) ) ;
#4045 = ORIENTED_EDGE ( 'NONE', *, *, #4620, .F. ) ;
#4046 = CARTESIAN_POINT ( 'NONE',  ( -46.75000000000000000, 89.43189123190276700, 9.431891231902772800 ) ) ;
#4047 = LINE ( 'NONE', #2061, #2914 ) ;
#4048 = CIRCLE ( 'NONE', #4084, 2.025000000000004400 ) ;
#4049 = VERTEX_POINT ( 'NONE', #1596 ) ;
#4050 = AXIS2_PLACEMENT_3D ( 'NONE', #5210, #1767, #3506 ) ;
#4051 = ORIENTED_EDGE ( 'NONE', *, *, #810, .F. ) ;
#4052 = ORIENTED_EDGE ( 'NONE', *, *, #4745, .F. ) ;
#4053 = VERTEX_POINT ( 'NONE', #4183 ) ;
#4054 = ORIENTED_EDGE ( 'NONE', *, *, #3069, .F. ) ;
#4055 = VERTEX_POINT ( 'NONE', #4558 ) ;
#4056 = DIRECTION ( 'NONE',  ( 0.0000000000000000000, 0.0000000000000000000, -1.000000000000000000 ) ) ;
#4057 = AXIS2_PLACEMENT_3D ( 'NONE', #3950, #4379, #5217 ) ;
#4058 = DIRECTION ( 'NONE',  ( -1.000000000000000000, 0.0000000000000000000, 0.0000000000000000000 ) ) ;
#4059 = EDGE_CURVE ( 'NONE', #4063, #3664, #716, .T. ) ;
#4060 = ADVANCED_FACE ( 'NONE', ( #5059 ), #370, .F. ) ;
#4061 = EDGE_LOOP ( 'NONE', ( #3316, #5268 ) ) ;
#4062 = DIRECTION ( 'NONE',  ( 3.652049423109066300E-016, 0.0000000000000000000, -1.000000000000000000 ) ) ;
#4063 = VERTEX_POINT ( 'NONE', #3781 ) ;
#4064 = DIRECTION ( 'NONE',  ( -1.000000000000000000, 0.0000000000000000000, 0.0000000000000000000 ) ) ;
#4065 = DIRECTION ( 'NONE',  ( 1.000000000000000000, 0.0000000000000000000, 3.652049423109066300E-016 ) ) ;
#4066 = VECTOR ( 'NONE', #2454, 1000.000000000000100 ) ;
#4067 = DIRECTION ( 'NONE',  ( 3.652049423109066300E-016, -0.0000000000000000000, -1.000000000000000000 ) ) ;
#4068 = VERTEX_POINT ( 'NONE', #5425 ) ;
#4069 = ORIENTED_EDGE ( 'NONE', *, *, #4461, .F. ) ;
#4070 = LINE ( 'NONE', #5353, #2399 ) ;
#4071 = EDGE_CURVE ( 'NONE', #5463, #4053, #3724, .T. ) ;
#4072 = ORIENTED_EDGE ( 'NONE', *, *, #4419, .F. ) ;
#4073 = ORIENTED_EDGE ( 'NONE', *, *, #3275, .F. ) ;
#4074 = CARTESIAN_POINT ( 'NONE',  ( 6.749999999999989300, 48.00000000000000700, 16.00000000000000400 ) ) ;
#4075 = DIRECTION ( 'NONE',  ( -1.000000000000000000, 0.0000000000000000000, 0.0000000000000000000 ) ) ;
#4076 = ORIENTED_EDGE ( 'NONE', *, *, #2322, .F. ) ;
#4077 = DIRECTION ( 'NONE',  ( 1.000000000000000000, -0.0000000000000000000, 0.0000000000000000000 ) ) ;
#4078 = EDGE_LOOP ( 'NONE', ( #1305, #5015, #3941, #1807 ) ) ;
#4079 = CARTESIAN_POINT ( 'NONE',  ( 1.250000000000000200, 80.48528137423858200, -10.51028137423856800 ) ) ;
#4080 = CARTESIAN_POINT ( 'NONE',  ( -1.249999999999999800, 97.43189123190273900, 1.431891231902723700 ) ) ;
#4081 = FACE_BOUND ( 'NONE', #1420, .T. ) ;
#4082 = CARTESIAN_POINT ( 'NONE',  ( -1.249999999999999800, 81.91717260614133500, -7.053390142335806500 ) ) ;
#4083 = ORIENTED_EDGE ( 'NONE', *, *, #5064, .F. ) ;
#4084 = AXIS2_PLACEMENT_3D ( 'NONE', #5250, #4015, #4415 ) ;
#4085 = ORIENTED_EDGE ( 'NONE', *, *, #1526, .F. ) ;
#4086 = CARTESIAN_POINT ( 'NONE',  ( 1.250000000000000200, 78.56810876809724700, 9.431891231902756800 ) ) ;
#4087 = AXIS2_PLACEMENT_3D ( 'NONE', #3520, #893, #953 ) ;
#4088 = EDGE_CURVE ( 'NONE', #2232, #5464, #1996, .T. ) ;
#4089 = PLANE ( 'NONE',  #2697 ) ;
#4090 = EDGE_CURVE ( 'NONE', #3512, #4847, #4790, .T. ) ;
#4091 = CARTESIAN_POINT ( 'NONE',  ( 6.749999999999989300, 64.00000000000000000, 16.00000000000000400 ) ) ;
#4092 = PRODUCT_DEFINITION_SHAPE ( 'NONE', 'NONE',  #2606 ) ;
#4093 = VECTOR ( 'NONE', #5265, 1000.000000000000000 ) ;
#4094 = DIRECTION ( 'NONE',  ( 1.000000000000000000, -0.0000000000000000000, -0.0000000000000000000 ) ) ;
#4095 = EDGE_CURVE ( 'NONE', #2684, #2923, #1577, .T. ) ;
#4096 = CARTESIAN_POINT ( 'NONE',  ( -1.249999999999999800, 31.99999999999999300, 8.000000000000000000 ) ) ;
#4097 = CARTESIAN_POINT ( 'NONE',  ( 5.843279076974506900E-015, 96.00000000000000000, -16.00000000000000000 ) ) ;
#4098 = DIRECTION ( 'NONE',  ( 0.0000000000000000000, -0.7071067811865487900, -0.7071067811865463500 ) ) ;
#4099 = AXIS2_PLACEMENT_3D ( 'NONE', #4996, #2433, #1203 ) ;
#4100 = FACE_OUTER_BOUND ( 'NONE', #92, .T. ) ;
#4101 = VERTEX_POINT ( 'NONE', #2031 ) ;
#4102 = CYLINDRICAL_SURFACE ( 'NONE', #2028, 2.025000000000006100 ) ;
#4103 = FACE_OUTER_BOUND ( 'NONE', #110, .T. ) ;
#4104 = ORIENTED_EDGE ( 'NONE', *, *, #484, .T. ) ;
#4105 = ORIENTED_EDGE ( 'NONE', *, *, #5170, .F. ) ;
#4106 = EDGE_CURVE ( 'NONE', #2728, #1193, #5122, .T. ) ;
#4107 = LINE ( 'NONE', #2767, #1631 ) ;
#4108 = FACE_BOUND ( 'NONE', #742, .T. ) ;
#4109 = DIRECTION ( 'NONE',  ( 1.826024711554532900E-016, -0.0000000000000000000, 1.000000000000000000 ) ) ;
#4110 = CARTESIAN_POINT ( 'NONE',  ( -1.249999999999999800, 31.99999999999999300, 8.000000000000000000 ) ) ;
#4111 = VERTEX_POINT ( 'NONE', #858 ) ;
#4112 = ORIENTED_EDGE ( 'NONE', *, *, #1424, .F. ) ;
#4113 = DIRECTION ( 'NONE',  ( 0.0000000000000000000, 0.7071067811865463500, 0.7071067811865487900 ) ) ;
#4114 = CARTESIAN_POINT ( 'NONE',  ( 1.250000000000000200, 13.43189123190261800, 13.43189123190273400 ) ) ;
#4115 = VECTOR ( 'NONE', #2384, 1000.000000000000000 ) ;
#4116 = VERTEX_POINT ( 'NONE', #1745 ) ;
#4117 = ORIENTED_EDGE ( 'NONE', *, *, #3812, .F. ) ;
#4118 = DIRECTION ( 'NONE',  ( 3.652049423109066300E-016, -0.0000000000000000000, -1.000000000000000000 ) ) ;
#4119 = ORIENTED_EDGE ( 'NONE', *, *, #1518, .T. ) ;
#4120 = FACE_OUTER_BOUND ( 'NONE', #1331, .T. ) ;
#4121 = AXIS2_PLACEMENT_3D ( 'NONE', #3696, #4557, #5387 ) ;
#4122 = VERTEX_POINT ( 'NONE', #386 ) ;
#4123 = ORIENTED_EDGE ( 'NONE', *, *, #355, .F. ) ;
#4124 = AXIS2_PLACEMENT_3D ( 'NONE', #3679, #5289, #4024 ) ;
#4125 = CARTESIAN_POINT ( 'NONE',  ( -1.249999999999999800, 54.56810876809724000, -9.431891231902755000 ) ) ;
#4126 = DIRECTION ( 'NONE',  ( 0.0000000000000000000, 0.0000000000000000000, -1.000000000000000000 ) ) ;
#4127 = ORIENTED_EDGE ( 'NONE', *, *, #3304, .T. ) ;
#4128 = AXIS2_PLACEMENT_3D ( 'NONE', #2831, #4542, #1599 ) ;
#4129 = EDGE_CURVE ( 'NONE', #4669, #5147, #1442, .T. ) ;
#4130 = DIRECTION ( 'NONE',  ( 1.000000000000000000, 0.0000000000000000000, 0.0000000000000000000 ) ) ;
#4131 = DIRECTION ( 'NONE',  ( -1.000000000000000000, 0.0000000000000000000, 0.0000000000000000000 ) ) ;
#4132 = EDGE_CURVE ( 'NONE', #5384, #2333, #513, .T. ) ;
#4133 = DIRECTION ( 'NONE',  ( 0.0000000000000000000, -0.7071067811865537900, 0.7071067811865412400 ) ) ;
#4134 = CARTESIAN_POINT ( 'NONE',  ( -1.249999999999999800, 15.51471862576143000, 8.485281374238569500 ) ) ;
#4135 = ORIENTED_EDGE ( 'NONE', *, *, #3659, .F. ) ;
#4136 = CARTESIAN_POINT ( 'NONE',  ( 8.774999999999987900, 80.00000000000001400, 13.50000000000000000 ) ) ;
#4137 = VERTEX_POINT ( 'NONE', #5098 ) ;
#4138 = ORIENTED_EDGE ( 'NONE', *, *, #833, .F. ) ;
#4139 = ORIENTED_EDGE ( 'NONE', *, *, #2311, .F. ) ;
#4140 = DIRECTION ( 'NONE',  ( 3.652049423109066300E-016, 0.0000000000000000000, -1.000000000000000000 ) ) ;
#4141 = EDGE_CURVE ( 'NONE', #2861, #4011, #3994, .T. ) ;
#4142 = ORIENTED_EDGE ( 'NONE', *, *, #5148, .F. ) ;
#4143 = AXIS2_PLACEMENT_3D ( 'NONE', #663, #3657, #2818 ) ;
#4144 = CARTESIAN_POINT ( 'NONE',  ( -1.249999999999999800, 38.56810876809724000, 6.568108768097240500 ) ) ;
#4145 = DIRECTION ( 'NONE',  ( 1.000000000000000000, -0.0000000000000000000, -0.0000000000000000000 ) ) ;
#4146 = CARTESIAN_POINT ( 'NONE',  ( -1.249999999999999800, 61.43189123190278900, -13.43189123190274400 ) ) ;
#4147 = CARTESIAN_POINT ( 'NONE',  ( -1.249999999999999800, 39.51471862576143900, -8.485281374238566000 ) ) ;
#4148 = DIRECTION ( 'NONE',  ( 3.652049423109066300E-016, 0.0000000000000000000, -1.000000000000000000 ) ) ;
#4149 = DIRECTION ( 'NONE',  ( 0.0000000000000000000, -1.713307136767214600E-015, -1.000000000000000000 ) ) ;
#4150 = AXIS2_PLACEMENT_3D ( 'NONE', #4091, #4175, #4253 ) ;
#4151 = VECTOR ( 'NONE', #1653, 1000.000000000000000 ) ;
#4152 = DIRECTION ( 'NONE',  ( 3.652049423109066300E-016, 0.0000000000000000000, -1.000000000000000000 ) ) ;
#4153 = LINE ( 'NONE', #3641, #4685 ) ;
#4154 = AXIS2_PLACEMENT_3D ( 'NONE', #177, #132, #4911 ) ;
#4155 = CIRCLE ( 'NONE', #3603, 2.024999999999999000 ) ;
#4156 = LINE ( 'NONE', #3979, #3357 ) ;
#4157 = DIRECTION ( 'NONE',  ( 1.000000000000000000, -0.0000000000000000000, -0.0000000000000000000 ) ) ;
#4158 = DIRECTION ( 'NONE',  ( 3.652049423109066300E-016, -0.0000000000000000000, -1.000000000000000000 ) ) ;
#4159 = VECTOR ( 'NONE', #1873, 1000.000000000000000 ) ;
#4160 = CARTESIAN_POINT ( 'NONE',  ( 6.749999999999990200, 88.00000000000002800, 13.50000000000000000 ) ) ;
#4161 = CARTESIAN_POINT ( 'NONE',  ( -1.249999999999999800, 56.48528137423856100, 8.485281374238569500 ) ) ;
#4162 = CARTESIAN_POINT ( 'NONE',  ( -1.249999999999999800, 58.56810876809729600, 10.56810876809721700 ) ) ;
#4163 = EDGE_LOOP ( 'NONE', ( #1957, #1805, #2669, #1239 ) ) ;
#4164 = ORIENTED_EDGE ( 'NONE', *, *, #982, .F. ) ;
#4165 = FACE_OUTER_BOUND ( 'NONE', #4612, .T. ) ;
#4166 = ORIENTED_EDGE ( 'NONE', *, *, #2, .F. ) ;
#4167 = ORIENTED_EDGE ( 'NONE', *, *, #4890, .F. ) ;
#4168 = VECTOR ( 'NONE', #3851, 1000.000000000000100 ) ;
#4169 = VECTOR ( 'NONE', #2541, 1000.000000000000000 ) ;
#4170 = DIRECTION ( 'NONE',  ( 0.0000000000000000000, 0.0000000000000000000, -1.000000000000000000 ) ) ;
#4171 = ORIENTED_EDGE ( 'NONE', *, *, #482, .F. ) ;
#4172 = EDGE_CURVE ( 'NONE', #963, #3820, #3596, .T. ) ;
#4173 = ORIENTED_EDGE ( 'NONE', *, *, #781, .F. ) ;
#4174 = VERTEX_POINT ( 'NONE', #3001 ) ;
#4175 = DIRECTION ( 'NONE',  ( 3.652049423109066300E-016, 0.0000000000000000000, -1.000000000000000000 ) ) ;
#4176 = VECTOR ( 'NONE', #5476, 1000.000000000000000 ) ;
#4177 = DIRECTION ( 'NONE',  ( 0.0000000000000000000, -0.7071067811865487900, -0.7071067811865463500 ) ) ;
#4178 = FACE_BOUND ( 'NONE', #2683, .T. ) ;
#4179 = ORIENTED_EDGE ( 'NONE', *, *, #5030, .T. ) ;
#4180 = AXIS2_PLACEMENT_3D ( 'NONE', #3907, #2628, #4350 ) ;
#4181 = ORIENTED_EDGE ( 'NONE', *, *, #2359, .T. ) ;
#4182 = EDGE_LOOP ( 'NONE', ( #1535, #4862, #420, #1610 ) ) ;
#4183 = CARTESIAN_POINT ( 'NONE',  ( 4.725000000000003200, 88.00000000000002800, -15.99999999999999600 ) ) ;
#4184 = CARTESIAN_POINT ( 'NONE',  ( 6.750000000000000900, 88.00000000000002800, -15.99999999999999600 ) ) ;
#4185 = VERTEX_POINT ( 'NONE', #2147 ) ;
#4186 = ORIENTED_EDGE ( 'NONE', *, *, #3069, .T. ) ;
#4187 = AXIS2_PLACEMENT_3D ( 'NONE', #352, #1714, #2576 ) ;
#4188 = EDGE_CURVE ( 'NONE', #5057, #701, #2859, .T. ) ;
#4189 = LINE ( 'NONE', #2063, #3741 ) ;
#4190 = DIRECTION ( 'NONE',  ( 1.000000000000000000, -0.0000000000000000000, 0.0000000000000000000 ) ) ;
#4191 = EDGE_CURVE ( 'NONE', #3243, #2785, #440, .T. ) ;
#4192 = ORIENTED_EDGE ( 'NONE', *, *, #2095, .F. ) ;
#4193 = ORIENTED_EDGE ( 'NONE', *, *, #3238, .F. ) ;
#4194 = CARTESIAN_POINT ( 'NONE',  ( 1.250000000000000200, 24.00000000000000000, 6.999999999999999100 ) ) ;
#4195 = AXIS2_PLACEMENT_3D ( 'NONE', #419, #4309, #819 ) ;
#4196 = CARTESIAN_POINT ( 'NONE',  ( -1.249999999999999800, 57.43189123190274600, 6.568108768097250300 ) ) ;
#4197 = VERTEX_POINT ( 'NONE', #21 ) ;
#4198 = DIRECTION ( 'NONE',  ( 1.000000000000000000, -0.0000000000000000000, 0.0000000000000000000 ) ) ;
#4199 = EDGE_CURVE ( 'NONE', #5264, #2553, #302, .T. ) ;
#4200 = ORIENTED_EDGE ( 'NONE', *, *, #2816, .F. ) ;
#4201 = LINE ( 'NONE', #696, #733 ) ;
#4202 = CARTESIAN_POINT ( 'NONE',  ( -1.249999999999999800, 79.99999999999998600, 8.000000000000000000 ) ) ;
#4203 = DIRECTION ( 'NONE',  ( 1.000000000000000000, -0.0000000000000000000, 0.0000000000000000000 ) ) ;
#4204 = EDGE_LOOP ( 'NONE', ( #572, #1942, #1502, #1894 ) ) ;
#4205 = ORIENTED_EDGE ( 'NONE', *, *, #3336, .F. ) ;
#4206 = DIRECTION ( 'NONE',  ( 1.000000000000000000, 0.0000000000000000000, 0.0000000000000000000 ) ) ;
#4207 = FACE_OUTER_BOUND ( 'NONE', #988, .T. ) ;
#4208 = VERTEX_POINT ( 'NONE', #401 ) ;
#4209 = DIRECTION ( 'NONE',  ( 1.000000000000000000, -0.0000000000000000000, -0.0000000000000000000 ) ) ;
#4210 = EDGE_CURVE ( 'NONE', #523, #1855, #233, .T. ) ;
#4211 = CARTESIAN_POINT ( 'NONE',  ( -1.249999999999999800, 57.91717260614134200, -7.053390142335809200 ) ) ;
#4212 = DIRECTION ( 'NONE',  ( 0.0000000000000000000, -0.7071067811865487900, -0.7071067811865463500 ) ) ;
#4213 = ORIENTED_EDGE ( 'NONE', *, *, #764, .T. ) ;
#4214 = AXIS2_PLACEMENT_3D ( 'NONE', #3403, #2616, #4721 ) ;
#4215 = CIRCLE ( 'NONE', #3094, 2.024999999999998100 ) ;
#4216 = FACE_OUTER_BOUND ( 'NONE', #564, .T. ) ;
#4217 = CARTESIAN_POINT ( 'NONE',  ( 6.750000000000000900, 72.00000000000001400, -15.99999999999999600 ) ) ;
#4218 = AXIS2_PLACEMENT_3D ( 'NONE', #4943, #2383, #4971 ) ;
#4219 = EDGE_CURVE ( 'NONE', #5399, #4997, #4583, .T. ) ;
#4220 = CARTESIAN_POINT ( 'NONE',  ( -46.75000000000000000, 89.43189123190276700, -9.431891231902744400 ) ) ;
#4221 = VECTOR ( 'NONE', #2293, 1000.000000000000000 ) ;
#4222 = DIRECTION ( 'NONE',  ( 0.0000000000000000000, 0.0000000000000000000, -1.000000000000000000 ) ) ;
#4223 = VECTOR ( 'NONE', #4307, 1000.000000000000000 ) ;
#4224 = CARTESIAN_POINT ( 'NONE',  ( 4.725000000000003200, 24.00000000000000700, -15.99999999999999600 ) ) ;
#4225 = FACE_BOUND ( 'NONE', #4913, .T. ) ;
#4226 = AXIS2_PLACEMENT_3D ( 'NONE', #3555, #5249, #2240 ) ;
#4227 = EDGE_LOOP ( 'NONE', ( #2817, #4179 ) ) ;
#4228 = CYLINDRICAL_SURFACE ( 'NONE', #5154, 2.024999999999999900 ) ;
#4229 = EDGE_CURVE ( 'NONE', #1780, #5464, #1519, .T. ) ;
#4230 = CIRCLE ( 'NONE', #685, 6.999999999999999100 ) ;
#4231 = PLANE ( 'NONE',  #3222 ) ;
#4232 =( NAMED_UNIT ( * ) PLANE_ANGLE_UNIT ( ) SI_UNIT ( $, .RADIAN. ) );
#4233 = EDGE_LOOP ( 'NONE', ( #5128, #3313, #3147, #5390 ) ) ;
#4234 = ORIENTED_EDGE ( 'NONE', *, *, #4188, .F. ) ;
#4235 = CIRCLE ( 'NONE', #1953, 2.024999999999998100 ) ;
#4236 = EDGE_CURVE ( 'NONE', #3323, #4436, #3667, .T. ) ;
#4237 = DIRECTION ( 'NONE',  ( -0.0000000000000000000, -1.000000000000000000, -0.0000000000000000000 ) ) ;
#4238 = DIRECTION ( 'NONE',  ( 3.652049423109066300E-016, -0.0000000000000000000, -1.000000000000000000 ) ) ;
#4239 = ORIENTED_EDGE ( 'NONE', *, *, #2505, .T. ) ;
#4240 = DIRECTION ( 'NONE',  ( 0.0000000000000000000, 0.0000000000000000000, -1.000000000000000000 ) ) ;
#4241 = ORIENTED_EDGE ( 'NONE', *, *, #2379, .F. ) ;
#4242 = EDGE_CURVE ( 'NONE', #4729, #990, #1120, .T. ) ;
#4243 = ADVANCED_FACE ( 'NONE', ( #1386 ), #1824, .F. ) ;
#4244 = CARTESIAN_POINT ( 'NONE',  ( -1.249999999999999800, 16.94660985766419300, 9.917172606141328100 ) ) ;
#4245 = ORIENTED_EDGE ( 'NONE', *, *, #543, .T. ) ;
#4246 = CARTESIAN_POINT ( 'NONE',  ( 1.250000000000000200, 60.68629150101524100, 0.0000000000000000000 ) ) ;
#4247 = CARTESIAN_POINT ( 'NONE',  ( 1.250000000000000200, 35.31370849898475900, 0.0000000000000000000 ) ) ;
#4248 = ORIENTED_EDGE ( 'NONE', *, *, #2577, .T. ) ;
#4249 = CARTESIAN_POINT ( 'NONE',  ( -1.249999999999999800, 64.00000000000000000, 8.000000000000000000 ) ) ;
#4250 = CIRCLE ( 'NONE', #2841, 2.024999999999998100 ) ;
#4251 = VECTOR ( 'NONE', #809, 1000.000000000000000 ) ;
#4252 = ORIENTED_EDGE ( 'NONE', *, *, #4620, .T. ) ;
#4253 = DIRECTION ( 'NONE',  ( -1.000000000000000000, 0.0000000000000000000, 0.0000000000000000000 ) ) ;
#4254 = ORIENTED_EDGE ( 'NONE', *, *, #121, .F. ) ;
#4255 = APPROVAL_STATUS ( 'not_yet_approved' ) ;
#4256 = AXIS2_PLACEMENT_3D ( 'NONE', #1613, #4545, #5442 ) ;
#4257 = ORIENTED_EDGE ( 'NONE', *, *, #3786, .F. ) ;
#4258 = ORIENTED_EDGE ( 'NONE', *, *, #490, .F. ) ;
#4259 = DIRECTION ( 'NONE',  ( -1.000000000000000000, 0.0000000000000000000, -0.0000000000000000000 ) ) ;
#4260 = DIRECTION ( 'NONE',  ( 0.0000000000000000000, 0.0000000000000000000, -1.000000000000000000 ) ) ;
#4261 = LINE ( 'NONE', #750, #992 ) ;
#4262 = ORIENTED_EDGE ( 'NONE', *, *, #3650, .T. ) ;
#4263 = AXIS2_PLACEMENT_3D ( 'NONE', #2712, #194, #2342 ) ;
#4264 = ORIENTED_EDGE ( 'NONE', *, *, #193, .F. ) ;
#4265 = EDGE_CURVE ( 'NONE', #2325, #4720, #2723, .T. ) ;
#4266 = CARTESIAN_POINT ( 'NONE',  ( 1.250000000000000200, 55.99999999999999300, 5.975000000000009400 ) ) ;
#4267 = EDGE_CURVE ( 'NONE', #2708, #5248, #1247, .T. ) ;
#4268 = ORIENTED_EDGE ( 'NONE', *, *, #5008, .T. ) ;
#4269 = ORIENTED_EDGE ( 'NONE', *, *, #2866, .F. ) ;
#4270 = CARTESIAN_POINT ( 'NONE',  ( 6.750000000000000900, 40.00000000000000700, -15.99999999999999600 ) ) ;
#4271 = ADVANCED_FACE ( 'NONE', ( #2666 ), #4991, .F. ) ;
#4272 = ORIENTED_EDGE ( 'NONE', *, *, #2561, .F. ) ;
#4273 = DIRECTION ( 'NONE',  ( 0.0000000000000000000, 0.0000000000000000000, -1.000000000000000000 ) ) ;
#4274 = VECTOR ( 'NONE', #4925, 1000.000000000000000 ) ;
#4275 = CARTESIAN_POINT ( 'NONE',  ( -1.249999999999999800, 16.00000000000000000, 8.000000000000000000 ) ) ;
#4276 = ADVANCED_FACE ( 'NONE', ( #4120 ), #5261, .F. ) ;
#4277 = VECTOR ( 'NONE', #2706, 1000.000000000000000 ) ;
#4278 = PLANE ( 'NONE',  #2693 ) ;
#4279 = DIRECTION ( 'NONE',  ( 1.000000000000000000, -0.0000000000000000000, 0.0000000000000000000 ) ) ;
#4280 = EDGE_CURVE ( 'NONE', #4871, #889, #574, .T. ) ;
#4281 = CYLINDRICAL_SURFACE ( 'NONE', #1909, 2.024999999999998100 ) ;
#4282 = CIRCLE ( 'NONE', #5209, 6.999999999999999100 ) ;
#4283 = AXIS2_PLACEMENT_3D ( 'NONE', #2249, #2699, #4821 ) ;
#4284 = CIRCLE ( 'NONE', #1601, 2.024999999999997200 ) ;
#4285 = DIRECTION ( 'NONE',  ( 1.826024711554532900E-016, -0.0000000000000000000, 1.000000000000000000 ) ) ;
#4286 = EDGE_CURVE ( 'NONE', #2268, #737, #3387, .T. ) ;
#4287 = LINE ( 'NONE', #1627, #1096 ) ;
#4288 = CARTESIAN_POINT ( 'NONE',  ( 1.250000000000000200, 40.00000000000000700, -7.999999999999996400 ) ) ;
#4289 = CARTESIAN_POINT ( 'NONE',  ( 6.749999999999990200, 72.00000000000001400, 13.50000000000000000 ) ) ;
#4290 = AXIS2_PLACEMENT_3D ( 'NONE', #3402, #2164, #3822 ) ;
#4291 = CIRCLE ( 'NONE', #2298, 2.025000000000004400 ) ;
#4292 = ADVANCED_FACE ( 'NONE', ( #1719 ), #2255, .F. ) ;
#4293 = ORIENTED_EDGE ( 'NONE', *, *, #3576, .F. ) ;
#4294 = VERTEX_POINT ( 'NONE', #3486 ) ;
#4295 = CARTESIAN_POINT ( 'NONE',  ( 6.749999999999989300, 72.00000000000001400, 16.00000000000000400 ) ) ;
#4296 = CARTESIAN_POINT ( 'NONE',  ( -1.250000000000001100, 6.568108768097244100, -9.431891231902760400 ) ) ;
#4297 = CIRCLE ( 'NONE', #4619, 2.024999999999990100 ) ;
#4298 = VECTOR ( 'NONE', #1481, 1000.000000000000000 ) ;
#4299 = AXIS2_PLACEMENT_3D ( 'NONE', #5479, #3325, #3761 ) ;
#4300 = EDGE_CURVE ( 'NONE', #4941, #1065, #100, .T. ) ;
#4301 = DIRECTION ( 'NONE',  ( 1.000000000000000000, -0.0000000000000000000, -0.0000000000000000000 ) ) ;
#4302 = EDGE_CURVE ( 'NONE', #45, #3683, #4250, .T. ) ;
#4303 = EDGE_LOOP ( 'NONE', ( #652, #964, #3242, #4052 ) ) ;
#4304 = VERTEX_POINT ( 'NONE', #1762 ) ;
#4305 = CARTESIAN_POINT ( 'NONE',  ( -1.249999999999999800, 39.51471862576143200, 8.485281374238569500 ) ) ;
#4306 = FACE_OUTER_BOUND ( 'NONE', #1976, .T. ) ;
#4307 = DIRECTION ( 'NONE',  ( 1.000000000000000000, -0.0000000000000000000, -0.0000000000000000000 ) ) ;
#4308 = CYLINDRICAL_SURFACE ( 'NONE', #242, 2.025000000000002600 ) ;
#4309 = DIRECTION ( 'NONE',  ( 0.0000000000000000000, 0.0000000000000000000, 1.000000000000000000 ) ) ;
#4310 = EDGE_LOOP ( 'NONE', ( #2937, #4652, #2344, #998 ) ) ;
#4311 = ORIENTED_EDGE ( 'NONE', *, *, #4005, .T. ) ;
#4312 = VERTEX_POINT ( 'NONE', #4736 ) ;
#4313 = EDGE_CURVE ( 'NONE', #5, #589, #3858, .T. ) ;
#4314 = VECTOR ( 'NONE', #597, 1000.000000000000000 ) ;
#4315 = DIRECTION ( 'NONE',  ( 1.000000000000000000, 0.0000000000000000000, 0.0000000000000000000 ) ) ;
#4316 = DIRECTION ( 'NONE',  ( 3.652049423109066300E-016, 0.0000000000000000000, -1.000000000000000000 ) ) ;
#4317 = LINE ( 'NONE', #4390, #3598 ) ;
#4318 = EDGE_LOOP ( 'NONE', ( #3257, #384, #2103, #3306 ) ) ;
#4319 = EDGE_CURVE ( 'NONE', #4111, #3243, #777, .T. ) ;
#4320 = ORIENTED_EDGE ( 'NONE', *, *, #2137, .T. ) ;
#4321 = ORIENTED_EDGE ( 'NONE', *, *, #3689, .F. ) ;
#4322 = DIRECTION ( 'NONE',  ( 1.000000000000000000, -0.0000000000000000000, 0.0000000000000000000 ) ) ;
#4323 = CARTESIAN_POINT ( 'NONE',  ( 4.724999999999991700, 72.00000000000001400, 16.00000000000000400 ) ) ;
#4324 = EDGE_LOOP ( 'NONE', ( #4451, #308, #2809, #3383 ) ) ;
#4325 = EDGE_LOOP ( 'NONE', ( #4692, #2120, #3985, #1669, #37 ) ) ;
#4326 = EDGE_CURVE ( 'NONE', #2441, #5127, #2921, .T. ) ;
#4327 = DIRECTION ( 'NONE',  ( 1.000000000000000000, -0.0000000000000000000, -0.0000000000000000000 ) ) ;
#4328 = PERSON_AND_ORGANIZATION ( #1208, #3327 ) ;
#4329 = DIRECTION ( 'NONE',  ( -1.000000000000000000, 0.0000000000000000000, 0.0000000000000000000 ) ) ;
#4330 = ORIENTED_EDGE ( 'NONE', *, *, #2689, .T. ) ;
#4331 = ADVANCED_FACE ( 'NONE', ( #3658 ), #4507, .F. ) ;
#4332 = ORIENTED_EDGE ( 'NONE', *, *, #2246, .T. ) ;
#4333 = AXIS2_PLACEMENT_3D ( 'NONE', #5185, #4371, #2334 ) ;
#4334 = CARTESIAN_POINT ( 'NONE',  ( 1.250000000000000200, 39.51471862576143900, -8.485281374238566000 ) ) ;
#4335 = DIRECTION ( 'NONE',  ( 0.0000000000000000000, 0.0000000000000000000, -1.000000000000000000 ) ) ;
#4336 = ORIENTED_EDGE ( 'NONE', *, *, #5525, .F. ) ;
#4337 = ORIENTED_EDGE ( 'NONE', *, *, #1738, .T. ) ;
#4338 = ADVANCED_FACE ( 'NONE', ( #711 ), #2518, .F. ) ;
#4339 = FACE_OUTER_BOUND ( 'NONE', #1273, .T. ) ;
#4340 = AXIS2_PLACEMENT_3D ( 'NONE', #3597, #1019, #150 ) ;
#4341 = EDGE_LOOP ( 'NONE', ( #2186, #1172, #2907, #3849 ) ) ;
#4342 = CARTESIAN_POINT ( 'NONE',  ( -1.249999999999999800, 56.00000000000000000, -7.999999999999994700 ) ) ;
#4343 = EDGE_CURVE ( 'NONE', #4498, #5144, #5318, .T. ) ;
#4344 = VERTEX_POINT ( 'NONE', #613 ) ;
#4345 = CARTESIAN_POINT ( 'NONE',  ( 1.250000000000000200, 64.00000000000000000, 8.000000000000000000 ) ) ;
#4346 = FACE_OUTER_BOUND ( 'NONE', #2713, .T. ) ;
#4347 = VECTOR ( 'NONE', #2913, 999.9999999999998900 ) ;
#4348 = DIRECTION ( 'NONE',  ( -0.0000000000000000000, 0.7071067811865450200, 0.7071067811865500200 ) ) ;
#4349 = EDGE_LOOP ( 'NONE', ( #931, #3311, #2670, #2176 ) ) ;
#4350 = DIRECTION ( 'NONE',  ( 0.0000000000000000000, 0.0000000000000000000, -1.000000000000000000 ) ) ;
#4351 = ORIENTED_EDGE ( 'NONE', *, *, #2095, .T. ) ;
#4352 = EDGE_CURVE ( 'NONE', #745, #1587, #4641, .T. ) ;
#4353 = FACE_OUTER_BOUND ( 'NONE', #3109, .T. ) ;
#4354 = ADVANCED_FACE ( 'NONE', ( #5113, #4443, #3519, #968, #1929, #837, #2178, #639, #2788, #3380, #4923, #2851 ), #3617, .F. ) ;
#4355 = DIRECTION ( 'NONE',  ( 1.000000000000000000, -0.0000000000000000000, -0.0000000000000000000 ) ) ;
#4356 = VECTOR ( 'NONE', #2367, 1000.000000000000000 ) ;
#4357 = CARTESIAN_POINT ( 'NONE',  ( -1.249999999999999800, 61.43189123190266800, 13.43189123190281200 ) ) ;
#4358 = VECTOR ( 'NONE', #1468, 1000.000000000000000 ) ;
#4359 = CARTESIAN_POINT ( 'NONE',  ( -1.249999999999999800, 55.99999999999999300, 8.000000000000000000 ) ) ;
#4360 = LINE ( 'NONE', #495, #1224 ) ;
#4361 = DIRECTION ( 'NONE',  ( 0.0000000000000000000, 0.0000000000000000000, -1.000000000000000000 ) ) ;
#4362 = FACE_BOUND ( 'NONE', #4061, .T. ) ;
#4363 = FACE_OUTER_BOUND ( 'NONE', #3463, .T. ) ;
#4364 = CIRCLE ( 'NONE', #4980, 2.025000000000002600 ) ;
#4365 = DIRECTION ( 'NONE',  ( 1.826024711554532900E-016, -0.0000000000000000000, 1.000000000000000000 ) ) ;
#4366 = AXIS2_PLACEMENT_3D ( 'NONE', #933, #3466, #46 ) ;
#4367 = ORIENTED_EDGE ( 'NONE', *, *, #3128, .F. ) ;
#4368 = ORIENTED_EDGE ( 'NONE', *, *, #2674, .T. ) ;
#4369 = VECTOR ( 'NONE', #2171, 1000.000000000000000 ) ;
#4370 = EDGE_CURVE ( 'NONE', #1920, #2582, #5455, .T. ) ;
#4371 = DIRECTION ( 'NONE',  ( 1.000000000000000000, -0.0000000000000000000, -0.0000000000000000000 ) ) ;
#4372 = CARTESIAN_POINT ( 'NONE',  ( 6.750000000000000900, 48.00000000000000700, -15.99999999999999600 ) ) ;
#4373 = CARTESIAN_POINT ( 'NONE',  ( -1.249999999999999800, 80.00000000000000000, -7.999999999999994700 ) ) ;
#4374 = ORIENTED_EDGE ( 'NONE', *, *, #585, .T. ) ;
#4375 = ORIENTED_EDGE ( 'NONE', *, *, #802, .F. ) ;
#4376 = EDGE_CURVE ( 'NONE', #2388, #4788, #5191, .T. ) ;
#4377 = CIRCLE ( 'NONE', #724, 2.025000000000002600 ) ;
#4378 = ORIENTED_EDGE ( 'NONE', *, *, #4760, .T. ) ;
#4379 = DIRECTION ( 'NONE',  ( -1.000000000000000000, 0.0000000000000000000, 1.387778780781447300E-015 ) ) ;
#4380 = ADVANCED_FACE ( 'NONE', ( #1511 ), #180, .F. ) ;
#4381 = ORIENTED_EDGE ( 'NONE', *, *, #4106, .T. ) ;
#4382 = EDGE_LOOP ( 'NONE', ( #293, #3695, #3545, #2450 ) ) ;
#4383 = VECTOR ( 'NONE', #2435, 1000.000000000000000 ) ;
#4384 = CYLINDRICAL_SURFACE ( 'NONE', #3514, 2.024999999999999000 ) ;
#4385 = FACE_BOUND ( 'NONE', #521, .T. ) ;
#4386 = ORIENTED_EDGE ( 'NONE', *, *, #658, .F. ) ;
#4387 = VERTEX_POINT ( 'NONE', #4125 ) ;
#4388 = DIRECTION ( 'NONE',  ( 0.0000000000000000000, 0.0000000000000000000, -1.000000000000000000 ) ) ;
#4389 = CARTESIAN_POINT ( 'NONE',  ( 8.774999999999998600, 40.00000000000000700, -15.99999999999999600 ) ) ;
#4390 = CARTESIAN_POINT ( 'NONE',  ( -46.75000000000000000, 87.51471862576143200, -10.51028137423855900 ) ) ;
#4391 = EDGE_CURVE ( 'NONE', #5, #1425, #2382, .T. ) ;
#4392 = ORIENTED_EDGE ( 'NONE', *, *, #2070, .T. ) ;
#4393 = VERTEX_POINT ( 'NONE', #2868 ) ;
#4394 = CARTESIAN_POINT ( 'NONE',  ( 1.250000000000000200, 37.43189123190266800, 13.43189123190281200 ) ) ;
#4395 = CARTESIAN_POINT ( 'NONE',  ( 1.250000000000000200, 40.94660985766420000, -9.917172606141322800 ) ) ;
#4396 = CARTESIAN_POINT ( 'NONE',  ( 1.250000000000000200, 96.00000000000000000, 13.50000000000000200 ) ) ;
#4397 = AXIS2_PLACEMENT_3D ( 'NONE', #5187, #2196, #2634 ) ;
#4398 = CARTESIAN_POINT ( 'NONE',  ( 6.750000000000000900, 72.00000000000001400, -15.99999999999999600 ) ) ;
#4399 = VERTEX_POINT ( 'NONE', #4455 ) ;
#4400 = ORIENTED_EDGE ( 'NONE', *, *, #2416, .T. ) ;
#4401 = CARTESIAN_POINT ( 'NONE',  ( -1.249999999999999800, 63.51471862576143900, -8.485281374238566000 ) ) ;
#4402 = ORIENTED_EDGE ( 'NONE', *, *, #5550, .T. ) ;
#4403 = AXIS2_PLACEMENT_3D ( 'NONE', #4554, #2413, #2869 ) ;
#4404 = EDGE_LOOP ( 'NONE', ( #2460, #1531, #4186, #1848, #453 ) ) ;
#4405 = EDGE_CURVE ( 'NONE', #1425, #1134, #3314, .T. ) ;
#4406 = CARTESIAN_POINT ( 'NONE',  ( -1.249999999999999800, 61.43189123190277500, -13.43189123190275300 ) ) ;
#4407 = CYLINDRICAL_SURFACE ( 'NONE', #289, 2.025000000000000800 ) ;
#4408 = VERTEX_POINT ( 'NONE', #2024 ) ;
#4409 = AXIS2_PLACEMENT_3D ( 'NONE', #2415, #3198, #4058 ) ;
#4410 = CARTESIAN_POINT ( 'NONE',  ( -1.249999999999999800, 62.56810876809724700, -6.568108768097241400 ) ) ;
#4411 = EDGE_CURVE ( 'NONE', #5328, #3307, #1043, .T. ) ;
#4412 = DIRECTION ( 'NONE',  ( 0.0000000000000000000, 0.0000000000000000000, -1.000000000000000000 ) ) ;
#4413 = CARTESIAN_POINT ( 'NONE',  ( -46.75000000000000000, 88.94660985766420000, -9.917172606141305000 ) ) ;
#4414 = ORIENTED_EDGE ( 'NONE', *, *, #1388, .F. ) ;
#4415 = DIRECTION ( 'NONE',  ( 0.0000000000000000000, 0.0000000000000000000, -1.000000000000000000 ) ) ;
#4416 = ADVANCED_FACE ( 'NONE', ( #2247 ), #1241, .F. ) ;
#4417 = FACE_OUTER_BOUND ( 'NONE', #2065, .T. ) ;
#4418 = DIRECTION ( 'NONE',  ( 3.652049423109066300E-016, -0.0000000000000000000, -1.000000000000000000 ) ) ;
#4419 = EDGE_CURVE ( 'NONE', #1374, #4399, #360, .T. ) ;
#4420 = DIRECTION ( 'NONE',  ( 1.000000000000000000, 0.0000000000000000000, 0.0000000000000000000 ) ) ;
#4421 = AXIS2_PLACEMENT_3D ( 'NONE', #4096, #3221, #164 ) ;
#4422 = LINE ( 'NONE', #3810, #2900 ) ;
#4423 = CIRCLE ( 'NONE', #2893, 2.024999999999999900 ) ;
#4424 = DIRECTION ( 'NONE',  ( 1.000000000000000000, -0.0000000000000000000, 0.0000000000000000000 ) ) ;
#4425 = PLANE ( 'NONE',  #3007 ) ;
#4426 = CARTESIAN_POINT ( 'NONE',  ( 8.774999999999987900, 48.00000000000000700, 16.00000000000000400 ) ) ;
#4427 = CIRCLE ( 'NONE', #2554, 2.025000000000002600 ) ;
#4428 = DIRECTION ( 'NONE',  ( 0.0000000000000000000, 0.0000000000000000000, -1.000000000000000000 ) ) ;
#4429 = VERTEX_POINT ( 'NONE', #2503 ) ;
#4430 = VERTEX_POINT ( 'NONE', #382 ) ;
#4431 = AXIS2_PLACEMENT_3D ( 'NONE', #4640, #4622, #2079 ) ;
#4432 = CARTESIAN_POINT ( 'NONE',  ( -1.250000000000001100, 8.485281374238571300, -8.485281374238566000 ) ) ;
#4433 = CIRCLE ( 'NONE', #3765, 2.024999999999998100 ) ;
#4434 = CARTESIAN_POINT ( 'NONE',  ( -1.250000000000001100, 8.485281374238571300, -8.485281374238566000 ) ) ;
#4435 = ORIENTED_EDGE ( 'NONE', *, *, #5030, .F. ) ;
#4436 = VERTEX_POINT ( 'NONE', #5362 ) ;
#4437 = CARTESIAN_POINT ( 'NONE',  ( 1.250000000000000200, 48.00000000000000000, 0.0000000000000000000 ) ) ;
#4438 = AXIS2_PLACEMENT_3D ( 'NONE', #4357, #1815, #1833 ) ;
#4439 = VERTEX_POINT ( 'NONE', #1621 ) ;
#4440 = ORIENTED_EDGE ( 'NONE', *, *, #5572, .F. ) ;
#4441 = ADVANCED_FACE ( 'NONE', ( #4703 ), #4635, .F. ) ;
#4442 = ORIENTED_EDGE ( 'NONE', *, *, #1690, .T. ) ;
#4443 = FACE_BOUND ( 'NONE', #5221, .T. ) ;
#4444 = CARTESIAN_POINT ( 'NONE',  ( 6.749999999999990200, 48.00000000000000700, 13.50000000000000000 ) ) ;
#4445 = LINE ( 'NONE', #5495, #3382 ) ;
#4446 = ORIENTED_EDGE ( 'NONE', *, *, #3548, .F. ) ;
#4447 = VERTEX_POINT ( 'NONE', #2529 ) ;
#4448 = CARTESIAN_POINT ( 'NONE',  ( 4.724999999999991700, 32.00000000000000700, 16.00000000000000400 ) ) ;
#4449 = EDGE_LOOP ( 'NONE', ( #262, #3948, #1459, #2720 ) ) ;
#4450 = PLANE ( 'NONE',  #2302 ) ;
#4451 = ORIENTED_EDGE ( 'NONE', *, *, #1918, .T. ) ;
#4452 = EDGE_LOOP ( 'NONE', ( #4543, #5469, #5013, #2328 ) ) ;
#4453 = DIRECTION ( 'NONE',  ( 0.0000000000000000000, 0.7071067811865482400, -0.7071067811865469100 ) ) ;
#4454 = CYLINDRICAL_SURFACE ( 'NONE', #4691, 2.024999999999998100 ) ;
#4455 = CARTESIAN_POINT ( 'NONE',  ( 1.250000000000000200, 83.31370849898475200, 2.024999999999999900 ) ) ;
#4456 = DIRECTION ( 'NONE',  ( -1.000000000000000000, 0.0000000000000000000, 0.0000000000000000000 ) ) ;
#4457 = ORIENTED_EDGE ( 'NONE', *, *, #2219, .F. ) ;
#4458 = ORIENTED_EDGE ( 'NONE', *, *, #1129, .T. ) ;
#4459 = DIRECTION ( 'NONE',  ( -1.000000000000000000, 0.0000000000000000000, 0.0000000000000000000 ) ) ;
#4460 = AXIS2_PLACEMENT_3D ( 'NONE', #2997, #1255, #4170 ) ;
#4461 = EDGE_CURVE ( 'NONE', #4998, #3165, #3178, .T. ) ;
#4462 = ADVANCED_FACE ( 'NONE', ( #4500 ), #906, .F. ) ;
#4463 = LINE ( 'NONE', #5429, #5215 ) ;
#4464 = CARTESIAN_POINT ( 'NONE',  ( -1.249999999999999800, 24.00000000000000000, -6.999999999999999100 ) ) ;
#4465 = ORIENTED_EDGE ( 'NONE', *, *, #4199, .T. ) ;
#4466 = ORIENTED_EDGE ( 'NONE', *, *, #954, .T. ) ;
#4467 = DIRECTION ( 'NONE',  ( 3.652049423109066300E-016, -0.0000000000000000000, -1.000000000000000000 ) ) ;
#4468 = DIRECTION ( 'NONE',  ( 0.0000000000000000000, 0.7071067811865463500, 0.7071067811865487900 ) ) ;
#4469 = AXIS2_PLACEMENT_3D ( 'NONE', #4305, #1329, #3931 ) ;
#4470 = CARTESIAN_POINT ( 'NONE',  ( -1.249999999999999800, 12.68629150101524100, 2.024999999999999900 ) ) ;
#4471 = ORIENTED_EDGE ( 'NONE', *, *, #5258, .T. ) ;
#4472 = ADVANCED_FACE ( 'NONE', ( #1110 ), #3917, .F. ) ;
#4473 = CARTESIAN_POINT ( 'NONE',  ( 6.749999999999989300, 56.00000000000000700, 16.00000000000000400 ) ) ;
#4474 = AXIS2_PLACEMENT_3D ( 'NONE', #4288, #3362, #2594 ) ;
#4475 = FACE_BOUND ( 'NONE', #91, .T. ) ;
#4476 = ORIENTED_EDGE ( 'NONE', *, *, #102, .T. ) ;
#4477 = DIRECTION ( 'NONE',  ( -1.000000000000000000, 0.0000000000000000000, -0.0000000000000000000 ) ) ;
#4478 = CARTESIAN_POINT ( 'NONE',  ( -1.249999999999999800, 24.00000000000000000, 0.0000000000000000000 ) ) ;
#4479 = EDGE_CURVE ( 'NONE', #3995, #2232, #3717, .T. ) ;
#4480 = EDGE_LOOP ( 'NONE', ( #4832, #2680 ) ) ;
#4481 = EDGE_CURVE ( 'NONE', #191, #5057, #2510, .T. ) ;
#4482 = DIRECTION ( 'NONE',  ( 1.000000000000000000, -0.0000000000000000000, -0.0000000000000000000 ) ) ;
#4483 = CIRCLE ( 'NONE', #161, 2.024999999999997200 ) ;
#4484 = DIRECTION ( 'NONE',  ( -1.826024711554532900E-016, 0.0000000000000000000, 1.000000000000000000 ) ) ;
#4485 = CIRCLE ( 'NONE', #4012, 2.024999999999990100 ) ;
#4486 = LINE ( 'NONE', #3068, #4358 ) ;
#4487 = CARTESIAN_POINT ( 'NONE',  ( -46.75000000000000000, 87.51471862576143200, -8.485281374238555300 ) ) ;
#4488 = ORIENTED_EDGE ( 'NONE', *, *, #1244, .F. ) ;
#4489 = FACE_OUTER_BOUND ( 'NONE', #1927, .T. ) ;
#4490 = EDGE_CURVE ( 'NONE', #4439, #2592, #4047, .T. ) ;
#4491 = FACE_BOUND ( 'NONE', #2733, .T. ) ;
#4492 = ORIENTED_EDGE ( 'NONE', *, *, #3901, .T. ) ;
#4493 = DIRECTION ( 'NONE',  ( -1.000000000000000000, 0.0000000000000000000, 0.0000000000000000000 ) ) ;
#4494 = VECTOR ( 'NONE', #441, 1000.000000000000000 ) ;
#4495 = CARTESIAN_POINT ( 'NONE',  ( -1.249999999999999800, 59.31370849898476600, 2.024999999999999900 ) ) ;
#4496 = AXIS2_PLACEMENT_3D ( 'NONE', #1806, #935, #4757 ) ;
#4497 = ORIENTED_EDGE ( 'NONE', *, *, #2393, .T. ) ;
#4498 = VERTEX_POINT ( 'NONE', #4194 ) ;
#4499 = CARTESIAN_POINT ( 'NONE',  ( 8.774999999999987900, 88.00000000000002800, 16.00000000000000400 ) ) ;
#4500 = FACE_OUTER_BOUND ( 'NONE', #2522, .T. ) ;
#4501 = CARTESIAN_POINT ( 'NONE',  ( -1.249999999999999800, 40.00000000000000700, -7.999999999999996400 ) ) ;
#4502 = LINE ( 'NONE', #3425, #2163 ) ;
#4503 = AXIS2_PLACEMENT_3D ( 'NONE', #4134, #2419, #2830 ) ;
#4504 = ORIENTED_EDGE ( 'NONE', *, *, #4172, .T. ) ;
#4505 = ORIENTED_EDGE ( 'NONE', *, *, #1147, .F. ) ;
#4506 = DIRECTION ( 'NONE',  ( 0.0000000000000000000, 0.0000000000000000000, -1.000000000000000000 ) ) ;
#4507 = CYLINDRICAL_SURFACE ( 'NONE', #3226, 2.024999999999998100 ) ;
#4508 = FACE_OUTER_BOUND ( 'NONE', #4163, .T. ) ;
#4509 = ORIENTED_EDGE ( 'NONE', *, *, #5158, .F. ) ;
#4510 = VERTEX_POINT ( 'NONE', #3774 ) ;
#4511 = ORIENTED_EDGE ( 'NONE', *, *, #4954, .T. ) ;
#4512 = DIRECTION ( 'NONE',  ( 3.652049423109066300E-016, -0.0000000000000000000, -1.000000000000000000 ) ) ;
#4513 = CARTESIAN_POINT ( 'NONE',  ( -1.249999999999999800, 13.43189123190277600, -13.43189123190275300 ) ) ;
#4514 = CIRCLE ( 'NONE', #1808, 2.025000000000000800 ) ;
#4515 = AXIS2_PLACEMENT_3D ( 'NONE', #3141, #3193, #2752 ) ;
#4516 = CARTESIAN_POINT ( 'NONE',  ( -1.249999999999999800, 39.51471862576143900, -10.51028137423856600 ) ) ;
#4517 = EDGE_CURVE ( 'NONE', #2924, #5264, #3852, .T. ) ;
#4518 = ORIENTED_EDGE ( 'NONE', *, *, #884, .F. ) ;
#4519 = CARTESIAN_POINT ( 'NONE',  ( -1.249999999999999800, 15.51471862576143900, -8.485281374238566000 ) ) ;
#4520 = EDGE_LOOP ( 'NONE', ( #4105, #2078, #5393, #4173 ) ) ;
#4521 = DIRECTION ( 'NONE',  ( 1.000000000000000000, -0.0000000000000000000, -0.0000000000000000000 ) ) ;
#4522 = DIRECTION ( 'NONE',  ( 0.0000000000000000000, 0.7071067811865463500, 0.7071067811865487900 ) ) ;
#4523 = DIRECTION ( 'NONE',  ( -1.000000000000000000, 0.0000000000000000000, 0.0000000000000000000 ) ) ;
#4524 = DIRECTION ( 'NONE',  ( -1.000000000000000000, 0.0000000000000000000, 0.0000000000000000000 ) ) ;
#4525 = CALENDAR_DATE ( 2022, 26, 4 ) ;
#4526 = EDGE_CURVE ( 'NONE', #2050, #2175, #3588, .T. ) ;
#4527 = VERTEX_POINT ( 'NONE', #358 ) ;
#4528 = CARTESIAN_POINT ( 'NONE',  ( -1.249999999999999800, 40.00000000000000000, 8.000000000000000000 ) ) ;
#4529 = LINE ( 'NONE', #5407, #3134 ) ;
#4530 = EDGE_CURVE ( 'NONE', #4941, #2114, #4575, .T. ) ;
#4531 = ORIENTED_EDGE ( 'NONE', *, *, #4659, .F. ) ;
#4532 = ORIENTED_EDGE ( 'NONE', *, *, #1456, .T. ) ;
#4533 = CARTESIAN_POINT ( 'NONE',  ( 1.250000000000000200, 57.91717260614131400, 7.053390142335818100 ) ) ;
#4534 = CYLINDRICAL_SURFACE ( 'NONE', #4409, 2.024999999999998100 ) ;
#4535 = CARTESIAN_POINT ( 'NONE',  ( 6.749999999999990200, 24.00000000000000700, 13.50000000000000000 ) ) ;
#4536 = EDGE_CURVE ( 'NONE', #3250, #1454, #295, .T. ) ;
#4537 = ORIENTED_EDGE ( 'NONE', *, *, #868, .T. ) ;
#4538 = PLANE ( 'NONE',  #595 ) ;
#4539 = CARTESIAN_POINT ( 'NONE',  ( 1.250000000000000200, 16.00000000000000000, 5.974999999999997900 ) ) ;
#4540 = DIRECTION ( 'NONE',  ( 0.0000000000000000000, -0.7071067811865487900, 0.7071067811865463500 ) ) ;
#4541 = DIRECTION ( 'NONE',  ( 1.000000000000000000, -0.0000000000000000000, -0.0000000000000000000 ) ) ;
#4542 = DIRECTION ( 'NONE',  ( 1.000000000000000000, -0.0000000000000000000, 0.0000000000000000000 ) ) ;
#4543 = ORIENTED_EDGE ( 'NONE', *, *, #290, .F. ) ;
#4544 = AXIS2_PLACEMENT_3D ( 'NONE', #4184, #2069, #2019 ) ;
#4545 = DIRECTION ( 'NONE',  ( -1.826024711554532900E-016, 0.0000000000000000000, 1.000000000000000000 ) ) ;
#4546 = CYLINDRICAL_SURFACE ( 'NONE', #431, 2.024999999999999900 ) ;
#4547 = DIRECTION ( 'NONE',  ( 0.0000000000000000000, 0.0000000000000000000, -1.000000000000000000 ) ) ;
#4548 = ORIENTED_EDGE ( 'NONE', *, *, #2393, .F. ) ;
#4549 = CARTESIAN_POINT ( 'NONE',  ( 1.250000000000000200, 9.917172606141329900, -7.053390142335807400 ) ) ;
#4550 = AXIS2_PLACEMENT_3D ( 'NONE', #2602, #9, #2638 ) ;
#4551 = VECTOR ( 'NONE', #3083, 1000.000000000000000 ) ;
#4552 = EDGE_CURVE ( 'NONE', #5248, #3834, #3779, .T. ) ;
#4553 = CARTESIAN_POINT ( 'NONE',  ( 4.724999999999991700, 16.00000000000000700, 16.00000000000000400 ) ) ;
#4554 = CARTESIAN_POINT ( 'NONE',  ( 6.749999999999990200, 40.00000000000000700, 13.50000000000000000 ) ) ;
#4555 = EDGE_CURVE ( 'NONE', #5417, #532, #501, .T. ) ;
#4556 = CIRCLE ( 'NONE', #1020, 2.024999999999998100 ) ;
#4557 = DIRECTION ( 'NONE',  ( 3.652049423109066300E-016, -0.0000000000000000000, -1.000000000000000000 ) ) ;
#4558 = CARTESIAN_POINT ( 'NONE',  ( 1.250000000000000200, 62.08282739385867200, 7.053390142335810100 ) ) ;
#4559 = DIRECTION ( 'NONE',  ( 0.0000000000000000000, -1.000000000000000000, 0.0000000000000000000 ) ) ;
#4560 = CARTESIAN_POINT ( 'NONE',  ( 6.749999999999989300, 8.000000000000007100, 16.00000000000000400 ) ) ;
#4561 = FACE_OUTER_BOUND ( 'NONE', #1434, .T. ) ;
#4562 = CARTESIAN_POINT ( 'NONE',  ( 1.250000000000000200, 54.56810876809724000, -9.431891231902755000 ) ) ;
#4563 = FACE_OUTER_BOUND ( 'NONE', #3688, .T. ) ;
#4564 = DIRECTION ( 'NONE',  ( -1.000000000000000000, 0.0000000000000000000, 0.0000000000000000000 ) ) ;
#4565 = CIRCLE ( 'NONE', #3090, 6.999999999999999100 ) ;
#4566 = ORIENTED_EDGE ( 'NONE', *, *, #1347, .T. ) ;
#4567 = ORIENTED_EDGE ( 'NONE', *, *, #2744, .T. ) ;
#4568 = EDGE_CURVE ( 'NONE', #1543, #4586, #2652, .T. ) ;
#4569 = CIRCLE ( 'NONE', #4050, 2.025000000000004400 ) ;
#4570 = CARTESIAN_POINT ( 'NONE',  ( -1.249999999999999800, 40.00000000000000000, 8.000000000000000000 ) ) ;
#4571 = DIRECTION ( 'NONE',  ( 0.0000000000000000000, 0.7071067811865463500, 0.7071067811865487900 ) ) ;
#4572 = ORIENTED_EDGE ( 'NONE', *, *, #1853, .T. ) ;
#4573 = EDGE_LOOP ( 'NONE', ( #1185, #2919 ) ) ;
#4574 = AXIS2_PLACEMENT_3D ( 'NONE', #4784, #5204, #2226 ) ;
#4575 = CIRCLE ( 'NONE', #3025, 2.025000000000000800 ) ;
#4576 = FACE_OUTER_BOUND ( 'NONE', #5302, .T. ) ;
#4577 = DIRECTION ( 'NONE',  ( 0.0000000000000000000, -0.7071067811865463500, -0.7071067811865487900 ) ) ;
#4578 = AXIS2_PLACEMENT_3D ( 'NONE', #5285, #3144, #3560 ) ;
#4579 = DIRECTION ( 'NONE',  ( -1.000000000000000000, 0.0000000000000000000, 0.0000000000000000000 ) ) ;
#4580 = ORIENTED_EDGE ( 'NONE', *, *, #2127, .F. ) ;
#4581 = ORIENTED_EDGE ( 'NONE', *, *, #4302, .T. ) ;
#4582 = ORIENTED_EDGE ( 'NONE', *, *, #2950, .T. ) ;
#4583 = LINE ( 'NONE', #2206, #2323 ) ;
#4584 = AXIS2_PLACEMENT_3D ( 'NONE', #2266, #2648, #1783 ) ;
#4585 = CIRCLE ( 'NONE', #1684, 2.024999999999997200 ) ;
#4586 = VERTEX_POINT ( 'NONE', #2627 ) ;
#4587 = DIRECTION ( 'NONE',  ( 0.0000000000000000000, 0.0000000000000000000, -1.000000000000000000 ) ) ;
#4588 = EDGE_LOOP ( 'NONE', ( #1381, #3253, #4765, #1503, #4117 ) ) ;
#4589 = EDGE_LOOP ( 'NONE', ( #146, #4375 ) ) ;
#4590 = DIRECTION ( 'NONE',  ( 1.000000000000000000, -0.0000000000000000000, -0.0000000000000000000 ) ) ;
#4591 = ORIENTED_EDGE ( 'NONE', *, *, #4530, .T. ) ;
#4592 = CARTESIAN_POINT ( 'NONE',  ( 6.749999999999989300, 48.00000000000000700, 16.00000000000000400 ) ) ;
#4593 = ORIENTED_EDGE ( 'NONE', *, *, #1453, .T. ) ;
#4594 = EDGE_CURVE ( 'NONE', #1173, #4447, #1104, .T. ) ;
#4595 = AXIS2_PLACEMENT_3D ( 'NONE', #3355, #2501, #4661 ) ;
#4596 = CIRCLE ( 'NONE', #3745, 2.024999999999998100 ) ;
#4597 = ORIENTED_EDGE ( 'NONE', *, *, #2212, .F. ) ;
#4598 = DIRECTION ( 'NONE',  ( -1.000000000000000000, 0.0000000000000000000, 0.0000000000000000000 ) ) ;
#4599 = EDGE_LOOP ( 'NONE', ( #659, #1516, #4566, #4332 ) ) ;
#4600 = CARTESIAN_POINT ( 'NONE',  ( 8.774999999999998600, 80.00000000000001400, -13.50000000000000200 ) ) ;
#4601 = CARTESIAN_POINT ( 'NONE',  ( 1.250000000000000200, 9.431891231902763900, -6.568108768097239600 ) ) ;
#4602 = VERTEX_POINT ( 'NONE', #1757 ) ;
#4603 = ORIENTED_EDGE ( 'NONE', *, *, #5416, .F. ) ;
#4604 = CARTESIAN_POINT ( 'NONE',  ( -1.249999999999999800, 61.43189123190277500, -13.43189123190275300 ) ) ;
#4605 = EDGE_CURVE ( 'NONE', #3066, #4122, #1036, .T. ) ;
#4606 = CARTESIAN_POINT ( 'NONE',  ( -46.75000000000000000, 86.56810876809723300, -6.568108768097248500 ) ) ;
#4607 = VERTEX_POINT ( 'NONE', #1699 ) ;
#4608 = EDGE_CURVE ( 'NONE', #1336, #1986, #1309, .T. ) ;
#4609 = FACE_BOUND ( 'NONE', #2417, .T. ) ;
#4610 = CARTESIAN_POINT ( 'NONE',  ( 1.250000000000000200, 1.431891231902797200, 1.431891231902786800 ) ) ;
#4611 = VECTOR ( 'NONE', #2410, 1000.000000000000000 ) ;
#4612 = EDGE_LOOP ( 'NONE', ( #4254, #2119, #1779, #4252 ) ) ;
#4613 = DIRECTION ( 'NONE',  ( 1.000000000000000000, -0.0000000000000000000, 0.0000000000000000000 ) ) ;
#4614 = AXIS2_PLACEMENT_3D ( 'NONE', #3582, #4424, #1031 ) ;
#4615 = VECTOR ( 'NONE', #780, 999.9999999999998900 ) ;
#4616 = CARTESIAN_POINT ( 'NONE',  ( 1.250000000000000200, 61.43189123190278900, -13.43189123190274400 ) ) ;
#4617 = VECTOR ( 'NONE', #3428, 1000.000000000000000 ) ;
#4618 = DIRECTION ( 'NONE',  ( 3.652049423109066300E-016, -0.0000000000000000000, -1.000000000000000000 ) ) ;
#4619 = AXIS2_PLACEMENT_3D ( 'NONE', #2177, #4689, #3413 ) ;
#4620 = EDGE_CURVE ( 'NONE', #152, #2482, #1506, .T. ) ;
#4621 = VECTOR ( 'NONE', #1661, 1000.000000000000000 ) ;
#4622 = DIRECTION ( 'NONE',  ( -1.000000000000000000, 0.0000000000000000000, -0.0000000000000000000 ) ) ;
#4623 = CARTESIAN_POINT ( 'NONE',  ( -1.249999999999999800, 96.00000000000000000, 0.0000000000000000000 ) ) ;
#4624 = LINE ( 'NONE', #2798, #2498 ) ;
#4625 = DIRECTION ( 'NONE',  ( 3.652049423109066300E-016, -0.0000000000000000000, -1.000000000000000000 ) ) ;
#4626 = CARTESIAN_POINT ( 'NONE',  ( 1.250000000000000200, 79.99999999999998600, 8.000000000000000000 ) ) ;
#4627 = ORIENTED_EDGE ( 'NONE', *, *, #1963, .F. ) ;
#4628 = LINE ( 'NONE', #74, #2370 ) ;
#4629 = LINE ( 'NONE', #2429, #2707 ) ;
#4630 = EDGE_CURVE ( 'NONE', #4886, #473, #1921, .T. ) ;
#4631 = ORIENTED_EDGE ( 'NONE', *, *, #2174, .T. ) ;
#4632 = VERTEX_POINT ( 'NONE', #5556 ) ;
#4633 = DIRECTION ( 'NONE',  ( -1.000000000000000000, 0.0000000000000000000, -0.0000000000000000000 ) ) ;
#4634 = CARTESIAN_POINT ( 'NONE',  ( -1.249999999999999800, 62.56810876809724700, -6.568108768097241400 ) ) ;
#4635 = CYLINDRICAL_SURFACE ( 'NONE', #1196, 2.025000000000000800 ) ;
#4636 = DIRECTION ( 'NONE',  ( 1.000000000000000000, -0.0000000000000000000, -0.0000000000000000000 ) ) ;
#4637 = CYLINDRICAL_SURFACE ( 'NONE', #4750, 2.025000000000000800 ) ;
#4638 = ORIENTED_EDGE ( 'NONE', *, *, #4817, .T. ) ;
#4639 = VERTEX_POINT ( 'NONE', #2128 ) ;
#4640 = CARTESIAN_POINT ( 'NONE',  ( 1.250000000000000200, 36.68629150101524100, 0.0000000000000000000 ) ) ;
#4641 = LINE ( 'NONE', #4865, #1988 ) ;
#4642 = CARTESIAN_POINT ( 'NONE',  ( 8.774999999999987900, 64.00000000000000000, 16.00000000000000400 ) ) ;
#4643 = LINE ( 'NONE', #2110, #643 ) ;
#4644 = ORIENTED_EDGE ( 'NONE', *, *, #5395, .F. ) ;
#4645 = AXIS2_PLACEMENT_3D ( 'NONE', #1373, #541, #971 ) ;
#4646 = EDGE_LOOP ( 'NONE', ( #2806, #1704 ) ) ;
#4647 = ORIENTED_EDGE ( 'NONE', *, *, #4517, .F. ) ;
#4648 = CIRCLE ( 'NONE', #4018, 2.025000000000000800 ) ;
#4649 = CARTESIAN_POINT ( 'NONE',  ( -1.249999999999999800, 0.0000000000000000000, -2.024999999999999900 ) ) ;
#4650 = DIRECTION ( 'NONE',  ( 1.000000000000000000, -0.0000000000000000000, 0.0000000000000000000 ) ) ;
#4651 = FACE_OUTER_BOUND ( 'NONE', #3600, .T. ) ;
#4652 = ORIENTED_EDGE ( 'NONE', *, *, #2192, .F. ) ;
#4653 = EDGE_LOOP ( 'NONE', ( #2611, #5100 ) ) ;
#4654 = AXIS2_PLACEMENT_3D ( 'NONE', #231, #3230, #1105 ) ;
#4655 = DIRECTION ( 'NONE',  ( 3.652049423109066300E-016, -0.0000000000000000000, -1.000000000000000000 ) ) ;
#4656 = DATE_AND_TIME ( #2533, #2394 ) ;
#4657 = EDGE_CURVE ( 'NONE', #309, #3091, #4779, .T. ) ;
#4658 = DIRECTION ( 'NONE',  ( 1.826024711554532900E-016, -0.0000000000000000000, 1.000000000000000000 ) ) ;
#4659 = EDGE_CURVE ( 'NONE', #4439, #1510, #2376, .T. ) ;
#4660 = ORIENTED_EDGE ( 'NONE', *, *, #2779, .T. ) ;
#4661 = DIRECTION ( 'NONE',  ( 0.0000000000000000000, 0.0000000000000000000, -1.000000000000000000 ) ) ;
#4662 = DIRECTION ( 'NONE',  ( 0.0000000000000000000, 0.7071067811865450200, 0.7071067811865501300 ) ) ;
#4663 = CARTESIAN_POINT ( 'NONE',  ( 4.725000000000001400, 32.00000000000000700, -13.50000000000000200 ) ) ;
#4664 = DIRECTION ( 'NONE',  ( 0.0000000000000000000, 0.0000000000000000000, -1.000000000000000000 ) ) ;
#4665 = ORIENTED_EDGE ( 'NONE', *, *, #4481, .F. ) ;
#4666 = PERSON_AND_ORGANIZATION_ROLE ( 'design_owner' ) ;
#4667 = ADVANCED_FACE ( 'NONE', ( #4914 ), #2443, .F. ) ;
#4668 = EDGE_CURVE ( 'NONE', #254, #3716, #3445, .T. ) ;
#4669 = VERTEX_POINT ( 'NONE', #3998 ) ;
#4670 = DIRECTION ( 'NONE',  ( 0.0000000000000000000, 0.0000000000000000000, -1.000000000000000000 ) ) ;
#4671 = EDGE_LOOP ( 'NONE', ( #3320, #1590, #693, #5560 ) ) ;
#4672 = ORIENTED_EDGE ( 'NONE', *, *, #1665, .T. ) ;
#4673 = DIRECTION ( 'NONE',  ( 1.000000000000000000, -0.0000000000000000000, -0.0000000000000000000 ) ) ;
#4674 = CARTESIAN_POINT ( 'NONE',  ( -1.249999999999999800, 63.51471862576142500, 8.485281374238569500 ) ) ;
#4675 = ORIENTED_EDGE ( 'NONE', *, *, #2769, .F. ) ;
#4676 = EDGE_CURVE ( 'NONE', #3778, #3549, #222, .T. ) ;
#4677 = CARTESIAN_POINT ( 'NONE',  ( -46.75000000000000000, 88.00000000000001400, 8.000000000000003600 ) ) ;
#4678 = VERTEX_POINT ( 'NONE', #2681 ) ;
#4679 = DIRECTION ( 'NONE',  ( 1.000000000000000000, -0.0000000000000000000, 0.0000000000000000000 ) ) ;
#4680 = CIRCLE ( 'NONE', #4837, 2.024999999999998100 ) ;
#4681 = AXIS2_PLACEMENT_3D ( 'NONE', #141, #2724, #4043 ) ;
#4682 = VECTOR ( 'NONE', #1507, 1000.000000000000000 ) ;
#4683 = EDGE_CURVE ( 'NONE', #2195, #4116, #4984, .T. ) ;
#4684 = DIRECTION ( 'NONE',  ( 0.0000000000000000000, -0.7071067811865526800, -0.7071067811865424700 ) ) ;
#4685 = VECTOR ( 'NONE', #4467, 1000.000000000000000 ) ;
#4686 = ADVANCED_FACE ( 'NONE', ( #5448 ), #3538, .F. ) ;
#4687 = CARTESIAN_POINT ( 'NONE',  ( -1.249999999999999800, 0.0000000000000000000, 0.0000000000000000000 ) ) ;
#4688 = LINE ( 'NONE', #2154, #1486 ) ;
#4689 = DIRECTION ( 'NONE',  ( 1.000000000000000000, -0.0000000000000000000, 0.0000000000000000000 ) ) ;
#4690 = LINE ( 'NONE', #3070, #5579 ) ;
#4691 = AXIS2_PLACEMENT_3D ( 'NONE', #5496, #2026, #5014 ) ;
#4692 = ORIENTED_EDGE ( 'NONE', *, *, #3039, .F. ) ;
#4693 = EDGE_CURVE ( 'NONE', #4447, #4055, #1176, .T. ) ;
#4694 = LINE ( 'NONE', #316, #1633 ) ;
#4695 = ORIENTED_EDGE ( 'NONE', *, *, #3527, .T. ) ;
#4696 = ORIENTED_EDGE ( 'NONE', *, *, #4657, .T. ) ;
#4697 = CIRCLE ( 'NONE', #3836, 2.025000000000004400 ) ;
#4698 = CARTESIAN_POINT ( 'NONE',  ( -1.249999999999999800, 96.00000000000000000, -16.00000000000000000 ) ) ;
#4699 = ORIENTED_EDGE ( 'NONE', *, *, #4106, .F. ) ;
#4700 = DIRECTION ( 'NONE',  ( 1.000000000000000000, -0.0000000000000000000, -0.0000000000000000000 ) ) ;
#4701 = EDGE_LOOP ( 'NONE', ( #4009, #4466, #2124, #3055, #2978 ) ) ;
#4702 = EDGE_CURVE ( 'NONE', #2923, #1398, #768, .T. ) ;
#4703 = FACE_OUTER_BOUND ( 'NONE', #4730, .T. ) ;
#4704 = FACE_OUTER_BOUND ( 'NONE', #3418, .T. ) ;
#4705 = CARTESIAN_POINT ( 'NONE',  ( 8.774999999999987900, 80.00000000000001400, 16.00000000000000400 ) ) ;
#4706 = CIRCLE ( 'NONE', #4180, 2.024999999999999000 ) ;
#4707 = EDGE_LOOP ( 'NONE', ( #1707, #4567, #5376, #2621 ) ) ;
#4708 = CARTESIAN_POINT ( 'NONE',  ( -1.249999999999999800, 31.05339014233581100, -9.917172606141329900 ) ) ;
#4709 = EDGE_LOOP ( 'NONE', ( #2849, #4990, #2010, #647, #1440 ) ) ;
#4710 = VERTEX_POINT ( 'NONE', #2662 ) ;
#4711 = VECTOR ( 'NONE', #795, 1000.000000000000000 ) ;
#4712 = EDGE_CURVE ( 'NONE', #3091, #889, #1375, .T. ) ;
#4713 = VECTOR ( 'NONE', #1438, 1000.000000000000000 ) ;
#4714 = ORIENTED_EDGE ( 'NONE', *, *, #1067, .T. ) ;
#4715 = DIRECTION ( 'NONE',  ( 3.652049423109066300E-016, 0.0000000000000000000, -1.000000000000000000 ) ) ;
#4716 = ORIENTED_EDGE ( 'NONE', *, *, #2288, .F. ) ;
#4717 = EDGE_LOOP ( 'NONE', ( #4142, #635, #4532, #3377 ) ) ;
#4718 = ADVANCED_FACE ( 'NONE', ( #353 ), #2586, .F. ) ;
#4719 = AXIS2_PLACEMENT_3D ( 'NONE', #5557, #1252, #762 ) ;
#4720 = VERTEX_POINT ( 'NONE', #3569 ) ;
#4721 = DIRECTION ( 'NONE',  ( 0.0000000000000000000, 0.0000000000000000000, -1.000000000000000000 ) ) ;
#4722 = CARTESIAN_POINT ( 'NONE',  ( -46.75000000000000000, 9.917172606141326300, 7.053390142335806500 ) ) ;
#4723 = ADVANCED_FACE ( 'NONE', ( #15 ), #4854, .T. ) ;
#4724 = ORIENTED_EDGE ( 'NONE', *, *, #5134, .F. ) ;
#4725 = PLANE ( 'NONE',  #4397 ) ;
#4726 = CARTESIAN_POINT ( 'NONE',  ( -1.249999999999999800, 63.51471862576143900, -10.51028137423856600 ) ) ;
#4727 = EDGE_CURVE ( 'NONE', #99, #2045, #1567, .T. ) ;
#4728 = DIRECTION ( 'NONE',  ( 1.000000000000000000, -0.0000000000000000000, 0.0000000000000000000 ) ) ;
#4729 = VERTEX_POINT ( 'NONE', #3632 ) ;
#4730 = EDGE_LOOP ( 'NONE', ( #284, #2814, #2380, #2284 ) ) ;
#4731 = DIRECTION ( 'NONE',  ( 0.0000000000000000000, 0.0000000000000000000, -1.000000000000000000 ) ) ;
#4732 = CARTESIAN_POINT ( 'NONE',  ( -1.249999999999999800, 24.00000000000000000, 2.024999999999999900 ) ) ;
#4733 = DIRECTION ( 'NONE',  ( -1.000000000000000000, 0.0000000000000000000, -0.0000000000000000000 ) ) ;
#4734 = APPLICATION_PROTOCOL_DEFINITION ( 'international standard', 'config_control_design', 1994, #2954 ) ;
#4735 = ORIENTED_EDGE ( 'NONE', *, *, #2885, .T. ) ;
#4736 = CARTESIAN_POINT ( 'NONE',  ( 8.774999999999998600, 64.00000000000000000, -15.99999999999999600 ) ) ;
#4737 = VECTOR ( 'NONE', #4977, 1000.000000000000000 ) ;
#4738 = CARTESIAN_POINT ( 'NONE',  ( -1.250000000000001100, 8.000000000000001800, -7.999999999999992900 ) ) ;
#4739 = FACE_BOUND ( 'NONE', #443, .T. ) ;
#4740 = VERTEX_POINT ( 'NONE', #592 ) ;
#4741 = ADVANCED_FACE ( 'NONE', ( #4849 ), #3300, .F. ) ;
#4742 = CARTESIAN_POINT ( 'NONE',  ( -46.75000000000000000, 88.94660985766420000, 9.917172606141326300 ) ) ;
#4743 = DIRECTION ( 'NONE',  ( 0.0000000000000000000, 6.853228547068846700E-015, -1.000000000000000000 ) ) ;
#4744 = CARTESIAN_POINT ( 'NONE',  ( -46.75000000000000000, 9.431891231902765700, 6.568108768097240500 ) ) ;
#4745 = EDGE_CURVE ( 'NONE', #1448, #1790, #1235, .T. ) ;
#4746 = CARTESIAN_POINT ( 'NONE',  ( 6.749999999999990200, 88.00000000000002800, 13.50000000000000000 ) ) ;
#4747 = DIRECTION ( 'NONE',  ( 0.0000000000000000000, -1.000000000000000000, 0.0000000000000000000 ) ) ;
#4748 = FACE_BOUND ( 'NONE', #1536, .T. ) ;
#4749 = CARTESIAN_POINT ( 'NONE',  ( -1.249999999999999800, 34.56810876809729600, 10.56810876809721700 ) ) ;
#4750 = AXIS2_PLACEMENT_3D ( 'NONE', #1723, #3072, #1350 ) ;
#4751 = CIRCLE ( 'NONE', #626, 2.025000000000004400 ) ;
#4752 = CARTESIAN_POINT ( 'NONE',  ( 1.250000000000000200, 46.56810876809802100, 46.56810876809719000 ) ) ;
#4753 = DIRECTION ( 'NONE',  ( 1.000000000000000000, -0.0000000000000000000, -0.0000000000000000000 ) ) ;
#4754 = ADVANCED_FACE ( 'NONE', ( #4306 ), #2162, .F. ) ;
#4755 = CYLINDRICAL_SURFACE ( 'NONE', #64, 2.024999999999998100 ) ;
#4756 = VECTOR ( 'NONE', #4893, 1000.000000000000000 ) ;
#4757 = DIRECTION ( 'NONE',  ( -1.000000000000000000, 0.0000000000000000000, 0.0000000000000000000 ) ) ;
#4758 = ORIENTED_EDGE ( 'NONE', *, *, #1995, .T. ) ;
#4759 = AXIS2_PLACEMENT_3D ( 'NONE', #5518, #874, #4273 ) ;
#4760 = EDGE_CURVE ( 'NONE', #1812, #532, #1170, .T. ) ;
#4761 = LINE ( 'NONE', #163, #2904 ) ;
#4762 = LINE ( 'NONE', #2743, #2428 ) ;
#4763 = EDGE_CURVE ( 'NONE', #448, #4720, #2040, .T. ) ;
#4764 = DIRECTION ( 'NONE',  ( 0.0000000000000000000, 0.0000000000000000000, -1.000000000000000000 ) ) ;
#4765 = ORIENTED_EDGE ( 'NONE', *, *, #2174, .F. ) ;
#4766 = VECTOR ( 'NONE', #1179, 1000.000000000000000 ) ;
#4767 = DIRECTION ( 'NONE',  ( 1.000000000000000000, -0.0000000000000000000, -0.0000000000000000000 ) ) ;
#4768 = DIRECTION ( 'NONE',  ( 0.0000000000000000000, 0.0000000000000000000, -1.000000000000000000 ) ) ;
#4769 = CARTESIAN_POINT ( 'NONE',  ( 6.749999999999989300, 40.00000000000000700, 16.00000000000000400 ) ) ;
#4770 = DIRECTION ( 'NONE',  ( 0.0000000000000000000, -0.7071067811865463500, -0.7071067811865487900 ) ) ;
#4771 = CIRCLE ( 'NONE', #278, 2.025000000000002600 ) ;
#4772 = CC_DESIGN_APPROVAL ( #3067, ( #5350 ) ) ;
#4773 = EDGE_CURVE ( 'NONE', #5127, #84, #4107, .T. ) ;
#4774 = CARTESIAN_POINT ( 'NONE',  ( 8.774999999999998600, 72.00000000000001400, -13.50000000000000200 ) ) ;
#4775 = EDGE_CURVE ( 'NONE', #745, #4068, #623, .T. ) ;
#4776 = EDGE_LOOP ( 'NONE', ( #3044, #378, #4638, #4192 ) ) ;
#4777 = VERTEX_POINT ( 'NONE', #3647 ) ;
#4778 = CARTESIAN_POINT ( 'NONE',  ( -1.249999999999999800, 81.43189123190275300, 6.568108768097250300 ) ) ;
#4779 = LINE ( 'NONE', #40, #1777 ) ;
#4780 = LINE ( 'NONE', #1082, #2511 ) ;
#4781 = ADVANCED_FACE ( 'NONE', ( #3983 ), #4035, .F. ) ;
#4782 = EDGE_LOOP ( 'NONE', ( #2001, #1233, #5252, #582 ) ) ;
#4783 = ORIENTED_EDGE ( 'NONE', *, *, #5158, .T. ) ;
#4784 = CARTESIAN_POINT ( 'NONE',  ( 6.750000000000000900, 16.00000000000000700, -15.99999999999999600 ) ) ;
#4785 = FACE_OUTER_BOUND ( 'NONE', #1195, .T. ) ;
#4786 = ORIENTED_EDGE ( 'NONE', *, *, #2192, .T. ) ;
#4787 = EDGE_CURVE ( 'NONE', #225, #4777, #2305, .T. ) ;
#4788 = VERTEX_POINT ( 'NONE', #5319 ) ;
#4789 = VERTEX_POINT ( 'NONE', #625 ) ;
#4790 = CIRCLE ( 'NONE', #4290, 2.024999999999990100 ) ;
#4791 = DIRECTION ( 'NONE',  ( 0.0000000000000000000, 0.7071067811865500200, 0.7071067811865450200 ) ) ;
#4792 = LINE ( 'NONE', #2100, #980 ) ;
#4793 = DIRECTION ( 'NONE',  ( 1.000000000000000000, -0.0000000000000000000, -0.0000000000000000000 ) ) ;
#4794 = CARTESIAN_POINT ( 'NONE',  ( -1.249999999999999800, 32.48528137423856100, 8.485281374238569500 ) ) ;
#4795 = ORIENTED_EDGE ( 'NONE', *, *, #4819, .T. ) ;
#4796 = AXIS2_PLACEMENT_3D ( 'NONE', #1143, #4140, #335 ) ;
#4797 = ORIENTED_EDGE ( 'NONE', *, *, #1275, .T. ) ;
#4798 = PERSON_AND_ORGANIZATION ( #1208, #3327 ) ;
#4799 = DIRECTION ( 'NONE',  ( 0.0000000000000000000, -1.000000000000000000, 0.0000000000000000000 ) ) ;
#4800 = ORIENTED_EDGE ( 'NONE', *, *, #1676, .F. ) ;
#4801 = AXIS2_PLACEMENT_3D ( 'NONE', #1886, #2301, #3195 ) ;
#4802 = DIRECTION ( 'NONE',  ( 0.0000000000000000000, -0.7071067811865450200, -0.7071067811865500200 ) ) ;
#4803 = CARTESIAN_POINT ( 'NONE',  ( 6.750000000000000900, 80.00000000000001400, -15.99999999999999600 ) ) ;
#4804 = ORIENTED_EDGE ( 'NONE', *, *, #989, .F. ) ;
#4805 = ORIENTED_EDGE ( 'NONE', *, *, #4605, .F. ) ;
#4806 = CARTESIAN_POINT ( 'NONE',  ( -46.75000000000000000, 7.053390142335809200, 9.917172606141322800 ) ) ;
#4807 = AXIS2_PLACEMENT_3D ( 'NONE', #282, #4590, #5026 ) ;
#4808 = VERTEX_POINT ( 'NONE', #4002 ) ;
#4809 = DIRECTION ( 'NONE',  ( -1.000000000000000000, 0.0000000000000000000, 0.0000000000000000000 ) ) ;
#4810 = EDGE_CURVE ( 'NONE', #666, #3664, #561, .T. ) ;
#4811 = ORIENTED_EDGE ( 'NONE', *, *, #3919, .T. ) ;
#4812 = CARTESIAN_POINT ( 'NONE',  ( 4.724999999999991700, 88.00000000000002800, 16.00000000000000400 ) ) ;
#4813 = ORIENTED_EDGE ( 'NONE', *, *, #1322, .F. ) ;
#4814 = DIRECTION ( 'NONE',  ( 1.000000000000000000, -0.0000000000000000000, -0.0000000000000000000 ) ) ;
#4815 = CARTESIAN_POINT ( 'NONE',  ( 4.724999999999993400, 8.000000000000007100, 13.50000000000000000 ) ) ;
#4816 = ADVANCED_FACE ( 'NONE', ( #1850 ), #3713, .F. ) ;
#4817 = EDGE_CURVE ( 'NONE', #899, #4137, #423, .T. ) ;
#4818 = CARTESIAN_POINT ( 'NONE',  ( 6.749999999999989300, 56.00000000000000700, 16.00000000000000400 ) ) ;
#4819 = EDGE_CURVE ( 'NONE', #3981, #2542, #286, .T. ) ;
#4820 = DIRECTION ( 'NONE',  ( 1.000000000000000000, -0.0000000000000000000, 0.0000000000000000000 ) ) ;
#4821 = DIRECTION ( 'NONE',  ( 0.0000000000000000000, 0.0000000000000000000, -1.000000000000000000 ) ) ;
#4822 = CARTESIAN_POINT ( 'NONE',  ( -46.75000000000000000, 1.431891231902795900, -1.431891231902785400 ) ) ;
#4823 = VECTOR ( 'NONE', #5563, 1000.000000000000000 ) ;
#4824 = DIRECTION ( 'NONE',  ( 1.000000000000000000, 0.0000000000000000000, 0.0000000000000000000 ) ) ;
#4825 = CYLINDRICAL_SURFACE ( 'NONE', #5047, 2.024999999999998100 ) ;
#4826 = CIRCLE ( 'NONE', #5491, 2.024999999999990100 ) ;
#4827 = DIRECTION ( 'NONE',  ( 1.000000000000000000, -0.0000000000000000000, -0.0000000000000000000 ) ) ;
#4828 = CIRCLE ( 'NONE', #151, 2.024999999999999900 ) ;
#4829 = CARTESIAN_POINT ( 'NONE',  ( -1.249999999999999800, 80.48528137423858200, -10.51028137423856800 ) ) ;
#4830 = AXIS2_PLACEMENT_3D ( 'NONE', #1095, #1529, #1968 ) ;
#4831 = FACE_BOUND ( 'NONE', #4857, .T. ) ;
#4832 = ORIENTED_EDGE ( 'NONE', *, *, #1354, .F. ) ;
#4833 = CIRCLE ( 'NONE', #2294, 2.025000000000006100 ) ;
#4834 = DIRECTION ( 'NONE',  ( -1.000000000000000000, 0.0000000000000000000, 0.0000000000000000000 ) ) ;
#4835 = VECTOR ( 'NONE', #4113, 1000.000000000000000 ) ;
#4836 = DIRECTION ( 'NONE',  ( 3.652049423109066300E-016, 0.0000000000000000000, -1.000000000000000000 ) ) ;
#4837 = AXIS2_PLACEMENT_3D ( 'NONE', #2657, #983, #2256 ) ;
#4838 = EDGE_CURVE ( 'NONE', #5417, #1595, #2578, .T. ) ;
#4839 = EDGE_LOOP ( 'NONE', ( #171, #4465, #5322, #331 ) ) ;
#4840 = ORIENTED_EDGE ( 'NONE', *, *, #1232, .T. ) ;
#4841 = ADVANCED_FACE ( 'NONE', ( #8 ), #5532, .T. ) ;
#4842 = VECTOR ( 'NONE', #1133, 1000.000000000000000 ) ;
#4843 = EDGE_CURVE ( 'NONE', #2542, #1173, #147, .T. ) ;
#4844 = CARTESIAN_POINT ( 'NONE',  ( 1.250000000000000200, 87.51471862576143200, 8.485281374238576600 ) ) ;
#4845 = DIRECTION ( 'NONE',  ( 1.000000000000000000, -0.0000000000000000000, 0.0000000000000000000 ) ) ;
#4846 = ORIENTED_EDGE ( 'NONE', *, *, #2473, .T. ) ;
#4847 = VERTEX_POINT ( 'NONE', #5449 ) ;
#4848 = CARTESIAN_POINT ( 'NONE',  ( -1.249999999999999800, 24.00000000000000000, 6.999999999999999100 ) ) ;
#4849 = FACE_OUTER_BOUND ( 'NONE', #187, .T. ) ;
#4850 = FACE_OUTER_BOUND ( 'NONE', #3405, .T. ) ;
#4851 = DIRECTION ( 'NONE',  ( 1.000000000000000000, -0.0000000000000000000, -0.0000000000000000000 ) ) ;
#4852 = VECTOR ( 'NONE', #2953, 1000.000000000000000 ) ;
#4853 = ORIENTED_EDGE ( 'NONE', *, *, #5572, .T. ) ;
#4854 = PLANE ( 'NONE',  #3197 ) ;
#4855 = CARTESIAN_POINT ( 'NONE',  ( -1.249999999999999800, 72.00000000000001400, 0.0000000000000000000 ) ) ;
#4856 = EDGE_LOOP ( 'NONE', ( #192, #3125, #25, #1222 ) ) ;
#4857 = EDGE_LOOP ( 'NONE', ( #3739, #2107, #2509, #902, #4205 ) ) ;
#4858 = CARTESIAN_POINT ( 'NONE',  ( -1.249999999999999800, 48.00000000000000000, 6.999999999999999100 ) ) ;
#4859 = APPROVAL_DATE_TIME ( #1123, #480 ) ;
#4860 = CYLINDRICAL_SURFACE ( 'NONE', #2939, 2.024999999999999000 ) ;
#4861 = CYLINDRICAL_SURFACE ( 'NONE', #422, 2.024999999999998100 ) ;
#4862 = ORIENTED_EDGE ( 'NONE', *, *, #121, .T. ) ;
#4863 = VERTEX_POINT ( 'NONE', #2524 ) ;
#4864 = VERTEX_POINT ( 'NONE', #2076 ) ;
#4865 = CARTESIAN_POINT ( 'NONE',  ( 1.250000000000000200, 58.56810876809730400, -10.56810876809726100 ) ) ;
#4866 = CARTESIAN_POINT ( 'NONE',  ( -1.249999999999999800, 33.43189123190274600, 6.568108768097250300 ) ) ;
#4867 = EDGE_CURVE ( 'NONE', #720, #3595, #1300, .T. ) ;
#4868 = ORIENTED_EDGE ( 'NONE', *, *, #797, .T. ) ;
#4869 = EDGE_LOOP ( 'NONE', ( #2304, #4083, #1108, #1260 ) ) ;
#4870 = CARTESIAN_POINT ( 'NONE',  ( -46.75000000000000000, -1.431891231902783000, 1.431891231902793400 ) ) ;
#4871 = VERTEX_POINT ( 'NONE', #5073 ) ;
#4872 = DIRECTION ( 'NONE',  ( -1.000000000000000000, 0.0000000000000000000, 0.0000000000000000000 ) ) ;
#4873 = AXIS2_PLACEMENT_3D ( 'NONE', #2822, #646, #2405 ) ;
#4874 = APPROVAL_PERSON_ORGANIZATION ( #2735, #1343, #5093 ) ;
#4875 = DIRECTION ( 'NONE',  ( 3.652049423109066300E-016, -0.0000000000000000000, -1.000000000000000000 ) ) ;
#4876 = AXIS2_PLACEMENT_3D ( 'NONE', #1267, #1697, #1284 ) ;
#4877 = EDGE_LOOP ( 'NONE', ( #1202, #373, #1316, #3955 ) ) ;
#4878 = CARTESIAN_POINT ( 'NONE',  ( -1.249999999999999800, 38.08282739385867200, 7.053390142335811000 ) ) ;
#4879 = ADVANCED_FACE ( 'NONE', ( #1027 ), #1698, .F. ) ;
#4880 = CIRCLE ( 'NONE', #4025, 2.024999999999990100 ) ;
#4881 = ORIENTED_EDGE ( 'NONE', *, *, #365, .T. ) ;
#4882 = ORIENTED_EDGE ( 'NONE', *, *, #4236, .F. ) ;
#4883 = DIRECTION ( 'NONE',  ( 3.652049423109066300E-016, -0.0000000000000000000, -1.000000000000000000 ) ) ;
#4884 = AXIS2_PLACEMENT_3D ( 'NONE', #507, #2447, #1304 ) ;
#4885 = DIRECTION ( 'NONE',  ( 1.000000000000000000, -0.0000000000000000000, -0.0000000000000000000 ) ) ;
#4886 = VERTEX_POINT ( 'NONE', #2559 ) ;
#4887 = CARTESIAN_POINT ( 'NONE',  ( 6.749999999999989300, 16.00000000000000700, 16.00000000000000400 ) ) ;
#4888 = VECTOR ( 'NONE', #4946, 1000.000000000000000 ) ;
#4889 = VECTOR ( 'NONE', #4209, 1000.000000000000000 ) ;
#4890 = EDGE_CURVE ( 'NONE', #2098, #3213, #4297, .T. ) ;
#4891 = DIRECTION ( 'NONE',  ( -1.826024711554532900E-016, 0.0000000000000000000, 1.000000000000000000 ) ) ;
#4892 = VERTEX_POINT ( 'NONE', #4266 ) ;
#4893 = DIRECTION ( 'NONE',  ( 1.000000000000000000, -0.0000000000000000000, -0.0000000000000000000 ) ) ;
#4894 = ADVANCED_FACE ( 'NONE', ( #407 ), #1301, .F. ) ;
#4895 = LINE ( 'NONE', #3009, #3754 ) ;
#4896 = CARTESIAN_POINT ( 'NONE',  ( 10.75000000000000000, 96.00000000000000000, -15.99999999999999600 ) ) ;
#4897 = AXIS2_PLACEMENT_3D ( 'NONE', #4519, #2381, #217 ) ;
#4898 = CIRCLE ( 'NONE', #566, 2.024999999999999900 ) ;
#4899 = EDGE_CURVE ( 'NONE', #828, #5197, #1356, .T. ) ;
#4900 = ADVANCED_FACE ( 'NONE', ( #3167 ), #3292, .F. ) ;
#4901 = CYLINDRICAL_SURFACE ( 'NONE', #2295, 2.025000000000000800 ) ;
#4902 = CARTESIAN_POINT ( 'NONE',  ( 6.749999999999989300, 16.00000000000000700, 16.00000000000000400 ) ) ;
#4903 = CARTESIAN_POINT ( 'NONE',  ( -1.249999999999999800, 0.0000000000000000000, -2.024999999999999900 ) ) ;
#4904 = CARTESIAN_POINT ( 'NONE',  ( 6.749999999999989300, 56.00000000000000700, 16.00000000000000400 ) ) ;
#4905 = LINE ( 'NONE', #2961, #3099 ) ;
#4906 = CARTESIAN_POINT ( 'NONE',  ( 6.750000000000000000, 72.00000000000001400, -13.50000000000000200 ) ) ;
#4907 = DIRECTION ( 'NONE',  ( 3.652049423109066300E-016, 0.0000000000000000000, -1.000000000000000000 ) ) ;
#4908 = VERTEX_POINT ( 'NONE', #882 ) ;
#4909 = FACE_OUTER_BOUND ( 'NONE', #4204, .T. ) ;
#4910 = AXIS2_PLACEMENT_3D ( 'NONE', #4008, #3607, #1871 ) ;
#4911 = DIRECTION ( 'NONE',  ( -1.000000000000000000, 0.0000000000000000000, 0.0000000000000000000 ) ) ;
#4912 = EDGE_LOOP ( 'NONE', ( #4471, #1324, #4531, #2942 ) ) ;
#4913 = EDGE_LOOP ( 'NONE', ( #1243, #986, #2437, #3328, #2125 ) ) ;
#4914 = FACE_OUTER_BOUND ( 'NONE', #3806, .T. ) ;
#4915 = DIRECTION ( 'NONE',  ( -1.000000000000000000, 0.0000000000000000000, 0.0000000000000000000 ) ) ;
#4916 = VECTOR ( 'NONE', #5567, 1000.000000000000000 ) ;
#4917 = CARTESIAN_POINT ( 'NONE',  ( -1.249999999999999800, 15.51471862576143900, -8.485281374238566000 ) ) ;
#4918 = AXIS2_PLACEMENT_3D ( 'NONE', #2579, #5571, #5165 ) ;
#4919 = DIRECTION ( 'NONE',  ( 1.000000000000000000, 0.0000000000000000000, 0.0000000000000000000 ) ) ;
#4920 = EDGE_CURVE ( 'NONE', #2665, #3606, #1485, .T. ) ;
#4921 = ORIENTED_EDGE ( 'NONE', *, *, #257, .F. ) ;
#4922 = VERTEX_POINT ( 'NONE', #4323 ) ;
#4923 = FACE_BOUND ( 'NONE', #5220, .T. ) ;
#4924 = DIRECTION ( 'NONE',  ( 1.000000000000000000, 0.0000000000000000000, 0.0000000000000000000 ) ) ;
#4925 = DIRECTION ( 'NONE',  ( 1.000000000000000000, -0.0000000000000000000, -0.0000000000000000000 ) ) ;
#4926 = LINE ( 'NONE', #1215, #509 ) ;
#4927 = ORIENTED_EDGE ( 'NONE', *, *, #4920, .F. ) ;
#4928 = DIRECTION ( 'NONE',  ( 1.000000000000000000, 0.0000000000000000000, 0.0000000000000000000 ) ) ;
#4929 = ORIENTED_EDGE ( 'NONE', *, *, #2089, .F. ) ;
#4930 = CYLINDRICAL_SURFACE ( 'NONE', #1335, 2.024999999999990100 ) ;
#4931 = DIRECTION ( 'NONE',  ( 1.000000000000000000, 0.0000000000000000000, 0.0000000000000000000 ) ) ;
#4932 = ORIENTED_EDGE ( 'NONE', *, *, #2310, .T. ) ;
#4933 = EDGE_CURVE ( 'NONE', #1448, #116, #1286, .T. ) ;
#4934 = ORIENTED_EDGE ( 'NONE', *, *, #2488, .F. ) ;
#4935 = DIRECTION ( 'NONE',  ( 0.0000000000000000000, -0.7071067811865412400, -0.7071067811865537900 ) ) ;
#4936 = DIRECTION ( 'NONE',  ( -1.000000000000000000, 0.0000000000000000000, -0.0000000000000000000 ) ) ;
#4937 = LINE ( 'NONE', #4610, #41 ) ;
#4938 = DIRECTION ( 'NONE',  ( 0.0000000000000000000, 0.0000000000000000000, -1.000000000000000000 ) ) ;
#4939 = DIRECTION ( 'NONE',  ( 1.000000000000000000, -0.0000000000000000000, 0.0000000000000000000 ) ) ;
#4940 = ORIENTED_EDGE ( 'NONE', *, *, #4605, .T. ) ;
#4941 = VERTEX_POINT ( 'NONE', #1752 ) ;
#4942 = CARTESIAN_POINT ( 'NONE',  ( -1.249999999999999800, 48.00000000000000000, -6.999999999999999100 ) ) ;
#4943 = CARTESIAN_POINT ( 'NONE',  ( -1.249999999999999800, 15.51471862576143900, -8.485281374238566000 ) ) ;
#4944 = ORIENTED_EDGE ( 'NONE', *, *, #5246, .F. ) ;
#4945 = VERTEX_POINT ( 'NONE', #866 ) ;
#4946 = DIRECTION ( 'NONE',  ( 1.000000000000000000, -0.0000000000000000000, -0.0000000000000000000 ) ) ;
#4947 = AXIS2_PLACEMENT_3D ( 'NONE', #2765, #3188, #4931 ) ;
#4948 = VERTEX_POINT ( 'NONE', #1718 ) ;
#4949 = CARTESIAN_POINT ( 'NONE',  ( 4.724999999999991700, 32.00000000000000700, 16.00000000000000400 ) ) ;
#4950 = AXIS2_PLACEMENT_3D ( 'NONE', #479, #3476, #3414 ) ;
#4951 = FACE_BOUND ( 'NONE', #4589, .T. ) ;
#4952 = ORIENTED_EDGE ( 'NONE', *, *, #1231, .T. ) ;
#4953 = CARTESIAN_POINT ( 'NONE',  ( 1.250000000000000200, 78.56810876809724700, -9.431891231902755000 ) ) ;
#4954 = EDGE_CURVE ( 'NONE', #4016, #3165, #4155, .T. ) ;
#4955 = DIRECTION ( 'NONE',  ( 3.652049423109066300E-016, 0.0000000000000000000, -1.000000000000000000 ) ) ;
#4956 = FACE_OUTER_BOUND ( 'NONE', #2990, .T. ) ;
#4957 = ORIENTED_EDGE ( 'NONE', *, *, #2224, .F. ) ;
#4958 = CARTESIAN_POINT ( 'NONE',  ( -1.249999999999999800, 48.00000000000000000, -2.024999999999999900 ) ) ;
#4959 = EDGE_CURVE ( 'NONE', #4304, #1173, #68, .T. ) ;
#4960 = LINE ( 'NONE', #4448, #4356 ) ;
#4961 = CARTESIAN_POINT ( 'NONE',  ( 6.749999999999989300, 32.00000000000000700, 16.00000000000000400 ) ) ;
#4962 = CIRCLE ( 'NONE', #5036, 2.024999999999997200 ) ;
#4963 = DIRECTION ( 'NONE',  ( 0.0000000000000000000, 0.7071067811865501300, 0.7071067811865450200 ) ) ;
#4964 = EDGE_CURVE ( 'NONE', #4678, #4399, #1413, .T. ) ;
#4965 = VECTOR ( 'NONE', #2829, 1000.000000000000100 ) ;
#4966 = ORIENTED_EDGE ( 'NONE', *, *, #4095, .T. ) ;
#4967 = CIRCLE ( 'NONE', #5558, 2.024999999999999900 ) ;
#4968 = DIRECTION ( 'NONE',  ( 0.0000000000000000000, -0.7071067811865463500, -0.7071067811865487900 ) ) ;
#4969 = AXIS2_PLACEMENT_3D ( 'NONE', #1037, #51, #1357 ) ;
#4970 = CYLINDRICAL_SURFACE ( 'NONE', #5483, 6.999999999999999100 ) ;
#4971 = DIRECTION ( 'NONE',  ( 0.0000000000000000000, 0.0000000000000000000, -1.000000000000000000 ) ) ;
#4972 = EDGE_CURVE ( 'NONE', #4808, #4987, #1289, .T. ) ;
#4973 = CARTESIAN_POINT ( 'NONE',  ( -1.249999999999999800, 84.68629150101523400, -2.024999999999999900 ) ) ;
#4974 = CARTESIAN_POINT ( 'NONE',  ( -1.249999999999999800, 15.51471862576143900, -8.485281374238566000 ) ) ;
#4975 = ORIENTED_EDGE ( 'NONE', *, *, #1647, .F. ) ;
#4976 = ORIENTED_EDGE ( 'NONE', *, *, #264, .T. ) ;
#4977 = DIRECTION ( 'NONE',  ( 1.000000000000000000, -0.0000000000000000000, -0.0000000000000000000 ) ) ;
#4978 = CARTESIAN_POINT ( 'NONE',  ( 4.724999999999993400, 64.00000000000000000, 13.50000000000000000 ) ) ;
#4979 = CIRCLE ( 'NONE', #4218, 2.025000000000000800 ) ;
#4980 = AXIS2_PLACEMENT_3D ( 'NONE', #2016, #2800, #681 ) ;
#4981 = ORIENTED_EDGE ( 'NONE', *, *, #1933, .F. ) ;
#4982 = ORIENTED_EDGE ( 'NONE', *, *, #4370, .F. ) ;
#4983 = CARTESIAN_POINT ( 'NONE',  ( -1.249999999999999800, 34.56810876809729600, -10.56810876809726100 ) ) ;
#4984 = CIRCLE ( 'NONE', #898, 2.025000000000002600 ) ;
#4985 = VECTOR ( 'NONE', #4799, 1000.000000000000000 ) ;
#4986 = FACE_OUTER_BOUND ( 'NONE', #2856, .T. ) ;
#4987 = VERTEX_POINT ( 'NONE', #5190 ) ;
#4988 = CARTESIAN_POINT ( 'NONE',  ( 4.725000000000003200, 32.00000000000000700, -15.99999999999999600 ) ) ;
#4989 = VERTEX_POINT ( 'NONE', #925 ) ;
#4990 = ORIENTED_EDGE ( 'NONE', *, *, #3634, .T. ) ;
#4991 = CYLINDRICAL_SURFACE ( 'NONE', #4087, 2.024999999999998100 ) ;
#4992 = CC_DESIGN_PERSON_AND_ORGANIZATION_ASSIGNMENT ( #4798, #3400, ( #5350 ) ) ;
#4993 = EDGE_CURVE ( 'NONE', #2737, #538, #4282, .T. ) ;
#4994 = EDGE_CURVE ( 'NONE', #1117, #1986, #2631, .T. ) ;
#4995 = VERTEX_POINT ( 'NONE', #4812 ) ;
#4996 = CARTESIAN_POINT ( 'NONE',  ( -46.75000000000000000, 8.485281374238569500, 8.485281374238569500 ) ) ;
#4997 = VERTEX_POINT ( 'NONE', #4396 ) ;
#4998 = VERTEX_POINT ( 'NONE', #2290 ) ;
#4999 = CARTESIAN_POINT ( 'NONE',  ( -1.250000000000001100, 6.568108768097243200, 9.431891231902760400 ) ) ;
#5000 = CARTESIAN_POINT ( 'NONE',  ( 10.75000000000000000, 96.00000000000000000, 15.99999999999999600 ) ) ;
#5001 = DIRECTION ( 'NONE',  ( 0.0000000000000000000, 1.000000000000000000, -0.0000000000000000000 ) ) ;
#5002 = VECTOR ( 'NONE', #5145, 1000.000000000000000 ) ;
#5003 = EDGE_LOOP ( 'NONE', ( #4581, #1678, #5531, #3485 ) ) ;
#5004 = EDGE_CURVE ( 'NONE', #433, #2441, #4826, .T. ) ;
#5005 = ORIENTED_EDGE ( 'NONE', *, *, #5484, .T. ) ;
#5006 = CARTESIAN_POINT ( 'NONE',  ( 1.250000000000000200, 48.00000000000000000, -6.999999999999999100 ) ) ;
#5007 = CARTESIAN_POINT ( 'NONE',  ( 1.250000000000000200, 33.43189123190276000, -6.568108768097234300 ) ) ;
#5008 = EDGE_CURVE ( 'NONE', #666, #5384, #1415, .T. ) ;
#5009 = ORIENTED_EDGE ( 'NONE', *, *, #5177, .T. ) ;
#5010 = ORIENTED_EDGE ( 'NONE', *, *, #2288, .T. ) ;
#5011 = VECTOR ( 'NONE', #2871, 1000.000000000000000 ) ;
#5012 = DIRECTION ( 'NONE',  ( 1.000000000000000000, -0.0000000000000000000, 0.0000000000000000000 ) ) ;
#5013 = ORIENTED_EDGE ( 'NONE', *, *, #5433, .T. ) ;
#5014 = DIRECTION ( 'NONE',  ( -1.000000000000000000, 0.0000000000000000000, 0.0000000000000000000 ) ) ;
#5015 = ORIENTED_EDGE ( 'NONE', *, *, #543, .F. ) ;
#5016 = CARTESIAN_POINT ( 'NONE',  ( 4.724999999999991700, 80.00000000000001400, 16.00000000000000400 ) ) ;
#5017 = LINE ( 'NONE', #2051, #3749 ) ;
#5018 = DIRECTION ( 'NONE',  ( 0.0000000000000000000, 0.0000000000000000000, -1.000000000000000000 ) ) ;
#5019 = PLANE ( 'NONE',  #2151 ) ;
#5020 = EDGE_LOOP ( 'NONE', ( #158, #506, #4758, #3856 ) ) ;
#5021 = AXIS2_PLACEMENT_3D ( 'NONE', #418, #3760, #1199 ) ;
#5022 = EDGE_LOOP ( 'NONE', ( #5478, #1876, #1936, #4248 ) ) ;
#5023 = CARTESIAN_POINT ( 'NONE',  ( -1.249999999999999800, 60.68629150101524100, 0.0000000000000000000 ) ) ;
#5024 = CIRCLE ( 'NONE', #1611, 2.024999999999999900 ) ;
#5025 = ORIENTED_EDGE ( 'NONE', *, *, #490, .T. ) ;
#5026 = DIRECTION ( 'NONE',  ( 0.0000000000000000000, 0.0000000000000000000, -1.000000000000000000 ) ) ;
#5027 = AXIS2_PLACEMENT_3D ( 'NONE', #2986, #410, #3010 ) ;
#5028 = LINE ( 'NONE', #5069, #3022 ) ;
#5029 = CARTESIAN_POINT ( 'NONE',  ( -1.249999999999999800, 56.48528137423857500, -8.485281374238564200 ) ) ;
#5030 = EDGE_CURVE ( 'NONE', #3850, #783, #4680, .T. ) ;
#5031 = CARTESIAN_POINT ( 'NONE',  ( 6.749999999999989300, 8.000000000000007100, 16.00000000000000400 ) ) ;
#5032 = CARTESIAN_POINT ( 'NONE',  ( 8.774999999999987900, 64.00000000000000000, 16.00000000000000400 ) ) ;
#5033 = CIRCLE ( 'NONE', #5437, 2.024999999999998100 ) ;
#5034 = CYLINDRICAL_SURFACE ( 'NONE', #554, 2.025000000000000800 ) ;
#5035 = CIRCLE ( 'NONE', #772, 2.025000000000000800 ) ;
#5036 = AXIS2_PLACEMENT_3D ( 'NONE', #3372, #4658, #1618 ) ;
#5037 = DIRECTION ( 'NONE',  ( 1.000000000000000000, -0.0000000000000000000, -0.0000000000000000000 ) ) ;
#5038 = VECTOR ( 'NONE', #411, 999.9999999999998900 ) ;
#5039 = ORIENTED_EDGE ( 'NONE', *, *, #3604, .F. ) ;
#5040 = VECTOR ( 'NONE', #2715, 1000.000000000000100 ) ;
#5041 = DIRECTION ( 'NONE',  ( 0.0000000000000000000, -0.7071067811865412400, 0.7071067811865537900 ) ) ;
#5042 = EDGE_CURVE ( 'NONE', #990, #2836, #2555, .T. ) ;
#5043 = FACE_OUTER_BOUND ( 'NONE', #3857, .T. ) ;
#5044 = CARTESIAN_POINT ( 'NONE',  ( 1.250000000000000200, 34.56810876809729600, -10.56810876809726100 ) ) ;
#5045 = ORIENTED_EDGE ( 'NONE', *, *, #3148, .F. ) ;
#5046 = ORIENTED_EDGE ( 'NONE', *, *, #4555, .F. ) ;
#5047 = AXIS2_PLACEMENT_3D ( 'NONE', #3184, #4067, #3205 ) ;
#5048 = LINE ( 'NONE', #2481, #1568 ) ;
#5049 = ORIENTED_EDGE ( 'NONE', *, *, #362, .F. ) ;
#5050 = ORIENTED_EDGE ( 'NONE', *, *, #1518, .F. ) ;
#5051 = ORIENTED_EDGE ( 'NONE', *, *, #5104, .T. ) ;
#5052 = AXIS2_PLACEMENT_3D ( 'NONE', #5323, #2756, #4915 ) ;
#5053 = CARTESIAN_POINT ( 'NONE',  ( 1.250000000000000200, 16.00000000000000700, -7.999999999999996400 ) ) ;
#5054 = LINE ( 'NONE', #1007, #2324 ) ;
#5055 = CARTESIAN_POINT ( 'NONE',  ( 8.774999999999987900, 72.00000000000001400, 13.50000000000000000 ) ) ;
#5056 = ORIENTED_EDGE ( 'NONE', *, *, #4286, .T. ) ;
#5057 = VERTEX_POINT ( 'NONE', #1857 ) ;
#5058 = EDGE_CURVE ( 'NONE', #437, #899, #3496, .T. ) ;
#5059 = FACE_OUTER_BOUND ( 'NONE', #4671, .T. ) ;
#5060 = AXIS2_PLACEMENT_3D ( 'NONE', #1875, #4851, #3186 ) ;
#5061 = ORIENTED_EDGE ( 'NONE', *, *, #4668, .F. ) ;
#5062 = DIRECTION ( 'NONE',  ( 0.0000000000000000000, -1.000000000000000000, 0.0000000000000000000 ) ) ;
#5063 = ORIENTED_EDGE ( 'NONE', *, *, #596, .T. ) ;
#5064 = EDGE_CURVE ( 'NONE', #318, #307, #1826, .T. ) ;
#5065 = LINE ( 'NONE', #4144, #792 ) ;
#5066 = EDGE_LOOP ( 'NONE', ( #5211, #2467, #5441, #153 ) ) ;
#5067 = DIRECTION ( 'NONE',  ( 0.0000000000000000000, 0.0000000000000000000, -1.000000000000000000 ) ) ;
#5068 = ORIENTED_EDGE ( 'NONE', *, *, #348, .F. ) ;
#5069 = CARTESIAN_POINT ( 'NONE',  ( 4.724999999999991700, 72.00000000000001400, 16.00000000000000400 ) ) ;
#5070 = LINE ( 'NONE', #1632, #3805 ) ;
#5071 = ORIENTED_EDGE ( 'NONE', *, *, #4071, .F. ) ;
#5072 = EDGE_CURVE ( 'NONE', #5225, #4922, #4215, .T. ) ;
#5073 = CARTESIAN_POINT ( 'NONE',  ( 1.250000000000000200, 39.51471862576143900, -10.51028137423856600 ) ) ;
#5074 = VERTEX_POINT ( 'NONE', #3587 ) ;
#5075 = AXIS2_PLACEMENT_3D ( 'NONE', #757, #305, #5394 ) ;
#5076 = DIRECTION ( 'NONE',  ( 0.0000000000000000000, 0.0000000000000000000, -1.000000000000000000 ) ) ;
#5077 = CARTESIAN_POINT ( 'NONE',  ( -1.249999999999999800, 80.48528137423856800, 8.485281374238569500 ) ) ;
#5078 = CARTESIAN_POINT ( 'NONE',  ( 1.250000000000000200, -0.0000000000000000000, -2.024999999999999900 ) ) ;
#5079 = FACE_OUTER_BOUND ( 'NONE', #4520, .T. ) ;
#5080 = VERTEX_POINT ( 'NONE', #3945 ) ;
#5081 = DIRECTION ( 'NONE',  ( 1.000000000000000000, -0.0000000000000000000, 0.0000000000000000000 ) ) ;
#5082 = DIRECTION ( 'NONE',  ( 0.0000000000000000000, 1.000000000000000000, 0.0000000000000000000 ) ) ;
#5083 = DIRECTION ( 'NONE',  ( 1.000000000000000000, -0.0000000000000000000, -0.0000000000000000000 ) ) ;
#5084 = AXIS2_PLACEMENT_3D ( 'NONE', #1954, #3669, #686 ) ;
#5085 = VECTOR ( 'NONE', #917, 1000.000000000000000 ) ;
#5086 = ORIENTED_EDGE ( 'NONE', *, *, #4319, .F. ) ;
#5087 = DIRECTION ( 'NONE',  ( 0.0000000000000000000, 0.0000000000000000000, -1.000000000000000000 ) ) ;
#5088 = FACE_OUTER_BOUND ( 'NONE', #4877, .T. ) ;
#5089 = EDGE_CURVE ( 'NONE', #5446, #1387, #3561, .T. ) ;
#5090 = LINE ( 'NONE', #5313, #3828 ) ;
#5091 = CARTESIAN_POINT ( 'NONE',  ( -1.249999999999999800, 11.31370849898475900, 0.0000000000000000000 ) ) ;
#5092 = DIRECTION ( 'NONE',  ( 0.0000000000000000000, -1.000000000000000000, 0.0000000000000000000 ) ) ;
#5093 = APPROVAL_ROLE ( '' ) ;
#5094 = CIRCLE ( 'NONE', #4187, 2.025000000000002600 ) ;
#5095 = DIRECTION ( 'NONE',  ( -1.000000000000000000, 0.0000000000000000000, -0.0000000000000000000 ) ) ;
#5096 = VECTOR ( 'NONE', #680, 1000.000000000000000 ) ;
#5097 = EDGE_CURVE ( 'NONE', #593, #2709, #1280, .T. ) ;
#5098 = CARTESIAN_POINT ( 'NONE',  ( 4.725000000000003200, 48.00000000000000700, -15.99999999999999600 ) ) ;
#5099 = CARTESIAN_POINT ( 'NONE',  ( 1.250000000000000200, 8.000000000000000000, 7.999999999999996400 ) ) ;
#5100 = ORIENTED_EDGE ( 'NONE', *, *, #4817, .F. ) ;
#5101 = CYLINDRICAL_SURFACE ( 'NONE', #4595, 2.024999999999990100 ) ;
#5102 = AXIS2_PLACEMENT_3D ( 'NONE', #483, #58, #2581 ) ;
#5103 = LINE ( 'NONE', #2400, #3235 ) ;
#5104 = EDGE_CURVE ( 'NONE', #5338, #3266, #3967, .T. ) ;
#5105 = ORIENTED_EDGE ( 'NONE', *, *, #3966, .T. ) ;
#5106 = ORIENTED_EDGE ( 'NONE', *, *, #4071, .T. ) ;
#5107 = CARTESIAN_POINT ( 'NONE',  ( -1.250000000000001100, 87.51471862576143200, -8.485281374238555300 ) ) ;
#5108 = CIRCLE ( 'NONE', #389, 2.024999999999999900 ) ;
#5109 = EDGE_CURVE ( 'NONE', #1061, #1780, #1897, .T. ) ;
#5110 = CARTESIAN_POINT ( 'NONE',  ( 4.724999999999991700, 40.00000000000000700, 16.00000000000000400 ) ) ;
#5111 = ORIENTED_EDGE ( 'NONE', *, *, #3148, .T. ) ;
#5112 = ORIENTED_EDGE ( 'NONE', *, *, #560, .T. ) ;
#5113 = FACE_BOUND ( 'NONE', #3202, .T. ) ;
#5114 = CIRCLE ( 'NONE', #3484, 2.024999999999997200 ) ;
#5115 = DIRECTION ( 'NONE',  ( 0.0000000000000000000, 0.7071067811865469100, 0.7071067811865482400 ) ) ;
#5116 = ADVANCED_FACE ( 'NONE', ( #2145 ), #1013, .F. ) ;
#5117 = LINE ( 'NONE', #5196, #3116 ) ;
#5118 = AXIS2_PLACEMENT_3D ( 'NONE', #3838, #4684, #3443 ) ;
#5119 = CARTESIAN_POINT ( 'NONE',  ( 4.725000000000003200, 72.00000000000001400, -15.99999999999999600 ) ) ;
#5120 = ORIENTED_EDGE ( 'NONE', *, *, #1655, .F. ) ;
#5121 = ORIENTED_EDGE ( 'NONE', *, *, #4219, .T. ) ;
#5122 = LINE ( 'NONE', #1628, #1652 ) ;
#5123 = DIRECTION ( 'NONE',  ( 1.000000000000000000, -0.0000000000000000000, -0.0000000000000000000 ) ) ;
#5124 = CARTESIAN_POINT ( 'NONE',  ( 8.774999999999998600, 8.000000000000007100, -13.50000000000000200 ) ) ;
#5125 = CARTESIAN_POINT ( 'NONE',  ( -1.249999999999999800, 62.08282739385867200, 7.053390142335810100 ) ) ;
#5126 = CYLINDRICAL_SURFACE ( 'NONE', #130, 2.025000000000002600 ) ;
#5127 = VERTEX_POINT ( 'NONE', #2314 ) ;
#5128 = ORIENTED_EDGE ( 'NONE', *, *, #5348, .F. ) ;
#5129 = CARTESIAN_POINT ( 'NONE',  ( 1.250000000000000200, 11.31370849898475900, 2.024999999999999900 ) ) ;
#5130 = CARTESIAN_POINT ( 'NONE',  ( 8.774999999999987900, 16.00000000000000700, 16.00000000000000400 ) ) ;
#5131 = CARTESIAN_POINT ( 'NONE',  ( 1.250000000000000200, 32.48528137423857500, -8.485281374238564200 ) ) ;
#5132 = DIRECTION ( 'NONE',  ( 0.0000000000000000000, 0.0000000000000000000, -1.000000000000000000 ) ) ;
#5133 = ORIENTED_EDGE ( 'NONE', *, *, #3457, .F. ) ;
#5134 = EDGE_CURVE ( 'NONE', #5080, #3992, #2086, .T. ) ;
#5135 = VERTEX_POINT ( 'NONE', #3204 ) ;
#5136 = APPROVAL_DATE_TIME ( #3135, #1343 ) ;
#5137 = PLANE ( 'NONE',  #1505 ) ;
#5138 = VERTEX_POINT ( 'NONE', #606 ) ;
#5139 = EDGE_LOOP ( 'NONE', ( #5553, #558, #1576, #861, #1708 ) ) ;
#5140 = CIRCLE ( 'NONE', #4544, 2.024999999999997200 ) ;
#5141 = CIRCLE ( 'NONE', #664, 6.999999999999999100 ) ;
#5142 = DIRECTION ( 'NONE',  ( -1.000000000000000000, 0.0000000000000000000, 0.0000000000000000000 ) ) ;
#5143 = VERTEX_POINT ( 'NONE', #4082 ) ;
#5144 = VERTEX_POINT ( 'NONE', #241 ) ;
#5145 = DIRECTION ( 'NONE',  ( 1.000000000000000000, -0.0000000000000000000, -0.0000000000000000000 ) ) ;
#5146 = ADVANCED_FACE ( 'NONE', ( #2213 ), #195, .F. ) ;
#5147 = VERTEX_POINT ( 'NONE', #203 ) ;
#5148 = EDGE_CURVE ( 'NONE', #719, #4498, #5227, .T. ) ;
#5149 = CARTESIAN_POINT ( 'NONE',  ( -1.249999999999999800, 97.43189123190272500, -1.431891231902713700 ) ) ;
#5150 = EDGE_LOOP ( 'NONE', ( #1717, #5198, #4882, #5247 ) ) ;
#5151 = AXIS2_PLACEMENT_3D ( 'NONE', #1263, #4633, #5568 ) ;
#5152 = DIRECTION ( 'NONE',  ( 1.000000000000000000, -0.0000000000000000000, 0.0000000000000000000 ) ) ;
#5153 = ADVANCED_FACE ( 'NONE', ( #5287 ), #3894, .F. ) ;
#5154 = AXIS2_PLACEMENT_3D ( 'NONE', #2285, #134, #1368 ) ;
#5155 = CARTESIAN_POINT ( 'NONE',  ( -46.75000000000000000, 6.568108768097243200, 9.431891231902760400 ) ) ;
#5156 = AXIS2_PLACEMENT_3D ( 'NONE', #1965, #1092, #3682 ) ;
#5157 = CIRCLE ( 'NONE', #4830, 2.025000000000002600 ) ;
#5158 = EDGE_CURVE ( 'NONE', #1140, #967, #3089, .T. ) ;
#5159 = CIRCLE ( 'NONE', #5555, 2.024999999999997200 ) ;
#5160 = DIRECTION ( 'NONE',  ( 0.0000000000000000000, 0.0000000000000000000, -1.000000000000000000 ) ) ;
#5161 = CARTESIAN_POINT ( 'NONE',  ( 1.250000000000000200, 32.48528137423856100, 8.485281374238569500 ) ) ;
#5162 = DIRECTION ( 'NONE',  ( 1.000000000000000000, -0.0000000000000000000, 0.0000000000000000000 ) ) ;
#5163 = FACE_OUTER_BOUND ( 'NONE', #3465, .T. ) ;
#5164 = CARTESIAN_POINT ( 'NONE',  ( -1.249999999999999800, 58.56810876809721800, -10.56810876809725700 ) ) ;
#5165 = DIRECTION ( 'NONE',  ( 0.0000000000000000000, 0.0000000000000000000, -1.000000000000000000 ) ) ;
#5166 = LINE ( 'NONE', #2543, #4032 ) ;
#5167 = AXIS2_PLACEMENT_3D ( 'NONE', #1670, #1648, #2507 ) ;
#5168 = PLANE ( 'NONE',  #3840 ) ;
#5169 = PLANE ( 'NONE',  #1016 ) ;
#5170 = EDGE_CURVE ( 'NONE', #1920, #3462, #3282, .T. ) ;
#5171 = CARTESIAN_POINT ( 'NONE',  ( 1.250000000000000200, 61.43189123190266800, 13.43189123190281200 ) ) ;
#5172 = LINE ( 'NONE', #5570, #5296 ) ;
#5173 = ADVANCED_BREP_SHAPE_REPRESENTATION ( '1143-0003-0096', ( #3541, #4195 ), #111 ) ;
#5174 = ADVANCED_FACE ( 'NONE', ( #5486, #4609, #805, #5562, #1892, #55, #3021, #2141, #3623, #1816, #744, #4017 ), #5334, .F. ) ;
#5175 = ORIENTED_EDGE ( 'NONE', *, *, #3477, .F. ) ;
#5176 = VECTOR ( 'NONE', #2351, 1000.000000000000000 ) ;
#5177 = EDGE_CURVE ( 'NONE', #963, #4678, #3340, .T. ) ;
#5178 = DIRECTION ( 'NONE',  ( 0.0000000000000000000, 0.7071067811865500200, -0.7071067811865450200 ) ) ;
#5179 = DIRECTION ( 'NONE',  ( 1.000000000000000000, -0.0000000000000000000, 0.0000000000000000000 ) ) ;
#5180 = VERTEX_POINT ( 'NONE', #165 ) ;
#5181 = ORIENTED_EDGE ( 'NONE', *, *, #847, .F. ) ;
#5182 = EDGE_CURVE ( 'NONE', #1460, #3319, #2080, .T. ) ;
#5183 = ADVANCED_FACE ( 'NONE', ( #3886 ), #4546, .F. ) ;
#5184 = LINE ( 'NONE', #3119, #4985 ) ;
#5185 = CARTESIAN_POINT ( 'NONE',  ( -46.75000000000000000, 88.00000000000001400, -7.999999999999983100 ) ) ;
#5186 = ORIENTED_EDGE ( 'NONE', *, *, #3919, .F. ) ;
#5187 = CARTESIAN_POINT ( 'NONE',  ( -1.249999999999999800, 13.43189123190261800, 13.43189123190273400 ) ) ;
#5188 = ORIENTED_EDGE ( 'NONE', *, *, #4994, .T. ) ;
#5189 = ORIENTED_EDGE ( 'NONE', *, *, #2705, .F. ) ;
#5190 = CARTESIAN_POINT ( 'NONE',  ( -1.249999999999999800, 16.94660985766420000, -9.917172606141322800 ) ) ;
#5191 = CIRCLE ( 'NONE', #540, 2.024999999999998100 ) ;
#5192 = CARTESIAN_POINT ( 'NONE',  ( -1.249999999999999800, 11.31370849898475900, 2.024999999999999900 ) ) ;
#5193 = LINE ( 'NONE', #3434, #1242 ) ;
#5194 = VERTEX_POINT ( 'NONE', #3180 ) ;
#5195 = DIRECTION ( 'NONE',  ( 1.000000000000000000, -0.0000000000000000000, 0.0000000000000000000 ) ) ;
#5196 = CARTESIAN_POINT ( 'NONE',  ( -1.249999999999999800, 58.56810876809746000, 10.56810876809731100 ) ) ;
#5197 = VERTEX_POINT ( 'NONE', #619 ) ;
#5198 = ORIENTED_EDGE ( 'NONE', *, *, #4005, .F. ) ;
#5199 = AXIS2_PLACEMENT_3D ( 'NONE', #878, #4355, #5160 ) ;
#5200 = CYLINDRICAL_SURFACE ( 'NONE', #4645, 2.024999999999998100 ) ;
#5201 = ORIENTED_EDGE ( 'NONE', *, *, #5277, .F. ) ;
#5202 = ORIENTED_EDGE ( 'NONE', *, *, #839, .F. ) ;
#5203 = CARTESIAN_POINT ( 'NONE',  ( 1.250000000000000200, 37.43189123190261800, 13.43189123190273400 ) ) ;
#5204 = DIRECTION ( 'NONE',  ( 3.652049423109066300E-016, 0.0000000000000000000, -1.000000000000000000 ) ) ;
#5205 = DIRECTION ( 'NONE',  ( 0.0000000000000000000, 0.0000000000000000000, -1.000000000000000000 ) ) ;
#5206 = FACE_OUTER_BOUND ( 'NONE', #2886, .T. ) ;
#5207 = ORIENTED_EDGE ( 'NONE', *, *, #802, .T. ) ;
#5208 = ADVANCED_FACE ( 'NONE', ( #603 ), #2753, .F. ) ;
#5209 = AXIS2_PLACEMENT_3D ( 'NONE', #143, #544, #2236 ) ;
#5210 = CARTESIAN_POINT ( 'NONE',  ( -1.249999999999999800, 56.48528137423857500, -8.485281374238564200 ) ) ;
#5211 = ORIENTED_EDGE ( 'NONE', *, *, #75, .T. ) ;
#5212 = DIRECTION ( 'NONE',  ( -1.000000000000000000, 0.0000000000000000000, 0.0000000000000000000 ) ) ;
#5213 = CARTESIAN_POINT ( 'NONE',  ( -46.75000000000000000, 8.000000000000000000, 5.974999999999994300 ) ) ;
#5214 = DIRECTION ( 'NONE',  ( 1.000000000000000000, -0.0000000000000000000, -0.0000000000000000000 ) ) ;
#5215 = VECTOR ( 'NONE', #1554, 1000.000000000000000 ) ;
#5216 = ORIENTED_EDGE ( 'NONE', *, *, #306, .F. ) ;
#5217 = DIRECTION ( 'NONE',  ( 1.387778780781447300E-015, 0.0000000000000000000, 1.000000000000000000 ) ) ;
#5218 = DIRECTION ( 'NONE',  ( 3.652049423109066300E-016, -0.0000000000000000000, -1.000000000000000000 ) ) ;
#5219 = EDGE_CURVE ( 'NONE', #5194, #2656, #469, .T. ) ;
#5220 = EDGE_LOOP ( 'NONE', ( #1435, #4881 ) ) ;
#5221 = EDGE_LOOP ( 'NONE', ( #2046, #2807 ) ) ;
#5222 = EDGE_CURVE ( 'NONE', #1644, #1455, #672, .T. ) ;
#5223 = DIRECTION ( 'NONE',  ( 0.0000000000000000000, 0.0000000000000000000, 1.000000000000000000 ) ) ;
#5224 = FACE_BOUND ( 'NONE', #4588, .T. ) ;
#5225 = VERTEX_POINT ( 'NONE', #2803 ) ;
#5226 = CARTESIAN_POINT ( 'NONE',  ( 8.774999999999987900, 32.00000000000000700, 16.00000000000000400 ) ) ;
#5227 = LINE ( 'NONE', #4848, #4274 ) ;
#5228 = AXIS2_PLACEMENT_3D ( 'NONE', #2588, #4733, #4664 ) ;
#5229 = CIRCLE ( 'NONE', #3946, 2.024999999999998100 ) ;
#5230 = DIRECTION ( 'NONE',  ( 0.0000000000000000000, 0.0000000000000000000, -1.000000000000000000 ) ) ;
#5231 = ADVANCED_FACE ( 'NONE', ( #1606 ), #5019, .T. ) ;
#5232 = LINE ( 'NONE', #4829, #4756 ) ;
#5233 = CARTESIAN_POINT ( 'NONE',  ( -1.249999999999999800, 24.00000000000000000, -6.999999999999999100 ) ) ;
#5234 = AXIS2_PLACEMENT_3D ( 'NONE', #1770, #5162, #4768 ) ;
#5235 = LINE ( 'NONE', #5213, #2366 ) ;
#5236 = EDGE_CURVE ( 'NONE', #4788, #2388, #2623, .T. ) ;
#5237 = ADVANCED_FACE ( 'NONE', ( #2883 ), #3662, .T. ) ;
#5238 = LINE ( 'NONE', #3928, #2156 ) ;
#5239 = EDGE_CURVE ( 'NONE', #2553, #3459, #1746, .T. ) ;
#5240 = CARTESIAN_POINT ( 'NONE',  ( 6.750000000000000000, 24.00000000000000700, -13.50000000000000200 ) ) ;
#5241 = ORIENTED_EDGE ( 'NONE', *, *, #4267, .T. ) ;
#5242 = LINE ( 'NONE', #415, #80 ) ;
#5243 = CARTESIAN_POINT ( 'NONE',  ( 8.774999999999987900, 32.00000000000000700, 16.00000000000000400 ) ) ;
#5244 = DIRECTION ( 'NONE',  ( 0.0000000000000000000, 0.0000000000000000000, -1.000000000000000000 ) ) ;
#5245 = FACE_OUTER_BOUND ( 'NONE', #1681, .T. ) ;
#5246 = EDGE_CURVE ( 'NONE', #4892, #5127, #1074, .T. ) ;
#5247 = ORIENTED_EDGE ( 'NONE', *, *, #395, .T. ) ;
#5248 = VERTEX_POINT ( 'NONE', #3264 ) ;
#5249 = DIRECTION ( 'NONE',  ( -1.000000000000000000, 0.0000000000000000000, -0.0000000000000000000 ) ) ;
#5250 = CARTESIAN_POINT ( 'NONE',  ( 1.250000000000000200, 80.48528137423858200, -8.485281374238564200 ) ) ;
#5251 = FACE_BOUND ( 'NONE', #4573, .T. ) ;
#5252 = ORIENTED_EDGE ( 'NONE', *, *, #3336, .T. ) ;
#5253 = ORIENTED_EDGE ( 'NONE', *, *, #3169, .T. ) ;
#5254 = DIRECTION ( 'NONE',  ( 1.000000000000000000, -0.0000000000000000000, -0.0000000000000000000 ) ) ;
#5255 = DIRECTION ( 'NONE',  ( 0.0000000000000000000, 0.7071067811865500200, -0.7071067811865450200 ) ) ;
#5256 = VECTOR ( 'NONE', #5092, 1000.000000000000000 ) ;
#5257 = EDGE_LOOP ( 'NONE', ( #2253, #1033 ) ) ;
#5258 = EDGE_CURVE ( 'NONE', #923, #4111, #934, .T. ) ;
#5259 = ORIENTED_EDGE ( 'NONE', *, *, #2157, .T. ) ;
#5260 = ORIENTED_EDGE ( 'NONE', *, *, #2950, .F. ) ;
#5261 = CYLINDRICAL_SURFACE ( 'NONE', #1615, 2.024999999999990100 ) ;
#5262 = CARTESIAN_POINT ( 'NONE',  ( 6.750000000000000000, 8.000000000000007100, -13.50000000000000200 ) ) ;
#5263 = ORIENTED_EDGE ( 'NONE', *, *, #4727, .F. ) ;
#5264 = VERTEX_POINT ( 'NONE', #3697 ) ;
#5265 = DIRECTION ( 'NONE',  ( 1.000000000000000000, -0.0000000000000000000, -0.0000000000000000000 ) ) ;
#5266 = ADVANCED_FACE ( 'NONE', ( #4346 ), #4407, .F. ) ;
#5267 = CYLINDRICAL_SURFACE ( 'NONE', #2146, 2.024999999999990100 ) ;
#5268 = ORIENTED_EDGE ( 'NONE', *, *, #5351, .T. ) ;
#5269 = ORIENTED_EDGE ( 'NONE', *, *, #2716, .F. ) ;
#5270 = AXIS2_PLACEMENT_3D ( 'NONE', #1401, #1838, #650 ) ;
#5271 = DIRECTION ( 'NONE',  ( 1.000000000000000000, -0.0000000000000000000, -0.0000000000000000000 ) ) ;
#5272 = VERTEX_POINT ( 'NONE', #1155 ) ;
#5273 = ORIENTED_EDGE ( 'NONE', *, *, #264, .F. ) ;
#5274 = CC_DESIGN_PERSON_AND_ORGANIZATION_ASSIGNMENT ( #1254, #838, ( #3339 ) ) ;
#5275 = ORIENTED_EDGE ( 'NONE', *, *, #338, .F. ) ;
#5276 = DIRECTION ( 'NONE',  ( 0.0000000000000000000, 0.0000000000000000000, -1.000000000000000000 ) ) ;
#5277 = EDGE_CURVE ( 'NONE', #2175, #922, #1344, .T. ) ;
#5278 = ORIENTED_EDGE ( 'NONE', *, *, #5433, .F. ) ;
#5279 = DIRECTION ( 'NONE',  ( 1.000000000000000000, -0.0000000000000000000, 0.0000000000000000000 ) ) ;
#5280 = VERTEX_POINT ( 'NONE', #703 ) ;
#5281 = ADVANCED_FACE ( 'NONE', ( #325 ), #1882, .F. ) ;
#5282 = DIRECTION ( 'NONE',  ( 0.0000000000000000000, 0.0000000000000000000, -1.000000000000000000 ) ) ;
#5283 = EDGE_CURVE ( 'NONE', #4948, #2918, #1000, .T. ) ;
#5284 = ORIENTED_EDGE ( 'NONE', *, *, #2702, .F. ) ;
#5285 = CARTESIAN_POINT ( 'NONE',  ( 1.250000000000000200, 32.00000000000000000, -7.999999999999994700 ) ) ;
#5286 = EDGE_CURVE ( 'NONE', #2651, #445, #251, .T. ) ;
#5287 = FACE_OUTER_BOUND ( 'NONE', #3002, .T. ) ;
#5288 = ADVANCED_FACE ( 'NONE', ( #2283 ), #3273, .F. ) ;
#5289 = DIRECTION ( 'NONE',  ( 1.000000000000000000, 0.0000000000000000000, 0.0000000000000000000 ) ) ;
#5290 = DIRECTION ( 'NONE',  ( 3.652049423109066300E-016, 0.0000000000000000000, -1.000000000000000000 ) ) ;
#5291 = CARTESIAN_POINT ( 'NONE',  ( -1.249999999999999800, 16.94660985766420000, -9.917172606141322800 ) ) ;
#5292 = VECTOR ( 'NONE', #2140, 1000.000000000000000 ) ;
#5293 = CARTESIAN_POINT ( 'NONE',  ( -1.250000000000001100, 7.053390142335809200, 9.917172606141322800 ) ) ;
#5294 = AXIS2_PLACEMENT_3D ( 'NONE', #486, #888, #3030 ) ;
#5295 = CIRCLE ( 'NONE', #4460, 2.024999999999999900 ) ;
#5296 = VECTOR ( 'NONE', #831, 1000.000000000000000 ) ;
#5297 = DIRECTION ( 'NONE',  ( 3.652049423109066300E-016, -0.0000000000000000000, -1.000000000000000000 ) ) ;
#5298 = CARTESIAN_POINT ( 'NONE',  ( 1.250000000000000200, 72.00000000000001400, 0.0000000000000000000 ) ) ;
#5299 = AXIS2_PLACEMENT_3D ( 'NONE', #683, #4028, #1114 ) ;
#5300 = ORIENTED_EDGE ( 'NONE', *, *, #5222, .T. ) ;
#5301 = DIRECTION ( 'NONE',  ( 1.000000000000000000, 0.0000000000000000000, -1.826024711554532900E-016 ) ) ;
#5302 = EDGE_LOOP ( 'NONE', ( #3006, #2750, #1949, #4193 ) ) ;
#5303 = ADVANCED_FACE ( 'NONE', ( #5408 ), #4534, .F. ) ;
#5304 = CIRCLE ( 'NONE', #3668, 2.024999999999998100 ) ;
#5305 = CARTESIAN_POINT ( 'NONE',  ( 6.749999999999989300, 80.00000000000001400, 16.00000000000000400 ) ) ;
#5306 = CARTESIAN_POINT ( 'NONE',  ( 6.749999999999989300, 88.00000000000002800, 16.00000000000000400 ) ) ;
#5307 = CARTESIAN_POINT ( 'NONE',  ( 6.749999999999989300, 48.00000000000000700, 16.00000000000000400 ) ) ;
#5308 = VERTEX_POINT ( 'NONE', #3654 ) ;
#5309 = ORIENTED_EDGE ( 'NONE', *, *, #2496, .T. ) ;
#5310 = CARTESIAN_POINT ( 'NONE',  ( -1.249999999999999800, 12.68629150101524100, 0.0000000000000000000 ) ) ;
#5311 = DIRECTION ( 'NONE',  ( 1.000000000000000000, -0.0000000000000000000, -0.0000000000000000000 ) ) ;
#5312 = FACE_OUTER_BOUND ( 'NONE', #909, .T. ) ;
#5313 = CARTESIAN_POINT ( 'NONE',  ( -1.249999999999999800, 40.94660985766419300, 9.917172606141328100 ) ) ;
#5314 = EDGE_LOOP ( 'NONE', ( #2180, #3131, #4647, #857 ) ) ;
#5315 = ORIENTED_EDGE ( 'NONE', *, *, #1010, .T. ) ;
#5316 = ADVANCED_FACE ( 'NONE', ( #4339 ), #2406, .F. ) ;
#5317 = ORIENTED_EDGE ( 'NONE', *, *, #747, .T. ) ;
#5318 = CIRCLE ( 'NONE', #3521, 6.999999999999999100 ) ;
#5319 = CARTESIAN_POINT ( 'NONE',  ( 8.774999999999987900, 8.000000000000007100, 16.00000000000000400 ) ) ;
#5320 = AXIS2_PLACEMENT_3D ( 'NONE', #2932, #782, #1212 ) ;
#5321 = ORIENTED_EDGE ( 'NONE', *, *, #1330, .F. ) ;
#5322 = ORIENTED_EDGE ( 'NONE', *, *, #3566, .T. ) ;
#5323 = CARTESIAN_POINT ( 'NONE',  ( 6.749999999999989300, 16.00000000000000700, 16.00000000000000400 ) ) ;
#5324 = CARTESIAN_POINT ( 'NONE',  ( -1.249999999999999800, 81.91717260614132100, 7.053390142335818100 ) ) ;
#5325 = PLANE ( 'NONE',  #60 ) ;
#5326 = EDGE_CURVE ( 'NONE', #4101, #3864, #590, .T. ) ;
#5327 = CIRCLE ( 'NONE', #3019, 2.024999999999997200 ) ;
#5328 = VERTEX_POINT ( 'NONE', #717 ) ;
#5329 = CARTESIAN_POINT ( 'NONE',  ( -1.249999999999999800, 55.99999999999999300, 5.975000000000009400 ) ) ;
#5330 = EDGE_LOOP ( 'NONE', ( #3191, #1861, #175, #4330 ) ) ;
#5331 = CARTESIAN_POINT ( 'NONE',  ( 1.250000000000000200, 88.94660985766420000, -9.917172606141305000 ) ) ;
#5332 = PLANE ( 'NONE',  #1688 ) ;
#5333 = DIRECTION ( 'NONE',  ( 1.826024711554532900E-016, -0.0000000000000000000, 1.000000000000000000 ) ) ;
#5334 = PLANE ( 'NONE',  #136 ) ;
#5335 = AXIS2_PLACEMENT_3D ( 'NONE', #2267, #122, #4222 ) ;
#5336 = APPROVAL_PERSON_ORGANIZATION ( #4328, #3067, #2995 ) ;
#5337 = DIRECTION ( 'NONE',  ( 0.0000000000000000000, 0.0000000000000000000, -1.000000000000000000 ) ) ;
#5338 = VERTEX_POINT ( 'NONE', #1149 ) ;
#5339 = ORIENTED_EDGE ( 'NONE', *, *, #2824, .T. ) ;
#5340 = ADVANCED_FACE ( 'NONE', ( #5552 ), #5346, .F. ) ;
#5341 = CARTESIAN_POINT ( 'NONE',  ( -1.249999999999999800, 14.56810876809723800, 6.568108768097240500 ) ) ;
#5342 = DIRECTION ( 'NONE',  ( 0.0000000000000000000, 0.0000000000000000000, -1.000000000000000000 ) ) ;
#5343 = ORIENTED_EDGE ( 'NONE', *, *, #4959, .T. ) ;
#5344 = AXIS2_PLACEMENT_3D ( 'NONE', #3531, #1906, #5276 ) ;
#5345 = ORIENTED_EDGE ( 'NONE', *, *, #4280, .T. ) ;
#5346 = CYLINDRICAL_SURFACE ( 'NONE', #2198, 2.024999999999999900 ) ;
#5347 = CARTESIAN_POINT ( 'NONE',  ( 4.725000000000001400, 72.00000000000001400, -13.50000000000000200 ) ) ;
#5348 = EDGE_CURVE ( 'NONE', #3307, #4871, #1264, .T. ) ;
#5349 = ORIENTED_EDGE ( 'NONE', *, *, #1738, .F. ) ;
#5350 = PRODUCT_DEFINITION_FORMATION_WITH_SPECIFIED_SOURCE ( 'ANY', '', #3753, .NOT_KNOWN. ) ;
#5351 = EDGE_CURVE ( 'NONE', #5135, #5368, #5141, .T. ) ;
#5352 = FACE_BOUND ( 'NONE', #2617, .T. ) ;
#5353 = CARTESIAN_POINT ( 'NONE',  ( 8.774999999999987900, 24.00000000000000700, 16.00000000000000400 ) ) ;
#5354 = EDGE_CURVE ( 'NONE', #4669, #889, #4201, .T. ) ;
#5355 = PLANE ( 'NONE',  #3258 ) ;
#5356 = ORIENTED_EDGE ( 'NONE', *, *, #2791, .F. ) ;
#5357 = DIRECTION ( 'NONE',  ( 1.000000000000000000, 0.0000000000000000000, 0.0000000000000000000 ) ) ;
#5358 = CARTESIAN_POINT ( 'NONE',  ( 6.750000000000000900, 8.000000000000007100, -15.99999999999999600 ) ) ;
#5359 = ORIENTED_EDGE ( 'NONE', *, *, #868, .F. ) ;
#5360 = CIRCLE ( 'NONE', #4421, 2.024999999999990100 ) ;
#5361 = EDGE_CURVE ( 'NONE', #3459, #1187, #995, .T. ) ;
#5362 = CARTESIAN_POINT ( 'NONE',  ( -1.249999999999999800, 55.05339014233580700, 9.917172606141322800 ) ) ;
#5363 = DIRECTION ( 'NONE',  ( 0.0000000000000000000, 0.0000000000000000000, -1.000000000000000000 ) ) ;
#5364 = AXIS2_PLACEMENT_3D ( 'NONE', #3269, #1174, #3756 ) ;
#5365 = LINE ( 'NONE', #2337, #756 ) ;
#5366 = DIRECTION ( 'NONE',  ( -1.000000000000000000, 0.0000000000000000000, 0.0000000000000000000 ) ) ;
#5367 = CARTESIAN_POINT ( 'NONE',  ( -1.249999999999999800, 57.91717260614131400, 7.053390142335818100 ) ) ;
#5368 = VERTEX_POINT ( 'NONE', #4942 ) ;
#5369 = DIRECTION ( 'NONE',  ( 3.652049423109066300E-016, 0.0000000000000000000, -1.000000000000000000 ) ) ;
#5370 = FACE_OUTER_BOUND ( 'NONE', #4776, .T. ) ;
#5371 = CIRCLE ( 'NONE', #2343, 2.024999999999998100 ) ;
#5372 = ORIENTED_EDGE ( 'NONE', *, *, #2963, .F. ) ;
#5373 = LINE ( 'NONE', #5110, #2773 ) ;
#5374 = AXIS2_PLACEMENT_3D ( 'NONE', #2053, #2073, #1634 ) ;
#5375 = CYLINDRICAL_SURFACE ( 'NONE', #1258, 2.024999999999998100 ) ;
#5376 = ORIENTED_EDGE ( 'NONE', *, *, #2448, .T. ) ;
#5377 = ORIENTED_EDGE ( 'NONE', *, *, #5529, .T. ) ;
#5378 = CARTESIAN_POINT ( 'NONE',  ( -1.250000000000001100, 88.00000000000001400, 8.000000000000003600 ) ) ;
#5379 = LINE ( 'NONE', #3472, #892 ) ;
#5380 = AXIS2_PLACEMENT_3D ( 'NONE', #2431, #3256, #3636 ) ;
#5381 = DIRECTION ( 'NONE',  ( 3.652049423109066300E-016, -0.0000000000000000000, -1.000000000000000000 ) ) ;
#5382 = DIRECTION ( 'NONE',  ( -1.826024711554532900E-016, 0.0000000000000000000, 1.000000000000000000 ) ) ;
#5383 = EDGE_CURVE ( 'NONE', #670, #4294, #4007, .T. ) ;
#5384 = VERTEX_POINT ( 'NONE', #677 ) ;
#5385 = EDGE_LOOP ( 'NONE', ( #413, #849 ) ) ;
#5386 = DIRECTION ( 'NONE',  ( -1.826024711554532900E-016, 0.0000000000000000000, 1.000000000000000000 ) ) ;
#5387 = DIRECTION ( 'NONE',  ( -1.000000000000000000, 0.0000000000000000000, 0.0000000000000000000 ) ) ;
#5388 = CARTESIAN_POINT ( 'NONE',  ( 6.749999999999989300, 88.00000000000002800, 16.00000000000000400 ) ) ;
#5389 = DIRECTION ( 'NONE',  ( 0.0000000000000000000, 0.7071067811865463500, 0.7071067811865487900 ) ) ;
#5390 = ORIENTED_EDGE ( 'NONE', *, *, #2928, .T. ) ;
#5391 = ORIENTED_EDGE ( 'NONE', *, *, #2892, .F. ) ;
#5392 = VECTOR ( 'NONE', #4237, 1000.000000000000000 ) ;
#5393 = ORIENTED_EDGE ( 'NONE', *, *, #1740, .T. ) ;
#5394 = DIRECTION ( 'NONE',  ( -1.000000000000000000, 0.0000000000000000000, 0.0000000000000000000 ) ) ;
#5395 = EDGE_CURVE ( 'NONE', #3995, #1266, #4880, .T. ) ;
#5396 = ORIENTED_EDGE ( 'NONE', *, *, #5354, .F. ) ;
#5397 = ORIENTED_EDGE ( 'NONE', *, *, #2341, .T. ) ;
#5398 = DIRECTION ( 'NONE',  ( 1.000000000000000000, -0.0000000000000000000, 0.0000000000000000000 ) ) ;
#5399 = VERTEX_POINT ( 'NONE', #2815 ) ;
#5400 = DIRECTION ( 'NONE',  ( 1.000000000000000000, -0.0000000000000000000, -0.0000000000000000000 ) ) ;
#5401 = CARTESIAN_POINT ( 'NONE',  ( -1.249999999999999800, 33.91717260614131400, 7.053390142335818100 ) ) ;
#5402 = ORIENTED_EDGE ( 'NONE', *, *, #1088, .F. ) ;
#5403 = VERTEX_POINT ( 'NONE', #1131 ) ;
#5404 = CARTESIAN_POINT ( 'NONE',  ( 6.750000000000000900, 32.00000000000000700, -15.99999999999999600 ) ) ;
#5405 = CARTESIAN_POINT ( 'NONE',  ( -46.75000000000000000, 8.485281374238571300, -8.485281374238566000 ) ) ;
#5406 = AXIS2_PLACEMENT_3D ( 'NONE', #2740, #253, #1087 ) ;
#5407 = CARTESIAN_POINT ( 'NONE',  ( 4.724999999999991700, 48.00000000000000700, 16.00000000000000400 ) ) ;
#5408 = FACE_OUTER_BOUND ( 'NONE', #2749, .T. ) ;
#5409 = ORIENTED_EDGE ( 'NONE', *, *, #3457, .T. ) ;
#5410 = CARTESIAN_POINT ( 'NONE',  ( 1.250000000000000200, 64.94660985766420000, -9.917172606141322800 ) ) ;
#5411 = EDGE_LOOP ( 'NONE', ( #246, #3137, #3842, #1054, #1580 ) ) ;
#5412 = DIRECTION ( 'NONE',  ( -1.826024711554532900E-016, 0.0000000000000000000, 1.000000000000000000 ) ) ;
#5413 = DIRECTION ( 'NONE',  ( -1.000000000000000000, 0.0000000000000000000, -0.0000000000000000000 ) ) ;
#5414 = AXIS2_PLACEMENT_3D ( 'NONE', #3279, #1552, #2003 ) ;
#5415 = ORIENTED_EDGE ( 'NONE', *, *, #3427, .T. ) ;
#5416 = EDGE_CURVE ( 'NONE', #5368, #5135, #3678, .T. ) ;
#5417 = VERTEX_POINT ( 'NONE', #291 ) ;
#5418 = DIRECTION ( 'NONE',  ( 1.000000000000000000, -0.0000000000000000000, -0.0000000000000000000 ) ) ;
#5419 = CARTESIAN_POINT ( 'NONE',  ( -1.249999999999999800, 59.31370849898476600, 0.0000000000000000000 ) ) ;
#5420 = EDGE_CURVE ( 'NONE', #803, #784, #3947, .T. ) ;
#5421 = AXIS2_PLACEMENT_3D ( 'NONE', #2418, #5386, #699 ) ;
#5422 = DIRECTION ( 'NONE',  ( 0.0000000000000000000, 0.0000000000000000000, -1.000000000000000000 ) ) ;
#5423 = ORIENTED_EDGE ( 'NONE', *, *, #3939, .T. ) ;
#5424 = DIRECTION ( 'NONE',  ( 1.000000000000000000, -0.0000000000000000000, -0.0000000000000000000 ) ) ;
#5425 = CARTESIAN_POINT ( 'NONE',  ( 1.250000000000000200, 79.99999999999998600, 5.975000000000009400 ) ) ;
#5426 = CARTESIAN_POINT ( 'NONE',  ( 6.749999999999990200, 56.00000000000000700, 13.50000000000000000 ) ) ;
#5427 = DIRECTION ( 'NONE',  ( 1.000000000000000000, -0.0000000000000000000, -0.0000000000000000000 ) ) ;
#5428 = CIRCLE ( 'NONE', #5151, 2.025000000000004400 ) ;
#5429 = CARTESIAN_POINT ( 'NONE',  ( -1.249999999999999800, 14.56810876809723800, 6.568108768097240500 ) ) ;
#5430 = CARTESIAN_POINT ( 'NONE',  ( -1.249999999999999800, 63.51471862576142500, 8.485281374238569500 ) ) ;
#5431 = VECTOR ( 'NONE', #1138, 1000.000000000000000 ) ;
#5432 = FACE_OUTER_BOUND ( 'NONE', #323, .T. ) ;
#5433 = EDGE_CURVE ( 'NONE', #593, #5080, #5065, .T. ) ;
#5434 = VECTOR ( 'NONE', #4770, 1000.000000000000000 ) ;
#5435 = FACE_OUTER_BOUND ( 'NONE', #727, .T. ) ;
#5436 = DIRECTION ( 'NONE',  ( -1.000000000000000000, 0.0000000000000000000, 0.0000000000000000000 ) ) ;
#5437 = AXIS2_PLACEMENT_3D ( 'NONE', #4906, #4484, #5357 ) ;
#5438 = AXIS2_PLACEMENT_3D ( 'NONE', #2472, #689, #731 ) ;
#5439 = DIRECTION ( 'NONE',  ( 3.652049423109066300E-016, -0.0000000000000000000, -1.000000000000000000 ) ) ;
#5440 = EDGE_LOOP ( 'NONE', ( #4853, #600, #1523, #1464 ) ) ;
#5441 = ORIENTED_EDGE ( 'NONE', *, *, #1126, .T. ) ;
#5442 = DIRECTION ( 'NONE',  ( 1.000000000000000000, 0.0000000000000000000, 0.0000000000000000000 ) ) ;
#5443 = CIRCLE ( 'NONE', #101, 2.024999999999997200 ) ;
#5444 = AXIS2_PLACEMENT_3D ( 'NONE', #488, #4802, #5178 ) ;
#5445 = ORIENTED_EDGE ( 'NONE', *, *, #4033, .F. ) ;
#5446 = VERTEX_POINT ( 'NONE', #364 ) ;
#5447 = CARTESIAN_POINT ( 'NONE',  ( 1.250000000000000200, 13.43189123190277600, -13.43189123190275300 ) ) ;
#5448 = FACE_OUTER_BOUND ( 'NONE', #1944, .T. ) ;
#5449 = CARTESIAN_POINT ( 'NONE',  ( 1.250000000000000200, 33.43189123190274600, 6.568108768097250300 ) ) ;
#5450 = VECTOR ( 'NONE', #2930, 1000.000000000000000 ) ;
#5451 = ORIENTED_EDGE ( 'NONE', *, *, #4526, .T. ) ;
#5452 = DIRECTION ( 'NONE',  ( 0.0000000000000000000, 0.0000000000000000000, -1.000000000000000000 ) ) ;
#5453 = VERTEX_POINT ( 'NONE', #1625 ) ;
#5454 = ORIENTED_EDGE ( 'NONE', *, *, #3573, .F. ) ;
#5455 = LINE ( 'NONE', #2718, #4314 ) ;
#5456 = EDGE_CURVE ( 'NONE', #254, #4997, #2873, .T. ) ;
#5457 = CARTESIAN_POINT ( 'NONE',  ( 1.250000000000000200, 8.485281374238571300, -8.485281374238566000 ) ) ;
#5458 = DIRECTION ( 'NONE',  ( -1.826024711554532900E-016, 0.0000000000000000000, 1.000000000000000000 ) ) ;
#5459 = EDGE_CURVE ( 'NONE', #3683, #4527, #4189, .T. ) ;
#5460 = VECTOR ( 'NONE', #3635, 999.9999999999998900 ) ;
#5461 = ORIENTED_EDGE ( 'NONE', *, *, #4972, .F. ) ;
#5462 = PLANE ( 'NONE',  #2993 ) ;
#5463 = VERTEX_POINT ( 'NONE', #3776 ) ;
#5464 = VERTEX_POINT ( 'NONE', #313 ) ;
#5465 = DIRECTION ( 'NONE',  ( 1.000000000000000000, -0.0000000000000000000, -0.0000000000000000000 ) ) ;
#5466 = CARTESIAN_POINT ( 'NONE',  ( -46.75000000000000000, 8.485281374238571300, -10.51028137423856600 ) ) ;
#5467 = CARTESIAN_POINT ( 'NONE',  ( -1.249999999999999800, 35.31370849898475900, -2.024999999999999900 ) ) ;
#5468 = ORIENTED_EDGE ( 'NONE', *, *, #4141, .T. ) ;
#5469 = ORIENTED_EDGE ( 'NONE', *, *, #3670, .F. ) ;
#5470 = EDGE_CURVE ( 'NONE', #3716, #766, #1660, .T. ) ;
#5471 = CALENDAR_DATE ( 2022, 26, 4 ) ;
#5472 = CARTESIAN_POINT ( 'NONE',  ( 1.250000000000000200, 33.91717260614134200, -7.053390142335809200 ) ) ;
#5473 = ORIENTED_EDGE ( 'NONE', *, *, #2246, .F. ) ;
#5474 = VERTEX_POINT ( 'NONE', #2094 ) ;
#5475 = CARTESIAN_POINT ( 'NONE',  ( -1.249999999999999800, 35.31370849898475900, 0.0000000000000000000 ) ) ;
#5476 = DIRECTION ( 'NONE',  ( 1.000000000000000000, -0.0000000000000000000, -0.0000000000000000000 ) ) ;
#5477 = CARTESIAN_POINT ( 'NONE',  ( 1.250000000000000200, 0.0000000000000000000, 2.024999999999999900 ) ) ;
#5478 = ORIENTED_EDGE ( 'NONE', *, *, #3972, .F. ) ;
#5479 = CARTESIAN_POINT ( 'NONE',  ( -1.249999999999999800, 24.00000000000000000, 0.0000000000000000000 ) ) ;
#5480 = EDGE_LOOP ( 'NONE', ( #3797, #4603, #304, #2071 ) ) ;
#5481 = CARTESIAN_POINT ( 'NONE',  ( -1.249999999999999800, 55.05339014233580700, 9.917172606141324600 ) ) ;
#5482 = ORIENTED_EDGE ( 'NONE', *, *, #3415, .F. ) ;
#5483 = AXIS2_PLACEMENT_3D ( 'NONE', #4478, #3618, #3231 ) ;
#5484 = EDGE_CURVE ( 'NONE', #4053, #2918, #2191, .T. ) ;
#5485 = CARTESIAN_POINT ( 'NONE',  ( 1.250000000000000200, 14.56810876809723800, 6.568108768097240500 ) ) ;
#5486 = FACE_BOUND ( 'NONE', #2199, .T. ) ;
#5487 = LINE ( 'NONE', #5447, #4347 ) ;
#5488 = ORIENTED_EDGE ( 'NONE', *, *, #5383, .T. ) ;
#5489 = CARTESIAN_POINT ( 'NONE',  ( -1.249999999999999800, 33.91717260614134200, -7.053390142335809200 ) ) ;
#5490 = DIRECTION ( 'NONE',  ( 0.0000000000000000000, 0.7071067811865505700, -0.7071067811865444600 ) ) ;
#5491 = AXIS2_PLACEMENT_3D ( 'NONE', #3115, #70, #2677 ) ;
#5492 = EDGE_CURVE ( 'NONE', #5384, #4197, #2804, .T. ) ;
#5493 = ORIENTED_EDGE ( 'NONE', *, *, #1533, .F. ) ;
#5494 = CARTESIAN_POINT ( 'NONE',  ( 1.250000000000000200, 40.00000000000000000, 8.000000000000000000 ) ) ;
#5495 = CARTESIAN_POINT ( 'NONE',  ( 4.724999999999991700, 64.00000000000000000, 16.00000000000000400 ) ) ;
#5496 = CARTESIAN_POINT ( 'NONE',  ( 6.749999999999989300, 24.00000000000000700, 16.00000000000000400 ) ) ;
#5497 = LINE ( 'NONE', #3363, #875 ) ;
#5498 = CARTESIAN_POINT ( 'NONE',  ( 10.75000000000002300, 0.0000000000000000000, -1.491862189340059100E-014 ) ) ;
#5499 = DIRECTION ( 'NONE',  ( 1.000000000000000000, -0.0000000000000000000, -0.0000000000000000000 ) ) ;
#5500 = LINE ( 'NONE', #924, #4617 ) ;
#5501 = EDGE_CURVE ( 'NONE', #4197, #4049, #4261, .T. ) ;
#5502 = DIRECTION ( 'NONE',  ( -1.000000000000000000, 0.0000000000000000000, -0.0000000000000000000 ) ) ;
#5503 = FACE_OUTER_BOUND ( 'NONE', #3743, .T. ) ;
#5504 = CARTESIAN_POINT ( 'NONE',  ( -1.249999999999999800, 37.43189123190261800, 13.43189123190273400 ) ) ;
#5505 = CARTESIAN_POINT ( 'NONE',  ( -1.249999999999999800, 33.43189123190276000, -6.568108768097234300 ) ) ;
#5506 = FACE_BOUND ( 'NONE', #2135, .T. ) ;
#5507 = EDGE_LOOP ( 'NONE', ( #2202, #5391, #1564, #559 ) ) ;
#5508 = VECTOR ( 'NONE', #5528, 1000.000000000000000 ) ;
#5509 = FACE_OUTER_BOUND ( 'NONE', #1650, .T. ) ;
#5510 = CARTESIAN_POINT ( 'NONE',  ( -1.249999999999999800, 65.43189123190276700, 9.431891231902762100 ) ) ;
#5511 = CARTESIAN_POINT ( 'NONE',  ( 8.774999999999987900, 40.00000000000000700, 13.50000000000000000 ) ) ;
#5512 = CARTESIAN_POINT ( 'NONE',  ( 1.250000000000000200, 46.56810876809801400, -46.56810876809718300 ) ) ;
#5513 = ORIENTED_EDGE ( 'NONE', *, *, #1161, .T. ) ;
#5514 = ORIENTED_EDGE ( 'NONE', *, *, #4773, .F. ) ;
#5515 = AXIS2_PLACEMENT_3D ( 'NONE', #3423, #3389, #4206 ) ;
#5516 = DIRECTION ( 'NONE',  ( 0.0000000000000000000, 0.0000000000000000000, -1.000000000000000000 ) ) ;
#5517 = LINE ( 'NONE', #3530, #4369 ) ;
#5518 = CARTESIAN_POINT ( 'NONE',  ( -1.249999999999999800, 84.68629150101523400, 0.0000000000000000000 ) ) ;
#5519 = DIRECTION ( 'NONE',  ( -0.0000000000000000000, -1.000000000000000000, -0.0000000000000000000 ) ) ;
#5520 = VERTEX_POINT ( 'NONE', #2532 ) ;
#5521 = CARTESIAN_POINT ( 'NONE',  ( -1.249999999999999800, 81.43189123190275300, -6.568108768097234300 ) ) ;
#5522 = ORIENTED_EDGE ( 'NONE', *, *, #2274, .T. ) ;
#5523 = AXIS2_PLACEMENT_3D ( 'NONE', #1011, #3965, #1396 ) ;
#5524 = DIRECTION ( 'NONE',  ( 3.652049423109066300E-016, 0.0000000000000000000, -1.000000000000000000 ) ) ;
#5525 = EDGE_CURVE ( 'NONE', #2050, #739, #4937, .T. ) ;
#5526 = CIRCLE ( 'NONE', #4150, 2.024999999999998100 ) ;
#5527 = EDGE_LOOP ( 'NONE', ( #3392, #1197, #3526, #1712 ) ) ;
#5528 = DIRECTION ( 'NONE',  ( 1.000000000000000000, -0.0000000000000000000, -0.0000000000000000000 ) ) ;
#5529 = EDGE_CURVE ( 'NONE', #17, #4174, #920, .T. ) ;
#5530 = ORIENTED_EDGE ( 'NONE', *, *, #484, .F. ) ;
#5531 = ORIENTED_EDGE ( 'NONE', *, *, #1488, .T. ) ;
#5532 = PLANE ( 'NONE',  #1376 ) ;
#5533 = EDGE_CURVE ( 'NONE', #4945, #2449, #179, .T. ) ;
#5534 = VECTOR ( 'NONE', #2248, 1000.000000000000000 ) ;
#5535 = FACE_BOUND ( 'NONE', #2688, .T. ) ;
#5536 = ORIENTED_EDGE ( 'NONE', *, *, #4037, .T. ) ;
#5537 = DIRECTION ( 'NONE',  ( 1.000000000000000000, -0.0000000000000000000, 0.0000000000000000000 ) ) ;
#5538 = ORIENTED_EDGE ( 'NONE', *, *, #4959, .F. ) ;
#5539 = DIRECTION ( 'NONE',  ( 0.0000000000000000000, -0.7071067811865513500, 0.7071067811865436900 ) ) ;
#5540 = EDGE_CURVE ( 'NONE', #3550, #4429, #4596, .T. ) ;
#5541 = ORIENTED_EDGE ( 'NONE', *, *, #2607, .F. ) ;
#5542 = ORIENTED_EDGE ( 'NONE', *, *, #4490, .F. ) ;
#5543 = CARTESIAN_POINT ( 'NONE',  ( 1.250000000000000200, 33.91717260614131400, 7.053390142335818100 ) ) ;
#5544 = CARTESIAN_POINT ( 'NONE',  ( -1.249999999999999800, 37.43189123190277500, -13.43189123190275300 ) ) ;
#5545 = ORIENTED_EDGE ( 'NONE', *, *, #292, .F. ) ;
#5546 = ADVANCED_FACE ( 'NONE', ( #5206 ), #4454, .F. ) ;
#5547 = CARTESIAN_POINT ( 'NONE',  ( 4.724999999999991700, 64.00000000000000000, 16.00000000000000400 ) ) ;
#5548 = ORIENTED_EDGE ( 'NONE', *, *, #3359, .T. ) ;
#5549 = DIRECTION ( 'NONE',  ( 0.0000000000000000000, 0.7071067811865436900, 0.7071067811865513500 ) ) ;
#5550 = EDGE_CURVE ( 'NONE', #719, #3120, #452, .T. ) ;
#5551 = DIRECTION ( 'NONE',  ( -1.000000000000000000, -0.0000000000000000000, -0.0000000000000000000 ) ) ;
#5552 = FACE_OUTER_BOUND ( 'NONE', #651, .T. ) ;
#5553 = ORIENTED_EDGE ( 'NONE', *, *, #1749, .T. ) ;
#5554 = ORIENTED_EDGE ( 'NONE', *, *, #1136, .F. ) ;
#5555 = AXIS2_PLACEMENT_3D ( 'NONE', #5426, #3709, #3734 ) ;
#5556 = CARTESIAN_POINT ( 'NONE',  ( 1.250000000000000200, 62.56810876809723300, 6.568108768097240500 ) ) ;
#5557 = CARTESIAN_POINT ( 'NONE',  ( 1.250000000000000200, 31.99999999999999300, 8.000000000000000000 ) ) ;
#5558 = AXIS2_PLACEMENT_3D ( 'NONE', #1958, #4936, #3673 ) ;
#5559 = PERSON_AND_ORGANIZATION_ROLE ( 'creator' ) ;
#5560 = ORIENTED_EDGE ( 'NONE', *, *, #4899, .F. ) ;
#5561 = DIRECTION ( 'NONE',  ( -1.000000000000000000, 0.0000000000000000000, 0.0000000000000000000 ) ) ;
#5562 = FACE_BOUND ( 'NONE', #848, .T. ) ;
#5563 = DIRECTION ( 'NONE',  ( -1.000000000000000000, 0.0000000000000000000, 1.826024711554532900E-016 ) ) ;
#5564 = AXIS2_PLACEMENT_3D ( 'NONE', #1164, #2461, #2888 ) ;
#5565 = ORIENTED_EDGE ( 'NONE', *, *, #3322, .F. ) ;
#5566 = AXIS2_PLACEMENT_3D ( 'NONE', #4013, #2763, #5337 ) ;
#5567 = DIRECTION ( 'NONE',  ( -1.000000000000000000, 0.0000000000000000000, -1.826024711554532900E-016 ) ) ;
#5568 = DIRECTION ( 'NONE',  ( 0.0000000000000000000, 0.0000000000000000000, -1.000000000000000000 ) ) ;
#5569 = CYLINDRICAL_SURFACE ( 'NONE', #2014, 2.024999999999998100 ) ;
#5570 = CARTESIAN_POINT ( 'NONE',  ( 4.724999999999991700, 48.00000000000000700, 16.00000000000000400 ) ) ;
#5571 = DIRECTION ( 'NONE',  ( 1.000000000000000000, -0.0000000000000000000, 0.0000000000000000000 ) ) ;
#5572 = EDGE_CURVE ( 'NONE', #1398, #4989, #3875, .T. ) ;
#5573 = EDGE_CURVE ( 'NONE', #2542, #3171, #1592, .T. ) ;
#5574 = FACE_OUTER_BOUND ( 'NONE', #4782, .T. ) ;
#5575 = DIRECTION ( 'NONE',  ( 1.000000000000000000, 0.0000000000000000000, 0.0000000000000000000 ) ) ;
#5576 = CARTESIAN_POINT ( 'NONE',  ( 6.749999999999990200, 16.00000000000000700, 13.50000000000000000 ) ) ;
#5577 = ADVANCED_FACE ( 'NONE', ( #3940 ), #3817, .F. ) ;
#5578 = CYLINDRICAL_SURFACE ( 'NONE', #4969, 2.025000000000000800 ) ;
#5579 = VECTOR ( 'NONE', #907, 1000.000000000000000 ) ;
ENDSEC;
END-ISO-10303-21;
