ISO-10303-21;
HEADER;
FILE_DESCRIPTION (( 'STEP AP203' ),
    '1' );
FILE_NAME ('1143-0007-0192.STEP',
    '2022-04-26T17:07:03',
    ( '' ),
    ( '' ),
    'SwSTEP 2.0',
    'SolidWorks 2016',
    '' );
FILE_SCHEMA (( 'CONFIG_CONTROL_DESIGN' ));
ENDSEC;

DATA;
#1 = EDGE_CURVE ( 'NONE', #8896, #1623, #5132, .T. ) ;
#2 = AXIS2_PLACEMENT_3D ( 'NONE', #3103, #5835, #2485 ) ;
#3 = CARTESIAN_POINT ( 'NONE',  ( 4.725000000000003200, 40.00000000000000700, -15.99999999999999600 ) ) ;
#4 = ADVANCED_FACE ( 'NONE', ( #2866 ), #4607, .F. ) ;
#5 = VECTOR ( 'NONE', #2142, 1000.000000000000000 ) ;
#6 = CARTESIAN_POINT ( 'NONE',  ( 1.250000000000000200, 133.4318912319028000, -13.43189123190274400 ) ) ;
#7 = ORIENTED_EDGE ( 'NONE', *, *, #7325, .T. ) ;
#8 = EDGE_CURVE ( 'NONE', #2238, #5386, #2577, .T. ) ;
#9 = VERTEX_POINT ( 'NONE', #2335 ) ;
#10 = ORIENTED_EDGE ( 'NONE', *, *, #9284, .F. ) ;
#11 = CARTESIAN_POINT ( 'NONE',  ( 1.250000000000000200, 168.0000000000000000, 0.0000000000000000000 ) ) ;
#12 = FACE_OUTER_BOUND ( 'NONE', #1062, .T. ) ;
#13 = DIRECTION ( 'NONE',  ( 1.000000000000000000, -0.0000000000000000000, 0.0000000000000000000 ) ) ;
#14 = LINE ( 'NONE', #9655, #2014 ) ;
#15 = ADVANCED_FACE ( 'NONE', ( #9353 ), #9101, .F. ) ;
#16 = EDGE_CURVE ( 'NONE', #4589, #5275, #344, .T. ) ;
#17 = ORIENTED_EDGE ( 'NONE', *, *, #5619, .F. ) ;
#18 = AXIS2_PLACEMENT_3D ( 'NONE', #3873, #4712, #3095 ) ;
#19 = CARTESIAN_POINT ( 'NONE',  ( -1.249999999999999800, 31.99999999999999300, 8.000000000000000000 ) ) ;
#20 = DIRECTION ( 'NONE',  ( 1.000000000000000000, -0.0000000000000000000, 0.0000000000000000000 ) ) ;
#21 = ORIENTED_EDGE ( 'NONE', *, *, #67, .T. ) ;
#22 = VECTOR ( 'NONE', #4239, 1000.000000000000000 ) ;
#23 = ORIENTED_EDGE ( 'NONE', *, *, #8160, .F. ) ;
#24 = LINE ( 'NONE', #6913, #2155 ) ;
#25 = DIRECTION ( 'NONE',  ( 3.652049423109066300E-016, 0.0000000000000000000, -1.000000000000000000 ) ) ;
#26 = LINE ( 'NONE', #5338, #4277 ) ;
#27 = ORIENTED_EDGE ( 'NONE', *, *, #2487, .T. ) ;
#28 = ORIENTED_EDGE ( 'NONE', *, *, #9814, .F. ) ;
#29 = ORIENTED_EDGE ( 'NONE', *, *, #5083, .F. ) ;
#30 = ORIENTED_EDGE ( 'NONE', *, *, #4806, .T. ) ;
#31 = CARTESIAN_POINT ( 'NONE',  ( -1.249999999999999800, 176.0000000000000300, -7.999999999999994700 ) ) ;
#32 = ORIENTED_EDGE ( 'NONE', *, *, #1270, .T. ) ;
#33 = FACE_OUTER_BOUND ( 'NONE', #10492, .T. ) ;
#34 = CARTESIAN_POINT ( 'NONE',  ( 1.250000000000000200, 183.5147186257614500, 8.485281374238590900 ) ) ;
#35 = CARTESIAN_POINT ( 'NONE',  ( 6.749999999999989300, 120.0000000000000300, 16.00000000000000400 ) ) ;
#36 = CARTESIAN_POINT ( 'NONE',  ( 1.250000000000000200, 0.0000000000000000000, -0.0000000000000000000 ) ) ;
#37 = CARTESIAN_POINT ( 'NONE',  ( 6.749999999999990200, 56.00000000000000700, 13.50000000000000000 ) ) ;
#38 = LINE ( 'NONE', #10306, #3224 ) ;
#39 = CARTESIAN_POINT ( 'NONE',  ( 1.250000000000000200, 105.4318912319027700, -6.568108768097234300 ) ) ;
#40 = ORIENTED_EDGE ( 'NONE', *, *, #6720, .F. ) ;
#41 = VERTEX_POINT ( 'NONE', #2517 ) ;
#42 = DIRECTION ( 'NONE',  ( 1.000000000000000000, -0.0000000000000000000, -0.0000000000000000000 ) ) ;
#43 = ORIENTED_EDGE ( 'NONE', *, *, #6944, .T. ) ;
#44 = CARTESIAN_POINT ( 'NONE',  ( 4.725000000000001400, 8.000000000000007100, -13.50000000000000200 ) ) ;
#45 = ORIENTED_EDGE ( 'NONE', *, *, #1545, .T. ) ;
#46 = CYLINDRICAL_SURFACE ( 'NONE', #2767, 2.024999999999998100 ) ;
#47 = AXIS2_PLACEMENT_3D ( 'NONE', #3510, #1026, #10433 ) ;
#48 = DIRECTION ( 'NONE',  ( 3.652049423109066300E-016, 0.0000000000000000000, -1.000000000000000000 ) ) ;
#49 = DIRECTION ( 'NONE',  ( 0.0000000000000000000, 0.0000000000000000000, -1.000000000000000000 ) ) ;
#50 = DIRECTION ( 'NONE',  ( 0.0000000000000000000, 0.0000000000000000000, -1.000000000000000000 ) ) ;
#51 = VECTOR ( 'NONE', #7558, 999.9999999999998900 ) ;
#52 = ORIENTED_EDGE ( 'NONE', *, *, #7701, .F. ) ;
#53 = ORIENTED_EDGE ( 'NONE', *, *, #2578, .F. ) ;
#54 = EDGE_CURVE ( 'NONE', #862, #3763, #4866, .T. ) ;
#55 = VERTEX_POINT ( 'NONE', #6758 ) ;
#56 = EDGE_CURVE ( 'NONE', #2628, #2591, #8963, .T. ) ;
#57 = CIRCLE ( 'NONE', #3148, 2.025000000000004400 ) ;
#58 = ADVANCED_FACE ( 'NONE', ( #4031 ), #10006, .F. ) ;
#59 = VECTOR ( 'NONE', #8745, 1000.000000000000000 ) ;
#60 = EDGE_LOOP ( 'NONE', ( #682, #744, #537, #10758 ) ) ;
#61 = DIRECTION ( 'NONE',  ( 1.000000000000000000, -0.0000000000000000000, -0.0000000000000000000 ) ) ;
#62 = CARTESIAN_POINT ( 'NONE',  ( 8.774999999999987900, 48.00000000000000700, 13.50000000000000000 ) ) ;
#63 = DIRECTION ( 'NONE',  ( 0.0000000000000000000, -0.7071067811865500200, 0.7071067811865450200 ) ) ;
#64 = DIRECTION ( 'NONE',  ( 0.0000000000000000000, 0.0000000000000000000, -1.000000000000000000 ) ) ;
#65 = EDGE_LOOP ( 'NONE', ( #1913, #4167 ) ) ;
#66 = EDGE_LOOP ( 'NONE', ( #10262, #3166, #3863, #8967, #6663 ) ) ;
#67 = EDGE_CURVE ( 'NONE', #9205, #2239, #2983, .T. ) ;
#68 = VERTEX_POINT ( 'NONE', #5929 ) ;
#69 = AXIS2_PLACEMENT_3D ( 'NONE', #2535, #10116, #3364 ) ;
#70 = CIRCLE ( 'NONE', #2947, 2.024999999999997200 ) ;
#71 = AXIS2_PLACEMENT_3D ( 'NONE', #7659, #5957, #3365 ) ;
#72 = CYLINDRICAL_SURFACE ( 'NONE', #2094, 2.025000000000000800 ) ;
#73 = ADVANCED_FACE ( 'NONE', ( #6601 ), #46, .F. ) ;
#74 = EDGE_CURVE ( 'NONE', #6849, #9472, #10561, .T. ) ;
#75 = CARTESIAN_POINT ( 'NONE',  ( -1.249999999999999800, 106.5681087680972200, -10.56810876809725700 ) ) ;
#76 = DIRECTION ( 'NONE',  ( 0.0000000000000000000, 0.7071067811865505700, -0.7071067811865444600 ) ) ;
#77 = CARTESIAN_POINT ( 'NONE',  ( -1.249999999999999800, 109.4318912319028000, -13.43189123190274400 ) ) ;
#78 = ORIENTED_EDGE ( 'NONE', *, *, #4886, .F. ) ;
#79 = ORIENTED_EDGE ( 'NONE', *, *, #9939, .F. ) ;
#80 = DIRECTION ( 'NONE',  ( 1.000000000000000000, -0.0000000000000000000, 0.0000000000000000000 ) ) ;
#81 = FACE_OUTER_BOUND ( 'NONE', #9742, .T. ) ;
#82 = DIRECTION ( 'NONE',  ( -1.000000000000000000, 0.0000000000000000000, -0.0000000000000000000 ) ) ;
#83 = CYLINDRICAL_SURFACE ( 'NONE', #8489, 2.025000000000002600 ) ;
#84 = EDGE_CURVE ( 'NONE', #1392, #7343, #9622, .T. ) ;
#85 = CARTESIAN_POINT ( 'NONE',  ( -1.249999999999999800, 10.56810876809729600, -10.56810876809726100 ) ) ;
#86 = CARTESIAN_POINT ( 'NONE',  ( -1.249999999999999800, 32.48528137423857500, -8.485281374238564200 ) ) ;
#87 = AXIS2_PLACEMENT_3D ( 'NONE', #9478, #1018, #4402 ) ;
#88 = CARTESIAN_POINT ( 'NONE',  ( 6.749999999999989300, 40.00000000000000700, 16.00000000000000400 ) ) ;
#89 = VERTEX_POINT ( 'NONE', #10055 ) ;
#90 = EDGE_LOOP ( 'NONE', ( #259, #827 ) ) ;
#91 = CARTESIAN_POINT ( 'NONE',  ( 1.250000000000000200, 111.5147186257614500, -8.485281374238566000 ) ) ;
#92 = VECTOR ( 'NONE', #8819, 1000.000000000000000 ) ;
#93 = DIRECTION ( 'NONE',  ( 1.000000000000000000, -0.0000000000000000000, -0.0000000000000000000 ) ) ;
#94 = FACE_OUTER_BOUND ( 'NONE', #7419, .T. ) ;
#95 = EDGE_CURVE ( 'NONE', #448, #755, #6472, .T. ) ;
#96 = CARTESIAN_POINT ( 'NONE',  ( 6.749999999999989300, 8.000000000000007100, 16.00000000000000400 ) ) ;
#97 = DIRECTION ( 'NONE',  ( -1.826024711554532900E-016, 0.0000000000000000000, 1.000000000000000000 ) ) ;
#98 = ORIENTED_EDGE ( 'NONE', *, *, #8413, .F. ) ;
#99 = ORIENTED_EDGE ( 'NONE', *, *, #2218, .F. ) ;
#100 = EDGE_CURVE ( 'NONE', #7370, #3673, #7392, .T. ) ;
#101 = CARTESIAN_POINT ( 'NONE',  ( 1.250000000000000200, 15.51471862576143000, 8.485281374238569500 ) ) ;
#102 = CARTESIAN_POINT ( 'NONE',  ( 1.250000000000000200, 132.6862915010152300, 2.024999999999999900 ) ) ;
#103 = VECTOR ( 'NONE', #4651, 1000.000000000000000 ) ;
#104 = CARTESIAN_POINT ( 'NONE',  ( -1.249999999999999800, 57.43189123190276000, -6.568108768097234300 ) ) ;
#105 = CIRCLE ( 'NONE', #1704, 6.999999999999999100 ) ;
#106 = CARTESIAN_POINT ( 'NONE',  ( -1.249999999999999800, 112.9466098576642100, -9.917172606141322800 ) ) ;
#107 = ORIENTED_EDGE ( 'NONE', *, *, #8775, .F. ) ;
#108 = ORIENTED_EDGE ( 'NONE', *, *, #3999, .T. ) ;
#109 = DIRECTION ( 'NONE',  ( 0.0000000000000000000, 0.0000000000000000000, -1.000000000000000000 ) ) ;
#110 = DIRECTION ( 'NONE',  ( 0.0000000000000000000, -0.7071067811865487900, -0.7071067811865463500 ) ) ;
#111 = LINE ( 'NONE', #3077, #8495 ) ;
#112 = DIRECTION ( 'NONE',  ( 1.000000000000000000, -0.0000000000000000000, -0.0000000000000000000 ) ) ;
#113 = LINE ( 'NONE', #5513, #6536 ) ;
#114 = ADVANCED_FACE ( 'NONE', ( #9217 ), #8701, .F. ) ;
#115 = DIRECTION ( 'NONE',  ( 1.000000000000000000, -0.0000000000000000000, -0.0000000000000000000 ) ) ;
#116 = ORIENTED_EDGE ( 'NONE', *, *, #4990, .F. ) ;
#117 = VERTEX_POINT ( 'NONE', #2442 ) ;
#118 = EDGE_CURVE ( 'NONE', #4568, #6372, #335, .T. ) ;
#119 = CIRCLE ( 'NONE', #9161, 2.024999999999990100 ) ;
#120 = CARTESIAN_POINT ( 'NONE',  ( -1.249999999999999800, 96.00000000000000000, -6.999999999999999100 ) ) ;
#121 = CIRCLE ( 'NONE', #3961, 2.024999999999997200 ) ;
#122 = DIRECTION ( 'NONE',  ( 1.000000000000000000, -0.0000000000000000000, -0.0000000000000000000 ) ) ;
#123 = EDGE_CURVE ( 'NONE', #8332, #1824, #5127, .T. ) ;
#124 = DIRECTION ( 'NONE',  ( 3.652049423109066300E-016, -0.0000000000000000000, -1.000000000000000000 ) ) ;
#125 = DIRECTION ( 'NONE',  ( 0.0000000000000000000, 0.0000000000000000000, -1.000000000000000000 ) ) ;
#126 = CIRCLE ( 'NONE', #9321, 2.024999999999997200 ) ;
#127 = ADVANCED_FACE ( 'NONE', ( #2857 ), #9345, .F. ) ;
#128 = PLANE ( 'NONE',  #6371 ) ;
#129 = EDGE_LOOP ( 'NONE', ( #7440, #1319, #7389, #3741 ) ) ;
#130 = VERTEX_POINT ( 'NONE', #3490 ) ;
#131 = DIRECTION ( 'NONE',  ( 0.0000000000000000000, 0.0000000000000000000, -1.000000000000000000 ) ) ;
#132 = LINE ( 'NONE', #2558, #9285 ) ;
#133 = CARTESIAN_POINT ( 'NONE',  ( 6.749999999999989300, 104.0000000000000100, 16.00000000000000400 ) ) ;
#134 = CARTESIAN_POINT ( 'NONE',  ( 6.750000000000000000, 8.000000000000007100, -13.50000000000000200 ) ) ;
#135 = LINE ( 'NONE', #9626, #6428 ) ;
#136 = EDGE_CURVE ( 'NONE', #3548, #2034, #5542, .T. ) ;
#137 = CYLINDRICAL_SURFACE ( 'NONE', #9692, 2.024999999999998100 ) ;
#138 = DIRECTION ( 'NONE',  ( 0.0000000000000000000, 0.0000000000000000000, -1.000000000000000000 ) ) ;
#139 = AXIS2_PLACEMENT_3D ( 'NONE', #1501, #10109, #2384 ) ;
#140 = ORIENTED_EDGE ( 'NONE', *, *, #6387, .T. ) ;
#141 = DIRECTION ( 'NONE',  ( 1.000000000000000000, -0.0000000000000000000, -0.0000000000000000000 ) ) ;
#142 = EDGE_CURVE ( 'NONE', #8736, #1852, #2049, .T. ) ;
#143 = DIRECTION ( 'NONE',  ( 0.0000000000000000000, 0.0000000000000000000, -1.000000000000000000 ) ) ;
#144 = ORIENTED_EDGE ( 'NONE', *, *, #6602, .F. ) ;
#145 = ORIENTED_EDGE ( 'NONE', *, *, #1426, .T. ) ;
#146 = CARTESIAN_POINT ( 'NONE',  ( 6.749999999999990200, 176.0000000000000300, 13.50000000000000000 ) ) ;
#147 = CIRCLE ( 'NONE', #1602, 2.024999999999999000 ) ;
#148 = VECTOR ( 'NONE', #4218, 1000.000000000000000 ) ;
#149 = VERTEX_POINT ( 'NONE', #2671 ) ;
#150 = CARTESIAN_POINT ( 'NONE',  ( 1.250000000000000200, 105.9171726061413200, 7.053390142335818100 ) ) ;
#151 = EDGE_CURVE ( 'NONE', #975, #8556, #1505, .T. ) ;
#152 = AXIS2_PLACEMENT_3D ( 'NONE', #1904, #4396, #10336 ) ;
#153 = CARTESIAN_POINT ( 'NONE',  ( -1.249999999999999800, 83.31370849898475200, -2.024999999999999900 ) ) ;
#154 = VERTEX_POINT ( 'NONE', #7709 ) ;
#155 = ORIENTED_EDGE ( 'NONE', *, *, #7719, .T. ) ;
#156 = AXIS2_PLACEMENT_3D ( 'NONE', #6445, #5554, #1282 ) ;
#157 = FACE_BOUND ( 'NONE', #1905, .T. ) ;
#158 = CARTESIAN_POINT ( 'NONE',  ( -46.75000000000000000, 7.053390142335809200, 9.917172606141322800 ) ) ;
#159 = EDGE_LOOP ( 'NONE', ( #10818, #10217, #1456, #1569 ) ) ;
#160 = DIRECTION ( 'NONE',  ( -1.000000000000000000, 0.0000000000000000000, -0.0000000000000000000 ) ) ;
#161 = CIRCLE ( 'NONE', #71, 6.999999999999999100 ) ;
#162 = CARTESIAN_POINT ( 'NONE',  ( -1.249999999999999800, 33.43189123190274600, 6.568108768097250300 ) ) ;
#163 = DIRECTION ( 'NONE',  ( 1.000000000000000000, -0.0000000000000000000, -0.0000000000000000000 ) ) ;
#164 = ORIENTED_EDGE ( 'NONE', *, *, #7701, .T. ) ;
#165 = DIRECTION ( 'NONE',  ( 3.652049423109066300E-016, -0.0000000000000000000, -1.000000000000000000 ) ) ;
#166 = CARTESIAN_POINT ( 'NONE',  ( -1.249999999999999800, 80.48528137423858200, -8.485281374238564200 ) ) ;
#167 = ORIENTED_EDGE ( 'NONE', *, *, #6979, .F. ) ;
#168 = ORIENTED_EDGE ( 'NONE', *, *, #3707, .F. ) ;
#169 = ORIENTED_EDGE ( 'NONE', *, *, #6875, .F. ) ;
#170 = CARTESIAN_POINT ( 'NONE',  ( 6.749999999999989300, 40.00000000000000700, 16.00000000000000400 ) ) ;
#171 = DIRECTION ( 'NONE',  ( 0.0000000000000000000, 0.0000000000000000000, -1.000000000000000000 ) ) ;
#172 = FACE_BOUND ( 'NONE', #7289, .T. ) ;
#173 = EDGE_CURVE ( 'NONE', #2434, #9917, #8836, .T. ) ;
#174 = DIRECTION ( 'NONE',  ( -0.0000000000000000000, 0.7071067811865500200, 0.7071067811865450200 ) ) ;
#175 = CIRCLE ( 'NONE', #4924, 2.025000000000002600 ) ;
#176 = AXIS2_PLACEMENT_3D ( 'NONE', #2972, #8845, #6276 ) ;
#177 = CARTESIAN_POINT ( 'NONE',  ( -1.249999999999999800, 39.51471862576143900, -10.51028137423856600 ) ) ;
#178 = CARTESIAN_POINT ( 'NONE',  ( 1.250000000000000200, 176.4852813742385800, 8.485281374238569500 ) ) ;
#179 = EDGE_LOOP ( 'NONE', ( #8107, #6455, #10950, #3899 ) ) ;
#180 = ORIENTED_EDGE ( 'NONE', *, *, #4716, .F. ) ;
#181 = ORIENTED_EDGE ( 'NONE', *, *, #3073, .F. ) ;
#182 = DIRECTION ( 'NONE',  ( 1.000000000000000000, -0.0000000000000000000, -0.0000000000000000000 ) ) ;
#183 = ORIENTED_EDGE ( 'NONE', *, *, #6863, .F. ) ;
#184 = LINE ( 'NONE', #9569, #710 ) ;
#185 = DIRECTION ( 'NONE',  ( 1.000000000000000000, -0.0000000000000000000, -0.0000000000000000000 ) ) ;
#186 = DIRECTION ( 'NONE',  ( -1.000000000000000000, 0.0000000000000000000, 0.0000000000000000000 ) ) ;
#187 = ORIENTED_EDGE ( 'NONE', *, *, #231, .F. ) ;
#188 = ORIENTED_EDGE ( 'NONE', *, *, #10096, .F. ) ;
#189 = ADVANCED_FACE ( 'NONE', ( #7141 ), #7784, .F. ) ;
#190 = DIRECTION ( 'NONE',  ( 1.000000000000000000, -0.0000000000000000000, 0.0000000000000000000 ) ) ;
#191 = DIRECTION ( 'NONE',  ( -1.000000000000000000, 0.0000000000000000000, 0.0000000000000000000 ) ) ;
#192 = ORIENTED_EDGE ( 'NONE', *, *, #2533, .F. ) ;
#193 = CARTESIAN_POINT ( 'NONE',  ( -1.249999999999999800, 35.31370849898475900, 2.024999999999999900 ) ) ;
#194 = EDGE_CURVE ( 'NONE', #5086, #8319, #2566, .T. ) ;
#195 = DIRECTION ( 'NONE',  ( 1.000000000000000000, -0.0000000000000000000, -0.0000000000000000000 ) ) ;
#196 = FACE_OUTER_BOUND ( 'NONE', #3425, .T. ) ;
#197 = EDGE_LOOP ( 'NONE', ( #2493, #3496, #8016, #7384 ) ) ;
#198 = CARTESIAN_POINT ( 'NONE',  ( 1.250000000000000200, 56.48528137423857500, -8.485281374238564200 ) ) ;
#199 = ORIENTED_EDGE ( 'NONE', *, *, #4369, .F. ) ;
#200 = CARTESIAN_POINT ( 'NONE',  ( -1.249999999999999800, 81.43189123190275300, -6.568108768097234300 ) ) ;
#201 = AXIS2_PLACEMENT_3D ( 'NONE', #3936, #665, #2219 ) ;
#202 = CARTESIAN_POINT ( 'NONE',  ( -1.249999999999999800, 154.5681087680972300, -10.56810876809725700 ) ) ;
#203 = CARTESIAN_POINT ( 'NONE',  ( 1.250000000000000200, 128.4852813742385500, 8.485281374238569500 ) ) ;
#204 = ORIENTED_EDGE ( 'NONE', *, *, #10632, .T. ) ;
#205 = CARTESIAN_POINT ( 'NONE',  ( -1.249999999999999800, 79.99999999999998600, 8.000000000000000000 ) ) ;
#206 = DIRECTION ( 'NONE',  ( -1.826024711554532900E-016, 0.0000000000000000000, 1.000000000000000000 ) ) ;
#207 = VECTOR ( 'NONE', #2910, 1000.000000000000000 ) ;
#208 = ORIENTED_EDGE ( 'NONE', *, *, #4500, .F. ) ;
#209 = LINE ( 'NONE', #9075, #10307 ) ;
#210 = DIRECTION ( 'NONE',  ( 0.0000000000000000000, 0.0000000000000000000, -1.000000000000000000 ) ) ;
#211 = AXIS2_PLACEMENT_3D ( 'NONE', #1949, #6184, #3541 ) ;
#212 = EDGE_CURVE ( 'NONE', #4165, #8430, #9094, .T. ) ;
#213 = ORIENTED_EDGE ( 'NONE', *, *, #3426, .F. ) ;
#214 = PLANE ( 'NONE',  #7578 ) ;
#215 = ORIENTED_EDGE ( 'NONE', *, *, #1363, .F. ) ;
#216 = VECTOR ( 'NONE', #9468, 1000.000000000000000 ) ;
#217 = APPLICATION_PROTOCOL_DEFINITION ( 'international standard', 'config_control_design', 1994, #1182 ) ;
#218 = DIRECTION ( 'NONE',  ( 1.000000000000000000, -0.0000000000000000000, 0.0000000000000000000 ) ) ;
#219 = CYLINDRICAL_SURFACE ( 'NONE', #8574, 2.025000000000000800 ) ;
#220 = DIRECTION ( 'NONE',  ( 0.0000000000000000000, 0.0000000000000000000, -1.000000000000000000 ) ) ;
#221 = CARTESIAN_POINT ( 'NONE',  ( 6.749999999999989300, 16.00000000000000700, 16.00000000000000400 ) ) ;
#222 = EDGE_CURVE ( 'NONE', #6923, #7501, #3233, .T. ) ;
#223 = AXIS2_PLACEMENT_3D ( 'NONE', #2065, #1179, #10504 ) ;
#224 = ORIENTED_EDGE ( 'NONE', *, *, #3923, .T. ) ;
#225 = ORIENTED_EDGE ( 'NONE', *, *, #10096, .T. ) ;
#226 = AXIS2_PLACEMENT_3D ( 'NONE', #4249, #908, #1760 ) ;
#227 = DIRECTION ( 'NONE',  ( 3.652049423109066300E-016, -0.0000000000000000000, -1.000000000000000000 ) ) ;
#228 = DIRECTION ( 'NONE',  ( 1.000000000000000000, -0.0000000000000000000, -0.0000000000000000000 ) ) ;
#229 = CIRCLE ( 'NONE', #8768, 2.025000000000000800 ) ;
#230 = CARTESIAN_POINT ( 'NONE',  ( 1.250000000000000200, 11.31370849898475900, 2.024999999999999900 ) ) ;
#231 = EDGE_CURVE ( 'NONE', #4492, #8168, #4151, .T. ) ;
#232 = DIRECTION ( 'NONE',  ( 3.652049423109066300E-016, -0.0000000000000000000, -1.000000000000000000 ) ) ;
#233 = CARTESIAN_POINT ( 'NONE',  ( -1.249999999999999800, 152.4852813742385500, -8.485281374238564200 ) ) ;
#234 = LINE ( 'NONE', #1950, #2613 ) ;
#235 = DIRECTION ( 'NONE',  ( 1.000000000000000000, -0.0000000000000000000, -0.0000000000000000000 ) ) ;
#236 = VERTEX_POINT ( 'NONE', #2631 ) ;
#237 = CARTESIAN_POINT ( 'NONE',  ( 6.749999999999989300, 168.0000000000000000, 16.00000000000000400 ) ) ;
#238 = CYLINDRICAL_SURFACE ( 'NONE', #10322, 2.024999999999998100 ) ;
#239 = EDGE_CURVE ( 'NONE', #4808, #2096, #5270, .T. ) ;
#240 = PRODUCT_RELATED_PRODUCT_CATEGORY ( 'detail', '', ( #1914 ) ) ;
#241 = CARTESIAN_POINT ( 'NONE',  ( 8.774999999999987900, 152.0000000000000300, 16.00000000000000400 ) ) ;
#242 = LINE ( 'NONE', #6872, #10191 ) ;
#243 = CARTESIAN_POINT ( 'NONE',  ( 4.725000000000003200, 128.0000000000000000, -15.99999999999999600 ) ) ;
#244 = AXIS2_PLACEMENT_3D ( 'NONE', #6868, #2595, #8546 ) ;
#245 = DIRECTION ( 'NONE',  ( 1.000000000000000000, -0.0000000000000000000, -0.0000000000000000000 ) ) ;
#246 = DIRECTION ( 'NONE',  ( 1.000000000000000000, 0.0000000000000000000, 0.0000000000000000000 ) ) ;
#247 = VERTEX_POINT ( 'NONE', #9386 ) ;
#248 = CARTESIAN_POINT ( 'NONE',  ( 1.250000000000000200, 32.48528137423856100, 8.485281374238569500 ) ) ;
#250 = ADVANCED_FACE ( 'NONE', ( #4598 ), #1906, .F. ) ;
#249 = EDGE_LOOP ( 'NONE', ( #10051, #2997, #2576, #4605 ) ) ;
#251 = CARTESIAN_POINT ( 'NONE',  ( 8.774999999999998600, 120.0000000000000300, -13.50000000000000200 ) ) ;
#252 = CYLINDRICAL_SURFACE ( 'NONE', #6001, 2.024999999999998100 ) ;
#253 = EDGE_CURVE ( 'NONE', #8820, #10689, #184, .T. ) ;
#254 = CARTESIAN_POINT ( 'NONE',  ( 6.749999999999989300, 80.00000000000001400, 16.00000000000000400 ) ) ;
#255 = DIRECTION ( 'NONE',  ( 0.0000000000000000000, 0.0000000000000000000, -1.000000000000000000 ) ) ;
#256 = CARTESIAN_POINT ( 'NONE',  ( 4.724999999999991700, 56.00000000000000700, 16.00000000000000400 ) ) ;
#257 = LINE ( 'NONE', #10871, #3163 ) ;
#258 = EDGE_CURVE ( 'NONE', #1325, #4625, #4980, .T. ) ;
#259 = ORIENTED_EDGE ( 'NONE', *, *, #6097, .T. ) ;
#260 = ORIENTED_EDGE ( 'NONE', *, *, #2836, .F. ) ;
#261 = CARTESIAN_POINT ( 'NONE',  ( -1.249999999999999800, 130.5681087680972000, -10.56810876809725700 ) ) ;
#262 = CIRCLE ( 'NONE', #2339, 2.024999999999998100 ) ;
#263 = CARTESIAN_POINT ( 'NONE',  ( 1.250000000000000200, 134.5681087680972300, 6.568108768097240500 ) ) ;
#264 = CIRCLE ( 'NONE', #8517, 2.024999999999997200 ) ;
#265 = DIRECTION ( 'NONE',  ( 0.0000000000000000000, 0.0000000000000000000, -1.000000000000000000 ) ) ;
#266 = DIRECTION ( 'NONE',  ( -1.000000000000000000, 0.0000000000000000000, 0.0000000000000000000 ) ) ;
#267 = ORIENTED_EDGE ( 'NONE', *, *, #2634, .T. ) ;
#268 = DIRECTION ( 'NONE',  ( 1.000000000000000000, -0.0000000000000000000, 0.0000000000000000000 ) ) ;
#269 = ORIENTED_EDGE ( 'NONE', *, *, #1028, .F. ) ;
#270 = FACE_BOUND ( 'NONE', #328, .T. ) ;
#271 = DIRECTION ( 'NONE',  ( 0.0000000000000000000, 0.0000000000000000000, -1.000000000000000000 ) ) ;
#272 = ORIENTED_EDGE ( 'NONE', *, *, #3155, .T. ) ;
#273 = AXIS2_PLACEMENT_3D ( 'NONE', #7711, #5318, #1009 ) ;
#274 = FACE_OUTER_BOUND ( 'NONE', #10315, .T. ) ;
#275 = CARTESIAN_POINT ( 'NONE',  ( -1.249999999999999800, 31.99999999999999300, 8.000000000000000000 ) ) ;
#276 = VECTOR ( 'NONE', #2709, 1000.000000000000000 ) ;
#277 = CARTESIAN_POINT ( 'NONE',  ( -1.249999999999999800, 152.4852813742385500, -8.485281374238564200 ) ) ;
#278 = EDGE_LOOP ( 'NONE', ( #2705, #10061 ) ) ;
#279 = EDGE_CURVE ( 'NONE', #1930, #9356, #10809, .T. ) ;
#280 = VERTEX_POINT ( 'NONE', #10571 ) ;
#281 = DIRECTION ( 'NONE',  ( -1.000000000000000000, 0.0000000000000000000, 0.0000000000000000000 ) ) ;
#282 = ORIENTED_EDGE ( 'NONE', *, *, #5164, .T. ) ;
#283 = DIRECTION ( 'NONE',  ( 1.000000000000000000, -0.0000000000000000000, -0.0000000000000000000 ) ) ;
#284 = VECTOR ( 'NONE', #9886, 1000.000000000000100 ) ;
#285 = EDGE_CURVE ( 'NONE', #4095, #3297, #4302, .T. ) ;
#286 = DIRECTION ( 'NONE',  ( -1.000000000000000000, 0.0000000000000000000, 0.0000000000000000000 ) ) ;
#287 = CYLINDRICAL_SURFACE ( 'NONE', #4194, 2.025000000000002600 ) ;
#288 = ORIENTED_EDGE ( 'NONE', *, *, #10611, .T. ) ;
#289 = PLANE ( 'NONE',  #8239 ) ;
#290 = ORIENTED_EDGE ( 'NONE', *, *, #9303, .T. ) ;
#291 = DIRECTION ( 'NONE',  ( -1.000000000000000000, 0.0000000000000000000, 0.0000000000000000000 ) ) ;
#292 = CARTESIAN_POINT ( 'NONE',  ( 1.250000000000000200, 168.0000000000000000, 0.0000000000000000000 ) ) ;
#293 = ORIENTED_EDGE ( 'NONE', *, *, #5266, .F. ) ;
#294 = LINE ( 'NONE', #8901, #5381 ) ;
#295 = EDGE_CURVE ( 'NONE', #10133, #10511, #2301, .T. ) ;
#296 = AXIS2_PLACEMENT_3D ( 'NONE', #10717, #2318, #9020 ) ;
#297 = AXIS2_PLACEMENT_3D ( 'NONE', #8687, #10351, #1023 ) ;
#298 = FACE_OUTER_BOUND ( 'NONE', #6832, .T. ) ;
#299 = EDGE_CURVE ( 'NONE', #1422, #4288, #845, .T. ) ;
#300 = ORIENTED_EDGE ( 'NONE', *, *, #775, .T. ) ;
#301 = CARTESIAN_POINT ( 'NONE',  ( -1.249999999999999800, 176.0000000000000300, 8.000000000000000000 ) ) ;
#302 = ORIENTED_EDGE ( 'NONE', *, *, #9976, .F. ) ;
#303 = ORIENTED_EDGE ( 'NONE', *, *, #6700, .F. ) ;
#304 = FACE_BOUND ( 'NONE', #6209, .T. ) ;
#305 = VERTEX_POINT ( 'NONE', #10174 ) ;
#306 = ADVANCED_FACE ( 'NONE', ( #5794 ), #2474, .T. ) ;
#307 = DIRECTION ( 'NONE',  ( 0.0000000000000000000, 0.7071067811865500200, 0.7071067811865450200 ) ) ;
#308 = VECTOR ( 'NONE', #6369, 1000.000000000000000 ) ;
#309 = CARTESIAN_POINT ( 'NONE',  ( -1.249999999999999800, 80.48528137423858200, -8.485281374238564200 ) ) ;
#310 = VECTOR ( 'NONE', #1989, 1000.000000000000000 ) ;
#311 = EDGE_CURVE ( 'NONE', #3590, #6923, #6354, .T. ) ;
#312 = AXIS2_PLACEMENT_3D ( 'NONE', #1657, #8463, #1543 ) ;
#313 = CARTESIAN_POINT ( 'NONE',  ( 1.250000000000000200, 58.56810876809721800, -10.56810876809725700 ) ) ;
#314 = ORIENTED_EDGE ( 'NONE', *, *, #5921, .F. ) ;
#315 = AXIS2_PLACEMENT_3D ( 'NONE', #1054, #7073, #3542 ) ;
#316 = ORIENTED_EDGE ( 'NONE', *, *, #7368, .T. ) ;
#317 = DIRECTION ( 'NONE',  ( 1.000000000000000000, 0.0000000000000000000, 0.0000000000000000000 ) ) ;
#318 = ORIENTED_EDGE ( 'NONE', *, *, #10311, .T. ) ;
#319 = ORIENTED_EDGE ( 'NONE', *, *, #6729, .F. ) ;
#320 = DIRECTION ( 'NONE',  ( 1.000000000000000000, -0.0000000000000000000, 0.0000000000000000000 ) ) ;
#321 = EDGE_LOOP ( 'NONE', ( #23, #9403 ) ) ;
#322 = VECTOR ( 'NONE', #1053, 1000.000000000000000 ) ;
#323 = DIRECTION ( 'NONE',  ( 1.000000000000000000, -0.0000000000000000000, -0.0000000000000000000 ) ) ;
#324 = VECTOR ( 'NONE', #8191, 1000.000000000000000 ) ;
#325 = CARTESIAN_POINT ( 'NONE',  ( -1.249999999999999800, 11.31370849898475900, -2.024999999999999900 ) ) ;
#326 = EDGE_CURVE ( 'NONE', #3753, #4725, #7267, .T. ) ;
#327 = CARTESIAN_POINT ( 'NONE',  ( 1.250000000000000200, 24.00000000000000000, 2.024999999999999900 ) ) ;
#328 = EDGE_LOOP ( 'NONE', ( #10287, #4295 ) ) ;
#329 = ORIENTED_EDGE ( 'NONE', *, *, #8632, .T. ) ;
#330 = ORIENTED_EDGE ( 'NONE', *, *, #9695, .T. ) ;
#331 = EDGE_CURVE ( 'NONE', #560, #3967, #8304, .T. ) ;
#332 = VERTEX_POINT ( 'NONE', #5034 ) ;
#333 = AXIS2_PLACEMENT_3D ( 'NONE', #3080, #7414, #8216 ) ;
#334 = DIRECTION ( 'NONE',  ( 0.0000000000000000000, 0.0000000000000000000, -1.000000000000000000 ) ) ;
#335 = CIRCLE ( 'NONE', #3900, 6.999999999999999100 ) ;
#336 = CARTESIAN_POINT ( 'NONE',  ( -1.249999999999999800, 131.3137084989847700, -2.024999999999999900 ) ) ;
#337 = LINE ( 'NONE', #4840, #6607 ) ;
#338 = ORIENTED_EDGE ( 'NONE', *, *, #2218, .T. ) ;
#339 = ORIENTED_EDGE ( 'NONE', *, *, #2728, .T. ) ;
#340 = DIRECTION ( 'NONE',  ( 1.000000000000000000, -0.0000000000000000000, 0.0000000000000000000 ) ) ;
#341 = CARTESIAN_POINT ( 'NONE',  ( 1.250000000000000200, 160.9466098576642100, -9.917172606141322800 ) ) ;
#342 = ORIENTED_EDGE ( 'NONE', *, *, #1574, .T. ) ;
#343 = DIRECTION ( 'NONE',  ( 1.000000000000000000, -0.0000000000000000000, -0.0000000000000000000 ) ) ;
#344 = LINE ( 'NONE', #8511, #7150 ) ;
#345 = CARTESIAN_POINT ( 'NONE',  ( -1.249999999999999800, 176.4852813742385800, -10.51028137423856800 ) ) ;
#346 = AXIS2_PLACEMENT_3D ( 'NONE', #6635, #7514, #10885 ) ;
#347 = APPROVAL_PERSON_ORGANIZATION ( #4867, #8995, #3745 ) ;
#348 = CARTESIAN_POINT ( 'NONE',  ( -1.249999999999999800, 80.48528137423858200, -8.485281374238564200 ) ) ;
#349 = ORIENTED_EDGE ( 'NONE', *, *, #9661, .T. ) ;
#350 = CARTESIAN_POINT ( 'NONE',  ( 4.724999999999991700, 144.0000000000000300, 16.00000000000000400 ) ) ;
#351 = CIRCLE ( 'NONE', #2226, 2.024999999999998100 ) ;
#352 = ORIENTED_EDGE ( 'NONE', *, *, #6568, .T. ) ;
#353 = DIRECTION ( 'NONE',  ( 1.000000000000000000, -0.0000000000000000000, -0.0000000000000000000 ) ) ;
#354 = DIRECTION ( 'NONE',  ( 0.0000000000000000000, 0.7071067811865463500, 0.7071067811865487900 ) ) ;
#355 = EDGE_CURVE ( 'NONE', #10070, #2667, #6065, .T. ) ;
#356 = DIRECTION ( 'NONE',  ( 0.0000000000000000000, 0.7071067811865463500, 0.7071067811865487900 ) ) ;
#357 = ORIENTED_EDGE ( 'NONE', *, *, #3369, .F. ) ;
#358 = ORIENTED_EDGE ( 'NONE', *, *, #9806, .T. ) ;
#359 = LINE ( 'NONE', #10996, #6373 ) ;
#360 = LINE ( 'NONE', #9516, #7170 ) ;
#361 = AXIS2_PLACEMENT_3D ( 'NONE', #6569, #1473, #9066 ) ;
#362 = CARTESIAN_POINT ( 'NONE',  ( -1.249999999999999800, 40.94660985766420000, -9.917172606141322800 ) ) ;
#363 = CARTESIAN_POINT ( 'NONE',  ( 1.250000000000000200, 104.0000000000000100, 8.000000000000000000 ) ) ;
#364 = ORIENTED_EDGE ( 'NONE', *, *, #10031, .F. ) ;
#365 = DIRECTION ( 'NONE',  ( 0.0000000000000000000, 0.0000000000000000000, -1.000000000000000000 ) ) ;
#366 = DIRECTION ( 'NONE',  ( 3.652049423109066300E-016, 0.0000000000000000000, -1.000000000000000000 ) ) ;
#367 = EDGE_LOOP ( 'NONE', ( #7139, #3012, #8818, #8657 ) ) ;
#368 = FACE_OUTER_BOUND ( 'NONE', #7278, .T. ) ;
#369 = ADVANCED_FACE ( 'NONE', ( #8564 ), #2707, .F. ) ;
#370 = AXIS2_PLACEMENT_3D ( 'NONE', #3868, #2987, #3830 ) ;
#371 = DIRECTION ( 'NONE',  ( 1.000000000000000000, -0.0000000000000000000, -0.0000000000000000000 ) ) ;
#372 = VECTOR ( 'NONE', #7986, 1000.000000000000000 ) ;
#373 = CARTESIAN_POINT ( 'NONE',  ( -1.249999999999999800, 38.08282739385867900, -7.053390142335805600 ) ) ;
#374 = EDGE_CURVE ( 'NONE', #1216, #6307, #3502, .T. ) ;
#375 = DIRECTION ( 'NONE',  ( 3.652049423109066300E-016, 0.0000000000000000000, -1.000000000000000000 ) ) ;
#376 = ORIENTED_EDGE ( 'NONE', *, *, #6782, .F. ) ;
#377 = VERTEX_POINT ( 'NONE', #3302 ) ;
#378 = DIRECTION ( 'NONE',  ( -1.000000000000000000, 0.0000000000000000000, 1.826024711554532900E-016 ) ) ;
#379 = CIRCLE ( 'NONE', #3412, 2.024999999999998100 ) ;
#380 = CIRCLE ( 'NONE', #315, 2.024999999999990100 ) ;
#381 = CARTESIAN_POINT ( 'NONE',  ( -1.249999999999999800, 110.5681087680972300, 6.568108768097240500 ) ) ;
#382 = EDGE_CURVE ( 'NONE', #7653, #2564, #7519, .T. ) ;
#383 = AXIS2_PLACEMENT_3D ( 'NONE', #10256, #6133, #5243 ) ;
#384 = AXIS2_PLACEMENT_3D ( 'NONE', #1225, #454, #7242 ) ;
#385 = DIRECTION ( 'NONE',  ( 0.0000000000000000000, 0.0000000000000000000, -1.000000000000000000 ) ) ;
#386 = EDGE_LOOP ( 'NONE', ( #10644, #2164, #79, #2306 ) ) ;
#387 = DIRECTION ( 'NONE',  ( 0.0000000000000000000, -0.7071067811865450200, 0.7071067811865501300 ) ) ;
#388 = ORIENTED_EDGE ( 'NONE', *, *, #7811, .T. ) ;
#389 = CARTESIAN_POINT ( 'NONE',  ( 1.250000000000000200, 112.9466098576642000, 9.917172606141322800 ) ) ;
#390 = EDGE_CURVE ( 'NONE', #9432, #560, #2428, .T. ) ;
#391 = CARTESIAN_POINT ( 'NONE',  ( 8.774999999999987900, 72.00000000000001400, 16.00000000000000400 ) ) ;
#392 = LINE ( 'NONE', #8975, #8751 ) ;
#393 = DIRECTION ( 'NONE',  ( 0.0000000000000000000, -0.7071067811865487900, -0.7071067811865463500 ) ) ;
#394 = FACE_BOUND ( 'NONE', #6946, .T. ) ;
#395 = CARTESIAN_POINT ( 'NONE',  ( -1.249999999999999800, 31.05339014233581100, -9.917172606141329900 ) ) ;
#396 = CARTESIAN_POINT ( 'NONE',  ( -1.249999999999999800, 111.5147186257614500, -8.485281374238566000 ) ) ;
#397 = ORIENTED_EDGE ( 'NONE', *, *, #1218, .T. ) ;
#398 = ORIENTED_EDGE ( 'NONE', *, *, #194, .F. ) ;
#399 = EDGE_CURVE ( 'NONE', #7908, #10223, #9476, .T. ) ;
#400 = DIRECTION ( 'NONE',  ( 1.826024711554532900E-016, -0.0000000000000000000, 1.000000000000000000 ) ) ;
#401 = VECTOR ( 'NONE', #7862, 1000.000000000000000 ) ;
#402 = DIRECTION ( 'NONE',  ( 1.000000000000000000, 0.0000000000000000000, 0.0000000000000000000 ) ) ;
#403 = AXIS2_PLACEMENT_3D ( 'NONE', #9174, #9215, #6654 ) ;
#404 = DIRECTION ( 'NONE',  ( 3.652049423109066300E-016, -0.0000000000000000000, -1.000000000000000000 ) ) ;
#405 = DIRECTION ( 'NONE',  ( 3.652049423109066300E-016, -0.0000000000000000000, -1.000000000000000000 ) ) ;
#406 = CYLINDRICAL_SURFACE ( 'NONE', #1297, 2.025000000000000800 ) ;
#407 = DIRECTION ( 'NONE',  ( 1.000000000000000000, -0.0000000000000000000, -0.0000000000000000000 ) ) ;
#408 = ORIENTED_EDGE ( 'NONE', *, *, #5659, .T. ) ;
#409 = ORIENTED_EDGE ( 'NONE', *, *, #9785, .F. ) ;
#410 = CARTESIAN_POINT ( 'NONE',  ( 1.250000000000000200, 16.00000000000000000, 8.000000000000000000 ) ) ;
#411 = VECTOR ( 'NONE', #93, 1000.000000000000000 ) ;
#412 = DIRECTION ( 'NONE',  ( 0.0000000000000000000, 0.0000000000000000000, -1.000000000000000000 ) ) ;
#413 = CIRCLE ( 'NONE', #9666, 2.024999999999990100 ) ;
#414 = LINE ( 'NONE', #2860, #4384 ) ;
#415 = CARTESIAN_POINT ( 'NONE',  ( -1.249999999999999800, 31.05339014233581100, 9.917172606141324600 ) ) ;
#416 = ORIENTED_EDGE ( 'NONE', *, *, #2324, .T. ) ;
#417 = ORIENTED_EDGE ( 'NONE', *, *, #4596, .F. ) ;
#418 = CARTESIAN_POINT ( 'NONE',  ( 1.250000000000000200, 64.94660985766418500, 9.917172606141322800 ) ) ;
#419 = CIRCLE ( 'NONE', #3250, 2.024999999999998100 ) ;
#420 = FACE_OUTER_BOUND ( 'NONE', #6018, .T. ) ;
#421 = CARTESIAN_POINT ( 'NONE',  ( 0.0000000000000000000, 0.0000000000000000000, 16.00000000000000000 ) ) ;
#422 = DIRECTION ( 'NONE',  ( 0.0000000000000000000, -0.7071067811865463500, -0.7071067811865487900 ) ) ;
#423 = CYLINDRICAL_SURFACE ( 'NONE', #8076, 2.024999999999998100 ) ;
#424 = ADVANCED_FACE ( 'NONE', ( #1258 ), #978, .F. ) ;
#425 = ORIENTED_EDGE ( 'NONE', *, *, #5626, .T. ) ;
#426 = ORIENTED_EDGE ( 'NONE', *, *, #3680, .F. ) ;
#427 = AXIS2_PLACEMENT_3D ( 'NONE', #6661, #9254, #6695 ) ;
#428 = ORIENTED_EDGE ( 'NONE', *, *, #7164, .T. ) ;
#429 = LINE ( 'NONE', #8972, #5890 ) ;
#430 = DIRECTION ( 'NONE',  ( 0.0000000000000000000, 0.7071067811865501300, 0.7071067811865450200 ) ) ;
#431 = CIRCLE ( 'NONE', #2136, 2.024999999999998100 ) ;
#432 = AXIS2_PLACEMENT_3D ( 'NONE', #34, #5188, #6051 ) ;
#433 = DIRECTION ( 'NONE',  ( 0.0000000000000000000, 0.7071067811865450200, -0.7071067811865500200 ) ) ;
#434 = ADVANCED_FACE ( 'NONE', ( #4444 ), #8596, .F. ) ;
#435 = CARTESIAN_POINT ( 'NONE',  ( -1.249999999999999800, 120.0000000000000000, 6.999999999999999100 ) ) ;
#436 = EDGE_CURVE ( 'NONE', #1121, #7341, #6340, .T. ) ;
#437 = ORIENTED_EDGE ( 'NONE', *, *, #10045, .F. ) ;
#438 = CARTESIAN_POINT ( 'NONE',  ( 1.250000000000000200, 37.43189123190266800, 13.43189123190281200 ) ) ;
#439 = ORIENTED_EDGE ( 'NONE', *, *, #10183, .F. ) ;
#440 = CIRCLE ( 'NONE', #2828, 6.999999999999999100 ) ;
#441 = DIRECTION ( 'NONE',  ( 1.826024711554532900E-016, -0.0000000000000000000, 1.000000000000000000 ) ) ;
#442 = VECTOR ( 'NONE', #124, 1000.000000000000000 ) ;
#443 = DIRECTION ( 'NONE',  ( 0.0000000000000000000, -0.7071067811865463500, -0.7071067811865487900 ) ) ;
#444 = EDGE_LOOP ( 'NONE', ( #10910, #3464, #824, #167 ) ) ;
#445 = EDGE_CURVE ( 'NONE', #2034, #9859, #9996, .T. ) ;
#446 = AXIS2_PLACEMENT_3D ( 'NONE', #3883, #2168, #9792 ) ;
#447 = VERTEX_POINT ( 'NONE', #6022 ) ;
#448 = VERTEX_POINT ( 'NONE', #200 ) ;
#449 = ORIENTED_EDGE ( 'NONE', *, *, #775, .F. ) ;
#450 = CARTESIAN_POINT ( 'NONE',  ( 4.725000000000001400, 112.0000000000000100, -13.50000000000000200 ) ) ;
#451 = FACE_BOUND ( 'NONE', #278, .T. ) ;
#452 = EDGE_CURVE ( 'NONE', #154, #10907, #6852, .T. ) ;
#453 = VECTOR ( 'NONE', #2329, 1000.000000000000000 ) ;
#454 = DIRECTION ( 'NONE',  ( 1.000000000000000000, -0.0000000000000000000, 0.0000000000000000000 ) ) ;
#455 = VERTEX_POINT ( 'NONE', #9433 ) ;
#456 = DIRECTION ( 'NONE',  ( 0.0000000000000000000, 0.0000000000000000000, -1.000000000000000000 ) ) ;
#457 = ORIENTED_EDGE ( 'NONE', *, *, #6242, .T. ) ;
#458 = ORIENTED_EDGE ( 'NONE', *, *, #5607, .T. ) ;
#459 = VERTEX_POINT ( 'NONE', #10300 ) ;
#460 = VECTOR ( 'NONE', #1042, 1000.000000000000000 ) ;
#461 = EDGE_CURVE ( 'NONE', #8002, #674, #8423, .T. ) ;
#462 = CARTESIAN_POINT ( 'NONE',  ( -1.249999999999999800, 111.5147186257614500, -8.485281374238566000 ) ) ;
#463 = AXIS2_PLACEMENT_3D ( 'NONE', #2810, #7077, #7117 ) ;
#464 = ORIENTED_EDGE ( 'NONE', *, *, #5805, .F. ) ;
#465 = DIRECTION ( 'NONE',  ( 1.000000000000000000, -0.0000000000000000000, -0.0000000000000000000 ) ) ;
#466 = ORIENTED_EDGE ( 'NONE', *, *, #4604, .T. ) ;
#467 = ORIENTED_EDGE ( 'NONE', *, *, #10595, .T. ) ;
#468 = DIRECTION ( 'NONE',  ( 1.000000000000000000, -0.0000000000000000000, 0.0000000000000000000 ) ) ;
#469 = EDGE_CURVE ( 'NONE', #4741, #7633, #3488, .T. ) ;
#470 = CARTESIAN_POINT ( 'NONE',  ( -46.75000000000000000, 184.0000000000000000, -7.999999999999974200 ) ) ;
#471 = VECTOR ( 'NONE', #3600, 1000.000000000000000 ) ;
#472 = VECTOR ( 'NONE', #2248, 1000.000000000000000 ) ;
#473 = ORIENTED_EDGE ( 'NONE', *, *, #1123, .T. ) ;
#474 = ADVANCED_FACE ( 'NONE', ( #4584 ), #577, .F. ) ;
#475 = EDGE_CURVE ( 'NONE', #5392, #4939, #6050, .T. ) ;
#476 = CARTESIAN_POINT ( 'NONE',  ( 8.774999999999998600, 144.0000000000000300, -15.99999999999999600 ) ) ;
#477 = CARTESIAN_POINT ( 'NONE',  ( -1.249999999999999800, 33.91717260614134200, -7.053390142335806500 ) ) ;
#478 = EDGE_LOOP ( 'NONE', ( #1326, #290, #1488, #215 ) ) ;
#479 = ORIENTED_EDGE ( 'NONE', *, *, #1705, .F. ) ;
#480 = CIRCLE ( 'NONE', #2210, 2.024999999999997200 ) ;
#481 = ORIENTED_EDGE ( 'NONE', *, *, #3001, .T. ) ;
#482 = DIRECTION ( 'NONE',  ( -1.000000000000000000, -0.0000000000000000000, -0.0000000000000000000 ) ) ;
#483 = CIRCLE ( 'NONE', #3429, 2.025000000000000800 ) ;
#484 = ORIENTED_EDGE ( 'NONE', *, *, #3463, .F. ) ;
#485 = AXIS2_PLACEMENT_3D ( 'NONE', #3129, #9006, #1349 ) ;
#486 = ORIENTED_EDGE ( 'NONE', *, *, #7882, .F. ) ;
#487 = CYLINDRICAL_SURFACE ( 'NONE', #1497, 2.025000000000000800 ) ;
#488 = CARTESIAN_POINT ( 'NONE',  ( -1.249999999999999800, 104.0000000000000100, 8.000000000000000000 ) ) ;
#489 = VECTOR ( 'NONE', #3666, 1000.000000000000000 ) ;
#490 = AXIS2_PLACEMENT_3D ( 'NONE', #8440, #10973, #2408 ) ;
#491 = CARTESIAN_POINT ( 'NONE',  ( -1.249999999999999800, 57.91717260614131400, 7.053390142335818100 ) ) ;
#492 = ORIENTED_EDGE ( 'NONE', *, *, #579, .F. ) ;
#493 = DIRECTION ( 'NONE',  ( 0.0000000000000000000, 0.0000000000000000000, -1.000000000000000000 ) ) ;
#494 = CIRCLE ( 'NONE', #4353, 2.024999999999999000 ) ;
#495 = CYLINDRICAL_SURFACE ( 'NONE', #4282, 2.025000000000002600 ) ;
#496 = CARTESIAN_POINT ( 'NONE',  ( 6.749999999999989300, 184.0000000000000000, 16.00000000000000400 ) ) ;
#497 = CARTESIAN_POINT ( 'NONE',  ( -1.249999999999999800, 174.5681087680972600, 9.431891231902756800 ) ) ;
#498 = CARTESIAN_POINT ( 'NONE',  ( 8.774999999999998600, 152.0000000000000300, -13.50000000000000200 ) ) ;
#499 = EDGE_CURVE ( 'NONE', #1979, #3709, #1630, .T. ) ;
#500 = ORIENTED_EDGE ( 'NONE', *, *, #5055, .F. ) ;
#501 = AXIS2_PLACEMENT_3D ( 'NONE', #649, #7550, #8382 ) ;
#502 = FACE_OUTER_BOUND ( 'NONE', #9924, .T. ) ;
#503 = DIRECTION ( 'NONE',  ( 1.000000000000000000, -0.0000000000000000000, -0.0000000000000000000 ) ) ;
#504 = EDGE_CURVE ( 'NONE', #3105, #7512, #5114, .T. ) ;
#505 = FACE_OUTER_BOUND ( 'NONE', #5567, .T. ) ;
#506 = ORIENTED_EDGE ( 'NONE', *, *, #95, .F. ) ;
#507 = DIRECTION ( 'NONE',  ( 1.000000000000000000, -0.0000000000000000000, 0.0000000000000000000 ) ) ;
#508 = ORIENTED_EDGE ( 'NONE', *, *, #2915, .F. ) ;
#509 = LINE ( 'NONE', #5990, #6779 ) ;
#510 = CARTESIAN_POINT ( 'NONE',  ( -1.249999999999999800, 157.4318912319026800, 13.43189123190281200 ) ) ;
#511 = EDGE_CURVE ( 'NONE', #1824, #6372, #7769, .T. ) ;
#512 = AXIS2_PLACEMENT_3D ( 'NONE', #9424, #970, #856 ) ;
#513 = LINE ( 'NONE', #9077, #4517 ) ;
#514 = AXIS2_PLACEMENT_3D ( 'NONE', #1204, #7954, #7286 ) ;
#515 = CARTESIAN_POINT ( 'NONE',  ( 5.843279076974506900E-015, 0.0000000000000000000, -16.00000000000000000 ) ) ;
#516 = ADVANCED_FACE ( 'NONE', ( #4844 ), #2644, .F. ) ;
#517 = DIRECTION ( 'NONE',  ( 0.0000000000000000000, 0.0000000000000000000, -1.000000000000000000 ) ) ;
#518 = VERTEX_POINT ( 'NONE', #7841 ) ;
#519 = ORIENTED_EDGE ( 'NONE', *, *, #2468, .F. ) ;
#520 = DIRECTION ( 'NONE',  ( 1.000000000000000000, -0.0000000000000000000, 0.0000000000000000000 ) ) ;
#521 = VECTOR ( 'NONE', #7057, 1000.000000000000000 ) ;
#522 = CARTESIAN_POINT ( 'NONE',  ( -46.75000000000000000, 1.431891231902795900, -1.431891231902785400 ) ) ;
#523 = FACE_OUTER_BOUND ( 'NONE', #4104, .T. ) ;
#524 = CARTESIAN_POINT ( 'NONE',  ( 6.749999999999990200, 128.0000000000000000, 13.50000000000000000 ) ) ;
#525 = EDGE_CURVE ( 'NONE', #6490, #4489, #5530, .T. ) ;
#526 = VERTEX_POINT ( 'NONE', #4677 ) ;
#527 = CARTESIAN_POINT ( 'NONE',  ( 1.250000000000000200, 96.00000000000000000, 6.999999999999999100 ) ) ;
#529 = ADVANCED_FACE ( 'NONE', ( #2037 ), #9335, .F. ) ;
#528 = ORIENTED_EDGE ( 'NONE', *, *, #10725, .T. ) ;
#530 = DIRECTION ( 'NONE',  ( 0.0000000000000000000, 0.0000000000000000000, -1.000000000000000000 ) ) ;
#531 = AXIS2_PLACEMENT_3D ( 'NONE', #10399, #9531, #997 ) ;
#532 = VECTOR ( 'NONE', #8550, 1000.000000000000000 ) ;
#533 = CARTESIAN_POINT ( 'NONE',  ( 1.250000000000000200, 7.053390142335809200, 9.917172606141322800 ) ) ;
#534 = DIRECTION ( 'NONE',  ( 1.000000000000000000, -0.0000000000000000000, -0.0000000000000000000 ) ) ;
#535 = VECTOR ( 'NONE', #8479, 1000.000000000000000 ) ;
#536 = CYLINDRICAL_SURFACE ( 'NONE', #9833, 2.024999999999999000 ) ;
#537 = ORIENTED_EDGE ( 'NONE', *, *, #84, .T. ) ;
#538 = CARTESIAN_POINT ( 'NONE',  ( 1.250000000000000200, 85.43189123190279600, -13.43189123190274400 ) ) ;
#539 = VERTEX_POINT ( 'NONE', #5147 ) ;
#540 = ORIENTED_EDGE ( 'NONE', *, *, #10268, .F. ) ;
#541 = CYLINDRICAL_SURFACE ( 'NONE', #9088, 2.024999999999998100 ) ;
#542 = AXIS2_PLACEMENT_3D ( 'NONE', #9229, #7580, #4977 ) ;
#543 = DIRECTION ( 'NONE',  ( -1.000000000000000000, 0.0000000000000000000, 0.0000000000000000000 ) ) ;
#544 = LINE ( 'NONE', #1299, #2524 ) ;
#545 = ORIENTED_EDGE ( 'NONE', *, *, #3849, .T. ) ;
#546 = CARTESIAN_POINT ( 'NONE',  ( 6.749999999999989300, 176.0000000000000300, 16.00000000000000400 ) ) ;
#547 = EDGE_CURVE ( 'NONE', #3736, #1430, #3901, .T. ) ;
#548 = EDGE_LOOP ( 'NONE', ( #4888, #9149 ) ) ;
#549 = ORIENTED_EDGE ( 'NONE', *, *, #6800, .T. ) ;
#550 = CARTESIAN_POINT ( 'NONE',  ( 6.749999999999990200, 184.0000000000000000, 13.50000000000000000 ) ) ;
#551 = VECTOR ( 'NONE', #5514, 1000.000000000000000 ) ;
#552 = DIRECTION ( 'NONE',  ( 0.0000000000000000000, 0.0000000000000000000, -1.000000000000000000 ) ) ;
#553 = CARTESIAN_POINT ( 'NONE',  ( 8.774999999999987900, 32.00000000000000700, 16.00000000000000400 ) ) ;
#554 = CIRCLE ( 'NONE', #1994, 2.025000000000002600 ) ;
#555 = CARTESIAN_POINT ( 'NONE',  ( -1.249999999999999800, 112.0000000000000000, 8.000000000000000000 ) ) ;
#556 = AXIS2_PLACEMENT_3D ( 'NONE', #2051, #4743, #8860 ) ;
#557 = ORIENTED_EDGE ( 'NONE', *, *, #4687, .F. ) ;
#558 = DIRECTION ( 'NONE',  ( 1.000000000000000000, -0.0000000000000000000, 0.0000000000000000000 ) ) ;
#559 = ORIENTED_EDGE ( 'NONE', *, *, #6097, .F. ) ;
#560 = VERTEX_POINT ( 'NONE', #3606 ) ;
#561 = DIRECTION ( 'NONE',  ( 1.826024711554532900E-016, -0.0000000000000000000, 1.000000000000000000 ) ) ;
#562 = VERTEX_POINT ( 'NONE', #6441 ) ;
#563 = AXIS2_PLACEMENT_3D ( 'NONE', #3444, #2516, #10091 ) ;
#564 = FACE_BOUND ( 'NONE', #3769, .T. ) ;
#565 = CARTESIAN_POINT ( 'NONE',  ( -46.75000000000000000, 8.000000000000000000, 7.999999999999996400 ) ) ;
#566 = CIRCLE ( 'NONE', #8904, 2.025000000000000800 ) ;
#567 = DIRECTION ( 'NONE',  ( 0.0000000000000000000, 0.0000000000000000000, -1.000000000000000000 ) ) ;
#568 = EDGE_CURVE ( 'NONE', #3367, #5660, #3770, .T. ) ;
#569 = PLANE ( 'NONE',  #8715 ) ;
#570 = VERTEX_POINT ( 'NONE', #6283 ) ;
#571 = ORIENTED_EDGE ( 'NONE', *, *, #8767, .F. ) ;
#572 = ADVANCED_FACE ( 'NONE', ( #33 ), #8175, .F. ) ;
#573 = VERTEX_POINT ( 'NONE', #5350 ) ;
#574 = CARTESIAN_POINT ( 'NONE',  ( 1.250000000000000200, 59.31370849898476600, -2.024999999999999900 ) ) ;
#575 = ORIENTED_EDGE ( 'NONE', *, *, #258, .F. ) ;
#576 = DIRECTION ( 'NONE',  ( -1.000000000000000000, 0.0000000000000000000, 0.0000000000000000000 ) ) ;
#577 = CYLINDRICAL_SURFACE ( 'NONE', #10308, 2.024999999999998100 ) ;
#578 = VECTOR ( 'NONE', #2917, 1000.000000000000000 ) ;
#579 = EDGE_CURVE ( 'NONE', #7809, #10673, #7507, .T. ) ;
#580 = AXIS2_PLACEMENT_3D ( 'NONE', #2727, #2513, #5485 ) ;
#581 = ORIENTED_EDGE ( 'NONE', *, *, #5826, .T. ) ;
#582 = AXIS2_PLACEMENT_3D ( 'NONE', #10577, #404, #8900 ) ;
#583 = ORIENTED_EDGE ( 'NONE', *, *, #212, .T. ) ;
#584 = CARTESIAN_POINT ( 'NONE',  ( 1.250000000000000200, 41.43189123190276000, 9.431891231902762100 ) ) ;
#585 = ORIENTED_EDGE ( 'NONE', *, *, #5480, .T. ) ;
#586 = EDGE_CURVE ( 'NONE', #4219, #4975, #8822, .T. ) ;
#587 = ORIENTED_EDGE ( 'NONE', *, *, #9128, .F. ) ;
#588 = ADVANCED_FACE ( 'NONE', ( #2973 ), #1494, .F. ) ;
#589 = CARTESIAN_POINT ( 'NONE',  ( -1.249999999999999800, 83.31370849898475200, 2.024999999999999900 ) ) ;
#590 = VECTOR ( 'NONE', #3378, 1000.000000000000000 ) ;
#591 = DIRECTION ( 'NONE',  ( 0.0000000000000000000, 0.0000000000000000000, -1.000000000000000000 ) ) ;
#592 = LINE ( 'NONE', #8960, #1260 ) ;
#593 = ORIENTED_EDGE ( 'NONE', *, *, #1980, .T. ) ;
#594 = CARTESIAN_POINT ( 'NONE',  ( 4.724999999999991700, 32.00000000000000700, 16.00000000000000400 ) ) ;
#595 = EDGE_CURVE ( 'NONE', #9235, #7753, #6592, .T. ) ;
#596 = DIRECTION ( 'NONE',  ( -1.000000000000000000, 0.0000000000000000000, 0.0000000000000000000 ) ) ;
#597 = ORIENTED_EDGE ( 'NONE', *, *, #3653, .F. ) ;
#598 = CIRCLE ( 'NONE', #1822, 2.024999999999999000 ) ;
#599 = AXIS2_PLACEMENT_3D ( 'NONE', #10575, #8935, #2955 ) ;
#600 = PERSON_AND_ORGANIZATION ( #2851, #8850 ) ;
#601 = CARTESIAN_POINT ( 'NONE',  ( -1.249999999999999800, 0.0000000000000000000, 2.024999999999999900 ) ) ;
#602 = VERTEX_POINT ( 'NONE', #9734 ) ;
#603 = VECTOR ( 'NONE', #6482, 1000.000000000000000 ) ;
#604 = ORIENTED_EDGE ( 'NONE', *, *, #1420, .F. ) ;
#605 = CARTESIAN_POINT ( 'NONE',  ( 4.725000000000001400, 168.0000000000000000, -13.50000000000000200 ) ) ;
#606 = ORIENTED_EDGE ( 'NONE', *, *, #6883, .F. ) ;
#607 = ORIENTED_EDGE ( 'NONE', *, *, #3276, .F. ) ;
#608 = EDGE_LOOP ( 'NONE', ( #6861, #8415, #6570, #4025 ) ) ;
#609 = CYLINDRICAL_SURFACE ( 'NONE', #7720, 2.024999999999990100 ) ;
#610 = CARTESIAN_POINT ( 'NONE',  ( -1.249999999999999800, 24.00000000000000000, 2.024999999999999900 ) ) ;
#611 = CYLINDRICAL_SURFACE ( 'NONE', #9338, 2.024999999999990100 ) ;
#612 = CARTESIAN_POINT ( 'NONE',  ( -1.249999999999999800, 144.0000000000000000, 0.0000000000000000000 ) ) ;
#613 = CARTESIAN_POINT ( 'NONE',  ( 1.250000000000000200, 48.00000000000000000, 0.0000000000000000000 ) ) ;
#614 = ORIENTED_EDGE ( 'NONE', *, *, #8087, .T. ) ;
#615 = ORIENTED_EDGE ( 'NONE', *, *, #7171, .F. ) ;
#616 = DIRECTION ( 'NONE',  ( 1.000000000000000000, -0.0000000000000000000, -0.0000000000000000000 ) ) ;
#617 = CIRCLE ( 'NONE', #2270, 2.024999999999998100 ) ;
#618 = CIRCLE ( 'NONE', #3927, 2.024999999999998100 ) ;
#619 = AXIS2_PLACEMENT_3D ( 'NONE', #10911, #677, #7465 ) ;
#620 = CARTESIAN_POINT ( 'NONE',  ( 1.250000000000000200, 63.51471862576142500, 8.485281374238569500 ) ) ;
#621 = CARTESIAN_POINT ( 'NONE',  ( 1.250000000000000200, 136.0000000000000000, -7.999999999999996400 ) ) ;
#622 = EDGE_LOOP ( 'NONE', ( #3455, #807, #7087, #9539 ) ) ;
#624 = ADVANCED_FACE ( 'NONE', ( #10676 ), #3222, .F. ) ;
#623 = ORIENTED_EDGE ( 'NONE', *, *, #3991, .T. ) ;
#625 = PLANE ( 'NONE',  #7049 ) ;
#626 = VECTOR ( 'NONE', #8520, 1000.000000000000000 ) ;
#627 = AXIS2_PLACEMENT_3D ( 'NONE', #6477, #1341, #7318 ) ;
#628 = FACE_BOUND ( 'NONE', #8630, .T. ) ;
#629 = EDGE_CURVE ( 'NONE', #4746, #3297, #10799, .T. ) ;
#630 = DIRECTION ( 'NONE',  ( 1.000000000000000000, -0.0000000000000000000, -0.0000000000000000000 ) ) ;
#631 = ORIENTED_EDGE ( 'NONE', *, *, #8994, .T. ) ;
#632 = VERTEX_POINT ( 'NONE', #8084 ) ;
#633 = CARTESIAN_POINT ( 'NONE',  ( -1.250000000000001100, 6.568108768097244100, -9.431891231902760400 ) ) ;
#634 = CIRCLE ( 'NONE', #6730, 2.025000000000002600 ) ;
#635 = ADVANCED_FACE ( 'NONE', ( #967 ), #5915, .F. ) ;
#636 = DIRECTION ( 'NONE',  ( 0.0000000000000000000, -0.7071067811865513500, 0.7071067811865436900 ) ) ;
#637 = DIRECTION ( 'NONE',  ( 1.000000000000000000, -0.0000000000000000000, -0.0000000000000000000 ) ) ;
#638 = LINE ( 'NONE', #1853, #6781 ) ;
#639 = EDGE_CURVE ( 'NONE', #4820, #3044, #698, .T. ) ;
#640 = AXIS2_PLACEMENT_3D ( 'NONE', #6773, #10992, #10157 ) ;
#641 = AXIS2_PLACEMENT_3D ( 'NONE', #7134, #9771, #7176 ) ;
#642 = EDGE_LOOP ( 'NONE', ( #3893, #10167, #9584, #10803 ) ) ;
#643 = VERTEX_POINT ( 'NONE', #5569 ) ;
#644 = DIRECTION ( 'NONE',  ( 1.000000000000000000, -0.0000000000000000000, -0.0000000000000000000 ) ) ;
#645 = DIRECTION ( 'NONE',  ( 0.0000000000000000000, 0.0000000000000000000, -1.000000000000000000 ) ) ;
#646 = EDGE_CURVE ( 'NONE', #4211, #6464, #10549, .T. ) ;
#647 = CIRCLE ( 'NONE', #7497, 2.024999999999997200 ) ;
#648 = VECTOR ( 'NONE', #9751, 1000.000000000000000 ) ;
#649 = CARTESIAN_POINT ( 'NONE',  ( 1.250000000000000200, 152.4852813742385500, -8.485281374238564200 ) ) ;
#650 = PLANE ( 'NONE',  #3169 ) ;
#651 = EDGE_LOOP ( 'NONE', ( #5657, #3521 ) ) ;
#652 = ORIENTED_EDGE ( 'NONE', *, *, #9454, .F. ) ;
#653 = DIRECTION ( 'NONE',  ( 0.0000000000000000000, -1.000000000000000000, 0.0000000000000000000 ) ) ;
#654 = EDGE_CURVE ( 'NONE', #3916, #3195, #8043, .T. ) ;
#655 = AXIS2_PLACEMENT_3D ( 'NONE', #4102, #8396, #773 ) ;
#656 = EDGE_LOOP ( 'NONE', ( #7510, #2741 ) ) ;
#657 = AXIS2_PLACEMENT_3D ( 'NONE', #1953, #1134, #6264 ) ;
#658 = DIRECTION ( 'NONE',  ( 1.000000000000000000, -0.0000000000000000000, -0.0000000000000000000 ) ) ;
#659 = DIRECTION ( 'NONE',  ( -1.000000000000000000, 0.0000000000000000000, -0.0000000000000000000 ) ) ;
#660 = CIRCLE ( 'NONE', #8557, 2.024999999999990100 ) ;
#661 = ORIENTED_EDGE ( 'NONE', *, *, #1374, .F. ) ;
#662 = ORIENTED_EDGE ( 'NONE', *, *, #2367, .F. ) ;
#663 = EDGE_CURVE ( 'NONE', #5813, #9322, #10426, .T. ) ;
#664 = VECTOR ( 'NONE', #5191, 1000.000000000000000 ) ;
#665 = DIRECTION ( 'NONE',  ( 3.652049423109066300E-016, 0.0000000000000000000, -1.000000000000000000 ) ) ;
#666 = VECTOR ( 'NONE', #115, 1000.000000000000000 ) ;
#667 = CIRCLE ( 'NONE', #2481, 2.025000000000000800 ) ;
#668 = VERTEX_POINT ( 'NONE', #4736 ) ;
#669 = EDGE_CURVE ( 'NONE', #1290, #5323, #9747, .T. ) ;
#670 = CARTESIAN_POINT ( 'NONE',  ( 6.749999999999989300, 72.00000000000001400, 16.00000000000000400 ) ) ;
#671 = DIRECTION ( 'NONE',  ( 1.000000000000000000, 0.0000000000000000000, 0.0000000000000000000 ) ) ;
#672 = EDGE_LOOP ( 'NONE', ( #4889, #9617 ) ) ;
#673 = DIRECTION ( 'NONE',  ( 1.000000000000000000, 0.0000000000000000000, 0.0000000000000000000 ) ) ;
#674 = VERTEX_POINT ( 'NONE', #3794 ) ;
#675 = CIRCLE ( 'NONE', #8315, 2.024999999999997200 ) ;
#676 = ADVANCED_FACE ( 'NONE', ( #9614 ), #6210, .F. ) ;
#677 = DIRECTION ( 'NONE',  ( 1.000000000000000000, 0.0000000000000000000, 0.0000000000000000000 ) ) ;
#678 = FACE_OUTER_BOUND ( 'NONE', #9914, .T. ) ;
#679 = DIRECTION ( 'NONE',  ( 3.652049423109066300E-016, -0.0000000000000000000, -1.000000000000000000 ) ) ;
#680 = PLANE ( 'NONE',  #9967 ) ;
#681 = AXIS2_PLACEMENT_3D ( 'NONE', #4154, #1523, #10906 ) ;
#682 = ORIENTED_EDGE ( 'NONE', *, *, #4891, .F. ) ;
#683 = DIRECTION ( 'NONE',  ( 0.0000000000000000000, 0.0000000000000000000, -1.000000000000000000 ) ) ;
#684 = VECTOR ( 'NONE', #7472, 1000.000000000000000 ) ;
#685 = DIRECTION ( 'NONE',  ( 1.000000000000000000, -0.0000000000000000000, 0.0000000000000000000 ) ) ;
#686 = CIRCLE ( 'NONE', #5714, 2.025000000000000800 ) ;
#687 = CIRCLE ( 'NONE', #6449, 2.025000000000002600 ) ;
#688 = ADVANCED_FACE ( 'NONE', ( #10136 ), #7920, .F. ) ;
#689 = DIRECTION ( 'NONE',  ( 0.0000000000000000000, 0.0000000000000000000, -1.000000000000000000 ) ) ;
#690 = EDGE_CURVE ( 'NONE', #8841, #5723, #1115, .T. ) ;
#691 = EDGE_LOOP ( 'NONE', ( #1761, #2193 ) ) ;
#692 = DIRECTION ( 'NONE',  ( 0.0000000000000000000, 0.0000000000000000000, -1.000000000000000000 ) ) ;
#693 = EDGE_CURVE ( 'NONE', #835, #4757, #10267, .T. ) ;
#694 = EDGE_LOOP ( 'NONE', ( #8600, #7211, #7891, #7327 ) ) ;
#695 = PLANE ( 'NONE',  #6621 ) ;
#696 = ORIENTED_EDGE ( 'NONE', *, *, #9303, .F. ) ;
#697 = ORIENTED_EDGE ( 'NONE', *, *, #5095, .T. ) ;
#698 = LINE ( 'NONE', #9693, #7131 ) ;
#699 = DIRECTION ( 'NONE',  ( 1.000000000000000000, -0.0000000000000000000, -0.0000000000000000000 ) ) ;
#700 = FACE_OUTER_BOUND ( 'NONE', #1519, .T. ) ;
#701 = DIRECTION ( 'NONE',  ( 1.000000000000000000, -0.0000000000000000000, 0.0000000000000000000 ) ) ;
#702 = EDGE_LOOP ( 'NONE', ( #7456, #705, #1609, #2432 ) ) ;
#703 = ORIENTED_EDGE ( 'NONE', *, *, #847, .T. ) ;
#704 = EDGE_CURVE ( 'NONE', #2853, #280, #5665, .T. ) ;
#705 = ORIENTED_EDGE ( 'NONE', *, *, #6495, .F. ) ;
#706 = AXIS2_PLACEMENT_3D ( 'NONE', #3494, #7750, #5193 ) ;
#707 = ORIENTED_EDGE ( 'NONE', *, *, #9336, .F. ) ;
#708 = CARTESIAN_POINT ( 'NONE',  ( 8.774999999999987900, 144.0000000000000300, 16.00000000000000400 ) ) ;
#709 = DIRECTION ( 'NONE',  ( 1.000000000000000000, -0.0000000000000000000, 0.0000000000000000000 ) ) ;
#710 = VECTOR ( 'NONE', #4499, 1000.000000000000100 ) ;
#711 = EDGE_CURVE ( 'NONE', #6423, #10662, #7638, .T. ) ;
#712 = DIRECTION ( 'NONE',  ( 1.000000000000000000, 0.0000000000000000000, 0.0000000000000000000 ) ) ;
#713 = DIRECTION ( 'NONE',  ( 0.0000000000000000000, -0.7071067811865487900, -0.7071067811865463500 ) ) ;
#714 = EDGE_LOOP ( 'NONE', ( #7129, #3898, #10989, #9840 ) ) ;
#715 = VERTEX_POINT ( 'NONE', #9425 ) ;
#716 = CARTESIAN_POINT ( 'NONE',  ( 4.724999999999991700, 184.0000000000000000, 16.00000000000000400 ) ) ;
#717 = DIRECTION ( 'NONE',  ( 1.000000000000000000, 0.0000000000000000000, 0.0000000000000000000 ) ) ;
#718 = DIRECTION ( 'NONE',  ( 0.0000000000000000000, -0.7071067811865463500, -0.7071067811865487900 ) ) ;
#719 = ORIENTED_EDGE ( 'NONE', *, *, #6602, .T. ) ;
#720 = EDGE_CURVE ( 'NONE', #573, #4906, #2844, .T. ) ;
#721 = AXIS2_PLACEMENT_3D ( 'NONE', #4773, #9808, #8221 ) ;
#722 = FACE_OUTER_BOUND ( 'NONE', #642, .T. ) ;
#723 = DIRECTION ( 'NONE',  ( 1.000000000000000000, -0.0000000000000000000, -0.0000000000000000000 ) ) ;
#724 = AXIS2_PLACEMENT_3D ( 'NONE', #2898, #8837, #6355 ) ;
#725 = DIRECTION ( 'NONE',  ( 1.000000000000000000, -0.0000000000000000000, 0.0000000000000000000 ) ) ;
#726 = DIRECTION ( 'NONE',  ( 1.000000000000000000, -0.0000000000000000000, 0.0000000000000000000 ) ) ;
#727 = CYLINDRICAL_SURFACE ( 'NONE', #3026, 2.025000000000000800 ) ;
#728 = ORIENTED_EDGE ( 'NONE', *, *, #852, .F. ) ;
#729 = DIRECTION ( 'NONE',  ( 1.000000000000000000, -0.0000000000000000000, -0.0000000000000000000 ) ) ;
#730 = ORIENTED_EDGE ( 'NONE', *, *, #173, .T. ) ;
#731 = ORIENTED_EDGE ( 'NONE', *, *, #1997, .T. ) ;
#732 = CARTESIAN_POINT ( 'NONE',  ( 4.724999999999991700, 176.0000000000000300, 16.00000000000000400 ) ) ;
#733 = ORIENTED_EDGE ( 'NONE', *, *, #6129, .T. ) ;
#734 = VECTOR ( 'NONE', #1033, 1000.000000000000000 ) ;
#735 = ADVANCED_FACE ( 'NONE', ( #2026 ), #2694, .F. ) ;
#736 = DIRECTION ( 'NONE',  ( 1.000000000000000000, -0.0000000000000000000, 0.0000000000000000000 ) ) ;
#737 = ORIENTED_EDGE ( 'NONE', *, *, #8096, .T. ) ;
#738 = LINE ( 'NONE', #325, #1528 ) ;
#739 = EDGE_CURVE ( 'NONE', #3106, #7761, #24, .T. ) ;
#740 = CARTESIAN_POINT ( 'NONE',  ( 4.724999999999991700, 32.00000000000000700, 16.00000000000000400 ) ) ;
#741 = AXIS2_PLACEMENT_3D ( 'NONE', #5394, #6366, #8887 ) ;
#742 = DIRECTION ( 'NONE',  ( 1.000000000000000000, -0.0000000000000000000, 0.0000000000000000000 ) ) ;
#743 = EDGE_LOOP ( 'NONE', ( #1005, #6316, #2204, #6855 ) ) ;
#744 = ORIENTED_EDGE ( 'NONE', *, *, #5052, .T. ) ;
#745 = VECTOR ( 'NONE', #8516, 1000.000000000000000 ) ;
#746 = CYLINDRICAL_SURFACE ( 'NONE', #1377, 2.025000000000004400 ) ;
#747 = CARTESIAN_POINT ( 'NONE',  ( -1.249999999999999800, 137.4318912319027400, -9.431891231902755000 ) ) ;
#748 = ADVANCED_FACE ( 'NONE', ( #4970 ), #2722, .F. ) ;
#749 = CARTESIAN_POINT ( 'NONE',  ( 1.250000000000000200, 6.568108768097243200, 9.431891231902760400 ) ) ;
#750 = CARTESIAN_POINT ( 'NONE',  ( 8.774999999999987900, 152.0000000000000300, 13.50000000000000000 ) ) ;
#751 = CARTESIAN_POINT ( 'NONE',  ( 1.250000000000000200, 12.68629150101524100, 2.024999999999999900 ) ) ;
#752 = DIRECTION ( 'NONE',  ( -1.000000000000000000, 0.0000000000000000000, 0.0000000000000000000 ) ) ;
#753 = DIRECTION ( 'NONE',  ( 1.000000000000000000, -0.0000000000000000000, -0.0000000000000000000 ) ) ;
#754 = ORIENTED_EDGE ( 'NONE', *, *, #9411, .T. ) ;
#755 = VERTEX_POINT ( 'NONE', #9508 ) ;
#756 = CARTESIAN_POINT ( 'NONE',  ( 1.250000000000000200, 36.68629150101524100, 0.0000000000000000000 ) ) ;
#757 = CYLINDRICAL_SURFACE ( 'NONE', #6520, 2.025000000000000800 ) ;
#758 = DIRECTION ( 'NONE',  ( 1.000000000000000000, 0.0000000000000000000, 0.0000000000000000000 ) ) ;
#759 = DIRECTION ( 'NONE',  ( 0.0000000000000000000, 0.7071067811865501300, -0.7071067811865450200 ) ) ;
#760 = CIRCLE ( 'NONE', #1576, 6.999999999999999100 ) ;
#761 = EDGE_CURVE ( 'NONE', #7357, #3124, #6839, .T. ) ;
#762 = CARTESIAN_POINT ( 'NONE',  ( -46.75000000000000000, 9.917172606141326300, 7.053390142335806500 ) ) ;
#763 = DIRECTION ( 'NONE',  ( 1.826024711554532900E-016, -0.0000000000000000000, 1.000000000000000000 ) ) ;
#764 = CARTESIAN_POINT ( 'NONE',  ( -1.249999999999999800, 112.0000000000000000, 8.000000000000000000 ) ) ;
#765 = ORIENTED_EDGE ( 'NONE', *, *, #6380, .T. ) ;
#766 = LINE ( 'NONE', #2031, #6401 ) ;
#767 = DIRECTION ( 'NONE',  ( 0.0000000000000000000, 0.0000000000000000000, -1.000000000000000000 ) ) ;
#768 = AXIS2_PLACEMENT_3D ( 'NONE', #9209, #5964, #2365 ) ;
#769 = CYLINDRICAL_SURFACE ( 'NONE', #7950, 2.024999999999990100 ) ;
#770 = ORIENTED_EDGE ( 'NONE', *, *, #4413, .F. ) ;
#771 = VERTEX_POINT ( 'NONE', #8670 ) ;
#772 = AXIS2_PLACEMENT_3D ( 'NONE', #1893, #8549, #7872 ) ;
#773 = DIRECTION ( 'NONE',  ( 1.000000000000000000, 0.0000000000000000000, 0.0000000000000000000 ) ) ;
#774 = VECTOR ( 'NONE', #2697, 1000.000000000000000 ) ;
#775 = EDGE_CURVE ( 'NONE', #5723, #7624, #1616, .T. ) ;
#776 = CARTESIAN_POINT ( 'NONE',  ( -1.249999999999999800, 41.43189123190276000, 9.431891231902762100 ) ) ;
#777 = FACE_BOUND ( 'NONE', #2970, .T. ) ;
#778 = ORIENTED_EDGE ( 'NONE', *, *, #239, .F. ) ;
#779 = DIRECTION ( 'NONE',  ( 3.652049423109066300E-016, -0.0000000000000000000, -1.000000000000000000 ) ) ;
#780 = CARTESIAN_POINT ( 'NONE',  ( -1.249999999999999800, 56.48528137423857500, -8.485281374238564200 ) ) ;
#781 = ORIENTED_EDGE ( 'NONE', *, *, #8142, .T. ) ;
#782 = CARTESIAN_POINT ( 'NONE',  ( 6.750000000000000900, 160.0000000000000000, -15.99999999999999600 ) ) ;
#783 = CARTESIAN_POINT ( 'NONE',  ( 0.0000000000000000000, 192.0000000000000000, 0.0000000000000000000 ) ) ;
#784 = LINE ( 'NONE', #7904, #2788 ) ;
#785 = EDGE_CURVE ( 'NONE', #6117, #3624, #4710, .T. ) ;
#786 = AXIS2_PLACEMENT_3D ( 'NONE', #7398, #8312, #7429 ) ;
#787 = DIRECTION ( 'NONE',  ( 1.000000000000000000, 0.0000000000000000000, 0.0000000000000000000 ) ) ;
#788 = CIRCLE ( 'NONE', #5322, 2.024999999999990100 ) ;
#789 = DIRECTION ( 'NONE',  ( 0.0000000000000000000, -0.7071067811865450200, 0.7071067811865501300 ) ) ;
#790 = EDGE_CURVE ( 'NONE', #7789, #5734, #8536, .T. ) ;
#791 = EDGE_LOOP ( 'NONE', ( #7927, #6679 ) ) ;
#792 = VERTEX_POINT ( 'NONE', #39 ) ;
#793 = VECTOR ( 'NONE', #4350, 1000.000000000000000 ) ;
#794 = CYLINDRICAL_SURFACE ( 'NONE', #2114, 2.024999999999998100 ) ;
#795 = CARTESIAN_POINT ( 'NONE',  ( 6.749999999999989300, 176.0000000000000300, 16.00000000000000400 ) ) ;
#796 = DIRECTION ( 'NONE',  ( 0.0000000000000000000, 0.0000000000000000000, -1.000000000000000000 ) ) ;
#797 = LINE ( 'NONE', #1187, #9572 ) ;
#798 = ORIENTED_EDGE ( 'NONE', *, *, #5288, .T. ) ;
#799 = ADVANCED_FACE ( 'NONE', ( #6574 ), #10121, .F. ) ;
#800 = DIRECTION ( 'NONE',  ( 0.0000000000000000000, -0.7071067811865463500, 0.7071067811865487900 ) ) ;
#801 = EDGE_CURVE ( 'NONE', #10133, #8907, #10913, .T. ) ;
#802 = EDGE_LOOP ( 'NONE', ( #7655, #5814, #8749, #7688 ) ) ;
#803 = ORIENTED_EDGE ( 'NONE', *, *, #5733, .F. ) ;
#804 = CIRCLE ( 'NONE', #10589, 6.999999999999999100 ) ;
#805 = DIRECTION ( 'NONE',  ( 3.652049423109066300E-016, -0.0000000000000000000, -1.000000000000000000 ) ) ;
#806 = LINE ( 'NONE', #10623, #2942 ) ;
#807 = ORIENTED_EDGE ( 'NONE', *, *, #5377, .F. ) ;
#808 = DIRECTION ( 'NONE',  ( 1.000000000000000000, -0.0000000000000000000, -0.0000000000000000000 ) ) ;
#809 = EDGE_CURVE ( 'NONE', #2890, #3558, #10789, .T. ) ;
#810 = PLANE ( 'NONE',  #10460 ) ;
#811 = ORIENTED_EDGE ( 'NONE', *, *, #5071, .F. ) ;
#812 = ORIENTED_EDGE ( 'NONE', *, *, #4761, .T. ) ;
#813 = LINE ( 'NONE', #5205, #10521 ) ;
#814 = VERTEX_POINT ( 'NONE', #2587 ) ;
#815 = CARTESIAN_POINT ( 'NONE',  ( -1.249999999999999800, 192.0000000000000000, 16.00000000000000000 ) ) ;
#816 = EDGE_CURVE ( 'NONE', #10683, #5724, #8811, .T. ) ;
#817 = FACE_OUTER_BOUND ( 'NONE', #8829, .T. ) ;
#818 = DIRECTION ( 'NONE',  ( 0.0000000000000000000, -0.7071067811865487900, -0.7071067811865463500 ) ) ;
#819 = DIRECTION ( 'NONE',  ( 3.652049423109066300E-016, -0.0000000000000000000, -1.000000000000000000 ) ) ;
#820 = CARTESIAN_POINT ( 'NONE',  ( 1.250000000000000200, 86.08282739385867900, 7.053390142335810100 ) ) ;
#821 = CARTESIAN_POINT ( 'NONE',  ( 1.250000000000000200, 55.05339014233580700, 9.917172606141324600 ) ) ;
#822 = ORIENTED_EDGE ( 'NONE', *, *, #8605, .T. ) ;
#823 = DIRECTION ( 'NONE',  ( 0.0000000000000000000, 0.0000000000000000000, -1.000000000000000000 ) ) ;
#824 = ORIENTED_EDGE ( 'NONE', *, *, #5260, .T. ) ;
#825 = VERTEX_POINT ( 'NONE', #5058 ) ;
#826 = DIRECTION ( 'NONE',  ( 1.000000000000000000, -0.0000000000000000000, -0.0000000000000000000 ) ) ;
#827 = ORIENTED_EDGE ( 'NONE', *, *, #5213, .T. ) ;
#828 = CARTESIAN_POINT ( 'NONE',  ( 6.749999999999990200, 88.00000000000002800, 13.50000000000000000 ) ) ;
#829 = FACE_BOUND ( 'NONE', #10672, .T. ) ;
#830 = FACE_OUTER_BOUND ( 'NONE', #6515, .T. ) ;
#831 = AXIS2_PLACEMENT_3D ( 'NONE', #2345, #7503, #10100 ) ;
#832 = ORIENTED_EDGE ( 'NONE', *, *, #1701, .T. ) ;
#833 = ORIENTED_EDGE ( 'NONE', *, *, #9268, .F. ) ;
#834 = ORIENTED_EDGE ( 'NONE', *, *, #7731, .F. ) ;
#835 = VERTEX_POINT ( 'NONE', #4253 ) ;
#836 = EDGE_CURVE ( 'NONE', #3624, #6117, #9462, .T. ) ;
#837 = VECTOR ( 'NONE', #3495, 1000.000000000000000 ) ;
#838 = DIRECTION ( 'NONE',  ( 3.652049423109066300E-016, -0.0000000000000000000, -1.000000000000000000 ) ) ;
#839 = ORIENTED_EDGE ( 'NONE', *, *, #6619, .F. ) ;
#840 = ADVANCED_FACE ( 'NONE', ( #7366 ), #3349, .F. ) ;
#841 = ORIENTED_EDGE ( 'NONE', *, *, #5733, .T. ) ;
#842 = CARTESIAN_POINT ( 'NONE',  ( 4.724999999999993400, 184.0000000000000000, 13.50000000000000000 ) ) ;
#843 = ORIENTED_EDGE ( 'NONE', *, *, #880, .T. ) ;
#844 = VERTEX_POINT ( 'NONE', #6041 ) ;
#845 = CIRCLE ( 'NONE', #2465, 2.024999999999999000 ) ;
#846 = DIRECTION ( 'NONE',  ( 0.0000000000000000000, 0.0000000000000000000, -1.000000000000000000 ) ) ;
#847 = EDGE_CURVE ( 'NONE', #5647, #9080, #6990, .T. ) ;
#848 = CIRCLE ( 'NONE', #5687, 2.025000000000002600 ) ;
#849 = ORIENTED_EDGE ( 'NONE', *, *, #9847, .F. ) ;
#850 = ADVANCED_FACE ( 'NONE', ( #451, #6329, #8159, #564, #8688, #4008, #7258, #1362, #1746, #10533, #9323, #2418, #4832, #829, #7121, #172, #8949, #1101, #9862, #2833, #6717, #6459, #9600, #4138 ), #1809, .F. ) ;
#851 = DIRECTION ( 'NONE',  ( -1.826024711554532900E-016, 0.0000000000000000000, 1.000000000000000000 ) ) ;
#852 = EDGE_CURVE ( 'NONE', #8559, #7610, #1892, .T. ) ;
#853 = EDGE_LOOP ( 'NONE', ( #316, #4232 ) ) ;
#854 = CARTESIAN_POINT ( 'NONE',  ( 6.749999999999990200, 152.0000000000000300, 13.50000000000000000 ) ) ;
#855 = ORIENTED_EDGE ( 'NONE', *, *, #9939, .T. ) ;
#856 = DIRECTION ( 'NONE',  ( 1.000000000000000000, 0.0000000000000000000, -0.0000000000000000000 ) ) ;
#857 = CARTESIAN_POINT ( 'NONE',  ( -1.249999999999999800, 34.56810876809746000, 10.56810876809731100 ) ) ;
#858 = COORDINATED_UNIVERSAL_TIME_OFFSET ( 6, 0, .BEHIND. ) ;
#859 = ORIENTED_EDGE ( 'NONE', *, *, #1007, .T. ) ;
#860 = DIRECTION ( 'NONE',  ( 0.0000000000000000000, 0.0000000000000000000, -1.000000000000000000 ) ) ;
#861 = CIRCLE ( 'NONE', #9138, 2.024999999999999900 ) ;
#862 = VERTEX_POINT ( 'NONE', #6933 ) ;
#863 = DIRECTION ( 'NONE',  ( 1.000000000000000000, 0.0000000000000000000, 0.0000000000000000000 ) ) ;
#864 = EDGE_CURVE ( 'NONE', #884, #6731, #5651, .T. ) ;
#865 = AXIS2_PLACEMENT_3D ( 'NONE', #9804, #4633, #1271 ) ;
#866 = EDGE_LOOP ( 'NONE', ( #9888, #10312, #5625, #145 ) ) ;
#867 = DIRECTION ( 'NONE',  ( 1.000000000000000000, 0.0000000000000000000, 0.0000000000000000000 ) ) ;
#868 = EDGE_LOOP ( 'NONE', ( #7083, #7146, #697, #4838, #10719 ) ) ;
#869 = DIRECTION ( 'NONE',  ( 0.0000000000000000000, 0.0000000000000000000, -1.000000000000000000 ) ) ;
#870 = CARTESIAN_POINT ( 'NONE',  ( 6.749999999999989300, 128.0000000000000000, 16.00000000000000400 ) ) ;
#871 = CARTESIAN_POINT ( 'NONE',  ( -1.249999999999999800, 131.3137084989847700, 2.024999999999999900 ) ) ;
#872 = CARTESIAN_POINT ( 'NONE',  ( 6.749999999999989300, 32.00000000000000700, 16.00000000000000400 ) ) ;
#873 = LINE ( 'NONE', #1898, #5950 ) ;
#874 = CIRCLE ( 'NONE', #6188, 6.999999999999999100 ) ;
#875 = EDGE_CURVE ( 'NONE', #6497, #1334, #6196, .T. ) ;
#876 = ORIENTED_EDGE ( 'NONE', *, *, #1, .T. ) ;
#877 = DIRECTION ( 'NONE',  ( -1.826024711554532900E-016, 0.0000000000000000000, 1.000000000000000000 ) ) ;
#878 = EDGE_LOOP ( 'NONE', ( #8704, #7269, #8602, #1635 ) ) ;
#879 = FACE_OUTER_BOUND ( 'NONE', #159, .T. ) ;
#880 = EDGE_CURVE ( 'NONE', #6768, #5920, #10410, .T. ) ;
#881 = CYLINDRICAL_SURFACE ( 'NONE', #6805, 2.024999999999990100 ) ;
#882 = AXIS2_PLACEMENT_3D ( 'NONE', #8327, #736, #6713 ) ;
#883 = DIRECTION ( 'NONE',  ( 0.0000000000000000000, 0.0000000000000000000, -1.000000000000000000 ) ) ;
#884 = VERTEX_POINT ( 'NONE', #1909 ) ;
#885 = LINE ( 'NONE', #7505, #3946 ) ;
#886 = CARTESIAN_POINT ( 'NONE',  ( -46.75000000000000000, 94.56810876809363700, 94.56810876809738900 ) ) ;
#887 = DIRECTION ( 'NONE',  ( -1.000000000000000000, 0.0000000000000000000, 0.0000000000000000000 ) ) ;
#888 = CARTESIAN_POINT ( 'NONE',  ( -1.249999999999999800, 109.4318912319026300, 13.43189123190273400 ) ) ;
#889 = CIRCLE ( 'NONE', #6604, 6.999999999999999100 ) ;
#890 = CARTESIAN_POINT ( 'NONE',  ( -1.249999999999999800, 61.43189123190261800, 13.43189123190273400 ) ) ;
#891 = DIRECTION ( 'NONE',  ( 0.0000000000000000000, -0.7071067811865513500, 0.7071067811865436900 ) ) ;
#892 = AXIS2_PLACEMENT_3D ( 'NONE', #3669, #9596, #2892 ) ;
#893 = ADVANCED_FACE ( 'NONE', ( #8412 ), #5367, .T. ) ;
#894 = CARTESIAN_POINT ( 'NONE',  ( 1.250000000000000200, 13.43189123190266600, 13.43189123190281200 ) ) ;
#895 = ORIENTED_EDGE ( 'NONE', *, *, #1443, .F. ) ;
#896 = EDGE_LOOP ( 'NONE', ( #10626, #2148, #3647, #1890, #6745 ) ) ;
#897 = CARTESIAN_POINT ( 'NONE',  ( 1.250000000000000200, 131.3137084989847700, -2.024999999999999900 ) ) ;
#898 = VECTOR ( 'NONE', #8390, 999.9999999999998900 ) ;
#899 = EDGE_CURVE ( 'NONE', #2900, #9865, #7913, .T. ) ;
#900 = FACE_BOUND ( 'NONE', #6370, .T. ) ;
#901 = DIRECTION ( 'NONE',  ( 1.000000000000000000, -0.0000000000000000000, 0.0000000000000000000 ) ) ;
#902 = DIRECTION ( 'NONE',  ( -1.000000000000000000, 0.0000000000000000000, 0.0000000000000000000 ) ) ;
#903 = ORIENTED_EDGE ( 'NONE', *, *, #6593, .T. ) ;
#905 = ADVANCED_FACE ( 'NONE', ( #3628 ), #6229, .F. ) ;
#904 = ORIENTED_EDGE ( 'NONE', *, *, #6129, .F. ) ;
#906 = AXIS2_PLACEMENT_3D ( 'NONE', #3657, #10421, #317 ) ;
#907 = VECTOR ( 'NONE', #9497, 1000.000000000000000 ) ;
#908 = DIRECTION ( 'NONE',  ( 1.000000000000000000, -0.0000000000000000000, 0.0000000000000000000 ) ) ;
#909 = LINE ( 'NONE', #5584, #9153 ) ;
#910 = EDGE_CURVE ( 'NONE', #4940, #5956, #5395, .T. ) ;
#911 = CARTESIAN_POINT ( 'NONE',  ( 4.724999999999991700, 40.00000000000000700, 16.00000000000000400 ) ) ;
#912 = AXIS2_PLACEMENT_3D ( 'NONE', #10302, #2684, #1709 ) ;
#913 = CARTESIAN_POINT ( 'NONE',  ( 6.750000000000000900, 112.0000000000000100, -15.99999999999999600 ) ) ;
#914 = ORIENTED_EDGE ( 'NONE', *, *, #3138, .T. ) ;
#915 = ORIENTED_EDGE ( 'NONE', *, *, #9542, .F. ) ;
#916 = FACE_OUTER_BOUND ( 'NONE', #8244, .T. ) ;
#917 = EDGE_CURVE ( 'NONE', #7499, #3328, #2542, .T. ) ;
#918 = DIRECTION ( 'NONE',  ( 1.000000000000000000, -0.0000000000000000000, 0.0000000000000000000 ) ) ;
#919 = ORIENTED_EDGE ( 'NONE', *, *, #9406, .T. ) ;
#920 = FACE_OUTER_BOUND ( 'NONE', #10555, .T. ) ;
#921 = LINE ( 'NONE', #4909, #8373 ) ;
#922 = DIRECTION ( 'NONE',  ( 3.652049423109066300E-016, 0.0000000000000000000, -1.000000000000000000 ) ) ;
#923 = CARTESIAN_POINT ( 'NONE',  ( 1.250000000000000200, 106.5681087680972900, 10.56810876809721700 ) ) ;
#924 = DIRECTION ( 'NONE',  ( 0.0000000000000000000, 0.0000000000000000000, -1.000000000000000000 ) ) ;
#925 = ORIENTED_EDGE ( 'NONE', *, *, #10742, .T. ) ;
#926 = DIRECTION ( 'NONE',  ( 1.826024711554532900E-016, -0.0000000000000000000, 1.000000000000000000 ) ) ;
#927 = DIRECTION ( 'NONE',  ( 3.652049423109066300E-016, 0.0000000000000000000, -1.000000000000000000 ) ) ;
#928 = EDGE_LOOP ( 'NONE', ( #2826, #7765 ) ) ;
#929 = CYLINDRICAL_SURFACE ( 'NONE', #980, 2.024999999999990100 ) ;
#930 = DIRECTION ( 'NONE',  ( 0.0000000000000000000, 0.0000000000000000000, -1.000000000000000000 ) ) ;
#931 = EDGE_CURVE ( 'NONE', #6047, #7341, #9072, .T. ) ;
#932 = AXIS2_PLACEMENT_3D ( 'NONE', #524, #561, #6537 ) ;
#933 = CIRCLE ( 'NONE', #9018, 2.025000000000004400 ) ;
#934 = AXIS2_PLACEMENT_3D ( 'NONE', #3954, #5737, #6557 ) ;
#935 = CARTESIAN_POINT ( 'NONE',  ( -1.249999999999999800, 112.0000000000000000, 5.974999999999997900 ) ) ;
#936 = CIRCLE ( 'NONE', #6942, 2.024999999999999000 ) ;
#937 = ORIENTED_EDGE ( 'NONE', *, *, #5934, .F. ) ;
#938 = ORIENTED_EDGE ( 'NONE', *, *, #880, .F. ) ;
#939 = DIRECTION ( 'NONE',  ( 0.0000000000000000000, 0.0000000000000000000, -1.000000000000000000 ) ) ;
#940 = ORIENTED_EDGE ( 'NONE', *, *, #8021, .F. ) ;
#941 = CARTESIAN_POINT ( 'NONE',  ( 8.774999999999987900, 40.00000000000000700, 16.00000000000000400 ) ) ;
#942 = LINE ( 'NONE', #3734, #2822 ) ;
#943 = DIRECTION ( 'NONE',  ( 1.000000000000000000, 0.0000000000000000000, 0.0000000000000000000 ) ) ;
#944 = VECTOR ( 'NONE', #7745, 999.9999999999998900 ) ;
#945 = EDGE_CURVE ( 'NONE', #4580, #6701, #1482, .T. ) ;
#946 = AXIS2_PLACEMENT_3D ( 'NONE', #10840, #3971, #10173 ) ;
#947 = DIRECTION ( 'NONE',  ( 3.652049423109066300E-016, -0.0000000000000000000, -1.000000000000000000 ) ) ;
#948 = VERTEX_POINT ( 'NONE', #5981 ) ;
#949 = DIRECTION ( 'NONE',  ( 3.652049423109066300E-016, -0.0000000000000000000, -1.000000000000000000 ) ) ;
#950 = ADVANCED_FACE ( 'NONE', ( #8032 ), #3493, .F. ) ;
#951 = ORIENTED_EDGE ( 'NONE', *, *, #6462, .T. ) ;
#952 = FACE_OUTER_BOUND ( 'NONE', #1011, .T. ) ;
#953 = EDGE_LOOP ( 'NONE', ( #6897, #6633, #6550, #8527 ) ) ;
#954 = LINE ( 'NONE', #9708, #5782 ) ;
#955 = CARTESIAN_POINT ( 'NONE',  ( -1.249999999999999800, 157.4318912319028200, -13.43189123190274400 ) ) ;
#956 = CARTESIAN_POINT ( 'NONE',  ( -1.249999999999999800, 40.00000000000000000, 8.000000000000000000 ) ) ;
#957 = VECTOR ( 'NONE', #949, 1000.000000000000000 ) ;
#958 = CARTESIAN_POINT ( 'NONE',  ( -1.249999999999999800, 36.68629150101524100, -2.024999999999999900 ) ) ;
#959 = ORIENTED_EDGE ( 'NONE', *, *, #6958, .F. ) ;
#960 = ORIENTED_EDGE ( 'NONE', *, *, #5065, .T. ) ;
#961 = ORIENTED_EDGE ( 'NONE', *, *, #1346, .T. ) ;
#962 = ORIENTED_EDGE ( 'NONE', *, *, #7956, .T. ) ;
#963 = DIRECTION ( 'NONE',  ( 1.000000000000000000, -0.0000000000000000000, -0.0000000000000000000 ) ) ;
#964 = ORIENTED_EDGE ( 'NONE', *, *, #5266, .T. ) ;
#965 = ADVANCED_FACE ( 'NONE', ( #7509 ), #6344, .F. ) ;
#966 = PLANE ( 'NONE',  #3373 ) ;
#967 = FACE_OUTER_BOUND ( 'NONE', #4647, .T. ) ;
#968 = DIRECTION ( 'NONE',  ( 1.000000000000000000, -0.0000000000000000000, 0.0000000000000000000 ) ) ;
#969 = FACE_OUTER_BOUND ( 'NONE', #8269, .T. ) ;
#970 = DIRECTION ( 'NONE',  ( 0.0000000000000000000, 0.0000000000000000000, 1.000000000000000000 ) ) ;
#971 = CARTESIAN_POINT ( 'NONE',  ( -1.249999999999999800, 153.4318912319027700, -6.568108768097234300 ) ) ;
#972 = ORIENTED_EDGE ( 'NONE', *, *, #151, .F. ) ;
#973 = ORIENTED_EDGE ( 'NONE', *, *, #4873, .T. ) ;
#974 = DIRECTION ( 'NONE',  ( -1.000000000000000000, 0.0000000000000000000, 0.0000000000000000000 ) ) ;
#975 = VERTEX_POINT ( 'NONE', #9362 ) ;
#976 = DIRECTION ( 'NONE',  ( 0.0000000000000000000, 0.0000000000000000000, -1.000000000000000000 ) ) ;
#977 = VERTEX_POINT ( 'NONE', #10218 ) ;
#978 = CYLINDRICAL_SURFACE ( 'NONE', #3627, 2.024999999999990100 ) ;
#979 = DIRECTION ( 'NONE',  ( 1.000000000000000000, -0.0000000000000000000, -0.0000000000000000000 ) ) ;
#980 = AXIS2_PLACEMENT_3D ( 'NONE', #6096, #8668, #2673 ) ;
#981 = DIRECTION ( 'NONE',  ( 1.000000000000000000, -0.0000000000000000000, -0.0000000000000000000 ) ) ;
#982 = CARTESIAN_POINT ( 'NONE',  ( 4.725000000000001400, 104.0000000000000100, -13.50000000000000200 ) ) ;
#983 = CARTESIAN_POINT ( 'NONE',  ( -1.249999999999999800, 158.0828273938587100, -7.053390142335805600 ) ) ;
#984 = FACE_OUTER_BOUND ( 'NONE', #3220, .T. ) ;
#985 = ORIENTED_EDGE ( 'NONE', *, *, #1445, .F. ) ;
#986 = ORIENTED_EDGE ( 'NONE', *, *, #2354, .F. ) ;
#987 = AXIS2_PLACEMENT_3D ( 'NONE', #3619, #1791, #9554 ) ;
#988 = PLANE ( 'NONE',  #4235 ) ;
#989 = VERTEX_POINT ( 'NONE', #9477 ) ;
#990 = DIRECTION ( 'NONE',  ( 3.652049423109066300E-016, -0.0000000000000000000, -1.000000000000000000 ) ) ;
#991 = EDGE_CURVE ( 'NONE', #6624, #6126, #2962, .T. ) ;
#992 = PLANE ( 'NONE',  #4339 ) ;
#993 = LINE ( 'NONE', #955, #3385 ) ;
#994 = LINE ( 'NONE', #3608, #10438 ) ;
#995 = ORIENTED_EDGE ( 'NONE', *, *, #1677, .T. ) ;
#996 = DIRECTION ( 'NONE',  ( 0.0000000000000000000, 0.0000000000000000000, -1.000000000000000000 ) ) ;
#997 = DIRECTION ( 'NONE',  ( 0.0000000000000000000, -0.7071067811865450200, 0.7071067811865501300 ) ) ;
#998 = DIRECTION ( 'NONE',  ( 0.0000000000000000000, 0.0000000000000000000, -1.000000000000000000 ) ) ;
#999 = ORIENTED_EDGE ( 'NONE', *, *, #10198, .F. ) ;
#1000 = ORIENTED_EDGE ( 'NONE', *, *, #6755, .F. ) ;
#1001 = EDGE_CURVE ( 'NONE', #10439, #7344, #3212, .T. ) ;
#1002 = AXIS2_PLACEMENT_3D ( 'NONE', #19, #6812, #692 ) ;
#1003 = LINE ( 'NONE', #4252, #6891 ) ;
#1004 = AXIS2_PLACEMENT_3D ( 'NONE', #5495, #6326, #385 ) ;
#1005 = ORIENTED_EDGE ( 'NONE', *, *, #8404, .F. ) ;
#1006 = LINE ( 'NONE', #5511, #5135 ) ;
#1007 = EDGE_CURVE ( 'NONE', #4757, #5648, #1758, .T. ) ;
#1008 = DIRECTION ( 'NONE',  ( 1.000000000000000000, -0.0000000000000000000, 0.0000000000000000000 ) ) ;
#1009 = DIRECTION ( 'NONE',  ( 0.0000000000000000000, -0.7071067811865463500, -0.7071067811865487900 ) ) ;
#1010 = DIRECTION ( 'NONE',  ( 0.0000000000000000000, -0.7071067811865513500, 0.7071067811865436900 ) ) ;
#1011 = EDGE_LOOP ( 'NONE', ( #27, #4510, #10105, #5482 ) ) ;
#1013 = ORIENTED_EDGE ( 'NONE', *, *, #3806, .F. ) ;
#1012 = ADVANCED_FACE ( 'NONE', ( #2559 ), #2292, .F. ) ;
#1014 = FACE_OUTER_BOUND ( 'NONE', #6596, .T. ) ;
#1015 = VECTOR ( 'NONE', #9848, 1000.000000000000100 ) ;
#1016 = EDGE_CURVE ( 'NONE', #9755, #977, #7489, .T. ) ;
#1017 = CARTESIAN_POINT ( 'NONE',  ( -1.249999999999999800, 128.0000000000000000, 8.000000000000000000 ) ) ;
#1018 = DIRECTION ( 'NONE',  ( 0.0000000000000000000, -0.7071067811865444600, -0.7071067811865505700 ) ) ;
#1019 = DIRECTION ( 'NONE',  ( 1.000000000000000000, -0.0000000000000000000, -0.0000000000000000000 ) ) ;
#1020 = DIRECTION ( 'NONE',  ( 0.0000000000000000000, 0.0000000000000000000, 1.000000000000000000 ) ) ;
#1021 = ORIENTED_EDGE ( 'NONE', *, *, #6394, .T. ) ;
#1022 = DIRECTION ( 'NONE',  ( -1.000000000000000000, 0.0000000000000000000, 0.0000000000000000000 ) ) ;
#1023 = DIRECTION ( 'NONE',  ( 1.000000000000000000, 0.0000000000000000000, 0.0000000000000000000 ) ) ;
#1024 = CYLINDRICAL_SURFACE ( 'NONE', #4943, 2.024999999999998100 ) ;
#1025 = ADVANCED_FACE ( 'NONE', ( #700 ), #1233, .F. ) ;
#1026 = DIRECTION ( 'NONE',  ( 1.000000000000000000, -0.0000000000000000000, 0.0000000000000000000 ) ) ;
#1027 = LINE ( 'NONE', #5473, #4641 ) ;
#1028 = EDGE_CURVE ( 'NONE', #4271, #8764, #6854, .T. ) ;
#1029 = CARTESIAN_POINT ( 'NONE',  ( -1.249999999999999800, 59.31370849898476600, 2.024999999999999900 ) ) ;
#1030 = DIRECTION ( 'NONE',  ( 0.0000000000000000000, -0.7071067811865513500, 0.7071067811865436900 ) ) ;
#1031 = ORIENTED_EDGE ( 'NONE', *, *, #4063, .T. ) ;
#1032 = EDGE_CURVE ( 'NONE', #7761, #2295, #686, .T. ) ;
#1033 = DIRECTION ( 'NONE',  ( 3.652049423109066300E-016, -0.0000000000000000000, -1.000000000000000000 ) ) ;
#1034 = CARTESIAN_POINT ( 'NONE',  ( 6.749999999999990200, 96.00000000000000000, 13.50000000000000000 ) ) ;
#1035 = VECTOR ( 'NONE', #9889, 1000.000000000000100 ) ;
#1036 = FACE_OUTER_BOUND ( 'NONE', #6826, .T. ) ;
#1037 = CARTESIAN_POINT ( 'NONE',  ( 6.749999999999990200, 8.000000000000007100, 13.50000000000000000 ) ) ;
#1038 = ORIENTED_EDGE ( 'NONE', *, *, #475, .F. ) ;
#1039 = DIRECTION ( 'NONE',  ( 1.000000000000000000, -0.0000000000000000000, -0.0000000000000000000 ) ) ;
#1040 = ORIENTED_EDGE ( 'NONE', *, *, #10687, .F. ) ;
#1041 = ORIENTED_EDGE ( 'NONE', *, *, #1716, .F. ) ;
#1042 = DIRECTION ( 'NONE',  ( 0.0000000000000000000, -1.000000000000000000, 0.0000000000000000000 ) ) ;
#1043 = CARTESIAN_POINT ( 'NONE',  ( -1.249999999999999800, 96.00000000000000000, 2.024999999999999900 ) ) ;
#1044 = FACE_BOUND ( 'NONE', #4358, .T. ) ;
#1045 = DIRECTION ( 'NONE',  ( -1.000000000000000000, 0.0000000000000000000, 0.0000000000000000000 ) ) ;
#1046 = AXIS2_PLACEMENT_3D ( 'NONE', #9155, #6671, #10921 ) ;
#1047 = CYLINDRICAL_SURFACE ( 'NONE', #1859, 2.025000000000004400 ) ;
#1048 = DIRECTION ( 'NONE',  ( 0.0000000000000000000, 0.0000000000000000000, -1.000000000000000000 ) ) ;
#1049 = EDGE_LOOP ( 'NONE', ( #9598, #1371 ) ) ;
#1050 = ORIENTED_EDGE ( 'NONE', *, *, #8984, .F. ) ;
#1051 = AXIS2_PLACEMENT_3D ( 'NONE', #1552, #3267, #10176 ) ;
#1052 = CYLINDRICAL_SURFACE ( 'NONE', #2461, 2.024999999999998100 ) ;
#1053 = DIRECTION ( 'NONE',  ( 1.000000000000000000, -0.0000000000000000000, -0.0000000000000000000 ) ) ;
#1054 = CARTESIAN_POINT ( 'NONE',  ( 1.250000000000000200, 176.0000000000000300, 8.000000000000000000 ) ) ;
#1055 = VECTOR ( 'NONE', #10629, 1000.000000000000000 ) ;
#1056 = EDGE_CURVE ( 'NONE', #2508, #2170, #10551, .T. ) ;
#1057 = DIRECTION ( 'NONE',  ( 1.826024711554532900E-016, -0.0000000000000000000, 1.000000000000000000 ) ) ;
#1058 = CARTESIAN_POINT ( 'NONE',  ( 8.774999999999998600, 128.0000000000000000, -13.50000000000000200 ) ) ;
#1059 = LINE ( 'NONE', #2388, #2236 ) ;
#1060 = CARTESIAN_POINT ( 'NONE',  ( 6.749999999999989300, 120.0000000000000300, 16.00000000000000400 ) ) ;
#1061 = ORIENTED_EDGE ( 'NONE', *, *, #10354, .T. ) ;
#1062 = EDGE_LOOP ( 'NONE', ( #2938, #9415, #10568, #3319 ) ) ;
#1063 = CARTESIAN_POINT ( 'NONE',  ( 1.250000000000000200, 158.0828273938586800, 7.053390142335810100 ) ) ;
#1064 = LINE ( 'NONE', #1699, #664 ) ;
#1065 = DIRECTION ( 'NONE',  ( 1.000000000000000000, -0.0000000000000000000, 0.0000000000000000000 ) ) ;
#1066 = DIRECTION ( 'NONE',  ( 0.0000000000000000000, 0.0000000000000000000, -1.000000000000000000 ) ) ;
#1067 = CIRCLE ( 'NONE', #1976, 2.024999999999999900 ) ;
#1068 = EDGE_CURVE ( 'NONE', #2853, #6775, #6054, .T. ) ;
#1069 = VECTOR ( 'NONE', #7906, 1000.000000000000000 ) ;
#1070 = AXIS2_PLACEMENT_3D ( 'NONE', #9483, #4408, #7044 ) ;
#1071 = EDGE_LOOP ( 'NONE', ( #985, #3787 ) ) ;
#1072 = EDGE_CURVE ( 'NONE', #9510, #2096, #9982, .T. ) ;
#1073 = ORIENTED_EDGE ( 'NONE', *, *, #2506, .F. ) ;
#1074 = EDGE_LOOP ( 'NONE', ( #1490, #5134, #5756, #2831 ) ) ;
#1075 = CARTESIAN_POINT ( 'NONE',  ( 1.250000000000000200, 34.56810876809746000, 10.56810876809731100 ) ) ;
#1076 = CIRCLE ( 'NONE', #8055, 6.999999999999999100 ) ;
#1077 = DIRECTION ( 'NONE',  ( -1.000000000000000000, 0.0000000000000000000, 0.0000000000000000000 ) ) ;
#1078 = LINE ( 'NONE', #2584, #6555 ) ;
#1079 = ADVANCED_FACE ( 'NONE', ( #7132 ), #5207, .F. ) ;
#1080 = CARTESIAN_POINT ( 'NONE',  ( 6.750000000000000000, 80.00000000000001400, -13.50000000000000200 ) ) ;
#1081 = ORIENTED_EDGE ( 'NONE', *, *, #6567, .T. ) ;
#1082 = CARTESIAN_POINT ( 'NONE',  ( 1.250000000000000200, 87.51471862576144600, -8.485281374238566000 ) ) ;
#1083 = CARTESIAN_POINT ( 'NONE',  ( 6.749999999999989300, 136.0000000000000000, 16.00000000000000400 ) ) ;
#1084 = EDGE_CURVE ( 'NONE', #7599, #2701, #38, .T. ) ;
#1085 = AXIS2_PLACEMENT_3D ( 'NONE', #1740, #1820, #8555 ) ;
#1086 = CARTESIAN_POINT ( 'NONE',  ( -1.249999999999999800, 150.5681087680972300, 9.431891231902756800 ) ) ;
#1087 = ORIENTED_EDGE ( 'NONE', *, *, #3653, .T. ) ;
#1088 = EDGE_LOOP ( 'NONE', ( #10422, #8115, #4785, #1301 ) ) ;
#1089 = AXIS2_PLACEMENT_3D ( 'NONE', #3125, #3054, #10730 ) ;
#1090 = FACE_BOUND ( 'NONE', #651, .T. ) ;
#1091 = CARTESIAN_POINT ( 'NONE',  ( 6.749999999999989300, 104.0000000000000100, 16.00000000000000400 ) ) ;
#1092 = LINE ( 'NONE', #6705, #1483 ) ;
#1093 = DIRECTION ( 'NONE',  ( 3.652049423109066300E-016, -0.0000000000000000000, -1.000000000000000000 ) ) ;
#1094 = VERTEX_POINT ( 'NONE', #2692 ) ;
#1095 = PLANE ( 'NONE',  #4065 ) ;
#1096 = EDGE_CURVE ( 'NONE', #4678, #7563, #8824, .T. ) ;
#1097 = CARTESIAN_POINT ( 'NONE',  ( 1.250000000000000200, 110.0828273938586900, -7.053390142335802100 ) ) ;
#1098 = CARTESIAN_POINT ( 'NONE',  ( -1.249999999999999800, 104.4852813742385800, -10.51028137423856800 ) ) ;
#1099 = ORIENTED_EDGE ( 'NONE', *, *, #8522, .F. ) ;
#1100 = ORIENTED_EDGE ( 'NONE', *, *, #5886, .T. ) ;
#1101 = FACE_BOUND ( 'NONE', #6224, .T. ) ;
#1102 = EDGE_CURVE ( 'NONE', #602, #10143, #9450, .T. ) ;
#1103 = CARTESIAN_POINT ( 'NONE',  ( -1.250000000000001100, 184.0000000000000000, 8.000000000000019500 ) ) ;
#1104 = LINE ( 'NONE', #1474, #453 ) ;
#1105 = AXIS2_PLACEMENT_3D ( 'NONE', #5269, #1965, #4466 ) ;
#1106 = CARTESIAN_POINT ( 'NONE',  ( 1.250000000000000200, 31.05339014233581500, -9.917172606141326300 ) ) ;
#1107 = DIRECTION ( 'NONE',  ( 1.000000000000000000, -0.0000000000000000000, -0.0000000000000000000 ) ) ;
#1108 = ORIENTED_EDGE ( 'NONE', *, *, #2780, .F. ) ;
#1109 = EDGE_LOOP ( 'NONE', ( #6492, #1252, #1281, #10155, #5681 ) ) ;
#1110 = ORIENTED_EDGE ( 'NONE', *, *, #1208, .T. ) ;
#1111 = ORIENTED_EDGE ( 'NONE', *, *, #3985, .T. ) ;
#1112 =( NAMED_UNIT ( * ) SI_UNIT ( $, .STERADIAN. ) SOLID_ANGLE_UNIT ( ) );
#1113 = ORIENTED_EDGE ( 'NONE', *, *, #1583, .T. ) ;
#1114 = DIRECTION ( 'NONE',  ( 0.0000000000000000000, 0.7071067811865463500, 0.7071067811865487900 ) ) ;
#1115 = LINE ( 'NONE', #4963, #9872 ) ;
#1116 = DIRECTION ( 'NONE',  ( 1.000000000000000000, -0.0000000000000000000, 0.0000000000000000000 ) ) ;
#1117 = VERTEX_POINT ( 'NONE', #1956 ) ;
#1118 = CARTESIAN_POINT ( 'NONE',  ( 1.250000000000000200, 112.9466098576642100, -9.917172606141322800 ) ) ;
#1119 = VERTEX_POINT ( 'NONE', #4455 ) ;
#1120 = DIRECTION ( 'NONE',  ( -1.000000000000000000, 0.0000000000000000000, 0.0000000000000000000 ) ) ;
#1121 = VERTEX_POINT ( 'NONE', #6237 ) ;
#1122 = CARTESIAN_POINT ( 'NONE',  ( -1.249999999999999800, 38.56810876809724700, -6.568108768097241400 ) ) ;
#1123 = EDGE_CURVE ( 'NONE', #3328, #7499, #4023, .T. ) ;
#1124 = DIRECTION ( 'NONE',  ( 0.0000000000000000000, 0.0000000000000000000, -1.000000000000000000 ) ) ;
#1125 = LINE ( 'NONE', #1842, #6071 ) ;
#1126 = VERTEX_POINT ( 'NONE', #1872 ) ;
#1127 = CARTESIAN_POINT ( 'NONE',  ( 1.250000000000000200, 104.4852813742385800, -10.51028137423856800 ) ) ;
#1128 = ORIENTED_EDGE ( 'NONE', *, *, #1072, .T. ) ;
#1129 = DIRECTION ( 'NONE',  ( -1.000000000000000000, 0.0000000000000000000, 0.0000000000000000000 ) ) ;
#1130 = AXIS2_PLACEMENT_3D ( 'NONE', #5974, #2563, #10977 ) ;
#1131 = CARTESIAN_POINT ( 'NONE',  ( -1.249999999999999800, 102.5681087680972500, -9.431891231902755000 ) ) ;
#1132 = VERTEX_POINT ( 'NONE', #4493 ) ;
#1133 = DIRECTION ( 'NONE',  ( 0.0000000000000000000, 0.0000000000000000000, -1.000000000000000000 ) ) ;
#1134 = DIRECTION ( 'NONE',  ( 1.000000000000000000, -0.0000000000000000000, 0.0000000000000000000 ) ) ;
#1135 = VECTOR ( 'NONE', #182, 1000.000000000000000 ) ;
#1136 = ORIENTED_EDGE ( 'NONE', *, *, #8539, .T. ) ;
#1137 = LINE ( 'NONE', #7287, #5427 ) ;
#1138 = ORIENTED_EDGE ( 'NONE', *, *, #4505, .T. ) ;
#1139 = ADVANCED_FACE ( 'NONE', ( #5244 ), #2775, .T. ) ;
#1140 = AXIS2_PLACEMENT_3D ( 'NONE', #7885, #3457, #8566 ) ;
#1141 = DIRECTION ( 'NONE',  ( -1.000000000000000000, 0.0000000000000000000, 0.0000000000000000000 ) ) ;
#1142 = EDGE_CURVE ( 'NONE', #10289, #2284, #10257, .T. ) ;
#1143 = ORIENTED_EDGE ( 'NONE', *, *, #10725, .F. ) ;
#1144 = CARTESIAN_POINT ( 'NONE',  ( 4.725000000000003200, 56.00000000000000700, -15.99999999999999600 ) ) ;
#1145 = CARTESIAN_POINT ( 'NONE',  ( -1.249999999999999800, 105.4318912319027500, 6.568108768097250300 ) ) ;
#1146 = EDGE_LOOP ( 'NONE', ( #8927, #7848, #1915, #7094 ) ) ;
#1147 = FACE_OUTER_BOUND ( 'NONE', #10893, .T. ) ;
#1148 = CARTESIAN_POINT ( 'NONE',  ( -1.250000000000001100, 8.000000000000000000, 5.974999999999994300 ) ) ;
#1149 = LINE ( 'NONE', #1794, #2594 ) ;
#1150 = DIRECTION ( 'NONE',  ( 0.0000000000000000000, 0.7071067811865450200, 0.7071067811865501300 ) ) ;
#1151 = EDGE_CURVE ( 'NONE', #8832, #3926, #5767, .T. ) ;
#1152 = AXIS2_PLACEMENT_3D ( 'NONE', #10490, #430, #8092 ) ;
#1153 = ORIENTED_EDGE ( 'NONE', *, *, #931, .T. ) ;
#1154 = ORIENTED_EDGE ( 'NONE', *, *, #7104, .T. ) ;
#1155 = AXIS2_PLACEMENT_3D ( 'NONE', #854, #5000, #712 ) ;
#1156 = DIRECTION ( 'NONE',  ( 0.0000000000000000000, -0.7071067811865513500, 0.7071067811865436900 ) ) ;
#1157 = DIRECTION ( 'NONE',  ( 1.000000000000000000, -0.0000000000000000000, -0.0000000000000000000 ) ) ;
#1158 = VECTOR ( 'NONE', #10523, 1000.000000000000000 ) ;
#1159 = EDGE_CURVE ( 'NONE', #6701, #4580, #7757, .T. ) ;
#1160 = DIRECTION ( 'NONE',  ( 1.000000000000000000, -0.0000000000000000000, 0.0000000000000000000 ) ) ;
#1161 = VECTOR ( 'NONE', #2334, 1000.000000000000000 ) ;
#1162 = DIRECTION ( 'NONE',  ( 1.000000000000000000, -0.0000000000000000000, -0.0000000000000000000 ) ) ;
#1163 = EDGE_LOOP ( 'NONE', ( #7309, #342, #439, #8131 ) ) ;
#1164 = EDGE_LOOP ( 'NONE', ( #2726, #3637 ) ) ;
#1165 = CARTESIAN_POINT ( 'NONE',  ( -1.249999999999999800, 36.68629150101524100, 2.024999999999999900 ) ) ;
#1166 = LINE ( 'NONE', #1675, #6111 ) ;
#1167 = EDGE_CURVE ( 'NONE', #5724, #6612, #6594, .T. ) ;
#1168 = CC_DESIGN_SECURITY_CLASSIFICATION ( #10339, ( #2496 ) ) ;
#1169 = CIRCLE ( 'NONE', #5672, 2.025000000000002600 ) ;
#1170 = CARTESIAN_POINT ( 'NONE',  ( 1.250000000000000200, 160.0000000000000300, 5.974999999999997900 ) ) ;
#1171 = DIRECTION ( 'NONE',  ( 0.0000000000000000000, 0.0000000000000000000, -1.000000000000000000 ) ) ;
#1172 = AXIS2_PLACEMENT_3D ( 'NONE', #8302, #4047, #2300 ) ;
#1173 = DIRECTION ( 'NONE',  ( 0.0000000000000000000, 0.0000000000000000000, 1.000000000000000000 ) ) ;
#1174 = CARTESIAN_POINT ( 'NONE',  ( -1.249999999999999800, 89.43189123190276700, -9.431891231902755000 ) ) ;
#1175 = ORIENTED_EDGE ( 'NONE', *, *, #9955, .T. ) ;
#1176 = ORIENTED_EDGE ( 'NONE', *, *, #8821, .F. ) ;
#1177 = CARTESIAN_POINT ( 'NONE',  ( 1.250000000000000200, 79.99999999999998600, 8.000000000000000000 ) ) ;
#1178 = LINE ( 'NONE', #10075, #6410 ) ;
#1179 = DIRECTION ( 'NONE',  ( 0.0000000000000000000, 0.7071067811865501300, 0.7071067811865450200 ) ) ;
#1180 = DIRECTION ( 'NONE',  ( 1.000000000000000000, 0.0000000000000000000, 0.0000000000000000000 ) ) ;
#1181 = LINE ( 'NONE', #8948, #5319 ) ;
#1182 = APPLICATION_CONTEXT ( 'configuration controlled 3d designs of mechanical parts and assemblies' ) ;
#1183 = ORIENTED_EDGE ( 'NONE', *, *, #4190, .F. ) ;
#1184 = CARTESIAN_POINT ( 'NONE',  ( -1.249999999999999800, 136.9466098576641900, -9.917172606141322800 ) ) ;
#1185 = ORIENTED_EDGE ( 'NONE', *, *, #5333, .T. ) ;
#1186 = LINE ( 'NONE', #7444, #2497 ) ;
#1187 = CARTESIAN_POINT ( 'NONE',  ( 1.250000000000000200, 157.4318912319028200, -13.43189123190274400 ) ) ;
#1188 = CIRCLE ( 'NONE', #5874, 2.024999999999998100 ) ;
#1189 = CARTESIAN_POINT ( 'NONE',  ( -1.249999999999999800, 0.0000000000000000000, 2.024999999999999900 ) ) ;
#1190 = ADVANCED_FACE ( 'NONE', ( #5521 ), #9997, .F. ) ;
#1191 = CARTESIAN_POINT ( 'NONE',  ( -1.249999999999999800, 40.00000000000000700, -7.999999999999996400 ) ) ;
#1192 = ORIENTED_EDGE ( 'NONE', *, *, #4956, .F. ) ;
#1193 = DIRECTION ( 'NONE',  ( 1.000000000000000000, 0.0000000000000000000, 0.0000000000000000000 ) ) ;
#1194 = ORIENTED_EDGE ( 'NONE', *, *, #222, .T. ) ;
#1195 = VECTOR ( 'NONE', #8101, 1000.000000000000000 ) ;
#1196 = CARTESIAN_POINT ( 'NONE',  ( 1.250000000000000200, 10.56810876809722000, -10.56810876809725700 ) ) ;
#1197 = ORIENTED_EDGE ( 'NONE', *, *, #6453, .T. ) ;
#1198 = AXIS2_PLACEMENT_3D ( 'NONE', #9919, #9044, #8942 ) ;
#1199 = CIRCLE ( 'NONE', #7417, 2.024999999999997200 ) ;
#1200 = CYLINDRICAL_SURFACE ( 'NONE', #5536, 2.024999999999998100 ) ;
#1201 = DIRECTION ( 'NONE',  ( 0.0000000000000000000, 0.0000000000000000000, -1.000000000000000000 ) ) ;
#1202 = EDGE_CURVE ( 'NONE', #6076, #7174, #954, .T. ) ;
#1203 = ORIENTED_EDGE ( 'NONE', *, *, #10452, .F. ) ;
#1204 = CARTESIAN_POINT ( 'NONE',  ( -1.249999999999999800, 48.00000000000000000, 0.0000000000000000000 ) ) ;
#1205 = CARTESIAN_POINT ( 'NONE',  ( -1.249999999999999800, 35.31370849898475900, -2.024999999999999900 ) ) ;
#1206 = ORIENTED_EDGE ( 'NONE', *, *, #5626, .F. ) ;
#1207 = VECTOR ( 'NONE', #2632, 1000.000000000000100 ) ;
#1208 = EDGE_CURVE ( 'NONE', #2044, #643, #2846, .T. ) ;
#1209 = CARTESIAN_POINT ( 'NONE',  ( -1.249999999999999800, 63.51471862576143900, -8.485281374238566000 ) ) ;
#1210 = LINE ( 'NONE', #5137, #9960 ) ;
#1211 = ORIENTED_EDGE ( 'NONE', *, *, #5701, .F. ) ;
#1212 = CARTESIAN_POINT ( 'NONE',  ( 4.724999999999991700, 56.00000000000000700, 16.00000000000000400 ) ) ;
#1213 = DIRECTION ( 'NONE',  ( 1.000000000000000000, -0.0000000000000000000, 0.0000000000000000000 ) ) ;
#1214 = ORIENTED_EDGE ( 'NONE', *, *, #931, .F. ) ;
#1215 = CARTESIAN_POINT ( 'NONE',  ( 8.774999999999987900, 176.0000000000000300, 13.50000000000000000 ) ) ;
#1216 = VERTEX_POINT ( 'NONE', #10574 ) ;
#1217 = FACE_BOUND ( 'NONE', #1163, .T. ) ;
#1218 = EDGE_CURVE ( 'NONE', #4698, #3075, #7772, .T. ) ;
#1219 = AXIS2_PLACEMENT_3D ( 'NONE', #5385, #9798, #10622 ) ;
#1220 = AXIS2_PLACEMENT_3D ( 'NONE', #2177, #1402, #591 ) ;
#1221 = CARTESIAN_POINT ( 'NONE',  ( -1.249999999999999800, 176.4852813742385800, -8.485281374238564200 ) ) ;
#1222 = DIRECTION ( 'NONE',  ( 0.0000000000000000000, 0.0000000000000000000, -1.000000000000000000 ) ) ;
#1223 = FACE_OUTER_BOUND ( 'NONE', #5939, .T. ) ;
#1224 = EDGE_CURVE ( 'NONE', #448, #573, #8293, .T. ) ;
#1225 = CARTESIAN_POINT ( 'NONE',  ( 1.250000000000000200, 40.00000000000000000, 8.000000000000000000 ) ) ;
#1226 = CARTESIAN_POINT ( 'NONE',  ( -1.249999999999999800, 48.00000000000000000, 2.024999999999999900 ) ) ;
#1227 = ORIENTED_EDGE ( 'NONE', *, *, #2786, .T. ) ;
#1228 = ORIENTED_EDGE ( 'NONE', *, *, #4858, .T. ) ;
#1229 = LINE ( 'NONE', #983, #10654 ) ;
#1230 = CARTESIAN_POINT ( 'NONE',  ( 1.250000000000000200, 40.00000000000000000, 8.000000000000000000 ) ) ;
#1231 = ORIENTED_EDGE ( 'NONE', *, *, #7865, .T. ) ;
#1232 = CARTESIAN_POINT ( 'NONE',  ( -1.249999999999999800, 108.6862915010152500, 0.0000000000000000000 ) ) ;
#1233 = CYLINDRICAL_SURFACE ( 'NONE', #7285, 2.025000000000002600 ) ;
#1234 = DIRECTION ( 'NONE',  ( 0.0000000000000000000, 0.0000000000000000000, -1.000000000000000000 ) ) ;
#1235 = LINE ( 'NONE', #10118, #4129 ) ;
#1236 = EDGE_CURVE ( 'NONE', #2284, #10289, #5117, .T. ) ;
#1237 = AXIS2_PLACEMENT_3D ( 'NONE', #913, #25, #6900 ) ;
#1238 = CARTESIAN_POINT ( 'NONE',  ( -1.249999999999999800, 34.56810876809729600, -10.56810876809726100 ) ) ;
#1239 = VERTEX_POINT ( 'NONE', #1739 ) ;
#1240 = AXIS2_PLACEMENT_3D ( 'NONE', #75, #5279, #7793 ) ;
#1241 = VERTEX_POINT ( 'NONE', #6874 ) ;
#1242 = CARTESIAN_POINT ( 'NONE',  ( -1.249999999999999800, 106.5681087680973000, -10.56810876809726100 ) ) ;
#1243 = ORIENTED_EDGE ( 'NONE', *, *, #5500, .F. ) ;
#1244 = EDGE_LOOP ( 'NONE', ( #7365, #7008 ) ) ;
#1245 = DIRECTION ( 'NONE',  ( 1.000000000000000000, -0.0000000000000000000, -0.0000000000000000000 ) ) ;
#1246 = ORIENTED_EDGE ( 'NONE', *, *, #5288, .F. ) ;
#1247 = VECTOR ( 'NONE', #4446, 1000.000000000000000 ) ;
#1248 = VECTOR ( 'NONE', #9434, 1000.000000000000000 ) ;
#1249 = EDGE_CURVE ( 'NONE', #9442, #4398, #4845, .T. ) ;
#1250 = DIRECTION ( 'NONE',  ( 1.000000000000000000, -0.0000000000000000000, -0.0000000000000000000 ) ) ;
#1251 = VERTEX_POINT ( 'NONE', #3631 ) ;
#1252 = ORIENTED_EDGE ( 'NONE', *, *, #7785, .T. ) ;
#1253 = ADVANCED_FACE ( 'NONE', ( #969 ), #3772, .F. ) ;
#1254 = ORIENTED_EDGE ( 'NONE', *, *, #9892, .T. ) ;
#1255 = EDGE_CURVE ( 'NONE', #2583, #2882, #9337, .T. ) ;
#1256 = DIRECTION ( 'NONE',  ( 0.0000000000000000000, -0.7071067811865444600, -0.7071067811865505700 ) ) ;
#1257 = EDGE_LOOP ( 'NONE', ( #3391, #2819, #1366, #10261 ) ) ;
#1258 = FACE_OUTER_BOUND ( 'NONE', #1511, .T. ) ;
#1259 = DIRECTION ( 'NONE',  ( 0.0000000000000000000, 0.0000000000000000000, -1.000000000000000000 ) ) ;
#1260 = VECTOR ( 'NONE', #3859, 1000.000000000000000 ) ;
#1261 = ORIENTED_EDGE ( 'NONE', *, *, #1328, .F. ) ;
#1262 = ORIENTED_EDGE ( 'NONE', *, *, #9236, .F. ) ;
#1263 = AXIS2_PLACEMENT_3D ( 'NONE', #8601, #5091, #9400 ) ;
#1264 = FACE_OUTER_BOUND ( 'NONE', #9115, .T. ) ;
#1265 = CARTESIAN_POINT ( 'NONE',  ( -1.249999999999999800, 58.56810876809729600, 10.56810876809721700 ) ) ;
#1266 = LINE ( 'NONE', #1697, #6081 ) ;
#1267 = ORIENTED_EDGE ( 'NONE', *, *, #7148, .F. ) ;
#1268 = DIRECTION ( 'NONE',  ( -1.000000000000000000, 0.0000000000000000000, 0.0000000000000000000 ) ) ;
#1269 = DIRECTION ( 'NONE',  ( 1.000000000000000000, -0.0000000000000000000, -0.0000000000000000000 ) ) ;
#1270 = EDGE_CURVE ( 'NONE', #2944, #4285, #1495, .T. ) ;
#1271 = DIRECTION ( 'NONE',  ( 0.0000000000000000000, -0.7071067811865487900, -0.7071067811865463500 ) ) ;
#1272 = ORIENTED_EDGE ( 'NONE', *, *, #511, .F. ) ;
#1273 = EDGE_LOOP ( 'NONE', ( #6672, #8099, #2703, #338 ) ) ;
#1274 = CYLINDRICAL_SURFACE ( 'NONE', #6801, 2.024999999999998100 ) ;
#1275 = CARTESIAN_POINT ( 'NONE',  ( 10.75000000000000400, 192.0000000000000000, -13.50000000000000000 ) ) ;
#1276 = ORIENTED_EDGE ( 'NONE', *, *, #4458, .F. ) ;
#1277 = CARTESIAN_POINT ( 'NONE',  ( 1.250000000000000200, 109.4318912319027800, -13.43189123190275300 ) ) ;
#1278 = FACE_OUTER_BOUND ( 'NONE', #9890, .T. ) ;
#1279 = CARTESIAN_POINT ( 'NONE',  ( 1.250000000000000200, 155.3137084989847700, 2.024999999999999900 ) ) ;
#1280 = DIRECTION ( 'NONE',  ( 1.000000000000000000, -0.0000000000000000000, -0.0000000000000000000 ) ) ;
#1281 = ORIENTED_EDGE ( 'NONE', *, *, #8413, .T. ) ;
#1282 = DIRECTION ( 'NONE',  ( 1.000000000000000000, 0.0000000000000000000, 0.0000000000000000000 ) ) ;
#1283 = VERTEX_POINT ( 'NONE', #9844 ) ;
#1284 = EDGE_CURVE ( 'NONE', #10163, #6571, #10271, .T. ) ;
#1285 = FACE_OUTER_BOUND ( 'NONE', #444, .T. ) ;
#1286 = AXIS2_PLACEMENT_3D ( 'NONE', #795, #1606, #4976 ) ;
#1287 = VECTOR ( 'NONE', #6298, 1000.000000000000000 ) ;
#1288 = CARTESIAN_POINT ( 'NONE',  ( 8.774999999999987900, 96.00000000000000000, 16.00000000000000400 ) ) ;
#1289 = EDGE_CURVE ( 'NONE', #1463, #5724, #9087, .T. ) ;
#1290 = VERTEX_POINT ( 'NONE', #2040 ) ;
#1291 = ORIENTED_EDGE ( 'NONE', *, *, #8061, .F. ) ;
#1292 = VECTOR ( 'NONE', #7839, 1000.000000000000000 ) ;
#1293 = VECTOR ( 'NONE', #8681, 1000.000000000000100 ) ;
#1294 = CARTESIAN_POINT ( 'NONE',  ( 1.250000000000000200, 14.08282739385868400, -7.053390142335803900 ) ) ;
#1295 = EDGE_CURVE ( 'NONE', #1622, #117, #8275, .T. ) ;
#1296 = AXIS2_PLACEMENT_3D ( 'NONE', #5711, #6506, #2153 ) ;
#1297 = AXIS2_PLACEMENT_3D ( 'NONE', #2891, #1250, #4610 ) ;
#1298 = DIRECTION ( 'NONE',  ( 1.000000000000000000, -0.0000000000000000000, -0.0000000000000000000 ) ) ;
#1299 = CARTESIAN_POINT ( 'NONE',  ( -1.249999999999999800, 110.5681087680972500, -6.568108768097241400 ) ) ;
#1300 = ORIENTED_EDGE ( 'NONE', *, *, #9591, .F. ) ;
#1302 = ADVANCED_FACE ( 'NONE', ( #4290 ), #8551, .F. ) ;
#1301 = ORIENTED_EDGE ( 'NONE', *, *, #7919, .T. ) ;
#1303 = CYLINDRICAL_SURFACE ( 'NONE', #1556, 2.025000000000004400 ) ;
#1304 = CARTESIAN_POINT ( 'NONE',  ( 6.749999999999989300, 24.00000000000000700, 16.00000000000000400 ) ) ;
#1305 = CIRCLE ( 'NONE', #657, 2.025000000000004400 ) ;
#1306 = CARTESIAN_POINT ( 'NONE',  ( 8.774999999999987900, 96.00000000000000000, 16.00000000000000400 ) ) ;
#1307 = CARTESIAN_POINT ( 'NONE',  ( -1.249999999999999800, 12.68629150101524100, 0.0000000000000000000 ) ) ;
#1308 = ORIENTED_EDGE ( 'NONE', *, *, #2710, .F. ) ;
#1309 = EDGE_LOOP ( 'NONE', ( #9741, #3665, #1379, #9447 ) ) ;
#1310 = EDGE_CURVE ( 'NONE', #7157, #7343, #8044, .T. ) ;
#1311 = CARTESIAN_POINT ( 'NONE',  ( 1.250000000000000200, 56.48528137423856100, 8.485281374238569500 ) ) ;
#1312 = LINE ( 'NONE', #9489, #2488 ) ;
#1313 = ADVANCED_FACE ( 'NONE', ( #10802 ), #1617, .F. ) ;
#1314 = CARTESIAN_POINT ( 'NONE',  ( -1.249999999999999800, 176.4852813742385800, -8.485281374238564200 ) ) ;
#1315 = AXIS2_PLACEMENT_3D ( 'NONE', #10475, #5489, #5454 ) ;
#1316 = CARTESIAN_POINT ( 'NONE',  ( -1.249999999999999800, 109.4318912319026700, 13.43189123190281200 ) ) ;
#1317 = FACE_BOUND ( 'NONE', #9358, .T. ) ;
#1318 = ORIENTED_EDGE ( 'NONE', *, *, #8424, .F. ) ;
#1319 = ORIENTED_EDGE ( 'NONE', *, *, #7409, .F. ) ;
#1320 = DIRECTION ( 'NONE',  ( 0.0000000000000000000, -0.7071067811865513500, 0.7071067811865436900 ) ) ;
#1321 = LINE ( 'NONE', #1389, #3972 ) ;
#1322 = CYLINDRICAL_SURFACE ( 'NONE', #6297, 6.999999999999999100 ) ;
#1323 = LINE ( 'NONE', #5810, #9951 ) ;
#1324 = CARTESIAN_POINT ( 'NONE',  ( 6.749999999999989300, 64.00000000000000000, 16.00000000000000400 ) ) ;
#1325 = VERTEX_POINT ( 'NONE', #1205 ) ;
#1326 = ORIENTED_EDGE ( 'NONE', *, *, #2259, .T. ) ;
#1327 = CARTESIAN_POINT ( 'NONE',  ( 6.750000000000000900, 96.00000000000000000, -15.99999999999999600 ) ) ;
#1328 = EDGE_CURVE ( 'NONE', #5001, #2900, #1104, .T. ) ;
#1329 = CIRCLE ( 'NONE', #8815, 6.999999999999999100 ) ;
#1330 = CIRCLE ( 'NONE', #2683, 2.025000000000004400 ) ;
#1331 = CARTESIAN_POINT ( 'NONE',  ( -1.249999999999999800, 11.31370849898475900, 0.0000000000000000000 ) ) ;
#1332 = LINE ( 'NONE', #1075, #7880 ) ;
#1333 = CARTESIAN_POINT ( 'NONE',  ( 1.250000000000000200, 72.00000000000001400, -6.999999999999999100 ) ) ;
#1334 = VERTEX_POINT ( 'NONE', #750 ) ;
#1335 = DIRECTION ( 'NONE',  ( -1.000000000000000000, 0.0000000000000000000, -0.0000000000000000000 ) ) ;
#1336 = AXIS2_PLACEMENT_3D ( 'NONE', #10932, #5029, #5853 ) ;
#1337 = ORIENTED_EDGE ( 'NONE', *, *, #6330, .T. ) ;
#1338 = CYLINDRICAL_SURFACE ( 'NONE', #3949, 2.024999999999998100 ) ;
#1339 = DIRECTION ( 'NONE',  ( 1.826024711554532900E-016, -0.0000000000000000000, 1.000000000000000000 ) ) ;
#1340 = DIRECTION ( 'NONE',  ( 1.000000000000000000, -0.0000000000000000000, 0.0000000000000000000 ) ) ;
#1341 = DIRECTION ( 'NONE',  ( 3.652049423109066300E-016, -0.0000000000000000000, -1.000000000000000000 ) ) ;
#1342 = CIRCLE ( 'NONE', #8408, 2.024999999999990100 ) ;
#1343 = AXIS2_PLACEMENT_3D ( 'NONE', #8563, #3661, #9703 ) ;
#1344 = EDGE_LOOP ( 'NONE', ( #4570, #7106, #11010, #9838, #5049 ) ) ;
#1345 = CARTESIAN_POINT ( 'NONE',  ( -1.249999999999999800, 83.31370849898475200, 0.0000000000000000000 ) ) ;
#1346 = EDGE_CURVE ( 'NONE', #2961, #4132, #4435, .T. ) ;
#1347 = VERTEX_POINT ( 'NONE', #5612 ) ;
#1348 = DIRECTION ( 'NONE',  ( 1.000000000000000000, -0.0000000000000000000, -0.0000000000000000000 ) ) ;
#1349 = DIRECTION ( 'NONE',  ( -1.000000000000000000, 0.0000000000000000000, 0.0000000000000000000 ) ) ;
#1350 = ORIENTED_EDGE ( 'NONE', *, *, #4258, .F. ) ;
#1351 = FACE_BOUND ( 'NONE', #10156, .T. ) ;
#1352 = ADVANCED_FACE ( 'NONE', ( #8162 ), #8849, .F. ) ;
#1353 = CARTESIAN_POINT ( 'NONE',  ( -46.75000000000000000, 8.000000000000001800, -7.999999999999992900 ) ) ;
#1354 = FACE_OUTER_BOUND ( 'NONE', #953, .T. ) ;
#1355 = ORIENTED_EDGE ( 'NONE', *, *, #5028, .T. ) ;
#1356 = EDGE_CURVE ( 'NONE', #9935, #7271, #6840, .T. ) ;
#1357 = AXIS2_PLACEMENT_3D ( 'NONE', #612, #644, #2267 ) ;
#1358 = EDGE_LOOP ( 'NONE', ( #9729, #3799, #9978, #9305, #6722 ) ) ;
#1359 = EDGE_LOOP ( 'NONE', ( #10729, #1458, #2221, #1620 ) ) ;
#1360 = ORIENTED_EDGE ( 'NONE', *, *, #10415, .F. ) ;
#1361 = DIRECTION ( 'NONE',  ( 1.000000000000000000, 0.0000000000000000000, 0.0000000000000000000 ) ) ;
#1362 = FACE_BOUND ( 'NONE', #5858, .T. ) ;
#1363 = EDGE_CURVE ( 'NONE', #5380, #10635, #4574, .T. ) ;
#1364 = CYLINDRICAL_SURFACE ( 'NONE', #4503, 2.024999999999998100 ) ;
#1365 = CARTESIAN_POINT ( 'NONE',  ( 1.250000000000000200, 96.00000000000000000, 2.024999999999999900 ) ) ;
#1366 = ORIENTED_EDGE ( 'NONE', *, *, #8694, .F. ) ;
#1367 = DIRECTION ( 'NONE',  ( 0.0000000000000000000, -0.7071067811865487900, 0.7071067811865463500 ) ) ;
#1368 = ORIENTED_EDGE ( 'NONE', *, *, #2946, .F. ) ;
#1369 = ORIENTED_EDGE ( 'NONE', *, *, #8294, .T. ) ;
#1370 = CARTESIAN_POINT ( 'NONE',  ( -1.249999999999999800, 78.56810876809724700, -9.431891231902755000 ) ) ;
#1371 = ORIENTED_EDGE ( 'NONE', *, *, #8933, .F. ) ;
#1372 = EDGE_LOOP ( 'NONE', ( #2483, #5415, #6058, #1203 ) ) ;
#1373 = FACE_OUTER_BOUND ( 'NONE', #4951, .T. ) ;
#1374 = EDGE_CURVE ( 'NONE', #5275, #3967, #2545, .T. ) ;
#1375 = CC_DESIGN_APPROVAL ( #9198, ( #2496 ) ) ;
#1376 = DIRECTION ( 'NONE',  ( 1.000000000000000000, -0.0000000000000000000, -0.0000000000000000000 ) ) ;
#1377 = AXIS2_PLACEMENT_3D ( 'NONE', #780, #10052, #8301 ) ;
#1378 = ORIENTED_EDGE ( 'NONE', *, *, #5701, .T. ) ;
#1379 = ORIENTED_EDGE ( 'NONE', *, *, #7629, .T. ) ;
#1380 = ORIENTED_EDGE ( 'NONE', *, *, #2605, .T. ) ;
#1381 = CARTESIAN_POINT ( 'NONE',  ( 1.250000000000000200, 39.51471862576143900, -10.51028137423856600 ) ) ;
#1382 = EDGE_CURVE ( 'NONE', #5878, #10689, #2280, .T. ) ;
#1383 = DIRECTION ( 'NONE',  ( 1.000000000000000000, -0.0000000000000000000, -0.0000000000000000000 ) ) ;
#1384 = CARTESIAN_POINT ( 'NONE',  ( -1.249999999999999800, 13.43189123190277600, -13.43189123190275300 ) ) ;
#1385 = DATE_AND_TIME ( #10285, #1642 ) ;
#1386 = VECTOR ( 'NONE', #2359, 1000.000000000000000 ) ;
#1387 = VERTEX_POINT ( 'NONE', #5400 ) ;
#1388 = EDGE_CURVE ( 'NONE', #6686, #2239, #6198, .T. ) ;
#1389 = CARTESIAN_POINT ( 'NONE',  ( 8.774999999999987900, 40.00000000000000700, 16.00000000000000400 ) ) ;
#1390 = CARTESIAN_POINT ( 'NONE',  ( 8.774999999999987900, 168.0000000000000000, 16.00000000000000400 ) ) ;
#1391 = ORIENTED_EDGE ( 'NONE', *, *, #7901, .F. ) ;
#1392 = VERTEX_POINT ( 'NONE', #3554 ) ;
#1393 = PERSON_AND_ORGANIZATION ( #2851, #8850 ) ;
#1394 = VERTEX_POINT ( 'NONE', #9604 ) ;
#1395 = DIRECTION ( 'NONE',  ( 0.0000000000000000000, -0.7071067811865450200, 0.7071067811865500200 ) ) ;
#1396 = VECTOR ( 'NONE', #5618, 1000.000000000000000 ) ;
#1397 = EDGE_LOOP ( 'NONE', ( #904, #5913, #10781, #10979, #3483 ) ) ;
#1398 = DIRECTION ( 'NONE',  ( -1.000000000000000000, 0.0000000000000000000, 0.0000000000000000000 ) ) ;
#1399 = VERTEX_POINT ( 'NONE', #1144 ) ;
#1400 = AXIS2_PLACEMENT_3D ( 'NONE', #1083, #7944, #7179 ) ;
#1401 = ORIENTED_EDGE ( 'NONE', *, *, #299, .T. ) ;
#1402 = DIRECTION ( 'NONE',  ( 1.000000000000000000, -0.0000000000000000000, -0.0000000000000000000 ) ) ;
#1403 = EDGE_LOOP ( 'NONE', ( #7940, #7886, #822, #7009 ) ) ;
#1404 = LINE ( 'NONE', #6912, #7951 ) ;
#1405 = ADVANCED_FACE ( 'NONE', ( #3890 ), #10914, .F. ) ;
#1406 = CARTESIAN_POINT ( 'NONE',  ( 1.250000000000000200, -0.0000000000000000000, 2.024999999999999900 ) ) ;
#1407 = CYLINDRICAL_SURFACE ( 'NONE', #6346, 2.024999999999998100 ) ;
#1408 = EDGE_CURVE ( 'NONE', #6206, #8140, #2419, .T. ) ;
#1409 = DIRECTION ( 'NONE',  ( 1.000000000000000000, -0.0000000000000000000, 0.0000000000000000000 ) ) ;
#1410 = DIRECTION ( 'NONE',  ( 0.0000000000000000000, 0.0000000000000000000, -1.000000000000000000 ) ) ;
#1411 = CARTESIAN_POINT ( 'NONE',  ( -1.249999999999999800, 36.68629150101524100, -2.024999999999999900 ) ) ;
#1412 = ORIENTED_EDGE ( 'NONE', *, *, #6164, .F. ) ;
#1413 = DIRECTION ( 'NONE',  ( 0.0000000000000000000, 0.0000000000000000000, -1.000000000000000000 ) ) ;
#1414 = CIRCLE ( 'NONE', #9689, 2.024999999999990100 ) ;
#1415 = VECTOR ( 'NONE', #1447, 1000.000000000000000 ) ;
#1416 = CARTESIAN_POINT ( 'NONE',  ( -1.250000000000001100, 6.568108768097243200, 9.431891231902760400 ) ) ;
#1417 = ADVANCED_FACE ( 'NONE', ( #9325 ), #992, .T. ) ;
#1418 = DIRECTION ( 'NONE',  ( 1.826024711554532900E-016, -0.0000000000000000000, 1.000000000000000000 ) ) ;
#1419 = PLANE ( 'NONE',  #3534 ) ;
#1420 = EDGE_CURVE ( 'NONE', #10941, #3281, #3093, .T. ) ;
#1421 = AXIS2_PLACEMENT_3D ( 'NONE', #7011, #990, #4412 ) ;
#1422 = VERTEX_POINT ( 'NONE', #2778 ) ;
#1423 = AXIS2_PLACEMENT_3D ( 'NONE', #9154, #685, #7513 ) ;
#1424 = CARTESIAN_POINT ( 'NONE',  ( 1.250000000000000200, 159.5147186257614500, -8.485281374238566000 ) ) ;
#1425 = VECTOR ( 'NONE', #3804, 1000.000000000000000 ) ;
#1426 = EDGE_CURVE ( 'NONE', #5050, #5735, #9863, .T. ) ;
#1427 = VECTOR ( 'NONE', #2672, 1000.000000000000000 ) ;
#1428 = EDGE_LOOP ( 'NONE', ( #7957, #5421 ) ) ;
#1429 = VERTEX_POINT ( 'NONE', #8647 ) ;
#1430 = VERTEX_POINT ( 'NONE', #9568 ) ;
#1431 = FACE_BOUND ( 'NONE', #10368, .T. ) ;
#1432 = CARTESIAN_POINT ( 'NONE',  ( 1.250000000000000200, 160.9466098576642100, 9.917172606141322800 ) ) ;
#1433 = EDGE_CURVE ( 'NONE', #6076, #3404, #4833, .T. ) ;
#1434 = AXIS2_PLACEMENT_3D ( 'NONE', #9873, #1409, #9026 ) ;
#1435 = CYLINDRICAL_SURFACE ( 'NONE', #10890, 2.024999999999998100 ) ;
#1436 = AXIS2_PLACEMENT_3D ( 'NONE', #1638, #3577, #7223 ) ;
#1437 = DIRECTION ( 'NONE',  ( 1.000000000000000000, -0.0000000000000000000, 0.0000000000000000000 ) ) ;
#1438 = CARTESIAN_POINT ( 'NONE',  ( 4.725000000000001400, 32.00000000000000700, -13.50000000000000200 ) ) ;
#1439 = ORIENTED_EDGE ( 'NONE', *, *, #1555, .F. ) ;
#1440 = ORIENTED_EDGE ( 'NONE', *, *, #2048, .T. ) ;
#1441 = CARTESIAN_POINT ( 'NONE',  ( -1.249999999999999800, 41.43189123190276700, -9.431891231902755000 ) ) ;
#1442 = CIRCLE ( 'NONE', #6138, 2.025000000000000800 ) ;
#1443 = EDGE_CURVE ( 'NONE', #2534, #7789, #175, .T. ) ;
#1444 = FACE_BOUND ( 'NONE', #3780, .T. ) ;
#1445 = EDGE_CURVE ( 'NONE', #5312, #8237, #2029, .T. ) ;
#1446 = ORIENTED_EDGE ( 'NONE', *, *, #4122, .T. ) ;
#1447 = DIRECTION ( 'NONE',  ( 0.0000000000000000000, 0.7071067811865463500, 0.7071067811865487900 ) ) ;
#1448 = VERTEX_POINT ( 'NONE', #1106 ) ;
#1449 = AXIS2_PLACEMENT_3D ( 'NONE', #1034, #4341, #2784 ) ;
#1450 = LINE ( 'NONE', #9640, #1195 ) ;
#1451 = CARTESIAN_POINT ( 'NONE',  ( 1.250000000000000200, 80.48528137423858200, -10.51028137423856800 ) ) ;
#1452 = DIRECTION ( 'NONE',  ( 3.652049423109066300E-016, -0.0000000000000000000, -1.000000000000000000 ) ) ;
#1453 = CIRCLE ( 'NONE', #9100, 2.024999999999999900 ) ;
#1454 = FACE_OUTER_BOUND ( 'NONE', #10081, .T. ) ;
#1455 = ADVANCED_FACE ( 'NONE', ( #1747 ), #8813, .F. ) ;
#1456 = ORIENTED_EDGE ( 'NONE', *, *, #3259, .T. ) ;
#1457 = ORIENTED_EDGE ( 'NONE', *, *, #7029, .F. ) ;
#1458 = ORIENTED_EDGE ( 'NONE', *, *, #5320, .F. ) ;
#1459 = LINE ( 'NONE', #8199, #284 ) ;
#1460 = CARTESIAN_POINT ( 'NONE',  ( -1.249999999999999800, 157.4318912319028200, -13.43189123190274400 ) ) ;
#1461 = CARTESIAN_POINT ( 'NONE',  ( -1.249999999999999800, 12.68629150101524100, -2.024999999999999900 ) ) ;
#1462 = LINE ( 'NONE', #4735, #3190 ) ;
#1463 = VERTEX_POINT ( 'NONE', #177 ) ;
#1464 = ADVANCED_FACE ( 'NONE', ( #6576 ), #1364, .F. ) ;
#1465 = DIRECTION ( 'NONE',  ( 1.000000000000000000, -0.0000000000000000000, -0.0000000000000000000 ) ) ;
#1466 = EDGE_CURVE ( 'NONE', #4398, #632, #10668, .T. ) ;
#1467 = ORIENTED_EDGE ( 'NONE', *, *, #5246, .F. ) ;
#1468 = ORIENTED_EDGE ( 'NONE', *, *, #4553, .T. ) ;
#1469 = CIRCLE ( 'NONE', #8882, 2.024999999999999000 ) ;
#1470 = LINE ( 'NONE', #9581, #4955 ) ;
#1471 = DIRECTION ( 'NONE',  ( 0.0000000000000000000, 0.0000000000000000000, 1.000000000000000000 ) ) ;
#1472 = AXIS2_PLACEMENT_3D ( 'NONE', #3829, #4635, #5611 ) ;
#1473 = DIRECTION ( 'NONE',  ( 1.000000000000000000, -0.0000000000000000000, 0.0000000000000000000 ) ) ;
#1474 = CARTESIAN_POINT ( 'NONE',  ( -1.249999999999999800, 16.00000000000000000, 5.974999999999997900 ) ) ;
#1475 = ORIENTED_EDGE ( 'NONE', *, *, #4040, .F. ) ;
#1476 = ORIENTED_EDGE ( 'NONE', *, *, #4505, .F. ) ;
#1477 = DIRECTION ( 'NONE',  ( 3.652049423109066300E-016, -0.0000000000000000000, -1.000000000000000000 ) ) ;
#1478 = FACE_BOUND ( 'NONE', #3217, .T. ) ;
#1479 = EDGE_CURVE ( 'NONE', #7174, #668, #26, .T. ) ;
#1480 = ORIENTED_EDGE ( 'NONE', *, *, #3041, .T. ) ;
#1481 = AXIS2_PLACEMENT_3D ( 'NONE', #10350, #4329, #5297 ) ;
#1482 = CIRCLE ( 'NONE', #2854, 2.024999999999998100 ) ;
#1483 = VECTOR ( 'NONE', #10954, 1000.000000000000000 ) ;
#1484 = CARTESIAN_POINT ( 'NONE',  ( 8.774999999999998600, 16.00000000000000700, -13.50000000000000200 ) ) ;
#1485 = EDGE_CURVE ( 'NONE', #9551, #2893, #566, .T. ) ;
#1486 = DIRECTION ( 'NONE',  ( 0.0000000000000000000, 0.0000000000000000000, -1.000000000000000000 ) ) ;
#1487 = ORIENTED_EDGE ( 'NONE', *, *, #5028, .F. ) ;
#1488 = ORIENTED_EDGE ( 'NONE', *, *, #6841, .T. ) ;
#1489 = DIRECTION ( 'NONE',  ( 3.652049423109066300E-016, 0.0000000000000000000, -1.000000000000000000 ) ) ;
#1490 = ORIENTED_EDGE ( 'NONE', *, *, #9507, .T. ) ;
#1491 = ORIENTED_EDGE ( 'NONE', *, *, #10311, .F. ) ;
#1492 = ORIENTED_EDGE ( 'NONE', *, *, #525, .F. ) ;
#1493 = CARTESIAN_POINT ( 'NONE',  ( -1.249999999999999800, 64.00000000000000000, -7.999999999999996400 ) ) ;
#1494 = CYLINDRICAL_SURFACE ( 'NONE', #1689, 2.024999999999998100 ) ;
#1495 = CIRCLE ( 'NONE', #7231, 2.024999999999997200 ) ;
#1496 = EDGE_CURVE ( 'NONE', #10673, #7805, #10414, .T. ) ;
#1497 = AXIS2_PLACEMENT_3D ( 'NONE', #5798, #10875, #4118 ) ;
#1498 = EDGE_LOOP ( 'NONE', ( #2400, #3895, #5605, #9079 ) ) ;
#1499 = AXIS2_PLACEMENT_3D ( 'NONE', #6708, #8422, #10925 ) ;
#1500 = ORIENTED_EDGE ( 'NONE', *, *, #2985, .F. ) ;
#1501 = CARTESIAN_POINT ( 'NONE',  ( -1.249999999999999800, 64.00000000000000000, 8.000000000000000000 ) ) ;
#1502 = CARTESIAN_POINT ( 'NONE',  ( -1.249999999999999800, 85.43189123190262500, 13.43189123190273400 ) ) ;
#1503 = ORIENTED_EDGE ( 'NONE', *, *, #761, .T. ) ;
#1504 = EDGE_LOOP ( 'NONE', ( #9801, #5617, #6190, #9301 ) ) ;
#1505 = LINE ( 'NONE', #2596, #8053 ) ;
#1506 = CARTESIAN_POINT ( 'NONE',  ( 1.250000000000000200, 8.485281374238569500, 8.485281374238569500 ) ) ;
#1507 = VECTOR ( 'NONE', #1114, 1000.000000000000000 ) ;
#1508 = VERTEX_POINT ( 'NONE', #9759 ) ;
#1509 = ADVANCED_FACE ( 'NONE', ( #8689 ), #3742, .T. ) ;
#1510 = DIRECTION ( 'NONE',  ( 0.0000000000000000000, -0.7071067811865463500, 0.7071067811865487900 ) ) ;
#1511 = EDGE_LOOP ( 'NONE', ( #7815, #2173, #5917, #4830 ) ) ;
#1512 = EDGE_CURVE ( 'NONE', #3736, #5199, #7914, .T. ) ;
#1513 = CARTESIAN_POINT ( 'NONE',  ( 8.774999999999987900, 136.0000000000000000, 16.00000000000000400 ) ) ;
#1514 = DIRECTION ( 'NONE',  ( 1.000000000000000000, 0.0000000000000000000, 0.0000000000000000000 ) ) ;
#1515 = ORIENTED_EDGE ( 'NONE', *, *, #2269, .F. ) ;
#1516 = AXIS2_PLACEMENT_3D ( 'NONE', #8439, #5113, #8510 ) ;
#1517 = LOCAL_TIME ( 12, 7, 3.000000000000000000, #858 ) ;
#1518 = CIRCLE ( 'NONE', #2435, 2.024999999999998100 ) ;
#1519 = EDGE_LOOP ( 'NONE', ( #8946, #1787, #6171, #4511 ) ) ;
#1520 = ADVANCED_FACE ( 'NONE', ( #830 ), #1896, .F. ) ;
#1521 = VERTEX_POINT ( 'NONE', #2068 ) ;
#1522 = CARTESIAN_POINT ( 'NONE',  ( 1.250000000000000200, 133.4318912319027700, -13.43189123190275300 ) ) ;
#1523 = DIRECTION ( 'NONE',  ( -1.826024711554532900E-016, 0.0000000000000000000, 1.000000000000000000 ) ) ;
#1524 = ORIENTED_EDGE ( 'NONE', *, *, #9396, .T. ) ;
#1525 = ORIENTED_EDGE ( 'NONE', *, *, #355, .F. ) ;
#1526 = CARTESIAN_POINT ( 'NONE',  ( 1.250000000000000200, 31.99999999999999300, 8.000000000000000000 ) ) ;
#1527 = CARTESIAN_POINT ( 'NONE',  ( -1.249999999999999800, 16.00000000000000000, 8.000000000000000000 ) ) ;
#1528 = VECTOR ( 'NONE', #283, 1000.000000000000000 ) ;
#1529 = CARTESIAN_POINT ( 'NONE',  ( -1.249999999999999800, 134.5681087680972300, -6.568108768097241400 ) ) ;
#1530 = ORIENTED_EDGE ( 'NONE', *, *, #7152, .F. ) ;
#1531 = ORIENTED_EDGE ( 'NONE', *, *, #6433, .F. ) ;
#1532 = CARTESIAN_POINT ( 'NONE',  ( -1.249999999999999800, 58.56810876809746000, 10.56810876809731100 ) ) ;
#1533 = CARTESIAN_POINT ( 'NONE',  ( 1.250000000000000200, 137.4318912319027400, -9.431891231902755000 ) ) ;
#1534 = CIRCLE ( 'NONE', #3504, 2.024999999999999900 ) ;
#1535 = CIRCLE ( 'NONE', #1089, 2.025000000000000800 ) ;
#1536 = CARTESIAN_POINT ( 'NONE',  ( 6.749999999999989300, 128.0000000000000000, 16.00000000000000400 ) ) ;
#1537 = AXIS2_PLACEMENT_3D ( 'NONE', #8833, #6269, #8759 ) ;
#1538 = CARTESIAN_POINT ( 'NONE',  ( 6.750000000000000000, 168.0000000000000000, -13.50000000000000200 ) ) ;
#1539 = EDGE_LOOP ( 'NONE', ( #10844, #9636, #6021, #282 ) ) ;
#1540 = DIRECTION ( 'NONE',  ( 1.000000000000000000, -0.0000000000000000000, 0.0000000000000000000 ) ) ;
#1541 = CIRCLE ( 'NONE', #4588, 2.024999999999997200 ) ;
#1542 = AXIS2_PLACEMENT_3D ( 'NONE', #8743, #4473, #1077 ) ;
#1543 = DIRECTION ( 'NONE',  ( 0.0000000000000000000, 0.0000000000000000000, -1.000000000000000000 ) ) ;
#1544 = FACE_BOUND ( 'NONE', #5561, .T. ) ;
#1545 = EDGE_CURVE ( 'NONE', #835, #7193, #10124, .T. ) ;
#1546 = CARTESIAN_POINT ( 'NONE',  ( -1.249999999999999800, 111.5147186257614500, -8.485281374238566000 ) ) ;
#1547 = ORIENTED_EDGE ( 'NONE', *, *, #5208, .F. ) ;
#1548 = ORIENTED_EDGE ( 'NONE', *, *, #7432, .T. ) ;
#1549 = CARTESIAN_POINT ( 'NONE',  ( -1.249999999999999800, 126.5681087680972300, -9.431891231902755000 ) ) ;
#1550 = FACE_OUTER_BOUND ( 'NONE', #1873, .T. ) ;
#1551 = DIRECTION ( 'NONE',  ( -1.826024711554532900E-016, 0.0000000000000000000, 1.000000000000000000 ) ) ;
#1552 = CARTESIAN_POINT ( 'NONE',  ( 6.749999999999989300, 56.00000000000000700, 16.00000000000000400 ) ) ;
#1553 = CARTESIAN_POINT ( 'NONE',  ( 8.774999999999998600, 96.00000000000000000, -13.50000000000000200 ) ) ;
#1554 = CIRCLE ( 'NONE', #10186, 2.024999999999999000 ) ;
#1555 = EDGE_CURVE ( 'NONE', #1707, #5068, #8538, .T. ) ;
#1556 = AXIS2_PLACEMENT_3D ( 'NONE', #9566, #4498, #334 ) ;
#1557 = CARTESIAN_POINT ( 'NONE',  ( -1.249999999999999800, 57.43189123190274600, 6.568108768097250300 ) ) ;
#1558 = ADVANCED_FACE ( 'NONE', ( #4711 ), #4652, .T. ) ;
#1559 = AXIS2_PLACEMENT_3D ( 'NONE', #221, #5311, #186 ) ;
#1560 = VERTEX_POINT ( 'NONE', #2929 ) ;
#1561 = ORIENTED_EDGE ( 'NONE', *, *, #4122, .F. ) ;
#1562 = CARTESIAN_POINT ( 'NONE',  ( -1.249999999999999800, 16.00000000000000000, 8.000000000000000000 ) ) ;
#1563 = EDGE_CURVE ( 'NONE', #5869, #10529, #8950, .T. ) ;
#1564 = PRODUCT_DEFINITION_SHAPE ( 'NONE', 'NONE',  #5321 ) ;
#1565 = LINE ( 'NONE', #7732, #774 ) ;
#1566 = CIRCLE ( 'NONE', #3014, 2.024999999999998100 ) ;
#1567 = CARTESIAN_POINT ( 'NONE',  ( -1.249999999999999800, 110.0828273938586900, -7.053390142335805600 ) ) ;
#1568 = CARTESIAN_POINT ( 'NONE',  ( -1.249999999999999800, 62.08282739385867200, 7.053390142335805600 ) ) ;
#1569 = ORIENTED_EDGE ( 'NONE', *, *, #2158, .F. ) ;
#1571 = ADVANCED_FACE ( 'NONE', ( #5398 ), #5653, .F. ) ;
#1570 = ORIENTED_EDGE ( 'NONE', *, *, #5921, .T. ) ;
#1572 = DIRECTION ( 'NONE',  ( 1.000000000000000000, -0.0000000000000000000, 0.0000000000000000000 ) ) ;
#1573 = LINE ( 'NONE', #3674, #10998 ) ;
#1574 = EDGE_CURVE ( 'NONE', #6571, #8969, #6993, .T. ) ;
#1575 = LINE ( 'NONE', #4216, #4383 ) ;
#1576 = AXIS2_PLACEMENT_3D ( 'NONE', #3310, #8634, #5944 ) ;
#1577 = CARTESIAN_POINT ( 'NONE',  ( 1.250000000000000200, 107.3137084989847800, 2.024999999999999900 ) ) ;
#1578 = CYLINDRICAL_SURFACE ( 'NONE', #5335, 2.024999999999998100 ) ;
#1579 = DIRECTION ( 'NONE',  ( 1.000000000000000000, -0.0000000000000000000, -0.0000000000000000000 ) ) ;
#1580 = CARTESIAN_POINT ( 'NONE',  ( -1.249999999999999800, 83.31370849898475200, 0.0000000000000000000 ) ) ;
#1581 = VERTEX_POINT ( 'NONE', #5732 ) ;
#1582 = VERTEX_POINT ( 'NONE', #336 ) ;
#1583 = EDGE_CURVE ( 'NONE', #4876, #9267, #2156, .T. ) ;
#1584 = LINE ( 'NONE', #9314, #1207 ) ;
#1585 = DIRECTION ( 'NONE',  ( 1.826024711554532900E-016, -0.0000000000000000000, 1.000000000000000000 ) ) ;
#1586 = FACE_OUTER_BOUND ( 'NONE', #3678, .T. ) ;
#1587 = VECTOR ( 'NONE', #1150, 1000.000000000000100 ) ;
#1588 = EDGE_LOOP ( 'NONE', ( #1192, #607 ) ) ;
#1589 = EDGE_CURVE ( 'NONE', #7477, #8098, #7260, .T. ) ;
#1590 = CARTESIAN_POINT ( 'NONE',  ( -1.250000000000001100, 183.5147186257614500, -10.51028137423855000 ) ) ;
#1591 = CARTESIAN_POINT ( 'NONE',  ( -1.249999999999999800, 62.08282739385868600, -7.053390142335805600 ) ) ;
#1592 = ORIENTED_EDGE ( 'NONE', *, *, #3269, .T. ) ;
#1593 = DIRECTION ( 'NONE',  ( 0.0000000000000000000, 0.0000000000000000000, -1.000000000000000000 ) ) ;
#1594 = ORIENTED_EDGE ( 'NONE', *, *, #3908, .F. ) ;
#1595 = LINE ( 'NONE', #3196, #10095 ) ;
#1596 = DIRECTION ( 'NONE',  ( 0.0000000000000000000, 0.0000000000000000000, -1.000000000000000000 ) ) ;
#1597 = CARTESIAN_POINT ( 'NONE',  ( 6.749999999999989300, 88.00000000000002800, 16.00000000000000400 ) ) ;
#1598 = LINE ( 'NONE', #5425, #5229 ) ;
#1599 = DIRECTION ( 'NONE',  ( 1.000000000000000000, -0.0000000000000000000, -0.0000000000000000000 ) ) ;
#1600 = ORIENTED_EDGE ( 'NONE', *, *, #8622, .F. ) ;
#1601 = VERTEX_POINT ( 'NONE', #1215 ) ;
#1602 = AXIS2_PLACEMENT_3D ( 'NONE', #5690, #9852, #9114 ) ;
#1603 = VERTEX_POINT ( 'NONE', #6312 ) ;
#1604 = CARTESIAN_POINT ( 'NONE',  ( -1.249999999999999800, 159.5147186257614500, -8.485281374238566000 ) ) ;
#1605 = CIRCLE ( 'NONE', #8672, 6.999999999999999100 ) ;
#1606 = DIRECTION ( 'NONE',  ( 3.652049423109066300E-016, -0.0000000000000000000, -1.000000000000000000 ) ) ;
#1607 = FACE_OUTER_BOUND ( 'NONE', #10264, .T. ) ;
#1608 = AXIS2_PLACEMENT_3D ( 'NONE', #782, #5035, #7568 ) ;
#1609 = ORIENTED_EDGE ( 'NONE', *, *, #9790, .F. ) ;
#1610 = DIRECTION ( 'NONE',  ( 1.826024711554532900E-016, -0.0000000000000000000, 1.000000000000000000 ) ) ;
#1611 = EDGE_CURVE ( 'NONE', #2162, #3602, #7367, .T. ) ;
#1612 = ORIENTED_EDGE ( 'NONE', *, *, #3955, .F. ) ;
#1613 = ADVANCED_FACE ( 'NONE', ( #2835 ), #2696, .F. ) ;
#1614 = ORIENTED_EDGE ( 'NONE', *, *, #10594, .F. ) ;
#1615 = ORIENTED_EDGE ( 'NONE', *, *, #2138, .T. ) ;
#1616 = CIRCLE ( 'NONE', #6509, 2.025000000000004400 ) ;
#1617 = CYLINDRICAL_SURFACE ( 'NONE', #2063, 2.025000000000002600 ) ;
#1618 = CARTESIAN_POINT ( 'NONE',  ( -46.75000000000000000, -1.431891231902781700, -1.431891231902792100 ) ) ;
#1619 = ORIENTED_EDGE ( 'NONE', *, *, #4526, .F. ) ;
#1620 = ORIENTED_EDGE ( 'NONE', *, *, #9639, .T. ) ;
#1621 = EDGE_CURVE ( 'NONE', #41, #2899, #6332, .T. ) ;
#1622 = VERTEX_POINT ( 'NONE', #5840 ) ;
#1623 = VERTEX_POINT ( 'NONE', #3244 ) ;
#1624 = AXIS2_PLACEMENT_3D ( 'NONE', #3585, #8757, #10431 ) ;
#1625 = CARTESIAN_POINT ( 'NONE',  ( 8.774999999999987900, 80.00000000000001400, 16.00000000000000400 ) ) ;
#1626 = VERTEX_POINT ( 'NONE', #10001 ) ;
#1627 = CARTESIAN_POINT ( 'NONE',  ( 1.250000000000000200, 85.43189123190262500, 13.43189123190273400 ) ) ;
#1628 = ADVANCED_FACE ( 'NONE', ( #4010 ), #4971, .F. ) ;
#1629 = DIRECTION ( 'NONE',  ( 3.652049423109066300E-016, 0.0000000000000000000, -1.000000000000000000 ) ) ;
#1630 = LINE ( 'NONE', #4523, #1247 ) ;
#1631 = DIRECTION ( 'NONE',  ( -1.826024711554532900E-016, 0.0000000000000000000, 1.000000000000000000 ) ) ;
#1632 = EDGE_CURVE ( 'NONE', #755, #1387, #8276, .T. ) ;
#1633 = DIRECTION ( 'NONE',  ( 0.0000000000000000000, 0.0000000000000000000, -1.000000000000000000 ) ) ;
#1634 = CARTESIAN_POINT ( 'NONE',  ( 6.749999999999989300, 56.00000000000000700, 16.00000000000000400 ) ) ;
#1635 = ORIENTED_EDGE ( 'NONE', *, *, #4424, .F. ) ;
#1636 = VERTEX_POINT ( 'NONE', #5016 ) ;
#1637 = CARTESIAN_POINT ( 'NONE',  ( 6.750000000000000000, 176.0000000000000300, -13.50000000000000200 ) ) ;
#1638 = CARTESIAN_POINT ( 'NONE',  ( -1.249999999999999800, 179.3137084989847900, 0.0000000000000000000 ) ) ;
#1639 = VERTEX_POINT ( 'NONE', #10068 ) ;
#1640 = EDGE_CURVE ( 'NONE', #10010, #6618, #8402, .T. ) ;
#1641 = AXIS2_PLACEMENT_3D ( 'NONE', #8964, #1335, #6368 ) ;
#1642 = LOCAL_TIME ( 12, 7, 3.000000000000000000, #8316 ) ;
#1643 = CARTESIAN_POINT ( 'NONE',  ( -1.249999999999999800, 63.51471862576143900, -8.485281374238566000 ) ) ;
#1644 = AXIS2_PLACEMENT_3D ( 'NONE', #4853, #5685, #8934 ) ;
#1645 = CARTESIAN_POINT ( 'NONE',  ( -1.249999999999999800, 36.68629150101524100, 0.0000000000000000000 ) ) ;
#1646 = LINE ( 'NONE', #6431, #10579 ) ;
#1647 = ORIENTED_EDGE ( 'NONE', *, *, #6394, .F. ) ;
#1648 = VERTEX_POINT ( 'NONE', #9194 ) ;
#1649 = ORIENTED_EDGE ( 'NONE', *, *, #10386, .F. ) ;
#1650 = EDGE_CURVE ( 'NONE', #8068, #3736, #5245, .T. ) ;
#1651 = CARTESIAN_POINT ( 'NONE',  ( -1.249999999999999800, 128.0000000000000000, 8.000000000000000000 ) ) ;
#1652 = VECTOR ( 'NONE', #8891, 1000.000000000000000 ) ;
#1653 = VECTOR ( 'NONE', #818, 1000.000000000000000 ) ;
#1654 = VERTEX_POINT ( 'NONE', #10850 ) ;
#1655 = CARTESIAN_POINT ( 'NONE',  ( -1.249999999999999800, 152.0000000000000000, 8.000000000000000000 ) ) ;
#1656 = EDGE_CURVE ( 'NONE', #7705, #9290, #9590, .T. ) ;
#1657 = CARTESIAN_POINT ( 'NONE',  ( -1.249999999999999800, 32.48528137423857500, -8.485281374238564200 ) ) ;
#1658 = AXIS2_PLACEMENT_3D ( 'NONE', #10360, #8655, #4379 ) ;
#1659 = CARTESIAN_POINT ( 'NONE',  ( 6.749999999999990200, 72.00000000000001400, 13.50000000000000000 ) ) ;
#1660 = ORIENTED_EDGE ( 'NONE', *, *, #4972, .T. ) ;
#1661 = ORIENTED_EDGE ( 'NONE', *, *, #4056, .T. ) ;
#1662 = ORIENTED_EDGE ( 'NONE', *, *, #9963, .F. ) ;
#1663 = LINE ( 'NONE', #5194, #6753 ) ;
#1664 = DIRECTION ( 'NONE',  ( 0.0000000000000000000, -0.7071067811865450200, 0.7071067811865500200 ) ) ;
#1665 = VECTOR ( 'NONE', #1019, 1000.000000000000000 ) ;
#1666 = DIRECTION ( 'NONE',  ( 0.0000000000000000000, 0.0000000000000000000, -1.000000000000000000 ) ) ;
#1667 = PLANE ( 'NONE',  #6114 ) ;
#1668 = DIRECTION ( 'NONE',  ( 0.0000000000000000000, 0.7071067811865501300, 0.7071067811865450200 ) ) ;
#1669 = DIRECTION ( 'NONE',  ( 0.0000000000000000000, -0.7071067811865513500, 0.7071067811865436900 ) ) ;
#1670 = ORIENTED_EDGE ( 'NONE', *, *, #5055, .T. ) ;
#1671 = AXIS2_PLACEMENT_3D ( 'NONE', #2610, #943, #125 ) ;
#1673 = ADVANCED_FACE ( 'NONE', ( #9453 ), #4162, .F. ) ;
#1672 = ORIENTED_EDGE ( 'NONE', *, *, #8218, .F. ) ;
#1674 = VECTOR ( 'NONE', #2340, 1000.000000000000000 ) ;
#1675 = CARTESIAN_POINT ( 'NONE',  ( 4.724999999999991700, 16.00000000000000700, 16.00000000000000400 ) ) ;
#1676 = LINE ( 'NONE', #9707, #3539 ) ;
#1677 = EDGE_CURVE ( 'NONE', #1094, #2413, #3760, .T. ) ;
#1678 = DIRECTION ( 'NONE',  ( 1.000000000000000000, -0.0000000000000000000, 0.0000000000000000000 ) ) ;
#1679 = ORIENTED_EDGE ( 'NONE', *, *, #6411, .T. ) ;
#1680 = ORIENTED_EDGE ( 'NONE', *, *, #3861, .T. ) ;
#1681 = CIRCLE ( 'NONE', #2635, 2.024999999999998100 ) ;
#1682 = ADVANCED_FACE ( 'NONE', ( #817 ), #10400, .F. ) ;
#1683 = AXIS2_PLACEMENT_3D ( 'NONE', #522, #9029, #10692 ) ;
#1684 = VECTOR ( 'NONE', #2309, 1000.000000000000000 ) ;
#1685 = DIRECTION ( 'NONE',  ( 1.000000000000000000, -0.0000000000000000000, 0.0000000000000000000 ) ) ;
#1686 = CARTESIAN_POINT ( 'NONE',  ( -46.75000000000000000, 94.56810876809359500, -94.56810876809734600 ) ) ;
#1687 = VERTEX_POINT ( 'NONE', #8352 ) ;
#1688 = ORIENTED_EDGE ( 'NONE', *, *, #7297, .F. ) ;
#1689 = AXIS2_PLACEMENT_3D ( 'NONE', #3716, #2715, #5393 ) ;
#1690 = DIRECTION ( 'NONE',  ( 0.0000000000000000000, 0.0000000000000000000, -1.000000000000000000 ) ) ;
#1691 = FACE_BOUND ( 'NONE', #321, .T. ) ;
#1692 = EDGE_CURVE ( 'NONE', #10143, #4398, #1092, .T. ) ;
#1693 = LINE ( 'NONE', #10773, #3956 ) ;
#1694 = CARTESIAN_POINT ( 'NONE',  ( 1.250000000000000200, 132.6862915010152300, 0.0000000000000000000 ) ) ;
#1695 = ORIENTED_EDGE ( 'NONE', *, *, #6112, .F. ) ;
#1696 = ORIENTED_EDGE ( 'NONE', *, *, #10113, .T. ) ;
#1697 = CARTESIAN_POINT ( 'NONE',  ( -1.249999999999999800, 108.6862915010152500, -2.024999999999999900 ) ) ;
#1698 = DIRECTION ( 'NONE',  ( 1.000000000000000000, -0.0000000000000000000, -0.0000000000000000000 ) ) ;
#1699 = CARTESIAN_POINT ( 'NONE',  ( -1.249999999999999800, 16.94660985766420000, -9.917172606141322800 ) ) ;
#1700 = CYLINDRICAL_SURFACE ( 'NONE', #4859, 2.025000000000002600 ) ;
#1701 = EDGE_CURVE ( 'NONE', #377, #4875, #3335, .T. ) ;
#1702 = AXIS2_PLACEMENT_3D ( 'NONE', #5680, #3869, #493 ) ;
#1703 = FACE_BOUND ( 'NONE', #1358, .T. ) ;
#1704 = AXIS2_PLACEMENT_3D ( 'NONE', #6728, #3380, #1593 ) ;
#1705 = EDGE_CURVE ( 'NONE', #4848, #1968, #6982, .T. ) ;
#1706 = ORIENTED_EDGE ( 'NONE', *, *, #5524, .F. ) ;
#1707 = VERTEX_POINT ( 'NONE', #5765 ) ;
#1708 = VECTOR ( 'NONE', #3913, 999.9999999999998900 ) ;
#1709 = DIRECTION ( 'NONE',  ( 0.0000000000000000000, 0.0000000000000000000, -1.000000000000000000 ) ) ;
#1710 = VECTOR ( 'NONE', #6438, 1000.000000000000000 ) ;
#1711 = CARTESIAN_POINT ( 'NONE',  ( 6.749999999999989300, 144.0000000000000300, 16.00000000000000400 ) ) ;
#1712 = DIRECTION ( 'NONE',  ( 0.0000000000000000000, 0.0000000000000000000, -1.000000000000000000 ) ) ;
#1713 = DIRECTION ( 'NONE',  ( -1.000000000000000000, 0.0000000000000000000, -0.0000000000000000000 ) ) ;
#1714 = FACE_OUTER_BOUND ( 'NONE', #9578, .T. ) ;
#1715 = ORIENTED_EDGE ( 'NONE', *, *, #6944, .F. ) ;
#1716 = EDGE_CURVE ( 'NONE', #4211, #2189, #554, .T. ) ;
#1717 = ORIENTED_EDGE ( 'NONE', *, *, #1827, .T. ) ;
#1718 = ORIENTED_EDGE ( 'NONE', *, *, #8553, .F. ) ;
#1719 = AXIS2_PLACEMENT_3D ( 'NONE', #7536, #5793, #3232 ) ;
#1720 = DIRECTION ( 'NONE',  ( -1.000000000000000000, 0.0000000000000000000, 0.0000000000000000000 ) ) ;
#1721 = FACE_OUTER_BOUND ( 'NONE', #3777, .T. ) ;
#1722 = DIRECTION ( 'NONE',  ( 1.000000000000000000, 0.0000000000000000000, 0.0000000000000000000 ) ) ;
#1723 = ADVANCED_FACE ( 'NONE', ( #7251 ), #10259, .F. ) ;
#1724 = VECTOR ( 'NONE', #6429, 1000.000000000000000 ) ;
#1725 = CARTESIAN_POINT ( 'NONE',  ( 1.250000000000000200, 6.568108768097244100, -9.431891231902760400 ) ) ;
#1726 = ORIENTED_EDGE ( 'NONE', *, *, #8459, .T. ) ;
#1727 = DIRECTION ( 'NONE',  ( -1.000000000000000000, 0.0000000000000000000, 0.0000000000000000000 ) ) ;
#1728 = CARTESIAN_POINT ( 'NONE',  ( 6.750000000000000000, 160.0000000000000000, -13.50000000000000200 ) ) ;
#1729 = VERTEX_POINT ( 'NONE', #9330 ) ;
#1730 = VERTEX_POINT ( 'NONE', #5984 ) ;
#1731 = CIRCLE ( 'NONE', #10915, 2.024999999999990100 ) ;
#1732 = PLANE ( 'NONE',  #10325 ) ;
#1733 = VECTOR ( 'NONE', #6048, 1000.000000000000000 ) ;
#1734 = ADVANCED_FACE ( 'NONE', ( #4421 ), #3477, .F. ) ;
#1735 = DIRECTION ( 'NONE',  ( 1.000000000000000000, -0.0000000000000000000, -0.0000000000000000000 ) ) ;
#1736 = DIRECTION ( 'NONE',  ( 1.000000000000000000, -0.0000000000000000000, 0.0000000000000000000 ) ) ;
#1737 = DIRECTION ( 'NONE',  ( 0.0000000000000000000, 0.7071067811865505700, -0.7071067811865444600 ) ) ;
#1738 = DIRECTION ( 'NONE',  ( 1.000000000000000000, 0.0000000000000000000, 0.0000000000000000000 ) ) ;
#1739 = CARTESIAN_POINT ( 'NONE',  ( 1.250000000000000200, 81.43189123190275300, -6.568108768097234300 ) ) ;
#1740 = CARTESIAN_POINT ( 'NONE',  ( -1.249999999999999800, 104.4852813742385700, 8.485281374238569500 ) ) ;
#1741 = VERTEX_POINT ( 'NONE', #871 ) ;
#1742 = EDGE_LOOP ( 'NONE', ( #6089, #8167 ) ) ;
#1743 = FACE_BOUND ( 'NONE', #7016, .T. ) ;
#1744 = EDGE_LOOP ( 'NONE', ( #1308, #7377, #1136, #6808 ) ) ;
#1745 = DIRECTION ( 'NONE',  ( 0.0000000000000000000, 0.0000000000000000000, -1.000000000000000000 ) ) ;
#1746 = FACE_BOUND ( 'NONE', #5223, .T. ) ;
#1747 = FACE_OUTER_BOUND ( 'NONE', #7025, .T. ) ;
#1748 = AXIS2_PLACEMENT_3D ( 'NONE', #3687, #10486, #3759 ) ;
#1749 = EDGE_LOOP ( 'NONE', ( #9612, #6884, #6976, #10746, #269 ) ) ;
#1750 = DIRECTION ( 'NONE',  ( 0.0000000000000000000, 0.0000000000000000000, -1.000000000000000000 ) ) ;
#1751 = ORIENTED_EDGE ( 'NONE', *, *, #9750, .F. ) ;
#1752 = CARTESIAN_POINT ( 'NONE',  ( 1.250000000000000200, 64.00000000000000000, 8.000000000000000000 ) ) ;
#1753 = ORIENTED_EDGE ( 'NONE', *, *, #1151, .F. ) ;
#1754 = ORIENTED_EDGE ( 'NONE', *, *, #9188, .F. ) ;
#1755 = ORIENTED_EDGE ( 'NONE', *, *, #9633, .T. ) ;
#1756 = EDGE_CURVE ( 'NONE', #2233, #10710, #687, .T. ) ;
#1757 = VECTOR ( 'NONE', #979, 1000.000000000000000 ) ;
#1758 = LINE ( 'NONE', #2568, #5259 ) ;
#1759 = EDGE_CURVE ( 'NONE', #2628, #4423, #9855, .T. ) ;
#1760 = DIRECTION ( 'NONE',  ( 0.0000000000000000000, 0.0000000000000000000, -1.000000000000000000 ) ) ;
#1761 = ORIENTED_EDGE ( 'NONE', *, *, #945, .F. ) ;
#1762 = ORIENTED_EDGE ( 'NONE', *, *, #1563, .T. ) ;
#1763 = DIRECTION ( 'NONE',  ( 0.0000000000000000000, -0.7071067811865450200, 0.7071067811865501300 ) ) ;
#1764 = ORIENTED_EDGE ( 'NONE', *, *, #1096, .F. ) ;
#1765 = DIRECTION ( 'NONE',  ( 0.0000000000000000000, 0.7071067811865469100, 0.7071067811865482400 ) ) ;
#1766 = ORIENTED_EDGE ( 'NONE', *, *, #2196, .T. ) ;
#1767 = PLANE ( 'NONE',  #531 ) ;
#1768 = VECTOR ( 'NONE', #1735, 1000.000000000000000 ) ;
#1769 = DIRECTION ( 'NONE',  ( 1.000000000000000000, -0.0000000000000000000, 0.0000000000000000000 ) ) ;
#1770 = EDGE_CURVE ( 'NONE', #377, #9619, #7616, .T. ) ;
#1771 = AXIS2_PLACEMENT_3D ( 'NONE', #3643, #8703, #8988 ) ;
#1772 = FACE_OUTER_BOUND ( 'NONE', #7959, .T. ) ;
#1773 = ORIENTED_EDGE ( 'NONE', *, *, #5103, .T. ) ;
#1774 = AXIS2_PLACEMENT_3D ( 'NONE', #8957, #4802, #3894 ) ;
#1775 = CARTESIAN_POINT ( 'NONE',  ( 6.749999999999990200, 128.0000000000000000, 13.50000000000000000 ) ) ;
#1776 = VERTEX_POINT ( 'NONE', #10187 ) ;
#1777 = DIRECTION ( 'NONE',  ( -1.000000000000000000, 0.0000000000000000000, 0.0000000000000000000 ) ) ;
#1778 = EDGE_CURVE ( 'NONE', #4750, #8885, #2825, .T. ) ;
#1779 = CARTESIAN_POINT ( 'NONE',  ( 6.750000000000000000, 104.0000000000000100, -13.50000000000000200 ) ) ;
#1780 = ORIENTED_EDGE ( 'NONE', *, *, #2223, .T. ) ;
#1781 = DIRECTION ( 'NONE',  ( 1.000000000000000000, -0.0000000000000000000, -0.0000000000000000000 ) ) ;
#1782 = DIRECTION ( 'NONE',  ( 1.000000000000000000, -0.0000000000000000000, -0.0000000000000000000 ) ) ;
#1783 = LOCAL_TIME ( 12, 7, 3.000000000000000000, #7401 ) ;
#1784 = ADVANCED_FACE ( 'NONE', ( #9309 ), #4284, .T. ) ;
#1785 = DIRECTION ( 'NONE',  ( 3.652049423109066300E-016, 0.0000000000000000000, -1.000000000000000000 ) ) ;
#1786 = CYLINDRICAL_SURFACE ( 'NONE', #6819, 2.024999999999990100 ) ;
#1787 = ORIENTED_EDGE ( 'NONE', *, *, #7937, .F. ) ;
#1788 = EDGE_CURVE ( 'NONE', #5911, #6005, #5384, .T. ) ;
#1789 = AXIS2_PLACEMENT_3D ( 'NONE', #4885, #520, #3153 ) ;
#1790 = ORIENTED_EDGE ( 'NONE', *, *, #7945, .F. ) ;
#1791 = DIRECTION ( 'NONE',  ( 1.000000000000000000, -0.0000000000000000000, 0.0000000000000000000 ) ) ;
#1792 = DIRECTION ( 'NONE',  ( 0.0000000000000000000, 0.7071067811865463500, 0.7071067811865487900 ) ) ;
#1793 = ORIENTED_EDGE ( 'NONE', *, *, #212, .F. ) ;
#1794 = CARTESIAN_POINT ( 'NONE',  ( -1.249999999999999800, 63.51471862576143900, -10.51028137423856600 ) ) ;
#1795 = AXIS2_PLACEMENT_3D ( 'NONE', #3581, #3668, #2734 ) ;
#1796 = ORIENTED_EDGE ( 'NONE', *, *, #10175, .F. ) ;
#1797 = DIRECTION ( 'NONE',  ( 1.000000000000000000, -0.0000000000000000000, -0.0000000000000000000 ) ) ;
#1798 = FACE_OUTER_BOUND ( 'NONE', #8686, .T. ) ;
#1799 = CARTESIAN_POINT ( 'NONE',  ( 6.749999999999990200, 144.0000000000000300, 13.50000000000000000 ) ) ;
#1800 = FACE_OUTER_BOUND ( 'NONE', #8420, .T. ) ;
#1801 = ADVANCED_FACE ( 'NONE', ( #2965 ), #5894, .F. ) ;
#1802 = EDGE_CURVE ( 'NONE', #7599, #6423, #5092, .T. ) ;
#1803 = CARTESIAN_POINT ( 'NONE',  ( -1.249999999999999800, 180.6862915010152600, 2.024999999999999900 ) ) ;
#1804 = ORIENTED_EDGE ( 'NONE', *, *, #4724, .F. ) ;
#1805 = ORIENTED_EDGE ( 'NONE', *, *, #4669, .T. ) ;
#1806 = CIRCLE ( 'NONE', #8920, 2.025000000000000800 ) ;
#1807 = DIRECTION ( 'NONE',  ( 1.000000000000000000, -0.0000000000000000000, -0.0000000000000000000 ) ) ;
#1808 = EDGE_CURVE ( 'NONE', #1852, #3398, #3882, .T. ) ;
#1809 = PLANE ( 'NONE',  #370 ) ;
#1810 = CARTESIAN_POINT ( 'NONE',  ( -1.249999999999999800, 133.4318912319027700, -13.43189123190275300 ) ) ;
#1811 = CYLINDRICAL_SURFACE ( 'NONE', #3084, 2.025000000000002600 ) ;
#1812 = CARTESIAN_POINT ( 'NONE',  ( 2.465133360598619700E-015, 0.0000000000000000000, -13.50000000000000200 ) ) ;
#1813 = VERTEX_POINT ( 'NONE', #5949 ) ;
#1814 = VERTEX_POINT ( 'NONE', #7725 ) ;
#1815 = DIRECTION ( 'NONE',  ( 0.0000000000000000000, 0.7071067811865463500, 0.7071067811865487900 ) ) ;
#1816 = CIRCLE ( 'NONE', #3791, 2.024999999999999900 ) ;
#1817 = CARTESIAN_POINT ( 'NONE',  ( 8.774999999999998600, 56.00000000000000700, -13.50000000000000200 ) ) ;
#1818 = DIRECTION ( 'NONE',  ( 0.0000000000000000000, 0.0000000000000000000, 1.000000000000000000 ) ) ;
#1819 = FACE_BOUND ( 'NONE', #8385, .T. ) ;
#1820 = DIRECTION ( 'NONE',  ( 1.000000000000000000, -0.0000000000000000000, -0.0000000000000000000 ) ) ;
#1821 = DIRECTION ( 'NONE',  ( -1.000000000000000000, 0.0000000000000000000, -0.0000000000000000000 ) ) ;
#1822 = AXIS2_PLACEMENT_3D ( 'NONE', #3951, #6554, #2277 ) ;
#1823 = ORIENTED_EDGE ( 'NONE', *, *, #3732, .F. ) ;
#1824 = VERTEX_POINT ( 'NONE', #6921 ) ;
#1825 = DIRECTION ( 'NONE',  ( 1.000000000000000000, 0.0000000000000000000, 0.0000000000000000000 ) ) ;
#1826 = VECTOR ( 'NONE', #10062, 1000.000000000000000 ) ;
#1827 = EDGE_CURVE ( 'NONE', #5483, #10887, #3081, .T. ) ;
#1828 = CIRCLE ( 'NONE', #2357, 2.024999999999999900 ) ;
#1829 = CARTESIAN_POINT ( 'NONE',  ( 4.724999999999993400, 40.00000000000000700, 13.50000000000000000 ) ) ;
#1830 = DIRECTION ( 'NONE',  ( 0.0000000000000000000, 0.0000000000000000000, -1.000000000000000000 ) ) ;
#1831 = DIRECTION ( 'NONE',  ( 0.0000000000000000000, 0.0000000000000000000, 1.000000000000000000 ) ) ;
#1832 = ORIENTED_EDGE ( 'NONE', *, *, #6402, .T. ) ;
#1833 = EDGE_LOOP ( 'NONE', ( #397, #6904 ) ) ;
#1834 = FACE_BOUND ( 'NONE', #548, .T. ) ;
#1835 = CARTESIAN_POINT ( 'NONE',  ( 1.250000000000000200, 111.5147186257614300, 8.485281374238569500 ) ) ;
#1836 = CARTESIAN_POINT ( 'NONE',  ( 6.749999999999989300, 112.0000000000000100, 16.00000000000000400 ) ) ;
#1837 = LINE ( 'NONE', #10733, #7453 ) ;
#1838 = EDGE_CURVE ( 'NONE', #4017, #130, #7110, .T. ) ;
#1839 = DIRECTION ( 'NONE',  ( -1.000000000000000000, 0.0000000000000000000, -0.0000000000000000000 ) ) ;
#1840 = AXIS2_PLACEMENT_3D ( 'NONE', #7687, #8526, #8490 ) ;
#1841 = EDGE_LOOP ( 'NONE', ( #7539, #7948 ) ) ;
#1842 = CARTESIAN_POINT ( 'NONE',  ( -1.249999999999999800, 80.48528137423858200, -10.51028137423856800 ) ) ;
#1843 = ORIENTED_EDGE ( 'NONE', *, *, #7693, .F. ) ;
#1844 = FACE_OUTER_BOUND ( 'NONE', #1403, .T. ) ;
#1845 = EDGE_CURVE ( 'NONE', #8531, #8319, #4962, .T. ) ;
#1846 = CARTESIAN_POINT ( 'NONE',  ( 6.749999999999989300, 24.00000000000000700, 16.00000000000000400 ) ) ;
#1847 = FACE_OUTER_BOUND ( 'NONE', #6045, .T. ) ;
#1848 = CIRCLE ( 'NONE', #10621, 2.025000000000004400 ) ;
#1849 = DIRECTION ( 'NONE',  ( 3.652049423109066300E-016, -0.0000000000000000000, -1.000000000000000000 ) ) ;
#1850 = ADVANCED_FACE ( 'NONE', ( #8150 ), #4449, .T. ) ;
#1851 = DIRECTION ( 'NONE',  ( 3.652049423109066300E-016, -0.0000000000000000000, -1.000000000000000000 ) ) ;
#1852 = VERTEX_POINT ( 'NONE', #982 ) ;
#1853 = CARTESIAN_POINT ( 'NONE',  ( -1.249999999999999800, 127.0533901423358000, 9.917172606141324600 ) ) ;
#1854 = CARTESIAN_POINT ( 'NONE',  ( 1.250000000000000200, 155.3137084989847700, -2.024999999999999900 ) ) ;
#1855 = ORIENTED_EDGE ( 'NONE', *, *, #5140, .T. ) ;
#1856 = VECTOR ( 'NONE', #354, 1000.000000000000000 ) ;
#1857 = EDGE_CURVE ( 'NONE', #1387, #1687, #2681, .T. ) ;
#1858 = VECTOR ( 'NONE', #10059, 1000.000000000000000 ) ;
#1859 = AXIS2_PLACEMENT_3D ( 'NONE', #2058, #1348, #4682 ) ;
#1860 = LINE ( 'NONE', #4030, #3978 ) ;
#1861 = VERTEX_POINT ( 'NONE', #3545 ) ;
#1862 = ORIENTED_EDGE ( 'NONE', *, *, #10452, .T. ) ;
#1863 = DIRECTION ( 'NONE',  ( 3.652049423109066300E-016, 0.0000000000000000000, -1.000000000000000000 ) ) ;
#1864 = DIRECTION ( 'NONE',  ( 1.000000000000000000, -0.0000000000000000000, -0.0000000000000000000 ) ) ;
#1865 = DIRECTION ( 'NONE',  ( 1.000000000000000000, 0.0000000000000000000, 3.652049423109066300E-016 ) ) ;
#1866 = ORIENTED_EDGE ( 'NONE', *, *, #10888, .F. ) ;
#1867 = CARTESIAN_POINT ( 'NONE',  ( -1.249999999999999800, 40.94660985766419300, 9.917172606141328100 ) ) ;
#1868 = LINE ( 'NONE', #2337, #8006 ) ;
#1869 = DIRECTION ( 'NONE',  ( 1.000000000000000000, 0.0000000000000000000, -0.0000000000000000000 ) ) ;
#1870 = DIRECTION ( 'NONE',  ( 3.652049423109066300E-016, -0.0000000000000000000, -1.000000000000000000 ) ) ;
#1871 = LINE ( 'NONE', #106, #3200 ) ;
#1872 = CARTESIAN_POINT ( 'NONE',  ( -1.249999999999999800, 175.0533901423358400, 9.917172606141333400 ) ) ;
#1873 = EDGE_LOOP ( 'NONE', ( #417, #604, #1380, #9643 ) ) ;
#1874 = EDGE_CURVE ( 'NONE', #10772, #1582, #9196, .T. ) ;
#1875 = DIRECTION ( 'NONE',  ( 0.0000000000000000000, 0.0000000000000000000, -1.000000000000000000 ) ) ;
#1876 = AXIS2_PLACEMENT_3D ( 'NONE', #5776, #1579, #2431 ) ;
#1877 = CARTESIAN_POINT ( 'NONE',  ( -1.249999999999999800, 128.4852813742385800, -10.51028137423856800 ) ) ;
#1878 = ORIENTED_EDGE ( 'NONE', *, *, #1032, .T. ) ;
#1879 = DIRECTION ( 'NONE',  ( 0.0000000000000000000, -0.7071067811865450200, 0.7071067811865501300 ) ) ;
#1880 = CARTESIAN_POINT ( 'NONE',  ( 1.250000000000000200, 33.91717260614134200, -7.053390142335809200 ) ) ;
#1881 = ORIENTED_EDGE ( 'NONE', *, *, #7997, .F. ) ;
#1882 = FACE_BOUND ( 'NONE', #6752, .T. ) ;
#1883 = CARTESIAN_POINT ( 'NONE',  ( 1.250000000000000200, 85.43189123190266800, 13.43189123190281200 ) ) ;
#1884 = CIRCLE ( 'NONE', #7702, 2.024999999999997200 ) ;
#1885 = ORIENTED_EDGE ( 'NONE', *, *, #10611, .F. ) ;
#1886 = CARTESIAN_POINT ( 'NONE',  ( -1.249999999999999800, 41.43189123190276000, 9.431891231902762100 ) ) ;
#1887 = EDGE_LOOP ( 'NONE', ( #4256, #9860, #719, #4728 ) ) ;
#1888 = ORIENTED_EDGE ( 'NONE', *, *, #10192, .F. ) ;
#1889 = CARTESIAN_POINT ( 'NONE',  ( -1.249999999999999800, 58.56810876809730400, -10.56810876809726100 ) ) ;
#1890 = ORIENTED_EDGE ( 'NONE', *, *, #1485, .T. ) ;
#1891 = DIRECTION ( 'NONE',  ( 3.652049423109066300E-016, -0.0000000000000000000, -1.000000000000000000 ) ) ;
#1892 = LINE ( 'NONE', #1411, #10666 ) ;
#1893 = CARTESIAN_POINT ( 'NONE',  ( -1.249999999999999800, 152.4852813742385500, -8.485281374238564200 ) ) ;
#1894 = DIRECTION ( 'NONE',  ( 3.652049423109066300E-016, -0.0000000000000000000, -1.000000000000000000 ) ) ;
#1895 = CARTESIAN_POINT ( 'NONE',  ( 4.724999999999993400, 24.00000000000000700, 13.50000000000000000 ) ) ;
#1896 = CYLINDRICAL_SURFACE ( 'NONE', #10608, 2.025000000000000800 ) ;
#1897 = EDGE_CURVE ( 'NONE', #10907, #154, #4702, .T. ) ;
#1898 = CARTESIAN_POINT ( 'NONE',  ( -1.249999999999999800, 129.9171726061413200, -7.053390142335809200 ) ) ;
#1899 = EDGE_LOOP ( 'NONE', ( #3700, #6352, #21, #1570 ) ) ;
#1900 = EDGE_LOOP ( 'NONE', ( #9961, #5745, #7623, #9498 ) ) ;
#1901 = DIRECTION ( 'NONE',  ( 0.0000000000000000000, 0.0000000000000000000, -1.000000000000000000 ) ) ;
#1902 = ORIENTED_EDGE ( 'NONE', *, *, #7647, .F. ) ;
#1903 = ORIENTED_EDGE ( 'NONE', *, *, #4320, .T. ) ;
#1904 = CARTESIAN_POINT ( 'NONE',  ( -1.249999999999999800, 0.0000000000000000000, 2.024999999999999900 ) ) ;
#1905 = EDGE_LOOP ( 'NONE', ( #10114, #6327, #2103, #8214, #7934 ) ) ;
#1906 = CYLINDRICAL_SURFACE ( 'NONE', #9675, 2.024999999999998100 ) ;
#1907 = CARTESIAN_POINT ( 'NONE',  ( 6.749999999999989300, 56.00000000000000700, 16.00000000000000400 ) ) ;
#1908 = AXIS2_PLACEMENT_3D ( 'NONE', #10726, #558, #1410 ) ;
#1909 = CARTESIAN_POINT ( 'NONE',  ( 8.774999999999998600, 80.00000000000001400, -13.50000000000000200 ) ) ;
#1910 = DIRECTION ( 'NONE',  ( 1.000000000000000000, -0.0000000000000000000, -0.0000000000000000000 ) ) ;
#1911 = CARTESIAN_POINT ( 'NONE',  ( 1.250000000000000200, 154.5681087680974900, 10.56810876809731100 ) ) ;
#1912 = CARTESIAN_POINT ( 'NONE',  ( -1.249999999999999800, 56.48528137423857500, -10.51028137423856800 ) ) ;
#1913 = ORIENTED_EDGE ( 'NONE', *, *, #7325, .F. ) ;
#1914 = PRODUCT ( '1143-0007-0192', '1143-0007-0192', '', ( #8763 ) ) ;
#1915 = ORIENTED_EDGE ( 'NONE', *, *, #5293, .T. ) ;
#1916 = ADVANCED_FACE ( 'NONE', ( #6042 ), #7005, .F. ) ;
#1917 = AXIS2_PLACEMENT_3D ( 'NONE', #8666, #1736, #8623 ) ;
#1918 = DIRECTION ( 'NONE',  ( 3.652049423109066300E-016, 0.0000000000000000000, -1.000000000000000000 ) ) ;
#1919 = EDGE_LOOP ( 'NONE', ( #187, #5650, #964, #9331 ) ) ;
#1920 = DIRECTION ( 'NONE',  ( -1.000000000000000000, 0.0000000000000000000, -3.652049423109066800E-016 ) ) ;
#1921 = DIRECTION ( 'NONE',  ( 1.000000000000000000, -0.0000000000000000000, -0.0000000000000000000 ) ) ;
#1922 = EDGE_CURVE ( 'NONE', #6767, #7611, #1235, .T. ) ;
#1923 = DIRECTION ( 'NONE',  ( 0.0000000000000000000, 0.7071067811865505700, -0.7071067811865444600 ) ) ;
#1924 = CARTESIAN_POINT ( 'NONE',  ( 1.250000000000000200, 102.5681087680972600, 9.431891231902756800 ) ) ;
#1925 = FACE_OUTER_BOUND ( 'NONE', #1900, .T. ) ;
#1926 = ORIENTED_EDGE ( 'NONE', *, *, #10528, .F. ) ;
#1927 = DATE_TIME_ROLE ( 'classification_date' ) ;
#1928 = CARTESIAN_POINT ( 'NONE',  ( -1.249999999999999800, 38.56810876809724000, 6.568108768097240500 ) ) ;
#1929 = ORIENTED_EDGE ( 'NONE', *, *, #3010, .T. ) ;
#1930 = VERTEX_POINT ( 'NONE', #8638 ) ;
#1931 = DIRECTION ( 'NONE',  ( 1.826024711554532900E-016, -0.0000000000000000000, 1.000000000000000000 ) ) ;
#1932 = EDGE_CURVE ( 'NONE', #4851, #9510, #7758, .T. ) ;
#1933 = AXIS2_PLACEMENT_3D ( 'NONE', #5163, #5042, #4319 ) ;
#1934 = LINE ( 'NONE', #740, #6747 ) ;
#1935 = AXIS2_PLACEMENT_3D ( 'NONE', #1189, #8771, #4663 ) ;
#1936 = DIRECTION ( 'NONE',  ( -1.826024711554532900E-016, 0.0000000000000000000, 1.000000000000000000 ) ) ;
#1937 = ORIENTED_EDGE ( 'NONE', *, *, #3402, .F. ) ;
#1938 = CIRCLE ( 'NONE', #599, 6.999999999999999100 ) ;
#1939 = CARTESIAN_POINT ( 'NONE',  ( 6.750000000000000900, 8.000000000000007100, -15.99999999999999600 ) ) ;
#1940 = EDGE_CURVE ( 'NONE', #7805, #2422, #1884, .T. ) ;
#1941 = DIRECTION ( 'NONE',  ( 3.652049423109066300E-016, 0.0000000000000000000, -1.000000000000000000 ) ) ;
#1942 = ORIENTED_EDGE ( 'NONE', *, *, #10479, .T. ) ;
#1943 = ORIENTED_EDGE ( 'NONE', *, *, #7483, .T. ) ;
#1944 = CIRCLE ( 'NONE', #7946, 2.024999999999996400 ) ;
#1945 = CARTESIAN_POINT ( 'NONE',  ( 6.749999999999989300, 8.000000000000007100, 16.00000000000000400 ) ) ;
#1946 = DIRECTION ( 'NONE',  ( 0.0000000000000000000, 0.7071067811865463500, 0.7071067811865487900 ) ) ;
#1947 = FACE_OUTER_BOUND ( 'NONE', #9292, .T. ) ;
#1948 = EDGE_CURVE ( 'NONE', #3086, #1508, #6181, .T. ) ;
#1949 = CARTESIAN_POINT ( 'NONE',  ( -1.249999999999999800, 157.4318912319028000, -13.43189123190275300 ) ) ;
#1950 = CARTESIAN_POINT ( 'NONE',  ( 8.774999999999987900, 24.00000000000000700, 16.00000000000000400 ) ) ;
#1951 = DIRECTION ( 'NONE',  ( -1.000000000000000000, 0.0000000000000000000, 0.0000000000000000000 ) ) ;
#1952 = AXIS2_PLACEMENT_3D ( 'NONE', #1939, #922, #6943 ) ;
#1953 = CARTESIAN_POINT ( 'NONE',  ( -1.249999999999999800, 128.4852813742385800, -8.485281374238564200 ) ) ;
#1954 = CARTESIAN_POINT ( 'NONE',  ( -1.249999999999999800, 15.51471862576143000, 8.485281374238569500 ) ) ;
#1955 = ORIENTED_EDGE ( 'NONE', *, *, #6519, .T. ) ;
#1956 = CARTESIAN_POINT ( 'NONE',  ( 4.724999999999993400, 152.0000000000000300, 13.50000000000000000 ) ) ;
#1957 = FACE_OUTER_BOUND ( 'NONE', #5595, .T. ) ;
#1958 = DIRECTION ( 'NONE',  ( -1.000000000000000000, 0.0000000000000000000, 0.0000000000000000000 ) ) ;
#1959 = FACE_OUTER_BOUND ( 'NONE', #8060, .T. ) ;
#1960 = EDGE_CURVE ( 'NONE', #4003, #7426, #5643, .T. ) ;
#1961 = VERTEX_POINT ( 'NONE', #10194 ) ;
#1962 = ORIENTED_EDGE ( 'NONE', *, *, #6478, .F. ) ;
#1963 = EDGE_CURVE ( 'NONE', #10526, #2618, #161, .T. ) ;
#1964 = PERSON_AND_ORGANIZATION_ROLE ( 'design_owner' ) ;
#1965 = DIRECTION ( 'NONE',  ( -1.000000000000000000, 0.0000000000000000000, 1.387778780781447300E-015 ) ) ;
#1966 = CIRCLE ( 'NONE', #5592, 2.025000000000002600 ) ;
#1967 = LINE ( 'NONE', #6698, #1684 ) ;
#1968 = VERTEX_POINT ( 'NONE', #10229 ) ;
#1969 = DIRECTION ( 'NONE',  ( -1.387778780781447500E-015, 0.0000000000000000000, 1.000000000000000000 ) ) ;
#1970 = EDGE_LOOP ( 'NONE', ( #8152, #4156, #10237, #1021, #7184 ) ) ;
#1972 = ADVANCED_FACE ( 'NONE', ( #1354 ), #2404, .F. ) ;
#1971 = ORIENTED_EDGE ( 'NONE', *, *, #1236, .T. ) ;
#1973 = DIRECTION ( 'NONE',  ( 1.000000000000000000, -0.0000000000000000000, -0.0000000000000000000 ) ) ;
#1974 = CIRCLE ( 'NONE', #5003, 2.025000000000000800 ) ;
#1975 = DIRECTION ( 'NONE',  ( 1.000000000000000000, -0.0000000000000000000, -0.0000000000000000000 ) ) ;
#1976 = AXIS2_PLACEMENT_3D ( 'NONE', #756, #8409, #5903 ) ;
#1977 = VECTOR ( 'NONE', #7353, 1000.000000000000000 ) ;
#1978 = EDGE_LOOP ( 'NONE', ( #10898, #7716 ) ) ;
#1979 = VERTEX_POINT ( 'NONE', #5991 ) ;
#1980 = EDGE_CURVE ( 'NONE', #1560, #8514, #8034, .T. ) ;
#1981 = LINE ( 'NONE', #3043, #521 ) ;
#1982 = CARTESIAN_POINT ( 'NONE',  ( 8.774999999999987900, 16.00000000000000700, 16.00000000000000400 ) ) ;
#1983 = FACE_BOUND ( 'NONE', #10978, .T. ) ;
#1984 = VERTEX_POINT ( 'NONE', #4210 ) ;
#1985 = VERTEX_POINT ( 'NONE', #10159 ) ;
#1986 = DIRECTION ( 'NONE',  ( -1.387778780781447500E-015, 0.0000000000000000000, 1.000000000000000000 ) ) ;
#1987 = LINE ( 'NONE', #4370, #7861 ) ;
#1988 = VERTEX_POINT ( 'NONE', #5097 ) ;
#1989 = DIRECTION ( 'NONE',  ( 0.0000000000000000000, 0.7071067811865505700, -0.7071067811865444600 ) ) ;
#1990 = DIRECTION ( 'NONE',  ( 0.0000000000000000000, 0.0000000000000000000, -1.000000000000000000 ) ) ;
#1991 = LINE ( 'NONE', #6335, #2374 ) ;
#1992 = EDGE_CURVE ( 'NONE', #2044, #7532, #7490, .T. ) ;
#1993 = CIRCLE ( 'NONE', #7434, 2.025000000000004400 ) ;
#1994 = AXIS2_PLACEMENT_3D ( 'NONE', #6888, #4326, #3460 ) ;
#1995 = ORIENTED_EDGE ( 'NONE', *, *, #785, .T. ) ;
#1996 = CARTESIAN_POINT ( 'NONE',  ( 1.250000000000000200, 31.99999999999999300, 8.000000000000000000 ) ) ;
#1997 = EDGE_CURVE ( 'NONE', #3424, #3118, #8943, .T. ) ;
#1998 = ORIENTED_EDGE ( 'NONE', *, *, #2433, .F. ) ;
#1999 = ORIENTED_EDGE ( 'NONE', *, *, #8838, .F. ) ;
#2000 = CARTESIAN_POINT ( 'NONE',  ( 1.250000000000000200, 37.43189123190278900, -13.43189123190274400 ) ) ;
#2001 = FACE_BOUND ( 'NONE', #8798, .T. ) ;
#2002 = CIRCLE ( 'NONE', #8619, 2.024999999999998100 ) ;
#2003 = CARTESIAN_POINT ( 'NONE',  ( 6.750000000000000900, 72.00000000000001400, -15.99999999999999600 ) ) ;
#2004 = ORIENTED_EDGE ( 'NONE', *, *, #5456, .F. ) ;
#2005 = EDGE_CURVE ( 'NONE', #1508, #3086, #3618, .T. ) ;
#2006 = AXIS2_PLACEMENT_3D ( 'NONE', #6040, #2621, #8537 ) ;
#2007 = DIRECTION ( 'NONE',  ( 0.0000000000000000000, 0.0000000000000000000, -1.000000000000000000 ) ) ;
#2008 = ORIENTED_EDGE ( 'NONE', *, *, #4096, .T. ) ;
#2009 = ORIENTED_EDGE ( 'NONE', *, *, #3569, .T. ) ;
#2010 = AXIS2_PLACEMENT_3D ( 'NONE', #205, #10387, #4406 ) ;
#2011 = FACE_OUTER_BOUND ( 'NONE', #1539, .T. ) ;
#2012 = CARTESIAN_POINT ( 'NONE',  ( 6.750000000000000900, 144.0000000000000300, -15.99999999999999600 ) ) ;
#2013 = ORIENTED_EDGE ( 'NONE', *, *, #3175, .T. ) ;
#2014 = VECTOR ( 'NONE', #4548, 1000.000000000000000 ) ;
#2015 = ORIENTED_EDGE ( 'NONE', *, *, #382, .T. ) ;
#2016 = DIRECTION ( 'NONE',  ( 0.0000000000000000000, -0.7071067811865526800, -0.7071067811865424700 ) ) ;
#2017 = PLANE ( 'NONE',  #2293 ) ;
#2018 = EDGE_CURVE ( 'NONE', #9494, #10236, #2145, .T. ) ;
#2019 = ORIENTED_EDGE ( 'NONE', *, *, #4730, .T. ) ;
#2020 = DIRECTION ( 'NONE',  ( 0.0000000000000000000, 0.0000000000000000000, -1.000000000000000000 ) ) ;
#2021 = CARTESIAN_POINT ( 'NONE',  ( 1.250000000000000200, 136.9466098576641900, 9.917172606141322800 ) ) ;
#2022 = VERTEX_POINT ( 'NONE', #3592 ) ;
#2023 = VECTOR ( 'NONE', #10822, 1000.000000000000000 ) ;
#2024 = ORIENTED_EDGE ( 'NONE', *, *, #4515, .F. ) ;
#2025 = ADVANCED_FACE ( 'NONE', ( #1607 ), #7480, .F. ) ;
#2026 = FACE_OUTER_BOUND ( 'NONE', #60, .T. ) ;
#2027 = EDGE_CURVE ( 'NONE', #8556, #8673, #10658, .T. ) ;
#2028 = DIRECTION ( 'NONE',  ( 0.0000000000000000000, 0.0000000000000000000, -1.000000000000000000 ) ) ;
#2029 = CIRCLE ( 'NONE', #8697, 2.024999999999997200 ) ;
#2030 = AXIS2_PLACEMENT_3D ( 'NONE', #8914, #8878, #9724 ) ;
#2031 = CARTESIAN_POINT ( 'NONE',  ( 1.250000000000000200, 154.5681087680973200, -10.56810876809726100 ) ) ;
#2032 = CARTESIAN_POINT ( 'NONE',  ( 8.774999999999987900, 32.00000000000000700, 16.00000000000000400 ) ) ;
#2033 = EDGE_LOOP ( 'NONE', ( #40, #6530, #903, #1619 ) ) ;
#2034 = VERTEX_POINT ( 'NONE', #4305 ) ;
#2035 = ORIENTED_EDGE ( 'NONE', *, *, #4930, .F. ) ;
#2036 = ORIENTED_EDGE ( 'NONE', *, *, #4099, .T. ) ;
#2037 = FACE_OUTER_BOUND ( 'NONE', #9168, .T. ) ;
#2038 = VECTOR ( 'NONE', #2824, 1000.000000000000000 ) ;
#2039 = DIRECTION ( 'NONE',  ( 0.0000000000000000000, 0.0000000000000000000, -1.000000000000000000 ) ) ;
#2040 = CARTESIAN_POINT ( 'NONE',  ( 1.250000000000000200, 83.31370849898475200, -2.024999999999999900 ) ) ;
#2041 = AXIS2_PLACEMENT_3D ( 'NONE', #872, #6070, #902 ) ;
#2042 = CLOSED_SHELL ( 'NONE', ( #369, #1190, #9146, #3247, #4664, #3192, #9264, #4834, #735, #4984, #10656, #3407, #4029, #2405, #7446, #8831, #6788, #7396, #5230, #4717, #1682, #1405, #8941, #5351, #1313, #572, #4069, #7500, #965, #2575, #3858, #10450, #7566, #6006, #10557, #8728, #8012, #8374, #2352, #1520, #10769, #189, #5722, #8604, #8215, #1801, #4822, #9216, #5214, #3814, #4882, #6577, #9355, #9109, #4949, #7617, #5675, #7350, #2755, #3360, #529, #6907, #3079, #3970, #474, #10814, #1302, #3515, #10142, #588, #688, #8114, #7912, #9599, #8179, #1455, #58, #676, #5098, #6365, #2616, #10314, #3145, #1628, #6468, #2514, #9409, #8263, #73, #4495, #4996, #2501, #10025, #9918, #4, #1253, #3528, #5172, #6564, #10869, #9369, #1972, #2629, #10089, #6628, #10960, #3300, #3031, #9716, #6952, #5832, #8427, #7457, #9297, #8170, #10924, #1464, #7080, #2459, #250, #10714, #6415, #15, #9928, #7790, #10859, #127, #3586, #6638, #8951, #6127, #4355, #850, #7673, #7195, #7136, #4016, #6970, #2693, #5159, #7339, #4119, #9418, #306, #6195, #4430, #9774, #5937, #5038, #3181, #1571, #2979, #8773, #3134, #2299, #9657, #1850, #5792, #1012, #9727, #9985, #2180, #4550, #8664, #9484, #950, #10040, #9041, #5300, #840, #10077, #5845, #434, #4615, #2082, #2230, #4779, #10250, #1139, #9052, #516, #9202, #8277, #10389, #10971, #6676, #2240, #10328, #6116, #4936, #2813, #424, #3286, #5895, #8225, #10152, #3094, #5461, #1784, #3911, #7605, #4766, #1417, #9540, #2343, #3238, #9815, #7027, #9971, #1025, #9252, #7961, #8069, #4242, #6075, #2448, #748, #5051, #8478, #2923, #8339, #5624, #1558, #3451, #3651, #2025, #7728, #9869, #9470, #5883, #7294, #5736, #5519, #10195, #6525, #635, #1673, #8438, #4307, #2395, #5952, #5775, #7249, #3756, #905, #2877, #1509, #4893, #10607, #6481, #4185, #6742, #3921, #10757, #8886, #9883, #9310, #7661, #6305, #624, #1079, #4229, #6516, #3462, #5112, #7835, #8592, #4080, #4368, #8991, #799, #6688, #2286, #10500, #10909, #10705, #1613, #3958, #8545, #7517, #114, #10205, #10266, #2127, #10826, #1352, #5414, #9158, #8494, #7852, #8326, #7557, #6851, #6059, #7407, #1916, #5686, #3039, #5571, #1734, #2676, #893, #1723, #8386, #6252, #9097, #4130, #3702 ) ) ;
#2043 = DIRECTION ( 'NONE',  ( -1.826024711554532900E-016, 0.0000000000000000000, 1.000000000000000000 ) ) ;
#2044 = VERTEX_POINT ( 'NONE', #3295 ) ;
#2045 = CARTESIAN_POINT ( 'NONE',  ( 6.749999999999989300, 152.0000000000000300, 16.00000000000000400 ) ) ;
#2046 = ORIENTED_EDGE ( 'NONE', *, *, #2477, .F. ) ;
#2047 = ORIENTED_EDGE ( 'NONE', *, *, #4680, .T. ) ;
#2048 = EDGE_CURVE ( 'NONE', #4562, #6934, #6566, .T. ) ;
#2049 = CIRCLE ( 'NONE', #6226, 2.024999999999998100 ) ;
#2050 = CARTESIAN_POINT ( 'NONE',  ( 8.774999999999998600, 48.00000000000000700, -15.99999999999999600 ) ) ;
#2051 = CARTESIAN_POINT ( 'NONE',  ( -46.75000000000000000, 1.431891231902797200, 1.431891231902786800 ) ) ;
#2052 = LINE ( 'NONE', #2747, #8569 ) ;
#2053 = ORIENTED_EDGE ( 'NONE', *, *, #9949, .T. ) ;
#2054 = ORIENTED_EDGE ( 'NONE', *, *, #8299, .T. ) ;
#2055 = ORIENTED_EDGE ( 'NONE', *, *, #3985, .F. ) ;
#2056 = AXIS2_PLACEMENT_3D ( 'NONE', #8251, #9875, #6649 ) ;
#2057 = DIRECTION ( 'NONE',  ( -1.000000000000000000, 0.0000000000000000000, 0.0000000000000000000 ) ) ;
#2058 = CARTESIAN_POINT ( 'NONE',  ( -1.249999999999999800, 176.4852813742385800, -8.485281374238564200 ) ) ;
#2059 = CYLINDRICAL_SURFACE ( 'NONE', #2006, 2.024999999999999900 ) ;
#2060 = EDGE_CURVE ( 'NONE', #68, #6490, #9439, .T. ) ;
#2061 = VECTOR ( 'NONE', #10657, 1000.000000000000000 ) ;
#2062 = VERTEX_POINT ( 'NONE', #815 ) ;
#2063 = AXIS2_PLACEMENT_3D ( 'NONE', #6961, #4322, #210 ) ;
#2064 = DIRECTION ( 'NONE',  ( 1.000000000000000000, -0.0000000000000000000, 0.0000000000000000000 ) ) ;
#2065 = CARTESIAN_POINT ( 'NONE',  ( -1.249999999999999800, 82.56810876809728900, 10.56810876809721700 ) ) ;
#2066 = EDGE_CURVE ( 'NONE', #3053, #5323, #5759, .T. ) ;
#2067 = ORIENTED_EDGE ( 'NONE', *, *, #2936, .F. ) ;
#2068 = CARTESIAN_POINT ( 'NONE',  ( 1.250000000000000200, 35.31370849898475900, 2.024999999999999900 ) ) ;
#2069 = CARTESIAN_POINT ( 'NONE',  ( -1.249999999999999800, 56.00000000000000000, -7.999999999999994700 ) ) ;
#2070 = ORIENTED_EDGE ( 'NONE', *, *, #9892, .F. ) ;
#2071 = CIRCLE ( 'NONE', #9624, 2.024999999999998100 ) ;
#2072 = APPLICATION_CONTEXT ( 'configuration controlled 3d designs of mechanical parts and assemblies' ) ;
#2073 = LINE ( 'NONE', #10343, #4055 ) ;
#2074 = DIRECTION ( 'NONE',  ( 1.000000000000000000, 0.0000000000000000000, 0.0000000000000000000 ) ) ;
#2075 = EDGE_CURVE ( 'NONE', #10265, #560, #8528, .T. ) ;
#2076 = AXIS2_PLACEMENT_3D ( 'NONE', #8445, #4965, #2412 ) ;
#2077 = ORIENTED_EDGE ( 'NONE', *, *, #7018, .F. ) ;
#2078 = VERTEX_POINT ( 'NONE', #9383 ) ;
#2079 = AXIS2_PLACEMENT_3D ( 'NONE', #7125, #6313, #1990 ) ;
#2080 = CARTESIAN_POINT ( 'NONE',  ( -1.249999999999999800, 107.3137084989847800, -2.024999999999999900 ) ) ;
#2081 = CIRCLE ( 'NONE', #10480, 2.024999999999997200 ) ;
#2082 = ADVANCED_FACE ( 'NONE', ( #4694 ), #1732, .T. ) ;
#2083 = CARTESIAN_POINT ( 'NONE',  ( -46.75000000000000000, 97.43189123190343500, 97.43189123190273900 ) ) ;
#2084 = VECTOR ( 'NONE', #4149, 1000.000000000000000 ) ;
#2085 = CARTESIAN_POINT ( 'NONE',  ( -1.249999999999999800, 48.00000000000000000, 6.999999999999999100 ) ) ;
#2086 = DIRECTION ( 'NONE',  ( 3.652049423109066300E-016, -0.0000000000000000000, -1.000000000000000000 ) ) ;
#2087 = ORIENTED_EDGE ( 'NONE', *, *, #10485, .T. ) ;
#2088 = ORIENTED_EDGE ( 'NONE', *, *, #1948, .T. ) ;
#2089 = CIRCLE ( 'NONE', #10619, 2.024999999999998100 ) ;
#2090 = EDGE_CURVE ( 'NONE', #8693, #8832, #3998, .T. ) ;
#2091 = CARTESIAN_POINT ( 'NONE',  ( 6.749999999999989300, 160.0000000000000000, 16.00000000000000400 ) ) ;
#2092 = VECTOR ( 'NONE', #8063, 1000.000000000000000 ) ;
#2093 = DIRECTION ( 'NONE',  ( 3.652049423109066300E-016, -0.0000000000000000000, -1.000000000000000000 ) ) ;
#2094 = AXIS2_PLACEMENT_3D ( 'NONE', #8636, #9479, #869 ) ;
#2095 = DIRECTION ( 'NONE',  ( -1.000000000000000000, 0.0000000000000000000, 0.0000000000000000000 ) ) ;
#2096 = VERTEX_POINT ( 'NONE', #10239 ) ;
#2097 = EDGE_LOOP ( 'NONE', ( #10824, #895, #1073, #8081, #6036 ) ) ;
#2098 = DIRECTION ( 'NONE',  ( 0.0000000000000000000, 0.0000000000000000000, -1.000000000000000000 ) ) ;
#2099 = FACE_OUTER_BOUND ( 'NONE', #7993, .T. ) ;
#2100 = CARTESIAN_POINT ( 'NONE',  ( -1.249999999999999800, 82.56810876809723300, -10.56810876809725700 ) ) ;
#2101 = DIRECTION ( 'NONE',  ( 1.000000000000000000, -0.0000000000000000000, 0.0000000000000000000 ) ) ;
#2102 = FACE_OUTER_BOUND ( 'NONE', #6816, .T. ) ;
#2103 = ORIENTED_EDGE ( 'NONE', *, *, #8622, .T. ) ;
#2104 = ORIENTED_EDGE ( 'NONE', *, *, #3512, .T. ) ;
#2105 = CIRCLE ( 'NONE', #9536, 2.024999999999999900 ) ;
#2106 = FACE_BOUND ( 'NONE', #3517, .T. ) ;
#2107 = CARTESIAN_POINT ( 'NONE',  ( 8.774999999999998600, 104.0000000000000100, -13.50000000000000200 ) ) ;
#2108 = PLANE ( 'NONE',  #1935 ) ;
#2109 = CARTESIAN_POINT ( 'NONE',  ( -1.249999999999999800, 12.68629150101524100, -2.024999999999999900 ) ) ;
#2110 = EDGE_LOOP ( 'NONE', ( #1680, #10912 ) ) ;
#2111 = ORIENTED_EDGE ( 'NONE', *, *, #2585, .T. ) ;
#2112 = FACE_OUTER_BOUND ( 'NONE', #4438, .T. ) ;
#2113 = CARTESIAN_POINT ( 'NONE',  ( 1.250000000000000200, 72.00000000000001400, 6.999999999999999100 ) ) ;
#2114 = AXIS2_PLACEMENT_3D ( 'NONE', #1597, #4968, #6629 ) ;
#2115 = CIRCLE ( 'NONE', #5509, 2.024999999999998100 ) ;
#2116 = CARTESIAN_POINT ( 'NONE',  ( 1.250000000000000200, 56.48528137423857500, -10.51028137423856800 ) ) ;
#2117 = FACE_OUTER_BOUND ( 'NONE', #2287, .T. ) ;
#2118 = AXIS2_PLACEMENT_3D ( 'NONE', #10211, #6994, #10248 ) ;
#2119 = ORIENTED_EDGE ( 'NONE', *, *, #663, .T. ) ;
#2120 = DIRECTION ( 'NONE',  ( 0.0000000000000000000, 0.7071067811865463500, 0.7071067811865487900 ) ) ;
#2121 = ORIENTED_EDGE ( 'NONE', *, *, #1922, .T. ) ;
#2122 = FACE_OUTER_BOUND ( 'NONE', #8776, .T. ) ;
#2123 = EDGE_CURVE ( 'NONE', #1508, #5312, #6823, .T. ) ;
#2124 = CARTESIAN_POINT ( 'NONE',  ( 6.749999999999990200, 176.0000000000000300, 13.50000000000000000 ) ) ;
#2125 = CIRCLE ( 'NONE', #2528, 2.024999999999998100 ) ;
#2126 = LINE ( 'NONE', #6319, #7594 ) ;
#2127 = ADVANCED_FACE ( 'NONE', ( #9725 ), #3377, .T. ) ;
#2128 = ORIENTED_EDGE ( 'NONE', *, *, #5464, .T. ) ;
#2129 = CARTESIAN_POINT ( 'NONE',  ( 8.774999999999998600, 96.00000000000000000, -15.99999999999999600 ) ) ;
#2130 = CARTESIAN_POINT ( 'NONE',  ( -1.249999999999999800, 61.43189123190266800, 13.43189123190281200 ) ) ;
#2131 = ORIENTED_EDGE ( 'NONE', *, *, #7313, .T. ) ;
#2132 = ORIENTED_EDGE ( 'NONE', *, *, #4526, .T. ) ;
#2133 = VECTOR ( 'NONE', #5795, 1000.000000000000000 ) ;
#2134 = EDGE_CURVE ( 'NONE', #6076, #7705, #8801, .T. ) ;
#2135 = AXIS2_PLACEMENT_3D ( 'NONE', #2100, #4722, #6488 ) ;
#2136 = AXIS2_PLACEMENT_3D ( 'NONE', #8705, #1936, #2626 ) ;
#2137 = CIRCLE ( 'NONE', #5227, 2.024999999999997200 ) ;
#2138 = EDGE_CURVE ( 'NONE', #6126, #9348, #3461, .T. ) ;
#2139 = EDGE_LOOP ( 'NONE', ( #7364, #6843 ) ) ;
#2140 = EDGE_LOOP ( 'NONE', ( #4321, #7411, #4969, #7245 ) ) ;
#2141 = FACE_OUTER_BOUND ( 'NONE', #7474, .T. ) ;
#2142 = DIRECTION ( 'NONE',  ( 0.0000000000000000000, -0.7071067811865463500, -0.7071067811865487900 ) ) ;
#2143 = ORIENTED_EDGE ( 'NONE', *, *, #5225, .F. ) ;
#2144 = DIRECTION ( 'NONE',  ( 3.652049423109066300E-016, -0.0000000000000000000, -1.000000000000000000 ) ) ;
#2145 = LINE ( 'NONE', #3397, #10902 ) ;
#2146 = EDGE_CURVE ( 'NONE', #3102, #7501, #10240, .T. ) ;
#2147 = DIRECTION ( 'NONE',  ( -1.000000000000000000, 0.0000000000000000000, 0.0000000000000000000 ) ) ;
#2148 = ORIENTED_EDGE ( 'NONE', *, *, #445, .T. ) ;
#2149 = AXIS2_PLACEMENT_3D ( 'NONE', #6991, #926, #3531 ) ;
#2150 = CARTESIAN_POINT ( 'NONE',  ( -1.249999999999999800, 62.08282739385868600, -7.053390142335805600 ) ) ;
#2151 = ORIENTED_EDGE ( 'NONE', *, *, #9005, .T. ) ;
#2152 = ORIENTED_EDGE ( 'NONE', *, *, #469, .F. ) ;
#2153 = DIRECTION ( 'NONE',  ( 0.0000000000000000000, -0.7071067811865513500, 0.7071067811865436900 ) ) ;
#2154 = EDGE_LOOP ( 'NONE', ( #7331, #10292, #5249, #8062 ) ) ;
#2155 = VECTOR ( 'NONE', #112, 1000.000000000000000 ) ;
#2156 = LINE ( 'NONE', #2032, #9074 ) ;
#2157 = DIRECTION ( 'NONE',  ( 0.0000000000000000000, -0.7071067811865450200, 0.7071067811865501300 ) ) ;
#2158 = EDGE_CURVE ( 'NONE', #5313, #2627, #2137, .T. ) ;
#2159 = DIRECTION ( 'NONE',  ( 1.000000000000000000, -0.0000000000000000000, -0.0000000000000000000 ) ) ;
#2160 = CARTESIAN_POINT ( 'NONE',  ( 1.250000000000000200, 156.6862915010152300, -2.024999999999999900 ) ) ;
#2161 = VERTEX_POINT ( 'NONE', #5892 ) ;
#2162 = VERTEX_POINT ( 'NONE', #6754 ) ;
#2163 = ORIENTED_EDGE ( 'NONE', *, *, #6650, .T. ) ;
#2164 = ORIENTED_EDGE ( 'NONE', *, *, #7356, .F. ) ;
#2165 = EDGE_CURVE ( 'NONE', #2249, #5550, #2396, .T. ) ;
#2166 = CARTESIAN_POINT ( 'NONE',  ( 1.250000000000000200, 111.5147186257614500, -10.51028137423856600 ) ) ;
#2167 = ORIENTED_EDGE ( 'NONE', *, *, #5126, .T. ) ;
#2168 = DIRECTION ( 'NONE',  ( 3.652049423109066300E-016, -0.0000000000000000000, -1.000000000000000000 ) ) ;
#2169 = CIRCLE ( 'NONE', #10201, 2.024999999999998100 ) ;
#2170 = VERTEX_POINT ( 'NONE', #3486 ) ;
#2171 = VERTEX_POINT ( 'NONE', #5314 ) ;
#2172 = CARTESIAN_POINT ( 'NONE',  ( 1.250000000000000200, 96.00000000000000000, -6.999999999999999100 ) ) ;
#2173 = ORIENTED_EDGE ( 'NONE', *, *, #5173, .F. ) ;
#2174 = CARTESIAN_POINT ( 'NONE',  ( -1.249999999999999800, 192.0000000000000000, -16.00000000000000000 ) ) ;
#2175 = AXIS2_PLACEMENT_3D ( 'NONE', #5898, #9219, #5830 ) ;
#2176 = DIRECTION ( 'NONE',  ( 0.0000000000000000000, -0.7071067811865487900, -0.7071067811865463500 ) ) ;
#2177 = CARTESIAN_POINT ( 'NONE',  ( -1.249999999999999800, 63.51471862576142500, 8.485281374238569500 ) ) ;
#2178 = LINE ( 'NONE', #8708, #6363 ) ;
#2179 = ORIENTED_EDGE ( 'NONE', *, *, #7190, .F. ) ;
#2180 = ADVANCED_FACE ( 'NONE', ( #10778 ), #10647, .F. ) ;
#2181 = AXIS2_PLACEMENT_3D ( 'NONE', #6827, #9312, #5970 ) ;
#2182 = DIRECTION ( 'NONE',  ( 0.0000000000000000000, -0.7071067811865487900, -0.7071067811865463500 ) ) ;
#2183 = DIRECTION ( 'NONE',  ( 0.0000000000000000000, 0.0000000000000000000, -1.000000000000000000 ) ) ;
#2184 = ORIENTED_EDGE ( 'NONE', *, *, #7956, .F. ) ;
#2185 = ORIENTED_EDGE ( 'NONE', *, *, #9955, .F. ) ;
#2186 = EDGE_CURVE ( 'NONE', #9334, #8685, #8932, .T. ) ;
#2187 = CARTESIAN_POINT ( 'NONE',  ( -1.249999999999999800, 60.68629150101523400, -2.024999999999999900 ) ) ;
#2188 = CIRCLE ( 'NONE', #5247, 2.024999999999997200 ) ;
#2189 = VERTEX_POINT ( 'NONE', #10968 ) ;
#2190 = CIRCLE ( 'NONE', #2656, 2.024999999999990100 ) ;
#2191 = CARTESIAN_POINT ( 'NONE',  ( -1.250000000000001100, 182.5681087680972600, 6.568108768097255600 ) ) ;
#2192 = DIRECTION ( 'NONE',  ( 0.0000000000000000000, 0.0000000000000000000, -1.000000000000000000 ) ) ;
#2193 = ORIENTED_EDGE ( 'NONE', *, *, #1159, .F. ) ;
#2194 = CARTESIAN_POINT ( 'NONE',  ( -1.249999999999999800, 17.43189123190276700, -9.431891231902755000 ) ) ;
#2195 = ORIENTED_EDGE ( 'NONE', *, *, #2402, .F. ) ;
#2196 = EDGE_CURVE ( 'NONE', #8403, #3072, #5507, .T. ) ;
#2197 = VECTOR ( 'NONE', #4740, 1000.000000000000000 ) ;
#2198 = AXIS2_PLACEMENT_3D ( 'NONE', #8036, #6553, #1180 ) ;
#2199 = DIRECTION ( 'NONE',  ( 1.000000000000000000, -0.0000000000000000000, -0.0000000000000000000 ) ) ;
#2200 = CIRCLE ( 'NONE', #6534, 2.025000000000000800 ) ;
#2201 = DIRECTION ( 'NONE',  ( 0.0000000000000000000, -0.7071067811865487900, -0.7071067811865463500 ) ) ;
#2202 = EDGE_CURVE ( 'NONE', #562, #8969, #1470, .T. ) ;
#2203 = ORIENTED_EDGE ( 'NONE', *, *, #5811, .T. ) ;
#2204 = ORIENTED_EDGE ( 'NONE', *, *, #1072, .F. ) ;
#2205 = DIRECTION ( 'NONE',  ( 1.000000000000000000, 0.0000000000000000000, 0.0000000000000000000 ) ) ;
#2206 = LINE ( 'NONE', #7220, #10180 ) ;
#2207 = FACE_BOUND ( 'NONE', #10178, .T. ) ;
#2208 = CARTESIAN_POINT ( 'NONE',  ( 4.724999999999991700, 16.00000000000000700, 16.00000000000000400 ) ) ;
#2209 = EDGE_CURVE ( 'NONE', #7907, #3312, #10524, .T. ) ;
#2210 = AXIS2_PLACEMENT_3D ( 'NONE', #4769, #10688, #2948 ) ;
#2211 = AXIS2_PLACEMENT_3D ( 'NONE', #5036, #7600, #7492 ) ;
#2212 = DIRECTION ( 'NONE',  ( 3.652049423109066300E-016, -0.0000000000000000000, -1.000000000000000000 ) ) ;
#2213 = EDGE_LOOP ( 'NONE', ( #2841, #426, #6435, #9081 ) ) ;
#2214 = DIRECTION ( 'NONE',  ( 1.000000000000000000, -0.0000000000000000000, 0.0000000000000000000 ) ) ;
#2215 = VECTOR ( 'NONE', #3000, 1000.000000000000000 ) ;
#2216 = CARTESIAN_POINT ( 'NONE',  ( 6.749999999999989300, 72.00000000000001400, 16.00000000000000400 ) ) ;
#2217 = CIRCLE ( 'NONE', #3149, 2.025000000000000800 ) ;
#2218 = EDGE_CURVE ( 'NONE', #5641, #1119, #10892, .T. ) ;
#2219 = DIRECTION ( 'NONE',  ( -1.000000000000000000, 0.0000000000000000000, 0.0000000000000000000 ) ) ;
#2220 = PLANE ( 'NONE',  #1296 ) ;
#2221 = ORIENTED_EDGE ( 'NONE', *, *, #1589, .T. ) ;
#2222 = ORIENTED_EDGE ( 'NONE', *, *, #9829, .T. ) ;
#2223 = EDGE_CURVE ( 'NONE', #5389, #6712, #4824, .T. ) ;
#2224 = CARTESIAN_POINT ( 'NONE',  ( -1.249999999999999800, 86.08282739385867900, 7.053390142335805600 ) ) ;
#2225 = CARTESIAN_POINT ( 'NONE',  ( 1.250000000000000200, 110.5681087680972500, -6.568108768097241400 ) ) ;
#2226 = AXIS2_PLACEMENT_3D ( 'NONE', #9461, #5276, #10290 ) ;
#2227 = DIRECTION ( 'NONE',  ( 0.0000000000000000000, 0.7071067811865463500, 0.7071067811865487900 ) ) ;
#2228 = CARTESIAN_POINT ( 'NONE',  ( 4.724999999999993400, 64.00000000000000000, 13.50000000000000000 ) ) ;
#2229 = FACE_BOUND ( 'NONE', #6886, .T. ) ;
#2230 = ADVANCED_FACE ( 'NONE', ( #6440 ), #6969, .F. ) ;
#2231 = CARTESIAN_POINT ( 'NONE',  ( -1.249999999999999800, 34.56810876809746000, 10.56810876809731100 ) ) ;
#2232 = VERTEX_POINT ( 'NONE', #4471 ) ;
#2233 = VERTEX_POINT ( 'NONE', #3649 ) ;
#2234 = LINE ( 'NONE', #10235, #907 ) ;
#2235 = AXIS2_PLACEMENT_3D ( 'NONE', #9824, #2205, #6458 ) ;
#2236 = VECTOR ( 'NONE', #6115, 1000.000000000000000 ) ;
#2237 = DIRECTION ( 'NONE',  ( -1.000000000000000000, -0.0000000000000000000, -0.0000000000000000000 ) ) ;
#2238 = VERTEX_POINT ( 'NONE', #10406 ) ;
#2240 = ADVANCED_FACE ( 'NONE', ( #5884 ), #10288, .T. ) ;
#2239 = VERTEX_POINT ( 'NONE', #2753 ) ;
#2241 = EDGE_CURVE ( 'NONE', #9563, #2295, #1871, .T. ) ;
#2242 = FACE_OUTER_BOUND ( 'NONE', #10967, .T. ) ;
#2243 = ORIENTED_EDGE ( 'NONE', *, *, #3519, .T. ) ;
#2244 = VECTOR ( 'NONE', #826, 1000.000000000000000 ) ;
#2245 = DIRECTION ( 'NONE',  ( 1.000000000000000000, -0.0000000000000000000, -0.0000000000000000000 ) ) ;
#2246 = DIRECTION ( 'NONE',  ( 3.652049423109066300E-016, -0.0000000000000000000, -1.000000000000000000 ) ) ;
#2247 = CIRCLE ( 'NONE', #6877, 2.024999999999997200 ) ;
#2248 = DIRECTION ( 'NONE',  ( 0.0000000000000000000, -1.000000000000000000, 0.0000000000000000000 ) ) ;
#2249 = VERTEX_POINT ( 'NONE', #7826 ) ;
#2250 = DIRECTION ( 'NONE',  ( 1.000000000000000000, -0.0000000000000000000, -0.0000000000000000000 ) ) ;
#2251 = EDGE_LOOP ( 'NONE', ( #2195, #4481, #2260, #5535 ) ) ;
#2252 = AXIS2_PLACEMENT_3D ( 'NONE', #4991, #1585, #10013 ) ;
#2253 = VERTEX_POINT ( 'NONE', #6167 ) ;
#2254 = VECTOR ( 'NONE', #713, 1000.000000000000000 ) ;
#2255 = VECTOR ( 'NONE', #10684, 1000.000000000000000 ) ;
#2256 = EDGE_LOOP ( 'NONE', ( #5059, #6466, #10128, #10323 ) ) ;
#2257 = DIRECTION ( 'NONE',  ( 1.000000000000000000, -0.0000000000000000000, -0.0000000000000000000 ) ) ;
#2258 = CARTESIAN_POINT ( 'NONE',  ( -1.249999999999999800, 135.5147186257614200, -8.485281374238566000 ) ) ;
#2259 = EDGE_CURVE ( 'NONE', #5380, #6760, #431, .T. ) ;
#2260 = ORIENTED_EDGE ( 'NONE', *, *, #5071, .T. ) ;
#2261 = DIRECTION ( 'NONE',  ( 0.0000000000000000000, -0.7071067811865526800, -0.7071067811865424700 ) ) ;
#2262 = CARTESIAN_POINT ( 'NONE',  ( 1.250000000000000200, 62.08282739385867200, 7.053390142335810100 ) ) ;
#2263 = VERTEX_POINT ( 'NONE', #7024 ) ;
#2264 = CIRCLE ( 'NONE', #2975, 2.024999999999997200 ) ;
#2265 = CARTESIAN_POINT ( 'NONE',  ( 4.725000000000003200, 96.00000000000000000, -15.99999999999999600 ) ) ;
#2266 = CYLINDRICAL_SURFACE ( 'NONE', #6732, 2.024999999999999900 ) ;
#2267 = DIRECTION ( 'NONE',  ( 0.0000000000000000000, 0.0000000000000000000, -1.000000000000000000 ) ) ;
#2268 = ORIENTED_EDGE ( 'NONE', *, *, #8500, .T. ) ;
#2269 = EDGE_CURVE ( 'NONE', #3624, #10010, #8266, .T. ) ;
#2270 = AXIS2_PLACEMENT_3D ( 'NONE', #5900, #5077, #787 ) ;
#2271 = EDGE_LOOP ( 'NONE', ( #4468, #3035, #593, #2950, #6390 ) ) ;
#2272 = ORIENTED_EDGE ( 'NONE', *, *, #8653, .F. ) ;
#2273 = AXIS2_PLACEMENT_3D ( 'NONE', #4153, #2519, #4082 ) ;
#2274 = LINE ( 'NONE', #9959, #7487 ) ;
#2275 = DIRECTION ( 'NONE',  ( 0.0000000000000000000, 0.0000000000000000000, -1.000000000000000000 ) ) ;
#2276 = ORIENTED_EDGE ( 'NONE', *, *, #2209, .T. ) ;
#2277 = DIRECTION ( 'NONE',  ( 0.0000000000000000000, 0.0000000000000000000, -1.000000000000000000 ) ) ;
#2278 = VECTOR ( 'NONE', #2086, 1000.000000000000000 ) ;
#2279 = EDGE_CURVE ( 'NONE', #8002, #8693, #2532, .T. ) ;
#2280 = CIRCLE ( 'NONE', #2620, 2.024999999999999000 ) ;
#2281 = CARTESIAN_POINT ( 'NONE',  ( 1.250000000000000200, 128.0000000000000000, 8.000000000000000000 ) ) ;
#2282 = ORIENTED_EDGE ( 'NONE', *, *, #6030, .T. ) ;
#2283 = DIRECTION ( 'NONE',  ( 3.652049423109066300E-016, 0.0000000000000000000, -1.000000000000000000 ) ) ;
#2284 = VERTEX_POINT ( 'NONE', #7101 ) ;
#2285 = ORIENTED_EDGE ( 'NONE', *, *, #690, .F. ) ;
#2286 = ADVANCED_FACE ( 'NONE', ( #298 ), #2266, .F. ) ;
#2287 = EDGE_LOOP ( 'NONE', ( #549, #9277, #7495, #3436 ) ) ;
#2288 = ORIENTED_EDGE ( 'NONE', *, *, #2364, .T. ) ;
#2289 = VECTOR ( 'NONE', #7039, 1000.000000000000000 ) ;
#2290 = EDGE_CURVE ( 'NONE', #1603, #3982, #8393, .T. ) ;
#2291 = DIRECTION ( 'NONE',  ( 3.652049423109066300E-016, -0.0000000000000000000, -1.000000000000000000 ) ) ;
#2292 = CYLINDRICAL_SURFACE ( 'NONE', #912, 2.024999999999999900 ) ;
#2293 = AXIS2_PLACEMENT_3D ( 'NONE', #2771, #8723, #7040 ) ;
#2294 = DIRECTION ( 'NONE',  ( 1.000000000000000000, -0.0000000000000000000, 0.0000000000000000000 ) ) ;
#2295 = VERTEX_POINT ( 'NONE', #1118 ) ;
#2296 = ORIENTED_EDGE ( 'NONE', *, *, #9695, .F. ) ;
#2297 = VERTEX_POINT ( 'NONE', #3525 ) ;
#2298 = ORIENTED_EDGE ( 'NONE', *, *, #1408, .T. ) ;
#2299 = ADVANCED_FACE ( 'NONE', ( #1223 ), #2108, .F. ) ;
#2300 = DIRECTION ( 'NONE',  ( 0.0000000000000000000, 0.0000000000000000000, -1.000000000000000000 ) ) ;
#2301 = LINE ( 'NONE', #6869, #4723 ) ;
#2302 = DIRECTION ( 'NONE',  ( 1.000000000000000000, 0.0000000000000000000, -0.0000000000000000000 ) ) ;
#2303 = CARTESIAN_POINT ( 'NONE',  ( 4.724999999999991700, 72.00000000000001400, 16.00000000000000400 ) ) ;
#2304 = CIRCLE ( 'NONE', #1449, 2.024999999999997200 ) ;
#2305 = ORIENTED_EDGE ( 'NONE', *, *, #9564, .F. ) ;
#2306 = ORIENTED_EDGE ( 'NONE', *, *, #5805, .T. ) ;
#2307 = CARTESIAN_POINT ( 'NONE',  ( 1.250000000000000200, -0.0000000000000000000, -2.024999999999999900 ) ) ;
#2308 = CARTESIAN_POINT ( 'NONE',  ( -1.249999999999999800, 97.43189123190211400, 94.56810876809720400 ) ) ;
#2309 = DIRECTION ( 'NONE',  ( 1.000000000000000000, -0.0000000000000000000, -0.0000000000000000000 ) ) ;
#2310 = ORIENTED_EDGE ( 'NONE', *, *, #4248, .T. ) ;
#2311 = VECTOR ( 'NONE', #4709, 999.9999999999998900 ) ;
#2312 = CARTESIAN_POINT ( 'NONE',  ( -1.249999999999999800, 58.56810876809746000, 10.56810876809731100 ) ) ;
#2313 = CARTESIAN_POINT ( 'NONE',  ( -1.249999999999999800, 150.5681087680972300, -9.431891231902755000 ) ) ;
#2314 = VECTOR ( 'NONE', #4630, 1000.000000000000000 ) ;
#2315 = EDGE_LOOP ( 'NONE', ( #2581, #8031, #1227, #1206, #5538 ) ) ;
#2316 = ORIENTED_EDGE ( 'NONE', *, *, #8617, .F. ) ;
#2317 = ORIENTED_EDGE ( 'NONE', *, *, #1249, .F. ) ;
#2318 = DIRECTION ( 'NONE',  ( -1.000000000000000000, 0.0000000000000000000, -0.0000000000000000000 ) ) ;
#2319 = DIRECTION ( 'NONE',  ( -1.000000000000000000, 0.0000000000000000000, 0.0000000000000000000 ) ) ;
#2320 = ORIENTED_EDGE ( 'NONE', *, *, #2165, .T. ) ;
#2321 = FACE_OUTER_BOUND ( 'NONE', #5889, .T. ) ;
#2322 = CARTESIAN_POINT ( 'NONE',  ( -1.249999999999999800, 105.9171726061413200, 7.053390142335818100 ) ) ;
#2323 = LINE ( 'NONE', #6920, #10459 ) ;
#2324 = EDGE_CURVE ( 'NONE', #7532, #1347, #14, .T. ) ;
#2325 = DIRECTION ( 'NONE',  ( -1.826024711554532900E-016, 0.0000000000000000000, 1.000000000000000000 ) ) ;
#2326 = EDGE_CURVE ( 'NONE', #5130, #948, #3747, .T. ) ;
#2327 = CARTESIAN_POINT ( 'NONE',  ( 6.749999999999990200, 104.0000000000000100, 13.50000000000000000 ) ) ;
#2328 = ORIENTED_EDGE ( 'NONE', *, *, #7424, .T. ) ;
#2329 = DIRECTION ( 'NONE',  ( 1.000000000000000000, -0.0000000000000000000, -0.0000000000000000000 ) ) ;
#2330 = ORIENTED_EDGE ( 'NONE', *, *, #3790, .F. ) ;
#2331 = DIRECTION ( 'NONE',  ( -1.000000000000000000, 0.0000000000000000000, 0.0000000000000000000 ) ) ;
#2332 = LINE ( 'NONE', #4520, #9915 ) ;
#2333 = CIRCLE ( 'NONE', #9625, 2.024999999999997200 ) ;
#2334 = DIRECTION ( 'NONE',  ( 3.652049423109066300E-016, -0.0000000000000000000, -1.000000000000000000 ) ) ;
#2335 = CARTESIAN_POINT ( 'NONE',  ( 10.75000000000000400, 0.0000000000000000000, -13.50000000000000000 ) ) ;
#2336 = CARTESIAN_POINT ( 'NONE',  ( -1.249999999999999800, 89.43189123190276700, 9.431891231902762100 ) ) ;
#2337 = CARTESIAN_POINT ( 'NONE',  ( -1.249999999999999800, 24.00000000000000000, -2.024999999999999900 ) ) ;
#2338 = EDGE_CURVE ( 'NONE', #5648, #6571, #7746, .T. ) ;
#2339 = AXIS2_PLACEMENT_3D ( 'NONE', #9903, #4836, #5702 ) ;
#2340 = DIRECTION ( 'NONE',  ( 1.000000000000000000, -0.0000000000000000000, -0.0000000000000000000 ) ) ;
#2341 = ORIENTED_EDGE ( 'NONE', *, *, #3783, .F. ) ;
#2343 = ADVANCED_FACE ( 'NONE', ( #678 ), #8807, .F. ) ;
#2342 = VERTEX_POINT ( 'NONE', #10481 ) ;
#2344 = AXIS2_PLACEMENT_3D ( 'NONE', #8534, #7737, #9131 ) ;
#2345 = CARTESIAN_POINT ( 'NONE',  ( -1.249999999999999800, 32.48528137423857500, -8.485281374238564200 ) ) ;
#2346 = VECTOR ( 'NONE', #8628, 1000.000000000000000 ) ;
#2347 = EDGE_CURVE ( 'NONE', #9499, #154, #1598, .T. ) ;
#2348 = LINE ( 'NONE', #2486, #1293 ) ;
#2349 = ORIENTED_EDGE ( 'NONE', *, *, #3711, .T. ) ;
#2350 = ORIENTED_EDGE ( 'NONE', *, *, #8378, .F. ) ;
#2351 = LINE ( 'NONE', #3781, #2472 ) ;
#2352 = ADVANCED_FACE ( 'NONE', ( #6169 ), #6696, .F. ) ;
#2353 = CARTESIAN_POINT ( 'NONE',  ( 1.250000000000000200, 120.0000000000000000, -6.999999999999999100 ) ) ;
#2354 = EDGE_CURVE ( 'NONE', #3802, #6467, #7241, .T. ) ;
#2355 = AXIS2_PLACEMENT_3D ( 'NONE', #6532, #6611, #5645 ) ;
#2356 = CYLINDRICAL_SURFACE ( 'NONE', #2871, 2.024999999999998100 ) ;
#2357 = AXIS2_PLACEMENT_3D ( 'NONE', #10817, #5761, #10063 ) ;
#2358 = DIRECTION ( 'NONE',  ( 1.000000000000000000, 0.0000000000000000000, 0.0000000000000000000 ) ) ;
#2359 = DIRECTION ( 'NONE',  ( 0.0000000000000000000, -1.000000000000000000, 0.0000000000000000000 ) ) ;
#2360 = ORIENTED_EDGE ( 'NONE', *, *, #8784, .T. ) ;
#2361 = ORIENTED_EDGE ( 'NONE', *, *, #10819, .F. ) ;
#2362 = CARTESIAN_POINT ( 'NONE',  ( -1.249999999999999800, 14.56810876809725000, -6.568108768097241400 ) ) ;
#2363 = CIRCLE ( 'NONE', #5797, 2.024999999999997200 ) ;
#2364 = EDGE_CURVE ( 'NONE', #236, #10289, #8663, .T. ) ;
#2365 = DIRECTION ( 'NONE',  ( 0.0000000000000000000, 0.0000000000000000000, -1.000000000000000000 ) ) ;
#2366 = LINE ( 'NONE', #3906, #7207 ) ;
#2367 = EDGE_CURVE ( 'NONE', #9619, #4502, #10515, .T. ) ;
#2368 = ORIENTED_EDGE ( 'NONE', *, *, #3292, .F. ) ;
#2369 = CARTESIAN_POINT ( 'NONE',  ( 8.774999999999987900, 120.0000000000000300, 13.50000000000000000 ) ) ;
#2370 = ORIENTED_EDGE ( 'NONE', *, *, #6330, .F. ) ;
#2371 = FACE_OUTER_BOUND ( 'NONE', #10997, .T. ) ;
#2372 = DIRECTION ( 'NONE',  ( 1.000000000000000000, 0.0000000000000000000, 0.0000000000000000000 ) ) ;
#2373 = CARTESIAN_POINT ( 'NONE',  ( 4.724999999999991700, 160.0000000000000000, 16.00000000000000400 ) ) ;
#2374 = VECTOR ( 'NONE', #5544, 1000.000000000000000 ) ;
#2375 = DIRECTION ( 'NONE',  ( 1.000000000000000000, -0.0000000000000000000, 0.0000000000000000000 ) ) ;
#2376 = LINE ( 'NONE', #3248, #3180 ) ;
#2377 = DIRECTION ( 'NONE',  ( 0.0000000000000000000, 0.0000000000000000000, -1.000000000000000000 ) ) ;
#2378 = DIRECTION ( 'NONE',  ( -1.826024711554532900E-016, 0.0000000000000000000, 1.000000000000000000 ) ) ;
#2379 = ORIENTED_EDGE ( 'NONE', *, *, #9594, .T. ) ;
#2380 = ORIENTED_EDGE ( 'NONE', *, *, #4748, .T. ) ;
#2381 = LINE ( 'NONE', #9697, #2797 ) ;
#2382 = AXIS2_PLACEMENT_3D ( 'NONE', #2735, #5411, #6303 ) ;
#2383 = FACE_OUTER_BOUND ( 'NONE', #4907, .T. ) ;
#2384 = DIRECTION ( 'NONE',  ( 0.0000000000000000000, 0.0000000000000000000, -1.000000000000000000 ) ) ;
#2385 = PLANE ( 'NONE',  #1046 ) ;
#2386 = CYLINDRICAL_SURFACE ( 'NONE', #6101, 2.024999999999996400 ) ;
#2387 = ORIENTED_EDGE ( 'NONE', *, *, #4500, .T. ) ;
#2388 = CARTESIAN_POINT ( 'NONE',  ( -1.249999999999999800, 144.0000000000000000, -6.999999999999999100 ) ) ;
#2389 = EDGE_CURVE ( 'NONE', #9616, #6467, #4549, .T. ) ;
#2390 = ORIENTED_EDGE ( 'NONE', *, *, #9247, .T. ) ;
#2391 = ORIENTED_EDGE ( 'NONE', *, *, #9121, .T. ) ;
#2392 = PLANE ( 'NONE',  #3708 ) ;
#2393 = FACE_BOUND ( 'NONE', #5548, .T. ) ;
#2394 = EDGE_CURVE ( 'NONE', #1239, #5586, #10230, .T. ) ;
#2395 = ADVANCED_FACE ( 'NONE', ( #9050 ), #9298, .F. ) ;
#2396 = LINE ( 'NONE', #1625, #148 ) ;
#2397 = CARTESIAN_POINT ( 'NONE',  ( 6.749999999999989300, 32.00000000000000700, 16.00000000000000400 ) ) ;
#2398 = CARTESIAN_POINT ( 'NONE',  ( -1.249999999999999800, 132.6862915010152300, 0.0000000000000000000 ) ) ;
#2399 = EDGE_LOOP ( 'NONE', ( #9210, #1706, #9974, #5683 ) ) ;
#2400 = ORIENTED_EDGE ( 'NONE', *, *, #8971, .F. ) ;
#2401 = VECTOR ( 'NONE', #4026, 1000.000000000000000 ) ;
#2402 = EDGE_CURVE ( 'NONE', #6701, #9509, #806, .T. ) ;
#2403 = AXIS2_PLACEMENT_3D ( 'NONE', #9923, #8911, #9644 ) ;
#2404 = CYLINDRICAL_SURFACE ( 'NONE', #4054, 2.024999999999998100 ) ;
#2405 = ADVANCED_FACE ( 'NONE', ( #6814 ), #7890, .F. ) ;
#2406 = DIRECTION ( 'NONE',  ( 1.000000000000000000, -0.0000000000000000000, -0.0000000000000000000 ) ) ;
#2407 = EDGE_CURVE ( 'NONE', #7501, #4489, #3324, .T. ) ;
#2408 = DIRECTION ( 'NONE',  ( 0.0000000000000000000, 0.0000000000000000000, -1.000000000000000000 ) ) ;
#2409 = CARTESIAN_POINT ( 'NONE',  ( 10.75000000000000000, 192.0000000000000000, -15.99999999999999600 ) ) ;
#2410 = DIRECTION ( 'NONE',  ( 0.0000000000000000000, 0.0000000000000000000, -1.000000000000000000 ) ) ;
#2411 = ORIENTED_EDGE ( 'NONE', *, *, #10669, .T. ) ;
#2412 = DIRECTION ( 'NONE',  ( 0.0000000000000000000, 0.0000000000000000000, -1.000000000000000000 ) ) ;
#2413 = VERTEX_POINT ( 'NONE', #5603 ) ;
#2414 = ORIENTED_EDGE ( 'NONE', *, *, #8500, .F. ) ;
#2415 = CARTESIAN_POINT ( 'NONE',  ( 1.250000000000000200, 57.43189123190276000, -6.568108768097234300 ) ) ;
#2416 = VERTEX_POINT ( 'NONE', #8046 ) ;
#2417 = CARTESIAN_POINT ( 'NONE',  ( -1.250000000000001100, 184.9466098576642100, 9.917172606141347700 ) ) ;
#2418 = FACE_BOUND ( 'NONE', #853, .T. ) ;
#2419 = LINE ( 'NONE', #4536, #3630 ) ;
#2420 = EDGE_CURVE ( 'NONE', #5268, #4916, #9429, .T. ) ;
#2421 = AXIS2_PLACEMENT_3D ( 'NONE', #5977, #5010, #2603 ) ;
#2422 = VERTEX_POINT ( 'NONE', #2830 ) ;
#2423 = DIRECTION ( 'NONE',  ( 1.000000000000000000, -0.0000000000000000000, -0.0000000000000000000 ) ) ;
#2424 = AXIS2_PLACEMENT_3D ( 'NONE', #9712, #4645, #2020 ) ;
#2425 = EDGE_LOOP ( 'NONE', ( #1261, #364, #2013, #4581 ) ) ;
#2426 = ORIENTED_EDGE ( 'NONE', *, *, #8279, .F. ) ;
#2427 = ORIENTED_EDGE ( 'NONE', *, *, #7962, .T. ) ;
#2428 = LINE ( 'NONE', #9278, #3782 ) ;
#2429 = CARTESIAN_POINT ( 'NONE',  ( 6.749999999999990200, 120.0000000000000300, 13.50000000000000000 ) ) ;
#2430 = EDGE_LOOP ( 'NONE', ( #4213, #2666, #7300, #2714 ) ) ;
#2431 = DIRECTION ( 'NONE',  ( 0.0000000000000000000, 0.0000000000000000000, -1.000000000000000000 ) ) ;
#2432 = ORIENTED_EDGE ( 'NONE', *, *, #1621, .T. ) ;
#2433 = EDGE_CURVE ( 'NONE', #2189, #2233, #7230, .T. ) ;
#2434 = VERTEX_POINT ( 'NONE', #7274 ) ;
#2435 = AXIS2_PLACEMENT_3D ( 'NONE', #2045, #8810, #5539 ) ;
#2436 = DIRECTION ( 'NONE',  ( 1.000000000000000000, -0.0000000000000000000, -0.0000000000000000000 ) ) ;
#2437 = APPROVAL_DATE_TIME ( #7013, #9198 ) ;
#2438 = FACE_OUTER_BOUND ( 'NONE', #8718, .T. ) ;
#2439 = ORIENTED_EDGE ( 'NONE', *, *, #7064, .T. ) ;
#2440 = DIRECTION ( 'NONE',  ( 0.0000000000000000000, 0.7071067811865505700, -0.7071067811865444600 ) ) ;
#2441 = DIRECTION ( 'NONE',  ( 0.0000000000000000000, -0.7071067811865526800, -0.7071067811865424700 ) ) ;
#2442 = CARTESIAN_POINT ( 'NONE',  ( 1.250000000000000200, 104.0000000000000100, 5.975000000000009400 ) ) ;
#2443 = ORIENTED_EDGE ( 'NONE', *, *, #2209, .F. ) ;
#2444 = DIRECTION ( 'NONE',  ( -1.000000000000000000, 0.0000000000000000000, 0.0000000000000000000 ) ) ;
#2445 = ORIENTED_EDGE ( 'NONE', *, *, #7587, .T. ) ;
#2446 = DIRECTION ( 'NONE',  ( 0.0000000000000000000, 0.0000000000000000000, -1.000000000000000000 ) ) ;
#2447 = LINE ( 'NONE', #1238, #4470 ) ;
#2448 = ADVANCED_FACE ( 'NONE', ( #5751 ), #9715, .F. ) ;
#2449 = EDGE_LOOP ( 'NONE', ( #7460, #8376, #2288, #2529 ) ) ;
#2450 = DIRECTION ( 'NONE',  ( 1.000000000000000000, -0.0000000000000000000, -0.0000000000000000000 ) ) ;
#2451 = CIRCLE ( 'NONE', #2889, 2.024999999999997200 ) ;
#2452 = CARTESIAN_POINT ( 'NONE',  ( 6.749999999999989300, 96.00000000000000000, 16.00000000000000400 ) ) ;
#2453 = EDGE_CURVE ( 'NONE', #7747, #5313, #4685, .T. ) ;
#2454 = ORIENTED_EDGE ( 'NONE', *, *, #1102, .T. ) ;
#2455 = ORIENTED_EDGE ( 'NONE', *, *, #6863, .T. ) ;
#2456 = CARTESIAN_POINT ( 'NONE',  ( 8.774999999999998600, 8.000000000000007100, -15.99999999999999600 ) ) ;
#2457 = LINE ( 'NONE', #2598, #6243 ) ;
#2458 = VECTOR ( 'NONE', #6804, 1000.000000000000000 ) ;
#2459 = ADVANCED_FACE ( 'NONE', ( #9845 ), #7607, .F. ) ;
#2460 = CARTESIAN_POINT ( 'NONE',  ( -1.249999999999999800, 35.31370849898475900, 0.0000000000000000000 ) ) ;
#2461 = AXIS2_PLACEMENT_3D ( 'NONE', #5434, #8781, #6293 ) ;
#2462 = ORIENTED_EDGE ( 'NONE', *, *, #6376, .F. ) ;
#2463 = ORIENTED_EDGE ( 'NONE', *, *, #6642, .F. ) ;
#2464 = FACE_OUTER_BOUND ( 'NONE', #10782, .T. ) ;
#2465 = AXIS2_PLACEMENT_3D ( 'NONE', #5070, #4265, #4152 ) ;
#2466 = DIRECTION ( 'NONE',  ( 3.652049423109066300E-016, -0.0000000000000000000, -1.000000000000000000 ) ) ;
#2467 = FACE_OUTER_BOUND ( 'NONE', #2804, .T. ) ;
#2468 = EDGE_CURVE ( 'NONE', #7310, #8755, #3735, .T. ) ;
#2469 = ORIENTED_EDGE ( 'NONE', *, *, #2241, .F. ) ;
#2470 = ORIENTED_EDGE ( 'NONE', *, *, #9446, .F. ) ;
#2471 = CARTESIAN_POINT ( 'NONE',  ( -1.249999999999999800, 24.00000000000000000, 6.999999999999999100 ) ) ;
#2472 = VECTOR ( 'NONE', #9642, 999.9999999999998900 ) ;
#2473 = DIRECTION ( 'NONE',  ( 3.652049423109066300E-016, 0.0000000000000000000, -1.000000000000000000 ) ) ;
#2474 = PLANE ( 'NONE',  #7991 ) ;
#2475 = CARTESIAN_POINT ( 'NONE',  ( 2.465133360598619700E-015, 192.0000000000000000, 13.50000000000000200 ) ) ;
#2476 = FACE_OUTER_BOUND ( 'NONE', #8571, .T. ) ;
#2477 = EDGE_CURVE ( 'NONE', #8068, #10784, #4947, .T. ) ;
#2478 = AXIS2_PLACEMENT_3D ( 'NONE', #198, #9550, #8750 ) ;
#2479 = DIRECTION ( 'NONE',  ( 0.0000000000000000000, -1.000000000000000000, 0.0000000000000000000 ) ) ;
#2480 = ORIENTED_EDGE ( 'NONE', *, *, #917, .T. ) ;
#2481 = AXIS2_PLACEMENT_3D ( 'NONE', #8499, #4338, #5960 ) ;
#2482 = CARTESIAN_POINT ( 'NONE',  ( 1.250000000000000200, 134.0828273938586800, -7.053390142335791400 ) ) ;
#2483 = ORIENTED_EDGE ( 'NONE', *, *, #382, .F. ) ;
#2484 = VERTEX_POINT ( 'NONE', #5703 ) ;
#2485 = DIRECTION ( 'NONE',  ( 0.0000000000000000000, 0.7071067811865463500, 0.7071067811865487900 ) ) ;
#2486 = CARTESIAN_POINT ( 'NONE',  ( 1.250000000000000200, 34.56810876809729600, 10.56810876809721700 ) ) ;
#2487 = EDGE_CURVE ( 'NONE', #6476, #2865, #936, .T. ) ;
#2488 = VECTOR ( 'NONE', #10310, 1000.000000000000000 ) ;
#2489 = FACE_BOUND ( 'NONE', #7253, .T. ) ;
#2490 = DIRECTION ( 'NONE',  ( 0.0000000000000000000, 0.7071067811865505700, -0.7071067811865444600 ) ) ;
#2491 = CARTESIAN_POINT ( 'NONE',  ( -1.249999999999999800, 79.99999999999998600, 8.000000000000000000 ) ) ;
#2492 = ORIENTED_EDGE ( 'NONE', *, *, #2963, .T. ) ;
#2493 = ORIENTED_EDGE ( 'NONE', *, *, #2728, .F. ) ;
#2494 = DIRECTION ( 'NONE',  ( -1.000000000000000000, 0.0000000000000000000, 0.0000000000000000000 ) ) ;
#2495 = EDGE_CURVE ( 'NONE', #6948, #4820, #8254, .T. ) ;
#2496 = PRODUCT_DEFINITION_FORMATION_WITH_SPECIFIED_SOURCE ( 'ANY', '', #1914, .NOT_KNOWN. ) ;
#2497 = VECTOR ( 'NONE', #10754, 1000.000000000000000 ) ;
#2498 = AXIS2_PLACEMENT_3D ( 'NONE', #10952, #9287, #10985 ) ;
#2499 = DIRECTION ( 'NONE',  ( 0.0000000000000000000, 0.0000000000000000000, -1.000000000000000000 ) ) ;
#2500 = LINE ( 'NONE', #1145, #4100 ) ;
#2501 = ADVANCED_FACE ( 'NONE', ( #6016 ), #2661, .F. ) ;
#2502 = CARTESIAN_POINT ( 'NONE',  ( 6.749999999999989300, 152.0000000000000300, 16.00000000000000400 ) ) ;
#2503 = CARTESIAN_POINT ( 'NONE',  ( 6.749999999999989300, 160.0000000000000000, 16.00000000000000400 ) ) ;
#2504 = EDGE_LOOP ( 'NONE', ( #4159, #6496, #5528, #6748, #10169 ) ) ;
#2505 = VERTEX_POINT ( 'NONE', #4837 ) ;
#2506 = EDGE_CURVE ( 'NONE', #10070, #2534, #9582, .T. ) ;
#2507 = LINE ( 'NONE', #1122, #10372 ) ;
#2508 = VERTEX_POINT ( 'NONE', #9835 ) ;
#2509 = CIRCLE ( 'NONE', #831, 2.025000000000004400 ) ;
#2510 = VECTOR ( 'NONE', #6123, 1000.000000000000000 ) ;
#2511 = EDGE_LOOP ( 'NONE', ( #5024, #1211, #2128, #7328 ) ) ;
#2512 = EDGE_CURVE ( 'NONE', #7310, #5996, #1462, .T. ) ;
#2513 = DIRECTION ( 'NONE',  ( 1.826024711554532900E-016, -0.0000000000000000000, 1.000000000000000000 ) ) ;
#2514 = ADVANCED_FACE ( 'NONE', ( #5079 ), #423, .F. ) ;
#2515 = PLANE ( 'NONE',  #8504 ) ;
#2516 = DIRECTION ( 'NONE',  ( 1.000000000000000000, -0.0000000000000000000, 0.0000000000000000000 ) ) ;
#2517 = CARTESIAN_POINT ( 'NONE',  ( -1.249999999999999800, 64.94660985766418500, 9.917172606141328100 ) ) ;
#2518 = ORIENTED_EDGE ( 'NONE', *, *, #3935, .F. ) ;
#2519 = DIRECTION ( 'NONE',  ( -1.826024711554532900E-016, 0.0000000000000000000, 1.000000000000000000 ) ) ;
#2520 = EDGE_LOOP ( 'NONE', ( #1647, #224, #2732, #1360 ) ) ;
#2521 = FACE_BOUND ( 'NONE', #672, .T. ) ;
#2522 = CARTESIAN_POINT ( 'NONE',  ( -1.249999999999999800, 108.6862915010152500, 0.0000000000000000000 ) ) ;
#2523 = DIRECTION ( 'NONE',  ( 0.0000000000000000000, 0.7071067811865436900, 0.7071067811865513500 ) ) ;
#2524 = VECTOR ( 'NONE', #61, 1000.000000000000000 ) ;
#2525 = EDGE_LOOP ( 'NONE', ( #9857, #5431, #4751, #3249 ) ) ;
#2526 = VERTEX_POINT ( 'NONE', #7445 ) ;
#2527 = DIRECTION ( 'NONE',  ( 1.000000000000000000, 0.0000000000000000000, 0.0000000000000000000 ) ) ;
#2528 = AXIS2_PLACEMENT_3D ( 'NONE', #3452, #1785, #974 ) ;
#2529 = ORIENTED_EDGE ( 'NONE', *, *, #1142, .T. ) ;
#2530 = CARTESIAN_POINT ( 'NONE',  ( -1.249999999999999800, 132.6862915010152300, -2.024999999999999900 ) ) ;
#2531 = CIRCLE ( 'NONE', #3384, 6.999999999999999100 ) ;
#2532 = LINE ( 'NONE', #7909, #944 ) ;
#2533 = EDGE_CURVE ( 'NONE', #9620, #5712, #3607, .T. ) ;
#2534 = VERTEX_POINT ( 'NONE', #4763 ) ;
#2535 = CARTESIAN_POINT ( 'NONE',  ( -1.249999999999999800, 144.0000000000000300, 2.024999999999999900 ) ) ;
#2536 = EDGE_CURVE ( 'NONE', #8673, #8556, #8793, .T. ) ;
#2537 = ORIENTED_EDGE ( 'NONE', *, *, #5437, .T. ) ;
#2538 = DIRECTION ( 'NONE',  ( 1.000000000000000000, -0.0000000000000000000, -0.0000000000000000000 ) ) ;
#2539 = VERTEX_POINT ( 'NONE', #10278 ) ;
#2540 = LINE ( 'NONE', #4093, #684 ) ;
#2541 = ORIENTED_EDGE ( 'NONE', *, *, #10940, .F. ) ;
#2542 = CIRCLE ( 'NONE', #10079, 2.024999999999997200 ) ;
#2543 = DIRECTION ( 'NONE',  ( 3.652049423109066300E-016, -0.0000000000000000000, -1.000000000000000000 ) ) ;
#2544 = EDGE_LOOP ( 'NONE', ( #4952, #4304 ) ) ;
#2545 = LINE ( 'NONE', #9669, #9602 ) ;
#2546 = ORIENTED_EDGE ( 'NONE', *, *, #5533, .T. ) ;
#2547 = VERTEX_POINT ( 'NONE', #842 ) ;
#2548 = EDGE_CURVE ( 'NONE', #5108, #9509, #3453, .T. ) ;
#2549 = AXIS2_PLACEMENT_3D ( 'NONE', #5221, #3478, #2624 ) ;
#2550 = ORIENTED_EDGE ( 'NONE', *, *, #1545, .F. ) ;
#2551 = ORIENTED_EDGE ( 'NONE', *, *, #3204, .F. ) ;
#2552 = AXIS2_PLACEMENT_3D ( 'NONE', #2571, #9438, #50 ) ;
#2553 = CARTESIAN_POINT ( 'NONE',  ( 1.250000000000000200, 97.43189123190343500, 97.43189123190273900 ) ) ;
#2554 = ORIENTED_EDGE ( 'NONE', *, *, #7533, .F. ) ;
#2555 = VECTOR ( 'NONE', #6137, 999.9999999999998900 ) ;
#2556 = EDGE_CURVE ( 'NONE', #2342, #7789, #1078, .T. ) ;
#2557 = CARTESIAN_POINT ( 'NONE',  ( 1.250000000000000200, 176.4852813742385800, -8.485281374238564200 ) ) ;
#2558 = CARTESIAN_POINT ( 'NONE',  ( -1.249999999999999800, 158.5681087680972600, 6.568108768097240500 ) ) ;
#2559 = FACE_OUTER_BOUND ( 'NONE', #3288, .T. ) ;
#2560 = CARTESIAN_POINT ( 'NONE',  ( -1.249999999999999800, 81.91717260614133500, -7.053390142335809200 ) ) ;
#2561 = ORIENTED_EDGE ( 'NONE', *, *, #3194, .T. ) ;
#2562 = EDGE_LOOP ( 'NONE', ( #3960, #4786, #506, #925 ) ) ;
#2563 = DIRECTION ( 'NONE',  ( 3.652049423109066300E-016, 0.0000000000000000000, -1.000000000000000000 ) ) ;
#2564 = VERTEX_POINT ( 'NONE', #911 ) ;
#2565 = ORIENTED_EDGE ( 'NONE', *, *, #10104, .F. ) ;
#2566 = CIRCLE ( 'NONE', #6716, 2.025000000000004400 ) ;
#2567 = EDGE_CURVE ( 'NONE', #7224, #10836, #2002, .T. ) ;
#2568 = CARTESIAN_POINT ( 'NONE',  ( -1.249999999999999800, 72.00000000000001400, -2.024999999999999900 ) ) ;
#2569 = DIRECTION ( 'NONE',  ( -1.000000000000000000, 0.0000000000000000000, 0.0000000000000000000 ) ) ;
#2570 = AXIS2_PLACEMENT_3D ( 'NONE', #8401, #7534, #6687 ) ;
#2571 = CARTESIAN_POINT ( 'NONE',  ( -46.75000000000000000, 183.5147186257614500, 8.485281374238590900 ) ) ;
#2572 = CYLINDRICAL_SURFACE ( 'NONE', #333, 2.024999999999990100 ) ;
#2573 = VERTEX_POINT ( 'NONE', #5993 ) ;
#2574 = ORIENTED_EDGE ( 'NONE', *, *, #3351, .T. ) ;
#2575 = ADVANCED_FACE ( 'NONE', ( #9172 ), #10765, .F. ) ;
#2576 = ORIENTED_EDGE ( 'NONE', *, *, #2134, .F. ) ;
#2577 = CIRCLE ( 'NONE', #490, 2.024999999999997200 ) ;
#2578 = EDGE_CURVE ( 'NONE', #1636, #3108, #667, .T. ) ;
#2579 = DIRECTION ( 'NONE',  ( 1.000000000000000000, 0.0000000000000000000, 0.0000000000000000000 ) ) ;
#2580 = LINE ( 'NONE', #8698, #471 ) ;
#2581 = ORIENTED_EDGE ( 'NONE', *, *, #7288, .F. ) ;
#2582 = LINE ( 'NONE', #3825, #4993 ) ;
#2583 = VERTEX_POINT ( 'NONE', #9376 ) ;
#2584 = CARTESIAN_POINT ( 'NONE',  ( -1.249999999999999800, 113.4318912319027500, 9.431891231902762100 ) ) ;
#2585 = EDGE_CURVE ( 'NONE', #8045, #8926, #7473, .T. ) ;
#2586 = CARTESIAN_POINT ( 'NONE',  ( 8.774999999999987900, 104.0000000000000100, 13.50000000000000000 ) ) ;
#2587 = CARTESIAN_POINT ( 'NONE',  ( 1.250000000000000200, 126.5681087680972300, -9.431891231902755000 ) ) ;
#2588 = DIRECTION ( 'NONE',  ( 1.000000000000000000, -0.0000000000000000000, 0.0000000000000000000 ) ) ;
#2589 = ORIENTED_EDGE ( 'NONE', *, *, #9135, .T. ) ;
#2590 = ORIENTED_EDGE ( 'NONE', *, *, #6199, .F. ) ;
#2591 = VERTEX_POINT ( 'NONE', #1725 ) ;
#2592 = FACE_OUTER_BOUND ( 'NONE', #10352, .T. ) ;
#2593 = CARTESIAN_POINT ( 'NONE',  ( 1.250000000000000200, 24.00000000000000000, 0.0000000000000000000 ) ) ;
#2594 = VECTOR ( 'NONE', #2647, 1000.000000000000000 ) ;
#2595 = DIRECTION ( 'NONE',  ( -1.826024711554532900E-016, 0.0000000000000000000, 1.000000000000000000 ) ) ;
#2596 = CARTESIAN_POINT ( 'NONE',  ( -1.249999999999999800, 24.00000000000000000, -6.999999999999999100 ) ) ;
#2597 = DIRECTION ( 'NONE',  ( 1.000000000000000000, -0.0000000000000000000, -0.0000000000000000000 ) ) ;
#2598 = CARTESIAN_POINT ( 'NONE',  ( 8.774999999999987900, 112.0000000000000100, 16.00000000000000400 ) ) ;
#2599 = DIRECTION ( 'NONE',  ( 0.0000000000000000000, 0.0000000000000000000, -1.000000000000000000 ) ) ;
#2600 = ORIENTED_EDGE ( 'NONE', *, *, #8767, .T. ) ;
#2601 = ORIENTED_EDGE ( 'NONE', *, *, #9370, .F. ) ;
#2602 = CYLINDRICAL_SURFACE ( 'NONE', #9317, 2.024999999999998100 ) ;
#2603 = DIRECTION ( 'NONE',  ( 0.0000000000000000000, 0.0000000000000000000, -1.000000000000000000 ) ) ;
#2604 = CIRCLE ( 'NONE', #7371, 2.025000000000002600 ) ;
#2605 = EDGE_CURVE ( 'NONE', #10941, #4619, #6955, .T. ) ;
#2606 = DIRECTION ( 'NONE',  ( -1.000000000000000000, 0.0000000000000000000, 0.0000000000000000000 ) ) ;
#2607 = CARTESIAN_POINT ( 'NONE',  ( 4.725000000000003200, 184.0000000000000000, -15.99999999999999600 ) ) ;
#2608 = CARTESIAN_POINT ( 'NONE',  ( -1.249999999999999800, 94.56810876809788600, -97.43189123190279600 ) ) ;
#2609 = ORIENTED_EDGE ( 'NONE', *, *, #2060, .T. ) ;
#2610 = CARTESIAN_POINT ( 'NONE',  ( 1.250000000000000200, 192.0000000000000000, 0.0000000000000000000 ) ) ;
#2611 = ORIENTED_EDGE ( 'NONE', *, *, #6700, .T. ) ;
#2612 = LINE ( 'NONE', #1165, #10190 ) ;
#2613 = VECTOR ( 'NONE', #2731, 1000.000000000000000 ) ;
#2614 = CARTESIAN_POINT ( 'NONE',  ( 1.250000000000000200, 144.0000000000000000, 6.999999999999999100 ) ) ;
#2615 = CARTESIAN_POINT ( 'NONE',  ( 6.749999999999990200, 48.00000000000000700, 13.50000000000000000 ) ) ;
#2616 = ADVANCED_FACE ( 'NONE', ( #8519 ), #2812, .F. ) ;
#2617 = EDGE_CURVE ( 'NONE', #9234, #7032, #6304, .T. ) ;
#2618 = VERTEX_POINT ( 'NONE', #10164 ) ;
#2619 = EDGE_LOOP ( 'NONE', ( #5354, #7160, #7194, #1013 ) ) ;
#2620 = AXIS2_PLACEMENT_3D ( 'NONE', #6106, #10331, #6579 ) ;
#2621 = DIRECTION ( 'NONE',  ( 1.000000000000000000, -0.0000000000000000000, -0.0000000000000000000 ) ) ;
#2622 = CYLINDRICAL_SURFACE ( 'NONE', #8897, 2.025000000000002600 ) ;
#2623 = EDGE_CURVE ( 'NONE', #9859, #2881, #1210, .T. ) ;
#2624 = DIRECTION ( 'NONE',  ( 0.0000000000000000000, 0.0000000000000000000, -1.000000000000000000 ) ) ;
#2625 = VECTOR ( 'NONE', #1818, 1000.000000000000000 ) ;
#2626 = DIRECTION ( 'NONE',  ( 1.000000000000000000, 0.0000000000000000000, 0.0000000000000000000 ) ) ;
#2627 = VERTEX_POINT ( 'NONE', #10231 ) ;
#2629 = ADVANCED_FACE ( 'NONE', ( #5632 ), #7347, .F. ) ;
#2628 = VERTEX_POINT ( 'NONE', #6899 ) ;
#2630 = CARTESIAN_POINT ( 'NONE',  ( -1.249999999999999800, 144.0000000000000000, 6.999999999999999100 ) ) ;
#2631 = CARTESIAN_POINT ( 'NONE',  ( 4.725000000000001400, 40.00000000000000700, -13.50000000000000200 ) ) ;
#2632 = DIRECTION ( 'NONE',  ( 0.0000000000000000000, 0.7071067811865501300, 0.7071067811865450200 ) ) ;
#2633 = LINE ( 'NONE', #1812, #7329 ) ;
#2634 = EDGE_CURVE ( 'NONE', #2297, #3312, #1342, .T. ) ;
#2635 = AXIS2_PLACEMENT_3D ( 'NONE', #3167, #2378, #717 ) ;
#2636 = CARTESIAN_POINT ( 'NONE',  ( 4.724999999999991700, 120.0000000000000300, 16.00000000000000400 ) ) ;
#2637 = CYLINDRICAL_SURFACE ( 'NONE', #582, 2.024999999999998100 ) ;
#2638 = AXIS2_PLACEMENT_3D ( 'NONE', #292, #10506, #8735 ) ;
#2639 = CARTESIAN_POINT ( 'NONE',  ( -1.249999999999999800, 168.0000000000000000, 0.0000000000000000000 ) ) ;
#2640 = DIRECTION ( 'NONE',  ( 0.0000000000000000000, 0.0000000000000000000, -1.000000000000000000 ) ) ;
#2641 = ORIENTED_EDGE ( 'NONE', *, *, #2407, .F. ) ;
#2642 = ORIENTED_EDGE ( 'NONE', *, *, #9615, .T. ) ;
#2643 = CYLINDRICAL_SURFACE ( 'NONE', #1198, 2.024999999999998100 ) ;
#2644 = PLANE ( 'NONE',  #5138 ) ;
#2645 = CARTESIAN_POINT ( 'NONE',  ( 6.750000000000000900, 88.00000000000002800, -15.99999999999999600 ) ) ;
#2646 = CYLINDRICAL_SURFACE ( 'NONE', #3047, 2.024999999999999900 ) ;
#2647 = DIRECTION ( 'NONE',  ( 1.000000000000000000, -0.0000000000000000000, -0.0000000000000000000 ) ) ;
#2648 = DIRECTION ( 'NONE',  ( 0.0000000000000000000, 0.0000000000000000000, -1.000000000000000000 ) ) ;
#2649 = DIRECTION ( 'NONE',  ( 1.000000000000000000, -0.0000000000000000000, 0.0000000000000000000 ) ) ;
#2650 = CYLINDRICAL_SURFACE ( 'NONE', #724, 2.024999999999998100 ) ;
#2651 = CARTESIAN_POINT ( 'NONE',  ( -1.249999999999999800, 152.0000000000000000, -7.999999999999994700 ) ) ;
#2652 = EDGE_CURVE ( 'NONE', #4619, #3701, #5216, .T. ) ;
#2653 = CARTESIAN_POINT ( 'NONE',  ( 1.250000000000000200, 103.0533901423358100, -9.917172606141322800 ) ) ;
#2654 = EDGE_LOOP ( 'NONE', ( #9475, #2349, #4318, #6622 ) ) ;
#2655 = ORIENTED_EDGE ( 'NONE', *, *, #8250, .F. ) ;
#2656 = AXIS2_PLACEMENT_3D ( 'NONE', #5069, #9246, #10939 ) ;
#2657 = CARTESIAN_POINT ( 'NONE',  ( 6.750000000000000000, 56.00000000000000700, -13.50000000000000200 ) ) ;
#2658 = LINE ( 'NONE', #7676, #7085 ) ;
#2659 = CARTESIAN_POINT ( 'NONE',  ( -1.249999999999999800, 88.00000000000001400, 8.000000000000000000 ) ) ;
#2660 = CYLINDRICAL_SURFACE ( 'NONE', #10990, 2.024999999999998100 ) ;
#2661 = CYLINDRICAL_SURFACE ( 'NONE', #2933, 2.024999999999998100 ) ;
#2662 = CARTESIAN_POINT ( 'NONE',  ( 8.774999999999998600, 120.0000000000000300, -15.99999999999999600 ) ) ;
#2663 = ORIENTED_EDGE ( 'NONE', *, *, #7647, .T. ) ;
#2664 = DIRECTION ( 'NONE',  ( -1.826024711554532900E-016, 0.0000000000000000000, 1.000000000000000000 ) ) ;
#2665 = DIRECTION ( 'NONE',  ( -1.000000000000000000, 0.0000000000000000000, -1.826024711554532900E-016 ) ) ;
#2666 = ORIENTED_EDGE ( 'NONE', *, *, #9197, .F. ) ;
#2667 = VERTEX_POINT ( 'NONE', #7819 ) ;
#2668 = FACE_BOUND ( 'NONE', #4532, .T. ) ;
#2669 = CARTESIAN_POINT ( 'NONE',  ( -1.249999999999999800, 176.4852813742385800, 8.485281374238569500 ) ) ;
#2670 = VECTOR ( 'NONE', #1815, 1000.000000000000000 ) ;
#2671 = CARTESIAN_POINT ( 'NONE',  ( -1.249999999999999800, 84.68629150101523400, 2.024999999999999900 ) ) ;
#2672 = DIRECTION ( 'NONE',  ( 1.000000000000000000, -0.0000000000000000000, -0.0000000000000000000 ) ) ;
#2673 = DIRECTION ( 'NONE',  ( 0.0000000000000000000, 0.0000000000000000000, -1.000000000000000000 ) ) ;
#2674 = DIRECTION ( 'NONE',  ( 3.652049423109066300E-016, -0.0000000000000000000, -1.000000000000000000 ) ) ;
#2675 = ORIENTED_EDGE ( 'NONE', *, *, #4390, .T. ) ;
#2676 = ADVANCED_FACE ( 'NONE', ( #3989 ), #287, .F. ) ;
#2677 = ORIENTED_EDGE ( 'NONE', *, *, #6811, .F. ) ;
#2678 = CIRCLE ( 'NONE', #9998, 2.024999999999998100 ) ;
#2679 = CARTESIAN_POINT ( 'NONE',  ( 1.250000000000000200, 102.5681087680972500, -9.431891231902755000 ) ) ;
#2680 = CARTESIAN_POINT ( 'NONE',  ( -1.249999999999999800, 161.4318912319027700, -9.431891231902755000 ) ) ;
#2681 = CIRCLE ( 'NONE', #6783, 2.025000000000004400 ) ;
#2682 = CARTESIAN_POINT ( 'NONE',  ( 1.250000000000000200, 85.43189123190278200, -13.43189123190275300 ) ) ;
#2683 = AXIS2_PLACEMENT_3D ( 'NONE', #9953, #10845, #2377 ) ;
#2684 = DIRECTION ( 'NONE',  ( 1.000000000000000000, -0.0000000000000000000, -0.0000000000000000000 ) ) ;
#2685 = ORIENTED_EDGE ( 'NONE', *, *, #1346, .F. ) ;
#2686 = DIRECTION ( 'NONE',  ( 0.0000000000000000000, 0.0000000000000000000, -1.000000000000000000 ) ) ;
#2687 = CARTESIAN_POINT ( 'NONE',  ( 4.724999999999993400, 176.0000000000000300, 13.50000000000000000 ) ) ;
#2688 = ORIENTED_EDGE ( 'NONE', *, *, #10175, .T. ) ;
#2689 = CARTESIAN_POINT ( 'NONE',  ( -1.249999999999999800, 104.0000000000000100, 8.000000000000000000 ) ) ;
#2690 = ORIENTED_EDGE ( 'NONE', *, *, #6817, .T. ) ;
#2691 = ORIENTED_EDGE ( 'NONE', *, *, #4654, .T. ) ;
#2692 = CARTESIAN_POINT ( 'NONE',  ( -1.250000000000001100, 7.053390142335809200, 9.917172606141322800 ) ) ;
#2693 = ADVANCED_FACE ( 'NONE', ( #5372 ), #5362, .F. ) ;
#2694 = CYLINDRICAL_SURFACE ( 'NONE', #5374, 2.025000000000000800 ) ;
#2695 = CARTESIAN_POINT ( 'NONE',  ( -1.249999999999999800, 96.00000000000000000, -2.024999999999999900 ) ) ;
#2696 = CYLINDRICAL_SURFACE ( 'NONE', #5662, 2.024999999999999900 ) ;
#2697 = DIRECTION ( 'NONE',  ( 1.000000000000000000, -0.0000000000000000000, -0.0000000000000000000 ) ) ;
#2698 = EDGE_CURVE ( 'NONE', #2508, #5242, #544, .T. ) ;
#2699 = CARTESIAN_POINT ( 'NONE',  ( 1.250000000000000200, 160.0000000000000300, 8.000000000000000000 ) ) ;
#2700 = DIRECTION ( 'NONE',  ( 0.0000000000000000000, 0.0000000000000000000, -1.000000000000000000 ) ) ;
#2701 = VERTEX_POINT ( 'NONE', #2662 ) ;
#2702 = ORIENTED_EDGE ( 'NONE', *, *, #4464, .F. ) ;
#2703 = ORIENTED_EDGE ( 'NONE', *, *, #9884, .F. ) ;
#2704 = CARTESIAN_POINT ( 'NONE',  ( 6.749999999999989300, 112.0000000000000100, 16.00000000000000400 ) ) ;
#2705 = ORIENTED_EDGE ( 'NONE', *, *, #4336, .T. ) ;
#2706 = CARTESIAN_POINT ( 'NONE',  ( -1.249999999999999800, 159.5147186257614500, -10.51028137423856600 ) ) ;
#2707 = CYLINDRICAL_SURFACE ( 'NONE', #7422, 2.024999999999998100 ) ;
#2708 = DIRECTION ( 'NONE',  ( 1.000000000000000000, -0.0000000000000000000, -0.0000000000000000000 ) ) ;
#2709 = DIRECTION ( 'NONE',  ( 0.0000000000000000000, -1.000000000000000000, 0.0000000000000000000 ) ) ;
#2710 = EDGE_CURVE ( 'NONE', #2573, #10255, #8129, .T. ) ;
#2711 = AXIS2_PLACEMENT_3D ( 'NONE', #2966, #7360, #3816 ) ;
#2712 = ORIENTED_EDGE ( 'NONE', *, *, #10933, .F. ) ;
#2713 = CARTESIAN_POINT ( 'NONE',  ( -1.249999999999999800, 168.0000000000000000, 6.999999999999999100 ) ) ;
#2714 = ORIENTED_EDGE ( 'NONE', *, *, #6678, .F. ) ;
#2715 = DIRECTION ( 'NONE',  ( 3.652049423109066300E-016, -0.0000000000000000000, -1.000000000000000000 ) ) ;
#2716 = DIRECTION ( 'NONE',  ( 0.0000000000000000000, -0.7071067811865615600, 0.7071067811865335800 ) ) ;
#2717 = EDGE_CURVE ( 'NONE', #7644, #10226, #10086, .T. ) ;
#2718 = ORIENTED_EDGE ( 'NONE', *, *, #5796, .F. ) ;
#2719 = PLANE ( 'NONE',  #1240 ) ;
#2720 = DIRECTION ( 'NONE',  ( 1.000000000000000000, -0.0000000000000000000, -0.0000000000000000000 ) ) ;
#2721 = DIRECTION ( 'NONE',  ( 1.000000000000000000, -0.0000000000000000000, 0.0000000000000000000 ) ) ;
#2722 = PLANE ( 'NONE',  #10467 ) ;
#2723 = CALENDAR_DATE ( 2022, 26, 4 ) ;
#2724 = DIRECTION ( 'NONE',  ( 3.652049423109066300E-016, -0.0000000000000000000, -1.000000000000000000 ) ) ;
#2725 = CYLINDRICAL_SURFACE ( 'NONE', #4895, 2.024999999999998100 ) ;
#2726 = ORIENTED_EDGE ( 'NONE', *, *, #1123, .F. ) ;
#2727 = CARTESIAN_POINT ( 'NONE',  ( 6.749999999999990200, 152.0000000000000300, 13.50000000000000000 ) ) ;
#2728 = EDGE_CURVE ( 'NONE', #6250, #1290, #5877, .T. ) ;
#2729 = CC_DESIGN_PERSON_AND_ORGANIZATION_ASSIGNMENT ( #600, #7055, ( #5321 ) ) ;
#2730 = ORIENTED_EDGE ( 'NONE', *, *, #8431, .T. ) ;
#2731 = DIRECTION ( 'NONE',  ( 3.652049423109066300E-016, -0.0000000000000000000, -1.000000000000000000 ) ) ;
#2732 = ORIENTED_EDGE ( 'NONE', *, *, #8363, .T. ) ;
#2733 = CARTESIAN_POINT ( 'NONE',  ( -1.249999999999999800, 0.0000000000000000000, -2.024999999999999900 ) ) ;
#2734 = DIRECTION ( 'NONE',  ( 1.000000000000000000, 0.0000000000000000000, 0.0000000000000000000 ) ) ;
#2735 = CARTESIAN_POINT ( 'NONE',  ( 6.749999999999990200, 64.00000000000000000, 13.50000000000000000 ) ) ;
#2736 = LINE ( 'NONE', #9269, #7282 ) ;
#2737 = ORIENTED_EDGE ( 'NONE', *, *, #5153, .F. ) ;
#2738 = CIRCLE ( 'NONE', #9559, 2.025000000000004400 ) ;
#2739 = EDGE_CURVE ( 'NONE', #1776, #6797, #8650, .T. ) ;
#2740 = DIRECTION ( 'NONE',  ( 0.0000000000000000000, 0.0000000000000000000, -1.000000000000000000 ) ) ;
#2741 = ORIENTED_EDGE ( 'NONE', *, *, #1948, .F. ) ;
#2742 = CARTESIAN_POINT ( 'NONE',  ( 6.749999999999989300, 8.000000000000007100, 16.00000000000000400 ) ) ;
#2743 = VERTEX_POINT ( 'NONE', #7823 ) ;
#2744 = LINE ( 'NONE', #7252, #8737 ) ;
#2745 = EDGE_CURVE ( 'NONE', #8045, #825, #3857, .T. ) ;
#2746 = DIRECTION ( 'NONE',  ( 1.000000000000000000, -0.0000000000000000000, 0.0000000000000000000 ) ) ;
#2747 = CARTESIAN_POINT ( 'NONE',  ( 8.774999999999987900, 160.0000000000000000, 16.00000000000000400 ) ) ;
#2748 = CYLINDRICAL_SURFACE ( 'NONE', #8025, 2.024999999999998100 ) ;
#2749 = CARTESIAN_POINT ( 'NONE',  ( 8.774999999999987900, 48.00000000000000700, 16.00000000000000400 ) ) ;
#2750 = CARTESIAN_POINT ( 'NONE',  ( -1.249999999999999800, 65.43189123190276700, 9.431891231902762100 ) ) ;
#2751 = ORIENTED_EDGE ( 'NONE', *, *, #8953, .T. ) ;
#2752 = VERTEX_POINT ( 'NONE', #8740 ) ;
#2753 = CARTESIAN_POINT ( 'NONE',  ( 4.725000000000003200, 64.00000000000000000, -15.99999999999999600 ) ) ;
#2754 = LINE ( 'NONE', #1557, #1674 ) ;
#2755 = ADVANCED_FACE ( 'NONE', ( #5741 ), #5623, .F. ) ;
#2756 = CARTESIAN_POINT ( 'NONE',  ( 1.250000000000000200, 39.51471862576143900, -8.485281374238566000 ) ) ;
#2757 = DIRECTION ( 'NONE',  ( 0.0000000000000000000, 0.0000000000000000000, -1.000000000000000000 ) ) ;
#2758 = CARTESIAN_POINT ( 'NONE',  ( 1.250000000000000200, 40.00000000000000000, 5.974999999999997900 ) ) ;
#2759 = CARTESIAN_POINT ( 'NONE',  ( -1.249999999999999800, 38.08282739385867900, -7.053390142335805600 ) ) ;
#2760 = VECTOR ( 'NONE', #2120, 1000.000000000000000 ) ;
#2761 = CARTESIAN_POINT ( 'NONE',  ( 1.250000000000000200, 184.0000000000000000, 8.000000000000019500 ) ) ;
#2762 = AXIS2_PLACEMENT_3D ( 'NONE', #6286, #1160, #2908 ) ;
#2763 = CARTESIAN_POINT ( 'NONE',  ( -1.249999999999999800, 34.56810876809729600, 10.56810876809721700 ) ) ;
#2764 = ORIENTED_EDGE ( 'NONE', *, *, #222, .F. ) ;
#2765 = CARTESIAN_POINT ( 'NONE',  ( 1.250000000000000200, 156.6862915010152300, 0.0000000000000000000 ) ) ;
#2766 = LINE ( 'NONE', #538, #4504 ) ;
#2767 = AXIS2_PLACEMENT_3D ( 'NONE', #4188, #819, #887 ) ;
#2768 = CARTESIAN_POINT ( 'NONE',  ( 6.749999999999989300, 24.00000000000000700, 16.00000000000000400 ) ) ;
#2769 = LINE ( 'NONE', #10463, #5709 ) ;
#2770 = CARTESIAN_POINT ( 'NONE',  ( 6.749999999999989300, 16.00000000000000700, 16.00000000000000400 ) ) ;
#2771 = CARTESIAN_POINT ( 'NONE',  ( -1.249999999999999800, 10.56810876809729600, -10.56810876809726100 ) ) ;
#2772 = DIRECTION ( 'NONE',  ( 0.0000000000000000000, 0.0000000000000000000, -1.000000000000000000 ) ) ;
#2773 = CARTESIAN_POINT ( 'NONE',  ( 1.250000000000000200, 61.43189123190277500, -13.43189123190275300 ) ) ;
#2774 = ORIENTED_EDGE ( 'NONE', *, *, #8539, .F. ) ;
#2775 = PLANE ( 'NONE',  #1624 ) ;
#2776 = EDGE_LOOP ( 'NONE', ( #8039, #4927, #6590, #9251 ) ) ;
#2777 = CARTESIAN_POINT ( 'NONE',  ( 4.725000000000001400, 64.00000000000000000, -13.50000000000000200 ) ) ;
#2778 = CARTESIAN_POINT ( 'NONE',  ( 1.250000000000000200, 17.43189123190276700, -9.431891231902755000 ) ) ;
#2779 = FACE_BOUND ( 'NONE', #8852, .T. ) ;
#2780 = EDGE_CURVE ( 'NONE', #4004, #3037, #10222, .T. ) ;
#2781 = AXIS2_PLACEMENT_3D ( 'NONE', #7735, #5373, #7850 ) ;
#2782 = APPLICATION_PROTOCOL_DEFINITION ( 'international standard', 'config_control_design', 1994, #2072 ) ;
#2783 = ORIENTED_EDGE ( 'NONE', *, *, #2123, .T. ) ;
#2784 = DIRECTION ( 'NONE',  ( 1.000000000000000000, 0.0000000000000000000, 0.0000000000000000000 ) ) ;
#2785 = EDGE_LOOP ( 'NONE', ( #4898, #6987 ) ) ;
#2786 = EDGE_CURVE ( 'NONE', #5566, #6612, #3598, .T. ) ;
#2787 = CARTESIAN_POINT ( 'NONE',  ( -1.249999999999999800, 88.00000000000001400, 5.974999999999997900 ) ) ;
#2788 = VECTOR ( 'NONE', #10441, 999.9999999999998900 ) ;
#2789 = CARTESIAN_POINT ( 'NONE',  ( 1.250000000000000200, 48.00000000000000000, -2.024999999999999900 ) ) ;
#2790 = CIRCLE ( 'NONE', #9471, 2.024999999999990100 ) ;
#2791 = CARTESIAN_POINT ( 'NONE',  ( -1.249999999999999800, 24.00000000000000000, 0.0000000000000000000 ) ) ;
#2792 = CARTESIAN_POINT ( 'NONE',  ( 1.250000000000000200, 135.5147186257614200, -8.485281374238566000 ) ) ;
#2793 = ORIENTED_EDGE ( 'NONE', *, *, #6087, .F. ) ;
#2794 = CARTESIAN_POINT ( 'NONE',  ( 6.749999999999989300, 184.0000000000000000, 16.00000000000000400 ) ) ;
#2795 = CARTESIAN_POINT ( 'NONE',  ( 6.749999999999990200, 144.0000000000000300, 13.50000000000000000 ) ) ;
#2796 = ORIENTED_EDGE ( 'NONE', *, *, #1512, .T. ) ;
#2797 = VECTOR ( 'NONE', #1973, 1000.000000000000000 ) ;
#2798 = EDGE_CURVE ( 'NONE', #9091, #7644, #8384, .T. ) ;
#2799 = AXIS2_PLACEMENT_3D ( 'NONE', #9975, #4957, #596 ) ;
#2800 = CYLINDRICAL_SURFACE ( 'NONE', #4981, 2.024999999999999000 ) ;
#2801 = AXIS2_PLACEMENT_3D ( 'NONE', #9995, #8313, #645 ) ;
#2802 = LINE ( 'NONE', #4872, #3440 ) ;
#2803 = ORIENTED_EDGE ( 'NONE', *, *, #1016, .T. ) ;
#2804 = EDGE_LOOP ( 'NONE', ( #8573, #3346, #8274, #3766 ) ) ;
#2805 = CARTESIAN_POINT ( 'NONE',  ( -1.249999999999999800, 193.4318912319027100, -1.431891231902704000 ) ) ;
#2806 = VERTEX_POINT ( 'NONE', #9579 ) ;
#2807 = DIRECTION ( 'NONE',  ( -1.000000000000000000, 0.0000000000000000000, -0.0000000000000000000 ) ) ;
#2808 = EDGE_CURVE ( 'NONE', #6504, #4842, #1332, .T. ) ;
#2809 = LINE ( 'NONE', #9987, #6813 ) ;
#2810 = CARTESIAN_POINT ( 'NONE',  ( 6.750000000000000000, 144.0000000000000300, -13.50000000000000200 ) ) ;
#2811 = DIRECTION ( 'NONE',  ( 0.0000000000000000000, 0.0000000000000000000, -1.000000000000000000 ) ) ;
#2812 = CYLINDRICAL_SURFACE ( 'NONE', #3648, 2.024999999999998100 ) ;
#2813 = ADVANCED_FACE ( 'NONE', ( #6807 ), #4545, .T. ) ;
#2814 = ORIENTED_EDGE ( 'NONE', *, *, #1001, .F. ) ;
#2815 = EDGE_CURVE ( 'NONE', #2526, #9116, #3318, .T. ) ;
#2816 = DIRECTION ( 'NONE',  ( 1.000000000000000000, -0.0000000000000000000, 0.0000000000000000000 ) ) ;
#2817 = AXIS2_PLACEMENT_3D ( 'NONE', #6159, #7783, #8614 ) ;
#2818 = DIRECTION ( 'NONE',  ( 3.652049423109066300E-016, 0.0000000000000000000, -1.000000000000000000 ) ) ;
#2819 = ORIENTED_EDGE ( 'NONE', *, *, #1589, .F. ) ;
#2820 = CARTESIAN_POINT ( 'NONE',  ( -1.249999999999999800, 135.5147186257614200, -10.51028137423856600 ) ) ;
#2821 = EDGE_LOOP ( 'NONE', ( #1755, #1197 ) ) ;
#2822 = VECTOR ( 'NONE', #405, 1000.000000000000000 ) ;
#2823 = DIRECTION ( 'NONE',  ( 0.0000000000000000000, 0.7071067811865482400, -0.7071067811865469100 ) ) ;
#2824 = DIRECTION ( 'NONE',  ( 3.652049423109066300E-016, -0.0000000000000000000, -1.000000000000000000 ) ) ;
#2825 = LINE ( 'NONE', #2608, #6451 ) ;
#2826 = ORIENTED_EDGE ( 'NONE', *, *, #3694, .T. ) ;
#2827 = DIRECTION ( 'NONE',  ( -1.000000000000000000, 0.0000000000000000000, 0.0000000000000000000 ) ) ;
#2828 = AXIS2_PLACEMENT_3D ( 'NONE', #3357, #10221, #9332 ) ;
#2829 = ORIENTED_EDGE ( 'NONE', *, *, #4923, .F. ) ;
#2830 = CARTESIAN_POINT ( 'NONE',  ( 4.724999999999993400, 136.0000000000000000, 13.50000000000000000 ) ) ;
#2831 = ORIENTED_EDGE ( 'NONE', *, *, #4458, .T. ) ;
#2832 = CARTESIAN_POINT ( 'NONE',  ( 1.250000000000000200, 184.9466098576642100, -9.917172606141264200 ) ) ;
#2833 = FACE_BOUND ( 'NONE', #1428, .T. ) ;
#2834 = DIRECTION ( 'NONE',  ( 0.0000000000000000000, 0.0000000000000000000, -1.000000000000000000 ) ) ;
#2835 = FACE_OUTER_BOUND ( 'NONE', #2511, .T. ) ;
#2836 = EDGE_CURVE ( 'NONE', #8509, #6456, #9040, .T. ) ;
#2837 = EDGE_LOOP ( 'NONE', ( #8695, #1902, #10012, #10775 ) ) ;
#2838 = VERTEX_POINT ( 'NONE', #2750 ) ;
#2839 = DIRECTION ( 'NONE',  ( 3.652049423109066300E-016, -0.0000000000000000000, -1.000000000000000000 ) ) ;
#2840 = ORIENTED_EDGE ( 'NONE', *, *, #6584, .T. ) ;
#2841 = ORIENTED_EDGE ( 'NONE', *, *, #6437, .T. ) ;
#2842 = CARTESIAN_POINT ( 'NONE',  ( -1.249999999999999800, 59.31370849898476600, -2.024999999999999900 ) ) ;
#2843 = ORIENTED_EDGE ( 'NONE', *, *, #2326, .T. ) ;
#2844 = LINE ( 'NONE', #2560, #8547 ) ;
#2845 = AXIS2_PLACEMENT_3D ( 'NONE', #4344, #918, #143 ) ;
#2846 = LINE ( 'NONE', #5474, #578 ) ;
#2847 = DIRECTION ( 'NONE',  ( 1.000000000000000000, -0.0000000000000000000, -0.0000000000000000000 ) ) ;
#2848 = DIRECTION ( 'NONE',  ( 0.0000000000000000000, -1.000000000000000000, 0.0000000000000000000 ) ) ;
#2849 = CARTESIAN_POINT ( 'NONE',  ( 1.250000000000000200, 128.0000000000000000, 5.975000000000009400 ) ) ;
#2850 = ORIENTED_EDGE ( 'NONE', *, *, #1940, .F. ) ;
#2851 = PERSON ( 'UNSPECIFIED', 'UNSPECIFIED', 'UNSPECIFIED', ('UNSPECIFIED'), ('UNSPECIFIED'), ('UNSPECIFIED') ) ;
#2852 = ORIENTED_EDGE ( 'NONE', *, *, #5779, .T. ) ;
#2853 = VERTEX_POINT ( 'NONE', #7096 ) ;
#2854 = AXIS2_PLACEMENT_3D ( 'NONE', #6066, #6023, #867 ) ;
#2855 = ORIENTED_EDGE ( 'NONE', *, *, #10687, .T. ) ;
#2856 = CARTESIAN_POINT ( 'NONE',  ( 6.749999999999989300, 56.00000000000000700, 16.00000000000000400 ) ) ;
#2857 = FACE_OUTER_BOUND ( 'NONE', #7010, .T. ) ;
#2858 = EDGE_CURVE ( 'NONE', #7054, #2862, #6685, .T. ) ;
#2859 = DIRECTION ( 'NONE',  ( 1.000000000000000000, -0.0000000000000000000, -0.0000000000000000000 ) ) ;
#2860 = CARTESIAN_POINT ( 'NONE',  ( 4.724999999999991700, 128.0000000000000000, 16.00000000000000400 ) ) ;
#2861 = CYLINDRICAL_SURFACE ( 'NONE', #1876, 6.999999999999999100 ) ;
#2862 = VERTEX_POINT ( 'NONE', #9534 ) ;
#2863 = CARTESIAN_POINT ( 'NONE',  ( 1.250000000000000200, 38.08282739385867200, 7.053390142335810100 ) ) ;
#2864 = DIRECTION ( 'NONE',  ( 3.652049423109066300E-016, 0.0000000000000000000, -1.000000000000000000 ) ) ;
#2865 = VERTEX_POINT ( 'NONE', #6162 ) ;
#2866 = FACE_OUTER_BOUND ( 'NONE', #7165, .T. ) ;
#2867 = DIRECTION ( 'NONE',  ( 0.0000000000000000000, -0.7071067811865463500, -0.7071067811865487900 ) ) ;
#2868 = EDGE_CURVE ( 'NONE', #1601, #5023, #9836, .T. ) ;
#2869 = AXIS2_PLACEMENT_3D ( 'NONE', #5649, #3164, #4958 ) ;
#2870 = CIRCLE ( 'NONE', #10563, 2.024999999999999900 ) ;
#2871 = AXIS2_PLACEMENT_3D ( 'NONE', #8341, #6691, #3339 ) ;
#2872 = DIRECTION ( 'NONE',  ( 1.000000000000000000, -0.0000000000000000000, -0.0000000000000000000 ) ) ;
#2873 = ORIENTED_EDGE ( 'NONE', *, *, #7901, .T. ) ;
#2874 = CARTESIAN_POINT ( 'NONE',  ( 6.750000000000000900, 16.00000000000000700, -15.99999999999999600 ) ) ;
#2875 = CIRCLE ( 'NONE', #8789, 2.024999999999999900 ) ;
#2876 = ORIENTED_EDGE ( 'NONE', *, *, #7641, .F. ) ;
#2877 = ADVANCED_FACE ( 'NONE', ( #9289 ), #536, .F. ) ;
#2878 = EDGE_CURVE ( 'NONE', #3982, #6456, #4539, .T. ) ;
#2879 = CARTESIAN_POINT ( 'NONE',  ( 1.250000000000000200, 152.0000000000000000, 8.000000000000000000 ) ) ;
#2880 = CARTESIAN_POINT ( 'NONE',  ( -1.249999999999999800, 144.0000000000000000, 0.0000000000000000000 ) ) ;
#2881 = VERTEX_POINT ( 'NONE', #1294 ) ;
#2882 = VERTEX_POINT ( 'NONE', #2174 ) ;
#2883 = DIRECTION ( 'NONE',  ( -1.000000000000000000, 0.0000000000000000000, 0.0000000000000000000 ) ) ;
#2884 = ORIENTED_EDGE ( 'NONE', *, *, #10525, .F. ) ;
#2885 = VECTOR ( 'NONE', #7834, 1000.000000000000000 ) ;
#2886 = LINE ( 'NONE', #1911, #6892 ) ;
#2887 = EDGE_CURVE ( 'NONE', #2806, #8461, #4395, .T. ) ;
#2888 = CARTESIAN_POINT ( 'NONE',  ( -1.249999999999999800, 179.3137084989847900, -2.024999999999999900 ) ) ;
#2889 = AXIS2_PLACEMENT_3D ( 'NONE', #5654, #4749, #4643 ) ;
#2890 = VERTEX_POINT ( 'NONE', #8952 ) ;
#2891 = CARTESIAN_POINT ( 'NONE',  ( -1.249999999999999800, 135.5147186257614200, -8.485281374238566000 ) ) ;
#2892 = DIRECTION ( 'NONE',  ( 0.0000000000000000000, 0.0000000000000000000, -1.000000000000000000 ) ) ;
#2893 = VERTEX_POINT ( 'NONE', #2939 ) ;
#2894 = LINE ( 'NONE', #7498, #4494 ) ;
#2895 = LINE ( 'NONE', #7596, #9377 ) ;
#2896 = CARTESIAN_POINT ( 'NONE',  ( 8.774999999999998600, 32.00000000000000700, -15.99999999999999600 ) ) ;
#2897 = DIRECTION ( 'NONE',  ( 0.0000000000000000000, 0.0000000000000000000, -1.000000000000000000 ) ) ;
#2898 = CARTESIAN_POINT ( 'NONE',  ( 6.749999999999989300, 152.0000000000000300, 16.00000000000000400 ) ) ;
#2899 = VERTEX_POINT ( 'NONE', #418 ) ;
#2900 = VERTEX_POINT ( 'NONE', #4695 ) ;
#2901 = CARTESIAN_POINT ( 'NONE',  ( -1.249999999999999800, 161.4318912319027700, 9.431891231902762100 ) ) ;
#2902 = LINE ( 'NONE', #3538, #1292 ) ;
#2903 = FACE_OUTER_BOUND ( 'NONE', #7020, .T. ) ;
#2904 = DIRECTION ( 'NONE',  ( -1.000000000000000000, 0.0000000000000000000, 0.0000000000000000000 ) ) ;
#2905 = ORIENTED_EDGE ( 'NONE', *, *, #1555, .T. ) ;
#2906 = DIRECTION ( 'NONE',  ( 0.0000000000000000000, 0.0000000000000000000, -1.000000000000000000 ) ) ;
#2907 = ORIENTED_EDGE ( 'NONE', *, *, #2468, .T. ) ;
#2908 = DIRECTION ( 'NONE',  ( 0.0000000000000000000, 0.0000000000000000000, -1.000000000000000000 ) ) ;
#2909 = CYLINDRICAL_SURFACE ( 'NONE', #7298, 2.024999999999998100 ) ;
#2910 = DIRECTION ( 'NONE',  ( 1.000000000000000000, -0.0000000000000000000, -0.0000000000000000000 ) ) ;
#2911 = AXIS2_PLACEMENT_3D ( 'NONE', #6331, #9585, #2834 ) ;
#2912 = FACE_BOUND ( 'NONE', #10918, .T. ) ;
#2913 = ORIENTED_EDGE ( 'NONE', *, *, #864, .F. ) ;
#2914 = VERTEX_POINT ( 'NONE', #8917 ) ;
#2915 = EDGE_CURVE ( 'NONE', #8514, #2752, #2126, .T. ) ;
#2916 = DIRECTION ( 'NONE',  ( 3.652049423109066300E-016, -0.0000000000000000000, -1.000000000000000000 ) ) ;
#2917 = DIRECTION ( 'NONE',  ( 1.000000000000000000, -0.0000000000000000000, -0.0000000000000000000 ) ) ;
#2918 = CIRCLE ( 'NONE', #6940, 2.024999999999999000 ) ;
#2919 = DIRECTION ( 'NONE',  ( 0.0000000000000000000, -0.7071067811865463500, -0.7071067811865487900 ) ) ;
#2920 = EDGE_CURVE ( 'NONE', #5742, #6205, #797, .T. ) ;
#2921 = CARTESIAN_POINT ( 'NONE',  ( 4.724999999999991700, 136.0000000000000000, 16.00000000000000400 ) ) ;
#2922 = VECTOR ( 'NONE', #7290, 1000.000000000000000 ) ;
#2923 = ADVANCED_FACE ( 'NONE', ( #1714 ), #5066, .F. ) ;
#2924 = DIRECTION ( 'NONE',  ( 0.0000000000000000000, 0.7071067811865505700, -0.7071067811865444600 ) ) ;
#2925 = ORIENTED_EDGE ( 'NONE', *, *, #2402, .T. ) ;
#2926 = ORIENTED_EDGE ( 'NONE', *, *, #4781, .T. ) ;
#2927 = DIRECTION ( 'NONE',  ( 1.000000000000000000, -0.0000000000000000000, -0.0000000000000000000 ) ) ;
#2928 = CYLINDRICAL_SURFACE ( 'NONE', #9361, 2.024999999999998100 ) ;
#2929 = CARTESIAN_POINT ( 'NONE',  ( -1.249999999999999800, 31.05339014233581100, -9.917172606141329900 ) ) ;
#2930 = LINE ( 'NONE', #1306, #10219 ) ;
#2931 = EDGE_CURVE ( 'NONE', #2297, #10540, #8001, .T. ) ;
#2932 = FACE_OUTER_BOUND ( 'NONE', #802, .T. ) ;
#2933 = AXIS2_PLACEMENT_3D ( 'NONE', #7373, #2246, #9060 ) ;
#2934 = PLANE ( 'NONE',  #5084 ) ;
#2935 = DIRECTION ( 'NONE',  ( 1.000000000000000000, -0.0000000000000000000, -0.0000000000000000000 ) ) ;
#2936 = EDGE_CURVE ( 'NONE', #7753, #7620, #8242, .T. ) ;
#2937 = ORIENTED_EDGE ( 'NONE', *, *, #8180, .F. ) ;
#2938 = ORIENTED_EDGE ( 'NONE', *, *, #8197, .F. ) ;
#2939 = CARTESIAN_POINT ( 'NONE',  ( -1.249999999999999800, 16.94660985766420000, -9.917172606141322800 ) ) ;
#2940 = LINE ( 'NONE', #9545, #8918 ) ;
#2941 = LINE ( 'NONE', #894, #9286 ) ;
#2942 = VECTOR ( 'NONE', #5537, 1000.000000000000000 ) ;
#2943 = CARTESIAN_POINT ( 'NONE',  ( -1.249999999999999800, 109.4318912319026300, 13.43189123190273400 ) ) ;
#2944 = VERTEX_POINT ( 'NONE', #8881 ) ;
#2945 = CARTESIAN_POINT ( 'NONE',  ( -1.249999999999999800, 134.0828273938586800, -7.053390142335805600 ) ) ;
#2946 = EDGE_CURVE ( 'NONE', #9509, #5108, #2247, .T. ) ;
#2947 = AXIS2_PLACEMENT_3D ( 'NONE', #5820, #3290, #10930 ) ;
#2948 = DIRECTION ( 'NONE',  ( 1.000000000000000000, 0.0000000000000000000, 0.0000000000000000000 ) ) ;
#2949 = ORIENTED_EDGE ( 'NONE', *, *, #8021, .T. ) ;
#2950 = ORIENTED_EDGE ( 'NONE', *, *, #7882, .T. ) ;
#2951 = CYLINDRICAL_SURFACE ( 'NONE', #9797, 2.025000000000004400 ) ;
#2952 = DIRECTION ( 'NONE',  ( 1.000000000000000000, -0.0000000000000000000, -0.0000000000000000000 ) ) ;
#2953 = LINE ( 'NONE', #4658, #4813 ) ;
#2954 = CARTESIAN_POINT ( 'NONE',  ( -1.249999999999999800, 10.56810876809746200, 10.56810876809731100 ) ) ;
#2955 = DIRECTION ( 'NONE',  ( 0.0000000000000000000, 0.0000000000000000000, -1.000000000000000000 ) ) ;
#2956 = EDGE_CURVE ( 'NONE', #8693, #8764, #11002, .T. ) ;
#2957 = EDGE_LOOP ( 'NONE', ( #180, #8388, #3776, #3099 ) ) ;
#2958 = DIRECTION ( 'NONE',  ( 1.000000000000000000, -0.0000000000000000000, 0.0000000000000000000 ) ) ;
#2959 = ORIENTED_EDGE ( 'NONE', *, *, #2878, .F. ) ;
#2960 = FACE_OUTER_BOUND ( 'NONE', #2430, .T. ) ;
#2961 = VERTEX_POINT ( 'NONE', #3713 ) ;
#2962 = LINE ( 'NONE', #8679, #2974 ) ;
#2963 = EDGE_CURVE ( 'NONE', #4842, #8314, #1993, .T. ) ;
#2964 = CARTESIAN_POINT ( 'NONE',  ( 6.749999999999990200, 64.00000000000000000, 13.50000000000000000 ) ) ;
#2965 = FACE_OUTER_BOUND ( 'NONE', #6204, .T. ) ;
#2966 = CARTESIAN_POINT ( 'NONE',  ( 6.749999999999989300, 64.00000000000000000, 16.00000000000000400 ) ) ;
#2967 = CARTESIAN_POINT ( 'NONE',  ( -1.249999999999999800, 15.51471862576143900, -8.485281374238566000 ) ) ;
#2968 = VERTEX_POINT ( 'NONE', #5458 ) ;
#2969 = EDGE_LOOP ( 'NONE', ( #10022, #2796, #2268, #3327, #2046 ) ) ;
#2970 = EDGE_LOOP ( 'NONE', ( #2411, #9902 ) ) ;
#2971 = ORIENTED_EDGE ( 'NONE', *, *, #3283, .T. ) ;
#2972 = CARTESIAN_POINT ( 'NONE',  ( 1.250000000000000200, 96.00000000000000000, 0.0000000000000000000 ) ) ;
#2973 = FACE_OUTER_BOUND ( 'NONE', #5198, .T. ) ;
#2974 = VECTOR ( 'NONE', #9326, 1000.000000000000000 ) ;
#2975 = AXIS2_PLACEMENT_3D ( 'NONE', #4528, #4407, #286 ) ;
#2976 = ORIENTED_EDGE ( 'NONE', *, *, #4278, .F. ) ;
#2977 = CARTESIAN_POINT ( 'NONE',  ( -1.249999999999999800, 134.5681087680972300, 6.568108768097240500 ) ) ;
#2978 = EDGE_LOOP ( 'NONE', ( #4603, #6454, #8533, #7556 ) ) ;
#2979 = ADVANCED_FACE ( 'NONE', ( #8782 ), #7172, .T. ) ;
#2980 = ORIENTED_EDGE ( 'NONE', *, *, #7190, .T. ) ;
#2981 = EDGE_LOOP ( 'NONE', ( #10, #6157, #7926, #10161 ) ) ;
#2982 = EDGE_CURVE ( 'NONE', #9917, #3788, #6294, .T. ) ;
#2983 = LINE ( 'NONE', #9349, #4855 ) ;
#2984 = CARTESIAN_POINT ( 'NONE',  ( -1.249999999999999800, 120.0000000000000000, 2.024999999999999900 ) ) ;
#2985 = EDGE_CURVE ( 'NONE', #6314, #10070, #6546, .T. ) ;
#2986 = DIRECTION ( 'NONE',  ( 0.0000000000000000000, 0.7071067811865487900, -0.7071067811865463500 ) ) ;
#2987 = DIRECTION ( 'NONE',  ( 0.0000000000000000000, 0.0000000000000000000, -1.000000000000000000 ) ) ;
#2988 = ORIENTED_EDGE ( 'NONE', *, *, #3337, .F. ) ;
#2989 = ORIENTED_EDGE ( 'NONE', *, *, #504, .T. ) ;
#2990 = EDGE_LOOP ( 'NONE', ( #9084, #4595, #2988, #7768 ) ) ;
#2991 = CARTESIAN_POINT ( 'NONE',  ( 8.774999999999987900, 64.00000000000000000, 16.00000000000000400 ) ) ;
#2992 = CARTESIAN_POINT ( 'NONE',  ( -1.250000000000001100, 182.0828273938586800, 7.053390142335831400 ) ) ;
#2993 = CARTESIAN_POINT ( 'NONE',  ( 4.725000000000003200, 104.0000000000000100, -15.99999999999999600 ) ) ;
#2994 = CARTESIAN_POINT ( 'NONE',  ( 8.774999999999987900, 8.000000000000007100, 13.50000000000000000 ) ) ;
#2995 = EDGE_CURVE ( 'NONE', #5082, #7455, #6002, .T. ) ;
#2996 = VECTOR ( 'NONE', #7376, 1000.000000000000000 ) ;
#2997 = ORIENTED_EDGE ( 'NONE', *, *, #1656, .F. ) ;
#2998 = AXIS2_PLACEMENT_3D ( 'NONE', #6738, #763, #7579 ) ;
#2999 = DIRECTION ( 'NONE',  ( 1.000000000000000000, 0.0000000000000000000, 0.0000000000000000000 ) ) ;
#3000 = DIRECTION ( 'NONE',  ( 1.000000000000000000, -0.0000000000000000000, -0.0000000000000000000 ) ) ;
#3001 = EDGE_CURVE ( 'NONE', #1132, #6250, #1860, .T. ) ;
#3002 = ORIENTED_EDGE ( 'NONE', *, *, #1980, .F. ) ;
#3003 = ORIENTED_EDGE ( 'NONE', *, *, #2717, .T. ) ;
#3004 = ORIENTED_EDGE ( 'NONE', *, *, #10792, .F. ) ;
#3005 = LINE ( 'NONE', #3433, #5562 ) ;
#3006 = ORIENTED_EDGE ( 'NONE', *, *, #2815, .F. ) ;
#3007 = DIRECTION ( 'NONE',  ( 1.000000000000000000, 0.0000000000000000000, 0.0000000000000000000 ) ) ;
#3008 = VECTOR ( 'NONE', #2406, 1000.000000000000000 ) ;
#3009 = DIRECTION ( 'NONE',  ( 1.000000000000000000, -0.0000000000000000000, -0.0000000000000000000 ) ) ;
#3010 = EDGE_CURVE ( 'NONE', #4939, #4698, #2802, .T. ) ;
#3011 = AXIS2_PLACEMENT_3D ( 'NONE', #4043, #4922, #10837 ) ;
#3012 = ORIENTED_EDGE ( 'NONE', *, *, #10215, .F. ) ;
#3013 = ORIENTED_EDGE ( 'NONE', *, *, #10735, .T. ) ;
#3014 = AXIS2_PLACEMENT_3D ( 'NONE', #8227, #5655, #673 ) ;
#3015 = DIRECTION ( 'NONE',  ( -1.000000000000000000, 0.0000000000000000000, -3.652049423109066800E-016 ) ) ;
#3016 = CARTESIAN_POINT ( 'NONE',  ( 6.749999999999989300, 88.00000000000002800, 16.00000000000000400 ) ) ;
#3017 = LINE ( 'NONE', #3862, #3263 ) ;
#3018 = CARTESIAN_POINT ( 'NONE',  ( -1.249999999999999800, 126.5681087680972300, 9.431891231902756800 ) ) ;
#3019 = CIRCLE ( 'NONE', #9058, 2.024999999999997200 ) ;
#3020 = ORIENTED_EDGE ( 'NONE', *, *, #10258, .T. ) ;
#3021 = ORIENTED_EDGE ( 'NONE', *, *, #6791, .F. ) ;
#3022 = CARTESIAN_POINT ( 'NONE',  ( 8.774999999999987900, 56.00000000000000700, 13.50000000000000000 ) ) ;
#3023 = CYLINDRICAL_SURFACE ( 'NONE', #3646, 2.024999999999999900 ) ;
#3024 = EDGE_CURVE ( 'NONE', #2249, #1979, #7090, .T. ) ;
#3025 = VECTOR ( 'NONE', #165, 1000.000000000000000 ) ;
#3026 = AXIS2_PLACEMENT_3D ( 'NONE', #5187, #7870, #6094 ) ;
#3027 = DIRECTION ( 'NONE',  ( 0.0000000000000000000, -0.7071067811865513500, 0.7071067811865436900 ) ) ;
#3028 = DIRECTION ( 'NONE',  ( 0.0000000000000000000, 0.0000000000000000000, -1.000000000000000000 ) ) ;
#3029 = ORIENTED_EDGE ( 'NONE', *, *, #3463, .T. ) ;
#3031 = ADVANCED_FACE ( 'NONE', ( #7338 ), #137, .F. ) ;
#3030 = ORIENTED_EDGE ( 'NONE', *, *, #8134, .T. ) ;
#3032 = LINE ( 'NONE', #7159, #103 ) ;
#3033 = CARTESIAN_POINT ( 'NONE',  ( 6.749999999999989300, 96.00000000000000000, 16.00000000000000400 ) ) ;
#3034 = VECTOR ( 'NONE', #6095, 1000.000000000000000 ) ;
#3035 = ORIENTED_EDGE ( 'NONE', *, *, #9046, .T. ) ;
#3036 = ORIENTED_EDGE ( 'NONE', *, *, #6729, .T. ) ;
#3037 = VERTEX_POINT ( 'NONE', #2208 ) ;
#3038 = FACE_BOUND ( 'NONE', #8188, .T. ) ;
#3039 = ADVANCED_FACE ( 'NONE', ( #1454 ), #2386, .F. ) ;
#3040 = CARTESIAN_POINT ( 'NONE',  ( 1.250000000000000200, 48.00000000000000000, 0.0000000000000000000 ) ) ;
#3041 = EDGE_CURVE ( 'NONE', #5920, #844, #4240, .T. ) ;
#3042 = FACE_BOUND ( 'NONE', #8222, .T. ) ;
#3043 = CARTESIAN_POINT ( 'NONE',  ( -1.249999999999999800, 38.08282739385867200, 7.053390142335810100 ) ) ;
#3044 = VERTEX_POINT ( 'NONE', #8278 ) ;
#3045 = VERTEX_POINT ( 'NONE', #3891 ) ;
#3046 = DIRECTION ( 'NONE',  ( 0.0000000000000000000, 0.7071067811865424700, -0.7071067811865526800 ) ) ;
#3047 = AXIS2_PLACEMENT_3D ( 'NONE', #2398, #2436, #883 ) ;
#3048 = VECTOR ( 'NONE', #6902, 1000.000000000000000 ) ;
#3049 = DIRECTION ( 'NONE',  ( 1.000000000000000000, -0.0000000000000000000, -0.0000000000000000000 ) ) ;
#3050 = CYLINDRICAL_SURFACE ( 'NONE', #8922, 2.024999999999998100 ) ;
#3051 = DIRECTION ( 'NONE',  ( 0.0000000000000000000, 0.0000000000000000000, -1.000000000000000000 ) ) ;
#3052 = AXIS2_PLACEMENT_3D ( 'NONE', #10556, #8959, #6362 ) ;
#3053 = VERTEX_POINT ( 'NONE', #589 ) ;
#3054 = DIRECTION ( 'NONE',  ( 1.000000000000000000, -0.0000000000000000000, 0.0000000000000000000 ) ) ;
#3055 = EDGE_LOOP ( 'NONE', ( #3379, #8406 ) ) ;
#3056 = PLANE ( 'NONE',  #18 ) ;
#3057 = FACE_OUTER_BOUND ( 'NONE', #6834, .T. ) ;
#3058 = EDGE_CURVE ( 'NONE', #7729, #2162, #921, .T. ) ;
#3059 = VECTOR ( 'NONE', #3498, 1000.000000000000100 ) ;
#3060 = VECTOR ( 'NONE', #6360, 1000.000000000000000 ) ;
#3061 = ORIENTED_EDGE ( 'NONE', *, *, #8197, .T. ) ;
#3062 = DIRECTION ( 'NONE',  ( 0.0000000000000000000, -1.000000000000000000, 0.0000000000000000000 ) ) ;
#3063 = CARTESIAN_POINT ( 'NONE',  ( -1.249999999999999800, 160.9466098576642100, 9.917172606141328100 ) ) ;
#3064 = EDGE_LOOP ( 'NONE', ( #10425, #1031, #4244, #473 ) ) ;
#3065 = ORIENTED_EDGE ( 'NONE', *, *, #5743, .T. ) ;
#3066 = FACE_BOUND ( 'NONE', #9517, .T. ) ;
#3067 = EDGE_CURVE ( 'NONE', #6712, #8896, #660, .T. ) ;
#3068 = AXIS2_PLACEMENT_3D ( 'NONE', #2765, #82, #976 ) ;
#3069 = AXIS2_PLACEMENT_3D ( 'NONE', #3016, #9021, #7412 ) ;
#3070 = CARTESIAN_POINT ( 'NONE',  ( 6.749999999999989300, 144.0000000000000300, 16.00000000000000400 ) ) ;
#3071 = VECTOR ( 'NONE', #6606, 1000.000000000000000 ) ;
#3072 = VERTEX_POINT ( 'NONE', #4797 ) ;
#3073 = EDGE_CURVE ( 'NONE', #6126, #4380, #5206, .T. ) ;
#3074 = DIRECTION ( 'NONE',  ( 0.0000000000000000000, 0.7071067811865436900, 0.7071067811865513500 ) ) ;
#3075 = VERTEX_POINT ( 'NONE', #9017 ) ;
#3076 = EDGE_LOOP ( 'NONE', ( #4389, #3944, #3764, #8717 ) ) ;
#3077 = CARTESIAN_POINT ( 'NONE',  ( -1.249999999999999800, 12.68629150101524100, 2.024999999999999900 ) ) ;
#3078 = LINE ( 'NONE', #1098, #10238 ) ;
#3079 = ADVANCED_FACE ( 'NONE', ( #7867 ), #5613, .F. ) ;
#3080 = CARTESIAN_POINT ( 'NONE',  ( -1.249999999999999800, 56.48528137423856100, 8.485281374238569500 ) ) ;
#3081 = LINE ( 'NONE', #6108, #5523 ) ;
#3082 = EDGE_CURVE ( 'NONE', #1985, #3840, #7464, .T. ) ;
#3083 = ORIENTED_EDGE ( 'NONE', *, *, #7978, .T. ) ;
#3084 = AXIS2_PLACEMENT_3D ( 'NONE', #5791, #9142, #3160 ) ;
#3085 = DIRECTION ( 'NONE',  ( 0.0000000000000000000, 0.0000000000000000000, -1.000000000000000000 ) ) ;
#3086 = VERTEX_POINT ( 'NONE', #3922 ) ;
#3087 = VERTEX_POINT ( 'NONE', #1432 ) ;
#3088 = DIRECTION ( 'NONE',  ( 1.000000000000000000, -0.0000000000000000000, 0.0000000000000000000 ) ) ;
#3089 = ORIENTED_EDGE ( 'NONE', *, *, #3778, .T. ) ;
#3090 = DIRECTION ( 'NONE',  ( 0.0000000000000000000, 0.0000000000000000000, -1.000000000000000000 ) ) ;
#3091 = VECTOR ( 'NONE', #10340, 1000.000000000000000 ) ;
#3092 = DIRECTION ( 'NONE',  ( 1.000000000000000000, -0.0000000000000000000, -0.0000000000000000000 ) ) ;
#3093 = LINE ( 'NONE', #4415, #7628 ) ;
#3094 = ADVANCED_FACE ( 'NONE', ( #9164 ), #10715, .F. ) ;
#3095 = DIRECTION ( 'NONE',  ( 0.0000000000000000000, 0.7071067811865469100, 0.7071067811865482400 ) ) ;
#3096 = CARTESIAN_POINT ( 'NONE',  ( -1.249999999999999800, 55.05339014233580700, 9.917172606141322800 ) ) ;
#3097 = DIRECTION ( 'NONE',  ( 0.0000000000000000000, 0.0000000000000000000, -1.000000000000000000 ) ) ;
#3098 = ORIENTED_EDGE ( 'NONE', *, *, #399, .T. ) ;
#3099 = ORIENTED_EDGE ( 'NONE', *, *, #7450, .F. ) ;
#3100 = EDGE_CURVE ( 'NONE', #10543, #7983, #8120, .T. ) ;
#3101 = DIRECTION ( 'NONE',  ( 1.000000000000000000, -0.0000000000000000000, -0.0000000000000000000 ) ) ;
#3102 = VERTEX_POINT ( 'NONE', #10041 ) ;
#3103 = CARTESIAN_POINT ( 'NONE',  ( -1.249999999999999800, 34.56810876809729600, -10.56810876809726100 ) ) ;
#3104 = LINE ( 'NONE', #9794, #9973 ) ;
#3105 = VERTEX_POINT ( 'NONE', #2353 ) ;
#3106 = VERTEX_POINT ( 'NONE', #10112 ) ;
#3107 = ORIENTED_EDGE ( 'NONE', *, *, #2798, .F. ) ;
#3108 = VERTEX_POINT ( 'NONE', #6494 ) ;
#3109 = DIRECTION ( 'NONE',  ( 3.652049423109066300E-016, -0.0000000000000000000, -1.000000000000000000 ) ) ;
#3110 = AXIS2_PLACEMENT_3D ( 'NONE', #1103, #3465, #9404 ) ;
#3111 = CARTESIAN_POINT ( 'NONE',  ( 1.250000000000000200, 153.9171726061412900, 7.053390142335807400 ) ) ;
#3112 = CIRCLE ( 'NONE', #10048, 2.024999999999998100 ) ;
#3113 = ORIENTED_EDGE ( 'NONE', *, *, #4930, .T. ) ;
#3114 = CARTESIAN_POINT ( 'NONE',  ( -46.75000000000000000, 6.568108768097243200, 9.431891231902760400 ) ) ;
#3115 = EDGE_CURVE ( 'NONE', #9116, #4555, #7078, .T. ) ;
#3116 = DIRECTION ( 'NONE',  ( 1.000000000000000000, 0.0000000000000000000, 0.0000000000000000000 ) ) ;
#3117 = ORIENTED_EDGE ( 'NONE', *, *, #3296, .F. ) ;
#3118 = VERTEX_POINT ( 'NONE', #3361 ) ;
#3119 = EDGE_CURVE ( 'NONE', #8741, #4940, #3308, .T. ) ;
#3120 = APPROVAL_DATE_TIME ( #4042, #4874 ) ;
#3121 = CARTESIAN_POINT ( 'NONE',  ( 8.774999999999987900, 184.0000000000000000, 13.50000000000000000 ) ) ;
#3122 = ORIENTED_EDGE ( 'NONE', *, *, #2090, .T. ) ;
#3123 = LINE ( 'NONE', #3807, #603 ) ;
#3124 = VERTEX_POINT ( 'NONE', #3320 ) ;
#3125 = CARTESIAN_POINT ( 'NONE',  ( 1.250000000000000200, 8.485281374238571300, -8.485281374238566000 ) ) ;
#3126 = CARTESIAN_POINT ( 'NONE',  ( 8.774999999999987900, 168.0000000000000000, 16.00000000000000400 ) ) ;
#3127 = ORIENTED_EDGE ( 'NONE', *, *, #5855, .F. ) ;
#3128 = DIRECTION ( 'NONE',  ( 1.000000000000000000, -0.0000000000000000000, 0.0000000000000000000 ) ) ;
#3129 = CARTESIAN_POINT ( 'NONE',  ( 6.749999999999989300, 160.0000000000000000, 16.00000000000000400 ) ) ;
#3130 = VERTEX_POINT ( 'NONE', #9232 ) ;
#3131 = EDGE_CURVE ( 'NONE', #7747, #518, #8913, .T. ) ;
#3132 = AXIS2_PLACEMENT_3D ( 'NONE', #8956, #4467, #220 ) ;
#3133 = CYLINDRICAL_SURFACE ( 'NONE', #6959, 2.024999999999990100 ) ;
#3134 = ADVANCED_FACE ( 'NONE', ( #5056 ), #7727, .F. ) ;
#3135 = AXIS2_PLACEMENT_3D ( 'NONE', #7079, #9562, #6194 ) ;
#3136 = CARTESIAN_POINT ( 'NONE',  ( 1.250000000000000200, 104.4852813742385800, -8.485281374238564200 ) ) ;
#3137 = LINE ( 'NONE', #9328, #4623 ) ;
#3138 = EDGE_CURVE ( 'NONE', #1639, #8288, #1059, .T. ) ;
#3139 = ORIENTED_EDGE ( 'NONE', *, *, #5796, .T. ) ;
#3140 = ORIENTED_EDGE ( 'NONE', *, *, #8340, .T. ) ;
#3141 = CARTESIAN_POINT ( 'NONE',  ( -1.249999999999999800, 15.51471862576143900, -8.485281374238566000 ) ) ;
#3142 = CARTESIAN_POINT ( 'NONE',  ( 4.725000000000001400, 120.0000000000000300, -13.50000000000000200 ) ) ;
#3143 = CYLINDRICAL_SURFACE ( 'NONE', #3570, 2.025000000000004400 ) ;
#3144 = CIRCLE ( 'NONE', #6258, 2.024999999999998100 ) ;
#3145 = ADVANCED_FACE ( 'NONE', ( #6675 ), #1200, .F. ) ;
#3146 = CARTESIAN_POINT ( 'NONE',  ( -1.249999999999999800, 109.4318912319027800, -13.43189123190275300 ) ) ;
#3147 = EDGE_CURVE ( 'NONE', #1430, #4165, #1323, .T. ) ;
#3148 = AXIS2_PLACEMENT_3D ( 'NONE', #1221, #340, #5341 ) ;
#3149 = AXIS2_PLACEMENT_3D ( 'NONE', #1082, #7062, #9544 ) ;
#3150 = CARTESIAN_POINT ( 'NONE',  ( 1.250000000000000200, 155.3137084989847700, 0.0000000000000000000 ) ) ;
#3151 = ORIENTED_EDGE ( 'NONE', *, *, #3999, .F. ) ;
#3152 = LINE ( 'NONE', #7715, #626 ) ;
#3153 = DIRECTION ( 'NONE',  ( 0.0000000000000000000, 0.0000000000000000000, -1.000000000000000000 ) ) ;
#3154 = CIRCLE ( 'NONE', #9780, 2.025000000000000800 ) ;
#3155 = EDGE_CURVE ( 'NONE', #9619, #377, #6941, .T. ) ;
#3156 = DIRECTION ( 'NONE',  ( 0.0000000000000000000, 0.0000000000000000000, -1.000000000000000000 ) ) ;
#3157 = EDGE_LOOP ( 'NONE', ( #3355, #1766, #5958, #9068 ) ) ;
#3158 = ORIENTED_EDGE ( 'NONE', *, *, #2915, .T. ) ;
#3159 = EDGE_CURVE ( 'NONE', #2171, #862, #9823, .T. ) ;
#3160 = DIRECTION ( 'NONE',  ( 0.0000000000000000000, 0.0000000000000000000, -1.000000000000000000 ) ) ;
#3161 = CYLINDRICAL_SURFACE ( 'NONE', #4052, 2.024999999999990100 ) ;
#3162 = CARTESIAN_POINT ( 'NONE',  ( -46.75000000000000000, 182.0828273938586800, -7.053390142335747000 ) ) ;
#3163 = VECTOR ( 'NONE', #5829, 1000.000000000000000 ) ;
#3164 = DIRECTION ( 'NONE',  ( 3.652049423109066300E-016, -0.0000000000000000000, -1.000000000000000000 ) ) ;
#3165 = ORIENTED_EDGE ( 'NONE', *, *, #2347, .F. ) ;
#3166 = ORIENTED_EDGE ( 'NONE', *, *, #8761, .T. ) ;
#3167 = CARTESIAN_POINT ( 'NONE',  ( 6.750000000000000000, 56.00000000000000700, -13.50000000000000200 ) ) ;
#3168 = CYLINDRICAL_SURFACE ( 'NONE', #1219, 6.999999999999999100 ) ;
#3169 = AXIS2_PLACEMENT_3D ( 'NONE', #1502, #10002, #10852 ) ;
#3170 = CIRCLE ( 'NONE', #10419, 2.024999999999990100 ) ;
#3171 = DIRECTION ( 'NONE',  ( 1.000000000000000000, -0.0000000000000000000, -0.0000000000000000000 ) ) ;
#3172 = DIRECTION ( 'NONE',  ( -1.000000000000000000, 0.0000000000000000000, 0.0000000000000000000 ) ) ;
#3173 = EDGE_LOOP ( 'NONE', ( #9991, #8248, #9076, #293, #9709 ) ) ;
#3174 = ORIENTED_EDGE ( 'NONE', *, *, #5504, .T. ) ;
#3175 = EDGE_CURVE ( 'NONE', #5483, #6999, #2376, .T. ) ;
#3176 = CYLINDRICAL_SURFACE ( 'NONE', #7476, 2.025000000000000800 ) ;
#3177 = ORIENTED_EDGE ( 'NONE', *, *, #1611, .T. ) ;
#3178 = FACE_OUTER_BOUND ( 'NONE', #6856, .T. ) ;
#3179 = CARTESIAN_POINT ( 'NONE',  ( 1.250000000000000200, 185.4318912319027400, -9.431891231902744400 ) ) ;
#3180 = VECTOR ( 'NONE', #8387, 1000.000000000000000 ) ;
#3181 = ADVANCED_FACE ( 'NONE', ( #9561 ), #7618, .F. ) ;
#3182 = DIRECTION ( 'NONE',  ( 3.652049423109066300E-016, 0.0000000000000000000, -1.000000000000000000 ) ) ;
#3183 = ORIENTED_EDGE ( 'NONE', *, *, #4846, .F. ) ;
#3184 = AXIS2_PLACEMENT_3D ( 'NONE', #3187, #7316, #846 ) ;
#3185 = ORIENTED_EDGE ( 'NONE', *, *, #2326, .F. ) ;
#3186 = CYLINDRICAL_SURFACE ( 'NONE', #7684, 2.025000000000004400 ) ;
#3187 = CARTESIAN_POINT ( 'NONE',  ( -1.249999999999999800, 80.00000000000000000, -7.999999999999994700 ) ) ;
#3188 = CIRCLE ( 'NONE', #3827, 2.025000000000002600 ) ;
#3189 = EDGE_CURVE ( 'NONE', #1984, #7775, #6144, .T. ) ;
#3190 = VECTOR ( 'NONE', #4879, 1000.000000000000000 ) ;
#3191 = AXIS2_PLACEMENT_3D ( 'NONE', #170, #6145, #1022 ) ;
#3192 = ADVANCED_FACE ( 'NONE', ( #2932 ), #7586, .F. ) ;
#3193 = DIRECTION ( 'NONE',  ( 0.0000000000000000000, 0.0000000000000000000, -1.000000000000000000 ) ) ;
#3194 = EDGE_CURVE ( 'NONE', #7608, #9877, #5348, .T. ) ;
#3195 = VERTEX_POINT ( 'NONE', #1924 ) ;
#3196 = CARTESIAN_POINT ( 'NONE',  ( -1.249999999999999800, 57.91717260614134200, -7.053390142335809200 ) ) ;
#3197 = ORIENTED_EDGE ( 'NONE', *, *, #374, .F. ) ;
#3198 = FACE_BOUND ( 'NONE', #2139, .T. ) ;
#3199 = DIRECTION ( 'NONE',  ( 3.652049423109066300E-016, -0.0000000000000000000, -1.000000000000000000 ) ) ;
#3200 = VECTOR ( 'NONE', #1039, 1000.000000000000000 ) ;
#3201 = PLANE ( 'NONE',  #10736 ) ;
#3202 = CARTESIAN_POINT ( 'NONE',  ( -1.249999999999999800, 13.43189123190266600, 13.43189123190281200 ) ) ;
#3203 = ORIENTED_EDGE ( 'NONE', *, *, #9803, .F. ) ;
#3204 = EDGE_CURVE ( 'NONE', #6505, #7344, #788, .T. ) ;
#3205 = AXIS2_PLACEMENT_3D ( 'NONE', #4354, #3450, #6013 ) ;
#3206 = ORIENTED_EDGE ( 'NONE', *, *, #10381, .T. ) ;
#3207 = AXIS2_PLACEMENT_3D ( 'NONE', #10472, #9645, #1066 ) ;
#3208 = FACE_BOUND ( 'NONE', #6850, .T. ) ;
#3209 = DIRECTION ( 'NONE',  ( 0.0000000000000000000, 0.0000000000000000000, -1.000000000000000000 ) ) ;
#3210 = ORIENTED_EDGE ( 'NONE', *, *, #7046, .T. ) ;
#3211 = CARTESIAN_POINT ( 'NONE',  ( -1.249999999999999800, 155.3137084989847700, 2.024999999999999900 ) ) ;
#3212 = LINE ( 'NONE', #10185, #1248 ) ;
#3213 = VECTOR ( 'NONE', #10345, 1000.000000000000000 ) ;
#3214 = CARTESIAN_POINT ( 'NONE',  ( -1.249999999999999800, 10.56810876809722000, -10.56810876809725700 ) ) ;
#3215 = ORIENTED_EDGE ( 'NONE', *, *, #4464, .T. ) ;
#3216 = DIRECTION ( 'NONE',  ( 0.0000000000000000000, 0.0000000000000000000, -1.000000000000000000 ) ) ;
#3217 = EDGE_LOOP ( 'NONE', ( #199, #4543, #5942, #7332, #10795 ) ) ;
#3218 = ORIENTED_EDGE ( 'NONE', *, *, #899, .T. ) ;
#3219 = DIRECTION ( 'NONE',  ( 0.0000000000000000000, -0.7071067811865444600, -0.7071067811865505700 ) ) ;
#3220 = EDGE_LOOP ( 'NONE', ( #6389, #5030, #9552, #4035 ) ) ;
#3221 = ORIENTED_EDGE ( 'NONE', *, *, #8180, .T. ) ;
#3222 = CYLINDRICAL_SURFACE ( 'NONE', #4410, 2.025000000000000800 ) ;
#3223 = EDGE_CURVE ( 'NONE', #2862, #6820, #10876, .T. ) ;
#3224 = VECTOR ( 'NONE', #5256, 1000.000000000000000 ) ;
#3225 = AXIS2_PLACEMENT_3D ( 'NONE', #5203, #2807, #1171 ) ;
#3226 = DIRECTION ( 'NONE',  ( 0.0000000000000000000, -0.7071067811865450200, -0.7071067811865500200 ) ) ;
#3227 = ORIENTED_EDGE ( 'NONE', *, *, #1997, .F. ) ;
#3228 = VERTEX_POINT ( 'NONE', #1880 ) ;
#3229 = VERTEX_POINT ( 'NONE', #7897 ) ;
#3230 = ORIENTED_EDGE ( 'NONE', *, *, #6000, .F. ) ;
#3231 = DIRECTION ( 'NONE',  ( -1.000000000000000000, 0.0000000000000000000, 0.0000000000000000000 ) ) ;
#3232 = DIRECTION ( 'NONE',  ( 0.0000000000000000000, 0.0000000000000000000, -1.000000000000000000 ) ) ;
#3233 = LINE ( 'NONE', #6217, #460 ) ;
#3234 = DIRECTION ( 'NONE',  ( 0.0000000000000000000, 1.000000000000000000, -0.0000000000000000000 ) ) ;
#3235 = DIRECTION ( 'NONE',  ( -1.000000000000000000, 0.0000000000000000000, 0.0000000000000000000 ) ) ;
#3236 = FACE_OUTER_BOUND ( 'NONE', #6715, .T. ) ;
#3237 = ORIENTED_EDGE ( 'NONE', *, *, #9526, .F. ) ;
#3238 = ADVANCED_FACE ( 'NONE', ( #5487 ), #7219, .F. ) ;
#3239 = ORIENTED_EDGE ( 'NONE', *, *, #9535, .F. ) ;
#3240 = CARTESIAN_POINT ( 'NONE',  ( 8.774999999999987900, 16.00000000000000700, 16.00000000000000400 ) ) ;
#3241 = DIRECTION ( 'NONE',  ( 0.0000000000000000000, 0.0000000000000000000, -1.000000000000000000 ) ) ;
#3242 = ORIENTED_EDGE ( 'NONE', *, *, #5988, .T. ) ;
#3243 = LINE ( 'NONE', #8654, #5679 ) ;
#3244 = CARTESIAN_POINT ( 'NONE',  ( 1.250000000000000200, 129.9171726061413200, 7.053390142335828700 ) ) ;
#3245 = CIRCLE ( 'NONE', #8303, 2.025000000000000800 ) ;
#3246 = EDGE_LOOP ( 'NONE', ( #6060, #6364, #10547, #5843 ) ) ;
#3247 = ADVANCED_FACE ( 'NONE', ( #8640 ), #3050, .F. ) ;
#3248 = CARTESIAN_POINT ( 'NONE',  ( -1.249999999999999800, 14.56810876809723800, 6.568108768097240500 ) ) ;
#3249 = ORIENTED_EDGE ( 'NONE', *, *, #547, .T. ) ;
#3250 = AXIS2_PLACEMENT_3D ( 'NONE', #7794, #6829, #9506 ) ;
#3251 = ORIENTED_EDGE ( 'NONE', *, *, #6310, .F. ) ;
#3252 = DIRECTION ( 'NONE',  ( -1.000000000000000000, 0.0000000000000000000, -0.0000000000000000000 ) ) ;
#3253 = CIRCLE ( 'NONE', #1434, 6.999999999999999100 ) ;
#3254 = CARTESIAN_POINT ( 'NONE',  ( -1.249999999999999800, 0.0000000000000000000, 2.024999999999999900 ) ) ;
#3255 = EDGE_LOOP ( 'NONE', ( #2316, #168, #3812, #8434 ) ) ;
#3256 = CYLINDRICAL_SURFACE ( 'NONE', #6681, 2.024999999999999900 ) ;
#3257 = AXIS2_PLACEMENT_3D ( 'NONE', #8587, #4476, #924 ) ;
#3258 = CARTESIAN_POINT ( 'NONE',  ( 1.250000000000000200, 112.0000000000000100, -7.999999999999996400 ) ) ;
#3259 = EDGE_CURVE ( 'NONE', #518, #2627, #414, .T. ) ;
#3260 = CARTESIAN_POINT ( 'NONE',  ( 8.774999999999987900, 184.0000000000000000, 16.00000000000000400 ) ) ;
#3261 = EDGE_LOOP ( 'NONE', ( #6032, #3203, #9015, #5014 ) ) ;
#3262 = ORIENTED_EDGE ( 'NONE', *, *, #3223, .T. ) ;
#3263 = VECTOR ( 'NONE', #7216, 1000.000000000000000 ) ;
#3264 = VECTOR ( 'NONE', #3092, 1000.000000000000000 ) ;
#3265 = DIRECTION ( 'NONE',  ( -1.000000000000000000, 0.0000000000000000000, -0.0000000000000000000 ) ) ;
#3266 = DIRECTION ( 'NONE',  ( 0.0000000000000000000, -0.7071067811865450200, -0.7071067811865500200 ) ) ;
#3267 = DIRECTION ( 'NONE',  ( 3.652049423109066300E-016, -0.0000000000000000000, -1.000000000000000000 ) ) ;
#3268 = DIRECTION ( 'NONE',  ( 0.0000000000000000000, 0.0000000000000000000, 1.000000000000000000 ) ) ;
#3269 = EDGE_CURVE ( 'NONE', #247, #9051, #2790, .T. ) ;
#3270 = AXIS2_PLACEMENT_3D ( 'NONE', #3033, #5664, #8103 ) ;
#3271 = DIRECTION ( 'NONE',  ( 0.0000000000000000000, 0.0000000000000000000, -1.000000000000000000 ) ) ;
#3272 = ORIENTED_EDGE ( 'NONE', *, *, #10132, .F. ) ;
#3273 = CARTESIAN_POINT ( 'NONE',  ( -1.249999999999999800, 129.9171726061413200, 7.053390142335818100 ) ) ;
#3274 = FACE_OUTER_BOUND ( 'NONE', #3261, .T. ) ;
#3275 = DIRECTION ( 'NONE',  ( 0.0000000000000000000, 0.0000000000000000000, -1.000000000000000000 ) ) ;
#3276 = EDGE_CURVE ( 'NONE', #3072, #5378, #9702, .T. ) ;
#3277 = LINE ( 'NONE', #10030, #4497 ) ;
#3278 = DIRECTION ( 'NONE',  ( 0.0000000000000000000, 0.0000000000000000000, -1.000000000000000000 ) ) ;
#3279 = CARTESIAN_POINT ( 'NONE',  ( -1.249999999999999800, 174.5681087680972600, -9.431891231902755000 ) ) ;
#3280 = CARTESIAN_POINT ( 'NONE',  ( 1.250000000000000200, 107.3137084989847800, -2.024999999999999900 ) ) ;
#3281 = VERTEX_POINT ( 'NONE', #3635 ) ;
#3282 = CIRCLE ( 'NONE', #9182, 2.024999999999999000 ) ;
#3283 = EDGE_CURVE ( 'NONE', #1729, #6776, #10076, .T. ) ;
#3284 = CIRCLE ( 'NONE', #8859, 2.024999999999997200 ) ;
#3285 = DIRECTION ( 'NONE',  ( 1.000000000000000000, 0.0000000000000000000, 0.0000000000000000000 ) ) ;
#3286 = ADVANCED_FACE ( 'NONE', ( #2117 ), #214, .F. ) ;
#3287 = DIRECTION ( 'NONE',  ( 0.0000000000000000000, -0.7071067811865450200, -0.7071067811865500200 ) ) ;
#3288 = EDGE_LOOP ( 'NONE', ( #5870, #3871, #1176, #8577 ) ) ;
#3289 = VERTEX_POINT ( 'NONE', #7012 ) ;
#3290 = DIRECTION ( 'NONE',  ( 3.652049423109066300E-016, 0.0000000000000000000, -1.000000000000000000 ) ) ;
#3291 = CIRCLE ( 'NONE', #1002, 2.024999999999990100 ) ;
#3292 = EDGE_CURVE ( 'NONE', #9275, #3087, #10630, .T. ) ;
#3293 = DIRECTION ( 'NONE',  ( 1.000000000000000000, 0.0000000000000000000, 0.0000000000000000000 ) ) ;
#3294 = FACE_BOUND ( 'NONE', #1109, .T. ) ;
#3295 = CARTESIAN_POINT ( 'NONE',  ( -1.249999999999999800, 54.56810876809724000, 9.431891231902756800 ) ) ;
#3296 = EDGE_CURVE ( 'NONE', #8559, #1325, #4791, .T. ) ;
#3297 = VERTEX_POINT ( 'NONE', #5448 ) ;
#3298 = DIRECTION ( 'NONE',  ( 0.0000000000000000000, 0.0000000000000000000, -1.000000000000000000 ) ) ;
#3300 = ADVANCED_FACE ( 'NONE', ( #7330 ), #3846, .F. ) ;
#3299 = ORIENTED_EDGE ( 'NONE', *, *, #10528, .T. ) ;
#3301 = DIRECTION ( 'NONE',  ( -1.000000000000000000, 0.0000000000000000000, 0.0000000000000000000 ) ) ;
#3302 = CARTESIAN_POINT ( 'NONE',  ( 8.774999999999998600, 8.000000000000007100, -13.50000000000000200 ) ) ;
#3303 = LINE ( 'NONE', #2231, #1708 ) ;
#3304 = DIRECTION ( 'NONE',  ( 3.652049423109066300E-016, -0.0000000000000000000, -1.000000000000000000 ) ) ;
#3305 = CARTESIAN_POINT ( 'NONE',  ( 4.725000000000003200, 160.0000000000000000, -15.99999999999999600 ) ) ;
#3306 = DIRECTION ( 'NONE',  ( -1.000000000000000000, 0.0000000000000000000, 0.0000000000000000000 ) ) ;
#3307 = LINE ( 'NONE', #10660, #1055 ) ;
#3308 = CIRCLE ( 'NONE', #5731, 2.025000000000002600 ) ;
#3309 = CARTESIAN_POINT ( 'NONE',  ( 1.250000000000000200, 104.4852813742385700, 8.485281374238569500 ) ) ;
#3310 = CARTESIAN_POINT ( 'NONE',  ( -1.249999999999999800, 72.00000000000001400, 0.0000000000000000000 ) ) ;
#3311 = ORIENTED_EDGE ( 'NONE', *, *, #118, .F. ) ;
#3312 = VERTEX_POINT ( 'NONE', #6272 ) ;
#3313 = LINE ( 'NONE', #10209, #6426 ) ;
#3314 = AXIS2_PLACEMENT_3D ( 'NONE', #6400, #1269, #1234 ) ;
#3315 = CIRCLE ( 'NONE', #427, 2.025000000000002600 ) ;
#3316 = CARTESIAN_POINT ( 'NONE',  ( -1.249999999999999800, 79.99999999999998600, 8.000000000000000000 ) ) ;
#3317 = CARTESIAN_POINT ( 'NONE',  ( -1.249999999999999800, 105.9171726061413500, -7.053390142335806500 ) ) ;
#3318 = CIRCLE ( 'NONE', #7100, 2.024999999999990100 ) ;
#3319 = ORIENTED_EDGE ( 'NONE', *, *, #7235, .T. ) ;
#3320 = CARTESIAN_POINT ( 'NONE',  ( 1.250000000000000200, 0.0000000000000000000, 13.50000000000000200 ) ) ;
#3321 = AXIS2_PLACEMENT_3D ( 'NONE', #7674, #10138, #5862 ) ;
#3322 = ORIENTED_EDGE ( 'NONE', *, *, #7739, .F. ) ;
#3323 = FACE_OUTER_BOUND ( 'NONE', #6551, .T. ) ;
#3324 = CIRCLE ( 'NONE', #7301, 2.024999999999999900 ) ;
#3325 = ORIENTED_EDGE ( 'NONE', *, *, #5517, .T. ) ;
#3326 = CARTESIAN_POINT ( 'NONE',  ( -1.249999999999999800, 32.48528137423857500, -10.51028137423856800 ) ) ;
#3327 = ORIENTED_EDGE ( 'NONE', *, *, #8209, .T. ) ;
#3328 = VERTEX_POINT ( 'NONE', #9605 ) ;
#3329 = FACE_BOUND ( 'NONE', #1742, .T. ) ;
#3330 = EDGE_CURVE ( 'NONE', #5296, #1399, #6421, .T. ) ;
#3331 = EDGE_LOOP ( 'NONE', ( #6336, #5746, #10590, #8785 ) ) ;
#3332 = AXIS2_PLACEMENT_3D ( 'NONE', #1836, #4461, #291 ) ;
#3333 = CARTESIAN_POINT ( 'NONE',  ( -1.249999999999999800, 33.91717260614131400, 7.053390142335818100 ) ) ;
#3334 = DIRECTION ( 'NONE',  ( 3.652049423109066300E-016, -0.0000000000000000000, -1.000000000000000000 ) ) ;
#3335 = LINE ( 'NONE', #4092, #10111 ) ;
#3336 = CARTESIAN_POINT ( 'NONE',  ( 6.750000000000000900, 136.0000000000000000, -15.99999999999999600 ) ) ;
#3337 = EDGE_CURVE ( 'NONE', #8531, #5841, #5866, .T. ) ;
#3338 = DIRECTION ( 'NONE',  ( 1.000000000000000000, -0.0000000000000000000, 0.0000000000000000000 ) ) ;
#3339 = DIRECTION ( 'NONE',  ( -1.000000000000000000, 0.0000000000000000000, 0.0000000000000000000 ) ) ;
#3340 = CARTESIAN_POINT ( 'NONE',  ( 6.750000000000000900, 176.0000000000000300, -15.99999999999999600 ) ) ;
#3341 = ORIENTED_EDGE ( 'NONE', *, *, #9121, .F. ) ;
#3342 = CARTESIAN_POINT ( 'NONE',  ( 1.250000000000000200, 108.6862915010152500, -2.024999999999999900 ) ) ;
#3343 = ORIENTED_EDGE ( 'NONE', *, *, #10963, .F. ) ;
#3344 = ORIENTED_EDGE ( 'NONE', *, *, #5779, .F. ) ;
#3345 = DIRECTION ( 'NONE',  ( 1.000000000000000000, -0.0000000000000000000, 0.0000000000000000000 ) ) ;
#3346 = ORIENTED_EDGE ( 'NONE', *, *, #10742, .F. ) ;
#3347 = ADVANCED_BREP_SHAPE_REPRESENTATION ( '1143-0007-0192', ( #5699, #4731 ), #7521 ) ;
#3348 = DIRECTION ( 'NONE',  ( 1.000000000000000000, 0.0000000000000000000, 0.0000000000000000000 ) ) ;
#3349 = CYLINDRICAL_SURFACE ( 'NONE', #8194, 2.024999999999990100 ) ;
#3350 = VECTOR ( 'NONE', #7403, 1000.000000000000000 ) ;
#3351 = EDGE_CURVE ( 'NONE', #7704, #1121, #2500, .T. ) ;
#3352 = AXIS2_PLACEMENT_3D ( 'NONE', #9240, #10894, #9302 ) ;
#3353 = EDGE_LOOP ( 'NONE', ( #10695, #2855, #7135, #1272 ) ) ;
#3354 = AXIS2_PLACEMENT_3D ( 'NONE', #4527, #4566, #4450 ) ;
#3355 = ORIENTED_EDGE ( 'NONE', *, *, #8397, .F. ) ;
#3356 = ORIENTED_EDGE ( 'NONE', *, *, #10401, .T. ) ;
#3357 = CARTESIAN_POINT ( 'NONE',  ( 1.250000000000000200, 144.0000000000000000, 0.0000000000000000000 ) ) ;
#3358 = ORIENTED_EDGE ( 'NONE', *, *, #2407, .T. ) ;
#3359 = EDGE_LOOP ( 'NONE', ( #4058, #2550, #9733, #4637 ) ) ;
#3360 = ADVANCED_FACE ( 'NONE', ( #523 ), #2650, .F. ) ;
#3361 = CARTESIAN_POINT ( 'NONE',  ( 8.774999999999998600, 72.00000000000001400, -13.50000000000000200 ) ) ;
#3362 = VECTOR ( 'NONE', #7713, 1000.000000000000000 ) ;
#3363 = EDGE_CURVE ( 'NONE', #9363, #1399, #126, .T. ) ;
#3364 = DIRECTION ( 'NONE',  ( 1.000000000000000000, 0.0000000000000000000, -0.0000000000000000000 ) ) ;
#3365 = DIRECTION ( 'NONE',  ( 0.0000000000000000000, 0.0000000000000000000, -1.000000000000000000 ) ) ;
#3366 = ORIENTED_EDGE ( 'NONE', *, *, #6263, .T. ) ;
#3367 = VERTEX_POINT ( 'NONE', #9721 ) ;
#3368 = DIRECTION ( 'NONE',  ( 3.652049423109066300E-016, -0.0000000000000000000, -1.000000000000000000 ) ) ;
#3369 = EDGE_CURVE ( 'NONE', #7624, #8154, #1848, .T. ) ;
#3370 = CARTESIAN_POINT ( 'NONE',  ( 8.774999999999998600, 136.0000000000000000, -15.99999999999999600 ) ) ;
#3371 = DIRECTION ( 'NONE',  ( 0.0000000000000000000, 0.0000000000000000000, -1.000000000000000000 ) ) ;
#3372 = ORIENTED_EDGE ( 'NONE', *, *, #9766, .F. ) ;
#3373 = AXIS2_PLACEMENT_3D ( 'NONE', #2083, #307, #7178 ) ;
#3374 = DIRECTION ( 'NONE',  ( 0.0000000000000000000, -0.7071067811865444600, -0.7071067811865505700 ) ) ;
#3375 = LINE ( 'NONE', #9203, #6864 ) ;
#3376 = EDGE_LOOP ( 'NONE', ( #10614, #10879 ) ) ;
#3377 = PLANE ( 'NONE',  #7167 ) ;
#3378 = DIRECTION ( 'NONE',  ( 3.652049423109066300E-016, -0.0000000000000000000, -1.000000000000000000 ) ) ;
#3379 = ORIENTED_EDGE ( 'NONE', *, *, #3519, .F. ) ;
#3380 = DIRECTION ( 'NONE',  ( 1.000000000000000000, -0.0000000000000000000, 0.0000000000000000000 ) ) ;
#3381 = PLANE ( 'NONE',  #4032 ) ;
#3382 = ORIENTED_EDGE ( 'NONE', *, *, #2868, .F. ) ;
#3383 = CARTESIAN_POINT ( 'NONE',  ( -1.250000000000001100, 9.917172606141329900, -7.053390142335807400 ) ) ;
#3384 = AXIS2_PLACEMENT_3D ( 'NONE', #7958, #8754, #10464 ) ;
#3385 = VECTOR ( 'NONE', #4299, 1000.000000000000000 ) ;
#3386 = VERTEX_POINT ( 'NONE', #263 ) ;
#3387 = VECTOR ( 'NONE', #636, 1000.000000000000000 ) ;
#3388 = ORIENTED_EDGE ( 'NONE', *, *, #7086, .T. ) ;
#3389 = EDGE_CURVE ( 'NONE', #1707, #10798, #10365, .T. ) ;
#3390 = EDGE_LOOP ( 'NONE', ( #1547, #8777, #5987, #9538 ) ) ;
#3391 = ORIENTED_EDGE ( 'NONE', *, *, #5598, .T. ) ;
#3392 = ORIENTED_EDGE ( 'NONE', *, *, #7520, .F. ) ;
#3393 = LINE ( 'NONE', #313, #5145 ) ;
#3394 = FACE_OUTER_BOUND ( 'NONE', #8298, .T. ) ;
#3395 = AXIS2_PLACEMENT_3D ( 'NONE', #7916, #9473, #4439 ) ;
#3396 = VERTEX_POINT ( 'NONE', #8028 ) ;
#3397 = CARTESIAN_POINT ( 'NONE',  ( -1.249999999999999800, 61.43189123190278900, -13.43189123190274400 ) ) ;
#3398 = VERTEX_POINT ( 'NONE', #2993 ) ;
#3399 = CIRCLE ( 'NONE', #580, 2.024999999999997200 ) ;
#3400 = AXIS2_PLACEMENT_3D ( 'NONE', #7760, #163, #939 ) ;
#3401 = CIRCLE ( 'NONE', #2570, 2.025000000000000800 ) ;
#3402 = EDGE_CURVE ( 'NONE', #10439, #1988, #7990, .T. ) ;
#3403 = DIRECTION ( 'NONE',  ( 3.652049423109066300E-016, -0.0000000000000000000, -1.000000000000000000 ) ) ;
#3404 = VERTEX_POINT ( 'NONE', #7988 ) ;
#3405 = DIRECTION ( 'NONE',  ( 0.0000000000000000000, 0.7071067811865487900, -0.7071067811865463500 ) ) ;
#3406 = LINE ( 'NONE', #5547, #92 ) ;
#3407 = ADVANCED_FACE ( 'NONE', ( #7714 ), #406, .F. ) ;
#3408 = DIRECTION ( 'NONE',  ( 3.652049423109066300E-016, -0.0000000000000000000, -1.000000000000000000 ) ) ;
#3409 = DIRECTION ( 'NONE',  ( 0.0000000000000000000, 0.0000000000000000000, -1.000000000000000000 ) ) ;
#3410 = LINE ( 'NONE', #193, #3034 ) ;
#3411 = EDGE_CURVE ( 'NONE', #6307, #1216, #9408, .T. ) ;
#3412 = AXIS2_PLACEMENT_3D ( 'NONE', #8560, #8482, #758 ) ;
#3413 = CARTESIAN_POINT ( 'NONE',  ( 1.250000000000000200, 134.0828273938586500, 7.053390142335810100 ) ) ;
#3414 = AXIS2_PLACEMENT_3D ( 'NONE', #9249, #9313, #1633 ) ;
#3415 = EDGE_LOOP ( 'NONE', ( #9754, #9753, #707, #4292 ) ) ;
#3416 = ORIENTED_EDGE ( 'NONE', *, *, #7893, .F. ) ;
#3417 = DIRECTION ( 'NONE',  ( 1.000000000000000000, -0.0000000000000000000, -0.0000000000000000000 ) ) ;
#3418 = EDGE_CURVE ( 'NONE', #2342, #3692, #5730, .T. ) ;
#3419 = CIRCLE ( 'NONE', #6585, 2.024999999999998100 ) ;
#3420 = LINE ( 'NONE', #36, #2625 ) ;
#3421 = CARTESIAN_POINT ( 'NONE',  ( 8.774999999999987900, 184.0000000000000000, 16.00000000000000400 ) ) ;
#3422 = CARTESIAN_POINT ( 'NONE',  ( 1.250000000000000200, 1.431891231902797200, 1.431891231902786800 ) ) ;
#3423 = DIRECTION ( 'NONE',  ( 1.000000000000000000, 0.0000000000000000000, 0.0000000000000000000 ) ) ;
#3424 = VERTEX_POINT ( 'NONE', #8827 ) ;
#3425 = EDGE_LOOP ( 'NONE', ( #5546, #8817, #5669, #5918 ) ) ;
#3426 = EDGE_CURVE ( 'NONE', #5389, #2505, #10993, .T. ) ;
#3427 = CC_DESIGN_PERSON_AND_ORGANIZATION_ASSIGNMENT ( #10160, #7092, ( #10339 ) ) ;
#3428 = VECTOR ( 'NONE', #5182, 1000.000000000000000 ) ;
#3429 = AXIS2_PLACEMENT_3D ( 'NONE', #2258, #7390, #567 ) ;
#3430 = CARTESIAN_POINT ( 'NONE',  ( 6.750000000000000000, 24.00000000000000700, -13.50000000000000200 ) ) ;
#3431 = VECTOR ( 'NONE', #3876, 1000.000000000000000 ) ;
#3432 = DIRECTION ( 'NONE',  ( 3.652049423109066300E-016, 0.0000000000000000000, -1.000000000000000000 ) ) ;
#3433 = CARTESIAN_POINT ( 'NONE',  ( -1.249999999999999800, 37.43189123190277500, -13.43189123190275300 ) ) ;
#3434 = DIRECTION ( 'NONE',  ( 0.0000000000000000000, -0.7071067811865463500, -0.7071067811865487900 ) ) ;
#3435 = ORIENTED_EDGE ( 'NONE', *, *, #568, .F. ) ;
#3436 = ORIENTED_EDGE ( 'NONE', *, *, #2836, .T. ) ;
#3437 = CIRCLE ( 'NONE', #9930, 2.024999999999999900 ) ;
#3438 = CARTESIAN_POINT ( 'NONE',  ( 1.250000000000000200, 24.00000000000000000, -6.999999999999999100 ) ) ;
#3439 = FACE_OUTER_BOUND ( 'NONE', #10633, .T. ) ;
#3440 = VECTOR ( 'NONE', #3109, 1000.000000000000000 ) ;
#3441 = DIRECTION ( 'NONE',  ( 1.000000000000000000, -0.0000000000000000000, -0.0000000000000000000 ) ) ;
#3442 = ORIENTED_EDGE ( 'NONE', *, *, #1874, .F. ) ;
#3443 = DIRECTION ( 'NONE',  ( 0.0000000000000000000, 0.0000000000000000000, -1.000000000000000000 ) ) ;
#3444 = CARTESIAN_POINT ( 'NONE',  ( -1.249999999999999800, 135.5147186257614200, -8.485281374238566000 ) ) ;
#3445 = EDGE_LOOP ( 'NONE', ( #7406, #6008, #6810, #2131 ) ) ;
#3446 = CARTESIAN_POINT ( 'NONE',  ( 4.724999999999991700, 184.0000000000000000, 16.00000000000000400 ) ) ;
#3447 = DIRECTION ( 'NONE',  ( 1.000000000000000000, -0.0000000000000000000, -0.0000000000000000000 ) ) ;
#3448 = ORIENTED_EDGE ( 'NONE', *, *, #3175, .F. ) ;
#3449 = FACE_BOUND ( 'NONE', #1244, .T. ) ;
#3450 = DIRECTION ( 'NONE',  ( 3.652049423109066300E-016, 0.0000000000000000000, -1.000000000000000000 ) ) ;
#3451 = ADVANCED_FACE ( 'NONE', ( #5479 ), #1047, .F. ) ;
#3452 = CARTESIAN_POINT ( 'NONE',  ( 6.749999999999989300, 48.00000000000000700, 16.00000000000000400 ) ) ;
#3453 = CIRCLE ( 'NONE', #4428, 2.024999999999997200 ) ;
#3454 = DIRECTION ( 'NONE',  ( 1.826024711554532900E-016, -0.0000000000000000000, 1.000000000000000000 ) ) ;
#3455 = ORIENTED_EDGE ( 'NONE', *, *, #173, .F. ) ;
#3456 = AXIS2_PLACEMENT_3D ( 'NONE', #1353, #6548, #7358 ) ;
#3457 = DIRECTION ( 'NONE',  ( 1.000000000000000000, -0.0000000000000000000, 0.0000000000000000000 ) ) ;
#3458 = ORIENTED_EDGE ( 'NONE', *, *, #6893, .F. ) ;
#3459 = FACE_OUTER_BOUND ( 'NONE', #1359, .T. ) ;
#3460 = DIRECTION ( 'NONE',  ( 0.0000000000000000000, 0.0000000000000000000, -1.000000000000000000 ) ) ;
#3461 = CIRCLE ( 'NONE', #4656, 2.024999999999999900 ) ;
#3462 = ADVANCED_FACE ( 'NONE', ( #10865 ), #9941, .F. ) ;
#3463 = EDGE_CURVE ( 'NONE', #9779, #6205, #4921, .T. ) ;
#3464 = ORIENTED_EDGE ( 'NONE', *, *, #6478, .T. ) ;
#3465 = DIRECTION ( 'NONE',  ( 1.000000000000000000, 0.0000000000000000000, 0.0000000000000000000 ) ) ;
#3466 = DIRECTION ( 'NONE',  ( -1.000000000000000000, 0.0000000000000000000, 0.0000000000000000000 ) ) ;
#3467 = EDGE_CURVE ( 'NONE', #539, #2806, #3839, .T. ) ;
#3468 = ORIENTED_EDGE ( 'NONE', *, *, #6841, .F. ) ;
#3469 = CARTESIAN_POINT ( 'NONE',  ( 6.749999999999990200, 136.0000000000000000, 13.50000000000000000 ) ) ;
#3470 = ORIENTED_EDGE ( 'NONE', *, *, #2745, .F. ) ;
#3471 = DIRECTION ( 'NONE',  ( 1.000000000000000000, -0.0000000000000000000, -0.0000000000000000000 ) ) ;
#3472 = FACE_BOUND ( 'NONE', #8255, .T. ) ;
#3473 = VERTEX_POINT ( 'NONE', #3838 ) ;
#3474 = VECTOR ( 'NONE', #8597, 1000.000000000000000 ) ;
#3475 = DIRECTION ( 'NONE',  ( -1.000000000000000000, 0.0000000000000000000, -0.0000000000000000000 ) ) ;
#3476 = CARTESIAN_POINT ( 'NONE',  ( 1.250000000000000200, 136.0000000000000000, 8.000000000000000000 ) ) ;
#3477 = CYLINDRICAL_SURFACE ( 'NONE', #2552, 2.025000000000004400 ) ;
#3478 = DIRECTION ( 'NONE',  ( 1.000000000000000000, -0.0000000000000000000, -0.0000000000000000000 ) ) ;
#3479 = ORIENTED_EDGE ( 'NONE', *, *, #6019, .T. ) ;
#3480 = ORIENTED_EDGE ( 'NONE', *, *, #6568, .F. ) ;
#3481 = EDGE_CURVE ( 'NONE', #447, #2162, #909, .T. ) ;
#3482 = AXIS2_PLACEMENT_3D ( 'NONE', #7522, #8497, #4133 ) ;
#3483 = ORIENTED_EDGE ( 'NONE', *, *, #8117, .F. ) ;
#3484 = ORIENTED_EDGE ( 'NONE', *, *, #6172, .F. ) ;
#3485 = AXIS2_PLACEMENT_3D ( 'NONE', #31, #6905, #8470 ) ;
#3486 = CARTESIAN_POINT ( 'NONE',  ( -1.249999999999999800, 110.0828273938586900, -7.053390142335805600 ) ) ;
#3487 = EDGE_LOOP ( 'NONE', ( #7883, #849, #843, #1480 ) ) ;
#3488 = CIRCLE ( 'NONE', #9522, 2.024999999999998100 ) ;
#3489 = EDGE_CURVE ( 'NONE', #989, #9616, #8769, .T. ) ;
#3490 = CARTESIAN_POINT ( 'NONE',  ( 1.250000000000000200, 180.6862915010152600, -2.024999999999999900 ) ) ;
#3491 = DIRECTION ( 'NONE',  ( 3.652049423109066300E-016, 0.0000000000000000000, -1.000000000000000000 ) ) ;
#3492 = CARTESIAN_POINT ( 'NONE',  ( 8.774999999999987900, 176.0000000000000300, 16.00000000000000400 ) ) ;
#3493 = CYLINDRICAL_SURFACE ( 'NONE', #3400, 6.999999999999999100 ) ;
#3494 = CARTESIAN_POINT ( 'NONE',  ( 6.749999999999990200, 168.0000000000000000, 13.50000000000000000 ) ) ;
#3495 = DIRECTION ( 'NONE',  ( 3.652049423109066300E-016, -0.0000000000000000000, -1.000000000000000000 ) ) ;
#3496 = ORIENTED_EDGE ( 'NONE', *, *, #3001, .F. ) ;
#3497 = ORIENTED_EDGE ( 'NONE', *, *, #6453, .F. ) ;
#3498 = DIRECTION ( 'NONE',  ( 0.0000000000000000000, -0.7071067811865450200, 0.7071067811865501300 ) ) ;
#3499 = ORIENTED_EDGE ( 'NONE', *, *, #9170, .F. ) ;
#3500 = DIRECTION ( 'NONE',  ( -1.826024711554532900E-016, 0.0000000000000000000, 1.000000000000000000 ) ) ;
#3501 = ORIENTED_EDGE ( 'NONE', *, *, #8605, .F. ) ;
#3502 = CIRCLE ( 'NONE', #3834, 2.024999999999998100 ) ;
#3503 = EDGE_CURVE ( 'NONE', #7804, #4842, #113, .T. ) ;
#3504 = AXIS2_PLACEMENT_3D ( 'NONE', #10417, #9547, #7065 ) ;
#3505 = AXIS2_PLACEMENT_3D ( 'NONE', #7846, #7806, #10428 ) ;
#3506 = DIRECTION ( 'NONE',  ( -1.826024711554532900E-016, 0.0000000000000000000, 1.000000000000000000 ) ) ;
#3507 = FACE_OUTER_BOUND ( 'NONE', #8223, .T. ) ;
#3508 = ORIENTED_EDGE ( 'NONE', *, *, #5357, .T. ) ;
#3509 = ORIENTED_EDGE ( 'NONE', *, *, #8334, .F. ) ;
#3510 = CARTESIAN_POINT ( 'NONE',  ( -1.249999999999999800, 79.99999999999998600, 8.000000000000000000 ) ) ;
#3511 = ORIENTED_EDGE ( 'NONE', *, *, #5409, .F. ) ;
#3512 = EDGE_CURVE ( 'NONE', #2526, #10920, #10212, .T. ) ;
#3513 = DIRECTION ( 'NONE',  ( 1.000000000000000000, -0.0000000000000000000, -0.0000000000000000000 ) ) ;
#3514 = CYLINDRICAL_SURFACE ( 'NONE', #9964, 2.024999999999998100 ) ;
#3515 = ADVANCED_FACE ( 'NONE', ( #9691 ), #2637, .F. ) ;
#3516 = VECTOR ( 'NONE', #10054, 1000.000000000000000 ) ;
#3517 = EDGE_LOOP ( 'NONE', ( #3113, #4397, #8947, #3098, #6608 ) ) ;
#3518 = CARTESIAN_POINT ( 'NONE',  ( -1.249999999999999800, 86.08282739385867900, 7.053390142335810100 ) ) ;
#3519 = EDGE_CURVE ( 'NONE', #8389, #2171, #1566, .T. ) ;
#3520 = DIRECTION ( 'NONE',  ( 0.0000000000000000000, -0.7071067811865513500, 0.7071067811865436900 ) ) ;
#3521 = ORIENTED_EDGE ( 'NONE', *, *, #2536, .F. ) ;
#3522 = ORIENTED_EDGE ( 'NONE', *, *, #8087, .F. ) ;
#3523 = DIRECTION ( 'NONE',  ( 0.0000000000000000000, 0.7071067811865487900, -0.7071067811865463500 ) ) ;
#3524 = LINE ( 'NONE', #10281, #7808 ) ;
#3525 = CARTESIAN_POINT ( 'NONE',  ( -1.249999999999999800, 81.91717260614132100, 7.053390142335818100 ) ) ;
#3526 = ORIENTED_EDGE ( 'NONE', *, *, #4298, .T. ) ;
#3527 = FACE_OUTER_BOUND ( 'NONE', #1887, .T. ) ;
#3528 = ADVANCED_FACE ( 'NONE', ( #8902 ), #8366, .F. ) ;
#3529 = DIRECTION ( 'NONE',  ( 0.0000000000000000000, 0.0000000000000000000, -1.000000000000000000 ) ) ;
#3530 = CARTESIAN_POINT ( 'NONE',  ( -1.249999999999999800, 56.48528137423857500, -8.485281374238564200 ) ) ;
#3531 = DIRECTION ( 'NONE',  ( 1.000000000000000000, 0.0000000000000000000, 0.0000000000000000000 ) ) ;
#3532 = CARTESIAN_POINT ( 'NONE',  ( -1.249999999999999800, 59.31370849898476600, -2.024999999999999900 ) ) ;
#3533 = ORIENTED_EDGE ( 'NONE', *, *, #1167, .T. ) ;
#3534 = AXIS2_PLACEMENT_3D ( 'NONE', #1384, #4896, #10842 ) ;
#3535 = EDGE_LOOP ( 'NONE', ( #10704, #1612, #10282, #9327 ) ) ;
#3536 = DIRECTION ( 'NONE',  ( 0.0000000000000000000, 0.0000000000000000000, -1.000000000000000000 ) ) ;
#3537 = LINE ( 'NONE', #4599, #10955 ) ;
#3538 = CARTESIAN_POINT ( 'NONE',  ( 1.250000000000000200, 24.00000000000000000, -2.024999999999999900 ) ) ;
#3539 = VECTOR ( 'NONE', #323, 1000.000000000000000 ) ;
#3540 = EDGE_CURVE ( 'NONE', #8907, #10133, #1188, .T. ) ;
#3541 = DIRECTION ( 'NONE',  ( 0.0000000000000000000, 0.7071067811865469100, 0.7071067811865482400 ) ) ;
#3542 = DIRECTION ( 'NONE',  ( 0.0000000000000000000, 0.0000000000000000000, -1.000000000000000000 ) ) ;
#3543 = DIRECTION ( 'NONE',  ( 3.652049423109066300E-016, -0.0000000000000000000, -1.000000000000000000 ) ) ;
#3544 = EDGE_CURVE ( 'NONE', #2961, #7378, #3170, .T. ) ;
#3545 = CARTESIAN_POINT ( 'NONE',  ( 1.250000000000000200, 129.9171726061413200, -7.053390142335809200 ) ) ;
#3546 = ORIENTED_EDGE ( 'NONE', *, *, #5464, .F. ) ;
#3547 = DIRECTION ( 'NONE',  ( 1.000000000000000000, -0.0000000000000000000, -0.0000000000000000000 ) ) ;
#3548 = VERTEX_POINT ( 'NONE', #2194 ) ;
#3549 = DIRECTION ( 'NONE',  ( 1.000000000000000000, 0.0000000000000000000, 0.0000000000000000000 ) ) ;
#3550 = FACE_OUTER_BOUND ( 'NONE', #6125, .T. ) ;
#3551 = CARTESIAN_POINT ( 'NONE',  ( -1.249999999999999800, 87.51471862576144600, -10.51028137423856600 ) ) ;
#3552 = LINE ( 'NONE', #5368, #10047 ) ;
#3553 = DIRECTION ( 'NONE',  ( 1.000000000000000000, -0.0000000000000000000, 0.0000000000000000000 ) ) ;
#3554 = CARTESIAN_POINT ( 'NONE',  ( 1.250000000000000200, 63.51471862576143900, -10.51028137423856600 ) ) ;
#3555 = DIRECTION ( 'NONE',  ( -1.000000000000000000, 0.0000000000000000000, 0.0000000000000000000 ) ) ;
#3556 = EDGE_CURVE ( 'NONE', #3404, #668, #10744, .T. ) ;
#3557 = ORIENTED_EDGE ( 'NONE', *, *, #10983, .F. ) ;
#3558 = VERTEX_POINT ( 'NONE', #4818 ) ;
#3559 = AXIS2_PLACEMENT_3D ( 'NONE', #8234, #2101, #9680 ) ;
#3560 = FACE_OUTER_BOUND ( 'NONE', #7060, .T. ) ;
#3561 = EDGE_CURVE ( 'NONE', #8741, #7292, #1837, .T. ) ;
#3562 = LINE ( 'NONE', #1529, #3948 ) ;
#3563 = CARTESIAN_POINT ( 'NONE',  ( 1.250000000000000200, 1.431891231902795900, -1.431891231902785400 ) ) ;
#3564 = ORIENTED_EDGE ( 'NONE', *, *, #3418, .T. ) ;
#3565 = EDGE_LOOP ( 'NONE', ( #10851, #7915 ) ) ;
#3566 = DIRECTION ( 'NONE',  ( 0.0000000000000000000, -0.7071067811865487900, -0.7071067811865463500 ) ) ;
#3567 = CARTESIAN_POINT ( 'NONE',  ( -1.249999999999999800, 17.43189123190276700, -9.431891231902755000 ) ) ;
#3568 = FACE_BOUND ( 'NONE', #791, .T. ) ;
#3569 = EDGE_CURVE ( 'NONE', #6776, #6206, #2366, .T. ) ;
#3570 = AXIS2_PLACEMENT_3D ( 'NONE', #277, #6406, #8018 ) ;
#3571 = VECTOR ( 'NONE', #10702, 1000.000000000000000 ) ;
#3572 = AXIS2_PLACEMENT_3D ( 'NONE', #1209, #2159, #8867 ) ;
#3573 = CARTESIAN_POINT ( 'NONE',  ( 8.774999999999998600, 24.00000000000000700, -15.99999999999999600 ) ) ;
#3574 = VERTEX_POINT ( 'NONE', #5689 ) ;
#3575 = ORIENTED_EDGE ( 'NONE', *, *, #1963, .T. ) ;
#3576 = LINE ( 'NONE', #5522, #8505 ) ;
#3577 = DIRECTION ( 'NONE',  ( 1.000000000000000000, -0.0000000000000000000, -0.0000000000000000000 ) ) ;
#3578 = CIRCLE ( 'NONE', #9514, 2.024999999999999000 ) ;
#3579 = DIRECTION ( 'NONE',  ( 1.000000000000000000, -0.0000000000000000000, -0.0000000000000000000 ) ) ;
#3580 = CARTESIAN_POINT ( 'NONE',  ( -1.249999999999999800, 96.00000000000000000, -2.024999999999999900 ) ) ;
#3581 = CARTESIAN_POINT ( 'NONE',  ( 6.750000000000000000, 88.00000000000002800, -13.50000000000000200 ) ) ;
#3582 = PLANE ( 'NONE',  #6995 ) ;
#3583 = VECTOR ( 'NONE', #10791, 999.9999999999998900 ) ;
#3584 = DIRECTION ( 'NONE',  ( 0.0000000000000000000, 0.0000000000000000000, -1.000000000000000000 ) ) ;
#3585 = CARTESIAN_POINT ( 'NONE',  ( -1.249999999999999800, 130.5681087680972900, -10.56810876809726100 ) ) ;
#3586 = ADVANCED_FACE ( 'NONE', ( #4662, #2106, #4228, #5196, #1444, #6932, #8626, #10066, #6414, #4091, #10620, #6131, #10356, #8111, #5854, #1317, #3294, #7858, #1983, #8498, #6281, #3964, #1703, #10499, #8233, #5992, #3714, #2489, #6659, #9145, #5467, #3042, #777, #394, #8228, #2912, #5721, #6919, #7201, #4911, #9548, #6526, #9931, #9813, #2229, #900, #2779, #7324 ), #569, .F. ) ;
#3587 = EDGE_CURVE ( 'NONE', #4940, #2416, #9019, .T. ) ;
#3588 = CARTESIAN_POINT ( 'NONE',  ( -46.75000000000000000, 8.485281374238571300, -8.485281374238566000 ) ) ;
#3589 = ORIENTED_EDGE ( 'NONE', *, *, #1289, .F. ) ;
#3590 = VERTEX_POINT ( 'NONE', #9885 ) ;
#3591 = AXIS2_PLACEMENT_3D ( 'NONE', #7447, #3182, #8360 ) ;
#3592 = CARTESIAN_POINT ( 'NONE',  ( 1.250000000000000200, 136.0000000000000000, 5.974999999999997900 ) ) ;
#3593 = PLANE ( 'NONE',  #9950 ) ;
#3594 = LINE ( 'NONE', #8589, #6682 ) ;
#3595 = DIRECTION ( 'NONE',  ( 3.652049423109066300E-016, -0.0000000000000000000, -1.000000000000000000 ) ) ;
#3596 = DIRECTION ( 'NONE',  ( 0.0000000000000000000, 0.0000000000000000000, -1.000000000000000000 ) ) ;
#3597 = CIRCLE ( 'NONE', #4331, 2.024999999999999000 ) ;
#3598 = LINE ( 'NONE', #2000, #10756 ) ;
#3599 = VERTEX_POINT ( 'NONE', #4856 ) ;
#3600 = DIRECTION ( 'NONE',  ( 1.000000000000000000, -0.0000000000000000000, -0.0000000000000000000 ) ) ;
#3601 = CARTESIAN_POINT ( 'NONE',  ( 8.774999999999987900, 112.0000000000000100, 16.00000000000000400 ) ) ;
#3602 = VERTEX_POINT ( 'NONE', #9851 ) ;
#3603 = DIRECTION ( 'NONE',  ( 0.0000000000000000000, 0.0000000000000000000, -1.000000000000000000 ) ) ;
#3604 = FACE_BOUND ( 'NONE', #2785, .T. ) ;
#3605 = DIRECTION ( 'NONE',  ( 1.000000000000000000, -0.0000000000000000000, -0.0000000000000000000 ) ) ;
#3606 = CARTESIAN_POINT ( 'NONE',  ( 1.250000000000001100, 184.9466098576642100, 9.917172606141347700 ) ) ;
#3607 = LINE ( 'NONE', #5640, #7102 ) ;
#3608 = CARTESIAN_POINT ( 'NONE',  ( -1.249999999999999800, 103.0533901423358100, 9.917172606141324600 ) ) ;
#3609 = EDGE_LOOP ( 'NONE', ( #9008, #4027, #7485, #6398 ) ) ;
#3610 = PLANE ( 'NONE',  #8282 ) ;
#3611 = DIRECTION ( 'NONE',  ( 1.000000000000000000, -0.0000000000000000000, -0.0000000000000000000 ) ) ;
#3612 = EDGE_CURVE ( 'NONE', #4828, #8673, #7066, .T. ) ;
#3613 = DIRECTION ( 'NONE',  ( 1.000000000000000000, -0.0000000000000000000, 0.0000000000000000000 ) ) ;
#3614 = ORIENTED_EDGE ( 'NONE', *, *, #9379, .F. ) ;
#3615 = ORIENTED_EDGE ( 'NONE', *, *, #142, .T. ) ;
#3616 = FACE_OUTER_BOUND ( 'NONE', #478, .T. ) ;
#3617 = CARTESIAN_POINT ( 'NONE',  ( -1.249999999999999800, 55.99999999999999300, 8.000000000000000000 ) ) ;
#3618 = CIRCLE ( 'NONE', #10099, 2.024999999999998100 ) ;
#3619 = CARTESIAN_POINT ( 'NONE',  ( 1.250000000000000200, 120.0000000000000000, 0.0000000000000000000 ) ) ;
#3620 = AXIS2_PLACEMENT_3D ( 'NONE', #2763, #4394, #6132 ) ;
#3621 = CARTESIAN_POINT ( 'NONE',  ( 2.465133360598619700E-015, 192.0000000000000000, -13.50000000000000200 ) ) ;
#3622 = ORIENTED_EDGE ( 'NONE', *, *, #864, .T. ) ;
#3623 = DIRECTION ( 'NONE',  ( 3.652049423109066300E-016, 0.0000000000000000000, -1.000000000000000000 ) ) ;
#3624 = VERTEX_POINT ( 'NONE', #9947 ) ;
#3625 = ORIENTED_EDGE ( 'NONE', *, *, #2223, .F. ) ;
#3626 = ORIENTED_EDGE ( 'NONE', *, *, #3790, .T. ) ;
#3627 = AXIS2_PLACEMENT_3D ( 'NONE', #6842, #8565, #5166 ) ;
#3628 = FACE_OUTER_BOUND ( 'NONE', #6724, .T. ) ;
#3629 = DIRECTION ( 'NONE',  ( 0.0000000000000000000, 0.0000000000000000000, -1.000000000000000000 ) ) ;
#3630 = VECTOR ( 'NONE', #6271, 1000.000000000000000 ) ;
#3631 = CARTESIAN_POINT ( 'NONE',  ( 8.774999999999998600, 64.00000000000000000, -13.50000000000000200 ) ) ;
#3632 = DIRECTION ( 'NONE',  ( 0.0000000000000000000, 0.0000000000000000000, -1.000000000000000000 ) ) ;
#3633 = EDGE_CURVE ( 'NONE', #643, #7116, #10734, .T. ) ;
#3634 = DIRECTION ( 'NONE',  ( -1.000000000000000000, 0.0000000000000000000, 0.0000000000000000000 ) ) ;
#3635 = CARTESIAN_POINT ( 'NONE',  ( 1.250000000000000200, 86.56810876809724700, 6.568108768097240500 ) ) ;
#3636 = VERTEX_POINT ( 'NONE', #5755 ) ;
#3637 = ORIENTED_EDGE ( 'NONE', *, *, #917, .F. ) ;
#3638 = ORIENTED_EDGE ( 'NONE', *, *, #2512, .T. ) ;
#3639 = ORIENTED_EDGE ( 'NONE', *, *, #9054, .T. ) ;
#3640 = ORIENTED_EDGE ( 'NONE', *, *, #5783, .F. ) ;
#3641 = CARTESIAN_POINT ( 'NONE',  ( -1.249999999999999800, 112.0000000000000000, 5.974999999999997900 ) ) ;
#3642 = VECTOR ( 'NONE', #7209, 1000.000000000000000 ) ;
#3643 = CARTESIAN_POINT ( 'NONE',  ( -1.249999999999999800, 15.51471862576143900, -8.485281374238566000 ) ) ;
#3644 = CARTESIAN_POINT ( 'NONE',  ( 6.749999999999989300, 144.0000000000000300, 16.00000000000000400 ) ) ;
#3645 = EDGE_CURVE ( 'NONE', #948, #1984, #1693, .T. ) ;
#3646 = AXIS2_PLACEMENT_3D ( 'NONE', #8449, #5943, #5124 ) ;
#3647 = ORIENTED_EDGE ( 'NONE', *, *, #8653, .T. ) ;
#3648 = AXIS2_PLACEMENT_3D ( 'NONE', #2502, #4296, #9970 ) ;
#3649 = CARTESIAN_POINT ( 'NONE',  ( 1.250000000000000200, 64.00000000000000000, 5.974999999999997900 ) ) ;
#3650 = VERTEX_POINT ( 'NONE', #533 ) ;
#3651 = ADVANCED_FACE ( 'NONE', ( #7700 ), #10811, .F. ) ;
#3652 = CARTESIAN_POINT ( 'NONE',  ( 1.250000000000000200, 136.9466098576641900, -9.917172606141322800 ) ) ;
#3653 = EDGE_CURVE ( 'NONE', #5615, #9363, #513, .T. ) ;
#3654 = ORIENTED_EDGE ( 'NONE', *, *, #1151, .T. ) ;
#3655 = DIRECTION ( 'NONE',  ( 0.0000000000000000000, 0.0000000000000000000, -1.000000000000000000 ) ) ;
#3656 = DIRECTION ( 'NONE',  ( 0.0000000000000000000, 0.0000000000000000000, -1.000000000000000000 ) ) ;
#3657 = CARTESIAN_POINT ( 'NONE',  ( 6.750000000000000000, 184.0000000000000000, -13.50000000000000200 ) ) ;
#3658 = FACE_OUTER_BOUND ( 'NONE', #9220, .T. ) ;
#3659 = VERTEX_POINT ( 'NONE', #1451 ) ;
#3660 = CARTESIAN_POINT ( 'NONE',  ( 1.250000000000000200, 176.0000000000000300, -7.999999999999994700 ) ) ;
#3661 = DIRECTION ( 'NONE',  ( -1.000000000000000000, 0.0000000000000000000, -0.0000000000000000000 ) ) ;
#3662 = EDGE_CURVE ( 'NONE', #7563, #8154, #9273, .T. ) ;
#3663 = ORIENTED_EDGE ( 'NONE', *, *, #10562, .F. ) ;
#3664 = DIRECTION ( 'NONE',  ( 1.000000000000000000, 0.0000000000000000000, 0.0000000000000000000 ) ) ;
#3665 = ORIENTED_EDGE ( 'NONE', *, *, #10940, .T. ) ;
#3666 = DIRECTION ( 'NONE',  ( 3.652049423109066300E-016, -0.0000000000000000000, -1.000000000000000000 ) ) ;
#3667 = AXIS2_PLACEMENT_3D ( 'NONE', #363, #6345, #4447 ) ;
#3668 = DIRECTION ( 'NONE',  ( -1.826024711554532900E-016, 0.0000000000000000000, 1.000000000000000000 ) ) ;
#3669 = CARTESIAN_POINT ( 'NONE',  ( -1.249999999999999800, 132.6862915010152300, 0.0000000000000000000 ) ) ;
#3670 = CIRCLE ( 'NONE', #8856, 2.025000000000002600 ) ;
#3671 = ORIENTED_EDGE ( 'NONE', *, *, #5517, .F. ) ;
#3672 = CIRCLE ( 'NONE', #7887, 2.024999999999998100 ) ;
#3673 = VERTEX_POINT ( 'NONE', #3096 ) ;
#3674 = CARTESIAN_POINT ( 'NONE',  ( 1.250000000000000200, 192.0000000000000000, 0.0000000000000000000 ) ) ;
#3675 = DIRECTION ( 'NONE',  ( 1.000000000000000000, -0.0000000000000000000, 0.0000000000000000000 ) ) ;
#3676 = VERTEX_POINT ( 'NONE', #10841 ) ;
#3677 = DIRECTION ( 'NONE',  ( 3.652049423109066300E-016, -0.0000000000000000000, -1.000000000000000000 ) ) ;
#3678 = EDGE_LOOP ( 'NONE', ( #1457, #1138, #5232, #803 ) ) ;
#3679 = CYLINDRICAL_SURFACE ( 'NONE', #8143, 2.024999999999990100 ) ;
#3680 = EDGE_CURVE ( 'NONE', #2583, #2484, #7443, .T. ) ;
#3681 = DIRECTION ( 'NONE',  ( 1.000000000000000000, 0.0000000000000000000, 0.0000000000000000000 ) ) ;
#3682 = FACE_OUTER_BOUND ( 'NONE', #9374, .T. ) ;
#3683 = DIRECTION ( 'NONE',  ( 0.0000000000000000000, 0.7071067811865424700, -0.7071067811865526800 ) ) ;
#3684 = ORIENTED_EDGE ( 'NONE', *, *, #5821, .F. ) ;
#3685 = ORIENTED_EDGE ( 'NONE', *, *, #9594, .F. ) ;
#3686 = VECTOR ( 'NONE', #4085, 1000.000000000000000 ) ;
#3687 = CARTESIAN_POINT ( 'NONE',  ( -1.249999999999999800, 40.00000000000000000, 8.000000000000000000 ) ) ;
#3688 = LINE ( 'NONE', #10698, #1015 ) ;
#3689 = AXIS2_PLACEMENT_3D ( 'NONE', #2879, #268, #6254 ) ;
#3690 = CARTESIAN_POINT ( 'NONE',  ( 1.250000000000000200, 182.0828273938586800, -7.053390142335747000 ) ) ;
#3691 = EDGE_LOOP ( 'NONE', ( #4310, #1561, #9212, #5302, #1793 ) ) ;
#3692 = VERTEX_POINT ( 'NONE', #11009 ) ;
#3693 = FACE_OUTER_BOUND ( 'NONE', #9868, .T. ) ;
#3694 = EDGE_CURVE ( 'NONE', #1117, #1334, #4653, .T. ) ;
#3695 = LINE ( 'NONE', #9351, #1427 ) ;
#3696 = CARTESIAN_POINT ( 'NONE',  ( 6.749999999999989300, 152.0000000000000300, 16.00000000000000400 ) ) ;
#3697 = DIRECTION ( 'NONE',  ( 3.652049423109066300E-016, 0.0000000000000000000, -1.000000000000000000 ) ) ;
#3698 = CARTESIAN_POINT ( 'NONE',  ( -1.250000000000001100, 185.4318912319027700, 9.431891231902787000 ) ) ;
#3699 = DIRECTION ( 'NONE',  ( 1.000000000000000000, -0.0000000000000000000, -0.0000000000000000000 ) ) ;
#3700 = ORIENTED_EDGE ( 'NONE', *, *, #4680, .F. ) ;
#3702 = ADVANCED_FACE ( 'NONE', ( #10488 ), #2356, .F. ) ;
#3701 = VERTEX_POINT ( 'NONE', #820 ) ;
#3703 = FACE_BOUND ( 'NONE', #691, .T. ) ;
#3704 = CARTESIAN_POINT ( 'NONE',  ( -1.249999999999999800, 82.56810876809723300, -10.56810876809725700 ) ) ;
#3705 = DIRECTION ( 'NONE',  ( 0.0000000000000000000, 0.0000000000000000000, -1.000000000000000000 ) ) ;
#3706 = CIRCLE ( 'NONE', #5160, 2.024999999999998100 ) ;
#3707 = EDGE_CURVE ( 'NONE', #2618, #10526, #105, .T. ) ;
#3708 = AXIS2_PLACEMENT_3D ( 'NONE', #7658, #4170, #10957 ) ;
#3709 = VERTEX_POINT ( 'NONE', #5931 ) ;
#3710 = ORIENTED_EDGE ( 'NONE', *, *, #4199, .F. ) ;
#3711 = EDGE_CURVE ( 'NONE', #6849, #2890, #7577, .T. ) ;
#3712 = FACE_OUTER_BOUND ( 'NONE', #9608, .T. ) ;
#3713 = CARTESIAN_POINT ( 'NONE',  ( -1.249999999999999800, 126.5681087680972300, 9.431891231902756800 ) ) ;
#3714 = FACE_BOUND ( 'NONE', #5824, .T. ) ;
#3715 = CARTESIAN_POINT ( 'NONE',  ( 4.724999999999991700, 8.000000000000007100, 16.00000000000000400 ) ) ;
#3716 = CARTESIAN_POINT ( 'NONE',  ( 6.749999999999989300, 64.00000000000000000, 16.00000000000000400 ) ) ;
#3717 = CARTESIAN_POINT ( 'NONE',  ( -1.249999999999999800, 40.94660985766420000, -9.917172606141322800 ) ) ;
#3718 = EDGE_LOOP ( 'NONE', ( #4048, #8300, #559, #9140 ) ) ;
#3719 = DIRECTION ( 'NONE',  ( 3.652049423109066300E-016, -0.0000000000000000000, -1.000000000000000000 ) ) ;
#3720 = ORIENTED_EDGE ( 'NONE', *, *, #295, .T. ) ;
#3721 = CIRCLE ( 'NONE', #10147, 2.025000000000000800 ) ;
#3722 = EDGE_CURVE ( 'NONE', #6444, #10265, #4363, .T. ) ;
#3723 = AXIS2_PLACEMENT_3D ( 'NONE', #2216, #2291, #8246 ) ;
#3724 = CIRCLE ( 'NONE', #4770, 2.024999999999997200 ) ;
#3725 = CARTESIAN_POINT ( 'NONE',  ( -1.249999999999999800, 11.31370849898475900, 2.024999999999999900 ) ) ;
#3726 = VECTOR ( 'NONE', #7205, 1000.000000000000000 ) ;
#3727 = ORIENTED_EDGE ( 'NONE', *, *, #10125, .T. ) ;
#3728 = ORIENTED_EDGE ( 'NONE', *, *, #2858, .T. ) ;
#3729 = DIRECTION ( 'NONE',  ( 3.652049423109066300E-016, -0.0000000000000000000, -1.000000000000000000 ) ) ;
#3730 = EDGE_LOOP ( 'NONE', ( #1108, #8454, #10512, #9577 ) ) ;
#3731 = DIRECTION ( 'NONE',  ( 3.652049423109066300E-016, -0.0000000000000000000, -1.000000000000000000 ) ) ;
#3732 = EDGE_CURVE ( 'NONE', #5878, #6820, #257, .T. ) ;
#3733 = FACE_BOUND ( 'NONE', #10008, .T. ) ;
#3734 = CARTESIAN_POINT ( 'NONE',  ( 4.724999999999991700, 16.00000000000000700, 16.00000000000000400 ) ) ;
#3735 = CIRCLE ( 'NONE', #1774, 2.024999999999998100 ) ;
#3736 = VERTEX_POINT ( 'NONE', #9218 ) ;
#3737 = EDGE_CURVE ( 'NONE', #3118, #3424, #3706, .T. ) ;
#3738 = DIRECTION ( 'NONE',  ( 3.652049423109066300E-016, 0.0000000000000000000, -1.000000000000000000 ) ) ;
#3739 = AXIS2_PLACEMENT_3D ( 'NONE', #488, #2214, #9061 ) ;
#3740 = CARTESIAN_POINT ( 'NONE',  ( 1.250000000000000200, 37.43189123190261800, 13.43189123190273400 ) ) ;
#3741 = ORIENTED_EDGE ( 'NONE', *, *, #7356, .T. ) ;
#3742 = PLANE ( 'NONE',  #5067 ) ;
#3743 = VERTEX_POINT ( 'NONE', #10177 ) ;
#3744 = FACE_BOUND ( 'NONE', #622, .T. ) ;
#3745 = APPROVAL_ROLE ( '' ) ;
#3746 = DIRECTION ( 'NONE',  ( -1.000000000000000000, 0.0000000000000000000, 0.0000000000000000000 ) ) ;
#3747 = CIRCLE ( 'NONE', #10545, 2.024999999999998100 ) ;
#3748 = ORIENTED_EDGE ( 'NONE', *, *, #8245, .F. ) ;
#3749 = DIRECTION ( 'NONE',  ( 0.0000000000000000000, 0.0000000000000000000, -1.000000000000000000 ) ) ;
#3750 = DIRECTION ( 'NONE',  ( 0.0000000000000000000, 0.0000000000000000000, 1.000000000000000000 ) ) ;
#3751 = EDGE_LOOP ( 'NONE', ( #9238, #2054, #3458, #9856 ) ) ;
#3752 = AXIS2_PLACEMENT_3D ( 'NONE', #5169, #1713, #6922 ) ;
#3753 = VERTEX_POINT ( 'NONE', #4115 ) ;
#3754 = FACE_BOUND ( 'NONE', #6529, .T. ) ;
#3755 = ORIENTED_EDGE ( 'NONE', *, *, #10762, .T. ) ;
#3756 = ADVANCED_FACE ( 'NONE', ( #10984 ), #9682, .F. ) ;
#3757 = CARTESIAN_POINT ( 'NONE',  ( 4.724999999999991700, 88.00000000000002800, 16.00000000000000400 ) ) ;
#3758 = VECTOR ( 'NONE', #1792, 1000.000000000000000 ) ;
#3759 = DIRECTION ( 'NONE',  ( 0.0000000000000000000, 0.0000000000000000000, -1.000000000000000000 ) ) ;
#3760 = CIRCLE ( 'NONE', #3912, 2.024999999999999900 ) ;
#3761 = EDGE_CURVE ( 'NONE', #3075, #4698, #8892, .T. ) ;
#3762 = DIRECTION ( 'NONE',  ( 1.000000000000000000, -0.0000000000000000000, -0.0000000000000000000 ) ) ;
#3763 = VERTEX_POINT ( 'NONE', #3305 ) ;
#3764 = ORIENTED_EDGE ( 'NONE', *, *, #151, .T. ) ;
#3765 = CARTESIAN_POINT ( 'NONE',  ( 6.749999999999990200, 112.0000000000000100, 13.50000000000000000 ) ) ;
#3766 = ORIENTED_EDGE ( 'NONE', *, *, #720, .T. ) ;
#3767 = ORIENTED_EDGE ( 'NONE', *, *, #2652, .F. ) ;
#3768 = CARTESIAN_POINT ( 'NONE',  ( 1.250000000000000200, 135.5147186257614200, 8.485281374238569500 ) ) ;
#3769 = EDGE_LOOP ( 'NONE', ( #7053, #288 ) ) ;
#3770 = LINE ( 'NONE', #10408, #9086 ) ;
#3771 = AXIS2_PLACEMENT_3D ( 'NONE', #6836, #6879, #8518 ) ;
#3772 = CYLINDRICAL_SURFACE ( 'NONE', #6653, 2.024999999999998100 ) ;
#3773 = CARTESIAN_POINT ( 'NONE',  ( -1.249999999999999800, 86.08282739385869300, -7.053390142335805600 ) ) ;
#3774 = DIRECTION ( 'NONE',  ( 0.0000000000000000000, 0.7071067811865424700, -0.7071067811865526800 ) ) ;
#3775 = CARTESIAN_POINT ( 'NONE',  ( -1.249999999999999800, 150.5681087680972300, -9.431891231902755000 ) ) ;
#3776 = ORIENTED_EDGE ( 'NONE', *, *, #6256, .F. ) ;
#3777 = EDGE_LOOP ( 'NONE', ( #4967, #6845, #10384, #6881 ) ) ;
#3778 = EDGE_CURVE ( 'NONE', #771, #8895, #4217, .T. ) ;
#3779 = ORIENTED_EDGE ( 'NONE', *, *, #1756, .T. ) ;
#3780 = EDGE_LOOP ( 'NONE', ( #9444, #1715, #7581, #6871 ) ) ;
#3781 = CARTESIAN_POINT ( 'NONE',  ( 1.250000000000000200, 106.5681087680974700, 10.56810876809731100 ) ) ;
#3782 = VECTOR ( 'NONE', #6790, 1000.000000000000000 ) ;
#3783 = EDGE_CURVE ( 'NONE', #4851, #4808, #4783, .T. ) ;
#3784 = DIRECTION ( 'NONE',  ( 3.652049423109066300E-016, -0.0000000000000000000, -1.000000000000000000 ) ) ;
#3785 = CYLINDRICAL_SURFACE ( 'NONE', #10435, 2.025000000000002600 ) ;
#3786 = ORIENTED_EDGE ( 'NONE', *, *, #4644, .T. ) ;
#3787 = ORIENTED_EDGE ( 'NONE', *, *, #6743, .F. ) ;
#3788 = VERTEX_POINT ( 'NONE', #751 ) ;
#3789 = DIRECTION ( 'NONE',  ( 1.000000000000000000, -0.0000000000000000000, 0.0000000000000000000 ) ) ;
#3790 = EDGE_CURVE ( 'NONE', #5660, #7455, #8487, .T. ) ;
#3791 = AXIS2_PLACEMENT_3D ( 'NONE', #7982, #8862, #1201 ) ;
#3792 = CIRCLE ( 'NONE', #4670, 2.024999999999999000 ) ;
#3793 = AXIS2_PLACEMENT_3D ( 'NONE', #7817, #8691, #2700 ) ;
#3794 = CARTESIAN_POINT ( 'NONE',  ( 1.250000000000000200, 33.43189123190274600, 6.568108768097250300 ) ) ;
#3795 = FACE_OUTER_BOUND ( 'NONE', #5704, .T. ) ;
#3796 = ORIENTED_EDGE ( 'NONE', *, *, #9181, .T. ) ;
#3797 = CARTESIAN_POINT ( 'NONE',  ( -1.249999999999999800, 131.3137084989847700, -2.024999999999999900 ) ) ;
#3798 = CARTESIAN_POINT ( 'NONE',  ( -46.75000000000000000, 6.568108768097244100, -9.431891231902760400 ) ) ;
#3799 = ORIENTED_EDGE ( 'NONE', *, *, #6064, .T. ) ;
#3800 = EDGE_LOOP ( 'NONE', ( #155, #10530 ) ) ;
#3801 = PLANE ( 'NONE',  #556 ) ;
#3802 = VERTEX_POINT ( 'NONE', #5971 ) ;
#3803 = CIRCLE ( 'NONE', #4516, 2.025000000000004400 ) ;
#3804 = DIRECTION ( 'NONE',  ( 3.652049423109066300E-016, -0.0000000000000000000, -1.000000000000000000 ) ) ;
#3805 = LINE ( 'NONE', #5754, #3387 ) ;
#3806 = EDGE_CURVE ( 'NONE', #7271, #9935, #5183, .T. ) ;
#3807 = CARTESIAN_POINT ( 'NONE',  ( 4.724999999999991700, 56.00000000000000700, 16.00000000000000400 ) ) ;
#3808 = AXIS2_PLACEMENT_3D ( 'NONE', #10090, #851, #4111 ) ;
#3809 = ORIENTED_EDGE ( 'NONE', *, *, #10604, .F. ) ;
#3810 = CARTESIAN_POINT ( 'NONE',  ( 6.749999999999989300, 96.00000000000000000, 16.00000000000000400 ) ) ;
#3811 = DIRECTION ( 'NONE',  ( 0.0000000000000000000, 0.7071067811865469100, 0.7071067811865482400 ) ) ;
#3812 = ORIENTED_EDGE ( 'NONE', *, *, #7520, .T. ) ;
#3813 = VECTOR ( 'NONE', #7797, 1000.000000000000000 ) ;
#3814 = ADVANCED_FACE ( 'NONE', ( #2102 ), #1435, .F. ) ;
#3815 = CIRCLE ( 'NONE', #3865, 2.024999999999998100 ) ;
#3816 = DIRECTION ( 'NONE',  ( -1.000000000000000000, 0.0000000000000000000, 0.0000000000000000000 ) ) ;
#3817 = CARTESIAN_POINT ( 'NONE',  ( -1.249999999999999800, 16.00000000000000700, -7.999999999999996400 ) ) ;
#3818 = ORIENTED_EDGE ( 'NONE', *, *, #2556, .F. ) ;
#3819 = CARTESIAN_POINT ( 'NONE',  ( 1.250000000000000200, 128.0000000000000000, -7.999999999999994700 ) ) ;
#3820 = LINE ( 'NONE', #6, #10327 ) ;
#3821 = FACE_BOUND ( 'NONE', #1071, .T. ) ;
#3822 = CARTESIAN_POINT ( 'NONE',  ( -1.249999999999999800, 109.4318912319026700, 13.43189123190281200 ) ) ;
#3823 = ORIENTED_EDGE ( 'NONE', *, *, #7432, .F. ) ;
#3824 = ORIENTED_EDGE ( 'NONE', *, *, #8, .F. ) ;
#3825 = CARTESIAN_POINT ( 'NONE',  ( -1.249999999999999800, 129.4318912319027400, 6.568108768097250300 ) ) ;
#3826 = LINE ( 'NONE', #9011, #1035 ) ;
#3827 = AXIS2_PLACEMENT_3D ( 'NONE', #1527, #8344, #9147 ) ;
#3828 = CYLINDRICAL_SURFACE ( 'NONE', #4518, 2.024999999999998100 ) ;
#3829 = CARTESIAN_POINT ( 'NONE',  ( -1.249999999999999800, 154.5681087680974900, 10.56810876809731100 ) ) ;
#3830 = DIRECTION ( 'NONE',  ( -1.000000000000000000, 0.0000000000000000000, -0.0000000000000000000 ) ) ;
#3831 = CARTESIAN_POINT ( 'NONE',  ( -1.249999999999999800, 24.00000000000000000, 2.024999999999999900 ) ) ;
#3832 = ORIENTED_EDGE ( 'NONE', *, *, #9864, .F. ) ;
#3833 = VERTEX_POINT ( 'NONE', #3446 ) ;
#3834 = AXIS2_PLACEMENT_3D ( 'NONE', #6757, #1631, #7598 ) ;
#3835 = CARTESIAN_POINT ( 'NONE',  ( 4.725000000000001400, 128.0000000000000000, -13.50000000000000200 ) ) ;
#3836 = CIRCLE ( 'NONE', #10678, 2.025000000000004400 ) ;
#3837 = EDGE_CURVE ( 'NONE', #844, #3124, #3420, .T. ) ;
#3838 = CARTESIAN_POINT ( 'NONE',  ( -1.249999999999999800, 136.0000000000000000, 5.974999999999997900 ) ) ;
#3839 = LINE ( 'NONE', #7227, #6668 ) ;
#3840 = VERTEX_POINT ( 'NONE', #7749 ) ;
#3841 = ORIENTED_EDGE ( 'NONE', *, *, #3861, .F. ) ;
#3842 = FACE_OUTER_BOUND ( 'NONE', #6135, .T. ) ;
#3843 = FACE_OUTER_BOUND ( 'NONE', #2981, .T. ) ;
#3844 = EDGE_CURVE ( 'NONE', #4132, #2505, #638, .T. ) ;
#3845 = AXIS2_PLACEMENT_3D ( 'NONE', #4762, #3854, #5345 ) ;
#3846 = CYLINDRICAL_SURFACE ( 'NONE', #7246, 2.024999999999998100 ) ;
#3847 = AXIS2_PLACEMENT_3D ( 'NONE', #3855, #10755, #9799 ) ;
#3848 = DIRECTION ( 'NONE',  ( 0.0000000000000000000, 0.0000000000000000000, -1.000000000000000000 ) ) ;
#3849 = EDGE_CURVE ( 'NONE', #8755, #6357, #10857, .T. ) ;
#3850 = ORIENTED_EDGE ( 'NONE', *, *, #7235, .F. ) ;
#3851 = ORIENTED_EDGE ( 'NONE', *, *, #4730, .F. ) ;
#3852 = LINE ( 'NONE', #7192, #5860 ) ;
#3853 = VECTOR ( 'NONE', #9185, 1000.000000000000000 ) ;
#3854 = DIRECTION ( 'NONE',  ( 1.000000000000000000, -0.0000000000000000000, 0.0000000000000000000 ) ) ;
#3855 = CARTESIAN_POINT ( 'NONE',  ( 1.250000000000000200, 112.0000000000000000, 8.000000000000000000 ) ) ;
#3856 = DIRECTION ( 'NONE',  ( 3.652049423109066300E-016, -0.0000000000000000000, -1.000000000000000000 ) ) ;
#3857 = LINE ( 'NONE', #3563, #1587 ) ;
#3858 = ADVANCED_FACE ( 'NONE', ( #10202 ), #769, .F. ) ;
#3859 = DIRECTION ( 'NONE',  ( 1.000000000000000000, -0.0000000000000000000, -0.0000000000000000000 ) ) ;
#3860 = ORIENTED_EDGE ( 'NONE', *, *, #7719, .F. ) ;
#3861 = EDGE_CURVE ( 'NONE', #2968, #9334, #9399, .T. ) ;
#3862 = CARTESIAN_POINT ( 'NONE',  ( -1.249999999999999800, 48.00000000000000000, 2.024999999999999900 ) ) ;
#3863 = ORIENTED_EDGE ( 'NONE', *, *, #9336, .T. ) ;
#3864 = EDGE_LOOP ( 'NONE', ( #9778, #1726, #9926, #2380 ) ) ;
#3865 = AXIS2_PLACEMENT_3D ( 'NONE', #6786, #10134, #8437 ) ;
#3866 = FACE_OUTER_BOUND ( 'NONE', #6662, .T. ) ;
#3867 = CARTESIAN_POINT ( 'NONE',  ( 6.749999999999989300, 168.0000000000000000, 16.00000000000000400 ) ) ;
#3868 = CARTESIAN_POINT ( 'NONE',  ( 0.0000000000000000000, 192.0000000000000000, 16.00000000000000000 ) ) ;
#3869 = DIRECTION ( 'NONE',  ( -1.000000000000000000, 0.0000000000000000000, -0.0000000000000000000 ) ) ;
#3870 = VECTOR ( 'NONE', #8508, 1000.000000000000100 ) ;
#3871 = ORIENTED_EDGE ( 'NONE', *, *, #5126, .F. ) ;
#3872 = DIRECTION ( 'NONE',  ( -1.000000000000000000, 0.0000000000000000000, 0.0000000000000000000 ) ) ;
#3873 = CARTESIAN_POINT ( 'NONE',  ( -1.249999999999999800, 37.43189123190277500, -13.43189123190275300 ) ) ;
#3874 = EDGE_CURVE ( 'NONE', #8820, #3386, #4084, .T. ) ;
#3875 = EDGE_LOOP ( 'NONE', ( #9082, #9767, #8692, #484, #5072 ) ) ;
#3876 = DIRECTION ( 'NONE',  ( 0.0000000000000000000, 0.0000000000000000000, 1.000000000000000000 ) ) ;
#3877 = DIRECTION ( 'NONE',  ( 1.000000000000000000, 0.0000000000000000000, 0.0000000000000000000 ) ) ;
#3878 = ORIENTED_EDGE ( 'NONE', *, *, #2698, .T. ) ;
#3879 = CIRCLE ( 'NONE', #542, 2.024999999999998100 ) ;
#3880 = EDGE_CURVE ( 'NONE', #280, #526, #242, .T. ) ;
#3881 = DIRECTION ( 'NONE',  ( -1.000000000000000000, 0.0000000000000000000, -0.0000000000000000000 ) ) ;
#3882 = LINE ( 'NONE', #5251, #442 ) ;
#3883 = CARTESIAN_POINT ( 'NONE',  ( 6.749999999999989300, 128.0000000000000000, 16.00000000000000400 ) ) ;
#3884 = ORIENTED_EDGE ( 'NONE', *, *, #4972, .F. ) ;
#3885 = ORIENTED_EDGE ( 'NONE', *, *, #4923, .T. ) ;
#3886 = ORIENTED_EDGE ( 'NONE', *, *, #7064, .F. ) ;
#3887 = EDGE_LOOP ( 'NONE', ( #10203, #7792, #2737, #2390 ) ) ;
#3888 = DIRECTION ( 'NONE',  ( 3.652049423109066300E-016, -0.0000000000000000000, -1.000000000000000000 ) ) ;
#3889 = VECTOR ( 'NONE', #8720, 1000.000000000000000 ) ;
#3890 = FACE_OUTER_BOUND ( 'NONE', #6857, .T. ) ;
#3891 = CARTESIAN_POINT ( 'NONE',  ( 1.250000000000000200, 89.43189123190276700, -9.431891231902755000 ) ) ;
#3892 = AXIS2_PLACEMENT_3D ( 'NONE', #7601, #10139, #3306 ) ;
#3893 = ORIENTED_EDGE ( 'NONE', *, *, #10245, .F. ) ;
#3894 = DIRECTION ( 'NONE',  ( -1.000000000000000000, 0.0000000000000000000, 0.0000000000000000000 ) ) ;
#3895 = ORIENTED_EDGE ( 'NONE', *, *, #6750, .T. ) ;
#3896 = ORIENTED_EDGE ( 'NONE', *, *, #3806, .T. ) ;
#3897 = DIRECTION ( 'NONE',  ( 1.000000000000000000, -0.0000000000000000000, -0.0000000000000000000 ) ) ;
#3898 = ORIENTED_EDGE ( 'NONE', *, *, #6402, .F. ) ;
#3899 = ORIENTED_EDGE ( 'NONE', *, *, #2506, .T. ) ;
#3900 = AXIS2_PLACEMENT_3D ( 'NONE', #10411, #5353, #109 ) ;
#3901 = LINE ( 'NONE', #8707, #5257 ) ;
#3902 = ORIENTED_EDGE ( 'NONE', *, *, #2066, .F. ) ;
#3903 = ORIENTED_EDGE ( 'NONE', *, *, #1284, .F. ) ;
#3904 = ORIENTED_EDGE ( 'NONE', *, *, #1382, .T. ) ;
#3905 = DIRECTION ( 'NONE',  ( 1.000000000000000000, -0.0000000000000000000, -0.0000000000000000000 ) ) ;
#3906 = CARTESIAN_POINT ( 'NONE',  ( -1.249999999999999800, 158.5681087680972600, -6.568108768097241400 ) ) ;
#3907 = DIRECTION ( 'NONE',  ( 3.652049423109066300E-016, -0.0000000000000000000, -1.000000000000000000 ) ) ;
#3908 = EDGE_CURVE ( 'NONE', #7555, #8430, #5327, .T. ) ;
#3909 = CYLINDRICAL_SURFACE ( 'NONE', #7391, 2.024999999999999000 ) ;
#3910 = ORIENTED_EDGE ( 'NONE', *, *, #9188, .T. ) ;
#3911 = ADVANCED_FACE ( 'NONE', ( #1036 ), #9805, .F. ) ;
#3912 = AXIS2_PLACEMENT_3D ( 'NONE', #6634, #6766, #10919 ) ;
#3913 = DIRECTION ( 'NONE',  ( 0.0000000000000000000, 0.7071067811865424700, -0.7071067811865526800 ) ) ;
#3914 = EDGE_CURVE ( 'NONE', #6241, #8926, #3695, .T. ) ;
#3915 = EDGE_LOOP ( 'NONE', ( #5926, #10828 ) ) ;
#3916 = VERTEX_POINT ( 'NONE', #5234 ) ;
#3917 = CIRCLE ( 'NONE', #3352, 2.024999999999997200 ) ;
#3918 = ORIENTED_EDGE ( 'NONE', *, *, #4051, .F. ) ;
#3919 = DIRECTION ( 'NONE',  ( 0.0000000000000000000, 0.0000000000000000000, -1.000000000000000000 ) ) ;
#3920 = FACE_OUTER_BOUND ( 'NONE', #6582, .T. ) ;
#3921 = ADVANCED_FACE ( 'NONE', ( #9012 ), #2719, .F. ) ;
#3922 = CARTESIAN_POINT ( 'NONE',  ( 8.774999999999998600, 24.00000000000000700, -13.50000000000000200 ) ) ;
#3923 = EDGE_CURVE ( 'NONE', #9157, #3229, #7570, .T. ) ;
#3924 = AXIS2_PLACEMENT_3D ( 'NONE', #2397, #2543, #4140 ) ;
#3925 = ORIENTED_EDGE ( 'NONE', *, *, #3512, .F. ) ;
#3926 = VERTEX_POINT ( 'NONE', #6947 ) ;
#3927 = AXIS2_PLACEMENT_3D ( 'NONE', #10573, #8095, #10494 ) ;
#3928 = PLANE ( 'NONE',  #2 ) ;
#3929 = EDGE_LOOP ( 'NONE', ( #7803, #4814, #9456, #4015 ) ) ;
#3930 = CYLINDRICAL_SURFACE ( 'NONE', #8713, 2.024999999999999900 ) ;
#3931 = DIRECTION ( 'NONE',  ( 0.0000000000000000000, 1.000000000000000000, 0.0000000000000000000 ) ) ;
#3932 = CYLINDRICAL_SURFACE ( 'NONE', #4372, 2.025000000000004400 ) ;
#3933 = DIRECTION ( 'NONE',  ( 1.000000000000000000, -0.0000000000000000000, -0.0000000000000000000 ) ) ;
#3934 = CARTESIAN_POINT ( 'NONE',  ( 4.724999999999991700, 152.0000000000000300, 16.00000000000000400 ) ) ;
#3935 = EDGE_CURVE ( 'NONE', #4625, #1521, #3410, .T. ) ;
#3936 = CARTESIAN_POINT ( 'NONE',  ( 6.749999999999989300, 144.0000000000000300, 16.00000000000000400 ) ) ;
#3937 = EDGE_LOOP ( 'NONE', ( #7984, #8945 ) ) ;
#3938 = VERTEX_POINT ( 'NONE', #10369 ) ;
#3939 = CIRCLE ( 'NONE', #5154, 2.024999999999990100 ) ;
#3940 = EDGE_CURVE ( 'NONE', #8430, #5658, #2217, .T. ) ;
#3941 = LINE ( 'NONE', #1131, #10319 ) ;
#3942 = DIRECTION ( 'NONE',  ( 1.000000000000000000, 0.0000000000000000000, 0.0000000000000000000 ) ) ;
#3943 = DIRECTION ( 'NONE',  ( 0.0000000000000000000, 0.0000000000000000000, -1.000000000000000000 ) ) ;
#3944 = ORIENTED_EDGE ( 'NONE', *, *, #8855, .F. ) ;
#3945 = ORIENTED_EDGE ( 'NONE', *, *, #7528, .T. ) ;
#3946 = VECTOR ( 'NONE', #9994, 999.9999999999998900 ) ;
#3947 = CARTESIAN_POINT ( 'NONE',  ( -1.250000000000001100, 9.431891231902763900, -6.568108768097239600 ) ) ;
#3948 = VECTOR ( 'NONE', #8411, 1000.000000000000000 ) ;
#3949 = AXIS2_PLACEMENT_3D ( 'NONE', #10639, #5585, #8066 ) ;
#3950 = ORIENTED_EDGE ( 'NONE', *, *, #6112, .T. ) ;
#3951 = CARTESIAN_POINT ( 'NONE',  ( -1.249999999999999800, 112.0000000000000100, -7.999999999999996400 ) ) ;
#3952 = EDGE_LOOP ( 'NONE', ( #409, #1487, #43, #3020 ) ) ;
#3953 = FACE_BOUND ( 'NONE', #6044, .T. ) ;
#3954 = CARTESIAN_POINT ( 'NONE',  ( 6.749999999999989300, 176.0000000000000300, 16.00000000000000400 ) ) ;
#3955 = EDGE_CURVE ( 'NONE', #3548, #1422, #8475, .T. ) ;
#3956 = VECTOR ( 'NONE', #6658, 1000.000000000000000 ) ;
#3957 = DIRECTION ( 'NONE',  ( 0.0000000000000000000, 0.0000000000000000000, -1.000000000000000000 ) ) ;
#3958 = ADVANCED_FACE ( 'NONE', ( #505 ), #3610, .F. ) ;
#3959 = VERTEX_POINT ( 'NONE', #4477 ) ;
#3960 = ORIENTED_EDGE ( 'NONE', *, *, #2394, .T. ) ;
#3961 = AXIS2_PLACEMENT_3D ( 'NONE', #6473, #7981, #5469 ) ;
#3962 = FACE_BOUND ( 'NONE', #656, .T. ) ;
#3963 = PLANE ( 'NONE',  #1683 ) ;
#3964 = FACE_BOUND ( 'NONE', #6721, .T. ) ;
#3965 = DIRECTION ( 'NONE',  ( -1.000000000000000000, 0.0000000000000000000, 0.0000000000000000000 ) ) ;
#3966 = AXIS2_PLACEMENT_3D ( 'NONE', #4399, #4361, #7921 ) ;
#3967 = VERTEX_POINT ( 'NONE', #10412 ) ;
#3968 = DIRECTION ( 'NONE',  ( 1.000000000000000000, -0.0000000000000000000, -0.0000000000000000000 ) ) ;
#3970 = ADVANCED_FACE ( 'NONE', ( #9533 ), #7692, .F. ) ;
#3969 = ORIENTED_EDGE ( 'NONE', *, *, #10948, .T. ) ;
#3971 = DIRECTION ( 'NONE',  ( 1.000000000000000000, -0.0000000000000000000, -0.0000000000000000000 ) ) ;
#3972 = VECTOR ( 'NONE', #10738, 1000.000000000000000 ) ;
#3973 = EDGE_CURVE ( 'NONE', #2806, #9157, #1305, .T. ) ;
#3974 = ORIENTED_EDGE ( 'NONE', *, *, #84, .F. ) ;
#3975 = DIRECTION ( 'NONE',  ( 0.0000000000000000000, 0.0000000000000000000, -1.000000000000000000 ) ) ;
#3976 = CARTESIAN_POINT ( 'NONE',  ( -1.249999999999999800, 137.4318912319027400, 9.431891231902762100 ) ) ;
#3977 = CIRCLE ( 'NONE', #768, 2.025000000000004400 ) ;
#3978 = VECTOR ( 'NONE', #9900, 1000.000000000000000 ) ;
#3979 = ORIENTED_EDGE ( 'NONE', *, *, #3330, .F. ) ;
#3980 = DIRECTION ( 'NONE',  ( 0.0000000000000000000, 0.0000000000000000000, 1.000000000000000000 ) ) ;
#3981 = CARTESIAN_POINT ( 'NONE',  ( 4.724999999999993400, 144.0000000000000300, 13.50000000000000000 ) ) ;
#3982 = VERTEX_POINT ( 'NONE', #2758 ) ;
#3983 = EDGE_LOOP ( 'NONE', ( #213, #3684, #961, #10303 ) ) ;
#3984 = FACE_BOUND ( 'NONE', #5170, .T. ) ;
#3985 = EDGE_CURVE ( 'NONE', #5911, #6489, #7971, .T. ) ;
#3986 = AXIS2_PLACEMENT_3D ( 'NONE', #6796, #10181, #10980 ) ;
#3987 = AXIS2_PLACEMENT_3D ( 'NONE', #3040, #5634, #7408 ) ;
#3988 = DIRECTION ( 'NONE',  ( 1.000000000000000000, -0.0000000000000000000, -0.0000000000000000000 ) ) ;
#3989 = FACE_OUTER_BOUND ( 'NONE', #5107, .T. ) ;
#3990 = EDGE_LOOP ( 'NONE', ( #4620, #3823, #7276, #3796 ) ) ;
#3991 = EDGE_CURVE ( 'NONE', #3473, #7054, #1169, .T. ) ;
#3992 = CARTESIAN_POINT ( 'NONE',  ( 6.749999999999989300, 80.00000000000001400, 16.00000000000000400 ) ) ;
#3993 = ORIENTED_EDGE ( 'NONE', *, *, #6080, .F. ) ;
#3994 = ORIENTED_EDGE ( 'NONE', *, *, #7833, .F. ) ;
#3995 = DIRECTION ( 'NONE',  ( 1.826024711554532900E-016, -0.0000000000000000000, 1.000000000000000000 ) ) ;
#3996 = FACE_BOUND ( 'NONE', #868, .T. ) ;
#3997 = CARTESIAN_POINT ( 'NONE',  ( -1.249999999999999800, 154.5681087680974900, 10.56810876809731100 ) ) ;
#3998 = LINE ( 'NONE', #3333, #1733 ) ;
#3999 = EDGE_CURVE ( 'NONE', #5086, #8314, #9265, .T. ) ;
#4000 = CARTESIAN_POINT ( 'NONE',  ( 6.750000000000000900, 72.00000000000001400, -15.99999999999999600 ) ) ;
#4001 = AXIS2_PLACEMENT_3D ( 'NONE', #9175, #1418, #671 ) ;
#4002 = CARTESIAN_POINT ( 'NONE',  ( 1.250000000000000200, 110.5681087680972300, 6.568108768097240500 ) ) ;
#4003 = VERTEX_POINT ( 'NONE', #7924 ) ;
#4004 = VERTEX_POINT ( 'NONE', #1982 ) ;
#4005 = CARTESIAN_POINT ( 'NONE',  ( 6.750000000000000900, 112.0000000000000100, -15.99999999999999600 ) ) ;
#4006 = FACE_BOUND ( 'NONE', #9529, .T. ) ;
#4007 = ORIENTED_EDGE ( 'NONE', *, *, #9372, .T. ) ;
#4008 = FACE_BOUND ( 'NONE', #10868, .T. ) ;
#4009 = DIRECTION ( 'NONE',  ( 3.652049423109066300E-016, 0.0000000000000000000, -1.000000000000000000 ) ) ;
#4010 = FACE_OUTER_BOUND ( 'NONE', #3751, .T. ) ;
#4011 = DIRECTION ( 'NONE',  ( 3.652049423109066300E-016, -0.0000000000000000000, -1.000000000000000000 ) ) ;
#4012 = DIRECTION ( 'NONE',  ( 1.000000000000000000, -0.0000000000000000000, -0.0000000000000000000 ) ) ;
#4013 = DIRECTION ( 'NONE',  ( 1.000000000000000000, -0.0000000000000000000, -0.0000000000000000000 ) ) ;
#4014 = ORIENTED_EDGE ( 'NONE', *, *, #6811, .T. ) ;
#4015 = ORIENTED_EDGE ( 'NONE', *, *, #4038, .F. ) ;
#4016 = ADVANCED_FACE ( 'NONE', ( #10477 ), #7153, .F. ) ;
#4017 = VERTEX_POINT ( 'NONE', #9560 ) ;
#4018 = DIRECTION ( 'NONE',  ( 1.000000000000000000, -0.0000000000000000000, -0.0000000000000000000 ) ) ;
#4019 = ORIENTED_EDGE ( 'NONE', *, *, #5012, .T. ) ;
#4020 = DIRECTION ( 'NONE',  ( 0.0000000000000000000, 0.7071067811865424700, -0.7071067811865526800 ) ) ;
#4021 = CARTESIAN_POINT ( 'NONE',  ( -1.249999999999999800, 112.9466098576642000, 9.917172606141328100 ) ) ;
#4022 = VECTOR ( 'NONE', #8719, 1000.000000000000000 ) ;
#4023 = CIRCLE ( 'NONE', #6084, 2.024999999999997200 ) ;
#4024 = ORIENTED_EDGE ( 'NONE', *, *, #9009, .F. ) ;
#4025 = ORIENTED_EDGE ( 'NONE', *, *, #7945, .T. ) ;
#4026 = DIRECTION ( 'NONE',  ( 1.000000000000000000, -0.0000000000000000000, -0.0000000000000000000 ) ) ;
#4027 = ORIENTED_EDGE ( 'NONE', *, *, #4278, .T. ) ;
#4028 = VERTEX_POINT ( 'NONE', #1097 ) ;
#4029 = ADVANCED_FACE ( 'NONE', ( #4507 ), #5037, .F. ) ;
#4030 = CARTESIAN_POINT ( 'NONE',  ( -1.249999999999999800, 84.68629150101523400, -2.024999999999999900 ) ) ;
#4031 = FACE_OUTER_BOUND ( 'NONE', #3929, .T. ) ;
#4032 = AXIS2_PLACEMENT_3D ( 'NONE', #2475, #8443, #5074 ) ;
#4033 = DIRECTION ( 'NONE',  ( -1.000000000000000000, 0.0000000000000000000, -0.0000000000000000000 ) ) ;
#4034 = LINE ( 'NONE', #1883, #7523 ) ;
#4035 = ORIENTED_EDGE ( 'NONE', *, *, #6495, .T. ) ;
#4036 = CARTESIAN_POINT ( 'NONE',  ( -1.249999999999999800, 192.0000000000000000, -16.00000000000000000 ) ) ;
#4037 = ORIENTED_EDGE ( 'NONE', *, *, #1289, .T. ) ;
#4038 = EDGE_CURVE ( 'NONE', #9755, #3753, #10341, .T. ) ;
#4039 = ORIENTED_EDGE ( 'NONE', *, *, #3587, .F. ) ;
#4040 = EDGE_CURVE ( 'NONE', #4848, #3228, #2769, .T. ) ;
#4041 = CARTESIAN_POINT ( 'NONE',  ( 6.750000000000000000, 16.00000000000000700, -13.50000000000000200 ) ) ;
#4042 = DATE_AND_TIME ( #2723, #4992 ) ;
#4043 = CARTESIAN_POINT ( 'NONE',  ( -1.249999999999999800, 16.00000000000000000, 8.000000000000000000 ) ) ;
#4044 = CIRCLE ( 'NONE', #3808, 2.024999999999998100 ) ;
#4045 = ORIENTED_EDGE ( 'NONE', *, *, #4761, .F. ) ;
#4046 = CARTESIAN_POINT ( 'NONE',  ( -1.249999999999999800, 152.0000000000000000, 5.975000000000009400 ) ) ;
#4047 = DIRECTION ( 'NONE',  ( 1.000000000000000000, -0.0000000000000000000, -0.0000000000000000000 ) ) ;
#4048 = ORIENTED_EDGE ( 'NONE', *, *, #6182, .F. ) ;
#4049 = DIRECTION ( 'NONE',  ( 0.0000000000000000000, -1.000000000000000000, 0.0000000000000000000 ) ) ;
#4050 = EDGE_LOOP ( 'NONE', ( #6267, #3468 ) ) ;
#4051 = EDGE_CURVE ( 'NONE', #7704, #6047, #10613, .T. ) ;
#4052 = AXIS2_PLACEMENT_3D ( 'NONE', #6895, #10227, #131 ) ;
#4053 = CIRCLE ( 'NONE', #2355, 2.024999999999998100 ) ;
#4054 = AXIS2_PLACEMENT_3D ( 'NONE', #6079, #10959, #6033 ) ;
#4055 = VECTOR ( 'NONE', #122, 1000.000000000000000 ) ;
#4056 = EDGE_CURVE ( 'NONE', #2232, #5813, #7314, .T. ) ;
#4057 = ORIENTED_EDGE ( 'NONE', *, *, #5861, .F. ) ;
#4058 = ORIENTED_EDGE ( 'NONE', *, *, #6613, .F. ) ;
#4059 = DIRECTION ( 'NONE',  ( 3.652049423109066300E-016, -0.0000000000000000000, -1.000000000000000000 ) ) ;
#4060 = CYLINDRICAL_SURFACE ( 'NONE', #8008, 2.024999999999998100 ) ;
#4061 = LINE ( 'NONE', #4046, #10593 ) ;
#4062 = DIRECTION ( 'NONE',  ( 3.652049423109066300E-016, 0.0000000000000000000, -1.000000000000000000 ) ) ;
#4063 = EDGE_CURVE ( 'NONE', #6118, #10572, #5457, .T. ) ;
#4064 = AXIS2_PLACEMENT_3D ( 'NONE', #3258, #7627, #1690 ) ;
#4065 = AXIS2_PLACEMENT_3D ( 'NONE', #9281, #4198, #1865 ) ;
#4066 = PLANE ( 'NONE',  #6165 ) ;
#4067 = ORIENTED_EDGE ( 'NONE', *, *, #4078, .T. ) ;
#4069 = ADVANCED_FACE ( 'NONE', ( #4771 ), #6403, .F. ) ;
#4068 = ORIENTED_EDGE ( 'NONE', *, *, #1932, .T. ) ;
#4070 = DIRECTION ( 'NONE',  ( 0.0000000000000000000, 0.7071067811865505700, -0.7071067811865444600 ) ) ;
#4071 = CIRCLE ( 'NONE', #3068, 2.024999999999999900 ) ;
#4072 = DIRECTION ( 'NONE',  ( 1.826024711554532900E-016, -0.0000000000000000000, 1.000000000000000000 ) ) ;
#4073 = FACE_BOUND ( 'NONE', #10929, .T. ) ;
#4074 = EDGE_CURVE ( 'NONE', #1119, #2743, #6772, .T. ) ;
#4075 = DIRECTION ( 'NONE',  ( 1.000000000000000000, 0.0000000000000000000, 0.0000000000000000000 ) ) ;
#4076 = ORIENTED_EDGE ( 'NONE', *, *, #9639, .F. ) ;
#4077 = ORIENTED_EDGE ( 'NONE', *, *, #711, .F. ) ;
#4078 = EDGE_CURVE ( 'NONE', #4285, #2944, #3284, .T. ) ;
#4079 = CYLINDRICAL_SURFACE ( 'NONE', #2711, 2.024999999999998100 ) ;
#4080 = ADVANCED_FACE ( 'NONE', ( #8358 ), #8792, .T. ) ;
#4081 = DIRECTION ( 'NONE',  ( -1.000000000000000000, 0.0000000000000000000, 0.0000000000000000000 ) ) ;
#4082 = DIRECTION ( 'NONE',  ( 1.000000000000000000, 0.0000000000000000000, 0.0000000000000000000 ) ) ;
#4083 = CARTESIAN_POINT ( 'NONE',  ( -1.249999999999999800, 34.56810876809722500, -10.56810876809725700 ) ) ;
#4084 = LINE ( 'NONE', #8624, #5973 ) ;
#4085 = DIRECTION ( 'NONE',  ( 0.0000000000000000000, -1.000000000000000000, 0.0000000000000000000 ) ) ;
#4086 = ORIENTED_EDGE ( 'NONE', *, *, #7171, .T. ) ;
#4087 = VERTEX_POINT ( 'NONE', #3698 ) ;
#4088 = DIRECTION ( 'NONE',  ( 0.0000000000000000000, -0.7071067811865513500, 0.7071067811865436900 ) ) ;
#4089 = FACE_BOUND ( 'NONE', #6802, .T. ) ;
#4090 = AXIS2_PLACEMENT_3D ( 'NONE', #3340, #5864, #752 ) ;
#4091 = FACE_BOUND ( 'NONE', #7818, .T. ) ;
#4092 = CARTESIAN_POINT ( 'NONE',  ( 8.774999999999987900, 8.000000000000007100, 16.00000000000000400 ) ) ;
#4093 = CARTESIAN_POINT ( 'NONE',  ( -1.249999999999999800, 120.0000000000000000, 6.999999999999999100 ) ) ;
#4094 = ORIENTED_EDGE ( 'NONE', *, *, #6930, .F. ) ;
#4095 = VERTEX_POINT ( 'NONE', #2820 ) ;
#4096 = EDGE_CURVE ( 'NONE', #3840, #1985, #889, .T. ) ;
#4097 = VECTOR ( 'NONE', #2199, 1000.000000000000000 ) ;
#4098 = LINE ( 'NONE', #158, #1710 ) ;
#4099 = EDGE_CURVE ( 'NONE', #9871, #6250, #1828, .T. ) ;
#4100 = VECTOR ( 'NONE', #1107, 1000.000000000000000 ) ;
#4101 = CARTESIAN_POINT ( 'NONE',  ( -1.249999999999999800, 102.5681087680972500, -9.431891231902755000 ) ) ;
#4102 = CARTESIAN_POINT ( 'NONE',  ( 6.749999999999990200, 56.00000000000000700, 13.50000000000000000 ) ) ;
#4103 = ORIENTED_EDGE ( 'NONE', *, *, #2005, .T. ) ;
#4104 = EDGE_LOOP ( 'NONE', ( #1679, #6185, #2690, #7630 ) ) ;
#4105 = FACE_OUTER_BOUND ( 'NONE', #8297, .T. ) ;
#4106 = DIRECTION ( 'NONE',  ( 0.0000000000000000000, 0.7071067811865500200, -0.7071067811865450200 ) ) ;
#4107 = EDGE_CURVE ( 'NONE', #3692, #5734, #10057, .T. ) ;
#4108 = FACE_OUTER_BOUND ( 'NONE', #4614, .T. ) ;
#4109 = AXIS2_PLACEMENT_3D ( 'NONE', #5047, #4905, #3209 ) ;
#4110 = ORIENTED_EDGE ( 'NONE', *, *, #9025, .T. ) ;
#4111 = DIRECTION ( 'NONE',  ( 1.000000000000000000, 0.0000000000000000000, 0.0000000000000000000 ) ) ;
#4112 = EDGE_CURVE ( 'NONE', #5324, #2078, #3154, .T. ) ;
#4113 = DIRECTION ( 'NONE',  ( 1.000000000000000000, -0.0000000000000000000, 0.0000000000000000000 ) ) ;
#4114 = ORIENTED_EDGE ( 'NONE', *, *, #9574, .F. ) ;
#4115 = CARTESIAN_POINT ( 'NONE',  ( 4.724999999999993400, 120.0000000000000300, 13.50000000000000000 ) ) ;
#4116 = ORIENTED_EDGE ( 'NONE', *, *, #4063, .F. ) ;
#4117 = VECTOR ( 'NONE', #7640, 1000.000000000000000 ) ;
#4118 = DIRECTION ( 'NONE',  ( 0.0000000000000000000, 0.0000000000000000000, -1.000000000000000000 ) ) ;
#4119 = ADVANCED_FACE ( 'NONE', ( #2476 ), #680, .F. ) ;
#4120 = CARTESIAN_POINT ( 'NONE',  ( 4.724999999999991700, 72.00000000000001400, 16.00000000000000400 ) ) ;
#4121 = VECTOR ( 'NONE', #1664, 1000.000000000000000 ) ;
#4122 = EDGE_CURVE ( 'NONE', #3045, #1430, #1554, .T. ) ;
#4123 = AXIS2_PLACEMENT_3D ( 'NONE', #9139, #630, #5786 ) ;
#4124 = ORIENTED_EDGE ( 'NONE', *, *, #4291, .F. ) ;
#4125 = ORIENTED_EDGE ( 'NONE', *, *, #3540, .T. ) ;
#4126 = FACE_OUTER_BOUND ( 'NONE', #8962, .T. ) ;
#4127 = CARTESIAN_POINT ( 'NONE',  ( -1.249999999999999800, 64.94660985766418500, 9.917172606141328100 ) ) ;
#4128 = CARTESIAN_POINT ( 'NONE',  ( -1.249999999999999800, 136.0000000000000000, -7.999999999999996400 ) ) ;
#4129 = VECTOR ( 'NONE', #2538, 1000.000000000000000 ) ;
#4130 = ADVANCED_FACE ( 'NONE', ( #10975 ), #3828, .F. ) ;
#4131 = DIRECTION ( 'NONE',  ( 0.0000000000000000000, -0.7071067811865487900, -0.7071067811865463500 ) ) ;
#4132 = VERTEX_POINT ( 'NONE', #5804 ) ;
#4133 = DIRECTION ( 'NONE',  ( -1.000000000000000000, 0.0000000000000000000, 0.0000000000000000000 ) ) ;
#4134 = ORIENTED_EDGE ( 'NONE', *, *, #5309, .F. ) ;
#4135 = DIRECTION ( 'NONE',  ( 0.0000000000000000000, 0.0000000000000000000, -1.000000000000000000 ) ) ;
#4136 = ORIENTED_EDGE ( 'NONE', *, *, #8270, .F. ) ;
#4137 = ORIENTED_EDGE ( 'NONE', *, *, #8218, .T. ) ;
#4138 = FACE_BOUND ( 'NONE', #10787, .T. ) ;
#4139 = EDGE_CURVE ( 'NONE', #3281, #7292, #8104, .T. ) ;
#4140 = DIRECTION ( 'NONE',  ( -1.000000000000000000, 0.0000000000000000000, 0.0000000000000000000 ) ) ;
#4141 = VECTOR ( 'NONE', #5560, 1000.000000000000000 ) ;
#4142 = AXIS2_PLACEMENT_3D ( 'NONE', #3819, #6317, #1222 ) ;
#4143 = ORIENTED_EDGE ( 'NONE', *, *, #4343, .T. ) ;
#4144 = ORIENTED_EDGE ( 'NONE', *, *, #4576, .F. ) ;
#4145 = ORIENTED_EDGE ( 'NONE', *, *, #7229, .T. ) ;
#4146 = EDGE_LOOP ( 'NONE', ( #7232, #9826, #5255, #8038 ) ) ;
#4147 = CARTESIAN_POINT ( 'NONE',  ( -1.249999999999999800, 155.3137084989847700, -2.024999999999999900 ) ) ;
#4148 = ORIENTED_EDGE ( 'NONE', *, *, #4107, .T. ) ;
#4149 = DIRECTION ( 'NONE',  ( 1.000000000000000000, -0.0000000000000000000, -0.0000000000000000000 ) ) ;
#4150 = CARTESIAN_POINT ( 'NONE',  ( 1.250000000000000200, 41.43189123190276700, -9.431891231902755000 ) ) ;
#4151 = CIRCLE ( 'NONE', #772, 2.025000000000004400 ) ;
#4152 = DIRECTION ( 'NONE',  ( 0.0000000000000000000, 0.0000000000000000000, -1.000000000000000000 ) ) ;
#4153 = CARTESIAN_POINT ( 'NONE',  ( 6.750000000000000000, 152.0000000000000300, -13.50000000000000200 ) ) ;
#4154 = CARTESIAN_POINT ( 'NONE',  ( 6.750000000000000000, 40.00000000000000700, -13.50000000000000200 ) ) ;
#4155 = ORIENTED_EDGE ( 'NONE', *, *, #9949, .F. ) ;
#4156 = ORIENTED_EDGE ( 'NONE', *, *, #3467, .T. ) ;
#4157 = DIRECTION ( 'NONE',  ( 3.652049423109066300E-016, -0.0000000000000000000, -1.000000000000000000 ) ) ;
#4158 = CARTESIAN_POINT ( 'NONE',  ( -1.249999999999999800, 64.00000000000000000, 8.000000000000000000 ) ) ;
#4159 = ORIENTED_EDGE ( 'NONE', *, *, #2808, .F. ) ;
#4160 = EDGE_CURVE ( 'NONE', #2591, #5324, #6122, .T. ) ;
#4161 = DIRECTION ( 'NONE',  ( 0.0000000000000000000, 0.0000000000000000000, -1.000000000000000000 ) ) ;
#4162 = PLANE ( 'NONE',  #5856 ) ;
#4163 = CARTESIAN_POINT ( 'NONE',  ( -1.249999999999999800, 62.08282739385867200, 7.053390142335810100 ) ) ;
#4164 = CIRCLE ( 'NONE', #741, 2.024999999999997200 ) ;
#4165 = VERTEX_POINT ( 'NONE', #10848 ) ;
#4166 = DIRECTION ( 'NONE',  ( -1.000000000000000000, 0.0000000000000000000, 0.0000000000000000000 ) ) ;
#4167 = ORIENTED_EDGE ( 'NONE', *, *, #8431, .F. ) ;
#4168 = AXIS2_PLACEMENT_3D ( 'NONE', #4519, #7879, #4557 ) ;
#4169 = EDGE_LOOP ( 'NONE', ( #4067, #32 ) ) ;
#4170 = DIRECTION ( 'NONE',  ( -1.826024711554532900E-016, 0.0000000000000000000, 1.000000000000000000 ) ) ;
#4171 = DIRECTION ( 'NONE',  ( -1.826024711554532900E-016, 0.0000000000000000000, 1.000000000000000000 ) ) ;
#4172 = CYLINDRICAL_SURFACE ( 'NONE', #3723, 2.024999999999998100 ) ;
#4173 = EDGE_LOOP ( 'NONE', ( #1401, #4387, #6915, #4251 ) ) ;
#4174 = CIRCLE ( 'NONE', #1516, 2.024999999999999900 ) ;
#4175 = AXIS2_PLACEMENT_3D ( 'NONE', #10107, #6189, #5168 ) ;
#4176 = DIRECTION ( 'NONE',  ( 3.652049423109066300E-016, 0.0000000000000000000, -1.000000000000000000 ) ) ;
#4177 = CARTESIAN_POINT ( 'NONE',  ( -1.249999999999999800, 55.99999999999999300, 8.000000000000000000 ) ) ;
#4178 = EDGE_CURVE ( 'NONE', #3130, #2865, #3562, .T. ) ;
#4179 = ORIENTED_EDGE ( 'NONE', *, *, #8572, .T. ) ;
#4180 = EDGE_LOOP ( 'NONE', ( #7917, #9401, #3218, #4457 ) ) ;
#4181 = LINE ( 'NONE', #3532, #745 ) ;
#4182 = CARTESIAN_POINT ( 'NONE',  ( 1.250000000000000200, 58.56810876809729600, 10.56810876809721700 ) ) ;
#4183 = VECTOR ( 'NONE', #6107, 1000.000000000000000 ) ;
#4184 = DIRECTION ( 'NONE',  ( 0.0000000000000000000, 0.0000000000000000000, -1.000000000000000000 ) ) ;
#4185 = ADVANCED_FACE ( 'NONE', ( #5847 ), #5726, .T. ) ;
#4186 = CARTESIAN_POINT ( 'NONE',  ( -1.249999999999999800, 38.56810876809724700, -6.568108768097241400 ) ) ;
#4187 = CARTESIAN_POINT ( 'NONE',  ( 6.749999999999989300, 40.00000000000000700, 16.00000000000000400 ) ) ;
#4188 = CARTESIAN_POINT ( 'NONE',  ( 6.749999999999989300, 160.0000000000000000, 16.00000000000000400 ) ) ;
#4189 = CARTESIAN_POINT ( 'NONE',  ( 1.250000000000000200, 177.4318912319028000, -6.568108768097234300 ) ) ;
#4190 = EDGE_CURVE ( 'NONE', #5911, #792, #1967, .T. ) ;
#4191 = AXIS2_PLACEMENT_3D ( 'NONE', #4359, #160, #8676 ) ;
#4192 = CARTESIAN_POINT ( 'NONE',  ( 1.250000000000000200, 15.51471862576143900, -8.485281374238566000 ) ) ;
#4193 = EDGE_LOOP ( 'NONE', ( #7395, #7763, #2439, #10087 ) ) ;
#4194 = AXIS2_PLACEMENT_3D ( 'NONE', #5264, #8651, #138 ) ;
#4195 = DIRECTION ( 'NONE',  ( 0.0000000000000000000, 0.0000000000000000000, -1.000000000000000000 ) ) ;
#4196 = LINE ( 'NONE', #7604, #8335 ) ;
#4197 = DIRECTION ( 'NONE',  ( 1.000000000000000000, -0.0000000000000000000, 0.0000000000000000000 ) ) ;
#4198 = DIRECTION ( 'NONE',  ( -3.652049423109066300E-016, 0.0000000000000000000, 1.000000000000000000 ) ) ;
#4199 = EDGE_CURVE ( 'NONE', #9360, #3228, #10849, .T. ) ;
#4200 = FACE_BOUND ( 'NONE', #6936, .T. ) ;
#4201 = CARTESIAN_POINT ( 'NONE',  ( 1.250000000000000200, 33.43189123190276000, -6.568108768097234300 ) ) ;
#4202 = ORIENTED_EDGE ( 'NONE', *, *, #5670, .T. ) ;
#4203 = ORIENTED_EDGE ( 'NONE', *, *, #1356, .T. ) ;
#4204 = LINE ( 'NONE', #3740, #9010 ) ;
#4205 = EDGE_CURVE ( 'NONE', #4087, #10265, #3277, .T. ) ;
#4206 = CC_DESIGN_DATE_AND_TIME_ASSIGNMENT ( #5807, #7935, ( #5321 ) ) ;
#4207 = CIRCLE ( 'NONE', #2030, 2.025000000000004400 ) ;
#4208 = AXIS2_PLACEMENT_3D ( 'NONE', #1314, #1280, #530 ) ;
#4209 = DIRECTION ( 'NONE',  ( 0.0000000000000000000, 3.426614273534434000E-015, -1.000000000000000000 ) ) ;
#4210 = CARTESIAN_POINT ( 'NONE',  ( 8.774999999999998600, 176.0000000000000300, -15.99999999999999600 ) ) ;
#4211 = VERTEX_POINT ( 'NONE', #10877 ) ;
#4212 = VERTEX_POINT ( 'NONE', #9921 ) ;
#4213 = ORIENTED_EDGE ( 'NONE', *, *, #2165, .F. ) ;
#4214 = CARTESIAN_POINT ( 'NONE',  ( -1.249999999999999800, 88.94660985766421400, -9.917172606141319200 ) ) ;
#4215 = FACE_BOUND ( 'NONE', #9989, .T. ) ;
#4216 = CARTESIAN_POINT ( 'NONE',  ( -1.249999999999999800, 78.56810876809724700, 9.431891231902756800 ) ) ;
#4217 = LINE ( 'NONE', #1522, #7980 ) ;
#4218 = DIRECTION ( 'NONE',  ( 3.652049423109066300E-016, -0.0000000000000000000, -1.000000000000000000 ) ) ;
#4219 = VERTEX_POINT ( 'NONE', #7506 ) ;
#4220 = CARTESIAN_POINT ( 'NONE',  ( 6.749999999999989300, 48.00000000000000700, 16.00000000000000400 ) ) ;
#4221 = EDGE_LOOP ( 'NONE', ( #7095, #1937, #8998, #10931 ) ) ;
#4222 = DIRECTION ( 'NONE',  ( 1.826024711554532900E-016, -0.0000000000000000000, 1.000000000000000000 ) ) ;
#4223 = CARTESIAN_POINT ( 'NONE',  ( 1.250000000000000200, 8.000000000000001800, -7.999999999999992900 ) ) ;
#4224 = DIRECTION ( 'NONE',  ( 1.826024711554532900E-016, -0.0000000000000000000, 1.000000000000000000 ) ) ;
#4225 = CARTESIAN_POINT ( 'NONE',  ( 1.250000000000000200, 65.43189123190276700, -9.431891231902755000 ) ) ;
#4226 = CIRCLE ( 'NONE', #8330, 2.024999999999998100 ) ;
#4227 = CARTESIAN_POINT ( 'NONE',  ( 1.250000000000000200, 55.99999999999999300, 8.000000000000000000 ) ) ;
#4228 = FACE_BOUND ( 'NONE', #4841, .T. ) ;
#4229 = ADVANCED_FACE ( 'NONE', ( #2903 ), #7048, .F. ) ;
#4230 = CARTESIAN_POINT ( 'NONE',  ( -1.249999999999999800, 156.6862915010152300, 2.024999999999999900 ) ) ;
#4231 = DIRECTION ( 'NONE',  ( 0.0000000000000000000, -0.7071067811865463500, -0.7071067811865487900 ) ) ;
#4232 = ORIENTED_EDGE ( 'NONE', *, *, #7029, .T. ) ;
#4233 = ORIENTED_EDGE ( 'NONE', *, *, #9864, .T. ) ;
#4234 = LINE ( 'NONE', #10501, #4097 ) ;
#4235 = AXIS2_PLACEMENT_3D ( 'NONE', #7770, #5258, #6971 ) ;
#4236 = DIRECTION ( 'NONE',  ( 0.0000000000000000000, 0.0000000000000000000, -1.000000000000000000 ) ) ;
#4237 = CIRCLE ( 'NONE', #201, 2.024999999999998100 ) ;
#4238 = CARTESIAN_POINT ( 'NONE',  ( 6.750000000000000900, 8.000000000000007100, -15.99999999999999600 ) ) ;
#4239 = DIRECTION ( 'NONE',  ( 1.000000000000000000, -0.0000000000000000000, -0.0000000000000000000 ) ) ;
#4240 = LINE ( 'NONE', #8141, #4803 ) ;
#4241 = EDGE_LOOP ( 'NONE', ( #1594, #2414, #7767, #583 ) ) ;
#4242 = ADVANCED_FACE ( 'NONE', ( #94 ), #495, .F. ) ;
#4243 = EDGE_CURVE ( 'NONE', #5604, #2263, #760, .T. ) ;
#4244 = ORIENTED_EDGE ( 'NONE', *, *, #10045, .T. ) ;
#4245 = ORIENTED_EDGE ( 'NONE', *, *, #2623, .T. ) ;
#4246 = DIRECTION ( 'NONE',  ( 0.0000000000000000000, 0.0000000000000000000, -1.000000000000000000 ) ) ;
#4247 = CIRCLE ( 'NONE', #10375, 2.024999999999990100 ) ;
#4248 = EDGE_CURVE ( 'NONE', #4692, #9261, #234, .T. ) ;
#4249 = CARTESIAN_POINT ( 'NONE',  ( -1.249999999999999800, 32.48528137423857500, -8.485281374238564200 ) ) ;
#4250 = VECTOR ( 'NONE', #7973, 1000.000000000000000 ) ;
#4251 = ORIENTED_EDGE ( 'NONE', *, *, #3955, .T. ) ;
#4252 = CARTESIAN_POINT ( 'NONE',  ( -1.249999999999999800, 175.0533901423358400, 9.917172606141324600 ) ) ;
#4253 = CARTESIAN_POINT ( 'NONE',  ( -1.249999999999999800, 108.6862915010152500, 2.024999999999999900 ) ) ;
#4254 = CARTESIAN_POINT ( 'NONE',  ( 1.250000000000000200, 24.00000000000000000, 6.999999999999999100 ) ) ;
#4255 = ORIENTED_EDGE ( 'NONE', *, *, #10432, .T. ) ;
#4256 = ORIENTED_EDGE ( 'NONE', *, *, #8142, .F. ) ;
#4257 = FACE_BOUND ( 'NONE', #7163, .T. ) ;
#4258 = EDGE_CURVE ( 'NONE', #6775, #447, #10964, .T. ) ;
#4259 = AXIS2_PLACEMENT_3D ( 'NONE', #620, #1437, #6527 ) ;
#4260 = ORIENTED_EDGE ( 'NONE', *, *, #1068, .T. ) ;
#4261 = AXIS2_PLACEMENT_3D ( 'NONE', #10220, #4364, #1712 ) ;
#4262 = CARTESIAN_POINT ( 'NONE',  ( -1.249999999999999800, 83.31370849898475200, 2.024999999999999900 ) ) ;
#4263 = VECTOR ( 'NONE', #3441, 1000.000000000000000 ) ;
#4264 = DIRECTION ( 'NONE',  ( 0.0000000000000000000, 0.7071067811865424700, -0.7071067811865526800 ) ) ;
#4265 = DIRECTION ( 'NONE',  ( 1.000000000000000000, -0.0000000000000000000, 0.0000000000000000000 ) ) ;
#4266 = VERTEX_POINT ( 'NONE', #6186 ) ;
#4267 = EDGE_CURVE ( 'NONE', #3574, #3982, #5580, .T. ) ;
#4268 = CARTESIAN_POINT ( 'NONE',  ( -1.249999999999999800, 134.0828273938586500, 7.053390142335810100 ) ) ;
#4269 = DIRECTION ( 'NONE',  ( 1.000000000000000000, -0.0000000000000000000, -0.0000000000000000000 ) ) ;
#4270 = EDGE_LOOP ( 'NONE', ( #9993, #9696, #10297, #3251 ) ) ;
#4271 = VERTEX_POINT ( 'NONE', #10947 ) ;
#4272 = FACE_BOUND ( 'NONE', #2097, .T. ) ;
#4273 = CARTESIAN_POINT ( 'NONE',  ( 1.250000000000000200, 158.0828273938587100, -7.053390142335791400 ) ) ;
#4274 = ORIENTED_EDGE ( 'NONE', *, *, #6791, .T. ) ;
#4275 = DIRECTION ( 'NONE',  ( -1.826024711554532900E-016, 0.0000000000000000000, 1.000000000000000000 ) ) ;
#4276 = VECTOR ( 'NONE', #1010, 1000.000000000000000 ) ;
#4277 = VECTOR ( 'NONE', #1923, 1000.000000000000000 ) ;
#4278 = EDGE_CURVE ( 'NONE', #3743, #6797, #6764, .T. ) ;
#4279 = CC_DESIGN_PERSON_AND_ORGANIZATION_ASSIGNMENT ( #9492, #1964, ( #1914 ) ) ;
#4280 = DIRECTION ( 'NONE',  ( 0.0000000000000000000, -1.000000000000000000, 0.0000000000000000000 ) ) ;
#4281 = ORIENTED_EDGE ( 'NONE', *, *, #3481, .T. ) ;
#4282 = AXIS2_PLACEMENT_3D ( 'NONE', #4158, #5081, #10981 ) ;
#4283 = ORIENTED_EDGE ( 'NONE', *, *, #311, .T. ) ;
#4284 = PLANE ( 'NONE',  #7017 ) ;
#4285 = VERTEX_POINT ( 'NONE', #1829 ) ;
#4286 = CARTESIAN_POINT ( 'NONE',  ( -1.249999999999999800, 38.56810876809724000, 6.568108768097240500 ) ) ;
#4287 = ORIENTED_EDGE ( 'NONE', *, *, #7388, .T. ) ;
#4288 = VERTEX_POINT ( 'NONE', #6139 ) ;
#4289 = VECTOR ( 'NONE', #6168, 1000.000000000000000 ) ;
#4290 = FACE_OUTER_BOUND ( 'NONE', #1372, .T. ) ;
#4291 = EDGE_CURVE ( 'NONE', #1623, #2505, #9137, .T. ) ;
#4292 = ORIENTED_EDGE ( 'NONE', *, *, #4515, .T. ) ;
#4293 = CARTESIAN_POINT ( 'NONE',  ( 4.724999999999991700, 144.0000000000000300, 16.00000000000000400 ) ) ;
#4294 = ORIENTED_EDGE ( 'NONE', *, *, #10650, .T. ) ;
#4295 = ORIENTED_EDGE ( 'NONE', *, *, #2868, .T. ) ;
#4296 = DIRECTION ( 'NONE',  ( 3.652049423109066300E-016, -0.0000000000000000000, -1.000000000000000000 ) ) ;
#4297 = EDGE_LOOP ( 'NONE', ( #6148, #4738 ) ) ;
#4298 = EDGE_CURVE ( 'NONE', #10920, #10727, #380, .T. ) ;
#4299 = DIRECTION ( 'NONE',  ( 0.0000000000000000000, -0.7071067811865463500, -0.7071067811865487900 ) ) ;
#4300 = ORIENTED_EDGE ( 'NONE', *, *, #5872, .F. ) ;
#4301 = AXIS2_PLACEMENT_3D ( 'NONE', #8077, #6422, #5420 ) ;
#4302 = CIRCLE ( 'NONE', #563, 2.025000000000000800 ) ;
#4303 = FACE_OUTER_BOUND ( 'NONE', #5125, .T. ) ;
#4304 = ORIENTED_EDGE ( 'NONE', *, *, #8984, .T. ) ;
#4305 = CARTESIAN_POINT ( 'NONE',  ( -1.249999999999999800, 14.56810876809725000, -6.568108768097241400 ) ) ;
#4306 = ORIENTED_EDGE ( 'NONE', *, *, #10268, .T. ) ;
#4307 = ADVANCED_FACE ( 'NONE', ( #2467 ), #9556, .T. ) ;
#4308 = DIRECTION ( 'NONE',  ( 0.0000000000000000000, -1.713307136767214600E-015, -1.000000000000000000 ) ) ;
#4309 = DIRECTION ( 'NONE',  ( 0.0000000000000000000, 0.0000000000000000000, -1.000000000000000000 ) ) ;
#4310 = ORIENTED_EDGE ( 'NONE', *, *, #3147, .F. ) ;
#4311 = DIRECTION ( 'NONE',  ( 3.652049423109066300E-016, 0.0000000000000000000, -1.000000000000000000 ) ) ;
#4312 = DIRECTION ( 'NONE',  ( 1.000000000000000000, -0.0000000000000000000, 0.0000000000000000000 ) ) ;
#4313 = DIRECTION ( 'NONE',  ( 0.0000000000000000000, -0.7071067811865526800, -0.7071067811865424700 ) ) ;
#4314 = AXIS2_PLACEMENT_3D ( 'NONE', #7007, #206, #246 ) ;
#4315 = PERSON_AND_ORGANIZATION ( #2851, #8850 ) ;
#4316 = CARTESIAN_POINT ( 'NONE',  ( 1.250000000000000200, 87.51471862576143200, 8.485281374238569500 ) ) ;
#4317 = CYLINDRICAL_SURFACE ( 'NONE', #9641, 2.024999999999998100 ) ;
#4318 = ORIENTED_EDGE ( 'NONE', *, *, #809, .T. ) ;
#4319 = DIRECTION ( 'NONE',  ( 0.0000000000000000000, 0.0000000000000000000, -1.000000000000000000 ) ) ;
#4320 = EDGE_CURVE ( 'NONE', #5386, #3676, #8607, .T. ) ;
#4321 = ORIENTED_EDGE ( 'NONE', *, *, #3411, .T. ) ;
#4322 = DIRECTION ( 'NONE',  ( 1.000000000000000000, -0.0000000000000000000, -0.0000000000000000000 ) ) ;
#4323 = ORIENTED_EDGE ( 'NONE', *, *, #5811, .F. ) ;
#4324 = CARTESIAN_POINT ( 'NONE',  ( 4.724999999999991700, 128.0000000000000000, 16.00000000000000400 ) ) ;
#4325 = DIRECTION ( 'NONE',  ( -1.000000000000000000, 0.0000000000000000000, 0.0000000000000000000 ) ) ;
#4327 = EDGE_LOOP ( 'NONE', ( #272, #832, #7859, #662 ) ) ;
#4326 = DIRECTION ( 'NONE',  ( 1.000000000000000000, -0.0000000000000000000, 0.0000000000000000000 ) ) ;
#4328 = FACE_OUTER_BOUND ( 'NONE', #9458, .T. ) ;
#4329 = DIRECTION ( 'NONE',  ( -1.000000000000000000, -0.0000000000000000000, -0.0000000000000000000 ) ) ;
#4330 = FACE_OUTER_BOUND ( 'NONE', #3246, .T. ) ;
#4331 = AXIS2_PLACEMENT_3D ( 'NONE', #4316, #10254, #5403 ) ;
#4332 = DIRECTION ( 'NONE',  ( 1.000000000000000000, -0.0000000000000000000, -0.0000000000000000000 ) ) ;
#4333 = ORIENTED_EDGE ( 'NONE', *, *, #816, .F. ) ;
#4334 = CARTESIAN_POINT ( 'NONE',  ( 4.724999999999991700, 24.00000000000000700, 16.00000000000000400 ) ) ;
#4335 = ORIENTED_EDGE ( 'NONE', *, *, #9507, .F. ) ;
#4336 = EDGE_CURVE ( 'NONE', #3037, #4004, #7305, .T. ) ;
#4337 = LINE ( 'NONE', #9942, #6763 ) ;
#4338 = DIRECTION ( 'NONE',  ( 1.000000000000000000, -0.0000000000000000000, 0.0000000000000000000 ) ) ;
#4339 = AXIS2_PLACEMENT_3D ( 'NONE', #8734, #7816, #1879 ) ;
#4340 = DIRECTION ( 'NONE',  ( -1.000000000000000000, 0.0000000000000000000, 0.0000000000000000000 ) ) ;
#4341 = DIRECTION ( 'NONE',  ( 1.826024711554532900E-016, -0.0000000000000000000, 1.000000000000000000 ) ) ;
#4342 = LINE ( 'NONE', #1549, #2084 ) ;
#4343 = EDGE_CURVE ( 'NONE', #3386, #10196, #3552, .T. ) ;
#4344 = CARTESIAN_POINT ( 'NONE',  ( -1.249999999999999800, 111.5147186257614300, 8.485281374238569500 ) ) ;
#4345 = ORIENTED_EDGE ( 'NONE', *, *, #10338, .F. ) ;
#4346 = ORIENTED_EDGE ( 'NONE', *, *, #4687, .T. ) ;
#4347 = DIRECTION ( 'NONE',  ( 0.0000000000000000000, 0.7071067811865487900, -0.7071067811865463500 ) ) ;
#4348 = LINE ( 'NONE', #7952, #1425 ) ;
#4349 = CARTESIAN_POINT ( 'NONE',  ( 6.749999999999989300, 96.00000000000000000, 16.00000000000000400 ) ) ;
#4350 = DIRECTION ( 'NONE',  ( 0.0000000000000000000, 1.000000000000000000, 0.0000000000000000000 ) ) ;
#4351 = FACE_BOUND ( 'NONE', #6710, .T. ) ;
#4352 = EDGE_CURVE ( 'NONE', #1603, #11004, #2348, .T. ) ;
#4353 = AXIS2_PLACEMENT_3D ( 'NONE', #7420, #3088, #9069 ) ;
#4354 = CARTESIAN_POINT ( 'NONE',  ( 6.749999999999989300, 32.00000000000000700, 16.00000000000000400 ) ) ;
#4355 = ADVANCED_FACE ( 'NONE', ( #6395, #4903, #1959, #3821, #8880, #4200, #2207, #9523, #628, #9389, #8746, #5837, #10713, #8348, #1819, #1544, #4351, #5174, #8094, #6510, #4073, #6911, #7832, #10600 ), #1095, .F. ) ;
#4356 = AXIS2_PLACEMENT_3D ( 'NONE', #146, #1931, #2074 ) ;
#4357 = ORIENTED_EDGE ( 'NONE', *, *, #6593, .F. ) ;
#4358 = EDGE_LOOP ( 'NONE', ( #3185, #4114 ) ) ;
#4359 = CARTESIAN_POINT ( 'NONE',  ( -1.249999999999999800, 180.6862915010152600, 0.0000000000000000000 ) ) ;
#4360 = CYLINDRICAL_SURFACE ( 'NONE', #9761, 2.024999999999990100 ) ;
#4361 = DIRECTION ( 'NONE',  ( 1.826024711554532900E-016, -0.0000000000000000000, 1.000000000000000000 ) ) ;
#4362 = DIRECTION ( 'NONE',  ( 0.0000000000000000000, 0.0000000000000000000, -1.000000000000000000 ) ) ;
#4363 = CIRCLE ( 'NONE', #3414, 2.024999999999996400 ) ;
#4364 = DIRECTION ( 'NONE',  ( 1.000000000000000000, -0.0000000000000000000, 0.0000000000000000000 ) ) ;
#4365 = ORIENTED_EDGE ( 'NONE', *, *, #5173, .T. ) ;
#4366 = DIRECTION ( 'NONE',  ( 0.0000000000000000000, -0.7071067811865463500, 0.7071067811865487900 ) ) ;
#4368 = ADVANCED_FACE ( 'NONE', ( #10332 ), #7431, .F. ) ;
#4367 = ORIENTED_EDGE ( 'NONE', *, *, #1574, .F. ) ;
#4369 = EDGE_CURVE ( 'NONE', #8395, #247, #1027, .T. ) ;
#4370 = CARTESIAN_POINT ( 'NONE',  ( -1.249999999999999800, 15.51471862576143900, -10.51028137423856600 ) ) ;
#4371 = LINE ( 'NONE', #4422, #3428 ) ;
#4372 = AXIS2_PLACEMENT_3D ( 'NONE', #86, #9436, #5167 ) ;
#4373 = DIRECTION ( 'NONE',  ( 1.000000000000000000, -0.0000000000000000000, -0.0000000000000000000 ) ) ;
#4374 = CARTESIAN_POINT ( 'NONE',  ( -1.249999999999999800, 157.4318912319026300, 13.43189123190273400 ) ) ;
#4375 = VECTOR ( 'NONE', #9671, 1000.000000000000000 ) ;
#4376 = CARTESIAN_POINT ( 'NONE',  ( -1.249999999999999800, 80.48528137423856800, 8.485281374238569500 ) ) ;
#4377 = DIRECTION ( 'NONE',  ( 3.652049423109066300E-016, -0.0000000000000000000, -1.000000000000000000 ) ) ;
#4378 = EDGE_LOOP ( 'NONE', ( #2764, #9231, #4019, #9023 ) ) ;
#4379 = DIRECTION ( 'NONE',  ( 0.0000000000000000000, 0.7071067811865469100, 0.7071067811865482400 ) ) ;
#4380 = VERTEX_POINT ( 'NONE', #9748 ) ;
#4381 = FACE_OUTER_BOUND ( 'NONE', #8834, .T. ) ;
#4382 = DIRECTION ( 'NONE',  ( -1.000000000000000000, 0.0000000000000000000, 0.0000000000000000000 ) ) ;
#4383 = VECTOR ( 'NONE', #10049, 1000.000000000000000 ) ;
#4384 = VECTOR ( 'NONE', #7857, 1000.000000000000000 ) ;
#4385 = DIRECTION ( 'NONE',  ( 1.000000000000000000, 0.0000000000000000000, 0.0000000000000000000 ) ) ;
#4386 = CARTESIAN_POINT ( 'NONE',  ( -1.249999999999999800, 16.00000000000000700, -7.999999999999996400 ) ) ;
#4387 = ORIENTED_EDGE ( 'NONE', *, *, #10650, .F. ) ;
#4388 = CARTESIAN_POINT ( 'NONE',  ( -1.249999999999999800, 128.4852813742385800, -10.51028137423856800 ) ) ;
#4389 = ORIENTED_EDGE ( 'NONE', *, *, #3612, .F. ) ;
#4390 = EDGE_CURVE ( 'NONE', #3195, #3938, #5027, .T. ) ;
#4391 = CYLINDRICAL_SURFACE ( 'NONE', #1400, 2.024999999999998100 ) ;
#4392 = DIRECTION ( 'NONE',  ( 3.652049423109066300E-016, -0.0000000000000000000, -1.000000000000000000 ) ) ;
#4393 = VECTOR ( 'NONE', #2450, 1000.000000000000000 ) ;
#4394 = DIRECTION ( 'NONE',  ( 0.0000000000000000000, 0.7071067811865501300, 0.7071067811865450200 ) ) ;
#4395 = LINE ( 'NONE', #9768, #10508 ) ;
#4396 = DIRECTION ( 'NONE',  ( 0.0000000000000000000, 0.0000000000000000000, -1.000000000000000000 ) ) ;
#4397 = ORIENTED_EDGE ( 'NONE', *, *, #1778, .T. ) ;
#4398 = VERTEX_POINT ( 'NONE', #1170 ) ;
#4399 = CARTESIAN_POINT ( 'NONE',  ( 6.749999999999990200, 48.00000000000000700, 13.50000000000000000 ) ) ;
#4400 = AXIS2_PLACEMENT_3D ( 'NONE', #10243, #927, #9464 ) ;
#4401 = DIRECTION ( 'NONE',  ( 0.0000000000000000000, -0.7071067811865487900, -0.7071067811865463500 ) ) ;
#4402 = DIRECTION ( 'NONE',  ( 0.0000000000000000000, 0.7071067811865505700, -0.7071067811865444600 ) ) ;
#4403 = ORIENTED_EDGE ( 'NONE', *, *, #3991, .F. ) ;
#4404 = CIRCLE ( 'NONE', #4090, 2.024999999999997200 ) ;
#4405 = DIRECTION ( 'NONE',  ( 0.0000000000000000000, 0.0000000000000000000, -1.000000000000000000 ) ) ;
#4406 = DIRECTION ( 'NONE',  ( 0.0000000000000000000, 0.0000000000000000000, -1.000000000000000000 ) ) ;
#4407 = DIRECTION ( 'NONE',  ( 3.652049423109066300E-016, 0.0000000000000000000, -1.000000000000000000 ) ) ;
#4408 = DIRECTION ( 'NONE',  ( 1.000000000000000000, -0.0000000000000000000, 0.0000000000000000000 ) ) ;
#4409 = VECTOR ( 'NONE', #10131, 1000.000000000000000 ) ;
#4410 = AXIS2_PLACEMENT_3D ( 'NONE', #7911, #6988, #2906 ) ;
#4411 = VERTEX_POINT ( 'NONE', #5551 ) ;
#4412 = DIRECTION ( 'NONE',  ( -1.000000000000000000, 0.0000000000000000000, 0.0000000000000000000 ) ) ;
#4413 = EDGE_CURVE ( 'NONE', #7983, #1623, #9257, .T. ) ;
#4414 = ORIENTED_EDGE ( 'NONE', *, *, #5233, .T. ) ;
#4415 = CARTESIAN_POINT ( 'NONE',  ( -1.249999999999999800, 86.56810876809724700, 6.568108768097240500 ) ) ;
#4416 = DIRECTION ( 'NONE',  ( 3.652049423109066300E-016, -0.0000000000000000000, -1.000000000000000000 ) ) ;
#4417 = ORIENTED_EDGE ( 'NONE', *, *, #8890, .F. ) ;
#4418 = VECTOR ( 'NONE', #3888, 1000.000000000000000 ) ;
#4419 = CARTESIAN_POINT ( 'NONE',  ( 1.250000000000000200, 80.48528137423858200, -8.485281374238564200 ) ) ;
#4420 = PLANE ( 'NONE',  #1658 ) ;
#4421 = FACE_OUTER_BOUND ( 'NONE', #10348, .T. ) ;
#4422 = CARTESIAN_POINT ( 'NONE',  ( 1.250000000000000200, 109.4318912319028000, -13.43189123190274400 ) ) ;
#4423 = VERTEX_POINT ( 'NONE', #8823 ) ;
#4424 = EDGE_CURVE ( 'NONE', #8145, #5559, #6648, .T. ) ;
#4425 = AXIS2_PLACEMENT_3D ( 'NONE', #5881, #3252, #4209 ) ;
#4426 = ORIENTED_EDGE ( 'NONE', *, *, #10104, .T. ) ;
#4427 = ORIENTED_EDGE ( 'NONE', *, *, #9385, .F. ) ;
#4428 = AXIS2_PLACEMENT_3D ( 'NONE', #6083, #6037, #2319 ) ;
#4429 = ORIENTED_EDGE ( 'NONE', *, *, #7833, .T. ) ;
#4430 = ADVANCED_FACE ( 'NONE', ( #8210 ), #4563, .F. ) ;
#4431 = DIRECTION ( 'NONE',  ( 1.000000000000000000, -0.0000000000000000000, 0.0000000000000000000 ) ) ;
#4432 = VECTOR ( 'NONE', #3434, 1000.000000000000000 ) ;
#4433 = EDGE_CURVE ( 'NONE', #3673, #7116, #6104, .T. ) ;
#4434 = DIRECTION ( 'NONE',  ( 1.826024711554532900E-016, -0.0000000000000000000, 1.000000000000000000 ) ) ;
#4435 = LINE ( 'NONE', #9565, #8414 ) ;
#4436 = CARTESIAN_POINT ( 'NONE',  ( 4.725000000000003200, 48.00000000000000700, -15.99999999999999600 ) ) ;
#4437 = ORIENTED_EDGE ( 'NONE', *, *, #6735, .F. ) ;
#4438 = EDGE_LOOP ( 'NONE', ( #919, #9788, #10539, #4077 ) ) ;
#4439 = DIRECTION ( 'NONE',  ( 1.000000000000000000, 0.0000000000000000000, 0.0000000000000000000 ) ) ;
#4440 = ORIENTED_EDGE ( 'NONE', *, *, #1445, .T. ) ;
#4441 = ORIENTED_EDGE ( 'NONE', *, *, #1770, .T. ) ;
#4442 = CARTESIAN_POINT ( 'NONE',  ( 1.250000000000000200, 159.5147186257614500, -10.51028137423856600 ) ) ;
#4443 = ORIENTED_EDGE ( 'NONE', *, *, #6310, .T. ) ;
#4444 = FACE_OUTER_BOUND ( 'NONE', #3887, .T. ) ;
#4445 = EDGE_CURVE ( 'NONE', #9373, #10223, #6637, .T. ) ;
#4446 = DIRECTION ( 'NONE',  ( 3.652049423109066300E-016, -0.0000000000000000000, -1.000000000000000000 ) ) ;
#4447 = DIRECTION ( 'NONE',  ( 0.0000000000000000000, 0.0000000000000000000, -1.000000000000000000 ) ) ;
#4448 = AXIS2_PLACEMENT_3D ( 'NONE', #10148, #6887, #6844 ) ;
#4449 = PLANE ( 'NONE',  #9816 ) ;
#4450 = DIRECTION ( 'NONE',  ( 0.0000000000000000000, 0.0000000000000000000, -1.000000000000000000 ) ) ;
#4451 = CARTESIAN_POINT ( 'NONE',  ( -1.249999999999999800, 113.4318912319027700, -9.431891231902755000 ) ) ;
#4452 = VERTEX_POINT ( 'NONE', #2888 ) ;
#4453 = ORIENTED_EDGE ( 'NONE', *, *, #10493, .F. ) ;
#4454 = DIRECTION ( 'NONE',  ( 1.000000000000000000, -0.0000000000000000000, 0.0000000000000000000 ) ) ;
#4455 = CARTESIAN_POINT ( 'NONE',  ( 1.250000000000000200, 60.68629150101524100, 2.024999999999999900 ) ) ;
#4456 = CARTESIAN_POINT ( 'NONE',  ( -1.249999999999999800, 72.00000000000001400, 0.0000000000000000000 ) ) ;
#4457 = ORIENTED_EDGE ( 'NONE', *, *, #10677, .F. ) ;
#4458 = EDGE_CURVE ( 'NONE', #6005, #8259, #3941, .T. ) ;
#4459 = DIRECTION ( 'NONE',  ( 3.652049423109066300E-016, -0.0000000000000000000, -1.000000000000000000 ) ) ;
#4460 = DIRECTION ( 'NONE',  ( 0.0000000000000000000, 0.0000000000000000000, 1.000000000000000000 ) ) ;
#4461 = DIRECTION ( 'NONE',  ( 3.652049423109066300E-016, -0.0000000000000000000, -1.000000000000000000 ) ) ;
#4462 = CIRCLE ( 'NONE', #1952, 2.024999999999997200 ) ;
#4463 = ORIENTED_EDGE ( 'NONE', *, *, #9128, .T. ) ;
#4464 = EDGE_CURVE ( 'NONE', #3709, #5550, #7180, .T. ) ;
#4465 = DIRECTION ( 'NONE',  ( 3.652049423109066300E-016, -0.0000000000000000000, -1.000000000000000000 ) ) ;
#4466 = DIRECTION ( 'NONE',  ( 1.387778780781447300E-015, 0.0000000000000000000, 1.000000000000000000 ) ) ;
#4467 = DIRECTION ( 'NONE',  ( 1.000000000000000000, -0.0000000000000000000, -0.0000000000000000000 ) ) ;
#4468 = ORIENTED_EDGE ( 'NONE', *, *, #2578, .T. ) ;
#4469 = ORIENTED_EDGE ( 'NONE', *, *, #6523, .F. ) ;
#4470 = VECTOR ( 'NONE', #356, 1000.000000000000000 ) ;
#4471 = CARTESIAN_POINT ( 'NONE',  ( 8.774999999999998600, 144.0000000000000300, -13.50000000000000200 ) ) ;
#4472 = VERTEX_POINT ( 'NONE', #6342 ) ;
#4473 = DIRECTION ( 'NONE',  ( 3.652049423109066300E-016, 0.0000000000000000000, -1.000000000000000000 ) ) ;
#4474 = VECTOR ( 'NONE', #4564, 999.9999999999998900 ) ;
#4475 = DIRECTION ( 'NONE',  ( 0.0000000000000000000, 0.0000000000000000000, -1.000000000000000000 ) ) ;
#4476 = DIRECTION ( 'NONE',  ( 1.000000000000000000, -0.0000000000000000000, -0.0000000000000000000 ) ) ;
#4477 = CARTESIAN_POINT ( 'NONE',  ( 1.250000000000000200, 151.0533901423358100, 9.917172606141324600 ) ) ;
#4478 = DIRECTION ( 'NONE',  ( -1.000000000000000000, 0.0000000000000000000, 0.0000000000000000000 ) ) ;
#4479 = CARTESIAN_POINT ( 'NONE',  ( 6.750000000000000900, 32.00000000000000700, -15.99999999999999600 ) ) ;
#4480 = ORIENTED_EDGE ( 'NONE', *, *, #142, .F. ) ;
#4481 = ORIENTED_EDGE ( 'NONE', *, *, #1159, .T. ) ;
#4482 = DIRECTION ( 'NONE',  ( -1.000000000000000000, 0.0000000000000000000, 0.0000000000000000000 ) ) ;
#4483 = CIRCLE ( 'NONE', #10949, 2.024999999999997200 ) ;
#4484 = CIRCLE ( 'NONE', #8220, 2.024999999999997200 ) ;
#4485 = AXIS2_PLACEMENT_3D ( 'NONE', #4998, #1698, #3409 ) ;
#4486 = CARTESIAN_POINT ( 'NONE',  ( -1.249999999999999800, 155.3137084989847700, 2.024999999999999900 ) ) ;
#4487 = DIRECTION ( 'NONE',  ( -1.000000000000000000, 0.0000000000000000000, -1.826024711554532900E-016 ) ) ;
#4488 = DIRECTION ( 'NONE',  ( 3.652049423109066300E-016, -0.0000000000000000000, -1.000000000000000000 ) ) ;
#4489 = VERTEX_POINT ( 'NONE', #1279 ) ;
#4490 = CARTESIAN_POINT ( 'NONE',  ( -1.249999999999999800, 85.43189123190262500, 13.43189123190273400 ) ) ;
#4491 = DIRECTION ( 'NONE',  ( 1.000000000000000000, -0.0000000000000000000, 0.0000000000000000000 ) ) ;
#4492 = VERTEX_POINT ( 'NONE', #8786 ) ;
#4493 = CARTESIAN_POINT ( 'NONE',  ( -1.249999999999999800, 84.68629150101523400, -2.024999999999999900 ) ) ;
#4494 = VECTOR ( 'NONE', #2479, 1000.000000000000000 ) ;
#4495 = ADVANCED_FACE ( 'NONE', ( #7296 ), #9791, .F. ) ;
#4496 = CARTESIAN_POINT ( 'NONE',  ( 1.250000000000000200, 39.51471862576143900, -8.485281374238566000 ) ) ;
#4497 = VECTOR ( 'NONE', #4902, 1000.000000000000000 ) ;
#4498 = DIRECTION ( 'NONE',  ( 1.000000000000000000, -0.0000000000000000000, -0.0000000000000000000 ) ) ;
#4499 = DIRECTION ( 'NONE',  ( 0.0000000000000000000, -0.7071067811865450200, 0.7071067811865501300 ) ) ;
#4500 = EDGE_CURVE ( 'NONE', #10572, #6118, #618, .T. ) ;
#4501 = ORIENTED_EDGE ( 'NONE', *, *, #9039, .T. ) ;
#4502 = VERTEX_POINT ( 'NONE', #8022 ) ;
#4503 = AXIS2_PLACEMENT_3D ( 'NONE', #133, #3595, #9527 ) ;
#4504 = VECTOR ( 'NONE', #443, 1000.000000000000000 ) ;
#4505 = EDGE_CURVE ( 'NONE', #3289, #7149, #6901, .T. ) ;
#4506 = CARTESIAN_POINT ( 'NONE',  ( -1.249999999999999800, 30.56810876809724300, -9.431891231902755000 ) ) ;
#4507 = FACE_OUTER_BOUND ( 'NONE', #10000, .T. ) ;
#4508 = CARTESIAN_POINT ( 'NONE',  ( -1.249999999999999800, 58.56810876809730400, -10.56810876809726100 ) ) ;
#4509 = DIRECTION ( 'NONE',  ( 1.000000000000000000, -0.0000000000000000000, -0.0000000000000000000 ) ) ;
#4510 = ORIENTED_EDGE ( 'NONE', *, *, #4178, .F. ) ;
#4511 = ORIENTED_EDGE ( 'NONE', *, *, #4139, .T. ) ;
#4512 = CARTESIAN_POINT ( 'NONE',  ( -1.249999999999999800, 192.0000000000000000, 0.0000000000000000000 ) ) ;
#4513 = DIRECTION ( 'NONE',  ( 1.000000000000000000, -0.0000000000000000000, -0.0000000000000000000 ) ) ;
#4514 = FACE_OUTER_BOUND ( 'NONE', #4327, .T. ) ;
#4515 = EDGE_CURVE ( 'NONE', #2838, #10710, #1676, .T. ) ;
#4516 = AXIS2_PLACEMENT_3D ( 'NONE', #4419, #2746, #6158 ) ;
#4517 = VECTOR ( 'NONE', #7323, 1000.000000000000000 ) ;
#4518 = AXIS2_PLACEMENT_3D ( 'NONE', #8347, #6664, #9187 ) ;
#4519 = CARTESIAN_POINT ( 'NONE',  ( 6.749999999999989300, 32.00000000000000700, 16.00000000000000400 ) ) ;
#4520 = CARTESIAN_POINT ( 'NONE',  ( -1.249999999999999800, 65.43189123190276700, -9.431891231902755000 ) ) ;
#4521 = ORIENTED_EDGE ( 'NONE', *, *, #7481, .T. ) ;
#4522 = ORIENTED_EDGE ( 'NONE', *, *, #1255, .F. ) ;
#4523 = CARTESIAN_POINT ( 'NONE',  ( 4.724999999999991700, 80.00000000000001400, 16.00000000000000400 ) ) ;
#4524 = CARTESIAN_POINT ( 'NONE',  ( 1.250000000000000200, 82.56810876809730400, -10.56810876809726100 ) ) ;
#4525 = FACE_OUTER_BOUND ( 'NONE', #8173, .T. ) ;
#4526 = EDGE_CURVE ( 'NONE', #5604, #5869, #5963, .T. ) ;
#4527 = CARTESIAN_POINT ( 'NONE',  ( -1.249999999999999800, 159.5147186257614500, -8.485281374238566000 ) ) ;
#4528 = CARTESIAN_POINT ( 'NONE',  ( 6.750000000000000900, 24.00000000000000700, -15.99999999999999600 ) ) ;
#4529 = VECTOR ( 'NONE', #5339, 1000.000000000000000 ) ;
#4530 = EDGE_CURVE ( 'NONE', #8524, #3833, #4892, .T. ) ;
#4531 = CARTESIAN_POINT ( 'NONE',  ( -1.249999999999999800, 105.4318912319027500, 6.568108768097250300 ) ) ;
#4532 = EDGE_LOOP ( 'NONE', ( #1194, #3358, #7824, #8997 ) ) ;
#4533 = ORIENTED_EDGE ( 'NONE', *, *, #7388, .F. ) ;
#4534 = CIRCLE ( 'NONE', #2762, 2.025000000000000800 ) ;
#4535 = VERTEX_POINT ( 'NONE', #8863 ) ;
#4536 = CARTESIAN_POINT ( 'NONE',  ( 1.250000000000000200, 154.5681087680972300, -10.56810876809725700 ) ) ;
#4537 = DIRECTION ( 'NONE',  ( 1.000000000000000000, -0.0000000000000000000, 0.0000000000000000000 ) ) ;
#4538 = CIRCLE ( 'NONE', #10301, 2.025000000000004400 ) ;
#4539 = CIRCLE ( 'NONE', #384, 2.025000000000002600 ) ;
#4540 = ORIENTED_EDGE ( 'NONE', *, *, #2887, .F. ) ;
#4541 = SECURITY_CLASSIFICATION_LEVEL ( 'unclassified' ) ;
#4542 = CARTESIAN_POINT ( 'NONE',  ( 6.749999999999990200, 72.00000000000001400, 13.50000000000000000 ) ) ;
#4543 = ORIENTED_EDGE ( 'NONE', *, *, #7629, .F. ) ;
#4544 = ORIENTED_EDGE ( 'NONE', *, *, #9591, .T. ) ;
#4545 = PLANE ( 'NONE',  #4862 ) ;
#4546 = LINE ( 'NONE', #4819, #6163 ) ;
#4547 = AXIS2_PLACEMENT_3D ( 'NONE', #2689, #3699, #5329 ) ;
#4548 = DIRECTION ( 'NONE',  ( 1.000000000000000000, -0.0000000000000000000, -0.0000000000000000000 ) ) ;
#4549 = LINE ( 'NONE', #421, #1724 ) ;
#4550 = ADVANCED_FACE ( 'NONE', ( #9916 ), #10039, .F. ) ;
#4551 = EDGE_LOOP ( 'NONE', ( #10606, #6062, #8974, #7069 ) ) ;
#4552 = DIRECTION ( 'NONE',  ( 1.000000000000000000, -0.0000000000000000000, -0.0000000000000000000 ) ) ;
#4553 = EDGE_CURVE ( 'NONE', #7292, #2416, #2604, .T. ) ;
#4554 = ORIENTED_EDGE ( 'NONE', *, *, #8100, .T. ) ;
#4555 = VERTEX_POINT ( 'NONE', #10634 ) ;
#4556 = CIRCLE ( 'NONE', #9226, 2.024999999999999000 ) ;
#4557 = DIRECTION ( 'NONE',  ( -1.000000000000000000, 0.0000000000000000000, 0.0000000000000000000 ) ) ;
#4558 = EDGE_LOOP ( 'NONE', ( #5303, #5697, #5629, #7574 ) ) ;
#4559 = VECTOR ( 'NONE', #3605, 1000.000000000000000 ) ;
#4560 = ORIENTED_EDGE ( 'NONE', *, *, #7313, .F. ) ;
#4561 = AXIS2_PLACEMENT_3D ( 'NONE', #2327, #4811, #9940 ) ;
#4562 = VERTEX_POINT ( 'NONE', #5581 ) ;
#4563 = PLANE ( 'NONE',  #4673 ) ;
#4564 = DIRECTION ( 'NONE',  ( 0.0000000000000000000, 0.7071067811865469100, 0.7071067811865482400 ) ) ;
#4565 = ORIENTED_EDGE ( 'NONE', *, *, #8334, .T. ) ;
#4566 = DIRECTION ( 'NONE',  ( 1.000000000000000000, -0.0000000000000000000, -0.0000000000000000000 ) ) ;
#4567 = CARTESIAN_POINT ( 'NONE',  ( 8.774999999999998600, 80.00000000000001400, -15.99999999999999600 ) ) ;
#4568 = VERTEX_POINT ( 'NONE', #527 ) ;
#4569 = CYLINDRICAL_SURFACE ( 'NONE', #1263, 2.024999999999998100 ) ;
#4570 = ORIENTED_EDGE ( 'NONE', *, *, #95, .T. ) ;
#4571 = AXIS2_PLACEMENT_3D ( 'NONE', #5979, #2527, #8486 ) ;
#4572 = VECTOR ( 'NONE', #7781, 1000.000000000000000 ) ;
#4573 = DIRECTION ( 'NONE',  ( 3.652049423109066300E-016, -0.0000000000000000000, -1.000000000000000000 ) ) ;
#4574 = LINE ( 'NONE', #9000, #9207 ) ;
#4575 = CARTESIAN_POINT ( 'NONE',  ( -1.249999999999999800, 72.00000000000001400, 6.999999999999999100 ) ) ;
#4576 = EDGE_CURVE ( 'NONE', #6046, #7116, #7963, .T. ) ;
#4577 = DIRECTION ( 'NONE',  ( 1.000000000000000000, -0.0000000000000000000, 0.0000000000000000000 ) ) ;
#4578 = CARTESIAN_POINT ( 'NONE',  ( -1.249999999999999800, 0.0000000000000000000, -2.024999999999999900 ) ) ;
#4579 = VERTEX_POINT ( 'NONE', #1381 ) ;
#4580 = VERTEX_POINT ( 'NONE', #3835 ) ;
#4581 = ORIENTED_EDGE ( 'NONE', *, *, #9316, .T. ) ;
#4582 = VERTEX_POINT ( 'NONE', #1416 ) ;
#4583 = DIRECTION ( 'NONE',  ( 1.826024711554532900E-016, -0.0000000000000000000, 1.000000000000000000 ) ) ;
#4584 = FACE_OUTER_BOUND ( 'NONE', #9597, .T. ) ;
#4585 = VECTOR ( 'NONE', #7849, 1000.000000000000000 ) ;
#4586 = DIRECTION ( 'NONE',  ( 1.000000000000000000, -0.0000000000000000000, -0.0000000000000000000 ) ) ;
#4587 = EDGE_CURVE ( 'NONE', #2078, #4423, #1535, .T. ) ;
#4588 = AXIS2_PLACEMENT_3D ( 'NONE', #828, #3454, #863 ) ;
#4589 = VERTEX_POINT ( 'NONE', #2191 ) ;
#4590 = AXIS2_PLACEMENT_3D ( 'NONE', #2460, #729, #9291 ) ;
#4591 = DIRECTION ( 'NONE',  ( 3.652049423109066300E-016, -0.0000000000000000000, -1.000000000000000000 ) ) ;
#4592 = ORIENTED_EDGE ( 'NONE', *, *, #5233, .F. ) ;
#4593 = ORIENTED_EDGE ( 'NONE', *, *, #8903, .T. ) ;
#4594 = DIRECTION ( 'NONE',  ( 3.652049423109066300E-016, 0.0000000000000000000, -1.000000000000000000 ) ) ;
#4595 = ORIENTED_EDGE ( 'NONE', *, *, #4660, .F. ) ;
#4596 = EDGE_CURVE ( 'NONE', #3281, #3701, #3688, .T. ) ;
#4597 = VERTEX_POINT ( 'NONE', #6442 ) ;
#4598 = FACE_OUTER_BOUND ( 'NONE', #6161, .T. ) ;
#4599 = CARTESIAN_POINT ( 'NONE',  ( -1.249999999999999800, 13.43189123190261800, 13.43189123190273400 ) ) ;
#4600 = PLANE ( 'NONE',  #10225 ) ;
#4601 = LINE ( 'NONE', #3997, #51 ) ;
#4602 = EDGE_LOOP ( 'NONE', ( #6149, #3501, #6287, #2675, #915 ) ) ;
#4603 = ORIENTED_EDGE ( 'NONE', *, *, #4530, .F. ) ;
#4604 = EDGE_CURVE ( 'NONE', #1387, #2161, #10182, .T. ) ;
#4605 = ORIENTED_EDGE ( 'NONE', *, *, #1202, .T. ) ;
#4606 = DIRECTION ( 'NONE',  ( 0.0000000000000000000, 0.7071067811865424700, -0.7071067811865526800 ) ) ;
#4607 = CYLINDRICAL_SURFACE ( 'NONE', #627, 2.024999999999998100 ) ;
#4608 = CARTESIAN_POINT ( 'NONE',  ( 6.749999999999989300, 8.000000000000007100, 16.00000000000000400 ) ) ;
#4609 = AXIS2_PLACEMENT_3D ( 'NONE', #7458, #10732, #4894 ) ;
#4610 = DIRECTION ( 'NONE',  ( 0.0000000000000000000, 0.0000000000000000000, -1.000000000000000000 ) ) ;
#4611 = CARTESIAN_POINT ( 'NONE',  ( -1.249999999999999800, 128.4852813742385800, -8.485281374238564200 ) ) ;
#4612 = PERSON_AND_ORGANIZATION ( #2851, #8850 ) ;
#4613 = VECTOR ( 'NONE', #5149, 1000.000000000000000 ) ;
#4614 = EDGE_LOOP ( 'NONE', ( #2976, #6699, #9977, #10559 ) ) ;
#4615 = ADVANCED_FACE ( 'NONE', ( #5700 ), #881, .F. ) ;
#4616 = DIRECTION ( 'NONE',  ( 1.000000000000000000, -0.0000000000000000000, -0.0000000000000000000 ) ) ;
#4617 = CARTESIAN_POINT ( 'NONE',  ( 4.725000000000001400, 96.00000000000000000, -13.50000000000000200 ) ) ;
#4618 = ORIENTED_EDGE ( 'NONE', *, *, #7259, .F. ) ;
#4619 = VERTEX_POINT ( 'NONE', #2224 ) ;
#4620 = ORIENTED_EDGE ( 'NONE', *, *, #739, .F. ) ;
#4621 = FACE_OUTER_BOUND ( 'NONE', #1146, .T. ) ;
#4622 = CARTESIAN_POINT ( 'NONE',  ( 0.0000000000000000000, 0.0000000000000000000, 0.0000000000000000000 ) ) ;
#4623 = VECTOR ( 'NONE', #5948, 1000.000000000000000 ) ;
#4624 = DIRECTION ( 'NONE',  ( 1.000000000000000000, -0.0000000000000000000, 0.0000000000000000000 ) ) ;
#4625 = VERTEX_POINT ( 'NONE', #10768 ) ;
#4626 = ORIENTED_EDGE ( 'NONE', *, *, #1632, .F. ) ;
#4627 = DIRECTION ( 'NONE',  ( 1.000000000000000000, -0.0000000000000000000, 0.0000000000000000000 ) ) ;
#4628 = CARTESIAN_POINT ( 'NONE',  ( -1.249999999999999800, 102.5681087680972600, 9.431891231902756800 ) ) ;
#4629 = CYLINDRICAL_SURFACE ( 'NONE', #7796, 2.025000000000000800 ) ;
#4630 = DIRECTION ( 'NONE',  ( 0.0000000000000000000, 0.7071067811865505700, -0.7071067811865444600 ) ) ;
#4631 = DIRECTION ( 'NONE',  ( 1.000000000000000000, -0.0000000000000000000, -0.0000000000000000000 ) ) ;
#4632 = CIRCLE ( 'NONE', #1644, 2.024999999999998100 ) ;
#4633 = DIRECTION ( 'NONE',  ( 0.0000000000000000000, -0.7071067811865463500, 0.7071067811865487900 ) ) ;
#4634 = AXIS2_PLACEMENT_3D ( 'NONE', #8905, #6351, #2098 ) ;
#4635 = DIRECTION ( 'NONE',  ( 0.0000000000000000000, -0.7071067811865526800, -0.7071067811865424700 ) ) ;
#4636 = VERTEX_POINT ( 'NONE', #6511 ) ;
#4637 = ORIENTED_EDGE ( 'NONE', *, *, #5549, .T. ) ;
#4638 = DIRECTION ( 'NONE',  ( 0.0000000000000000000, 0.0000000000000000000, -1.000000000000000000 ) ) ;
#4639 = CIRCLE ( 'NONE', #5935, 2.024999999999998100 ) ;
#4640 = EDGE_CURVE ( 'NONE', #1325, #4861, #10468, .T. ) ;
#4641 = VECTOR ( 'NONE', #5410, 999.9999999999998900 ) ;
#4642 = CARTESIAN_POINT ( 'NONE',  ( -1.249999999999999800, 129.9171726061413200, 7.053390142335818100 ) ) ;
#4643 = DIRECTION ( 'NONE',  ( 1.000000000000000000, 0.0000000000000000000, 0.0000000000000000000 ) ) ;
#4644 = EDGE_CURVE ( 'NONE', #977, #9755, #4632, .T. ) ;
#4645 = DIRECTION ( 'NONE',  ( 1.000000000000000000, -0.0000000000000000000, 0.0000000000000000000 ) ) ;
#4646 = CARTESIAN_POINT ( 'NONE',  ( 4.724999999999991700, 32.00000000000000700, 16.00000000000000400 ) ) ;
#4647 = EDGE_LOOP ( 'NONE', ( #5891, #3239, #7283, #2561 ) ) ;
#4648 = ORIENTED_EDGE ( 'NONE', *, *, #8209, .F. ) ;
#4649 = CARTESIAN_POINT ( 'NONE',  ( 1.250000000000000200, 35.31370849898475900, 0.0000000000000000000 ) ) ;
#4650 = VECTOR ( 'NONE', #503, 1000.000000000000000 ) ;
#4651 = DIRECTION ( 'NONE',  ( 1.000000000000000000, -0.0000000000000000000, -0.0000000000000000000 ) ) ;
#4652 = PLANE ( 'NONE',  #2403 ) ;
#4653 = CIRCLE ( 'NONE', #1155, 2.024999999999997200 ) ;
#4654 = EDGE_CURVE ( 'NONE', #2238, #7563, #8872, .T. ) ;
#4655 = AXIS2_PLACEMENT_3D ( 'NONE', #2657, #6929, #6078 ) ;
#4656 = AXIS2_PLACEMENT_3D ( 'NONE', #1694, #5146, #5184 ) ;
#4657 = ORIENTED_EDGE ( 'NONE', *, *, #7561, .T. ) ;
#4658 = CARTESIAN_POINT ( 'NONE',  ( -1.249999999999999800, 82.56810876809747400, 10.56810876809731100 ) ) ;
#4659 = ORIENTED_EDGE ( 'NONE', *, *, #801, .F. ) ;
#4660 = EDGE_CURVE ( 'NONE', #5841, #6504, #7821, .T. ) ;
#4661 = VECTOR ( 'NONE', #8923, 1000.000000000000000 ) ;
#4662 = FACE_BOUND ( 'NONE', #8155, .T. ) ;
#4663 = DIRECTION ( 'NONE',  ( 1.000000000000000000, 0.0000000000000000000, -0.0000000000000000000 ) ) ;
#4664 = ADVANCED_FACE ( 'NONE', ( #8595 ), #83, .F. ) ;
#4665 = ORIENTED_EDGE ( 'NONE', *, *, #5907, .T. ) ;
#4666 = DIRECTION ( 'NONE',  ( 3.652049423109066300E-016, -0.0000000000000000000, -1.000000000000000000 ) ) ;
#4667 = EDGE_LOOP ( 'NONE', ( #3174, #1492, #7743, #4554 ) ) ;
#4668 = LINE ( 'NONE', #4784, #9160 ) ;
#4669 = EDGE_CURVE ( 'NONE', #2526, #1126, #7552, .T. ) ;
#4670 = AXIS2_PLACEMENT_3D ( 'NONE', #101, #6085, #5307 ) ;
#4671 = PLANE ( 'NONE',  #865 ) ;
#4672 = FACE_OUTER_BOUND ( 'NONE', #7113, .T. ) ;
#4673 = AXIS2_PLACEMENT_3D ( 'NONE', #2954, #2016, #4606 ) ;
#4674 = CARTESIAN_POINT ( 'NONE',  ( 1.250000000000000200, 144.0000000000000000, -6.999999999999999100 ) ) ;
#4675 = VECTOR ( 'NONE', #5417, 1000.000000000000000 ) ;
#4676 = ORIENTED_EDGE ( 'NONE', *, *, #10198, .T. ) ;
#4677 = CARTESIAN_POINT ( 'NONE',  ( 1.250000000000000200, 153.9171726061413500, -7.053390142335809200 ) ) ;
#4678 = VERTEX_POINT ( 'NONE', #1590 ) ;
#4679 = DIRECTION ( 'NONE',  ( 3.652049423109066300E-016, 0.0000000000000000000, -1.000000000000000000 ) ) ;
#4680 = EDGE_CURVE ( 'NONE', #1251, #6686, #7423, .T. ) ;
#4681 = LINE ( 'NONE', #5972, #793 ) ;
#4682 = DIRECTION ( 'NONE',  ( 0.0000000000000000000, 0.0000000000000000000, -1.000000000000000000 ) ) ;
#4683 = DIRECTION ( 'NONE',  ( 0.0000000000000000000, 0.0000000000000000000, -1.000000000000000000 ) ) ;
#4684 = CIRCLE ( 'NONE', #4918, 2.024999999999990100 ) ;
#4685 = LINE ( 'NONE', #9904, #3071 ) ;
#4686 = ORIENTED_EDGE ( 'NONE', *, *, #7164, .F. ) ;
#4687 = EDGE_CURVE ( 'NONE', #539, #814, #4342, .T. ) ;
#4688 = CARTESIAN_POINT ( 'NONE',  ( 8.774999999999987900, 40.00000000000000700, 16.00000000000000400 ) ) ;
#4689 = CARTESIAN_POINT ( 'NONE',  ( -1.249999999999999800, 62.56810876809724700, -6.568108768097241400 ) ) ;
#4690 = ORIENTED_EDGE ( 'NONE', *, *, #8065, .F. ) ;
#4691 = CARTESIAN_POINT ( 'NONE',  ( -1.249999999999999800, 108.6862915010152500, 2.024999999999999900 ) ) ;
#4692 = VERTEX_POINT ( 'NONE', #4995 ) ;
#4693 = CYLINDRICAL_SURFACE ( 'NONE', #10444, 2.024999999999999000 ) ;
#4694 = FACE_OUTER_BOUND ( 'NONE', #9381, .T. ) ;
#4695 = CARTESIAN_POINT ( 'NONE',  ( 1.250000000000000200, 16.00000000000000000, 5.974999999999997900 ) ) ;
#4696 = EDGE_LOOP ( 'NONE', ( #940, #6418, #8468, #4274, #2712 ) ) ;
#4697 = AXIS2_PLACEMENT_3D ( 'NONE', #1645, #7615, #9288 ) ;
#4698 = VERTEX_POINT ( 'NONE', #10088 ) ;
#4699 = CIRCLE ( 'NONE', #6833, 2.025000000000002600 ) ;
#4700 = DIRECTION ( 'NONE',  ( 3.652049423109066300E-016, -0.0000000000000000000, -1.000000000000000000 ) ) ;
#4701 = DIRECTION ( 'NONE',  ( -1.000000000000000000, 0.0000000000000000000, 0.0000000000000000000 ) ) ;
#4702 = CIRCLE ( 'NONE', #10680, 2.024999999999997200 ) ;
#4703 = EDGE_CURVE ( 'NONE', #8004, #6504, #3401, .T. ) ;
#4704 = CARTESIAN_POINT ( 'NONE',  ( 1.250000000000000200, 81.91717260614132100, 7.053390142335818100 ) ) ;
#4705 = ORIENTED_EDGE ( 'NONE', *, *, #8761, .F. ) ;
#4706 = EDGE_LOOP ( 'NONE', ( #2843, #7535, #4756, #5451 ) ) ;
#4707 = CARTESIAN_POINT ( 'NONE',  ( -1.249999999999999800, 61.43189123190277500, -13.43189123190275300 ) ) ;
#4708 = EDGE_LOOP ( 'NONE', ( #7669, #7549 ) ) ;
#4709 = DIRECTION ( 'NONE',  ( 0.0000000000000000000, 0.7071067811865469100, 0.7071067811865482400 ) ) ;
#4710 = CIRCLE ( 'NONE', #2118, 2.024999999999998100 ) ;
#4711 = FACE_OUTER_BOUND ( 'NONE', #6296, .T. ) ;
#4712 = DIRECTION ( 'NONE',  ( 0.0000000000000000000, 0.7071067811865482400, -0.7071067811865469100 ) ) ;
#4713 = DIRECTION ( 'NONE',  ( 1.000000000000000000, -0.0000000000000000000, -0.0000000000000000000 ) ) ;
#4714 = ORIENTED_EDGE ( 'NONE', *, *, #8893, .F. ) ;
#4715 = ORIENTED_EDGE ( 'NONE', *, *, #2512, .F. ) ;
#4716 = EDGE_CURVE ( 'NONE', #4820, #6948, #3144, .T. ) ;
#4717 = ADVANCED_FACE ( 'NONE', ( #5308 ), #746, .F. ) ;
#4718 = ORIENTED_EDGE ( 'NONE', *, *, #704, .T. ) ;
#4719 = AXIS2_PLACEMENT_3D ( 'NONE', #5510, #6378, #6343 ) ;
#4720 = CARTESIAN_POINT ( 'NONE',  ( -1.249999999999999800, 55.05339014233580700, -9.917172606141329900 ) ) ;
#4721 = ORIENTED_EDGE ( 'NONE', *, *, #3402, .T. ) ;
#4722 = DIRECTION ( 'NONE',  ( 0.0000000000000000000, -0.7071067811865463500, 0.7071067811865487900 ) ) ;
#4723 = VECTOR ( 'NONE', #3408, 1000.000000000000000 ) ;
#4724 = EDGE_CURVE ( 'NONE', #792, #5809, #10839, .T. ) ;
#4725 = VERTEX_POINT ( 'NONE', #2369 ) ;
#4726 = ORIENTED_EDGE ( 'NONE', *, *, #7272, .T. ) ;
#4727 = DIRECTION ( 'NONE',  ( -1.826024711554532900E-016, 0.0000000000000000000, 1.000000000000000000 ) ) ;
#4728 = ORIENTED_EDGE ( 'NONE', *, *, #3556, .F. ) ;
#4729 = ORIENTED_EDGE ( 'NONE', *, *, #7997, .T. ) ;
#4730 = EDGE_CURVE ( 'NONE', #8779, #10798, #3019, .T. ) ;
#4731 = AXIS2_PLACEMENT_3D ( 'NONE', #4622, #9648, #10398 ) ;
#4732 = PERSON_AND_ORGANIZATION ( #2851, #8850 ) ;
#4733 = AXIS2_PLACEMENT_3D ( 'NONE', #3214, #800, #4131 ) ;
#4734 = DIRECTION ( 'NONE',  ( 0.0000000000000000000, 0.0000000000000000000, -1.000000000000000000 ) ) ;
#4735 = CARTESIAN_POINT ( 'NONE',  ( 4.724999999999991700, 112.0000000000000100, 16.00000000000000400 ) ) ;
#4736 = CARTESIAN_POINT ( 'NONE',  ( 1.250000000000000200, 177.9171726061413800, -7.053390142335809200 ) ) ;
#4737 = FACE_OUTER_BOUND ( 'NONE', #249, .T. ) ;
#4738 = ORIENTED_EDGE ( 'NONE', *, *, #2567, .T. ) ;
#4739 = CARTESIAN_POINT ( 'NONE',  ( -1.249999999999999800, 151.0533901423358100, 9.917172606141324600 ) ) ;
#4740 = DIRECTION ( 'NONE',  ( 0.0000000000000000000, -0.7071067811865487900, -0.7071067811865463500 ) ) ;
#4741 = VERTEX_POINT ( 'NONE', #5828 ) ;
#4742 = ORIENTED_EDGE ( 'NONE', *, *, #8250, .T. ) ;
#4743 = DIRECTION ( 'NONE',  ( 0.0000000000000000000, -0.7071067811865500200, -0.7071067811865450200 ) ) ;
#4744 = LINE ( 'NONE', #5781, #5295 ) ;
#4745 = DIRECTION ( 'NONE',  ( 0.0000000000000000000, 1.000000000000000000, 0.0000000000000000000 ) ) ;
#4746 = VERTEX_POINT ( 'NONE', #747 ) ;
#4747 = CIRCLE ( 'NONE', #6894, 2.024999999999997200 ) ;
#4748 = EDGE_CURVE ( 'NONE', #5007, #6644, #2333, .T. ) ;
#4749 = DIRECTION ( 'NONE',  ( 1.826024711554532900E-016, -0.0000000000000000000, 1.000000000000000000 ) ) ;
#4750 = VERTEX_POINT ( 'NONE', #633 ) ;
#4751 = ORIENTED_EDGE ( 'NONE', *, *, #1512, .F. ) ;
#4752 = CIRCLE ( 'NONE', #3205, 2.024999999999998100 ) ;
#4753 = DIRECTION ( 'NONE',  ( 0.0000000000000000000, 0.0000000000000000000, -1.000000000000000000 ) ) ;
#4754 = LINE ( 'NONE', #10017, #8203 ) ;
#4755 = CARTESIAN_POINT ( 'NONE',  ( 1.250000000000000200, 132.6862915010152300, -2.024999999999999900 ) ) ;
#4756 = ORIENTED_EDGE ( 'NONE', *, *, #3189, .T. ) ;
#4757 = VERTEX_POINT ( 'NONE', #6620 ) ;
#4758 = DIRECTION ( 'NONE',  ( -1.000000000000000000, 0.0000000000000000000, 0.0000000000000000000 ) ) ;
#4759 = VECTOR ( 'NONE', #4745, 1000.000000000000000 ) ;
#4760 = VECTOR ( 'NONE', #8721, 1000.000000000000000 ) ;
#4761 = EDGE_CURVE ( 'NONE', #5908, #6046, #2895, .T. ) ;
#4762 = CARTESIAN_POINT ( 'NONE',  ( 1.250000000000000200, 80.48528137423858200, -8.485281374238564200 ) ) ;
#4763 = CARTESIAN_POINT ( 'NONE',  ( 1.250000000000000200, 112.0000000000000000, 5.974999999999997900 ) ) ;
#4764 = ORIENTED_EDGE ( 'NONE', *, *, #10338, .T. ) ;
#4766 = ADVANCED_FACE ( 'NONE', ( #6386 ), #1811, .F. ) ;
#4765 = EDGE_LOOP ( 'NONE', ( #8797, #4024 ) ) ;
#4767 = CARTESIAN_POINT ( 'NONE',  ( 1.250000000000000200, 105.9171726061413500, -7.053390142335809200 ) ) ;
#4768 = VECTOR ( 'NONE', #10469, 1000.000000000000000 ) ;
#4769 = CARTESIAN_POINT ( 'NONE',  ( 6.749999999999990200, 112.0000000000000100, 13.50000000000000000 ) ) ;
#4770 = AXIS2_PLACEMENT_3D ( 'NONE', #3765, #1339, #8966 ) ;
#4771 = FACE_OUTER_BOUND ( 'NONE', #878, .T. ) ;
#4772 = DIRECTION ( 'NONE',  ( 0.0000000000000000000, 0.0000000000000000000, -1.000000000000000000 ) ) ;
#4773 = CARTESIAN_POINT ( 'NONE',  ( 6.749999999999989300, 48.00000000000000700, 16.00000000000000400 ) ) ;
#4774 = ORIENTED_EDGE ( 'NONE', *, *, #5872, .T. ) ;
#4775 = ORIENTED_EDGE ( 'NONE', *, *, #5583, .T. ) ;
#4776 = AXIS2_PLACEMENT_3D ( 'NONE', #8064, #8790, #8026 ) ;
#4777 = DIRECTION ( 'NONE',  ( 0.0000000000000000000, 0.0000000000000000000, -1.000000000000000000 ) ) ;
#4778 = FACE_OUTER_BOUND ( 'NONE', #5099, .T. ) ;
#4779 = ADVANCED_FACE ( 'NONE', ( #9660 ), #5893, .F. ) ;
#4780 = DIRECTION ( 'NONE',  ( 3.652049423109066300E-016, -0.0000000000000000000, -1.000000000000000000 ) ) ;
#4781 = EDGE_CURVE ( 'NONE', #1988, #8421, #4061, .T. ) ;
#4782 = CARTESIAN_POINT ( 'NONE',  ( 6.749999999999989300, 88.00000000000002800, 16.00000000000000400 ) ) ;
#4783 = CIRCLE ( 'NONE', #2211, 2.024999999999998100 ) ;
#4784 = CARTESIAN_POINT ( 'NONE',  ( -46.75000000000000000, 8.485281374238571300, -10.51028137423856600 ) ) ;
#4785 = ORIENTED_EDGE ( 'NONE', *, *, #7764, .F. ) ;
#4786 = ORIENTED_EDGE ( 'NONE', *, *, #5907, .F. ) ;
#4787 = DIRECTION ( 'NONE',  ( 0.0000000000000000000, 0.7071067811865505700, -0.7071067811865444600 ) ) ;
#4788 = LINE ( 'NONE', #10653, #5192 ) ;
#4789 = EDGE_CURVE ( 'NONE', #1119, #4636, #5165, .T. ) ;
#4790 = AXIS2_PLACEMENT_3D ( 'NONE', #237, #5325, #5363 ) ;
#4791 = LINE ( 'NONE', #4578, #4675 ) ;
#4792 = AXIS2_PLACEMENT_3D ( 'NONE', #9448, #6978, #7777 ) ;
#4793 = CARTESIAN_POINT ( 'NONE',  ( 8.774999999999987900, 112.0000000000000100, 13.50000000000000000 ) ) ;
#4794 = EDGE_CURVE ( 'NONE', #8755, #7310, #3815, .T. ) ;
#4795 = ORIENTED_EDGE ( 'NONE', *, *, #2946, .T. ) ;
#4796 = ORIENTED_EDGE ( 'NONE', *, *, #7196, .T. ) ;
#4797 = CARTESIAN_POINT ( 'NONE',  ( 1.250000000000000200, 168.0000000000000000, 6.999999999999999100 ) ) ;
#4798 = CIRCLE ( 'NONE', #1748, 2.025000000000002600 ) ;
#4799 = ORIENTED_EDGE ( 'NONE', *, *, #7508, .T. ) ;
#4800 = CIRCLE ( 'NONE', #10073, 2.025000000000000800 ) ;
#4801 = CARTESIAN_POINT ( 'NONE',  ( 1.250000000000000200, 8.000000000000000000, 5.974999999999994300 ) ) ;
#4802 = DIRECTION ( 'NONE',  ( 3.652049423109066300E-016, 0.0000000000000000000, -1.000000000000000000 ) ) ;
#4803 = VECTOR ( 'NONE', #9053, 1000.000000000000000 ) ;
#4804 = CARTESIAN_POINT ( 'NONE',  ( -1.249999999999999800, 105.4318912319027700, -6.568108768097234300 ) ) ;
#4805 = VERTEX_POINT ( 'NONE', #10867 ) ;
#4806 = EDGE_CURVE ( 'NONE', #5742, #6206, #8337, .T. ) ;
#4807 = ORIENTED_EDGE ( 'NONE', *, *, #8712, .T. ) ;
#4808 = VERTEX_POINT ( 'NONE', #708 ) ;
#4809 = AXIS2_PLACEMENT_3D ( 'NONE', #1711, #6141, #2569 ) ;
#4810 = FACE_BOUND ( 'NONE', #5540, .T. ) ;
#4811 = DIRECTION ( 'NONE',  ( 1.826024711554532900E-016, -0.0000000000000000000, 1.000000000000000000 ) ) ;
#4812 = CARTESIAN_POINT ( 'NONE',  ( 6.750000000000000900, 96.00000000000000000, -15.99999999999999600 ) ) ;
#4813 = VECTOR ( 'NONE', #6392, 999.9999999999998900 ) ;
#4814 = ORIENTED_EDGE ( 'NONE', *, *, #7693, .T. ) ;
#4815 = CARTESIAN_POINT ( 'NONE',  ( -1.249999999999999800, 35.31370849898475900, -2.024999999999999900 ) ) ;
#4816 = DIRECTION ( 'NONE',  ( 1.000000000000000000, -0.0000000000000000000, 0.0000000000000000000 ) ) ;
#4817 = ORIENTED_EDGE ( 'NONE', *, *, #3880, .F. ) ;
#4818 = CARTESIAN_POINT ( 'NONE',  ( 4.725000000000003200, 152.0000000000000300, -15.99999999999999600 ) ) ;
#4819 = CARTESIAN_POINT ( 'NONE',  ( -46.75000000000000000, 7.053390142335811900, -9.917172606141324600 ) ) ;
#4820 = VERTEX_POINT ( 'NONE', #5925 ) ;
#4821 = CIRCLE ( 'NONE', #4697, 2.024999999999999900 ) ;
#4822 = ADVANCED_FACE ( 'NONE', ( #4330 ), #1407, .F. ) ;
#4823 = CARTESIAN_POINT ( 'NONE',  ( 4.725000000000003200, 176.0000000000000300, -15.99999999999999600 ) ) ;
#4824 = CIRCLE ( 'NONE', #8842, 2.024999999999990100 ) ;
#4825 = CARTESIAN_POINT ( 'NONE',  ( 1.250000000000000200, 174.5681087680972600, -9.431891231902755000 ) ) ;
#4826 = VERTEX_POINT ( 'NONE', #5111 ) ;
#4827 = EDGE_LOOP ( 'NONE', ( #8013, #3969, #4742, #7695 ) ) ;
#4828 = VERTEX_POINT ( 'NONE', #2471 ) ;
#4829 = FACE_BOUND ( 'NONE', #2315, .T. ) ;
#4830 = ORIENTED_EDGE ( 'NONE', *, *, #2931, .T. ) ;
#4831 = DIRECTION ( 'NONE',  ( 1.000000000000000000, -0.0000000000000000000, 0.0000000000000000000 ) ) ;
#4832 = FACE_BOUND ( 'NONE', #2110, .T. ) ;
#4833 = LINE ( 'NONE', #4374, #310 ) ;
#4834 = ADVANCED_FACE ( 'NONE', ( #9245 ), #6255, .F. ) ;
#4835 = DIRECTION ( 'NONE',  ( 0.0000000000000000000, -0.7071067811865513500, 0.7071067811865436900 ) ) ;
#4836 = DIRECTION ( 'NONE',  ( -1.826024711554532900E-016, 0.0000000000000000000, 1.000000000000000000 ) ) ;
#4837 = CARTESIAN_POINT ( 'NONE',  ( 1.250000000000000200, 127.0533901423358000, 9.917172606141324600 ) ) ;
#4838 = ORIENTED_EDGE ( 'NONE', *, *, #8096, .F. ) ;
#4839 = ORIENTED_EDGE ( 'NONE', *, *, #1001, .T. ) ;
#4840 = CARTESIAN_POINT ( 'NONE',  ( 10.75000000000002300, 192.0000000000000000, -1.491862189340059100E-014 ) ) ;
#4841 = EDGE_LOOP ( 'NONE', ( #7656, #9646, #7582, #4145 ) ) ;
#4842 = VERTEX_POINT ( 'NONE', #8753 ) ;
#4843 = EDGE_CURVE ( 'NONE', #5199, #4165, #4754, .T. ) ;
#4844 = FACE_OUTER_BOUND ( 'NONE', #5831, .T. ) ;
#4845 = CIRCLE ( 'NONE', #8469, 2.025000000000002600 ) ;
#4846 = EDGE_CURVE ( 'NONE', #2170, #4028, #9908, .T. ) ;
#4847 = DIRECTION ( 'NONE',  ( 0.0000000000000000000, 0.0000000000000000000, -1.000000000000000000 ) ) ;
#4848 = VERTEX_POINT ( 'NONE', #4201 ) ;
#4849 = CARTESIAN_POINT ( 'NONE',  ( 6.749999999999989300, 120.0000000000000300, 16.00000000000000400 ) ) ;
#4850 = EDGE_LOOP ( 'NONE', ( #2589, #7738, #1718, #4148 ) ) ;
#4851 = VERTEX_POINT ( 'NONE', #6703 ) ;
#4852 = EDGE_LOOP ( 'NONE', ( #3089, #8426, #3484, #2873 ) ) ;
#4853 = CARTESIAN_POINT ( 'NONE',  ( 6.749999999999989300, 120.0000000000000300, 16.00000000000000400 ) ) ;
#4854 = CARTESIAN_POINT ( 'NONE',  ( -1.250000000000001100, 185.4318912319027400, -9.431891231902744400 ) ) ;
#4855 = VECTOR ( 'NONE', #9248, 1000.000000000000000 ) ;
#4856 = CARTESIAN_POINT ( 'NONE',  ( -1.249999999999999800, 129.4318912319027700, -6.568108768097234300 ) ) ;
#4857 = DIRECTION ( 'NONE',  ( 1.000000000000000000, -0.0000000000000000000, 0.0000000000000000000 ) ) ;
#4858 = EDGE_CURVE ( 'NONE', #4983, #8403, #874, .T. ) ;
#4859 = AXIS2_PLACEMENT_3D ( 'NONE', #8283, #10794, #6561 ) ;
#4860 = LINE ( 'NONE', #9972, #1507 ) ;
#4861 = VERTEX_POINT ( 'NONE', #7612 ) ;
#4862 = AXIS2_PLACEMENT_3D ( 'NONE', #4508, #3523, #5423 ) ;
#4863 = CARTESIAN_POINT ( 'NONE',  ( 8.774999999999987900, 128.0000000000000000, 16.00000000000000400 ) ) ;
#4864 = EDGE_CURVE ( 'NONE', #3548, #2893, #3137, .T. ) ;
#4865 = ORIENTED_EDGE ( 'NONE', *, *, #6207, .F. ) ;
#4866 = CIRCLE ( 'NONE', #1608, 2.024999999999997200 ) ;
#4867 = PERSON_AND_ORGANIZATION ( #2851, #8850 ) ;
#4868 = ORIENTED_EDGE ( 'NONE', *, *, #9553, .F. ) ;
#4869 = CARTESIAN_POINT ( 'NONE',  ( 1.250000000000000200, 184.0000000000000000, 5.975000000000022700 ) ) ;
#4870 = CIRCLE ( 'NONE', #4001, 2.024999999999997200 ) ;
#4871 = ORIENTED_EDGE ( 'NONE', *, *, #10873, .F. ) ;
#4872 = CARTESIAN_POINT ( 'NONE',  ( 4.724999999999991700, 168.0000000000000000, 16.00000000000000400 ) ) ;
#4873 = EDGE_CURVE ( 'NONE', #4960, #1861, #7038, .T. ) ;
#4874 = APPROVAL ( #10546, 'UNSPECIFIED' ) ;
#4875 = VERTEX_POINT ( 'NONE', #2456 ) ;
#4876 = VERTEX_POINT ( 'NONE', #7511 ) ;
#4877 = AXIS2_PLACEMENT_3D ( 'NONE', #3696, #3729, #2057 ) ;
#4878 = CARTESIAN_POINT ( 'NONE',  ( 8.774999999999998600, 48.00000000000000700, -13.50000000000000200 ) ) ;
#4879 = DIRECTION ( 'NONE',  ( 3.652049423109066300E-016, -0.0000000000000000000, -1.000000000000000000 ) ) ;
#4880 = ORIENTED_EDGE ( 'NONE', *, *, #10158, .T. ) ;
#4881 = FACE_OUTER_BOUND ( 'NONE', #4667, .T. ) ;
#4882 = ADVANCED_FACE ( 'NONE', ( #6501 ), #2748, .F. ) ;
#4883 = CARTESIAN_POINT ( 'NONE',  ( -1.249999999999999800, 13.43189123190261800, 13.43189123190273400 ) ) ;
#4884 = FACE_OUTER_BOUND ( 'NONE', #10094, .T. ) ;
#4885 = CARTESIAN_POINT ( 'NONE',  ( -1.249999999999999800, 136.0000000000000000, -7.999999999999996400 ) ) ;
#4886 = EDGE_CURVE ( 'NONE', #10772, #9348, #10587, .T. ) ;
#4887 = CARTESIAN_POINT ( 'NONE',  ( 1.250000000000000200, 64.00000000000000000, -7.999999999999996400 ) ) ;
#4888 = ORIENTED_EDGE ( 'NONE', *, *, #2259, .F. ) ;
#4889 = ORIENTED_EDGE ( 'NONE', *, *, #1640, .T. ) ;
#4890 = CIRCLE ( 'NONE', #3011, 2.025000000000002600 ) ;
#4891 = EDGE_CURVE ( 'NONE', #1813, #10236, #2200, .T. ) ;
#4892 = CIRCLE ( 'NONE', #8637, 2.024999999999998100 ) ;
#4893 = ADVANCED_FACE ( 'NONE', ( #4884 ), #219, .F. ) ;
#4894 = DIRECTION ( 'NONE',  ( 0.0000000000000000000, 0.0000000000000000000, -1.000000000000000000 ) ) ;
#4895 = AXIS2_PLACEMENT_3D ( 'NONE', #10720, #2144, #4701 ) ;
#4896 = DIRECTION ( 'NONE',  ( 0.0000000000000000000, 0.7071067811865482400, -0.7071067811865469100 ) ) ;
#4897 = ORIENTED_EDGE ( 'NONE', *, *, #2146, .F. ) ;
#4898 = ORIENTED_EDGE ( 'NONE', *, *, #6735, .T. ) ;
#4899 = CARTESIAN_POINT ( 'NONE',  ( -1.249999999999999800, 89.43189123190276700, -9.431891231902755000 ) ) ;
#4900 = VECTOR ( 'NONE', #3417, 1000.000000000000000 ) ;
#4901 = DIRECTION ( 'NONE',  ( 1.000000000000000000, -0.0000000000000000000, -0.0000000000000000000 ) ) ;
#4902 = DIRECTION ( 'NONE',  ( 1.000000000000000000, -0.0000000000000000000, -0.0000000000000000000 ) ) ;
#4903 = FACE_BOUND ( 'NONE', #10651, .T. ) ;
#4904 = AXIS2_PLACEMENT_3D ( 'NONE', #9014, #482, #6598 ) ;
#4905 = DIRECTION ( 'NONE',  ( 1.000000000000000000, -0.0000000000000000000, -0.0000000000000000000 ) ) ;
#4906 = VERTEX_POINT ( 'NONE', #8488 ) ;
#4907 = EDGE_LOOP ( 'NONE', ( #7255, #2320, #2702, #5777 ) ) ;
#4908 = FACE_OUTER_BOUND ( 'NONE', #8954, .T. ) ;
#4909 = CARTESIAN_POINT ( 'NONE',  ( 1.250000000000000200, 130.5681087680974600, 10.56810876809731100 ) ) ;
#4910 = EDGE_CURVE ( 'NONE', #4875, #4502, #4484, .T. ) ;
#4911 = FACE_BOUND ( 'NONE', #6011, .T. ) ;
#4912 = DIRECTION ( 'NONE',  ( -1.000000000000000000, 0.0000000000000000000, 0.0000000000000000000 ) ) ;
#4913 = DIRECTION ( 'NONE',  ( 0.0000000000000000000, 0.0000000000000000000, -1.000000000000000000 ) ) ;
#4914 = DIRECTION ( 'NONE',  ( 0.0000000000000000000, 0.0000000000000000000, -1.000000000000000000 ) ) ;
#4915 = ORIENTED_EDGE ( 'NONE', *, *, #2433, .T. ) ;
#4916 = VERTEX_POINT ( 'NONE', #10035 ) ;
#4917 = DIRECTION ( 'NONE',  ( 1.000000000000000000, 0.0000000000000000000, -0.0000000000000000000 ) ) ;
#4918 = AXIS2_PLACEMENT_3D ( 'NONE', #5940, #80, #860 ) ;
#4919 = CYLINDRICAL_SURFACE ( 'NONE', #7771, 2.024999999999999900 ) ;
#4920 = DIRECTION ( 'NONE',  ( -1.826024711554532900E-016, 0.0000000000000000000, 1.000000000000000000 ) ) ;
#4921 = CIRCLE ( 'NONE', #2424, 2.025000000000000800 ) ;
#4922 = DIRECTION ( 'NONE',  ( 1.000000000000000000, -0.0000000000000000000, 0.0000000000000000000 ) ) ;
#4923 = EDGE_CURVE ( 'NONE', #2413, #825, #10831, .T. ) ;
#4924 = AXIS2_PLACEMENT_3D ( 'NONE', #9443, #7856, #6153 ) ;
#4925 = ORIENTED_EDGE ( 'NONE', *, *, #9806, .F. ) ;
#4926 = DIRECTION ( 'NONE',  ( -1.000000000000000000, 0.0000000000000000000, 0.0000000000000000000 ) ) ;
#4927 = ORIENTED_EDGE ( 'NONE', *, *, #6152, .T. ) ;
#4928 = CARTESIAN_POINT ( 'NONE',  ( 8.774999999999998600, 88.00000000000002800, -15.99999999999999600 ) ) ;
#4929 = CIRCLE ( 'NONE', #6765, 2.024999999999997200 ) ;
#4930 = EDGE_CURVE ( 'NONE', #9373, #4750, #6375, .T. ) ;
#4931 = DIRECTION ( 'NONE',  ( 0.0000000000000000000, 0.7071067811865424700, -0.7071067811865526800 ) ) ;
#4932 = DIRECTION ( 'NONE',  ( 3.652049423109066300E-016, -0.0000000000000000000, -1.000000000000000000 ) ) ;
#4933 = LINE ( 'NONE', #104, #6938 ) ;
#4934 = CARTESIAN_POINT ( 'NONE',  ( 1.250000000000000200, 72.00000000000001400, 2.024999999999999900 ) ) ;
#4935 = VECTOR ( 'NONE', #1030, 1000.000000000000000 ) ;
#4936 = ADVANCED_FACE ( 'NONE', ( #10708 ), #611, .F. ) ;
#4937 = DIRECTION ( 'NONE',  ( 1.000000000000000000, -0.0000000000000000000, -0.0000000000000000000 ) ) ;
#4938 = DIRECTION ( 'NONE',  ( 0.0000000000000000000, 0.0000000000000000000, -1.000000000000000000 ) ) ;
#4939 = VERTEX_POINT ( 'NONE', #9228 ) ;
#4940 = VERTEX_POINT ( 'NONE', #10106 ) ;
#4941 = FACE_BOUND ( 'NONE', #1833, .T. ) ;
#4942 = EDGE_CURVE ( 'NONE', #1241, #10226, #6756, .T. ) ;
#4943 = AXIS2_PLACEMENT_3D ( 'NONE', #2452, #4157, #6838 ) ;
#4944 = FACE_OUTER_BOUND ( 'NONE', #10146, .T. ) ;
#4945 = DIRECTION ( 'NONE',  ( 3.652049423109066300E-016, 0.0000000000000000000, -1.000000000000000000 ) ) ;
#4946 = AXIS2_PLACEMENT_3D ( 'NONE', #1327, #8803, #2904 ) ;
#4947 = LINE ( 'NONE', #10718, #5 ) ;
#4948 = ORIENTED_EDGE ( 'NONE', *, *, #1466, .T. ) ;
#4949 = ADVANCED_FACE ( 'NONE', ( #10956 ), #7415, .F. ) ;
#4950 = DIRECTION ( 'NONE',  ( 3.652049423109066300E-016, 0.0000000000000000000, -1.000000000000000000 ) ) ;
#4951 = EDGE_LOOP ( 'NONE', ( #6847, #3341, #9024, #7938 ) ) ;
#4952 = ORIENTED_EDGE ( 'NONE', *, *, #326, .T. ) ;
#4953 = CIRCLE ( 'NONE', #8110, 2.024999999999997200 ) ;
#4954 = DIRECTION ( 'NONE',  ( 3.652049423109066300E-016, -0.0000000000000000000, -1.000000000000000000 ) ) ;
#4955 = VECTOR ( 'NONE', #5228, 1000.000000000000000 ) ;
#4956 = EDGE_CURVE ( 'NONE', #5378, #3072, #9118, .T. ) ;
#4957 = DIRECTION ( 'NONE',  ( 3.652049423109066300E-016, 0.0000000000000000000, -1.000000000000000000 ) ) ;
#4958 = DIRECTION ( 'NONE',  ( -1.000000000000000000, 0.0000000000000000000, 0.0000000000000000000 ) ) ;
#4959 = ORIENTED_EDGE ( 'NONE', *, *, #6926, .T. ) ;
#4960 = VERTEX_POINT ( 'NONE', #5983 ) ;
#4961 = CYLINDRICAL_SURFACE ( 'NONE', #346, 2.024999999999998100 ) ;
#4962 = LINE ( 'NONE', #8599, #5768 ) ;
#4963 = CARTESIAN_POINT ( 'NONE',  ( 1.250000000000000200, 97.43189123190339300, -97.43189123190269600 ) ) ;
#4964 = ORIENTED_EDGE ( 'NONE', *, *, #3732, .T. ) ;
#4965 = DIRECTION ( 'NONE',  ( 1.000000000000000000, -0.0000000000000000000, -0.0000000000000000000 ) ) ;
#4966 = ORIENTED_EDGE ( 'NONE', *, *, #8838, .T. ) ;
#4967 = ORIENTED_EDGE ( 'NONE', *, *, #3159, .F. ) ;
#4968 = DIRECTION ( 'NONE',  ( 3.652049423109066300E-016, -0.0000000000000000000, -1.000000000000000000 ) ) ;
#4969 = ORIENTED_EDGE ( 'NONE', *, *, #10019, .T. ) ;
#4970 = FACE_OUTER_BOUND ( 'NONE', #694, .T. ) ;
#4971 = CYLINDRICAL_SURFACE ( 'NONE', #1286, 2.024999999999998100 ) ;
#4972 = EDGE_CURVE ( 'NONE', #2238, #4826, #2073, .T. ) ;
#4973 = ORIENTED_EDGE ( 'NONE', *, *, #5031, .F. ) ;
#4974 = DIRECTION ( 'NONE',  ( -1.000000000000000000, 0.0000000000000000000, 0.0000000000000000000 ) ) ;
#4975 = VERTEX_POINT ( 'NONE', #8598 ) ;
#4976 = DIRECTION ( 'NONE',  ( -1.000000000000000000, 0.0000000000000000000, 0.0000000000000000000 ) ) ;
#4977 = DIRECTION ( 'NONE',  ( -1.000000000000000000, 0.0000000000000000000, 0.0000000000000000000 ) ) ;
#4978 = ORIENTED_EDGE ( 'NONE', *, *, #10999, .T. ) ;
#4979 = EDGE_LOOP ( 'NONE', ( #6082, #3945, #2053, #267, #2443 ) ) ;
#4980 = CIRCLE ( 'NONE', #1343, 2.024999999999999900 ) ;
#4981 = AXIS2_PLACEMENT_3D ( 'NONE', #7543, #4018, #5833 ) ;
#4982 = DIRECTION ( 'NONE',  ( 1.000000000000000000, 0.0000000000000000000, 0.0000000000000000000 ) ) ;
#4983 = VERTEX_POINT ( 'NONE', #6963 ) ;
#4984 = ADVANCED_FACE ( 'NONE', ( #1947 ), #72, .F. ) ;
#4985 = DIRECTION ( 'NONE',  ( 0.0000000000000000000, -0.7071067811865487900, -0.7071067811865463500 ) ) ;
#4986 = EDGE_LOOP ( 'NONE', ( #3993, #834, #4839, #3139 ) ) ;
#4987 = AXIS2_PLACEMENT_3D ( 'NONE', #202, #5290, #4401 ) ;
#4988 = DIRECTION ( 'NONE',  ( -1.000000000000000000, 0.0000000000000000000, 0.0000000000000000000 ) ) ;
#4989 = ORIENTED_EDGE ( 'NONE', *, *, #8117, .T. ) ;
#4990 = EDGE_CURVE ( 'NONE', #7653, #2944, #8328, .T. ) ;
#4991 = CARTESIAN_POINT ( 'NONE',  ( 6.749999999999990200, 8.000000000000007100, 13.50000000000000000 ) ) ;
#4992 = LOCAL_TIME ( 12, 7, 3.000000000000000000, #7273 ) ;
#4993 = VECTOR ( 'NONE', #8149, 1000.000000000000000 ) ;
#4994 = EDGE_LOOP ( 'NONE', ( #8706, #7386, #8105, #45 ) ) ;
#4995 = CARTESIAN_POINT ( 'NONE',  ( 8.774999999999987900, 24.00000000000000700, 16.00000000000000400 ) ) ;
#4996 = ADVANCED_FACE ( 'NONE', ( #3682 ), #8457, .F. ) ;
#4997 = DIRECTION ( 'NONE',  ( 0.0000000000000000000, -0.7071067811865463500, -0.7071067811865487900 ) ) ;
#4998 = CARTESIAN_POINT ( 'NONE',  ( -1.249999999999999800, 107.3137084989847800, 0.0000000000000000000 ) ) ;
#4999 = EDGE_LOOP ( 'NONE', ( #5238, #3850, #4593, #3003 ) ) ;
#5000 = DIRECTION ( 'NONE',  ( 1.826024711554532900E-016, -0.0000000000000000000, 1.000000000000000000 ) ) ;
#5001 = VERTEX_POINT ( 'NONE', #7686 ) ;
#5002 = EDGE_CURVE ( 'NONE', #9365, #6644, #5148, .T. ) ;
#5003 = AXIS2_PLACEMENT_3D ( 'NONE', #8874, #1213, #7895 ) ;
#5004 = CARTESIAN_POINT ( 'NONE',  ( -1.249999999999999800, 17.43189123190276000, 9.431891231902762100 ) ) ;
#5005 = CIRCLE ( 'NONE', #7030, 2.024999999999998100 ) ;
#5006 = AXIS2_PLACEMENT_3D ( 'NONE', #1686, #9296, #5916 ) ;
#5007 = VERTEX_POINT ( 'NONE', #2607 ) ;
#5008 = CARTESIAN_POINT ( 'NONE',  ( -1.249999999999999800, 78.56810876809724700, 9.431891231902756800 ) ) ;
#5009 = CYLINDRICAL_SURFACE ( 'NONE', #10115, 2.024999999999998100 ) ;
#5010 = DIRECTION ( 'NONE',  ( 1.000000000000000000, -0.0000000000000000000, 0.0000000000000000000 ) ) ;
#5011 = DIRECTION ( 'NONE',  ( 0.0000000000000000000, 0.7071067811865436900, 0.7071067811865513500 ) ) ;
#5012 = EDGE_CURVE ( 'NONE', #3590, #3102, #6093, .T. ) ;
#5013 = ORIENTED_EDGE ( 'NONE', *, *, #6320, .F. ) ;
#5014 = ORIENTED_EDGE ( 'NONE', *, *, #852, .T. ) ;
#5015 = CARTESIAN_POINT ( 'NONE',  ( -1.249999999999999800, 168.0000000000000000, 0.0000000000000000000 ) ) ;
#5016 = CARTESIAN_POINT ( 'NONE',  ( -1.249999999999999800, 33.43189123190276000, -6.568108768097234300 ) ) ;
#5017 = CYLINDRICAL_SURFACE ( 'NONE', #6463, 6.999999999999999100 ) ;
#5018 = FACE_OUTER_BOUND ( 'NONE', #2990, .T. ) ;
#5019 = DIRECTION ( 'NONE',  ( 1.000000000000000000, 0.0000000000000000000, 0.0000000000000000000 ) ) ;
#5020 = EDGE_CURVE ( 'NONE', #1687, #573, #6245, .T. ) ;
#5021 = AXIS2_PLACEMENT_3D ( 'NONE', #7762, #7723, #49 ) ;
#5022 = DIRECTION ( 'NONE',  ( 1.000000000000000000, -0.0000000000000000000, -0.0000000000000000000 ) ) ;
#5023 = VERTEX_POINT ( 'NONE', #2687 ) ;
#5024 = ORIENTED_EDGE ( 'NONE', *, *, #5103, .F. ) ;
#5025 = CARTESIAN_POINT ( 'NONE',  ( 4.724999999999993400, 112.0000000000000100, 13.50000000000000000 ) ) ;
#5026 = CIRCLE ( 'NONE', #6876, 2.024999999999990100 ) ;
#5027 = LINE ( 'NONE', #4524, #2760 ) ;
#5028 = EDGE_CURVE ( 'NONE', #8428, #4636, #2323, .T. ) ;
#5029 = DIRECTION ( 'NONE',  ( 3.652049423109066300E-016, 0.0000000000000000000, -1.000000000000000000 ) ) ;
#5030 = ORIENTED_EDGE ( 'NONE', *, *, #8205, .F. ) ;
#5031 = EDGE_CURVE ( 'NONE', #10103, #9214, #7672, .T. ) ;
#5032 = DIRECTION ( 'NONE',  ( 3.652049423109066300E-016, 0.0000000000000000000, -1.000000000000000000 ) ) ;
#5033 = LINE ( 'NONE', #8267, #1826 ) ;
#5034 = CARTESIAN_POINT ( 'NONE',  ( 4.724999999999991700, 88.00000000000002800, 16.00000000000000400 ) ) ;
#5035 = DIRECTION ( 'NONE',  ( 3.652049423109066300E-016, 0.0000000000000000000, -1.000000000000000000 ) ) ;
#5036 = CARTESIAN_POINT ( 'NONE',  ( 6.749999999999989300, 144.0000000000000300, 16.00000000000000400 ) ) ;
#5037 = CYLINDRICAL_SURFACE ( 'NONE', #3354, 2.025000000000000800 ) ;
#5038 = ADVANCED_FACE ( 'NONE', ( #1800 ), #3932, .F. ) ;
#5039 = CARTESIAN_POINT ( 'NONE',  ( -1.250000000000001100, 8.485281374238571300, -10.51028137423856600 ) ) ;
#5040 = EDGE_LOOP ( 'NONE', ( #5123, #3860, #1929, #10430 ) ) ;
#5041 = ORIENTED_EDGE ( 'NONE', *, *, #7576, .F. ) ;
#5042 = DIRECTION ( 'NONE',  ( 1.000000000000000000, -0.0000000000000000000, 0.0000000000000000000 ) ) ;
#5043 = LINE ( 'NONE', #7814, #9016 ) ;
#5044 = AXIS2_PLACEMENT_3D ( 'NONE', #37, #4434, #1738 ) ;
#5045 = VECTOR ( 'NONE', #1383, 1000.000000000000000 ) ;
#5046 = DIRECTION ( 'NONE',  ( 0.0000000000000000000, 0.0000000000000000000, -1.000000000000000000 ) ) ;
#5047 = CARTESIAN_POINT ( 'NONE',  ( -46.75000000000000000, 8.485281374238569500, 8.485281374238569500 ) ) ;
#5048 = CARTESIAN_POINT ( 'NONE',  ( 8.774999999999987900, 152.0000000000000300, 16.00000000000000400 ) ) ;
#5049 = ORIENTED_EDGE ( 'NONE', *, *, #1224, .F. ) ;
#5051 = ADVANCED_FACE ( 'NONE', ( #5018 ), #7953, .F. ) ;
#5050 = VERTEX_POINT ( 'NONE', #1867 ) ;
#5052 = EDGE_CURVE ( 'NONE', #1813, #1392, #1149, .T. ) ;
#5053 = VECTOR ( 'NONE', #2176, 1000.000000000000000 ) ;
#5054 = CARTESIAN_POINT ( 'NONE',  ( -1.249999999999999800, 10.56810876809746200, 10.56810876809731100 ) ) ;
#5055 = EDGE_CURVE ( 'NONE', #68, #3590, #5436, .T. ) ;
#5056 = FACE_OUTER_BOUND ( 'NONE', #9895, .T. ) ;
#5057 = DIRECTION ( 'NONE',  ( -1.000000000000000000, 0.0000000000000000000, 0.0000000000000000000 ) ) ;
#5058 = CARTESIAN_POINT ( 'NONE',  ( 1.250000000000000200, 9.917172606141326300, 7.053390142335806500 ) ) ;
#5059 = ORIENTED_EDGE ( 'NONE', *, *, #9766, .T. ) ;
#5060 = ORIENTED_EDGE ( 'NONE', *, *, #9976, .T. ) ;
#5061 = FACE_OUTER_BOUND ( 'NONE', #9459, .T. ) ;
#5062 = DIRECTION ( 'NONE',  ( 0.0000000000000000000, 0.0000000000000000000, -1.000000000000000000 ) ) ;
#5063 = EDGE_LOOP ( 'NONE', ( #3470, #2111, #10739, #8050, #7043 ) ) ;
#5064 = LINE ( 'NONE', #7606, #9714 ) ;
#5065 = EDGE_CURVE ( 'NONE', #2968, #570, #360, .T. ) ;
#5066 = CYLINDRICAL_SURFACE ( 'NONE', #10036, 2.025000000000004400 ) ;
#5067 = AXIS2_PLACEMENT_3D ( 'NONE', #1460, #7237, #10612 ) ;
#5068 = VERTEX_POINT ( 'NONE', #10462 ) ;
#5069 = CARTESIAN_POINT ( 'NONE',  ( -1.249999999999999800, 152.0000000000000000, 8.000000000000000000 ) ) ;
#5070 = CARTESIAN_POINT ( 'NONE',  ( 1.250000000000000200, 16.00000000000000700, -7.999999999999996400 ) ) ;
#5071 = EDGE_CURVE ( 'NONE', #4580, #5108, #5951, .T. ) ;
#5072 = ORIENTED_EDGE ( 'NONE', *, *, #7811, .F. ) ;
#5073 = DIRECTION ( 'NONE',  ( 0.0000000000000000000, 0.0000000000000000000, -1.000000000000000000 ) ) ;
#5074 = DIRECTION ( 'NONE',  ( 1.000000000000000000, 0.0000000000000000000, -1.826024711554532900E-016 ) ) ;
#5075 = EDGE_LOOP ( 'NONE', ( #4817, #10671, #10129, #9793 ) ) ;
#5076 = FACE_BOUND ( 'NONE', #2821, .T. ) ;
#5077 = DIRECTION ( 'NONE',  ( -1.826024711554532900E-016, 0.0000000000000000000, 1.000000000000000000 ) ) ;
#5078 = CARTESIAN_POINT ( 'NONE',  ( 1.250000000000000200, 15.51471862576143900, -8.485281374238566000 ) ) ;
#5079 = FACE_OUTER_BOUND ( 'NONE', #9957, .T. ) ;
#5080 = CARTESIAN_POINT ( 'NONE',  ( -1.249999999999999800, 15.51471862576143900, -10.51028137423856600 ) ) ;
#5081 = DIRECTION ( 'NONE',  ( 1.000000000000000000, -0.0000000000000000000, -0.0000000000000000000 ) ) ;
#5082 = VERTEX_POINT ( 'NONE', #6232 ) ;
#5083 = EDGE_CURVE ( 'NONE', #9290, #5660, #2886, .T. ) ;
#5084 = AXIS2_PLACEMENT_3D ( 'NONE', #5453, #2823, #6274 ) ;
#5085 = VERTEX_POINT ( 'NONE', #7075 ) ;
#5086 = VERTEX_POINT ( 'NONE', #8788 ) ;
#5087 = AXIS2_PLACEMENT_3D ( 'NONE', #9177, #4224, #5116 ) ;
#5088 = CYLINDRICAL_SURFACE ( 'NONE', #7400, 2.025000000000000800 ) ;
#5089 = CARTESIAN_POINT ( 'NONE',  ( 6.750000000000000000, 120.0000000000000300, -13.50000000000000200 ) ) ;
#5090 = VERTEX_POINT ( 'NONE', #5438 ) ;
#5091 = DIRECTION ( 'NONE',  ( 3.652049423109066300E-016, -0.0000000000000000000, -1.000000000000000000 ) ) ;
#5092 = CIRCLE ( 'NONE', #7564, 2.024999999999998100 ) ;
#5093 = CARTESIAN_POINT ( 'NONE',  ( 6.750000000000000900, 176.0000000000000300, -15.99999999999999600 ) ) ;
#5094 = ORIENTED_EDGE ( 'NONE', *, *, #579, .T. ) ;
#5095 = EDGE_CURVE ( 'NONE', #1422, #4805, #10172, .T. ) ;
#5096 = EDGE_LOOP ( 'NONE', ( #8709, #7120, #3564, #8041, #1467 ) ) ;
#5097 = CARTESIAN_POINT ( 'NONE',  ( -1.249999999999999800, 152.0000000000000000, 5.975000000000009400 ) ) ;
#5098 = ADVANCED_FACE ( 'NONE', ( #5693 ), #7405, .F. ) ;
#5099 = EDGE_LOOP ( 'NONE', ( #2203, #6957, #3107, #2663 ) ) ;
#5100 = ORIENTED_EDGE ( 'NONE', *, *, #7304, .F. ) ;
#5101 = DIRECTION ( 'NONE',  ( 1.000000000000000000, -0.0000000000000000000, -0.0000000000000000000 ) ) ;
#5102 = LINE ( 'NONE', #7270, #2038 ) ;
#5103 = EDGE_CURVE ( 'NONE', #9631, #4380, #2875, .T. ) ;
#5104 = VECTOR ( 'NONE', #9720, 1000.000000000000000 ) ;
#5105 = AXIS2_PLACEMENT_3D ( 'NONE', #4542, #4583, #3681 ) ;
#5106 = ORIENTED_EDGE ( 'NONE', *, *, #8467, .T. ) ;
#5107 = EDGE_LOOP ( 'NONE', ( #5587, #1337, #4774, #6100 ) ) ;
#5108 = VERTEX_POINT ( 'NONE', #243 ) ;
#5109 = ORIENTED_EDGE ( 'NONE', *, *, #2617, .T. ) ;
#5110 = ORIENTED_EDGE ( 'NONE', *, *, #3058, .T. ) ;
#5111 = CARTESIAN_POINT ( 'NONE',  ( 1.250000000000000200, 182.5681087680972000, -6.568108768097232500 ) ) ;
#5112 = ADVANCED_FACE ( 'NONE', ( #5682 ), #3256, .F. ) ;
#5113 = DIRECTION ( 'NONE',  ( -1.000000000000000000, 0.0000000000000000000, -0.0000000000000000000 ) ) ;
#5114 = CIRCLE ( 'NONE', #987, 6.999999999999999100 ) ;
#5115 = DIRECTION ( 'NONE',  ( 0.0000000000000000000, 0.0000000000000000000, -1.000000000000000000 ) ) ;
#5116 = DIRECTION ( 'NONE',  ( 1.000000000000000000, 0.0000000000000000000, 0.0000000000000000000 ) ) ;
#5117 = CIRCLE ( 'NONE', #6244, 2.024999999999997200 ) ;
#5118 = DIRECTION ( 'NONE',  ( 0.0000000000000000000, 0.0000000000000000000, -1.000000000000000000 ) ) ;
#5119 = AXIS2_PLACEMENT_3D ( 'NONE', #4782, #10703, #5656 ) ;
#5120 = ORIENTED_EDGE ( 'NONE', *, *, #9526, .T. ) ;
#5121 = ORIENTED_EDGE ( 'NONE', *, *, #2982, .T. ) ;
#5122 = DIRECTION ( 'NONE',  ( 0.0000000000000000000, -0.7071067811865513500, 0.7071067811865436900 ) ) ;
#5123 = ORIENTED_EDGE ( 'NONE', *, *, #7567, .F. ) ;
#5124 = DIRECTION ( 'NONE',  ( 0.0000000000000000000, 0.0000000000000000000, -1.000000000000000000 ) ) ;
#5125 = EDGE_LOOP ( 'NONE', ( #1475, #1751, #1942, #7118 ) ) ;
#5126 = EDGE_CURVE ( 'NONE', #5976, #2434, #738, .T. ) ;
#5127 = CIRCLE ( 'NONE', #5644, 6.999999999999999100 ) ;
#5128 = DIRECTION ( 'NONE',  ( 1.000000000000000000, -0.0000000000000000000, -0.0000000000000000000 ) ) ;
#5129 = LINE ( 'NONE', #3254, #1386 ) ;
#5130 = VERTEX_POINT ( 'NONE', #7923 ) ;
#5131 = ORIENTED_EDGE ( 'NONE', *, *, #8890, .T. ) ;
#5132 = LINE ( 'NONE', #1277, #2311 ) ;
#5133 = DIRECTION ( 'NONE',  ( 1.826024711554532900E-016, -0.0000000000000000000, 1.000000000000000000 ) ) ;
#5134 = ORIENTED_EDGE ( 'NONE', *, *, #9111, .F. ) ;
#5135 = VECTOR ( 'NONE', #2093, 1000.000000000000000 ) ;
#5136 = ORIENTED_EDGE ( 'NONE', *, *, #7795, .F. ) ;
#5137 = CARTESIAN_POINT ( 'NONE',  ( -1.249999999999999800, 14.08282739385868400, -7.053390142335805600 ) ) ;
#5138 = AXIS2_PLACEMENT_3D ( 'NONE', #10427, #6105, #5366 ) ;
#5139 = CARTESIAN_POINT ( 'NONE',  ( 6.749999999999989300, 24.00000000000000700, 16.00000000000000400 ) ) ;
#5140 = EDGE_CURVE ( 'NONE', #8343, #3743, #8078, .T. ) ;
#5141 = CARTESIAN_POINT ( 'NONE',  ( -1.249999999999999800, 15.51471862576143900, -8.485281374238566000 ) ) ;
#5142 = ORIENTED_EDGE ( 'NONE', *, *, #7259, .T. ) ;
#5143 = ORIENTED_EDGE ( 'NONE', *, *, #8572, .F. ) ;
#5144 = ORIENTED_EDGE ( 'NONE', *, *, #8128, .F. ) ;
#5145 = VECTOR ( 'NONE', #393, 1000.000000000000000 ) ;
#5146 = DIRECTION ( 'NONE',  ( -1.000000000000000000, 0.0000000000000000000, -0.0000000000000000000 ) ) ;
#5147 = CARTESIAN_POINT ( 'NONE',  ( -1.249999999999999800, 126.5681087680972300, -9.431891231902755000 ) ) ;
#5148 = LINE ( 'NONE', #3421, #8739 ) ;
#5149 = DIRECTION ( 'NONE',  ( 1.000000000000000000, -0.0000000000000000000, -0.0000000000000000000 ) ) ;
#5150 = DIRECTION ( 'NONE',  ( 0.0000000000000000000, -0.7071067811865450200, 0.7071067811865501300 ) ) ;
#5151 = DIRECTION ( 'NONE',  ( 0.0000000000000000000, -0.7071067811865615600, 0.7071067811865335800 ) ) ;
#5152 = DIRECTION ( 'NONE',  ( 1.000000000000000000, -0.0000000000000000000, -0.0000000000000000000 ) ) ;
#5153 = EDGE_CURVE ( 'NONE', #4555, #1429, #7663, .T. ) ;
#5154 = AXIS2_PLACEMENT_3D ( 'NONE', #1526, #2375, #2446 ) ;
#5155 = CARTESIAN_POINT ( 'NONE',  ( 1.250000000000000200, 185.4318912319027700, 9.431891231902787000 ) ) ;
#5156 = DIRECTION ( 'NONE',  ( 0.0000000000000000000, 0.7071067811865424700, -0.7071067811865526800 ) ) ;
#5157 = ORIENTED_EDGE ( 'NONE', *, *, #9054, .F. ) ;
#5159 = ADVANCED_FACE ( 'NONE', ( #8983 ), #2017, .T. ) ;
#5158 = ORIENTED_EDGE ( 'NONE', *, *, #7214, .F. ) ;
#5160 = AXIS2_PLACEMENT_3D ( 'NONE', #6759, #10974, #2372 ) ;
#5161 = CARTESIAN_POINT ( 'NONE',  ( 1.250000000000000200, 55.99999999999999300, 8.000000000000000000 ) ) ;
#5162 = FACE_OUTER_BOUND ( 'NONE', #10454, .T. ) ;
#5163 = CARTESIAN_POINT ( 'NONE',  ( 1.250000000000000200, 80.48528137423856800, 8.485281374238569500 ) ) ;
#5164 = EDGE_CURVE ( 'NONE', #3195, #117, #8727, .T. ) ;
#5165 = CIRCLE ( 'NONE', #5175, 2.024999999999999900 ) ;
#5166 = DIRECTION ( 'NONE',  ( 0.0000000000000000000, 0.0000000000000000000, -1.000000000000000000 ) ) ;
#5167 = DIRECTION ( 'NONE',  ( 0.0000000000000000000, 0.0000000000000000000, -1.000000000000000000 ) ) ;
#5168 = DIRECTION ( 'NONE',  ( 0.0000000000000000000, 0.0000000000000000000, -1.000000000000000000 ) ) ;
#5169 = CARTESIAN_POINT ( 'NONE',  ( 1.250000000000000200, 108.6862915010152500, 0.0000000000000000000 ) ) ;
#5170 = EDGE_LOOP ( 'NONE', ( #9628, #3030 ) ) ;
#5171 = CYLINDRICAL_SURFACE ( 'NONE', #4790, 2.024999999999998100 ) ;
#5172 = ADVANCED_FACE ( 'NONE', ( #9503 ), #5009, .F. ) ;
#5173 = EDGE_CURVE ( 'NONE', #3312, #9356, #5941, .T. ) ;
#5174 = FACE_BOUND ( 'NONE', #10843, .T. ) ;
#5175 = AXIS2_PLACEMENT_3D ( 'NONE', #8368, #3265, #3298 ) ;
#5176 = CARTESIAN_POINT ( 'NONE',  ( -1.249999999999999800, 160.9466098576642100, -9.917172606141319200 ) ) ;
#5177 = CARTESIAN_POINT ( 'NONE',  ( 6.750000000000000000, 72.00000000000001400, -13.50000000000000200 ) ) ;
#5178 = EDGE_LOOP ( 'NONE', ( #1600, #8958, #10923, #10483 ) ) ;
#5179 = ORIENTED_EDGE ( 'NONE', *, *, #1479, .T. ) ;
#5180 = CARTESIAN_POINT ( 'NONE',  ( 6.749999999999989300, 48.00000000000000700, 16.00000000000000400 ) ) ;
#5181 = CIRCLE ( 'NONE', #786, 2.024999999999997200 ) ;
#5182 = DIRECTION ( 'NONE',  ( 0.0000000000000000000, -0.7071067811865463500, -0.7071067811865487900 ) ) ;
#5183 = CIRCLE ( 'NONE', #2149, 2.024999999999997200 ) ;
#5184 = DIRECTION ( 'NONE',  ( 0.0000000000000000000, 0.0000000000000000000, -1.000000000000000000 ) ) ;
#5185 = EDGE_LOOP ( 'NONE', ( #7111, #7696, #8236, #10197 ) ) ;
#5186 = ORIENTED_EDGE ( 'NONE', *, *, #5821, .T. ) ;
#5187 = CARTESIAN_POINT ( 'NONE',  ( -1.249999999999999800, 176.0000000000000300, -7.999999999999994700 ) ) ;
#5188 = DIRECTION ( 'NONE',  ( 1.000000000000000000, -0.0000000000000000000, 0.0000000000000000000 ) ) ;
#5189 = CARTESIAN_POINT ( 'NONE',  ( 6.749999999999989300, 24.00000000000000700, 16.00000000000000400 ) ) ;
#5190 = CARTESIAN_POINT ( 'NONE',  ( 8.774999999999987900, 112.0000000000000100, 16.00000000000000400 ) ) ;
#5191 = DIRECTION ( 'NONE',  ( 1.000000000000000000, -0.0000000000000000000, -0.0000000000000000000 ) ) ;
#5192 = VECTOR ( 'NONE', #6247, 1000.000000000000000 ) ;
#5193 = DIRECTION ( 'NONE',  ( 1.000000000000000000, 0.0000000000000000000, 0.0000000000000000000 ) ) ;
#5194 = CARTESIAN_POINT ( 'NONE',  ( -1.249999999999999800, 192.0000000000000000, 16.00000000000000000 ) ) ;
#5195 = CARTESIAN_POINT ( 'NONE',  ( 1.250000000000000200, 192.0000000000000000, 13.50000000000000200 ) ) ;
#5196 = FACE_BOUND ( 'NONE', #9674, .T. ) ;
#5197 = DIRECTION ( 'NONE',  ( -1.000000000000000000, 0.0000000000000000000, 0.0000000000000000000 ) ) ;
#5198 = EDGE_LOOP ( 'NONE', ( #9092, #8699, #4437, #7516 ) ) ;
#5199 = VERTEX_POINT ( 'NONE', #3773 ) ;
#5200 = CIRCLE ( 'NONE', #9739, 2.025000000000000800 ) ;
#5201 = CARTESIAN_POINT ( 'NONE',  ( -1.249999999999999800, 85.43189123190266800, 13.43189123190281200 ) ) ;
#5202 = CYLINDRICAL_SURFACE ( 'NONE', #7619, 2.024999999999998100 ) ;
#5203 = CARTESIAN_POINT ( 'NONE',  ( -1.249999999999999800, 156.6862915010152300, 0.0000000000000000000 ) ) ;
#5204 = DIRECTION ( 'NONE',  ( 0.0000000000000000000, 0.7071067811865450200, -0.7071067811865501300 ) ) ;
#5205 = CARTESIAN_POINT ( 'NONE',  ( -46.75000000000000000, 183.5147186257614500, -10.51028137423855000 ) ) ;
#5206 = LINE ( 'NONE', #1365, #9280 ) ;
#5207 = PLANE ( 'NONE',  #9610 ) ;
#5208 = EDGE_CURVE ( 'NONE', #3473, #2022, #7810, .T. ) ;
#5209 = DIRECTION ( 'NONE',  ( 1.000000000000000000, -0.0000000000000000000, -0.0000000000000000000 ) ) ;
#5210 = ORIENTED_EDGE ( 'NONE', *, *, #5684, .F. ) ;
#5211 = EDGE_LOOP ( 'NONE', ( #696, #2151, #8671, #4880 ) ) ;
#5212 = CYLINDRICAL_SURFACE ( 'NONE', #6221, 2.025000000000004400 ) ;
#5213 = EDGE_CURVE ( 'NONE', #8685, #570, #2451, .T. ) ;
#5214 = ADVANCED_FACE ( 'NONE', ( #5819 ), #9897, .F. ) ;
#5215 = CIRCLE ( 'NONE', #619, 2.025000000000000800 ) ;
#5216 = LINE ( 'NONE', #3518, #10101 ) ;
#5217 = CARTESIAN_POINT ( 'NONE',  ( -1.249999999999999800, 79.99999999999998600, 5.975000000000009400 ) ) ;
#5218 = ORIENTED_EDGE ( 'NONE', *, *, #5387, .T. ) ;
#5219 = CARTESIAN_POINT ( 'NONE',  ( -1.249999999999999800, 107.3137084989847800, 0.0000000000000000000 ) ) ;
#5220 = DIRECTION ( 'NONE',  ( 1.000000000000000000, -0.0000000000000000000, 0.0000000000000000000 ) ) ;
#5221 = CARTESIAN_POINT ( 'NONE',  ( -1.249999999999999800, 168.0000000000000000, 0.0000000000000000000 ) ) ;
#5222 = VERTEX_POINT ( 'NONE', #435 ) ;
#5223 = EDGE_LOOP ( 'NONE', ( #1081, #6514 ) ) ;
#5224 = LINE ( 'NONE', #2773, #9969 ) ;
#5225 = EDGE_CURVE ( 'NONE', #7378, #6712, #7284, .T. ) ;
#5226 = AXIS2_PLACEMENT_3D ( 'NONE', #6353, #7931, #3632 ) ;
#5227 = AXIS2_PLACEMENT_3D ( 'NONE', #1775, #7703, #5966 ) ;
#5228 = DIRECTION ( 'NONE',  ( 1.000000000000000000, -0.0000000000000000000, -0.0000000000000000000 ) ) ;
#5229 = VECTOR ( 'NONE', #4591, 1000.000000000000000 ) ;
#5230 = ADVANCED_FACE ( 'NONE', ( #3527 ), #5564, .F. ) ;
#5231 = DIRECTION ( 'NONE',  ( 0.0000000000000000000, 0.7071067811865335800, 0.7071067811865615600 ) ) ;
#5232 = ORIENTED_EDGE ( 'NONE', *, *, #9633, .F. ) ;
#5233 = EDGE_CURVE ( 'NONE', #4916, #8591, #1006, .T. ) ;
#5234 = CARTESIAN_POINT ( 'NONE',  ( -1.249999999999999800, 102.5681087680972600, 9.431891231902756800 ) ) ;
#5235 = DIRECTION ( 'NONE',  ( 1.000000000000000000, -0.0000000000000000000, -0.0000000000000000000 ) ) ;
#5236 = DIRECTION ( 'NONE',  ( 0.0000000000000000000, 0.0000000000000000000, -1.000000000000000000 ) ) ;
#5237 = DIRECTION ( 'NONE',  ( 1.000000000000000000, -0.0000000000000000000, -0.0000000000000000000 ) ) ;
#5238 = ORIENTED_EDGE ( 'NONE', *, *, #4942, .F. ) ;
#5239 = ORIENTED_EDGE ( 'NONE', *, *, #8919, .T. ) ;
#5240 = FACE_OUTER_BOUND ( 'NONE', #2978, .T. ) ;
#5241 = DIRECTION ( 'NONE',  ( 0.0000000000000000000, 0.0000000000000000000, -1.000000000000000000 ) ) ;
#5242 = VERTEX_POINT ( 'NONE', #2225 ) ;
#5243 = DIRECTION ( 'NONE',  ( -1.000000000000000000, 0.0000000000000000000, 0.0000000000000000000 ) ) ;
#5244 = FACE_OUTER_BOUND ( 'NONE', #4986, .T. ) ;
#5245 = CIRCLE ( 'NONE', #5520, 2.024999999999999000 ) ;
#5246 = EDGE_CURVE ( 'NONE', #6314, #7410, #1137, .T. ) ;
#5247 = AXIS2_PLACEMENT_3D ( 'NONE', #4000, #8329, #10833 ) ;
#5248 = CARTESIAN_POINT ( 'NONE',  ( 6.749999999999989300, 120.0000000000000300, 16.00000000000000400 ) ) ;
#5249 = ORIENTED_EDGE ( 'NONE', *, *, #5524, .T. ) ;
#5250 = EDGE_LOOP ( 'NONE', ( #4203, #3896 ) ) ;
#5251 = CARTESIAN_POINT ( 'NONE',  ( 4.724999999999991700, 104.0000000000000100, 16.00000000000000400 ) ) ;
#5252 = ORIENTED_EDGE ( 'NONE', *, *, #10863, .F. ) ;
#5253 = DIRECTION ( 'NONE',  ( 0.0000000000000000000, 0.0000000000000000000, -1.000000000000000000 ) ) ;
#5254 = EDGE_LOOP ( 'NONE', ( #5766, #614, #9482, #5382 ) ) ;
#5255 = ORIENTED_EDGE ( 'NONE', *, *, #7439, .T. ) ;
#5256 = DIRECTION ( 'NONE',  ( 3.652049423109066300E-016, -0.0000000000000000000, -1.000000000000000000 ) ) ;
#5257 = VECTOR ( 'NONE', #1157, 1000.000000000000000 ) ;
#5258 = DIRECTION ( 'NONE',  ( 0.0000000000000000000, 0.7071067811865436900, 0.7071067811865513500 ) ) ;
#5259 = VECTOR ( 'NONE', #4280, 1000.000000000000000 ) ;
#5260 = EDGE_CURVE ( 'NONE', #7512, #3105, #1938, .T. ) ;
#5261 = CARTESIAN_POINT ( 'NONE',  ( -1.249999999999999800, 152.0000000000000000, -7.999999999999994700 ) ) ;
#5262 = ORIENTED_EDGE ( 'NONE', *, *, #10415, .T. ) ;
#5263 = ORIENTED_EDGE ( 'NONE', *, *, #9485, .F. ) ;
#5264 = CARTESIAN_POINT ( 'NONE',  ( -46.75000000000000000, 8.000000000000000000, 7.999999999999996400 ) ) ;
#5265 = ORIENTED_EDGE ( 'NONE', *, *, #8079, .T. ) ;
#5266 = EDGE_CURVE ( 'NONE', #3602, #526, #2738, .T. ) ;
#5267 = CARTESIAN_POINT ( 'NONE',  ( 6.749999999999989300, 72.00000000000001400, 16.00000000000000400 ) ) ;
#5268 = VERTEX_POINT ( 'NONE', #6379 ) ;
#5269 = CARTESIAN_POINT ( 'NONE',  ( 10.75000000000002300, 192.0000000000000000, -1.491862189340059100E-014 ) ) ;
#5270 = LINE ( 'NONE', #10241, #6862 ) ;
#5271 = DIRECTION ( 'NONE',  ( -1.826024711554532900E-016, 0.0000000000000000000, 1.000000000000000000 ) ) ;
#5272 = DIRECTION ( 'NONE',  ( 1.000000000000000000, 0.0000000000000000000, 0.0000000000000000000 ) ) ;
#5273 = ORIENTED_EDGE ( 'NONE', *, *, #5666, .F. ) ;
#5274 = CARTESIAN_POINT ( 'NONE',  ( 4.724999999999991700, 160.0000000000000000, 16.00000000000000400 ) ) ;
#5275 = VERTEX_POINT ( 'NONE', #2992 ) ;
#5276 = DIRECTION ( 'NONE',  ( 3.652049423109066300E-016, 0.0000000000000000000, -1.000000000000000000 ) ) ;
#5277 = DIRECTION ( 'NONE',  ( 0.0000000000000000000, 1.000000000000000000, 0.0000000000000000000 ) ) ;
#5278 = EDGE_LOOP ( 'NONE', ( #938, #1100, #7573, #3065, #1955, #10928, #9266, #8982 ) ) ;
#5279 = DIRECTION ( 'NONE',  ( 0.0000000000000000000, -0.7071067811865463500, 0.7071067811865487900 ) ) ;
#5280 = CARTESIAN_POINT ( 'NONE',  ( -1.249999999999999800, 161.4318912319027700, 9.431891231902762100 ) ) ;
#5281 = DIRECTION ( 'NONE',  ( 1.000000000000000000, -0.0000000000000000000, -0.0000000000000000000 ) ) ;
#5282 = AXIS2_PLACEMENT_3D ( 'NONE', #7807, #6233, #8724 ) ;
#5283 = LINE ( 'NONE', #7780, #1135 ) ;
#5284 = CARTESIAN_POINT ( 'NONE',  ( -1.249999999999999800, 176.4852813742385800, -8.485281374238564200 ) ) ;
#5285 = FACE_OUTER_BOUND ( 'NONE', #608, .T. ) ;
#5286 = ORIENTED_EDGE ( 'NONE', *, *, #9623, .F. ) ;
#5287 = DIRECTION ( 'NONE',  ( 1.000000000000000000, -0.0000000000000000000, -0.0000000000000000000 ) ) ;
#5288 = EDGE_CURVE ( 'NONE', #3833, #8524, #9783, .T. ) ;
#5289 = ORIENTED_EDGE ( 'NONE', *, *, #10031, .T. ) ;
#5290 = DIRECTION ( 'NONE',  ( 0.0000000000000000000, -0.7071067811865463500, 0.7071067811865487900 ) ) ;
#5291 = CARTESIAN_POINT ( 'NONE',  ( 8.774999999999987900, 8.000000000000007100, 16.00000000000000400 ) ) ;
#5292 = VERTEX_POINT ( 'NONE', #8196 ) ;
#5293 = EDGE_CURVE ( 'NONE', #1814, #3053, #861, .T. ) ;
#5294 = CARTESIAN_POINT ( 'NONE',  ( 6.749999999999990200, 40.00000000000000700, 13.50000000000000000 ) ) ;
#5295 = VECTOR ( 'NONE', #3933, 1000.000000000000000 ) ;
#5296 = VERTEX_POINT ( 'NONE', #9812 ) ;
#5297 = DIRECTION ( 'NONE',  ( 0.0000000000000000000, 0.0000000000000000000, -1.000000000000000000 ) ) ;
#5298 = LINE ( 'NONE', #6578, #3008 ) ;
#5299 = DIRECTION ( 'NONE',  ( 1.000000000000000000, -0.0000000000000000000, 0.0000000000000000000 ) ) ;
#5300 = ADVANCED_FACE ( 'NONE', ( #1278 ), #3056, .F. ) ;
#5301 = CARTESIAN_POINT ( 'NONE',  ( 1.250000000000000200, 113.4318912319027700, -9.431891231902755000 ) ) ;
#5302 = ORIENTED_EDGE ( 'NONE', *, *, #3940, .F. ) ;
#5303 = ORIENTED_EDGE ( 'NONE', *, *, #3131, .F. ) ;
#5304 = EDGE_CURVE ( 'NONE', #9235, #7202, #3672, .T. ) ;
#5305 = LINE ( 'NONE', #5466, #2885 ) ;
#5306 = AXIS2_PLACEMENT_3D ( 'NONE', #7161, #10786, #2897 ) ;
#5307 = DIRECTION ( 'NONE',  ( 0.0000000000000000000, 0.0000000000000000000, -1.000000000000000000 ) ) ;
#5308 = FACE_OUTER_BOUND ( 'NONE', #7061, .T. ) ;
#5309 = EDGE_CURVE ( 'NONE', #7633, #1394, #3123, .T. ) ;
#5310 = CARTESIAN_POINT ( 'NONE',  ( -1.249999999999999800, 60.68629150101524100, 0.0000000000000000000 ) ) ;
#5311 = DIRECTION ( 'NONE',  ( 3.652049423109066300E-016, 0.0000000000000000000, -1.000000000000000000 ) ) ;
#5312 = VERTEX_POINT ( 'NONE', #9004 ) ;
#5313 = VERTEX_POINT ( 'NONE', #7351 ) ;
#5314 = CARTESIAN_POINT ( 'NONE',  ( 8.774999999999998600, 160.0000000000000000, -13.50000000000000200 ) ) ;
#5315 = CARTESIAN_POINT ( 'NONE',  ( -1.249999999999999800, 40.00000000000000000, 8.000000000000000000 ) ) ;
#5316 = CIRCLE ( 'NONE', #7099, 2.024999999999999000 ) ;
#5317 = CARTESIAN_POINT ( 'NONE',  ( 1.250000000000000200, 79.99999999999998600, 8.000000000000000000 ) ) ;
#5318 = DIRECTION ( 'NONE',  ( 0.0000000000000000000, -0.7071067811865487900, 0.7071067811865463500 ) ) ;
#5319 = VECTOR ( 'NONE', #1395, 1000.000000000000000 ) ;
#5320 = EDGE_CURVE ( 'NONE', #7477, #4095, #483, .T. ) ;
#5321 = PRODUCT_DEFINITION ( 'UNKNOWN', '', #2496, #6424 ) ;
#5322 = AXIS2_PLACEMENT_3D ( 'NONE', #7966, #4537, #3596 ) ;
#5323 = VERTEX_POINT ( 'NONE', #10636 ) ;
#5324 = VERTEX_POINT ( 'NONE', #8226 ) ;
#5325 = DIRECTION ( 'NONE',  ( 3.652049423109066300E-016, -0.0000000000000000000, -1.000000000000000000 ) ) ;
#5326 = VECTOR ( 'NONE', #10709, 1000.000000000000000 ) ;
#5327 = LINE ( 'NONE', #8667, #8752 ) ;
#5328 = DIRECTION ( 'NONE',  ( 1.000000000000000000, -0.0000000000000000000, -0.0000000000000000000 ) ) ;
#5329 = DIRECTION ( 'NONE',  ( 0.0000000000000000000, 0.0000000000000000000, -1.000000000000000000 ) ) ;
#5330 = ORIENTED_EDGE ( 'NONE', *, *, #1788, .T. ) ;
#5331 = DIRECTION ( 'NONE',  ( -1.000000000000000000, 0.0000000000000000000, 0.0000000000000000000 ) ) ;
#5332 = EDGE_LOOP ( 'NONE', ( #2554, #9809, #10961, #2361 ) ) ;
#5333 = EDGE_CURVE ( 'NONE', #8820, #3473, #6236, .T. ) ;
#5334 = FACE_BOUND ( 'NONE', #9096, .T. ) ;
#5335 = AXIS2_PLACEMENT_3D ( 'NONE', #10615, #10586, #3746 ) ;
#5336 = DIRECTION ( 'NONE',  ( 1.000000000000000000, -0.0000000000000000000, 0.0000000000000000000 ) ) ;
#5337 = DIRECTION ( 'NONE',  ( 1.000000000000000000, 0.0000000000000000000, -0.0000000000000000000 ) ) ;
#5338 = CARTESIAN_POINT ( 'NONE',  ( 1.250000000000000200, 157.4318912319026300, 13.43189123190273400 ) ) ;
#5339 = DIRECTION ( 'NONE',  ( 1.000000000000000000, -0.0000000000000000000, -0.0000000000000000000 ) ) ;
#5340 = VECTOR ( 'NONE', #2227, 1000.000000000000000 ) ;
#5341 = DIRECTION ( 'NONE',  ( 0.0000000000000000000, 0.0000000000000000000, -1.000000000000000000 ) ) ;
#5342 = ORIENTED_EDGE ( 'NONE', *, *, #7759, .F. ) ;
#5343 = DIRECTION ( 'NONE',  ( -1.000000000000000000, 0.0000000000000000000, 0.0000000000000000000 ) ) ;
#5344 = ORIENTED_EDGE ( 'NONE', *, *, #5953, .T. ) ;
#5345 = DIRECTION ( 'NONE',  ( 0.0000000000000000000, 0.0000000000000000000, -1.000000000000000000 ) ) ;
#5346 = LINE ( 'NONE', #9866, #9938 ) ;
#5347 = DIRECTION ( 'NONE',  ( 0.0000000000000000000, 0.0000000000000000000, -1.000000000000000000 ) ) ;
#5348 = CIRCLE ( 'NONE', #2079, 2.025000000000004400 ) ;
#5349 = DIRECTION ( 'NONE',  ( 0.0000000000000000000, 0.7071067811865463500, 0.7071067811865487900 ) ) ;
#5350 = CARTESIAN_POINT ( 'NONE',  ( -1.249999999999999800, 81.91717260614133500, -7.053390142335806500 ) ) ;
#5351 = ADVANCED_FACE ( 'NONE', ( #7544 ), #9637, .F. ) ;
#5352 = DIRECTION ( 'NONE',  ( -1.000000000000000000, 0.0000000000000000000, 0.0000000000000000000 ) ) ;
#5353 = DIRECTION ( 'NONE',  ( 1.000000000000000000, -0.0000000000000000000, 0.0000000000000000000 ) ) ;
#5354 = ORIENTED_EDGE ( 'NONE', *, *, #10878, .F. ) ;
#5355 = CARTESIAN_POINT ( 'NONE',  ( -1.249999999999999800, 82.56810876809730400, -10.56810876809726100 ) ) ;
#5356 = EDGE_LOOP ( 'NONE', ( #631, #3622, #2980, #10151 ) ) ;
#5357 = EDGE_CURVE ( 'NONE', #518, #7747, #9357, .T. ) ;
#5358 = CIRCLE ( 'NONE', #5770, 2.024999999999998100 ) ;
#5359 = CARTESIAN_POINT ( 'NONE',  ( 6.750000000000000900, 184.0000000000000000, -15.99999999999999600 ) ) ;
#5360 = CIRCLE ( 'NONE', #7072, 2.024999999999990100 ) ;
#5361 = DIRECTION ( 'NONE',  ( 1.000000000000000000, -0.0000000000000000000, 0.0000000000000000000 ) ) ;
#5362 = CYLINDRICAL_SURFACE ( 'NONE', #4792, 2.024999999999990100 ) ;
#5363 = DIRECTION ( 'NONE',  ( -1.000000000000000000, 0.0000000000000000000, 0.0000000000000000000 ) ) ;
#5364 = ORIENTED_EDGE ( 'NONE', *, *, #2878, .T. ) ;
#5365 = ORIENTED_EDGE ( 'NONE', *, *, #4886, .T. ) ;
#5366 = DIRECTION ( 'NONE',  ( 0.0000000000000000000, 0.7071067811865469100, 0.7071067811865482400 ) ) ;
#5367 = PLANE ( 'NONE',  #9166 ) ;
#5368 = CARTESIAN_POINT ( 'NONE',  ( 1.250000000000000200, 130.5681087680972900, 10.56810876809721700 ) ) ;
#5369 = ORIENTED_EDGE ( 'NONE', *, *, #1433, .F. ) ;
#5370 = LINE ( 'NONE', #10056, #4117 ) ;
#5371 = CARTESIAN_POINT ( 'NONE',  ( 8.774999999999998600, 64.00000000000000000, -15.99999999999999600 ) ) ;
#5372 = FACE_OUTER_BOUND ( 'NONE', #10861, .T. ) ;
#5373 = DIRECTION ( 'NONE',  ( 1.826024711554532900E-016, -0.0000000000000000000, 1.000000000000000000 ) ) ;
#5374 = AXIS2_PLACEMENT_3D ( 'NONE', #6130, #5237, #2599 ) ;
#5375 = ORIENTED_EDGE ( 'NONE', *, *, #4587, .T. ) ;
#5376 = DIRECTION ( 'NONE',  ( 1.000000000000000000, -0.0000000000000000000, -0.0000000000000000000 ) ) ;
#5377 = EDGE_CURVE ( 'NONE', #5667, #2434, #7156, .T. ) ;
#5378 = VERTEX_POINT ( 'NONE', #7321 ) ;
#5379 = DIRECTION ( 'NONE',  ( 3.652049423109066300E-016, -0.0000000000000000000, -1.000000000000000000 ) ) ;
#5380 = VERTEX_POINT ( 'NONE', #605 ) ;
#5381 = VECTOR ( 'NONE', #9713, 1000.000000000000100 ) ;
#5382 = ORIENTED_EDGE ( 'NONE', *, *, #7181, .F. ) ;
#5383 = CARTESIAN_POINT ( 'NONE',  ( 8.774999999999998600, 88.00000000000002800, -13.50000000000000200 ) ) ;
#5384 = CIRCLE ( 'NONE', #4261, 2.025000000000000800 ) ;
#5385 = CARTESIAN_POINT ( 'NONE',  ( -1.249999999999999800, 144.0000000000000000, 0.0000000000000000000 ) ) ;
#5386 = VERTEX_POINT ( 'NONE', #4854 ) ;
#5387 = EDGE_CURVE ( 'NONE', #4828, #975, #7941, .T. ) ;
#5388 = AXIS2_PLACEMENT_3D ( 'NONE', #7037, #3500, #1825 ) ;
#5389 = VERTEX_POINT ( 'NONE', #10770 ) ;
#5390 = ORIENTED_EDGE ( 'NONE', *, *, #7424, .F. ) ;
#5391 = AXIS2_PLACEMENT_3D ( 'NONE', #3430, #97, #9407 ) ;
#5392 = VERTEX_POINT ( 'NONE', #3126 ) ;
#5393 = DIRECTION ( 'NONE',  ( -1.000000000000000000, 0.0000000000000000000, 0.0000000000000000000 ) ) ;
#5394 = CARTESIAN_POINT ( 'NONE',  ( 6.749999999999990200, 32.00000000000000700, 13.50000000000000000 ) ) ;
#5395 = LINE ( 'NONE', #5201, #3091 ) ;
#5396 = EDGE_CURVE ( 'NONE', #1429, #247, #5298, .T. ) ;
#5397 = CARTESIAN_POINT ( 'NONE',  ( 1.250000000000000200, 192.0000000000000000, 13.50000000000000200 ) ) ;
#5398 = FACE_OUTER_BOUND ( 'NONE', #4173, .T. ) ;
#5399 = DIRECTION ( 'NONE',  ( 0.0000000000000000000, 0.0000000000000000000, -1.000000000000000000 ) ) ;
#5400 = CARTESIAN_POINT ( 'NONE',  ( -1.249999999999999800, 79.05339014233581500, -9.917172606141329900 ) ) ;
#5401 = ORIENTED_EDGE ( 'NONE', *, *, #547, .F. ) ;
#5402 = VERTEX_POINT ( 'NONE', #9110 ) ;
#5403 = DIRECTION ( 'NONE',  ( 0.0000000000000000000, 0.0000000000000000000, -1.000000000000000000 ) ) ;
#5404 = ORIENTED_EDGE ( 'NONE', *, *, #8971, .T. ) ;
#5405 = ORIENTED_EDGE ( 'NONE', *, *, #10700, .F. ) ;
#5406 = DIRECTION ( 'NONE',  ( -1.826024711554532900E-016, 0.0000000000000000000, 1.000000000000000000 ) ) ;
#5407 = ORIENTED_EDGE ( 'NONE', *, *, #8363, .F. ) ;
#5408 = VECTOR ( 'NONE', #422, 1000.000000000000000 ) ;
#5409 = EDGE_CURVE ( 'NONE', #7268, #9275, #3805, .T. ) ;
#5410 = DIRECTION ( 'NONE',  ( 0.0000000000000000000, 0.7071067811865469100, 0.7071067811865482400 ) ) ;
#5411 = DIRECTION ( 'NONE',  ( 1.826024711554532900E-016, -0.0000000000000000000, 1.000000000000000000 ) ) ;
#5412 = ORIENTED_EDGE ( 'NONE', *, *, #4038, .T. ) ;
#5413 = EDGE_LOOP ( 'NONE', ( #6984, #5850, #9881, #2937 ) ) ;
#5414 = ADVANCED_FACE ( 'NONE', ( #3920 ), #7026, .F. ) ;
#5415 = ORIENTED_EDGE ( 'NONE', *, *, #4990, .T. ) ;
#5416 = DIRECTION ( 'NONE',  ( 1.000000000000000000, -0.0000000000000000000, -0.0000000000000000000 ) ) ;
#5417 = DIRECTION ( 'NONE',  ( 0.0000000000000000000, -1.000000000000000000, 0.0000000000000000000 ) ) ;
#5418 = CIRCLE ( 'NONE', #882, 2.024999999999990100 ) ;
#5419 = VERTEX_POINT ( 'NONE', #1484 ) ;
#5420 = DIRECTION ( 'NONE',  ( 0.0000000000000000000, -0.7071067811865463500, -0.7071067811865487900 ) ) ;
#5421 = ORIENTED_EDGE ( 'NONE', *, *, #7297, .T. ) ;
#5422 = ORIENTED_EDGE ( 'NONE', *, *, #690, .T. ) ;
#5423 = DIRECTION ( 'NONE',  ( 0.0000000000000000000, 0.7071067811865463500, 0.7071067811865487900 ) ) ;
#5424 = APPROVAL_PERSON_ORGANIZATION ( #4315, #4874, #8877 ) ;
#5425 = CARTESIAN_POINT ( 'NONE',  ( 4.724999999999991700, 48.00000000000000700, 16.00000000000000400 ) ) ;
#5426 = EDGE_LOOP ( 'NONE', ( #1592, #9913, #4094, #5676 ) ) ;
#5427 = VECTOR ( 'NONE', #2157, 1000.000000000000100 ) ;
#5428 = ORIENTED_EDGE ( 'NONE', *, *, #5500, .T. ) ;
#5429 = DIRECTION ( 'NONE',  ( 0.0000000000000000000, 0.0000000000000000000, -1.000000000000000000 ) ) ;
#5430 = CARTESIAN_POINT ( 'NONE',  ( -1.249999999999999800, 151.0533901423358100, 9.917172606141333400 ) ) ;
#5431 = ORIENTED_EDGE ( 'NONE', *, *, #4843, .F. ) ;
#5432 = AXIS2_PLACEMENT_3D ( 'NONE', #2795, #8854, #1193 ) ;
#5433 = ORIENTED_EDGE ( 'NONE', *, *, #4051, .T. ) ;
#5434 = CARTESIAN_POINT ( 'NONE',  ( 6.749999999999989300, 120.0000000000000300, 16.00000000000000400 ) ) ;
#5435 = VECTOR ( 'NONE', #1162, 1000.000000000000000 ) ;
#5436 = CIRCLE ( 'NONE', #3225, 2.024999999999999900 ) ;
#5437 = EDGE_CURVE ( 'NONE', #1654, #10907, #209, .T. ) ;
#5438 = CARTESIAN_POINT ( 'NONE',  ( 8.774999999999998600, 40.00000000000000700, -13.50000000000000200 ) ) ;
#5439 = EDGE_CURVE ( 'NONE', #6618, #10010, #4870, .T. ) ;
#5440 = ORIENTED_EDGE ( 'NONE', *, *, #4160, .T. ) ;
#5441 = CARTESIAN_POINT ( 'NONE',  ( -1.249999999999999800, 24.00000000000000000, -2.024999999999999900 ) ) ;
#5442 = DIRECTION ( 'NONE',  ( 1.000000000000000000, 0.0000000000000000000, -0.0000000000000000000 ) ) ;
#5443 = ORIENTED_EDGE ( 'NONE', *, *, #6512, .F. ) ;
#5444 = FACE_OUTER_BOUND ( 'NONE', #7632, .T. ) ;
#5445 = DIRECTION ( 'NONE',  ( -1.000000000000000000, 0.0000000000000000000, -0.0000000000000000000 ) ) ;
#5446 = VECTOR ( 'NONE', #433, 1000.000000000000000 ) ;
#5447 = CARTESIAN_POINT ( 'NONE',  ( -1.249999999999999800, 39.51471862576143200, 8.485281374238569500 ) ) ;
#5448 = CARTESIAN_POINT ( 'NONE',  ( -1.249999999999999800, 136.9466098576641900, -9.917172606141319200 ) ) ;
#5449 = EDGE_CURVE ( 'NONE', #5090, #236, #10028, .T. ) ;
#5450 = AXIS2_PLACEMENT_3D ( 'NONE', #9130, #6641, #3216 ) ;
#5451 = ORIENTED_EDGE ( 'NONE', *, *, #6939, .F. ) ;
#5452 = AXIS2_PLACEMENT_3D ( 'NONE', #9340, #20, #2499 ) ;
#5453 = CARTESIAN_POINT ( 'NONE',  ( -1.249999999999999800, 85.43189123190278200, -13.43189123190275300 ) ) ;
#5454 = DIRECTION ( 'NONE',  ( 0.0000000000000000000, 0.0000000000000000000, -1.000000000000000000 ) ) ;
#5455 = CIRCLE ( 'NONE', #2421, 2.025000000000004400 ) ;
#5456 = EDGE_CURVE ( 'NONE', #10798, #8779, #4747, .T. ) ;
#5457 = CIRCLE ( 'NONE', #1795, 2.024999999999998100 ) ;
#5458 = CARTESIAN_POINT ( 'NONE',  ( 4.724999999999991700, 96.00000000000000000, 16.00000000000000400 ) ) ;
#5459 = ORIENTED_EDGE ( 'NONE', *, *, #8871, .F. ) ;
#5461 = ADVANCED_FACE ( 'NONE', ( #9239 ), #10946, .F. ) ;
#5460 = ORIENTED_EDGE ( 'NONE', *, *, #7112, .F. ) ;
#5462 = CARTESIAN_POINT ( 'NONE',  ( 6.749999999999989300, 88.00000000000002800, 16.00000000000000400 ) ) ;
#5463 = FACE_OUTER_BOUND ( 'NONE', #6573, .T. ) ;
#5464 = EDGE_CURVE ( 'NONE', #1582, #1741, #4174, .T. ) ;
#5465 = CC_DESIGN_APPROVAL ( #4874, ( #5321 ) ) ;
#5466 = CARTESIAN_POINT ( 'NONE',  ( 10.75000000000000400, 192.0000000000000000, 13.50000000000000000 ) ) ;
#5467 = FACE_BOUND ( 'NONE', #3565, .T. ) ;
#5468 = AXIS2_PLACEMENT_3D ( 'NONE', #2794, #1894, #8710 ) ;
#5469 = DIRECTION ( 'NONE',  ( -1.000000000000000000, 0.0000000000000000000, 0.0000000000000000000 ) ) ;
#5470 = DIRECTION ( 'NONE',  ( 0.0000000000000000000, 0.0000000000000000000, -1.000000000000000000 ) ) ;
#5471 = EDGE_LOOP ( 'NONE', ( #597, #5120, #6610, #330 ) ) ;
#5472 = ORIENTED_EDGE ( 'NONE', *, *, #1208, .F. ) ;
#5473 = CARTESIAN_POINT ( 'NONE',  ( 1.250000000000000200, 157.4318912319028000, -13.43189123190275300 ) ) ;
#5474 = CARTESIAN_POINT ( 'NONE',  ( -1.249999999999999800, 54.56810876809724000, 9.431891231902756800 ) ) ;
#5475 = FACE_OUTER_BOUND ( 'NONE', #5888, .T. ) ;
#5476 = CARTESIAN_POINT ( 'NONE',  ( -1.249999999999999800, 79.05339014233581500, 9.917172606141324600 ) ) ;
#5477 = EDGE_CURVE ( 'NONE', #10836, #7224, #10697, .T. ) ;
#5478 = CARTESIAN_POINT ( 'NONE',  ( 6.750000000000000900, 168.0000000000000000, -15.99999999999999600 ) ) ;
#5479 = FACE_OUTER_BOUND ( 'NONE', #10482, .T. ) ;
#5480 = EDGE_CURVE ( 'NONE', #6776, #455, #8448, .T. ) ;
#5481 = DIRECTION ( 'NONE',  ( 0.0000000000000000000, 0.0000000000000000000, -1.000000000000000000 ) ) ;
#5482 = ORIENTED_EDGE ( 'NONE', *, *, #7576, .T. ) ;
#5483 = VERTEX_POINT ( 'NONE', #6789 ) ;
#5484 = VECTOR ( 'NONE', #407, 1000.000000000000000 ) ;
#5485 = DIRECTION ( 'NONE',  ( 1.000000000000000000, 0.0000000000000000000, 0.0000000000000000000 ) ) ;
#5486 = CIRCLE ( 'NONE', #9874, 2.024999999999999000 ) ;
#5487 = FACE_OUTER_BOUND ( 'NONE', #179, .T. ) ;
#5488 = PERSON_AND_ORGANIZATION_ROLE ( 'creator' ) ;
#5489 = DIRECTION ( 'NONE',  ( 1.000000000000000000, -0.0000000000000000000, 0.0000000000000000000 ) ) ;
#5490 = VERTEX_POINT ( 'NONE', #749 ) ;
#5491 = ORIENTED_EDGE ( 'NONE', *, *, #9258, .F. ) ;
#5492 = LINE ( 'NONE', #9250, #532 ) ;
#5493 = AXIS2_PLACEMENT_3D ( 'NONE', #9126, #4059, #3172 ) ;
#5494 = CYLINDRICAL_SURFACE ( 'NONE', #3771, 2.024999999999998100 ) ;
#5495 = CARTESIAN_POINT ( 'NONE',  ( 1.250000000000000200, 80.00000000000000000, -7.999999999999994700 ) ) ;
#5496 = VECTOR ( 'NONE', #1763, 1000.000000000000100 ) ;
#5497 = CARTESIAN_POINT ( 'NONE',  ( 1.250000000000000200, 161.4318912319027700, -9.431891231902755000 ) ) ;
#5498 = EDGE_LOOP ( 'NONE', ( #4260, #8058, #8629, #6235, #5100 ) ) ;
#5499 = DIRECTION ( 'NONE',  ( -1.000000000000000000, 0.0000000000000000000, 0.0000000000000000000 ) ) ;
#5500 = EDGE_CURVE ( 'NONE', #1988, #8590, #2190, .T. ) ;
#5501 = CARTESIAN_POINT ( 'NONE',  ( 4.725000000000001400, 88.00000000000002800, -13.50000000000000200 ) ) ;
#5502 = ORIENTED_EDGE ( 'NONE', *, *, #9909, .T. ) ;
#5503 = FACE_OUTER_BOUND ( 'NONE', #7348, .T. ) ;
#5504 = EDGE_CURVE ( 'NONE', #5292, #4489, #8192, .T. ) ;
#5505 = DIRECTION ( 'NONE',  ( -1.000000000000000000, 0.0000000000000000000, 0.0000000000000000000 ) ) ;
#5506 = CARTESIAN_POINT ( 'NONE',  ( 1.250000000000000200, 84.68629150101523400, 2.024999999999999900 ) ) ;
#5507 = LINE ( 'NONE', #2713, #4559 ) ;
#5508 = EDGE_LOOP ( 'NONE', ( #6381, #10520, #466, #8178 ) ) ;
#5509 = AXIS2_PLACEMENT_3D ( 'NONE', #4041, #4920, #4075 ) ;
#5510 = CARTESIAN_POINT ( 'NONE',  ( 6.749999999999989300, 16.00000000000000700, 16.00000000000000400 ) ) ;
#5511 = CARTESIAN_POINT ( 'NONE',  ( 4.724999999999991700, 104.0000000000000100, 16.00000000000000400 ) ) ;
#5512 = EDGE_LOOP ( 'NONE', ( #11008, #3183, #8183, #3878 ) ) ;
#5513 = CARTESIAN_POINT ( 'NONE',  ( -1.249999999999999800, 55.05339014233580700, -9.917172606141329900 ) ) ;
#5514 = DIRECTION ( 'NONE',  ( 3.652049423109066300E-016, -0.0000000000000000000, -1.000000000000000000 ) ) ;
#5515 = ORIENTED_EDGE ( 'NONE', *, *, #1388, .T. ) ;
#5516 = FACE_BOUND ( 'NONE', #7782, .T. ) ;
#5517 = EDGE_CURVE ( 'NONE', #7202, #9235, #4044, .T. ) ;
#5518 = VERTEX_POINT ( 'NONE', #7597 ) ;
#5519 = ADVANCED_FACE ( 'NONE', ( #8973 ), #1667, .F. ) ;
#5520 = AXIS2_PLACEMENT_3D ( 'NONE', #10821, #725, #5910 ) ;
#5521 = FACE_OUTER_BOUND ( 'NONE', #10371, .T. ) ;
#5522 = CARTESIAN_POINT ( 'NONE',  ( -1.249999999999999800, 150.5681087680972300, 9.431891231902756800 ) ) ;
#5523 = VECTOR ( 'NONE', #6966, 1000.000000000000100 ) ;
#5524 = EDGE_CURVE ( 'NONE', #8281, #8583, #6880, .T. ) ;
#5525 = ORIENTED_EDGE ( 'NONE', *, *, #595, .F. ) ;
#5526 = ORIENTED_EDGE ( 'NONE', *, *, #3707, .T. ) ;
#5527 = VERTEX_POINT ( 'NONE', #4186 ) ;
#5528 = ORIENTED_EDGE ( 'NONE', *, *, #9284, .T. ) ;
#5529 = ORIENTED_EDGE ( 'NONE', *, *, #629, .F. ) ;
#5530 = LINE ( 'NONE', #4486, #1757 ) ;
#5531 = VECTOR ( 'NONE', #4997, 1000.000000000000000 ) ;
#5532 = CARTESIAN_POINT ( 'NONE',  ( -1.249999999999999800, 13.43189123190279200, -13.43189123190274400 ) ) ;
#5533 = EDGE_CURVE ( 'NONE', #3398, #5778, #7802, .T. ) ;
#5534 = AXIS2_PLACEMENT_3D ( 'NONE', #4005, #6616, #9979 ) ;
#5535 = ORIENTED_EDGE ( 'NONE', *, *, #2548, .T. ) ;
#5536 = AXIS2_PLACEMENT_3D ( 'NONE', #7553, #9159, #7518 ) ;
#5537 = DIRECTION ( 'NONE',  ( 3.652049423109066300E-016, -0.0000000000000000000, -1.000000000000000000 ) ) ;
#5538 = ORIENTED_EDGE ( 'NONE', *, *, #7554, .F. ) ;
#5539 = DIRECTION ( 'NONE',  ( -1.000000000000000000, 0.0000000000000000000, 0.0000000000000000000 ) ) ;
#5540 = EDGE_LOOP ( 'NONE', ( #8847, #10279 ) ) ;
#5541 = ORIENTED_EDGE ( 'NONE', *, *, #5083, .T. ) ;
#5542 = CIRCLE ( 'NONE', #6771, 2.024999999999999000 ) ;
#5543 = CARTESIAN_POINT ( 'NONE',  ( 6.750000000000000000, 48.00000000000000700, -13.50000000000000200 ) ) ;
#5544 = DIRECTION ( 'NONE',  ( 3.652049423109066300E-016, -0.0000000000000000000, -1.000000000000000000 ) ) ;
#5545 = LINE ( 'NONE', #594, #7145 ) ;
#5546 = ORIENTED_EDGE ( 'NONE', *, *, #4576, .T. ) ;
#5547 = CARTESIAN_POINT ( 'NONE',  ( 4.724999999999991700, 80.00000000000001400, 16.00000000000000400 ) ) ;
#5548 = EDGE_LOOP ( 'NONE', ( #10625, #9156 ) ) ;
#5549 = EDGE_CURVE ( 'NONE', #4757, #10163, #1266, .T. ) ;
#5550 = VERTEX_POINT ( 'NONE', #5968 ) ;
#5551 = CARTESIAN_POINT ( 'NONE',  ( 10.75000000000000000, 192.0000000000000000, 15.99999999999999600 ) ) ;
#5552 = DIRECTION ( 'NONE',  ( -1.826024711554532900E-016, 0.0000000000000000000, 1.000000000000000000 ) ) ;
#5553 = AXIS2_PLACEMENT_3D ( 'NONE', #7706, #7637, #3301 ) ;
#5554 = DIRECTION ( 'NONE',  ( -1.826024711554532900E-016, 0.0000000000000000000, 1.000000000000000000 ) ) ;
#5555 = SHAPE_DEFINITION_REPRESENTATION ( #1564, #3347 ) ;
#5556 = CIRCLE ( 'NONE', #8731, 2.025000000000002600 ) ;
#5557 = ORIENTED_EDGE ( 'NONE', *, *, #10948, .F. ) ;
#5558 = CARTESIAN_POINT ( 'NONE',  ( -1.249999999999999800, 180.6862915010152600, 2.024999999999999900 ) ) ;
#5559 = VERTEX_POINT ( 'NONE', #10206 ) ;
#5560 = DIRECTION ( 'NONE',  ( 1.000000000000000000, -0.0000000000000000000, -0.0000000000000000000 ) ) ;
#5561 = EDGE_LOOP ( 'NONE', ( #2470, #9392 ) ) ;
#5562 = VECTOR ( 'NONE', #1765, 999.9999999999998900 ) ;
#5563 = VERTEX_POINT ( 'NONE', #8473 ) ;
#5564 = CYLINDRICAL_SURFACE ( 'NONE', #4208, 2.025000000000004400 ) ;
#5565 = EDGE_CURVE ( 'NONE', #1251, #9205, #10685, .T. ) ;
#5566 = VERTEX_POINT ( 'NONE', #4150 ) ;
#5567 = EDGE_LOOP ( 'NONE', ( #10473, #169, #4417, #5986 ) ) ;
#5568 = CARTESIAN_POINT ( 'NONE',  ( 10.75000000000002300, 0.0000000000000000000, 1.491862189340059100E-014 ) ) ;
#5569 = CARTESIAN_POINT ( 'NONE',  ( 1.250000000000000200, 54.56810876809724000, 9.431891231902756800 ) ) ;
#5570 = LINE ( 'NONE', #1196, #7036 ) ;
#5571 = ADVANCED_FACE ( 'NONE', ( #6486 ), #2515, .T. ) ;
#5572 = CARTESIAN_POINT ( 'NONE',  ( 4.725000000000001400, 144.0000000000000300, -13.50000000000000200 ) ) ;
#5573 = VECTOR ( 'NONE', #3905, 1000.000000000000000 ) ;
#5574 = AXIS2_PLACEMENT_3D ( 'NONE', #1546, #742, #9304 ) ;
#5575 = CARTESIAN_POINT ( 'NONE',  ( 4.724999999999991700, 8.000000000000007100, 16.00000000000000400 ) ) ;
#5576 = EDGE_LOOP ( 'NONE', ( #10026, #10532, #3809, #2035 ) ) ;
#5577 = ORIENTED_EDGE ( 'NONE', *, *, #6064, .F. ) ;
#5578 = LINE ( 'NONE', #1275, #8879 ) ;
#5579 = AXIS2_PLACEMENT_3D ( 'NONE', #1017, #1864, #4236 ) ;
#5580 = LINE ( 'NONE', #7922, #4760 ) ;
#5581 = CARTESIAN_POINT ( 'NONE',  ( 1.250000000000000200, 62.56810876809723300, 6.568108768097240500 ) ) ;
#5582 = DIRECTION ( 'NONE',  ( -1.000000000000000000, 0.0000000000000000000, -0.0000000000000000000 ) ) ;
#5583 = EDGE_CURVE ( 'NONE', #4502, #4875, #4462, .T. ) ;
#5584 = CARTESIAN_POINT ( 'NONE',  ( -1.249999999999999800, 151.0533901423358100, -9.917172606141329900 ) ) ;
#5585 = DIRECTION ( 'NONE',  ( 3.652049423109066300E-016, -0.0000000000000000000, -1.000000000000000000 ) ) ;
#5586 = VERTEX_POINT ( 'NONE', #10135 ) ;
#5587 = ORIENTED_EDGE ( 'NONE', *, *, #3914, .F. ) ;
#5588 = CARTESIAN_POINT ( 'NONE',  ( -1.250000000000001100, 183.5147186257614500, 8.485281374238590900 ) ) ;
#5589 = FACE_OUTER_BOUND ( 'NONE', #6714, .T. ) ;
#5590 = VECTOR ( 'NONE', #1599, 1000.000000000000000 ) ;
#5591 = EDGE_CURVE ( 'NONE', #10255, #5559, #10823, .T. ) ;
#5592 = AXIS2_PLACEMENT_3D ( 'NONE', #410, #8070, #8174 ) ;
#5593 = ORIENTED_EDGE ( 'NONE', *, *, #10581, .T. ) ;
#5594 = AXIS2_PLACEMENT_3D ( 'NONE', #5180, #3368, #8578 ) ;
#5595 = EDGE_LOOP ( 'NONE', ( #5121, #4714, #2793, #9850 ) ) ;
#5596 = CARTESIAN_POINT ( 'NONE',  ( -1.250000000000001100, 8.000000000000000000, 7.999999999999996400 ) ) ;
#5597 = ORIENTED_EDGE ( 'NONE', *, *, #4640, .F. ) ;
#5598 = EDGE_CURVE ( 'NONE', #2865, #8098, #2178, .T. ) ;
#5599 = VECTOR ( 'NONE', #4332, 1000.000000000000000 ) ;
#5600 = CARTESIAN_POINT ( 'NONE',  ( -1.249999999999999800, 81.91717260614132100, 7.053390142335818100 ) ) ;
#5601 = VECTOR ( 'NONE', #3027, 1000.000000000000000 ) ;
#5602 = DIRECTION ( 'NONE',  ( 1.000000000000000000, -0.0000000000000000000, 0.0000000000000000000 ) ) ;
#5603 = CARTESIAN_POINT ( 'NONE',  ( -1.249999999999999800, 9.917172606141319200, 7.053390142335802100 ) ) ;
#5604 = VERTEX_POINT ( 'NONE', #8665 ) ;
#5605 = ORIENTED_EDGE ( 'NONE', *, *, #7855, .T. ) ;
#5606 = VECTOR ( 'NONE', #10609, 1000.000000000000000 ) ;
#5607 = EDGE_CURVE ( 'NONE', #8591, #10935, #7015, .T. ) ;
#5608 = CARTESIAN_POINT ( 'NONE',  ( 1.250000000000000200, 61.43189123190261800, 13.43189123190273400 ) ) ;
#5609 = FACE_OUTER_BOUND ( 'NONE', #9420, .T. ) ;
#5610 = AXIS2_PLACEMENT_3D ( 'NONE', #7491, #4816, #5717 ) ;
#5611 = DIRECTION ( 'NONE',  ( 0.0000000000000000000, 0.7071067811865424700, -0.7071067811865526800 ) ) ;
#5612 = CARTESIAN_POINT ( 'NONE',  ( 1.250000000000000200, 55.99999999999999300, 5.975000000000009400 ) ) ;
#5613 = CYLINDRICAL_SURFACE ( 'NONE', #934, 2.024999999999998100 ) ;
#5614 = DIRECTION ( 'NONE',  ( 0.0000000000000000000, 0.0000000000000000000, -1.000000000000000000 ) ) ;
#5615 = VERTEX_POINT ( 'NONE', #1817 ) ;
#5616 = CARTESIAN_POINT ( 'NONE',  ( 6.749999999999989300, 184.0000000000000000, 16.00000000000000400 ) ) ;
#5617 = ORIENTED_EDGE ( 'NONE', *, *, #9775, .F. ) ;
#5618 = DIRECTION ( 'NONE',  ( 1.000000000000000000, -0.0000000000000000000, -0.0000000000000000000 ) ) ;
#5619 = EDGE_CURVE ( 'NONE', #459, #6241, #5556, .T. ) ;
#5620 = CARTESIAN_POINT ( 'NONE',  ( -1.249999999999999800, 0.0000000000000000000, 0.0000000000000000000 ) ) ;
#5621 = CARTESIAN_POINT ( 'NONE',  ( 6.750000000000000900, 152.0000000000000300, -15.99999999999999600 ) ) ;
#5622 = CYLINDRICAL_SURFACE ( 'NONE', #3456, 2.025000000000002600 ) ;
#5623 = CYLINDRICAL_SURFACE ( 'NONE', #7643, 2.024999999999998100 ) ;
#5624 = ADVANCED_FACE ( 'NONE', ( #4737 ), #727, .F. ) ;
#5625 = ORIENTED_EDGE ( 'NONE', *, *, #9243, .F. ) ;
#5626 = EDGE_CURVE ( 'NONE', #4579, #6612, #3245, .T. ) ;
#5627 = CARTESIAN_POINT ( 'NONE',  ( -1.249999999999999800, 88.94660985766420000, 9.917172606141328100 ) ) ;
#5628 = ORIENTED_EDGE ( 'NONE', *, *, #3569, .F. ) ;
#5629 = ORIENTED_EDGE ( 'NONE', *, *, #10014, .F. ) ;
#5630 = FACE_OUTER_BOUND ( 'NONE', #4850, .T. ) ;
#5631 = CARTESIAN_POINT ( 'NONE',  ( 10.75000000000002300, 0.0000000000000000000, -1.491862189340059100E-014 ) ) ;
#5632 = FACE_OUTER_BOUND ( 'NONE', #6787, .T. ) ;
#5633 = ORIENTED_EDGE ( 'NONE', *, *, #1650, .F. ) ;
#5634 = DIRECTION ( 'NONE',  ( 1.000000000000000000, -0.0000000000000000000, 0.0000000000000000000 ) ) ;
#5635 = ORIENTED_EDGE ( 'NONE', *, *, #6080, .T. ) ;
#5636 = AXIS2_PLACEMENT_3D ( 'NONE', #888, #10370, #76 ) ;
#5637 = ORIENTED_EDGE ( 'NONE', *, *, #785, .F. ) ;
#5638 = CARTESIAN_POINT ( 'NONE',  ( 4.725000000000003200, 136.0000000000000000, -15.99999999999999600 ) ) ;
#5639 = FACE_OUTER_BOUND ( 'NONE', #8272, .T. ) ;
#5640 = CARTESIAN_POINT ( 'NONE',  ( -1.249999999999999800, 31.99999999999999300, 5.975000000000009400 ) ) ;
#5641 = VERTEX_POINT ( 'NONE', #6170 ) ;
#5642 = DIRECTION ( 'NONE',  ( 1.000000000000000000, -0.0000000000000000000, -0.0000000000000000000 ) ) ;
#5643 = LINE ( 'NONE', #4334, #9984 ) ;
#5644 = AXIS2_PLACEMENT_3D ( 'NONE', #10291, #6945, #4309 ) ;
#5645 = DIRECTION ( 'NONE',  ( -1.000000000000000000, 0.0000000000000000000, 0.0000000000000000000 ) ) ;
#5646 = ORIENTED_EDGE ( 'NONE', *, *, #1102, .F. ) ;
#5647 = VERTEX_POINT ( 'NONE', #2630 ) ;
#5648 = VERTEX_POINT ( 'NONE', #7828 ) ;
#5649 = CARTESIAN_POINT ( 'NONE',  ( 6.749999999999989300, 40.00000000000000700, 16.00000000000000400 ) ) ;
#5650 = ORIENTED_EDGE ( 'NONE', *, *, #9073, .T. ) ;
#5651 = LINE ( 'NONE', #9876, #308 ) ;
#5652 = DIRECTION ( 'NONE',  ( 1.000000000000000000, -0.0000000000000000000, 0.0000000000000000000 ) ) ;
#5653 = CYLINDRICAL_SURFACE ( 'NONE', #9449, 2.024999999999999000 ) ;
#5654 = CARTESIAN_POINT ( 'NONE',  ( 6.749999999999990200, 96.00000000000000000, 13.50000000000000000 ) ) ;
#5655 = DIRECTION ( 'NONE',  ( -1.826024711554532900E-016, 0.0000000000000000000, 1.000000000000000000 ) ) ;
#5656 = DIRECTION ( 'NONE',  ( -1.000000000000000000, 0.0000000000000000000, 0.0000000000000000000 ) ) ;
#5657 = ORIENTED_EDGE ( 'NONE', *, *, #2027, .F. ) ;
#5658 = VERTEX_POINT ( 'NONE', #10329 ) ;
#5659 = EDGE_CURVE ( 'NONE', #5402, #3938, #994, .T. ) ;
#5660 = VERTEX_POINT ( 'NONE', #10366 ) ;
#5661 = ORIENTED_EDGE ( 'NONE', *, *, #2338, .T. ) ;
#5662 = AXIS2_PLACEMENT_3D ( 'NONE', #7199, #8875, #1259 ) ;
#5663 = ORIENTED_EDGE ( 'NONE', *, *, #9446, .T. ) ;
#5664 = DIRECTION ( 'NONE',  ( 3.652049423109066300E-016, -0.0000000000000000000, -1.000000000000000000 ) ) ;
#5665 = LINE ( 'NONE', #971, #3362 ) ;
#5666 = EDGE_CURVE ( 'NONE', #10681, #5790, #8576, .T. ) ;
#5667 = VERTEX_POINT ( 'NONE', #230 ) ;
#5668 = ORIENTED_EDGE ( 'NONE', *, *, #511, .T. ) ;
#5669 = ORIENTED_EDGE ( 'NONE', *, *, #100, .F. ) ;
#5670 = EDGE_CURVE ( 'NONE', #10673, #7809, #351, .T. ) ;
#5671 = AXIS2_PLACEMENT_3D ( 'NONE', #10247, #6056, #5236 ) ;
#5672 = AXIS2_PLACEMENT_3D ( 'NONE', #9518, #10346, #2772 ) ;
#5673 = LINE ( 'NONE', #4036, #9887 ) ;
#5674 = EDGE_LOOP ( 'NONE', ( #9587, #4796 ) ) ;
#5675 = ADVANCED_FACE ( 'NONE', ( #3795 ), #4317, .F. ) ;
#5676 = ORIENTED_EDGE ( 'NONE', *, *, #5396, .T. ) ;
#5677 = ORIENTED_EDGE ( 'NONE', *, *, #1496, .F. ) ;
#5678 = EDGE_CURVE ( 'NONE', #4597, #1581, #4164, .T. ) ;
#5679 = VECTOR ( 'NONE', #4465, 1000.000000000000000 ) ;
#5680 = CARTESIAN_POINT ( 'NONE',  ( 1.250000000000000200, 8.000000000000000000, 7.999999999999996400 ) ) ;
#5681 = ORIENTED_EDGE ( 'NONE', *, *, #1845, .F. ) ;
#5682 = FACE_OUTER_BOUND ( 'NONE', #7721, .T. ) ;
#5683 = ORIENTED_EDGE ( 'NONE', *, *, #9385, .T. ) ;
#5684 = EDGE_CURVE ( 'NONE', #6350, #10793, #10934, .T. ) ;
#5685 = DIRECTION ( 'NONE',  ( 3.652049423109066300E-016, 0.0000000000000000000, -1.000000000000000000 ) ) ;
#5686 = ADVANCED_FACE ( 'NONE', ( #2438 ), #966, .F. ) ;
#5687 = AXIS2_PLACEMENT_3D ( 'NONE', #5596, #2237, #3848 ) ;
#5688 = EDGE_LOOP ( 'NONE', ( #7525, #10860, #4544, #5273, #4076 ) ) ;
#5689 = CARTESIAN_POINT ( 'NONE',  ( -1.249999999999999800, 40.00000000000000000, 5.974999999999997900 ) ) ;
#5690 = CARTESIAN_POINT ( 'NONE',  ( 1.250000000000000200, 39.51471862576143200, 8.485281374238569500 ) ) ;
#5691 = ORIENTED_EDGE ( 'NONE', *, *, #10019, .F. ) ;
#5692 = LINE ( 'NONE', #153, #3813 ) ;
#5693 = FACE_OUTER_BOUND ( 'NONE', #10276, .T. ) ;
#5694 = DIRECTION ( 'NONE',  ( 1.000000000000000000, 0.0000000000000000000, 0.0000000000000000000 ) ) ;
#5695 = ORIENTED_EDGE ( 'NONE', *, *, #9213, .T. ) ;
#5696 = AXIS2_PLACEMENT_3D ( 'NONE', #7493, #10942, #2444 ) ;
#5697 = ORIENTED_EDGE ( 'NONE', *, *, #2453, .T. ) ;
#5698 = CYLINDRICAL_SURFACE ( 'NONE', #10246, 2.024999999999999900 ) ;
#5699 = MANIFOLD_SOLID_BREP ( 'LPattern2', #2042 ) ;
#5700 = FACE_OUTER_BOUND ( 'NONE', #9148, .T. ) ;
#5701 = EDGE_CURVE ( 'NONE', #1582, #9631, #8716, .T. ) ;
#5702 = DIRECTION ( 'NONE',  ( 1.000000000000000000, 0.0000000000000000000, 0.0000000000000000000 ) ) ;
#5703 = CARTESIAN_POINT ( 'NONE',  ( 10.75000000000000000, 0.0000000000000000000, -15.99999999999999600 ) ) ;
#5704 = EDGE_LOOP ( 'NONE', ( #7873, #2925, #4795, #811 ) ) ;
#5705 = EDGE_LOOP ( 'NONE', ( #3508, #9350 ) ) ;
#5706 = DIRECTION ( 'NONE',  ( 1.000000000000000000, -0.0000000000000000000, -0.0000000000000000000 ) ) ;
#5707 = CIRCLE ( 'NONE', #7244, 2.024999999999999000 ) ;
#5708 = AXIS2_PLACEMENT_3D ( 'NONE', #5284, #7801, #1901 ) ;
#5709 = VECTOR ( 'NONE', #6302, 1000.000000000000000 ) ;
#5710 = CARTESIAN_POINT ( 'NONE',  ( -1.249999999999999800, 168.0000000000000000, 6.999999999999999100 ) ) ;
#5711 = CARTESIAN_POINT ( 'NONE',  ( -1.249999999999999800, 85.43189123190266800, 13.43189123190281200 ) ) ;
#5712 = VERTEX_POINT ( 'NONE', #7137 ) ;
#5713 = ORIENTED_EDGE ( 'NONE', *, *, #7978, .F. ) ;
#5714 = AXIS2_PLACEMENT_3D ( 'NONE', #91, #6924, #3584 ) ;
#5715 = CARTESIAN_POINT ( 'NONE',  ( -1.249999999999999800, 154.5681087680973200, -10.56810876809726100 ) ) ;
#5716 = CIRCLE ( 'NONE', #8618, 2.024999999999998100 ) ;
#5717 = DIRECTION ( 'NONE',  ( 0.0000000000000000000, 0.0000000000000000000, -1.000000000000000000 ) ) ;
#5718 = EDGE_CURVE ( 'NONE', #6960, #6497, #1518, .T. ) ;
#5719 = DIRECTION ( 'NONE',  ( -1.826024711554532900E-016, 0.0000000000000000000, 1.000000000000000000 ) ) ;
#5720 = CARTESIAN_POINT ( 'NONE',  ( 4.724999999999991700, 152.0000000000000300, 16.00000000000000400 ) ) ;
#5721 = FACE_BOUND ( 'NONE', #10299, .T. ) ;
#5722 = ADVANCED_FACE ( 'NONE', ( #1925 ), #1786, .F. ) ;
#5723 = VERTEX_POINT ( 'NONE', #2832 ) ;
#5724 = VERTEX_POINT ( 'NONE', #3717 ) ;
#5725 = DIRECTION ( 'NONE',  ( 0.0000000000000000000, 0.0000000000000000000, -1.000000000000000000 ) ) ;
#5726 = PLANE ( 'NONE',  #6964 ) ;
#5727 = CIRCLE ( 'NONE', #3845, 2.025000000000004400 ) ;
#5728 = EDGE_CURVE ( 'NONE', #3599, #6218, #10296, .T. ) ;
#5729 = AXIS2_PLACEMENT_3D ( 'NONE', #3660, #7068, #10298 ) ;
#5730 = LINE ( 'NONE', #1316, #5601 ) ;
#5731 = AXIS2_PLACEMENT_3D ( 'NONE', #8458, #1572, #767 ) ;
#5732 = CARTESIAN_POINT ( 'NONE',  ( 8.774999999999987900, 32.00000000000000700, 13.50000000000000000 ) ) ;
#5733 = EDGE_CURVE ( 'NONE', #332, #89, #10015, .T. ) ;
#5734 = VERTEX_POINT ( 'NONE', #389 ) ;
#5736 = ADVANCED_FACE ( 'NONE', ( #5285 ), #8851, .F. ) ;
#5735 = VERTEX_POINT ( 'NONE', #8774 ) ;
#5737 = DIRECTION ( 'NONE',  ( 3.652049423109066300E-016, -0.0000000000000000000, -1.000000000000000000 ) ) ;
#5738 = VECTOR ( 'NONE', #174, 1000.000000000000000 ) ;
#5739 = CYLINDRICAL_SURFACE ( 'NONE', #2056, 2.024999999999998100 ) ;
#5740 = CARTESIAN_POINT ( 'NONE',  ( 6.749999999999989300, 184.0000000000000000, 16.00000000000000400 ) ) ;
#5741 = FACE_OUTER_BOUND ( 'NONE', #4827, .T. ) ;
#5742 = VERTEX_POINT ( 'NONE', #5497 ) ;
#5743 = EDGE_CURVE ( 'NONE', #2882, #2062, #7531, .T. ) ;
#5744 = CARTESIAN_POINT ( 'NONE',  ( 4.725000000000003200, 120.0000000000000300, -15.99999999999999600 ) ) ;
#5745 = ORIENTED_EDGE ( 'NONE', *, *, #2533, .T. ) ;
#5746 = ORIENTED_EDGE ( 'NONE', *, *, #7272, .F. ) ;
#5747 = AXIS2_PLACEMENT_3D ( 'NONE', #10067, #6737, #5046 ) ;
#5748 = CIRCLE ( 'NONE', #5696, 2.024999999999997200 ) ;
#5749 = CARTESIAN_POINT ( 'NONE',  ( -1.249999999999999800, 84.68629150101523400, 0.0000000000000000000 ) ) ;
#5750 = DIRECTION ( 'NONE',  ( 3.652049423109066300E-016, -0.0000000000000000000, -1.000000000000000000 ) ) ;
#5751 = FACE_OUTER_BOUND ( 'NONE', #702, .T. ) ;
#5752 = ORIENTED_EDGE ( 'NONE', *, *, #2585, .F. ) ;
#5753 = CARTESIAN_POINT ( 'NONE',  ( 6.750000000000000900, 184.0000000000000000, -15.99999999999999600 ) ) ;
#5754 = CARTESIAN_POINT ( 'NONE',  ( -1.249999999999999800, 157.4318912319026800, 13.43189123190281200 ) ) ;
#5755 = CARTESIAN_POINT ( 'NONE',  ( 10.75000000000000400, 192.0000000000000000, 13.50000000000000000 ) ) ;
#5756 = ORIENTED_EDGE ( 'NONE', *, *, #6242, .F. ) ;
#5757 = CIRCLE ( 'NONE', #892, 2.024999999999999900 ) ;
#5758 = DIRECTION ( 'NONE',  ( 0.0000000000000000000, -0.7071067811865615600, -0.7071067811865335800 ) ) ;
#5759 = LINE ( 'NONE', #4262, #6318 ) ;
#5760 = CARTESIAN_POINT ( 'NONE',  ( 8.774999999999987900, 184.0000000000000000, 16.00000000000000400 ) ) ;
#5761 = DIRECTION ( 'NONE',  ( -1.000000000000000000, 0.0000000000000000000, -0.0000000000000000000 ) ) ;
#5762 = ORIENTED_EDGE ( 'NONE', *, *, #3612, .T. ) ;
#5763 = ORIENTED_EDGE ( 'NONE', *, *, #5953, .F. ) ;
#5764 = LINE ( 'NONE', #5631, #6835 ) ;
#5765 = CARTESIAN_POINT ( 'NONE',  ( 8.774999999999998600, 136.0000000000000000, -13.50000000000000200 ) ) ;
#5766 = ORIENTED_EDGE ( 'NONE', *, *, #4445, .T. ) ;
#5767 = CIRCLE ( 'NONE', #10171, 2.024999999999990100 ) ;
#5768 = VECTOR ( 'NONE', #2490, 1000.000000000000000 ) ;
#5769 = DIRECTION ( 'NONE',  ( 0.0000000000000000000, 0.0000000000000000000, -1.000000000000000000 ) ) ;
#5770 = AXIS2_PLACEMENT_3D ( 'NONE', #1080, #2664, #3423 ) ;
#5771 = ORIENTED_EDGE ( 'NONE', *, *, #5619, .T. ) ;
#5772 = CARTESIAN_POINT ( 'NONE',  ( 1.250000000000000200, 8.000000000000000000, 7.999999999999996400 ) ) ;
#5773 = ORIENTED_EDGE ( 'NONE', *, *, #6650, .F. ) ;
#5774 = ORIENTED_EDGE ( 'NONE', *, *, #3283, .F. ) ;
#5775 = ADVANCED_FACE ( 'NONE', ( #9105 ), #3909, .F. ) ;
#5776 = CARTESIAN_POINT ( 'NONE',  ( -1.249999999999999800, 96.00000000000000000, 0.0000000000000000000 ) ) ;
#5777 = ORIENTED_EDGE ( 'NONE', *, *, #499, .F. ) ;
#5778 = VERTEX_POINT ( 'NONE', #9618 ) ;
#5779 = EDGE_CURVE ( 'NONE', #6867, #6731, #8182, .T. ) ;
#5780 = VECTOR ( 'NONE', #9800, 1000.000000000000000 ) ;
#5781 = CARTESIAN_POINT ( 'NONE',  ( -1.249999999999999800, 17.43189123190276000, 9.431891231902762100 ) ) ;
#5782 = VECTOR ( 'NONE', #8023, 1000.000000000000000 ) ;
#5783 = EDGE_CURVE ( 'NONE', #6408, #9917, #5922, .T. ) ;
#5784 = DIRECTION ( 'NONE',  ( -1.000000000000000000, 0.0000000000000000000, -0.0000000000000000000 ) ) ;
#5785 = EDGE_LOOP ( 'NONE', ( #6680, #6983, #9341, #5663 ) ) ;
#5786 = DIRECTION ( 'NONE',  ( 0.0000000000000000000, 0.0000000000000000000, -1.000000000000000000 ) ) ;
#5787 = ORIENTED_EDGE ( 'NONE', *, *, #1270, .F. ) ;
#5788 = ORIENTED_EDGE ( 'NONE', *, *, #568, .T. ) ;
#5789 = VERTEX_POINT ( 'NONE', #9694 ) ;
#5790 = VERTEX_POINT ( 'NONE', #3652 ) ;
#5791 = CARTESIAN_POINT ( 'NONE',  ( -1.249999999999999800, 136.0000000000000000, 8.000000000000000000 ) ) ;
#5792 = ADVANCED_FACE ( 'NONE', ( #3658 ), #6328, .F. ) ;
#5793 = DIRECTION ( 'NONE',  ( 1.000000000000000000, -0.0000000000000000000, -0.0000000000000000000 ) ) ;
#5794 = FACE_OUTER_BOUND ( 'NONE', #9124, .T. ) ;
#5795 = DIRECTION ( 'NONE',  ( 3.652049423109066300E-016, -0.0000000000000000000, -1.000000000000000000 ) ) ;
#5796 = EDGE_CURVE ( 'NONE', #7344, #3959, #6223, .T. ) ;
#5797 = AXIS2_PLACEMENT_3D ( 'NONE', #8241, #9968, #4912 ) ;
#5798 = CARTESIAN_POINT ( 'NONE',  ( -1.249999999999999800, 104.0000000000000100, -7.999999999999994700 ) ) ;
#5799 = VECTOR ( 'NONE', #9837, 1000.000000000000000 ) ;
#5800 = ORIENTED_EDGE ( 'NONE', *, *, #2134, .T. ) ;
#5801 = AXIS2_PLACEMENT_3D ( 'NONE', #2669, #8742, #265 ) ;
#5802 = ORIENTED_EDGE ( 'NONE', *, *, #1310, .T. ) ;
#5803 = DIRECTION ( 'NONE',  ( -1.826024711554532900E-016, 0.0000000000000000000, 1.000000000000000000 ) ) ;
#5804 = CARTESIAN_POINT ( 'NONE',  ( -1.249999999999999800, 127.0533901423358000, 9.917172606141312100 ) ) ;
#5805 = EDGE_CURVE ( 'NONE', #10683, #5566, #1646, .T. ) ;
#5806 = EDGE_LOOP ( 'NONE', ( #2296, #7949 ) ) ;
#5807 = DATE_AND_TIME ( #9227, #1517 ) ;
#5808 = LINE ( 'NONE', #1406, #7933 ) ;
#5809 = VERTEX_POINT ( 'NONE', #4767 ) ;
#5810 = CARTESIAN_POINT ( 'NONE',  ( 1.250000000000000200, 82.56810876809723300, -10.56810876809725700 ) ) ;
#5811 = EDGE_CURVE ( 'NONE', #305, #10226, #7275, .T. ) ;
#5812 = AXIS2_PLACEMENT_3D ( 'NONE', #5139, #5994, #4340 ) ;
#5813 = VERTEX_POINT ( 'NONE', #5572 ) ;
#5814 = ORIENTED_EDGE ( 'NONE', *, *, #7739, .T. ) ;
#5815 = AXIS2_PLACEMENT_3D ( 'NONE', #10242, #8588, #7830 ) ;
#5816 = DIRECTION ( 'NONE',  ( 1.000000000000000000, -0.0000000000000000000, -0.0000000000000000000 ) ) ;
#5817 = CIRCLE ( 'NONE', #1237, 2.024999999999997200 ) ;
#5818 = ORIENTED_EDGE ( 'NONE', *, *, #7932, .F. ) ;
#5819 = FACE_OUTER_BOUND ( 'NONE', #10016, .T. ) ;
#5820 = CARTESIAN_POINT ( 'NONE',  ( 6.750000000000000900, 48.00000000000000700, -15.99999999999999600 ) ) ;
#5821 = EDGE_CURVE ( 'NONE', #2961, #5389, #9493, .T. ) ;
#5822 = CARTESIAN_POINT ( 'NONE',  ( -1.249999999999999800, 159.5147186257614500, 8.485281374238569500 ) ) ;
#5823 = EDGE_LOOP ( 'NONE', ( #1695, #9071, #8040, #9099 ) ) ;
#5824 = EDGE_LOOP ( 'NONE', ( #4721, #5428, #7319, #8121, #2814 ) ) ;
#5825 = CIRCLE ( 'NONE', #10416, 6.999999999999999100 ) ;
#5826 = EDGE_CURVE ( 'NONE', #10543, #8896, #2582, .T. ) ;
#5827 = VECTOR ( 'NONE', #2916, 1000.000000000000000 ) ;
#5828 = CARTESIAN_POINT ( 'NONE',  ( 8.774999999999987900, 56.00000000000000700, 16.00000000000000400 ) ) ;
#5829 = DIRECTION ( 'NONE',  ( 1.000000000000000000, -0.0000000000000000000, -0.0000000000000000000 ) ) ;
#5830 = DIRECTION ( 'NONE',  ( 0.0000000000000000000, 0.0000000000000000000, -1.000000000000000000 ) ) ;
#5832 = ADVANCED_FACE ( 'NONE', ( #9230 ), #2725, .F. ) ;
#5831 = EDGE_LOOP ( 'NONE', ( #876, #770, #9663, #581 ) ) ;
#5833 = DIRECTION ( 'NONE',  ( 0.0000000000000000000, 0.0000000000000000000, -1.000000000000000000 ) ) ;
#5834 = LINE ( 'NONE', #10379, #9521 ) ;
#5835 = DIRECTION ( 'NONE',  ( 0.0000000000000000000, 0.7071067811865487900, -0.7071067811865463500 ) ) ;
#5836 = CARTESIAN_POINT ( 'NONE',  ( 1.250000000000000200, 88.00000000000002800, -7.999999999999996400 ) ) ;
#5837 = FACE_BOUND ( 'NONE', #1164, .T. ) ;
#5838 = AXIS2_PLACEMENT_3D ( 'NONE', #9861, #4727, #3007 ) ;
#5839 = DIRECTION ( 'NONE',  ( 1.000000000000000000, -0.0000000000000000000, -0.0000000000000000000 ) ) ;
#5840 = CARTESIAN_POINT ( 'NONE',  ( -1.249999999999999800, 104.0000000000000100, 5.975000000000009400 ) ) ;
#5841 = VERTEX_POINT ( 'NONE', #6565 ) ;
#5842 = CARTESIAN_POINT ( 'NONE',  ( 1.250000000000000200, 136.0000000000000000, 8.000000000000000000 ) ) ;
#5843 = ORIENTED_EDGE ( 'NONE', *, *, #295, .F. ) ;
#5844 = VECTOR ( 'NONE', #1320, 1000.000000000000000 ) ;
#5845 = ADVANCED_FACE ( 'NONE', ( #196 ), #2572, .F. ) ;
#5846 = AXIS2_PLACEMENT_3D ( 'NONE', #4223, #3338, #5115 ) ;
#5847 = FACE_OUTER_BOUND ( 'NONE', #8136, .T. ) ;
#5848 = DIRECTION ( 'NONE',  ( 1.000000000000000000, 0.0000000000000000000, 0.0000000000000000000 ) ) ;
#5849 = EDGE_CURVE ( 'NONE', #1622, #7704, #6617, .T. ) ;
#5850 = ORIENTED_EDGE ( 'NONE', *, *, #9431, .F. ) ;
#5851 = ORIENTED_EDGE ( 'NONE', *, *, #2420, .F. ) ;
#5852 = FACE_BOUND ( 'NONE', #7126, .T. ) ;
#5853 = DIRECTION ( 'NONE',  ( -1.000000000000000000, 0.0000000000000000000, 0.0000000000000000000 ) ) ;
#5854 = FACE_BOUND ( 'NONE', #5498, .T. ) ;
#5855 = EDGE_CURVE ( 'NONE', #5667, #3788, #5808, .T. ) ;
#5856 = AXIS2_PLACEMENT_3D ( 'NONE', #1532, #5875, #10884 ) ;
#5857 = ORIENTED_EDGE ( 'NONE', *, *, #10470, .T. ) ;
#5858 = EDGE_LOOP ( 'NONE', ( #5106, #10880 ) ) ;
#5859 = CARTESIAN_POINT ( 'NONE',  ( -1.249999999999999800, 154.5681087680972300, -10.56810876809725700 ) ) ;
#5860 = VECTOR ( 'NONE', #5235, 1000.000000000000000 ) ;
#5861 = EDGE_CURVE ( 'NONE', #7918, #8540, #592, .T. ) ;
#5862 = DIRECTION ( 'NONE',  ( 0.0000000000000000000, 0.0000000000000000000, -1.000000000000000000 ) ) ;
#5863 = DIRECTION ( 'NONE',  ( -0.0000000000000000000, -1.000000000000000000, -0.0000000000000000000 ) ) ;
#5864 = DIRECTION ( 'NONE',  ( 3.652049423109066300E-016, 0.0000000000000000000, -1.000000000000000000 ) ) ;
#5865 = FACE_OUTER_BOUND ( 'NONE', #5040, .T. ) ;
#5866 = CIRCLE ( 'NONE', #6670, 2.025000000000000800 ) ;
#5867 = CARTESIAN_POINT ( 'NONE',  ( -1.249999999999999800, 16.94660985766419300, 9.917172606141328100 ) ) ;
#5868 = CARTESIAN_POINT ( 'NONE',  ( 1.250000000000000200, -1.431891231902781700, -1.431891231902792100 ) ) ;
#5869 = VERTEX_POINT ( 'NONE', #1333 ) ;
#5870 = ORIENTED_EDGE ( 'NONE', *, *, #5377, .T. ) ;
#5871 = FACE_OUTER_BOUND ( 'NONE', #2776, .T. ) ;
#5872 = EDGE_CURVE ( 'NONE', #4582, #5490, #7786, .T. ) ;
#5873 = CIRCLE ( 'NONE', #906, 2.024999999999998100 ) ;
#5874 = AXIS2_PLACEMENT_3D ( 'NONE', #9036, #5719, #8258 ) ;
#5875 = DIRECTION ( 'NONE',  ( 0.0000000000000000000, -0.7071067811865526800, -0.7071067811865424700 ) ) ;
#5876 = DIRECTION ( 'NONE',  ( 1.000000000000000000, -0.0000000000000000000, 0.0000000000000000000 ) ) ;
#5877 = LINE ( 'NONE', #2789, #276 ) ;
#5878 = VERTEX_POINT ( 'NONE', #6469 ) ;
#5879 = ORIENTED_EDGE ( 'NONE', *, *, #2786, .F. ) ;
#5880 = ORIENTED_EDGE ( 'NONE', *, *, #7243, .F. ) ;
#5881 = CARTESIAN_POINT ( 'NONE',  ( -1.249999999999999800, 60.68629150101524100, 0.0000000000000000000 ) ) ;
#5882 = FACE_BOUND ( 'NONE', #5674, .T. ) ;
#5883 = ADVANCED_FACE ( 'NONE', ( #1772 ), #8057, .F. ) ;
#5884 = FACE_OUTER_BOUND ( 'NONE', #6896, .T. ) ;
#5885 = ORIENTED_EDGE ( 'NONE', *, *, #7609, .T. ) ;
#5886 = EDGE_CURVE ( 'NONE', #6768, #2583, #337, .T. ) ;
#5887 = AXIS2_PLACEMENT_3D ( 'NONE', #8700, #8580, #7902 ) ;
#5888 = EDGE_LOOP ( 'NONE', ( #10761, #703, #352, #7527 ) ) ;
#5889 = EDGE_LOOP ( 'NONE', ( #3013, #8916, #1531, #2121 ) ) ;
#5890 = VECTOR ( 'NONE', #4713, 1000.000000000000000 ) ;
#5891 = ORIENTED_EDGE ( 'NONE', *, *, #6750, .F. ) ;
#5892 = CARTESIAN_POINT ( 'NONE',  ( 1.250000000000000200, 79.05339014233581500, -9.917172606141322800 ) ) ;
#5893 = PLANE ( 'NONE',  #403 ) ;
#5894 = CYLINDRICAL_SURFACE ( 'NONE', #8130, 2.024999999999998100 ) ;
#5895 = ADVANCED_FACE ( 'NONE', ( #3507 ), #3785, .F. ) ;
#5896 = CARTESIAN_POINT ( 'NONE',  ( -1.249999999999999800, 82.56810876809747400, 10.56810876809731100 ) ) ;
#5897 = CARTESIAN_POINT ( 'NONE',  ( 8.774999999999987900, 152.0000000000000300, 16.00000000000000400 ) ) ;
#5898 = CARTESIAN_POINT ( 'NONE',  ( 1.250000000000000200, 104.0000000000000100, -7.999999999999994700 ) ) ;
#5899 = ORIENTED_EDGE ( 'NONE', *, *, #5208, .T. ) ;
#5900 = CARTESIAN_POINT ( 'NONE',  ( 6.750000000000000000, 32.00000000000000700, -13.50000000000000200 ) ) ;
#5901 = ORIENTED_EDGE ( 'NONE', *, *, #3778, .F. ) ;
#5902 = ORIENTED_EDGE ( 'NONE', *, *, #5849, .T. ) ;
#5903 = DIRECTION ( 'NONE',  ( 0.0000000000000000000, 0.0000000000000000000, -1.000000000000000000 ) ) ;
#5904 = VERTEX_POINT ( 'NONE', #553 ) ;
#5905 = VECTOR ( 'NONE', #4487, 1000.000000000000000 ) ;
#5906 = VECTOR ( 'NONE', #7088, 1000.000000000000000 ) ;
#5907 = EDGE_CURVE ( 'NONE', #755, #5586, #8308, .T. ) ;
#5908 = VERTEX_POINT ( 'NONE', #9022 ) ;
#5909 = ORIENTED_EDGE ( 'NONE', *, *, #6979, .T. ) ;
#5910 = DIRECTION ( 'NONE',  ( 0.0000000000000000000, 0.0000000000000000000, -1.000000000000000000 ) ) ;
#5911 = VERTEX_POINT ( 'NONE', #4804 ) ;
#5912 = DIRECTION ( 'NONE',  ( 1.000000000000000000, 0.0000000000000000000, 0.0000000000000000000 ) ) ;
#5913 = ORIENTED_EDGE ( 'NONE', *, *, #4553, .F. ) ;
#5914 = ORIENTED_EDGE ( 'NONE', *, *, #8424, .T. ) ;
#5915 = CYLINDRICAL_SURFACE ( 'NONE', #3052, 2.025000000000004400 ) ;
#5916 = DIRECTION ( 'NONE',  ( 0.0000000000000000000, -0.7071067811865615600, -0.7071067811865335800 ) ) ;
#5917 = ORIENTED_EDGE ( 'NONE', *, *, #2634, .F. ) ;
#5918 = ORIENTED_EDGE ( 'NONE', *, *, #10525, .T. ) ;
#5919 = DIRECTION ( 'NONE',  ( 0.0000000000000000000, 0.0000000000000000000, -1.000000000000000000 ) ) ;
#5920 = VERTEX_POINT ( 'NONE', #7340 ) ;
#5921 = EDGE_CURVE ( 'NONE', #2239, #6686, #10812, .T. ) ;
#5922 = LINE ( 'NONE', #2109, #9772 ) ;
#5923 = ORIENTED_EDGE ( 'NONE', *, *, #4320, .F. ) ;
#5924 = CARTESIAN_POINT ( 'NONE',  ( -1.249999999999999800, 120.0000000000000000, 2.024999999999999900 ) ) ;
#5925 = CARTESIAN_POINT ( 'NONE',  ( 8.774999999999987900, 72.00000000000001400, 16.00000000000000400 ) ) ;
#5926 = ORIENTED_EDGE ( 'NONE', *, *, #3783, .T. ) ;
#5927 = CARTESIAN_POINT ( 'NONE',  ( 6.749999999999989300, 176.0000000000000300, 16.00000000000000400 ) ) ;
#5928 = DIRECTION ( 'NONE',  ( -1.000000000000000000, 0.0000000000000000000, 0.0000000000000000000 ) ) ;
#5929 = CARTESIAN_POINT ( 'NONE',  ( -1.249999999999999800, 156.6862915010152300, 2.024999999999999900 ) ) ;
#5930 = VERTEX_POINT ( 'NONE', #1438 ) ;
#5931 = CARTESIAN_POINT ( 'NONE',  ( 4.724999999999993400, 80.00000000000001400, 13.50000000000000000 ) ) ;
#5932 = DIRECTION ( 'NONE',  ( 3.652049423109066300E-016, -0.0000000000000000000, -1.000000000000000000 ) ) ;
#5933 = ORIENTED_EDGE ( 'NONE', *, *, #8702, .F. ) ;
#5934 = EDGE_CURVE ( 'NONE', #5930, #5085, #5545, .T. ) ;
#5935 = AXIS2_PLACEMENT_3D ( 'NONE', #1945, #9511, #5197 ) ;
#5936 = FACE_OUTER_BOUND ( 'NONE', #8020, .T. ) ;
#5937 = ADVANCED_FACE ( 'NONE', ( #4303 ), #625, .T. ) ;
#5938 = AXIS2_PLACEMENT_3D ( 'NONE', #8113, #2283, #6499 ) ;
#5939 = EDGE_LOOP ( 'NONE', ( #6334, #2518, #9167, #10670 ) ) ;
#5940 = CARTESIAN_POINT ( 'NONE',  ( -1.249999999999999800, 128.4852813742385500, 8.485281374238569500 ) ) ;
#5941 = LINE ( 'NONE', #5476, #6493 ) ;
#5942 = ORIENTED_EDGE ( 'NONE', *, *, #4298, .F. ) ;
#5943 = DIRECTION ( 'NONE',  ( 1.000000000000000000, -0.0000000000000000000, -0.0000000000000000000 ) ) ;
#5944 = DIRECTION ( 'NONE',  ( 0.0000000000000000000, 0.0000000000000000000, -1.000000000000000000 ) ) ;
#5945 = EDGE_CURVE ( 'NONE', #2882, #989, #5673, .T. ) ;
#5946 = ORIENTED_EDGE ( 'NONE', *, *, #1963, .F. ) ;
#5947 = ORIENTED_EDGE ( 'NONE', *, *, #4205, .T. ) ;
#5948 = DIRECTION ( 'NONE',  ( 0.0000000000000000000, -0.7071067811865463500, -0.7071067811865487900 ) ) ;
#5949 = CARTESIAN_POINT ( 'NONE',  ( -1.249999999999999800, 63.51471862576143900, -10.51028137423856600 ) ) ;
#5950 = VECTOR ( 'NONE', #1975, 1000.000000000000000 ) ;
#5951 = LINE ( 'NONE', #4324, #489 ) ;
#5952 = ADVANCED_FACE ( 'NONE', ( #7394 ), #695, .F. ) ;
#5953 = EDGE_CURVE ( 'NONE', #7705, #3367, #4601, .T. ) ;
#5954 = AXIS2_PLACEMENT_3D ( 'NONE', #4608, #3697, #9632 ) ;
#5955 = CARTESIAN_POINT ( 'NONE',  ( 1.250000000000000200, 30.56810876809724700, 9.431891231902756800 ) ) ;
#5956 = VERTEX_POINT ( 'NONE', #9934 ) ;
#5957 = DIRECTION ( 'NONE',  ( 1.000000000000000000, -0.0000000000000000000, 0.0000000000000000000 ) ) ;
#5958 = ORIENTED_EDGE ( 'NONE', *, *, #3276, .T. ) ;
#5959 = FACE_OUTER_BOUND ( 'NONE', #866, .T. ) ;
#5960 = DIRECTION ( 'NONE',  ( 0.0000000000000000000, 0.0000000000000000000, -1.000000000000000000 ) ) ;
#5961 = DIRECTION ( 'NONE',  ( 0.0000000000000000000, -0.7071067811865513500, 0.7071067811865436900 ) ) ;
#5962 = CARTESIAN_POINT ( 'NONE',  ( -1.249999999999999800, 144.0000000000000000, 6.999999999999999100 ) ) ;
#5963 = LINE ( 'NONE', #6377, #1287 ) ;
#5964 = DIRECTION ( 'NONE',  ( 1.000000000000000000, -0.0000000000000000000, 0.0000000000000000000 ) ) ;
#5965 = ORIENTED_EDGE ( 'NONE', *, *, #6263, .F. ) ;
#5966 = DIRECTION ( 'NONE',  ( 1.000000000000000000, 0.0000000000000000000, 0.0000000000000000000 ) ) ;
#5967 = FACE_OUTER_BOUND ( 'NONE', #5211, .T. ) ;
#5968 = CARTESIAN_POINT ( 'NONE',  ( 8.774999999999987900, 80.00000000000001400, 13.50000000000000000 ) ) ;
#5969 = CARTESIAN_POINT ( 'NONE',  ( -1.249999999999999800, 10.56810876809729100, 10.56810876809721700 ) ) ;
#5970 = DIRECTION ( 'NONE',  ( 0.0000000000000000000, 0.0000000000000000000, -1.000000000000000000 ) ) ;
#5971 = CARTESIAN_POINT ( 'NONE',  ( 10.75000000000000400, 0.0000000000000000000, 13.50000000000000000 ) ) ;
#5972 = CARTESIAN_POINT ( 'NONE',  ( -1.249999999999999800, 0.0000000000000000000, -2.024999999999999900 ) ) ;
#5973 = VECTOR ( 'NONE', #1781, 1000.000000000000000 ) ;
#5974 = CARTESIAN_POINT ( 'NONE',  ( 6.750000000000000900, 120.0000000000000300, -15.99999999999999600 ) ) ;
#5975 = ORIENTED_EDGE ( 'NONE', *, *, #2936, .T. ) ;
#5976 = VERTEX_POINT ( 'NONE', #10009 ) ;
#5977 = CARTESIAN_POINT ( 'NONE',  ( -1.249999999999999800, 104.4852813742385800, -8.485281374238564200 ) ) ;
#5978 = FACE_BOUND ( 'NONE', #6323, .T. ) ;
#5979 = CARTESIAN_POINT ( 'NONE',  ( -1.250000000000001100, 8.485281374238571300, -8.485281374238566000 ) ) ;
#5980 = AXIS2_PLACEMENT_3D ( 'NONE', #4456, #5209, #1875 ) ;
#5981 = CARTESIAN_POINT ( 'NONE',  ( 8.774999999999998600, 176.0000000000000300, -13.50000000000000200 ) ) ;
#5982 = VECTOR ( 'NONE', #5863, 1000.000000000000000 ) ;
#5983 = CARTESIAN_POINT ( 'NONE',  ( 1.250000000000000200, 129.4318912319027700, -6.568108768097234300 ) ) ;
#5984 = CARTESIAN_POINT ( 'NONE',  ( 1.250000000000000200, 38.08282739385867900, -7.053390142335806500 ) ) ;
#5985 = DIRECTION ( 'NONE',  ( 3.652049423109066300E-016, 0.0000000000000000000, -1.000000000000000000 ) ) ;
#5986 = ORIENTED_EDGE ( 'NONE', *, *, #991, .T. ) ;
#5987 = ORIENTED_EDGE ( 'NONE', *, *, #3874, .T. ) ;
#5988 = EDGE_CURVE ( 'NONE', #4472, #4625, #5129, .T. ) ;
#5989 = FACE_OUTER_BOUND ( 'NONE', #5178, .T. ) ;
#5990 = CARTESIAN_POINT ( 'NONE',  ( -1.249999999999999800, 48.00000000000000000, -2.024999999999999900 ) ) ;
#5991 = CARTESIAN_POINT ( 'NONE',  ( 4.724999999999991700, 80.00000000000001400, 16.00000000000000400 ) ) ;
#5992 = FACE_BOUND ( 'NONE', #10455, .T. ) ;
#5993 = CARTESIAN_POINT ( 'NONE',  ( -1.249999999999999800, 79.99999999999998600, 5.975000000000009400 ) ) ;
#5994 = DIRECTION ( 'NONE',  ( 3.652049423109066300E-016, -0.0000000000000000000, -1.000000000000000000 ) ) ;
#5995 = ORIENTED_EDGE ( 'NONE', *, *, #10215, .T. ) ;
#5996 = VERTEX_POINT ( 'NONE', #5025 ) ;
#5997 = CIRCLE ( 'NONE', #3110, 2.024999999999996400 ) ;
#5998 = ORIENTED_EDGE ( 'NONE', *, *, #739, .T. ) ;
#5999 = CYLINDRICAL_SURFACE ( 'NONE', #3184, 2.025000000000000800 ) ;
#6000 = EDGE_CURVE ( 'NONE', #715, #8421, #10007, .T. ) ;
#6001 = AXIS2_PLACEMENT_3D ( 'NONE', #6973, #947, #3466 ) ;
#6002 = LINE ( 'NONE', #345, #3726 ) ;
#6003 = AXIS2_PLACEMENT_3D ( 'NONE', #3822, #6282, #1156 ) ;
#6004 = CARTESIAN_POINT ( 'NONE',  ( 4.724999999999991700, 24.00000000000000700, 16.00000000000000400 ) ) ;
#6005 = VERTEX_POINT ( 'NONE', #4101 ) ;
#6006 = ADVANCED_FACE ( 'NONE', ( #9095 ), #2861, .F. ) ;
#6007 = EDGE_CURVE ( 'NONE', #5904, #1581, #3375, .T. ) ;
#6008 = ORIENTED_EDGE ( 'NONE', *, *, #3874, .F. ) ;
#6009 = DIRECTION ( 'NONE',  ( 3.652049423109066300E-016, -0.0000000000000000000, -1.000000000000000000 ) ) ;
#6010 = PLANE ( 'NONE',  #273 ) ;
#6011 = EDGE_LOOP ( 'NONE', ( #5289, #2427, #4306, #8652, #8928 ) ) ;
#6012 = FACE_OUTER_BOUND ( 'NONE', #7402, .T. ) ;
#6013 = DIRECTION ( 'NONE',  ( -1.000000000000000000, 0.0000000000000000000, 0.0000000000000000000 ) ) ;
#6014 = DIRECTION ( 'NONE',  ( 0.0000000000000000000, -2.741291418827541200E-014, -1.000000000000000000 ) ) ;
#6015 = CARTESIAN_POINT ( 'NONE',  ( 4.724999999999993400, 72.00000000000001400, 13.50000000000000000 ) ) ;
#6016 = FACE_OUTER_BOUND ( 'NONE', #8198, .T. ) ;
#6017 = CARTESIAN_POINT ( 'NONE',  ( -1.249999999999999800, 31.99999999999999300, 5.975000000000009400 ) ) ;
#6018 = EDGE_LOOP ( 'NONE', ( #4426, #1113, #6996, #937 ) ) ;
#6019 = EDGE_CURVE ( 'NONE', #8281, #1813, #8840, .T. ) ;
#6020 = AXIS2_PLACEMENT_3D ( 'NONE', #7877, #3613, #7142 ) ;
#6021 = ORIENTED_EDGE ( 'NONE', *, *, #654, .T. ) ;
#6022 = CARTESIAN_POINT ( 'NONE',  ( -1.249999999999999800, 151.0533901423358100, -9.917172606141329900 ) ) ;
#6023 = DIRECTION ( 'NONE',  ( -1.826024711554532900E-016, 0.0000000000000000000, 1.000000000000000000 ) ) ;
#6024 = ORIENTED_EDGE ( 'NONE', *, *, #3119, .F. ) ;
#6025 = AXIS2_PLACEMENT_3D ( 'NONE', #4349, #3491, #7675 ) ;
#6026 = DIRECTION ( 'NONE',  ( 3.652049423109066300E-016, -0.0000000000000000000, -1.000000000000000000 ) ) ;
#6027 = CYLINDRICAL_SURFACE ( 'NONE', #4547, 2.024999999999990100 ) ;
#6028 = DIRECTION ( 'NONE',  ( 3.652049423109066300E-016, -0.0000000000000000000, -1.000000000000000000 ) ) ;
#6029 = VECTOR ( 'NONE', #227, 1000.000000000000000 ) ;
#6030 = EDGE_CURVE ( 'NONE', #6047, #5402, #5418, .T. ) ;
#6031 = DIRECTION ( 'NONE',  ( 3.652049423109066300E-016, -0.0000000000000000000, -1.000000000000000000 ) ) ;
#6032 = ORIENTED_EDGE ( 'NONE', *, *, #7919, .F. ) ;
#6033 = DIRECTION ( 'NONE',  ( -1.000000000000000000, 0.0000000000000000000, 0.0000000000000000000 ) ) ;
#6034 = ORIENTED_EDGE ( 'NONE', *, *, #8340, .F. ) ;
#6035 = FACE_BOUND ( 'NONE', #10189, .T. ) ;
#6036 = ORIENTED_EDGE ( 'NONE', *, *, #9135, .F. ) ;
#6037 = DIRECTION ( 'NONE',  ( 3.652049423109066300E-016, 0.0000000000000000000, -1.000000000000000000 ) ) ;
#6038 = CYLINDRICAL_SURFACE ( 'NONE', #2817, 2.024999999999999000 ) ;
#6039 = EDGE_CURVE ( 'NONE', #3763, #862, #9347, .T. ) ;
#6040 = CARTESIAN_POINT ( 'NONE',  ( -1.249999999999999800, 156.6862915010152300, 0.0000000000000000000 ) ) ;
#6041 = CARTESIAN_POINT ( 'NONE',  ( 1.250000000000000200, 0.0000000000000000000, -13.50000000000000200 ) ) ;
#6042 = FACE_OUTER_BOUND ( 'NONE', #6723, .T. ) ;
#6043 = AXIS2_PLACEMENT_3D ( 'NONE', #10830, #6677, #4914 ) ;
#6044 = EDGE_LOOP ( 'NONE', ( #3227, #10465 ) ) ;
#6045 = EDGE_LOOP ( 'NONE', ( #164, #8643, #2829, #5263 ) ) ;
#6046 = VERTEX_POINT ( 'NONE', #10043 ) ;
#6047 = VERTEX_POINT ( 'NONE', #2322 ) ;
#6048 = DIRECTION ( 'NONE',  ( 1.000000000000000000, -0.0000000000000000000, -0.0000000000000000000 ) ) ;
#6049 = ORIENTED_EDGE ( 'NONE', *, *, #4587, .F. ) ;
#6050 = CIRCLE ( 'NONE', #9880, 2.024999999999998100 ) ;
#6051 = DIRECTION ( 'NONE',  ( 0.0000000000000000000, 0.0000000000000000000, -1.000000000000000000 ) ) ;
#6052 = DIRECTION ( 'NONE',  ( 0.0000000000000000000, 0.0000000000000000000, -1.000000000000000000 ) ) ;
#6053 = CARTESIAN_POINT ( 'NONE',  ( 1.250000000000000200, 88.00000000000001400, 5.974999999999997900 ) ) ;
#6054 = CIRCLE ( 'NONE', #10665, 2.025000000000000800 ) ;
#6055 = DIRECTION ( 'NONE',  ( 0.0000000000000000000, 0.7071067811865505700, -0.7071067811865444600 ) ) ;
#6056 = DIRECTION ( 'NONE',  ( 1.000000000000000000, -0.0000000000000000000, 0.0000000000000000000 ) ) ;
#6057 = DIRECTION ( 'NONE',  ( -0.0000000000000000000, -1.000000000000000000, -0.0000000000000000000 ) ) ;
#6058 = ORIENTED_EDGE ( 'NONE', *, *, #4078, .F. ) ;
#6059 = ADVANCED_FACE ( 'NONE', ( #3236 ), #9165, .T. ) ;
#6060 = ORIENTED_EDGE ( 'NONE', *, *, #801, .T. ) ;
#6061 = PLANE ( 'NONE',  #7222 ) ;
#6062 = ORIENTED_EDGE ( 'NONE', *, *, #9093, .F. ) ;
#6063 = ORIENTED_EDGE ( 'NONE', *, *, #7654, .F. ) ;
#6064 = EDGE_CURVE ( 'NONE', #3574, #8509, #7652, .T. ) ;
#6065 = LINE ( 'NONE', #923, #10283 ) ;
#6066 = CARTESIAN_POINT ( 'NONE',  ( 6.750000000000000000, 128.0000000000000000, -13.50000000000000200 ) ) ;
#6067 = DIRECTION ( 'NONE',  ( 3.652049423109066300E-016, -0.0000000000000000000, -1.000000000000000000 ) ) ;
#6068 = EDGE_CURVE ( 'NONE', #2564, #7653, #3112, .T. ) ;
#6069 = DIRECTION ( 'NONE',  ( -1.000000000000000000, 0.0000000000000000000, 0.0000000000000000000 ) ) ;
#6070 = DIRECTION ( 'NONE',  ( 3.652049423109066300E-016, -0.0000000000000000000, -1.000000000000000000 ) ) ;
#6071 = VECTOR ( 'NONE', #141, 1000.000000000000000 ) ;
#6072 = ORIENTED_EDGE ( 'NONE', *, *, #5456, .T. ) ;
#6073 = VERTEX_POINT ( 'NONE', #3641 ) ;
#6074 = CARTESIAN_POINT ( 'NONE',  ( -1.249999999999999800, 106.5681087680972200, -10.56810876809725700 ) ) ;
#6075 = ADVANCED_FACE ( 'NONE', ( #984 ), #1767, .T. ) ;
#6076 = VERTEX_POINT ( 'NONE', #9575 ) ;
#6077 = AXIS2_PLACEMENT_3D ( 'NONE', #8432, #10896, #10126 ) ;
#6078 = DIRECTION ( 'NONE',  ( 1.000000000000000000, 0.0000000000000000000, 0.0000000000000000000 ) ) ;
#6079 = CARTESIAN_POINT ( 'NONE',  ( 6.749999999999989300, 56.00000000000000700, 16.00000000000000400 ) ) ;
#6080 = EDGE_CURVE ( 'NONE', #715, #3959, #4860, .T. ) ;
#6081 = VECTOR ( 'NONE', #10972, 1000.000000000000000 ) ;
#6082 = ORIENTED_EDGE ( 'NONE', *, *, #6640, .T. ) ;
#6083 = CARTESIAN_POINT ( 'NONE',  ( 6.750000000000000900, 128.0000000000000000, -15.99999999999999600 ) ) ;
#6084 = AXIS2_PLACEMENT_3D ( 'NONE', #6146, #7928, #5331 ) ;
#6085 = DIRECTION ( 'NONE',  ( 1.000000000000000000, -0.0000000000000000000, 0.0000000000000000000 ) ) ;
#6086 = DIRECTION ( 'NONE',  ( 3.652049423109066300E-016, 0.0000000000000000000, -1.000000000000000000 ) ) ;
#6087 = EDGE_CURVE ( 'NONE', #6408, #8876, #9762, .T. ) ;
#6088 = EDGE_LOOP ( 'NONE', ( #3903, #10423, #859, #5661 ) ) ;
#6089 = ORIENTED_EDGE ( 'NONE', *, *, #504, .F. ) ;
#6090 = EDGE_LOOP ( 'NONE', ( #8977, #5646, #4726, #9878 ) ) ;
#6091 = FACE_OUTER_BOUND ( 'NONE', #5332, .T. ) ;
#6092 = CARTESIAN_POINT ( 'NONE',  ( -1.249999999999999800, 155.3137084989847700, 0.0000000000000000000 ) ) ;
#6093 = LINE ( 'NONE', #7004, #4183 ) ;
#6094 = DIRECTION ( 'NONE',  ( 0.0000000000000000000, 0.0000000000000000000, -1.000000000000000000 ) ) ;
#6095 = DIRECTION ( 'NONE',  ( 1.000000000000000000, -0.0000000000000000000, -0.0000000000000000000 ) ) ;
#6096 = CARTESIAN_POINT ( 'NONE',  ( -1.249999999999999800, 32.48528137423856100, 8.485281374238569500 ) ) ;
#6097 = EDGE_CURVE ( 'NONE', #570, #8685, #2304, .T. ) ;
#6098 = DIRECTION ( 'NONE',  ( -1.000000000000000000, 0.0000000000000000000, 0.0000000000000000000 ) ) ;
#6099 = ORIENTED_EDGE ( 'NONE', *, *, #7937, .T. ) ;
#6100 = ORIENTED_EDGE ( 'NONE', *, *, #10005, .F. ) ;
#6101 = AXIS2_PLACEMENT_3D ( 'NONE', #7475, #1465, #8985 ) ;
#6102 = CARTESIAN_POINT ( 'NONE',  ( -1.249999999999999800, 154.5681087680973200, 10.56810876809721700 ) ) ;
#6103 = CYLINDRICAL_SURFACE ( 'NONE', #10032, 2.024999999999998100 ) ;
#6104 = LINE ( 'NONE', #6262, #372 ) ;
#6105 = DIRECTION ( 'NONE',  ( 0.0000000000000000000, 0.7071067811865482400, -0.7071067811865469100 ) ) ;
#6106 = CARTESIAN_POINT ( 'NONE',  ( -1.249999999999999800, 135.5147186257614200, 8.485281374238569500 ) ) ;
#6107 = DIRECTION ( 'NONE',  ( 0.0000000000000000000, -1.000000000000000000, 0.0000000000000000000 ) ) ;
#6108 = CARTESIAN_POINT ( 'NONE',  ( -1.249999999999999800, 10.56810876809729100, 10.56810876809721700 ) ) ;
#6109 = ORIENTED_EDGE ( 'NONE', *, *, #3119, .T. ) ;
#6110 = ORIENTED_EDGE ( 'NONE', *, *, #4873, .F. ) ;
#6111 = VECTOR ( 'NONE', #6882, 1000.000000000000000 ) ;
#6112 = EDGE_CURVE ( 'NONE', #6117, #6618, #2052, .T. ) ;
#6113 = VECTOR ( 'NONE', #8450, 999.9999999999998900 ) ;
#6114 = AXIS2_PLACEMENT_3D ( 'NONE', #5896, #2441, #4264 ) ;
#6115 = DIRECTION ( 'NONE',  ( 1.000000000000000000, -0.0000000000000000000, -0.0000000000000000000 ) ) ;
#6116 = ADVANCED_FACE ( 'NONE', ( #10150 ), #4420, .F. ) ;
#6117 = VERTEX_POINT ( 'NONE', #6981 ) ;
#6118 = VERTEX_POINT ( 'NONE', #5383 ) ;
#6119 = CARTESIAN_POINT ( 'NONE',  ( -1.249999999999999800, 14.08282739385867200, 7.053390142335811000 ) ) ;
#6120 = CIRCLE ( 'NONE', #5226, 2.025000000000002600 ) ;
#6121 = DIRECTION ( 'NONE',  ( 1.000000000000000000, -0.0000000000000000000, -0.0000000000000000000 ) ) ;
#6122 = LINE ( 'NONE', #5868, #6261 ) ;
#6123 = DIRECTION ( 'NONE',  ( 1.000000000000000000, -0.0000000000000000000, -0.0000000000000000000 ) ) ;
#6124 = ORIENTED_EDGE ( 'NONE', *, *, #3369, .T. ) ;
#6125 = EDGE_LOOP ( 'NONE', ( #8858, #8802, #4281, #3177 ) ) ;
#6127 = ADVANCED_FACE ( 'NONE', ( #6356 ), #7093, .F. ) ;
#6126 = VERTEX_POINT ( 'NONE', #102 ) ;
#6128 = FACE_OUTER_BOUND ( 'NONE', #8620, .T. ) ;
#6129 = EDGE_CURVE ( 'NONE', #2416, #2539, #4034, .T. ) ;
#6130 = CARTESIAN_POINT ( 'NONE',  ( -1.249999999999999800, 63.51471862576143900, -8.485281374238566000 ) ) ;
#6131 = FACE_BOUND ( 'NONE', #1344, .T. ) ;
#6132 = DIRECTION ( 'NONE',  ( 0.0000000000000000000, -0.7071067811865450200, 0.7071067811865501300 ) ) ;
#6133 = DIRECTION ( 'NONE',  ( 3.652049423109066300E-016, 0.0000000000000000000, -1.000000000000000000 ) ) ;
#6134 = EDGE_LOOP ( 'NONE', ( #765, #3221 ) ) ;
#6135 = EDGE_LOOP ( 'NONE', ( #5818, #78, #10042, #1378 ) ) ;
#6136 = CIRCLE ( 'NONE', #10519, 2.024999999999997200 ) ;
#6137 = DIRECTION ( 'NONE',  ( 0.0000000000000000000, 0.7071067811865469100, 0.7071067811865482400 ) ) ;
#6138 = AXIS2_PLACEMENT_3D ( 'NONE', #5141, #2588, #64 ) ;
#6139 = CARTESIAN_POINT ( 'NONE',  ( 1.250000000000000200, 14.56810876809725000, -6.568108768097241400 ) ) ;
#6140 = CIRCLE ( 'NONE', #1908, 2.025000000000004400 ) ;
#6141 = DIRECTION ( 'NONE',  ( 3.652049423109066300E-016, -0.0000000000000000000, -1.000000000000000000 ) ) ;
#6142 = DIRECTION ( 'NONE',  ( 0.0000000000000000000, 0.7071067811865505700, -0.7071067811865444600 ) ) ;
#6143 = DIRECTION ( 'NONE',  ( 1.000000000000000000, -0.0000000000000000000, 0.0000000000000000000 ) ) ;
#6144 = CIRCLE ( 'NONE', #10820, 2.024999999999997200 ) ;
#6145 = DIRECTION ( 'NONE',  ( 3.652049423109066300E-016, -0.0000000000000000000, -1.000000000000000000 ) ) ;
#6146 = CARTESIAN_POINT ( 'NONE',  ( 6.750000000000000900, 88.00000000000002800, -15.99999999999999600 ) ) ;
#6147 = AXIS2_PLACEMENT_3D ( 'NONE', #5543, #2325, #1514 ) ;
#6148 = ORIENTED_EDGE ( 'NONE', *, *, #5477, .T. ) ;
#6149 = ORIENTED_EDGE ( 'NONE', *, *, #436, .F. ) ;
#6150 = CARTESIAN_POINT ( 'NONE',  ( -1.249999999999999800, 152.4852813742385500, -8.485281374238564200 ) ) ;
#6151 = CYLINDRICAL_SURFACE ( 'NONE', #10856, 2.024999999999998100 ) ;
#6152 = EDGE_CURVE ( 'NONE', #1687, #3659, #1125, .T. ) ;
#6153 = DIRECTION ( 'NONE',  ( 0.0000000000000000000, 0.0000000000000000000, -1.000000000000000000 ) ) ;
#6154 = DIRECTION ( 'NONE',  ( 0.0000000000000000000, 0.7071067811865436900, 0.7071067811865513500 ) ) ;
#6155 = LINE ( 'NONE', #6998, #10640 ) ;
#6156 = VECTOR ( 'NONE', #9728, 1000.000000000000000 ) ;
#6157 = ORIENTED_EDGE ( 'NONE', *, *, #8561, .F. ) ;
#6158 = DIRECTION ( 'NONE',  ( 0.0000000000000000000, 0.0000000000000000000, -1.000000000000000000 ) ) ;
#6159 = CARTESIAN_POINT ( 'NONE',  ( -1.249999999999999800, 15.51471862576143000, 8.485281374238569500 ) ) ;
#6160 = ORIENTED_EDGE ( 'NONE', *, *, #3223, .F. ) ;
#6161 = EDGE_LOOP ( 'NONE', ( #2913, #9898, #2222, #2852 ) ) ;
#6162 = CARTESIAN_POINT ( 'NONE',  ( 1.250000000000000200, 134.5681087680972300, -6.568108768097241400 ) ) ;
#6163 = VECTOR ( 'NONE', #9144, 1000.000000000000000 ) ;
#6164 = EDGE_CURVE ( 'NONE', #3386, #2022, #10286, .T. ) ;
#6165 = AXIS2_PLACEMENT_3D ( 'NONE', #6605, #1367, #9932 ) ;
#6166 = AXIS2_PLACEMENT_3D ( 'NONE', #8148, #8181, #7308 ) ;
#6167 = CARTESIAN_POINT ( 'NONE',  ( 1.250000000000000200, 15.51471862576143900, -10.51028137423856600 ) ) ;
#6168 = DIRECTION ( 'NONE',  ( 3.652049423109066300E-016, -0.0000000000000000000, -1.000000000000000000 ) ) ;
#6169 = FACE_OUTER_BOUND ( 'NONE', #9638, .T. ) ;
#6170 = CARTESIAN_POINT ( 'NONE',  ( -1.249999999999999800, 60.68629150101524100, 2.024999999999999900 ) ) ;
#6171 = ORIENTED_EDGE ( 'NONE', *, *, #1420, .T. ) ;
#6172 = EDGE_CURVE ( 'NONE', #8590, #6505, #9758, .T. ) ;
#6173 = DIRECTION ( 'NONE',  ( 1.000000000000000000, -0.0000000000000000000, -0.0000000000000000000 ) ) ;
#6174 = PLANE ( 'NONE',  #10751 ) ;
#6175 = ORIENTED_EDGE ( 'NONE', *, *, #2367, .T. ) ;
#6176 = ORIENTED_EDGE ( 'NONE', *, *, #399, .F. ) ;
#6177 = LINE ( 'NONE', #4163, #2401 ) ;
#6178 = CARTESIAN_POINT ( 'NONE',  ( -1.249999999999999800, 153.9171726061413500, -7.053390142335827800 ) ) ;
#6179 = VERTEX_POINT ( 'NONE', #2706 ) ;
#6180 = PLANE ( 'NONE',  #1152 ) ;
#6181 = CIRCLE ( 'NONE', #5391, 2.024999999999998100 ) ;
#6182 = EDGE_CURVE ( 'NONE', #9334, #2968, #2169, .T. ) ;
#6183 = CC_DESIGN_DATE_AND_TIME_ASSIGNMENT ( #7154, #1927, ( #10339 ) ) ;
#6184 = DIRECTION ( 'NONE',  ( 0.0000000000000000000, 0.7071067811865482400, -0.7071067811865469100 ) ) ;
#6185 = ORIENTED_EDGE ( 'NONE', *, *, #74, .T. ) ;
#6186 = CARTESIAN_POINT ( 'NONE',  ( -1.249999999999999800, 104.4852813742385800, -10.51028137423856800 ) ) ;
#6187 = DIRECTION ( 'NONE',  ( 1.000000000000000000, -0.0000000000000000000, -0.0000000000000000000 ) ) ;
#6188 = AXIS2_PLACEMENT_3D ( 'NONE', #5015, #1678, #683 ) ;
#6189 = DIRECTION ( 'NONE',  ( -1.000000000000000000, 0.0000000000000000000, -0.0000000000000000000 ) ) ;
#6190 = ORIENTED_EDGE ( 'NONE', *, *, #10901, .T. ) ;
#6191 = CARTESIAN_POINT ( 'NONE',  ( 8.774999999999998600, 168.0000000000000000, -13.50000000000000200 ) ) ;
#6192 = ORIENTED_EDGE ( 'NONE', *, *, #4640, .T. ) ;
#6193 = EDGE_LOOP ( 'NONE', ( #428, #2368, #3511, #6673 ) ) ;
#6194 = DIRECTION ( 'NONE',  ( -1.000000000000000000, 0.0000000000000000000, 0.0000000000000000000 ) ) ;
#6195 = ADVANCED_FACE ( 'NONE', ( #1373 ), #6038, .F. ) ;
#6196 = LINE ( 'NONE', #241, #3889 ) ;
#6197 = CARTESIAN_POINT ( 'NONE',  ( -1.249999999999999800, 94.56810876809788600, 97.43189123190279600 ) ) ;
#6198 = CIRCLE ( 'NONE', #10936, 2.024999999999997200 ) ;
#6199 = EDGE_CURVE ( 'NONE', #6372, #4568, #7626, .T. ) ;
#6200 = DIRECTION ( 'NONE',  ( 0.0000000000000000000, 0.7071067811865463500, 0.7071067811865487900 ) ) ;
#6201 = CARTESIAN_POINT ( 'NONE',  ( 10.75000000000002300, 192.0000000000000000, 1.491862189340059100E-014 ) ) ;
#6202 = CARTESIAN_POINT ( 'NONE',  ( 6.749999999999989300, 184.0000000000000000, 16.00000000000000400 ) ) ;
#6203 = ORIENTED_EDGE ( 'NONE', *, *, #2389, .F. ) ;
#6204 = EDGE_LOOP ( 'NONE', ( #3388, #9013, #1971, #6470 ) ) ;
#6205 = VERTEX_POINT ( 'NONE', #341 ) ;
#6206 = VERTEX_POINT ( 'NONE', #9613 ) ;
#6207 = EDGE_CURVE ( 'NONE', #7268, #632, #10535, .T. ) ;
#6208 =( NAMED_UNIT ( * ) PLANE_ANGLE_UNIT ( ) SI_UNIT ( $, .RADIAN. ) );
#6209 = EDGE_LOOP ( 'NONE', ( #29, #8866, #5179, #144, #2330 ) ) ;
#6210 = CYLINDRICAL_SURFACE ( 'NONE', #10806, 2.024999999999998100 ) ;
#6211 = CARTESIAN_POINT ( 'NONE',  ( 1.250000000000000200, 40.00000000000000700, -7.999999999999996400 ) ) ;
#6212 = DIRECTION ( 'NONE',  ( 3.652049423109066300E-016, -0.0000000000000000000, -1.000000000000000000 ) ) ;
#6213 = ORIENTED_EDGE ( 'NONE', *, *, #3067, .T. ) ;
#6214 = CARTESIAN_POINT ( 'NONE',  ( -1.249999999999999800, 60.68629150101524100, 2.024999999999999900 ) ) ;
#6215 = ORIENTED_EDGE ( 'NONE', *, *, #1756, .F. ) ;
#6216 = CARTESIAN_POINT ( 'NONE',  ( -1.250000000000001100, 8.000000000000000000, 7.999999999999996400 ) ) ;
#6217 = CARTESIAN_POINT ( 'NONE',  ( 1.250000000000000200, 120.0000000000000000, -2.024999999999999900 ) ) ;
#6218 = VERTEX_POINT ( 'NONE', #9649 ) ;
#6219 = DIRECTION ( 'NONE',  ( 1.000000000000000000, 0.0000000000000000000, -0.0000000000000000000 ) ) ;
#6220 = DIRECTION ( 'NONE',  ( 3.652049423109066300E-016, -0.0000000000000000000, -1.000000000000000000 ) ) ;
#6221 = AXIS2_PLACEMENT_3D ( 'NONE', #233, #10560, #3655 ) ;
#6222 = DIRECTION ( 'NONE',  ( 1.000000000000000000, -0.0000000000000000000, 0.0000000000000000000 ) ) ;
#6223 = LINE ( 'NONE', #4739, #2061 ) ;
#6224 = EDGE_LOOP ( 'NONE', ( #5094, #4202 ) ) ;
#6225 = CARTESIAN_POINT ( 'NONE',  ( 4.724999999999991700, 120.0000000000000300, 16.00000000000000400 ) ) ;
#6226 = AXIS2_PLACEMENT_3D ( 'NONE', #1779, #7748, #7829 ) ;
#6227 = ORIENTED_EDGE ( 'NONE', *, *, #1656, .T. ) ;
#6228 = DIRECTION ( 'NONE',  ( 3.652049423109066300E-016, -0.0000000000000000000, -1.000000000000000000 ) ) ;
#6229 = PLANE ( 'NONE',  #4987 ) ;
#6230 = DIRECTION ( 'NONE',  ( 1.000000000000000000, -0.0000000000000000000, 0.0000000000000000000 ) ) ;
#6231 = EDGE_LOOP ( 'NONE', ( #7362, #479, #8726, #7130, #10509 ) ) ;
#6232 = CARTESIAN_POINT ( 'NONE',  ( -1.249999999999999800, 176.4852813742385800, -10.51028137423856800 ) ) ;
#6233 = DIRECTION ( 'NONE',  ( -1.000000000000000000, 0.0000000000000000000, -0.0000000000000000000 ) ) ;
#6234 = LINE ( 'NONE', #3798, #207 ) ;
#6235 = ORIENTED_EDGE ( 'NONE', *, *, #231, .T. ) ;
#6236 = CIRCLE ( 'NONE', #5610, 2.025000000000002600 ) ;
#6237 = CARTESIAN_POINT ( 'NONE',  ( 1.250000000000000200, 105.4318912319027500, 6.568108768097250300 ) ) ;
#6238 = CARTESIAN_POINT ( 'NONE',  ( 8.774999999999987900, 168.0000000000000000, 16.00000000000000400 ) ) ;
#6239 = DIRECTION ( 'NONE',  ( 0.0000000000000000000, 0.7071067811865463500, 0.7071067811865487900 ) ) ;
#6240 = ORIENTED_EDGE ( 'NONE', *, *, #875, .T. ) ;
#6241 = VERTEX_POINT ( 'NONE', #1148 ) ;
#6242 = EDGE_CURVE ( 'NONE', #6005, #9282, #2953, .T. ) ;
#6243 = VECTOR ( 'NONE', #2674, 1000.000000000000000 ) ;
#6244 = AXIS2_PLACEMENT_3D ( 'NONE', #9390, #4311, #10244 ) ;
#6245 = CIRCLE ( 'NONE', #5021, 2.025000000000004400 ) ;
#6246 = EDGE_CURVE ( 'NONE', #4960, #814, #6430, .T. ) ;
#6247 = DIRECTION ( 'NONE',  ( 1.000000000000000000, -0.0000000000000000000, -0.0000000000000000000 ) ) ;
#6248 = DIRECTION ( 'NONE',  ( 1.000000000000000000, -0.0000000000000000000, 0.0000000000000000000 ) ) ;
#6249 = ORIENTED_EDGE ( 'NONE', *, *, #10357, .F. ) ;
#6250 = VERTEX_POINT ( 'NONE', #10548 ) ;
#6251 = CYLINDRICAL_SURFACE ( 'NONE', #4123, 6.999999999999999100 ) ;
#6252 = ADVANCED_FACE ( 'NONE', ( #4108 ), #1578, .F. ) ;
#6253 = DIRECTION ( 'NONE',  ( 1.000000000000000000, -0.0000000000000000000, -0.0000000000000000000 ) ) ;
#6254 = DIRECTION ( 'NONE',  ( 0.0000000000000000000, 0.0000000000000000000, -1.000000000000000000 ) ) ;
#6255 = CYLINDRICAL_SURFACE ( 'NONE', #10497, 2.025000000000000800 ) ;
#6256 = EDGE_CURVE ( 'NONE', #8116, #3044, #10641, .T. ) ;
#6257 = CARTESIAN_POINT ( 'NONE',  ( 4.724999999999991700, 40.00000000000000700, 16.00000000000000400 ) ) ;
#6258 = AXIS2_PLACEMENT_3D ( 'NONE', #670, #4009, #9944 ) ;
#6259 = EDGE_LOOP ( 'NONE', ( #6540, #4441, #6175, #4775 ) ) ;
#6260 = CIRCLE ( 'NONE', #9122, 2.025000000000000800 ) ;
#6261 = VECTOR ( 'NONE', #759, 1000.000000000000100 ) ;
#6262 = CARTESIAN_POINT ( 'NONE',  ( -1.249999999999999800, 55.05339014233580700, 9.917172606141324600 ) ) ;
#6263 = EDGE_CURVE ( 'NONE', #8895, #3959, #9030, .T. ) ;
#6264 = DIRECTION ( 'NONE',  ( 0.0000000000000000000, 0.0000000000000000000, -1.000000000000000000 ) ) ;
#6265 = DIRECTION ( 'NONE',  ( 0.0000000000000000000, 0.0000000000000000000, -1.000000000000000000 ) ) ;
#6266 = ORIENTED_EDGE ( 'NONE', *, *, #10154, .T. ) ;
#6267 = ORIENTED_EDGE ( 'NONE', *, *, #10158, .F. ) ;
#6268 = EDGE_CURVE ( 'NONE', #2752, #3228, #4207, .T. ) ;
#6269 = DIRECTION ( 'NONE',  ( 1.000000000000000000, -0.0000000000000000000, 1.387778780781447300E-015 ) ) ;
#6270 = FACE_BOUND ( 'NONE', #8289, .T. ) ;
#6271 = DIRECTION ( 'NONE',  ( 0.0000000000000000000, -0.7071067811865487900, -0.7071067811865463500 ) ) ;
#6272 = CARTESIAN_POINT ( 'NONE',  ( -1.249999999999999800, 79.05339014233581500, 9.917172606141322800 ) ) ;
#6273 = VECTOR ( 'NONE', #4012, 1000.000000000000000 ) ;
#6274 = DIRECTION ( 'NONE',  ( 0.0000000000000000000, 0.7071067811865469100, 0.7071067811865482400 ) ) ;
#6275 = ORIENTED_EDGE ( 'NONE', *, *, #3010, .F. ) ;
#6276 = DIRECTION ( 'NONE',  ( 0.0000000000000000000, 0.0000000000000000000, -1.000000000000000000 ) ) ;
#6277 = ORIENTED_EDGE ( 'NONE', *, *, #8712, .F. ) ;
#6278 = VECTOR ( 'NONE', #658, 1000.000000000000000 ) ;
#6279 = CARTESIAN_POINT ( 'NONE',  ( -1.249999999999999800, 144.0000000000000300, 2.024999999999999900 ) ) ;
#6280 = AXIS2_PLACEMENT_3D ( 'NONE', #4128, #8419, #10110 ) ;
#6281 = FACE_BOUND ( 'NONE', #6425, .T. ) ;
#6282 = DIRECTION ( 'NONE',  ( 0.0000000000000000000, 0.7071067811865436900, 0.7071067811865513500 ) ) ;
#6283 = CARTESIAN_POINT ( 'NONE',  ( 4.724999999999993400, 96.00000000000000000, 13.50000000000000000 ) ) ;
#6284 = DIRECTION ( 'NONE',  ( -1.000000000000000000, 0.0000000000000000000, -0.0000000000000000000 ) ) ;
#6285 = ORIENTED_EDGE ( 'NONE', *, *, #6883, .T. ) ;
#6286 = CARTESIAN_POINT ( 'NONE',  ( -1.249999999999999800, 111.5147186257614500, -8.485281374238566000 ) ) ;
#6287 = ORIENTED_EDGE ( 'NONE', *, *, #5164, .F. ) ;
#6288 = EDGE_CURVE ( 'NONE', #8764, #3926, #8465, .T. ) ;
#6289 = LINE ( 'NONE', #8202, #10072 ) ;
#6290 = CARTESIAN_POINT ( 'NONE',  ( -1.249999999999999800, 39.51471862576143900, -10.51028137423856600 ) ) ;
#6291 = ORIENTED_EDGE ( 'NONE', *, *, #1056, .T. ) ;
#6292 = CIRCLE ( 'NONE', #7842, 2.024999999999997200 ) ;
#6293 = DIRECTION ( 'NONE',  ( -1.000000000000000000, 0.0000000000000000000, 0.0000000000000000000 ) ) ;
#6294 = CIRCLE ( 'NONE', #8009, 2.024999999999999900 ) ;
#6295 = ORIENTED_EDGE ( 'NONE', *, *, #6433, .T. ) ;
#6296 = EDGE_LOOP ( 'NONE', ( #10583, #9945, #8502, #7881 ) ) ;
#6297 = AXIS2_PLACEMENT_3D ( 'NONE', #10764, #3049, #6535 ) ;
#6298 = DIRECTION ( 'NONE',  ( 1.000000000000000000, -0.0000000000000000000, -0.0000000000000000000 ) ) ;
#6299 = ORIENTED_EDGE ( 'NONE', *, *, #8324, .F. ) ;
#6300 = DIRECTION ( 'NONE',  ( 0.0000000000000000000, 0.0000000000000000000, -1.000000000000000000 ) ) ;
#6301 = VECTOR ( 'NONE', #5932, 1000.000000000000000 ) ;
#6302 = DIRECTION ( 'NONE',  ( 0.0000000000000000000, 0.7071067811865505700, -0.7071067811865444600 ) ) ;
#6303 = DIRECTION ( 'NONE',  ( 1.000000000000000000, 0.0000000000000000000, 0.0000000000000000000 ) ) ;
#6304 = LINE ( 'NONE', #6815, #7736 ) ;
#6305 = ADVANCED_FACE ( 'NONE', ( #3394 ), #7969, .T. ) ;
#6306 = AXIS2_PLACEMENT_3D ( 'NONE', #1799, #9520, #3549 ) ;
#6307 = VERTEX_POINT ( 'NONE', #450 ) ;
#6308 = DIRECTION ( 'NONE',  ( -1.000000000000000000, 0.0000000000000000000, 0.0000000000000000000 ) ) ;
#6309 = CARTESIAN_POINT ( 'NONE',  ( -1.249999999999999800, 177.4318912319027700, 6.568108768097250300 ) ) ;
#6310 = EDGE_CURVE ( 'NONE', #3297, #5790, #8067, .T. ) ;
#6311 = ORIENTED_EDGE ( 'NONE', *, *, #7342, .F. ) ;
#6312 = CARTESIAN_POINT ( 'NONE',  ( 1.250000000000000200, 38.56810876809724000, 6.568108768097240500 ) ) ;
#6313 = DIRECTION ( 'NONE',  ( 1.000000000000000000, -0.0000000000000000000, 0.0000000000000000000 ) ) ;
#6314 = VERTEX_POINT ( 'NONE', #7936 ) ;
#6315 = FACE_BOUND ( 'NONE', #1588, .T. ) ;
#6316 = ORIENTED_EDGE ( 'NONE', *, *, #239, .T. ) ;
#6317 = DIRECTION ( 'NONE',  ( 1.000000000000000000, -0.0000000000000000000, 0.0000000000000000000 ) ) ;
#6318 = VECTOR ( 'NONE', #8435, 1000.000000000000000 ) ;
#6319 = CARTESIAN_POINT ( 'NONE',  ( -1.249999999999999800, 32.48528137423857500, -10.51028137423856800 ) ) ;
#6320 = EDGE_CURVE ( 'NONE', #5712, #674, #10448, .T. ) ;
#6321 = AXIS2_PLACEMENT_3D ( 'NONE', #4192, #10058, #7463 ) ;
#6322 = EDGE_LOOP ( 'NONE', ( #204, #8680, #9007, #9831, #5529 ) ) ;
#6323 = EDGE_LOOP ( 'NONE', ( #4659, #7254 ) ) ;
#6324 = AXIS2_PLACEMENT_3D ( 'NONE', #8320, #10855, #689 ) ;
#6325 = FACE_BOUND ( 'NONE', #9329, .T. ) ;
#6326 = DIRECTION ( 'NONE',  ( 1.000000000000000000, -0.0000000000000000000, 0.0000000000000000000 ) ) ;
#6327 = ORIENTED_EDGE ( 'NONE', *, *, #10735, .F. ) ;
#6328 = PLANE ( 'NONE',  #9849 ) ;
#6329 = FACE_BOUND ( 'NONE', #6643, .T. ) ;
#6330 = EDGE_CURVE ( 'NONE', #6241, #4582, #848, .T. ) ;
#6331 = CARTESIAN_POINT ( 'NONE',  ( -46.75000000000000000, 183.5147186257614500, -8.485281374238544700 ) ) ;
#6332 = LINE ( 'NONE', #4127, #6460 ) ;
#6333 = ORIENTED_EDGE ( 'NONE', *, *, #445, .F. ) ;
#6334 = ORIENTED_EDGE ( 'NONE', *, *, #7764, .T. ) ;
#6335 = CARTESIAN_POINT ( 'NONE',  ( 8.774999999999987900, 104.0000000000000100, 16.00000000000000400 ) ) ;
#6336 = ORIENTED_EDGE ( 'NONE', *, *, #7014, .F. ) ;
#6337 = ORIENTED_EDGE ( 'NONE', *, *, #1443, .T. ) ;
#6338 = DIRECTION ( 'NONE',  ( 0.0000000000000000000, 0.0000000000000000000, -1.000000000000000000 ) ) ;
#6339 = ORIENTED_EDGE ( 'NONE', *, *, #7932, .T. ) ;
#6340 = LINE ( 'NONE', #2682, #2555 ) ;
#6341 = EDGE_CURVE ( 'NONE', #6118, #7499, #5102, .T. ) ;
#6342 = CARTESIAN_POINT ( 'NONE',  ( -1.249999999999999800, 36.68629150101524100, 2.024999999999999900 ) ) ;
#6343 = DIRECTION ( 'NONE',  ( -1.000000000000000000, 0.0000000000000000000, 0.0000000000000000000 ) ) ;
#6344 = CYLINDRICAL_SURFACE ( 'NONE', #5579, 2.024999999999990100 ) ;
#6345 = DIRECTION ( 'NONE',  ( 1.000000000000000000, -0.0000000000000000000, 0.0000000000000000000 ) ) ;
#6346 = AXIS2_PLACEMENT_3D ( 'NONE', #4220, #3334, #9276 ) ;
#6347 = CARTESIAN_POINT ( 'NONE',  ( 4.725000000000003200, 80.00000000000001400, -15.99999999999999600 ) ) ;
#6348 = ORIENTED_EDGE ( 'NONE', *, *, #6268, .T. ) ;
#6349 = ORIENTED_EDGE ( 'NONE', *, *, #10682, .F. ) ;
#6350 = VERTEX_POINT ( 'NONE', #7404 ) ;
#6351 = DIRECTION ( 'NONE',  ( 1.000000000000000000, -0.0000000000000000000, 0.0000000000000000000 ) ) ;
#6352 = ORIENTED_EDGE ( 'NONE', *, *, #5565, .T. ) ;
#6353 = CARTESIAN_POINT ( 'NONE',  ( -1.249999999999999800, 160.0000000000000300, 8.000000000000000000 ) ) ;
#6354 = LINE ( 'NONE', #11006, #1768 ) ;
#6355 = DIRECTION ( 'NONE',  ( -1.000000000000000000, 0.0000000000000000000, 0.0000000000000000000 ) ) ;
#6356 = FACE_OUTER_BOUND ( 'NONE', #2213, .T. ) ;
#6357 = VERTEX_POINT ( 'NONE', #4793 ) ;
#6358 = ORIENTED_EDGE ( 'NONE', *, *, #2605, .F. ) ;
#6359 = EDGE_LOOP ( 'NONE', ( #9106, #10418 ) ) ;
#6360 = DIRECTION ( 'NONE',  ( 1.000000000000000000, -0.0000000000000000000, -0.0000000000000000000 ) ) ;
#6361 = DIRECTION ( 'NONE',  ( 1.000000000000000000, -0.0000000000000000000, -0.0000000000000000000 ) ) ;
#6362 = DIRECTION ( 'NONE',  ( 0.0000000000000000000, 0.0000000000000000000, -1.000000000000000000 ) ) ;
#6363 = VECTOR ( 'NONE', #3566, 1000.000000000000000 ) ;
#6364 = ORIENTED_EDGE ( 'NONE', *, *, #8747, .T. ) ;
#6365 = ADVANCED_FACE ( 'NONE', ( #6707 ), #7379, .F. ) ;
#6366 = DIRECTION ( 'NONE',  ( 1.826024711554532900E-016, -0.0000000000000000000, 1.000000000000000000 ) ) ;
#6367 = DIRECTION ( 'NONE',  ( 1.000000000000000000, -0.0000000000000000000, 0.0000000000000000000 ) ) ;
#6368 = DIRECTION ( 'NONE',  ( 0.0000000000000000000, 0.0000000000000000000, -1.000000000000000000 ) ) ;
#6369 = DIRECTION ( 'NONE',  ( 3.652049423109066300E-016, -0.0000000000000000000, -1.000000000000000000 ) ) ;
#6370 = EDGE_LOOP ( 'NONE', ( #7091, #3499, #6034, #8492 ) ) ;
#6371 = AXIS2_PLACEMENT_3D ( 'NONE', #2695, #6927, #7892 ) ;
#6372 = VERTEX_POINT ( 'NONE', #2172 ) ;
#6373 = VECTOR ( 'NONE', #699, 1000.000000000000000 ) ;
#6374 = DIRECTION ( 'NONE',  ( 1.000000000000000000, -0.0000000000000000000, -0.0000000000000000000 ) ) ;
#6375 = CIRCLE ( 'NONE', #5747, 2.025000000000002600 ) ;
#6376 = EDGE_CURVE ( 'NONE', #3676, #4678, #9738, .T. ) ;
#6377 = CARTESIAN_POINT ( 'NONE',  ( -1.249999999999999800, 72.00000000000001400, -6.999999999999999100 ) ) ;
#6378 = DIRECTION ( 'NONE',  ( 3.652049423109066300E-016, -0.0000000000000000000, -1.000000000000000000 ) ) ;
#6379 = CARTESIAN_POINT ( 'NONE',  ( 8.774999999999987900, 104.0000000000000100, 16.00000000000000400 ) ) ;
#6380 = EDGE_CURVE ( 'NONE', #7426, #9261, #264, .T. ) ;
#6381 = ORIENTED_EDGE ( 'NONE', *, *, #6152, .F. ) ;
#6382 = DIRECTION ( 'NONE',  ( -1.000000000000000000, 0.0000000000000000000, 0.0000000000000000000 ) ) ;
#6383 = EDGE_LOOP ( 'NONE', ( #9853, #4125, #3720, #10597 ) ) ;
#6384 = LINE ( 'NONE', #4707, #7682 ) ;
#6385 = CARTESIAN_POINT ( 'NONE',  ( -1.249999999999999800, 174.5681087680972600, -9.431891231902755000 ) ) ;
#6386 = FACE_OUTER_BOUND ( 'NONE', #3390, .T. ) ;
#6387 = EDGE_CURVE ( 'NONE', #5563, #4087, #7560, .T. ) ;
#6388 = AXIS2_PLACEMENT_3D ( 'NONE', #254, #2818, #9718 ) ;
#6389 = ORIENTED_EDGE ( 'NONE', *, *, #2048, .F. ) ;
#6390 = ORIENTED_EDGE ( 'NONE', *, *, #10479, .F. ) ;
#6391 = AXIS2_PLACEMENT_3D ( 'NONE', #10446, #4347, #5349 ) ;
#6392 = DIRECTION ( 'NONE',  ( 0.0000000000000000000, 0.7071067811865424700, -0.7071067811865526800 ) ) ;
#6393 = FACE_OUTER_BOUND ( 'NONE', #10916, .T. ) ;
#6394 = EDGE_CURVE ( 'NONE', #9157, #6218, #6749, .T. ) ;
#6395 = FACE_BOUND ( 'NONE', #7837, .T. ) ;
#6396 = CARTESIAN_POINT ( 'NONE',  ( 1.250000000000000200, 56.48528137423857500, -8.485281374238564200 ) ) ;
#6397 = EDGE_LOOP ( 'NONE', ( #5330, #457, #10141, #5404, #2055 ) ) ;
#6398 = ORIENTED_EDGE ( 'NONE', *, *, #9899, .F. ) ;
#6399 = DIRECTION ( 'NONE',  ( 0.0000000000000000000, 0.0000000000000000000, 1.000000000000000000 ) ) ;
#6400 = CARTESIAN_POINT ( 'NONE',  ( -1.249999999999999800, 104.0000000000000100, 8.000000000000000000 ) ) ;
#6401 = VECTOR ( 'NONE', #6239, 1000.000000000000000 ) ;
#6402 = EDGE_CURVE ( 'NONE', #4271, #9031, #3104, .T. ) ;
#6403 = CYLINDRICAL_SURFACE ( 'NONE', #2010, 2.024999999999990100 ) ;
#6404 = AXIS2_PLACEMENT_3D ( 'NONE', #7114, #400, #3664 ) ;
#6405 = DIRECTION ( 'NONE',  ( 3.652049423109066300E-016, -0.0000000000000000000, -1.000000000000000000 ) ) ;
#6406 = DIRECTION ( 'NONE',  ( 1.000000000000000000, -0.0000000000000000000, -0.0000000000000000000 ) ) ;
#6407 = ORIENTED_EDGE ( 'NONE', *, *, #6068, .F. ) ;
#6408 = VERTEX_POINT ( 'NONE', #1461 ) ;
#6409 = DIRECTION ( 'NONE',  ( 1.000000000000000000, -0.0000000000000000000, -0.0000000000000000000 ) ) ;
#6410 = VECTOR ( 'NONE', #5022, 1000.000000000000000 ) ;
#6411 = EDGE_CURVE ( 'NONE', #2890, #6849, #6740, .T. ) ;
#6412 = DIRECTION ( 'NONE',  ( 3.652049423109066300E-016, -0.0000000000000000000, -1.000000000000000000 ) ) ;
#6413 = DIRECTION ( 'NONE',  ( 1.000000000000000000, -0.0000000000000000000, -0.0000000000000000000 ) ) ;
#6414 = FACE_BOUND ( 'NONE', #6322, .T. ) ;
#6415 = ADVANCED_FACE ( 'NONE', ( #8925 ), #8135, .F. ) ;
#6416 = EDGE_CURVE ( 'NONE', #4087, #9432, #1181, .T. ) ;
#6417 = ORIENTED_EDGE ( 'NONE', *, *, #1705, .T. ) ;
#6418 = ORIENTED_EDGE ( 'NONE', *, *, #899, .F. ) ;
#6419 = CIRCLE ( 'NONE', #47, 2.024999999999990100 ) ;
#6420 = LINE ( 'NONE', #3725, #8240 ) ;
#6421 = LINE ( 'NONE', #256, #9417 ) ;
#6422 = DIRECTION ( 'NONE',  ( 0.0000000000000000000, -0.7071067811865487900, 0.7071067811865463500 ) ) ;
#6423 = VERTEX_POINT ( 'NONE', #3142 ) ;
#6424 = DESIGN_CONTEXT ( 'detailed design', #1182, 'design' ) ;
#6425 = EDGE_LOOP ( 'NONE', ( #1185, #623, #7155, #3904, #10797 ) ) ;
#6426 = VECTOR ( 'NONE', #6910, 1000.000000000000000 ) ;
#6427 = AXIS2_PLACEMENT_3D ( 'NONE', #470, #9752, #4683 ) ;
#6428 = VECTOR ( 'NONE', #7067, 1000.000000000000000 ) ;
#6429 = DIRECTION ( 'NONE',  ( 1.000000000000000000, -0.0000000000000000000, 0.0000000000000000000 ) ) ;
#6430 = CIRCLE ( 'NONE', #4142, 2.025000000000000800 ) ;
#6431 = CARTESIAN_POINT ( 'NONE',  ( -1.249999999999999800, 41.43189123190276700, -9.431891231902755000 ) ) ;
#6432 = ORIENTED_EDGE ( 'NONE', *, *, #4942, .T. ) ;
#6433 = EDGE_CURVE ( 'NONE', #6767, #2508, #598, .T. ) ;
#6434 = EDGE_LOOP ( 'NONE', ( #10711, #8296, #1110, #9965 ) ) ;
#6435 = ORIENTED_EDGE ( 'NONE', *, *, #5886, .F. ) ;
#6436 = FACE_BOUND ( 'NONE', #4169, .T. ) ;
#6437 = EDGE_CURVE ( 'NONE', #9, #2484, #5764, .T. ) ;
#6438 = DIRECTION ( 'NONE',  ( 1.000000000000000000, -0.0000000000000000000, -0.0000000000000000000 ) ) ;
#6439 = DIRECTION ( 'NONE',  ( 1.000000000000000000, -0.0000000000000000000, 0.0000000000000000000 ) ) ;
#6440 = FACE_OUTER_BOUND ( 'NONE', #5426, .T. ) ;
#6441 = CARTESIAN_POINT ( 'NONE',  ( -1.249999999999999800, 107.3137084989847800, 2.024999999999999900 ) ) ;
#6442 = CARTESIAN_POINT ( 'NONE',  ( 4.724999999999993400, 32.00000000000000700, 13.50000000000000000 ) ) ;
#6443 = DIRECTION ( 'NONE',  ( -1.000000000000000000, 0.0000000000000000000, 0.0000000000000000000 ) ) ;
#6444 = VERTEX_POINT ( 'NONE', #4869 ) ;
#6445 = CARTESIAN_POINT ( 'NONE',  ( 6.750000000000000000, 112.0000000000000100, -13.50000000000000200 ) ) ;
#6446 = ORIENTED_EDGE ( 'NONE', *, *, #847, .F. ) ;
#6447 = FACE_BOUND ( 'NONE', #9141, .T. ) ;
#6448 = EDGE_CURVE ( 'NONE', #4741, #9988, #9731, .T. ) ;
#6449 = AXIS2_PLACEMENT_3D ( 'NONE', #1752, #8568, #2648 ) ;
#6450 = CARTESIAN_POINT ( 'NONE',  ( 4.724999999999991700, 136.0000000000000000, 16.00000000000000400 ) ) ;
#6451 = VECTOR ( 'NONE', #8453, 1000.000000000000000 ) ;
#6452 = CARTESIAN_POINT ( 'NONE',  ( -1.249999999999999800, 64.94660985766420000, -9.917172606141322800 ) ) ;
#6453 = EDGE_CURVE ( 'NONE', #7149, #89, #8030, .T. ) ;
#6454 = ORIENTED_EDGE ( 'NONE', *, *, #9454, .T. ) ;
#6455 = ORIENTED_EDGE ( 'NONE', *, *, #10706, .F. ) ;
#6456 = VERTEX_POINT ( 'NONE', #584 ) ;
#6457 = EDGE_LOOP ( 'NONE', ( #9032, #3480 ) ) ;
#6458 = DIRECTION ( 'NONE',  ( 0.0000000000000000000, 0.0000000000000000000, -1.000000000000000000 ) ) ;
#6459 = FACE_BOUND ( 'NONE', #3800, .T. ) ;
#6460 = VECTOR ( 'NONE', #8317, 1000.000000000000000 ) ;
#6461 = DIRECTION ( 'NONE',  ( -1.000000000000000000, 0.0000000000000000000, 0.0000000000000000000 ) ) ;
#6462 = EDGE_CURVE ( 'NONE', #4916, #5268, #3879, .T. ) ;
#6463 = AXIS2_PLACEMENT_3D ( 'NONE', #9839, #10564, #9777 ) ;
#6464 = VERTEX_POINT ( 'NONE', #1568 ) ;
#6465 = AXIS2_PLACEMENT_3D ( 'NONE', #3810, #6412, #10638 ) ;
#6466 = ORIENTED_EDGE ( 'NONE', *, *, #8261, .T. ) ;
#6467 = VERTEX_POINT ( 'NONE', #8138 ) ;
#6468 = ADVANCED_FACE ( 'NONE', ( #5240 ), #7247, .F. ) ;
#6469 = CARTESIAN_POINT ( 'NONE',  ( -1.249999999999999800, 136.9466098576641900, 9.917172606141328100 ) ) ;
#6470 = ORIENTED_EDGE ( 'NONE', *, *, #2364, .F. ) ;
#6471 = ORIENTED_EDGE ( 'NONE', *, *, #54, .F. ) ;
#6472 = CIRCLE ( 'NONE', #2181, 2.025000000000000800 ) ;
#6473 = CARTESIAN_POINT ( 'NONE',  ( 6.750000000000000900, 144.0000000000000300, -15.99999999999999600 ) ) ;
#6474 = ORIENTED_EDGE ( 'NONE', *, *, #279, .F. ) ;
#6475 = CARTESIAN_POINT ( 'NONE',  ( 4.724999999999993400, 16.00000000000000700, 13.50000000000000000 ) ) ;
#6476 = VERTEX_POINT ( 'NONE', #1533 ) ;
#6477 = CARTESIAN_POINT ( 'NONE',  ( 6.749999999999989300, 112.0000000000000100, 16.00000000000000400 ) ) ;
#6478 = EDGE_CURVE ( 'NONE', #5222, #7512, #2540, .T. ) ;
#6479 = ORIENTED_EDGE ( 'NONE', *, *, #4112, .T. ) ;
#6480 = CARTESIAN_POINT ( 'NONE',  ( -1.249999999999999800, 176.0000000000000300, 8.000000000000000000 ) ) ;
#6481 = ADVANCED_FACE ( 'NONE', ( #952 ), #6977, .F. ) ;
#6482 = DIRECTION ( 'NONE',  ( 3.652049423109066300E-016, -0.0000000000000000000, -1.000000000000000000 ) ) ;
#6483 = AXIS2_PLACEMENT_3D ( 'NONE', #7943, #9735, #5429 ) ;
#6484 = DIRECTION ( 'NONE',  ( 1.000000000000000000, -0.0000000000000000000, -0.0000000000000000000 ) ) ;
#6485 = CARTESIAN_POINT ( 'NONE',  ( 1.250000000000000200, 14.56810876809723800, 6.568108768097240500 ) ) ;
#6486 = FACE_OUTER_BOUND ( 'NONE', #10404, .T. ) ;
#6487 = ORIENTED_EDGE ( 'NONE', *, *, #525, .T. ) ;
#6488 = DIRECTION ( 'NONE',  ( 0.0000000000000000000, -0.7071067811865487900, -0.7071067811865463500 ) ) ;
#6489 = VERTEX_POINT ( 'NONE', #3317 ) ;
#6490 = VERTEX_POINT ( 'NONE', #3211 ) ;
#6491 = CYLINDRICAL_SURFACE ( 'NONE', #9055, 2.024999999999999000 ) ;
#6492 = ORIENTED_EDGE ( 'NONE', *, *, #3337, .T. ) ;
#6493 = VECTOR ( 'NONE', #5328, 1000.000000000000000 ) ;
#6494 = CARTESIAN_POINT ( 'NONE',  ( -1.249999999999999800, 30.56810876809724300, -9.431891231902755000 ) ) ;
#6495 = EDGE_CURVE ( 'NONE', #6464, #6934, #6177, .T. ) ;
#6496 = ORIENTED_EDGE ( 'NONE', *, *, #4703, .F. ) ;
#6497 = VERTEX_POINT ( 'NONE', #5048 ) ;
#6498 = CARTESIAN_POINT ( 'NONE',  ( -1.250000000000001100, 7.053390142335811900, -9.917172606141324600 ) ) ;
#6499 = DIRECTION ( 'NONE',  ( -1.000000000000000000, 0.0000000000000000000, 0.0000000000000000000 ) ) ;
#6500 = CYLINDRICAL_SURFACE ( 'NONE', #1085, 2.024999999999990100 ) ;
#6501 = FACE_OUTER_BOUND ( 'NONE', #5356, .T. ) ;
#6502 = CARTESIAN_POINT ( 'NONE',  ( 4.725000000000003200, 168.0000000000000000, -15.99999999999999600 ) ) ;
#6503 = CARTESIAN_POINT ( 'NONE',  ( 1.250000000000000200, 177.4318912319027700, 6.568108768097250300 ) ) ;
#6504 = VERTEX_POINT ( 'NONE', #7437 ) ;
#6505 = VERTEX_POINT ( 'NONE', #10069 ) ;
#6506 = DIRECTION ( 'NONE',  ( 0.0000000000000000000, 0.7071067811865436900, 0.7071067811865513500 ) ) ;
#6507 = CARTESIAN_POINT ( 'NONE',  ( 6.749999999999990200, 40.00000000000000700, 13.50000000000000000 ) ) ;
#6508 = CYLINDRICAL_SURFACE ( 'NONE', #2869, 2.024999999999998100 ) ;
#6509 = AXIS2_PLACEMENT_3D ( 'NONE', #6951, #1821, #6014 ) ;
#6510 = FACE_BOUND ( 'NONE', #4708, .T. ) ;
#6511 = CARTESIAN_POINT ( 'NONE',  ( 1.250000000000000200, 60.68629150101524100, -2.024999999999999900 ) ) ;
#6512 = EDGE_CURVE ( 'NONE', #6073, #2342, #9445, .T. ) ;
#6513 = DIRECTION ( 'NONE',  ( 1.000000000000000000, 0.0000000000000000000, 0.0000000000000000000 ) ) ;
#6514 = ORIENTED_EDGE ( 'NONE', *, *, #10618, .T. ) ;
#6516 = ADVANCED_FACE ( 'NONE', ( #8147 ), #2385, .T. ) ;
#6515 = EDGE_LOOP ( 'NONE', ( #8756, #4657, #737, #5880 ) ) ;
#6517 = FACE_OUTER_BOUND ( 'NONE', #2425, .T. ) ;
#6518 = VECTOR ( 'NONE', #1870, 1000.000000000000000 ) ;
#6519 = EDGE_CURVE ( 'NONE', #2062, #4411, #2274, .T. ) ;
#6520 = AXIS2_PLACEMENT_3D ( 'NONE', #7756, #6956, #2640 ) ;
#6521 = EDGE_LOOP ( 'NONE', ( #3589, #5857, #425, #8570 ) ) ;
#6522 = EDGE_LOOP ( 'NONE', ( #8355, #4137, #8193, #9460, #1614 ) ) ;
#6523 = EDGE_CURVE ( 'NONE', #6775, #7729, #8532, .T. ) ;
#6524 = FACE_OUTER_BOUND ( 'NONE', #197, .T. ) ;
#6525 = ADVANCED_FACE ( 'NONE', ( #2141 ), #650, .T. ) ;
#6526 = FACE_BOUND ( 'NONE', #896, .T. ) ;
#6527 = DIRECTION ( 'NONE',  ( 0.0000000000000000000, 0.0000000000000000000, -1.000000000000000000 ) ) ;
#6528 = DIRECTION ( 'NONE',  ( 1.000000000000000000, -0.0000000000000000000, -0.0000000000000000000 ) ) ;
#6529 = EDGE_LOOP ( 'NONE', ( #7221, #6651, #3625, #10517, #4124 ) ) ;
#6530 = ORIENTED_EDGE ( 'NONE', *, *, #9258, .T. ) ;
#6531 = EDGE_CURVE ( 'NONE', #2022, #2862, #4699, .T. ) ;
#6532 = CARTESIAN_POINT ( 'NONE',  ( 6.749999999999989300, 64.00000000000000000, 16.00000000000000400 ) ) ;
#6533 = CYLINDRICAL_SURFACE ( 'NONE', #2549, 6.999999999999999100 ) ;
#6534 = AXIS2_PLACEMENT_3D ( 'NONE', #1643, #10883, #7649 ) ;
#6535 = DIRECTION ( 'NONE',  ( 0.0000000000000000000, 0.0000000000000000000, -1.000000000000000000 ) ) ;
#6536 = VECTOR ( 'NONE', #10603, 1000.000000000000000 ) ;
#6537 = DIRECTION ( 'NONE',  ( 1.000000000000000000, 0.0000000000000000000, 0.0000000000000000000 ) ) ;
#6538 = ORIENTED_EDGE ( 'NONE', *, *, #586, .T. ) ;
#6539 = CARTESIAN_POINT ( 'NONE',  ( 1.250000000000000200, 88.00000000000001400, 8.000000000000000000 ) ) ;
#6540 = ORIENTED_EDGE ( 'NONE', *, *, #1701, .F. ) ;
#6541 = FACE_OUTER_BOUND ( 'NONE', #5075, .T. ) ;
#6542 = ORIENTED_EDGE ( 'NONE', *, *, #7322, .T. ) ;
#6543 = CARTESIAN_POINT ( 'NONE',  ( -1.249999999999999800, 192.0000000000000000, 0.0000000000000000000 ) ) ;
#6544 = CARTESIAN_POINT ( 'NONE',  ( 6.749999999999989300, 96.00000000000000000, 16.00000000000000400 ) ) ;
#6545 = FACE_OUTER_BOUND ( 'NONE', #8480, .T. ) ;
#6546 = LINE ( 'NONE', #381, #6156 ) ;
#6547 = ORIENTED_EDGE ( 'NONE', *, *, #2186, .F. ) ;
#6548 = DIRECTION ( 'NONE',  ( 1.000000000000000000, -0.0000000000000000000, -0.0000000000000000000 ) ) ;
#6549 = CARTESIAN_POINT ( 'NONE',  ( -1.249999999999999800, 106.5681087680974700, 10.56810876809731100 ) ) ;
#6550 = ORIENTED_EDGE ( 'NONE', *, *, #5309, .T. ) ;
#6551 = EDGE_LOOP ( 'NONE', ( #4136, #3325, #7103, #5975 ) ) ;
#6552 = FACE_BOUND ( 'NONE', #5250, .T. ) ;
#6553 = DIRECTION ( 'NONE',  ( -1.826024711554532900E-016, 0.0000000000000000000, 1.000000000000000000 ) ) ;
#6554 = DIRECTION ( 'NONE',  ( 1.000000000000000000, -0.0000000000000000000, 0.0000000000000000000 ) ) ;
#6555 = VECTOR ( 'NONE', #8284, 1000.000000000000000 ) ;
#6556 = ORIENTED_EDGE ( 'NONE', *, *, #1466, .F. ) ;
#6557 = DIRECTION ( 'NONE',  ( -1.000000000000000000, 0.0000000000000000000, 0.0000000000000000000 ) ) ;
#6558 = ORIENTED_EDGE ( 'NONE', *, *, #1583, .F. ) ;
#6559 = AXIS2_PLACEMENT_3D ( 'NONE', #5462, #1941, #4478 ) ;
#6560 = ORIENTED_EDGE ( 'NONE', *, *, #3041, .F. ) ;
#6561 = DIRECTION ( 'NONE',  ( 0.0000000000000000000, 0.0000000000000000000, -1.000000000000000000 ) ) ;
#6562 = FACE_BOUND ( 'NONE', #1088, .T. ) ;
#6563 = DIRECTION ( 'NONE',  ( 1.000000000000000000, -0.0000000000000000000, 0.0000000000000000000 ) ) ;
#6564 = ADVANCED_FACE ( 'NONE', ( #2960 ), #4961, .F. ) ;
#6565 = CARTESIAN_POINT ( 'NONE',  ( -1.249999999999999800, 54.56810876809724000, -9.431891231902755000 ) ) ;
#6566 = LINE ( 'NONE', #4182, #3870 ) ;
#6567 = EDGE_CURVE ( 'NONE', #9234, #8417, #2678, .T. ) ;
#6568 = EDGE_CURVE ( 'NONE', #9080, #8288, #440, .T. ) ;
#6569 = CARTESIAN_POINT ( 'NONE',  ( 1.250000000000000200, 128.4852813742385800, -8.485281374238564200 ) ) ;
#6570 = ORIENTED_EDGE ( 'NONE', *, *, #2887, .T. ) ;
#6571 = VERTEX_POINT ( 'NONE', #3280 ) ;
#6572 = FACE_BOUND ( 'NONE', #1397, .T. ) ;
#6573 = EDGE_LOOP ( 'NONE', ( #5491, #6733, #2132, #1762 ) ) ;
#6574 = FACE_OUTER_BOUND ( 'NONE', #2837, .T. ) ;
#6575 = DIRECTION ( 'NONE',  ( 0.0000000000000000000, 0.0000000000000000000, -1.000000000000000000 ) ) ;
#6576 = FACE_OUTER_BOUND ( 'NONE', #9320, .T. ) ;
#6577 = ADVANCED_FACE ( 'NONE', ( #4126 ), #4569, .F. ) ;
#6578 = CARTESIAN_POINT ( 'NONE',  ( -1.249999999999999800, 177.9171726061413200, 7.053390142335818100 ) ) ;
#6579 = DIRECTION ( 'NONE',  ( 0.0000000000000000000, 0.0000000000000000000, -1.000000000000000000 ) ) ;
#6580 = CARTESIAN_POINT ( 'NONE',  ( -1.249999999999999800, 24.00000000000000000, 6.999999999999999100 ) ) ;
#6581 = DIRECTION ( 'NONE',  ( 1.000000000000000000, -0.0000000000000000000, 0.0000000000000000000 ) ) ;
#6582 = EDGE_LOOP ( 'NONE', ( #7730, #9201, #3140, #481 ) ) ;
#6583 = ORIENTED_EDGE ( 'NONE', *, *, #8007, .T. ) ;
#6584 = EDGE_CURVE ( 'NONE', #8722, #1603, #8273, .T. ) ;
#6585 = AXIS2_PLACEMENT_3D ( 'NONE', #10193, #7621, #5848 ) ;
#6586 = ORIENTED_EDGE ( 'NONE', *, *, #6437, .F. ) ;
#6587 = ORIENTED_EDGE ( 'NONE', *, *, #7086, .F. ) ;
#6588 = AXIS2_PLACEMENT_3D ( 'NONE', #5177, #877, #7694 ) ;
#6589 = DIRECTION ( 'NONE',  ( 1.000000000000000000, 0.0000000000000000000, -0.0000000000000000000 ) ) ;
#6590 = ORIENTED_EDGE ( 'NONE', *, *, #8775, .T. ) ;
#6591 = DIRECTION ( 'NONE',  ( 3.652049423109066300E-016, 0.0000000000000000000, -1.000000000000000000 ) ) ;
#6592 = LINE ( 'NONE', #8809, #4289 ) ;
#6593 = EDGE_CURVE ( 'NONE', #10529, #5869, #1605, .T. ) ;
#6594 = LINE ( 'NONE', #362, #7381 ) ;
#6595 = ORIENTED_EDGE ( 'NONE', *, *, #3587, .T. ) ;
#6596 = EDGE_LOOP ( 'NONE', ( #1672, #416, #4676, #1796 ) ) ;
#6597 = CARTESIAN_POINT ( 'NONE',  ( 8.774999999999987900, 136.0000000000000000, 16.00000000000000400 ) ) ;
#6598 = DIRECTION ( 'NONE',  ( 0.0000000000000000000, -2.741291418827541200E-014, -1.000000000000000000 ) ) ;
#6599 = ORIENTED_EDGE ( 'NONE', *, *, #67, .F. ) ;
#6600 = EDGE_LOOP ( 'NONE', ( #1476, #9630, #841, #3497 ) ) ;
#6601 = FACE_OUTER_BOUND ( 'NONE', #5823, .T. ) ;
#6602 = EDGE_CURVE ( 'NONE', #7455, #668, #9193, .T. ) ;
#6603 = AXIS2_PLACEMENT_3D ( 'NONE', #6794, #4392, #6098 ) ;
#6604 = AXIS2_PLACEMENT_3D ( 'NONE', #613, #7546, #4938 ) ;
#6605 = CARTESIAN_POINT ( 'NONE',  ( -1.249999999999999800, 109.4318912319028000, -13.43189123190274400 ) ) ;
#6606 = DIRECTION ( 'NONE',  ( 3.652049423109066300E-016, -0.0000000000000000000, -1.000000000000000000 ) ) ;
#6607 = VECTOR ( 'NONE', #8184, 1000.000000000000000 ) ;
#6608 = ORIENTED_EDGE ( 'NONE', *, *, #4445, .F. ) ;
#6609 = CARTESIAN_POINT ( 'NONE',  ( -1.249999999999999800, 34.56810876809722500, -10.56810876809725700 ) ) ;
#6610 = ORIENTED_EDGE ( 'NONE', *, *, #3330, .T. ) ;
#6611 = DIRECTION ( 'NONE',  ( 3.652049423109066300E-016, 0.0000000000000000000, -1.000000000000000000 ) ) ;
#6612 = VERTEX_POINT ( 'NONE', #6848 ) ;
#6613 = EDGE_CURVE ( 'NONE', #7193, #10163, #7119, .T. ) ;
#6614 = CARTESIAN_POINT ( 'NONE',  ( 1.250000000000000200, 152.0000000000000000, -7.999999999999994700 ) ) ;
#6615 = COORDINATED_UNIVERSAL_TIME_OFFSET ( 6, 0, .BEHIND. ) ;
#6616 = DIRECTION ( 'NONE',  ( 3.652049423109066300E-016, 0.0000000000000000000, -1.000000000000000000 ) ) ;
#6617 = CIRCLE ( 'NONE', #3739, 2.024999999999990100 ) ;
#6618 = VERTEX_POINT ( 'NONE', #10188 ) ;
#6619 = EDGE_CURVE ( 'NONE', #455, #8140, #1229, .T. ) ;
#6620 = CARTESIAN_POINT ( 'NONE',  ( -1.249999999999999800, 108.6862915010152500, -2.024999999999999900 ) ) ;
#6621 = AXIS2_PLACEMENT_3D ( 'NONE', #6609, #1510, #4985 ) ;
#6622 = ORIENTED_EDGE ( 'NONE', *, *, #7098, .T. ) ;
#6623 = DIRECTION ( 'NONE',  ( 1.000000000000000000, -0.0000000000000000000, -0.0000000000000000000 ) ) ;
#6624 = VERTEX_POINT ( 'NONE', #8491 ) ;
#6625 = ORIENTED_EDGE ( 'NONE', *, *, #1096, .T. ) ;
#6626 = DIRECTION ( 'NONE',  ( 1.000000000000000000, -0.0000000000000000000, 0.0000000000000000000 ) ) ;
#6627 = CIRCLE ( 'NONE', #9830, 2.024999999999997200 ) ;
#6628 = ADVANCED_FACE ( 'NONE', ( #8940 ), #10899, .F. ) ;
#6629 = DIRECTION ( 'NONE',  ( -1.000000000000000000, 0.0000000000000000000, 0.0000000000000000000 ) ) ;
#6630 = VECTOR ( 'NONE', #2919, 1000.000000000000000 ) ;
#6631 = ORIENTED_EDGE ( 'NONE', *, *, #2075, .F. ) ;
#6632 = AXIS2_PLACEMENT_3D ( 'NONE', #8868, #7989, #8097 ) ;
#6633 = ORIENTED_EDGE ( 'NONE', *, *, #8467, .F. ) ;
#6634 = CARTESIAN_POINT ( 'NONE',  ( -1.250000000000001100, 8.485281374238569500, 8.485281374238569500 ) ) ;
#6635 = CARTESIAN_POINT ( 'NONE',  ( 6.749999999999989300, 80.00000000000001400, 16.00000000000000400 ) ) ;
#6636 = FACE_OUTER_BOUND ( 'NONE', #7354, .T. ) ;
#6637 = LINE ( 'NONE', #10601, #5446 ) ;
#6638 = ADVANCED_FACE ( 'NONE', ( #9980, #3472, #10396, #8806, #157, #6704, #8674, #4829, #6447, #9070, #1882, #8400, #304, #7754, #5516, #6572, #4272, #10785, #6325, #4006, #1743, #10531, #3754, #6035, #1478, #10253, #3208, #9854, #3329, #9059, #6315, #3198, #1090, #3744, #3996, #8525, #7107, #7613, #5503, #6562, #7479, #10776, #2668, #9307, #1217, #4257, #1351, #6821 ), #7689, .T. ) ;
#6639 = CARTESIAN_POINT ( 'NONE',  ( 1.250000000000000200, 12.68629150101524100, 0.0000000000000000000 ) ) ;
#6640 = EDGE_CURVE ( 'NONE', #7907, #2573, #1731, .T. ) ;
#6641 = DIRECTION ( 'NONE',  ( 1.000000000000000000, -0.0000000000000000000, 0.0000000000000000000 ) ) ;
#6642 = EDGE_CURVE ( 'NONE', #4472, #8559, #4821, .T. ) ;
#6643 = EDGE_LOOP ( 'NONE', ( #1855, #6985 ) ) ;
#6644 = VERTEX_POINT ( 'NONE', #7726 ) ;
#6645 = DIRECTION ( 'NONE',  ( -0.0000000000000000000, -1.000000000000000000, -0.0000000000000000000 ) ) ;
#6646 = LINE ( 'NONE', #3831, #1158 ) ;
#6647 = AXIS2_PLACEMENT_3D ( 'NONE', #8996, #8295, #4847 ) ;
#6648 = LINE ( 'NONE', #10461, #2092 ) ;
#6649 = DIRECTION ( 'NONE',  ( -1.000000000000000000, 0.0000000000000000000, 0.0000000000000000000 ) ) ;
#6650 = EDGE_CURVE ( 'NONE', #4678, #7624, #813, .T. ) ;
#6651 = ORIENTED_EDGE ( 'NONE', *, *, #3067, .F. ) ;
#6652 = ORIENTED_EDGE ( 'NONE', *, *, #10258, .F. ) ;
#6653 = AXIS2_PLACEMENT_3D ( 'NONE', #10436, #4459, #8732 ) ;
#6654 = DIRECTION ( 'NONE',  ( 0.0000000000000000000, 0.7071067811865469100, 0.7071067811865482400 ) ) ;
#6655 = LINE ( 'NONE', #2308, #7428 ) ;
#6656 = CARTESIAN_POINT ( 'NONE',  ( 6.749999999999989300, 128.0000000000000000, 16.00000000000000400 ) ) ;
#6657 = EDGE_CURVE ( 'NONE', #7918, #10887, #4556, .T. ) ;
#6658 = DIRECTION ( 'NONE',  ( 3.652049423109066300E-016, -0.0000000000000000000, -1.000000000000000000 ) ) ;
#6659 = FACE_BOUND ( 'NONE', #6522, .T. ) ;
#6660 = CARTESIAN_POINT ( 'NONE',  ( -1.249999999999999800, 158.0828273938586800, 7.053390142335816300 ) ) ;
#6661 = CARTESIAN_POINT ( 'NONE',  ( -1.249999999999999800, 88.00000000000001400, 8.000000000000000000 ) ) ;
#6662 = EDGE_LOOP ( 'NONE', ( #1696, #9344, #9253, #7717 ) ) ;
#6663 = ORIENTED_EDGE ( 'NONE', *, *, #646, .F. ) ;
#6664 = DIRECTION ( 'NONE',  ( 3.652049423109066300E-016, -0.0000000000000000000, -1.000000000000000000 ) ) ;
#6665 = FACE_BOUND ( 'NONE', #65, .T. ) ;
#6666 = EDGE_CURVE ( 'NONE', #9817, #9067, #9180, .T. ) ;
#6667 = AXIS2_PLACEMENT_3D ( 'NONE', #10140, #1489, #3235 ) ;
#6668 = VECTOR ( 'NONE', #3774, 999.9999999999998900 ) ;
#6669 = CARTESIAN_POINT ( 'NONE',  ( 1.250000000000000200, 109.4318912319026300, 13.43189123190273400 ) ) ;
#6670 = AXIS2_PLACEMENT_3D ( 'NONE', #2069, #8037, #10538 ) ;
#6671 = DIRECTION ( 'NONE',  ( 0.0000000000000000000, -0.7071067811865487900, 0.7071067811865463500 ) ) ;
#6672 = ORIENTED_EDGE ( 'NONE', *, *, #4074, .T. ) ;
#6673 = ORIENTED_EDGE ( 'NONE', *, *, #6207, .T. ) ;
#6674 = FACE_OUTER_BOUND ( 'NONE', #3983, .T. ) ;
#6675 = FACE_OUTER_BOUND ( 'NONE', #9090, .T. ) ;
#6676 = ADVANCED_FACE ( 'NONE', ( #2011 ), #6027, .F. ) ;
#6677 = DIRECTION ( 'NONE',  ( 1.000000000000000000, -0.0000000000000000000, 0.0000000000000000000 ) ) ;
#6678 = EDGE_CURVE ( 'NONE', #5550, #3709, #7355, .T. ) ;
#6679 = ORIENTED_EDGE ( 'NONE', *, *, #1802, .F. ) ;
#6680 = ORIENTED_EDGE ( 'NONE', *, *, #1084, .F. ) ;
#6681 = AXIS2_PLACEMENT_3D ( 'NONE', #8864, #2847, #1133 ) ;
#6682 = VECTOR ( 'NONE', #3447, 1000.000000000000000 ) ;
#6683 = DIRECTION ( 'NONE',  ( 0.0000000000000000000, 0.0000000000000000000, -1.000000000000000000 ) ) ;
#6684 = CIRCLE ( 'NONE', #8187, 2.024999999999990100 ) ;
#6685 = LINE ( 'NONE', #7864, #1069 ) ;
#6686 = VERTEX_POINT ( 'NONE', #5371 ) ;
#6687 = DIRECTION ( 'NONE',  ( 0.0000000000000000000, 0.0000000000000000000, -1.000000000000000000 ) ) ;
#6688 = ADVANCED_FACE ( 'NONE', ( #12 ), #3582, .T. ) ;
#6689 = CARTESIAN_POINT ( 'NONE',  ( 6.750000000000000000, 40.00000000000000700, -13.50000000000000200 ) ) ;
#6690 = ORIENTED_EDGE ( 'NONE', *, *, #1142, .F. ) ;
#6691 = DIRECTION ( 'NONE',  ( 3.652049423109066300E-016, -0.0000000000000000000, -1.000000000000000000 ) ) ;
#6692 = DIRECTION ( 'NONE',  ( 1.000000000000000000, -0.0000000000000000000, 0.0000000000000000000 ) ) ;
#6693 = ORIENTED_EDGE ( 'NONE', *, *, #8784, .F. ) ;
#6694 = CIRCLE ( 'NONE', #2175, 2.025000000000000800 ) ;
#6695 = DIRECTION ( 'NONE',  ( 0.0000000000000000000, 0.0000000000000000000, -1.000000000000000000 ) ) ;
#6696 = CYLINDRICAL_SURFACE ( 'NONE', #641, 6.999999999999999100 ) ;
#6697 = CARTESIAN_POINT ( 'NONE',  ( 6.750000000000000000, 120.0000000000000300, -13.50000000000000200 ) ) ;
#6698 = CARTESIAN_POINT ( 'NONE',  ( -1.249999999999999800, 105.4318912319027700, -6.568108768097234300 ) ) ;
#6699 = ORIENTED_EDGE ( 'NONE', *, *, #5140, .F. ) ;
#6700 = EDGE_CURVE ( 'NONE', #4876, #5930, #9437, .T. ) ;
#6701 = VERTEX_POINT ( 'NONE', #1058 ) ;
#6702 = EDGE_LOOP ( 'NONE', ( #10813, #5013, #3272, #9818, #1753 ) ) ;
#6703 = CARTESIAN_POINT ( 'NONE',  ( 4.724999999999991700, 144.0000000000000300, 16.00000000000000400 ) ) ;
#6704 = FACE_BOUND ( 'NONE', #5688, .T. ) ;
#6705 = CARTESIAN_POINT ( 'NONE',  ( -1.249999999999999800, 160.0000000000000300, 5.974999999999997900 ) ) ;
#6706 = DIRECTION ( 'NONE',  ( 0.0000000000000000000, 0.0000000000000000000, -1.000000000000000000 ) ) ;
#6707 = FACE_OUTER_BOUND ( 'NONE', #743, .T. ) ;
#6708 = CARTESIAN_POINT ( 'NONE',  ( -1.249999999999999800, 176.0000000000000300, 8.000000000000000000 ) ) ;
#6709 = AXIS2_PLACEMENT_3D ( 'NONE', #7108, #10377, #10489 ) ;
#6710 = EDGE_LOOP ( 'NONE', ( #7974, #1368 ) ) ;
#6711 = CARTESIAN_POINT ( 'NONE',  ( -1.249999999999999800, 104.4852813742385800, -8.485281374238564200 ) ) ;
#6712 = VERTEX_POINT ( 'NONE', #2849 ) ;
#6713 = DIRECTION ( 'NONE',  ( 0.0000000000000000000, 0.0000000000000000000, -1.000000000000000000 ) ) ;
#6714 = EDGE_LOOP ( 'NONE', ( #10686, #2163, #449, #10474 ) ) ;
#6715 = EDGE_LOOP ( 'NONE', ( #1903, #10518, #2285, #3343 ) ) ;
#6716 = AXIS2_PLACEMENT_3D ( 'NONE', #3530, #968, #2757 ) ;
#6717 = FACE_BOUND ( 'NONE', #7910, .T. ) ;
#6718 = DIRECTION ( 'NONE',  ( 1.000000000000000000, -0.0000000000000000000, -0.0000000000000000000 ) ) ;
#6719 = VECTOR ( 'NONE', #7471, 999.9999999999998900 ) ;
#6720 = EDGE_CURVE ( 'NONE', #2263, #5604, #2531, .T. ) ;
#6721 = EDGE_LOOP ( 'NONE', ( #2454, #8512, #8410, #7175, #4690 ) ) ;
#6722 = ORIENTED_EDGE ( 'NONE', *, *, #9324, .F. ) ;
#6723 = EDGE_LOOP ( 'NONE', ( #1660, #962, #8051, #7436 ) ) ;
#6724 = EDGE_LOOP ( 'NONE', ( #2298, #839, #9241, #2009 ) ) ;
#6725 = ORIENTED_EDGE ( 'NONE', *, *, #1640, .F. ) ;
#6726 = DIRECTION ( 'NONE',  ( 3.652049423109066300E-016, 0.0000000000000000000, -1.000000000000000000 ) ) ;
#6727 = VECTOR ( 'NONE', #5277, 1000.000000000000000 ) ;
#6728 = CARTESIAN_POINT ( 'NONE',  ( -1.249999999999999800, 48.00000000000000000, 0.0000000000000000000 ) ) ;
#6729 = EDGE_CURVE ( 'NONE', #5956, #4619, #1469, .T. ) ;
#6730 = AXIS2_PLACEMENT_3D ( 'NONE', #7545, #9119, #5725 ) ;
#6731 = VERTEX_POINT ( 'NONE', #4567 ) ;
#6732 = AXIS2_PLACEMENT_3D ( 'NONE', #6092, #963, #7788 ) ;
#6733 = ORIENTED_EDGE ( 'NONE', *, *, #4243, .F. ) ;
#6734 = DIRECTION ( 'NONE',  ( 1.000000000000000000, -0.0000000000000000000, 0.0000000000000000000 ) ) ;
#6735 = EDGE_CURVE ( 'NONE', #7032, #1961, #8799, .T. ) ;
#6736 = ORIENTED_EDGE ( 'NONE', *, *, #8, .T. ) ;
#6737 = DIRECTION ( 'NONE',  ( 1.000000000000000000, 0.0000000000000000000, 0.0000000000000000000 ) ) ;
#6738 = CARTESIAN_POINT ( 'NONE',  ( 6.749999999999990200, 160.0000000000000000, 13.50000000000000000 ) ) ;
#6739 = DIRECTION ( 'NONE',  ( 1.826024711554532900E-016, -0.0000000000000000000, 1.000000000000000000 ) ) ;
#6740 = CIRCLE ( 'NONE', #5838, 2.024999999999998100 ) ;
#6741 = EDGE_LOOP ( 'NONE', ( #2907, #10071 ) ) ;
#6742 = ADVANCED_FACE ( 'NONE', ( #3459 ), #5088, .F. ) ;
#6743 = EDGE_CURVE ( 'NONE', #8237, #5312, #2264, .T. ) ;
#6744 = EDGE_LOOP ( 'NONE', ( #1267, #10728 ) ) ;
#6745 = ORIENTED_EDGE ( 'NONE', *, *, #4864, .F. ) ;
#6746 = PLANE ( 'NONE',  #69 ) ;
#6747 = VECTOR ( 'NONE', #6778, 1000.000000000000000 ) ;
#6748 = ORIENTED_EDGE ( 'NONE', *, *, #9661, .F. ) ;
#6749 = CIRCLE ( 'NONE', #7206, 2.025000000000004400 ) ;
#6750 = EDGE_CURVE ( 'NONE', #4266, #9877, #3078, .T. ) ;
#6751 = EDGE_LOOP ( 'NONE', ( #5136, #728, #8503, #6192 ) ) ;
#6752 = EDGE_LOOP ( 'NONE', ( #1754, #9684, #973, #5407, #1790 ) ) ;
#6753 = VECTOR ( 'NONE', #6950, 1000.000000000000000 ) ;
#6754 = CARTESIAN_POINT ( 'NONE',  ( 1.250000000000000200, 151.0533901423358100, -9.917172606141344100 ) ) ;
#6755 = EDGE_CURVE ( 'NONE', #6624, #10772, #5757, .T. ) ;
#6756 = CIRCLE ( 'NONE', #4448, 2.024999999999999900 ) ;
#6757 = CARTESIAN_POINT ( 'NONE',  ( 6.750000000000000000, 112.0000000000000100, -13.50000000000000200 ) ) ;
#6758 = CARTESIAN_POINT ( 'NONE',  ( 4.725000000000001400, 16.00000000000000700, -13.50000000000000200 ) ) ;
#6759 = CARTESIAN_POINT ( 'NONE',  ( 6.750000000000000000, 72.00000000000001400, -13.50000000000000200 ) ) ;
#6760 = VERTEX_POINT ( 'NONE', #6191 ) ;
#6761 = ORIENTED_EDGE ( 'NONE', *, *, #3633, .F. ) ;
#6762 = DIRECTION ( 'NONE',  ( 0.0000000000000000000, -1.000000000000000000, 0.0000000000000000000 ) ) ;
#6763 = VECTOR ( 'NONE', #5750, 1000.000000000000000 ) ;
#6764 = LINE ( 'NONE', #5291, #3025 ) ;
#6765 = AXIS2_PLACEMENT_3D ( 'NONE', #2964, #441, #8795 ) ;
#6766 = DIRECTION ( 'NONE',  ( -1.000000000000000000, -0.0000000000000000000, -0.0000000000000000000 ) ) ;
#6767 = VERTEX_POINT ( 'NONE', #4451 ) ;
#6768 = VERTEX_POINT ( 'NONE', #8126 ) ;
#6769 = FACE_OUTER_BOUND ( 'NONE', #2525, .T. ) ;
#6770 = CARTESIAN_POINT ( 'NONE',  ( 8.774999999999987900, 160.0000000000000000, 16.00000000000000400 ) ) ;
#6771 = AXIS2_PLACEMENT_3D ( 'NONE', #4386, #1008, #10367 ) ;
#6772 = LINE ( 'NONE', #327, #10724 ) ;
#6773 = CARTESIAN_POINT ( 'NONE',  ( -1.249999999999999800, 72.00000000000001400, 0.0000000000000000000 ) ) ;
#6774 = EDGE_CURVE ( 'NONE', #5559, #10540, #5224, .T. ) ;
#6775 = VERTEX_POINT ( 'NONE', #3775 ) ;
#6776 = VERTEX_POINT ( 'NONE', #10429 ) ;
#6777 = DIRECTION ( 'NONE',  ( 0.0000000000000000000, -8.566535683836073200E-016, -1.000000000000000000 ) ) ;
#6778 = DIRECTION ( 'NONE',  ( 3.652049423109066300E-016, -0.0000000000000000000, -1.000000000000000000 ) ) ;
#6779 = VECTOR ( 'NONE', #8690, 1000.000000000000000 ) ;
#6780 = CARTESIAN_POINT ( 'NONE',  ( -1.249999999999999800, 37.43189123190261800, 13.43189123190273400 ) ) ;
#6781 = VECTOR ( 'NONE', #5152, 1000.000000000000000 ) ;
#6782 = EDGE_CURVE ( 'NONE', #3087, #9214, #7899, .T. ) ;
#6783 = AXIS2_PLACEMENT_3D ( 'NONE', #166, #9480, #4405 ) ;
#6784 = DIRECTION ( 'NONE',  ( 0.0000000000000000000, 0.0000000000000000000, -1.000000000000000000 ) ) ;
#6785 = ORIENTED_EDGE ( 'NONE', *, *, #6567, .F. ) ;
#6786 = CARTESIAN_POINT ( 'NONE',  ( 6.749999999999989300, 112.0000000000000100, 16.00000000000000400 ) ) ;
#6788 = ADVANCED_FACE ( 'NONE', ( #8017 ), #2951, .F. ) ;
#6787 = EDGE_LOOP ( 'NONE', ( #8787, #8915, #8361, #8238 ) ) ;
#6789 = CARTESIAN_POINT ( 'NONE',  ( -1.249999999999999800, 14.56810876809723800, 6.568108768097240500 ) ) ;
#6790 = DIRECTION ( 'NONE',  ( 1.000000000000000000, -0.0000000000000000000, -0.0000000000000000000 ) ) ;
#6791 = EDGE_CURVE ( 'NONE', #6999, #8441, #294, .T. ) ;
#6792 = CARTESIAN_POINT ( 'NONE',  ( -1.249999999999999800, 96.00000000000000000, 0.0000000000000000000 ) ) ;
#6793 = FACE_BOUND ( 'NONE', #9740, .T. ) ;
#6794 = CARTESIAN_POINT ( 'NONE',  ( 6.749999999999989300, 160.0000000000000000, 16.00000000000000400 ) ) ;
#6795 = VECTOR ( 'NONE', #10153, 1000.000000000000000 ) ;
#6796 = CARTESIAN_POINT ( 'NONE',  ( 6.750000000000000900, 16.00000000000000700, -15.99999999999999600 ) ) ;
#6797 = VERTEX_POINT ( 'NONE', #2994 ) ;
#6798 = ORIENTED_EDGE ( 'NONE', *, *, #2123, .F. ) ;
#6799 = FACE_OUTER_BOUND ( 'NONE', #1919, .T. ) ;
#6800 = EDGE_CURVE ( 'NONE', #6456, #5735, #9589, .T. ) ;
#6801 = AXIS2_PLACEMENT_3D ( 'NONE', #5267, #9530, #9495 ) ;
#6802 = EDGE_LOOP ( 'NONE', ( #3832, #1439 ) ) ;
#6803 = LINE ( 'NONE', #4230, #2244 ) ;
#6804 = DIRECTION ( 'NONE',  ( 0.0000000000000000000, 0.7071067811865505700, -0.7071067811865444600 ) ) ;
#6805 = AXIS2_PLACEMENT_3D ( 'NONE', #6480, #3968, #4777 ) ;
#6806 = DIRECTION ( 'NONE',  ( 1.000000000000000000, -0.0000000000000000000, -0.0000000000000000000 ) ) ;
#6807 = FACE_OUTER_BOUND ( 'NONE', #10740, .T. ) ;
#6808 = ORIENTED_EDGE ( 'NONE', *, *, #7641, .T. ) ;
#6809 = ORIENTED_EDGE ( 'NONE', *, *, #6068, .T. ) ;
#6810 = ORIENTED_EDGE ( 'NONE', *, *, #253, .T. ) ;
#6811 = EDGE_CURVE ( 'NONE', #55, #4975, #942, .T. ) ;
#6812 = DIRECTION ( 'NONE',  ( 1.000000000000000000, -0.0000000000000000000, 0.0000000000000000000 ) ) ;
#6813 = VECTOR ( 'NONE', #6623, 1000.000000000000000 ) ;
#6814 = FACE_OUTER_BOUND ( 'NONE', #6521, .T. ) ;
#6815 = CARTESIAN_POINT ( 'NONE',  ( 4.724999999999991700, 64.00000000000000000, 16.00000000000000400 ) ) ;
#6816 = EDGE_LOOP ( 'NONE', ( #731, #4521, #528, #1881 ) ) ;
#6817 = EDGE_CURVE ( 'NONE', #9472, #3558, #675, .T. ) ;
#6818 = CARTESIAN_POINT ( 'NONE',  ( 10.75000000000000000, 192.0000000000000000, 15.99999999999999600 ) ) ;
#6819 = AXIS2_PLACEMENT_3D ( 'NONE', #8853, #8049, #7210 ) ;
#6820 = VERTEX_POINT ( 'NONE', #2021 ) ;
#6821 = FACE_BOUND ( 'NONE', #5063, .T. ) ;
#6822 = DIRECTION ( 'NONE',  ( 1.000000000000000000, 0.0000000000000000000, -0.0000000000000000000 ) ) ;
#6823 = LINE ( 'NONE', #6004, #4409 ) ;
#6824 = DIRECTION ( 'NONE',  ( -1.000000000000000000, 0.0000000000000000000, 0.0000000000000000000 ) ) ;
#6825 = DIRECTION ( 'NONE',  ( 0.0000000000000000000, -0.7071067811865450200, 0.7071067811865501300 ) ) ;
#6826 = EDGE_LOOP ( 'NONE', ( #10420, #4973, #1099, #8447 ) ) ;
#6827 = CARTESIAN_POINT ( 'NONE',  ( -1.249999999999999800, 80.00000000000000000, -7.999999999999994700 ) ) ;
#6828 = DIRECTION ( 'NONE',  ( -1.000000000000000000, 0.0000000000000000000, 0.0000000000000000000 ) ) ;
#6829 = DIRECTION ( 'NONE',  ( -1.826024711554532900E-016, 0.0000000000000000000, 1.000000000000000000 ) ) ;
#6830 = EDGE_LOOP ( 'NONE', ( #8071, #10807, #8562, #9204 ) ) ;
#6831 = CARTESIAN_POINT ( 'NONE',  ( -1.249999999999999800, 105.9171726061413500, -7.053390142335809200 ) ) ;
#6832 = EDGE_LOOP ( 'NONE', ( #2641, #4897, #3299, #6487 ) ) ;
#6833 = AXIS2_PLACEMENT_3D ( 'NONE', #5842, #726, #6706 ) ;
#6834 = EDGE_LOOP ( 'NONE', ( #5879, #464, #10060, #3533 ) ) ;
#6835 = VECTOR ( 'NONE', #8235, 1000.000000000000000 ) ;
#6836 = CARTESIAN_POINT ( 'NONE',  ( 6.749999999999989300, 80.00000000000001400, 16.00000000000000400 ) ) ;
#6837 = ORIENTED_EDGE ( 'NONE', *, *, #2202, .T. ) ;
#6838 = DIRECTION ( 'NONE',  ( -1.000000000000000000, 0.0000000000000000000, 0.0000000000000000000 ) ) ;
#6839 = LINE ( 'NONE', #5195, #9206 ) ;
#6840 = CIRCLE ( 'NONE', #2781, 2.024999999999997200 ) ;
#6841 = EDGE_CURVE ( 'NONE', #10491, #10635, #7744, .T. ) ;
#6842 = CARTESIAN_POINT ( 'NONE',  ( -1.249999999999999800, 80.48528137423856800, 8.485281374238569500 ) ) ;
#6843 = ORIENTED_EDGE ( 'NONE', *, *, #4096, .F. ) ;
#6844 = DIRECTION ( 'NONE',  ( 0.0000000000000000000, 0.0000000000000000000, -1.000000000000000000 ) ) ;
#6845 = ORIENTED_EDGE ( 'NONE', *, *, #8645, .T. ) ;
#6846 = DIRECTION ( 'NONE',  ( 0.0000000000000000000, 0.7071067811865501300, 0.7071067811865450200 ) ) ;
#6847 = ORIENTED_EDGE ( 'NONE', *, *, #10933, .T. ) ;
#6848 = CARTESIAN_POINT ( 'NONE',  ( 1.250000000000000200, 40.94660985766420000, -9.917172606141322800 ) ) ;
#6849 = VERTEX_POINT ( 'NONE', #498 ) ;
#6850 = EDGE_LOOP ( 'NONE', ( #8399, #4357 ) ) ;
#6851 = ADVANCED_FACE ( 'NONE', ( #5639 ), #6965, .F. ) ;
#6852 = CIRCLE ( 'NONE', #3966, 2.024999999999997200 ) ;
#6853 = AXIS2_PLACEMENT_3D ( 'NONE', #1618, #3226, #4106 ) ;
#6854 = LINE ( 'NONE', #85, #3758 ) ;
#6855 = ORIENTED_EDGE ( 'NONE', *, *, #1932, .F. ) ;
#6856 = EDGE_LOOP ( 'NONE', ( #9057, #10204, #7930, #5365 ) ) ;
#6857 = EDGE_LOOP ( 'NONE', ( #6024, #7236, #1468, #4039 ) ) ;
#6858 = DIRECTION ( 'NONE',  ( 1.000000000000000000, -0.0000000000000000000, -0.0000000000000000000 ) ) ;
#6859 = EDGE_LOOP ( 'NONE', ( #8144, #6583 ) ) ;
#6860 = DIRECTION ( 'NONE',  ( 3.652049423109066300E-016, -0.0000000000000000000, -1.000000000000000000 ) ) ;
#6861 = ORIENTED_EDGE ( 'NONE', *, *, #3923, .F. ) ;
#6862 = VECTOR ( 'NONE', #9543, 1000.000000000000000 ) ;
#6863 = EDGE_CURVE ( 'NONE', #8068, #3045, #9723, .T. ) ;
#6864 = VECTOR ( 'NONE', #4954, 1000.000000000000000 ) ;
#6865 = ORIENTED_EDGE ( 'NONE', *, *, #3363, .T. ) ;
#6866 = DIRECTION ( 'NONE',  ( 0.0000000000000000000, 0.7071067811865463500, 0.7071067811865487900 ) ) ;
#6867 = VERTEX_POINT ( 'NONE', #6347 ) ;
#6868 = CARTESIAN_POINT ( 'NONE',  ( 6.750000000000000000, 64.00000000000000000, -13.50000000000000200 ) ) ;
#6869 = CARTESIAN_POINT ( 'NONE',  ( 4.724999999999991700, 48.00000000000000700, 16.00000000000000400 ) ) ;
#6870 = CARTESIAN_POINT ( 'NONE',  ( 1.250000000000000200, 0.0000000000000000000, -2.024999999999999900 ) ) ;
#6871 = ORIENTED_EDGE ( 'NONE', *, *, #9884, .T. ) ;
#6872 = CARTESIAN_POINT ( 'NONE',  ( 1.250000000000000200, 133.4318912319026000, 13.43189123190273400 ) ) ;
#6873 = ORIENTED_EDGE ( 'NONE', *, *, #2956, .F. ) ;
#6874 = CARTESIAN_POINT ( 'NONE',  ( 1.250000000000000200, 179.3137084989847900, -2.024999999999999900 ) ) ;
#6875 = EDGE_CURVE ( 'NONE', #1741, #4380, #429, .T. ) ;
#6876 = AXIS2_PLACEMENT_3D ( 'NONE', #9183, #6626, #1596 ) ;
#6877 = AXIS2_PLACEMENT_3D ( 'NONE', #8109, #7306, #6461 ) ;
#6878 = ORIENTED_EDGE ( 'NONE', *, *, #3194, .F. ) ;
#6879 = DIRECTION ( 'NONE',  ( 3.652049423109066300E-016, -0.0000000000000000000, -1.000000000000000000 ) ) ;
#6880 = LINE ( 'NONE', #1591, #4613 ) ;
#6881 = ORIENTED_EDGE ( 'NONE', *, *, #6039, .T. ) ;
#6882 = DIRECTION ( 'NONE',  ( 3.652049423109066300E-016, -0.0000000000000000000, -1.000000000000000000 ) ) ;
#6883 = EDGE_CURVE ( 'NONE', #5068, #8779, #10108, .T. ) ;
#6884 = ORIENTED_EDGE ( 'NONE', *, *, #8978, .T. ) ;
#6885 = DIRECTION ( 'NONE',  ( 1.000000000000000000, -0.0000000000000000000, -0.0000000000000000000 ) ) ;
#6886 = EDGE_LOOP ( 'NONE', ( #3546, #3442, #1000, #5131 ) ) ;
#6887 = DIRECTION ( 'NONE',  ( -1.000000000000000000, 0.0000000000000000000, -0.0000000000000000000 ) ) ;
#6889 = VERTEX_POINT ( 'NONE', #4646 ) ;
#6888 = CARTESIAN_POINT ( 'NONE',  ( -1.249999999999999800, 64.00000000000000000, 8.000000000000000000 ) ) ;
#6890 = DIRECTION ( 'NONE',  ( 0.0000000000000000000, 0.0000000000000000000, -1.000000000000000000 ) ) ;
#6891 = VECTOR ( 'NONE', #808, 1000.000000000000000 ) ;
#6892 = VECTOR ( 'NONE', #10496, 999.9999999999998900 ) ;
#6893 = EDGE_CURVE ( 'NONE', #5023, #1601, #4953, .T. ) ;
#6894 = AXIS2_PLACEMENT_3D ( 'NONE', #3336, #1629, #11005 ) ;
#6895 = CARTESIAN_POINT ( 'NONE',  ( -1.249999999999999800, 152.4852813742385500, 8.485281374238569500 ) ) ;
#6896 = EDGE_LOOP ( 'NONE', ( #8186, #7755, #4287, #408 ) ) ;
#6897 = ORIENTED_EDGE ( 'NONE', *, *, #6448, .F. ) ;
#6898 = FACE_OUTER_BOUND ( 'NONE', #8271, .T. ) ;
#6899 = CARTESIAN_POINT ( 'NONE',  ( 1.250000000000000200, 9.431891231902763900, -6.568108768097239600 ) ) ;
#6900 = DIRECTION ( 'NONE',  ( -1.000000000000000000, 0.0000000000000000000, 0.0000000000000000000 ) ) ;
#6901 = LINE ( 'NONE', #9668, #5827 ) ;
#6902 = DIRECTION ( 'NONE',  ( 1.000000000000000000, -0.0000000000000000000, -0.0000000000000000000 ) ) ;
#6903 = ORIENTED_EDGE ( 'NONE', *, *, #5743, .F. ) ;
#6904 = ORIENTED_EDGE ( 'NONE', *, *, #3761, .T. ) ;
#6905 = DIRECTION ( 'NONE',  ( 1.000000000000000000, -0.0000000000000000000, 0.0000000000000000000 ) ) ;
#6906 = FACE_OUTER_BOUND ( 'NONE', #3718, .T. ) ;
#6907 = ADVANCED_FACE ( 'NONE', ( #3616 ), #1338, .F. ) ;
#6908 = DIRECTION ( 'NONE',  ( 1.000000000000000000, -0.0000000000000000000, -0.0000000000000000000 ) ) ;
#6909 = CARTESIAN_POINT ( 'NONE',  ( 6.749999999999989300, 72.00000000000001400, 16.00000000000000400 ) ) ;
#6910 = DIRECTION ( 'NONE',  ( 0.0000000000000000000, 0.7071067811865505700, -0.7071067811865444600 ) ) ;
#6911 = FACE_BOUND ( 'NONE', #4050, .T. ) ;
#6912 = CARTESIAN_POINT ( 'NONE',  ( -1.249999999999999800, 13.43189123190266600, 13.43189123190281200 ) ) ;
#6913 = CARTESIAN_POINT ( 'NONE',  ( -1.249999999999999800, 111.5147186257614500, -10.51028137423856600 ) ) ;
#6914 = DIRECTION ( 'NONE',  ( 0.0000000000000000000, 0.0000000000000000000, -1.000000000000000000 ) ) ;
#6915 = ORIENTED_EDGE ( 'NONE', *, *, #136, .F. ) ;
#6916 = ORIENTED_EDGE ( 'NONE', *, *, #7691, .F. ) ;
#6917 = PLANE ( 'NONE',  #152 ) ;
#6918 = AXIS2_PLACEMENT_3D ( 'NONE', #9440, #1918, #1958 ) ;
#6919 = FACE_OUTER_BOUND ( 'NONE', #9393, .T. ) ;
#6920 = CARTESIAN_POINT ( 'NONE',  ( -1.249999999999999800, 60.68629150101524100, -2.024999999999999900 ) ) ;
#6921 = CARTESIAN_POINT ( 'NONE',  ( -1.249999999999999800, 96.00000000000000000, -6.999999999999999100 ) ) ;
#6922 = DIRECTION ( 'NONE',  ( 0.0000000000000000000, 0.0000000000000000000, -1.000000000000000000 ) ) ;
#6923 = VERTEX_POINT ( 'NONE', #2160 ) ;
#6924 = DIRECTION ( 'NONE',  ( 1.000000000000000000, -0.0000000000000000000, 0.0000000000000000000 ) ) ;
#6925 = ORIENTED_EDGE ( 'NONE', *, *, #2931, .F. ) ;
#6926 = EDGE_CURVE ( 'NONE', #8288, #9080, #804, .T. ) ;
#6927 = DIRECTION ( 'NONE',  ( 0.0000000000000000000, 0.0000000000000000000, 1.000000000000000000 ) ) ;
#6928 = LINE ( 'NONE', #515, #7074 ) ;
#6929 = DIRECTION ( 'NONE',  ( -1.826024711554532900E-016, 0.0000000000000000000, 1.000000000000000000 ) ) ;
#6930 = EDGE_CURVE ( 'NONE', #1429, #1126, #4247, .T. ) ;
#6931 = DIRECTION ( 'NONE',  ( 0.0000000000000000000, -0.7071067811865463500, -0.7071067811865487900 ) ) ;
#6932 = FACE_BOUND ( 'NONE', #8231, .T. ) ;
#6933 = CARTESIAN_POINT ( 'NONE',  ( 8.774999999999998600, 160.0000000000000000, -15.99999999999999600 ) ) ;
#6934 = VERTEX_POINT ( 'NONE', #2262 ) ;
#6935 = DIRECTION ( 'NONE',  ( 0.0000000000000000000, 0.0000000000000000000, -1.000000000000000000 ) ) ;
#6936 = EDGE_LOOP ( 'NONE', ( #6690, #9654 ) ) ;
#6937 = VECTOR ( 'NONE', #8642, 1000.000000000000000 ) ;
#6938 = VECTOR ( 'NONE', #2708, 1000.000000000000000 ) ;
#6939 = EDGE_CURVE ( 'NONE', #5130, #7775, #8391, .T. ) ;
#6940 = AXIS2_PLACEMENT_3D ( 'NONE', #6211, #9770, #8146 ) ;
#6941 = CIRCLE ( 'NONE', #7800, 2.024999999999998100 ) ;
#6942 = AXIS2_PLACEMENT_3D ( 'NONE', #621, #6563, #552 ) ;
#6943 = DIRECTION ( 'NONE',  ( -1.000000000000000000, 0.0000000000000000000, 0.0000000000000000000 ) ) ;
#6944 = EDGE_CURVE ( 'NONE', #8428, #9817, #1868, .T. ) ;
#6945 = DIRECTION ( 'NONE',  ( 1.000000000000000000, -0.0000000000000000000, 0.0000000000000000000 ) ) ;
#6946 = EDGE_LOOP ( 'NONE', ( #1228, #10393 ) ) ;
#6947 = CARTESIAN_POINT ( 'NONE',  ( 1.250000000000000200, 31.05339014233581100, 9.917172606141324600 ) ) ;
#6948 = VERTEX_POINT ( 'NONE', #2303 ) ;
#6949 = LINE ( 'NONE', #4268, #9828 ) ;
#6950 = DIRECTION ( 'NONE',  ( -0.0000000000000000000, -1.000000000000000000, -0.0000000000000000000 ) ) ;
#6951 = CARTESIAN_POINT ( 'NONE',  ( 1.250000000000000200, 183.5147186257614500, -8.485281374238544700 ) ) ;
#6952 = ADVANCED_FACE ( 'NONE', ( #1721 ), #7888, .F. ) ;
#6953 = FACE_OUTER_BOUND ( 'NONE', #3415, .T. ) ;
#6954 = DIRECTION ( 'NONE',  ( 0.0000000000000000000, -0.7071067811865513500, 0.7071067811865436900 ) ) ;
#6955 = LINE ( 'NONE', #7665, #5496 ) ;
#6956 = DIRECTION ( 'NONE',  ( 1.000000000000000000, -0.0000000000000000000, -0.0000000000000000000 ) ) ;
#6957 = ORIENTED_EDGE ( 'NONE', *, *, #2717, .F. ) ;
#6958 = EDGE_CURVE ( 'NONE', #5735, #11004, #147, .T. ) ;
#6959 = AXIS2_PLACEMENT_3D ( 'NONE', #10333, #5281, #5118 ) ;
#6960 = VERTEX_POINT ( 'NONE', #10774 ) ;
#6961 = CARTESIAN_POINT ( 'NONE',  ( -1.249999999999999800, 160.0000000000000300, 8.000000000000000000 ) ) ;
#6962 = ORIENTED_EDGE ( 'NONE', *, *, #3722, .F. ) ;
#6963 = CARTESIAN_POINT ( 'NONE',  ( -1.249999999999999800, 168.0000000000000000, -6.999999999999999100 ) ) ;
#6964 = AXIS2_PLACEMENT_3D ( 'NONE', #9151, #7430, #718 ) ;
#6965 = CYLINDRICAL_SURFACE ( 'NONE', #6427, 2.024999999999997200 ) ;
#6966 = DIRECTION ( 'NONE',  ( 0.0000000000000000000, -0.7071067811865450200, 0.7071067811865501300 ) ) ;
#6967 = DIRECTION ( 'NONE',  ( 1.000000000000000000, 0.0000000000000000000, 0.0000000000000000000 ) ) ;
#6968 = DIRECTION ( 'NONE',  ( 0.0000000000000000000, -0.7071067811865487900, -0.7071067811865463500 ) ) ;
#6969 = CYLINDRICAL_SURFACE ( 'NONE', #5801, 2.024999999999990100 ) ;
#6970 = ADVANCED_FACE ( 'NONE', ( #3866 ), #1419, .F. ) ;
#6971 = DIRECTION ( 'NONE',  ( 0.0000000000000000000, -0.7071067811865513500, 0.7071067811865436900 ) ) ;
#6972 = EDGE_CURVE ( 'NONE', #8319, #5789, #1595, .T. ) ;
#6973 = CARTESIAN_POINT ( 'NONE',  ( 6.749999999999989300, 104.0000000000000100, 16.00000000000000400 ) ) ;
#6974 = ORIENTED_EDGE ( 'NONE', *, *, #6720, .T. ) ;
#6975 = CARTESIAN_POINT ( 'NONE',  ( 6.750000000000000900, 64.00000000000000000, -15.99999999999999600 ) ) ;
#6976 = ORIENTED_EDGE ( 'NONE', *, *, #2279, .T. ) ;
#6977 = CYLINDRICAL_SURFACE ( 'NONE', #6280, 2.024999999999999000 ) ;
#6978 = DIRECTION ( 'NONE',  ( 1.000000000000000000, -0.0000000000000000000, -0.0000000000000000000 ) ) ;
#6979 = EDGE_CURVE ( 'NONE', #1283, #3105, #2809, .T. ) ;
#6980 = CARTESIAN_POINT ( 'NONE',  ( -1.249999999999999800, 57.43189123190274600, 6.568108768097250300 ) ) ;
#6981 = CARTESIAN_POINT ( 'NONE',  ( 8.774999999999987900, 160.0000000000000000, 16.00000000000000400 ) ) ;
#6982 = CIRCLE ( 'NONE', #1423, 2.025000000000000800 ) ;
#6983 = ORIENTED_EDGE ( 'NONE', *, *, #1802, .T. ) ;
#6984 = ORIENTED_EDGE ( 'NONE', *, *, #4248, .F. ) ;
#6985 = ORIENTED_EDGE ( 'NONE', *, *, #9760, .T. ) ;
#6986 = DIRECTION ( 'NONE',  ( 1.000000000000000000, -0.0000000000000000000, -0.0000000000000000000 ) ) ;
#6987 = ORIENTED_EDGE ( 'NONE', *, *, #7654, .T. ) ;
#6988 = DIRECTION ( 'NONE',  ( 1.000000000000000000, -0.0000000000000000000, -0.0000000000000000000 ) ) ;
#6989 = DIRECTION ( 'NONE',  ( -1.000000000000000000, -0.0000000000000000000, -0.0000000000000000000 ) ) ;
#6990 = LINE ( 'NONE', #5962, #4572 ) ;
#6991 = CARTESIAN_POINT ( 'NONE',  ( 6.749999999999990200, 16.00000000000000700, 13.50000000000000000 ) ) ;
#6992 = CARTESIAN_POINT ( 'NONE',  ( 8.774999999999987900, 16.00000000000000700, 13.50000000000000000 ) ) ;
#6993 = CIRCLE ( 'NONE', #5306, 2.024999999999999900 ) ;
#6994 = DIRECTION ( 'NONE',  ( 3.652049423109066300E-016, 0.0000000000000000000, -1.000000000000000000 ) ) ;
#6995 = AXIS2_PLACEMENT_3D ( 'NONE', #10347, #1020, #5442 ) ;
#6996 = ORIENTED_EDGE ( 'NONE', *, *, #8933, .T. ) ;
#6997 = ORIENTED_EDGE ( 'NONE', *, *, #7533, .T. ) ;
#6998 = CARTESIAN_POINT ( 'NONE',  ( -1.249999999999999800, 62.56810876809723300, 6.568108768097240500 ) ) ;
#6999 = VERTEX_POINT ( 'NONE', #6485 ) ;
#7000 = ORIENTED_EDGE ( 'NONE', *, *, #3662, .T. ) ;
#7001 = AXIS2_PLACEMENT_3D ( 'NONE', #35, #3304, #7639 ) ;
#7002 = VECTOR ( 'NONE', #1946, 1000.000000000000000 ) ;
#7003 = DIRECTION ( 'NONE',  ( -1.000000000000000000, 0.0000000000000000000, 0.0000000000000000000 ) ) ;
#7004 = CARTESIAN_POINT ( 'NONE',  ( -1.249999999999999800, 120.0000000000000000, -2.024999999999999900 ) ) ;
#7005 = PLANE ( 'NONE',  #5006 ) ;
#7006 = CARTESIAN_POINT ( 'NONE',  ( 4.724999999999991700, 120.0000000000000300, 16.00000000000000400 ) ) ;
#7007 = CARTESIAN_POINT ( 'NONE',  ( 6.750000000000000000, 32.00000000000000700, -13.50000000000000200 ) ) ;
#7008 = ORIENTED_EDGE ( 'NONE', *, *, #8846, .T. ) ;
#7009 = ORIENTED_EDGE ( 'NONE', *, *, #3351, .F. ) ;
#7010 = EDGE_LOOP ( 'NONE', ( #4925, #2088, #2783, #4440 ) ) ;
#7011 = CARTESIAN_POINT ( 'NONE',  ( 6.749999999999989300, 8.000000000000007100, 16.00000000000000400 ) ) ;
#7012 = CARTESIAN_POINT ( 'NONE',  ( 8.774999999999987900, 88.00000000000002800, 16.00000000000000400 ) ) ;
#7013 = DATE_AND_TIME ( #9635, #8575 ) ;
#7014 = EDGE_CURVE ( 'NONE', #9442, #9214, #1459, .T. ) ;
#7015 = CIRCLE ( 'NONE', #9488, 2.024999999999997200 ) ;
#7016 = EDGE_LOOP ( 'NONE', ( #10827, #9756, #2876, #7033, #2305 ) ) ;
#7017 = AXIS2_PLACEMENT_3D ( 'NONE', #7650, #6846, #10986 ) ;
#7018 = EDGE_CURVE ( 'NONE', #8885, #5324, #4546, .T. ) ;
#7019 = CARTESIAN_POINT ( 'NONE',  ( 8.774999999999987900, 96.00000000000000000, 13.50000000000000000 ) ) ;
#7020 = EDGE_LOOP ( 'NONE', ( #5914, #4427, #302, #1254 ) ) ;
#7021 = ORIENTED_EDGE ( 'NONE', *, *, #3155, .F. ) ;
#7022 = DIRECTION ( 'NONE',  ( 1.000000000000000000, -0.0000000000000000000, -0.0000000000000000000 ) ) ;
#7023 = CIRCLE ( 'NONE', #2799, 2.024999999999997200 ) ;
#7024 = CARTESIAN_POINT ( 'NONE',  ( -1.249999999999999800, 72.00000000000001400, 6.999999999999999100 ) ) ;
#7025 = EDGE_LOOP ( 'NONE', ( #9905, #545, #9242, #4715 ) ) ;
#7026 = CYLINDRICAL_SURFACE ( 'NONE', #1172, 2.024999999999999900 ) ;
#7027 = ADVANCED_FACE ( 'NONE', ( #5630 ), #4693, .F. ) ;
#7028 = DIRECTION ( 'NONE',  ( 1.000000000000000000, -0.0000000000000000000, -0.0000000000000000000 ) ) ;
#7029 = EDGE_CURVE ( 'NONE', #3289, #332, #11011, .T. ) ;
#7030 = AXIS2_PLACEMENT_3D ( 'NONE', #1304, #7277, #2147 ) ;
#7031 = CARTESIAN_POINT ( 'NONE',  ( -1.249999999999999800, 120.0000000000000000, 0.0000000000000000000 ) ) ;
#7032 = VERTEX_POINT ( 'NONE', #2228 ) ;
#7033 = ORIENTED_EDGE ( 'NONE', *, *, #279, .T. ) ;
#7034 = AXIS2_PLACEMENT_3D ( 'NONE', #3992, #9962, #1398 ) ;
#7035 = DIRECTION ( 'NONE',  ( 0.0000000000000000000, 0.0000000000000000000, -1.000000000000000000 ) ) ;
#7036 = VECTOR ( 'NONE', #2182, 1000.000000000000000 ) ;
#7037 = CARTESIAN_POINT ( 'NONE',  ( 6.750000000000000000, 104.0000000000000100, -13.50000000000000200 ) ) ;
#7038 = LINE ( 'NONE', #6669, #2458 ) ;
#7039 = DIRECTION ( 'NONE',  ( 1.000000000000000000, -0.0000000000000000000, -0.0000000000000000000 ) ) ;
#7040 = DIRECTION ( 'NONE',  ( 0.0000000000000000000, 0.7071067811865463500, 0.7071067811865487900 ) ) ;
#7041 = DIRECTION ( 'NONE',  ( 1.000000000000000000, 0.0000000000000000000, 0.0000000000000000000 ) ) ;
#7042 = CARTESIAN_POINT ( 'NONE',  ( -1.249999999999999800, 87.51471862576143200, 8.485281374238569500 ) ) ;
#7043 = ORIENTED_EDGE ( 'NONE', *, *, #8871, .T. ) ;
#7044 = DIRECTION ( 'NONE',  ( 0.0000000000000000000, 0.0000000000000000000, -1.000000000000000000 ) ) ;
#7045 = LINE ( 'NONE', #716, #10592 ) ;
#7046 = EDGE_CURVE ( 'NONE', #5268, #10935, #8660, .T. ) ;
#7047 = CARTESIAN_POINT ( 'NONE',  ( 1.250000000000000200, 36.68629150101524100, -2.024999999999999900 ) ) ;
#7048 = CYLINDRICAL_SURFACE ( 'NONE', #7183, 2.024999999999999000 ) ;
#7049 = AXIS2_PLACEMENT_3D ( 'NONE', #4883, #3219, #4070 ) ;
#7050 = CARTESIAN_POINT ( 'NONE',  ( 5.843279076974506900E-015, 192.0000000000000000, -16.00000000000000000 ) ) ;
#7051 = DIRECTION ( 'NONE',  ( 3.652049423109066300E-016, -0.0000000000000000000, -1.000000000000000000 ) ) ;
#7052 = DIRECTION ( 'NONE',  ( 0.0000000000000000000, 0.0000000000000000000, -1.000000000000000000 ) ) ;
#7053 = ORIENTED_EDGE ( 'NONE', *, *, #9431, .T. ) ;
#7054 = VERTEX_POINT ( 'NONE', #3976 ) ;
#7055 = PERSON_AND_ORGANIZATION_ROLE ( 'creator' ) ;
#7056 = VECTOR ( 'NONE', #8204, 1000.000000000000000 ) ;
#7057 = DIRECTION ( 'NONE',  ( 1.000000000000000000, -0.0000000000000000000, -0.0000000000000000000 ) ) ;
#7058 = VECTOR ( 'NONE', #6142, 1000.000000000000000 ) ;
#7059 = DIRECTION ( 'NONE',  ( 0.0000000000000000000, -1.000000000000000000, 0.0000000000000000000 ) ) ;
#7060 = EDGE_LOOP ( 'NONE', ( #10897, #9528, #7635, #5525 ) ) ;
#7061 = EDGE_LOOP ( 'NONE', ( #398, #108, #349, #8310 ) ) ;
#7062 = DIRECTION ( 'NONE',  ( 1.000000000000000000, -0.0000000000000000000, 0.0000000000000000000 ) ) ;
#7063 = LINE ( 'NONE', #8608, #5599 ) ;
#7064 = EDGE_CURVE ( 'NONE', #6960, #1117, #10385, .T. ) ;
#7065 = DIRECTION ( 'NONE',  ( 0.0000000000000000000, 0.0000000000000000000, -1.000000000000000000 ) ) ;
#7066 = LINE ( 'NONE', #6580, #6273 ) ;
#7067 = DIRECTION ( 'NONE',  ( 0.0000000000000000000, -1.000000000000000000, 0.0000000000000000000 ) ) ;
#7068 = DIRECTION ( 'NONE',  ( 1.000000000000000000, -0.0000000000000000000, 0.0000000000000000000 ) ) ;
#7069 = ORIENTED_EDGE ( 'NONE', *, *, #2798, .T. ) ;
#7070 = ORIENTED_EDGE ( 'NONE', *, *, #639, .F. ) ;
#7071 = DIRECTION ( 'NONE',  ( -1.000000000000000000, 0.0000000000000000000, 0.0000000000000000000 ) ) ;
#7072 = AXIS2_PLACEMENT_3D ( 'NONE', #5161, #7681, #5241 ) ;
#7073 = DIRECTION ( 'NONE',  ( 1.000000000000000000, -0.0000000000000000000, 0.0000000000000000000 ) ) ;
#7074 = VECTOR ( 'NONE', #3015, 1000.000000000000000 ) ;
#7075 = CARTESIAN_POINT ( 'NONE',  ( 4.725000000000003200, 32.00000000000000700, -15.99999999999999600 ) ) ;
#7076 = DIRECTION ( 'NONE',  ( 0.0000000000000000000, 0.0000000000000000000, -1.000000000000000000 ) ) ;
#7077 = DIRECTION ( 'NONE',  ( -1.826024711554532900E-016, 0.0000000000000000000, 1.000000000000000000 ) ) ;
#7078 = CIRCLE ( 'NONE', #1499, 2.024999999999990100 ) ;
#7079 = CARTESIAN_POINT ( 'NONE',  ( 6.750000000000000900, 40.00000000000000700, -15.99999999999999600 ) ) ;
#7080 = ADVANCED_FACE ( 'NONE', ( #3323 ), #541, .F. ) ;
#7081 = AXIS2_PLACEMENT_3D ( 'NONE', #10374, #7678, #2183 ) ;
#7082 = CARTESIAN_POINT ( 'NONE',  ( -1.249999999999999800, 55.99999999999999300, 5.975000000000009400 ) ) ;
#7083 = ORIENTED_EDGE ( 'NONE', *, *, #10541, .F. ) ;
#7084 = ORIENTED_EDGE ( 'NONE', *, *, #6416, .F. ) ;
#7085 = VECTOR ( 'NONE', #110, 1000.000000000000000 ) ;
#7086 = EDGE_CURVE ( 'NONE', #236, #5090, #10513, .T. ) ;
#7087 = ORIENTED_EDGE ( 'NONE', *, *, #5855, .T. ) ;
#7088 = DIRECTION ( 'NONE',  ( 1.000000000000000000, -0.0000000000000000000, -0.0000000000000000000 ) ) ;
#7089 = LINE ( 'NONE', #10295, #666 ) ;
#7090 = CIRCLE ( 'NONE', #7034, 2.024999999999998100 ) ;
#7091 = ORIENTED_EDGE ( 'NONE', *, *, #5293, .F. ) ;
#7092 = PERSON_AND_ORGANIZATION_ROLE ( 'classification_officer' ) ;
#7093 = PLANE ( 'NONE',  #1105 ) ;
#7094 = ORIENTED_EDGE ( 'NONE', *, *, #2066, .T. ) ;
#7095 = ORIENTED_EDGE ( 'NONE', *, *, #4781, .F. ) ;
#7096 = CARTESIAN_POINT ( 'NONE',  ( -1.249999999999999800, 153.4318912319027700, -6.568108768097234300 ) ) ;
#7097 = FACE_BOUND ( 'NONE', #2544, .T. ) ;
#7098 = EDGE_CURVE ( 'NONE', #3558, #9472, #5748, .T. ) ;
#7099 = AXIS2_PLACEMENT_3D ( 'NONE', #3768, #7185, #4638 ) ;
#7100 = AXIS2_PLACEMENT_3D ( 'NONE', #301, #6248, #5347 ) ;
#7101 = CARTESIAN_POINT ( 'NONE',  ( 8.774999999999998600, 40.00000000000000700, -15.99999999999999600 ) ) ;
#7102 = VECTOR ( 'NONE', #5101, 1000.000000000000000 ) ;
#7103 = ORIENTED_EDGE ( 'NONE', *, *, #595, .T. ) ;
#7104 = EDGE_CURVE ( 'NONE', #5527, #9221, #8249, .T. ) ;
#7105 = EDGE_LOOP ( 'NONE', ( #7352, #7690, #7299, #9825 ) ) ;
#7106 = ORIENTED_EDGE ( 'NONE', *, *, #1632, .T. ) ;
#7107 = FACE_BOUND ( 'NONE', #4696, .T. ) ;
#7108 = CARTESIAN_POINT ( 'NONE',  ( 6.749999999999990200, 24.00000000000000700, 13.50000000000000000 ) ) ;
#7109 = CARTESIAN_POINT ( 'NONE',  ( 1.250000000000000200, 12.68629150101524100, -2.024999999999999900 ) ) ;
#7110 = LINE ( 'NONE', #7614, #7903 ) ;
#7111 = ORIENTED_EDGE ( 'NONE', *, *, #3645, .F. ) ;
#7112 = EDGE_CURVE ( 'NONE', #8389, #3763, #10228, .T. ) ;
#7113 = EDGE_LOOP ( 'NONE', ( #10652, #99, #4110, #1355 ) ) ;
#7114 = CARTESIAN_POINT ( 'NONE',  ( 6.749999999999990200, 80.00000000000001400, 13.50000000000000000 ) ) ;
#7115 = AXIS2_PLACEMENT_3D ( 'NONE', #11, #901, #1750 ) ;
#7116 = VERTEX_POINT ( 'NONE', #821 ) ;
#7117 = DIRECTION ( 'NONE',  ( 1.000000000000000000, 0.0000000000000000000, 0.0000000000000000000 ) ) ;
#7118 = ORIENTED_EDGE ( 'NONE', *, *, #4199, .T. ) ;
#7119 = CIRCLE ( 'NONE', #3752, 2.024999999999999900 ) ;
#7120 = ORIENTED_EDGE ( 'NONE', *, *, #6512, .T. ) ;
#7121 = FACE_BOUND ( 'NONE', #6741, .T. ) ;
#7122 = CARTESIAN_POINT ( 'NONE',  ( 1.250000000000000200, 150.5681087680972300, -9.431891231902755000 ) ) ;
#7123 = VECTOR ( 'NONE', #2935, 1000.000000000000000 ) ;
#7124 = DIRECTION ( 'NONE',  ( 0.0000000000000000000, 0.0000000000000000000, -1.000000000000000000 ) ) ;
#7125 = CARTESIAN_POINT ( 'NONE',  ( 1.250000000000000200, 104.4852813742385800, -8.485281374238564200 ) ) ;
#7126 = EDGE_LOOP ( 'NONE', ( #208, #4116 ) ) ;
#7127 = EDGE_LOOP ( 'NONE', ( #5526, #3575 ) ) ;
#7128 = ORIENTED_EDGE ( 'NONE', *, *, #5945, .F. ) ;
#7129 = ORIENTED_EDGE ( 'NONE', *, *, #8609, .F. ) ;
#7130 = ORIENTED_EDGE ( 'NONE', *, *, #6268, .F. ) ;
#7131 = VECTOR ( 'NONE', #3856, 1000.000000000000000 ) ;
#7132 = FACE_OUTER_BOUND ( 'NONE', #2399, .T. ) ;
#7133 = EDGE_LOOP ( 'NONE', ( #6446, #8452, #914, #4959 ) ) ;
#7134 = CARTESIAN_POINT ( 'NONE',  ( -1.249999999999999800, 24.00000000000000000, 0.0000000000000000000 ) ) ;
#7135 = ORIENTED_EDGE ( 'NONE', *, *, #118, .T. ) ;
#7136 = ADVANCED_FACE ( 'NONE', ( #10645 ), #10021, .T. ) ;
#7137 = CARTESIAN_POINT ( 'NONE',  ( 1.250000000000000200, 31.99999999999999300, 5.975000000000009400 ) ) ;
#7138 = ORIENTED_EDGE ( 'NONE', *, *, #8496, .T. ) ;
#7139 = ORIENTED_EDGE ( 'NONE', *, *, #6007, .F. ) ;
#7140 = DIRECTION ( 'NONE',  ( 0.0000000000000000000, 0.0000000000000000000, -1.000000000000000000 ) ) ;
#7141 = FACE_OUTER_BOUND ( 'NONE', #4180, .T. ) ;
#7142 = DIRECTION ( 'NONE',  ( 0.0000000000000000000, 0.0000000000000000000, -1.000000000000000000 ) ) ;
#7143 = AXIS2_PLACEMENT_3D ( 'NONE', #10534, #3738, #6308 ) ;
#7144 = DIRECTION ( 'NONE',  ( 1.000000000000000000, -0.0000000000000000000, -0.0000000000000000000 ) ) ;
#7145 = VECTOR ( 'NONE', #10078, 1000.000000000000000 ) ;
#7146 = ORIENTED_EDGE ( 'NONE', *, *, #299, .F. ) ;
#7147 = DIRECTION ( 'NONE',  ( 1.000000000000000000, 0.0000000000000000000, 0.0000000000000000000 ) ) ;
#7148 = EDGE_CURVE ( 'NONE', #7775, #1984, #4404, .T. ) ;
#7149 = VERTEX_POINT ( 'NONE', #10093 ) ;
#7150 = VECTOR ( 'NONE', #5151, 1000.000000000000000 ) ;
#7151 = CARTESIAN_POINT ( 'NONE',  ( 1.250000000000000200, 13.43189123190279200, -13.43189123190274400 ) ) ;
#7152 = EDGE_CURVE ( 'NONE', #1824, #8332, #1076, .T. ) ;
#7153 = PLANE ( 'NONE',  #3505 ) ;
#7154 = DATE_AND_TIME ( #10578, #1783 ) ;
#7155 = ORIENTED_EDGE ( 'NONE', *, *, #7893, .T. ) ;
#7156 = CIRCLE ( 'NONE', #4609, 2.024999999999999900 ) ;
#7157 = VERTEX_POINT ( 'NONE', #4225 ) ;
#7158 = PLANE ( 'NONE',  #1537 ) ;
#7159 = CARTESIAN_POINT ( 'NONE',  ( -1.249999999999999800, 153.9171726061413500, -7.053390142335809200 ) ) ;
#7160 = ORIENTED_EDGE ( 'NONE', *, *, #4336, .F. ) ;
#7161 = CARTESIAN_POINT ( 'NONE',  ( 1.250000000000000200, 107.3137084989847800, 0.0000000000000000000 ) ) ;
#7162 = CARTESIAN_POINT ( 'NONE',  ( 1.250000000000000200, 133.4318912319026500, 13.43189123190281200 ) ) ;
#7163 = EDGE_LOOP ( 'NONE', ( #339, #10359, #188, #2036 ) ) ;
#7164 = EDGE_CURVE ( 'NONE', #632, #3087, #9049, .T. ) ;
#7165 = EDGE_LOOP ( 'NONE', ( #7257, #519, #3638, #10835 ) ) ;
#7166 = VECTOR ( 'NONE', #6220, 1000.000000000000000 ) ;
#7167 = AXIS2_PLACEMENT_3D ( 'NONE', #9274, #10937, #6822 ) ;
#7168 = APPROVAL_ROLE ( '' ) ;
#7169 = DIRECTION ( 'NONE',  ( 1.000000000000000000, -0.0000000000000000000, -0.0000000000000000000 ) ) ;
#7170 = VECTOR ( 'NONE', #10260, 1000.000000000000000 ) ;
#7171 = EDGE_CURVE ( 'NONE', #792, #8259, #6694, .T. ) ;
#7172 = PLANE ( 'NONE',  #8770 ) ;
#7173 = CARTESIAN_POINT ( 'NONE',  ( -1.249999999999999800, 104.0000000000000100, 5.975000000000009400 ) ) ;
#7174 = VERTEX_POINT ( 'NONE', #4189 ) ;
#7175 = ORIENTED_EDGE ( 'NONE', *, *, #8522, .T. ) ;
#7176 = DIRECTION ( 'NONE',  ( 0.0000000000000000000, 0.0000000000000000000, -1.000000000000000000 ) ) ;
#7177 = CIRCLE ( 'NONE', #6667, 2.024999999999997200 ) ;
#7178 = DIRECTION ( 'NONE',  ( 0.0000000000000000000, -0.7071067811865450200, 0.7071067811865500200 ) ) ;
#7179 = DIRECTION ( 'NONE',  ( -1.000000000000000000, 0.0000000000000000000, 0.0000000000000000000 ) ) ;
#7180 = CIRCLE ( 'NONE', #6404, 2.024999999999997200 ) ;
#7181 = EDGE_CURVE ( 'NONE', #9373, #2628, #5370, .T. ) ;
#7182 = DIRECTION ( 'NONE',  ( 0.0000000000000000000, 0.0000000000000000000, 1.000000000000000000 ) ) ;
#7183 = AXIS2_PLACEMENT_3D ( 'NONE', #1493, #1910, #10342 ) ;
#7184 = ORIENTED_EDGE ( 'NONE', *, *, #5728, .F. ) ;
#7185 = DIRECTION ( 'NONE',  ( 1.000000000000000000, -0.0000000000000000000, 0.0000000000000000000 ) ) ;
#7186 = CIRCLE ( 'NONE', #2478, 2.025000000000004400 ) ;
#7187 = VECTOR ( 'NONE', #9120, 1000.000000000000000 ) ;
#7188 = DIRECTION ( 'NONE',  ( 1.000000000000000000, -0.0000000000000000000, -0.0000000000000000000 ) ) ;
#7189 = DIRECTION ( 'NONE',  ( -1.000000000000000000, 0.0000000000000000000, 0.0000000000000000000 ) ) ;
#7190 = EDGE_CURVE ( 'NONE', #6731, #6867, #9580, .T. ) ;
#7191 = CARTESIAN_POINT ( 'NONE',  ( 1.250000000000000200, 106.5681087680973000, -10.56810876809726100 ) ) ;
#7192 = CARTESIAN_POINT ( 'NONE',  ( -1.249999999999999800, 59.31370849898476600, 2.024999999999999900 ) ) ;
#7193 = VERTEX_POINT ( 'NONE', #7569 ) ;
#7195 = ADVANCED_FACE ( 'NONE', ( #6552, #3066, #6012, #8137, #3984, #6436, #7345, #5882, #3604, #2001, #3733, #5076, #9842, #7603, #9295, #7097, #2393, #4810, #8791, #10763, #2521, #4941, #270, #3449 ), #3381, .F. ) ;
#7194 = ORIENTED_EDGE ( 'NONE', *, *, #9607, .T. ) ;
#7196 = EDGE_CURVE ( 'NONE', #9988, #1394, #7469, .T. ) ;
#7197 = LINE ( 'NONE', #5627, #2215 ) ;
#7198 = DIRECTION ( 'NONE',  ( 0.0000000000000000000, 0.0000000000000000000, -1.000000000000000000 ) ) ;
#7199 = CARTESIAN_POINT ( 'NONE',  ( -1.249999999999999800, 131.3137084989847700, 0.0000000000000000000 ) ) ;
#7200 = DIRECTION ( 'NONE',  ( -1.000000000000000000, 0.0000000000000000000, 0.0000000000000000000 ) ) ;
#7201 = FACE_BOUND ( 'NONE', #1749, .T. ) ;
#7202 = VERTEX_POINT ( 'NONE', #1553 ) ;
#7203 = ORIENTED_EDGE ( 'NONE', *, *, #1788, .F. ) ;
#7204 = LINE ( 'NONE', #261, #5053 ) ;
#7205 = DIRECTION ( 'NONE',  ( 1.000000000000000000, -0.0000000000000000000, -0.0000000000000000000 ) ) ;
#7206 = AXIS2_PLACEMENT_3D ( 'NONE', #9925, #4831, #3919 ) ;
#7207 = VECTOR ( 'NONE', #8165, 1000.000000000000000 ) ;
#7208 = DIRECTION ( 'NONE',  ( 0.0000000000000000000, 0.0000000000000000000, -1.000000000000000000 ) ) ;
#7209 = DIRECTION ( 'NONE',  ( 3.652049423109066300E-016, -0.0000000000000000000, -1.000000000000000000 ) ) ;
#7210 = DIRECTION ( 'NONE',  ( 0.0000000000000000000, 0.0000000000000000000, -1.000000000000000000 ) ) ;
#7211 = ORIENTED_EDGE ( 'NONE', *, *, #3503, .F. ) ;
#7212 = CARTESIAN_POINT ( 'NONE',  ( 6.749999999999989300, 136.0000000000000000, 16.00000000000000400 ) ) ;
#7213 = ORIENTED_EDGE ( 'NONE', *, *, #16, .F. ) ;
#7214 = EDGE_CURVE ( 'NONE', #5490, #3650, #1584, .T. ) ;
#7215 = LINE ( 'NONE', #2307, #10505 ) ;
#7216 = DIRECTION ( 'NONE',  ( 0.0000000000000000000, -1.000000000000000000, 0.0000000000000000000 ) ) ;
#7217 = LINE ( 'NONE', #395, #7462 ) ;
#7218 = DIRECTION ( 'NONE',  ( 3.652049423109066300E-016, 0.0000000000000000000, -1.000000000000000000 ) ) ;
#7219 = CYLINDRICAL_SURFACE ( 'NONE', #3207, 2.025000000000002600 ) ;
#7220 = CARTESIAN_POINT ( 'NONE',  ( 4.724999999999991700, 8.000000000000007100, 16.00000000000000400 ) ) ;
#7221 = ORIENTED_EDGE ( 'NONE', *, *, #1, .F. ) ;
#7222 = AXIS2_PLACEMENT_3D ( 'NONE', #9428, #2523, #6954 ) ;
#7223 = DIRECTION ( 'NONE',  ( 0.0000000000000000000, 0.0000000000000000000, -1.000000000000000000 ) ) ;
#7224 = VERTEX_POINT ( 'NONE', #3492 ) ;
#7225 = CARTESIAN_POINT ( 'NONE',  ( -1.249999999999999800, 128.0000000000000000, 5.975000000000009400 ) ) ;
#7226 = CIRCLE ( 'NONE', #3689, 2.024999999999990100 ) ;
#7227 = CARTESIAN_POINT ( 'NONE',  ( -1.249999999999999800, 106.5681087680974700, 10.56810876809731100 ) ) ;
#7228 = CIRCLE ( 'NONE', #3395, 2.024999999999997200 ) ;
#7229 = EDGE_CURVE ( 'NONE', #835, #562, #5492, .T. ) ;
#7230 = LINE ( 'NONE', #8212, #2255 ) ;
#7231 = AXIS2_PLACEMENT_3D ( 'NONE', #6507, #10696, #9879 ) ;
#7232 = ORIENTED_EDGE ( 'NONE', *, *, #2196, .F. ) ;
#7233 = CARTESIAN_POINT ( 'NONE',  ( 8.774999999999987900, 120.0000000000000300, 16.00000000000000400 ) ) ;
#7234 = PLANE ( 'NONE',  #2135 ) ;
#7235 = EDGE_CURVE ( 'NONE', #4452, #1241, #9034, .T. ) ;
#7236 = ORIENTED_EDGE ( 'NONE', *, *, #3561, .T. ) ;
#7237 = DIRECTION ( 'NONE',  ( 0.0000000000000000000, -0.7071067811865487900, 0.7071067811865463500 ) ) ;
#7238 = ORIENTED_EDGE ( 'NONE', *, *, #8496, .F. ) ;
#7239 = VECTOR ( 'NONE', #6413, 1000.000000000000000 ) ;
#7240 = DIRECTION ( 'NONE',  ( 1.000000000000000000, -0.0000000000000000000, -0.0000000000000000000 ) ) ;
#7241 = LINE ( 'NONE', #5568, #9186 ) ;
#7242 = DIRECTION ( 'NONE',  ( 0.0000000000000000000, 0.0000000000000000000, -1.000000000000000000 ) ) ;
#7243 = EDGE_CURVE ( 'NONE', #2893, #4805, #1064, .T. ) ;
#7244 = AXIS2_PLACEMENT_3D ( 'NONE', #8894, #320, #5470 ) ;
#7245 = ORIENTED_EDGE ( 'NONE', *, *, #10895, .F. ) ;
#7246 = AXIS2_PLACEMENT_3D ( 'NONE', #6202, #5379, #8648 ) ;
#7247 = CYLINDRICAL_SURFACE ( 'NONE', #5493, 2.024999999999998100 ) ;
#7248 = DIRECTION ( 'NONE',  ( 0.0000000000000000000, 0.0000000000000000000, -1.000000000000000000 ) ) ;
#7249 = ADVANCED_FACE ( 'NONE', ( #3057 ), #6010, .T. ) ;
#7250 = CARTESIAN_POINT ( 'NONE',  ( -1.249999999999999800, 120.0000000000000000, 0.0000000000000000000 ) ) ;
#7251 = FACE_OUTER_BOUND ( 'NONE', #10443, .T. ) ;
#7252 = CARTESIAN_POINT ( 'NONE',  ( 1.250000000000000200, 10.56810876809746200, 10.56810876809731100 ) ) ;
#7253 = EDGE_LOOP ( 'NONE', ( #9089, #10082, #9430, #10642, #8213 ) ) ;
#7254 = ORIENTED_EDGE ( 'NONE', *, *, #3540, .F. ) ;
#7255 = ORIENTED_EDGE ( 'NONE', *, *, #3024, .F. ) ;
#7256 = DIRECTION ( 'NONE',  ( 1.000000000000000000, -0.0000000000000000000, -0.0000000000000000000 ) ) ;
#7257 = ORIENTED_EDGE ( 'NONE', *, *, #3849, .F. ) ;
#7258 = FACE_BOUND ( 'NONE', #6859, .T. ) ;
#7259 = EDGE_CURVE ( 'NONE', #6179, #9779, #3594, .T. ) ;
#7260 = LINE ( 'NONE', #7998, #5104 ) ;
#7261 = AXIS2_PLACEMENT_3D ( 'NONE', #2003, #4594, #266 ) ;
#7262 = ORIENTED_EDGE ( 'NONE', *, *, #790, .T. ) ;
#7263 = EDGE_LOOP ( 'NONE', ( #5110, #7778, #1350, #8937 ) ) ;
#7264 = ORIENTED_EDGE ( 'NONE', *, *, #7361, .F. ) ;
#7265 = DIRECTION ( 'NONE',  ( 0.0000000000000000000, 0.0000000000000000000, -1.000000000000000000 ) ) ;
#7266 = ORIENTED_EDGE ( 'NONE', *, *, #258, .T. ) ;
#7267 = CIRCLE ( 'NONE', #9300, 2.024999999999997200 ) ;
#7268 = VERTEX_POINT ( 'NONE', #5280 ) ;
#7269 = ORIENTED_EDGE ( 'NONE', *, *, #2710, .T. ) ;
#7270 = CARTESIAN_POINT ( 'NONE',  ( 8.774999999999987900, 88.00000000000002800, 16.00000000000000400 ) ) ;
#7271 = VERTEX_POINT ( 'NONE', #6992 ) ;
#7272 = EDGE_CURVE ( 'NONE', #602, #9442, #132, .T. ) ;
#7273 = COORDINATED_UNIVERSAL_TIME_OFFSET ( 6, 0, .BEHIND. ) ;
#7274 = CARTESIAN_POINT ( 'NONE',  ( 1.250000000000000200, 11.31370849898475900, -2.024999999999999900 ) ) ;
#7275 = LINE ( 'NONE', #9907, #472 ) ;
#7276 = ORIENTED_EDGE ( 'NONE', *, *, #4846, .T. ) ;
#7277 = DIRECTION ( 'NONE',  ( 3.652049423109066300E-016, 0.0000000000000000000, -1.000000000000000000 ) ) ;
#7278 = EDGE_LOOP ( 'NONE', ( #2152, #8804, #10760, #4134 ) ) ;
#7279 = AXIS2_PLACEMENT_3D ( 'NONE', #3617, #9549, #10456 ) ;
#7280 = ORIENTED_EDGE ( 'NONE', *, *, #3467, .F. ) ;
#7281 = DIRECTION ( 'NONE',  ( 0.0000000000000000000, 0.7071067811865463500, 0.7071067811865487900 ) ) ;
#7282 = VECTOR ( 'NONE', #5961, 1000.000000000000000 ) ;
#7283 = ORIENTED_EDGE ( 'NONE', *, *, #9111, .T. ) ;
#7284 = LINE ( 'NONE', #7225, #1396 ) ;
#7285 = AXIS2_PLACEMENT_3D ( 'NONE', #9398, #5128, #4362 ) ;
#7286 = DIRECTION ( 'NONE',  ( 0.0000000000000000000, 0.0000000000000000000, -1.000000000000000000 ) ) ;
#7287 = CARTESIAN_POINT ( 'NONE',  ( -1.249999999999999800, 106.5681087680972900, 10.56810876809721700 ) ) ;
#7288 = EDGE_CURVE ( 'NONE', #4535, #1730, #2658, .T. ) ;
#7289 = EDGE_LOOP ( 'NONE', ( #2803, #3786 ) ) ;
#7290 = DIRECTION ( 'NONE',  ( 0.0000000000000000000, 0.7071067811865463500, 0.7071067811865487900 ) ) ;
#7291 = DIRECTION ( 'NONE',  ( 1.826024711554532900E-016, -0.0000000000000000000, 1.000000000000000000 ) ) ;
#7292 = VERTEX_POINT ( 'NONE', #6053 ) ;
#7293 = LINE ( 'NONE', #8015, #2197 ) ;
#7294 = ADVANCED_FACE ( 'NONE', ( #9567 ), #9352, .T. ) ;
#7295 = DIRECTION ( 'NONE',  ( 0.0000000000000000000, -1.370645709413775300E-014, -1.000000000000000000 ) ) ;
#7296 = FACE_OUTER_BOUND ( 'NONE', #4193, .T. ) ;
#7297 = EDGE_CURVE ( 'NONE', #6497, #6960, #8646, .T. ) ;
#7298 = AXIS2_PLACEMENT_3D ( 'NONE', #9045, #8133, #10779 ) ;
#7299 = ORIENTED_EDGE ( 'NONE', *, *, #4074, .F. ) ;
#7300 = ORIENTED_EDGE ( 'NONE', *, *, #499, .T. ) ;
#7301 = AXIS2_PLACEMENT_3D ( 'NONE', #3150, #10655, #3957 ) ;
#7302 = DIRECTION ( 'NONE',  ( 3.652049423109066300E-016, -0.0000000000000000000, -1.000000000000000000 ) ) ;
#7303 = FACE_OUTER_BOUND ( 'NONE', #3990, .T. ) ;
#7304 = EDGE_CURVE ( 'NONE', #2853, #8168, #3313, .T. ) ;
#7305 = CIRCLE ( 'NONE', #8088, 2.024999999999998100 ) ;
#7306 = DIRECTION ( 'NONE',  ( 3.652049423109066300E-016, 0.0000000000000000000, -1.000000000000000000 ) ) ;
#7307 = CARTESIAN_POINT ( 'NONE',  ( -1.249999999999999800, 129.4318912319027700, -6.568108768097234300 ) ) ;
#7308 = DIRECTION ( 'NONE',  ( -1.000000000000000000, 0.0000000000000000000, 0.0000000000000000000 ) ) ;
#7309 = ORIENTED_EDGE ( 'NONE', *, *, #1284, .T. ) ;
#7310 = VERTEX_POINT ( 'NONE', #10293 ) ;
#7311 = CARTESIAN_POINT ( 'NONE',  ( -1.249999999999999800, 128.0000000000000000, -7.999999999999994700 ) ) ;
#7312 = CYLINDRICAL_SURFACE ( 'NONE', #3270, 2.024999999999998100 ) ;
#7313 = EDGE_CURVE ( 'NONE', #10689, #10196, #6949, .T. ) ;
#7314 = CIRCLE ( 'NONE', #463, 2.024999999999998100 ) ;
#7315 = AXIS2_PLACEMENT_3D ( 'NONE', #8567, #3579, #1830 ) ;
#7316 = DIRECTION ( 'NONE',  ( 1.000000000000000000, -0.0000000000000000000, -0.0000000000000000000 ) ) ;
#7317 = EDGE_LOOP ( 'NONE', ( #5771, #8377, #5752, #52 ) ) ;
#7318 = DIRECTION ( 'NONE',  ( -1.000000000000000000, 0.0000000000000000000, 0.0000000000000000000 ) ) ;
#7319 = ORIENTED_EDGE ( 'NONE', *, *, #6172, .T. ) ;
#7320 = CIRCLE ( 'NONE', #10542, 2.024999999999990100 ) ;
#7321 = CARTESIAN_POINT ( 'NONE',  ( 1.250000000000000200, 168.0000000000000000, -6.999999999999999100 ) ) ;
#7322 = EDGE_CURVE ( 'NONE', #5976, #6408, #4681, .T. ) ;
#7323 = DIRECTION ( 'NONE',  ( 3.652049423109066300E-016, -0.0000000000000000000, -1.000000000000000000 ) ) ;
#7324 = FACE_BOUND ( 'NONE', #7668, .T. ) ;
#7325 = EDGE_CURVE ( 'NONE', #55, #5419, #419, .T. ) ;
#7326 = CARTESIAN_POINT ( 'NONE',  ( 8.774999999999987900, 136.0000000000000000, 13.50000000000000000 ) ) ;
#7327 = ORIENTED_EDGE ( 'NONE', *, *, #4660, .T. ) ;
#7328 = ORIENTED_EDGE ( 'NONE', *, *, #6875, .T. ) ;
#7329 = VECTOR ( 'NONE', #2665, 1000.000000000000000 ) ;
#7330 = FACE_OUTER_BOUND ( 'NONE', #3864, .T. ) ;
#7331 = ORIENTED_EDGE ( 'NONE', *, *, #5052, .F. ) ;
#7332 = ORIENTED_EDGE ( 'NONE', *, *, #9268, .T. ) ;
#7333 = DIRECTION ( 'NONE',  ( 3.652049423109066300E-016, -0.0000000000000000000, -1.000000000000000000 ) ) ;
#7334 = CIRCLE ( 'NONE', #6559, 2.024999999999998100 ) ;
#7335 = ORIENTED_EDGE ( 'NONE', *, *, #7483, .F. ) ;
#7336 = AXIS2_PLACEMENT_3D ( 'NONE', #8033, #371, #2028 ) ;
#7337 = LINE ( 'NONE', #4120, #1858 ) ;
#7338 = FACE_OUTER_BOUND ( 'NONE', #5185, .T. ) ;
#7339 = ADVANCED_FACE ( 'NONE', ( #4105 ), #929, .F. ) ;
#7340 = CARTESIAN_POINT ( 'NONE',  ( 1.250000000000000200, 192.0000000000000000, -13.50000000000000200 ) ) ;
#7341 = VERTEX_POINT ( 'NONE', #150 ) ;
#7342 = EDGE_CURVE ( 'NONE', #8722, #3574, #4798, .T. ) ;
#7343 = VERTEX_POINT ( 'NONE', #9659 ) ;
#7344 = VERTEX_POINT ( 'NONE', #5430 ) ;
#7345 = FACE_BOUND ( 'NONE', #9573, .T. ) ;
#7346 = CARTESIAN_POINT ( 'NONE',  ( 8.774999999999987900, 64.00000000000000000, 16.00000000000000400 ) ) ;
#7347 = CYLINDRICAL_SURFACE ( 'NONE', #5594, 2.024999999999998100 ) ;
#7348 = EDGE_LOOP ( 'NONE', ( #10442, #6560, #9035, #1503 ) ) ;
#7349 = DIRECTION ( 'NONE',  ( 1.000000000000000000, -0.0000000000000000000, -0.0000000000000000000 ) ) ;
#7350 = ADVANCED_FACE ( 'NONE', ( #8379 ), #4391, .F. ) ;
#7351 = CARTESIAN_POINT ( 'NONE',  ( 8.774999999999987900, 128.0000000000000000, 13.50000000000000000 ) ) ;
#7352 = ORIENTED_EDGE ( 'NONE', *, *, #9785, .T. ) ;
#7353 = DIRECTION ( 'NONE',  ( 1.000000000000000000, -0.0000000000000000000, -0.0000000000000000000 ) ) ;
#7354 = EDGE_LOOP ( 'NONE', ( #6761, #5472, #8543, #7449 ) ) ;
#7355 = CIRCLE ( 'NONE', #7548, 2.024999999999997200 ) ;
#7356 = EDGE_CURVE ( 'NONE', #5527, #4535, #2507, .T. ) ;
#7357 = VERTEX_POINT ( 'NONE', #5397 ) ;
#7358 = DIRECTION ( 'NONE',  ( 0.0000000000000000000, 0.0000000000000000000, -1.000000000000000000 ) ) ;
#7359 = VECTOR ( 'NONE', #5204, 1000.000000000000100 ) ;
#7360 = DIRECTION ( 'NONE',  ( 3.652049423109066300E-016, -0.0000000000000000000, -1.000000000000000000 ) ) ;
#7361 = EDGE_CURVE ( 'NONE', #2096, #9510, #9423, .T. ) ;
#7362 = ORIENTED_EDGE ( 'NONE', *, *, #10576, .F. ) ;
#7363 = ORIENTED_EDGE ( 'NONE', *, *, #4107, .F. ) ;
#7364 = ORIENTED_EDGE ( 'NONE', *, *, #3082, .F. ) ;
#7365 = ORIENTED_EDGE ( 'NONE', *, *, #10767, .T. ) ;
#7366 = FACE_OUTER_BOUND ( 'NONE', #6434, .T. ) ;
#7367 = CIRCLE ( 'NONE', #501, 2.025000000000004400 ) ;
#7368 = EDGE_CURVE ( 'NONE', #332, #3289, #7334, .T. ) ;
#7369 = AXIS2_PLACEMENT_3D ( 'NONE', #1580, #10080, #5919 ) ;
#7370 = VERTEX_POINT ( 'NONE', #10413 ) ;
#7371 = AXIS2_PLACEMENT_3D ( 'NONE', #6539, #5652, #8161 ) ;
#7372 = CARTESIAN_POINT ( 'NONE',  ( 1.250000000000000200, 129.4318912319027400, 6.568108768097250300 ) ) ;
#7373 = CARTESIAN_POINT ( 'NONE',  ( 6.749999999999989300, 136.0000000000000000, 16.00000000000000400 ) ) ;
#7374 = ORIENTED_EDGE ( 'NONE', *, *, #8261, .F. ) ;
#7375 = ORIENTED_EDGE ( 'NONE', *, *, #1759, .T. ) ;
#7376 = DIRECTION ( 'NONE',  ( 1.000000000000000000, -0.0000000000000000000, -0.0000000000000000000 ) ) ;
#7377 = ORIENTED_EDGE ( 'NONE', *, *, #6640, .F. ) ;
#7378 = VERTEX_POINT ( 'NONE', #8711 ) ;
#7379 = CYLINDRICAL_SURFACE ( 'NONE', #9858, 2.024999999999998100 ) ;
#7380 = CARTESIAN_POINT ( 'NONE',  ( 1.250000000000000200, 135.5147186257614200, -10.51028137423856600 ) ) ;
#7381 = VECTOR ( 'NONE', #7188, 1000.000000000000000 ) ;
#7382 = EDGE_CURVE ( 'NONE', #3676, #5723, #2381, .T. ) ;
#7383 = CARTESIAN_POINT ( 'NONE',  ( 1.250000000000000200, 87.51471862576144600, -10.51028137423856600 ) ) ;
#7384 = ORIENTED_EDGE ( 'NONE', *, *, #10330, .T. ) ;
#7385 = CARTESIAN_POINT ( 'NONE',  ( 1.250000000000000200, 63.51471862576143900, -8.485281374238566000 ) ) ;
#7386 = ORIENTED_EDGE ( 'NONE', *, *, #2202, .F. ) ;
#7387 = ORIENTED_EDGE ( 'NONE', *, *, #8729, .T. ) ;
#7388 = EDGE_CURVE ( 'NONE', #3916, #5402, #9958, .T. ) ;
#7389 = ORIENTED_EDGE ( 'NONE', *, *, #7104, .F. ) ;
#7390 = DIRECTION ( 'NONE',  ( 1.000000000000000000, -0.0000000000000000000, 0.0000000000000000000 ) ) ;
#7391 = AXIS2_PLACEMENT_3D ( 'NONE', #1191, #9583, #7976 ) ;
#7392 = CIRCLE ( 'NONE', #3321, 2.024999999999990100 ) ;
#7393 = CARTESIAN_POINT ( 'NONE',  ( -1.249999999999999800, 111.5147186257614300, 8.485281374238569500 ) ) ;
#7394 = FACE_OUTER_BOUND ( 'NONE', #129, .T. ) ;
#7395 = ORIENTED_EDGE ( 'NONE', *, *, #875, .F. ) ;
#7396 = ADVANCED_FACE ( 'NONE', ( #6799 ), #5212, .F. ) ;
#7397 = DIRECTION ( 'NONE',  ( 1.000000000000000000, -0.0000000000000000000, 0.0000000000000000000 ) ) ;
#7398 = CARTESIAN_POINT ( 'NONE',  ( 6.750000000000000900, 120.0000000000000300, -15.99999999999999600 ) ) ;
#7399 = ORIENTED_EDGE ( 'NONE', *, *, #6246, .T. ) ;
#7400 = AXIS2_PLACEMENT_3D ( 'NONE', #10498, #3547, #2811 ) ;
#7401 = COORDINATED_UNIVERSAL_TIME_OFFSET ( 6, 0, .BEHIND. ) ;
#7402 = EDGE_LOOP ( 'NONE', ( #4978, #10503, #9342, #2087 ) ) ;
#7403 = DIRECTION ( 'NONE',  ( 0.0000000000000000000, -0.7071067811865487900, -0.7071067811865463500 ) ) ;
#7404 = CARTESIAN_POINT ( 'NONE',  ( 4.725000000000003200, 72.00000000000001400, -15.99999999999999600 ) ) ;
#7405 = CYLINDRICAL_SURFACE ( 'NONE', #8425, 2.024999999999998100 ) ;
#7406 = ORIENTED_EDGE ( 'NONE', *, *, #4343, .F. ) ;
#7407 = ADVANCED_FACE ( 'NONE', ( #2122 ), #9169, .F. ) ;
#7408 = DIRECTION ( 'NONE',  ( 0.0000000000000000000, 0.0000000000000000000, -1.000000000000000000 ) ) ;
#7409 = EDGE_CURVE ( 'NONE', #9221, #1730, #7592, .T. ) ;
#7410 = VERTEX_POINT ( 'NONE', #9621 ) ;
#7411 = ORIENTED_EDGE ( 'NONE', *, *, #10245, .T. ) ;
#7412 = DIRECTION ( 'NONE',  ( -1.000000000000000000, 0.0000000000000000000, 0.0000000000000000000 ) ) ;
#7413 = LINE ( 'NONE', #491, #9367 ) ;
#7414 = DIRECTION ( 'NONE',  ( 1.000000000000000000, -0.0000000000000000000, -0.0000000000000000000 ) ) ;
#7415 = CYLINDRICAL_SURFACE ( 'NONE', #2498, 2.024999999999998100 ) ;
#7416 = DIRECTION ( 'NONE',  ( 0.0000000000000000000, 0.0000000000000000000, -1.000000000000000000 ) ) ;
#7417 = AXIS2_PLACEMENT_3D ( 'NONE', #1659, #8398, #3293 ) ;
#7418 = ORIENTED_EDGE ( 'NONE', *, *, #3418, .F. ) ;
#7419 = EDGE_LOOP ( 'NONE', ( #1998, #1041, #8869, #754 ) ) ;
#7420 = CARTESIAN_POINT ( 'NONE',  ( -1.249999999999999800, 64.00000000000000000, -7.999999999999996400 ) ) ;
#7421 = CYLINDRICAL_SURFACE ( 'NONE', #721, 2.024999999999998100 ) ;
#7422 = AXIS2_PLACEMENT_3D ( 'NONE', #9311, #7707, #1777 ) ;
#7423 = LINE ( 'NONE', #2991, #1161 ) ;
#7424 = EDGE_CURVE ( 'NONE', #8421, #771, #7226, .T. ) ;
#7425 = DIRECTION ( 'NONE',  ( -1.000000000000000000, 0.0000000000000000000, 0.0000000000000000000 ) ) ;
#7426 = VERTEX_POINT ( 'NONE', #1895 ) ;
#7427 = ORIENTED_EDGE ( 'NONE', *, *, #6416, .T. ) ;
#7428 = VECTOR ( 'NONE', #10029, 1000.000000000000000 ) ;
#7429 = DIRECTION ( 'NONE',  ( -1.000000000000000000, 0.0000000000000000000, 0.0000000000000000000 ) ) ;
#7430 = DIRECTION ( 'NONE',  ( 0.0000000000000000000, -0.7071067811865487900, 0.7071067811865463500 ) ) ;
#7431 = CYLINDRICAL_SURFACE ( 'NONE', #1436, 2.024999999999999900 ) ;
#7432 = EDGE_CURVE ( 'NONE', #2170, #3106, #4534, .T. ) ;
#7433 = AXIS2_PLACEMENT_3D ( 'NONE', #3309, #9394, #1745 ) ;
#7434 = AXIS2_PLACEMENT_3D ( 'NONE', #6396, #10552, #3749 ) ;
#7435 = DIRECTION ( 'NONE',  ( 0.0000000000000000000, 0.0000000000000000000, -1.000000000000000000 ) ) ;
#7436 = ORIENTED_EDGE ( 'NONE', *, *, #4654, .F. ) ;
#7437 = CARTESIAN_POINT ( 'NONE',  ( 1.250000000000000200, 54.56810876809724000, -9.431891231902755000 ) ) ;
#7438 = EDGE_LOOP ( 'NONE', ( #4807, #7662, #4626, #4665 ) ) ;
#7439 = EDGE_CURVE ( 'NONE', #4983, #5378, #10881, .T. ) ;
#7440 = ORIENTED_EDGE ( 'NONE', *, *, #7288, .T. ) ;
#7441 = FACE_OUTER_BOUND ( 'NONE', #2251, .T. ) ;
#7442 = DIRECTION ( 'NONE',  ( 1.000000000000000000, -0.0000000000000000000, 0.0000000000000000000 ) ) ;
#7443 = LINE ( 'NONE', #2409, #5982 ) ;
#7444 = CARTESIAN_POINT ( 'NONE',  ( -1.249999999999999800, 96.00000000000000000, 2.024999999999999900 ) ) ;
#7445 = CARTESIAN_POINT ( 'NONE',  ( -1.249999999999999800, 174.5681087680972600, 9.431891231902756800 ) ) ;
#7446 = ADVANCED_FACE ( 'NONE', ( #5871 ), #3186, .F. ) ;
#7447 = CARTESIAN_POINT ( 'NONE',  ( 6.750000000000000900, 160.0000000000000000, -15.99999999999999600 ) ) ;
#7448 = ORIENTED_EDGE ( 'NONE', *, *, #7018, .T. ) ;
#7449 = ORIENTED_EDGE ( 'NONE', *, *, #4433, .T. ) ;
#7450 = EDGE_CURVE ( 'NONE', #6948, #8116, #2940, .T. ) ;
#7451 = LINE ( 'NONE', #4506, #7987 ) ;
#7452 = AXIS2_PLACEMENT_3D ( 'NONE', #5927, #2473, #6824 ) ;
#7453 = VECTOR ( 'NONE', #637, 1000.000000000000000 ) ;
#7454 = CARTESIAN_POINT ( 'NONE',  ( 6.749999999999989300, 128.0000000000000000, 16.00000000000000400 ) ) ;
#7455 = VERTEX_POINT ( 'NONE', #9737 ) ;
#7457 = ADVANCED_FACE ( 'NONE', ( #5061 ), #6151, .F. ) ;
#7456 = ORIENTED_EDGE ( 'NONE', *, *, #8865, .T. ) ;
#7458 = CARTESIAN_POINT ( 'NONE',  ( 1.250000000000000200, 11.31370849898475900, 0.0000000000000000000 ) ) ;
#7459 = CIRCLE ( 'NONE', #6918, 2.024999999999998100 ) ;
#7460 = ORIENTED_EDGE ( 'NONE', *, *, #7776, .F. ) ;
#7461 = CARTESIAN_POINT ( 'NONE',  ( 1.250000000000000200, 34.56810876809729600, -10.56810876809726100 ) ) ;
#7462 = VECTOR ( 'NONE', #8089, 1000.000000000000000 ) ;
#7463 = DIRECTION ( 'NONE',  ( 0.0000000000000000000, 0.0000000000000000000, -1.000000000000000000 ) ) ;
#7464 = CIRCLE ( 'NONE', #3987, 6.999999999999999100 ) ;
#7465 = DIRECTION ( 'NONE',  ( 0.0000000000000000000, 0.0000000000000000000, -1.000000000000000000 ) ) ;
#7466 = CARTESIAN_POINT ( 'NONE',  ( 4.724999999999991700, 48.00000000000000700, 16.00000000000000400 ) ) ;
#7467 = EDGE_LOOP ( 'NONE', ( #6110, #1999, #8493, #5262 ) ) ;
#7468 = ORIENTED_EDGE ( 'NONE', *, *, #10926, .T. ) ;
#7469 = CIRCLE ( 'NONE', #5044, 2.024999999999997200 ) ;
#7470 = LINE ( 'NONE', #3240, #3853 ) ;
#7471 = DIRECTION ( 'NONE',  ( 0.0000000000000000000, 0.7071067811865424700, -0.7071067811865526800 ) ) ;
#7472 = DIRECTION ( 'NONE',  ( 1.000000000000000000, -0.0000000000000000000, -0.0000000000000000000 ) ) ;
#7473 = CIRCLE ( 'NONE', #9184, 2.025000000000002600 ) ;
#7474 = EDGE_LOOP ( 'NONE', ( #1804, #1183, #1111, #10701 ) ) ;
#7475 = CARTESIAN_POINT ( 'NONE',  ( -46.75000000000000000, 184.0000000000000000, 8.000000000000019500 ) ) ;
#7476 = AXIS2_PLACEMENT_3D ( 'NONE', #3588, #7929, #3629 ) ;
#7477 = VERTEX_POINT ( 'NONE', #2945 ) ;
#7478 = CARTESIAN_POINT ( 'NONE',  ( -1.249999999999999800, 12.68629150101524100, 2.024999999999999900 ) ) ;
#7479 = FACE_BOUND ( 'NONE', #7105, .T. ) ;
#7480 = CYLINDRICAL_SURFACE ( 'NONE', #8264, 2.025000000000000800 ) ;
#7481 = EDGE_CURVE ( 'NONE', #3118, #10793, #10083, .T. ) ;
#7482 = CARTESIAN_POINT ( 'NONE',  ( -1.249999999999999800, 134.0828273938586500, 7.053390142335816300 ) ) ;
#7483 = EDGE_CURVE ( 'NONE', #1283, #5222, #1329, .T. ) ;
#7484 = CARTESIAN_POINT ( 'NONE',  ( -1.249999999999999800, 57.43189123190276000, -6.568108768097234300 ) ) ;
#7485 = ORIENTED_EDGE ( 'NONE', *, *, #2739, .F. ) ;
#7486 = ORIENTED_EDGE ( 'NONE', *, *, #9821, .T. ) ;
#7487 = VECTOR ( 'NONE', #8354, 1000.000000000000000 ) ;
#7488 = VERTEX_POINT ( 'NONE', #8888 ) ;
#7489 = CIRCLE ( 'NONE', #9746, 2.024999999999998100 ) ;
#7490 = CIRCLE ( 'NONE', #5452, 2.024999999999990100 ) ;
#7491 = CARTESIAN_POINT ( 'NONE',  ( -1.249999999999999800, 136.0000000000000000, 8.000000000000000000 ) ) ;
#7492 = DIRECTION ( 'NONE',  ( -1.000000000000000000, 0.0000000000000000000, 0.0000000000000000000 ) ) ;
#7493 = CARTESIAN_POINT ( 'NONE',  ( 6.750000000000000900, 152.0000000000000300, -15.99999999999999600 ) ) ;
#7494 = ORIENTED_EDGE ( 'NONE', *, *, #3489, .T. ) ;
#7495 = ORIENTED_EDGE ( 'NONE', *, *, #9208, .F. ) ;
#7496 = EDGE_CURVE ( 'NONE', #884, #10050, #5358, .T. ) ;
#7497 = AXIS2_PLACEMENT_3D ( 'NONE', #550, #3995, #2358 ) ;
#7498 = CARTESIAN_POINT ( 'NONE',  ( 1.250000000000000200, 48.00000000000000000, 2.024999999999999900 ) ) ;
#7499 = VERTEX_POINT ( 'NONE', #4928 ) ;
#7500 = ADVANCED_FACE ( 'NONE', ( #1844 ), #10627, .F. ) ;
#7501 = VERTEX_POINT ( 'NONE', #1854 ) ;
#7502 = AXIS2_PLACEMENT_3D ( 'NONE', #2593, #7634, #6784 ) ;
#7503 = DIRECTION ( 'NONE',  ( 1.000000000000000000, -0.0000000000000000000, 0.0000000000000000000 ) ) ;
#7504 = ORIENTED_EDGE ( 'NONE', *, *, #629, .T. ) ;
#7505 = CARTESIAN_POINT ( 'NONE',  ( 1.250000000000000200, 82.56810876809747400, 10.56810876809731100 ) ) ;
#7506 = CARTESIAN_POINT ( 'NONE',  ( 8.774999999999998600, 16.00000000000000700, -15.99999999999999600 ) ) ;
#7507 = CIRCLE ( 'NONE', #1542, 2.024999999999998100 ) ;
#7508 = EDGE_CURVE ( 'NONE', #9067, #2743, #3852, .T. ) ;
#7509 = FACE_OUTER_BOUND ( 'NONE', #8976, .T. ) ;
#7510 = ORIENTED_EDGE ( 'NONE', *, *, #2005, .F. ) ;
#7511 = CARTESIAN_POINT ( 'NONE',  ( 8.774999999999998600, 32.00000000000000700, -13.50000000000000200 ) ) ;
#7512 = VERTEX_POINT ( 'NONE', #8606 ) ;
#7513 = DIRECTION ( 'NONE',  ( 0.0000000000000000000, 0.0000000000000000000, -1.000000000000000000 ) ) ;
#7514 = DIRECTION ( 'NONE',  ( 3.652049423109066300E-016, -0.0000000000000000000, -1.000000000000000000 ) ) ;
#7515 = ORIENTED_EDGE ( 'NONE', *, *, #6199, .T. ) ;
#7516 = ORIENTED_EDGE ( 'NONE', *, *, #2617, .F. ) ;
#7517 = ADVANCED_FACE ( 'NONE', ( #3842 ), #128, .T. ) ;
#7518 = DIRECTION ( 'NONE',  ( -1.000000000000000000, 0.0000000000000000000, 0.0000000000000000000 ) ) ;
#7519 = CIRCLE ( 'NONE', #8394, 2.024999999999998100 ) ;
#7520 = EDGE_CURVE ( 'NONE', #2618, #1985, #7718, .T. ) ;
#7521 =( GEOMETRIC_REPRESENTATION_CONTEXT ( 3 ) GLOBAL_UNCERTAINTY_ASSIGNED_CONTEXT ( ( #7666 ) ) GLOBAL_UNIT_ASSIGNED_CONTEXT ( ( #8844, #6208, #1112 ) ) REPRESENTATION_CONTEXT ( 'NONE', 'WORKASPACE' ) );
#7522 = CARTESIAN_POINT ( 'NONE',  ( 6.750000000000000900, 104.0000000000000100, -15.99999999999999600 ) ) ;
#7523 = VECTOR ( 'NONE', #3520, 1000.000000000000000 ) ;
#7524 = ORIENTED_EDGE ( 'NONE', *, *, #2018, .T. ) ;
#7525 = ORIENTED_EDGE ( 'NONE', *, *, #5598, .F. ) ;
#7526 = CARTESIAN_POINT ( 'NONE',  ( 8.774999999999998600, 72.00000000000001400, -15.99999999999999600 ) ) ;
#7527 = ORIENTED_EDGE ( 'NONE', *, *, #3138, .F. ) ;
#7528 = EDGE_CURVE ( 'NONE', #2573, #8145, #6419, .T. ) ;
#7529 = CARTESIAN_POINT ( 'NONE',  ( 1.250000000000000200, 14.08282739385867200, 7.053390142335810100 ) ) ;
#7530 = LINE ( 'NONE', #9611, #7660 ) ;
#7531 = LINE ( 'NONE', #4512, #8318 ) ;
#7532 = VERTEX_POINT ( 'NONE', #7082 ) ;
#7533 = EDGE_CURVE ( 'NONE', #5904, #6889, #7459, .T. ) ;
#7534 = DIRECTION ( 'NONE',  ( 1.000000000000000000, -0.0000000000000000000, 0.0000000000000000000 ) ) ;
#7535 = ORIENTED_EDGE ( 'NONE', *, *, #3645, .T. ) ;
#7536 = CARTESIAN_POINT ( 'NONE',  ( -1.249999999999999800, 136.0000000000000000, 8.000000000000000000 ) ) ;
#7537 = ORIENTED_EDGE ( 'NONE', *, *, #6619, .T. ) ;
#7538 = DIRECTION ( 'NONE',  ( 0.0000000000000000000, 0.7071067811865469100, 0.7071067811865482400 ) ) ;
#7539 = ORIENTED_EDGE ( 'NONE', *, *, #4748, .F. ) ;
#7540 = CARTESIAN_POINT ( 'NONE',  ( -1.249999999999999800, 128.0000000000000000, -7.999999999999994700 ) ) ;
#7541 = CYLINDRICAL_SURFACE ( 'NONE', #3924, 2.024999999999998100 ) ;
#7542 = ORIENTED_EDGE ( 'NONE', *, *, #3489, .F. ) ;
#7543 = CARTESIAN_POINT ( 'NONE',  ( -1.249999999999999800, 87.51471862576143200, 8.485281374238569500 ) ) ;
#7544 = FACE_OUTER_BOUND ( 'NONE', #10249, .T. ) ;
#7545 = CARTESIAN_POINT ( 'NONE',  ( 1.250000000000000200, 64.00000000000000000, 8.000000000000000000 ) ) ;
#7546 = DIRECTION ( 'NONE',  ( 1.000000000000000000, -0.0000000000000000000, 0.0000000000000000000 ) ) ;
#7547 = ORIENTED_EDGE ( 'NONE', *, *, #9046, .F. ) ;
#7548 = AXIS2_PLACEMENT_3D ( 'NONE', #7847, #7925, #6967 ) ;
#7549 = ORIENTED_EDGE ( 'NONE', *, *, #6817, .F. ) ;
#7550 = DIRECTION ( 'NONE',  ( 1.000000000000000000, -0.0000000000000000000, 0.0000000000000000000 ) ) ;
#7551 = LINE ( 'NONE', #6257, #7166 ) ;
#7552 = LINE ( 'NONE', #5715, #1415 ) ;
#7553 = CARTESIAN_POINT ( 'NONE',  ( 6.749999999999989300, 168.0000000000000000, 16.00000000000000400 ) ) ;
#7554 = EDGE_CURVE ( 'NONE', #1730, #4579, #3721, .T. ) ;
#7555 = VERTEX_POINT ( 'NONE', #3551 ) ;
#7557 = ADVANCED_FACE ( 'NONE', ( #2371 ), #3176, .F. ) ;
#7556 = ORIENTED_EDGE ( 'NONE', *, *, #10065, .F. ) ;
#7558 = DIRECTION ( 'NONE',  ( 0.0000000000000000000, 0.7071067811865424700, -0.7071067811865526800 ) ) ;
#7559 = CYLINDRICAL_SURFACE ( 'NONE', #1357, 6.999999999999999100 ) ;
#7560 = CIRCLE ( 'NONE', #2235, 2.024999999999996400 ) ;
#7561 = EDGE_CURVE ( 'NONE', #9551, #2253, #1987, .T. ) ;
#7562 = ORIENTED_EDGE ( 'NONE', *, *, #2290, .F. ) ;
#7563 = VERTEX_POINT ( 'NONE', #9486 ) ;
#7564 = AXIS2_PLACEMENT_3D ( 'NONE', #5089, #3506, #10304 ) ;
#7565 = LINE ( 'NONE', #6452, #4650 ) ;
#7566 = ADVANCED_FACE ( 'NONE', ( #7996 ), #8118, .F. ) ;
#7567 = EDGE_CURVE ( 'NONE', #5392, #3075, #10749, .T. ) ;
#7568 = DIRECTION ( 'NONE',  ( -1.000000000000000000, 0.0000000000000000000, 0.0000000000000000000 ) ) ;
#7569 = CARTESIAN_POINT ( 'NONE',  ( 1.250000000000000200, 108.6862915010152500, 2.024999999999999900 ) ) ;
#7570 = LINE ( 'NONE', #4388, #7844 ) ;
#7571 = DIRECTION ( 'NONE',  ( 0.0000000000000000000, 0.7071067811865469100, 0.7071067811865482400 ) ) ;
#7572 = CARTESIAN_POINT ( 'NONE',  ( -1.249999999999999800, 153.4318912319027400, 6.568108768097250300 ) ) ;
#7573 = ORIENTED_EDGE ( 'NONE', *, *, #1255, .T. ) ;
#7574 = ORIENTED_EDGE ( 'NONE', *, *, #3259, .F. ) ;
#7575 = FACE_BOUND ( 'NONE', #9700, .T. ) ;
#7576 = EDGE_CURVE ( 'NONE', #4746, #6476, #8370, .T. ) ;
#7577 = CIRCLE ( 'NONE', #2273, 2.024999999999998100 ) ;
#7578 = AXIS2_PLACEMENT_3D ( 'NONE', #10437, #6154, #9491 ) ;
#7579 = DIRECTION ( 'NONE',  ( 1.000000000000000000, 0.0000000000000000000, 0.0000000000000000000 ) ) ;
#7580 = DIRECTION ( 'NONE',  ( 3.652049423109066300E-016, 0.0000000000000000000, -1.000000000000000000 ) ) ;
#7581 = ORIENTED_EDGE ( 'NONE', *, *, #9025, .F. ) ;
#7582 = ORIENTED_EDGE ( 'NONE', *, *, #693, .F. ) ;
#7583 = DIRECTION ( 'NONE',  ( 0.0000000000000000000, -0.7071067811865487900, -0.7071067811865463500 ) ) ;
#7584 = FACE_OUTER_BOUND ( 'NONE', #1498, .T. ) ;
#7585 = DIRECTION ( 'NONE',  ( -1.826024711554532900E-016, 0.0000000000000000000, 1.000000000000000000 ) ) ;
#7586 = CYLINDRICAL_SURFACE ( 'NONE', #6324, 2.024999999999996400 ) ;
#7587 = EDGE_CURVE ( 'NONE', #4589, #5563, #5997, .T. ) ;
#7588 = CARTESIAN_POINT ( 'NONE',  ( 4.724999999999991700, 176.0000000000000300, 16.00000000000000400 ) ) ;
#7589 = ORIENTED_EDGE ( 'NONE', *, *, #5934, .T. ) ;
#7590 = EDGE_LOOP ( 'NONE', ( #587, #3237 ) ) ;
#7591 = AXIS2_PLACEMENT_3D ( 'NONE', #9133, #1540, #4135 ) ;
#7592 = LINE ( 'NONE', #2759, #10637 ) ;
#7593 = FACE_OUTER_BOUND ( 'NONE', #3157, .T. ) ;
#7594 = VECTOR ( 'NONE', #3009, 1000.000000000000000 ) ;
#7595 = ORIENTED_EDGE ( 'NONE', *, *, #6256, .T. ) ;
#7596 = CARTESIAN_POINT ( 'NONE',  ( 1.250000000000000200, 37.43189123190277500, -13.43189123190275300 ) ) ;
#7597 = CARTESIAN_POINT ( 'NONE',  ( 1.250000000000000200, 62.56810876809724700, -6.568108768097241400 ) ) ;
#7598 = DIRECTION ( 'NONE',  ( 1.000000000000000000, 0.0000000000000000000, 0.0000000000000000000 ) ) ;
#7599 = VERTEX_POINT ( 'NONE', #251 ) ;
#7600 = DIRECTION ( 'NONE',  ( 3.652049423109066300E-016, 0.0000000000000000000, -1.000000000000000000 ) ) ;
#7601 = CARTESIAN_POINT ( 'NONE',  ( 6.750000000000000900, 80.00000000000001400, -15.99999999999999600 ) ) ;
#7602 = ORIENTED_EDGE ( 'NONE', *, *, #586, .F. ) ;
#7603 = FACE_BOUND ( 'NONE', #9315, .T. ) ;
#7604 = CARTESIAN_POINT ( 'NONE',  ( 1.250000000000000200, 13.43189123190277600, -13.43189123190275300 ) ) ;
#7605 = ADVANCED_FACE ( 'NONE', ( #4381 ), #988, .F. ) ;
#7606 = CARTESIAN_POINT ( 'NONE',  ( 1.250000000000000200, 96.00000000000000000, -2.024999999999999900 ) ) ;
#7607 = CYLINDRICAL_SURFACE ( 'NONE', #3069, 2.024999999999998100 ) ;
#7608 = VERTEX_POINT ( 'NONE', #2653 ) ;
#7609 = EDGE_CURVE ( 'NONE', #4582, #1094, #9414, .T. ) ;
#7610 = VERTEX_POINT ( 'NONE', #7047 ) ;
#7611 = VERTEX_POINT ( 'NONE', #5301 ) ;
#7612 = CARTESIAN_POINT ( 'NONE',  ( 1.250000000000000200, 35.31370849898476600, -2.024999999999999900 ) ) ;
#7613 = FACE_BOUND ( 'NONE', #6702, .T. ) ;
#7614 = CARTESIAN_POINT ( 'NONE',  ( -1.249999999999999800, 180.6862915010152600, -2.024999999999999900 ) ) ;
#7615 = DIRECTION ( 'NONE',  ( -1.000000000000000000, 0.0000000000000000000, -0.0000000000000000000 ) ) ;
#7616 = CIRCLE ( 'NONE', #1840, 2.024999999999998100 ) ;
#7617 = ADVANCED_FACE ( 'NONE', ( #2112 ), #2928, .F. ) ;
#7618 = PLANE ( 'NONE',  #4733 ) ;
#7619 = AXIS2_PLACEMENT_3D ( 'NONE', #3867, #6405, #2883 ) ;
#7620 = VERTEX_POINT ( 'NONE', #2129 ) ;
#7621 = DIRECTION ( 'NONE',  ( -1.826024711554532900E-016, 0.0000000000000000000, 1.000000000000000000 ) ) ;
#7622 = ORIENTED_EDGE ( 'NONE', *, *, #1388, .F. ) ;
#7623 = ORIENTED_EDGE ( 'NONE', *, *, #6320, .T. ) ;
#7624 = VERTEX_POINT ( 'NONE', #10582 ) ;
#7625 = AXIS2_PLACEMENT_3D ( 'NONE', #2503, #8464, #4988 ) ;
#7626 = CIRCLE ( 'NONE', #176, 6.999999999999999100 ) ;
#7627 = DIRECTION ( 'NONE',  ( 1.000000000000000000, -0.0000000000000000000, 0.0000000000000000000 ) ) ;
#7628 = VECTOR ( 'NONE', #5416, 1000.000000000000000 ) ;
#7629 = EDGE_CURVE ( 'NONE', #10727, #8395, #8778, .T. ) ;
#7630 = ORIENTED_EDGE ( 'NONE', *, *, #809, .F. ) ;
#7631 = ORIENTED_EDGE ( 'NONE', *, *, #8821, .T. ) ;
#7632 = EDGE_LOOP ( 'NONE', ( #1843, #10092, #5412, #1050 ) ) ;
#7633 = VERTEX_POINT ( 'NONE', #1212 ) ;
#7634 = DIRECTION ( 'NONE',  ( 1.000000000000000000, -0.0000000000000000000, 0.0000000000000000000 ) ) ;
#7635 = ORIENTED_EDGE ( 'NONE', *, *, #9963, .T. ) ;
#7636 = CARTESIAN_POINT ( 'NONE',  ( -46.75000000000000000, 8.485281374238571300, -8.485281374238566000 ) ) ;
#7637 = DIRECTION ( 'NONE',  ( 3.652049423109066300E-016, 0.0000000000000000000, -1.000000000000000000 ) ) ;
#7638 = LINE ( 'NONE', #2636, #837 ) ;
#7639 = DIRECTION ( 'NONE',  ( -1.000000000000000000, 0.0000000000000000000, 0.0000000000000000000 ) ) ;
#7640 = DIRECTION ( 'NONE',  ( 1.000000000000000000, -0.0000000000000000000, -0.0000000000000000000 ) ) ;
#7641 = EDGE_CURVE ( 'NONE', #1930, #10255, #119, .T. ) ;
#7642 = ORIENTED_EDGE ( 'NONE', *, *, #9485, .T. ) ;
#7643 = AXIS2_PLACEMENT_3D ( 'NONE', #3644, #6212, #2827 ) ;
#7644 = VERTEX_POINT ( 'NONE', #7992 ) ;
#7645 = CARTESIAN_POINT ( 'NONE',  ( -1.249999999999999800, 81.43189123190275300, 6.568108768097250300 ) ) ;
#7646 = CARTESIAN_POINT ( 'NONE',  ( 1.250000000000000200, 135.5147186257614200, -8.485281374238566000 ) ) ;
#7647 = EDGE_CURVE ( 'NONE', #9091, #305, #10216, .T. ) ;
#7648 = ORIENTED_EDGE ( 'NONE', *, *, #4910, .F. ) ;
#7649 = DIRECTION ( 'NONE',  ( 0.0000000000000000000, 0.0000000000000000000, -1.000000000000000000 ) ) ;
#7650 = CARTESIAN_POINT ( 'NONE',  ( -1.249999999999999800, 154.5681087680973200, 10.56810876809721700 ) ) ;
#7651 = CARTESIAN_POINT ( 'NONE',  ( 1.250000000000000200, 176.4852813742385800, -8.485281374238564200 ) ) ;
#7652 = CIRCLE ( 'NONE', #8164, 2.025000000000002600 ) ;
#7653 = VERTEX_POINT ( 'NONE', #4688 ) ;
#7654 = EDGE_CURVE ( 'NONE', #1961, #7032, #4929, .T. ) ;
#7655 = ORIENTED_EDGE ( 'NONE', *, *, #6387, .F. ) ;
#7656 = ORIENTED_EDGE ( 'NONE', *, *, #10926, .F. ) ;
#7657 = AXIS2_PLACEMENT_3D ( 'NONE', #496, #4679, #10699 ) ;
#7658 = CARTESIAN_POINT ( 'NONE',  ( 2.465133360598619700E-015, 192.0000000000000000, -13.50000000000000200 ) ) ;
#7659 = CARTESIAN_POINT ( 'NONE',  ( -1.249999999999999800, 48.00000000000000000, 0.0000000000000000000 ) ) ;
#7660 = VECTOR ( 'NONE', #378, 1000.000000000000000 ) ;
#7661 = ADVANCED_FACE ( 'NONE', ( #2242 ), #9946, .F. ) ;
#7662 = ORIENTED_EDGE ( 'NONE', *, *, #4604, .F. ) ;
#7663 = LINE ( 'NONE', #7955, #4474 ) ;
#7664 = ORIENTED_EDGE ( 'NONE', *, *, #9623, .T. ) ;
#7665 = CARTESIAN_POINT ( 'NONE',  ( -1.249999999999999800, 82.56810876809728900, 10.56810876809721700 ) ) ;
#7666 = UNCERTAINTY_MEASURE_WITH_UNIT (LENGTH_MEASURE( 1.000000000000000100E-005 ), #8844, 'distance_accuracy_value', 'NONE');
#7667 = CARTESIAN_POINT ( 'NONE',  ( -1.249999999999999800, 110.0828273938586800, 7.053390142335810100 ) ) ;
#7668 = EDGE_LOOP ( 'NONE', ( #17, #7642, #8418, #9333, #2370 ) ) ;
#7669 = ORIENTED_EDGE ( 'NONE', *, *, #7098, .F. ) ;
#7670 = FACE_OUTER_BOUND ( 'NONE', #9936, .T. ) ;
#7671 = DIRECTION ( 'NONE',  ( 0.0000000000000000000, -1.000000000000000000, 0.0000000000000000000 ) ) ;
#7672 = LINE ( 'NONE', #9364, #1665 ) ;
#7673 = ADVANCED_FACE ( 'NONE', ( #916 ), #7158, .T. ) ;
#7674 = CARTESIAN_POINT ( 'NONE',  ( -1.249999999999999800, 56.48528137423856100, 8.485281374238569500 ) ) ;
#7675 = DIRECTION ( 'NONE',  ( -1.000000000000000000, 0.0000000000000000000, 0.0000000000000000000 ) ) ;
#7676 = CARTESIAN_POINT ( 'NONE',  ( 1.250000000000000200, 34.56810876809722500, -10.56810876809725700 ) ) ;
#7677 = CARTESIAN_POINT ( 'NONE',  ( 1.250000000000000200, 79.99999999999998600, 5.975000000000009400 ) ) ;
#7678 = DIRECTION ( 'NONE',  ( 1.000000000000000000, -0.0000000000000000000, -0.0000000000000000000 ) ) ;
#7679 = ORIENTED_EDGE ( 'NONE', *, *, #9039, .F. ) ;
#7680 = ORIENTED_EDGE ( 'NONE', *, *, #8994, .F. ) ;
#7681 = DIRECTION ( 'NONE',  ( 1.000000000000000000, -0.0000000000000000000, 0.0000000000000000000 ) ) ;
#7682 = VECTOR ( 'NONE', #8999, 999.9999999999998900 ) ;
#7683 = VECTOR ( 'NONE', #2257, 1000.000000000000000 ) ;
#7684 = AXIS2_PLACEMENT_3D ( 'NONE', #309, #3611, #7140 ) ;
#7685 = DIRECTION ( 'NONE',  ( 3.652049423109066300E-016, 0.0000000000000000000, -1.000000000000000000 ) ) ;
#7686 = CARTESIAN_POINT ( 'NONE',  ( -1.249999999999999800, 16.00000000000000000, 5.974999999999997900 ) ) ;
#7687 = CARTESIAN_POINT ( 'NONE',  ( 6.750000000000000000, 8.000000000000007100, -13.50000000000000200 ) ) ;
#7688 = ORIENTED_EDGE ( 'NONE', *, *, #4205, .F. ) ;
#7689 = PLANE ( 'NONE',  #1671 ) ;
#7690 = ORIENTED_EDGE ( 'NONE', *, *, #10386, .T. ) ;
#7691 = EDGE_CURVE ( 'NONE', #4861, #1521, #3437, .T. ) ;
#7692 = CYLINDRICAL_SURFACE ( 'NONE', #5468, 2.024999999999998100 ) ;
#7693 = EDGE_CURVE ( 'NONE', #977, #4725, #10870, .T. ) ;
#7694 = DIRECTION ( 'NONE',  ( 1.000000000000000000, 0.0000000000000000000, 0.0000000000000000000 ) ) ;
#7695 = ORIENTED_EDGE ( 'NONE', *, *, #663, .F. ) ;
#7696 = ORIENTED_EDGE ( 'NONE', *, *, #9574, .T. ) ;
#7697 = DIRECTION ( 'NONE',  ( 3.652049423109066300E-016, -0.0000000000000000000, -1.000000000000000000 ) ) ;
#7698 = FACE_BOUND ( 'NONE', #3937, .T. ) ;
#7699 = CARTESIAN_POINT ( 'NONE',  ( -1.249999999999999800, 48.00000000000000000, 6.999999999999999100 ) ) ;
#7700 = FACE_OUTER_BOUND ( 'NONE', #7263, .T. ) ;
#7701 = EDGE_CURVE ( 'NONE', #459, #8045, #1450, .T. ) ;
#7702 = AXIS2_PLACEMENT_3D ( 'NONE', #3469, #5133, #10274 ) ;
#7703 = DIRECTION ( 'NONE',  ( 1.826024711554532900E-016, -0.0000000000000000000, 1.000000000000000000 ) ) ;
#7704 = VERTEX_POINT ( 'NONE', #4531 ) ;
#7705 = VERTEX_POINT ( 'NONE', #6385 ) ;
#7706 = CARTESIAN_POINT ( 'NONE',  ( 6.750000000000000900, 104.0000000000000100, -15.99999999999999600 ) ) ;
#7707 = DIRECTION ( 'NONE',  ( 3.652049423109066300E-016, -0.0000000000000000000, -1.000000000000000000 ) ) ;
#7708 = EDGE_CURVE ( 'NONE', #5920, #7357, #1573, .T. ) ;
#7709 = CARTESIAN_POINT ( 'NONE',  ( 4.724999999999993400, 48.00000000000000700, 13.50000000000000000 ) ) ;
#7710 = DIRECTION ( 'NONE',  ( 0.0000000000000000000, 0.0000000000000000000, -1.000000000000000000 ) ) ;
#7711 = CARTESIAN_POINT ( 'NONE',  ( -1.249999999999999800, 37.43189123190278900, -13.43189123190274400 ) ) ;
#7712 = LINE ( 'NONE', #7307, #6278 ) ;
#7713 = DIRECTION ( 'NONE',  ( 1.000000000000000000, -0.0000000000000000000, -0.0000000000000000000 ) ) ;
#7714 = FACE_OUTER_BOUND ( 'NONE', #4270, .T. ) ;
#7715 = CARTESIAN_POINT ( 'NONE',  ( 1.250000000000000200, 94.56810876809363700, 94.56810876809738900 ) ) ;
#7716 = ORIENTED_EDGE ( 'NONE', *, *, #3024, .T. ) ;
#7717 = ORIENTED_EDGE ( 'NONE', *, *, #461, .T. ) ;
#7718 = LINE ( 'NONE', #8730, #411 ) ;
#7719 = EDGE_CURVE ( 'NONE', #4939, #5392, #10362, .T. ) ;
#7720 = AXIS2_PLACEMENT_3D ( 'NONE', #7947, #195, #3656 ) ;
#7721 = EDGE_LOOP ( 'NONE', ( #1649, #6652, #10395, #4799 ) ) ;
#7722 = CIRCLE ( 'NONE', #1336, 2.024999999999998100 ) ;
#7723 = DIRECTION ( 'NONE',  ( 1.000000000000000000, -0.0000000000000000000, 0.0000000000000000000 ) ) ;
#7724 = AXIS2_PLACEMENT_3D ( 'NONE', #2557, #8513, #6052 ) ;
#7725 = CARTESIAN_POINT ( 'NONE',  ( -1.249999999999999800, 83.31370849898475200, -2.024999999999999900 ) ) ;
#7726 = CARTESIAN_POINT ( 'NONE',  ( 8.774999999999998600, 184.0000000000000000, -15.99999999999999600 ) ) ;
#7727 = CYLINDRICAL_SURFACE ( 'NONE', #4590, 2.024999999999999900 ) ;
#7728 = ADVANCED_FACE ( 'NONE', ( #6541 ), #289, .T. ) ;
#7729 = VERTEX_POINT ( 'NONE', #7122 ) ;
#7730 = ORIENTED_EDGE ( 'NONE', *, *, #4099, .F. ) ;
#7731 = EDGE_CURVE ( 'NONE', #10439, #715, #3576, .T. ) ;
#7732 = CARTESIAN_POINT ( 'NONE',  ( -1.249999999999999800, 152.4852813742385500, -10.51028137423856800 ) ) ;
#7733 = VECTOR ( 'NONE', #4552, 1000.000000000000000 ) ;
#7734 = CYLINDRICAL_SURFACE ( 'NONE', #7985, 6.999999999999999100 ) ;
#7735 = CARTESIAN_POINT ( 'NONE',  ( 6.749999999999990200, 16.00000000000000700, 13.50000000000000000 ) ) ;
#7736 = VECTOR ( 'NONE', #7697, 1000.000000000000000 ) ;
#7737 = DIRECTION ( 'NONE',  ( 1.000000000000000000, -0.0000000000000000000, 0.0000000000000000000 ) ) ;
#7738 = ORIENTED_EDGE ( 'NONE', *, *, #8632, .F. ) ;
#7739 = EDGE_CURVE ( 'NONE', #5563, #6444, #4234, .T. ) ;
#7740 = CARTESIAN_POINT ( 'NONE',  ( 6.750000000000000900, 64.00000000000000000, -15.99999999999999600 ) ) ;
#7741 = AXIS2_PLACEMENT_3D ( 'NONE', #8392, #63, #3287 ) ;
#7742 = EDGE_LOOP ( 'NONE', ( #9765, #1214, #3918, #2574 ) ) ;
#7743 = ORIENTED_EDGE ( 'NONE', *, *, #2060, .F. ) ;
#7744 = CIRCLE ( 'NONE', #9426, 2.024999999999997200 ) ;
#7745 = DIRECTION ( 'NONE',  ( 0.0000000000000000000, 0.7071067811865469100, 0.7071067811865482400 ) ) ;
#7746 = LINE ( 'NONE', #2080, #8019 ) ;
#7747 = VERTEX_POINT ( 'NONE', #4863 ) ;
#7748 = DIRECTION ( 'NONE',  ( -1.826024711554532900E-016, 0.0000000000000000000, 1.000000000000000000 ) ) ;
#7749 = CARTESIAN_POINT ( 'NONE',  ( 1.250000000000000200, 48.00000000000000000, 6.999999999999999100 ) ) ;
#7750 = DIRECTION ( 'NONE',  ( 1.826024711554532900E-016, -0.0000000000000000000, 1.000000000000000000 ) ) ;
#7751 = CARTESIAN_POINT ( 'NONE',  ( -1.249999999999999800, 64.94660985766420000, -9.917172606141319200 ) ) ;
#7752 = AXIS2_PLACEMENT_3D ( 'NONE', #1324, #10646, #543 ) ;
#7753 = VERTEX_POINT ( 'NONE', #2265 ) ;
#7754 = FACE_BOUND ( 'NONE', #2504, .T. ) ;
#7755 = ORIENTED_EDGE ( 'NONE', *, *, #654, .F. ) ;
#7756 = CARTESIAN_POINT ( 'NONE',  ( -1.249999999999999800, 32.00000000000000000, -7.999999999999994700 ) ) ;
#7757 = CIRCLE ( 'NONE', #297, 2.024999999999998100 ) ;
#7758 = LINE ( 'NONE', #4293, #957 ) ;
#7759 = EDGE_CURVE ( 'NONE', #4826, #8841, #6136, .T. ) ;
#7760 = CARTESIAN_POINT ( 'NONE',  ( -1.249999999999999800, 120.0000000000000000, 0.0000000000000000000 ) ) ;
#7761 = VERTEX_POINT ( 'NONE', #2166 ) ;
#7762 = CARTESIAN_POINT ( 'NONE',  ( -1.249999999999999800, 80.48528137423858200, -8.485281374238564200 ) ) ;
#7763 = ORIENTED_EDGE ( 'NONE', *, *, #5718, .F. ) ;
#7764 = EDGE_CURVE ( 'NONE', #3396, #1521, #6289, .T. ) ;
#7765 = ORIENTED_EDGE ( 'NONE', *, *, #10084, .T. ) ;
#7766 = DIRECTION ( 'NONE',  ( 1.000000000000000000, -0.0000000000000000000, 0.0000000000000000000 ) ) ;
#7767 = ORIENTED_EDGE ( 'NONE', *, *, #4843, .T. ) ;
#7768 = ORIENTED_EDGE ( 'NONE', *, *, #8561, .T. ) ;
#7769 = LINE ( 'NONE', #120, #2289 ) ;
#7770 = CARTESIAN_POINT ( 'NONE',  ( -1.249999999999999800, 133.4318912319026500, 13.43189123190281200 ) ) ;
#7771 = AXIS2_PLACEMENT_3D ( 'NONE', #5310, #8616, #998 ) ;
#7772 = CIRCLE ( 'NONE', #706, 2.024999999999997200 ) ;
#7773 = CARTESIAN_POINT ( 'NONE',  ( 6.750000000000000000, 24.00000000000000700, -13.50000000000000200 ) ) ;
#7774 = VERTEX_POINT ( 'NONE', #574 ) ;
#7775 = VERTEX_POINT ( 'NONE', #4823 ) ;
#7776 = EDGE_CURVE ( 'NONE', #5090, #2284, #1321, .T. ) ;
#7777 = DIRECTION ( 'NONE',  ( 0.0000000000000000000, 0.0000000000000000000, -1.000000000000000000 ) ) ;
#7778 = ORIENTED_EDGE ( 'NONE', *, *, #3481, .F. ) ;
#7779 = AXIS2_PLACEMENT_3D ( 'NONE', #9690, #4624, #10553 ) ;
#7780 = CARTESIAN_POINT ( 'NONE',  ( -46.75000000000000000, 185.4318912319027400, -9.431891231902744400 ) ) ;
#7781 = DIRECTION ( 'NONE',  ( 1.000000000000000000, -0.0000000000000000000, -0.0000000000000000000 ) ) ;
#7782 = EDGE_LOOP ( 'NONE', ( #8675, #6215, #9706, #1440, #10127 ) ) ;
#7783 = DIRECTION ( 'NONE',  ( 1.000000000000000000, -0.0000000000000000000, -0.0000000000000000000 ) ) ;
#7784 = CYLINDRICAL_SURFACE ( 'NONE', #3257, 2.025000000000002600 ) ;
#7785 = EDGE_CURVE ( 'NONE', #5841, #7804, #3303, .T. ) ;
#7786 = LINE ( 'NONE', #3114, #5799 ) ;
#7787 = ORIENTED_EDGE ( 'NONE', *, *, #4724, .T. ) ;
#7788 = DIRECTION ( 'NONE',  ( 0.0000000000000000000, 0.0000000000000000000, -1.000000000000000000 ) ) ;
#7789 = VERTEX_POINT ( 'NONE', #10707 ) ;
#7790 = ADVANCED_FACE ( 'NONE', ( #9699 ), #2643, .F. ) ;
#7791 = CARTESIAN_POINT ( 'NONE',  ( 6.749999999999989300, 128.0000000000000000, 16.00000000000000400 ) ) ;
#7792 = ORIENTED_EDGE ( 'NONE', *, *, #5396, .F. ) ;
#7793 = DIRECTION ( 'NONE',  ( 0.0000000000000000000, -0.7071067811865487900, -0.7071067811865463500 ) ) ;
#7794 = CARTESIAN_POINT ( 'NONE',  ( 6.750000000000000000, 16.00000000000000700, -13.50000000000000200 ) ) ;
#7795 = EDGE_CURVE ( 'NONE', #7610, #4861, #7215, .T. ) ;
#7796 = AXIS2_PLACEMENT_3D ( 'NONE', #396, #7256, #6338 ) ;
#7797 = DIRECTION ( 'NONE',  ( 1.000000000000000000, -0.0000000000000000000, -0.0000000000000000000 ) ) ;
#7798 = CARTESIAN_POINT ( 'NONE',  ( 1.250000000000000200, 109.4318912319026700, 13.43189123190281200 ) ) ;
#7799 = CYLINDRICAL_SURFACE ( 'NONE', #5812, 2.024999999999998100 ) ;
#7800 = AXIS2_PLACEMENT_3D ( 'NONE', #134, #8357, #5019 ) ;
#7801 = DIRECTION ( 'NONE',  ( 1.000000000000000000, -0.0000000000000000000, 0.0000000000000000000 ) ) ;
#7802 = CIRCLE ( 'NONE', #5553, 2.024999999999997200 ) ;
#7803 = ORIENTED_EDGE ( 'NONE', *, *, #4644, .F. ) ;
#7804 = VERTEX_POINT ( 'NONE', #4720 ) ;
#7805 = VERTEX_POINT ( 'NONE', #7326 ) ;
#7806 = DIRECTION ( 'NONE',  ( 0.0000000000000000000, 1.000000000000000000, -0.0000000000000000000 ) ) ;
#7807 = CARTESIAN_POINT ( 'NONE',  ( -1.249999999999999800, 59.31370849898476600, 0.0000000000000000000 ) ) ;
#7808 = VECTOR ( 'NONE', #4377, 1000.000000000000000 ) ;
#7809 = VERTEX_POINT ( 'NONE', #6450 ) ;
#7810 = LINE ( 'NONE', #9558, #10162 ) ;
#7811 = EDGE_CURVE ( 'NONE', #8140, #9779, #5200, .T. ) ;
#7812 = CARTESIAN_POINT ( 'NONE',  ( 4.725000000000001400, 80.00000000000001400, -13.50000000000000200 ) ) ;
#7813 = AXIS2_PLACEMENT_3D ( 'NONE', #7311, #5642, #10624 ) ;
#7814 = CARTESIAN_POINT ( 'NONE',  ( -1.249999999999999800, 14.08282739385867200, 7.053390142335810100 ) ) ;
#7815 = ORIENTED_EDGE ( 'NONE', *, *, #9564, .T. ) ;
#7816 = DIRECTION ( 'NONE',  ( 0.0000000000000000000, 0.7071067811865501300, 0.7071067811865450200 ) ) ;
#7817 = CARTESIAN_POINT ( 'NONE',  ( -1.249999999999999800, 160.0000000000000300, -7.999999999999996400 ) ) ;
#7818 = EDGE_LOOP ( 'NONE', ( #2971, #585, #3356, #5502, #10434 ) ) ;
#7819 = CARTESIAN_POINT ( 'NONE',  ( 1.250000000000000200, 110.0828273938586800, 7.053390142335810100 ) ) ;
#7820 = CARTESIAN_POINT ( 'NONE',  ( 1.250000000000000200, 174.5681087680972600, 9.431891231902756800 ) ) ;
#7821 = LINE ( 'NONE', #9882, #7683 ) ;
#7822 = CARTESIAN_POINT ( 'NONE',  ( -1.249999999999999800, 153.4318912319027400, 6.568108768097250300 ) ) ;
#7823 = CARTESIAN_POINT ( 'NONE',  ( 1.250000000000000200, 59.31370849898476600, 2.024999999999999900 ) ) ;
#7824 = ORIENTED_EDGE ( 'NONE', *, *, #5504, .F. ) ;
#7825 = ORIENTED_EDGE ( 'NONE', *, *, #4352, .F. ) ;
#7826 = CARTESIAN_POINT ( 'NONE',  ( 8.774999999999987900, 80.00000000000001400, 16.00000000000000400 ) ) ;
#7827 = CIRCLE ( 'NONE', #383, 2.024999999999997200 ) ;
#7828 = CARTESIAN_POINT ( 'NONE',  ( -1.249999999999999800, 107.3137084989847800, -2.024999999999999900 ) ) ;
#7829 = DIRECTION ( 'NONE',  ( 1.000000000000000000, 0.0000000000000000000, 0.0000000000000000000 ) ) ;
#7830 = DIRECTION ( 'NONE',  ( 0.0000000000000000000, 0.0000000000000000000, -1.000000000000000000 ) ) ;
#7831 = CARTESIAN_POINT ( 'NONE',  ( -1.249999999999999800, 179.3137084989847900, -2.024999999999999900 ) ) ;
#7832 = FACE_BOUND ( 'NONE', #6744, .T. ) ;
#7833 = EDGE_CURVE ( 'NONE', #7908, #2078, #4668, .T. ) ;
#7834 = DIRECTION ( 'NONE',  ( -0.0000000000000000000, -1.000000000000000000, -0.0000000000000000000 ) ) ;
#7835 = ADVANCED_FACE ( 'NONE', ( #8631 ), #9083, .F. ) ;
#7836 = PLANE ( 'NONE',  #3620 ) ;
#7837 = EDGE_LOOP ( 'NONE', ( #3685, #7602 ) ) ;
#7838 = ORIENTED_EDGE ( 'NONE', *, *, #5945, .T. ) ;
#7839 = DIRECTION ( 'NONE',  ( 0.0000000000000000000, -1.000000000000000000, 0.0000000000000000000 ) ) ;
#7840 = LINE ( 'NONE', #8796, #4768 ) ;
#7841 = CARTESIAN_POINT ( 'NONE',  ( 4.724999999999991700, 128.0000000000000000, 16.00000000000000400 ) ) ;
#7842 = AXIS2_PLACEMENT_3D ( 'NONE', #2012, #7218, #5505 ) ;
#7843 = CARTESIAN_POINT ( 'NONE',  ( -1.249999999999999800, 105.9171726061413200, 7.053390142335818100 ) ) ;
#7844 = VECTOR ( 'NONE', #9505, 1000.000000000000000 ) ;
#7845 = DIRECTION ( 'NONE',  ( 0.0000000000000000000, -0.7071067811865450200, -0.7071067811865500200 ) ) ;
#7846 = CARTESIAN_POINT ( 'NONE',  ( 0.0000000000000000000, 0.0000000000000000000, 0.0000000000000000000 ) ) ;
#7847 = CARTESIAN_POINT ( 'NONE',  ( 6.749999999999990200, 80.00000000000001400, 13.50000000000000000 ) ) ;
#7848 = ORIENTED_EDGE ( 'NONE', *, *, #10330, .F. ) ;
#7849 = DIRECTION ( 'NONE',  ( 0.0000000000000000000, -0.7071067811865487900, -0.7071067811865463500 ) ) ;
#7850 = DIRECTION ( 'NONE',  ( 1.000000000000000000, 0.0000000000000000000, 0.0000000000000000000 ) ) ;
#7852 = ADVANCED_FACE ( 'NONE', ( #7878 ), #5622, .F. ) ;
#7851 = ORIENTED_EDGE ( 'NONE', *, *, #452, .F. ) ;
#7853 = CIRCLE ( 'NONE', #4655, 2.024999999999998100 ) ;
#7854 = CARTESIAN_POINT ( 'NONE',  ( 4.724999999999991700, 136.0000000000000000, 16.00000000000000400 ) ) ;
#7855 = EDGE_CURVE ( 'NONE', #9877, #5809, #933, .T. ) ;
#7856 = DIRECTION ( 'NONE',  ( 1.000000000000000000, -0.0000000000000000000, 0.0000000000000000000 ) ) ;
#7857 = DIRECTION ( 'NONE',  ( 3.652049423109066300E-016, -0.0000000000000000000, -1.000000000000000000 ) ) ;
#7858 = FACE_BOUND ( 'NONE', #66, .T. ) ;
#7859 = ORIENTED_EDGE ( 'NONE', *, *, #4910, .T. ) ;
#7860 = ORIENTED_EDGE ( 'NONE', *, *, #1960, .F. ) ;
#7861 = VECTOR ( 'NONE', #5376, 1000.000000000000000 ) ;
#7862 = DIRECTION ( 'NONE',  ( 3.652049423109066300E-016, -0.0000000000000000000, -1.000000000000000000 ) ) ;
#7863 = CYLINDRICAL_SURFACE ( 'NONE', #4168, 2.024999999999998100 ) ;
#7864 = CARTESIAN_POINT ( 'NONE',  ( -1.249999999999999800, 137.4318912319027400, 9.431891231902762100 ) ) ;
#7865 = EDGE_CURVE ( 'NONE', #9432, #5275, #4538, .T. ) ;
#7866 = AXIS2_PLACEMENT_3D ( 'NONE', #8112, #1116, #4734 ) ;
#7867 = FACE_OUTER_BOUND ( 'NONE', #4706, .T. ) ;
#7868 = AXIS2_PLACEMENT_3D ( 'NONE', #348, #6361, #456 ) ;
#7869 = CARTESIAN_POINT ( 'NONE',  ( 8.774999999999987900, 96.00000000000000000, 16.00000000000000400 ) ) ;
#7870 = DIRECTION ( 'NONE',  ( 1.000000000000000000, -0.0000000000000000000, -0.0000000000000000000 ) ) ;
#7871 = EDGE_CURVE ( 'NONE', #8885, #7908, #5215, .T. ) ;
#7872 = DIRECTION ( 'NONE',  ( 0.0000000000000000000, 0.0000000000000000000, -1.000000000000000000 ) ) ;
#7873 = ORIENTED_EDGE ( 'NONE', *, *, #945, .T. ) ;
#7874 = DIRECTION ( 'NONE',  ( 0.0000000000000000000, 0.0000000000000000000, 1.000000000000000000 ) ) ;
#7875 = ORIENTED_EDGE ( 'NONE', *, *, #10168, .T. ) ;
#7876 = VECTOR ( 'NONE', #8052, 1000.000000000000000 ) ;
#7877 = CARTESIAN_POINT ( 'NONE',  ( -1.249999999999999800, 159.5147186257614500, -8.485281374238566000 ) ) ;
#7878 = FACE_OUTER_BOUND ( 'NONE', #5576, .T. ) ;
#7879 = DIRECTION ( 'NONE',  ( 3.652049423109066300E-016, -0.0000000000000000000, -1.000000000000000000 ) ) ;
#7880 = VECTOR ( 'NONE', #3683, 999.9999999999998900 ) ;
#7881 = ORIENTED_EDGE ( 'NONE', *, *, #3556, .T. ) ;
#7882 = EDGE_CURVE ( 'NONE', #8514, #9360, #2509, .T. ) ;
#7883 = ORIENTED_EDGE ( 'NONE', *, *, #8678, .F. ) ;
#7884 = CARTESIAN_POINT ( 'NONE',  ( 6.749999999999989300, 168.0000000000000000, 16.00000000000000400 ) ) ;
#7885 = CARTESIAN_POINT ( 'NONE',  ( 1.250000000000000200, 16.00000000000000000, 8.000000000000000000 ) ) ;
#7886 = ORIENTED_EDGE ( 'NONE', *, *, #1295, .T. ) ;
#7887 = AXIS2_PLACEMENT_3D ( 'NONE', #9033, #5552, #402 ) ;
#7888 = CYLINDRICAL_SURFACE ( 'NONE', #485, 2.024999999999998100 ) ;
#7889 = CARTESIAN_POINT ( 'NONE',  ( -1.249999999999999800, 85.43189123190278200, -13.43189123190275300 ) ) ;
#7890 = CYLINDRICAL_SURFACE ( 'NONE', #9537, 2.025000000000000800 ) ;
#7891 = ORIENTED_EDGE ( 'NONE', *, *, #7785, .F. ) ;
#7892 = DIRECTION ( 'NONE',  ( 1.000000000000000000, 0.0000000000000000000, -0.0000000000000000000 ) ) ;
#7893 = EDGE_CURVE ( 'NONE', #7054, #5878, #9171, .T. ) ;
#7894 = CARTESIAN_POINT ( 'NONE',  ( 1.250000000000000200, 160.0000000000000300, 8.000000000000000000 ) ) ;
#7895 = DIRECTION ( 'NONE',  ( 0.0000000000000000000, 0.0000000000000000000, -1.000000000000000000 ) ) ;
#7896 = DIRECTION ( 'NONE',  ( 3.652049423109066300E-016, 0.0000000000000000000, -1.000000000000000000 ) ) ;
#7897 = CARTESIAN_POINT ( 'NONE',  ( 1.250000000000000200, 128.4852813742385800, -10.51028137423856800 ) ) ;
#7898 = EDGE_LOOP ( 'NONE', ( #3372, #4480 ) ) ;
#7899 = CIRCLE ( 'NONE', #6632, 2.024999999999999000 ) ;
#7900 = VERTEX_POINT ( 'NONE', #476 ) ;
#7901 = EDGE_CURVE ( 'NONE', #8590, #771, #10085, .T. ) ;
#7902 = DIRECTION ( 'NONE',  ( 0.0000000000000000000, 0.0000000000000000000, -1.000000000000000000 ) ) ;
#7903 = VECTOR ( 'NONE', #6806, 1000.000000000000000 ) ;
#7904 = CARTESIAN_POINT ( 'NONE',  ( 1.250000000000000200, 58.56810876809746000, 10.56810876809731100 ) ) ;
#7905 = EDGE_LOOP ( 'NONE', ( #6299, #2655 ) ) ;
#7906 = DIRECTION ( 'NONE',  ( 1.000000000000000000, -0.0000000000000000000, -0.0000000000000000000 ) ) ;
#7907 = VERTEX_POINT ( 'NONE', #5008 ) ;
#7908 = VERTEX_POINT ( 'NONE', #5039 ) ;
#7909 = CARTESIAN_POINT ( 'NONE',  ( -1.249999999999999800, 13.43189123190277600, -13.43189123190275300 ) ) ;
#7910 = EDGE_LOOP ( 'NONE', ( #9519, #1995 ) ) ;
#7911 = CARTESIAN_POINT ( 'NONE',  ( -1.249999999999999800, 87.51471862576144600, -8.485281374238566000 ) ) ;
#7912 = ADVANCED_FACE ( 'NONE', ( #1586 ), #794, .F. ) ;
#7913 = CIRCLE ( 'NONE', #1140, 2.025000000000002600 ) ;
#7914 = LINE ( 'NONE', #3704, #3350 ) ;
#7915 = ORIENTED_EDGE ( 'NONE', *, *, #123, .T. ) ;
#7916 = CARTESIAN_POINT ( 'NONE',  ( 6.749999999999990200, 32.00000000000000700, 13.50000000000000000 ) ) ;
#7917 = ORIENTED_EDGE ( 'NONE', *, *, #7962, .F. ) ;
#7918 = VERTEX_POINT ( 'NONE', #5867 ) ;
#7919 = EDGE_CURVE ( 'NONE', #3396, #7610, #1067, .T. ) ;
#7920 = CYLINDRICAL_SURFACE ( 'NONE', #4776, 2.024999999999998100 ) ;
#7921 = DIRECTION ( 'NONE',  ( 1.000000000000000000, 0.0000000000000000000, 0.0000000000000000000 ) ) ;
#7922 = CARTESIAN_POINT ( 'NONE',  ( -1.249999999999999800, 40.00000000000000000, 5.974999999999997900 ) ) ;
#7923 = CARTESIAN_POINT ( 'NONE',  ( 4.725000000000001400, 176.0000000000000300, -13.50000000000000200 ) ) ;
#7924 = CARTESIAN_POINT ( 'NONE',  ( 4.724999999999991700, 24.00000000000000700, 16.00000000000000400 ) ) ;
#7925 = DIRECTION ( 'NONE',  ( 1.826024711554532900E-016, -0.0000000000000000000, 1.000000000000000000 ) ) ;
#7926 = ORIENTED_EDGE ( 'NONE', *, *, #1845, .T. ) ;
#7927 = ORIENTED_EDGE ( 'NONE', *, *, #9406, .F. ) ;
#7928 = DIRECTION ( 'NONE',  ( 3.652049423109066300E-016, 0.0000000000000000000, -1.000000000000000000 ) ) ;
#7929 = DIRECTION ( 'NONE',  ( 1.000000000000000000, -0.0000000000000000000, -0.0000000000000000000 ) ) ;
#7930 = ORIENTED_EDGE ( 'NONE', *, *, #6755, .T. ) ;
#7931 = DIRECTION ( 'NONE',  ( 1.000000000000000000, -0.0000000000000000000, 0.0000000000000000000 ) ) ;
#7932 = EDGE_CURVE ( 'NONE', #9348, #9631, #5064, .T. ) ;
#7933 = VECTOR ( 'NONE', #3931, 1000.000000000000000 ) ;
#7934 = ORIENTED_EDGE ( 'NONE', *, *, #9181, .F. ) ;
#7935 = DATE_TIME_ROLE ( 'creation_date' ) ;
#7936 = CARTESIAN_POINT ( 'NONE',  ( -1.249999999999999800, 110.5681087680972300, 6.568108768097240500 ) ) ;
#7937 = EDGE_CURVE ( 'NONE', #10941, #8741, #3315, .T. ) ;
#7938 = ORIENTED_EDGE ( 'NONE', *, *, #5861, .T. ) ;
#7939 = ORIENTED_EDGE ( 'NONE', *, *, #8378, .T. ) ;
#7940 = ORIENTED_EDGE ( 'NONE', *, *, #5849, .F. ) ;
#7941 = CIRCLE ( 'NONE', #10834, 6.999999999999999100 ) ;
#7942 = EDGE_LOOP ( 'NONE', ( #3910, #4540, #7280, #4346 ) ) ;
#7943 = CARTESIAN_POINT ( 'NONE',  ( -1.249999999999999800, 128.4852813742385800, -8.485281374238564200 ) ) ;
#7944 = DIRECTION ( 'NONE',  ( 3.652049423109066300E-016, -0.0000000000000000000, -1.000000000000000000 ) ) ;
#7945 = EDGE_CURVE ( 'NONE', #8461, #3229, #1330, .T. ) ;
#7946 = AXIS2_PLACEMENT_3D ( 'NONE', #2761, #2721, #2007 ) ;
#7947 = CARTESIAN_POINT ( 'NONE',  ( -1.249999999999999800, 55.99999999999999300, 8.000000000000000000 ) ) ;
#7948 = ORIENTED_EDGE ( 'NONE', *, *, #10381, .F. ) ;
#7949 = ORIENTED_EDGE ( 'NONE', *, *, #3363, .F. ) ;
#7950 = AXIS2_PLACEMENT_3D ( 'NONE', #9421, #9387, #7710 ) ;
#7951 = VECTOR ( 'NONE', #891, 1000.000000000000000 ) ;
#7952 = CARTESIAN_POINT ( 'NONE',  ( 8.774999999999987900, 24.00000000000000700, 16.00000000000000400 ) ) ;
#7953 = CYLINDRICAL_SURFACE ( 'NONE', #7315, 2.025000000000000800 ) ;
#7954 = DIRECTION ( 'NONE',  ( 1.000000000000000000, -0.0000000000000000000, -0.0000000000000000000 ) ) ;
#7955 = CARTESIAN_POINT ( 'NONE',  ( -1.249999999999999800, 157.4318912319028000, -13.43189123190275300 ) ) ;
#7956 = EDGE_CURVE ( 'NONE', #4826, #8154, #8921, .T. ) ;
#7957 = ORIENTED_EDGE ( 'NONE', *, *, #5718, .T. ) ;
#7958 = CARTESIAN_POINT ( 'NONE',  ( -1.249999999999999800, 72.00000000000001400, 0.0000000000000000000 ) ) ;
#7959 = EDGE_LOOP ( 'NONE', ( #7399, #557, #1888, #4966 ) ) ;
#7960 = CIRCLE ( 'NONE', #6321, 2.025000000000000800 ) ;
#7961 = ADVANCED_FACE ( 'NONE', ( #9571 ), #2800, .F. ) ;
#7962 = EDGE_CURVE ( 'NONE', #5001, #10120, #3188, .T. ) ;
#7963 = CIRCLE ( 'NONE', #9200, 2.024999999999990100 ) ;
#7964 = PLANE ( 'NONE',  #223 ) ;
#7965 = DIRECTION ( 'NONE',  ( 3.652049423109066300E-016, -0.0000000000000000000, -1.000000000000000000 ) ) ;
#7966 = CARTESIAN_POINT ( 'NONE',  ( -1.249999999999999800, 152.4852813742385500, 8.485281374238569500 ) ) ;
#7967 = ORIENTED_EDGE ( 'NONE', *, *, #3680, .T. ) ;
#7968 = PERSON_AND_ORGANIZATION_ROLE ( 'design_supplier' ) ;
#7969 = PLANE ( 'NONE',  #4301 ) ;
#7970 = CIRCLE ( 'NONE', #5729, 2.025000000000000800 ) ;
#7971 = LINE ( 'NONE', #4490, #7058 ) ;
#7972 = AXIS2_PLACEMENT_3D ( 'NONE', #783, #3234, #3268 ) ;
#7973 = DIRECTION ( 'NONE',  ( 3.652049423109066300E-016, -0.0000000000000000000, -1.000000000000000000 ) ) ;
#7974 = ORIENTED_EDGE ( 'NONE', *, *, #2548, .F. ) ;
#7975 = ORIENTED_EDGE ( 'NONE', *, *, #6800, .F. ) ;
#7976 = DIRECTION ( 'NONE',  ( 0.0000000000000000000, 0.0000000000000000000, -1.000000000000000000 ) ) ;
#7977 = FACE_BOUND ( 'NONE', #7898, .T. ) ;
#7978 = EDGE_CURVE ( 'NONE', #5419, #4219, #7470, .T. ) ;
#7979 = CARTESIAN_POINT ( 'NONE',  ( -1.249999999999999800, 128.4852813742385500, 8.485281374238569500 ) ) ;
#7980 = VECTOR ( 'NONE', #7538, 999.9999999999998900 ) ;
#7981 = DIRECTION ( 'NONE',  ( 3.652049423109066300E-016, 0.0000000000000000000, -1.000000000000000000 ) ) ;
#7982 = CARTESIAN_POINT ( 'NONE',  ( 1.250000000000000200, 180.6862915010152600, 0.0000000000000000000 ) ) ;
#7983 = VERTEX_POINT ( 'NONE', #3273 ) ;
#7984 = ORIENTED_EDGE ( 'NONE', *, *, #8919, .F. ) ;
#7985 = AXIS2_PLACEMENT_3D ( 'NONE', #2639, #42, #6914 ) ;
#7986 = DIRECTION ( 'NONE',  ( 1.000000000000000000, -0.0000000000000000000, -0.0000000000000000000 ) ) ;
#7987 = VECTOR ( 'NONE', #1298, 1000.000000000000000 ) ;
#7988 = CARTESIAN_POINT ( 'NONE',  ( -1.249999999999999800, 177.9171726061413800, -7.053390142335827800 ) ) ;
#7989 = DIRECTION ( 'NONE',  ( 1.000000000000000000, -0.0000000000000000000, 0.0000000000000000000 ) ) ;
#7990 = CIRCLE ( 'NONE', #9894, 2.024999999999990100 ) ;
#7991 = AXIS2_PLACEMENT_3D ( 'NONE', #5969, #1668, #5150 ) ;
#7992 = CARTESIAN_POINT ( 'NONE',  ( -1.249999999999999800, 179.3137084989847900, 2.024999999999999900 ) ) ;
#7993 = EDGE_LOOP ( 'NONE', ( #4463, #1087, #6865, #3979 ) ) ;
#7994 = ORIENTED_EDGE ( 'NONE', *, *, #10604, .T. ) ;
#7995 = CARTESIAN_POINT ( 'NONE',  ( -1.249999999999999800, 103.0533901423358100, -9.917172606141329900 ) ) ;
#7996 = FACE_OUTER_BOUND ( 'NONE', #2033, .T. ) ;
#7997 = EDGE_CURVE ( 'NONE', #3424, #6350, #7337, .T. ) ;
#7998 = CARTESIAN_POINT ( 'NONE',  ( -1.249999999999999800, 134.0828273938586800, -7.053390142335805600 ) ) ;
#7999 = CARTESIAN_POINT ( 'NONE',  ( 8.774999999999987900, 136.0000000000000000, 16.00000000000000400 ) ) ;
#8000 = VECTOR ( 'NONE', #9807, 1000.000000000000000 ) ;
#8001 = LINE ( 'NONE', #5600, #3060 ) ;
#8002 = VERTEX_POINT ( 'NONE', #9222 ) ;
#8003 = ORIENTED_EDGE ( 'NONE', *, *, #5607, .F. ) ;
#8004 = VERTEX_POINT ( 'NONE', #2415 ) ;
#8005 = CARTESIAN_POINT ( 'NONE',  ( -1.249999999999999800, 32.48528137423856100, 8.485281374238569500 ) ) ;
#8006 = VECTOR ( 'NONE', #4049, 1000.000000000000000 ) ;
#8007 = EDGE_CURVE ( 'NONE', #1654, #9499, #2125, .T. ) ;
#8008 = AXIS2_PLACEMENT_3D ( 'NONE', #1634, #3199, #10098 ) ;
#8009 = AXIS2_PLACEMENT_3D ( 'NONE', #6639, #7442, #10748 ) ;
#8010 = DIRECTION ( 'NONE',  ( 1.000000000000000000, 0.0000000000000000000, 0.0000000000000000000 ) ) ;
#8011 = VECTOR ( 'NONE', #4700, 1000.000000000000000 ) ;
#8012 = ADVANCED_FACE ( 'NONE', ( #7593 ), #7734, .F. ) ;
#8013 = ORIENTED_EDGE ( 'NONE', *, *, #9553, .T. ) ;
#8014 = EDGE_CURVE ( 'NONE', #2701, #10662, #9820, .T. ) ;
#8015 = CARTESIAN_POINT ( 'NONE',  ( 1.250000000000000200, 106.5681087680972200, -10.56810876809725700 ) ) ;
#8016 = ORIENTED_EDGE ( 'NONE', *, *, #9170, .T. ) ;
#8017 = FACE_OUTER_BOUND ( 'NONE', #2520, .T. ) ;
#8018 = DIRECTION ( 'NONE',  ( 0.0000000000000000000, 0.0000000000000000000, -1.000000000000000000 ) ) ;
#8019 = VECTOR ( 'NONE', #2872, 1000.000000000000000 ) ;
#8020 = EDGE_LOOP ( 'NONE', ( #10958, #5998, #1878, #2469 ) ) ;
#8021 = EDGE_CURVE ( 'NONE', #9865, #8540, #2941, .T. ) ;
#8022 = CARTESIAN_POINT ( 'NONE',  ( 4.725000000000003200, 8.000000000000007100, -15.99999999999999600 ) ) ;
#8023 = DIRECTION ( 'NONE',  ( 1.000000000000000000, -0.0000000000000000000, -0.0000000000000000000 ) ) ;
#8024 = DIRECTION ( 'NONE',  ( -1.000000000000000000, 0.0000000000000000000, -0.0000000000000000000 ) ) ;
#8025 = AXIS2_PLACEMENT_3D ( 'NONE', #8416, #9260, #10917 ) ;
#8026 = DIRECTION ( 'NONE',  ( -1.000000000000000000, 0.0000000000000000000, 0.0000000000000000000 ) ) ;
#8027 = ORIENTED_EDGE ( 'NONE', *, *, #3389, .F. ) ;
#8028 = CARTESIAN_POINT ( 'NONE',  ( 1.250000000000000200, 36.68629150101524100, 2.024999999999999900 ) ) ;
#8029 = ORIENTED_EDGE ( 'NONE', *, *, #9909, .F. ) ;
#8030 = CIRCLE ( 'NONE', #10976, 2.024999999999997200 ) ;
#8031 = ORIENTED_EDGE ( 'NONE', *, *, #8682, .F. ) ;
#8032 = FACE_OUTER_BOUND ( 'NONE', #8176, .T. ) ;
#8033 = CARTESIAN_POINT ( 'NONE',  ( -1.249999999999999800, 88.00000000000002800, -7.999999999999996400 ) ) ;
#8034 = CIRCLE ( 'NONE', #226, 2.025000000000004400 ) ;
#8035 = DIRECTION ( 'NONE',  ( -1.000000000000000000, 0.0000000000000000000, 0.0000000000000000000 ) ) ;
#8036 = CARTESIAN_POINT ( 'NONE',  ( 6.750000000000000000, 136.0000000000000000, -13.50000000000000200 ) ) ;
#8037 = DIRECTION ( 'NONE',  ( 1.000000000000000000, -0.0000000000000000000, 0.0000000000000000000 ) ) ;
#8038 = ORIENTED_EDGE ( 'NONE', *, *, #4956, .T. ) ;
#8039 = ORIENTED_EDGE ( 'NONE', *, *, #5020, .F. ) ;
#8040 = ORIENTED_EDGE ( 'NONE', *, *, #2269, .T. ) ;
#8041 = ORIENTED_EDGE ( 'NONE', *, *, #8553, .T. ) ;
#8042 = ORIENTED_EDGE ( 'NONE', *, *, #9028, .F. ) ;
#8043 = LINE ( 'NONE', #4628, #5780 ) ;
#8044 = LINE ( 'NONE', #10527, #5531 ) ;
#8045 = VERTEX_POINT ( 'NONE', #8593 ) ;
#8046 = CARTESIAN_POINT ( 'NONE',  ( 1.250000000000000200, 89.43189123190276700, 9.431891231902762100 ) ) ;
#8047 = ORIENTED_EDGE ( 'NONE', *, *, #6531, .F. ) ;
#8048 = CARTESIAN_POINT ( 'NONE',  ( -1.249999999999999800, 133.4318912319028000, -13.43189123190274400 ) ) ;
#8049 = DIRECTION ( 'NONE',  ( 1.000000000000000000, -0.0000000000000000000, -0.0000000000000000000 ) ) ;
#8050 = ORIENTED_EDGE ( 'NONE', *, *, #7214, .T. ) ;
#8051 = ORIENTED_EDGE ( 'NONE', *, *, #3662, .F. ) ;
#8052 = DIRECTION ( 'NONE',  ( 3.652049423109066300E-016, -0.0000000000000000000, -1.000000000000000000 ) ) ;
#8053 = VECTOR ( 'NONE', #6173, 1000.000000000000000 ) ;
#8054 = CARTESIAN_POINT ( 'NONE',  ( -1.249999999999999800, 129.4318912319027400, 6.568108768097250300 ) ) ;
#8055 = AXIS2_PLACEMENT_3D ( 'NONE', #6792, #6692, #2410 ) ;
#8056 = CARTESIAN_POINT ( 'NONE',  ( -1.249999999999999800, 57.91717260614134200, -7.053390142335806500 ) ) ;
#8057 = CYLINDRICAL_SURFACE ( 'NONE', #7813, 2.025000000000000800 ) ;
#8058 = ORIENTED_EDGE ( 'NONE', *, *, #4258, .T. ) ;
#8059 = CARTESIAN_POINT ( 'NONE',  ( 6.750000000000000000, 136.0000000000000000, -13.50000000000000200 ) ) ;
#8060 = EDGE_LOOP ( 'NONE', ( #2360, #7128, #4522, #7967 ) ) ;
#8061 = EDGE_CURVE ( 'NONE', #7983, #4132, #4684, .T. ) ;
#8062 = ORIENTED_EDGE ( 'NONE', *, *, #9983, .T. ) ;
#8063 = DIRECTION ( 'NONE',  ( 1.000000000000000000, -0.0000000000000000000, -0.0000000000000000000 ) ) ;
#8064 = CARTESIAN_POINT ( 'NONE',  ( 6.749999999999989300, 72.00000000000001400, 16.00000000000000400 ) ) ;
#8065 = EDGE_CURVE ( 'NONE', #602, #10103, #10376, .T. ) ;
#8066 = DIRECTION ( 'NONE',  ( -1.000000000000000000, 0.0000000000000000000, 0.0000000000000000000 ) ) ;
#8067 = LINE ( 'NONE', #1184, #10567 ) ;
#8068 = VERTEX_POINT ( 'NONE', #4899 ) ;
#8069 = ADVANCED_FACE ( 'NONE', ( #6953 ), #6061, .F. ) ;
#8070 = DIRECTION ( 'NONE',  ( 1.000000000000000000, -0.0000000000000000000, 0.0000000000000000000 ) ) ;
#8071 = ORIENTED_EDGE ( 'NONE', *, *, #2389, .T. ) ;
#8072 = ORIENTED_EDGE ( 'NONE', *, *, #4530, .T. ) ;
#8073 = EDGE_CURVE ( 'NONE', #643, #1347, #5360, .T. ) ;
#8074 = AXIS2_PLACEMENT_3D ( 'NONE', #2429, #1610, #4982 ) ;
#8075 = CYLINDRICAL_SURFACE ( 'NONE', #8280, 2.024999999999998100 ) ;
#8076 = AXIS2_PLACEMENT_3D ( 'NONE', #5740, #2212, #8989 ) ;
#8077 = CARTESIAN_POINT ( 'NONE',  ( -1.249999999999999800, 85.43189123190279600, -13.43189123190274400 ) ) ;
#8078 = CIRCLE ( 'NONE', #5954, 2.024999999999998100 ) ;
#8079 = EDGE_CURVE ( 'NONE', #6073, #2534, #10882, .T. ) ;
#8080 = DIRECTION ( 'NONE',  ( 0.0000000000000000000, 0.0000000000000000000, -1.000000000000000000 ) ) ;
#8081 = ORIENTED_EDGE ( 'NONE', *, *, #355, .T. ) ;
#8082 = ORIENTED_EDGE ( 'NONE', *, *, #10541, .T. ) ;
#8083 = CARTESIAN_POINT ( 'NONE',  ( 4.724999999999991700, 184.0000000000000000, 16.00000000000000400 ) ) ;
#8084 = CARTESIAN_POINT ( 'NONE',  ( 1.250000000000000200, 161.4318912319027700, 9.431891231902762100 ) ) ;
#8085 = LINE ( 'NONE', #6290, #5435 ) ;
#8086 = VECTOR ( 'NONE', #7240, 1000.000000000000000 ) ;
#8087 = EDGE_CURVE ( 'NONE', #10223, #4423, #7089, .T. ) ;
#8088 = AXIS2_PLACEMENT_3D ( 'NONE', #2770, #3623, #10145 ) ;
#8089 = DIRECTION ( 'NONE',  ( 1.000000000000000000, -0.0000000000000000000, -0.0000000000000000000 ) ) ;
#8090 = ORIENTED_EDGE ( 'NONE', *, *, #5213, .F. ) ;
#8091 = ORIENTED_EDGE ( 'NONE', *, *, #5477, .F. ) ;
#8092 = DIRECTION ( 'NONE',  ( 0.0000000000000000000, -0.7071067811865450200, 0.7071067811865501300 ) ) ;
#8093 = CIRCLE ( 'NONE', #4191, 2.024999999999999900 ) ;
#8094 = FACE_BOUND ( 'NONE', #7905, .T. ) ;
#8095 = DIRECTION ( 'NONE',  ( -1.826024711554532900E-016, 0.0000000000000000000, 1.000000000000000000 ) ) ;
#8096 = EDGE_CURVE ( 'NONE', #2253, #4805, #4800, .T. ) ;
#8097 = DIRECTION ( 'NONE',  ( 0.0000000000000000000, 0.0000000000000000000, -1.000000000000000000 ) ) ;
#8098 = VERTEX_POINT ( 'NONE', #2482 ) ;
#8099 = ORIENTED_EDGE ( 'NONE', *, *, #7508, .F. ) ;
#8100 = EDGE_CURVE ( 'NONE', #68, #5292, #6803, .T. ) ;
#8101 = DIRECTION ( 'NONE',  ( 1.000000000000000000, -0.0000000000000000000, -0.0000000000000000000 ) ) ;
#8102 = LINE ( 'NONE', #2130, #5844 ) ;
#8103 = DIRECTION ( 'NONE',  ( -1.000000000000000000, 0.0000000000000000000, 0.0000000000000000000 ) ) ;
#8104 = CIRCLE ( 'NONE', #2801, 2.025000000000002600 ) ;
#8105 = ORIENTED_EDGE ( 'NONE', *, *, #7229, .F. ) ;
#8106 = CARTESIAN_POINT ( 'NONE',  ( 8.774999999999987900, 56.00000000000000700, 16.00000000000000400 ) ) ;
#8107 = ORIENTED_EDGE ( 'NONE', *, *, #8079, .F. ) ;
#8108 = FACE_OUTER_BOUND ( 'NONE', #6259, .T. ) ;
#8109 = CARTESIAN_POINT ( 'NONE',  ( 6.750000000000000900, 128.0000000000000000, -15.99999999999999600 ) ) ;
#8110 = AXIS2_PLACEMENT_3D ( 'NONE', #2124, #7291, #3877 ) ;
#8111 = FACE_BOUND ( 'NONE', #1970, .T. ) ;
#8112 = CARTESIAN_POINT ( 'NONE',  ( -1.249999999999999800, 64.00000000000000000, 8.000000000000000000 ) ) ;
#8113 = CARTESIAN_POINT ( 'NONE',  ( 6.749999999999989300, 72.00000000000001400, 16.00000000000000400 ) ) ;
#8114 = ADVANCED_FACE ( 'NONE', ( #2383 ), #5494, .F. ) ;
#8115 = ORIENTED_EDGE ( 'NONE', *, *, #7691, .T. ) ;
#8116 = VERTEX_POINT ( 'NONE', #6015 ) ;
#8117 = EDGE_CURVE ( 'NONE', #2539, #3701, #3597, .T. ) ;
#8118 = CYLINDRICAL_SURFACE ( 'NONE', #5980, 6.999999999999999100 ) ;
#8119 = CARTESIAN_POINT ( 'NONE',  ( 8.774999999999987900, 176.0000000000000300, 16.00000000000000400 ) ) ;
#8120 = LINE ( 'NONE', #3146, #3583 ) ;
#8121 = ORIENTED_EDGE ( 'NONE', *, *, #3204, .T. ) ;
#8122 = EDGE_LOOP ( 'NONE', ( #6339, #1773, #181, #1615 ) ) ;
#8123 = CARTESIAN_POINT ( 'NONE',  ( 6.749999999999989300, 64.00000000000000000, 16.00000000000000400 ) ) ;
#8124 = VECTOR ( 'NONE', #9388, 1000.000000000000000 ) ;
#8125 = CARTESIAN_POINT ( 'NONE',  ( -1.249999999999999800, 152.0000000000000000, 8.000000000000000000 ) ) ;
#8126 = CARTESIAN_POINT ( 'NONE',  ( 10.75000000000000400, 192.0000000000000000, -13.50000000000000000 ) ) ;
#8127 = CIRCLE ( 'NONE', #6709, 2.024999999999997200 ) ;
#8128 = EDGE_CURVE ( 'NONE', #4271, #9620, #6684, .T. ) ;
#8129 = LINE ( 'NONE', #5217, #10886 ) ;
#8130 = AXIS2_PLACEMENT_3D ( 'NONE', #88, #6028, #6069 ) ;
#8131 = ORIENTED_EDGE ( 'NONE', *, *, #6613, .T. ) ;
#8132 = DIRECTION ( 'NONE',  ( 0.0000000000000000000, 0.0000000000000000000, -1.000000000000000000 ) ) ;
#8133 = DIRECTION ( 'NONE',  ( 3.652049423109066300E-016, -0.0000000000000000000, -1.000000000000000000 ) ) ;
#8134 = EDGE_CURVE ( 'NONE', #1581, #4597, #7228, .T. ) ;
#8135 = CYLINDRICAL_SURFACE ( 'NONE', #7752, 2.024999999999998100 ) ;
#8136 = EDGE_LOOP ( 'NONE', ( #1300, #5041, #7504, #4443 ) ) ;
#8137 = FACE_BOUND ( 'NONE', #6134, .T. ) ;
#8138 = CARTESIAN_POINT ( 'NONE',  ( 10.75000000000000000, 0.0000000000000000000, 15.99999999999999600 ) ) ;
#8139 = VECTOR ( 'NONE', #1849, 1000.000000000000000 ) ;
#8140 = VERTEX_POINT ( 'NONE', #4273 ) ;
#8141 = CARTESIAN_POINT ( 'NONE',  ( 1.250000000000000200, 192.0000000000000000, -13.50000000000000200 ) ) ;
#8142 = EDGE_CURVE ( 'NONE', #5082, #3404, #8649, .T. ) ;
#8143 = AXIS2_PLACEMENT_3D ( 'NONE', #7979, #235, #1124 ) ;
#8144 = ORIENTED_EDGE ( 'NONE', *, *, #10832, .T. ) ;
#8145 = VERTEX_POINT ( 'NONE', #7645 ) ;
#8146 = DIRECTION ( 'NONE',  ( 0.0000000000000000000, 0.0000000000000000000, -1.000000000000000000 ) ) ;
#8147 = FACE_OUTER_BOUND ( 'NONE', #9283, .T. ) ;
#8148 = CARTESIAN_POINT ( 'NONE',  ( 6.749999999999989300, 104.0000000000000100, 16.00000000000000400 ) ) ;
#8149 = DIRECTION ( 'NONE',  ( 1.000000000000000000, -0.0000000000000000000, -0.0000000000000000000 ) ) ;
#8150 = FACE_OUTER_BOUND ( 'NONE', #6751, .T. ) ;
#8151 = DIRECTION ( 'NONE',  ( 1.000000000000000000, 0.0000000000000000000, -0.0000000000000000000 ) ) ;
#8152 = ORIENTED_EDGE ( 'NONE', *, *, #10192, .T. ) ;
#8153 = DIRECTION ( 'NONE',  ( 1.000000000000000000, -0.0000000000000000000, 0.0000000000000000000 ) ) ;
#8154 = VERTEX_POINT ( 'NONE', #3690 ) ;
#8155 = EDGE_LOOP ( 'NONE', ( #3824, #2691, #1764, #2462, #5923 ) ) ;
#8156 = CARTESIAN_POINT ( 'NONE',  ( 4.724999999999993400, 160.0000000000000000, 13.50000000000000000 ) ) ;
#8157 = ORIENTED_EDGE ( 'NONE', *, *, #9324, .T. ) ;
#8158 = CARTESIAN_POINT ( 'NONE',  ( 1.250000000000000200, 72.00000000000001400, -2.024999999999999900 ) ) ;
#8159 = FACE_OUTER_BOUND ( 'NONE', #6830, .T. ) ;
#8160 = EDGE_CURVE ( 'NONE', #9810, #9365, #5873, .T. ) ;
#8161 = DIRECTION ( 'NONE',  ( 0.0000000000000000000, 0.0000000000000000000, -1.000000000000000000 ) ) ;
#8162 = FACE_OUTER_BOUND ( 'NONE', #8906, .T. ) ;
#8163 = DIRECTION ( 'NONE',  ( 0.0000000000000000000, 0.0000000000000000000, -1.000000000000000000 ) ) ;
#8164 = AXIS2_PLACEMENT_3D ( 'NONE', #956, #218, #10318 ) ;
#8165 = DIRECTION ( 'NONE',  ( 1.000000000000000000, -0.0000000000000000000, -0.0000000000000000000 ) ) ;
#8166 = DIRECTION ( 'NONE',  ( 0.0000000000000000000, 0.0000000000000000000, -1.000000000000000000 ) ) ;
#8167 = ORIENTED_EDGE ( 'NONE', *, *, #5260, .F. ) ;
#8168 = VERTEX_POINT ( 'NONE', #6178 ) ;
#8169 = ORIENTED_EDGE ( 'NONE', *, *, #7450, .T. ) ;
#8170 = ADVANCED_FACE ( 'NONE', ( #9427 ), #1052, .F. ) ;
#8171 = EDGE_LOOP ( 'NONE', ( #8082, #8521, #6333, #4294 ) ) ;
#8172 = DIRECTION ( 'NONE',  ( 0.0000000000000000000, -1.000000000000000000, 0.0000000000000000000 ) ) ;
#8173 = EDGE_LOOP ( 'NONE', ( #5443, #5265, #6337, #3818 ) ) ;
#8174 = DIRECTION ( 'NONE',  ( 0.0000000000000000000, 0.0000000000000000000, -1.000000000000000000 ) ) ;
#8175 = CYLINDRICAL_SURFACE ( 'NONE', #9107, 2.025000000000002600 ) ;
#8176 = EDGE_LOOP ( 'NONE', ( #1962, #7335, #5909, #2989 ) ) ;
#8177 = ORIENTED_EDGE ( 'NONE', *, *, #3503, .T. ) ;
#8178 = ORIENTED_EDGE ( 'NONE', *, *, #10863, .T. ) ;
#8179 = ADVANCED_FACE ( 'NONE', ( #4944 ), #2660, .F. ) ;
#8180 = EDGE_CURVE ( 'NONE', #9261, #7426, #8127, .T. ) ;
#8181 = DIRECTION ( 'NONE',  ( 3.652049423109066300E-016, 0.0000000000000000000, -1.000000000000000000 ) ) ;
#8182 = CIRCLE ( 'NONE', #8873, 2.024999999999997200 ) ;
#8183 = ORIENTED_EDGE ( 'NONE', *, *, #1056, .F. ) ;
#8184 = DIRECTION ( 'NONE',  ( -1.387778780781447500E-015, 0.0000000000000000000, -1.000000000000000000 ) ) ;
#8185 = PLANE ( 'NONE',  #9397 ) ;
#8186 = ORIENTED_EDGE ( 'NONE', *, *, #4390, .F. ) ;
#8187 = AXIS2_PLACEMENT_3D ( 'NONE', #275, #6222, #7035 ) ;
#8188 = EDGE_LOOP ( 'NONE', ( #2565, #303 ) ) ;
#8189 = FACE_OUTER_BOUND ( 'NONE', #1257, .T. ) ;
#8190 = ORIENTED_EDGE ( 'NONE', *, *, #9983, .F. ) ;
#8191 = DIRECTION ( 'NONE',  ( 0.0000000000000000000, -1.000000000000000000, 0.0000000000000000000 ) ) ;
#8192 = LINE ( 'NONE', #10903, #3516 ) ;
#8193 = ORIENTED_EDGE ( 'NONE', *, *, #10888, .T. ) ;
#8194 = AXIS2_PLACEMENT_3D ( 'NONE', #4177, #10123, #3371 ) ;
#8195 = DIRECTION ( 'NONE',  ( 0.0000000000000000000, -0.7071067811865615600, -0.7071067811865335800 ) ) ;
#8196 = CARTESIAN_POINT ( 'NONE',  ( 1.250000000000000200, 156.6862915010152300, 2.024999999999999900 ) ) ;
#8197 = EDGE_CURVE ( 'NONE', #130, #1241, #135, .T. ) ;
#8198 = EDGE_LOOP ( 'NONE', ( #5677, #492, #3639, #2850 ) ) ;
#8199 = CARTESIAN_POINT ( 'NONE',  ( 1.250000000000000200, 154.5681087680973200, 10.56810876809721700 ) ) ;
#8200 = EDGE_LOOP ( 'NONE', ( #9048, #2537, #7851, #3165 ) ) ;
#8201 = CYLINDRICAL_SURFACE ( 'NONE', #6603, 2.024999999999998100 ) ;
#8202 = CARTESIAN_POINT ( 'NONE',  ( 1.250000000000000200, 0.0000000000000000000, 2.024999999999999900 ) ) ;
#8203 = VECTOR ( 'NONE', #8530, 1000.000000000000000 ) ;
#8204 = DIRECTION ( 'NONE',  ( 1.000000000000000000, -0.0000000000000000000, -0.0000000000000000000 ) ) ;
#8205 = EDGE_CURVE ( 'NONE', #4211, #4562, #6155, .T. ) ;
#8206 = AXIS2_PLACEMENT_3D ( 'NONE', #8059, #5406, #7147 ) ;
#8207 = ORIENTED_EDGE ( 'NONE', *, *, #5659, .F. ) ;
#8208 = AXIS2_PLACEMENT_3D ( 'NONE', #8005, #3789, #8080 ) ;
#8209 = EDGE_CURVE ( 'NONE', #7555, #10784, #8380, .T. ) ;
#8210 = FACE_OUTER_BOUND ( 'NONE', #9195, .T. ) ;
#8211 = DIRECTION ( 'NONE',  ( 0.0000000000000000000, 0.7071067811865424700, -0.7071067811865526800 ) ) ;
#8212 = CARTESIAN_POINT ( 'NONE',  ( -1.249999999999999800, 64.00000000000000000, 5.974999999999997900 ) ) ;
#8213 = ORIENTED_EDGE ( 'NONE', *, *, #4669, .F. ) ;
#8215 = ADVANCED_FACE ( 'NONE', ( #420 ), #7863, .F. ) ;
#8214 = ORIENTED_EDGE ( 'NONE', *, *, #1032, .F. ) ;
#8216 = DIRECTION ( 'NONE',  ( 0.0000000000000000000, 0.0000000000000000000, -1.000000000000000000 ) ) ;
#8217 = CIRCLE ( 'NONE', #1933, 2.024999999999990100 ) ;
#8218 = EDGE_CURVE ( 'NONE', #7532, #10922, #8635, .T. ) ;
#8219 = VECTOR ( 'NONE', #245, 1000.000000000000000 ) ;
#8220 = AXIS2_PLACEMENT_3D ( 'NONE', #4238, #4945, #4974 ) ;
#8221 = DIRECTION ( 'NONE',  ( -1.000000000000000000, 0.0000000000000000000, 0.0000000000000000000 ) ) ;
#8222 = EDGE_LOOP ( 'NONE', ( #1943, #1061 ) ) ;
#8223 = EDGE_LOOP ( 'NONE', ( #9064, #6311, #2840, #9098 ) ) ;
#8224 = FACE_BOUND ( 'NONE', #3376, .T. ) ;
#8225 = ADVANCED_FACE ( 'NONE', ( #274 ), #7836, .T. ) ;
#8226 = CARTESIAN_POINT ( 'NONE',  ( 1.250000000000001100, 7.053390142335811900, -9.917172606141324600 ) ) ;
#8227 = CARTESIAN_POINT ( 'NONE',  ( 6.750000000000000000, 160.0000000000000000, -13.50000000000000200 ) ) ;
#8228 = FACE_BOUND ( 'NONE', #7127, .T. ) ;
#8229 = CARTESIAN_POINT ( 'NONE',  ( 1.250000000000000200, 184.0000000000000000, -7.999999999999974200 ) ) ;
#8230 = ORIENTED_EDGE ( 'NONE', *, *, #5225, .T. ) ;
#8231 = EDGE_LOOP ( 'NONE', ( #5060, #1524, #3479, #9933, #10003 ) ) ;
#8232 = CIRCLE ( 'NONE', #4259, 2.024999999999999000 ) ;
#8233 = FACE_BOUND ( 'NONE', #8582, .T. ) ;
#8234 = CARTESIAN_POINT ( 'NONE',  ( 1.250000000000000200, 72.00000000000001400, 0.0000000000000000000 ) ) ;
#8235 = DIRECTION ( 'NONE',  ( -1.387778780781447500E-015, 0.0000000000000000000, -1.000000000000000000 ) ) ;
#8236 = ORIENTED_EDGE ( 'NONE', *, *, #6939, .T. ) ;
#8237 = VERTEX_POINT ( 'NONE', #3573 ) ;
#8238 = ORIENTED_EDGE ( 'NONE', *, *, #1897, .F. ) ;
#8239 = AXIS2_PLACEMENT_3D ( 'NONE', #9676, #1256, #2924 ) ;
#8240 = VECTOR ( 'NONE', #2952, 1000.000000000000000 ) ;
#8241 = CARTESIAN_POINT ( 'NONE',  ( 6.750000000000000900, 32.00000000000000700, -15.99999999999999600 ) ) ;
#8242 = CIRCLE ( 'NONE', #4946, 2.024999999999997200 ) ;
#8243 = DIRECTION ( 'NONE',  ( -1.000000000000000000, 0.0000000000000000000, 0.0000000000000000000 ) ) ;
#8244 = EDGE_LOOP ( 'NONE', ( #986, #11000, #5695, #9043 ) ) ;
#8245 = EDGE_CURVE ( 'NONE', #1094, #3650, #4098, .T. ) ;
#8246 = DIRECTION ( 'NONE',  ( -1.000000000000000000, 0.0000000000000000000, 0.0000000000000000000 ) ) ;
#8247 = EDGE_LOOP ( 'NONE', ( #1688, #6240, #10334, #3886 ) ) ;
#8248 = ORIENTED_EDGE ( 'NONE', *, *, #8349, .F. ) ;
#8249 = LINE ( 'NONE', #4083, #2254 ) ;
#8250 = EDGE_CURVE ( 'NONE', #7900, #9322, #6292, .T. ) ;
#8251 = CARTESIAN_POINT ( 'NONE',  ( 6.749999999999989300, 144.0000000000000300, 16.00000000000000400 ) ) ;
#8252 = DIRECTION ( 'NONE',  ( 1.000000000000000000, -0.0000000000000000000, -0.0000000000000000000 ) ) ;
#8253 = DIRECTION ( 'NONE',  ( 1.000000000000000000, -0.0000000000000000000, 0.0000000000000000000 ) ) ;
#8254 = CIRCLE ( 'NONE', #5938, 2.024999999999998100 ) ;
#8255 = EDGE_LOOP ( 'NONE', ( #8342, #9176, #7375, #6049, #9966 ) ) ;
#8256 = DIRECTION ( 'NONE',  ( 0.0000000000000000000, 0.7071067811865469100, 0.7071067811865482400 ) ) ;
#8257 = ORIENTED_EDGE ( 'NONE', *, *, #6531, .T. ) ;
#8258 = DIRECTION ( 'NONE',  ( 1.000000000000000000, 0.0000000000000000000, 0.0000000000000000000 ) ) ;
#8259 = VERTEX_POINT ( 'NONE', #2679 ) ;
#8260 = VECTOR ( 'NONE', #8828, 1000.000000000000000 ) ;
#8261 = EDGE_CURVE ( 'NONE', #8736, #5778, #1991, .T. ) ;
#8262 = AXIS2_PLACEMENT_3D ( 'NONE', #1835, #9371, #10355 ) ;
#8263 = ADVANCED_FACE ( 'NONE', ( #5865 ), #5202, .F. ) ;
#8264 = AXIS2_PLACEMENT_3D ( 'NONE', #5261, #10537, #930 ) ;
#8265 = CARTESIAN_POINT ( 'NONE',  ( 1.250000000000000200, 94.56810876809359500, -94.56810876809734600 ) ) ;
#8266 = LINE ( 'NONE', #5274, #6029 ) ;
#8267 = CARTESIAN_POINT ( 'NONE',  ( 2.465133360598619700E-015, 192.0000000000000000, 13.50000000000000200 ) ) ;
#8268 = CARTESIAN_POINT ( 'NONE',  ( -1.249999999999999800, 33.91717260614134200, -7.053390142335809200 ) ) ;
#8269 = EDGE_LOOP ( 'NONE', ( #9981, #9306, #4414, #2350 ) ) ;
#8270 = EDGE_CURVE ( 'NONE', #7202, #7620, #2930, .T. ) ;
#8271 = EDGE_LOOP ( 'NONE', ( #4086, #1276, #7203, #9743 ) ) ;
#8272 = EDGE_LOOP ( 'NONE', ( #6736, #8444, #5342, #3884 ) ) ;
#8273 = LINE ( 'NONE', #4286, #22 ) ;
#8274 = ORIENTED_EDGE ( 'NONE', *, *, #1224, .T. ) ;
#8275 = LINE ( 'NONE', #7173, #9736 ) ;
#8276 = LINE ( 'NONE', #2312, #6719 ) ;
#8277 = ADVANCED_FACE ( 'NONE', ( #6674 ), #4600, .T. ) ;
#8278 = CARTESIAN_POINT ( 'NONE',  ( 8.774999999999987900, 72.00000000000001400, 13.50000000000000000 ) ) ;
#8279 = EDGE_CURVE ( 'NONE', #8417, #1961, #3307, .T. ) ;
#8280 = AXIS2_PLACEMENT_3D ( 'NONE', #10046, #2466, #5057 ) ;
#8281 = VERTEX_POINT ( 'NONE', #2150 ) ;
#8282 = AXIS2_PLACEMENT_3D ( 'NONE', #1043, #7874, #6219 ) ;
#8283 = CARTESIAN_POINT ( 'NONE',  ( -1.249999999999999800, 112.0000000000000000, 8.000000000000000000 ) ) ;
#8284 = DIRECTION ( 'NONE',  ( 1.000000000000000000, -0.0000000000000000000, -0.0000000000000000000 ) ) ;
#8285 = ORIENTED_EDGE ( 'NONE', *, *, #8324, .T. ) ;
#8286 = ORIENTED_EDGE ( 'NONE', *, *, #2338, .F. ) ;
#8287 = DIRECTION ( 'NONE',  ( 3.652049423109066300E-016, 0.0000000000000000000, -1.000000000000000000 ) ) ;
#8288 = VERTEX_POINT ( 'NONE', #4674 ) ;
#8289 = EDGE_LOOP ( 'NONE', ( #7680, #10349 ) ) ;
#8290 = VECTOR ( 'NONE', #387, 1000.000000000000100 ) ;
#8291 = DIRECTION ( 'NONE',  ( 1.000000000000000000, -0.0000000000000000000, 0.0000000000000000000 ) ) ;
#8292 = CARTESIAN_POINT ( 'NONE',  ( -1.249999999999999800, 37.43189123190278900, -13.43189123190274400 ) ) ;
#8293 = LINE ( 'NONE', #890, #9465 ) ;
#8294 = EDGE_CURVE ( 'NONE', #5996, #6357, #3724, .T. ) ;
#8295 = DIRECTION ( 'NONE',  ( 1.000000000000000000, -0.0000000000000000000, 0.0000000000000000000 ) ) ;
#8296 = ORIENTED_EDGE ( 'NONE', *, *, #1992, .F. ) ;
#8297 = EDGE_LOOP ( 'NONE', ( #3654, #9225, #6873, #3122 ) ) ;
#8298 = EDGE_LOOP ( 'NONE', ( #3614, #183, #9726, #4179 ) ) ;
#8299 = EDGE_CURVE ( 'NONE', #7224, #1601, #10628, .T. ) ;
#8300 = ORIENTED_EDGE ( 'NONE', *, *, #2186, .T. ) ;
#8301 = DIRECTION ( 'NONE',  ( 0.0000000000000000000, 0.0000000000000000000, -1.000000000000000000 ) ) ;
#8302 = CARTESIAN_POINT ( 'NONE',  ( -1.249999999999999800, 84.68629150101523400, 0.0000000000000000000 ) ) ;
#8303 = AXIS2_PLACEMENT_3D ( 'NONE', #2756, #4431, #3529 ) ;
#8304 = CIRCLE ( 'NONE', #432, 2.025000000000004400 ) ;
#8305 = CARTESIAN_POINT ( 'NONE',  ( -1.249999999999999800, 128.0000000000000000, 8.000000000000000000 ) ) ;
#8306 = CARTESIAN_POINT ( 'NONE',  ( 1.250000000000000200, 144.0000000000000000, 0.0000000000000000000 ) ) ;
#8307 = CARTESIAN_POINT ( 'NONE',  ( -1.249999999999999800, 160.0000000000000300, 5.974999999999997900 ) ) ;
#8308 = LINE ( 'NONE', #1370, #9627 ) ;
#8309 = ORIENTED_EDGE ( 'NONE', *, *, #3544, .T. ) ;
#8310 = ORIENTED_EDGE ( 'NONE', *, *, #6972, .F. ) ;
#8311 = CARTESIAN_POINT ( 'NONE',  ( -1.249999999999999800, 133.4318912319026500, 13.43189123190281200 ) ) ;
#8312 = DIRECTION ( 'NONE',  ( 3.652049423109066300E-016, 0.0000000000000000000, -1.000000000000000000 ) ) ;
#8313 = DIRECTION ( 'NONE',  ( 1.000000000000000000, -0.0000000000000000000, 0.0000000000000000000 ) ) ;
#8314 = VERTEX_POINT ( 'NONE', #2116 ) ;
#8315 = AXIS2_PLACEMENT_3D ( 'NONE', #5621, #9672, #2095 ) ;
#8316 = COORDINATED_UNIVERSAL_TIME_OFFSET ( 6, 0, .BEHIND. ) ;
#8317 = DIRECTION ( 'NONE',  ( 1.000000000000000000, -0.0000000000000000000, -0.0000000000000000000 ) ) ;
#8318 = VECTOR ( 'NONE', #6399, 1000.000000000000000 ) ;
#8319 = VERTEX_POINT ( 'NONE', #8056 ) ;
#8320 = CARTESIAN_POINT ( 'NONE',  ( -46.75000000000000000, 184.0000000000000000, 8.000000000000019500 ) ) ;
#8321 = EDGE_CURVE ( 'NONE', #4212, #5667, #6420, .T. ) ;
#8322 = EDGE_LOOP ( 'NONE', ( #4103, #358, #9294, #6798 ) ) ;
#8323 = ORIENTED_EDGE ( 'NONE', *, *, #1068, .F. ) ;
#8324 = EDGE_CURVE ( 'NONE', #9322, #7900, #121, .T. ) ;
#8325 = LINE ( 'NONE', #2362, #8584 ) ;
#8326 = ADVANCED_FACE ( 'NONE', ( #10752 ), #3801, .T. ) ;
#8327 = CARTESIAN_POINT ( 'NONE',  ( -1.249999999999999800, 104.4852813742385700, 8.485281374238569500 ) ) ;
#8328 = LINE ( 'NONE', #941, #9368 ) ;
#8329 = DIRECTION ( 'NONE',  ( 3.652049423109066300E-016, 0.0000000000000000000, -1.000000000000000000 ) ) ;
#8330 = AXIS2_PLACEMENT_3D ( 'NONE', #1728, #5271, #9346 ) ;
#8331 = DIRECTION ( 'NONE',  ( 0.0000000000000000000, 0.7071067811865505700, -0.7071067811865444600 ) ) ;
#8332 = VERTEX_POINT ( 'NONE', #10596 ) ;
#8333 = EDGE_LOOP ( 'NONE', ( #6176, #4429, #5375, #3522 ) ) ;
#8334 = EDGE_CURVE ( 'NONE', #1560, #1448, #7217, .T. ) ;
#8335 = VECTOR ( 'NONE', #7571, 999.9999999999998900 ) ;
#8336 = AXIS2_PLACEMENT_3D ( 'NONE', #2659, #3513, #255 ) ;
#8337 = CIRCLE ( 'NONE', #9711, 2.024999999999999000 ) ;
#8338 = CARTESIAN_POINT ( 'NONE',  ( 6.750000000000000900, 136.0000000000000000, -15.99999999999999600 ) ) ;
#8339 = ADVANCED_FACE ( 'NONE', ( #920 ), #8930, .F. ) ;
#8340 = EDGE_CURVE ( 'NONE', #149, #1132, #1453, .T. ) ;
#8341 = CARTESIAN_POINT ( 'NONE',  ( 6.749999999999989300, 16.00000000000000700, 16.00000000000000400 ) ) ;
#8342 = ORIENTED_EDGE ( 'NONE', *, *, #4160, .F. ) ;
#8343 = VERTEX_POINT ( 'NONE', #5575 ) ;
#8344 = DIRECTION ( 'NONE',  ( 1.000000000000000000, -0.0000000000000000000, 0.0000000000000000000 ) ) ;
#8345 = FACE_OUTER_BOUND ( 'NONE', #7133, .T. ) ;
#8346 = CARTESIAN_POINT ( 'NONE',  ( 8.774999999999998600, 152.0000000000000300, -15.99999999999999600 ) ) ;
#8347 = CARTESIAN_POINT ( 'NONE',  ( 6.749999999999989300, 16.00000000000000700, 16.00000000000000400 ) ) ;
#8348 = FACE_BOUND ( 'NONE', #4765, .T. ) ;
#8349 = EDGE_CURVE ( 'NONE', #280, #7729, #8780, .T. ) ;
#8350 = AXIS2_PLACEMENT_3D ( 'NONE', #10663, #1340, #3156 ) ;
#8351 = DIRECTION ( 'NONE',  ( 0.0000000000000000000, 0.0000000000000000000, -1.000000000000000000 ) ) ;
#8352 = CARTESIAN_POINT ( 'NONE',  ( -1.249999999999999800, 80.48528137423858200, -10.51028137423856800 ) ) ;
#8353 = ORIENTED_EDGE ( 'NONE', *, *, #1382, .F. ) ;
#8354 = DIRECTION ( 'NONE',  ( 1.000000000000000000, -0.0000000000000000000, 0.0000000000000000000 ) ) ;
#8355 = ORIENTED_EDGE ( 'NONE', *, *, #1992, .T. ) ;
#8356 = FACE_OUTER_BOUND ( 'NONE', #10382, .T. ) ;
#8357 = DIRECTION ( 'NONE',  ( -1.826024711554532900E-016, 0.0000000000000000000, 1.000000000000000000 ) ) ;
#8358 = FACE_OUTER_BOUND ( 'NONE', #3952, .T. ) ;
#8359 = DIRECTION ( 'NONE',  ( 0.0000000000000000000, 0.0000000000000000000, -1.000000000000000000 ) ) ;
#8360 = DIRECTION ( 'NONE',  ( -1.000000000000000000, 0.0000000000000000000, 0.0000000000000000000 ) ) ;
#8361 = ORIENTED_EDGE ( 'NONE', *, *, #2347, .T. ) ;
#8362 = ORIENTED_EDGE ( 'NONE', *, *, #8678, .T. ) ;
#8363 = EDGE_CURVE ( 'NONE', #3229, #1861, #8371, .T. ) ;
#8364 = VECTOR ( 'NONE', #6031, 1000.000000000000000 ) ;
#8365 = AXIS2_PLACEMENT_3D ( 'NONE', #3476, #5220, #6935 ) ;
#8366 = CYLINDRICAL_SURFACE ( 'NONE', #6465, 2.024999999999998100 ) ;
#8367 = ORIENTED_EDGE ( 'NONE', *, *, #4267, .T. ) ;
#8368 = CARTESIAN_POINT ( 'NONE',  ( 1.250000000000000200, 60.68629150101524100, 0.0000000000000000000 ) ) ;
#8369 = ORIENTED_EDGE ( 'NONE', *, *, #6341, .T. ) ;
#8370 = LINE ( 'NONE', #10270, #6937 ) ;
#8371 = CIRCLE ( 'NONE', #361, 2.025000000000004400 ) ;
#8372 = DIRECTION ( 'NONE',  ( 1.000000000000000000, -0.0000000000000000000, 0.0000000000000000000 ) ) ;
#8373 = VECTOR ( 'NONE', #8211, 999.9999999999998900 ) ;
#8374 = ADVANCED_FACE ( 'NONE', ( #6545 ), #1322, .F. ) ;
#8375 = CARTESIAN_POINT ( 'NONE',  ( 1.250000000000000200, 8.485281374238571300, -8.485281374238566000 ) ) ;
#8376 = ORIENTED_EDGE ( 'NONE', *, *, #5449, .T. ) ;
#8377 = ORIENTED_EDGE ( 'NONE', *, *, #3914, .T. ) ;
#8378 = EDGE_CURVE ( 'NONE', #10935, #8591, #8506, .T. ) ;
#8379 = FACE_OUTER_BOUND ( 'NONE', #8944, .T. ) ;
#8380 = CIRCLE ( 'NONE', #8529, 2.025000000000000800 ) ;
#8381 = DIRECTION ( 'NONE',  ( 1.000000000000000000, -0.0000000000000000000, -0.0000000000000000000 ) ) ;
#8382 = DIRECTION ( 'NONE',  ( 0.0000000000000000000, 0.0000000000000000000, -1.000000000000000000 ) ) ;
#8383 = CARTESIAN_POINT ( 'NONE',  ( 6.749999999999990200, 88.00000000000002800, 13.50000000000000000 ) ) ;
#8384 = LINE ( 'NONE', #6279, #8507 ) ;
#8385 = EDGE_LOOP ( 'NONE', ( #4871, #5691 ) ) ;
#8386 = ADVANCED_FACE ( 'NONE', ( #1847 ), #3963, .F. ) ;
#8387 = DIRECTION ( 'NONE',  ( 1.000000000000000000, -0.0000000000000000000, -0.0000000000000000000 ) ) ;
#8388 = ORIENTED_EDGE ( 'NONE', *, *, #639, .T. ) ;
#8389 = VERTEX_POINT ( 'NONE', #9843 ) ;
#8390 = DIRECTION ( 'NONE',  ( 0.0000000000000000000, 0.7071067811865424700, -0.7071067811865526800 ) ) ;
#8391 = LINE ( 'NONE', #9787, #8515 ) ;
#8392 = CARTESIAN_POINT ( 'NONE',  ( -46.75000000000000000, 97.43189123190339300, -97.43189123190269600 ) ) ;
#8393 = CIRCLE ( 'NONE', #9952, 2.025000000000002600 ) ;
#8394 = AXIS2_PLACEMENT_3D ( 'NONE', #4187, #10137, #5928 ) ;
#8395 = VERTEX_POINT ( 'NONE', #6503 ) ;
#8396 = DIRECTION ( 'NONE',  ( 1.826024711554532900E-016, -0.0000000000000000000, 1.000000000000000000 ) ) ;
#8397 = EDGE_CURVE ( 'NONE', #8403, #4983, #9162, .T. ) ;
#8398 = DIRECTION ( 'NONE',  ( 1.826024711554532900E-016, -0.0000000000000000000, 1.000000000000000000 ) ) ;
#8399 = ORIENTED_EDGE ( 'NONE', *, *, #1563, .F. ) ;
#8400 = FACE_BOUND ( 'NONE', #3173, .T. ) ;
#8401 = CARTESIAN_POINT ( 'NONE',  ( 1.250000000000000200, 56.00000000000000000, -7.999999999999994700 ) ) ;
#8402 = CIRCLE ( 'NONE', #2998, 2.024999999999997200 ) ;
#8403 = VERTEX_POINT ( 'NONE', #5710 ) ;
#8404 = EDGE_CURVE ( 'NONE', #4808, #4851, #4237, .T. ) ;
#8405 = CARTESIAN_POINT ( 'NONE',  ( 4.725000000000001400, 48.00000000000000700, -13.50000000000000200 ) ) ;
#8406 = ORIENTED_EDGE ( 'NONE', *, *, #8645, .F. ) ;
#8407 = ORIENTED_EDGE ( 'NONE', *, *, #9370, .T. ) ;
#8408 = AXIS2_PLACEMENT_3D ( 'NONE', #4376, #10317, #996 ) ;
#8409 = DIRECTION ( 'NONE',  ( -1.000000000000000000, 0.0000000000000000000, -0.0000000000000000000 ) ) ;
#8410 = ORIENTED_EDGE ( 'NONE', *, *, #5409, .T. ) ;
#8411 = DIRECTION ( 'NONE',  ( 1.000000000000000000, -0.0000000000000000000, -0.0000000000000000000 ) ) ;
#8412 = FACE_OUTER_BOUND ( 'NONE', #10580, .T. ) ;
#8413 = EDGE_CURVE ( 'NONE', #7804, #5086, #6140, .T. ) ;
#8414 = VECTOR ( 'NONE', #6200, 1000.000000000000000 ) ;
#8415 = ORIENTED_EDGE ( 'NONE', *, *, #3973, .F. ) ;
#8416 = CARTESIAN_POINT ( 'NONE',  ( 6.749999999999989300, 80.00000000000001400, 16.00000000000000400 ) ) ;
#8417 = VERTEX_POINT ( 'NONE', #7346 ) ;
#8418 = ORIENTED_EDGE ( 'NONE', *, *, #1677, .F. ) ;
#8419 = DIRECTION ( 'NONE',  ( 1.000000000000000000, -0.0000000000000000000, -0.0000000000000000000 ) ) ;
#8420 = EDGE_LOOP ( 'NONE', ( #508, #3002, #4565, #8884 ) ) ;
#8421 = VERTEX_POINT ( 'NONE', #9102 ) ;
#8422 = DIRECTION ( 'NONE',  ( 1.000000000000000000, -0.0000000000000000000, 0.0000000000000000000 ) ) ;
#8423 = LINE ( 'NONE', #162, #322 ) ;
#8424 = EDGE_CURVE ( 'NONE', #7157, #5518, #5486, .T. ) ;
#8425 = AXIS2_PLACEMENT_3D ( 'NONE', #9593, #4488, #1951 ) ;
#8426 = ORIENTED_EDGE ( 'NONE', *, *, #8910, .F. ) ;
#8427 = ADVANCED_FACE ( 'NONE', ( #5609 ), #5739, .F. ) ;
#8428 = VERTEX_POINT ( 'NONE', #2187 ) ;
#8429 = CARTESIAN_POINT ( 'NONE',  ( 6.749999999999989300, 48.00000000000000700, 16.00000000000000400 ) ) ;
#8430 = VERTEX_POINT ( 'NONE', #7383 ) ;
#8431 = EDGE_CURVE ( 'NONE', #5419, #55, #2115, .T. ) ;
#8432 = CARTESIAN_POINT ( 'NONE',  ( 6.750000000000000000, 184.0000000000000000, -13.50000000000000200 ) ) ;
#8433 = VECTOR ( 'NONE', #6253, 1000.000000000000000 ) ;
#8434 = ORIENTED_EDGE ( 'NONE', *, *, #3082, .T. ) ;
#8435 = DIRECTION ( 'NONE',  ( 1.000000000000000000, -0.0000000000000000000, -0.0000000000000000000 ) ) ;
#8436 = EDGE_CURVE ( 'NONE', #1448, #2752, #3977, .T. ) ;
#8437 = DIRECTION ( 'NONE',  ( -1.000000000000000000, 0.0000000000000000000, 0.0000000000000000000 ) ) ;
#8438 = ADVANCED_FACE ( 'NONE', ( #8912 ), #5999, .F. ) ;
#8439 = CARTESIAN_POINT ( 'NONE',  ( -1.249999999999999800, 131.3137084989847700, 0.0000000000000000000 ) ) ;
#8440 = CARTESIAN_POINT ( 'NONE',  ( -1.250000000000001100, 184.0000000000000000, -7.999999999999974200 ) ) ;
#8441 = VERTEX_POINT ( 'NONE', #7529 ) ;
#8442 = CARTESIAN_POINT ( 'NONE',  ( -1.249999999999999800, 39.51471862576143900, -8.485281374238566000 ) ) ;
#8443 = DIRECTION ( 'NONE',  ( 1.826024711554532900E-016, -0.0000000000000000000, 1.000000000000000000 ) ) ;
#8444 = ORIENTED_EDGE ( 'NONE', *, *, #10963, .T. ) ;
#8445 = CARTESIAN_POINT ( 'NONE',  ( -1.249999999999999800, 39.51471862576143200, 8.485281374238569500 ) ) ;
#8446 = CIRCLE ( 'NONE', #4064, 2.024999999999999000 ) ;
#8447 = ORIENTED_EDGE ( 'NONE', *, *, #3292, .T. ) ;
#8448 = LINE ( 'NONE', #5859, #1653 ) ;
#8449 = CARTESIAN_POINT ( 'NONE',  ( -1.249999999999999800, 36.68629150101524100, 0.0000000000000000000 ) ) ;
#8450 = DIRECTION ( 'NONE',  ( 0.0000000000000000000, 0.7071067811865424700, -0.7071067811865526800 ) ) ;
#8451 = ORIENTED_EDGE ( 'NONE', *, *, #2354, .T. ) ;
#8452 = ORIENTED_EDGE ( 'NONE', *, *, #10669, .F. ) ;
#8454 = ORIENTED_EDGE ( 'NONE', *, *, #10878, .T. ) ;
#8453 = DIRECTION ( 'NONE',  ( 0.0000000000000000000, 0.7071067811865500200, -0.7071067811865450200 ) ) ;
#8455 = DIRECTION ( 'NONE',  ( 0.0000000000000000000, 0.0000000000000000000, -1.000000000000000000 ) ) ;
#8456 = CIRCLE ( 'NONE', #5671, 2.025000000000000800 ) ;
#8457 = CYLINDRICAL_SURFACE ( 'NONE', #4809, 2.024999999999998100 ) ;
#8458 = CARTESIAN_POINT ( 'NONE',  ( -1.249999999999999800, 88.00000000000001400, 8.000000000000000000 ) ) ;
#8459 = EDGE_CURVE ( 'NONE', #9365, #9810, #10872, .T. ) ;
#8460 = DIRECTION ( 'NONE',  ( 1.826024711554532900E-016, -0.0000000000000000000, 1.000000000000000000 ) ) ;
#8461 = VERTEX_POINT ( 'NONE', #10166 ) ;
#8462 = LINE ( 'NONE', #601, #4759 ) ;
#8463 = DIRECTION ( 'NONE',  ( 1.000000000000000000, -0.0000000000000000000, -0.0000000000000000000 ) ) ;
#8464 = DIRECTION ( 'NONE',  ( 3.652049423109066300E-016, 0.0000000000000000000, -1.000000000000000000 ) ) ;
#8465 = LINE ( 'NONE', #415, #8086 ) ;
#8466 = CARTESIAN_POINT ( 'NONE',  ( -1.249999999999999800, 87.51471862576144600, -8.485281374238566000 ) ) ;
#8467 = EDGE_CURVE ( 'NONE', #7633, #4741, #7722, .T. ) ;
#8468 = ORIENTED_EDGE ( 'NONE', *, *, #9316, .F. ) ;
#8469 = AXIS2_PLACEMENT_3D ( 'NONE', #7894, #5336, #9524 ) ;
#8470 = DIRECTION ( 'NONE',  ( 0.0000000000000000000, 0.0000000000000000000, -1.000000000000000000 ) ) ;
#8471 = DIRECTION ( 'NONE',  ( 1.000000000000000000, -0.0000000000000000000, -0.0000000000000000000 ) ) ;
#8472 = LINE ( 'NONE', #5760, #9143 ) ;
#8473 = CARTESIAN_POINT ( 'NONE',  ( -1.250000000000001100, 184.0000000000000000, 5.975000000000022700 ) ) ;
#8474 = EDGE_CURVE ( 'NONE', #6797, #1776, #10507, .T. ) ;
#8475 = LINE ( 'NONE', #3567, #9667 ) ;
#8476 = PLANE ( 'NONE',  #512 ) ;
#8477 = ORIENTED_EDGE ( 'NONE', *, *, #3940, .T. ) ;
#8478 = ADVANCED_FACE ( 'NONE', ( #3843 ), #810, .T. ) ;
#8479 = DIRECTION ( 'NONE',  ( 1.000000000000000000, -0.0000000000000000000, -0.0000000000000000000 ) ) ;
#8480 = EDGE_LOOP ( 'NONE', ( #5946, #8481, #2008, #3392 ) ) ;
#8481 = ORIENTED_EDGE ( 'NONE', *, *, #8617, .T. ) ;
#8482 = DIRECTION ( 'NONE',  ( -1.826024711554532900E-016, 0.0000000000000000000, 1.000000000000000000 ) ) ;
#8483 = LINE ( 'NONE', #732, #10487 ) ;
#8484 = EDGE_CURVE ( 'NONE', #3106, #9563, #10074, .T. ) ;
#8485 = AXIS2_PLACEMENT_3D ( 'NONE', #4479, #9662, #8814 ) ;
#8486 = DIRECTION ( 'NONE',  ( 0.0000000000000000000, 0.0000000000000000000, -1.000000000000000000 ) ) ;
#8487 = CIRCLE ( 'NONE', #7724, 2.025000000000004400 ) ;
#8488 = CARTESIAN_POINT ( 'NONE',  ( 1.250000000000000200, 81.91717260614133500, -7.053390142335809200 ) ) ;
#8489 = AXIS2_PLACEMENT_3D ( 'NONE', #565, #7349, #6575 ) ;
#8490 = DIRECTION ( 'NONE',  ( 1.000000000000000000, 0.0000000000000000000, 0.0000000000000000000 ) ) ;
#8491 = CARTESIAN_POINT ( 'NONE',  ( -1.249999999999999800, 132.6862915010152300, 2.024999999999999900 ) ) ;
#8492 = ORIENTED_EDGE ( 'NONE', *, *, #10562, .T. ) ;
#8494 = ADVANCED_FACE ( 'NONE', ( #3439 ), #10864, .F. ) ;
#8493 = ORIENTED_EDGE ( 'NONE', *, *, #5728, .T. ) ;
#8495 = VECTOR ( 'NONE', #5816, 1000.000000000000000 ) ;
#8496 = EDGE_CURVE ( 'NONE', #3044, #8116, #1199, .T. ) ;
#8497 = DIRECTION ( 'NONE',  ( 3.652049423109066300E-016, 0.0000000000000000000, -1.000000000000000000 ) ) ;
#8498 = FACE_BOUND ( 'NONE', #5096, .T. ) ;
#8499 = CARTESIAN_POINT ( 'NONE',  ( -1.249999999999999800, 32.00000000000000000, -7.999999999999994700 ) ) ;
#8500 = EDGE_CURVE ( 'NONE', #5199, #7555, #9948, .T. ) ;
#8501 = CARTESIAN_POINT ( 'NONE',  ( -1.249999999999999800, 112.0000000000000100, -7.999999999999996400 ) ) ;
#8502 = ORIENTED_EDGE ( 'NONE', *, *, #1433, .T. ) ;
#8503 = ORIENTED_EDGE ( 'NONE', *, *, #3296, .T. ) ;
#8504 = AXIS2_PLACEMENT_3D ( 'NONE', #886, #5231, #2716 ) ;
#8505 = VECTOR ( 'NONE', #4616, 1000.000000000000000 ) ;
#8506 = CIRCLE ( 'NONE', #4561, 2.024999999999997200 ) ;
#8507 = VECTOR ( 'NONE', #7059, 1000.000000000000000 ) ;
#8508 = DIRECTION ( 'NONE',  ( 0.0000000000000000000, -0.7071067811865450200, 0.7071067811865501300 ) ) ;
#8509 = VERTEX_POINT ( 'NONE', #776 ) ;
#8510 = DIRECTION ( 'NONE',  ( 0.0000000000000000000, 0.0000000000000000000, -1.000000000000000000 ) ) ;
#8511 = CARTESIAN_POINT ( 'NONE',  ( -1.249999999999999800, 190.5681087680974600, -1.431891231902609800 ) ) ;
#8512 = ORIENTED_EDGE ( 'NONE', *, *, #9236, .T. ) ;
#8513 = DIRECTION ( 'NONE',  ( 1.000000000000000000, -0.0000000000000000000, 0.0000000000000000000 ) ) ;
#8514 = VERTEX_POINT ( 'NONE', #3326 ) ;
#8515 = VECTOR ( 'NONE', #4932, 1000.000000000000000 ) ;
#8516 = DIRECTION ( 'NONE',  ( 1.000000000000000000, -0.0000000000000000000, -0.0000000000000000000 ) ) ;
#8517 = AXIS2_PLACEMENT_3D ( 'NONE', #9896, #10788, #1361 ) ;
#8518 = DIRECTION ( 'NONE',  ( -1.000000000000000000, 0.0000000000000000000, 0.0000000000000000000 ) ) ;
#8519 = FACE_OUTER_BOUND ( 'NONE', #8247, .T. ) ;
#8520 = DIRECTION ( 'NONE',  ( 0.0000000000000000000, -0.7071067811865615600, 0.7071067811865335800 ) ) ;
#8521 = ORIENTED_EDGE ( 'NONE', *, *, #2623, .F. ) ;
#8522 = EDGE_CURVE ( 'NONE', #9275, #10103, #3578, .T. ) ;
#8523 = ORIENTED_EDGE ( 'NONE', *, *, #7759, .T. ) ;
#8524 = VERTEX_POINT ( 'NONE', #3260 ) ;
#8525 = FACE_BOUND ( 'NONE', #6231, .T. ) ;
#8526 = DIRECTION ( 'NONE',  ( -1.826024711554532900E-016, 0.0000000000000000000, 1.000000000000000000 ) ) ;
#8527 = ORIENTED_EDGE ( 'NONE', *, *, #7196, .F. ) ;
#8528 = LINE ( 'NONE', #2553, #4121 ) ;
#8529 = AXIS2_PLACEMENT_3D ( 'NONE', #8627, #5361, #3536 ) ;
#8530 = DIRECTION ( 'NONE',  ( 1.000000000000000000, -0.0000000000000000000, -0.0000000000000000000 ) ) ;
#8531 = VERTEX_POINT ( 'NONE', #7484 ) ;
#8532 = LINE ( 'NONE', #2313, #2023 ) ;
#8533 = ORIENTED_EDGE ( 'NONE', *, *, #10767, .F. ) ;
#8534 = CARTESIAN_POINT ( 'NONE',  ( 1.250000000000000200, 24.00000000000000000, 0.0000000000000000000 ) ) ;
#8535 = AXIS2_PLACEMENT_3D ( 'NONE', #2091, #779, #4926 ) ;
#8536 = LINE ( 'NONE', #7798, #4276 ) ;
#8537 = DIRECTION ( 'NONE',  ( 0.0000000000000000000, 0.0000000000000000000, -1.000000000000000000 ) ) ;
#8538 = CIRCLE ( 'NONE', #2198, 2.024999999999998100 ) ;
#8539 = EDGE_CURVE ( 'NONE', #7907, #1930, #1575, .T. ) ;
#8540 = VERTEX_POINT ( 'NONE', #10966 ) ;
#8541 = ORIENTED_EDGE ( 'NONE', *, *, #10401, .F. ) ;
#8542 = EDGE_LOOP ( 'NONE', ( #9763, #6925, #4155, #10598 ) ) ;
#8543 = ORIENTED_EDGE ( 'NONE', *, *, #10594, .T. ) ;
#8544 = ORIENTED_EDGE ( 'NONE', *, *, #9679, .F. ) ;
#8545 = ADVANCED_FACE ( 'NONE', ( #3178 ), #2646, .F. ) ;
#8546 = DIRECTION ( 'NONE',  ( 1.000000000000000000, 0.0000000000000000000, 0.0000000000000000000 ) ) ;
#8547 = VECTOR ( 'NONE', #4269, 1000.000000000000000 ) ;
#8548 = DIRECTION ( 'NONE',  ( 1.000000000000000000, 0.0000000000000000000, 0.0000000000000000000 ) ) ;
#8549 = DIRECTION ( 'NONE',  ( 1.000000000000000000, -0.0000000000000000000, 0.0000000000000000000 ) ) ;
#8550 = DIRECTION ( 'NONE',  ( 0.0000000000000000000, -1.000000000000000000, 0.0000000000000000000 ) ) ;
#8551 = CYLINDRICAL_SURFACE ( 'NONE', #3191, 2.024999999999998100 ) ;
#8552 = DIRECTION ( 'NONE',  ( 1.000000000000000000, 0.0000000000000000000, -0.0000000000000000000 ) ) ;
#8553 = EDGE_CURVE ( 'NONE', #3692, #7410, #11001, .T. ) ;
#8554 = AXIS2_PLACEMENT_3D ( 'NONE', #7540, #8372, #3271 ) ;
#8555 = DIRECTION ( 'NONE',  ( 0.0000000000000000000, 0.0000000000000000000, -1.000000000000000000 ) ) ;
#8556 = VERTEX_POINT ( 'NONE', #3438 ) ;
#8557 = AXIS2_PLACEMENT_3D ( 'NONE', #2281, #9929, #5769 ) ;
#8558 = ORIENTED_EDGE ( 'NONE', *, *, #7409, .T. ) ;
#8559 = VERTEX_POINT ( 'NONE', #958 ) ;
#8560 = CARTESIAN_POINT ( 'NONE',  ( 6.750000000000000000, 144.0000000000000300, -13.50000000000000200 ) ) ;
#8561 = EDGE_CURVE ( 'NONE', #8531, #8004, #4933, .T. ) ;
#8562 = ORIENTED_EDGE ( 'NONE', *, *, #6519, .F. ) ;
#8563 = CARTESIAN_POINT ( 'NONE',  ( -1.249999999999999800, 35.31370849898475900, 0.0000000000000000000 ) ) ;
#8564 = FACE_OUTER_BOUND ( 'NONE', #3730, .T. ) ;
#8565 = DIRECTION ( 'NONE',  ( 1.000000000000000000, -0.0000000000000000000, -0.0000000000000000000 ) ) ;
#8566 = DIRECTION ( 'NONE',  ( 0.0000000000000000000, 0.0000000000000000000, -1.000000000000000000 ) ) ;
#8567 = CARTESIAN_POINT ( 'NONE',  ( -1.249999999999999800, 56.00000000000000000, -7.999999999999994700 ) ) ;
#8568 = DIRECTION ( 'NONE',  ( 1.000000000000000000, -0.0000000000000000000, 0.0000000000000000000 ) ) ;
#8569 = VECTOR ( 'NONE', #8738, 1000.000000000000000 ) ;
#8570 = ORIENTED_EDGE ( 'NONE', *, *, #1167, .F. ) ;
#8571 = EDGE_LOOP ( 'NONE', ( #2949, #4057, #540, #10130 ) ) ;
#8572 = EDGE_CURVE ( 'NONE', #10784, #5658, #10364, .T. ) ;
#8573 = ORIENTED_EDGE ( 'NONE', *, *, #10595, .F. ) ;
#8574 = AXIS2_PLACEMENT_3D ( 'NONE', #1604, #2423, #8351 ) ;
#8575 = LOCAL_TIME ( 12, 7, 3.000000000000000000, #6615 ) ;
#8576 = CIRCLE ( 'NONE', #10771, 2.025000000000000800 ) ;
#8577 = ORIENTED_EDGE ( 'NONE', *, *, #8321, .T. ) ;
#8578 = DIRECTION ( 'NONE',  ( -1.000000000000000000, 0.0000000000000000000, 0.0000000000000000000 ) ) ;
#8579 = CARTESIAN_POINT ( 'NONE',  ( 4.724999999999991700, 112.0000000000000100, 16.00000000000000400 ) ) ;
#8580 = DIRECTION ( 'NONE',  ( 1.000000000000000000, -0.0000000000000000000, 0.0000000000000000000 ) ) ;
#8581 = CARTESIAN_POINT ( 'NONE',  ( 1.250000000000000200, 104.0000000000000100, 8.000000000000000000 ) ) ;
#8582 = EDGE_LOOP ( 'NONE', ( #7875, #5902, #5433, #2282, #4533 ) ) ;
#8583 = VERTEX_POINT ( 'NONE', #8656 ) ;
#8584 = VECTOR ( 'NONE', #9136, 1000.000000000000000 ) ;
#8585 = DIRECTION ( 'NONE',  ( 0.0000000000000000000, 0.0000000000000000000, -1.000000000000000000 ) ) ;
#8586 = VECTOR ( 'NONE', #5839, 1000.000000000000000 ) ;
#8587 = CARTESIAN_POINT ( 'NONE',  ( -1.249999999999999800, 16.00000000000000000, 8.000000000000000000 ) ) ;
#8588 = DIRECTION ( 'NONE',  ( 1.000000000000000000, -0.0000000000000000000, -0.0000000000000000000 ) ) ;
#8589 = CARTESIAN_POINT ( 'NONE',  ( -1.249999999999999800, 159.5147186257614500, -10.51028137423856600 ) ) ;
#8590 = VERTEX_POINT ( 'NONE', #7822 ) ;
#8592 = ADVANCED_FACE ( 'NONE', ( #4672 ), #4919, .F. ) ;
#8591 = VERTEX_POINT ( 'NONE', #10363 ) ;
#8593 = CARTESIAN_POINT ( 'NONE',  ( 1.250000000000000200, 9.431891231902772800, 6.568108768097241400 ) ) ;
#8594 = CIRCLE ( 'NONE', #5534, 2.024999999999997200 ) ;
#8595 = FACE_OUTER_BOUND ( 'NONE', #7317, .T. ) ;
#8596 = PLANE ( 'NONE',  #211 ) ;
#8597 = DIRECTION ( 'NONE',  ( 1.000000000000000000, -0.0000000000000000000, -0.0000000000000000000 ) ) ;
#8598 = CARTESIAN_POINT ( 'NONE',  ( 4.725000000000003200, 16.00000000000000700, -15.99999999999999600 ) ) ;
#8599 = CARTESIAN_POINT ( 'NONE',  ( -1.249999999999999800, 37.43189123190261800, 13.43189123190273400 ) ) ;
#8600 = ORIENTED_EDGE ( 'NONE', *, *, #2808, .T. ) ;
#8601 = CARTESIAN_POINT ( 'NONE',  ( 6.749999999999989300, 88.00000000000002800, 16.00000000000000400 ) ) ;
#8602 = ORIENTED_EDGE ( 'NONE', *, *, #5591, .T. ) ;
#8603 = LINE ( 'NONE', #2680, #2346 ) ;
#8604 = ADVANCED_FACE ( 'NONE', ( #9701 ), #8899, .F. ) ;
#8605 = EDGE_CURVE ( 'NONE', #117, #1121, #413, .T. ) ;
#8606 = CARTESIAN_POINT ( 'NONE',  ( 1.250000000000000200, 120.0000000000000000, 6.999999999999999100 ) ) ;
#8607 = LINE ( 'NONE', #2805, #9002 ) ;
#8608 = CARTESIAN_POINT ( 'NONE',  ( -1.249999999999999800, 103.0533901423358100, -9.917172606141329900 ) ) ;
#8609 = EDGE_CURVE ( 'NONE', #9031, #3926, #2234, .T. ) ;
#8610 = CARTESIAN_POINT ( 'NONE',  ( 6.750000000000000900, 24.00000000000000700, -15.99999999999999600 ) ) ;
#8611 = ORIENTED_EDGE ( 'NONE', *, *, #8061, .T. ) ;
#8612 = EDGE_LOOP ( 'NONE', ( #4367, #8286, #7468, #6837 ) ) ;
#8613 = CARTESIAN_POINT ( 'NONE',  ( 1.250000000000000200, 183.5147186257614500, -8.485281374238544700 ) ) ;
#8614 = DIRECTION ( 'NONE',  ( 0.0000000000000000000, 0.0000000000000000000, -1.000000000000000000 ) ) ;
#8615 = LINE ( 'NONE', #4575, #9532 ) ;
#8616 = DIRECTION ( 'NONE',  ( 1.000000000000000000, -0.0000000000000000000, -0.0000000000000000000 ) ) ;
#8617 = EDGE_CURVE ( 'NONE', #10526, #3840, #10495, .T. ) ;
#8618 = AXIS2_PLACEMENT_3D ( 'NONE', #1538, #7585, #3285 ) ;
#8619 = AXIS2_PLACEMENT_3D ( 'NONE', #10994, #3432, #9410 ) ;
#8620 = EDGE_LOOP ( 'NONE', ( #3366, #2718, #2551, #8765 ) ) ;
#8621 = ORIENTED_EDGE ( 'NONE', *, *, #6584, .F. ) ;
#8622 = EDGE_CURVE ( 'NONE', #7611, #2295, #4371, .T. ) ;
#8623 = DIRECTION ( 'NONE',  ( 0.0000000000000000000, 0.0000000000000000000, -1.000000000000000000 ) ) ;
#8624 = CARTESIAN_POINT ( 'NONE',  ( -1.249999999999999800, 134.5681087680972300, 6.568108768097240500 ) ) ;
#8625 = FACE_BOUND ( 'NONE', #3055, .T. ) ;
#8626 = FACE_BOUND ( 'NONE', #2969, .T. ) ;
#8627 = CARTESIAN_POINT ( 'NONE',  ( -1.249999999999999800, 87.51471862576144600, -8.485281374238566000 ) ) ;
#8628 = DIRECTION ( 'NONE',  ( 1.000000000000000000, -0.0000000000000000000, -0.0000000000000000000 ) ) ;
#8629 = ORIENTED_EDGE ( 'NONE', *, *, #9065, .T. ) ;
#8630 = EDGE_LOOP ( 'NONE', ( #314, #7622 ) ) ;
#8631 = FACE_OUTER_BOUND ( 'NONE', #1273, .T. ) ;
#8632 = EDGE_CURVE ( 'NONE', #7410, #2667, #9557, .T. ) ;
#8633 = CARTESIAN_POINT ( 'NONE',  ( -1.249999999999999800, 10.56810876809722000, -10.56810876809725700 ) ) ;
#8634 = DIRECTION ( 'NONE',  ( 1.000000000000000000, -0.0000000000000000000, 0.0000000000000000000 ) ) ;
#8635 = CIRCLE ( 'NONE', #7279, 2.024999999999990100 ) ;
#8636 = CARTESIAN_POINT ( 'NONE',  ( -1.249999999999999800, 87.51471862576144600, -8.485281374238566000 ) ) ;
#8637 = AXIS2_PLACEMENT_3D ( 'NONE', #5616, #8970, #3872 ) ;
#8638 = CARTESIAN_POINT ( 'NONE',  ( 1.250000000000000200, 78.56810876809724700, 9.431891231902756800 ) ) ;
#8639 = DIRECTION ( 'NONE',  ( 0.0000000000000000000, 0.7071067811865469100, 0.7071067811865482400 ) ) ;
#8640 = FACE_OUTER_BOUND ( 'NONE', #3609, .T. ) ;
#8641 = DIRECTION ( 'NONE',  ( 0.0000000000000000000, 0.0000000000000000000, -1.000000000000000000 ) ) ;
#8642 = DIRECTION ( 'NONE',  ( 1.000000000000000000, -0.0000000000000000000, -0.0000000000000000000 ) ) ;
#8643 = ORIENTED_EDGE ( 'NONE', *, *, #2745, .T. ) ;
#8644 = ORIENTED_EDGE ( 'NONE', *, *, #8321, .F. ) ;
#8645 = EDGE_CURVE ( 'NONE', #2171, #8389, #4226, .T. ) ;
#8646 = CIRCLE ( 'NONE', #4400, 2.024999999999998100 ) ;
#8647 = CARTESIAN_POINT ( 'NONE',  ( -1.249999999999999800, 177.9171726061413200, 7.053390142335818100 ) ) ;
#8648 = DIRECTION ( 'NONE',  ( -1.000000000000000000, 0.0000000000000000000, 0.0000000000000000000 ) ) ;
#8649 = CIRCLE ( 'NONE', #5708, 2.025000000000004400 ) ;
#8650 = CIRCLE ( 'NONE', #8981, 2.024999999999997200 ) ;
#8651 = DIRECTION ( 'NONE',  ( 1.000000000000000000, -0.0000000000000000000, -0.0000000000000000000 ) ) ;
#8652 = ORIENTED_EDGE ( 'NONE', *, *, #6657, .T. ) ;
#8653 = EDGE_CURVE ( 'NONE', #9859, #9551, #1442, .T. ) ;
#8654 = CARTESIAN_POINT ( 'NONE',  ( 8.774999999999987900, 144.0000000000000300, 16.00000000000000400 ) ) ;
#8655 = DIRECTION ( 'NONE',  ( 0.0000000000000000000, 0.7071067811865482400, -0.7071067811865469100 ) ) ;
#8656 = CARTESIAN_POINT ( 'NONE',  ( 1.250000000000000200, 62.08282739385868600, -7.053390142335802100 ) ) ;
#8657 = ORIENTED_EDGE ( 'NONE', *, *, #8134, .F. ) ;
#8658 = ORIENTED_EDGE ( 'NONE', *, *, #10065, .T. ) ;
#8659 = DIRECTION ( 'NONE',  ( 1.000000000000000000, -0.0000000000000000000, -0.0000000000000000000 ) ) ;
#8660 = LINE ( 'NONE', #9078, #2133 ) ;
#8661 = CARTESIAN_POINT ( 'NONE',  ( 1.250000000000000200, 128.0000000000000000, 8.000000000000000000 ) ) ;
#8662 = DIRECTION ( 'NONE',  ( 3.652049423109066300E-016, 0.0000000000000000000, -1.000000000000000000 ) ) ;
#8663 = LINE ( 'NONE', #10591, #4250 ) ;
#8664 = ADVANCED_FACE ( 'NONE', ( #9822 ), #6533, .F. ) ;
#8665 = CARTESIAN_POINT ( 'NONE',  ( -1.249999999999999800, 72.00000000000001400, -6.999999999999999100 ) ) ;
#8666 = CARTESIAN_POINT ( 'NONE',  ( 1.250000000000000200, 87.51471862576144600, -8.485281374238566000 ) ) ;
#8667 = CARTESIAN_POINT ( 'NONE',  ( -1.249999999999999800, 87.51471862576144600, -10.51028137423856600 ) ) ;
#8668 = DIRECTION ( 'NONE',  ( 1.000000000000000000, -0.0000000000000000000, -0.0000000000000000000 ) ) ;
#8669 = CARTESIAN_POINT ( 'NONE',  ( 8.774999999999998600, 168.0000000000000000, -15.99999999999999600 ) ) ;
#8670 = CARTESIAN_POINT ( 'NONE',  ( 1.250000000000000200, 153.4318912319027400, 6.568108768097250300 ) ) ;
#8671 = ORIENTED_EDGE ( 'NONE', *, *, #1363, .T. ) ;
#8672 = AXIS2_PLACEMENT_3D ( 'NONE', #10149, #13, #8455 ) ;
#8673 = VERTEX_POINT ( 'NONE', #4254 ) ;
#8674 = FACE_BOUND ( 'NONE', #3875, .T. ) ;
#8675 = ORIENTED_EDGE ( 'NONE', *, *, #10810, .F. ) ;
#8676 = DIRECTION ( 'NONE',  ( 0.0000000000000000000, 0.0000000000000000000, -1.000000000000000000 ) ) ;
#8677 = VECTOR ( 'NONE', #3171, 1000.000000000000000 ) ;
#8678 = EDGE_CURVE ( 'NONE', #9, #844, #2633, .T. ) ;
#8679 = CARTESIAN_POINT ( 'NONE',  ( -1.249999999999999800, 132.6862915010152300, 2.024999999999999900 ) ) ;
#8680 = ORIENTED_EDGE ( 'NONE', *, *, #8694, .T. ) ;
#8681 = DIRECTION ( 'NONE',  ( 0.0000000000000000000, -0.7071067811865450200, 0.7071067811865501300 ) ) ;
#8682 = EDGE_CURVE ( 'NONE', #5566, #4535, #2918, .T. ) ;
#8683 = ORIENTED_EDGE ( 'NONE', *, *, #2556, .T. ) ;
#8684 = DIRECTION ( 'NONE',  ( 1.000000000000000000, -0.0000000000000000000, -0.0000000000000000000 ) ) ;
#8685 = VERTEX_POINT ( 'NONE', #7019 ) ;
#8686 = EDGE_LOOP ( 'NONE', ( #486, #3158, #6348, #3710 ) ) ;
#8687 = CARTESIAN_POINT ( 'NONE',  ( 6.750000000000000000, 128.0000000000000000, -13.50000000000000200 ) ) ;
#8688 = FACE_BOUND ( 'NONE', #9786, .T. ) ;
#8689 = FACE_OUTER_BOUND ( 'NONE', #1504, .T. ) ;
#8690 = DIRECTION ( 'NONE',  ( 0.0000000000000000000, -1.000000000000000000, 0.0000000000000000000 ) ) ;
#8691 = DIRECTION ( 'NONE',  ( 1.000000000000000000, -0.0000000000000000000, 0.0000000000000000000 ) ) ;
#8692 = ORIENTED_EDGE ( 'NONE', *, *, #2920, .T. ) ;
#8693 = VERTEX_POINT ( 'NONE', #9455 ) ;
#8694 = EDGE_CURVE ( 'NONE', #3130, #7477, #7204, .T. ) ;
#8695 = ORIENTED_EDGE ( 'NONE', *, *, #9821, .F. ) ;
#8696 = ORIENTED_EDGE ( 'NONE', *, *, #2858, .F. ) ;
#8697 = AXIS2_PLACEMENT_3D ( 'NONE', #8610, #10313, #9490 ) ;
#8698 = CARTESIAN_POINT ( 'NONE',  ( -1.249999999999999800, 176.0000000000000300, 5.975000000000009400 ) ) ;
#8699 = ORIENTED_EDGE ( 'NONE', *, *, #8279, .T. ) ;
#8700 = CARTESIAN_POINT ( 'NONE',  ( -1.249999999999999800, 12.68629150101524100, 0.0000000000000000000 ) ) ;
#8701 = CYLINDRICAL_SURFACE ( 'NONE', #4485, 2.024999999999999900 ) ;
#8702 = EDGE_CURVE ( 'NONE', #9810, #5007, #10991, .T. ) ;
#8703 = DIRECTION ( 'NONE',  ( 1.000000000000000000, -0.0000000000000000000, -0.0000000000000000000 ) ) ;
#8704 = ORIENTED_EDGE ( 'NONE', *, *, #7528, .F. ) ;
#8705 = CARTESIAN_POINT ( 'NONE',  ( 6.750000000000000000, 168.0000000000000000, -13.50000000000000200 ) ) ;
#8706 = ORIENTED_EDGE ( 'NONE', *, *, #10183, .T. ) ;
#8707 = CARTESIAN_POINT ( 'NONE',  ( -1.249999999999999800, 86.56810876809726100, -6.568108768097241400 ) ) ;
#8708 = CARTESIAN_POINT ( 'NONE',  ( 1.250000000000000200, 130.5681087680972000, -10.56810876809725700 ) ) ;
#8709 = ORIENTED_EDGE ( 'NONE', *, *, #10706, .T. ) ;
#8710 = DIRECTION ( 'NONE',  ( -1.000000000000000000, 0.0000000000000000000, 0.0000000000000000000 ) ) ;
#8711 = CARTESIAN_POINT ( 'NONE',  ( -1.249999999999999800, 128.0000000000000000, 5.975000000000009400 ) ) ;
#8712 = EDGE_CURVE ( 'NONE', #5586, #2161, #784, .T. ) ;
#8713 = AXIS2_PLACEMENT_3D ( 'NONE', #2522, #9391, #9354 ) ;
#8714 = DIRECTION ( 'NONE',  ( 3.652049423109066300E-016, 0.0000000000000000000, -1.000000000000000000 ) ) ;
#8715 = AXIS2_PLACEMENT_3D ( 'NONE', #6543, #6513, #1486 ) ;
#8716 = LINE ( 'NONE', #3797, #8433 ) ;
#8717 = ORIENTED_EDGE ( 'NONE', *, *, #2027, .T. ) ;
#8718 = EDGE_LOOP ( 'NONE', ( #5947, #10119, #10449, #7084 ) ) ;
#8719 = DIRECTION ( 'NONE',  ( 0.0000000000000000000, -0.7071067811865487900, -0.7071067811865463500 ) ) ;
#8720 = DIRECTION ( 'NONE',  ( 3.652049423109066300E-016, -0.0000000000000000000, -1.000000000000000000 ) ) ;
#8721 = DIRECTION ( 'NONE',  ( 1.000000000000000000, -0.0000000000000000000, -0.0000000000000000000 ) ) ;
#8722 = VERTEX_POINT ( 'NONE', #1928 ) ;
#8723 = DIRECTION ( 'NONE',  ( 0.0000000000000000000, 0.7071067811865487900, -0.7071067811865463500 ) ) ;
#8724 = DIRECTION ( 'NONE',  ( 0.0000000000000000000, 0.0000000000000000000, -1.000000000000000000 ) ) ;
#8725 = CIRCLE ( 'NONE', #1789, 2.024999999999999000 ) ;
#8726 = ORIENTED_EDGE ( 'NONE', *, *, #4040, .T. ) ;
#8727 = CIRCLE ( 'NONE', #3667, 2.024999999999990100 ) ;
#8728 = ADVANCED_FACE ( 'NONE', ( #5475 ), #3168, .F. ) ;
#8729 = EDGE_CURVE ( 'NONE', #1626, #11004, #1981, .T. ) ;
#8730 = CARTESIAN_POINT ( 'NONE',  ( -1.249999999999999800, 48.00000000000000000, -6.999999999999999100 ) ) ;
#8731 = AXIS2_PLACEMENT_3D ( 'NONE', #6216, #6989, #4308 ) ;
#8732 = DIRECTION ( 'NONE',  ( -1.000000000000000000, 0.0000000000000000000, 0.0000000000000000000 ) ) ;
#8733 = EDGE_LOOP ( 'NONE', ( #4989, #3767, #319, #8407 ) ) ;
#8734 = CARTESIAN_POINT ( 'NONE',  ( -1.249999999999999800, 130.5681087680972900, 10.56810876809721700 ) ) ;
#8735 = DIRECTION ( 'NONE',  ( 0.0000000000000000000, 0.0000000000000000000, -1.000000000000000000 ) ) ;
#8736 = VERTEX_POINT ( 'NONE', #2107 ) ;
#8737 = VECTOR ( 'NONE', #3046, 999.9999999999998900 ) ;
#8738 = DIRECTION ( 'NONE',  ( 3.652049423109066300E-016, -0.0000000000000000000, -1.000000000000000000 ) ) ;
#8739 = VECTOR ( 'NONE', #3543, 1000.000000000000000 ) ;
#8740 = CARTESIAN_POINT ( 'NONE',  ( 1.250000000000000200, 32.48528137423857500, -10.51028137423856800 ) ) ;
#8741 = VERTEX_POINT ( 'NONE', #2787 ) ;
#8742 = DIRECTION ( 'NONE',  ( 1.000000000000000000, -0.0000000000000000000, -0.0000000000000000000 ) ) ;
#8743 = CARTESIAN_POINT ( 'NONE',  ( 6.749999999999989300, 136.0000000000000000, 16.00000000000000400 ) ) ;
#8744 = FACE_OUTER_BOUND ( 'NONE', #4994, .T. ) ;
#8745 = DIRECTION ( 'NONE',  ( 3.652049423109066300E-016, -0.0000000000000000000, -1.000000000000000000 ) ) ;
#8746 = FACE_BOUND ( 'NONE', #10889, .T. ) ;
#8747 = EDGE_CURVE ( 'NONE', #8907, #10588, #9152, .T. ) ;
#8748 = DIRECTION ( 'NONE',  ( 0.0000000000000000000, -0.7071067811865463500, -0.7071067811865487900 ) ) ;
#8749 = ORIENTED_EDGE ( 'NONE', *, *, #3722, .T. ) ;
#8750 = DIRECTION ( 'NONE',  ( 0.0000000000000000000, 0.0000000000000000000, -1.000000000000000000 ) ) ;
#8751 = VECTOR ( 'NONE', #2201, 1000.000000000000000 ) ;
#8752 = VECTOR ( 'NONE', #2597, 1000.000000000000000 ) ;
#8753 = CARTESIAN_POINT ( 'NONE',  ( 1.250000000000000200, 55.05339014233581500, -9.917172606141328100 ) ) ;
#8754 = DIRECTION ( 'NONE',  ( 1.000000000000000000, -0.0000000000000000000, 0.0000000000000000000 ) ) ;
#8755 = VERTEX_POINT ( 'NONE', #3601 ) ;
#8756 = ORIENTED_EDGE ( 'NONE', *, *, #1485, .F. ) ;
#8757 = DIRECTION ( 'NONE',  ( 0.0000000000000000000, 0.7071067811865487900, -0.7071067811865463500 ) ) ;
#8758 = ORIENTED_EDGE ( 'NONE', *, *, #10321, .F. ) ;
#8759 = DIRECTION ( 'NONE',  ( 1.387778780781447300E-015, 0.0000000000000000000, -1.000000000000000000 ) ) ;
#8760 = CYLINDRICAL_SURFACE ( 'NONE', #9380, 2.024999999999998100 ) ;
#8761 = EDGE_CURVE ( 'NONE', #2189, #2838, #9686, .T. ) ;
#8762 = VECTOR ( 'NONE', #6009, 1000.000000000000000 ) ;
#8763 = MECHANICAL_CONTEXT ( 'NONE', #2072, 'mechanical' ) ;
#8764 = VERTEX_POINT ( 'NONE', #9834 ) ;
#8765 = ORIENTED_EDGE ( 'NONE', *, *, #8910, .T. ) ;
#8766 = FACE_OUTER_BOUND ( 'NONE', #3487, .T. ) ;
#8767 = EDGE_CURVE ( 'NONE', #3108, #1968, #7451, .T. ) ;
#8768 = AXIS2_PLACEMENT_3D ( 'NONE', #7385, #8253, #5614 ) ;
#8769 = LINE ( 'NONE', #5620, #3431 ) ;
#8770 = AXIS2_PLACEMENT_3D ( 'NONE', #5532, #8848, #9687 ) ;
#8771 = DIRECTION ( 'NONE',  ( 0.0000000000000000000, 0.0000000000000000000, 1.000000000000000000 ) ) ;
#8772 = DIRECTION ( 'NONE',  ( 0.0000000000000000000, 0.0000000000000000000, -1.000000000000000000 ) ) ;
#8773 = ADVANCED_FACE ( 'NONE', ( #3712 ), #10210, .F. ) ;
#8774 = CARTESIAN_POINT ( 'NONE',  ( 1.250000000000000200, 40.94660985766419300, 9.917172606141326300 ) ) ;
#8775 = EDGE_CURVE ( 'NONE', #3659, #4906, #5727, .T. ) ;
#8776 = EDGE_LOOP ( 'NONE', ( #5773, #6625, #7000, #357 ) ) ;
#8777 = ORIENTED_EDGE ( 'NONE', *, *, #5333, .F. ) ;
#8778 = CIRCLE ( 'NONE', #4634, 2.024999999999990100 ) ;
#8779 = VERTEX_POINT ( 'NONE', #5638 ) ;
#8780 = CIRCLE ( 'NONE', #9293, 2.025000000000000800 ) ;
#8781 = DIRECTION ( 'NONE',  ( 3.652049423109066300E-016, -0.0000000000000000000, -1.000000000000000000 ) ) ;
#8782 = FACE_OUTER_BOUND ( 'NONE', #3535, .T. ) ;
#8783 = ORIENTED_EDGE ( 'NONE', *, *, #8484, .T. ) ;
#8784 = EDGE_CURVE ( 'NONE', #2484, #989, #6928, .T. ) ;
#8785 = ORIENTED_EDGE ( 'NONE', *, *, #5031, .T. ) ;
#8786 = CARTESIAN_POINT ( 'NONE',  ( -1.249999999999999800, 152.4852813742385500, -10.51028137423856800 ) ) ;
#8787 = ORIENTED_EDGE ( 'NONE', *, *, #5437, .F. ) ;
#8788 = CARTESIAN_POINT ( 'NONE',  ( -1.249999999999999800, 56.48528137423857500, -10.51028137423856800 ) ) ;
#8789 = AXIS2_PLACEMENT_3D ( 'NONE', #9670, #8024, #6300 ) ;
#8790 = DIRECTION ( 'NONE',  ( 3.652049423109066300E-016, -0.0000000000000000000, -1.000000000000000000 ) ) ;
#8791 = FACE_BOUND ( 'NONE', #8939, .T. ) ;
#8792 = PLANE ( 'NONE',  #10566 ) ;
#8793 = CIRCLE ( 'NONE', #2344, 6.999999999999999100 ) ;
#8794 = EDGE_LOOP ( 'NONE', ( #4335, #615, #7787, #9319, #6878 ) ) ;
#8795 = DIRECTION ( 'NONE',  ( 1.000000000000000000, 0.0000000000000000000, 0.0000000000000000000 ) ) ;
#8796 = CARTESIAN_POINT ( 'NONE',  ( -1.249999999999999800, 37.43189123190266800, 13.43189123190281200 ) ) ;
#8797 = ORIENTED_EDGE ( 'NONE', *, *, #5533, .F. ) ;
#8798 = EDGE_LOOP ( 'NONE', ( #7595, #7138 ) ) ;
#8799 = CIRCLE ( 'NONE', #2382, 2.024999999999997200 ) ;
#8800 = DIRECTION ( 'NONE',  ( -1.000000000000000000, 0.0000000000000000000, 0.0000000000000000000 ) ) ;
#8801 = CIRCLE ( 'NONE', #3485, 2.025000000000000800 ) ;
#8802 = ORIENTED_EDGE ( 'NONE', *, *, #9065, .F. ) ;
#8803 = DIRECTION ( 'NONE',  ( 3.652049423109066300E-016, 0.0000000000000000000, -1.000000000000000000 ) ) ;
#8804 = ORIENTED_EDGE ( 'NONE', *, *, #6448, .T. ) ;
#8805 = ORIENTED_EDGE ( 'NONE', *, *, #9615, .F. ) ;
#8806 = FACE_BOUND ( 'NONE', #3691, .T. ) ;
#8807 = PLANE ( 'NONE',  #6003 ) ;
#8808 = ORIENTED_EDGE ( 'NONE', *, *, #3837, .T. ) ;
#8809 = CARTESIAN_POINT ( 'NONE',  ( 4.724999999999991700, 96.00000000000000000, 16.00000000000000400 ) ) ;
#8810 = DIRECTION ( 'NONE',  ( 3.652049423109066300E-016, 0.0000000000000000000, -1.000000000000000000 ) ) ;
#8811 = LINE ( 'NONE', #8292, #4432 ) ;
#8812 = CARTESIAN_POINT ( 'NONE',  ( -1.249999999999999800, 168.0000000000000000, -6.999999999999999100 ) ) ;
#8813 = CYLINDRICAL_SURFACE ( 'NONE', #3332, 2.024999999999998100 ) ;
#8814 = DIRECTION ( 'NONE',  ( -1.000000000000000000, 0.0000000000000000000, 0.0000000000000000000 ) ) ;
#8815 = AXIS2_PLACEMENT_3D ( 'NONE', #7250, #6367, #4161 ) ;
#8816 = ORIENTED_EDGE ( 'NONE', *, *, #8855, .T. ) ;
#8817 = ORIENTED_EDGE ( 'NONE', *, *, #4433, .F. ) ;
#8818 = ORIENTED_EDGE ( 'NONE', *, *, #10819, .T. ) ;
#8819 = DIRECTION ( 'NONE',  ( 3.652049423109066300E-016, -0.0000000000000000000, -1.000000000000000000 ) ) ;
#8820 = VERTEX_POINT ( 'NONE', #2977 ) ;
#8821 = EDGE_CURVE ( 'NONE', #4212, #5976, #2105, .T. ) ;
#8822 = CIRCLE ( 'NONE', #10995, 2.024999999999997200 ) ;
#8823 = CARTESIAN_POINT ( 'NONE',  ( 1.250000000000000200, 9.917172606141329900, -7.053390142335807400 ) ) ;
#8824 = CIRCLE ( 'NONE', #1481, 2.025000000000004400 ) ;
#8825 = CARTESIAN_POINT ( 'NONE',  ( 6.749999999999989300, 88.00000000000002800, 16.00000000000000400 ) ) ;
#8826 = EDGE_CURVE ( 'NONE', #4095, #10681, #4788, .T. ) ;
#8827 = CARTESIAN_POINT ( 'NONE',  ( 4.725000000000001400, 72.00000000000001400, -13.50000000000000200 ) ) ;
#8828 = DIRECTION ( 'NONE',  ( 0.0000000000000000000, -0.7071067811865513500, 0.7071067811865436900 ) ) ;
#8829 = EDGE_LOOP ( 'NONE', ( #4705, #4915, #3779, #2024 ) ) ;
#8830 = ORIENTED_EDGE ( 'NONE', *, *, #3411, .F. ) ;
#8831 = ADVANCED_FACE ( 'NONE', ( #7584 ), #10743, .F. ) ;
#8832 = VERTEX_POINT ( 'NONE', #10858 ) ;
#8833 = CARTESIAN_POINT ( 'NONE',  ( 10.75000000000002300, 192.0000000000000000, 1.491862189340059100E-014 ) ) ;
#8834 = EDGE_LOOP ( 'NONE', ( #3262, #1823, #3416, #3728 ) ) ;
#8835 = CARTESIAN_POINT ( 'NONE',  ( 4.724999999999991700, 64.00000000000000000, 16.00000000000000400 ) ) ;
#8836 = LINE ( 'NONE', #6870, #6727 ) ;
#8837 = DIRECTION ( 'NONE',  ( 3.652049423109066300E-016, -0.0000000000000000000, -1.000000000000000000 ) ) ;
#8838 = EDGE_CURVE ( 'NONE', #3599, #4960, #7712, .T. ) ;
#8839 = AXIS2_PLACEMENT_3D ( 'NONE', #6711, #1685, #4246 ) ;
#8840 = CIRCLE ( 'NONE', #7591, 2.025000000000000800 ) ;
#8841 = VERTEX_POINT ( 'NONE', #3179 ) ;
#8842 = AXIS2_PLACEMENT_3D ( 'NONE', #8661, #9501, #10326 ) ;
#8843 = ORIENTED_EDGE ( 'NONE', *, *, #8100, .F. ) ;
#8844 =( LENGTH_UNIT ( ) NAMED_UNIT ( * ) SI_UNIT ( .MILLI., .METRE. ) );
#8845 = DIRECTION ( 'NONE',  ( 1.000000000000000000, -0.0000000000000000000, 0.0000000000000000000 ) ) ;
#8846 = EDGE_CURVE ( 'NONE', #9956, #2547, #647, .T. ) ;
#8847 = ORIENTED_EDGE ( 'NONE', *, *, #10682, .T. ) ;
#8848 = DIRECTION ( 'NONE',  ( 0.0000000000000000000, -0.7071067811865487900, 0.7071067811865463500 ) ) ;
#8849 = PLANE ( 'NONE',  #9042 ) ;
#8850 = ORGANIZATION ( 'UNSPECIFIED', 'UNSPECIFIED', '' ) ;
#8851 = CYLINDRICAL_SURFACE ( 'NONE', #6483, 2.025000000000004400 ) ;
#8852 = EDGE_LOOP ( 'NONE', ( #2445, #140, #7427, #1231, #7213 ) ) ;
#8853 = CARTESIAN_POINT ( 'NONE',  ( -1.249999999999999800, 31.99999999999999300, 8.000000000000000000 ) ) ;
#8854 = DIRECTION ( 'NONE',  ( 1.826024711554532900E-016, -0.0000000000000000000, 1.000000000000000000 ) ) ;
#8855 = EDGE_CURVE ( 'NONE', #975, #4828, #9405, .T. ) ;
#8856 = AXIS2_PLACEMENT_3D ( 'NONE', #555, #8291, #7416 ) ;
#8857 = ORIENTED_EDGE ( 'NONE', *, *, #1808, .T. ) ;
#8858 = ORIENTED_EDGE ( 'NONE', *, *, #9073, .F. ) ;
#8859 = AXIS2_PLACEMENT_3D ( 'NONE', #5294, #1057, #7041 ) ;
#8860 = DIRECTION ( 'NONE',  ( 0.0000000000000000000, 0.7071067811865450200, -0.7071067811865500200 ) ) ;
#8861 = CYLINDRICAL_SURFACE ( 'NONE', #7369, 2.024999999999999900 ) ;
#8862 = DIRECTION ( 'NONE',  ( -1.000000000000000000, 0.0000000000000000000, -0.0000000000000000000 ) ) ;
#8863 = CARTESIAN_POINT ( 'NONE',  ( 1.250000000000000200, 38.56810876809724700, -6.568108768097241400 ) ) ;
#8864 = CARTESIAN_POINT ( 'NONE',  ( -1.249999999999999800, 59.31370849898476600, 0.0000000000000000000 ) ) ;
#8865 = EDGE_CURVE ( 'NONE', #2899, #6934, #8232, .T. ) ;
#8866 = ORIENTED_EDGE ( 'NONE', *, *, #9704, .F. ) ;
#8867 = DIRECTION ( 'NONE',  ( 0.0000000000000000000, 0.0000000000000000000, -1.000000000000000000 ) ) ;
#8868 = CARTESIAN_POINT ( 'NONE',  ( 1.250000000000000200, 159.5147186257614500, 8.485281374238569500 ) ) ;
#8869 = ORIENTED_EDGE ( 'NONE', *, *, #8205, .T. ) ;
#8870 = FACE_OUTER_BOUND ( 'NONE', #6383, .T. ) ;
#8871 = EDGE_CURVE ( 'NONE', #3650, #825, #10862, .T. ) ;
#8872 = LINE ( 'NONE', #9784, #9129 ) ;
#8873 = AXIS2_PLACEMENT_3D ( 'NONE', #9658, #10516, #1268 ) ;
#8874 = CARTESIAN_POINT ( 'NONE',  ( 1.250000000000000200, 111.5147186257614500, -8.485281374238566000 ) ) ;
#8875 = DIRECTION ( 'NONE',  ( 1.000000000000000000, -0.0000000000000000000, -0.0000000000000000000 ) ) ;
#8876 = VERTEX_POINT ( 'NONE', #7478 ) ;
#8877 = APPROVAL_ROLE ( '' ) ;
#8878 = DIRECTION ( 'NONE',  ( 1.000000000000000000, -0.0000000000000000000, 0.0000000000000000000 ) ) ;
#8879 = VECTOR ( 'NONE', #10569, 1000.000000000000000 ) ;
#8880 = FACE_BOUND ( 'NONE', #1049, .T. ) ;
#8881 = CARTESIAN_POINT ( 'NONE',  ( 8.774999999999987900, 40.00000000000000700, 13.50000000000000000 ) ) ;
#8882 = AXIS2_PLACEMENT_3D ( 'NONE', #7042, #6143, #9634 ) ;
#8883 = CARTESIAN_POINT ( 'NONE',  ( -1.249999999999999800, 39.51471862576143900, -8.485281374238566000 ) ) ;
#8884 = ORIENTED_EDGE ( 'NONE', *, *, #8436, .T. ) ;
#8886 = ADVANCED_FACE ( 'NONE', ( #5989 ), #4066, .T. ) ;
#8885 = VERTEX_POINT ( 'NONE', #6498 ) ;
#8887 = DIRECTION ( 'NONE',  ( 1.000000000000000000, 0.0000000000000000000, 0.0000000000000000000 ) ) ;
#8888 = CARTESIAN_POINT ( 'NONE',  ( -1.249999999999999800, 62.56810876809724700, -6.568108768097241400 ) ) ;
#8889 = CIRCLE ( 'NONE', #8979, 2.024999999999998100 ) ;
#8890 = EDGE_CURVE ( 'NONE', #6624, #1741, #1186, .T. ) ;
#8891 = DIRECTION ( 'NONE',  ( 0.0000000000000000000, 0.7071067811865505700, -0.7071067811865444600 ) ) ;
#8892 = CIRCLE ( 'NONE', #5087, 2.024999999999997200 ) ;
#8893 = EDGE_CURVE ( 'NONE', #8876, #3788, #111, .T. ) ;
#8894 = CARTESIAN_POINT ( 'NONE',  ( -1.249999999999999800, 63.51471862576142500, 8.485281374238569500 ) ) ;
#8895 = VERTEX_POINT ( 'NONE', #3111 ) ;
#8896 = VERTEX_POINT ( 'NONE', #7372 ) ;
#8897 = AXIS2_PLACEMENT_3D ( 'NONE', #1562, #4901, #9954 ) ;
#8898 = DIRECTION ( 'NONE',  ( 1.000000000000000000, -0.0000000000000000000, -0.0000000000000000000 ) ) ;
#8899 = CYLINDRICAL_SURFACE ( 'NONE', #10801, 2.024999999999998100 ) ;
#8900 = DIRECTION ( 'NONE',  ( -1.000000000000000000, 0.0000000000000000000, 0.0000000000000000000 ) ) ;
#8901 = CARTESIAN_POINT ( 'NONE',  ( 1.250000000000000200, 10.56810876809729100, 10.56810876809721700 ) ) ;
#8902 = FACE_OUTER_BOUND ( 'NONE', #8961, .T. ) ;
#8903 = EDGE_CURVE ( 'NONE', #4452, #7644, #9027, .T. ) ;
#8904 = AXIS2_PLACEMENT_3D ( 'NONE', #3141, #4577, #412 ) ;
#8905 = CARTESIAN_POINT ( 'NONE',  ( 1.250000000000000200, 176.0000000000000300, 8.000000000000000000 ) ) ;
#8906 = EDGE_LOOP ( 'NONE', ( #225, #3902, #3663, #3727 ) ) ;
#8907 = VERTEX_POINT ( 'NONE', #4878 ) ;
#8908 = CARTESIAN_POINT ( 'NONE',  ( 4.725000000000003200, 144.0000000000000300, -15.99999999999999600 ) ) ;
#8909 = VECTOR ( 'NONE', #10309, 1000.000000000000000 ) ;
#8910 = EDGE_CURVE ( 'NONE', #6505, #8895, #5346, .T. ) ;
#8911 = DIRECTION ( 'NONE',  ( 0.0000000000000000000, -0.7071067811865444600, -0.7071067811865505700 ) ) ;
#8912 = FACE_OUTER_BOUND ( 'NONE', #2562, .T. ) ;
#8913 = CIRCLE ( 'NONE', #10252, 2.024999999999998100 ) ;
#8914 = CARTESIAN_POINT ( 'NONE',  ( 1.250000000000000200, 32.48528137423857500, -8.485281374238564200 ) ) ;
#8915 = ORIENTED_EDGE ( 'NONE', *, *, #10832, .F. ) ;
#8916 = ORIENTED_EDGE ( 'NONE', *, *, #2698, .F. ) ;
#8917 = CARTESIAN_POINT ( 'NONE',  ( 1.250000000000000200, 182.5681087680972600, 6.568108768097255600 ) ) ;
#8918 = VECTOR ( 'NONE', #3719, 1000.000000000000000 ) ;
#8919 = EDGE_CURVE ( 'NONE', #9205, #1251, #262, .T. ) ;
#8920 = AXIS2_PLACEMENT_3D ( 'NONE', #9103, #6439, #1413 ) ;
#8921 = LINE ( 'NONE', #8265, #9832 ) ;
#8922 = AXIS2_PLACEMENT_3D ( 'NONE', #2742, #4416, #3555 ) ;
#8923 = DIRECTION ( 'NONE',  ( 3.652049423109066300E-016, -0.0000000000000000000, -1.000000000000000000 ) ) ;
#8924 = CARTESIAN_POINT ( 'NONE',  ( 6.750000000000000000, 176.0000000000000300, -13.50000000000000200 ) ) ;
#8925 = FACE_OUTER_BOUND ( 'NONE', #1899, .T. ) ;
#8926 = VERTEX_POINT ( 'NONE', #4801 ) ;
#8927 = ORIENTED_EDGE ( 'NONE', *, *, #669, .F. ) ;
#8928 = ORIENTED_EDGE ( 'NONE', *, *, #1827, .F. ) ;
#8929 = VECTOR ( 'NONE', #1669, 1000.000000000000000 ) ;
#8930 = PLANE ( 'NONE',  #1472 ) ;
#8931 = CARTESIAN_POINT ( 'NONE',  ( 1.250000000000000200, 17.43189123190276000, 9.431891231902762100 ) ) ;
#8932 = LINE ( 'NONE', #7869, #8139 ) ;
#8933 = EDGE_CURVE ( 'NONE', #9267, #5085, #2363, .T. ) ;
#8934 = DIRECTION ( 'NONE',  ( -1.000000000000000000, 0.0000000000000000000, 0.0000000000000000000 ) ) ;
#8935 = DIRECTION ( 'NONE',  ( 1.000000000000000000, -0.0000000000000000000, 0.0000000000000000000 ) ) ;
#8936 = AXIS2_PLACEMENT_3D ( 'NONE', #1996, #507, #10745 ) ;
#8937 = ORIENTED_EDGE ( 'NONE', *, *, #6523, .T. ) ;
#8938 = DIRECTION ( 'NONE',  ( 1.000000000000000000, -0.0000000000000000000, -0.0000000000000000000 ) ) ;
#8939 = EDGE_LOOP ( 'NONE', ( #1128, #10866 ) ) ;
#8940 = FACE_OUTER_BOUND ( 'NONE', #367, .T. ) ;
#8941 = ADVANCED_FACE ( 'NONE', ( #4525 ), #1700, .F. ) ;
#8942 = DIRECTION ( 'NONE',  ( -1.000000000000000000, 0.0000000000000000000, 0.0000000000000000000 ) ) ;
#8943 = CIRCLE ( 'NONE', #6588, 2.024999999999998100 ) ;
#8944 = EDGE_LOOP ( 'NONE', ( #4233, #10853, #6072, #606 ) ) ;
#8945 = ORIENTED_EDGE ( 'NONE', *, *, #5565, .F. ) ;
#8946 = ORIENTED_EDGE ( 'NONE', *, *, #3561, .F. ) ;
#8947 = ORIENTED_EDGE ( 'NONE', *, *, #7871, .T. ) ;
#8948 = CARTESIAN_POINT ( 'NONE',  ( -1.249999999999999800, 193.4318912319027700, 1.431891231902743000 ) ) ;
#8949 = FACE_BOUND ( 'NONE', #5705, .T. ) ;
#8950 = CIRCLE ( 'NONE', #3559, 6.999999999999999100 ) ;
#8951 = ADVANCED_FACE ( 'NONE', ( #6665, #6793, #8766, #3962, #3038, #5334, #5978, #9811, #7698, #3953, #6270, #5852, #7575, #7977, #4215, #3568, #3703, #4089, #1431, #8224, #8625, #1834, #1044, #1691 ), #2392, .T. ) ;
#8952 = CARTESIAN_POINT ( 'NONE',  ( 4.725000000000001400, 152.0000000000000300, -13.50000000000000200 ) ) ;
#8953 = EDGE_CURVE ( 'NONE', #10836, #5023, #8483, .T. ) ;
#8954 = EDGE_LOOP ( 'NONE', ( #9435, #8091, #2751, #3382 ) ) ;
#8955 = ORIENTED_EDGE ( 'NONE', *, *, #1496, .T. ) ;
#8956 = CARTESIAN_POINT ( 'NONE',  ( -1.249999999999999800, 104.4852813742385800, -8.485281374238564200 ) ) ;
#8957 = CARTESIAN_POINT ( 'NONE',  ( 6.749999999999989300, 112.0000000000000100, 16.00000000000000400 ) ) ;
#8958 = ORIENTED_EDGE ( 'NONE', *, *, #1922, .F. ) ;
#8959 = DIRECTION ( 'NONE',  ( 1.000000000000000000, -0.0000000000000000000, -0.0000000000000000000 ) ) ;
#8960 = CARTESIAN_POINT ( 'NONE',  ( -1.249999999999999800, 16.94660985766419300, 9.917172606141328100 ) ) ;
#8961 = EDGE_LOOP ( 'NONE', ( #6547, #3841, #960, #8090 ) ) ;
#8962 = EDGE_LOOP ( 'NONE', ( #2387, #8369, #2480, #437 ) ) ;
#8963 = CIRCLE ( 'NONE', #5846, 2.025000000000002600 ) ;
#8964 = CARTESIAN_POINT ( 'NONE',  ( -1.249999999999999800, 155.3137084989847700, 0.0000000000000000000 ) ) ;
#8965 = AXIS2_PLACEMENT_3D ( 'NONE', #8466, #9272, #5062 ) ;
#8966 = DIRECTION ( 'NONE',  ( 1.000000000000000000, 0.0000000000000000000, 0.0000000000000000000 ) ) ;
#8967 = ORIENTED_EDGE ( 'NONE', *, *, #9790, .T. ) ;
#8968 = ORIENTED_EDGE ( 'NONE', *, *, #4413, .T. ) ;
#8969 = VERTEX_POINT ( 'NONE', #1577 ) ;
#8970 = DIRECTION ( 'NONE',  ( 3.652049423109066300E-016, 0.0000000000000000000, -1.000000000000000000 ) ) ;
#8971 = EDGE_CURVE ( 'NONE', #4266, #6489, #10731, .T. ) ;
#8972 = CARTESIAN_POINT ( 'NONE',  ( -1.249999999999999800, 131.3137084989847700, 2.024999999999999900 ) ) ;
#8973 = FACE_OUTER_BOUND ( 'NONE', #1074, .T. ) ;
#8974 = ORIENTED_EDGE ( 'NONE', *, *, #9688, .F. ) ;
#8975 = CARTESIAN_POINT ( 'NONE',  ( -1.249999999999999800, 58.56810876809721800, -10.56810876809725700 ) ) ;
#8976 = EDGE_LOOP ( 'NONE', ( #7679, #8230, #6213, #8986 ) ) ;
#8977 = ORIENTED_EDGE ( 'NONE', *, *, #1692, .F. ) ;
#8978 = EDGE_CURVE ( 'NONE', #9620, #8002, #3291, .T. ) ;
#8979 = AXIS2_PLACEMENT_3D ( 'NONE', #9223, #6591, #576 ) ;
#8980 = VECTOR ( 'NONE', #10165, 1000.000000000000000 ) ;
#8981 = AXIS2_PLACEMENT_3D ( 'NONE', #1037, #10320, #5272 ) ;
#8982 = ORIENTED_EDGE ( 'NONE', *, *, #7708, .F. ) ;
#8983 = FACE_OUTER_BOUND ( 'NONE', #714, .T. ) ;
#8984 = EDGE_CURVE ( 'NONE', #4725, #3753, #10200, .T. ) ;
#8985 = DIRECTION ( 'NONE',  ( 0.0000000000000000000, 0.0000000000000000000, -1.000000000000000000 ) ) ;
#8986 = ORIENTED_EDGE ( 'NONE', *, *, #5826, .F. ) ;
#8987 = ORIENTED_EDGE ( 'NONE', *, *, #910, .F. ) ;
#8988 = DIRECTION ( 'NONE',  ( 0.0000000000000000000, 0.0000000000000000000, -1.000000000000000000 ) ) ;
#8989 = DIRECTION ( 'NONE',  ( -1.000000000000000000, 0.0000000000000000000, 0.0000000000000000000 ) ) ;
#8990 = FACE_OUTER_BOUND ( 'NONE', #3359, .T. ) ;
#8991 = ADVANCED_FACE ( 'NONE', ( #4778 ), #6746, .F. ) ;
#8992 = CARTESIAN_POINT ( 'NONE',  ( -1.249999999999999800, 40.00000000000000000, 8.000000000000000000 ) ) ;
#8993 = VECTOR ( 'NONE', #723, 1000.000000000000000 ) ;
#8994 = EDGE_CURVE ( 'NONE', #10050, #884, #3419, .T. ) ;
#8995 = APPROVAL ( #10440, 'UNSPECIFIED' ) ;
#8996 = CARTESIAN_POINT ( 'NONE',  ( -1.249999999999999800, 168.0000000000000000, 0.0000000000000000000 ) ) ;
#8997 = ORIENTED_EDGE ( 'NONE', *, *, #9679, .T. ) ;
#8998 = ORIENTED_EDGE ( 'NONE', *, *, #7731, .T. ) ;
#8999 = DIRECTION ( 'NONE',  ( 0.0000000000000000000, 0.7071067811865469100, 0.7071067811865482400 ) ) ;
#9000 = CARTESIAN_POINT ( 'NONE',  ( 4.724999999999991700, 168.0000000000000000, 16.00000000000000400 ) ) ;
#9001 = CIRCLE ( 'NONE', #932, 2.024999999999997200 ) ;
#9002 = VECTOR ( 'NONE', #7845, 1000.000000000000000 ) ;
#9003 = DIRECTION ( 'NONE',  ( 0.0000000000000000000, 0.0000000000000000000, -1.000000000000000000 ) ) ;
#9004 = CARTESIAN_POINT ( 'NONE',  ( 4.725000000000003200, 24.00000000000000700, -15.99999999999999600 ) ) ;
#9005 = EDGE_CURVE ( 'NONE', #6760, #5380, #5716, .T. ) ;
#9006 = DIRECTION ( 'NONE',  ( 3.652049423109066300E-016, -0.0000000000000000000, -1.000000000000000000 ) ) ;
#9007 = ORIENTED_EDGE ( 'NONE', *, *, #5320, .T. ) ;
#9008 = ORIENTED_EDGE ( 'NONE', *, *, #9760, .F. ) ;
#9009 = EDGE_CURVE ( 'NONE', #5778, #3398, #10353, .T. ) ;
#9010 = VECTOR ( 'NONE', #4787, 1000.000000000000000 ) ;
#9011 = CARTESIAN_POINT ( 'NONE',  ( -1.249999999999999800, 34.56810876809729600, 10.56810876809721700 ) ) ;
#9012 = FACE_OUTER_BOUND ( 'NONE', #5512, .T. ) ;
#9013 = ORIENTED_EDGE ( 'NONE', *, *, #7776, .T. ) ;
#9014 = CARTESIAN_POINT ( 'NONE',  ( -1.250000000000001100, 183.5147186257614500, -8.485281374238544700 ) ) ;
#9015 = ORIENTED_EDGE ( 'NONE', *, *, #6642, .T. ) ;
#9016 = VECTOR ( 'NONE', #4373, 1000.000000000000000 ) ;
#9017 = CARTESIAN_POINT ( 'NONE',  ( 8.774999999999987900, 168.0000000000000000, 13.50000000000000000 ) ) ;
#9018 = AXIS2_PLACEMENT_3D ( 'NONE', #3136, #10643, #4753 ) ;
#9019 = LINE ( 'NONE', #2336, #1977 ) ;
#9020 = DIRECTION ( 'NONE',  ( 0.0000000000000000000, 0.0000000000000000000, -1.000000000000000000 ) ) ;
#9021 = DIRECTION ( 'NONE',  ( 3.652049423109066300E-016, -0.0000000000000000000, -1.000000000000000000 ) ) ;
#9022 = CARTESIAN_POINT ( 'NONE',  ( 1.250000000000000200, 57.43189123190274600, 6.568108768097250300 ) ) ;
#9023 = ORIENTED_EDGE ( 'NONE', *, *, #2146, .T. ) ;
#9024 = ORIENTED_EDGE ( 'NONE', *, *, #6657, .F. ) ;
#9025 = EDGE_CURVE ( 'NONE', #5641, #8428, #10617, .T. ) ;
#9026 = DIRECTION ( 'NONE',  ( 0.0000000000000000000, 0.0000000000000000000, -1.000000000000000000 ) ) ;
#9027 = CIRCLE ( 'NONE', #296, 2.024999999999999900 ) ;
#9028 = EDGE_CURVE ( 'NONE', #9112, #6205, #1178, .T. ) ;
#9029 = DIRECTION ( 'NONE',  ( 0.0000000000000000000, 0.7071067811865500200, -0.7071067811865450200 ) ) ;
#9030 = CIRCLE ( 'NONE', #1315, 2.024999999999990100 ) ;
#9031 = VERTEX_POINT ( 'NONE', #5955 ) ;
#9032 = ORIENTED_EDGE ( 'NONE', *, *, #6926, .F. ) ;
#9033 = CARTESIAN_POINT ( 'NONE',  ( 6.750000000000000000, 96.00000000000000000, -13.50000000000000200 ) ) ;
#9034 = LINE ( 'NONE', #7831, #8124 ) ;
#9035 = ORIENTED_EDGE ( 'NONE', *, *, #7708, .T. ) ;
#9036 = CARTESIAN_POINT ( 'NONE',  ( 6.750000000000000000, 48.00000000000000700, -13.50000000000000200 ) ) ;
#9037 = CARTESIAN_POINT ( 'NONE',  ( -1.249999999999999800, 176.4852813742385800, 8.485281374238569500 ) ) ;
#9038 = VECTOR ( 'NONE', #9992, 1000.000000000000000 ) ;
#9039 = EDGE_CURVE ( 'NONE', #7378, #10543, #7320, .T. ) ;
#9040 = LINE ( 'NONE', #1886, #10378 ) ;
#9041 = ADVANCED_FACE ( 'NONE', ( #5463 ), #9927, .F. ) ;
#9042 = AXIS2_PLACEMENT_3D ( 'NONE', #1226, #3750, #8552 ) ;
#9043 = ORIENTED_EDGE ( 'NONE', *, *, #10750, .T. ) ;
#9044 = DIRECTION ( 'NONE',  ( 3.652049423109066300E-016, -0.0000000000000000000, -1.000000000000000000 ) ) ;
#9045 = CARTESIAN_POINT ( 'NONE',  ( 6.749999999999989300, 176.0000000000000300, 16.00000000000000400 ) ) ;
#9046 = EDGE_CURVE ( 'NONE', #3108, #1560, #9270, .T. ) ;
#9047 = EDGE_LOOP ( 'NONE', ( #4453, #1318, #5802, #3974, #8190 ) ) ;
#9048 = ORIENTED_EDGE ( 'NONE', *, *, #8007, .F. ) ;
#9049 = LINE ( 'NONE', #9178, #8929 ) ;
#9050 = FACE_OUTER_BOUND ( 'NONE', #5508, .T. ) ;
#9051 = VERTEX_POINT ( 'NONE', #9441 ) ;
#9052 = ADVANCED_FACE ( 'NONE', ( #6128 ), #3161, .F. ) ;
#9053 = DIRECTION ( 'NONE',  ( -0.0000000000000000000, -1.000000000000000000, -0.0000000000000000000 ) ) ;
#9054 = EDGE_CURVE ( 'NONE', #7809, #2422, #10982, .T. ) ;
#9055 = AXIS2_PLACEMENT_3D ( 'NONE', #8501, #6718, #9343 ) ;
#9056 = EDGE_LOOP ( 'NONE', ( #5713, #2730, #4014, #2379 ) ) ;
#9057 = ORIENTED_EDGE ( 'NONE', *, *, #2138, .F. ) ;
#9058 = AXIS2_PLACEMENT_3D ( 'NONE', #8338, #5032, #3231 ) ;
#9059 = FACE_BOUND ( 'NONE', #6457, .T. ) ;
#9060 = DIRECTION ( 'NONE',  ( -1.000000000000000000, 0.0000000000000000000, 0.0000000000000000000 ) ) ;
#9061 = DIRECTION ( 'NONE',  ( 0.0000000000000000000, 0.0000000000000000000, -1.000000000000000000 ) ) ;
#9062 = VECTOR ( 'NONE', #7671, 1000.000000000000000 ) ;
#9063 = CARTESIAN_POINT ( 'NONE',  ( -1.249999999999999800, 96.00000000000000000, 6.999999999999999100 ) ) ;
#9064 = ORIENTED_EDGE ( 'NONE', *, *, #4267, .F. ) ;
#9065 = EDGE_CURVE ( 'NONE', #447, #4492, #3836, .T. ) ;
#9066 = DIRECTION ( 'NONE',  ( 0.0000000000000000000, 0.0000000000000000000, -1.000000000000000000 ) ) ;
#9067 = VERTEX_POINT ( 'NONE', #1029 ) ;
#9068 = ORIENTED_EDGE ( 'NONE', *, *, #7439, .F. ) ;
#9069 = DIRECTION ( 'NONE',  ( 0.0000000000000000000, 0.0000000000000000000, -1.000000000000000000 ) ) ;
#9070 = FACE_BOUND ( 'NONE', #8794, .T. ) ;
#9071 = ORIENTED_EDGE ( 'NONE', *, *, #836, .F. ) ;
#9072 = LINE ( 'NONE', #7843, #3474 ) ;
#9073 = EDGE_CURVE ( 'NONE', #4492, #3602, #1565, .T. ) ;
#9074 = VECTOR ( 'NONE', #7965, 1000.000000000000000 ) ;
#9075 = CARTESIAN_POINT ( 'NONE',  ( 8.774999999999987900, 48.00000000000000700, 16.00000000000000400 ) ) ;
#9076 = ORIENTED_EDGE ( 'NONE', *, *, #3880, .T. ) ;
#9077 = CARTESIAN_POINT ( 'NONE',  ( 8.774999999999987900, 56.00000000000000700, 16.00000000000000400 ) ) ;
#9078 = CARTESIAN_POINT ( 'NONE',  ( 8.774999999999987900, 104.0000000000000100, 16.00000000000000400 ) ) ;
#9079 = ORIENTED_EDGE ( 'NONE', *, *, #10234, .F. ) ;
#9080 = VERTEX_POINT ( 'NONE', #2614 ) ;
#9081 = ORIENTED_EDGE ( 'NONE', *, *, #9847, .T. ) ;
#9082 = ORIENTED_EDGE ( 'NONE', *, *, #1408, .F. ) ;
#9083 = PLANE ( 'NONE',  #10716 ) ;
#9084 = ORIENTED_EDGE ( 'NONE', *, *, #4703, .T. ) ;
#9085 = CARTESIAN_POINT ( 'NONE',  ( -1.249999999999999800, 65.43189123190276700, -9.431891231902755000 ) ) ;
#9086 = VECTOR ( 'NONE', #228, 1000.000000000000000 ) ;
#9087 = CIRCLE ( 'NONE', #7779, 2.025000000000000800 ) ;
#9088 = AXIS2_PLACEMENT_3D ( 'NONE', #6544, #3907, #7425 ) ;
#9089 = ORIENTED_EDGE ( 'NONE', *, *, #2815, .T. ) ;
#9090 = EDGE_LOOP ( 'NONE', ( #1038, #10402, #10277, #6275 ) ) ;
#9091 = VERTEX_POINT ( 'NONE', #1803 ) ;
#9092 = ORIENTED_EDGE ( 'NONE', *, *, #10618, .F. ) ;
#9093 = EDGE_CURVE ( 'NONE', #4017, #4452, #1312, .T. ) ;
#9094 = CIRCLE ( 'NONE', #1917, 2.025000000000000800 ) ;
#9095 = FACE_OUTER_BOUND ( 'NONE', #3353, .T. ) ;
#9096 = EDGE_LOOP ( 'NONE', ( #6587, #10777 ) ) ;
#9097 = ADVANCED_FACE ( 'NONE', ( #8108 ), #9546, .F. ) ;
#9098 = ORIENTED_EDGE ( 'NONE', *, *, #2290, .T. ) ;
#9099 = ORIENTED_EDGE ( 'NONE', *, *, #5439, .F. ) ;
#9100 = AXIS2_PLACEMENT_3D ( 'NONE', #5749, #5784, #4772 ) ;
#9101 = CYLINDRICAL_SURFACE ( 'NONE', #1051, 2.024999999999998100 ) ;
#9102 = CARTESIAN_POINT ( 'NONE',  ( 1.250000000000000200, 152.0000000000000000, 5.975000000000009400 ) ) ;
#9103 = CARTESIAN_POINT ( 'NONE',  ( -1.249999999999999800, 159.5147186257614500, -8.485281374238566000 ) ) ;
#9104 = EDGE_LOOP ( 'NONE', ( #7070, #10690, #8169, #7238 ) ) ;
#9105 = FACE_OUTER_BOUND ( 'NONE', #386, .T. ) ;
#9106 = ORIENTED_EDGE ( 'NONE', *, *, #2495, .T. ) ;
#9107 = AXIS2_PLACEMENT_3D ( 'NONE', #5315, #10514, #8772 ) ;
#9108 = DIRECTION ( 'NONE',  ( 1.000000000000000000, -0.0000000000000000000, -0.0000000000000000000 ) ) ;
#9109 = ADVANCED_FACE ( 'NONE', ( #10064 ), #252, .F. ) ;
#9110 = CARTESIAN_POINT ( 'NONE',  ( -1.249999999999999800, 103.0533901423358100, 9.917172606141322800 ) ) ;
#9111 = EDGE_CURVE ( 'NONE', #9282, #7608, #7063, .T. ) ;
#9112 = VERTEX_POINT ( 'NONE', #5176 ) ;
#9113 = CARTESIAN_POINT ( 'NONE',  ( -1.249999999999999800, 177.9171726061413800, -7.053390142335809200 ) ) ;
#9114 = DIRECTION ( 'NONE',  ( 0.0000000000000000000, 0.0000000000000000000, -1.000000000000000000 ) ) ;
#9115 = EDGE_LOOP ( 'NONE', ( #8544, #8843, #1670, #4283 ) ) ;
#9116 = VERTEX_POINT ( 'NONE', #10273 ) ;
#9117 = CIRCLE ( 'NONE', #655, 2.024999999999997200 ) ;
#9118 = CIRCLE ( 'NONE', #7115, 6.999999999999999100 ) ;
#9119 = DIRECTION ( 'NONE',  ( 1.000000000000000000, -0.0000000000000000000, 0.0000000000000000000 ) ) ;
#9120 = DIRECTION ( 'NONE',  ( 1.000000000000000000, -0.0000000000000000000, -0.0000000000000000000 ) ) ;
#9121 = EDGE_CURVE ( 'NONE', #10887, #8441, #5043, .T. ) ;
#9122 = AXIS2_PLACEMENT_3D ( 'NONE', #7646, #4197, #1048 ) ;
#9123 = ORIENTED_EDGE ( 'NONE', *, *, #5304, .F. ) ;
#9124 = EDGE_LOOP ( 'NONE', ( #3021, #3448, #1717, #2391 ) ) ;
#9125 = AXIS2_PLACEMENT_3D ( 'NONE', #510, #3074, #4835 ) ;
#9126 = CARTESIAN_POINT ( 'NONE',  ( 6.749999999999989300, 184.0000000000000000, 16.00000000000000400 ) ) ;
#9127 = LINE ( 'NONE', #6831, #216 ) ;
#9128 = EDGE_CURVE ( 'NONE', #5296, #5615, #7853, .T. ) ;
#9129 = VECTOR ( 'NONE', #8195, 1000.000000000000000 ) ;
#9130 = CARTESIAN_POINT ( 'NONE',  ( -1.249999999999999800, 24.00000000000000000, 0.0000000000000000000 ) ) ;
#9131 = DIRECTION ( 'NONE',  ( 0.0000000000000000000, 0.0000000000000000000, -1.000000000000000000 ) ) ;
#9132 = ORIENTED_EDGE ( 'NONE', *, *, #10470, .F. ) ;
#9133 = CARTESIAN_POINT ( 'NONE',  ( -1.249999999999999800, 63.51471862576143900, -8.485281374238566000 ) ) ;
#9134 = CIRCLE ( 'NONE', #7433, 2.024999999999990100 ) ;
#9135 = EDGE_CURVE ( 'NONE', #5734, #2667, #9677, .T. ) ;
#9136 = DIRECTION ( 'NONE',  ( 1.000000000000000000, -0.0000000000000000000, -0.0000000000000000000 ) ) ;
#9137 = CIRCLE ( 'NONE', #10753, 2.024999999999990100 ) ;
#9138 = AXIS2_PLACEMENT_3D ( 'NONE', #1345, #5582, #2192 ) ;
#9139 = CARTESIAN_POINT ( 'NONE',  ( -1.249999999999999800, 96.00000000000000000, 0.0000000000000000000 ) ) ;
#9140 = ORIENTED_EDGE ( 'NONE', *, *, #5065, .F. ) ;
#9141 = EDGE_LOOP ( 'NONE', ( #6277, #10324, #467, #107, #5252 ) ) ;
#9142 = DIRECTION ( 'NONE',  ( 1.000000000000000000, -0.0000000000000000000, -0.0000000000000000000 ) ) ;
#9143 = VECTOR ( 'NONE', #679, 1000.000000000000000 ) ;
#9144 = DIRECTION ( 'NONE',  ( 1.000000000000000000, -0.0000000000000000000, -0.0000000000000000000 ) ) ;
#9145 = FACE_BOUND ( 'NONE', #10213, .T. ) ;
#9146 = ADVANCED_FACE ( 'NONE', ( #4514 ), #8760, .F. ) ;
#9147 = DIRECTION ( 'NONE',  ( 0.0000000000000000000, 0.0000000000000000000, -1.000000000000000000 ) ) ;
#9148 = EDGE_LOOP ( 'NONE', ( #2541, #3006, #2104, #3526 ) ) ;
#9149 = ORIENTED_EDGE ( 'NONE', *, *, #9005, .F. ) ;
#9150 = CARTESIAN_POINT ( 'NONE',  ( -1.249999999999999800, 135.5147186257614200, 8.485281374238569500 ) ) ;
#9151 = CARTESIAN_POINT ( 'NONE',  ( -1.249999999999999800, 133.4318912319028000, -13.43189123190274400 ) ) ;
#9152 = LINE ( 'NONE', #2749, #4661 ) ;
#9153 = VECTOR ( 'NONE', #6484, 1000.000000000000000 ) ;
#9154 = CARTESIAN_POINT ( 'NONE',  ( 1.250000000000000200, 32.00000000000000000, -7.999999999999994700 ) ) ;
#9155 = CARTESIAN_POINT ( 'NONE',  ( -1.249999999999999800, 61.43189123190278900, -13.43189123190274400 ) ) ;
#9156 = ORIENTED_EDGE ( 'NONE', *, *, #2158, .T. ) ;
#9158 = ADVANCED_FACE ( 'NONE', ( #6524 ), #3593, .T. ) ;
#9157 = VERTEX_POINT ( 'NONE', #1877 ) ;
#9159 = DIRECTION ( 'NONE',  ( 3.652049423109066300E-016, -0.0000000000000000000, -1.000000000000000000 ) ) ;
#9160 = VECTOR ( 'NONE', #3101, 1000.000000000000000 ) ;
#9161 = AXIS2_PLACEMENT_3D ( 'NONE', #1177, #2064, #5481 ) ;
#9162 = CIRCLE ( 'NONE', #6647, 6.999999999999999100 ) ;
#9163 = DIRECTION ( 'NONE',  ( 0.0000000000000000000, 0.0000000000000000000, -1.000000000000000000 ) ) ;
#9164 = FACE_OUTER_BOUND ( 'NONE', #6193, .T. ) ;
#9165 = PLANE ( 'NONE',  #7741 ) ;
#9166 = AXIS2_PLACEMENT_3D ( 'NONE', #9515, #10383, #9555 ) ;
#9167 = ORIENTED_EDGE ( 'NONE', *, *, #5988, .F. ) ;
#9168 = EDGE_LOOP ( 'NONE', ( #2243, #10335, #10766, #5460 ) ) ;
#9169 = CYLINDRICAL_SURFACE ( 'NONE', #2911, 2.025000000000004400 ) ;
#9170 = EDGE_CURVE ( 'NONE', #1132, #1814, #509, .T. ) ;
#9171 = LINE ( 'NONE', #8311, #9038 ) ;
#9172 = FACE_OUTER_BOUND ( 'NONE', #10605, .T. ) ;
#9173 = EDGE_LOOP ( 'NONE', ( #2590, #3311 ) ) ;
#9174 = CARTESIAN_POINT ( 'NONE',  ( -1.249999999999999800, 133.4318912319027700, -13.43189123190275300 ) ) ;
#9175 = CARTESIAN_POINT ( 'NONE',  ( 6.749999999999990200, 160.0000000000000000, 13.50000000000000000 ) ) ;
#9176 = ORIENTED_EDGE ( 'NONE', *, *, #56, .F. ) ;
#9177 = CARTESIAN_POINT ( 'NONE',  ( 6.749999999999990200, 168.0000000000000000, 13.50000000000000000 ) ) ;
#9178 = CARTESIAN_POINT ( 'NONE',  ( 1.250000000000000200, 157.4318912319026800, 13.43189123190281200 ) ) ;
#9179 = ORIENTED_EDGE ( 'NONE', *, *, #8349, .T. ) ;
#9180 = CIRCLE ( 'NONE', #5282, 2.024999999999999900 ) ;
#9181 = EDGE_CURVE ( 'NONE', #4028, #7761, #1974, .T. ) ;
#9182 = AXIS2_PLACEMENT_3D ( 'NONE', #5447, #3675, #7198 ) ;
#9183 = CARTESIAN_POINT ( 'NONE',  ( -1.249999999999999800, 104.0000000000000100, 8.000000000000000000 ) ) ;
#9184 = AXIS2_PLACEMENT_3D ( 'NONE', #5772, #659, #6777 ) ;
#9185 = DIRECTION ( 'NONE',  ( 3.652049423109066300E-016, -0.0000000000000000000, -1.000000000000000000 ) ) ;
#9186 = VECTOR ( 'NONE', #1969, 1000.000000000000000 ) ;
#9187 = DIRECTION ( 'NONE',  ( -1.000000000000000000, 0.0000000000000000000, 0.0000000000000000000 ) ) ;
#9188 = EDGE_CURVE ( 'NONE', #814, #8461, #2351, .T. ) ;
#9189 = CARTESIAN_POINT ( 'NONE',  ( 1.250000000000000200, 58.56810876809730400, -10.56810876809726100 ) ) ;
#9190 = ORIENTED_EDGE ( 'NONE', *, *, #2420, .T. ) ;
#9191 = ORIENTED_EDGE ( 'NONE', *, *, #5012, .F. ) ;
#9192 = DIRECTION ( 'NONE',  ( 1.000000000000000000, -0.0000000000000000000, -0.0000000000000000000 ) ) ;
#9193 = CIRCLE ( 'NONE', #9653, 2.025000000000004400 ) ;
#9194 = CARTESIAN_POINT ( 'NONE',  ( 8.774999999999998600, 112.0000000000000100, -15.99999999999999600 ) ) ;
#9195 = EDGE_LOOP ( 'NONE', ( #10570, #3509, #7547, #2600 ) ) ;
#9196 = LINE ( 'NONE', #3580, #3213 ) ;
#9197 = EDGE_CURVE ( 'NONE', #1979, #2249, #10337, .T. ) ;
#9198 = APPROVAL ( #9683, 'UNSPECIFIED' ) ;
#9199 = ORIENTED_EDGE ( 'NONE', *, *, #3633, .T. ) ;
#9200 = AXIS2_PLACEMENT_3D ( 'NONE', #1311, #468, #9003 ) ;
#9201 = ORIENTED_EDGE ( 'NONE', *, *, #10125, .F. ) ;
#9202 = ADVANCED_FACE ( 'NONE', ( #8356 ), #4360, .F. ) ;
#9203 = CARTESIAN_POINT ( 'NONE',  ( 8.774999999999987900, 32.00000000000000700, 16.00000000000000400 ) ) ;
#9204 = ORIENTED_EDGE ( 'NONE', *, *, #10321, .T. ) ;
#9205 = VERTEX_POINT ( 'NONE', #2777 ) ;
#9206 = VECTOR ( 'NONE', #6057, 1000.000000000000000 ) ;
#9207 = VECTOR ( 'NONE', #6228, 1000.000000000000000 ) ;
#9208 = EDGE_CURVE ( 'NONE', #8509, #5050, #7840, .T. ) ;
#9209 = CARTESIAN_POINT ( 'NONE',  ( 1.250000000000000200, 32.48528137423857500, -8.485281374238564200 ) ) ;
#9210 = ORIENTED_EDGE ( 'NONE', *, *, #10493, .T. ) ;
#9211 = ORIENTED_EDGE ( 'NONE', *, *, #3935, .T. ) ;
#9212 = ORIENTED_EDGE ( 'NONE', *, *, #9379, .T. ) ;
#9213 = EDGE_CURVE ( 'NONE', #3636, #4411, #9395, .T. ) ;
#9214 = VERTEX_POINT ( 'NONE', #1063 ) ;
#9215 = DIRECTION ( 'NONE',  ( 0.0000000000000000000, 0.7071067811865482400, -0.7071067811865469100 ) ) ;
#9216 = ADVANCED_FACE ( 'NONE', ( #2099 ), #238, .F. ) ;
#9217 = FACE_OUTER_BOUND ( 'NONE', #8612, .T. ) ;
#9218 = CARTESIAN_POINT ( 'NONE',  ( -1.249999999999999800, 86.56810876809726100, -6.568108768097241400 ) ) ;
#9219 = DIRECTION ( 'NONE',  ( 1.000000000000000000, -0.0000000000000000000, 0.0000000000000000000 ) ) ;
#9220 = EDGE_LOOP ( 'NONE', ( #730, #3640, #10502, #2167 ) ) ;
#9221 = VERTEX_POINT ( 'NONE', #373 ) ;
#9222 = CARTESIAN_POINT ( 'NONE',  ( -1.249999999999999800, 33.43189123190274600, 6.568108768097250300 ) ) ;
#9223 = CARTESIAN_POINT ( 'NONE',  ( 6.749999999999989300, 24.00000000000000700, 16.00000000000000400 ) ) ;
#9224 = DIRECTION ( 'NONE',  ( 1.000000000000000000, -0.0000000000000000000, 0.0000000000000000000 ) ) ;
#9225 = ORIENTED_EDGE ( 'NONE', *, *, #6288, .F. ) ;
#9226 = AXIS2_PLACEMENT_3D ( 'NONE', #1954, #4491, #6265 ) ;
#9227 = CALENDAR_DATE ( 2022, 26, 4 ) ;
#9228 = CARTESIAN_POINT ( 'NONE',  ( 4.724999999999991700, 168.0000000000000000, 16.00000000000000400 ) ) ;
#9229 = CARTESIAN_POINT ( 'NONE',  ( 6.749999999999989300, 104.0000000000000100, 16.00000000000000400 ) ) ;
#9230 = FACE_OUTER_BOUND ( 'NONE', #2654, .T. ) ;
#9231 = ORIENTED_EDGE ( 'NONE', *, *, #311, .F. ) ;
#9232 = CARTESIAN_POINT ( 'NONE',  ( -1.249999999999999800, 134.5681087680972300, -6.568108768097241400 ) ) ;
#9233 = EDGE_CURVE ( 'NONE', #8168, #526, #3032, .T. ) ;
#9234 = VERTEX_POINT ( 'NONE', #8835 ) ;
#9235 = VERTEX_POINT ( 'NONE', #4617 ) ;
#9236 = EDGE_CURVE ( 'NONE', #10143, #7268, #6120, .T. ) ;
#9237 = FACE_OUTER_BOUND ( 'NONE', #4378, .T. ) ;
#9238 = ORIENTED_EDGE ( 'NONE', *, *, #2567, .F. ) ;
#9239 = FACE_OUTER_BOUND ( 'NONE', #6090, .T. ) ;
#9240 = CARTESIAN_POINT ( 'NONE',  ( 6.749999999999990200, 184.0000000000000000, 13.50000000000000000 ) ) ;
#9241 = ORIENTED_EDGE ( 'NONE', *, *, #5480, .F. ) ;
#9242 = ORIENTED_EDGE ( 'NONE', *, *, #8294, .F. ) ;
#9243 = EDGE_CURVE ( 'NONE', #5050, #1626, #3282, .T. ) ;
#9244 = VECTOR ( 'NONE', #8748, 1000.000000000000000 ) ;
#9245 = FACE_OUTER_BOUND ( 'NONE', #8333, .T. ) ;
#9246 = DIRECTION ( 'NONE',  ( 1.000000000000000000, -0.0000000000000000000, 0.0000000000000000000 ) ) ;
#9247 = EDGE_CURVE ( 'NONE', #4555, #8395, #10970, .T. ) ;
#9248 = DIRECTION ( 'NONE',  ( 3.652049423109066300E-016, -0.0000000000000000000, -1.000000000000000000 ) ) ;
#9249 = CARTESIAN_POINT ( 'NONE',  ( 1.250000000000000200, 184.0000000000000000, 8.000000000000019500 ) ) ;
#9250 = CARTESIAN_POINT ( 'NONE',  ( -1.249999999999999800, 72.00000000000001400, 2.024999999999999900 ) ) ;
#9251 = ORIENTED_EDGE ( 'NONE', *, *, #720, .F. ) ;
#9253 = ORIENTED_EDGE ( 'NONE', *, *, #2279, .F. ) ;
#9252 = ADVANCED_FACE ( 'NONE', ( #1550 ), #7964, .T. ) ;
#9254 = DIRECTION ( 'NONE',  ( 1.000000000000000000, -0.0000000000000000000, 0.0000000000000000000 ) ) ;
#9255 = VECTOR ( 'NONE', #753, 1000.000000000000000 ) ;
#9256 = CARTESIAN_POINT ( 'NONE',  ( -1.249999999999999800, 130.5681087680974600, 10.56810876809731100 ) ) ;
#9257 = LINE ( 'NONE', #4642, #9796 ) ;
#9258 = EDGE_CURVE ( 'NONE', #2263, #10529, #8615, .T. ) ;
#9259 = AXIS2_PLACEMENT_3D ( 'NONE', #462, #2250, #10011 ) ;
#9260 = DIRECTION ( 'NONE',  ( 3.652049423109066300E-016, -0.0000000000000000000, -1.000000000000000000 ) ) ;
#9261 = VERTEX_POINT ( 'NONE', #9678 ) ;
#9262 = ORIENTED_EDGE ( 'NONE', *, *, #4352, .T. ) ;
#9263 = LINE ( 'NONE', #4689, #7056 ) ;
#9264 = ADVANCED_FACE ( 'NONE', ( #5589 ), #1303, .F. ) ;
#9265 = LINE ( 'NONE', #1912, #8219 ) ;
#9266 = ORIENTED_EDGE ( 'NONE', *, *, #9466, .T. ) ;
#9267 = VERTEX_POINT ( 'NONE', #2896 ) ;
#9268 = EDGE_CURVE ( 'NONE', #10920, #9051, #766, .T. ) ;
#9269 = CARTESIAN_POINT ( 'NONE',  ( 1.250000000000000200, 61.43189123190266800, 13.43189123190281200 ) ) ;
#9270 = LINE ( 'NONE', #5054, #898 ) ;
#9271 = AXIS2_PLACEMENT_3D ( 'NONE', #5317, #9419, #4475 ) ;
#9272 = DIRECTION ( 'NONE',  ( 1.000000000000000000, -0.0000000000000000000, 0.0000000000000000000 ) ) ;
#9273 = LINE ( 'NONE', #3162, #5045 ) ;
#9274 = CARTESIAN_POINT ( 'NONE',  ( -1.249999999999999800, 72.00000000000001400, -2.024999999999999900 ) ) ;
#9275 = VERTEX_POINT ( 'NONE', #3063 ) ;
#9276 = DIRECTION ( 'NONE',  ( -1.000000000000000000, 0.0000000000000000000, 0.0000000000000000000 ) ) ;
#9277 = ORIENTED_EDGE ( 'NONE', *, *, #1426, .F. ) ;
#9278 = CARTESIAN_POINT ( 'NONE',  ( -46.75000000000000000, 184.9466098576642100, 9.917172606141347700 ) ) ;
#9279 = VECTOR ( 'NONE', #185, 1000.000000000000000 ) ;
#9280 = VECTOR ( 'NONE', #653, 1000.000000000000000 ) ;
#9281 = CARTESIAN_POINT ( 'NONE',  ( 5.843279076974506900E-015, 192.0000000000000000, -16.00000000000000000 ) ) ;
#9282 = VERTEX_POINT ( 'NONE', #7995 ) ;
#9283 = EDGE_LOOP ( 'NONE', ( #10584, #2070, #7524, #4007 ) ) ;
#9284 = EDGE_CURVE ( 'NONE', #8004, #5789, #4204, .T. ) ;
#9285 = VECTOR ( 'NONE', #2720, 1000.000000000000000 ) ;
#9286 = VECTOR ( 'NONE', #5122, 1000.000000000000000 ) ;
#9287 = DIRECTION ( 'NONE',  ( 3.652049423109066300E-016, -0.0000000000000000000, -1.000000000000000000 ) ) ;
#9288 = DIRECTION ( 'NONE',  ( 0.0000000000000000000, 0.0000000000000000000, -1.000000000000000000 ) ) ;
#9289 = FACE_OUTER_BOUND ( 'NONE', #10275, .T. ) ;
#9290 = VERTEX_POINT ( 'NONE', #4825 ) ;
#9291 = DIRECTION ( 'NONE',  ( 0.0000000000000000000, 0.0000000000000000000, -1.000000000000000000 ) ) ;
#9292 = EDGE_LOOP ( 'NONE', ( #4648, #10558, #8477, #5143 ) ) ;
#9293 = AXIS2_PLACEMENT_3D ( 'NONE', #6614, #8153, #3085 ) ;
#9294 = ORIENTED_EDGE ( 'NONE', *, *, #6743, .T. ) ;
#9295 = FACE_BOUND ( 'NONE', #9719, .T. ) ;
#9296 = DIRECTION ( 'NONE',  ( 0.0000000000000000000, -0.7071067811865335800, 0.7071067811865615600 ) ) ;
#9297 = ADVANCED_FACE ( 'NONE', ( #7441 ), #10610, .F. ) ;
#9298 = CYLINDRICAL_SURFACE ( 'NONE', #7868, 2.025000000000004400 ) ;
#9299 = DIRECTION ( 'NONE',  ( 1.000000000000000000, -0.0000000000000000000, -0.0000000000000000000 ) ) ;
#9300 = AXIS2_PLACEMENT_3D ( 'NONE', #10207, #4222, #8548 ) ;
#9301 = ORIENTED_EDGE ( 'NONE', *, *, #9028, .T. ) ;
#9302 = DIRECTION ( 'NONE',  ( 1.000000000000000000, 0.0000000000000000000, 0.0000000000000000000 ) ) ;
#9303 = EDGE_CURVE ( 'NONE', #6760, #10491, #9802, .T. ) ;
#9304 = DIRECTION ( 'NONE',  ( 0.0000000000000000000, 0.0000000000000000000, -1.000000000000000000 ) ) ;
#9305 = ORIENTED_EDGE ( 'NONE', *, *, #9243, .T. ) ;
#9306 = ORIENTED_EDGE ( 'NONE', *, *, #6462, .F. ) ;
#9307 = FACE_BOUND ( 'NONE', #8122, .T. ) ;
#9308 = CARTESIAN_POINT ( 'NONE',  ( 1.250000000000000200, 160.0000000000000300, -7.999999999999996400 ) ) ;
#9309 = FACE_OUTER_BOUND ( 'NONE', #3331, .T. ) ;
#9310 = ADVANCED_FACE ( 'NONE', ( #6769 ), #7234, .F. ) ;
#9311 = CARTESIAN_POINT ( 'NONE',  ( 6.749999999999989300, 16.00000000000000700, 16.00000000000000400 ) ) ;
#9312 = DIRECTION ( 'NONE',  ( 1.000000000000000000, -0.0000000000000000000, 0.0000000000000000000 ) ) ;
#9313 = DIRECTION ( 'NONE',  ( 1.000000000000000000, -0.0000000000000000000, 0.0000000000000000000 ) ) ;
#9314 = CARTESIAN_POINT ( 'NONE',  ( 1.250000000000000200, -1.431891231902783000, 1.431891231902793400 ) ) ;
#9315 = EDGE_LOOP ( 'NONE', ( #458, #7939 ) ) ;
#9316 = EDGE_CURVE ( 'NONE', #6999, #2900, #1966, .T. ) ;
#9317 = AXIS2_PLACEMENT_3D ( 'NONE', #7454, #1477, #2331 ) ;
#9318 = CARTESIAN_POINT ( 'NONE',  ( 1.250000000000000200, 179.3137084989847900, 2.024999999999999900 ) ) ;
#9319 = ORIENTED_EDGE ( 'NONE', *, *, #7855, .F. ) ;
#9320 = EDGE_LOOP ( 'NONE', ( #7374, #3615, #8857, #2546 ) ) ;
#9321 = AXIS2_PLACEMENT_3D ( 'NONE', #9681, #375, #7200 ) ;
#9322 = VERTEX_POINT ( 'NONE', #8908 ) ;
#9323 = FACE_BOUND ( 'NONE', #1978, .T. ) ;
#9324 = EDGE_CURVE ( 'NONE', #8722, #1626, #3826, .T. ) ;
#9325 = FACE_OUTER_BOUND ( 'NONE', #3445, .T. ) ;
#9326 = DIRECTION ( 'NONE',  ( 1.000000000000000000, -0.0000000000000000000, -0.0000000000000000000 ) ) ;
#9327 = ORIENTED_EDGE ( 'NONE', *, *, #7243, .T. ) ;
#9328 = CARTESIAN_POINT ( 'NONE',  ( -1.249999999999999800, 13.43189123190279200, -13.43189123190274400 ) ) ;
#9329 = EDGE_LOOP ( 'NONE', ( #4686, #6556, #2317, #10661, #376 ) ) ;
#9330 = CARTESIAN_POINT ( 'NONE',  ( -1.249999999999999800, 161.4318912319027700, -9.431891231902755000 ) ) ;
#9331 = ORIENTED_EDGE ( 'NONE', *, *, #9233, .F. ) ;
#9332 = DIRECTION ( 'NONE',  ( 0.0000000000000000000, 0.0000000000000000000, -1.000000000000000000 ) ) ;
#9333 = ORIENTED_EDGE ( 'NONE', *, *, #7609, .F. ) ;
#9334 = VERTEX_POINT ( 'NONE', #1288 ) ;
#9335 = CYLINDRICAL_SURFACE ( 'NONE', #8535, 2.024999999999998100 ) ;
#9336 = EDGE_CURVE ( 'NONE', #2838, #41, #8102, .T. ) ;
#9337 = LINE ( 'NONE', #7050, #9749 ) ;
#9338 = AXIS2_PLACEMENT_3D ( 'NONE', #3316, #9192, #3278 ) ;
#9339 = DIRECTION ( 'NONE',  ( 1.000000000000000000, -0.0000000000000000000, 0.0000000000000000000 ) ) ;
#9340 = CARTESIAN_POINT ( 'NONE',  ( -1.249999999999999800, 55.99999999999999300, 8.000000000000000000 ) ) ;
#9341 = ORIENTED_EDGE ( 'NONE', *, *, #711, .T. ) ;
#9342 = ORIENTED_EDGE ( 'NONE', *, *, #9466, .F. ) ;
#9343 = DIRECTION ( 'NONE',  ( 0.0000000000000000000, 0.0000000000000000000, -1.000000000000000000 ) ) ;
#9344 = ORIENTED_EDGE ( 'NONE', *, *, #2090, .F. ) ;
#9345 = CYLINDRICAL_SURFACE ( 'NONE', #10722, 2.024999999999998100 ) ;
#9346 = DIRECTION ( 'NONE',  ( 1.000000000000000000, 0.0000000000000000000, 0.0000000000000000000 ) ) ;
#9347 = CIRCLE ( 'NONE', #3591, 2.024999999999997200 ) ;
#9348 = VERTEX_POINT ( 'NONE', #4755 ) ;
#9349 = CARTESIAN_POINT ( 'NONE',  ( 4.724999999999991700, 64.00000000000000000, 16.00000000000000400 ) ) ;
#9350 = ORIENTED_EDGE ( 'NONE', *, *, #3131, .T. ) ;
#9351 = CARTESIAN_POINT ( 'NONE',  ( -46.75000000000000000, 8.000000000000000000, 5.974999999999994300 ) ) ;
#9352 = PLANE ( 'NONE',  #5636 ) ;
#9353 = FACE_OUTER_BOUND ( 'NONE', #5471, .T. ) ;
#9354 = DIRECTION ( 'NONE',  ( 0.0000000000000000000, 0.0000000000000000000, -1.000000000000000000 ) ) ;
#9355 = ADVANCED_FACE ( 'NONE', ( #3560 ), #7312, .F. ) ;
#9356 = VERTEX_POINT ( 'NONE', #9819 ) ;
#9357 = CIRCLE ( 'NONE', #10272, 2.024999999999998100 ) ;
#9358 = EDGE_LOOP ( 'NONE', ( #5800, #5344, #9609, #781, #5369 ) ) ;
#9359 = CARTESIAN_POINT ( 'NONE',  ( -1.249999999999999800, 112.9466098576642100, -9.917172606141319200 ) ) ;
#9360 = VERTEX_POINT ( 'NONE', #477 ) ;
#9361 = AXIS2_PLACEMENT_3D ( 'NONE', #1060, #4573, #1141 ) ;
#9362 = CARTESIAN_POINT ( 'NONE',  ( -1.249999999999999800, 24.00000000000000000, -6.999999999999999100 ) ) ;
#9363 = VERTEX_POINT ( 'NONE', #9757 ) ;
#9364 = CARTESIAN_POINT ( 'NONE',  ( -1.249999999999999800, 158.0828273938586800, 7.053390142335810100 ) ) ;
#9365 = VERTEX_POINT ( 'NONE', #10675 ) ;
#9366 = CARTESIAN_POINT ( 'NONE',  ( 6.749999999999989300, 64.00000000000000000, 16.00000000000000400 ) ) ;
#9367 = VECTOR ( 'NONE', #3762, 1000.000000000000000 ) ;
#9368 = VECTOR ( 'NONE', #6067, 1000.000000000000000 ) ;
#9369 = ADVANCED_FACE ( 'NONE', ( #502 ), #4079, .F. ) ;
#9370 = EDGE_CURVE ( 'NONE', #5956, #2539, #7197, .T. ) ;
#9371 = DIRECTION ( 'NONE',  ( 1.000000000000000000, -0.0000000000000000000, 0.0000000000000000000 ) ) ;
#9372 = EDGE_CURVE ( 'NONE', #10236, #7343, #7565, .T. ) ;
#9373 = VERTEX_POINT ( 'NONE', #3947 ) ;
#9374 = EDGE_LOOP ( 'NONE', ( #778, #2341, #4068, #7264 ) ) ;
#9375 = LINE ( 'NONE', #4934, #3686 ) ;
#9376 = CARTESIAN_POINT ( 'NONE',  ( 10.75000000000000000, 192.0000000000000000, -15.99999999999999600 ) ) ;
#9377 = VECTOR ( 'NONE', #8256, 999.9999999999998900 ) ;
#9378 = DIRECTION ( 'NONE',  ( 0.0000000000000000000, 0.0000000000000000000, -1.000000000000000000 ) ) ;
#9379 = EDGE_CURVE ( 'NONE', #3045, #5658, #2766, .T. ) ;
#9380 = AXIS2_PLACEMENT_3D ( 'NONE', #96, #10392, #1720 ) ;
#9381 = EDGE_LOOP ( 'NONE', ( #833, #3925, #1805, #3755 ) ) ;
#9382 = AXIS2_PLACEMENT_3D ( 'NONE', #2791, #6986, #8585 ) ;
#9383 = CARTESIAN_POINT ( 'NONE',  ( 1.250000000000000200, 8.485281374238571300, -10.51028137423856600 ) ) ;
#9384 = CIRCLE ( 'NONE', #5388, 2.024999999999998100 ) ;
#9385 = EDGE_CURVE ( 'NONE', #7488, #5518, #9263, .T. ) ;
#9386 = CARTESIAN_POINT ( 'NONE',  ( 1.250000000000000200, 177.9171726061413200, 7.053390142335807400 ) ) ;
#9387 = DIRECTION ( 'NONE',  ( 1.000000000000000000, -0.0000000000000000000, -0.0000000000000000000 ) ) ;
#9388 = DIRECTION ( 'NONE',  ( 1.000000000000000000, -0.0000000000000000000, -0.0000000000000000000 ) ) ;
#9389 = FACE_BOUND ( 'NONE', #10664, .T. ) ;
#9390 = CARTESIAN_POINT ( 'NONE',  ( 6.750000000000000900, 40.00000000000000700, -15.99999999999999600 ) ) ;
#9391 = DIRECTION ( 'NONE',  ( 1.000000000000000000, -0.0000000000000000000, -0.0000000000000000000 ) ) ;
#9392 = ORIENTED_EDGE ( 'NONE', *, *, #8014, .F. ) ;
#9393 = EDGE_LOOP ( 'NONE', ( #7494, #8758, #6903, #7838 ) ) ;
#9394 = DIRECTION ( 'NONE',  ( 1.000000000000000000, -0.0000000000000000000, 0.0000000000000000000 ) ) ;
#9395 = LINE ( 'NONE', #6201, #10854 ) ;
#9396 = EDGE_CURVE ( 'NONE', #7488, #8281, #392, .T. ) ;
#9397 = AXIS2_PLACEMENT_3D ( 'NONE', #10759, #1471, #4917 ) ;
#9398 = CARTESIAN_POINT ( 'NONE',  ( -1.249999999999999800, 88.00000000000001400, 8.000000000000000000 ) ) ;
#9399 = CIRCLE ( 'NONE', #6025, 2.024999999999998100 ) ;
#9400 = DIRECTION ( 'NONE',  ( -1.000000000000000000, 0.0000000000000000000, 0.0000000000000000000 ) ) ;
#9401 = ORIENTED_EDGE ( 'NONE', *, *, #1328, .T. ) ;
#9402 = CARTESIAN_POINT ( 'NONE',  ( -1.249999999999999800, 58.56810876809721800, -10.56810876809725700 ) ) ;
#9403 = ORIENTED_EDGE ( 'NONE', *, *, #8459, .F. ) ;
#9404 = DIRECTION ( 'NONE',  ( 0.0000000000000000000, 0.0000000000000000000, -1.000000000000000000 ) ) ;
#9405 = CIRCLE ( 'NONE', #5450, 6.999999999999999100 ) ;
#9406 = EDGE_CURVE ( 'NONE', #6423, #7599, #10721, .T. ) ;
#9407 = DIRECTION ( 'NONE',  ( 1.000000000000000000, 0.0000000000000000000, 0.0000000000000000000 ) ) ;
#9408 = CIRCLE ( 'NONE', #156, 2.024999999999998100 ) ;
#9409 = ADVANCED_FACE ( 'NONE', ( #4908 ), #2909, .F. ) ;
#9410 = DIRECTION ( 'NONE',  ( -1.000000000000000000, 0.0000000000000000000, 0.0000000000000000000 ) ) ;
#9411 = EDGE_CURVE ( 'NONE', #4562, #2233, #634, .T. ) ;
#9412 = ORIENTED_EDGE ( 'NONE', *, *, #331, .F. ) ;
#9413 = EDGE_LOOP ( 'NONE', ( #4045, #999, #9745, #9199, #4144 ) ) ;
#9414 = LINE ( 'NONE', #6197, #5738 ) ;
#9415 = ORIENTED_EDGE ( 'NONE', *, *, #1838, .F. ) ;
#9416 = VECTOR ( 'NONE', #6121, 1000.000000000000000 ) ;
#9417 = VECTOR ( 'NONE', #3677, 1000.000000000000000 ) ;
#9418 = ADVANCED_FACE ( 'NONE', ( #6517 ), #2622, .F. ) ;
#9419 = DIRECTION ( 'NONE',  ( 1.000000000000000000, -0.0000000000000000000, 0.0000000000000000000 ) ) ;
#9420 = EDGE_LOOP ( 'NONE', ( #5557, #1661, #2119, #8285 ) ) ;
#9421 = CARTESIAN_POINT ( 'NONE',  ( -1.249999999999999800, 176.0000000000000300, 8.000000000000000000 ) ) ;
#9422 = ORIENTED_EDGE ( 'NONE', *, *, #3737, .T. ) ;
#9423 = CIRCLE ( 'NONE', #5432, 2.024999999999997200 ) ;
#9424 = CARTESIAN_POINT ( 'NONE',  ( -1.249999999999999800, 72.00000000000001400, 2.024999999999999900 ) ) ;
#9425 = CARTESIAN_POINT ( 'NONE',  ( 1.250000000000000200, 150.5681087680972300, 9.431891231902756800 ) ) ;
#9426 = AXIS2_PLACEMENT_3D ( 'NONE', #5478, #366, #6382 ) ;
#9427 = FACE_OUTER_BOUND ( 'NONE', #5785, .T. ) ;
#9428 = CARTESIAN_POINT ( 'NONE',  ( -1.249999999999999800, 61.43189123190266800, 13.43189123190281200 ) ) ;
#9429 = CIRCLE ( 'NONE', #6166, 2.024999999999998100 ) ;
#9430 = ORIENTED_EDGE ( 'NONE', *, *, #5153, .T. ) ;
#9431 = EDGE_CURVE ( 'NONE', #4003, #4692, #8889, .T. ) ;
#9432 = VERTEX_POINT ( 'NONE', #2417 ) ;
#9433 = CARTESIAN_POINT ( 'NONE',  ( -1.249999999999999800, 158.0828273938587100, -7.053390142335805600 ) ) ;
#9434 = DIRECTION ( 'NONE',  ( 0.0000000000000000000, 0.7071067811865463500, 0.7071067811865487900 ) ) ;
#9435 = ORIENTED_EDGE ( 'NONE', *, *, #8299, .F. ) ;
#9436 = DIRECTION ( 'NONE',  ( 1.000000000000000000, -0.0000000000000000000, -0.0000000000000000000 ) ) ;
#9437 = CIRCLE ( 'NONE', #4314, 2.024999999999998100 ) ;
#9438 = DIRECTION ( 'NONE',  ( 1.000000000000000000, -0.0000000000000000000, -0.0000000000000000000 ) ) ;
#9439 = LINE ( 'NONE', #5924, #9062 ) ;
#9440 = CARTESIAN_POINT ( 'NONE',  ( 6.749999999999989300, 32.00000000000000700, 16.00000000000000400 ) ) ;
#9441 = CARTESIAN_POINT ( 'NONE',  ( 1.250000000000000200, 175.0533901423358400, 9.917172606141324600 ) ) ;
#9442 = VERTEX_POINT ( 'NONE', #10816 ) ;
#9443 = CARTESIAN_POINT ( 'NONE',  ( 1.250000000000000200, 112.0000000000000000, 8.000000000000000000 ) ) ;
#9444 = ORIENTED_EDGE ( 'NONE', *, *, #6666, .F. ) ;
#9445 = CIRCLE ( 'NONE', #10783, 2.025000000000002600 ) ;
#9446 = EDGE_CURVE ( 'NONE', #10662, #2701, #5181, .T. ) ;
#9447 = ORIENTED_EDGE ( 'NONE', *, *, #9247, .F. ) ;
#9448 = CARTESIAN_POINT ( 'NONE',  ( -1.249999999999999800, 31.99999999999999300, 8.000000000000000000 ) ) ;
#9449 = AXIS2_PLACEMENT_3D ( 'NONE', #3817, #3988, #7435 ) ;
#9450 = CIRCLE ( 'NONE', #1070, 2.025000000000002600 ) ;
#9451 = CARTESIAN_POINT ( 'NONE',  ( -1.249999999999999800, 86.56810876809724700, 6.568108768097240500 ) ) ;
#9452 = CARTESIAN_POINT ( 'NONE',  ( 6.749999999999989300, 40.00000000000000700, 16.00000000000000400 ) ) ;
#9453 = FACE_OUTER_BOUND ( 'NONE', #7438, .T. ) ;
#9454 = EDGE_CURVE ( 'NONE', #8524, #9956, #8472, .T. ) ;
#9455 = CARTESIAN_POINT ( 'NONE',  ( -1.249999999999999800, 33.91717260614131400, 7.053390142335818100 ) ) ;
#9456 = ORIENTED_EDGE ( 'NONE', *, *, #326, .F. ) ;
#9457 = CARTESIAN_POINT ( 'NONE',  ( -1.249999999999999800, 160.0000000000000300, -7.999999999999996400 ) ) ;
#9458 = EDGE_LOOP ( 'NONE', ( #6558, #2611, #7589, #4255 ) ) ;
#9459 = EDGE_LOOP ( 'NONE', ( #8027, #2905, #6285, #2019 ) ) ;
#9460 = ORIENTED_EDGE ( 'NONE', *, *, #100, .T. ) ;
#9461 = CARTESIAN_POINT ( 'NONE',  ( 6.749999999999989300, 136.0000000000000000, 16.00000000000000400 ) ) ;
#9462 = CIRCLE ( 'NONE', #7625, 2.024999999999998100 ) ;
#9463 = DIRECTION ( 'NONE',  ( -1.000000000000000000, 0.0000000000000000000, 0.0000000000000000000 ) ) ;
#9464 = DIRECTION ( 'NONE',  ( -1.000000000000000000, 0.0000000000000000000, 0.0000000000000000000 ) ) ;
#9465 = VECTOR ( 'NONE', #6055, 1000.000000000000000 ) ;
#9466 = EDGE_CURVE ( 'NONE', #3636, #7357, #5033, .T. ) ;
#9467 = AXIS2_PLACEMENT_3D ( 'NONE', #9150, #4937, #3241 ) ;
#9468 = DIRECTION ( 'NONE',  ( 1.000000000000000000, -0.0000000000000000000, -0.0000000000000000000 ) ) ;
#9469 = EDGE_LOOP ( 'NONE', ( #1525, #1500, #10900, #329 ) ) ;
#9470 = ADVANCED_FACE ( 'NONE', ( #10044 ), #3201, .F. ) ;
#9471 = AXIS2_PLACEMENT_3D ( 'NONE', #178, #9570, #3705 ) ;
#9472 = VERTEX_POINT ( 'NONE', #8346 ) ;
#9473 = DIRECTION ( 'NONE',  ( 1.826024711554532900E-016, -0.0000000000000000000, 1.000000000000000000 ) ) ;
#9474 = EDGE_LOOP ( 'NONE', ( #6160, #8047, #1412, #4143, #28 ) ) ;
#9475 = ORIENTED_EDGE ( 'NONE', *, *, #74, .F. ) ;
#9476 = CIRCLE ( 'NONE', #4571, 2.025000000000000800 ) ;
#9477 = CARTESIAN_POINT ( 'NONE',  ( -1.249999999999999800, 0.0000000000000000000, -16.00000000000000000 ) ) ;
#9478 = CARTESIAN_POINT ( 'NONE',  ( -1.249999999999999800, 61.43189123190261800, 13.43189123190273400 ) ) ;
#9479 = DIRECTION ( 'NONE',  ( 1.000000000000000000, -0.0000000000000000000, -0.0000000000000000000 ) ) ;
#9480 = DIRECTION ( 'NONE',  ( 1.000000000000000000, -0.0000000000000000000, 0.0000000000000000000 ) ) ;
#9481 = ORIENTED_EDGE ( 'NONE', *, *, #7871, .F. ) ;
#9482 = ORIENTED_EDGE ( 'NONE', *, *, #1759, .F. ) ;
#9483 = CARTESIAN_POINT ( 'NONE',  ( -1.249999999999999800, 160.0000000000000300, 8.000000000000000000 ) ) ;
#9484 = ADVANCED_FACE ( 'NONE', ( #8345 ), #7559, .F. ) ;
#9485 = EDGE_CURVE ( 'NONE', #459, #2413, #6655, .T. ) ;
#9486 = CARTESIAN_POINT ( 'NONE',  ( -1.249999999999999800, 182.0828273938586800, -7.053390142335747000 ) ) ;
#9487 = EDGE_LOOP ( 'NONE', ( #6417, #571, #53, #10457 ) ) ;
#9488 = AXIS2_PLACEMENT_3D ( 'NONE', #10409, #9541, #4385 ) ;
#9489 = CARTESIAN_POINT ( 'NONE',  ( -1.249999999999999800, 144.0000000000000300, -2.024999999999999900 ) ) ;
#9490 = DIRECTION ( 'NONE',  ( -1.000000000000000000, 0.0000000000000000000, 0.0000000000000000000 ) ) ;
#9491 = DIRECTION ( 'NONE',  ( 0.0000000000000000000, -0.7071067811865513500, 0.7071067811865436900 ) ) ;
#9492 = PERSON_AND_ORGANIZATION ( #2851, #8850 ) ;
#9493 = LINE ( 'NONE', #3018, #2996 ) ;
#9494 = VERTEX_POINT ( 'NONE', #9085 ) ;
#9495 = DIRECTION ( 'NONE',  ( -1.000000000000000000, 0.0000000000000000000, 0.0000000000000000000 ) ) ;
#9496 = DIRECTION ( 'NONE',  ( 0.0000000000000000000, 0.7071067811865469100, 0.7071067811865482400 ) ) ;
#9497 = DIRECTION ( 'NONE',  ( 0.0000000000000000000, 0.7071067811865463500, 0.7071067811865487900 ) ) ;
#9498 = ORIENTED_EDGE ( 'NONE', *, *, #461, .F. ) ;
#9499 = VERTEX_POINT ( 'NONE', #7466 ) ;
#9500 = LINE ( 'NONE', #6818, #8980 ) ;
#9501 = DIRECTION ( 'NONE',  ( 1.000000000000000000, -0.0000000000000000000, 0.0000000000000000000 ) ) ;
#9502 = ORIENTED_EDGE ( 'NONE', *, *, #4056, .F. ) ;
#9503 = FACE_OUTER_BOUND ( 'NONE', #6600, .T. ) ;
#9504 = CARTESIAN_POINT ( 'NONE',  ( 6.749999999999989300, 80.00000000000001400, 16.00000000000000400 ) ) ;
#9505 = DIRECTION ( 'NONE',  ( 1.000000000000000000, -0.0000000000000000000, -0.0000000000000000000 ) ) ;
#9506 = DIRECTION ( 'NONE',  ( 1.000000000000000000, 0.0000000000000000000, 0.0000000000000000000 ) ) ;
#9507 = EDGE_CURVE ( 'NONE', #8259, #7608, #885, .T. ) ;
#9508 = CARTESIAN_POINT ( 'NONE',  ( -1.249999999999999800, 78.56810876809724700, -9.431891231902755000 ) ) ;
#9509 = VERTEX_POINT ( 'NONE', #10847 ) ;
#9510 = VERTEX_POINT ( 'NONE', #3981 ) ;
#9511 = DIRECTION ( 'NONE',  ( 3.652049423109066300E-016, 0.0000000000000000000, -1.000000000000000000 ) ) ;
#9512 = VECTOR ( 'NONE', #2440, 1000.000000000000000 ) ;
#9513 = DIRECTION ( 'NONE',  ( 3.652049423109066300E-016, 0.0000000000000000000, -1.000000000000000000 ) ) ;
#9514 = AXIS2_PLACEMENT_3D ( 'NONE', #5822, #701, #6683 ) ;
#9515 = CARTESIAN_POINT ( 'NONE',  ( -46.75000000000000000, -1.431891231902783000, 1.431891231902793400 ) ) ;
#9516 = CARTESIAN_POINT ( 'NONE',  ( 4.724999999999991700, 96.00000000000000000, 16.00000000000000400 ) ) ;
#9517 = EDGE_LOOP ( 'NONE', ( #10214, #9698 ) ) ;
#9518 = CARTESIAN_POINT ( 'NONE',  ( -1.249999999999999800, 136.0000000000000000, 8.000000000000000000 ) ) ;
#9519 = ORIENTED_EDGE ( 'NONE', *, *, #836, .T. ) ;
#9520 = DIRECTION ( 'NONE',  ( 1.826024711554532900E-016, -0.0000000000000000000, 1.000000000000000000 ) ) ;
#9521 = VECTOR ( 'NONE', #5287, 1000.000000000000000 ) ;
#9522 = AXIS2_PLACEMENT_3D ( 'NONE', #1907, #1863, #281 ) ;
#9523 = FACE_BOUND ( 'NONE', #5806, .T. ) ;
#9524 = DIRECTION ( 'NONE',  ( 0.0000000000000000000, 0.0000000000000000000, -1.000000000000000000 ) ) ;
#9525 = CARTESIAN_POINT ( 'NONE',  ( -1.249999999999999800, 48.00000000000000000, -2.024999999999999900 ) ) ;
#9526 = EDGE_CURVE ( 'NONE', #5615, #5296, #1681, .T. ) ;
#9527 = DIRECTION ( 'NONE',  ( -1.000000000000000000, 0.0000000000000000000, 0.0000000000000000000 ) ) ;
#9528 = ORIENTED_EDGE ( 'NONE', *, *, #8270, .T. ) ;
#9529 = EDGE_LOOP ( 'NONE', ( #7975, #2959, #7562, #9262, #959 ) ) ;
#9530 = DIRECTION ( 'NONE',  ( 3.652049423109066300E-016, -0.0000000000000000000, -1.000000000000000000 ) ) ;
#9531 = DIRECTION ( 'NONE',  ( 0.0000000000000000000, 0.7071067811865501300, 0.7071067811865450200 ) ) ;
#9532 = VECTOR ( 'NONE', #2927, 1000.000000000000000 ) ;
#9533 = FACE_OUTER_BOUND ( 'NONE', #10390, .T. ) ;
#9534 = CARTESIAN_POINT ( 'NONE',  ( 1.250000000000000200, 137.4318912319027400, 9.431891231902762100 ) ) ;
#9535 = EDGE_CURVE ( 'NONE', #9282, #4266, #5455, .T. ) ;
#9536 = AXIS2_PLACEMENT_3D ( 'NONE', #1331, #5602, #9576 ) ;
#9537 = AXIS2_PLACEMENT_3D ( 'NONE', #8883, #9732, #7248 ) ;
#9538 = ORIENTED_EDGE ( 'NONE', *, *, #6164, .T. ) ;
#9540 = ADVANCED_FACE ( 'NONE', ( #6393 ), #9665, .F. ) ;
#9539 = ORIENTED_EDGE ( 'NONE', *, *, #2982, .F. ) ;
#9541 = DIRECTION ( 'NONE',  ( 1.826024711554532900E-016, -0.0000000000000000000, 1.000000000000000000 ) ) ;
#9542 = EDGE_CURVE ( 'NONE', #7341, #3938, #9134, .T. ) ;
#9543 = DIRECTION ( 'NONE',  ( 3.652049423109066300E-016, -0.0000000000000000000, -1.000000000000000000 ) ) ;
#9544 = DIRECTION ( 'NONE',  ( 0.0000000000000000000, 0.0000000000000000000, -1.000000000000000000 ) ) ;
#9545 = CARTESIAN_POINT ( 'NONE',  ( 4.724999999999991700, 72.00000000000001400, 16.00000000000000400 ) ) ;
#9546 = CYLINDRICAL_SURFACE ( 'NONE', #1421, 2.024999999999998100 ) ;
#9547 = DIRECTION ( 'NONE',  ( -1.000000000000000000, 0.0000000000000000000, -0.0000000000000000000 ) ) ;
#9548 = FACE_BOUND ( 'NONE', #2271, .T. ) ;
#9549 = DIRECTION ( 'NONE',  ( 1.000000000000000000, -0.0000000000000000000, 0.0000000000000000000 ) ) ;
#9550 = DIRECTION ( 'NONE',  ( 1.000000000000000000, -0.0000000000000000000, 0.0000000000000000000 ) ) ;
#9551 = VERTEX_POINT ( 'NONE', #5080 ) ;
#9552 = ORIENTED_EDGE ( 'NONE', *, *, #646, .T. ) ;
#9553 = EDGE_CURVE ( 'NONE', #5813, #2232, #379, .T. ) ;
#9554 = DIRECTION ( 'NONE',  ( 0.0000000000000000000, 0.0000000000000000000, -1.000000000000000000 ) ) ;
#9555 = DIRECTION ( 'NONE',  ( 0.0000000000000000000, 0.7071067811865500200, 0.7071067811865450200 ) ) ;
#9556 = PLANE ( 'NONE',  #87 ) ;
#9557 = LINE ( 'NONE', #7667, #3048 ) ;
#9558 = CARTESIAN_POINT ( 'NONE',  ( -1.249999999999999800, 136.0000000000000000, 5.974999999999997900 ) ) ;
#9559 = AXIS2_PLACEMENT_3D ( 'NONE', #10602, #9710, #8163 ) ;
#9560 = CARTESIAN_POINT ( 'NONE',  ( -1.249999999999999800, 180.6862915010152600, -2.024999999999999900 ) ) ;
#9561 = FACE_OUTER_BOUND ( 'NONE', #8171, .T. ) ;
#9562 = DIRECTION ( 'NONE',  ( 3.652049423109066300E-016, 0.0000000000000000000, -1.000000000000000000 ) ) ;
#9563 = VERTEX_POINT ( 'NONE', #9359 ) ;
#9564 = EDGE_CURVE ( 'NONE', #10540, #9356, #8217, .T. ) ;
#9565 = CARTESIAN_POINT ( 'NONE',  ( -1.249999999999999800, 106.5681087680973000, -10.56810876809726100 ) ) ;
#9566 = CARTESIAN_POINT ( 'NONE',  ( -46.75000000000000000, 183.5147186257614500, -8.485281374238544700 ) ) ;
#9567 = FACE_OUTER_BOUND ( 'NONE', #7467, .T. ) ;
#9568 = CARTESIAN_POINT ( 'NONE',  ( 1.250000000000000200, 86.56810876809726100, -6.568108768097241400 ) ) ;
#9569 = CARTESIAN_POINT ( 'NONE',  ( -1.249999999999999800, 130.5681087680972900, 10.56810876809721700 ) ) ;
#9570 = DIRECTION ( 'NONE',  ( 1.000000000000000000, -0.0000000000000000000, 0.0000000000000000000 ) ) ;
#9571 = FACE_OUTER_BOUND ( 'NONE', #8733, .T. ) ;
#9572 = VECTOR ( 'NONE', #2867, 1000.000000000000000 ) ;
#9573 = EDGE_LOOP ( 'NONE', ( #9722, #10251 ) ) ;
#9574 = EDGE_CURVE ( 'NONE', #948, #5130, #2089, .T. ) ;
#9575 = CARTESIAN_POINT ( 'NONE',  ( -1.249999999999999800, 177.4318912319028000, -6.568108768097234300 ) ) ;
#9576 = DIRECTION ( 'NONE',  ( 0.0000000000000000000, 0.0000000000000000000, -1.000000000000000000 ) ) ;
#9577 = ORIENTED_EDGE ( 'NONE', *, *, #9607, .F. ) ;
#9578 = EDGE_LOOP ( 'NONE', ( #3151, #98, #8177, #2492 ) ) ;
#9579 = CARTESIAN_POINT ( 'NONE',  ( -1.249999999999999800, 127.0533901423358000, -9.917172606141329900 ) ) ;
#9580 = CIRCLE ( 'NONE', #3892, 2.024999999999997200 ) ;
#9581 = CARTESIAN_POINT ( 'NONE',  ( -1.249999999999999800, 107.3137084989847800, 2.024999999999999900 ) ) ;
#9582 = CIRCLE ( 'NONE', #3847, 2.025000000000002600 ) ;
#9583 = DIRECTION ( 'NONE',  ( 1.000000000000000000, -0.0000000000000000000, -0.0000000000000000000 ) ) ;
#9584 = ORIENTED_EDGE ( 'NONE', *, *, #10895, .T. ) ;
#9585 = DIRECTION ( 'NONE',  ( 1.000000000000000000, -0.0000000000000000000, -0.0000000000000000000 ) ) ;
#9586 = DIRECTION ( 'NONE',  ( 1.000000000000000000, -0.0000000000000000000, 0.0000000000000000000 ) ) ;
#9587 = ORIENTED_EDGE ( 'NONE', *, *, #10825, .T. ) ;
#9588 = ORIENTED_EDGE ( 'NONE', *, *, #4291, .T. ) ;
#9589 = LINE ( 'NONE', #438, #8260 ) ;
#9590 = LINE ( 'NONE', #3279, #8677 ) ;
#9591 = EDGE_CURVE ( 'NONE', #6476, #5790, #3820, .T. ) ;
#9592 = EDGE_LOOP ( 'NONE', ( #3061, #6432, #4323, #7486 ) ) ;
#9593 = CARTESIAN_POINT ( 'NONE',  ( 6.749999999999989300, 136.0000000000000000, 16.00000000000000400 ) ) ;
#9594 = EDGE_CURVE ( 'NONE', #4975, #4219, #10846, .T. ) ;
#9595 = ORIENTED_EDGE ( 'NONE', *, *, #3100, .T. ) ;
#9596 = DIRECTION ( 'NONE',  ( -1.000000000000000000, 0.0000000000000000000, -0.0000000000000000000 ) ) ;
#9597 = EDGE_LOOP ( 'NONE', ( #1885, #2310, #10988, #7860 ) ) ;
#9598 = ORIENTED_EDGE ( 'NONE', *, *, #10432, .F. ) ;
#9599 = ADVANCED_FACE ( 'NONE', ( #6906 ), #1024, .F. ) ;
#9600 = FACE_BOUND ( 'NONE', #4297, .T. ) ;
#9601 = DIRECTION ( 'NONE',  ( 0.0000000000000000000, 0.0000000000000000000, 1.000000000000000000 ) ) ;
#9602 = VECTOR ( 'NONE', #3471, 1000.000000000000000 ) ;
#9603 = DIRECTION ( 'NONE',  ( 1.000000000000000000, -0.0000000000000000000, -0.0000000000000000000 ) ) ;
#9604 = CARTESIAN_POINT ( 'NONE',  ( 4.724999999999993400, 56.00000000000000700, 13.50000000000000000 ) ) ;
#9605 = CARTESIAN_POINT ( 'NONE',  ( 4.725000000000003200, 88.00000000000002800, -15.99999999999999600 ) ) ;
#9606 = ORIENTED_EDGE ( 'NONE', *, *, #7587, .F. ) ;
#9607 = EDGE_CURVE ( 'NONE', #3037, #9935, #1166, .T. ) ;
#9608 = EDGE_LOOP ( 'NONE', ( #10648, #2272, #4245, #6266 ) ) ;
#9609 = ORIENTED_EDGE ( 'NONE', *, *, #10983, .T. ) ;
#9610 = AXIS2_PLACEMENT_3D ( 'NONE', #9402, #4366, #6968 ) ;
#9611 = CARTESIAN_POINT ( 'NONE',  ( 2.465133360598619700E-015, 0.0000000000000000000, 13.50000000000000200 ) ) ;
#9612 = ORIENTED_EDGE ( 'NONE', *, *, #8128, .T. ) ;
#9613 = CARTESIAN_POINT ( 'NONE',  ( 1.250000000000000200, 158.5681087680972600, -6.568108768097241400 ) ) ;
#9614 = FACE_OUTER_BOUND ( 'NONE', #4558, .T. ) ;
#9615 = EDGE_CURVE ( 'NONE', #2914, #3967, #3152, .T. ) ;
#9616 = VERTEX_POINT ( 'NONE', #10102 ) ;
#9617 = ORIENTED_EDGE ( 'NONE', *, *, #5439, .T. ) ;
#9618 = CARTESIAN_POINT ( 'NONE',  ( 8.774999999999998600, 104.0000000000000100, -15.99999999999999600 ) ) ;
#9619 = VERTEX_POINT ( 'NONE', #44 ) ;
#9620 = VERTEX_POINT ( 'NONE', #6017 ) ;
#9621 = CARTESIAN_POINT ( 'NONE',  ( -1.249999999999999800, 110.0828273938586800, 7.053390142335805600 ) ) ;
#9622 = CIRCLE ( 'NONE', #9937, 2.025000000000000800 ) ;
#9623 = EDGE_CURVE ( 'NONE', #4589, #2914, #10599, .T. ) ;
#9624 = AXIS2_PLACEMENT_3D ( 'NONE', #8429, #4176, #10122 ) ;
#9625 = AXIS2_PLACEMENT_3D ( 'NONE', #5753, #6726, #10938 ) ;
#9626 = CARTESIAN_POINT ( 'NONE',  ( 1.250000000000000200, 144.0000000000000300, -2.024999999999999900 ) ) ;
#9627 = VECTOR ( 'NONE', #5706, 1000.000000000000000 ) ;
#9628 = ORIENTED_EDGE ( 'NONE', *, *, #5678, .T. ) ;
#9629 = DIRECTION ( 'NONE',  ( 3.652049423109066300E-016, -0.0000000000000000000, -1.000000000000000000 ) ) ;
#9630 = ORIENTED_EDGE ( 'NONE', *, *, #7368, .F. ) ;
#9631 = VERTEX_POINT ( 'NONE', #897 ) ;
#9632 = DIRECTION ( 'NONE',  ( -1.000000000000000000, 0.0000000000000000000, 0.0000000000000000000 ) ) ;
#9633 = EDGE_CURVE ( 'NONE', #89, #7149, #1541, .T. ) ;
#9634 = DIRECTION ( 'NONE',  ( 0.0000000000000000000, 0.0000000000000000000, -1.000000000000000000 ) ) ;
#9635 = CALENDAR_DATE ( 2022, 26, 4 ) ;
#9636 = ORIENTED_EDGE ( 'NONE', *, *, #10168, .F. ) ;
#9637 = CYLINDRICAL_SURFACE ( 'NONE', #1719, 2.025000000000002600 ) ;
#9638 = EDGE_LOOP ( 'NONE', ( #9773, #5762, #9652, #972 ) ) ;
#9639 = EDGE_CURVE ( 'NONE', #8098, #10681, #6260, .T. ) ;
#9640 = CARTESIAN_POINT ( 'NONE',  ( -46.75000000000000000, 9.431891231902765700, 6.568108768097240500 ) ) ;
#9641 = AXIS2_PLACEMENT_3D ( 'NONE', #7791, #1891, #5352 ) ;
#9642 = DIRECTION ( 'NONE',  ( 0.0000000000000000000, 0.7071067811865424700, -0.7071067811865526800 ) ) ;
#9643 = ORIENTED_EDGE ( 'NONE', *, *, #2652, .T. ) ;
#9644 = DIRECTION ( 'NONE',  ( 0.0000000000000000000, 0.7071067811865505700, -0.7071067811865444600 ) ) ;
#9645 = DIRECTION ( 'NONE',  ( 1.000000000000000000, -0.0000000000000000000, -0.0000000000000000000 ) ) ;
#9646 = ORIENTED_EDGE ( 'NONE', *, *, #1007, .F. ) ;
#9647 = LINE ( 'NONE', #77, #9244 ) ;
#9648 = DIRECTION ( 'NONE',  ( 0.0000000000000000000, 0.0000000000000000000, 1.000000000000000000 ) ) ;
#9649 = CARTESIAN_POINT ( 'NONE',  ( -1.249999999999999800, 129.9171726061413500, -7.053390142335800300 ) ) ;
#9650 = VECTOR ( 'NONE', #8381, 1000.000000000000000 ) ;
#9651 = DIRECTION ( 'NONE',  ( 1.000000000000000000, -0.0000000000000000000, -0.0000000000000000000 ) ) ;
#9652 = ORIENTED_EDGE ( 'NONE', *, *, #2536, .T. ) ;
#9653 = AXIS2_PLACEMENT_3D ( 'NONE', #7651, #2649, #5253 ) ;
#9654 = ORIENTED_EDGE ( 'NONE', *, *, #1236, .F. ) ;
#9655 = CARTESIAN_POINT ( 'NONE',  ( -1.249999999999999800, 55.99999999999999300, 5.975000000000009400 ) ) ;
#9656 = LINE ( 'NONE', #10023, #9255 ) ;
#9657 = ADVANCED_FACE ( 'NONE', ( #3274 ), #3023, .F. ) ;
#9658 = CARTESIAN_POINT ( 'NONE',  ( 6.750000000000000900, 80.00000000000001400, -15.99999999999999600 ) ) ;
#9659 = CARTESIAN_POINT ( 'NONE',  ( 1.250000000000000200, 64.94660985766420000, -9.917172606141322800 ) ) ;
#9660 = FACE_OUTER_BOUND ( 'NONE', #4852, .T. ) ;
#9661 = EDGE_CURVE ( 'NONE', #8314, #5789, #7186, .T. ) ;
#9662 = DIRECTION ( 'NONE',  ( 3.652049423109066300E-016, 0.0000000000000000000, -1.000000000000000000 ) ) ;
#9663 = ORIENTED_EDGE ( 'NONE', *, *, #3100, .F. ) ;
#9664 = CARTESIAN_POINT ( 'NONE',  ( -1.249999999999999800, 14.08282739385868400, -7.053390142335805600 ) ) ;
#9665 = CYLINDRICAL_SURFACE ( 'NONE', #9467, 2.024999999999999000 ) ;
#9666 = AXIS2_PLACEMENT_3D ( 'NONE', #8581, #1769, #9378 ) ;
#9667 = VECTOR ( 'NONE', #7028, 1000.000000000000000 ) ;
#9668 = CARTESIAN_POINT ( 'NONE',  ( 8.774999999999987900, 88.00000000000002800, 16.00000000000000400 ) ) ;
#9669 = CARTESIAN_POINT ( 'NONE',  ( -46.75000000000000000, 182.0828273938586800, 7.053390142335830500 ) ) ;
#9670 = CARTESIAN_POINT ( 'NONE',  ( 1.250000000000000200, 131.3137084989847700, 0.0000000000000000000 ) ) ;
#9671 = DIRECTION ( 'NONE',  ( 1.000000000000000000, -0.0000000000000000000, -0.0000000000000000000 ) ) ;
#9672 = DIRECTION ( 'NONE',  ( 3.652049423109066300E-016, 0.0000000000000000000, -1.000000000000000000 ) ) ;
#9673 = ORIENTED_EDGE ( 'NONE', *, *, #9775, .T. ) ;
#9674 = EDGE_LOOP ( 'NONE', ( #1926, #9191, #500, #2609 ) ) ;
#9675 = AXIS2_PLACEMENT_3D ( 'NONE', #9504, #1851, #191 ) ;
#9676 = CARTESIAN_POINT ( 'NONE',  ( -1.249999999999999800, 133.4318912319026000, 13.43189123190273400 ) ) ;
#9677 = CIRCLE ( 'NONE', #8262, 2.024999999999999000 ) ;
#9678 = CARTESIAN_POINT ( 'NONE',  ( 8.774999999999987900, 24.00000000000000700, 13.50000000000000000 ) ) ;
#9679 = EDGE_CURVE ( 'NONE', #5292, #6923, #4071, .T. ) ;
#9680 = DIRECTION ( 'NONE',  ( 0.0000000000000000000, 0.0000000000000000000, -1.000000000000000000 ) ) ;
#9681 = CARTESIAN_POINT ( 'NONE',  ( 6.750000000000000900, 56.00000000000000700, -15.99999999999999600 ) ) ;
#9682 = CYLINDRICAL_SURFACE ( 'NONE', #10344, 2.025000000000000800 ) ;
#9683 = APPROVAL_STATUS ( 'not_yet_approved' ) ;
#9684 = ORIENTED_EDGE ( 'NONE', *, *, #6246, .F. ) ;
#9685 = VERTEX_POINT ( 'NONE', #10424 ) ;
#9686 = CIRCLE ( 'NONE', #7866, 2.025000000000002600 ) ;
#9687 = DIRECTION ( 'NONE',  ( 0.0000000000000000000, -0.7071067811865463500, -0.7071067811865487900 ) ) ;
#9688 = EDGE_CURVE ( 'NONE', #9091, #4017, #8093, .T. ) ;
#9689 = AXIS2_PLACEMENT_3D ( 'NONE', #4227, #4312, #823 ) ;
#9690 = CARTESIAN_POINT ( 'NONE',  ( -1.249999999999999800, 39.51471862576143900, -8.485281374238566000 ) ) ;
#9691 = FACE_OUTER_BOUND ( 'NONE', #8200, .T. ) ;
#9692 = AXIS2_PLACEMENT_3D ( 'NONE', #546, #7333, #9827 ) ;
#9693 = CARTESIAN_POINT ( 'NONE',  ( 8.774999999999987900, 72.00000000000001400, 16.00000000000000400 ) ) ;
#9694 = CARTESIAN_POINT ( 'NONE',  ( 1.250000000000000200, 57.91717260614134200, -7.053390142335809200 ) ) ;
#9695 = EDGE_CURVE ( 'NONE', #1399, #9363, #7827, .T. ) ;
#9696 = ORIENTED_EDGE ( 'NONE', *, *, #8826, .T. ) ;
#9697 = CARTESIAN_POINT ( 'NONE',  ( -46.75000000000000000, 184.9466098576642100, -9.917172606141264200 ) ) ;
#9698 = ORIENTED_EDGE ( 'NONE', *, *, #8474, .T. ) ;
#9699 = FACE_OUTER_BOUND ( 'NONE', #2449, .T. ) ;
#9700 = EDGE_LOOP ( 'NONE', ( #9123, #3671 ) ) ;
#9701 = FACE_OUTER_BOUND ( 'NONE', #8322, .T. ) ;
#9702 = CIRCLE ( 'NONE', #2638, 6.999999999999999100 ) ;
#9703 = DIRECTION ( 'NONE',  ( 0.0000000000000000000, 0.0000000000000000000, -1.000000000000000000 ) ) ;
#9704 = EDGE_CURVE ( 'NONE', #7174, #9290, #7970, .T. ) ;
#9705 = CC_DESIGN_PERSON_AND_ORGANIZATION_ASSIGNMENT ( #1393, #5488, ( #2496 ) ) ;
#9706 = ORIENTED_EDGE ( 'NONE', *, *, #9411, .F. ) ;
#9707 = CARTESIAN_POINT ( 'NONE',  ( -1.249999999999999800, 65.43189123190276700, 9.431891231902762100 ) ) ;
#9708 = CARTESIAN_POINT ( 'NONE',  ( -1.249999999999999800, 177.4318912319028000, -6.568108768097234300 ) ) ;
#9709 = ORIENTED_EDGE ( 'NONE', *, *, #1611, .F. ) ;
#9710 = DIRECTION ( 'NONE',  ( 1.000000000000000000, -0.0000000000000000000, 0.0000000000000000000 ) ) ;
#9711 = AXIS2_PLACEMENT_3D ( 'NONE', #9308, #10969, #1666 ) ;
#9712 = CARTESIAN_POINT ( 'NONE',  ( 1.250000000000000200, 159.5147186257614500, -8.485281374238566000 ) ) ;
#9713 = DIRECTION ( 'NONE',  ( 0.0000000000000000000, -0.7071067811865450200, 0.7071067811865501300 ) ) ;
#9714 = VECTOR ( 'NONE', #6762, 1000.000000000000000 ) ;
#9715 = CYLINDRICAL_SURFACE ( 'NONE', #1220, 2.024999999999999000 ) ;
#9716 = ADVANCED_FACE ( 'NONE', ( #5967 ), #5171, .F. ) ;
#9717 = ORIENTED_EDGE ( 'NONE', *, *, #6039, .F. ) ;
#9718 = DIRECTION ( 'NONE',  ( -1.000000000000000000, 0.0000000000000000000, 0.0000000000000000000 ) ) ;
#9719 = EDGE_LOOP ( 'NONE', ( #1369, #5593 ) ) ;
#9720 = DIRECTION ( 'NONE',  ( 1.000000000000000000, -0.0000000000000000000, -0.0000000000000000000 ) ) ;
#9721 = CARTESIAN_POINT ( 'NONE',  ( -1.249999999999999800, 175.0533901423358400, -9.917172606141329900 ) ) ;
#9722 = ORIENTED_EDGE ( 'NONE', *, *, #452, .T. ) ;
#9723 = LINE ( 'NONE', #1174, #7239 ) ;
#9724 = DIRECTION ( 'NONE',  ( 0.0000000000000000000, 0.0000000000000000000, -1.000000000000000000 ) ) ;
#9725 = FACE_OUTER_BOUND ( 'NONE', #6088, .T. ) ;
#9726 = ORIENTED_EDGE ( 'NONE', *, *, #2477, .T. ) ;
#9727 = ADVANCED_FACE ( 'NONE', ( #3693 ), #6917, .T. ) ;
#9728 = DIRECTION ( 'NONE',  ( 1.000000000000000000, -0.0000000000000000000, -0.0000000000000000000 ) ) ;
#9729 = ORIENTED_EDGE ( 'NONE', *, *, #7342, .T. ) ;
#9730 = ORIENTED_EDGE ( 'NONE', *, *, #8893, .T. ) ;
#9731 = LINE ( 'NONE', #8106, #4418 ) ;
#9732 = DIRECTION ( 'NONE',  ( 1.000000000000000000, -0.0000000000000000000, -0.0000000000000000000 ) ) ;
#9733 = ORIENTED_EDGE ( 'NONE', *, *, #693, .T. ) ;
#9734 = CARTESIAN_POINT ( 'NONE',  ( -1.249999999999999800, 158.5681087680972600, 6.568108768097240500 ) ) ;
#9735 = DIRECTION ( 'NONE',  ( 1.000000000000000000, -0.0000000000000000000, -0.0000000000000000000 ) ) ;
#9736 = VECTOR ( 'NONE', #6885, 1000.000000000000000 ) ;
#9737 = CARTESIAN_POINT ( 'NONE',  ( 1.250000000000000200, 176.4852813742385800, -10.51028137423856800 ) ) ;
#9738 = CIRCLE ( 'NONE', #4904, 2.025000000000004400 ) ;
#9739 = AXIS2_PLACEMENT_3D ( 'NONE', #1424, #7397, #8132 ) ;
#9740 = EDGE_LOOP ( 'NONE', ( #7021, #10659 ) ) ;
#9741 = ORIENTED_EDGE ( 'NONE', *, *, #3115, .F. ) ;
#9742 = EDGE_LOOP ( 'NONE', ( #1040, #1530, #5668, #7515 ) ) ;
#9743 = ORIENTED_EDGE ( 'NONE', *, *, #4190, .T. ) ;
#9744 = CARTESIAN_POINT ( 'NONE',  ( 4.725000000000001400, 184.0000000000000000, -13.50000000000000200 ) ) ;
#9745 = ORIENTED_EDGE ( 'NONE', *, *, #8073, .F. ) ;
#9746 = AXIS2_PLACEMENT_3D ( 'NONE', #5248, #7685, #2606 ) ;
#9747 = CIRCLE ( 'NONE', #4175, 2.024999999999999900 ) ;
#9748 = CARTESIAN_POINT ( 'NONE',  ( 1.250000000000000200, 131.3137084989847700, 2.024999999999999900 ) ) ;
#9749 = VECTOR ( 'NONE', #1920, 1000.000000000000000 ) ;
#9750 = EDGE_CURVE ( 'NONE', #1636, #4848, #5834, .T. ) ;
#9751 = DIRECTION ( 'NONE',  ( 3.652049423109066300E-016, -0.0000000000000000000, -1.000000000000000000 ) ) ;
#9752 = DIRECTION ( 'NONE',  ( 1.000000000000000000, -0.0000000000000000000, -0.0000000000000000000 ) ) ;
#9753 = ORIENTED_EDGE ( 'NONE', *, *, #1621, .F. ) ;
#9754 = ORIENTED_EDGE ( 'NONE', *, *, #10810, .T. ) ;
#9755 = VERTEX_POINT ( 'NONE', #6225 ) ;
#9756 = ORIENTED_EDGE ( 'NONE', *, *, #5591, .F. ) ;
#9757 = CARTESIAN_POINT ( 'NONE',  ( 8.774999999999998600, 56.00000000000000700, -15.99999999999999600 ) ) ;
#9758 = LINE ( 'NONE', #1810, #10927 ) ;
#9759 = CARTESIAN_POINT ( 'NONE',  ( 4.725000000000001400, 24.00000000000000700, -13.50000000000000200 ) ) ;
#9760 = EDGE_CURVE ( 'NONE', #3743, #8343, #4639, .T. ) ;
#9761 = AXIS2_PLACEMENT_3D ( 'NONE', #10536, #9603, #7124 ) ;
#9762 = CIRCLE ( 'NONE', #5887, 2.024999999999999900 ) ;
#9763 = ORIENTED_EDGE ( 'NONE', *, *, #6774, .T. ) ;
#9764 = AXIS2_PLACEMENT_3D ( 'NONE', #1655, #9299, #4913 ) ;
#9765 = ORIENTED_EDGE ( 'NONE', *, *, #436, .T. ) ;
#9766 = EDGE_CURVE ( 'NONE', #1852, #8736, #9384, .T. ) ;
#9767 = ORIENTED_EDGE ( 'NONE', *, *, #4806, .F. ) ;
#9768 = CARTESIAN_POINT ( 'NONE',  ( -1.249999999999999800, 127.0533901423358000, -9.917172606141329900 ) ) ;
#9769 = FACE_OUTER_BOUND ( 'NONE', #5413, .T. ) ;
#9770 = DIRECTION ( 'NONE',  ( 1.000000000000000000, -0.0000000000000000000, 0.0000000000000000000 ) ) ;
#9771 = DIRECTION ( 'NONE',  ( 1.000000000000000000, -0.0000000000000000000, -0.0000000000000000000 ) ) ;
#9772 = VECTOR ( 'NONE', #353, 1000.000000000000000 ) ;
#9773 = ORIENTED_EDGE ( 'NONE', *, *, #5387, .F. ) ;
#9774 = ADVANCED_FACE ( 'NONE', ( #9795 ), #757, .F. ) ;
#9775 = EDGE_CURVE ( 'NONE', #1729, #5742, #8603, .T. ) ;
#9776 = CC_DESIGN_PERSON_AND_ORGANIZATION_ASSIGNMENT ( #4612, #7968, ( #2496 ) ) ;
#9777 = DIRECTION ( 'NONE',  ( 0.0000000000000000000, 0.0000000000000000000, -1.000000000000000000 ) ) ;
#9778 = ORIENTED_EDGE ( 'NONE', *, *, #5002, .F. ) ;
#9779 = VERTEX_POINT ( 'NONE', #4442 ) ;
#9780 = AXIS2_PLACEMENT_3D ( 'NONE', #8375, #9224, #10780 ) ;
#9781 = DIRECTION ( 'NONE',  ( 3.652049423109066300E-016, -0.0000000000000000000, -1.000000000000000000 ) ) ;
#9782 = EDGE_LOOP ( 'NONE', ( #9132, #1491, #8558, #10034 ) ) ;
#9783 = CIRCLE ( 'NONE', #7657, 2.024999999999998100 ) ;
#9784 = CARTESIAN_POINT ( 'NONE',  ( -1.249999999999999800, 190.5681087680974000, 1.431891231902649100 ) ) ;
#9785 = EDGE_CURVE ( 'NONE', #4636, #7774, #2902, .T. ) ;
#9786 = EDGE_LOOP ( 'NONE', ( #5995, #6997 ) ) ;
#9787 = CARTESIAN_POINT ( 'NONE',  ( 4.724999999999991700, 176.0000000000000300, 16.00000000000000400 ) ) ;
#9788 = ORIENTED_EDGE ( 'NONE', *, *, #1084, .T. ) ;
#9789 = CIRCLE ( 'NONE', #8485, 2.024999999999997200 ) ;
#9790 = EDGE_CURVE ( 'NONE', #41, #6464, #5707, .T. ) ;
#9791 = CYLINDRICAL_SURFACE ( 'NONE', #4877, 2.024999999999998100 ) ;
#9792 = DIRECTION ( 'NONE',  ( -1.000000000000000000, 0.0000000000000000000, 0.0000000000000000000 ) ) ;
#9793 = ORIENTED_EDGE ( 'NONE', *, *, #9233, .T. ) ;
#9794 = CARTESIAN_POINT ( 'NONE',  ( -1.249999999999999800, 30.56810876809724700, 9.431891231902756800 ) ) ;
#9795 = FACE_OUTER_BOUND ( 'NONE', #9487, .T. ) ;
#9796 = VECTOR ( 'NONE', #6409, 1000.000000000000000 ) ;
#9797 = AXIS2_PLACEMENT_3D ( 'NONE', #4611, #8938, #3028 ) ;
#9798 = DIRECTION ( 'NONE',  ( 1.000000000000000000, -0.0000000000000000000, -0.0000000000000000000 ) ) ;
#9799 = DIRECTION ( 'NONE',  ( 0.0000000000000000000, 0.0000000000000000000, -1.000000000000000000 ) ) ;
#9800 = DIRECTION ( 'NONE',  ( 1.000000000000000000, -0.0000000000000000000, -0.0000000000000000000 ) ) ;
#9801 = ORIENTED_EDGE ( 'NONE', *, *, #2920, .F. ) ;
#9802 = LINE ( 'NONE', #1390, #5326 ) ;
#9803 = EDGE_CURVE ( 'NONE', #4472, #3396, #2612, .T. ) ;
#9804 = CARTESIAN_POINT ( 'NONE',  ( -1.249999999999999800, 130.5681087680972000, -10.56810876809725700 ) ) ;
#9805 = CYLINDRICAL_SURFACE ( 'NONE', #5815, 2.024999999999999000 ) ;
#9806 = EDGE_CURVE ( 'NONE', #3086, #8237, #4348, .T. ) ;
#9807 = DIRECTION ( 'NONE',  ( 3.652049423109066300E-016, -0.0000000000000000000, -1.000000000000000000 ) ) ;
#9808 = DIRECTION ( 'NONE',  ( 3.652049423109066300E-016, -0.0000000000000000000, -1.000000000000000000 ) ) ;
#9809 = ORIENTED_EDGE ( 'NONE', *, *, #6007, .T. ) ;
#9810 = VERTEX_POINT ( 'NONE', #9744 ) ;
#9811 = FACE_BOUND ( 'NONE', #7590, .T. ) ;
#9812 = CARTESIAN_POINT ( 'NONE',  ( 4.725000000000001400, 56.00000000000000700, -13.50000000000000200 ) ) ;
#9813 = FACE_BOUND ( 'NONE', #4551, .T. ) ;
#9814 = EDGE_CURVE ( 'NONE', #6820, #10196, #5316, .T. ) ;
#9815 = ADVANCED_FACE ( 'NONE', ( #9920 ), #6180, .T. ) ;
#9816 = AXIS2_PLACEMENT_3D ( 'NONE', #2733, #1831, #1869 ) ;
#9817 = VERTEX_POINT ( 'NONE', #2842 ) ;
#9818 = ORIENTED_EDGE ( 'NONE', *, *, #8609, .T. ) ;
#9819 = CARTESIAN_POINT ( 'NONE',  ( 1.250000000000000200, 79.05339014233581500, 9.917172606141324600 ) ) ;
#9820 = CIRCLE ( 'NONE', #1130, 2.024999999999997200 ) ;
#9821 = EDGE_CURVE ( 'NONE', #305, #130, #1816, .T. ) ;
#9822 = FACE_OUTER_BOUND ( 'NONE', #4146, .T. ) ;
#9823 = LINE ( 'NONE', #6770, #6795 ) ;
#9824 = CARTESIAN_POINT ( 'NONE',  ( -1.250000000000001100, 184.0000000000000000, 8.000000000000019500 ) ) ;
#9825 = ORIENTED_EDGE ( 'NONE', *, *, #4789, .T. ) ;
#9826 = ORIENTED_EDGE ( 'NONE', *, *, #4858, .F. ) ;
#9827 = DIRECTION ( 'NONE',  ( -1.000000000000000000, 0.0000000000000000000, 0.0000000000000000000 ) ) ;
#9828 = VECTOR ( 'NONE', #1782, 1000.000000000000000 ) ;
#9829 = EDGE_CURVE ( 'NONE', #10050, #6867, #3406, .T. ) ;
#9830 = AXIS2_PLACEMENT_3D ( 'NONE', #10723, #4072, #3116 ) ;
#9831 = ORIENTED_EDGE ( 'NONE', *, *, #285, .T. ) ;
#9832 = VECTOR ( 'NONE', #5758, 1000.000000000000000 ) ;
#9833 = AXIS2_PLACEMENT_3D ( 'NONE', #9457, #7022, #3603 ) ;
#9834 = CARTESIAN_POINT ( 'NONE',  ( -1.249999999999999800, 31.05339014233581100, 9.917172606141322800 ) ) ;
#9835 = CARTESIAN_POINT ( 'NONE',  ( -1.249999999999999800, 110.5681087680972500, -6.568108768097241400 ) ) ;
#9836 = CIRCLE ( 'NONE', #4356, 2.024999999999997200 ) ;
#9837 = DIRECTION ( 'NONE',  ( 1.000000000000000000, -0.0000000000000000000, -0.0000000000000000000 ) ) ;
#9838 = ORIENTED_EDGE ( 'NONE', *, *, #5020, .T. ) ;
#9839 = CARTESIAN_POINT ( 'NONE',  ( -1.249999999999999800, 120.0000000000000000, 0.0000000000000000000 ) ) ;
#9840 = ORIENTED_EDGE ( 'NONE', *, *, #6288, .T. ) ;
#9841 = ORIENTED_EDGE ( 'NONE', *, *, #5670, .F. ) ;
#9842 = FACE_BOUND ( 'NONE', #90, .T. ) ;
#9843 = CARTESIAN_POINT ( 'NONE',  ( 4.725000000000001400, 160.0000000000000000, -13.50000000000000200 ) ) ;
#9844 = CARTESIAN_POINT ( 'NONE',  ( -1.249999999999999800, 120.0000000000000000, -6.999999999999999100 ) ) ;
#9845 = FACE_OUTER_BOUND ( 'NONE', #3064, .T. ) ;
#9846 = ORIENTED_EDGE ( 'NONE', *, *, #6087, .T. ) ;
#9847 = EDGE_CURVE ( 'NONE', #6768, #9, #5578, .T. ) ;
#9848 = DIRECTION ( 'NONE',  ( 0.0000000000000000000, -0.7071067811865450200, 0.7071067811865501300 ) ) ;
#9849 = AXIS2_PLACEMENT_3D ( 'NONE', #10451, #10484, #6284 ) ;
#9850 = ORIENTED_EDGE ( 'NONE', *, *, #5783, .T. ) ;
#9851 = CARTESIAN_POINT ( 'NONE',  ( 1.250000000000000200, 152.4852813742385500, -10.51028137423856800 ) ) ;
#9852 = DIRECTION ( 'NONE',  ( 1.000000000000000000, -0.0000000000000000000, 0.0000000000000000000 ) ) ;
#9853 = ORIENTED_EDGE ( 'NONE', *, *, #8747, .F. ) ;
#9854 = FACE_BOUND ( 'NONE', #9173, .T. ) ;
#9855 = LINE ( 'NONE', #3422, #7359 ) ;
#9856 = ORIENTED_EDGE ( 'NONE', *, *, #8953, .F. ) ;
#9857 = ORIENTED_EDGE ( 'NONE', *, *, #3147, .T. ) ;
#9858 = AXIS2_PLACEMENT_3D ( 'NONE', #3070, #7302, #4758 ) ;
#9859 = VERTEX_POINT ( 'NONE', #9664 ) ;
#9860 = ORIENTED_EDGE ( 'NONE', *, *, #2995, .T. ) ;
#9861 = CARTESIAN_POINT ( 'NONE',  ( 6.750000000000000000, 152.0000000000000300, -13.50000000000000200 ) ) ;
#9862 = FACE_BOUND ( 'NONE', #3915, .T. ) ;
#9863 = LINE ( 'NONE', #10471, #5906 ) ;
#9864 = EDGE_CURVE ( 'NONE', #5068, #1707, #10476, .T. ) ;
#9865 = VERTEX_POINT ( 'NONE', #8931 ) ;
#9866 = CARTESIAN_POINT ( 'NONE',  ( -1.249999999999999800, 153.9171726061412900, 7.053390142335818100 ) ) ;
#9867 = EDGE_LOOP ( 'NONE', ( #575, #3117, #2463, #3242 ) ) ;
#9868 = EDGE_LOOP ( 'NONE', ( #3127, #8644, #1175, #9730 ) ) ;
#9869 = ADVANCED_FACE ( 'NONE', ( #3550 ), #3143, .F. ) ;
#9870 = ORIENTED_EDGE ( 'NONE', *, *, #910, .T. ) ;
#9871 = VERTEX_POINT ( 'NONE', #5506 ) ;
#9872 = VECTOR ( 'NONE', #3266, 1000.000000000000000 ) ;
#9873 = CARTESIAN_POINT ( 'NONE',  ( -1.249999999999999800, 144.0000000000000000, 0.0000000000000000000 ) ) ;
#9874 = AXIS2_PLACEMENT_3D ( 'NONE', #4887, #2294, #9912 ) ;
#9875 = DIRECTION ( 'NONE',  ( 3.652049423109066300E-016, -0.0000000000000000000, -1.000000000000000000 ) ) ;
#9876 = CARTESIAN_POINT ( 'NONE',  ( 8.774999999999987900, 80.00000000000001400, 16.00000000000000400 ) ) ;
#9877 = VERTEX_POINT ( 'NONE', #1127 ) ;
#9878 = ORIENTED_EDGE ( 'NONE', *, *, #1249, .T. ) ;
#9879 = DIRECTION ( 'NONE',  ( 1.000000000000000000, 0.0000000000000000000, 0.0000000000000000000 ) ) ;
#9880 = AXIS2_PLACEMENT_3D ( 'NONE', #7884, #9513, #7071 ) ;
#9881 = ORIENTED_EDGE ( 'NONE', *, *, #1960, .T. ) ;
#9882 = CARTESIAN_POINT ( 'NONE',  ( -1.249999999999999800, 54.56810876809724000, -9.431891231902755000 ) ) ;
#9883 = ADVANCED_FACE ( 'NONE', ( #7303 ), #4629, .F. ) ;
#9884 = EDGE_CURVE ( 'NONE', #5641, #9067, #6646, .T. ) ;
#9885 = CARTESIAN_POINT ( 'NONE',  ( -1.249999999999999800, 156.6862915010152300, -2.024999999999999900 ) ) ;
#9886 = DIRECTION ( 'NONE',  ( 0.0000000000000000000, -0.7071067811865450200, 0.7071067811865501300 ) ) ;
#9887 = VECTOR ( 'NONE', #6645, 1000.000000000000000 ) ;
#9888 = ORIENTED_EDGE ( 'NONE', *, *, #6958, .T. ) ;
#9889 = DIRECTION ( 'NONE',  ( 0.0000000000000000000, -0.7071067811865450200, 0.7071067811865501300 ) ) ;
#9890 = EDGE_LOOP ( 'NONE', ( #812, #2884, #1866, #2688 ) ) ;
#9891 = ORIENTED_EDGE ( 'NONE', *, *, #8846, .F. ) ;
#9892 = EDGE_CURVE ( 'NONE', #9494, #7157, #2332, .T. ) ;
#9893 = FACE_OUTER_BOUND ( 'NONE', #7742, .T. ) ;
#9894 = AXIS2_PLACEMENT_3D ( 'NONE', #8125, #2958, #365 ) ;
#9895 = EDGE_LOOP ( 'NONE', ( #6916, #5597, #7266, #9211 ) ) ;
#9896 = CARTESIAN_POINT ( 'NONE',  ( 6.749999999999990200, 24.00000000000000700, 13.50000000000000000 ) ) ;
#9897 = CYLINDRICAL_SURFACE ( 'NONE', #9911, 2.024999999999998100 ) ;
#9898 = ORIENTED_EDGE ( 'NONE', *, *, #7496, .T. ) ;
#9899 = EDGE_CURVE ( 'NONE', #8343, #1776, #2206, .T. ) ;
#9900 = DIRECTION ( 'NONE',  ( 1.000000000000000000, -0.0000000000000000000, -0.0000000000000000000 ) ) ;
#9901 = ORIENTED_EDGE ( 'NONE', *, *, #7481, .F. ) ;
#9902 = ORIENTED_EDGE ( 'NONE', *, *, #10397, .T. ) ;
#9903 = CARTESIAN_POINT ( 'NONE',  ( 6.750000000000000000, 64.00000000000000000, -13.50000000000000200 ) ) ;
#9904 = CARTESIAN_POINT ( 'NONE',  ( 8.774999999999987900, 128.0000000000000000, 16.00000000000000400 ) ) ;
#9905 = ORIENTED_EDGE ( 'NONE', *, *, #4794, .F. ) ;
#9906 = CIRCLE ( 'NONE', #10184, 6.999999999999999100 ) ;
#9907 = CARTESIAN_POINT ( 'NONE',  ( 1.250000000000000200, 144.0000000000000300, 2.024999999999999900 ) ) ;
#9908 = LINE ( 'NONE', #1567, #8993 ) ;
#9909 = EDGE_CURVE ( 'NONE', #6179, #9112, #1806, .T. ) ;
#9910 = CARTESIAN_POINT ( 'NONE',  ( 1.250000000000000200, 65.43189123190276700, 9.431891231902762100 ) ) ;
#9911 = AXIS2_PLACEMENT_3D ( 'NONE', #8123, #4780, #6443 ) ;
#9912 = DIRECTION ( 'NONE',  ( 0.0000000000000000000, 0.0000000000000000000, -1.000000000000000000 ) ) ;
#9913 = ORIENTED_EDGE ( 'NONE', *, *, #10762, .F. ) ;
#9914 = EDGE_LOOP ( 'NONE', ( #7262, #7363, #7418, #8683 ) ) ;
#9915 = VECTOR ( 'NONE', #1245, 1000.000000000000000 ) ;
#9916 = FACE_OUTER_BOUND ( 'NONE', #3255, .T. ) ;
#9918 = ADVANCED_FACE ( 'NONE', ( #5444 ), #6103, .F. ) ;
#9917 = VERTEX_POINT ( 'NONE', #7109 ) ;
#9919 = CARTESIAN_POINT ( 'NONE',  ( 6.749999999999989300, 40.00000000000000700, 16.00000000000000400 ) ) ;
#9920 = FACE_OUTER_BOUND ( 'NONE', #9469, .T. ) ;
#9921 = CARTESIAN_POINT ( 'NONE',  ( -1.249999999999999800, 11.31370849898475900, 2.024999999999999900 ) ) ;
#9922 = VECTOR ( 'NONE', #8639, 999.9999999999998900 ) ;
#9923 = CARTESIAN_POINT ( 'NONE',  ( -1.249999999999999800, 157.4318912319026300, 13.43189123190273400 ) ) ;
#9924 = EDGE_LOOP ( 'NONE', ( #2426, #6785, #5109, #6063 ) ) ;
#9925 = CARTESIAN_POINT ( 'NONE',  ( -1.249999999999999800, 128.4852813742385800, -8.485281374238564200 ) ) ;
#9926 = ORIENTED_EDGE ( 'NONE', *, *, #8702, .T. ) ;
#9927 = CYLINDRICAL_SURFACE ( 'NONE', #640, 6.999999999999999100 ) ;
#9928 = ADVANCED_FACE ( 'NONE', ( #8870 ), #7421, .F. ) ;
#9929 = DIRECTION ( 'NONE',  ( 1.000000000000000000, -0.0000000000000000000, 0.0000000000000000000 ) ) ;
#9930 = AXIS2_PLACEMENT_3D ( 'NONE', #4649, #5445, #7265 ) ;
#9931 = FACE_BOUND ( 'NONE', #9867, .T. ) ;
#9932 = DIRECTION ( 'NONE',  ( 0.0000000000000000000, -0.7071067811865463500, -0.7071067811865487900 ) ) ;
#9933 = ORIENTED_EDGE ( 'NONE', *, *, #4891, .T. ) ;
#9934 = CARTESIAN_POINT ( 'NONE',  ( -1.249999999999999800, 88.94660985766420000, 9.917172606141328100 ) ) ;
#9935 = VERTEX_POINT ( 'NONE', #6475 ) ;
#9936 = EDGE_LOOP ( 'NONE', ( #9588, #10407, #1291, #8968 ) ) ;
#9937 = AXIS2_PLACEMENT_3D ( 'NONE', #10904, #4113, #11007 ) ;
#9938 = VECTOR ( 'NONE', #2245, 1000.000000000000000 ) ;
#9939 = EDGE_CURVE ( 'NONE', #10683, #5527, #10962, .T. ) ;
#9940 = DIRECTION ( 'NONE',  ( 1.000000000000000000, 0.0000000000000000000, 0.0000000000000000000 ) ) ;
#9941 = CYLINDRICAL_SURFACE ( 'NONE', #3572, 2.025000000000000800 ) ;
#9942 = CARTESIAN_POINT ( 'NONE',  ( 4.724999999999991700, 88.00000000000002800, 16.00000000000000400 ) ) ;
#9943 = ORIENTED_EDGE ( 'NONE', *, *, #4243, .T. ) ;
#9944 = DIRECTION ( 'NONE',  ( -1.000000000000000000, 0.0000000000000000000, 0.0000000000000000000 ) ) ;
#9945 = ORIENTED_EDGE ( 'NONE', *, *, #1202, .F. ) ;
#9946 = CYLINDRICAL_SURFACE ( 'NONE', #7336, 2.024999999999999000 ) ;
#9947 = CARTESIAN_POINT ( 'NONE',  ( 4.724999999999991700, 160.0000000000000000, 16.00000000000000400 ) ) ;
#9948 = CIRCLE ( 'NONE', #8965, 2.025000000000000800 ) ;
#9949 = EDGE_CURVE ( 'NONE', #8145, #2297, #6384, .T. ) ;
#9950 = AXIS2_PLACEMENT_3D ( 'NONE', #9525, #4460, #5337 ) ;
#9951 = VECTOR ( 'NONE', #7583, 1000.000000000000000 ) ;
#9952 = AXIS2_PLACEMENT_3D ( 'NONE', #1230, #4627, #7208 ) ;
#9953 = CARTESIAN_POINT ( 'NONE',  ( 1.250000000000000200, 128.4852813742385800, -8.485281374238564200 ) ) ;
#9954 = DIRECTION ( 'NONE',  ( 0.0000000000000000000, 0.0000000000000000000, -1.000000000000000000 ) ) ;
#9955 = EDGE_CURVE ( 'NONE', #4212, #8876, #8462, .T. ) ;
#9956 = VERTEX_POINT ( 'NONE', #3121 ) ;
#9957 = EDGE_LOOP ( 'NONE', ( #652, #1246, #8658, #9891 ) ) ;
#9958 = LINE ( 'NONE', #5355, #1856 ) ;
#9959 = CARTESIAN_POINT ( 'NONE',  ( 0.0000000000000000000, 192.0000000000000000, 16.00000000000000000 ) ) ;
#9960 = VECTOR ( 'NONE', #6858, 1000.000000000000000 ) ;
#9961 = ORIENTED_EDGE ( 'NONE', *, *, #8978, .F. ) ;
#9962 = DIRECTION ( 'NONE',  ( 3.652049423109066300E-016, 0.0000000000000000000, -1.000000000000000000 ) ) ;
#9963 = EDGE_CURVE ( 'NONE', #7620, #7753, #2081, .T. ) ;
#9964 = AXIS2_PLACEMENT_3D ( 'NONE', #2704, #6860, #1727 ) ;
#9965 = ORIENTED_EDGE ( 'NONE', *, *, #8073, .T. ) ;
#9966 = ORIENTED_EDGE ( 'NONE', *, *, #4112, .F. ) ;
#9967 = AXIS2_PLACEMENT_3D ( 'NONE', #3202, #5011, #4088 ) ;
#9968 = DIRECTION ( 'NONE',  ( 3.652049423109066300E-016, 0.0000000000000000000, -1.000000000000000000 ) ) ;
#9969 = VECTOR ( 'NONE', #3811, 999.9999999999998900 ) ;
#9970 = DIRECTION ( 'NONE',  ( -1.000000000000000000, 0.0000000000000000000, 0.0000000000000000000 ) ) ;
#9971 = ADVANCED_FACE ( 'NONE', ( #2464 ), #2220, .F. ) ;
#9972 = CARTESIAN_POINT ( 'NONE',  ( 1.250000000000000200, 130.5681087680972900, -10.56810876809726100 ) ) ;
#9973 = VECTOR ( 'NONE', #616, 1000.000000000000000 ) ;
#9974 = ORIENTED_EDGE ( 'NONE', *, *, #9396, .F. ) ;
#9975 = CARTESIAN_POINT ( 'NONE',  ( 6.750000000000000900, 48.00000000000000700, -15.99999999999999600 ) ) ;
#9976 = EDGE_CURVE ( 'NONE', #9494, #7488, #494, .T. ) ;
#9977 = ORIENTED_EDGE ( 'NONE', *, *, #9899, .T. ) ;
#9978 = ORIENTED_EDGE ( 'NONE', *, *, #9208, .T. ) ;
#9979 = DIRECTION ( 'NONE',  ( -1.000000000000000000, 0.0000000000000000000, 0.0000000000000000000 ) ) ;
#9980 = FACE_BOUND ( 'NONE', #10405, .T. ) ;
#9981 = ORIENTED_EDGE ( 'NONE', *, *, #7046, .F. ) ;
#9982 = CIRCLE ( 'NONE', #6306, 2.024999999999997200 ) ;
#9983 = EDGE_CURVE ( 'NONE', #8583, #1392, #229, .T. ) ;
#9984 = VECTOR ( 'NONE', #805, 1000.000000000000000 ) ;
#9985 = ADVANCED_FACE ( 'NONE', ( #1957 ), #5698, .F. ) ;
#9986 = CARTESIAN_POINT ( 'NONE',  ( -1.249999999999999800, 130.5681087680974600, 10.56810876809731100 ) ) ;
#9987 = CARTESIAN_POINT ( 'NONE',  ( -1.249999999999999800, 120.0000000000000000, -6.999999999999999100 ) ) ;
#9988 = VERTEX_POINT ( 'NONE', #3022 ) ;
#9989 = EDGE_LOOP ( 'NONE', ( #8830, #3197 ) ) ;
#9990 = ORIENTED_EDGE ( 'NONE', *, *, #9542, .T. ) ;
#9991 = ORIENTED_EDGE ( 'NONE', *, *, #3058, .F. ) ;
#9992 = DIRECTION ( 'NONE',  ( 0.0000000000000000000, -0.7071067811865513500, 0.7071067811865436900 ) ) ;
#9993 = ORIENTED_EDGE ( 'NONE', *, *, #285, .F. ) ;
#9994 = DIRECTION ( 'NONE',  ( 0.0000000000000000000, 0.7071067811865424700, -0.7071067811865526800 ) ) ;
#9995 = CARTESIAN_POINT ( 'NONE',  ( 1.250000000000000200, 88.00000000000001400, 8.000000000000000000 ) ) ;
#9996 = LINE ( 'NONE', #8633, #4022 ) ;
#9997 = CYLINDRICAL_SURFACE ( 'NONE', #4719, 2.024999999999998100 ) ;
#9998 = AXIS2_PLACEMENT_3D ( 'NONE', #9366, #5985, #10263 ) ;
#9999 = EDGE_LOOP ( 'NONE', ( #6295, #6291, #1548, #8783, #6249 ) ) ;
#10000 = EDGE_LOOP ( 'NONE', ( #8029, #5142, #3029, #8042 ) ) ;
#10001 = CARTESIAN_POINT ( 'NONE',  ( -1.249999999999999800, 38.08282739385867200, 7.053390142335811000 ) ) ;
#10002 = DIRECTION ( 'NONE',  ( 0.0000000000000000000, -0.7071067811865444600, -0.7071067811865505700 ) ) ;
#10003 = ORIENTED_EDGE ( 'NONE', *, *, #2018, .F. ) ;
#10004 = EDGE_LOOP ( 'NONE', ( #1262, #10361, #4948, #4865 ) ) ;
#10005 = EDGE_CURVE ( 'NONE', #8926, #5490, #10838, .T. ) ;
#10006 = CYLINDRICAL_SURFACE ( 'NONE', #7001, 2.024999999999998100 ) ;
#10007 = CIRCLE ( 'NONE', #6043, 2.024999999999990100 ) ;
#10008 = EDGE_LOOP ( 'NONE', ( #3215, #10943 ) ) ;
#10009 = CARTESIAN_POINT ( 'NONE',  ( -1.249999999999999800, 11.31370849898475900, -2.024999999999999900 ) ) ;
#10010 = VERTEX_POINT ( 'NONE', #8156 ) ;
#10011 = DIRECTION ( 'NONE',  ( 0.0000000000000000000, 0.0000000000000000000, -1.000000000000000000 ) ) ;
#10012 = ORIENTED_EDGE ( 'NONE', *, *, #9688, .T. ) ;
#10013 = DIRECTION ( 'NONE',  ( 1.000000000000000000, 0.0000000000000000000, 0.0000000000000000000 ) ) ;
#10014 = EDGE_CURVE ( 'NONE', #2627, #5313, #9001, .T. ) ;
#10015 = LINE ( 'NONE', #3757, #59 ) ;
#10016 = EDGE_LOOP ( 'NONE', ( #5239, #2047, #5515, #6599 ) ) ;
#10017 = CARTESIAN_POINT ( 'NONE',  ( -1.249999999999999800, 86.08282739385869300, -7.053390142335805600 ) ) ;
#10018 = CARTESIAN_POINT ( 'NONE',  ( -1.249999999999999800, 24.00000000000000000, 0.0000000000000000000 ) ) ;
#10019 = EDGE_CURVE ( 'NONE', #1648, #9685, #8594, .T. ) ;
#10020 = ORIENTED_EDGE ( 'NONE', *, *, #16, .T. ) ;
#10021 = PLANE ( 'NONE',  #7972 ) ;
#10022 = ORIENTED_EDGE ( 'NONE', *, *, #1650, .T. ) ;
#10023 = CARTESIAN_POINT ( 'NONE',  ( -1.249999999999999800, 84.68629150101523400, 2.024999999999999900 ) ) ;
#10024 = LINE ( 'NONE', #8579, #734 ) ;
#10025 = ADVANCED_FACE ( 'NONE', ( #879 ), #2602, .F. ) ;
#10026 = ORIENTED_EDGE ( 'NONE', *, *, #7181, .T. ) ;
#10027 = DIRECTION ( 'NONE',  ( 0.0000000000000000000, 0.0000000000000000000, -1.000000000000000000 ) ) ;
#10028 = CIRCLE ( 'NONE', #10691, 2.024999999999998100 ) ;
#10029 = DIRECTION ( 'NONE',  ( -0.0000000000000000000, 0.7071067811865450200, 0.7071067811865500200 ) ) ;
#10030 = CARTESIAN_POINT ( 'NONE',  ( -46.75000000000000000, 185.4318912319027700, 9.431891231902787000 ) ) ;
#10031 = EDGE_CURVE ( 'NONE', #5483, #5001, #4890, .T. ) ;
#10032 = AXIS2_PLACEMENT_3D ( 'NONE', #4849, #9781, #10694 ) ;
#10033 = EDGE_LOOP ( 'NONE', ( #9990, #8207, #10544, #1153 ) ) ;
#10034 = ORIENTED_EDGE ( 'NONE', *, *, #7554, .T. ) ;
#10035 = CARTESIAN_POINT ( 'NONE',  ( 4.724999999999991700, 104.0000000000000100, 16.00000000000000400 ) ) ;
#10036 = AXIS2_PLACEMENT_3D ( 'NONE', #10649, #4586, #2039 ) ;
#10037 = DIRECTION ( 'NONE',  ( 3.652049423109066300E-016, -0.0000000000000000000, -1.000000000000000000 ) ) ;
#10038 = CIRCLE ( 'NONE', #1641, 2.024999999999999900 ) ;
#10039 = CYLINDRICAL_SURFACE ( 'NONE', #514, 6.999999999999999100 ) ;
#10040 = ADVANCED_FACE ( 'NONE', ( #81 ), #6251, .F. ) ;
#10041 = CARTESIAN_POINT ( 'NONE',  ( -1.249999999999999800, 155.3137084989847700, -2.024999999999999900 ) ) ;
#10042 = ORIENTED_EDGE ( 'NONE', *, *, #1874, .T. ) ;
#10043 = CARTESIAN_POINT ( 'NONE',  ( 1.250000000000000200, 57.91717260614131400, 7.053390142335818100 ) ) ;
#10044 = FACE_OUTER_BOUND ( 'NONE', #7942, .T. ) ;
#10045 = EDGE_CURVE ( 'NONE', #10572, #3328, #4337, .T. ) ;
#10046 = CARTESIAN_POINT ( 'NONE',  ( 6.749999999999989300, 32.00000000000000700, 16.00000000000000400 ) ) ;
#10047 = VECTOR ( 'NONE', #789, 1000.000000000000100 ) ;
#10048 = AXIS2_PLACEMENT_3D ( 'NONE', #9452, #6086, #5343 ) ;
#10049 = DIRECTION ( 'NONE',  ( 1.000000000000000000, -0.0000000000000000000, -0.0000000000000000000 ) ) ;
#10050 = VERTEX_POINT ( 'NONE', #7812 ) ;
#10051 = ORIENTED_EDGE ( 'NONE', *, *, #9704, .T. ) ;
#10052 = DIRECTION ( 'NONE',  ( 1.000000000000000000, -0.0000000000000000000, -0.0000000000000000000 ) ) ;
#10053 = VECTOR ( 'NONE', #1921, 1000.000000000000000 ) ;
#10054 = DIRECTION ( 'NONE',  ( 0.0000000000000000000, -1.000000000000000000, 0.0000000000000000000 ) ) ;
#10055 = CARTESIAN_POINT ( 'NONE',  ( 4.724999999999993400, 88.00000000000002800, 13.50000000000000000 ) ) ;
#10056 = CARTESIAN_POINT ( 'NONE',  ( -46.75000000000000000, 9.431891231902763900, -6.568108768097239600 ) ) ;
#10057 = LINE ( 'NONE', #4021, #5590 ) ;
#10058 = DIRECTION ( 'NONE',  ( 1.000000000000000000, -0.0000000000000000000, 0.0000000000000000000 ) ) ;
#10059 = DIRECTION ( 'NONE',  ( 3.652049423109066300E-016, -0.0000000000000000000, -1.000000000000000000 ) ) ;
#10060 = ORIENTED_EDGE ( 'NONE', *, *, #816, .T. ) ;
#10061 = ORIENTED_EDGE ( 'NONE', *, *, #2780, .T. ) ;
#10062 = DIRECTION ( 'NONE',  ( -1.000000000000000000, 0.0000000000000000000, 1.826024711554532900E-016 ) ) ;
#10063 = DIRECTION ( 'NONE',  ( 0.0000000000000000000, 0.0000000000000000000, -1.000000000000000000 ) ) ;
#10064 = FACE_OUTER_BOUND ( 'NONE', #2256, .T. ) ;
#10065 = EDGE_CURVE ( 'NONE', #3833, #2547, #7045, .T. ) ;
#10066 = FACE_BOUND ( 'NONE', #9999, .T. ) ;
#10067 = CARTESIAN_POINT ( 'NONE',  ( -1.250000000000001100, 8.000000000000001800, -7.999999999999992900 ) ) ;
#10068 = CARTESIAN_POINT ( 'NONE',  ( -1.249999999999999800, 144.0000000000000000, -6.999999999999999100 ) ) ;
#10069 = CARTESIAN_POINT ( 'NONE',  ( -1.249999999999999800, 153.9171726061412900, 7.053390142335818100 ) ) ;
#10070 = VERTEX_POINT ( 'NONE', #4002 ) ;
#10071 = ORIENTED_EDGE ( 'NONE', *, *, #4794, .T. ) ;
#10072 = VECTOR ( 'NONE', #8172, 1000.000000000000000 ) ;
#10073 = AXIS2_PLACEMENT_3D ( 'NONE', #5078, #3345, #4195 ) ;
#10074 = CIRCLE ( 'NONE', #5574, 2.025000000000000800 ) ;
#10075 = CARTESIAN_POINT ( 'NONE',  ( -1.249999999999999800, 160.9466098576642100, -9.917172606141322800 ) ) ;
#10076 = CIRCLE ( 'NONE', #3793, 2.024999999999999000 ) ;
#10077 = ADVANCED_FACE ( 'NONE', ( #6636 ), #3928, .T. ) ;
#10078 = DIRECTION ( 'NONE',  ( 3.652049423109066300E-016, -0.0000000000000000000, -1.000000000000000000 ) ) ;
#10079 = AXIS2_PLACEMENT_3D ( 'NONE', #2645, #48, #7003 ) ;
#10080 = DIRECTION ( 'NONE',  ( 1.000000000000000000, -0.0000000000000000000, -0.0000000000000000000 ) ) ;
#10081 = EDGE_LOOP ( 'NONE', ( #3322, #9606, #7664, #4764 ) ) ;
#10082 = ORIENTED_EDGE ( 'NONE', *, *, #3115, .T. ) ;
#10083 = LINE ( 'NONE', #391, #7876 ) ;
#10084 = EDGE_CURVE ( 'NONE', #1334, #1117, #3399, .T. ) ;
#10085 = LINE ( 'NONE', #7572, #4393 ) ;
#10086 = LINE ( 'NONE', #10478, #2510 ) ;
#10087 = ORIENTED_EDGE ( 'NONE', *, *, #10084, .F. ) ;
#10088 = CARTESIAN_POINT ( 'NONE',  ( 4.724999999999993400, 168.0000000000000000, 13.50000000000000000 ) ) ;
#10089 = ADVANCED_FACE ( 'NONE', ( #5162 ), #6508, .F. ) ;
#10090 = CARTESIAN_POINT ( 'NONE',  ( 6.750000000000000000, 96.00000000000000000, -13.50000000000000200 ) ) ;
#10091 = DIRECTION ( 'NONE',  ( 0.0000000000000000000, 0.0000000000000000000, -1.000000000000000000 ) ) ;
#10092 = ORIENTED_EDGE ( 'NONE', *, *, #1016, .F. ) ;
#10093 = CARTESIAN_POINT ( 'NONE',  ( 8.774999999999987900, 88.00000000000002800, 13.50000000000000000 ) ) ;
#10094 = EDGE_LOOP ( 'NONE', ( #4618, #8541, #7537, #388 ) ) ;
#10095 = VECTOR ( 'NONE', #4013, 1000.000000000000000 ) ;
#10096 = EDGE_CURVE ( 'NONE', #9871, #5323, #2894, .T. ) ;
#10097 = AXIS2_PLACEMENT_3D ( 'NONE', #1506, #4033, #9163 ) ;
#10098 = DIRECTION ( 'NONE',  ( -1.000000000000000000, 0.0000000000000000000, 0.0000000000000000000 ) ) ;
#10099 = AXIS2_PLACEMENT_3D ( 'NONE', #7773, #4171, #1722 ) ;
#10100 = DIRECTION ( 'NONE',  ( 0.0000000000000000000, 0.0000000000000000000, -1.000000000000000000 ) ) ;
#10101 = VECTOR ( 'NONE', #1807, 1000.000000000000000 ) ;
#10102 = CARTESIAN_POINT ( 'NONE',  ( -1.249999999999999800, 0.0000000000000000000, 16.00000000000000000 ) ) ;
#10103 = VERTEX_POINT ( 'NONE', #6660 ) ;
#10104 = EDGE_CURVE ( 'NONE', #5930, #4876, #617, .T. ) ;
#10105 = ORIENTED_EDGE ( 'NONE', *, *, #10632, .F. ) ;
#10106 = CARTESIAN_POINT ( 'NONE',  ( -1.249999999999999800, 89.43189123190276700, 9.431891231902762100 ) ) ;
#10107 = CARTESIAN_POINT ( 'NONE',  ( 1.250000000000000200, 83.31370849898475200, 0.0000000000000000000 ) ) ;
#10108 = LINE ( 'NONE', #2921, #551 ) ;
#10109 = DIRECTION ( 'NONE',  ( 1.000000000000000000, -0.0000000000000000000, -0.0000000000000000000 ) ) ;
#10110 = DIRECTION ( 'NONE',  ( 0.0000000000000000000, 0.0000000000000000000, -1.000000000000000000 ) ) ;
#10111 = VECTOR ( 'NONE', #10037, 1000.000000000000000 ) ;
#10112 = CARTESIAN_POINT ( 'NONE',  ( -1.249999999999999800, 111.5147186257614500, -10.51028137423856600 ) ) ;
#10113 = EDGE_CURVE ( 'NONE', #674, #8832, #4196, .T. ) ;
#10114 = ORIENTED_EDGE ( 'NONE', *, *, #10550, .F. ) ;
#10115 = AXIS2_PLACEMENT_3D ( 'NONE', #8825, #3731, #7189 ) ;
#10116 = DIRECTION ( 'NONE',  ( 0.0000000000000000000, 0.0000000000000000000, 1.000000000000000000 ) ) ;
#10117 = ORIENTED_EDGE ( 'NONE', *, *, #331, .T. ) ;
#10118 = CARTESIAN_POINT ( 'NONE',  ( -1.249999999999999800, 113.4318912319027700, -9.431891231902755000 ) ) ;
#10119 = ORIENTED_EDGE ( 'NONE', *, *, #2075, .T. ) ;
#10120 = VERTEX_POINT ( 'NONE', #5004 ) ;
#10121 = CYLINDRICAL_SURFACE ( 'NONE', #7081, 2.024999999999999900 ) ;
#10122 = DIRECTION ( 'NONE',  ( -1.000000000000000000, 0.0000000000000000000, 0.0000000000000000000 ) ) ;
#10123 = DIRECTION ( 'NONE',  ( 1.000000000000000000, -0.0000000000000000000, -0.0000000000000000000 ) ) ;
#10124 = LINE ( 'NONE', #4691, #4141 ) ;
#10125 = EDGE_CURVE ( 'NONE', #149, #9871, #9656, .T. ) ;
#10126 = DIRECTION ( 'NONE',  ( 1.000000000000000000, 0.0000000000000000000, 0.0000000000000000000 ) ) ;
#10127 = ORIENTED_EDGE ( 'NONE', *, *, #8865, .F. ) ;
#10128 = ORIENTED_EDGE ( 'NONE', *, *, #9009, .T. ) ;
#10129 = ORIENTED_EDGE ( 'NONE', *, *, #7304, .T. ) ;
#10130 = ORIENTED_EDGE ( 'NONE', *, *, #10677, .T. ) ;
#10131 = DIRECTION ( 'NONE',  ( 3.652049423109066300E-016, -0.0000000000000000000, -1.000000000000000000 ) ) ;
#10132 = EDGE_CURVE ( 'NONE', #9031, #5712, #3939, .T. ) ;
#10133 = VERTEX_POINT ( 'NONE', #8405 ) ;
#10134 = DIRECTION ( 'NONE',  ( 3.652049423109066300E-016, 0.0000000000000000000, -1.000000000000000000 ) ) ;
#10135 = CARTESIAN_POINT ( 'NONE',  ( 1.250000000000000200, 78.56810876809724700, -9.431891231902755000 ) ) ;
#10136 = FACE_OUTER_BOUND ( 'NONE', #2957, .T. ) ;
#10137 = DIRECTION ( 'NONE',  ( 3.652049423109066300E-016, 0.0000000000000000000, -1.000000000000000000 ) ) ;
#10138 = DIRECTION ( 'NONE',  ( 1.000000000000000000, -0.0000000000000000000, 0.0000000000000000000 ) ) ;
#10139 = DIRECTION ( 'NONE',  ( 3.652049423109066300E-016, 0.0000000000000000000, -1.000000000000000000 ) ) ;
#10140 = CARTESIAN_POINT ( 'NONE',  ( 6.750000000000000900, 168.0000000000000000, -15.99999999999999600 ) ) ;
#10141 = ORIENTED_EDGE ( 'NONE', *, *, #9535, .T. ) ;
#10142 = ADVANCED_FACE ( 'NONE', ( #368 ), #4060, .F. ) ;
#10143 = VERTEX_POINT ( 'NONE', #8307 ) ;
#10144 = CARTESIAN_POINT ( 'NONE',  ( -46.75000000000000000, 182.5681087680972600, 6.568108768097255600 ) ) ;
#10145 = DIRECTION ( 'NONE',  ( -1.000000000000000000, 0.0000000000000000000, 0.0000000000000000000 ) ) ;
#10146 = EDGE_LOOP ( 'NONE', ( #5851, #3210, #8003, #4592 ) ) ;
#10147 = AXIS2_PLACEMENT_3D ( 'NONE', #4496, #2816, #10391 ) ;
#10148 = CARTESIAN_POINT ( 'NONE',  ( 1.250000000000000200, 179.3137084989847900, 0.0000000000000000000 ) ) ;
#10149 = CARTESIAN_POINT ( 'NONE',  ( 1.250000000000000200, 72.00000000000001400, 0.0000000000000000000 ) ) ;
#10150 = FACE_OUTER_BOUND ( 'NONE', #8542, .T. ) ;
#10151 = ORIENTED_EDGE ( 'NONE', *, *, #9829, .F. ) ;
#10152 = ADVANCED_FACE ( 'NONE', ( #5959 ), #10712, .F. ) ;
#10153 = DIRECTION ( 'NONE',  ( 3.652049423109066300E-016, -0.0000000000000000000, -1.000000000000000000 ) ) ;
#10154 = EDGE_CURVE ( 'NONE', #2881, #2253, #7960, .T. ) ;
#10155 = ORIENTED_EDGE ( 'NONE', *, *, #194, .T. ) ;
#10156 = EDGE_LOOP ( 'NONE', ( #2184, #8523, #5422, #300, #6124 ) ) ;
#10157 = DIRECTION ( 'NONE',  ( 0.0000000000000000000, 0.0000000000000000000, -1.000000000000000000 ) ) ;
#10158 = EDGE_CURVE ( 'NONE', #10635, #10491, #7177, .T. ) ;
#10159 = CARTESIAN_POINT ( 'NONE',  ( 1.250000000000000200, 48.00000000000000000, -6.999999999999999100 ) ) ;
#10160 = PERSON_AND_ORGANIZATION ( #2851, #8850 ) ;
#10161 = ORIENTED_EDGE ( 'NONE', *, *, #6972, .T. ) ;
#10162 = VECTOR ( 'NONE', #6187, 1000.000000000000000 ) ;
#10163 = VERTEX_POINT ( 'NONE', #3342 ) ;
#10164 = CARTESIAN_POINT ( 'NONE',  ( -1.249999999999999800, 48.00000000000000000, -6.999999999999999100 ) ) ;
#10165 = DIRECTION ( 'NONE',  ( -0.0000000000000000000, -1.000000000000000000, -0.0000000000000000000 ) ) ;
#10166 = CARTESIAN_POINT ( 'NONE',  ( 1.250000000000000200, 127.0533901423358300, -9.917172606141322800 ) ) ;
#10167 = ORIENTED_EDGE ( 'NONE', *, *, #374, .T. ) ;
#10168 = EDGE_CURVE ( 'NONE', #3916, #1622, #5026, .T. ) ;
#10169 = ORIENTED_EDGE ( 'NONE', *, *, #2963, .F. ) ;
#10170 = FACE_OUTER_BOUND ( 'NONE', #10033, .T. ) ;
#10171 = AXIS2_PLACEMENT_3D ( 'NONE', #248, #5299, #171 ) ;
#10172 = LINE ( 'NONE', #7151, #6630 ) ;
#10173 = DIRECTION ( 'NONE',  ( 0.0000000000000000000, 0.0000000000000000000, -1.000000000000000000 ) ) ;
#10174 = CARTESIAN_POINT ( 'NONE',  ( 1.250000000000000200, 180.6862915010152600, 2.024999999999999900 ) ) ;
#10175 = EDGE_CURVE ( 'NONE', #10922, #5908, #2754, .T. ) ;
#10176 = DIRECTION ( 'NONE',  ( -1.000000000000000000, 0.0000000000000000000, 0.0000000000000000000 ) ) ;
#10177 = CARTESIAN_POINT ( 'NONE',  ( 8.774999999999987900, 8.000000000000007100, 16.00000000000000400 ) ) ;
#10178 = EDGE_LOOP ( 'NONE', ( #3004, #5405 ) ) ;
#10179 = ORIENTED_EDGE ( 'NONE', *, *, #5684, .T. ) ;
#10180 = VECTOR ( 'NONE', #9629, 1000.000000000000000 ) ;
#10181 = DIRECTION ( 'NONE',  ( 3.652049423109066300E-016, 0.0000000000000000000, -1.000000000000000000 ) ) ;
#10182 = LINE ( 'NONE', #10667, #5573 ) ;
#10183 = EDGE_CURVE ( 'NONE', #7193, #8969, #9375, .T. ) ;
#10184 = AXIS2_PLACEMENT_3D ( 'NONE', #7031, #10373, #271 ) ;
#10185 = CARTESIAN_POINT ( 'NONE',  ( -1.249999999999999800, 130.5681087680972900, -10.56810876809726100 ) ) ;
#10186 = AXIS2_PLACEMENT_3D ( 'NONE', #5836, #6734, #3275 ) ;
#10187 = CARTESIAN_POINT ( 'NONE',  ( 4.724999999999993400, 8.000000000000007100, 13.50000000000000000 ) ) ;
#10188 = CARTESIAN_POINT ( 'NONE',  ( 8.774999999999987900, 160.0000000000000000, 13.50000000000000000 ) ) ;
#10189 = EDGE_LOOP ( 'NONE', ( #5901, #5390, #3230, #5635, #5965 ) ) ;
#10190 = VECTOR ( 'NONE', #6374, 1000.000000000000000 ) ;
#10191 = VECTOR ( 'NONE', #1737, 1000.000000000000000 ) ;
#10192 = EDGE_CURVE ( 'NONE', #3599, #539, #10466, .T. ) ;
#10193 = CARTESIAN_POINT ( 'NONE',  ( 6.750000000000000000, 80.00000000000001400, -13.50000000000000200 ) ) ;
#10194 = CARTESIAN_POINT ( 'NONE',  ( 8.774999999999987900, 64.00000000000000000, 13.50000000000000000 ) ) ;
#10195 = ADVANCED_FACE ( 'NONE', ( #6898 ), #487, .F. ) ;
#10196 = VERTEX_POINT ( 'NONE', #3413 ) ;
#10197 = ORIENTED_EDGE ( 'NONE', *, *, #7148, .T. ) ;
#10198 = EDGE_CURVE ( 'NONE', #1347, #5908, #1414, .T. ) ;
#10199 = CARTESIAN_POINT ( 'NONE',  ( -1.249999999999999800, 132.6862915010152300, -2.024999999999999900 ) ) ;
#10200 = CIRCLE ( 'NONE', #8074, 2.024999999999997200 ) ;
#10201 = AXIS2_PLACEMENT_3D ( 'NONE', #10510, #2864, #8800 ) ;
#10202 = FACE_OUTER_BOUND ( 'NONE', #1309, .T. ) ;
#10203 = ORIENTED_EDGE ( 'NONE', *, *, #4369, .T. ) ;
#10205 = ADVANCED_FACE ( 'NONE', ( #8744 ), #8476, .F. ) ;
#10204 = ORIENTED_EDGE ( 'NONE', *, *, #991, .F. ) ;
#10206 = CARTESIAN_POINT ( 'NONE',  ( 1.250000000000000200, 81.43189123190275300, 6.568108768097250300 ) ) ;
#10207 = CARTESIAN_POINT ( 'NONE',  ( 6.749999999999990200, 120.0000000000000300, 13.50000000000000000 ) ) ;
#10208 = DIRECTION ( 'NONE',  ( 3.652049423109066300E-016, -0.0000000000000000000, -1.000000000000000000 ) ) ;
#10209 = CARTESIAN_POINT ( 'NONE',  ( -1.249999999999999800, 133.4318912319026000, 13.43189123190273400 ) ) ;
#10210 = CYLINDRICAL_SURFACE ( 'NONE', #1771, 2.025000000000000800 ) ;
#10211 = CARTESIAN_POINT ( 'NONE',  ( 6.749999999999989300, 160.0000000000000000, 16.00000000000000400 ) ) ;
#10212 = LINE ( 'NONE', #497, #4375 ) ;
#10213 = EDGE_LOOP ( 'NONE', ( #9943, #6974 ) ) ;
#10214 = ORIENTED_EDGE ( 'NONE', *, *, #2739, .T. ) ;
#10215 = EDGE_CURVE ( 'NONE', #6889, #5904, #4752, .T. ) ;
#10216 = LINE ( 'NONE', #5558, #5484 ) ;
#10217 = ORIENTED_EDGE ( 'NONE', *, *, #5357, .F. ) ;
#10218 = CARTESIAN_POINT ( 'NONE',  ( 8.774999999999987900, 120.0000000000000300, 16.00000000000000400 ) ) ;
#10219 = VECTOR ( 'NONE', #10522, 1000.000000000000000 ) ;
#10220 = CARTESIAN_POINT ( 'NONE',  ( -1.249999999999999800, 104.0000000000000100, -7.999999999999994700 ) ) ;
#10221 = DIRECTION ( 'NONE',  ( 1.000000000000000000, -0.0000000000000000000, 0.0000000000000000000 ) ) ;
#10222 = CIRCLE ( 'NONE', #1559, 2.024999999999998100 ) ;
#10223 = VERTEX_POINT ( 'NONE', #3383 ) ;
#10224 = ORIENTED_EDGE ( 'NONE', *, *, #3544, .F. ) ;
#10225 = AXIS2_PLACEMENT_3D ( 'NONE', #1242, #2986, #7281 ) ;
#10226 = VERTEX_POINT ( 'NONE', #9318 ) ;
#10227 = DIRECTION ( 'NONE',  ( 1.000000000000000000, -0.0000000000000000000, -0.0000000000000000000 ) ) ;
#10228 = LINE ( 'NONE', #2373, #6301 ) ;
#10229 = CARTESIAN_POINT ( 'NONE',  ( 1.250000000000000200, 30.56810876809724300, -9.431891231902755000 ) ) ;
#10230 = CIRCLE ( 'NONE', #1004, 2.025000000000000800 ) ;
#10231 = CARTESIAN_POINT ( 'NONE',  ( 4.724999999999993400, 128.0000000000000000, 13.50000000000000000 ) ) ;
#10232 = AXIS2_PLACEMENT_3D ( 'NONE', #1232, #10280, #7076 ) ;
#10233 = ORIENTED_EDGE ( 'NONE', *, *, #1374, .T. ) ;
#10234 = EDGE_CURVE ( 'NONE', #6489, #5809, #9127, .T. ) ;
#10235 = CARTESIAN_POINT ( 'NONE',  ( 1.250000000000000200, 10.56810876809729600, -10.56810876809726100 ) ) ;
#10236 = VERTEX_POINT ( 'NONE', #7751 ) ;
#10237 = ORIENTED_EDGE ( 'NONE', *, *, #3973, .T. ) ;
#10238 = VECTOR ( 'NONE', #8684, 1000.000000000000000 ) ;
#10239 = CARTESIAN_POINT ( 'NONE',  ( 8.774999999999987900, 144.0000000000000300, 13.50000000000000000 ) ) ;
#10240 = LINE ( 'NONE', #4147, #4263 ) ;
#10241 = CARTESIAN_POINT ( 'NONE',  ( 8.774999999999987900, 144.0000000000000300, 16.00000000000000400 ) ) ;
#10242 = CARTESIAN_POINT ( 'NONE',  ( -1.249999999999999800, 159.5147186257614500, 8.485281374238569500 ) ) ;
#10243 = CARTESIAN_POINT ( 'NONE',  ( 6.749999999999989300, 152.0000000000000300, 16.00000000000000400 ) ) ;
#10244 = DIRECTION ( 'NONE',  ( -1.000000000000000000, 0.0000000000000000000, 0.0000000000000000000 ) ) ;
#10245 = EDGE_CURVE ( 'NONE', #1216, #1648, #2457, .T. ) ;
#10246 = AXIS2_PLACEMENT_3D ( 'NONE', #1307, #465, #3051 ) ;
#10247 = CARTESIAN_POINT ( 'NONE',  ( -1.249999999999999800, 39.51471862576143900, -8.485281374238566000 ) ) ;
#10248 = DIRECTION ( 'NONE',  ( -1.000000000000000000, 0.0000000000000000000, 0.0000000000000000000 ) ) ;
#10249 = EDGE_LOOP ( 'NONE', ( #4403, #5899, #8257, #8696 ) ) ;
#10250 = ADVANCED_FACE ( 'NONE', ( #10458 ), #3133, .F. ) ;
#10251 = ORIENTED_EDGE ( 'NONE', *, *, #1897, .T. ) ;
#10252 = AXIS2_PLACEMENT_3D ( 'NONE', #1536, #4062, #4166 ) ;
#10253 = FACE_BOUND ( 'NONE', #9413, .T. ) ;
#10254 = DIRECTION ( 'NONE',  ( 1.000000000000000000, -0.0000000000000000000, 0.0000000000000000000 ) ) ;
#10255 = VERTEX_POINT ( 'NONE', #7677 ) ;
#10256 = CARTESIAN_POINT ( 'NONE',  ( 6.750000000000000900, 56.00000000000000700, -15.99999999999999600 ) ) ;
#10257 = CIRCLE ( 'NONE', #3135, 2.024999999999997200 ) ;
#10258 = EDGE_CURVE ( 'NONE', #9817, #7774, #4181, .T. ) ;
#10259 = CYLINDRICAL_SURFACE ( 'NONE', #4109, 2.024999999999999900 ) ;
#10260 = DIRECTION ( 'NONE',  ( 3.652049423109066300E-016, -0.0000000000000000000, -1.000000000000000000 ) ) ;
#10261 = ORIENTED_EDGE ( 'NONE', *, *, #4178, .T. ) ;
#10262 = ORIENTED_EDGE ( 'NONE', *, *, #1716, .T. ) ;
#10263 = DIRECTION ( 'NONE',  ( -1.000000000000000000, 0.0000000000000000000, 0.0000000000000000000 ) ) ;
#10264 = EDGE_LOOP ( 'NONE', ( #9179, #4469, #8323, #4718 ) ) ;
#10265 = VERTEX_POINT ( 'NONE', #5155 ) ;
#10266 = ADVANCED_FACE ( 'NONE', ( #8990 ), #3930, .F. ) ;
#10267 = CIRCLE ( 'NONE', #10232, 2.024999999999999900 ) ;
#10268 = EDGE_CURVE ( 'NONE', #10120, #7918, #1404, .T. ) ;
#10269 = CC_DESIGN_APPROVAL ( #8995, ( #10339 ) ) ;
#10270 = CARTESIAN_POINT ( 'NONE',  ( -1.249999999999999800, 137.4318912319027400, -9.431891231902755000 ) ) ;
#10271 = LINE ( 'NONE', #8158, #324 ) ;
#10272 = AXIS2_PLACEMENT_3D ( 'NONE', #6656, #10808, #4081 ) ;
#10273 = CARTESIAN_POINT ( 'NONE',  ( -1.249999999999999800, 176.0000000000000300, 5.975000000000009400 ) ) ;
#10274 = DIRECTION ( 'NONE',  ( 1.000000000000000000, 0.0000000000000000000, 0.0000000000000000000 ) ) ;
#10275 = EDGE_LOOP ( 'NONE', ( #30, #5628, #5774, #9673 ) ) ;
#10276 = EDGE_LOOP ( 'NONE', ( #9841, #8955, #6349, #5157 ) ) ;
#10277 = ORIENTED_EDGE ( 'NONE', *, *, #1218, .F. ) ;
#10278 = CARTESIAN_POINT ( 'NONE',  ( 1.250000000000000200, 88.94660985766420000, 9.917172606141322800 ) ) ;
#10279 = ORIENTED_EDGE ( 'NONE', *, *, #1940, .T. ) ;
#10280 = DIRECTION ( 'NONE',  ( -1.000000000000000000, 0.0000000000000000000, -0.0000000000000000000 ) ) ;
#10281 = CARTESIAN_POINT ( 'NONE',  ( 8.774999999999987900, 16.00000000000000700, 16.00000000000000400 ) ) ;
#10282 = ORIENTED_EDGE ( 'NONE', *, *, #4864, .T. ) ;
#10283 = VECTOR ( 'NONE', #6825, 1000.000000000000100 ) ;
#10284 = CARTESIAN_POINT ( 'NONE',  ( -1.249999999999999800, 88.94660985766421400, -9.917172606141322800 ) ) ;
#10285 = CALENDAR_DATE ( 2022, 26, 4 ) ;
#10286 = CIRCLE ( 'NONE', #8365, 2.025000000000002600 ) ;
#10287 = ORIENTED_EDGE ( 'NONE', *, *, #6893, .T. ) ;
#10288 = PLANE ( 'NONE',  #6391 ) ;
#10289 = VERTEX_POINT ( 'NONE', #3 ) ;
#10290 = DIRECTION ( 'NONE',  ( -1.000000000000000000, 0.0000000000000000000, 0.0000000000000000000 ) ) ;
#10291 = CARTESIAN_POINT ( 'NONE',  ( -1.249999999999999800, 96.00000000000000000, 0.0000000000000000000 ) ) ;
#10292 = ORIENTED_EDGE ( 'NONE', *, *, #6019, .F. ) ;
#10293 = CARTESIAN_POINT ( 'NONE',  ( 4.724999999999991700, 112.0000000000000100, 16.00000000000000400 ) ) ;
#10294 = APPROVAL_PERSON_ORGANIZATION ( #4732, #9198, #7168 ) ;
#10295 = CARTESIAN_POINT ( 'NONE',  ( -46.75000000000000000, 9.917172606141329900, -7.053390142335807400 ) ) ;
#10296 = LINE ( 'NONE', #2943, #2314 ) ;
#10297 = ORIENTED_EDGE ( 'NONE', *, *, #5666, .T. ) ;
#10298 = DIRECTION ( 'NONE',  ( 0.0000000000000000000, 0.0000000000000000000, -1.000000000000000000 ) ) ;
#10299 = EDGE_LOOP ( 'NONE', ( #7631, #6542, #9846, #2185 ) ) ;
#10300 = CARTESIAN_POINT ( 'NONE',  ( -1.250000000000001100, 9.431891231902765700, 6.568108768097240500 ) ) ;
#10301 = AXIS2_PLACEMENT_3D ( 'NONE', #5588, #2999, #10027 ) ;
#10302 = CARTESIAN_POINT ( 'NONE',  ( -1.249999999999999800, 11.31370849898475900, 0.0000000000000000000 ) ) ;
#10303 = ORIENTED_EDGE ( 'NONE', *, *, #3844, .T. ) ;
#10304 = DIRECTION ( 'NONE',  ( 1.000000000000000000, 0.0000000000000000000, 0.0000000000000000000 ) ) ;
#10305 = FACE_OUTER_BOUND ( 'NONE', #9104, .T. ) ;
#10306 = CARTESIAN_POINT ( 'NONE',  ( 8.774999999999987900, 120.0000000000000300, 16.00000000000000400 ) ) ;
#10307 = VECTOR ( 'NONE', #4011, 1000.000000000000000 ) ;
#10308 = AXIS2_PLACEMENT_3D ( 'NONE', #2768, #1093, #1129 ) ;
#10309 = DIRECTION ( 'NONE',  ( 3.652049423109066300E-016, -0.0000000000000000000, -1.000000000000000000 ) ) ;
#10310 = DIRECTION ( 'NONE',  ( 0.0000000000000000000, -1.000000000000000000, 0.0000000000000000000 ) ) ;
#10311 = EDGE_CURVE ( 'NONE', #9221, #1463, #8456, .T. ) ;
#10312 = ORIENTED_EDGE ( 'NONE', *, *, #8729, .F. ) ;
#10313 = DIRECTION ( 'NONE',  ( 3.652049423109066300E-016, 0.0000000000000000000, -1.000000000000000000 ) ) ;
#10315 = EDGE_LOOP ( 'NONE', ( #7825, #8621, #8157, #7387 ) ) ;
#10314 = ADVANCED_FACE ( 'NONE', ( #1147 ), #8201, .F. ) ;
#10316 = CIRCLE ( 'NONE', #6020, 2.025000000000000800 ) ;
#10317 = DIRECTION ( 'NONE',  ( 1.000000000000000000, -0.0000000000000000000, 0.0000000000000000000 ) ) ;
#10318 = DIRECTION ( 'NONE',  ( 0.0000000000000000000, 0.0000000000000000000, -1.000000000000000000 ) ) ;
#10319 = VECTOR ( 'NONE', #8898, 1000.000000000000000 ) ;
#10320 = DIRECTION ( 'NONE',  ( 1.826024711554532900E-016, -0.0000000000000000000, 1.000000000000000000 ) ) ;
#10321 = EDGE_CURVE ( 'NONE', #2062, #9616, #1663, .T. ) ;
#10322 = AXIS2_PLACEMENT_3D ( 'NONE', #2856, #7051, #8035 ) ;
#10323 = ORIENTED_EDGE ( 'NONE', *, *, #1808, .F. ) ;
#10324 = ORIENTED_EDGE ( 'NONE', *, *, #2394, .F. ) ;
#10325 = AXIS2_PLACEMENT_3D ( 'NONE', #11003, #3405, #6866 ) ;
#10326 = DIRECTION ( 'NONE',  ( 0.0000000000000000000, 0.0000000000000000000, -1.000000000000000000 ) ) ;
#10327 = VECTOR ( 'NONE', #4231, 1000.000000000000000 ) ;
#10328 = ADVANCED_FACE ( 'NONE', ( #10170 ), #6500, .F. ) ;
#10329 = CARTESIAN_POINT ( 'NONE',  ( 1.250000000000000200, 88.94660985766421400, -9.917172606141322800 ) ) ;
#10330 = EDGE_CURVE ( 'NONE', #1814, #1290, #5692, .T. ) ;
#10331 = DIRECTION ( 'NONE',  ( 1.000000000000000000, -0.0000000000000000000, 0.0000000000000000000 ) ) ;
#10332 = FACE_OUTER_BOUND ( 'NONE', #4999, .T. ) ;
#10333 = CARTESIAN_POINT ( 'NONE',  ( -1.249999999999999800, 152.0000000000000000, 8.000000000000000000 ) ) ;
#10334 = ORIENTED_EDGE ( 'NONE', *, *, #3694, .F. ) ;
#10335 = ORIENTED_EDGE ( 'NONE', *, *, #3159, .T. ) ;
#10336 = DIRECTION ( 'NONE',  ( -1.000000000000000000, 0.0000000000000000000, -0.0000000000000000000 ) ) ;
#10337 = CIRCLE ( 'NONE', #6388, 2.024999999999998100 ) ;
#10338 = EDGE_CURVE ( 'NONE', #2914, #6444, #1944, .T. ) ;
#10339 = SECURITY_CLASSIFICATION ( '', '', #4541 ) ;
#10340 = DIRECTION ( 'NONE',  ( 0.0000000000000000000, -0.7071067811865513500, 0.7071067811865436900 ) ) ;
#10341 = LINE ( 'NONE', #7006, #6518 ) ;
#10342 = DIRECTION ( 'NONE',  ( 0.0000000000000000000, 0.0000000000000000000, -1.000000000000000000 ) ) ;
#10343 = CARTESIAN_POINT ( 'NONE',  ( -46.75000000000000000, 182.5681087680972000, -6.568108768097213900 ) ) ;
#10344 = AXIS2_PLACEMENT_3D ( 'NONE', #8442, #10905, #5073 ) ;
#10345 = DIRECTION ( 'NONE',  ( 0.0000000000000000000, -1.000000000000000000, 0.0000000000000000000 ) ) ;
#10346 = DIRECTION ( 'NONE',  ( 1.000000000000000000, -0.0000000000000000000, 0.0000000000000000000 ) ) ;
#10347 = CARTESIAN_POINT ( 'NONE',  ( -1.249999999999999800, 144.0000000000000300, -2.024999999999999900 ) ) ;
#10348 = EDGE_LOOP ( 'NONE', ( #10804, #10117, #661, #10951 ) ) ;
#10349 = ORIENTED_EDGE ( 'NONE', *, *, #7496, .F. ) ;
#10350 = CARTESIAN_POINT ( 'NONE',  ( -1.250000000000001100, 183.5147186257614500, -8.485281374238544700 ) ) ;
#10351 = DIRECTION ( 'NONE',  ( -1.826024711554532900E-016, 0.0000000000000000000, 1.000000000000000000 ) ) ;
#10352 = EDGE_LOOP ( 'NONE', ( #9901, #9422, #4729, #10179 ) ) ;
#10353 = CIRCLE ( 'NONE', #3482, 2.024999999999997200 ) ;
#10354 = EDGE_CURVE ( 'NONE', #5222, #1283, #9906, .T. ) ;
#10355 = DIRECTION ( 'NONE',  ( 0.0000000000000000000, 0.0000000000000000000, -1.000000000000000000 ) ) ;
#10356 = FACE_BOUND ( 'NONE', #6397, .T. ) ;
#10357 = EDGE_CURVE ( 'NONE', #6767, #9563, #9647, .T. ) ;
#10358 = DIRECTION ( 'NONE',  ( 0.0000000000000000000, 0.0000000000000000000, -1.000000000000000000 ) ) ;
#10359 = ORIENTED_EDGE ( 'NONE', *, *, #669, .T. ) ;
#10360 = CARTESIAN_POINT ( 'NONE',  ( -1.249999999999999800, 61.43189123190277500, -13.43189123190275300 ) ) ;
#10361 = ORIENTED_EDGE ( 'NONE', *, *, #1692, .T. ) ;
#10362 = CIRCLE ( 'NONE', #7143, 2.024999999999998100 ) ;
#10363 = CARTESIAN_POINT ( 'NONE',  ( 4.724999999999993400, 104.0000000000000100, 13.50000000000000000 ) ) ;
#10364 = LINE ( 'NONE', #10284, #9416 ) ;
#10365 = LINE ( 'NONE', #7999, #648 ) ;
#10366 = CARTESIAN_POINT ( 'NONE',  ( 1.250000000000000200, 175.0533901423358400, -9.917172606141344100 ) ) ;
#10367 = DIRECTION ( 'NONE',  ( 0.0000000000000000000, 0.0000000000000000000, -1.000000000000000000 ) ) ;
#10368 = EDGE_LOOP ( 'NONE', ( #4868, #9502 ) ) ;
#10369 = CARTESIAN_POINT ( 'NONE',  ( 1.250000000000000200, 103.0533901423358100, 9.917172606141324600 ) ) ;
#10370 = DIRECTION ( 'NONE',  ( 0.0000000000000000000, -0.7071067811865444600, -0.7071067811865505700 ) ) ;
#10371 = EDGE_LOOP ( 'NONE', ( #7, #3083, #6538, #2677 ) ) ;
#10372 = VECTOR ( 'NONE', #4631, 1000.000000000000000 ) ;
#10373 = DIRECTION ( 'NONE',  ( 1.000000000000000000, -0.0000000000000000000, 0.0000000000000000000 ) ) ;
#10374 = CARTESIAN_POINT ( 'NONE',  ( -1.249999999999999800, 180.6862915010152600, 0.0000000000000000000 ) ) ;
#10375 = AXIS2_PLACEMENT_3D ( 'NONE', #9037, #4857, #3097 ) ;
#10376 = LINE ( 'NONE', #6102, #3059 ) ;
#10377 = DIRECTION ( 'NONE',  ( 1.826024711554532900E-016, -0.0000000000000000000, 1.000000000000000000 ) ) ;
#10378 = VECTOR ( 'NONE', #8659, 1000.000000000000000 ) ;
#10379 = CARTESIAN_POINT ( 'NONE',  ( -1.249999999999999800, 33.43189123190276000, -6.568108768097234300 ) ) ;
#10380 = ORIENTED_EDGE ( 'NONE', *, *, #8160, .T. ) ;
#10381 = EDGE_CURVE ( 'NONE', #6644, #5007, #4483, .T. ) ;
#10382 = EDGE_LOOP ( 'NONE', ( #2143, #10224, #5186, #1780 ) ) ;
#10383 = DIRECTION ( 'NONE',  ( 0.0000000000000000000, 0.7071067811865450200, -0.7071067811865500200 ) ) ;
#10384 = ORIENTED_EDGE ( 'NONE', *, *, #7112, .T. ) ;
#10385 = LINE ( 'NONE', #5720, #10891 ) ;
#10386 = EDGE_CURVE ( 'NONE', #7774, #2743, #1534, .T. ) ;
#10387 = DIRECTION ( 'NONE',  ( 1.000000000000000000, -0.0000000000000000000, -0.0000000000000000000 ) ) ;
#10388 = VECTOR ( 'NONE', #4509, 1000.000000000000000 ) ;
#10389 = ADVANCED_FACE ( 'NONE', ( #7670 ), #3679, .F. ) ;
#10390 = EDGE_LOOP ( 'NONE', ( #10380, #10805, #3206, #5933 ) ) ;
#10391 = DIRECTION ( 'NONE',  ( 0.0000000000000000000, 0.0000000000000000000, -1.000000000000000000 ) ) ;
#10392 = DIRECTION ( 'NONE',  ( 3.652049423109066300E-016, -0.0000000000000000000, -1.000000000000000000 ) ) ;
#10393 = ORIENTED_EDGE ( 'NONE', *, *, #8397, .T. ) ;
#10394 = CARTESIAN_POINT ( 'NONE',  ( -1.249999999999999800, 160.9466098576642100, 9.917172606141328100 ) ) ;
#10395 = ORIENTED_EDGE ( 'NONE', *, *, #6666, .T. ) ;
#10396 = FACE_BOUND ( 'NONE', #9047, .T. ) ;
#10397 = EDGE_CURVE ( 'NONE', #5647, #1639, #5825, .T. ) ;
#10398 = DIRECTION ( 'NONE',  ( 1.000000000000000000, 0.0000000000000000000, 0.0000000000000000000 ) ) ;
#10399 = CARTESIAN_POINT ( 'NONE',  ( -1.249999999999999800, 58.56810876809729600, 10.56810876809721700 ) ) ;
#10400 = CYLINDRICAL_SURFACE ( 'NONE', #139, 2.025000000000002600 ) ;
#10401 = EDGE_CURVE ( 'NONE', #455, #6179, #10316, .T. ) ;
#10402 = ORIENTED_EDGE ( 'NONE', *, *, #7567, .T. ) ;
#10403 = DIRECTION ( 'NONE',  ( 0.0000000000000000000, -0.7071067811865463500, -0.7071067811865487900 ) ) ;
#10404 = EDGE_LOOP ( 'NONE', ( #10020, #10233, #8805, #5286 ) ) ;
#10405 = EDGE_LOOP ( 'NONE', ( #6631, #6962, #4345, #2642, #9412 ) ) ;
#10406 = CARTESIAN_POINT ( 'NONE',  ( -1.250000000000001100, 182.5681087680972000, -6.568108768097213900 ) ) ;
#10407 = ORIENTED_EDGE ( 'NONE', *, *, #3844, .F. ) ;
#10408 = CARTESIAN_POINT ( 'NONE',  ( -1.249999999999999800, 175.0533901423358400, -9.917172606141329900 ) ) ;
#10409 = CARTESIAN_POINT ( 'NONE',  ( 6.749999999999990200, 104.0000000000000100, 13.50000000000000000 ) ) ;
#10410 = LINE ( 'NONE', #3621, #5905 ) ;
#10411 = CARTESIAN_POINT ( 'NONE',  ( 1.250000000000000200, 96.00000000000000000, 0.0000000000000000000 ) ) ;
#10412 = CARTESIAN_POINT ( 'NONE',  ( 1.250000000000000200, 182.0828273938586800, 7.053390142335830500 ) ) ;
#10413 = CARTESIAN_POINT ( 'NONE',  ( -1.249999999999999800, 57.91717260614131400, 7.053390142335818100 ) ) ;
#10414 = LINE ( 'NONE', #6597, #10790 ) ;
#10415 = EDGE_CURVE ( 'NONE', #6218, #1861, #873, .T. ) ;
#10416 = AXIS2_PLACEMENT_3D ( 'NONE', #2880, #9586, #5399 ) ;
#10417 = CARTESIAN_POINT ( 'NONE',  ( 1.250000000000000200, 59.31370849898476600, 0.0000000000000000000 ) ) ;
#10418 = ORIENTED_EDGE ( 'NONE', *, *, #4716, .T. ) ;
#10419 = AXIS2_PLACEMENT_3D ( 'NONE', #8305, #3128, #3975 ) ;
#10420 = ORIENTED_EDGE ( 'NONE', *, *, #6782, .T. ) ;
#10421 = DIRECTION ( 'NONE',  ( -1.826024711554532900E-016, 0.0000000000000000000, 1.000000000000000000 ) ) ;
#10422 = ORIENTED_EDGE ( 'NONE', *, *, #7795, .T. ) ;
#10423 = ORIENTED_EDGE ( 'NONE', *, *, #5549, .F. ) ;
#10424 = CARTESIAN_POINT ( 'NONE',  ( 4.725000000000003200, 112.0000000000000100, -15.99999999999999600 ) ) ;
#10425 = ORIENTED_EDGE ( 'NONE', *, *, #6341, .F. ) ;
#10426 = LINE ( 'NONE', #350, #3642 ) ;
#10427 = CARTESIAN_POINT ( 'NONE',  ( -1.249999999999999800, 109.4318912319027800, -13.43189123190275300 ) ) ;
#10428 = DIRECTION ( 'NONE',  ( 0.0000000000000000000, 0.0000000000000000000, 1.000000000000000000 ) ) ;
#10429 = CARTESIAN_POINT ( 'NONE',  ( -1.249999999999999800, 158.5681087680972600, -6.568108768097241400 ) ) ;
#10430 = ORIENTED_EDGE ( 'NONE', *, *, #3761, .F. ) ;
#10431 = DIRECTION ( 'NONE',  ( 0.0000000000000000000, 0.7071067811865463500, 0.7071067811865487900 ) ) ;
#10432 = EDGE_CURVE ( 'NONE', #5085, #9267, #9789, .T. ) ;
#10433 = DIRECTION ( 'NONE',  ( 0.0000000000000000000, 0.0000000000000000000, -1.000000000000000000 ) ) ;
#10434 = ORIENTED_EDGE ( 'NONE', *, *, #10901, .F. ) ;
#10435 = AXIS2_PLACEMENT_3D ( 'NONE', #8992, #3897, #517 ) ;
#10436 = CARTESIAN_POINT ( 'NONE',  ( 6.749999999999989300, 104.0000000000000100, 16.00000000000000400 ) ) ;
#10437 = CARTESIAN_POINT ( 'NONE',  ( -1.249999999999999800, 37.43189123190266800, 13.43189123190281200 ) ) ;
#10438 = VECTOR ( 'NONE', #6908, 1000.000000000000000 ) ;
#10439 = VERTEX_POINT ( 'NONE', #1086 ) ;
#10440 = APPROVAL_STATUS ( 'not_yet_approved' ) ;
#10441 = DIRECTION ( 'NONE',  ( 0.0000000000000000000, 0.7071067811865424700, -0.7071067811865526800 ) ) ;
#10442 = ORIENTED_EDGE ( 'NONE', *, *, #3837, .F. ) ;
#10443 = EDGE_LOOP ( 'NONE', ( #995, #3885, #5459, #3748 ) ) ;
#10444 = AXIS2_PLACEMENT_3D ( 'NONE', #7393, #534, #3943 ) ;
#10445 = CYLINDRICAL_SURFACE ( 'NONE', #9259, 2.025000000000000800 ) ;
#10446 = CARTESIAN_POINT ( 'NONE',  ( -1.249999999999999800, 82.56810876809730400, -10.56810876809726100 ) ) ;
#10447 = ORIENTED_EDGE ( 'NONE', *, *, #10999, .F. ) ;
#10448 = CIRCLE ( 'NONE', #8936, 2.024999999999990100 ) ;
#10449 = ORIENTED_EDGE ( 'NONE', *, *, #390, .F. ) ;
#10450 = ADVANCED_FACE ( 'NONE', ( #1014 ), #609, .F. ) ;
#10451 = CARTESIAN_POINT ( 'NONE',  ( -1.249999999999999800, 0.0000000000000000000, -2.024999999999999900 ) ) ;
#10452 = EDGE_CURVE ( 'NONE', #2564, #4285, #7551, .T. ) ;
#10453 = DIRECTION ( 'NONE',  ( 0.0000000000000000000, 0.7071067811865505700, -0.7071067811865444600 ) ) ;
#10454 = EDGE_LOOP ( 'NONE', ( #116, #6407, #1862, #5787 ) ) ;
#10455 = EDGE_LOOP ( 'NONE', ( #8309, #4501, #9595, #8611, #2685 ) ) ;
#10456 = DIRECTION ( 'NONE',  ( 0.0000000000000000000, 0.0000000000000000000, -1.000000000000000000 ) ) ;
#10457 = ORIENTED_EDGE ( 'NONE', *, *, #9750, .T. ) ;
#10458 = FACE_OUTER_BOUND ( 'NONE', #4221, .T. ) ;
#10459 = VECTOR ( 'NONE', #981, 1000.000000000000000 ) ;
#10460 = AXIS2_PLACEMENT_3D ( 'NONE', #6780, #3374, #8331 ) ;
#10461 = CARTESIAN_POINT ( 'NONE',  ( -1.249999999999999800, 81.43189123190275300, 6.568108768097250300 ) ) ;
#10462 = CARTESIAN_POINT ( 'NONE',  ( 4.725000000000001400, 136.0000000000000000, -13.50000000000000200 ) ) ;
#10463 = CARTESIAN_POINT ( 'NONE',  ( 1.250000000000000200, 13.43189123190261800, 13.43189123190273400 ) ) ;
#10464 = DIRECTION ( 'NONE',  ( 0.0000000000000000000, 0.0000000000000000000, -1.000000000000000000 ) ) ;
#10465 = ORIENTED_EDGE ( 'NONE', *, *, #3737, .F. ) ;
#10466 = CIRCLE ( 'NONE', #8554, 2.025000000000000800 ) ;
#10467 = AXIS2_PLACEMENT_3D ( 'NONE', #857, #4313, #5156 ) ;
#10468 = LINE ( 'NONE', #4815, #3264 ) ;
#10469 = DIRECTION ( 'NONE',  ( 0.0000000000000000000, -0.7071067811865513500, 0.7071067811865436900 ) ) ;
#10470 = EDGE_CURVE ( 'NONE', #1463, #4579, #8085, .T. ) ;
#10471 = CARTESIAN_POINT ( 'NONE',  ( -1.249999999999999800, 40.94660985766419300, 9.917172606141328100 ) ) ;
#10472 = CARTESIAN_POINT ( 'NONE',  ( -1.249999999999999800, 112.0000000000000000, 8.000000000000000000 ) ) ;
#10473 = ORIENTED_EDGE ( 'NONE', *, *, #3073, .T. ) ;
#10474 = ORIENTED_EDGE ( 'NONE', *, *, #7382, .F. ) ;
#10475 = CARTESIAN_POINT ( 'NONE',  ( 1.250000000000000200, 152.4852813742385500, 8.485281374238569500 ) ) ;
#10476 = CIRCLE ( 'NONE', #8206, 2.024999999999998100 ) ;
#10477 = FACE_OUTER_BOUND ( 'NONE', #10796, .T. ) ;
#10478 = CARTESIAN_POINT ( 'NONE',  ( -1.249999999999999800, 179.3137084989847900, 2.024999999999999900 ) ) ;
#10479 = EDGE_CURVE ( 'NONE', #1636, #9360, #3537, .T. ) ;
#10480 = AXIS2_PLACEMENT_3D ( 'NONE', #4812, #10631, #3965 ) ;
#10481 = CARTESIAN_POINT ( 'NONE',  ( -1.249999999999999800, 113.4318912319027500, 9.431891231902762100 ) ) ;
#10482 = EDGE_LOOP ( 'NONE', ( #10747, #3557, #5788, #3626 ) ) ;
#10483 = ORIENTED_EDGE ( 'NONE', *, *, #2241, .T. ) ;
#10484 = DIRECTION ( 'NONE',  ( 0.0000000000000000000, 0.0000000000000000000, -1.000000000000000000 ) ) ;
#10485 = EDGE_CURVE ( 'NONE', #3636, #3802, #5305, .T. ) ;
#10486 = DIRECTION ( 'NONE',  ( 1.000000000000000000, -0.0000000000000000000, 0.0000000000000000000 ) ) ;
#10487 = VECTOR ( 'NONE', #838, 1000.000000000000000 ) ;
#10488 = FACE_OUTER_BOUND ( 'NONE', #2619, .T. ) ;
#10489 = DIRECTION ( 'NONE',  ( 1.000000000000000000, 0.0000000000000000000, 0.0000000000000000000 ) ) ;
#10490 = CARTESIAN_POINT ( 'NONE',  ( -1.249999999999999800, 106.5681087680972900, 10.56810876809721700 ) ) ;
#10491 = VERTEX_POINT ( 'NONE', #8669 ) ;
#10492 = EDGE_LOOP ( 'NONE', ( #5577, #8367, #5364, #260 ) ) ;
#10493 = EDGE_CURVE ( 'NONE', #5518, #8583, #3393, .T. ) ;
#10494 = DIRECTION ( 'NONE',  ( 1.000000000000000000, 0.0000000000000000000, 0.0000000000000000000 ) ) ;
#10495 = LINE ( 'NONE', #7699, #9279 ) ;
#10496 = DIRECTION ( 'NONE',  ( 0.0000000000000000000, 0.7071067811865424700, -0.7071067811865526800 ) ) ;
#10497 = AXIS2_PLACEMENT_3D ( 'NONE', #7636, #8471, #4184 ) ;
#10498 = CARTESIAN_POINT ( 'NONE',  ( -1.249999999999999800, 135.5147186257614200, -8.485281374238566000 ) ) ;
#10499 = FACE_BOUND ( 'NONE', #4979, .T. ) ;
#10500 = ADVANCED_FACE ( 'NONE', ( #4881 ), #6174, .F. ) ;
#10501 = CARTESIAN_POINT ( 'NONE',  ( -46.75000000000000000, 184.0000000000000000, 5.975000000000022700 ) ) ;
#10502 = ORIENTED_EDGE ( 'NONE', *, *, #7322, .F. ) ;
#10503 = ORIENTED_EDGE ( 'NONE', *, *, #761, .F. ) ;
#10504 = DIRECTION ( 'NONE',  ( 0.0000000000000000000, -0.7071067811865450200, 0.7071067811865501300 ) ) ;
#10505 = VECTOR ( 'NONE', #3062, 1000.000000000000000 ) ;
#10506 = DIRECTION ( 'NONE',  ( 1.000000000000000000, -0.0000000000000000000, 0.0000000000000000000 ) ) ;
#10507 = CIRCLE ( 'NONE', #2252, 2.024999999999997200 ) ;
#10508 = VECTOR ( 'NONE', #9651, 1000.000000000000000 ) ;
#10509 = ORIENTED_EDGE ( 'NONE', *, *, #8436, .F. ) ;
#10510 = CARTESIAN_POINT ( 'NONE',  ( 6.749999999999989300, 96.00000000000000000, 16.00000000000000400 ) ) ;
#10511 = VERTEX_POINT ( 'NONE', #4436 ) ;
#10512 = ORIENTED_EDGE ( 'NONE', *, *, #1356, .F. ) ;
#10513 = CIRCLE ( 'NONE', #681, 2.024999999999998100 ) ;
#10514 = DIRECTION ( 'NONE',  ( 1.000000000000000000, -0.0000000000000000000, -0.0000000000000000000 ) ) ;
#10515 = LINE ( 'NONE', #3715, #8011 ) ;
#10516 = DIRECTION ( 'NONE',  ( 3.652049423109066300E-016, 0.0000000000000000000, -1.000000000000000000 ) ) ;
#10517 = ORIENTED_EDGE ( 'NONE', *, *, #3426, .T. ) ;
#10518 = ORIENTED_EDGE ( 'NONE', *, *, #7382, .T. ) ;
#10519 = AXIS2_PLACEMENT_3D ( 'NONE', #8229, #3881, #7295 ) ;
#10520 = ORIENTED_EDGE ( 'NONE', *, *, #1857, .F. ) ;
#10521 = VECTOR ( 'NONE', #1797, 1000.000000000000000 ) ;
#10522 = DIRECTION ( 'NONE',  ( 3.652049423109066300E-016, -0.0000000000000000000, -1.000000000000000000 ) ) ;
#10523 = DIRECTION ( 'NONE',  ( 0.0000000000000000000, -1.000000000000000000, 0.0000000000000000000 ) ) ;
#10524 = LINE ( 'NONE', #1889, #2670 ) ;
#10525 = EDGE_CURVE ( 'NONE', #7370, #6046, #7413, .T. ) ;
#10526 = VERTEX_POINT ( 'NONE', #2085 ) ;
#10527 = CARTESIAN_POINT ( 'NONE',  ( 1.250000000000000200, 61.43189123190278900, -13.43189123190274400 ) ) ;
#10528 = EDGE_CURVE ( 'NONE', #3102, #6490, #10038, .T. ) ;
#10529 = VERTEX_POINT ( 'NONE', #2113 ) ;
#10530 = ORIENTED_EDGE ( 'NONE', *, *, #475, .T. ) ;
#10531 = FACE_BOUND ( 'NONE', #4602, .T. ) ;
#10532 = ORIENTED_EDGE ( 'NONE', *, *, #56, .T. ) ;
#10533 = FACE_BOUND ( 'NONE', #6359, .T. ) ;
#10534 = CARTESIAN_POINT ( 'NONE',  ( 6.749999999999989300, 168.0000000000000000, 16.00000000000000400 ) ) ;
#10535 = LINE ( 'NONE', #2901, #7123 ) ;
#10536 = CARTESIAN_POINT ( 'NONE',  ( -1.249999999999999800, 128.0000000000000000, 8.000000000000000000 ) ) ;
#10537 = DIRECTION ( 'NONE',  ( 1.000000000000000000, -0.0000000000000000000, -0.0000000000000000000 ) ) ;
#10538 = DIRECTION ( 'NONE',  ( 0.0000000000000000000, 0.0000000000000000000, -1.000000000000000000 ) ) ;
#10539 = ORIENTED_EDGE ( 'NONE', *, *, #8014, .T. ) ;
#10540 = VERTEX_POINT ( 'NONE', #4704 ) ;
#10541 = EDGE_CURVE ( 'NONE', #4288, #2881, #5570, .T. ) ;
#10542 = AXIS2_PLACEMENT_3D ( 'NONE', #1651, #9339, #8359 ) ;
#10543 = VERTEX_POINT ( 'NONE', #8054 ) ;
#10544 = ORIENTED_EDGE ( 'NONE', *, *, #6030, .F. ) ;
#10545 = AXIS2_PLACEMENT_3D ( 'NONE', #8924, #2043, #8010 ) ;
#10546 = APPROVAL_STATUS ( 'not_yet_approved' ) ;
#10547 = ORIENTED_EDGE ( 'NONE', *, *, #10700, .T. ) ;
#10548 = CARTESIAN_POINT ( 'NONE',  ( 1.250000000000000200, 84.68629150101523400, -2.024999999999999900 ) ) ;
#10549 = LINE ( 'NONE', #1265, #8290 ) ;
#10550 = EDGE_CURVE ( 'NONE', #5242, #4028, #7293, .T. ) ;
#10551 = LINE ( 'NONE', #6074, #4585 ) ;
#10552 = DIRECTION ( 'NONE',  ( 1.000000000000000000, -0.0000000000000000000, 0.0000000000000000000 ) ) ;
#10553 = DIRECTION ( 'NONE',  ( 0.0000000000000000000, 0.0000000000000000000, -1.000000000000000000 ) ) ;
#10554 = ORIENTED_EDGE ( 'NONE', *, *, #8245, .T. ) ;
#10555 = EDGE_LOOP ( 'NONE', ( #5541, #3435, #5763, #6227 ) ) ;
#10556 = CARTESIAN_POINT ( 'NONE',  ( -1.249999999999999800, 104.4852813742385800, -8.485281374238564200 ) ) ;
#10557 = ADVANCED_FACE ( 'NONE', ( #1285 ), #5017, .F. ) ;
#10558 = ORIENTED_EDGE ( 'NONE', *, *, #3908, .T. ) ;
#10559 = ORIENTED_EDGE ( 'NONE', *, *, #8474, .F. ) ;
#10560 = DIRECTION ( 'NONE',  ( 1.000000000000000000, -0.0000000000000000000, -0.0000000000000000000 ) ) ;
#10561 = LINE ( 'NONE', #5897, #590 ) ;
#10562 = EDGE_CURVE ( 'NONE', #149, #3053, #3017, .T. ) ;
#10563 = AXIS2_PLACEMENT_3D ( 'NONE', #5219, #3475, #10358 ) ;
#10564 = DIRECTION ( 'NONE',  ( 1.000000000000000000, -0.0000000000000000000, -0.0000000000000000000 ) ) ;
#10565 = APPROVAL_DATE_TIME ( #1385, #8995 ) ;
#10566 = AXIS2_PLACEMENT_3D ( 'NONE', #5441, #1173, #2302 ) ;
#10567 = VECTOR ( 'NONE', #7169, 1000.000000000000000 ) ;
#10568 = ORIENTED_EDGE ( 'NONE', *, *, #9093, .T. ) ;
#10569 = DIRECTION ( 'NONE',  ( -0.0000000000000000000, -1.000000000000000000, -0.0000000000000000000 ) ) ;
#10570 = ORIENTED_EDGE ( 'NONE', *, *, #10576, .T. ) ;
#10571 = CARTESIAN_POINT ( 'NONE',  ( 1.250000000000000200, 153.4318912319027700, -6.568108768097234300 ) ) ;
#10572 = VERTEX_POINT ( 'NONE', #5501 ) ;
#10573 = CARTESIAN_POINT ( 'NONE',  ( 6.750000000000000000, 88.00000000000002800, -13.50000000000000200 ) ) ;
#10574 = CARTESIAN_POINT ( 'NONE',  ( 8.774999999999998600, 112.0000000000000100, -13.50000000000000200 ) ) ;
#10575 = CARTESIAN_POINT ( 'NONE',  ( 1.250000000000000200, 120.0000000000000000, 0.0000000000000000000 ) ) ;
#10576 = EDGE_CURVE ( 'NONE', #1968, #1448, #2744, .T. ) ;
#10577 = CARTESIAN_POINT ( 'NONE',  ( 6.749999999999989300, 48.00000000000000700, 16.00000000000000400 ) ) ;
#10578 = CALENDAR_DATE ( 2022, 26, 4 ) ;
#10579 = VECTOR ( 'NONE', #6528, 1000.000000000000000 ) ;
#10580 = EDGE_LOOP ( 'NONE', ( #5885, #10554, #5158, #4300 ) ) ;
#10581 = EDGE_CURVE ( 'NONE', #6357, #5996, #480, .T. ) ;
#10582 = CARTESIAN_POINT ( 'NONE',  ( 1.250000000000000200, 183.5147186257614500, -10.51028137423855000 ) ) ;
#10583 = ORIENTED_EDGE ( 'NONE', *, *, #1479, .F. ) ;
#10584 = ORIENTED_EDGE ( 'NONE', *, *, #1310, .F. ) ;
#10585 = CYLINDRICAL_SURFACE ( 'NONE', #312, 2.025000000000004400 ) ;
#10586 = DIRECTION ( 'NONE',  ( 3.652049423109066300E-016, -0.0000000000000000000, -1.000000000000000000 ) ) ;
#10587 = LINE ( 'NONE', #2530, #9650 ) ;
#10588 = VERTEX_POINT ( 'NONE', #2050 ) ;
#10589 = AXIS2_PLACEMENT_3D ( 'NONE', #8306, #6581, #8166 ) ;
#10590 = ORIENTED_EDGE ( 'NONE', *, *, #8065, .T. ) ;
#10591 = CARTESIAN_POINT ( 'NONE',  ( 4.724999999999991700, 40.00000000000000700, 16.00000000000000400 ) ) ;
#10592 = VECTOR ( 'NONE', #2724, 1000.000000000000000 ) ;
#10593 = VECTOR ( 'NONE', #9108, 1000.000000000000000 ) ;
#10594 = EDGE_CURVE ( 'NONE', #2044, #3673, #2447, .T. ) ;
#10595 = EDGE_CURVE ( 'NONE', #1239, #4906, #10829, .T. ) ;
#10596 = CARTESIAN_POINT ( 'NONE',  ( -1.249999999999999800, 96.00000000000000000, 6.999999999999999100 ) ) ;
#10597 = ORIENTED_EDGE ( 'NONE', *, *, #10792, .T. ) ;
#10598 = ORIENTED_EDGE ( 'NONE', *, *, #4424, .T. ) ;
#10599 = LINE ( 'NONE', #10144, #4900 ) ;
#10600 = FACE_BOUND ( 'NONE', #1841, .T. ) ;
#10601 = CARTESIAN_POINT ( 'NONE',  ( -1.249999999999999800, 97.43189123190211400, -94.56810876809720400 ) ) ;
#10602 = CARTESIAN_POINT ( 'NONE',  ( 1.250000000000000200, 152.4852813742385500, -8.485281374238564200 ) ) ;
#10603 = DIRECTION ( 'NONE',  ( 1.000000000000000000, -0.0000000000000000000, -0.0000000000000000000 ) ) ;
#10604 = EDGE_CURVE ( 'NONE', #4750, #2591, #6234, .T. ) ;
#10605 = EDGE_LOOP ( 'NONE', ( #1243, #2926, #2328, #1391 ) ) ;
#10607 = ADVANCED_FACE ( 'NONE', ( #8189 ), #4671, .F. ) ;
#10606 = ORIENTED_EDGE ( 'NONE', *, *, #8903, .F. ) ;
#10608 = AXIS2_PLACEMENT_3D ( 'NONE', #2967, #2859, #2275 ) ;
#10609 = DIRECTION ( 'NONE',  ( 3.652049423109066300E-016, -0.0000000000000000000, -1.000000000000000000 ) ) ;
#10610 = CYLINDRICAL_SURFACE ( 'NONE', #446, 2.024999999999998100 ) ;
#10611 = EDGE_CURVE ( 'NONE', #4692, #4003, #5005, .T. ) ;
#10612 = DIRECTION ( 'NONE',  ( 0.0000000000000000000, -0.7071067811865463500, -0.7071067811865487900 ) ) ;
#10613 = LINE ( 'NONE', #7889, #9922 ) ;
#10614 = ORIENTED_EDGE ( 'NONE', *, *, #6411, .F. ) ;
#10615 = CARTESIAN_POINT ( 'NONE',  ( 6.749999999999989300, 8.000000000000007100, 16.00000000000000400 ) ) ;
#10616 = ORIENTED_EDGE ( 'NONE', *, *, #1778, .F. ) ;
#10617 = CIRCLE ( 'NONE', #4425, 2.024999999999999900 ) ;
#10618 = EDGE_CURVE ( 'NONE', #8417, #9234, #4053, .T. ) ;
#10619 = AXIS2_PLACEMENT_3D ( 'NONE', #1637, #4275, #3348 ) ;
#10620 = FACE_BOUND ( 'NONE', #10674, .T. ) ;
#10621 = AXIS2_PLACEMENT_3D ( 'NONE', #8613, #1839, #3090 ) ;
#10622 = DIRECTION ( 'NONE',  ( 0.0000000000000000000, 0.0000000000000000000, -1.000000000000000000 ) ) ;
#10623 = CARTESIAN_POINT ( 'NONE',  ( 8.774999999999987900, 128.0000000000000000, 16.00000000000000400 ) ) ;
#10624 = DIRECTION ( 'NONE',  ( 0.0000000000000000000, 0.0000000000000000000, -1.000000000000000000 ) ) ;
#10625 = ORIENTED_EDGE ( 'NONE', *, *, #10014, .T. ) ;
#10626 = ORIENTED_EDGE ( 'NONE', *, *, #136, .T. ) ;
#10627 = CYLINDRICAL_SURFACE ( 'NONE', #3314, 2.024999999999990100 ) ;
#10628 = LINE ( 'NONE', #8119, #8000 ) ;
#10629 = DIRECTION ( 'NONE',  ( 3.652049423109066300E-016, -0.0000000000000000000, -1.000000000000000000 ) ) ;
#10630 = LINE ( 'NONE', #10394, #4529 ) ;
#10631 = DIRECTION ( 'NONE',  ( 3.652049423109066300E-016, 0.0000000000000000000, -1.000000000000000000 ) ) ;
#10632 = EDGE_CURVE ( 'NONE', #4746, #3130, #8725, .T. ) ;
#10633 = EDGE_LOOP ( 'NONE', ( #7994, #5440, #2077, #10616 ) ) ;
#10634 = CARTESIAN_POINT ( 'NONE',  ( -1.249999999999999800, 177.4318912319027700, 6.568108768097250300 ) ) ;
#10635 = VERTEX_POINT ( 'NONE', #6502 ) ;
#10636 = CARTESIAN_POINT ( 'NONE',  ( 1.250000000000000200, 83.31370849898475200, 2.024999999999999900 ) ) ;
#10637 = VECTOR ( 'NONE', #4513, 1000.000000000000000 ) ;
#10638 = DIRECTION ( 'NONE',  ( -1.000000000000000000, 0.0000000000000000000, 0.0000000000000000000 ) ) ;
#10639 = CARTESIAN_POINT ( 'NONE',  ( 6.749999999999989300, 168.0000000000000000, 16.00000000000000400 ) ) ;
#10640 = VECTOR ( 'NONE', #7144, 1000.000000000000000 ) ;
#10641 = CIRCLE ( 'NONE', #5105, 2.024999999999997200 ) ;
#10642 = ORIENTED_EDGE ( 'NONE', *, *, #6930, .T. ) ;
#10643 = DIRECTION ( 'NONE',  ( 1.000000000000000000, -0.0000000000000000000, 0.0000000000000000000 ) ) ;
#10644 = ORIENTED_EDGE ( 'NONE', *, *, #8682, .T. ) ;
#10645 = FACE_OUTER_BOUND ( 'NONE', #5278, .T. ) ;
#10646 = DIRECTION ( 'NONE',  ( 3.652049423109066300E-016, -0.0000000000000000000, -1.000000000000000000 ) ) ;
#10647 = CYLINDRICAL_SURFACE ( 'NONE', #9382, 6.999999999999999100 ) ;
#10648 = ORIENTED_EDGE ( 'NONE', *, *, #7561, .F. ) ;
#10649 = CARTESIAN_POINT ( 'NONE',  ( -1.249999999999999800, 56.48528137423857500, -8.485281374238564200 ) ) ;
#10650 = EDGE_CURVE ( 'NONE', #2034, #4288, #8325, .T. ) ;
#10651 = EDGE_LOOP ( 'NONE', ( #10815, #7648 ) ) ;
#10652 = ORIENTED_EDGE ( 'NONE', *, *, #4789, .F. ) ;
#10653 = CARTESIAN_POINT ( 'NONE',  ( -1.249999999999999800, 135.5147186257614200, -10.51028137423856600 ) ) ;
#10654 = VECTOR ( 'NONE', #10987, 1000.000000000000000 ) ;
#10655 = DIRECTION ( 'NONE',  ( -1.000000000000000000, 0.0000000000000000000, -0.0000000000000000000 ) ) ;
#10656 = ADVANCED_FACE ( 'NONE', ( #5936 ), #10445, .F. ) ;
#10657 = DIRECTION ( 'NONE',  ( 1.000000000000000000, -0.0000000000000000000, -0.0000000000000000000 ) ) ;
#10658 = CIRCLE ( 'NONE', #7502, 6.999999999999999100 ) ;
#10659 = ORIENTED_EDGE ( 'NONE', *, *, #1770, .F. ) ;
#10660 = CARTESIAN_POINT ( 'NONE',  ( 8.774999999999987900, 64.00000000000000000, 16.00000000000000400 ) ) ;
#10661 = ORIENTED_EDGE ( 'NONE', *, *, #7014, .T. ) ;
#10662 = VERTEX_POINT ( 'NONE', #5744 ) ;
#10663 = CARTESIAN_POINT ( 'NONE',  ( -1.249999999999999800, 40.00000000000000700, -7.999999999999996400 ) ) ;
#10664 = EDGE_LOOP ( 'NONE', ( #5210, #1143 ) ) ;
#10665 = AXIS2_PLACEMENT_3D ( 'NONE', #2651, #4454, #8641 ) ;
#10666 = VECTOR ( 'NONE', #343, 1000.000000000000000 ) ;
#10667 = CARTESIAN_POINT ( 'NONE',  ( -1.249999999999999800, 79.05339014233581500, -9.917172606141329900 ) ) ;
#10668 = CIRCLE ( 'NONE', #10737, 2.025000000000002600 ) ;
#10669 = EDGE_CURVE ( 'NONE', #1639, #5647, #3253, .T. ) ;
#10670 = ORIENTED_EDGE ( 'NONE', *, *, #9803, .T. ) ;
#10671 = ORIENTED_EDGE ( 'NONE', *, *, #704, .F. ) ;
#10672 = EDGE_LOOP ( 'NONE', ( #951, #9190 ) ) ;
#10673 = VERTEX_POINT ( 'NONE', #1513 ) ;
#10674 = EDGE_LOOP ( 'NONE', ( #855, #1154, #318, #4037, #4333 ) ) ;
#10675 = CARTESIAN_POINT ( 'NONE',  ( 8.774999999999998600, 184.0000000000000000, -13.50000000000000200 ) ) ;
#10676 = FACE_OUTER_BOUND ( 'NONE', #4241, .T. ) ;
#10677 = EDGE_CURVE ( 'NONE', #10120, #9865, #4744, .T. ) ;
#10678 = AXIS2_PLACEMENT_3D ( 'NONE', #6150, #3553, #2740 ) ;
#10679 = EDGE_LOOP ( 'NONE', ( #2067, #1662 ) ) ;
#10680 = AXIS2_PLACEMENT_3D ( 'NONE', #2615, #8460, #2579 ) ;
#10681 = VERTEX_POINT ( 'NONE', #7380 ) ;
#10682 = EDGE_CURVE ( 'NONE', #2422, #7805, #6627, .T. ) ;
#10683 = VERTEX_POINT ( 'NONE', #1441 ) ;
#10684 = DIRECTION ( 'NONE',  ( 1.000000000000000000, -0.0000000000000000000, -0.0000000000000000000 ) ) ;
#10685 = CIRCLE ( 'NONE', #244, 2.024999999999998100 ) ;
#10686 = ORIENTED_EDGE ( 'NONE', *, *, #6376, .T. ) ;
#10687 = EDGE_CURVE ( 'NONE', #8332, #4568, #10693, .T. ) ;
#10688 = DIRECTION ( 'NONE',  ( 1.826024711554532900E-016, -0.0000000000000000000, 1.000000000000000000 ) ) ;
#10689 = VERTEX_POINT ( 'NONE', #7482 ) ;
#10690 = ORIENTED_EDGE ( 'NONE', *, *, #2495, .F. ) ;
#10691 = AXIS2_PLACEMENT_3D ( 'NONE', #6689, #1551, #3942 ) ;
#10692 = DIRECTION ( 'NONE',  ( 0.0000000000000000000, 0.7071067811865450200, 0.7071067811865500200 ) ) ;
#10693 = LINE ( 'NONE', #9063, #10944 ) ;
#10694 = DIRECTION ( 'NONE',  ( -1.000000000000000000, 0.0000000000000000000, 0.0000000000000000000 ) ) ;
#10695 = ORIENTED_EDGE ( 'NONE', *, *, #123, .F. ) ;
#10696 = DIRECTION ( 'NONE',  ( 1.826024711554532900E-016, -0.0000000000000000000, 1.000000000000000000 ) ) ;
#10697 = CIRCLE ( 'NONE', #7452, 2.024999999999998100 ) ;
#10698 = CARTESIAN_POINT ( 'NONE',  ( 1.250000000000000200, 82.56810876809728900, 10.56810876809721700 ) ) ;
#10699 = DIRECTION ( 'NONE',  ( -1.000000000000000000, 0.0000000000000000000, 0.0000000000000000000 ) ) ;
#10700 = EDGE_CURVE ( 'NONE', #10588, #10511, #7023, .T. ) ;
#10701 = ORIENTED_EDGE ( 'NONE', *, *, #10234, .T. ) ;
#10702 = DIRECTION ( 'NONE',  ( 1.000000000000000000, -0.0000000000000000000, -0.0000000000000000000 ) ) ;
#10703 = DIRECTION ( 'NONE',  ( 3.652049423109066300E-016, 0.0000000000000000000, -1.000000000000000000 ) ) ;
#10704 = ORIENTED_EDGE ( 'NONE', *, *, #5095, .F. ) ;
#10705 = ADVANCED_FACE ( 'NONE', ( #9237 ), #8185, .T. ) ;
#10706 = EDGE_CURVE ( 'NONE', #6314, #6073, #3670, .T. ) ;
#10707 = CARTESIAN_POINT ( 'NONE',  ( 1.250000000000000200, 113.4318912319027500, 9.431891231902762100 ) ) ;
#10708 = FACE_OUTER_BOUND ( 'NONE', #1744, .T. ) ;
#10709 = DIRECTION ( 'NONE',  ( 3.652049423109066300E-016, -0.0000000000000000000, -1.000000000000000000 ) ) ;
#10710 = VERTEX_POINT ( 'NONE', #9910 ) ;
#10711 = ORIENTED_EDGE ( 'NONE', *, *, #2324, .F. ) ;
#10712 = CYLINDRICAL_SURFACE ( 'NONE', #2076, 2.024999999999999000 ) ;
#10713 = FACE_BOUND ( 'NONE', #10679, .T. ) ;
#10714 = ADVANCED_FACE ( 'NONE', ( #2592 ), #4172, .F. ) ;
#10715 = PLANE ( 'NONE',  #9125 ) ;
#10716 = AXIS2_PLACEMENT_3D ( 'NONE', #610, #3980, #6589 ) ;
#10717 = CARTESIAN_POINT ( 'NONE',  ( -1.249999999999999800, 179.3137084989847900, 0.0000000000000000000 ) ) ;
#10718 = CARTESIAN_POINT ( 'NONE',  ( -1.249999999999999800, 85.43189123190279600, -13.43189123190274400 ) ) ;
#10719 = ORIENTED_EDGE ( 'NONE', *, *, #10154, .F. ) ;
#10720 = CARTESIAN_POINT ( 'NONE',  ( 6.749999999999989300, 152.0000000000000300, 16.00000000000000400 ) ) ;
#10721 = CIRCLE ( 'NONE', #10874, 2.024999999999998100 ) ;
#10722 = AXIS2_PLACEMENT_3D ( 'NONE', #5189, #232, #9463 ) ;
#10723 = CARTESIAN_POINT ( 'NONE',  ( 6.749999999999990200, 136.0000000000000000, 13.50000000000000000 ) ) ;
#10724 = VECTOR ( 'NONE', #2848, 1000.000000000000000 ) ;
#10725 = EDGE_CURVE ( 'NONE', #10793, #6350, #2188, .T. ) ;
#10726 = CARTESIAN_POINT ( 'NONE',  ( -1.249999999999999800, 56.48528137423857500, -8.485281374238564200 ) ) ;
#10727 = VERTEX_POINT ( 'NONE', #10800 ) ;
#10728 = ORIENTED_EDGE ( 'NONE', *, *, #3189, .F. ) ;
#10729 = ORIENTED_EDGE ( 'NONE', *, *, #8826, .F. ) ;
#10730 = DIRECTION ( 'NONE',  ( 0.0000000000000000000, 0.0000000000000000000, -1.000000000000000000 ) ) ;
#10731 = CIRCLE ( 'NONE', #8839, 2.025000000000004400 ) ;
#10732 = DIRECTION ( 'NONE',  ( 1.000000000000000000, -0.0000000000000000000, 0.0000000000000000000 ) ) ;
#10733 = CARTESIAN_POINT ( 'NONE',  ( -1.249999999999999800, 88.00000000000001400, 5.974999999999997900 ) ) ;
#10734 = LINE ( 'NONE', #7461, #5340 ) ;
#10735 = EDGE_CURVE ( 'NONE', #7611, #5242, #8446, .T. ) ;
#10736 = AXIS2_PLACEMENT_3D ( 'NONE', #6549, #10741, #4020 ) ;
#10737 = AXIS2_PLACEMENT_3D ( 'NONE', #2699, #1065, #7052 ) ;
#10738 = DIRECTION ( 'NONE',  ( 3.652049423109066300E-016, -0.0000000000000000000, -1.000000000000000000 ) ) ;
#10739 = ORIENTED_EDGE ( 'NONE', *, *, #10005, .T. ) ;
#10740 = EDGE_LOOP ( 'NONE', ( #6474, #2774, #2276, #4365 ) ) ;
#10741 = DIRECTION ( 'NONE',  ( 0.0000000000000000000, -0.7071067811865526800, -0.7071067811865424700 ) ) ;
#10742 = EDGE_CURVE ( 'NONE', #448, #1239, #359, .T. ) ;
#10743 = CYLINDRICAL_SURFACE ( 'NONE', #3132, 2.025000000000004400 ) ;
#10744 = LINE ( 'NONE', #9113, #3571 ) ;
#10745 = DIRECTION ( 'NONE',  ( 0.0000000000000000000, 0.0000000000000000000, -1.000000000000000000 ) ) ;
#10746 = ORIENTED_EDGE ( 'NONE', *, *, #2956, .T. ) ;
#10747 = ORIENTED_EDGE ( 'NONE', *, *, #2995, .F. ) ;
#10748 = DIRECTION ( 'NONE',  ( 0.0000000000000000000, 0.0000000000000000000, -1.000000000000000000 ) ) ;
#10749 = LINE ( 'NONE', #6238, #8909 ) ;
#10750 = EDGE_CURVE ( 'NONE', #4411, #6467, #9500, .T. ) ;
#10751 = AXIS2_PLACEMENT_3D ( 'NONE', #2984, #7182, #8151 ) ;
#10752 = FACE_OUTER_BOUND ( 'NONE', #5254, .T. ) ;
#10753 = AXIS2_PLACEMENT_3D ( 'NONE', #203, #6230, #2686 ) ;
#10754 = DIRECTION ( 'NONE',  ( 0.0000000000000000000, -1.000000000000000000, 0.0000000000000000000 ) ) ;
#10755 = DIRECTION ( 'NONE',  ( 1.000000000000000000, -0.0000000000000000000, 0.0000000000000000000 ) ) ;
#10756 = VECTOR ( 'NONE', #10403, 1000.000000000000000 ) ;
#10757 = ADVANCED_FACE ( 'NONE', ( #2321 ), #6491, .F. ) ;
#10758 = ORIENTED_EDGE ( 'NONE', *, *, #9372, .F. ) ;
#10759 = CARTESIAN_POINT ( 'NONE',  ( -1.249999999999999800, 120.0000000000000000, -2.024999999999999900 ) ) ;
#10760 = ORIENTED_EDGE ( 'NONE', *, *, #10825, .F. ) ;
#10761 = ORIENTED_EDGE ( 'NONE', *, *, #10397, .F. ) ;
#10762 = EDGE_CURVE ( 'NONE', #1126, #9051, #1003, .T. ) ;
#10763 = FACE_BOUND ( 'NONE', #928, .T. ) ;
#10764 = CARTESIAN_POINT ( 'NONE',  ( -1.249999999999999800, 48.00000000000000000, 0.0000000000000000000 ) ) ;
#10765 = CYLINDRICAL_SURFACE ( 'NONE', #9764, 2.024999999999990100 ) ;
#10766 = ORIENTED_EDGE ( 'NONE', *, *, #54, .T. ) ;
#10767 = EDGE_CURVE ( 'NONE', #2547, #9956, #3917, .T. ) ;
#10768 = CARTESIAN_POINT ( 'NONE',  ( -1.249999999999999800, 35.31370849898475900, 2.024999999999999900 ) ) ;
#10769 = ADVANCED_FACE ( 'NONE', ( #1798 ), #10585, .F. ) ;
#10770 = CARTESIAN_POINT ( 'NONE',  ( 1.250000000000000200, 126.5681087680972300, 9.431891231902756800 ) ) ;
#10771 = AXIS2_PLACEMENT_3D ( 'NONE', #2792, #190, #3443 ) ;
#10772 = VERTEX_POINT ( 'NONE', #10199 ) ;
#10773 = CARTESIAN_POINT ( 'NONE',  ( 8.774999999999987900, 176.0000000000000300, 16.00000000000000400 ) ) ;
#10774 = CARTESIAN_POINT ( 'NONE',  ( 4.724999999999991700, 152.0000000000000300, 16.00000000000000400 ) ) ;
#10775 = ORIENTED_EDGE ( 'NONE', *, *, #1838, .T. ) ;
#10776 = FACE_BOUND ( 'NONE', #9592, .T. ) ;
#10777 = ORIENTED_EDGE ( 'NONE', *, *, #5449, .F. ) ;
#10778 = FACE_OUTER_BOUND ( 'NONE', #3076, .T. ) ;
#10779 = DIRECTION ( 'NONE',  ( -1.000000000000000000, 0.0000000000000000000, 0.0000000000000000000 ) ) ;
#10780 = DIRECTION ( 'NONE',  ( 0.0000000000000000000, 0.0000000000000000000, -1.000000000000000000 ) ) ;
#10781 = ORIENTED_EDGE ( 'NONE', *, *, #4139, .F. ) ;
#10782 = EDGE_LOOP ( 'NONE', ( #733, #2601, #8987, #6595 ) ) ;
#10783 = AXIS2_PLACEMENT_3D ( 'NONE', #764, #5876, #796 ) ;
#10784 = VERTEX_POINT ( 'NONE', #4214 ) ;
#10785 = FACE_BOUND ( 'NONE', #9474, .T. ) ;
#10786 = DIRECTION ( 'NONE',  ( -1.000000000000000000, 0.0000000000000000000, -0.0000000000000000000 ) ) ;
#10787 = EDGE_LOOP ( 'NONE', ( #798, #8072 ) ) ;
#10788 = DIRECTION ( 'NONE',  ( 1.826024711554532900E-016, -0.0000000000000000000, 1.000000000000000000 ) ) ;
#10789 = LINE ( 'NONE', #3934, #2278 ) ;
#10790 = VECTOR ( 'NONE', #3784, 1000.000000000000000 ) ;
#10791 = DIRECTION ( 'NONE',  ( 0.0000000000000000000, 0.7071067811865469100, 0.7071067811865482400 ) ) ;
#10792 = EDGE_CURVE ( 'NONE', #10511, #10588, #70, .T. ) ;
#10793 = VERTEX_POINT ( 'NONE', #7526 ) ;
#10794 = DIRECTION ( 'NONE',  ( 1.000000000000000000, -0.0000000000000000000, -0.0000000000000000000 ) ) ;
#10795 = ORIENTED_EDGE ( 'NONE', *, *, #3269, .F. ) ;
#10796 = EDGE_LOOP ( 'NONE', ( #8362, #8808, #10447, #8451, #6203, #7542, #6693, #6586 ) ) ;
#10797 = ORIENTED_EDGE ( 'NONE', *, *, #253, .F. ) ;
#10798 = VERTEX_POINT ( 'NONE', #3370 ) ;
#10799 = LINE ( 'NONE', #8048, #5408 ) ;
#10800 = CARTESIAN_POINT ( 'NONE',  ( 1.250000000000000200, 176.0000000000000300, 5.975000000000009400 ) ) ;
#10801 = AXIS2_PLACEMENT_3D ( 'NONE', #1846, #3403, #4382 ) ;
#10802 = FACE_OUTER_BOUND ( 'NONE', #10004, .T. ) ;
#10803 = ORIENTED_EDGE ( 'NONE', *, *, #10873, .T. ) ;
#10804 = ORIENTED_EDGE ( 'NONE', *, *, #390, .T. ) ;
#10805 = ORIENTED_EDGE ( 'NONE', *, *, #5002, .T. ) ;
#10806 = AXIS2_PLACEMENT_3D ( 'NONE', #870, #6026, #4325 ) ;
#10807 = ORIENTED_EDGE ( 'NONE', *, *, #10750, .F. ) ;
#10808 = DIRECTION ( 'NONE',  ( 3.652049423109066300E-016, 0.0000000000000000000, -1.000000000000000000 ) ) ;
#10809 = LINE ( 'NONE', #9189, #7002 ) ;
#10810 = EDGE_CURVE ( 'NONE', #10710, #2899, #2736, .T. ) ;
#10811 = PLANE ( 'NONE',  #10953 ) ;
#10812 = CIRCLE ( 'NONE', #10965, 2.024999999999997200 ) ;
#10813 = ORIENTED_EDGE ( 'NONE', *, *, #10113, .F. ) ;
#10814 = ADVANCED_FACE ( 'NONE', ( #6091 ), #7541, .F. ) ;
#10815 = ORIENTED_EDGE ( 'NONE', *, *, #5583, .F. ) ;
#10816 = CARTESIAN_POINT ( 'NONE',  ( 1.250000000000000200, 158.5681087680972600, 6.568108768097240500 ) ) ;
#10817 = CARTESIAN_POINT ( 'NONE',  ( 1.250000000000000200, 84.68629150101523400, 0.0000000000000000000 ) ) ;
#10818 = ORIENTED_EDGE ( 'NONE', *, *, #2453, .F. ) ;
#10819 = EDGE_CURVE ( 'NONE', #6889, #4597, #1934, .T. ) ;
#10820 = AXIS2_PLACEMENT_3D ( 'NONE', #5093, #4950, #2494 ) ;
#10821 = CARTESIAN_POINT ( 'NONE',  ( -1.249999999999999800, 88.00000000000002800, -7.999999999999996400 ) ) ;
#10822 = DIRECTION ( 'NONE',  ( 1.000000000000000000, -0.0000000000000000000, -0.0000000000000000000 ) ) ;
#10823 = CIRCLE ( 'NONE', #9271, 2.024999999999990100 ) ;
#10824 = ORIENTED_EDGE ( 'NONE', *, *, #790, .F. ) ;
#10825 = EDGE_CURVE ( 'NONE', #1394, #9988, #9117, .T. ) ;
#10826 = ADVANCED_FACE ( 'NONE', ( #4621 ), #8861, .F. ) ;
#10827 = ORIENTED_EDGE ( 'NONE', *, *, #6774, .F. ) ;
#10828 = ORIENTED_EDGE ( 'NONE', *, *, #8404, .T. ) ;
#10829 = LINE ( 'NONE', #5608, #1652 ) ;
#10830 = CARTESIAN_POINT ( 'NONE',  ( 1.250000000000000200, 152.0000000000000000, 8.000000000000000000 ) ) ;
#10831 = LINE ( 'NONE', #762, #8586 ) ;
#10832 = EDGE_CURVE ( 'NONE', #9499, #1654, #2071, .T. ) ;
#10833 = DIRECTION ( 'NONE',  ( -1.000000000000000000, 0.0000000000000000000, 0.0000000000000000000 ) ) ;
#10834 = AXIS2_PLACEMENT_3D ( 'NONE', #10018, #709, #3193 ) ;
#10835 = ORIENTED_EDGE ( 'NONE', *, *, #10581, .F. ) ;
#10836 = VERTEX_POINT ( 'NONE', #7588 ) ;
#10837 = DIRECTION ( 'NONE',  ( 0.0000000000000000000, 0.0000000000000000000, -1.000000000000000000 ) ) ;
#10838 = CIRCLE ( 'NONE', #1702, 2.025000000000002600 ) ;
#10839 = LINE ( 'NONE', #1627, #9512 ) ;
#10840 = CARTESIAN_POINT ( 'NONE',  ( -1.249999999999999800, 160.0000000000000300, 8.000000000000000000 ) ) ;
#10841 = CARTESIAN_POINT ( 'NONE',  ( -1.250000000000001100, 184.9466098576642100, -9.917172606141264200 ) ) ;
#10842 = DIRECTION ( 'NONE',  ( 0.0000000000000000000, 0.7071067811865469100, 0.7071067811865482400 ) ) ;
#10843 = EDGE_LOOP ( 'NONE', ( #3851, #2004 ) ) ;
#10844 = ORIENTED_EDGE ( 'NONE', *, *, #1295, .F. ) ;
#10845 = DIRECTION ( 'NONE',  ( 1.000000000000000000, -0.0000000000000000000, 0.0000000000000000000 ) ) ;
#10846 = CIRCLE ( 'NONE', #3986, 2.024999999999997200 ) ;
#10847 = CARTESIAN_POINT ( 'NONE',  ( 8.774999999999998600, 128.0000000000000000, -15.99999999999999600 ) ) ;
#10848 = CARTESIAN_POINT ( 'NONE',  ( 1.250000000000000200, 86.08282739385869300, -7.053390142335802100 ) ) ;
#10849 = LINE ( 'NONE', #8268, #7187 ) ;
#10850 = CARTESIAN_POINT ( 'NONE',  ( 8.774999999999987900, 48.00000000000000700, 16.00000000000000400 ) ) ;
#10851 = ORIENTED_EDGE ( 'NONE', *, *, #7152, .T. ) ;
#10852 = DIRECTION ( 'NONE',  ( 0.0000000000000000000, 0.7071067811865505700, -0.7071067811865444600 ) ) ;
#10853 = ORIENTED_EDGE ( 'NONE', *, *, #3389, .T. ) ;
#10854 = VECTOR ( 'NONE', #1986, 1000.000000000000000 ) ;
#10855 = DIRECTION ( 'NONE',  ( 1.000000000000000000, -0.0000000000000000000, -0.0000000000000000000 ) ) ;
#10856 = AXIS2_PLACEMENT_3D ( 'NONE', #7212, #4666, #5499 ) ;
#10857 = LINE ( 'NONE', #5190, #8762 ) ;
#10858 = CARTESIAN_POINT ( 'NONE',  ( 1.250000000000000200, 33.91717260614131400, 7.053390142335818100 ) ) ;
#10859 = ADVANCED_FACE ( 'NONE', ( #4328 ), #8075, .F. ) ;
#10860 = ORIENTED_EDGE ( 'NONE', *, *, #2487, .F. ) ;
#10861 = EDGE_LOOP ( 'NONE', ( #192, #5144, #1832, #10945 ) ) ;
#10862 = CIRCLE ( 'NONE', #10097, 2.024999999999999900 ) ;
#10863 = EDGE_CURVE ( 'NONE', #2161, #3659, #3803, .T. ) ;
#10864 = PLANE ( 'NONE',  #6853 ) ;
#10865 = FACE_OUTER_BOUND ( 'NONE', #2154, .T. ) ;
#10866 = ORIENTED_EDGE ( 'NONE', *, *, #7361, .T. ) ;
#10867 = CARTESIAN_POINT ( 'NONE',  ( 1.250000000000000200, 16.94660985766420000, -9.917172606141322800 ) ) ;
#10869 = ADVANCED_FACE ( 'NONE', ( #10305 ), #1274, .F. ) ;
#10868 = EDGE_LOOP ( 'NONE', ( #6809, #2015 ) ) ;
#10870 = LINE ( 'NONE', #7233, #5606 ) ;
#10871 = CARTESIAN_POINT ( 'NONE',  ( -1.249999999999999800, 136.9466098576641900, 9.917172606141328100 ) ) ;
#10872 = CIRCLE ( 'NONE', #6077, 2.024999999999998100 ) ;
#10873 = EDGE_CURVE ( 'NONE', #9685, #1648, #5817, .T. ) ;
#10874 = AXIS2_PLACEMENT_3D ( 'NONE', #6697, #5803, #5694 ) ;
#10875 = DIRECTION ( 'NONE',  ( 1.000000000000000000, -0.0000000000000000000, -0.0000000000000000000 ) ) ;
#10876 = LINE ( 'NONE', #7162, #4935 ) ;
#10877 = CARTESIAN_POINT ( 'NONE',  ( -1.249999999999999800, 62.56810876809723300, 6.568108768097240500 ) ) ;
#10878 = EDGE_CURVE ( 'NONE', #4004, #7271, #3524, .T. ) ;
#10879 = ORIENTED_EDGE ( 'NONE', *, *, #3711, .F. ) ;
#10880 = ORIENTED_EDGE ( 'NONE', *, *, #469, .T. ) ;
#10881 = LINE ( 'NONE', #8812, #7733 ) ;
#10882 = LINE ( 'NONE', #935, #535 ) ;
#10883 = DIRECTION ( 'NONE',  ( 1.000000000000000000, -0.0000000000000000000, 0.0000000000000000000 ) ) ;
#10884 = DIRECTION ( 'NONE',  ( 0.0000000000000000000, 0.7071067811865424700, -0.7071067811865526800 ) ) ;
#10885 = DIRECTION ( 'NONE',  ( -1.000000000000000000, 0.0000000000000000000, 0.0000000000000000000 ) ) ;
#10886 = VECTOR ( 'NONE', #8252, 1000.000000000000000 ) ;
#10887 = VERTEX_POINT ( 'NONE', #6119 ) ;
#10888 = EDGE_CURVE ( 'NONE', #10922, #7370, #3005, .T. ) ;
#10889 = EDGE_LOOP ( 'NONE', ( #3344, #2179 ) ) ;
#10890 = AXIS2_PLACEMENT_3D ( 'NONE', #6909, #10208, #6828 ) ;
#10891 = VECTOR ( 'NONE', #1452, 1000.000000000000000 ) ;
#10892 = LINE ( 'NONE', #6214, #10388 ) ;
#10893 = EDGE_LOOP ( 'NONE', ( #5637, #3950, #6725, #1515 ) ) ;
#10894 = DIRECTION ( 'NONE',  ( 1.826024711554532900E-016, -0.0000000000000000000, 1.000000000000000000 ) ) ;
#10895 = EDGE_CURVE ( 'NONE', #6307, #9685, #10024, .T. ) ;
#10896 = DIRECTION ( 'NONE',  ( -1.826024711554532900E-016, 0.0000000000000000000, 1.000000000000000000 ) ) ;
#10897 = ORIENTED_EDGE ( 'NONE', *, *, #5304, .T. ) ;
#10898 = ORIENTED_EDGE ( 'NONE', *, *, #9197, .T. ) ;
#10899 = CYLINDRICAL_SURFACE ( 'NONE', #2041, 2.024999999999998100 ) ;
#10900 = ORIENTED_EDGE ( 'NONE', *, *, #5246, .T. ) ;
#10901 = EDGE_CURVE ( 'NONE', #1729, #9112, #993, .T. ) ;
#10902 = VECTOR ( 'NONE', #6931, 1000.000000000000000 ) ;
#10903 = CARTESIAN_POINT ( 'NONE',  ( 1.250000000000000200, 120.0000000000000000, 2.024999999999999900 ) ) ;
#10904 = CARTESIAN_POINT ( 'NONE',  ( 1.250000000000000200, 63.51471862576143900, -8.485281374238566000 ) ) ;
#10905 = DIRECTION ( 'NONE',  ( 1.000000000000000000, -0.0000000000000000000, -0.0000000000000000000 ) ) ;
#10906 = DIRECTION ( 'NONE',  ( 1.000000000000000000, 0.0000000000000000000, 0.0000000000000000000 ) ) ;
#10907 = VERTEX_POINT ( 'NONE', #62 ) ;
#10908 = ORIENTED_EDGE ( 'NONE', *, *, #9814, .T. ) ;
#10909 = ADVANCED_FACE ( 'NONE', ( #1264 ), #2059, .F. ) ;
#10910 = ORIENTED_EDGE ( 'NONE', *, *, #10354, .F. ) ;
#10911 = CARTESIAN_POINT ( 'NONE',  ( -1.250000000000001100, 8.485281374238571300, -8.485281374238566000 ) ) ;
#10912 = ORIENTED_EDGE ( 'NONE', *, *, #6182, .T. ) ;
#10913 = CIRCLE ( 'NONE', #6147, 2.024999999999998100 ) ;
#10914 = CYLINDRICAL_SURFACE ( 'NONE', #8336, 2.025000000000002600 ) ;
#10915 = AXIS2_PLACEMENT_3D ( 'NONE', #2491, #7766, #6890 ) ;
#10916 = EDGE_LOOP ( 'NONE', ( #10908, #4560, #8353, #4964 ) ) ;
#10917 = DIRECTION ( 'NONE',  ( -1.000000000000000000, 0.0000000000000000000, 0.0000000000000000000 ) ) ;
#10918 = EDGE_LOOP ( 'NONE', ( #8816, #5218 ) ) ;
#10919 = DIRECTION ( 'NONE',  ( 0.0000000000000000000, 0.0000000000000000000, -1.000000000000000000 ) ) ;
#10920 = VERTEX_POINT ( 'NONE', #7820 ) ;
#10921 = DIRECTION ( 'NONE',  ( 0.0000000000000000000, -0.7071067811865463500, -0.7071067811865487900 ) ) ;
#10922 = VERTEX_POINT ( 'NONE', #6980 ) ;
#10923 = ORIENTED_EDGE ( 'NONE', *, *, #10357, .T. ) ;
#10924 = ADVANCED_FACE ( 'NONE', ( #722 ), #3514, .F. ) ;
#10925 = DIRECTION ( 'NONE',  ( 0.0000000000000000000, 0.0000000000000000000, -1.000000000000000000 ) ) ;
#10926 = EDGE_CURVE ( 'NONE', #5648, #562, #2870, .T. ) ;
#10927 = VECTOR ( 'NONE', #9496, 999.9999999999998900 ) ;
#10928 = ORIENTED_EDGE ( 'NONE', *, *, #9213, .F. ) ;
#10929 = EDGE_LOOP ( 'NONE', ( #9717, #6471 ) ) ;
#10930 = DIRECTION ( 'NONE',  ( -1.000000000000000000, 0.0000000000000000000, 0.0000000000000000000 ) ) ;
#10931 = ORIENTED_EDGE ( 'NONE', *, *, #6000, .T. ) ;
#10932 = CARTESIAN_POINT ( 'NONE',  ( 6.749999999999989300, 56.00000000000000700, 16.00000000000000400 ) ) ;
#10933 = EDGE_CURVE ( 'NONE', #8540, #8441, #3792, .T. ) ;
#10934 = CIRCLE ( 'NONE', #7261, 2.024999999999997200 ) ;
#10935 = VERTEX_POINT ( 'NONE', #2586 ) ;
#10936 = AXIS2_PLACEMENT_3D ( 'NONE', #6975, #7896, #3634 ) ;
#10937 = DIRECTION ( 'NONE',  ( 0.0000000000000000000, 0.0000000000000000000, 1.000000000000000000 ) ) ;
#10938 = DIRECTION ( 'NONE',  ( -1.000000000000000000, 0.0000000000000000000, 0.0000000000000000000 ) ) ;
#10939 = DIRECTION ( 'NONE',  ( 0.0000000000000000000, 0.0000000000000000000, -1.000000000000000000 ) ) ;
#10940 = EDGE_CURVE ( 'NONE', #9116, #10727, #2580, .T. ) ;
#10941 = VERTEX_POINT ( 'NONE', #9451 ) ;
#10942 = DIRECTION ( 'NONE',  ( 3.652049423109066300E-016, 0.0000000000000000000, -1.000000000000000000 ) ) ;
#10943 = ORIENTED_EDGE ( 'NONE', *, *, #6678, .T. ) ;
#10944 = VECTOR ( 'NONE', #1376, 1000.000000000000000 ) ;
#10945 = ORIENTED_EDGE ( 'NONE', *, *, #10132, .T. ) ;
#10946 = CYLINDRICAL_SURFACE ( 'NONE', #946, 2.025000000000002600 ) ;
#10947 = CARTESIAN_POINT ( 'NONE',  ( -1.249999999999999800, 30.56810876809724700, 9.431891231902756800 ) ) ;
#10948 = EDGE_CURVE ( 'NONE', #2232, #7900, #3243, .T. ) ;
#10949 = AXIS2_PLACEMENT_3D ( 'NONE', #5359, #8714, #1045 ) ;
#10950 = ORIENTED_EDGE ( 'NONE', *, *, #2985, .T. ) ;
#10951 = ORIENTED_EDGE ( 'NONE', *, *, #7865, .F. ) ;
#10952 = CARTESIAN_POINT ( 'NONE',  ( 6.749999999999989300, 112.0000000000000100, 16.00000000000000400 ) ) ;
#10953 = AXIS2_PLACEMENT_3D ( 'NONE', #9986, #2261, #4931 ) ;
#10954 = DIRECTION ( 'NONE',  ( 1.000000000000000000, -0.0000000000000000000, -0.0000000000000000000 ) ) ;
#10955 = VECTOR ( 'NONE', #10453, 1000.000000000000000 ) ;
#10956 = FACE_OUTER_BOUND ( 'NONE', #2140, .T. ) ;
#10957 = DIRECTION ( 'NONE',  ( 1.000000000000000000, 0.0000000000000000000, 1.826024711554532900E-016 ) ) ;
#10958 = ORIENTED_EDGE ( 'NONE', *, *, #8484, .F. ) ;
#10959 = DIRECTION ( 'NONE',  ( 3.652049423109066300E-016, -0.0000000000000000000, -1.000000000000000000 ) ) ;
#10961 = ORIENTED_EDGE ( 'NONE', *, *, #5678, .F. ) ;
#10960 = ADVANCED_FACE ( 'NONE', ( #9769 ), #7799, .F. ) ;
#10962 = CIRCLE ( 'NONE', #8350, 2.024999999999999000 ) ;
#10963 = EDGE_CURVE ( 'NONE', #5386, #8841, #5283, .T. ) ;
#10964 = LINE ( 'NONE', #9256, #6113 ) ;
#10965 = AXIS2_PLACEMENT_3D ( 'NONE', #7740, #8287, #8243 ) ;
#10966 = CARTESIAN_POINT ( 'NONE',  ( 1.250000000000000200, 16.94660985766419300, 9.917172606141326300 ) ) ;
#10967 = EDGE_LOOP ( 'NONE', ( #1446, #5401, #5633, #2455 ) ) ;
#10968 = CARTESIAN_POINT ( 'NONE',  ( -1.249999999999999800, 64.00000000000000000, 5.974999999999997900 ) ) ;
#10969 = DIRECTION ( 'NONE',  ( 1.000000000000000000, -0.0000000000000000000, 0.0000000000000000000 ) ) ;
#10970 = LINE ( 'NONE', #6309, #10053 ) ;
#10971 = ADVANCED_FACE ( 'NONE', ( #9893 ), #2934, .F. ) ;
#10972 = DIRECTION ( 'NONE',  ( 1.000000000000000000, -0.0000000000000000000, -0.0000000000000000000 ) ) ;
#10973 = DIRECTION ( 'NONE',  ( -1.000000000000000000, -0.0000000000000000000, -0.0000000000000000000 ) ) ;
#10974 = DIRECTION ( 'NONE',  ( -1.826024711554532900E-016, 0.0000000000000000000, 1.000000000000000000 ) ) ;
#10975 = FACE_OUTER_BOUND ( 'NONE', #9056, .T. ) ;
#10976 = AXIS2_PLACEMENT_3D ( 'NONE', #8383, #6739, #5912 ) ;
#10977 = DIRECTION ( 'NONE',  ( -1.000000000000000000, 0.0000000000000000000, 0.0000000000000000000 ) ) ;
#10978 = EDGE_LOOP ( 'NONE', ( #6099, #6109, #9870, #3036, #6358 ) ) ;
#10979 = ORIENTED_EDGE ( 'NONE', *, *, #4596, .T. ) ;
#10980 = DIRECTION ( 'NONE',  ( -1.000000000000000000, 0.0000000000000000000, 0.0000000000000000000 ) ) ;
#10981 = DIRECTION ( 'NONE',  ( 0.0000000000000000000, 0.0000000000000000000, -1.000000000000000000 ) ) ;
#10982 = LINE ( 'NONE', #7854, #8364 ) ;
#10983 = EDGE_CURVE ( 'NONE', #3367, #5082, #57, .T. ) ;
#10984 = FACE_OUTER_BOUND ( 'NONE', #9782, .T. ) ;
#10985 = DIRECTION ( 'NONE',  ( -1.000000000000000000, 0.0000000000000000000, 0.0000000000000000000 ) ) ;
#10986 = DIRECTION ( 'NONE',  ( 0.0000000000000000000, -0.7071067811865450200, 0.7071067811865501300 ) ) ;
#10987 = DIRECTION ( 'NONE',  ( 1.000000000000000000, -0.0000000000000000000, -0.0000000000000000000 ) ) ;
#10988 = ORIENTED_EDGE ( 'NONE', *, *, #6380, .F. ) ;
#10989 = ORIENTED_EDGE ( 'NONE', *, *, #1028, .T. ) ;
#10990 = AXIS2_PLACEMENT_3D ( 'NONE', #1091, #2839, #4482 ) ;
#10991 = LINE ( 'NONE', #8083, #401 ) ;
#10992 = DIRECTION ( 'NONE',  ( 1.000000000000000000, -0.0000000000000000000, -0.0000000000000000000 ) ) ;
#10993 = LINE ( 'NONE', #7191, #2922 ) ;
#10994 = CARTESIAN_POINT ( 'NONE',  ( 6.749999999999989300, 176.0000000000000300, 16.00000000000000400 ) ) ;
#10995 = AXIS2_PLACEMENT_3D ( 'NONE', #2874, #8662, #1120 ) ;
#10996 = CARTESIAN_POINT ( 'NONE',  ( -1.249999999999999800, 81.43189123190275300, -6.568108768097234300 ) ) ;
#10997 = EDGE_LOOP ( 'NONE', ( #3994, #9481, #7448, #6479 ) ) ;
#10998 = VECTOR ( 'NONE', #9601, 1000.000000000000000 ) ;
#10999 = EDGE_CURVE ( 'NONE', #3802, #3124, #7530, .T. ) ;
#11000 = ORIENTED_EDGE ( 'NONE', *, *, #10485, .F. ) ;
#11001 = CIRCLE ( 'NONE', #2845, 2.024999999999999000 ) ;
#11002 = CIRCLE ( 'NONE', #8208, 2.024999999999990100 ) ;
#11003 = CARTESIAN_POINT ( 'NONE',  ( -1.249999999999999800, 154.5681087680973200, -10.56810876809726100 ) ) ;
#11004 = VERTEX_POINT ( 'NONE', #2863 ) ;
#11005 = DIRECTION ( 'NONE',  ( -1.000000000000000000, 0.0000000000000000000, 0.0000000000000000000 ) ) ;
#11006 = CARTESIAN_POINT ( 'NONE',  ( -1.249999999999999800, 156.6862915010152300, -2.024999999999999900 ) ) ;
#11007 = DIRECTION ( 'NONE',  ( 0.0000000000000000000, 0.0000000000000000000, -1.000000000000000000 ) ) ;
#11008 = ORIENTED_EDGE ( 'NONE', *, *, #10550, .T. ) ;
#11009 = CARTESIAN_POINT ( 'NONE',  ( -1.249999999999999800, 112.9466098576642000, 9.917172606141328100 ) ) ;
#11010 = ORIENTED_EDGE ( 'NONE', *, *, #1857, .T. ) ;
#11011 = CIRCLE ( 'NONE', #5119, 2.024999999999998100 ) ;
ENDSEC;
END-ISO-10303-21;
