ISO-10303-21;
HEADER;
FILE_DESCRIPTION (( 'STEP AP203' ),
    '1' );
FILE_NAME ('1143-0004-0120.STEP',
    '2022-04-26T16:50:23',
    ( '' ),
    ( '' ),
    'SwSTEP 2.0',
    'SolidWorks 2016',
    '' );
FILE_SCHEMA (( 'CONFIG_CONTROL_DESIGN' ));
ENDSEC;

DATA;
#1 = EDGE_CURVE ( 'NONE', #1135, #3879, #4500, .T. ) ;
#2 = CC_DESIGN_PERSON_AND_ORGANIZATION_ASSIGNMENT ( #4295, #3638, ( #6073 ) ) ;
#3 = EDGE_LOOP ( 'NONE', ( #3654, #2813 ) ) ;
#4 = LINE ( 'NONE', #4150, #2414 ) ;
#5 = CARTESIAN_POINT ( 'NONE',  ( 6.750000000000000900, 72.00000000000001400, -15.99999999999999600 ) ) ;
#6 = ORIENTED_EDGE ( 'NONE', *, *, #2082, .F. ) ;
#7 = EDGE_LOOP ( 'NONE', ( #200, #1803, #1314, #1651, #6585 ) ) ;
#8 = DIRECTION ( 'NONE',  ( -1.000000000000000000, 0.0000000000000000000, 0.0000000000000000000 ) ) ;
#9 = AXIS2_PLACEMENT_3D ( 'NONE', #5051, #1859, #4503 ) ;
#10 = CIRCLE ( 'NONE', #6313, 2.025000000000000800 ) ;
#11 = CARTESIAN_POINT ( 'NONE',  ( 1.250000000000000200, 81.91717260614132100, 7.053390142335818100 ) ) ;
#12 = EDGE_CURVE ( 'NONE', #4870, #2738, #5570, .T. ) ;
#13 = VECTOR ( 'NONE', #728, 1000.000000000000000 ) ;
#14 = ORIENTED_EDGE ( 'NONE', *, *, #4041, .T. ) ;
#15 = ORIENTED_EDGE ( 'NONE', *, *, #1167, .T. ) ;
#16 = CARTESIAN_POINT ( 'NONE',  ( -1.249999999999999800, 24.00000000000000000, 0.0000000000000000000 ) ) ;
#17 = DIRECTION ( 'NONE',  ( 1.387778780781447500E-015, 0.0000000000000000000, -1.000000000000000000 ) ) ;
#18 = LINE ( 'NONE', #6774, #5700 ) ;
#19 = FACE_BOUND ( 'NONE', #1822, .T. ) ;
#20 = DIRECTION ( 'NONE',  ( 0.0000000000000000000, 0.0000000000000000000, -1.000000000000000000 ) ) ;
#21 = DIRECTION ( 'NONE',  ( 3.652049423109066300E-016, -0.0000000000000000000, -1.000000000000000000 ) ) ;
#22 = ADVANCED_FACE ( 'NONE', ( #1897 ), #3991, .T. ) ;
#23 = LINE ( 'NONE', #522, #4780 ) ;
#24 = AXIS2_PLACEMENT_3D ( 'NONE', #1485, #942, #851 ) ;
#25 = EDGE_LOOP ( 'NONE', ( #6179, #4525, #872, #797 ) ) ;
#26 = ORIENTED_EDGE ( 'NONE', *, *, #549, .T. ) ;
#27 = ORIENTED_EDGE ( 'NONE', *, *, #4679, .T. ) ;
#28 = CARTESIAN_POINT ( 'NONE',  ( -1.249999999999999800, 82.56810876809747400, 10.56810876809731100 ) ) ;
#29 = VECTOR ( 'NONE', #3050, 1000.000000000000000 ) ;
#30 = DIRECTION ( 'NONE',  ( 0.0000000000000000000, 0.0000000000000000000, -1.000000000000000000 ) ) ;
#31 = CARTESIAN_POINT ( 'NONE',  ( -1.249999999999999800, 105.9171726061413500, -7.053390142335806500 ) ) ;
#32 = CARTESIAN_POINT ( 'NONE',  ( -1.249999999999999800, 88.00000000000002800, -7.999999999999996400 ) ) ;
#33 = VECTOR ( 'NONE', #3700, 1000.000000000000000 ) ;
#34 = ORIENTED_EDGE ( 'NONE', *, *, #2474, .F. ) ;
#35 = VERTEX_POINT ( 'NONE', #2288 ) ;
#36 = ORIENTED_EDGE ( 'NONE', *, *, #1247, .F. ) ;
#37 = LINE ( 'NONE', #5998, #5881 ) ;
#38 = DIRECTION ( 'NONE',  ( 3.652049423109066300E-016, -0.0000000000000000000, -1.000000000000000000 ) ) ;
#39 = CARTESIAN_POINT ( 'NONE',  ( -1.249999999999999800, 0.0000000000000000000, -2.024999999999999900 ) ) ;
#40 = EDGE_CURVE ( 'NONE', #280, #6234, #4164, .T. ) ;
#41 = CYLINDRICAL_SURFACE ( 'NONE', #2374, 2.025000000000000800 ) ;
#42 = ORIENTED_EDGE ( 'NONE', *, *, #201, .F. ) ;
#43 = VERTEX_POINT ( 'NONE', #2262 ) ;
#44 = EDGE_LOOP ( 'NONE', ( #2849, #6820, #700, #4642 ) ) ;
#45 = FACE_BOUND ( 'NONE', #1869, .T. ) ;
#46 = DIRECTION ( 'NONE',  ( 1.000000000000000000, -0.0000000000000000000, -0.0000000000000000000 ) ) ;
#47 = CYLINDRICAL_SURFACE ( 'NONE', #3341, 2.025000000000000800 ) ;
#48 = FACE_OUTER_BOUND ( 'NONE', #1260, .T. ) ;
#49 = DIRECTION ( 'NONE',  ( 1.000000000000000000, -0.0000000000000000000, 1.387778780781447500E-015 ) ) ;
#50 = CARTESIAN_POINT ( 'NONE',  ( -1.249999999999999800, 62.56810876809723300, 6.568108768097240500 ) ) ;
#51 = ORIENTED_EDGE ( 'NONE', *, *, #5011, .F. ) ;
#52 = EDGE_CURVE ( 'NONE', #2454, #4148, #720, .T. ) ;
#53 = CYLINDRICAL_SURFACE ( 'NONE', #742, 2.025000000000002600 ) ;
#54 = CARTESIAN_POINT ( 'NONE',  ( -1.249999999999999800, 35.31370849898475900, 2.024999999999999900 ) ) ;
#55 = ORIENTED_EDGE ( 'NONE', *, *, #112, .F. ) ;
#56 = CARTESIAN_POINT ( 'NONE',  ( -1.249999999999999800, 60.68629150101524100, -2.024999999999999900 ) ) ;
#57 = ORIENTED_EDGE ( 'NONE', *, *, #1408, .T. ) ;
#58 = CARTESIAN_POINT ( 'NONE',  ( 6.749999999999989300, 64.00000000000000000, 16.00000000000000400 ) ) ;
#59 = EDGE_CURVE ( 'NONE', #2530, #2390, #810, .T. ) ;
#60 = ADVANCED_FACE ( 'NONE', ( #1569 ), #3064, .F. ) ;
#61 = EDGE_CURVE ( 'NONE', #3510, #3949, #6142, .T. ) ;
#62 = EDGE_LOOP ( 'NONE', ( #3536, #1183, #4045, #1374 ) ) ;
#63 = DIRECTION ( 'NONE',  ( 0.0000000000000000000, -0.7071067811865500200, -0.7071067811865450200 ) ) ;
#64 = DIRECTION ( 'NONE',  ( 0.0000000000000000000, 0.0000000000000000000, -1.000000000000000000 ) ) ;
#65 = CARTESIAN_POINT ( 'NONE',  ( -1.250000000000001100, 110.5681087680972500, -6.568108768097241400 ) ) ;
#67 = DIRECTION ( 'NONE',  ( 1.000000000000000000, -0.0000000000000000000, -0.0000000000000000000 ) ) ;
#66 = DIRECTION ( 'NONE',  ( 0.0000000000000000000, -0.7071067811865513500, 0.7071067811865436900 ) ) ;
#68 = VECTOR ( 'NONE', #732, 1000.000000000000000 ) ;
#69 = EDGE_LOOP ( 'NONE', ( #2800, #6178 ) ) ;
#70 = AXIS2_PLACEMENT_3D ( 'NONE', #4635, #382, #5155 ) ;
#71 = ORIENTED_EDGE ( 'NONE', *, *, #1670, .T. ) ;
#72 = EDGE_CURVE ( 'NONE', #1981, #1760, #1652, .T. ) ;
#73 = CARTESIAN_POINT ( 'NONE',  ( 1.250000000000000200, 111.9999999999999900, 5.975000000000008500 ) ) ;
#74 = VECTOR ( 'NONE', #5440, 1000.000000000000000 ) ;
#75 = ORIENTED_EDGE ( 'NONE', *, *, #2805, .T. ) ;
#76 = DIRECTION ( 'NONE',  ( -1.000000000000000000, 0.0000000000000000000, 0.0000000000000000000 ) ) ;
#77 = AXIS2_PLACEMENT_3D ( 'NONE', #2092, #544, #6441 ) ;
#78 = VECTOR ( 'NONE', #1017, 1000.000000000000000 ) ;
#79 = EDGE_LOOP ( 'NONE', ( #2574, #2342, #1437, #4362 ) ) ;
#80 = EDGE_CURVE ( 'NONE', #2842, #6323, #4415, .T. ) ;
#81 = CARTESIAN_POINT ( 'NONE',  ( 8.774999999999998600, 64.00000000000000000, -13.50000000000000200 ) ) ;
#82 = VECTOR ( 'NONE', #4720, 1000.000000000000000 ) ;
#83 = DIRECTION ( 'NONE',  ( 1.000000000000000000, -0.0000000000000000000, 0.0000000000000000000 ) ) ;
#84 = VECTOR ( 'NONE', #5836, 1000.000000000000000 ) ;
#85 = CARTESIAN_POINT ( 'NONE',  ( -1.249999999999999800, 58.56810876809721800, -10.56810876809725700 ) ) ;
#86 = CARTESIAN_POINT ( 'NONE',  ( 1.250000000000000200, 39.51471862576143900, -10.51028137423856600 ) ) ;
#87 = ORIENTED_EDGE ( 'NONE', *, *, #4341, .T. ) ;
#88 = VERTEX_POINT ( 'NONE', #4481 ) ;
#89 = AXIS2_PLACEMENT_3D ( 'NONE', #1544, #6309, #972 ) ;
#90 = CYLINDRICAL_SURFACE ( 'NONE', #5383, 2.024999999999999900 ) ;
#91 = VECTOR ( 'NONE', #769, 1000.000000000000100 ) ;
#92 = EDGE_LOOP ( 'NONE', ( #5129, #141, #5813, #3755 ) ) ;
#93 = CARTESIAN_POINT ( 'NONE',  ( -1.250000000000001100, 111.9999999999999900, 8.000000000000010700 ) ) ;
#94 = ADVANCED_FACE ( 'NONE', ( #5228 ), #149, .F. ) ;
#95 = EDGE_LOOP ( 'NONE', ( #809, #3739, #3849, #6530 ) ) ;
#96 = ORIENTED_EDGE ( 'NONE', *, *, #733, .F. ) ;
#97 = FACE_OUTER_BOUND ( 'NONE', #6026, .T. ) ;
#98 = EDGE_CURVE ( 'NONE', #6571, #5327, #4739, .T. ) ;
#99 = CARTESIAN_POINT ( 'NONE',  ( 8.774999999999987900, 64.00000000000000000, 16.00000000000000400 ) ) ;
#100 = VERTEX_POINT ( 'NONE', #1296 ) ;
#101 = DIRECTION ( 'NONE',  ( 0.0000000000000000000, 0.0000000000000000000, -1.000000000000000000 ) ) ;
#102 = ORIENTED_EDGE ( 'NONE', *, *, #4997, .T. ) ;
#103 = LINE ( 'NONE', #1495, #2660 ) ;
#104 = CIRCLE ( 'NONE', #2473, 2.024999999999997200 ) ;
#105 = DIRECTION ( 'NONE',  ( -1.000000000000000000, 0.0000000000000000000, 0.0000000000000000000 ) ) ;
#106 = DIRECTION ( 'NONE',  ( 0.0000000000000000000, 0.7071067811865469100, 0.7071067811865482400 ) ) ;
#107 = AXIS2_PLACEMENT_3D ( 'NONE', #5171, #2460, #1980 ) ;
#108 = EDGE_LOOP ( 'NONE', ( #1388, #2785, #750, #3368 ) ) ;
#109 = ORIENTED_EDGE ( 'NONE', *, *, #741, .T. ) ;
#110 = DIRECTION ( 'NONE',  ( -1.000000000000000000, 0.0000000000000000000, 0.0000000000000000000 ) ) ;
#111 = DIRECTION ( 'NONE',  ( 1.000000000000000000, 0.0000000000000000000, 0.0000000000000000000 ) ) ;
#112 = EDGE_CURVE ( 'NONE', #4907, #5676, #3999, .T. ) ;
#113 = DIRECTION ( 'NONE',  ( 1.000000000000000000, -0.0000000000000000000, -0.0000000000000000000 ) ) ;
#114 = CYLINDRICAL_SURFACE ( 'NONE', #1992, 2.024999999999999900 ) ;
#115 = EDGE_LOOP ( 'NONE', ( #2875, #6934 ) ) ;
#116 = CARTESIAN_POINT ( 'NONE',  ( 6.750000000000000000, 72.00000000000001400, -13.50000000000000200 ) ) ;
#117 = DIRECTION ( 'NONE',  ( -1.000000000000000000, 0.0000000000000000000, 0.0000000000000000000 ) ) ;
#118 = ORIENTED_EDGE ( 'NONE', *, *, #3953, .T. ) ;
#119 = ORIENTED_EDGE ( 'NONE', *, *, #2602, .T. ) ;
#120 = CYLINDRICAL_SURFACE ( 'NONE', #2290, 2.025000000000004400 ) ;
#121 = CARTESIAN_POINT ( 'NONE',  ( 1.250000000000000200, 36.68629150101524100, -2.024999999999999900 ) ) ;
#122 = AXIS2_PLACEMENT_3D ( 'NONE', #4760, #2662, #441 ) ;
#123 = ORIENTED_EDGE ( 'NONE', *, *, #3496, .T. ) ;
#124 = EDGE_CURVE ( 'NONE', #5339, #5306, #5074, .T. ) ;
#125 = ORIENTED_EDGE ( 'NONE', *, *, #5163, .T. ) ;
#126 = CARTESIAN_POINT ( 'NONE',  ( 6.749999999999989300, 56.00000000000000700, 16.00000000000000400 ) ) ;
#127 = VECTOR ( 'NONE', #5642, 1000.000000000000000 ) ;
#128 = CARTESIAN_POINT ( 'NONE',  ( -1.249999999999999800, 57.43189123190276000, -6.568108768097234300 ) ) ;
#129 = DIRECTION ( 'NONE',  ( 0.0000000000000000000, 0.0000000000000000000, -1.000000000000000000 ) ) ;
#130 = VECTOR ( 'NONE', #904, 1000.000000000000000 ) ;
#131 = CIRCLE ( 'NONE', #3835, 2.024999999999998100 ) ;
#132 = ORIENTED_EDGE ( 'NONE', *, *, #3764, .T. ) ;
#133 = ADVANCED_FACE ( 'NONE', ( #6235 ), #1731, .F. ) ;
#134 = DIRECTION ( 'NONE',  ( 0.0000000000000000000, 0.0000000000000000000, -1.000000000000000000 ) ) ;
#135 = ORIENTED_EDGE ( 'NONE', *, *, #2082, .T. ) ;
#136 = AXIS2_PLACEMENT_3D ( 'NONE', #3259, #1144, #640 ) ;
#137 = DIRECTION ( 'NONE',  ( 1.000000000000000000, -0.0000000000000000000, 0.0000000000000000000 ) ) ;
#138 = CARTESIAN_POINT ( 'NONE',  ( 1.250000000000000200, 24.00000000000000000, 0.0000000000000000000 ) ) ;
#139 = FACE_OUTER_BOUND ( 'NONE', #5170, .T. ) ;
#140 = CARTESIAN_POINT ( 'NONE',  ( -1.249999999999999800, 31.05339014233581100, 9.917172606141324600 ) ) ;
#141 = ORIENTED_EDGE ( 'NONE', *, *, #3233, .F. ) ;
#142 = ORIENTED_EDGE ( 'NONE', *, *, #950, .T. ) ;
#143 = DIRECTION ( 'NONE',  ( 0.0000000000000000000, 0.0000000000000000000, -1.000000000000000000 ) ) ;
#144 = EDGE_CURVE ( 'NONE', #2585, #6263, #975, .T. ) ;
#145 = AXIS2_PLACEMENT_3D ( 'NONE', #4816, #3268, #4375 ) ;
#146 = ORIENTED_EDGE ( 'NONE', *, *, #4003, .T. ) ;
#147 = ORIENTED_EDGE ( 'NONE', *, *, #1447, .T. ) ;
#148 = CARTESIAN_POINT ( 'NONE',  ( -1.249999999999999800, 121.4318912319027500, 1.431891231902741300 ) ) ;
#149 = CYLINDRICAL_SURFACE ( 'NONE', #5393, 2.024999999999990100 ) ;
#150 = EDGE_CURVE ( 'NONE', #711, #3810, #5982, .T. ) ;
#151 = DIRECTION ( 'NONE',  ( 0.0000000000000000000, 0.0000000000000000000, 1.000000000000000000 ) ) ;
#152 = CIRCLE ( 'NONE', #1376, 2.024999999999997200 ) ;
#153 = DIRECTION ( 'NONE',  ( -1.826024711554532900E-016, 0.0000000000000000000, 1.000000000000000000 ) ) ;
#154 = DIRECTION ( 'NONE',  ( 1.000000000000000000, -0.0000000000000000000, 0.0000000000000000000 ) ) ;
#155 = ORIENTED_EDGE ( 'NONE', *, *, #3313, .F. ) ;
#156 = CARTESIAN_POINT ( 'NONE',  ( -1.249999999999999800, 16.94660985766420000, -9.917172606141322800 ) ) ;
#157 = CARTESIAN_POINT ( 'NONE',  ( 1.250000000000000200, 83.31370849898475200, 2.024999999999999900 ) ) ;
#158 = CARTESIAN_POINT ( 'NONE',  ( 6.750000000000000000, 80.00000000000001400, -13.50000000000000200 ) ) ;
#159 = AXIS2_PLACEMENT_3D ( 'NONE', #4480, #1270, #4676 ) ;
#160 = VECTOR ( 'NONE', #2664, 999.9999999999998900 ) ;
#161 = CARTESIAN_POINT ( 'NONE',  ( -1.249999999999999800, 10.56810876809729100, 10.56810876809721700 ) ) ;
#162 = ADVANCED_FACE ( 'NONE', ( #3831 ), #1987, .F. ) ;
#163 = ORIENTED_EDGE ( 'NONE', *, *, #6528, .T. ) ;
#164 = CARTESIAN_POINT ( 'NONE',  ( -1.249999999999999800, 64.00000000000000000, -7.999999999999996400 ) ) ;
#165 = AXIS2_PLACEMENT_3D ( 'NONE', #3127, #4687, #5189 ) ;
#166 = DIRECTION ( 'NONE',  ( 0.0000000000000000000, 0.0000000000000000000, -1.000000000000000000 ) ) ;
#167 = AXIS2_PLACEMENT_3D ( 'NONE', #4962, #4432, #6565 ) ;
#168 = ORIENTED_EDGE ( 'NONE', *, *, #1324, .F. ) ;
#169 = DIRECTION ( 'NONE',  ( 0.0000000000000000000, 0.0000000000000000000, 1.000000000000000000 ) ) ;
#170 = VERTEX_POINT ( 'NONE', #5122 ) ;
#171 = DIRECTION ( 'NONE',  ( -1.000000000000000000, 0.0000000000000000000, -0.0000000000000000000 ) ) ;
#172 = LINE ( 'NONE', #4213, #6259 ) ;
#173 = DIRECTION ( 'NONE',  ( 0.0000000000000000000, -0.7071067811865412400, -0.7071067811865537900 ) ) ;
#174 = FACE_BOUND ( 'NONE', #3130, .T. ) ;
#175 = EDGE_CURVE ( 'NONE', #4123, #2738, #4675, .T. ) ;
#176 = AXIS2_PLACEMENT_3D ( 'NONE', #1738, #3395, #173 ) ;
#177 = VERTEX_POINT ( 'NONE', #1942 ) ;
#178 = VERTEX_POINT ( 'NONE', #301 ) ;
#179 = DIRECTION ( 'NONE',  ( 0.0000000000000000000, -0.7071067811865463500, -0.7071067811865487900 ) ) ;
#180 = LINE ( 'NONE', #2513, #4272 ) ;
#181 = EDGE_CURVE ( 'NONE', #6587, #4246, #2994, .T. ) ;
#182 = CIRCLE ( 'NONE', #4980, 2.024999999999998100 ) ;
#183 = CARTESIAN_POINT ( 'NONE',  ( 4.724999999999993400, 64.00000000000000000, 13.50000000000000000 ) ) ;
#184 = VERTEX_POINT ( 'NONE', #1861 ) ;
#185 = EDGE_CURVE ( 'NONE', #3766, #385, #1250, .T. ) ;
#186 = FACE_BOUND ( 'NONE', #2150, .T. ) ;
#187 = EDGE_CURVE ( 'NONE', #1614, #718, #1838, .T. ) ;
#188 = VECTOR ( 'NONE', #5848, 1000.000000000000000 ) ;
#189 = CARTESIAN_POINT ( 'NONE',  ( 6.749999999999989300, 96.00000000000000000, 16.00000000000000400 ) ) ;
#190 = VERTEX_POINT ( 'NONE', #6757 ) ;
#191 = EDGE_LOOP ( 'NONE', ( #2700, #3532, #4055, #2668 ) ) ;
#192 = ORIENTED_EDGE ( 'NONE', *, *, #1267, .T. ) ;
#193 = VECTOR ( 'NONE', #2265, 1000.000000000000000 ) ;
#194 = ADVANCED_FACE ( 'NONE', ( #3418 ), #4553, .T. ) ;
#195 = DIRECTION ( 'NONE',  ( 1.000000000000000000, 0.0000000000000000000, -0.0000000000000000000 ) ) ;
#196 = AXIS2_PLACEMENT_3D ( 'NONE', #4811, #2688, #20 ) ;
#197 = DIRECTION ( 'NONE',  ( 0.0000000000000000000, 0.0000000000000000000, 1.000000000000000000 ) ) ;
#198 = CARTESIAN_POINT ( 'NONE',  ( 8.774999999999987900, 104.0000000000000100, 16.00000000000000400 ) ) ;
#199 = CIRCLE ( 'NONE', #6911, 2.025000000000000800 ) ;
#200 = ORIENTED_EDGE ( 'NONE', *, *, #1845, .T. ) ;
#201 = EDGE_CURVE ( 'NONE', #4540, #1750, #5838, .T. ) ;
#202 = LOCAL_TIME ( 11, 50, 23.00000000000000000, #523 ) ;
#203 = DIRECTION ( 'NONE',  ( 0.0000000000000000000, -1.000000000000000000, 0.0000000000000000000 ) ) ;
#204 = VERTEX_POINT ( 'NONE', #2405 ) ;
#205 = DIRECTION ( 'NONE',  ( -0.0000000000000000000, -1.000000000000000000, -0.0000000000000000000 ) ) ;
#206 = ORIENTED_EDGE ( 'NONE', *, *, #3414, .F. ) ;
#207 = VECTOR ( 'NONE', #6803, 1000.000000000000000 ) ;
#208 = LINE ( 'NONE', #6878, #1379 ) ;
#209 = CARTESIAN_POINT ( 'NONE',  ( 1.250000000000000200, 35.31370849898476600, -2.024999999999999900 ) ) ;
#210 = ORIENTED_EDGE ( 'NONE', *, *, #1870, .T. ) ;
#211 = EDGE_LOOP ( 'NONE', ( #6705, #1469, #1534, #1887 ) ) ;
#212 = DIRECTION ( 'NONE',  ( 3.652049423109066300E-016, -0.0000000000000000000, -1.000000000000000000 ) ) ;
#213 = AXIS2_PLACEMENT_3D ( 'NONE', #4979, #4427, #2320 ) ;
#214 = ORIENTED_EDGE ( 'NONE', *, *, #2669, .F. ) ;
#215 = CIRCLE ( 'NONE', #2922, 2.024999999999999900 ) ;
#216 = EDGE_CURVE ( 'NONE', #2581, #6133, #5498, .T. ) ;
#217 = DIRECTION ( 'NONE',  ( 1.000000000000000000, -0.0000000000000000000, -0.0000000000000000000 ) ) ;
#218 = EDGE_LOOP ( 'NONE', ( #5119, #5008, #3768, #2949 ) ) ;
#219 = CARTESIAN_POINT ( 'NONE',  ( -46.75000000000000000, 8.485281374238569500, 8.485281374238569500 ) ) ;
#220 = VECTOR ( 'NONE', #3280, 1000.000000000000000 ) ;
#221 = CARTESIAN_POINT ( 'NONE',  ( 8.774999999999987900, 80.00000000000001400, 16.00000000000000400 ) ) ;
#222 = VERTEX_POINT ( 'NONE', #5052 ) ;
#223 = VERTEX_POINT ( 'NONE', #4593 ) ;
#224 = CARTESIAN_POINT ( 'NONE',  ( 1.250000000000000200, 38.08282739385867200, 7.053390142335810100 ) ) ;
#225 = DIRECTION ( 'NONE',  ( 1.000000000000000000, 0.0000000000000000000, 0.0000000000000000000 ) ) ;
#226 = DIRECTION ( 'NONE',  ( 0.0000000000000000000, -0.7071067811865450200, 0.7071067811865501300 ) ) ;
#227 = VERTEX_POINT ( 'NONE', #6208 ) ;
#228 = DIRECTION ( 'NONE',  ( 0.0000000000000000000, 0.0000000000000000000, -1.000000000000000000 ) ) ;
#229 = ADVANCED_FACE ( 'NONE', ( #3078 ), #6763, .F. ) ;
#230 = EDGE_CURVE ( 'NONE', #1877, #4482, #1667, .T. ) ;
#231 = AXIS2_PLACEMENT_3D ( 'NONE', #3936, #5057, #5587 ) ;
#232 = CIRCLE ( 'NONE', #5333, 2.024999999999990100 ) ;
#233 = VECTOR ( 'NONE', #681, 1000.000000000000000 ) ;
#234 = CARTESIAN_POINT ( 'NONE',  ( 1.250000000000000200, 30.56810876809724300, -9.431891231902755000 ) ) ;
#235 = AXIS2_PLACEMENT_3D ( 'NONE', #5586, #6085, #4523 ) ;
#236 = VERTEX_POINT ( 'NONE', #2049 ) ;
#237 = EDGE_CURVE ( 'NONE', #438, #6754, #246, .T. ) ;
#238 = CARTESIAN_POINT ( 'NONE',  ( 1.250000000000000200, 6.568108768097243200, 9.431891231902760400 ) ) ;
#239 = DIRECTION ( 'NONE',  ( 0.0000000000000000000, 0.0000000000000000000, -1.000000000000000000 ) ) ;
#240 = CARTESIAN_POINT ( 'NONE',  ( 1.250000000000000200, 64.94660985766420000, -9.917172606141322800 ) ) ;
#241 = CIRCLE ( 'NONE', #4787, 2.025000000000002600 ) ;
#242 = ORIENTED_EDGE ( 'NONE', *, *, #2084, .F. ) ;
#243 = CARTESIAN_POINT ( 'NONE',  ( 0.0000000000000000000, 120.0000000000000000, 16.00000000000000000 ) ) ;
#244 = AXIS2_PLACEMENT_3D ( 'NONE', #2566, #4203, #992 ) ;
#245 = DIRECTION ( 'NONE',  ( 0.0000000000000000000, 0.0000000000000000000, -1.000000000000000000 ) ) ;
#246 = CIRCLE ( 'NONE', #3981, 2.025000000000000800 ) ;
#247 = CARTESIAN_POINT ( 'NONE',  ( -1.249999999999999800, 85.43189123190279600, -13.43189123190274400 ) ) ;
#248 = VECTOR ( 'NONE', #1298, 1000.000000000000000 ) ;
#249 = ORIENTED_EDGE ( 'NONE', *, *, #5949, .T. ) ;
#250 = PLANE ( 'NONE',  #6047 ) ;
#251 = EDGE_CURVE ( 'NONE', #5274, #3430, #5681, .T. ) ;
#252 = FACE_OUTER_BOUND ( 'NONE', #6034, .T. ) ;
#253 = ORIENTED_EDGE ( 'NONE', *, *, #5806, .T. ) ;
#254 = ORIENTED_EDGE ( 'NONE', *, *, #6160, .F. ) ;
#255 = DIRECTION ( 'NONE',  ( 3.652049423109066300E-016, -0.0000000000000000000, -1.000000000000000000 ) ) ;
#256 = ORIENTED_EDGE ( 'NONE', *, *, #741, .F. ) ;
#257 = DIRECTION ( 'NONE',  ( 3.652049423109066300E-016, 0.0000000000000000000, -1.000000000000000000 ) ) ;
#258 = AXIS2_PLACEMENT_3D ( 'NONE', #629, #151, #4840 ) ;
#259 = CIRCLE ( 'NONE', #4361, 2.025000000000000800 ) ;
#260 = ADVANCED_FACE ( 'NONE', ( #1911 ), #1582, .F. ) ;
#261 = CARTESIAN_POINT ( 'NONE',  ( 1.250000000000000200, 15.51471862576143900, -10.51028137423856600 ) ) ;
#262 = CARTESIAN_POINT ( 'NONE',  ( 4.724999999999993400, 24.00000000000000700, 13.50000000000000000 ) ) ;
#263 = DIRECTION ( 'NONE',  ( 0.0000000000000000000, 0.0000000000000000000, -1.000000000000000000 ) ) ;
#264 = CARTESIAN_POINT ( 'NONE',  ( -1.249999999999999800, 81.91717260614133500, -7.053390142335806500 ) ) ;
#265 = ORIENTED_EDGE ( 'NONE', *, *, #362, .F. ) ;
#266 = EDGE_LOOP ( 'NONE', ( #6776, #249, #1823, #1297 ) ) ;
#267 = DIRECTION ( 'NONE',  ( 1.000000000000000000, -0.0000000000000000000, 0.0000000000000000000 ) ) ;
#268 = DIRECTION ( 'NONE',  ( 1.000000000000000000, 0.0000000000000000000, 0.0000000000000000000 ) ) ;
#269 = VECTOR ( 'NONE', #6295, 1000.000000000000000 ) ;
#270 = CARTESIAN_POINT ( 'NONE',  ( 1.250000000000000200, 16.00000000000000000, 8.000000000000000000 ) ) ;
#271 = EDGE_CURVE ( 'NONE', #3783, #4588, #910, .T. ) ;
#272 = AXIS2_PLACEMENT_3D ( 'NONE', #1394, #1979, #383 ) ;
#273 = LINE ( 'NONE', #781, #5857 ) ;
#274 = CARTESIAN_POINT ( 'NONE',  ( 1.250000000000000200, -0.0000000000000000000, -2.024999999999999900 ) ) ;
#275 = DIRECTION ( 'NONE',  ( 3.652049423109066300E-016, 0.0000000000000000000, -1.000000000000000000 ) ) ;
#276 = ORIENTED_EDGE ( 'NONE', *, *, #1512, .T. ) ;
#277 = ORIENTED_EDGE ( 'NONE', *, *, #40, .T. ) ;
#278 = FACE_OUTER_BOUND ( 'NONE', #6736, .T. ) ;
#279 = CIRCLE ( 'NONE', #1085, 2.025000000000000800 ) ;
#280 = VERTEX_POINT ( 'NONE', #6928 ) ;
#281 = APPROVAL_DATE_TIME ( #1197, #1302 ) ;
#282 = ORIENTED_EDGE ( 'NONE', *, *, #3659, .F. ) ;
#283 = ORIENTED_EDGE ( 'NONE', *, *, #467, .T. ) ;
#284 = EDGE_CURVE ( 'NONE', #5593, #227, #5007, .T. ) ;
#285 = DIRECTION ( 'NONE',  ( 1.000000000000000000, -0.0000000000000000000, -0.0000000000000000000 ) ) ;
#286 = VECTOR ( 'NONE', #3741, 1000.000000000000000 ) ;
#287 = CARTESIAN_POINT ( 'NONE',  ( 1.250000000000000200, 32.00000000000000000, -7.999999999999994700 ) ) ;
#288 = DIRECTION ( 'NONE',  ( 0.0000000000000000000, 0.0000000000000000000, -1.000000000000000000 ) ) ;
#289 = VECTOR ( 'NONE', #1109, 1000.000000000000000 ) ;
#290 = ORIENTED_EDGE ( 'NONE', *, *, #3520, .T. ) ;
#291 = ORIENTED_EDGE ( 'NONE', *, *, #5539, .F. ) ;
#292 = CIRCLE ( 'NONE', #4249, 2.024999999999999000 ) ;
#293 = AXIS2_PLACEMENT_3D ( 'NONE', #3246, #1127, #3266 ) ;
#294 = DIRECTION ( 'NONE',  ( 3.652049423109066300E-016, 0.0000000000000000000, -1.000000000000000000 ) ) ;
#295 = PLANE ( 'NONE',  #1728 ) ;
#296 = DIRECTION ( 'NONE',  ( 0.0000000000000000000, 0.0000000000000000000, -1.000000000000000000 ) ) ;
#297 = EDGE_CURVE ( 'NONE', #4738, #5895, #6409, .T. ) ;
#298 = LINE ( 'NONE', #4515, #4220 ) ;
#299 = CARTESIAN_POINT ( 'NONE',  ( -1.249999999999999800, 10.56810876809729600, -10.56810876809726100 ) ) ;
#300 = DIRECTION ( 'NONE',  ( -1.000000000000000000, 0.0000000000000000000, 0.0000000000000000000 ) ) ;
#301 = CARTESIAN_POINT ( 'NONE',  ( 1.250000000000000200, 105.9171726061413200, 7.053390142335818100 ) ) ;
#302 = EDGE_LOOP ( 'NONE', ( #1778, #4855, #2960, #6096 ) ) ;
#303 = ORIENTED_EDGE ( 'NONE', *, *, #344, .T. ) ;
#304 = VECTOR ( 'NONE', #5995, 1000.000000000000000 ) ;
#305 = ADVANCED_FACE ( 'NONE', ( #6935 ), #2606, .T. ) ;
#306 = AXIS2_PLACEMENT_3D ( 'NONE', #2860, #5581, #5027 ) ;
#307 = ORIENTED_EDGE ( 'NONE', *, *, #4265, .T. ) ;
#308 = VERTEX_POINT ( 'NONE', #1531 ) ;
#309 = EDGE_CURVE ( 'NONE', #1381, #2370, #3587, .T. ) ;
#310 = VECTOR ( 'NONE', #3871, 1000.000000000000100 ) ;
#311 = DIRECTION ( 'NONE',  ( -1.000000000000000000, 0.0000000000000000000, 0.0000000000000000000 ) ) ;
#312 = EDGE_LOOP ( 'NONE', ( #437, #1171, #5988, #5376, #2859 ) ) ;
#313 = DIRECTION ( 'NONE',  ( -1.000000000000000000, 0.0000000000000000000, 0.0000000000000000000 ) ) ;
#314 = VERTEX_POINT ( 'NONE', #81 ) ;
#315 = DIRECTION ( 'NONE',  ( -1.000000000000000000, 0.0000000000000000000, 0.0000000000000000000 ) ) ;
#316 = AXIS2_PLACEMENT_3D ( 'NONE', #3139, #2648, #1557 ) ;
#317 = DIRECTION ( 'NONE',  ( 0.0000000000000000000, 0.0000000000000000000, -1.000000000000000000 ) ) ;
#318 = ORIENTED_EDGE ( 'NONE', *, *, #1799, .F. ) ;
#319 = CARTESIAN_POINT ( 'NONE',  ( -1.249999999999999800, 79.05339014233581500, 9.917172606141322800 ) ) ;
#320 = DIRECTION ( 'NONE',  ( 1.000000000000000000, 0.0000000000000000000, 0.0000000000000000000 ) ) ;
#321 = ORIENTED_EDGE ( 'NONE', *, *, #4615, .T. ) ;
#322 = CARTESIAN_POINT ( 'NONE',  ( 4.725000000000003200, 16.00000000000000700, -15.99999999999999600 ) ) ;
#323 = EDGE_CURVE ( 'NONE', #1522, #4370, #654, .T. ) ;
#324 = EDGE_CURVE ( 'NONE', #5017, #2462, #1084, .T. ) ;
#325 = CARTESIAN_POINT ( 'NONE',  ( 1.250000000000000200, 57.91717260614131400, 7.053390142335818100 ) ) ;
#326 = VECTOR ( 'NONE', #1311, 1000.000000000000000 ) ;
#327 = AXIS2_PLACEMENT_3D ( 'NONE', #3731, #4722, #5224 ) ;
#328 = LINE ( 'NONE', #4929, #2144 ) ;
#329 = EDGE_CURVE ( 'NONE', #5366, #6288, #3668, .T. ) ;
#330 = ORIENTED_EDGE ( 'NONE', *, *, #6091, .T. ) ;
#331 = ADVANCED_FACE ( 'NONE', ( #6399 ), #2792, .T. ) ;
#332 = DIRECTION ( 'NONE',  ( 1.000000000000000000, -0.0000000000000000000, -0.0000000000000000000 ) ) ;
#333 = CARTESIAN_POINT ( 'NONE',  ( 6.749999999999989300, 32.00000000000000700, 16.00000000000000400 ) ) ;
#334 = CARTESIAN_POINT ( 'NONE',  ( 1.250000000000000200, 61.43189123190294500, -61.43189123190273200 ) ) ;
#335 = DIRECTION ( 'NONE',  ( 0.0000000000000000000, -0.7071067811865463500, -0.7071067811865487900 ) ) ;
#336 = CARTESIAN_POINT ( 'NONE',  ( -1.249999999999999800, 105.4318912319027500, 6.568108768097250300 ) ) ;
#337 = ORIENTED_EDGE ( 'NONE', *, *, #5543, .F. ) ;
#338 = AXIS2_PLACEMENT_3D ( 'NONE', #4143, #1456, #1935 ) ;
#339 = ORIENTED_EDGE ( 'NONE', *, *, #1488, .F. ) ;
#340 = CARTESIAN_POINT ( 'NONE',  ( -1.249999999999999800, 48.00000000000000000, 0.0000000000000000000 ) ) ;
#341 = CARTESIAN_POINT ( 'NONE',  ( -1.250000000000001100, 8.485281374238571300, -8.485281374238566000 ) ) ;
#342 = FACE_OUTER_BOUND ( 'NONE', #1279, .T. ) ;
#343 = APPLICATION_PROTOCOL_DEFINITION ( 'international standard', 'config_control_design', 1994, #2498 ) ;
#344 = EDGE_CURVE ( 'NONE', #4144, #3354, #2233, .T. ) ;
#345 = CARTESIAN_POINT ( 'NONE',  ( 1.250000000000000200, 88.00000000000001400, 8.000000000000000000 ) ) ;
#346 = ORIENTED_EDGE ( 'NONE', *, *, #2711, .T. ) ;
#347 = VERTEX_POINT ( 'NONE', #5434 ) ;
#348 = LINE ( 'NONE', #2476, #500 ) ;
#349 = CYLINDRICAL_SURFACE ( 'NONE', #3554, 2.024999999999999000 ) ;
#350 = DIRECTION ( 'NONE',  ( 1.000000000000000000, -0.0000000000000000000, 0.0000000000000000000 ) ) ;
#351 = AXIS2_PLACEMENT_3D ( 'NONE', #4158, #1493, #3644 ) ;
#352 = ORIENTED_EDGE ( 'NONE', *, *, #5102, .F. ) ;
#353 = FACE_OUTER_BOUND ( 'NONE', #3399, .T. ) ;
#354 = CARTESIAN_POINT ( 'NONE',  ( 6.750000000000000000, 64.00000000000000000, -13.50000000000000200 ) ) ;
#355 = DIRECTION ( 'NONE',  ( 3.652049423109066300E-016, 0.0000000000000000000, -1.000000000000000000 ) ) ;
#356 = VECTOR ( 'NONE', #5408, 1000.000000000000000 ) ;
#357 = ORIENTED_EDGE ( 'NONE', *, *, #4531, .F. ) ;
#358 = CARTESIAN_POINT ( 'NONE',  ( -1.249999999999999800, 79.99999999999998600, 5.975000000000009400 ) ) ;
#359 = ORIENTED_EDGE ( 'NONE', *, *, #476, .T. ) ;
#360 = ORIENTED_EDGE ( 'NONE', *, *, #3545, .T. ) ;
#361 = LINE ( 'NONE', #6494, #5874 ) ;
#362 = EDGE_CURVE ( 'NONE', #6304, #3167, #1982, .T. ) ;
#363 = CC_DESIGN_PERSON_AND_ORGANIZATION_ASSIGNMENT ( #6449, #405, ( #6073 ) ) ;
#364 = VECTOR ( 'NONE', #6431, 1000.000000000000000 ) ;
#365 = ORIENTED_EDGE ( 'NONE', *, *, #977, .F. ) ;
#366 = DIRECTION ( 'NONE',  ( 3.652049423109066300E-016, -0.0000000000000000000, -1.000000000000000000 ) ) ;
#367 = CARTESIAN_POINT ( 'NONE',  ( 4.724999999999991700, 40.00000000000000700, 16.00000000000000400 ) ) ;
#368 = ORIENTED_EDGE ( 'NONE', *, *, #2315, .F. ) ;
#369 = VERTEX_POINT ( 'NONE', #1809 ) ;
#370 = ADVANCED_FACE ( 'NONE', ( #990 ), #2718, .T. ) ;
#371 = LINE ( 'NONE', #981, #207 ) ;
#372 = VECTOR ( 'NONE', #2499, 1000.000000000000000 ) ;
#373 = ORIENTED_EDGE ( 'NONE', *, *, #3131, .T. ) ;
#374 = EDGE_CURVE ( 'NONE', #2071, #6650, #3583, .T. ) ;
#375 = ORIENTED_EDGE ( 'NONE', *, *, #5554, .T. ) ;
#376 = ORIENTED_EDGE ( 'NONE', *, *, #1700, .F. ) ;
#377 = DIRECTION ( 'NONE',  ( 3.652049423109066300E-016, 0.0000000000000000000, -1.000000000000000000 ) ) ;
#378 = FACE_BOUND ( 'NONE', #1671, .T. ) ;
#379 = ORIENTED_EDGE ( 'NONE', *, *, #150, .T. ) ;
#380 = DIRECTION ( 'NONE',  ( 0.0000000000000000000, -0.7071067811865463500, -0.7071067811865487900 ) ) ;
#381 = VECTOR ( 'NONE', #3863, 1000.000000000000000 ) ;
#382 = DIRECTION ( 'NONE',  ( 1.000000000000000000, -0.0000000000000000000, -0.0000000000000000000 ) ) ;
#383 = DIRECTION ( 'NONE',  ( 0.0000000000000000000, 0.0000000000000000000, -1.000000000000000000 ) ) ;
#384 = DIRECTION ( 'NONE',  ( 1.000000000000000000, -0.0000000000000000000, 0.0000000000000000000 ) ) ;
#385 = VERTEX_POINT ( 'NONE', #6576 ) ;
#386 = ORIENTED_EDGE ( 'NONE', *, *, #858, .T. ) ;
#387 = PERSON_AND_ORGANIZATION_ROLE ( 'creator' ) ;
#388 = FACE_BOUND ( 'NONE', #1209, .T. ) ;
#389 = ORIENTED_EDGE ( 'NONE', *, *, #1417, .F. ) ;
#390 = EDGE_CURVE ( 'NONE', #4270, #3009, #2143, .T. ) ;
#391 = CARTESIAN_POINT ( 'NONE',  ( 4.724999999999991700, 64.00000000000000000, 16.00000000000000400 ) ) ;
#392 = CARTESIAN_POINT ( 'NONE',  ( 2.465133360598619700E-015, 120.0000000000000000, -13.50000000000000200 ) ) ;
#393 = CARTESIAN_POINT ( 'NONE',  ( 6.749999999999990200, 88.00000000000002800, 13.50000000000000000 ) ) ;
#394 = ORIENTED_EDGE ( 'NONE', *, *, #6900, .T. ) ;
#395 = ORIENTED_EDGE ( 'NONE', *, *, #5054, .T. ) ;
#396 = EDGE_CURVE ( 'NONE', #459, #2530, #6154, .T. ) ;
#397 = AXIS2_PLACEMENT_3D ( 'NONE', #4238, #5300, #3636 ) ;
#398 = CARTESIAN_POINT ( 'NONE',  ( 8.774999999999987900, 80.00000000000001400, 16.00000000000000400 ) ) ;
#399 = CYLINDRICAL_SURFACE ( 'NONE', #653, 2.024999999999998100 ) ;
#400 = DIRECTION ( 'NONE',  ( 1.000000000000000000, -0.0000000000000000000, -0.0000000000000000000 ) ) ;
#401 = EDGE_CURVE ( 'NONE', #2393, #3777, #2409, .T. ) ;
#402 = EDGE_LOOP ( 'NONE', ( #1132, #5590, #2196, #5141 ) ) ;
#403 = CIRCLE ( 'NONE', #145, 2.024999999999997200 ) ;
#404 = ORIENTED_EDGE ( 'NONE', *, *, #4129, .T. ) ;
#405 = PERSON_AND_ORGANIZATION_ROLE ( 'design_supplier' ) ;
#406 = EDGE_CURVE ( 'NONE', #1798, #2832, #1743, .T. ) ;
#407 = EDGE_CURVE ( 'NONE', #5025, #5159, #730, .T. ) ;
#408 = ORIENTED_EDGE ( 'NONE', *, *, #3856, .T. ) ;
#409 = CARTESIAN_POINT ( 'NONE',  ( 1.250000000000000200, 33.91717260614131400, 7.053390142335818100 ) ) ;
#410 = DIRECTION ( 'NONE',  ( 0.0000000000000000000, -0.7071067811865412400, 0.7071067811865537900 ) ) ;
#411 = AXIS2_PLACEMENT_3D ( 'NONE', #3077, #958, #2623 ) ;
#412 = EDGE_CURVE ( 'NONE', #5808, #1769, #5992, .T. ) ;
#413 = VERTEX_POINT ( 'NONE', #2879 ) ;
#414 = CARTESIAN_POINT ( 'NONE',  ( -1.249999999999999800, 59.31370849898476600, 2.024999999999999900 ) ) ;
#415 = DIRECTION ( 'NONE',  ( -1.000000000000000000, 0.0000000000000000000, 0.0000000000000000000 ) ) ;
#416 = ORIENTED_EDGE ( 'NONE', *, *, #4315, .T. ) ;
#417 = DIRECTION ( 'NONE',  ( 0.0000000000000000000, 0.0000000000000000000, -1.000000000000000000 ) ) ;
#418 = DIRECTION ( 'NONE',  ( -1.000000000000000000, 0.0000000000000000000, 0.0000000000000000000 ) ) ;
#419 = CIRCLE ( 'NONE', #4627, 2.024999999999998100 ) ;
#420 = ORIENTED_EDGE ( 'NONE', *, *, #4139, .F. ) ;
#421 = ORIENTED_EDGE ( 'NONE', *, *, #2161, .T. ) ;
#422 =( NAMED_UNIT ( * ) PLANE_ANGLE_UNIT ( ) SI_UNIT ( $, .RADIAN. ) );
#423 = LINE ( 'NONE', #4757, #5087 ) ;
#424 = EDGE_CURVE ( 'NONE', #5147, #177, #6242, .T. ) ;
#425 = CARTESIAN_POINT ( 'NONE',  ( 1.250000000000000200, 40.00000000000000000, 8.000000000000000000 ) ) ;
#426 = VECTOR ( 'NONE', #1449, 1000.000000000000000 ) ;
#427 = VERTEX_POINT ( 'NONE', #4447 ) ;
#428 = VERTEX_POINT ( 'NONE', #2809 ) ;
#429 = CARTESIAN_POINT ( 'NONE',  ( -1.249999999999999800, 13.43189123190266600, 13.43189123190281200 ) ) ;
#430 = DIRECTION ( 'NONE',  ( 1.000000000000000000, -0.0000000000000000000, -0.0000000000000000000 ) ) ;
#431 = LINE ( 'NONE', #4965, #2589 ) ;
#432 = CARTESIAN_POINT ( 'NONE',  ( 6.749999999999989300, 88.00000000000002800, 16.00000000000000400 ) ) ;
#433 = AXIS2_PLACEMENT_3D ( 'NONE', #6519, #3329, #685 ) ;
#434 = FACE_OUTER_BOUND ( 'NONE', #25, .T. ) ;
#435 = VERTEX_POINT ( 'NONE', #6595 ) ;
#436 = LOCAL_TIME ( 11, 50, 23.00000000000000000, #3455 ) ;
#437 = ORIENTED_EDGE ( 'NONE', *, *, #6037, .F. ) ;
#438 = VERTEX_POINT ( 'NONE', #261 ) ;
#439 = FACE_OUTER_BOUND ( 'NONE', #1384, .T. ) ;
#440 = VECTOR ( 'NONE', #5795, 1000.000000000000000 ) ;
#441 = DIRECTION ( 'NONE',  ( 0.0000000000000000000, 0.0000000000000000000, -1.000000000000000000 ) ) ;
#442 = CARTESIAN_POINT ( 'NONE',  ( 4.725000000000001400, 72.00000000000001400, -13.50000000000000200 ) ) ;
#443 = LINE ( 'NONE', #5441, #1031 ) ;
#444 = DIRECTION ( 'NONE',  ( 3.652049423109066300E-016, -0.0000000000000000000, -1.000000000000000000 ) ) ;
#445 = DIRECTION ( 'NONE',  ( 0.0000000000000000000, -0.7071067811865463500, 0.7071067811865487900 ) ) ;
#446 = ORIENTED_EDGE ( 'NONE', *, *, #5903, .F. ) ;
#447 = ORIENTED_EDGE ( 'NONE', *, *, #1839, .F. ) ;
#448 = EDGE_CURVE ( 'NONE', #2033, #3229, #3160, .T. ) ;
#449 = CIRCLE ( 'NONE', #3625, 2.024999999999990100 ) ;
#450 = FACE_OUTER_BOUND ( 'NONE', #3042, .T. ) ;
#451 = VECTOR ( 'NONE', #5066, 1000.000000000000000 ) ;
#452 = CARTESIAN_POINT ( 'NONE',  ( -1.249999999999999800, 87.51471862576144600, -8.485281374238566000 ) ) ;
#453 = ORIENTED_EDGE ( 'NONE', *, *, #6365, .T. ) ;
#454 = CYLINDRICAL_SURFACE ( 'NONE', #4963, 2.024999999999998100 ) ;
#455 = AXIS2_PLACEMENT_3D ( 'NONE', #1482, #5202, #1999 ) ;
#456 = EDGE_CURVE ( 'NONE', #2974, #2438, #5414, .T. ) ;
#457 = DIRECTION ( 'NONE',  ( 0.0000000000000000000, 0.0000000000000000000, -1.000000000000000000 ) ) ;
#458 = CARTESIAN_POINT ( 'NONE',  ( 4.724999999999993400, 112.0000000000000100, 13.50000000000000000 ) ) ;
#459 = VERTEX_POINT ( 'NONE', #6558 ) ;
#460 = ORIENTED_EDGE ( 'NONE', *, *, #638, .F. ) ;
#461 = ADVANCED_FACE ( 'NONE', ( #5324, #4835, #3315, #4655, #4254, #1400, #2297, #6225, #4583, #4910, #3147, #1815, #3830, #388, #2708, #6469, #5058, #5556, #4723, #6300, #2964, #6375, #3899, #139, #5649, #5281, #5451, #3629, #2948, #4710 ), #3432, .T. ) ;
#462 = DIRECTION ( 'NONE',  ( 0.0000000000000000000, 0.0000000000000000000, -1.000000000000000000 ) ) ;
#463 = AXIS2_PLACEMENT_3D ( 'NONE', #892, #1427, #4166 ) ;
#464 = ORIENTED_EDGE ( 'NONE', *, *, #3764, .F. ) ;
#465 = DIRECTION ( 'NONE',  ( 0.0000000000000000000, 0.7071067811865505700, -0.7071067811865444600 ) ) ;
#466 = ORIENTED_EDGE ( 'NONE', *, *, #3221, .T. ) ;
#467 = EDGE_CURVE ( 'NONE', #6523, #5017, #3294, .T. ) ;
#468 = ADVANCED_FACE ( 'NONE', ( #5960 ), #4638, .F. ) ;
#469 = DIRECTION ( 'NONE',  ( 3.652049423109066300E-016, 0.0000000000000000000, -1.000000000000000000 ) ) ;
#470 = ORIENTED_EDGE ( 'NONE', *, *, #6383, .F. ) ;
#471 = PLANE ( 'NONE',  #1580 ) ;
#472 = AXIS2_PLACEMENT_3D ( 'NONE', #2969, #6732, #6203 ) ;
#473 = VERTEX_POINT ( 'NONE', #3559 ) ;
#474 = CARTESIAN_POINT ( 'NONE',  ( 6.749999999999989300, 16.00000000000000700, 16.00000000000000400 ) ) ;
#475 = CARTESIAN_POINT ( 'NONE',  ( -1.249999999999999800, 65.43189123190276700, -9.431891231902755000 ) ) ;
#476 = EDGE_CURVE ( 'NONE', #6497, #3949, #1203, .T. ) ;
#477 = AXIS2_PLACEMENT_3D ( 'NONE', #2739, #1077, #1101 ) ;
#478 = CARTESIAN_POINT ( 'NONE',  ( 1.250000000000000200, 87.51471862576144600, -8.485281374238566000 ) ) ;
#479 = DIRECTION ( 'NONE',  ( 1.000000000000000000, -0.0000000000000000000, -0.0000000000000000000 ) ) ;
#480 = DIRECTION ( 'NONE',  ( -1.000000000000000000, -0.0000000000000000000, -0.0000000000000000000 ) ) ;
#481 = EDGE_LOOP ( 'NONE', ( #547, #2081, #5463, #3445 ) ) ;
#482 = DIRECTION ( 'NONE',  ( 1.000000000000000000, 0.0000000000000000000, 0.0000000000000000000 ) ) ;
#483 = FACE_OUTER_BOUND ( 'NONE', #1240, .T. ) ;
#484 = CARTESIAN_POINT ( 'NONE',  ( -1.249999999999999800, 48.00000000000000000, -2.024999999999999900 ) ) ;
#485 = LINE ( 'NONE', #2306, #3023 ) ;
#487 = DIRECTION ( 'NONE',  ( 0.0000000000000000000, 0.0000000000000000000, -1.000000000000000000 ) ) ;
#486 = CARTESIAN_POINT ( 'NONE',  ( -1.249999999999999800, 81.43189123190275300, -6.568108768097234300 ) ) ;
#489 = EDGE_CURVE ( 'NONE', #6775, #1035, #2461, .T. ) ;
#488 = VECTOR ( 'NONE', #3444, 1000.000000000000000 ) ;
#490 = ORIENTED_EDGE ( 'NONE', *, *, #901, .F. ) ;
#491 = EDGE_LOOP ( 'NONE', ( #6912, #3633, #466, #3134, #5666 ) ) ;
#492 = ORIENTED_EDGE ( 'NONE', *, *, #5716, .F. ) ;
#493 = DIRECTION ( 'NONE',  ( 0.0000000000000000000, 0.7071067811865500200, -0.7071067811865450200 ) ) ;
#494 = LINE ( 'NONE', #4008, #6005 ) ;
#495 = CARTESIAN_POINT ( 'NONE',  ( -1.249999999999999800, 102.5681087680972500, -9.431891231902755000 ) ) ;
#496 = ADVANCED_FACE ( 'NONE', ( #6544 ), #41, .F. ) ;
#497 = AXIS2_PLACEMENT_3D ( 'NONE', #3208, #3756, #1064 ) ;
#498 = VERTEX_POINT ( 'NONE', #5069 ) ;
#499 = ORIENTED_EDGE ( 'NONE', *, *, #271, .F. ) ;
#500 = VECTOR ( 'NONE', #3076, 999.9999999999998900 ) ;
#501 = FACE_OUTER_BOUND ( 'NONE', #4639, .T. ) ;
#502 = DIRECTION ( 'NONE',  ( 1.000000000000000000, 0.0000000000000000000, 0.0000000000000000000 ) ) ;
#503 = CARTESIAN_POINT ( 'NONE',  ( -1.249999999999999800, 82.56810876809728900, 10.56810876809721700 ) ) ;
#504 = ORIENTED_EDGE ( 'NONE', *, *, #3941, .T. ) ;
#505 = ORIENTED_EDGE ( 'NONE', *, *, #2656, .T. ) ;
#506 = LINE ( 'NONE', #838, #2834 ) ;
#507 = LINE ( 'NONE', #4494, #4454 ) ;
#508 = AXIS2_PLACEMENT_3D ( 'NONE', #2930, #257, #6192 ) ;
#509 = VERTEX_POINT ( 'NONE', #6224 ) ;
#510 = DIRECTION ( 'NONE',  ( 0.0000000000000000000, -1.000000000000000000, 0.0000000000000000000 ) ) ;
#511 = ORIENTED_EDGE ( 'NONE', *, *, #329, .T. ) ;
#512 = EDGE_CURVE ( 'NONE', #775, #4135, #1944, .T. ) ;
#513 = EDGE_LOOP ( 'NONE', ( #6342, #5065, #4105, #42 ) ) ;
#514 = DIRECTION ( 'NONE',  ( 3.652049423109066300E-016, 0.0000000000000000000, -1.000000000000000000 ) ) ;
#515 = CARTESIAN_POINT ( 'NONE',  ( 1.250000000000000200, 13.43189123190261800, 13.43189123190273400 ) ) ;
#516 = DIRECTION ( 'NONE',  ( 0.0000000000000000000, 0.0000000000000000000, -1.000000000000000000 ) ) ;
#517 = FACE_OUTER_BOUND ( 'NONE', #6537, .T. ) ;
#518 = LINE ( 'NONE', #475, #4374 ) ;
#519 = VECTOR ( 'NONE', #999, 1000.000000000000000 ) ;
#520 = ORIENTED_EDGE ( 'NONE', *, *, #1529, .T. ) ;
#521 = CARTESIAN_POINT ( 'NONE',  ( 6.750000000000000000, 112.0000000000000100, -13.50000000000000200 ) ) ;
#522 = CARTESIAN_POINT ( 'NONE',  ( -1.249999999999999800, 33.43189123190276000, -6.568108768097234300 ) ) ;
#523 = COORDINATED_UNIVERSAL_TIME_OFFSET ( 6, 0, .BEHIND. ) ;
#524 = ORIENTED_EDGE ( 'NONE', *, *, #6750, .T. ) ;
#525 = ORIENTED_EDGE ( 'NONE', *, *, #4849, .F. ) ;
#526 = DIRECTION ( 'NONE',  ( 3.652049423109066300E-016, -0.0000000000000000000, -1.000000000000000000 ) ) ;
#527 = CARTESIAN_POINT ( 'NONE',  ( -1.249999999999999800, 78.56810876809724700, 9.431891231902756800 ) ) ;
#528 = EDGE_CURVE ( 'NONE', #2071, #6353, #4625, .T. ) ;
#529 = AXIS2_PLACEMENT_3D ( 'NONE', #3630, #932, #417 ) ;
#530 = CYLINDRICAL_SURFACE ( 'NONE', #272, 2.025000000000004400 ) ;
#531 = VECTOR ( 'NONE', #5010, 1000.000000000000000 ) ;
#532 = ORIENTED_EDGE ( 'NONE', *, *, #4489, .T. ) ;
#533 = EDGE_LOOP ( 'NONE', ( #2186, #3656, #1969, #359 ) ) ;
#534 = DIRECTION ( 'NONE',  ( 1.826024711554532900E-016, -0.0000000000000000000, 1.000000000000000000 ) ) ;
#535 = VERTEX_POINT ( 'NONE', #5138 ) ;
#536 = CARTESIAN_POINT ( 'NONE',  ( -46.75000000000000000, 9.917172606141329900, -7.053390142335807400 ) ) ;
#537 = LINE ( 'NONE', #1330, #451 ) ;
#538 = EDGE_CURVE ( 'NONE', #2266, #5184, #3210, .T. ) ;
#539 = ORIENTED_EDGE ( 'NONE', *, *, #4615, .F. ) ;
#540 = ADVANCED_FACE ( 'NONE', ( #1783 ), #3197, .F. ) ;
#541 = EDGE_CURVE ( 'NONE', #4654, #5196, #2106, .T. ) ;
#542 = CARTESIAN_POINT ( 'NONE',  ( 2.465133360598619700E-015, 0.0000000000000000000, 13.50000000000000200 ) ) ;
#543 = CARTESIAN_POINT ( 'NONE',  ( 1.250000000000000200, 102.5681087680972600, 9.431891231902756800 ) ) ;
#544 = DIRECTION ( 'NONE',  ( 1.000000000000000000, -0.0000000000000000000, -0.0000000000000000000 ) ) ;
#545 = DIRECTION ( 'NONE',  ( 1.000000000000000000, -0.0000000000000000000, 0.0000000000000000000 ) ) ;
#546 = CYLINDRICAL_SURFACE ( 'NONE', #1389, 2.024999999999998100 ) ;
#547 = ORIENTED_EDGE ( 'NONE', *, *, #3953, .F. ) ;
#548 = ORIENTED_EDGE ( 'NONE', *, *, #5764, .F. ) ;
#549 = EDGE_CURVE ( 'NONE', #1718, #1930, #2025, .T. ) ;
#550 = CARTESIAN_POINT ( 'NONE',  ( -1.250000000000001100, 111.9999999999999900, 8.000000000000010700 ) ) ;
#551 = CARTESIAN_POINT ( 'NONE',  ( 1.250000000000000200, 9.917172606141329900, -7.053390142335807400 ) ) ;
#552 = ORIENTED_EDGE ( 'NONE', *, *, #396, .F. ) ;
#553 = DIRECTION ( 'NONE',  ( 3.652049423109066300E-016, 0.0000000000000000000, -1.000000000000000000 ) ) ;
#554 = AXIS2_PLACEMENT_3D ( 'NONE', #6014, #4917, #6510 ) ;
#555 = CYLINDRICAL_SURFACE ( 'NONE', #4020, 2.024999999999998100 ) ;
#556 = DIRECTION ( 'NONE',  ( 0.0000000000000000000, -0.7071067811865513500, 0.7071067811865436900 ) ) ;
#557 = VERTEX_POINT ( 'NONE', #1054 ) ;
#558 = CARTESIAN_POINT ( 'NONE',  ( 6.749999999999989300, 112.0000000000000100, 16.00000000000000400 ) ) ;
#559 = ORIENTED_EDGE ( 'NONE', *, *, #2027, .F. ) ;
#560 = EDGE_CURVE ( 'NONE', #6759, #3474, #5796, .T. ) ;
#561 = DIRECTION ( 'NONE',  ( 1.000000000000000000, 0.0000000000000000000, 0.0000000000000000000 ) ) ;
#562 = CARTESIAN_POINT ( 'NONE',  ( 6.749999999999990200, 40.00000000000000700, 13.50000000000000000 ) ) ;
#563 = ORIENTED_EDGE ( 'NONE', *, *, #309, .F. ) ;
#564 = CARTESIAN_POINT ( 'NONE',  ( 4.725000000000003200, 32.00000000000000700, -15.99999999999999600 ) ) ;
#565 = AXIS2_PLACEMENT_3D ( 'NONE', #5255, #3146, #6857 ) ;
#566 = CYLINDRICAL_SURFACE ( 'NONE', #848, 2.024999999999998100 ) ;
#567 = ORIENTED_EDGE ( 'NONE', *, *, #663, .F. ) ;
#568 = DIRECTION ( 'NONE',  ( 1.000000000000000000, -0.0000000000000000000, 0.0000000000000000000 ) ) ;
#569 = DIRECTION ( 'NONE',  ( 3.652049423109066300E-016, -0.0000000000000000000, -1.000000000000000000 ) ) ;
#570 = ADVANCED_FACE ( 'NONE', ( #1540 ), #1124, .F. ) ;
#571 = EDGE_LOOP ( 'NONE', ( #5807, #2831, #2241, #4239 ) ) ;
#572 = DIRECTION ( 'NONE',  ( 1.000000000000000000, 0.0000000000000000000, 0.0000000000000000000 ) ) ;
#573 = EDGE_CURVE ( 'NONE', #4297, #6286, #6359, .T. ) ;
#574 = CARTESIAN_POINT ( 'NONE',  ( 6.749999999999989300, 104.0000000000000100, 16.00000000000000400 ) ) ;
#575 = DIRECTION ( 'NONE',  ( 0.0000000000000000000, 0.0000000000000000000, -1.000000000000000000 ) ) ;
#576 = LINE ( 'NONE', #1422, #1583 ) ;
#577 = VECTOR ( 'NONE', #6478, 1000.000000000000000 ) ;
#578 = VERTEX_POINT ( 'NONE', #6423 ) ;
#579 = EDGE_LOOP ( 'NONE', ( #3389, #4854, #6545, #490 ) ) ;
#580 = DIRECTION ( 'NONE',  ( 0.0000000000000000000, 0.7071067811865505700, -0.7071067811865444600 ) ) ;
#581 = DIRECTION ( 'NONE',  ( 1.000000000000000000, 0.0000000000000000000, -0.0000000000000000000 ) ) ;
#582 = AXIS2_PLACEMENT_3D ( 'NONE', #1243, #3409, #4517 ) ;
#583 = DIRECTION ( 'NONE',  ( 1.000000000000000000, -0.0000000000000000000, 0.0000000000000000000 ) ) ;
#585 = CARTESIAN_POINT ( 'NONE',  ( 4.725000000000003200, 104.0000000000000100, -15.99999999999999600 ) ) ;
#584 = DIRECTION ( 'NONE',  ( 1.000000000000000000, -0.0000000000000000000, 0.0000000000000000000 ) ) ;
#586 = EDGE_CURVE ( 'NONE', #985, #498, #5452, .T. ) ;
#587 = CYLINDRICAL_SURFACE ( 'NONE', #1139, 2.025000000000002600 ) ;
#588 = EDGE_LOOP ( 'NONE', ( #2203, #6413 ) ) ;
#589 = ORIENTED_EDGE ( 'NONE', *, *, #6210, .F. ) ;
#590 = DIRECTION ( 'NONE',  ( 0.0000000000000000000, 0.7071067811865424700, -0.7071067811865526800 ) ) ;
#591 = CARTESIAN_POINT ( 'NONE',  ( 8.774999999999998600, 72.00000000000001400, -13.50000000000000200 ) ) ;
#592 = CIRCLE ( 'NONE', #6683, 2.024999999999997200 ) ;
#593 = VECTOR ( 'NONE', #3762, 1000.000000000000000 ) ;
#594 = CARTESIAN_POINT ( 'NONE',  ( 1.250000000000000200, 8.000000000000000000, 7.999999999999996400 ) ) ;
#595 = AXIS2_PLACEMENT_3D ( 'NONE', #1211, #4943, #1740 ) ;
#596 = ORIENTED_EDGE ( 'NONE', *, *, #1682, .F. ) ;
#597 = VERTEX_POINT ( 'NONE', #2177 ) ;
#598 = EDGE_CURVE ( 'NONE', #4370, #1522, #2774, .T. ) ;
#599 = DIRECTION ( 'NONE',  ( 3.652049423109066300E-016, 0.0000000000000000000, -1.000000000000000000 ) ) ;
#600 = DIRECTION ( 'NONE',  ( 0.0000000000000000000, 0.0000000000000000000, -1.000000000000000000 ) ) ;
#601 = CIRCLE ( 'NONE', #1444, 2.024999999999999000 ) ;
#602 = ORIENTED_EDGE ( 'NONE', *, *, #5604, .F. ) ;
#603 = ORIENTED_EDGE ( 'NONE', *, *, #2338, .T. ) ;
#604 = EDGE_LOOP ( 'NONE', ( #4436, #2011, #2259, #5871 ) ) ;
#605 = CYLINDRICAL_SURFACE ( 'NONE', #1506, 2.024999999999998100 ) ;
#606 = ADVANCED_FACE ( 'NONE', ( #6884 ), #2195, .F. ) ;
#607 = VECTOR ( 'NONE', #4233, 1000.000000000000100 ) ;
#608 = CARTESIAN_POINT ( 'NONE',  ( -46.75000000000000000, 110.0828273938586900, 7.053390142335830500 ) ) ;
#609 = FACE_OUTER_BOUND ( 'NONE', #4912, .T. ) ;
#610 = AXIS2_PLACEMENT_3D ( 'NONE', #1646, #5372, #5912 ) ;
#611 = CARTESIAN_POINT ( 'NONE',  ( -1.249999999999999800, 57.91717260614134200, -7.053390142335809200 ) ) ;
#612 = CARTESIAN_POINT ( 'NONE',  ( -1.249999999999999800, 84.68629150101523400, -2.024999999999999900 ) ) ;
#613 = EDGE_LOOP ( 'NONE', ( #2328, #1902, #2686, #1349 ) ) ;
#614 = VERTEX_POINT ( 'NONE', #1425 ) ;
#615 = FACE_BOUND ( 'NONE', #4351, .T. ) ;
#616 = CARTESIAN_POINT ( 'NONE',  ( 1.250000000000000200, 81.43189123190275300, -6.568108768097234300 ) ) ;
#617 = FACE_BOUND ( 'NONE', #925, .T. ) ;
#618 = ORIENTED_EDGE ( 'NONE', *, *, #2819, .F. ) ;
#619 = DIRECTION ( 'NONE',  ( 0.0000000000000000000, 0.0000000000000000000, -1.000000000000000000 ) ) ;
#620 = EDGE_CURVE ( 'NONE', #3302, #4297, #6456, .T. ) ;
#621 = AXIS2_PLACEMENT_3D ( 'NONE', #2134, #1102, #3227 ) ;
#622 = ORIENTED_EDGE ( 'NONE', *, *, #6762, .F. ) ;
#623 = DIRECTION ( 'NONE',  ( -1.000000000000000000, 0.0000000000000000000, 0.0000000000000000000 ) ) ;
#624 = DIRECTION ( 'NONE',  ( -1.000000000000000000, 0.0000000000000000000, 0.0000000000000000000 ) ) ;
#625 = EDGE_LOOP ( 'NONE', ( #5240, #5034, #880, #5778 ) ) ;
#626 = DIRECTION ( 'NONE',  ( 0.0000000000000000000, -0.7071067811865450200, 0.7071067811865501300 ) ) ;
#627 = ORIENTED_EDGE ( 'NONE', *, *, #3131, .F. ) ;
#628 = EDGE_CURVE ( 'NONE', #1923, #2462, #6447, .T. ) ;
#629 = CARTESIAN_POINT ( 'NONE',  ( -1.249999999999999800, 24.00000000000000000, -2.024999999999999900 ) ) ;
#630 = ORIENTED_EDGE ( 'NONE', *, *, #80, .F. ) ;
#631 = ORIENTED_EDGE ( 'NONE', *, *, #916, .T. ) ;
#632 = DIRECTION ( 'NONE',  ( 1.000000000000000000, -0.0000000000000000000, -0.0000000000000000000 ) ) ;
#633 = DIRECTION ( 'NONE',  ( 3.652049423109066300E-016, -0.0000000000000000000, -1.000000000000000000 ) ) ;
#634 = DIRECTION ( 'NONE',  ( 1.000000000000000000, -0.0000000000000000000, 0.0000000000000000000 ) ) ;
#635 = ORIENTED_EDGE ( 'NONE', *, *, #4786, .T. ) ;
#636 = AXIS2_PLACEMENT_3D ( 'NONE', #6923, #3729, #3150 ) ;
#637 = ORIENTED_EDGE ( 'NONE', *, *, #2493, .F. ) ;
#638 = EDGE_CURVE ( 'NONE', #4409, #4794, #2521, .T. ) ;
#639 = CARTESIAN_POINT ( 'NONE',  ( 1.250000000000000200, 79.05339014233581500, 9.917172606141324600 ) ) ;
#640 = DIRECTION ( 'NONE',  ( -1.000000000000000000, 0.0000000000000000000, 0.0000000000000000000 ) ) ;
#641 = ADVANCED_FACE ( 'NONE', ( #3802 ), #3620, .F. ) ;
#642 = ORIENTED_EDGE ( 'NONE', *, *, #6144, .F. ) ;
#643 = AXIS2_PLACEMENT_3D ( 'NONE', #6488, #4982, #2722 ) ;
#644 = CARTESIAN_POINT ( 'NONE',  ( -46.75000000000000000, 9.917172606141326300, 7.053390142335806500 ) ) ;
#645 = FACE_OUTER_BOUND ( 'NONE', #5870, .T. ) ;
#646 = EDGE_CURVE ( 'NONE', #5862, #5624, #4548, .T. ) ;
#647 = DIRECTION ( 'NONE',  ( 1.000000000000000000, -0.0000000000000000000, 0.0000000000000000000 ) ) ;
#648 = CARTESIAN_POINT ( 'NONE',  ( 6.749999999999989300, 112.0000000000000100, 16.00000000000000400 ) ) ;
#649 = CARTESIAN_POINT ( 'NONE',  ( -1.249999999999999800, 61.43189123190278900, -13.43189123190274400 ) ) ;
#650 = CARTESIAN_POINT ( 'NONE',  ( 6.749999999999989300, 56.00000000000000700, 16.00000000000000400 ) ) ;
#651 = VERTEX_POINT ( 'NONE', #2913 ) ;
#652 = CARTESIAN_POINT ( 'NONE',  ( 1.250000000000000200, 40.00000000000000700, -7.999999999999996400 ) ) ;
#653 = AXIS2_PLACEMENT_3D ( 'NONE', #2194, #5937, #3281 ) ;
#654 = CIRCLE ( 'NONE', #5046, 2.024999999999997200 ) ;
#655 = CARTESIAN_POINT ( 'NONE',  ( 8.774999999999998600, 80.00000000000001400, -13.50000000000000200 ) ) ;
#656 = LINE ( 'NONE', #4529, #6000 ) ;
#657 = ORIENTED_EDGE ( 'NONE', *, *, #5787, .F. ) ;
#658 = LINE ( 'NONE', #2975, #3683 ) ;
#659 = DIRECTION ( 'NONE',  ( 1.000000000000000000, -0.0000000000000000000, 0.0000000000000000000 ) ) ;
#660 = ORIENTED_EDGE ( 'NONE', *, *, #5277, .F. ) ;
#661 = VERTEX_POINT ( 'NONE', #5120 ) ;
#662 = VECTOR ( 'NONE', #556, 1000.000000000000000 ) ;
#663 = EDGE_CURVE ( 'NONE', #4306, #3964, #1533, .T. ) ;
#664 = DIRECTION ( 'NONE',  ( 0.0000000000000000000, 0.0000000000000000000, -1.000000000000000000 ) ) ;
#665 = EDGE_CURVE ( 'NONE', #5934, #5358, #2183, .T. ) ;
#666 = ORIENTED_EDGE ( 'NONE', *, *, #4493, .F. ) ;
#667 = ORIENTED_EDGE ( 'NONE', *, *, #3491, .T. ) ;
#668 = FACE_OUTER_BOUND ( 'NONE', #6789, .T. ) ;
#669 = FACE_OUTER_BOUND ( 'NONE', #3518, .T. ) ;
#670 = ADVANCED_FACE ( 'NONE', ( #6275 ), #5365, .F. ) ;
#671 = DIRECTION ( 'NONE',  ( 0.0000000000000000000, 0.0000000000000000000, -1.000000000000000000 ) ) ;
#672 = DIRECTION ( 'NONE',  ( 0.0000000000000000000, 0.0000000000000000000, -1.000000000000000000 ) ) ;
#673 = AXIS2_PLACEMENT_3D ( 'NONE', #2999, #255, #311 ) ;
#674 = DIRECTION ( 'NONE',  ( 0.0000000000000000000, 0.0000000000000000000, -1.000000000000000000 ) ) ;
#675 = ORIENTED_EDGE ( 'NONE', *, *, #12, .F. ) ;
#676 = ORIENTED_EDGE ( 'NONE', *, *, #5910, .T. ) ;
#677 = CARTESIAN_POINT ( 'NONE',  ( -1.249999999999999800, 80.48528137423856800, 8.485281374238569500 ) ) ;
#678 = EDGE_CURVE ( 'NONE', #223, #1950, #2848, .T. ) ;
#679 = DIRECTION ( 'NONE',  ( 1.000000000000000000, -0.0000000000000000000, -0.0000000000000000000 ) ) ;
#680 = LINE ( 'NONE', #3188, #6184 ) ;
#681 = DIRECTION ( 'NONE',  ( 1.000000000000000000, -0.0000000000000000000, -0.0000000000000000000 ) ) ;
#682 = FACE_BOUND ( 'NONE', #3693, .T. ) ;
#683 = VERTEX_POINT ( 'NONE', #2864 ) ;
#684 = DIRECTION ( 'NONE',  ( -1.000000000000000000, 0.0000000000000000000, 0.0000000000000000000 ) ) ;
#685 = DIRECTION ( 'NONE',  ( 1.000000000000000000, 0.0000000000000000000, 0.0000000000000000000 ) ) ;
#686 = ORIENTED_EDGE ( 'NONE', *, *, #3639, .F. ) ;
#687 = ORIENTED_EDGE ( 'NONE', *, *, #4888, .F. ) ;
#688 = VECTOR ( 'NONE', #46, 1000.000000000000000 ) ;
#689 = AXIS2_PLACEMENT_3D ( 'NONE', #3314, #2759, #6460 ) ;
#690 = ORIENTED_EDGE ( 'NONE', *, *, #1036, .T. ) ;
#691 = EDGE_CURVE ( 'NONE', #5184, #1536, #199, .T. ) ;
#692 = ORIENTED_EDGE ( 'NONE', *, *, #6382, .F. ) ;
#693 = LINE ( 'NONE', #1912, #6717 ) ;
#694 = DIRECTION ( 'NONE',  ( 3.652049423109066300E-016, 0.0000000000000000000, -1.000000000000000000 ) ) ;
#695 = CIRCLE ( 'NONE', #2487, 2.025000000000000800 ) ;
#696 = ORIENTED_EDGE ( 'NONE', *, *, #3571, .T. ) ;
#697 = ORIENTED_EDGE ( 'NONE', *, *, #2767, .T. ) ;
#698 = FACE_BOUND ( 'NONE', #3339, .T. ) ;
#699 = DIRECTION ( 'NONE',  ( 1.000000000000000000, 0.0000000000000000000, 0.0000000000000000000 ) ) ;
#700 = ORIENTED_EDGE ( 'NONE', *, *, #1155, .T. ) ;
#701 = AXIS2_PLACEMENT_3D ( 'NONE', #345, #5718, #2980 ) ;
#702 = CARTESIAN_POINT ( 'NONE',  ( -1.249999999999999800, 56.00000000000000000, -7.999999999999994700 ) ) ;
#703 = CYLINDRICAL_SURFACE ( 'NONE', #4567, 2.024999999999999900 ) ;
#704 = VERTEX_POINT ( 'NONE', #6137 ) ;
#705 = PLANE ( 'NONE',  #4084 ) ;
#706 = FACE_OUTER_BOUND ( 'NONE', #6008, .T. ) ;
#707 = CARTESIAN_POINT ( 'NONE',  ( 4.724999999999991700, 24.00000000000000700, 16.00000000000000400 ) ) ;
#708 = ADVANCED_FACE ( 'NONE', ( #4877 ), #6107, .F. ) ;
#709 = EDGE_CURVE ( 'NONE', #5423, #3964, #279, .T. ) ;
#710 = AXIS2_PLACEMENT_3D ( 'NONE', #4035, #1393, #1910 ) ;
#711 = VERTEX_POINT ( 'NONE', #6233 ) ;
#712 = ORIENTED_EDGE ( 'NONE', *, *, #2391, .F. ) ;
#713 = CARTESIAN_POINT ( 'NONE',  ( -1.249999999999999800, 56.48528137423856100, 8.485281374238569500 ) ) ;
#714 = VERTEX_POINT ( 'NONE', #6706 ) ;
#715 = AXIS2_PLACEMENT_3D ( 'NONE', #1005, #445, #5861 ) ;
#716 = EDGE_CURVE ( 'NONE', #6797, #3446, #4292, .T. ) ;
#717 = CYLINDRICAL_SURFACE ( 'NONE', #77, 2.024999999999999900 ) ;
#718 = VERTEX_POINT ( 'NONE', #2491 ) ;
#719 = DIRECTION ( 'NONE',  ( -1.000000000000000000, 0.0000000000000000000, 0.0000000000000000000 ) ) ;
#720 = LINE ( 'NONE', #2359, #3149 ) ;
#721 = DIRECTION ( 'NONE',  ( 1.000000000000000000, -0.0000000000000000000, -0.0000000000000000000 ) ) ;
#722 = DIRECTION ( 'NONE',  ( 0.0000000000000000000, 0.0000000000000000000, 1.000000000000000000 ) ) ;
#723 = DIRECTION ( 'NONE',  ( 0.0000000000000000000, 1.000000000000000000, 0.0000000000000000000 ) ) ;
#724 = DIRECTION ( 'NONE',  ( 1.826024711554532900E-016, -0.0000000000000000000, 1.000000000000000000 ) ) ;
#725 = AXIS2_PLACEMENT_3D ( 'NONE', #3145, #5328, #5307 ) ;
#726 = EDGE_LOOP ( 'NONE', ( #4732, #119, #1162, #1283, #5693 ) ) ;
#727 = PLANE ( 'NONE',  #3132 ) ;
#728 = DIRECTION ( 'NONE',  ( 1.000000000000000000, -0.0000000000000000000, -0.0000000000000000000 ) ) ;
#729 = CARTESIAN_POINT ( 'NONE',  ( 4.724999999999991700, 72.00000000000001400, 16.00000000000000400 ) ) ;
#730 = CIRCLE ( 'NONE', #2746, 2.024999999999997200 ) ;
#731 = ORIENTED_EDGE ( 'NONE', *, *, #4541, .F. ) ;
#732 = DIRECTION ( 'NONE',  ( 3.652049423109066300E-016, -0.0000000000000000000, -1.000000000000000000 ) ) ;
#733 = EDGE_CURVE ( 'NONE', #5061, #6937, #5533, .T. ) ;
#734 = EDGE_LOOP ( 'NONE', ( #6075, #6862, #6163, #1154, #5140 ) ) ;
#735 = ADVANCED_FACE ( 'NONE', ( #2763 ), #896, .T. ) ;
#736 = DIRECTION ( 'NONE',  ( 1.000000000000000000, 0.0000000000000000000, 0.0000000000000000000 ) ) ;
#737 = EDGE_LOOP ( 'NONE', ( #4217, #1074 ) ) ;
#738 = LINE ( 'NONE', #4175, #6503 ) ;
#739 = DIRECTION ( 'NONE',  ( 1.000000000000000000, -0.0000000000000000000, 0.0000000000000000000 ) ) ;
#740 = LINE ( 'NONE', #1335, #6505 ) ;
#741 = EDGE_CURVE ( 'NONE', #6303, #6598, #5786, .T. ) ;
#742 = AXIS2_PLACEMENT_3D ( 'NONE', #6462, #3269, #600 ) ;
#743 = ORIENTED_EDGE ( 'NONE', *, *, #2278, .T. ) ;
#744 = ORIENTED_EDGE ( 'NONE', *, *, #5110, .F. ) ;
#745 = DIRECTION ( 'NONE',  ( 1.000000000000000000, -0.0000000000000000000, -0.0000000000000000000 ) ) ;
#746 = CYLINDRICAL_SURFACE ( 'NONE', #1640, 2.024999999999998100 ) ;
#747 = CIRCLE ( 'NONE', #5192, 2.024999999999999900 ) ;
#748 = CARTESIAN_POINT ( 'NONE',  ( 1.250000000000000200, 72.00000000000001400, 0.0000000000000000000 ) ) ;
#749 = VERTEX_POINT ( 'NONE', #6733 ) ;
#750 = ORIENTED_EDGE ( 'NONE', *, *, #901, .T. ) ;
#751 = LINE ( 'NONE', #1828, #5611 ) ;
#752 = EDGE_CURVE ( 'NONE', #3378, #3430, #2352, .T. ) ;
#753 = DIRECTION ( 'NONE',  ( -1.000000000000000000, 0.0000000000000000000, 0.0000000000000000000 ) ) ;
#754 = CIRCLE ( 'NONE', #6087, 2.025000000000004400 ) ;
#755 = EDGE_CURVE ( 'NONE', #6450, #4967, #6033, .T. ) ;
#756 = FACE_OUTER_BOUND ( 'NONE', #4302, .T. ) ;
#757 = CARTESIAN_POINT ( 'NONE',  ( 1.250000000000000200, 79.99999999999998600, 5.975000000000009400 ) ) ;
#758 = DIRECTION ( 'NONE',  ( 3.652049423109066300E-016, 0.0000000000000000000, -1.000000000000000000 ) ) ;
#759 = ORIENTED_EDGE ( 'NONE', *, *, #1471, .T. ) ;
#760 = EDGE_LOOP ( 'NONE', ( #4065, #6062, #3795, #5332 ) ) ;
#761 = VERTEX_POINT ( 'NONE', #1503 ) ;
#762 = FACE_OUTER_BOUND ( 'NONE', #4293, .T. ) ;
#763 = DIRECTION ( 'NONE',  ( 1.000000000000000000, -0.0000000000000000000, -0.0000000000000000000 ) ) ;
#764 = CARTESIAN_POINT ( 'NONE',  ( -1.249999999999999800, 24.00000000000000000, -6.999999999999999100 ) ) ;
#765 = DIRECTION ( 'NONE',  ( 3.652049423109066300E-016, 0.0000000000000000000, -1.000000000000000000 ) ) ;
#766 = VECTOR ( 'NONE', #3718, 1000.000000000000000 ) ;
#767 = AXIS2_PLACEMENT_3D ( 'NONE', #5858, #6824, #415 ) ;
#768 = DIRECTION ( 'NONE',  ( -1.000000000000000000, 0.0000000000000000000, -0.0000000000000000000 ) ) ;
#769 = DIRECTION ( 'NONE',  ( 0.0000000000000000000, -0.7071067811865450200, 0.7071067811865501300 ) ) ;
#770 = VECTOR ( 'NONE', #1370, 1000.000000000000000 ) ;
#771 = VERTEX_POINT ( 'NONE', #2541 ) ;
#772 = EDGE_CURVE ( 'NONE', #427, #43, #4698, .T. ) ;
#773 = COORDINATED_UNIVERSAL_TIME_OFFSET ( 6, 0, .BEHIND. ) ;
#774 = DIRECTION ( 'NONE',  ( 0.0000000000000000000, -0.7071067811865412400, -0.7071067811865537900 ) ) ;
#775 = VERTEX_POINT ( 'NONE', #336 ) ;
#776 = VERTEX_POINT ( 'NONE', #934 ) ;
#777 = CARTESIAN_POINT ( 'NONE',  ( -1.249999999999999800, 10.56810876809729100, 10.56810876809721700 ) ) ;
#778 = CYLINDRICAL_SURFACE ( 'NONE', #4228, 6.999999999999999100 ) ;
#779 = LINE ( 'NONE', #2575, #5279 ) ;
#780 = CARTESIAN_POINT ( 'NONE',  ( 4.724999999999993400, 72.00000000000001400, 13.50000000000000000 ) ) ;
#781 = CARTESIAN_POINT ( 'NONE',  ( 1.250000000000000200, 10.56810876809729100, 10.56810876809721700 ) ) ;
#782 = ORIENTED_EDGE ( 'NONE', *, *, #59, .T. ) ;
#783 = CARTESIAN_POINT ( 'NONE',  ( 5.843279076974506900E-015, 0.0000000000000000000, -16.00000000000000000 ) ) ;
#784 = ORIENTED_EDGE ( 'NONE', *, *, #284, .F. ) ;
#785 = CARTESIAN_POINT ( 'NONE',  ( 1.250000000000000200, 33.91717260614134200, -7.053390142335809200 ) ) ;
#786 = ADVANCED_FACE ( 'NONE', ( #5711 ), #2681, .F. ) ;
#787 = VECTOR ( 'NONE', #626, 1000.000000000000100 ) ;
#788 = FACE_BOUND ( 'NONE', #726, .T. ) ;
#789 = CYLINDRICAL_SURFACE ( 'NONE', #5442, 2.024999999999999000 ) ;
#790 = FACE_OUTER_BOUND ( 'NONE', #2463, .T. ) ;
#791 = EDGE_CURVE ( 'NONE', #578, #1586, #4464, .T. ) ;
#792 = CARTESIAN_POINT ( 'NONE',  ( 1.250000000000000200, 40.94660985766420000, -9.917172606141322800 ) ) ;
#793 = VERTEX_POINT ( 'NONE', #1079 ) ;
#794 = ORIENTED_EDGE ( 'NONE', *, *, #2979, .F. ) ;
#795 = DIRECTION ( 'NONE',  ( 1.000000000000000000, -0.0000000000000000000, 0.0000000000000000000 ) ) ;
#796 = DIRECTION ( 'NONE',  ( 1.000000000000000000, -0.0000000000000000000, -0.0000000000000000000 ) ) ;
#797 = ORIENTED_EDGE ( 'NONE', *, *, #6863, .T. ) ;
#798 = AXIS2_PLACEMENT_3D ( 'NONE', #922, #4668, #1473 ) ;
#799 = DIRECTION ( 'NONE',  ( 1.000000000000000000, -0.0000000000000000000, 0.0000000000000000000 ) ) ;
#800 = ORIENTED_EDGE ( 'NONE', *, *, #2052, .T. ) ;
#801 = CARTESIAN_POINT ( 'NONE',  ( -1.249999999999999800, 83.31370849898475200, 0.0000000000000000000 ) ) ;
#802 = DIRECTION ( 'NONE',  ( 1.826024711554532900E-016, -0.0000000000000000000, 1.000000000000000000 ) ) ;
#803 = ORIENTED_EDGE ( 'NONE', *, *, #628, .F. ) ;
#804 = CARTESIAN_POINT ( 'NONE',  ( -1.249999999999999800, 31.99999999999999300, 5.975000000000009400 ) ) ;
#805 = EDGE_LOOP ( 'NONE', ( #6352, #3708, #1619, #3869 ) ) ;
#806 = DIRECTION ( 'NONE',  ( 0.0000000000000000000, 0.0000000000000000000, -1.000000000000000000 ) ) ;
#807 = EDGE_CURVE ( 'NONE', #3979, #4133, #5444, .T. ) ;
#808 = FACE_OUTER_BOUND ( 'NONE', #2874, .T. ) ;
#809 = ORIENTED_EDGE ( 'NONE', *, *, #4766, .F. ) ;
#810 = LINE ( 'NONE', #4987, #6831 ) ;
#811 = DIRECTION ( 'NONE',  ( 3.652049423109066300E-016, -0.0000000000000000000, -1.000000000000000000 ) ) ;
#812 = DIRECTION ( 'NONE',  ( 1.000000000000000000, -0.0000000000000000000, 0.0000000000000000000 ) ) ;
#813 = DIRECTION ( 'NONE',  ( 0.0000000000000000000, -0.7071067811865526800, -0.7071067811865424700 ) ) ;
#814 = AXIS2_PLACEMENT_3D ( 'NONE', #5744, #903, #4669 ) ;
#815 = VERTEX_POINT ( 'NONE', #2047 ) ;
#816 = EDGE_CURVE ( 'NONE', #5525, #1460, #4122, .T. ) ;
#817 = ADVANCED_FACE ( 'NONE', ( #6796 ), #3960, .F. ) ;
#818 = DIRECTION ( 'NONE',  ( 3.652049423109066300E-016, -0.0000000000000000000, -1.000000000000000000 ) ) ;
#819 = DIRECTION ( 'NONE',  ( 1.000000000000000000, -0.0000000000000000000, -0.0000000000000000000 ) ) ;
#820 = CARTESIAN_POINT ( 'NONE',  ( 6.750000000000000900, 24.00000000000000700, -15.99999999999999600 ) ) ;
#821 = CARTESIAN_POINT ( 'NONE',  ( -1.249999999999999800, 63.51471862576142500, 8.485281374238569500 ) ) ;
#822 = DIRECTION ( 'NONE',  ( 1.826024711554532900E-016, -0.0000000000000000000, 1.000000000000000000 ) ) ;
#823 = DIRECTION ( 'NONE',  ( 0.0000000000000000000, 0.0000000000000000000, -1.000000000000000000 ) ) ;
#824 = AXIS2_PLACEMENT_3D ( 'NONE', #3503, #6728, #5024 ) ;
#825 = CARTESIAN_POINT ( 'NONE',  ( 4.724999999999993400, 16.00000000000000700, 13.50000000000000000 ) ) ;
#826 = ORIENTED_EDGE ( 'NONE', *, *, #3916, .T. ) ;
#827 = EDGE_CURVE ( 'NONE', #3371, #4232, #601, .T. ) ;
#828 = CIRCLE ( 'NONE', #1361, 2.024999999999997200 ) ;
#829 = FACE_BOUND ( 'NONE', #2682, .T. ) ;
#830 = VERTEX_POINT ( 'NONE', #3108 ) ;
#831 = DIRECTION ( 'NONE',  ( 1.000000000000000000, 0.0000000000000000000, 0.0000000000000000000 ) ) ;
#832 = ORIENTED_EDGE ( 'NONE', *, *, #1645, .T. ) ;
#833 = DIRECTION ( 'NONE',  ( 0.0000000000000000000, 0.0000000000000000000, -1.000000000000000000 ) ) ;
#834 = ORIENTED_EDGE ( 'NONE', *, *, #2806, .T. ) ;
#835 = AXIS2_PLACEMENT_3D ( 'NONE', #6672, #5602, #3980 ) ;
#836 = FACE_OUTER_BOUND ( 'NONE', #513, .T. ) ;
#837 = CARTESIAN_POINT ( 'NONE',  ( 6.749999999999989300, 32.00000000000000700, 16.00000000000000400 ) ) ;
#838 = CARTESIAN_POINT ( 'NONE',  ( 4.724999999999991700, 40.00000000000000700, 16.00000000000000400 ) ) ;
#839 = CARTESIAN_POINT ( 'NONE',  ( 4.725000000000003200, 96.00000000000000000, -15.99999999999999600 ) ) ;
#840 = ORIENTED_EDGE ( 'NONE', *, *, #4193, .T. ) ;
#841 = ORIENTED_EDGE ( 'NONE', *, *, #4717, .T. ) ;
#842 = CARTESIAN_POINT ( 'NONE',  ( 1.250000000000000200, 31.05339014233581500, -9.917172606141326300 ) ) ;
#843 = DIRECTION ( 'NONE',  ( 1.000000000000000000, -0.0000000000000000000, 0.0000000000000000000 ) ) ;
#844 = DIRECTION ( 'NONE',  ( -1.000000000000000000, 0.0000000000000000000, 0.0000000000000000000 ) ) ;
#845 = LINE ( 'NONE', #707, #4610 ) ;
#846 = DIRECTION ( 'NONE',  ( 0.0000000000000000000, 0.7071067811865505700, -0.7071067811865444600 ) ) ;
#847 = EDGE_CURVE ( 'NONE', #2146, #4048, #3286, .T. ) ;
#848 = AXIS2_PLACEMENT_3D ( 'NONE', #6649, #6126, #4564 ) ;
#849 = EDGE_LOOP ( 'NONE', ( #3944, #618, #1483, #6666 ) ) ;
#850 = ORIENTED_EDGE ( 'NONE', *, *, #5985, .T. ) ;
#851 = DIRECTION ( 'NONE',  ( 1.000000000000000000, 0.0000000000000000000, -0.0000000000000000000 ) ) ;
#852 = CYLINDRICAL_SURFACE ( 'NONE', #4905, 2.024999999999998100 ) ;
#853 = ADVANCED_FACE ( 'NONE', ( #434 ), #4235, .F. ) ;
#854 = CIRCLE ( 'NONE', #5374, 2.024999999999998100 ) ;
#855 = LINE ( 'NONE', #1707, #356 ) ;
#856 = ORIENTED_EDGE ( 'NONE', *, *, #3326, .F. ) ;
#857 = ORIENTED_EDGE ( 'NONE', *, *, #187, .T. ) ;
#858 = EDGE_CURVE ( 'NONE', #6566, #4584, #4377, .T. ) ;
#859 = FACE_OUTER_BOUND ( 'NONE', #3598, .T. ) ;
#860 = CARTESIAN_POINT ( 'NONE',  ( 8.774999999999987900, 24.00000000000000700, 16.00000000000000400 ) ) ;
#861 = FACE_OUTER_BOUND ( 'NONE', #579, .T. ) ;
#862 = VECTOR ( 'NONE', #5384, 1000.000000000000000 ) ;
#863 = ORIENTED_EDGE ( 'NONE', *, *, #755, .F. ) ;
#864 = APPROVAL_PERSON_ORGANIZATION ( #5453, #1302, #4663 ) ;
#865 = ORIENTED_EDGE ( 'NONE', *, *, #4560, .F. ) ;
#866 = CIRCLE ( 'NONE', #3903, 2.025000000000002600 ) ;
#867 = CARTESIAN_POINT ( 'NONE',  ( -1.249999999999999800, 63.51471862576143900, -8.485281374238566000 ) ) ;
#868 = DIRECTION ( 'NONE',  ( 0.0000000000000000000, 0.7071067811865424700, -0.7071067811865526800 ) ) ;
#869 = CIRCLE ( 'NONE', #5216, 2.024999999999998100 ) ;
#870 = VERTEX_POINT ( 'NONE', #5268 ) ;
#871 = CARTESIAN_POINT ( 'NONE',  ( -1.249999999999999800, 61.43189123190261800, 13.43189123190273400 ) ) ;
#872 = ORIENTED_EDGE ( 'NONE', *, *, #3866, .F. ) ;
#873 = EDGE_LOOP ( 'NONE', ( #395, #4632, #2757, #6147 ) ) ;
#874 = DIRECTION ( 'NONE',  ( 0.0000000000000000000, 0.0000000000000000000, -1.000000000000000000 ) ) ;
#875 = VECTOR ( 'NONE', #5330, 1000.000000000000000 ) ;
#876 = CIRCLE ( 'NONE', #472, 2.024999999999999900 ) ;
#877 = APPROVAL_STATUS ( 'not_yet_approved' ) ;
#878 = AXIS2_PLACEMENT_3D ( 'NONE', #6768, #994, #6419 ) ;
#879 = ORIENTED_EDGE ( 'NONE', *, *, #6575, .F. ) ;
#880 = ORIENTED_EDGE ( 'NONE', *, *, #4083, .F. ) ;
#881 = EDGE_CURVE ( 'NONE', #6016, #830, #5952, .T. ) ;
#882 = VECTOR ( 'NONE', #6468, 1000.000000000000000 ) ;
#883 = CARTESIAN_POINT ( 'NONE',  ( -1.249999999999999800, 32.48528137423856100, 8.485281374238569500 ) ) ;
#884 = ORIENTED_EDGE ( 'NONE', *, *, #1226, .F. ) ;
#885 = CARTESIAN_POINT ( 'NONE',  ( -1.249999999999999800, 14.08282739385868400, -7.053390142335805600 ) ) ;
#886 = ORIENTED_EDGE ( 'NONE', *, *, #2506, .F. ) ;
#887 = ADVANCED_FACE ( 'NONE', ( #4628 ), #3752, .F. ) ;
#888 = DIRECTION ( 'NONE',  ( 0.0000000000000000000, 0.7071067811865469100, 0.7071067811865482400 ) ) ;
#889 = DIRECTION ( 'NONE',  ( 3.652049423109066300E-016, 0.0000000000000000000, -1.000000000000000000 ) ) ;
#890 = EDGE_CURVE ( 'NONE', #1275, #704, #1867, .T. ) ;
#891 = AXIS2_PLACEMENT_3D ( 'NONE', #5201, #895, #3106 ) ;
#892 = CARTESIAN_POINT ( 'NONE',  ( 6.749999999999989300, 88.00000000000002800, 16.00000000000000400 ) ) ;
#893 = CARTESIAN_POINT ( 'NONE',  ( 1.250000000000000200, 72.00000000000001400, -2.024999999999999900 ) ) ;
#894 = ORIENTED_EDGE ( 'NONE', *, *, #3856, .F. ) ;
#895 = DIRECTION ( 'NONE',  ( 1.000000000000000000, -0.0000000000000000000, -0.0000000000000000000 ) ) ;
#896 = PLANE ( 'NONE',  #2504 ) ;
#897 = EDGE_CURVE ( 'NONE', #5327, #6450, #6873, .T. ) ;
#898 = LINE ( 'NONE', #4742, #4085 ) ;
#899 = ORIENTED_EDGE ( 'NONE', *, *, #4042, .T. ) ;
#900 = EDGE_CURVE ( 'NONE', #6016, #4887, #4791, .T. ) ;
#901 = EDGE_CURVE ( 'NONE', #6571, #4967, #1946, .T. ) ;
#902 = CIRCLE ( 'NONE', #3993, 2.024999999999999900 ) ;
#903 = DIRECTION ( 'NONE',  ( 1.000000000000000000, -0.0000000000000000000, 0.0000000000000000000 ) ) ;
#904 = DIRECTION ( 'NONE',  ( 0.0000000000000000000, 0.7071067811865463500, 0.7071067811865487900 ) ) ;
#905 = AXIS2_PLACEMENT_3D ( 'NONE', #6688, #1347, #5082 ) ;
#906 = EDGE_CURVE ( 'NONE', #4144, #6754, #5875, .T. ) ;
#907 = ORIENTED_EDGE ( 'NONE', *, *, #2161, .F. ) ;
#908 = CARTESIAN_POINT ( 'NONE',  ( 1.250000000000000200, 1.431891231902797200, 1.431891231902786800 ) ) ;
#909 = DIRECTION ( 'NONE',  ( 3.652049423109066300E-016, 0.0000000000000000000, -1.000000000000000000 ) ) ;
#910 = CIRCLE ( 'NONE', #4568, 2.024999999999997200 ) ;
#911 = CARTESIAN_POINT ( 'NONE',  ( 1.250000000000000200, 8.485281374238571300, -8.485281374238566000 ) ) ;
#912 = ORIENTED_EDGE ( 'NONE', *, *, #2953, .T. ) ;
#913 = AXIS2_PLACEMENT_3D ( 'NONE', #5435, #2907, #3985 ) ;
#914 = CARTESIAN_POINT ( 'NONE',  ( -1.249999999999999800, 40.00000000000000000, 8.000000000000000000 ) ) ;
#915 = CIRCLE ( 'NONE', #6491, 2.025000000000000800 ) ;
#916 = EDGE_CURVE ( 'NONE', #3978, #438, #5867, .T. ) ;
#917 = ADVANCED_FACE ( 'NONE', ( #6529 ), #6349, .F. ) ;
#918 = VECTOR ( 'NONE', #3959, 1000.000000000000000 ) ;
#919 = ORIENTED_EDGE ( 'NONE', *, *, #2406, .T. ) ;
#920 = VERTEX_POINT ( 'NONE', #3840 ) ;
#921 = CYLINDRICAL_SURFACE ( 'NONE', #5882, 2.024999999999998100 ) ;
#922 = CARTESIAN_POINT ( 'NONE',  ( 6.750000000000000000, 48.00000000000000700, -13.50000000000000200 ) ) ;
#923 = DIRECTION ( 'NONE',  ( -1.000000000000000000, 0.0000000000000000000, -0.0000000000000000000 ) ) ;
#924 = AXIS2_PLACEMENT_3D ( 'NONE', #6370, #1070, #3761 ) ;
#925 = EDGE_LOOP ( 'NONE', ( #2364, #5941 ) ) ;
#926 = ORIENTED_EDGE ( 'NONE', *, *, #3992, .F. ) ;
#927 = FACE_OUTER_BOUND ( 'NONE', #805, .T. ) ;
#928 = DIRECTION ( 'NONE',  ( 1.000000000000000000, -0.0000000000000000000, 0.0000000000000000000 ) ) ;
#929 = CIRCLE ( 'NONE', #4162, 2.024999999999997200 ) ;
#930 = CARTESIAN_POINT ( 'NONE',  ( -1.250000000000001100, 110.5681087680972300, 6.568108768097276100 ) ) ;
#931 = VERTEX_POINT ( 'NONE', #2154 ) ;
#932 = DIRECTION ( 'NONE',  ( -1.000000000000000000, 0.0000000000000000000, -0.0000000000000000000 ) ) ;
#933 = EDGE_LOOP ( 'NONE', ( #282, #1391, #5071, #2026 ) ) ;
#934 = CARTESIAN_POINT ( 'NONE',  ( -1.249999999999999800, 89.43189123190276700, -9.431891231902755000 ) ) ;
#935 = ORIENTED_EDGE ( 'NONE', *, *, #5455, .T. ) ;
#936 = VECTOR ( 'NONE', #1666, 1000.000000000000000 ) ;
#937 = EDGE_CURVE ( 'NONE', #4135, #4648, #5116, .T. ) ;
#938 = AXIS2_PLACEMENT_3D ( 'NONE', #1537, #5574, #6671 ) ;
#939 = FACE_OUTER_BOUND ( 'NONE', #2118, .T. ) ;
#940 = VECTOR ( 'NONE', #2667, 1000.000000000000000 ) ;
#941 = ORIENTED_EDGE ( 'NONE', *, *, #181, .T. ) ;
#942 = DIRECTION ( 'NONE',  ( 0.0000000000000000000, 0.0000000000000000000, 1.000000000000000000 ) ) ;
#943 = CALENDAR_DATE ( 2022, 26, 4 ) ;
#944 = EDGE_LOOP ( 'NONE', ( #2924, #4581 ) ) ;
#945 = ORIENTED_EDGE ( 'NONE', *, *, #5989, .T. ) ;
#946 = DIRECTION ( 'NONE',  ( 3.652049423109066300E-016, 0.0000000000000000000, -1.000000000000000000 ) ) ;
#947 = LINE ( 'NONE', #503, #607 ) ;
#948 = FACE_OUTER_BOUND ( 'NONE', #1997, .T. ) ;
#949 = ORIENTED_EDGE ( 'NONE', *, *, #5972, .F. ) ;
#950 = EDGE_CURVE ( 'NONE', #4703, #1930, #4457, .T. ) ;
#951 = CARTESIAN_POINT ( 'NONE',  ( 1.250000000000000200, 55.05339014233581500, -9.917172606141328100 ) ) ;
#952 = LOCAL_TIME ( 11, 50, 23.00000000000000000, #3811 ) ;
#953 = ORIENTED_EDGE ( 'NONE', *, *, #4709, .T. ) ;
#954 = CIRCLE ( 'NONE', #1951, 2.024999999999997200 ) ;
#955 = ADVANCED_FACE ( 'NONE', ( #3875 ), #4044, .F. ) ;
#956 = ORIENTED_EDGE ( 'NONE', *, *, #1075, .T. ) ;
#957 = AXIS2_PLACEMENT_3D ( 'NONE', #3230, #6467, #3277 ) ;
#958 = DIRECTION ( 'NONE',  ( 1.826024711554532900E-016, -0.0000000000000000000, 1.000000000000000000 ) ) ;
#959 = DIRECTION ( 'NONE',  ( 0.0000000000000000000, 0.0000000000000000000, -1.000000000000000000 ) ) ;
#960 = EDGE_CURVE ( 'NONE', #4128, #1303, #855, .T. ) ;
#961 = ORIENTED_EDGE ( 'NONE', *, *, #1180, .F. ) ;
#962 = ADVANCED_FACE ( 'NONE', ( #1024 ), #4781, .F. ) ;
#963 = CARTESIAN_POINT ( 'NONE',  ( -1.249999999999999800, 80.48528137423858200, -8.485281374238564200 ) ) ;
#964 = ORIENTED_EDGE ( 'NONE', *, *, #5377, .F. ) ;
#965 = CARTESIAN_POINT ( 'NONE',  ( -1.249999999999999800, 0.0000000000000000000, 16.00000000000000000 ) ) ;
#966 = CARTESIAN_POINT ( 'NONE',  ( -1.249999999999999800, 78.56810876809724700, -9.431891231902755000 ) ) ;
#967 = DIRECTION ( 'NONE',  ( 1.000000000000000000, -0.0000000000000000000, -0.0000000000000000000 ) ) ;
#968 = VERTEX_POINT ( 'NONE', #5555 ) ;
#969 = ORIENTED_EDGE ( 'NONE', *, *, #6762, .T. ) ;
#970 = AXIS2_PLACEMENT_3D ( 'NONE', #2377, #3364, #3928 ) ;
#971 = DIRECTION ( 'NONE',  ( 3.652049423109066300E-016, -0.0000000000000000000, -1.000000000000000000 ) ) ;
#972 = DIRECTION ( 'NONE',  ( 0.0000000000000000000, 0.0000000000000000000, -1.000000000000000000 ) ) ;
#973 = CIRCLE ( 'NONE', #5669, 6.999999999999999100 ) ;
#974 = EDGE_LOOP ( 'NONE', ( #1630, #5292 ) ) ;
#975 = CIRCLE ( 'NONE', #3121, 2.024999999999990100 ) ;
#976 = LINE ( 'NONE', #3848, #5067 ) ;
#977 = EDGE_CURVE ( 'NONE', #2478, #2187, #3707, .T. ) ;
#978 = CC_DESIGN_DATE_AND_TIME_ASSIGNMENT ( #3962, #6739, ( #4580 ) ) ;
#979 = CARTESIAN_POINT ( 'NONE',  ( 1.250000000000000200, 31.99999999999999300, 5.975000000000009400 ) ) ;
#980 = VERTEX_POINT ( 'NONE', #1825 ) ;
#981 = CARTESIAN_POINT ( 'NONE',  ( 8.774999999999987900, 64.00000000000000000, 16.00000000000000400 ) ) ;
#982 = LINE ( 'NONE', #5518, #2309 ) ;
#983 = CYLINDRICAL_SURFACE ( 'NONE', #4439, 2.024999999999999900 ) ;
#984 = DIRECTION ( 'NONE',  ( 0.0000000000000000000, 0.0000000000000000000, -1.000000000000000000 ) ) ;
#985 = VERTEX_POINT ( 'NONE', #4999 ) ;
#986 = CARTESIAN_POINT ( 'NONE',  ( 1.250000000000000200, 24.00000000000000000, 2.024999999999999900 ) ) ;
#987 = ADVANCED_FACE ( 'NONE', ( #6186 ), #5864, .F. ) ;
#988 = CARTESIAN_POINT ( 'NONE',  ( -1.249999999999999800, 105.9171726061413200, 7.053390142335818100 ) ) ;
#989 = EDGE_CURVE ( 'NONE', #1947, #6448, #2086, .T. ) ;
#990 = FACE_OUTER_BOUND ( 'NONE', #6730, .T. ) ;
#991 = ORIENTED_EDGE ( 'NONE', *, *, #2669, .T. ) ;
#992 = DIRECTION ( 'NONE',  ( -1.000000000000000000, 0.0000000000000000000, 0.0000000000000000000 ) ) ;
#993 = CARTESIAN_POINT ( 'NONE',  ( 1.250000000000000200, 88.94660985766420000, 9.917172606141322800 ) ) ;
#994 = DIRECTION ( 'NONE',  ( 3.652049423109066300E-016, 0.0000000000000000000, -1.000000000000000000 ) ) ;
#995 = ADVANCED_FACE ( 'NONE', ( #6022 ), #6346, .F. ) ;
#996 = AXIS2_PLACEMENT_3D ( 'NONE', #1704, #1076, #2249 ) ;
#997 = EDGE_CURVE ( 'NONE', #6016, #5149, #3015, .T. ) ;
#998 = VECTOR ( 'NONE', #6714, 1000.000000000000000 ) ;
#999 = DIRECTION ( 'NONE',  ( 3.652049423109066300E-016, -0.0000000000000000000, -1.000000000000000000 ) ) ;
#1000 = FACE_OUTER_BOUND ( 'NONE', #2673, .T. ) ;
#1001 = ORIENTED_EDGE ( 'NONE', *, *, #5966, .F. ) ;
#1002 = ORIENTED_EDGE ( 'NONE', *, *, #3047, .F. ) ;
#1003 = EDGE_LOOP ( 'NONE', ( #5429, #96, #1827, #1956 ) ) ;
#1004 = PLANE ( 'NONE',  #621 ) ;
#1005 = CARTESIAN_POINT ( 'NONE',  ( -1.249999999999999800, 58.56810876809721800, -10.56810876809725700 ) ) ;
#1006 = LINE ( 'NONE', #28, #4030 ) ;
#1007 = VECTOR ( 'NONE', #5648, 1000.000000000000000 ) ;
#1008 = AXIS2_PLACEMENT_3D ( 'NONE', #6049, #5073, #1880 ) ;
#1009 = DIRECTION ( 'NONE',  ( -1.000000000000000000, 0.0000000000000000000, 0.0000000000000000000 ) ) ;
#1010 = CARTESIAN_POINT ( 'NONE',  ( 6.750000000000000900, 32.00000000000000700, -15.99999999999999600 ) ) ;
#1011 = ORIENTED_EDGE ( 'NONE', *, *, #2226, .F. ) ;
#1012 = VERTEX_POINT ( 'NONE', #2854 ) ;
#1013 = CARTESIAN_POINT ( 'NONE',  ( 4.724999999999991700, 16.00000000000000700, 16.00000000000000400 ) ) ;
#1014 = CARTESIAN_POINT ( 'NONE',  ( -1.249999999999999800, 64.00000000000000000, 8.000000000000000000 ) ) ;
#1015 = DIRECTION ( 'NONE',  ( 0.0000000000000000000, -0.7071067811865513500, 0.7071067811865436900 ) ) ;
#1016 = EDGE_CURVE ( 'NONE', #6130, #4959, #4112, .T. ) ;
#1017 = DIRECTION ( 'NONE',  ( 3.652049423109066300E-016, -0.0000000000000000000, -1.000000000000000000 ) ) ;
#1018 = LINE ( 'NONE', #986, #2331 ) ;
#1019 = ORIENTED_EDGE ( 'NONE', *, *, #2001, .T. ) ;
#1020 = VERTEX_POINT ( 'NONE', #2276 ) ;
#1021 = DIRECTION ( 'NONE',  ( 3.652049423109066300E-016, -0.0000000000000000000, -1.000000000000000000 ) ) ;
#1022 = VECTOR ( 'NONE', #5352, 1000.000000000000000 ) ;
#1023 = DIRECTION ( 'NONE',  ( 0.0000000000000000000, -1.000000000000000000, 0.0000000000000000000 ) ) ;
#1024 = FACE_OUTER_BOUND ( 'NONE', #5347, .T. ) ;
#1025 = ORIENTED_EDGE ( 'NONE', *, *, #620, .T. ) ;
#1026 = ORIENTED_EDGE ( 'NONE', *, *, #5752, .F. ) ;
#1027 = ORIENTED_EDGE ( 'NONE', *, *, #5690, .F. ) ;
#1028 = LINE ( 'NONE', #391, #3021 ) ;
#1029 = CARTESIAN_POINT ( 'NONE',  ( -46.75000000000000000, 111.5147186257614300, -10.51028137423855400 ) ) ;
#1030 = PLANE ( 'NONE',  #5416 ) ;
#1031 = VECTOR ( 'NONE', #3812, 1000.000000000000000 ) ;
#1032 = DIRECTION ( 'NONE',  ( 3.652049423109066300E-016, 0.0000000000000000000, -1.000000000000000000 ) ) ;
#1033 = CARTESIAN_POINT ( 'NONE',  ( 4.724999999999991700, 80.00000000000001400, 16.00000000000000400 ) ) ;
#1034 = ORIENTED_EDGE ( 'NONE', *, *, #4352, .F. ) ;
#1035 = VERTEX_POINT ( 'NONE', #1225 ) ;
#1036 = EDGE_CURVE ( 'NONE', #2087, #6337, #2512, .T. ) ;
#1037 = ADVANCED_FACE ( 'NONE', ( #927 ), #3948, .F. ) ;
#1038 = EDGE_CURVE ( 'NONE', #3525, #2454, #5180, .T. ) ;
#1039 = LINE ( 'NONE', #3653, #6800 ) ;
#1040 = DIRECTION ( 'NONE',  ( 3.652049423109066300E-016, 0.0000000000000000000, -1.000000000000000000 ) ) ;
#1041 = CARTESIAN_POINT ( 'NONE',  ( -1.249999999999999800, 12.68629150101524100, 2.024999999999999900 ) ) ;
#1042 = CARTESIAN_POINT ( 'NONE',  ( -1.249999999999999800, 35.31370849898475900, 0.0000000000000000000 ) ) ;
#1043 = ORIENTED_EDGE ( 'NONE', *, *, #560, .T. ) ;
#1044 = ORIENTED_EDGE ( 'NONE', *, *, #3426, .T. ) ;
#1045 = FACE_BOUND ( 'NONE', #2314, .T. ) ;
#1046 = EDGE_LOOP ( 'NONE', ( #3039, #5595, #6095, #660 ) ) ;
#1047 = AXIS2_PLACEMENT_3D ( 'NONE', #5818, #3152, #3655 ) ;
#1048 = EDGE_CURVE ( 'NONE', #6003, #5274, #854, .T. ) ;
#1049 = DIRECTION ( 'NONE',  ( 1.000000000000000000, -0.0000000000000000000, 0.0000000000000000000 ) ) ;
#1050 = VECTOR ( 'NONE', #6703, 1000.000000000000000 ) ;
#1051 = ORIENTED_EDGE ( 'NONE', *, *, #4865, .T. ) ;
#1052 = DIRECTION ( 'NONE',  ( 1.000000000000000000, -0.0000000000000000000, 0.0000000000000000000 ) ) ;
#1053 = ORIENTED_EDGE ( 'NONE', *, *, #2200, .T. ) ;
#1054 = CARTESIAN_POINT ( 'NONE',  ( 1.250000000000000200, 40.94660985766419300, 9.917172606141326300 ) ) ;
#1055 = DIRECTION ( 'NONE',  ( 1.000000000000000000, -0.0000000000000000000, -0.0000000000000000000 ) ) ;
#1056 = AXIS2_PLACEMENT_3D ( 'NONE', #5320, #2771, #672 ) ;
#1057 = ORIENTED_EDGE ( 'NONE', *, *, #412, .T. ) ;
#1058 = CARTESIAN_POINT ( 'NONE',  ( 1.250000000000000200, 10.56810876809722000, -10.56810876809725700 ) ) ;
#1059 = ORIENTED_EDGE ( 'NONE', *, *, #4279, .T. ) ;
#1060 = EDGE_CURVE ( 'NONE', #761, #2341, #507, .T. ) ;
#1061 = DIRECTION ( 'NONE',  ( -1.000000000000000000, 0.0000000000000000000, 0.0000000000000000000 ) ) ;
#1062 = EDGE_LOOP ( 'NONE', ( #3488, #3256, #5041, #123 ) ) ;
#1063 = DIRECTION ( 'NONE',  ( 0.0000000000000000000, 0.0000000000000000000, -1.000000000000000000 ) ) ;
#1064 = DIRECTION ( 'NONE',  ( 0.0000000000000000000, 0.0000000000000000000, -1.000000000000000000 ) ) ;
#1065 = ORIENTED_EDGE ( 'NONE', *, *, #847, .F. ) ;
#1066 = CARTESIAN_POINT ( 'NONE',  ( -1.249999999999999800, 72.00000000000001400, -6.999999999999999100 ) ) ;
#1067 = CARTESIAN_POINT ( 'NONE',  ( 6.749999999999989300, 72.00000000000001400, 16.00000000000000400 ) ) ;
#1068 = CARTESIAN_POINT ( 'NONE',  ( -1.249999999999999800, 120.0000000000000000, 0.0000000000000000000 ) ) ;
#1069 = AXIS2_PLACEMENT_3D ( 'NONE', #3882, #659, #1216 ) ;
#1070 = DIRECTION ( 'NONE',  ( 1.000000000000000000, -0.0000000000000000000, -0.0000000000000000000 ) ) ;
#1071 = CARTESIAN_POINT ( 'NONE',  ( -1.249999999999999800, 58.56810876809764500, -61.43189123190278900 ) ) ;
#1072 = DIRECTION ( 'NONE',  ( 1.000000000000000000, 0.0000000000000000000, 0.0000000000000000000 ) ) ;
#1073 = ADVANCED_FACE ( 'NONE', ( #6098 ), #1905, .F. ) ;
#1074 = ORIENTED_EDGE ( 'NONE', *, *, #3581, .T. ) ;
#1075 = EDGE_CURVE ( 'NONE', #3599, #1776, #6265, .T. ) ;
#1076 = DIRECTION ( 'NONE',  ( 1.000000000000000000, -0.0000000000000000000, -0.0000000000000000000 ) ) ;
#1077 = DIRECTION ( 'NONE',  ( 1.000000000000000000, -0.0000000000000000000, 0.0000000000000000000 ) ) ;
#1078 = DIRECTION ( 'NONE',  ( 3.652049423109066300E-016, -0.0000000000000000000, -1.000000000000000000 ) ) ;
#1079 = CARTESIAN_POINT ( 'NONE',  ( 8.774999999999987900, 16.00000000000000700, 13.50000000000000000 ) ) ;
#1080 = ORIENTED_EDGE ( 'NONE', *, *, #6302, .F. ) ;
#1081 = CARTESIAN_POINT ( 'NONE',  ( 6.749999999999989300, 88.00000000000002800, 16.00000000000000400 ) ) ;
#1082 = CARTESIAN_POINT ( 'NONE',  ( 6.749999999999989300, 64.00000000000000000, 16.00000000000000400 ) ) ;
#1083 = DIRECTION ( 'NONE',  ( 0.0000000000000000000, 0.0000000000000000000, 1.000000000000000000 ) ) ;
#1084 = CIRCLE ( 'NONE', #5759, 2.025000000000000800 ) ;
#1085 = AXIS2_PLACEMENT_3D ( 'NONE', #4146, #5682, #1413 ) ;
#1086 = DIRECTION ( 'NONE',  ( 3.652049423109066300E-016, -0.0000000000000000000, -1.000000000000000000 ) ) ;
#1087 = CARTESIAN_POINT ( 'NONE',  ( 8.774999999999987900, 24.00000000000000700, 16.00000000000000400 ) ) ;
#1088 = EDGE_CURVE ( 'NONE', #6421, #308, #1607, .T. ) ;
#1089 = VERTEX_POINT ( 'NONE', #6191 ) ;
#1090 = FACE_OUTER_BOUND ( 'NONE', #92, .T. ) ;
#1091 = CARTESIAN_POINT ( 'NONE',  ( 1.250000000000000200, 88.00000000000001400, 8.000000000000000000 ) ) ;
#1092 = VECTOR ( 'NONE', #6659, 1000.000000000000000 ) ;
#1093 = DIRECTION ( 'NONE',  ( -1.000000000000000000, 0.0000000000000000000, 0.0000000000000000000 ) ) ;
#1094 = CARTESIAN_POINT ( 'NONE',  ( 6.749999999999989300, 72.00000000000001400, 16.00000000000000400 ) ) ;
#1095 = AXIS2_PLACEMENT_3D ( 'NONE', #474, #1021, #6391 ) ;
#1096 = ORIENTED_EDGE ( 'NONE', *, *, #5410, .F. ) ;
#1097 = ORIENTED_EDGE ( 'NONE', *, *, #6318, .F. ) ;
#1098 = LINE ( 'NONE', #6247, #2825 ) ;
#1099 = CIRCLE ( 'NONE', #2096, 2.024999999999997200 ) ;
#1100 = CARTESIAN_POINT ( 'NONE',  ( 6.750000000000000900, 48.00000000000000700, -15.99999999999999600 ) ) ;
#1101 = DIRECTION ( 'NONE',  ( 0.0000000000000000000, 0.0000000000000000000, -1.000000000000000000 ) ) ;
#1102 = DIRECTION ( 'NONE',  ( 0.0000000000000000000, -0.7071067811865526800, -0.7071067811865424700 ) ) ;
#1103 = ORIENTED_EDGE ( 'NONE', *, *, #5893, .F. ) ;
#1104 = CARTESIAN_POINT ( 'NONE',  ( 6.749999999999989300, 24.00000000000000700, 16.00000000000000400 ) ) ;
#1105 = EDGE_LOOP ( 'NONE', ( #2413, #6333, #464, #1382 ) ) ;
#1106 = FACE_BOUND ( 'NONE', #1922, .T. ) ;
#1107 = ADVANCED_FACE ( 'NONE', ( #3790 ), #6021, .F. ) ;
#1108 = ORIENTED_EDGE ( 'NONE', *, *, #1324, .T. ) ;
#1109 = DIRECTION ( 'NONE',  ( 1.000000000000000000, -0.0000000000000000000, -0.0000000000000000000 ) ) ;
#1110 = DIRECTION ( 'NONE',  ( 0.0000000000000000000, 0.0000000000000000000, -1.000000000000000000 ) ) ;
#1111 = VERTEX_POINT ( 'NONE', #2420 ) ;
#1112 = AXIS2_PLACEMENT_3D ( 'NONE', #3966, #5510, #5538 ) ;
#1113 = ORIENTED_EDGE ( 'NONE', *, *, #1682, .T. ) ;
#1114 = DIRECTION ( 'NONE',  ( 0.0000000000000000000, 0.7071067811865469100, 0.7071067811865482400 ) ) ;
#1115 = FACE_OUTER_BOUND ( 'NONE', #2856, .T. ) ;
#1116 = LINE ( 'NONE', #5063, #4546 ) ;
#1117 = VECTOR ( 'NONE', #3200, 1000.000000000000000 ) ;
#1118 = CARTESIAN_POINT ( 'NONE',  ( -1.249999999999999800, 37.43189123190266800, 13.43189123190281200 ) ) ;
#1119 = EDGE_LOOP ( 'NONE', ( #5472, #5437 ) ) ;
#1120 = EDGE_LOOP ( 'NONE', ( #3804, #373 ) ) ;
#1121 = EDGE_CURVE ( 'NONE', #1020, #3577, #1271, .T. ) ;
#1122 = AXIS2_PLACEMENT_3D ( 'NONE', #2165, #3305, #3781 ) ;
#1123 = FACE_OUTER_BOUND ( 'NONE', #3622, .T. ) ;
#1124 = CYLINDRICAL_SURFACE ( 'NONE', #3588, 2.024999999999998100 ) ;
#1125 = ORIENTED_EDGE ( 'NONE', *, *, #2671, .T. ) ;
#1126 = ORIENTED_EDGE ( 'NONE', *, *, #3757, .F. ) ;
#1127 = DIRECTION ( 'NONE',  ( 1.000000000000000000, -0.0000000000000000000, -0.0000000000000000000 ) ) ;
#1128 = CARTESIAN_POINT ( 'NONE',  ( -1.249999999999999800, 55.05339014233580700, 9.917172606141324600 ) ) ;
#1129 = DIRECTION ( 'NONE',  ( 0.0000000000000000000, 0.0000000000000000000, -1.000000000000000000 ) ) ;
#1130 = LINE ( 'NONE', #5143, #2031 ) ;
#1131 = EDGE_CURVE ( 'NONE', #3302, #1894, #3104, .T. ) ;
#1132 = ORIENTED_EDGE ( 'NONE', *, *, #4011, .F. ) ;
#1133 = EDGE_CURVE ( 'NONE', #178, #683, #6787, .T. ) ;
#1134 = FACE_OUTER_BOUND ( 'NONE', #2214, .T. ) ;
#1135 = VERTEX_POINT ( 'NONE', #6240 ) ;
#1136 = CARTESIAN_POINT ( 'NONE',  ( -1.249999999999999800, 39.51471862576143900, -8.485281374238566000 ) ) ;
#1137 = CARTESIAN_POINT ( 'NONE',  ( -1.249999999999999800, 79.99999999999998600, 5.975000000000009400 ) ) ;
#1138 = ORIENTED_EDGE ( 'NONE', *, *, #2926, .T. ) ;
#1139 = AXIS2_PLACEMENT_3D ( 'NONE', #4167, #5814, #1525 ) ;
#1140 = EDGE_LOOP ( 'NONE', ( #6868, #1184, #368, #1996 ) ) ;
#1141 = EDGE_CURVE ( 'NONE', #6027, #3599, #5353, .T. ) ;
#1142 = CARTESIAN_POINT ( 'NONE',  ( 6.749999999999989300, 56.00000000000000700, 16.00000000000000400 ) ) ;
#1143 = VECTOR ( 'NONE', #1023, 1000.000000000000000 ) ;
#1144 = DIRECTION ( 'NONE',  ( 3.652049423109066300E-016, 0.0000000000000000000, -1.000000000000000000 ) ) ;
#1145 = ADVANCED_FACE ( 'NONE', ( #2339, #5777, #2169, #19, #186, #4366, #5701, #1106, #1933, #3274, #3703, #3946, #6603, #6433, #4280 ), #5575, .T. ) ;
#1146 = ORIENTED_EDGE ( 'NONE', *, *, #6744, .T. ) ;
#1147 = ORIENTED_EDGE ( 'NONE', *, *, #2791, .T. ) ;
#1148 = CARTESIAN_POINT ( 'NONE',  ( 10.75000000000000400, 0.0000000000000000000, -13.50000000000000000 ) ) ;
#1149 = AXIS2_PLACEMENT_3D ( 'NONE', #6131, #1359, #5094 ) ;
#1150 = CIRCLE ( 'NONE', #2559, 2.024999999999999000 ) ;
#1151 = CARTESIAN_POINT ( 'NONE',  ( -1.249999999999999800, 40.00000000000000700, -7.999999999999996400 ) ) ;
#1152 = EDGE_LOOP ( 'NONE', ( #1306, #5933, #163, #840 ) ) ;
#1153 = DIRECTION ( 'NONE',  ( 1.000000000000000000, -0.0000000000000000000, -0.0000000000000000000 ) ) ;
#1154 = ORIENTED_EDGE ( 'NONE', *, *, #5110, .T. ) ;
#1155 = EDGE_CURVE ( 'NONE', #6797, #2603, #3610, .T. ) ;
#1156 = CARTESIAN_POINT ( 'NONE',  ( -1.249999999999999800, 88.00000000000001400, 5.974999999999997900 ) ) ;
#1157 = EDGE_LOOP ( 'NONE', ( #6852, #6, #4028, #4506, #3512 ) ) ;
#1158 = DIRECTION ( 'NONE',  ( 3.652049423109066300E-016, 0.0000000000000000000, -1.000000000000000000 ) ) ;
#1159 = CARTESIAN_POINT ( 'NONE',  ( 1.250000000000000200, -1.431891231902783000, 1.431891231902793400 ) ) ;
#1160 = VERTEX_POINT ( 'NONE', #4623 ) ;
#1161 = DIRECTION ( 'NONE',  ( 1.000000000000000000, -0.0000000000000000000, -0.0000000000000000000 ) ) ;
#1162 = ORIENTED_EDGE ( 'NONE', *, *, #5820, .T. ) ;
#1163 = AXIS2_PLACEMENT_3D ( 'NONE', #4365, #1723, #6495 ) ;
#1164 = LINE ( 'NONE', #6908, #4010 ) ;
#1165 = ORIENTED_EDGE ( 'NONE', *, *, #6709, .T. ) ;
#1166 = ORIENTED_EDGE ( 'NONE', *, *, #4501, .F. ) ;
#1167 = EDGE_CURVE ( 'NONE', #5512, #5415, #5030, .T. ) ;
#1168 = DIRECTION ( 'NONE',  ( 0.0000000000000000000, 0.7071067811865505700, -0.7071067811865444600 ) ) ;
#1169 = ORIENTED_EDGE ( 'NONE', *, *, #2301, .T. ) ;
#1170 = DIRECTION ( 'NONE',  ( 0.0000000000000000000, 0.0000000000000000000, -1.000000000000000000 ) ) ;
#1171 = ORIENTED_EDGE ( 'NONE', *, *, #344, .F. ) ;
#1172 = ADVANCED_FACE ( 'NONE', ( #4950 ), #6219, .T. ) ;
#1173 = DIRECTION ( 'NONE',  ( 0.0000000000000000000, 0.0000000000000000000, -1.000000000000000000 ) ) ;
#1174 = ORIENTED_EDGE ( 'NONE', *, *, #1710, .F. ) ;
#1175 = VERTEX_POINT ( 'NONE', #1421 ) ;
#1176 = AXIS2_PLACEMENT_3D ( 'NONE', #6401, #3770, #3318 ) ;
#1177 = CARTESIAN_POINT ( 'NONE',  ( -1.249999999999999800, 88.00000000000001400, 8.000000000000000000 ) ) ;
#1178 = CARTESIAN_POINT ( 'NONE',  ( 4.724999999999993400, 8.000000000000007100, 13.50000000000000000 ) ) ;
#1179 = DIRECTION ( 'NONE',  ( 0.0000000000000000000, 0.0000000000000000000, -1.000000000000000000 ) ) ;
#1180 = EDGE_CURVE ( 'NONE', #5525, #5196, #1860, .T. ) ;
#1181 = VECTOR ( 'NONE', #580, 1000.000000000000000 ) ;
#1182 = CIRCLE ( 'NONE', #6751, 2.025000000000004400 ) ;
#1183 = ORIENTED_EDGE ( 'NONE', *, *, #5550, .F. ) ;
#1184 = ORIENTED_EDGE ( 'NONE', *, *, #6569, .T. ) ;
#1185 = CARTESIAN_POINT ( 'NONE',  ( 10.75000000000000000, 120.0000000000000000, -15.99999999999999600 ) ) ;
#1186 = CYLINDRICAL_SURFACE ( 'NONE', #338, 2.024999999999990100 ) ;
#1187 = FACE_OUTER_BOUND ( 'NONE', #4837, .T. ) ;
#1188 = PLANE ( 'NONE',  #3298 ) ;
#1189 = AXIS2_PLACEMENT_3D ( 'NONE', #1334, #2882, #3435 ) ;
#1190 = ORIENTED_EDGE ( 'NONE', *, *, #2484, .F. ) ;
#1191 = VECTOR ( 'NONE', #1114, 999.9999999999998900 ) ;
#1192 = EDGE_CURVE ( 'NONE', #2370, #5415, #1441, .T. ) ;
#1193 = DIRECTION ( 'NONE',  ( 3.652049423109066300E-016, -0.0000000000000000000, -1.000000000000000000 ) ) ;
#1194 = FACE_BOUND ( 'NONE', #3355, .T. ) ;
#1195 = CIRCLE ( 'NONE', #1319, 2.025000000000002600 ) ;
#1196 = EDGE_LOOP ( 'NONE', ( #6713, #1166 ) ) ;
#1197 = DATE_AND_TIME ( #1367, #952 ) ;
#1198 = ORIENTED_EDGE ( 'NONE', *, *, #1624, .T. ) ;
#1199 = ORIENTED_EDGE ( 'NONE', *, *, #1895, .F. ) ;
#1200 = VECTOR ( 'NONE', #971, 1000.000000000000000 ) ;
#1201 = CYLINDRICAL_SURFACE ( 'NONE', #5901, 2.025000000000002600 ) ;
#1202 = AXIS2_PLACEMENT_3D ( 'NONE', #4075, #3460, #4601 ) ;
#1203 = LINE ( 'NONE', #5111, #3038 ) ;
#1204 = CARTESIAN_POINT ( 'NONE',  ( -1.249999999999999800, 104.4852813742385800, -10.51028137423856800 ) ) ;
#1205 = LINE ( 'NONE', #5503, #6712 ) ;
#1206 = DIRECTION ( 'NONE',  ( 1.000000000000000000, -0.0000000000000000000, 0.0000000000000000000 ) ) ;
#1207 = VERTEX_POINT ( 'NONE', #5354 ) ;
#1208 = PLANE ( 'NONE',  #176 ) ;
#1209 = EDGE_LOOP ( 'NONE', ( #4110, #4704, #4005, #2080, #2741 ) ) ;
#1210 = VECTOR ( 'NONE', #1481, 1000.000000000000000 ) ;
#1211 = CARTESIAN_POINT ( 'NONE',  ( 6.749999999999990200, 16.00000000000000700, 13.50000000000000000 ) ) ;
#1212 = VECTOR ( 'NONE', #3046, 1000.000000000000000 ) ;
#1213 = CARTESIAN_POINT ( 'NONE',  ( 6.750000000000000900, 88.00000000000002800, -15.99999999999999600 ) ) ;
#1214 = ORIENTED_EDGE ( 'NONE', *, *, #181, .F. ) ;
#1215 = ORIENTED_EDGE ( 'NONE', *, *, #3407, .T. ) ;
#1216 = DIRECTION ( 'NONE',  ( 0.0000000000000000000, 0.0000000000000000000, -1.000000000000000000 ) ) ;
#1217 = ADVANCED_FACE ( 'NONE', ( #3527 ), #4692, .F. ) ;
#1218 = EDGE_CURVE ( 'NONE', #4246, #2419, #2835, .T. ) ;
#1219 = AXIS2_PLACEMENT_3D ( 'NONE', #821, #3506, #2970 ) ;
#1220 = ORIENTED_EDGE ( 'NONE', *, *, #72, .F. ) ;
#1221 = CIRCLE ( 'NONE', #5083, 2.024999999999998100 ) ;
#1222 = CIRCLE ( 'NONE', #2441, 2.024999999999999000 ) ;
#1223 = ORIENTED_EDGE ( 'NONE', *, *, #4926, .T. ) ;
#1224 = ORIENTED_EDGE ( 'NONE', *, *, #406, .T. ) ;
#1225 = CARTESIAN_POINT ( 'NONE',  ( 1.250000000000000200, 81.43189123190275300, 6.568108768097250300 ) ) ;
#1226 = EDGE_CURVE ( 'NONE', #2033, #2390, #680, .T. ) ;
#1227 = CIRCLE ( 'NONE', #643, 2.024999999999990100 ) ;
#1228 = DIRECTION ( 'NONE',  ( 0.0000000000000000000, 0.0000000000000000000, -1.000000000000000000 ) ) ;
#1229 = ORIENTED_EDGE ( 'NONE', *, *, #3173, .T. ) ;
#1230 = ORIENTED_EDGE ( 'NONE', *, *, #6340, .T. ) ;
#1231 = CYLINDRICAL_SURFACE ( 'NONE', #6871, 2.024999999999998100 ) ;
#1232 = DIRECTION ( 'NONE',  ( 0.0000000000000000000, -0.7071067811865450200, 0.7071067811865501300 ) ) ;
#1233 = AXIS2_PLACEMENT_3D ( 'NONE', #4183, #5186, #3094 ) ;
#1234 = ORIENTED_EDGE ( 'NONE', *, *, #4210, .T. ) ;
#1235 = CARTESIAN_POINT ( 'NONE',  ( 1.250000000000000200, 14.56810876809723800, 6.568108768097240500 ) ) ;
#1236 = CARTESIAN_POINT ( 'NONE',  ( 10.75000000000000000, 120.0000000000000000, -15.99999999999999600 ) ) ;
#1237 = ORIENTED_EDGE ( 'NONE', *, *, #1575, .T. ) ;
#1238 = AXIS2_PLACEMENT_3D ( 'NONE', #4052, #5136, #1928 ) ;
#1239 = FACE_OUTER_BOUND ( 'NONE', #402, .T. ) ;
#1240 = EDGE_LOOP ( 'NONE', ( #3584, #1499, #6059, #4640 ) ) ;
#1241 = EDGE_CURVE ( 'NONE', #35, #5512, #3441, .T. ) ;
#1242 = ADVANCED_FACE ( 'NONE', ( #4536 ), #4616, .F. ) ;
#1243 = CARTESIAN_POINT ( 'NONE',  ( -1.249999999999999800, 32.48528137423856100, 8.485281374238569500 ) ) ;
#1244 = CARTESIAN_POINT ( 'NONE',  ( 1.250000000000000200, 88.00000000000001400, 5.974999999999997900 ) ) ;
#1245 = ORIENTED_EDGE ( 'NONE', *, *, #3773, .T. ) ;
#1246 = CARTESIAN_POINT ( 'NONE',  ( 1.250000000000000200, 34.56810876809729600, 10.56810876809721700 ) ) ;
#1247 = EDGE_CURVE ( 'NONE', #6353, #793, #2261, .T. ) ;
#1248 = AXIS2_PLACEMENT_3D ( 'NONE', #6777, #5750, #4721 ) ;
#1249 = DIRECTION ( 'NONE',  ( 1.000000000000000000, -0.0000000000000000000, -0.0000000000000000000 ) ) ;
#1250 = CIRCLE ( 'NONE', #1331, 2.024999999999997200 ) ;
#1251 = ORIENTED_EDGE ( 'NONE', *, *, #3093, .F. ) ;
#1252 = CARTESIAN_POINT ( 'NONE',  ( 1.250000000000000200, 12.68629150101524100, 2.024999999999999900 ) ) ;
#1253 = VECTOR ( 'NONE', #2496, 1000.000000000000000 ) ;
#1255 = EDGE_CURVE ( 'NONE', #6707, #6759, #4779, .T. ) ;
#1254 = LINE ( 'NONE', #2284, #3086 ) ;
#1256 = DIRECTION ( 'NONE',  ( 0.0000000000000000000, 0.0000000000000000000, -1.000000000000000000 ) ) ;
#1257 = DIRECTION ( 'NONE',  ( 0.0000000000000000000, 0.0000000000000000000, -1.000000000000000000 ) ) ;
#1258 = EDGE_CURVE ( 'NONE', #6133, #2581, #182, .T. ) ;
#1259 = ORIENTED_EDGE ( 'NONE', *, *, #3065, .T. ) ;
#1260 = EDGE_LOOP ( 'NONE', ( #4310, #3519, #6685, #1558 ) ) ;
#1261 = DIRECTION ( 'NONE',  ( -1.387778780781447500E-015, 0.0000000000000000000, 1.000000000000000000 ) ) ;
#1262 = FACE_OUTER_BOUND ( 'NONE', #4077, .T. ) ;
#1263 = AXIS2_PLACEMENT_3D ( 'NONE', #2745, #3342, #4388 ) ;
#1264 = ORIENTED_EDGE ( 'NONE', *, *, #6443, .T. ) ;
#1265 = VERTEX_POINT ( 'NONE', #1608 ) ;
#1266 = DIRECTION ( 'NONE',  ( -1.000000000000000000, 0.0000000000000000000, 0.0000000000000000000 ) ) ;
#1267 = EDGE_CURVE ( 'NONE', #6465, #5285, #3780, .T. ) ;
#1268 = CARTESIAN_POINT ( 'NONE',  ( 6.749999999999989300, 16.00000000000000700, 16.00000000000000400 ) ) ;
#1269 = CIRCLE ( 'NONE', #1149, 2.025000000000002600 ) ;
#1270 = DIRECTION ( 'NONE',  ( 1.826024711554532900E-016, -0.0000000000000000000, 1.000000000000000000 ) ) ;
#1271 = CIRCLE ( 'NONE', #6673, 2.025000000000000800 ) ;
#1272 = CARTESIAN_POINT ( 'NONE',  ( 8.774999999999987900, 88.00000000000002800, 16.00000000000000400 ) ) ;
#1273 = VERTEX_POINT ( 'NONE', #4507 ) ;
#1274 = CARTESIAN_POINT ( 'NONE',  ( 8.774999999999998600, 8.000000000000007100, -13.50000000000000200 ) ) ;
#1275 = VERTEX_POINT ( 'NONE', #183 ) ;
#1276 = VERTEX_POINT ( 'NONE', #3920 ) ;
#1277 = CYLINDRICAL_SURFACE ( 'NONE', #6548, 2.024999999999998100 ) ;
#1278 = ADVANCED_FACE ( 'NONE', ( #1187 ), #250, .F. ) ;
#1279 = EDGE_LOOP ( 'NONE', ( #6716, #3347, #1576, #4057 ) ) ;
#1280 = APPROVAL_PERSON_ORGANIZATION ( #6616, #6570, #4125 ) ;
#1281 = EDGE_LOOP ( 'NONE', ( #3753, #1126, #5283, #5294 ) ) ;
#1282 = EDGE_CURVE ( 'NONE', #5053, #4870, #845, .T. ) ;
#1283 = ORIENTED_EDGE ( 'NONE', *, *, #309, .T. ) ;
#1284 = DIRECTION ( 'NONE',  ( 0.0000000000000000000, 0.7071067811865501300, -0.7071067811865450200 ) ) ;
#1285 = DIRECTION ( 'NONE',  ( 0.0000000000000000000, 0.7071067811865469100, 0.7071067811865482400 ) ) ;
#1286 = CYLINDRICAL_SURFACE ( 'NONE', #5940, 2.024999999999998100 ) ;
#1287 = ORIENTED_EDGE ( 'NONE', *, *, #4056, .T. ) ;
#1288 = VERTEX_POINT ( 'NONE', #3447 ) ;
#1289 = CARTESIAN_POINT ( 'NONE',  ( 1.250000000000000200, 24.00000000000000000, -2.024999999999999900 ) ) ;
#1290 = AXIS2_PLACEMENT_3D ( 'NONE', #6653, #6676, #6129 ) ;
#1291 = DIRECTION ( 'NONE',  ( 0.0000000000000000000, 0.0000000000000000000, -1.000000000000000000 ) ) ;
#1292 = DIRECTION ( 'NONE',  ( 1.000000000000000000, -0.0000000000000000000, 0.0000000000000000000 ) ) ;
#1293 = CARTESIAN_POINT ( 'NONE',  ( 1.250000000000000200, 56.48528137423857500, -10.51028137423856800 ) ) ;
#1294 = CYLINDRICAL_SURFACE ( 'NONE', #5426, 2.024999999999998100 ) ;
#1295 = DIRECTION ( 'NONE',  ( 1.000000000000000000, 0.0000000000000000000, 0.0000000000000000000 ) ) ;
#1296 = CARTESIAN_POINT ( 'NONE',  ( 1.250000000000000200, 14.08282739385868400, -7.053390142335803900 ) ) ;
#1297 = ORIENTED_EDGE ( 'NONE', *, *, #3065, .F. ) ;
#1298 = DIRECTION ( 'NONE',  ( 1.000000000000000000, -0.0000000000000000000, -0.0000000000000000000 ) ) ;
#1299 = CARTESIAN_POINT ( 'NONE',  ( -1.249999999999999800, 96.00000000000000000, -6.999999999999999100 ) ) ;
#1300 = CARTESIAN_POINT ( 'NONE',  ( 4.724999999999991700, 56.00000000000000700, 16.00000000000000400 ) ) ;
#1301 = EDGE_CURVE ( 'NONE', #4821, #2075, #2928, .T. ) ;
#1302 = APPROVAL ( #5667, 'UNSPECIFIED' ) ;
#1303 = VERTEX_POINT ( 'NONE', #3422 ) ;
#1304 = EDGE_LOOP ( 'NONE', ( #630, #1462 ) ) ;
#1305 = DIRECTION ( 'NONE',  ( 0.0000000000000000000, 0.0000000000000000000, -1.000000000000000000 ) ) ;
#1306 = ORIENTED_EDGE ( 'NONE', *, *, #906, .F. ) ;
#1307 = DIRECTION ( 'NONE',  ( -1.000000000000000000, 0.0000000000000000000, 0.0000000000000000000 ) ) ;
#1308 = AXIS2_PLACEMENT_3D ( 'NONE', #6168, #6699, #4633 ) ;
#1309 = EDGE_CURVE ( 'NONE', #5368, #6937, #6174, .T. ) ;
#1310 = ADVANCED_FACE ( 'NONE', ( #2077 ), #3350, .F. ) ;
#1311 = DIRECTION ( 'NONE',  ( 0.0000000000000000000, -1.000000000000000000, 0.0000000000000000000 ) ) ;
#1312 = CARTESIAN_POINT ( 'NONE',  ( 1.250000000000000200, 61.43189123190278900, -13.43189123190274400 ) ) ;
#1313 = FACE_OUTER_BOUND ( 'NONE', #211, .T. ) ;
#1314 = ORIENTED_EDGE ( 'NONE', *, *, #691, .T. ) ;
#1315 = DIRECTION ( 'NONE',  ( -1.000000000000000000, 0.0000000000000000000, 0.0000000000000000000 ) ) ;
#1316 = PLANE ( 'NONE',  #306 ) ;
#1317 = VECTOR ( 'NONE', #1232, 1000.000000000000100 ) ;
#1318 = DIRECTION ( 'NONE',  ( 0.0000000000000000000, 0.0000000000000000000, -1.000000000000000000 ) ) ;
#1319 = AXIS2_PLACEMENT_3D ( 'NONE', #2447, #4049, #5596 ) ;
#1320 = DIRECTION ( 'NONE',  ( 1.000000000000000000, -0.0000000000000000000, -0.0000000000000000000 ) ) ;
#1321 = DIRECTION ( 'NONE',  ( 0.0000000000000000000, 0.0000000000000000000, 1.000000000000000000 ) ) ;
#1322 = EDGE_LOOP ( 'NONE', ( #6088, #2127, #5269, #2289 ) ) ;
#1323 = VECTOR ( 'NONE', #5821, 1000.000000000000000 ) ;
#1324 = EDGE_CURVE ( 'NONE', #1135, #2336, #6692, .T. ) ;
#1325 = VECTOR ( 'NONE', #2609, 1000.000000000000000 ) ;
#1326 = EDGE_LOOP ( 'NONE', ( #135, #1027, #4224, #321 ) ) ;
#1327 = DIRECTION ( 'NONE',  ( 1.387778780781447500E-015, 0.0000000000000000000, 1.000000000000000000 ) ) ;
#1328 = CARTESIAN_POINT ( 'NONE',  ( -1.249999999999999800, 15.51471862576143900, -8.485281374238566000 ) ) ;
#1329 = CARTESIAN_POINT ( 'NONE',  ( 1.250000000000000200, 31.99999999999999300, 8.000000000000000000 ) ) ;
#1330 = CARTESIAN_POINT ( 'NONE',  ( 4.724999999999991700, 96.00000000000000000, 16.00000000000000400 ) ) ;
#1331 = AXIS2_PLACEMENT_3D ( 'NONE', #5663, #3511, #320 ) ;
#1332 = CYLINDRICAL_SURFACE ( 'NONE', #4304, 6.999999999999999100 ) ;
#1333 = ORIENTED_EDGE ( 'NONE', *, *, #2468, .F. ) ;
#1334 = CARTESIAN_POINT ( 'NONE',  ( -1.249999999999999800, 56.00000000000000000, -7.999999999999994700 ) ) ;
#1335 = CARTESIAN_POINT ( 'NONE',  ( -1.249999999999999800, 64.94660985766418500, 9.917172606141328100 ) ) ;
#1336 = FACE_OUTER_BOUND ( 'NONE', #4207, .T. ) ;
#1337 = PLANE ( 'NONE',  #3528 ) ;
#1338 = LINE ( 'NONE', #6601, #918 ) ;
#1339 = VERTEX_POINT ( 'NONE', #3012 ) ;
#1340 = CARTESIAN_POINT ( 'NONE',  ( 4.724999999999991700, 48.00000000000000700, 16.00000000000000400 ) ) ;
#1341 = EDGE_CURVE ( 'NONE', #5053, #4123, #6341, .T. ) ;
#1342 = CC_DESIGN_APPROVAL ( #3222, ( #2129 ) ) ;
#1343 = ORIENTED_EDGE ( 'NONE', *, *, #6622, .T. ) ;
#1344 = ORIENTED_EDGE ( 'NONE', *, *, #5645, .F. ) ;
#1345 = DIRECTION ( 'NONE',  ( 0.0000000000000000000, -0.7071067811865463500, -0.7071067811865487900 ) ) ;
#1346 = CIRCLE ( 'NONE', #1497, 6.999999999999999100 ) ;
#1347 = DIRECTION ( 'NONE',  ( 3.652049423109066300E-016, -0.0000000000000000000, -1.000000000000000000 ) ) ;
#1348 = ADVANCED_FACE ( 'NONE', ( #3180 ), #3867, .F. ) ;
#1349 = ORIENTED_EDGE ( 'NONE', *, *, #6482, .F. ) ;
#1350 = EDGE_LOOP ( 'NONE', ( #2687, #5707, #1514, #1234 ) ) ;
#1351 = CIRCLE ( 'NONE', #3921, 2.024999999999997200 ) ;
#1352 = EDGE_CURVE ( 'NONE', #5159, #5025, #5853, .T. ) ;
#1353 = CARTESIAN_POINT ( 'NONE',  ( -1.249999999999999800, 10.56810876809722000, -10.56810876809725700 ) ) ;
#1354 = LINE ( 'NONE', #6048, #5021 ) ;
#1355 = ORIENTED_EDGE ( 'NONE', *, *, #3590, .F. ) ;
#1356 = ORIENTED_EDGE ( 'NONE', *, *, #1434, .T. ) ;
#1357 = CYLINDRICAL_SURFACE ( 'NONE', #6780, 2.024999999999998100 ) ;
#1358 = DIRECTION ( 'NONE',  ( 1.000000000000000000, -0.0000000000000000000, -0.0000000000000000000 ) ) ;
#1359 = DIRECTION ( 'NONE',  ( 1.000000000000000000, -0.0000000000000000000, 0.0000000000000000000 ) ) ;
#1360 = FACE_OUTER_BOUND ( 'NONE', #5965, .T. ) ;
#1361 = AXIS2_PLACEMENT_3D ( 'NONE', #6809, #1397, #5126 ) ;
#1362 = DIRECTION ( 'NONE',  ( 1.000000000000000000, 0.0000000000000000000, 0.0000000000000000000 ) ) ;
#1363 = CARTESIAN_POINT ( 'NONE',  ( 1.250000000000000200, 111.5147186257614300, -10.51028137423855400 ) ) ;
#1364 = VECTOR ( 'NONE', #5315, 1000.000000000000000 ) ;
#1365 = ORIENTED_EDGE ( 'NONE', *, *, #5172, .T. ) ;
#1366 = EDGE_CURVE ( 'NONE', #2775, #6280, #1099, .T. ) ;
#1367 = CALENDAR_DATE ( 2022, 26, 4 ) ;
#1368 = CARTESIAN_POINT ( 'NONE',  ( -1.249999999999999800, 61.43189123190266800, 13.43189123190281200 ) ) ;
#1369 = EDGE_LOOP ( 'NONE', ( #2421, #1876, #4699, #5097, #5275 ) ) ;
#1370 = DIRECTION ( 'NONE',  ( 1.000000000000000000, -0.0000000000000000000, -0.0000000000000000000 ) ) ;
#1371 = ORIENTED_EDGE ( 'NONE', *, *, #5949, .F. ) ;
#1372 = CIRCLE ( 'NONE', #2514, 2.025000000000004400 ) ;
#1373 = FACE_OUTER_BOUND ( 'NONE', #849, .T. ) ;
#1374 = ORIENTED_EDGE ( 'NONE', *, *, #6011, .T. ) ;
#1375 = ORIENTED_EDGE ( 'NONE', *, *, #6504, .T. ) ;
#1376 = AXIS2_PLACEMENT_3D ( 'NONE', #4843, #4825, #5872 ) ;
#1377 = VECTOR ( 'NONE', #1991, 1000.000000000000000 ) ;
#1378 = VECTOR ( 'NONE', #774, 1000.000000000000100 ) ;
#1379 = VECTOR ( 'NONE', #6305, 1000.000000000000000 ) ;
#1380 = EDGE_CURVE ( 'NONE', #5231, #4027, #5612, .T. ) ;
#1381 = VERTEX_POINT ( 'NONE', #3045 ) ;
#1382 = ORIENTED_EDGE ( 'NONE', *, *, #6382, .T. ) ;
#1383 = LINE ( 'NONE', #4244, #6312 ) ;
#1384 = EDGE_LOOP ( 'NONE', ( #3880, #5947, #2044, #3212 ) ) ;
#1385 = CARTESIAN_POINT ( 'NONE',  ( 6.749999999999989300, 112.0000000000000100, 16.00000000000000400 ) ) ;
#1386 = ADVANCED_FACE ( 'NONE', ( #1602 ), #2435, .F. ) ;
#1387 = DIRECTION ( 'NONE',  ( 0.0000000000000000000, -0.7071067811865463500, -0.7071067811865487900 ) ) ;
#1388 = ORIENTED_EDGE ( 'NONE', *, *, #897, .F. ) ;
#1389 = AXIS2_PLACEMENT_3D ( 'NONE', #6412, #633, #6444 ) ;
#1390 = PLANE ( 'NONE',  #3566 ) ;
#1391 = ORIENTED_EDGE ( 'NONE', *, *, #1575, .F. ) ;
#1392 = CARTESIAN_POINT ( 'NONE',  ( 6.749999999999989300, 64.00000000000000000, 16.00000000000000400 ) ) ;
#1393 = DIRECTION ( 'NONE',  ( 1.000000000000000000, -0.0000000000000000000, 0.0000000000000000000 ) ) ;
#1394 = CARTESIAN_POINT ( 'NONE',  ( -1.249999999999999800, 32.48528137423857500, -8.485281374238564200 ) ) ;
#1395 = EDGE_LOOP ( 'NONE', ( #2358, #596 ) ) ;
#1396 = ORIENTED_EDGE ( 'NONE', *, *, #4839, .T. ) ;
#1397 = DIRECTION ( 'NONE',  ( 3.652049423109066300E-016, 0.0000000000000000000, -1.000000000000000000 ) ) ;
#1398 = DIRECTION ( 'NONE',  ( 3.652049423109066300E-016, 0.0000000000000000000, -1.000000000000000000 ) ) ;
#1399 = EDGE_CURVE ( 'NONE', #4762, #6303, #6424, .T. ) ;
#1400 = FACE_BOUND ( 'NONE', #3853, .T. ) ;
#1401 = EDGE_CURVE ( 'NONE', #5217, #3010, #5695, .T. ) ;
#1402 = ORIENTED_EDGE ( 'NONE', *, *, #5431, .T. ) ;
#1403 = DIRECTION ( 'NONE',  ( 1.000000000000000000, -0.0000000000000000000, -0.0000000000000000000 ) ) ;
#1404 = CARTESIAN_POINT ( 'NONE',  ( -1.249999999999999800, 81.91717260614133500, -7.053390142335809200 ) ) ;
#1405 = CARTESIAN_POINT ( 'NONE',  ( 1.250000000000000200, 56.00000000000000000, -7.999999999999994700 ) ) ;
#1406 = AXIS2_PLACEMENT_3D ( 'NONE', #270, #2325, #2434 ) ;
#1407 = ORIENTED_EDGE ( 'NONE', *, *, #4000, .T. ) ;
#1408 = EDGE_CURVE ( 'NONE', #1631, #1923, #4199, .T. ) ;
#1409 = DIRECTION ( 'NONE',  ( 0.0000000000000000000, 0.7071067811865450200, -0.7071067811865501300 ) ) ;
#1410 = DIRECTION ( 'NONE',  ( 1.000000000000000000, -0.0000000000000000000, 0.0000000000000000000 ) ) ;
#1411 = LINE ( 'NONE', #3839, #6243 ) ;
#1412 = ORIENTED_EDGE ( 'NONE', *, *, #3333, .T. ) ;
#1413 = DIRECTION ( 'NONE',  ( 0.0000000000000000000, 0.0000000000000000000, -1.000000000000000000 ) ) ;
#1414 = DIRECTION ( 'NONE',  ( 3.652049423109066300E-016, 0.0000000000000000000, -1.000000000000000000 ) ) ;
#1415 = AXIS2_PLACEMENT_3D ( 'NONE', #1802, #5551, #664 ) ;
#1416 = ORIENTED_EDGE ( 'NONE', *, *, #2711, .F. ) ;
#1417 = EDGE_CURVE ( 'NONE', #1973, #2343, #1018, .T. ) ;
#1418 = ADVANCED_FACE ( 'NONE', ( #4945 ), #4273, .F. ) ;
#1419 = FACE_BOUND ( 'NONE', #1541, .T. ) ;
#1420 = ORIENTED_EDGE ( 'NONE', *, *, #1895, .T. ) ;
#1421 = CARTESIAN_POINT ( 'NONE',  ( -1.249999999999999800, 72.00000000000001400, -6.999999999999999100 ) ) ;
#1422 = CARTESIAN_POINT ( 'NONE',  ( -46.75000000000000000, 8.000000000000000000, 5.974999999999994300 ) ) ;
#1423 = AXIS2_PLACEMENT_3D ( 'NONE', #3691, #2567, #2037 ) ;
#1424 = FACE_OUTER_BOUND ( 'NONE', #3818, .T. ) ;
#1425 = CARTESIAN_POINT ( 'NONE',  ( -1.249999999999999800, 40.94660985766419300, 9.917172606141328100 ) ) ;
#1426 = DIRECTION ( 'NONE',  ( 1.000000000000000000, 0.0000000000000000000, 0.0000000000000000000 ) ) ;
#1427 = DIRECTION ( 'NONE',  ( 3.652049423109066300E-016, -0.0000000000000000000, -1.000000000000000000 ) ) ;
#1428 = CARTESIAN_POINT ( 'NONE',  ( 4.725000000000003200, 24.00000000000000700, -15.99999999999999600 ) ) ;
#1429 = EDGE_LOOP ( 'NONE', ( #2580, #1025, #2175, #4878 ) ) ;
#1430 = ORIENTED_EDGE ( 'NONE', *, *, #5645, .T. ) ;
#1431 = CARTESIAN_POINT ( 'NONE',  ( 1.250000000000000200, 113.4318912319027400, 9.431891231902765700 ) ) ;
#1432 = FACE_OUTER_BOUND ( 'NONE', #5242, .T. ) ;
#1433 = CIRCLE ( 'NONE', #4007, 2.024999999999998100 ) ;
#1434 = EDGE_CURVE ( 'NONE', #435, #3381, #5344, .T. ) ;
#1435 = AXIS2_PLACEMENT_3D ( 'NONE', #3713, #584, #4752 ) ;
#1436 = EDGE_LOOP ( 'NONE', ( #4472, #5148, #1662, #2894, #2542 ) ) ;
#1437 = ORIENTED_EDGE ( 'NONE', *, *, #791, .T. ) ;
#1438 = DIRECTION ( 'NONE',  ( 0.0000000000000000000, -0.7071067811865463500, -0.7071067811865487900 ) ) ;
#1439 = DIRECTION ( 'NONE',  ( 1.000000000000000000, -0.0000000000000000000, -0.0000000000000000000 ) ) ;
#1440 = FACE_OUTER_BOUND ( 'NONE', #4111, .T. ) ;
#1441 = LINE ( 'NONE', #4160, #1772 ) ;
#1442 = CIRCLE ( 'NONE', #1782, 2.025000000000002600 ) ;
#1443 = ORIENTED_EDGE ( 'NONE', *, *, #6302, .T. ) ;
#1444 = AXIS2_PLACEMENT_3D ( 'NONE', #6869, #480, #5238 ) ;
#1445 = EDGE_LOOP ( 'NONE', ( #2054, #5536, #2795, #3190 ) ) ;
#1446 = ORIENTED_EDGE ( 'NONE', *, *, #5903, .T. ) ;
#1447 = EDGE_CURVE ( 'NONE', #5339, #3446, #6520, .T. ) ;
#1448 = CARTESIAN_POINT ( 'NONE',  ( -1.249999999999999800, 15.51471862576143900, -8.485281374238566000 ) ) ;
#1449 = DIRECTION ( 'NONE',  ( 1.000000000000000000, -0.0000000000000000000, -0.0000000000000000000 ) ) ;
#1450 = CIRCLE ( 'NONE', #6654, 2.025000000000002600 ) ;
#1451 = VECTOR ( 'NONE', #6316, 1000.000000000000100 ) ;
#1452 = ORIENTED_EDGE ( 'NONE', *, *, #5764, .T. ) ;
#1453 = EDGE_LOOP ( 'NONE', ( #5896, #2958 ) ) ;
#1454 = ORIENTED_EDGE ( 'NONE', *, *, #3688, .T. ) ;
#1455 = ADVANCED_FACE ( 'NONE', ( #669 ), #3696, .F. ) ;
#1456 = DIRECTION ( 'NONE',  ( 1.000000000000000000, -0.0000000000000000000, -0.0000000000000000000 ) ) ;
#1457 = AXIS2_PLACEMENT_3D ( 'NONE', #4700, #5319, #6832 ) ;
#1458 = CARTESIAN_POINT ( 'NONE',  ( -1.249999999999999800, 88.94660985766420000, 9.917172606141328100 ) ) ;
#1459 = VECTOR ( 'NONE', #2905, 1000.000000000000000 ) ;
#1460 = VERTEX_POINT ( 'NONE', #3778 ) ;
#1461 = ORIENTED_EDGE ( 'NONE', *, *, #5480, .T. ) ;
#1462 = ORIENTED_EDGE ( 'NONE', *, *, #2953, .F. ) ;
#1463 = ADVANCED_FACE ( 'NONE', ( #2826 ), #349, .F. ) ;
#1464 = FACE_BOUND ( 'NONE', #7, .T. ) ;
#1465 = VECTOR ( 'NONE', #6326, 1000.000000000000000 ) ;
#1466 = FACE_OUTER_BOUND ( 'NONE', #2916, .T. ) ;
#1467 = APPROVAL_STATUS ( 'not_yet_approved' ) ;
#1468 = DIRECTION ( 'NONE',  ( 1.000000000000000000, -0.0000000000000000000, -0.0000000000000000000 ) ) ;
#1469 = ORIENTED_EDGE ( 'NONE', *, *, #1399, .T. ) ;
#1470 = VECTOR ( 'NONE', #5816, 1000.000000000000000 ) ;
#1471 = EDGE_CURVE ( 'NONE', #6587, #1339, #1433, .T. ) ;
#1472 = DIRECTION ( 'NONE',  ( -1.000000000000000000, 0.0000000000000000000, 0.0000000000000000000 ) ) ;
#1473 = DIRECTION ( 'NONE',  ( 1.000000000000000000, 0.0000000000000000000, 0.0000000000000000000 ) ) ;
#1474 = ORIENTED_EDGE ( 'NONE', *, *, #5916, .T. ) ;
#1475 = DIRECTION ( 'NONE',  ( -1.000000000000000000, 0.0000000000000000000, -0.0000000000000000000 ) ) ;
#1476 = EDGE_LOOP ( 'NONE', ( #5842, #6743 ) ) ;
#1477 = EDGE_CURVE ( 'NONE', #1175, #5348, #1764, .T. ) ;
#1478 = DIRECTION ( 'NONE',  ( 1.000000000000000000, -0.0000000000000000000, -0.0000000000000000000 ) ) ;
#1479 = CARTESIAN_POINT ( 'NONE',  ( -1.249999999999999800, 16.00000000000000000, 8.000000000000000000 ) ) ;
#1480 = VERTEX_POINT ( 'NONE', #2304 ) ;
#1481 = DIRECTION ( 'NONE',  ( 0.0000000000000000000, -1.000000000000000000, 0.0000000000000000000 ) ) ;
#1482 = CARTESIAN_POINT ( 'NONE',  ( 6.750000000000000900, 80.00000000000001400, -15.99999999999999600 ) ) ;
#1483 = ORIENTED_EDGE ( 'NONE', *, *, #1241, .T. ) ;
#1484 = EDGE_LOOP ( 'NONE', ( #4396, #1446, #2941, #2295, #3279 ) ) ;
#1485 = CARTESIAN_POINT ( 'NONE',  ( -1.249999999999999800, 24.00000000000000000, 2.024999999999999900 ) ) ;
#1486 = CARTESIAN_POINT ( 'NONE',  ( 1.250000000000000200, 16.94660985766419300, 9.917172606141326300 ) ) ;
#1487 = CARTESIAN_POINT ( 'NONE',  ( -1.249999999999999800, 35.31370849898475900, 0.0000000000000000000 ) ) ;
#1488 = EDGE_CURVE ( 'NONE', #4216, #347, #2661, .T. ) ;
#1489 = EDGE_CURVE ( 'NONE', #1753, #5465, #5106, .T. ) ;
#1490 = LINE ( 'NONE', #6489, #74 ) ;
#1491 = EDGE_LOOP ( 'NONE', ( #4255, #5513, #6470, #5291 ) ) ;
#1492 = DIRECTION ( 'NONE',  ( 3.652049423109066300E-016, -0.0000000000000000000, -1.000000000000000000 ) ) ;
#1493 = DIRECTION ( 'NONE',  ( 3.652049423109066300E-016, -0.0000000000000000000, -1.000000000000000000 ) ) ;
#1494 = CARTESIAN_POINT ( 'NONE',  ( -1.249999999999999800, 30.56810876809724700, 9.431891231902756800 ) ) ;
#1495 = CARTESIAN_POINT ( 'NONE',  ( 4.724999999999991700, 32.00000000000000700, 16.00000000000000400 ) ) ;
#1496 = ADVANCED_FACE ( 'NONE', ( #501 ), #4897, .F. ) ;
#1497 = AXIS2_PLACEMENT_3D ( 'NONE', #2113, #4743, #5265 ) ;
#1498 = EDGE_CURVE ( 'NONE', #3858, #4306, #2753, .T. ) ;
#1499 = ORIENTED_EDGE ( 'NONE', *, *, #2142, .T. ) ;
#1500 = CARTESIAN_POINT ( 'NONE',  ( -1.249999999999999800, 103.0533901423358100, -9.917172606141329900 ) ) ;
#1501 = DIRECTION ( 'NONE',  ( -1.000000000000000000, 0.0000000000000000000, -0.0000000000000000000 ) ) ;
#1502 = CARTESIAN_POINT ( 'NONE',  ( 1.250000000000000200, 65.43189123190276700, -9.431891231902755000 ) ) ;
#1503 = CARTESIAN_POINT ( 'NONE',  ( 1.250000000000000200, 57.43189123190274600, 6.568108768097250300 ) ) ;
#1504 = VECTOR ( 'NONE', #2067, 1000.000000000000000 ) ;
#1505 = ORIENTED_EDGE ( 'NONE', *, *, #2470, .F. ) ;
#1506 = AXIS2_PLACEMENT_3D ( 'NONE', #432, #5724, #3575 ) ;
#1507 = ORIENTED_EDGE ( 'NONE', *, *, #1141, .F. ) ;
#1508 = DIRECTION ( 'NONE',  ( 0.0000000000000000000, 0.0000000000000000000, -1.000000000000000000 ) ) ;
#1509 = DIRECTION ( 'NONE',  ( 1.000000000000000000, 0.0000000000000000000, 0.0000000000000000000 ) ) ;
#1510 = CARTESIAN_POINT ( 'NONE',  ( 1.250000000000000200, 113.4318912319027400, -9.431891231902751500 ) ) ;
#1511 = LINE ( 'NONE', #4643, #5594 ) ;
#1512 = EDGE_CURVE ( 'NONE', #5907, #1288, #4772, .T. ) ;
#1513 = LINE ( 'NONE', #5075, #5420 ) ;
#1514 = ORIENTED_EDGE ( 'NONE', *, *, #4364, .T. ) ;
#1515 = ORIENTED_EDGE ( 'NONE', *, *, #6425, .T. ) ;
#1516 = ORIENTED_EDGE ( 'NONE', *, *, #2602, .F. ) ;
#1517 = CIRCLE ( 'NONE', #636, 2.024999999999999900 ) ;
#1518 = CARTESIAN_POINT ( 'NONE',  ( -1.249999999999999800, 107.3137084989847800, 2.024999999999999900 ) ) ;
#1519 = CARTESIAN_POINT ( 'NONE',  ( -1.249999999999999800, 12.68629150101524100, 0.0000000000000000000 ) ) ;
#1520 = AXIS2_PLACEMENT_3D ( 'NONE', #5475, #4434, #4923 ) ;
#1521 = ORIENTED_EDGE ( 'NONE', *, *, #5303, .F. ) ;
#1522 = VERTEX_POINT ( 'NONE', #5505 ) ;
#1523 = VECTOR ( 'NONE', #380, 1000.000000000000000 ) ;
#1524 = VECTOR ( 'NONE', #2332, 1000.000000000000000 ) ;
#1525 = DIRECTION ( 'NONE',  ( 0.0000000000000000000, 0.0000000000000000000, -1.000000000000000000 ) ) ;
#1526 = ORIENTED_EDGE ( 'NONE', *, *, #2188, .F. ) ;
#1527 = ORIENTED_EDGE ( 'NONE', *, *, #3204, .F. ) ;
#1528 = VECTOR ( 'NONE', #3677, 1000.000000000000000 ) ;
#1529 = EDGE_CURVE ( 'NONE', #4421, #6501, #1354, .T. ) ;
#1530 = ADVANCED_FACE ( 'NONE', ( #5173 ), #6864, .F. ) ;
#1531 = CARTESIAN_POINT ( 'NONE',  ( 4.724999999999993400, 104.0000000000000100, 13.50000000000000000 ) ) ;
#1532 = CYLINDRICAL_SURFACE ( 'NONE', #351, 2.024999999999998100 ) ;
#1533 = LINE ( 'NONE', #2357, #770 ) ;
#1534 = ORIENTED_EDGE ( 'NONE', *, *, #5316, .F. ) ;
#1535 = EDGE_LOOP ( 'NONE', ( #4947, #2548, #2677, #5033 ) ) ;
#1536 = VERTEX_POINT ( 'NONE', #2217 ) ;
#1537 = CARTESIAN_POINT ( 'NONE',  ( 6.750000000000000900, 80.00000000000001400, -15.99999999999999600 ) ) ;
#1538 = VECTOR ( 'NONE', #1049, 1000.000000000000000 ) ;
#1539 = AXIS2_PLACEMENT_3D ( 'NONE', #4328, #5364, #1129 ) ;
#1540 = FACE_OUTER_BOUND ( 'NONE', #218, .T. ) ;
#1541 = EDGE_LOOP ( 'NONE', ( #712, #2038 ) ) ;
#1542 = EDGE_CURVE ( 'NONE', #236, #1750, #4036, .T. ) ;
#1543 = DIRECTION ( 'NONE',  ( 0.0000000000000000000, 0.0000000000000000000, -1.000000000000000000 ) ) ;
#1544 = CARTESIAN_POINT ( 'NONE',  ( -1.249999999999999800, 104.4852813742385800, -8.485281374238564200 ) ) ;
#1545 = VECTOR ( 'NONE', #6760, 1000.000000000000000 ) ;
#1546 = ORIENTED_EDGE ( 'NONE', *, *, #5732, .F. ) ;
#1547 = FACE_BOUND ( 'NONE', #2858, .T. ) ;
#1548 = FACE_OUTER_BOUND ( 'NONE', #1647, .T. ) ;
#1549 = CIRCLE ( 'NONE', #3815, 2.024999999999999900 ) ;
#1550 = LINE ( 'NONE', #6290, #130 ) ;
#1551 = ORIENTED_EDGE ( 'NONE', *, *, #6458, .T. ) ;
#1552 = AXIS2_PLACEMENT_3D ( 'NONE', #2110, #2078, #2622 ) ;
#1553 = ORIENTED_EDGE ( 'NONE', *, *, #2317, .T. ) ;
#1554 = DIRECTION ( 'NONE',  ( 0.0000000000000000000, 0.7071067811865463500, 0.7071067811865487900 ) ) ;
#1555 = EDGE_CURVE ( 'NONE', #1687, #2264, #104, .T. ) ;
#1556 = ORIENTED_EDGE ( 'NONE', *, *, #3773, .F. ) ;
#1557 = DIRECTION ( 'NONE',  ( 0.0000000000000000000, 0.0000000000000000000, -1.000000000000000000 ) ) ;
#1558 = ORIENTED_EDGE ( 'NONE', *, *, #1710, .T. ) ;
#1559 = DIRECTION ( 'NONE',  ( 0.0000000000000000000, 0.0000000000000000000, -1.000000000000000000 ) ) ;
#1560 = CARTESIAN_POINT ( 'NONE',  ( 4.724999999999993400, 40.00000000000000700, 13.50000000000000000 ) ) ;
#1561 = CIRCLE ( 'NONE', #2298, 2.024999999999990100 ) ;
#1562 = VERTEX_POINT ( 'NONE', #3322 ) ;
#1563 = AXIS2_PLACEMENT_3D ( 'NONE', #3736, #3712, #2119 ) ;
#1564 = ORIENTED_EDGE ( 'NONE', *, *, #1976, .F. ) ;
#1565 = CARTESIAN_POINT ( 'NONE',  ( -1.249999999999999800, 40.94660985766420000, -9.917172606141322800 ) ) ;
#1566 = DIRECTION ( 'NONE',  ( 0.0000000000000000000, 0.0000000000000000000, -1.000000000000000000 ) ) ;
#1567 = CARTESIAN_POINT ( 'NONE',  ( 1.250000000000000200, 88.94660985766421400, -9.917172606141322800 ) ) ;
#1568 = ADVANCED_FACE ( 'NONE', ( #1925 ), #2909, .F. ) ;
#1569 = FACE_OUTER_BOUND ( 'NONE', #3837, .T. ) ;
#1570 = EDGE_CURVE ( 'NONE', #4584, #4148, #3939, .T. ) ;
#1571 = CARTESIAN_POINT ( 'NONE',  ( 1.250000000000000200, 64.00000000000000000, 5.974999999999997900 ) ) ;
#1572 = CARTESIAN_POINT ( 'NONE',  ( -1.249999999999999800, 61.43189123190261800, 13.43189123190273400 ) ) ;
#1573 = EDGE_LOOP ( 'NONE', ( #6411, #6615 ) ) ;
#1574 = CIRCLE ( 'NONE', #1415, 2.025000000000004400 ) ;
#1575 = EDGE_CURVE ( 'NONE', #4540, #4184, #6779, .T. ) ;
#1576 = ORIENTED_EDGE ( 'NONE', *, *, #2013, .T. ) ;
#1577 = DIRECTION ( 'NONE',  ( 1.000000000000000000, -0.0000000000000000000, 0.0000000000000000000 ) ) ;
#1578 = DIRECTION ( 'NONE',  ( -1.826024711554532900E-016, 0.0000000000000000000, 1.000000000000000000 ) ) ;
#1579 = CARTESIAN_POINT ( 'NONE',  ( 1.250000000000000200, 79.05339014233581500, -9.917172606141322800 ) ) ;
#1580 = AXIS2_PLACEMENT_3D ( 'NONE', #484, #2544, #5772 ) ;
#1581 = CIRCLE ( 'NONE', #5298, 2.024999999999997200 ) ;
#1582 = CYLINDRICAL_SURFACE ( 'NONE', #4332, 2.024999999999998100 ) ;
#1583 = VECTOR ( 'NONE', #3646, 1000.000000000000000 ) ;
#1584 = ADVANCED_FACE ( 'NONE', ( #5515 ), #2164, .F. ) ;
#1585 = LINE ( 'NONE', #274, #488 ) ;
#1586 = VERTEX_POINT ( 'NONE', #264 ) ;
#1587 = DIRECTION ( 'NONE',  ( 3.652049423109066300E-016, -0.0000000000000000000, -1.000000000000000000 ) ) ;
#1588 = DIRECTION ( 'NONE',  ( 0.0000000000000000000, 0.7071067811865469100, 0.7071067811865482400 ) ) ;
#1589 = ORIENTED_EDGE ( 'NONE', *, *, #1060, .T. ) ;
#1590 = DIRECTION ( 'NONE',  ( 1.000000000000000000, -0.0000000000000000000, -0.0000000000000000000 ) ) ;
#1591 = FACE_OUTER_BOUND ( 'NONE', #613, .T. ) ;
#1592 = CIRCLE ( 'NONE', #2935, 2.025000000000000800 ) ;
#1593 = AXIS2_PLACEMENT_3D ( 'NONE', #1519, #2039, #1957 ) ;
#1594 = ADVANCED_FACE ( 'NONE', ( #6594 ), #5687, .F. ) ;
#1595 = VERTEX_POINT ( 'NONE', #3436 ) ;
#1596 = VERTEX_POINT ( 'NONE', #6597 ) ;
#1597 = CARTESIAN_POINT ( 'NONE',  ( -1.249999999999999800, 88.94660985766420000, 9.917172606141328100 ) ) ;
#1598 = FACE_OUTER_BOUND ( 'NONE', #2923, .T. ) ;
#1599 = EDGE_CURVE ( 'NONE', #5196, #4048, #2920, .T. ) ;
#1600 = DIRECTION ( 'NONE',  ( 1.826024711554532900E-016, -0.0000000000000000000, 1.000000000000000000 ) ) ;
#1601 = CARTESIAN_POINT ( 'NONE',  ( -1.250000000000001100, 7.053390142335811900, -9.917172606141324600 ) ) ;
#1602 = FACE_OUTER_BOUND ( 'NONE', #3182, .T. ) ;
#1603 = ORIENTED_EDGE ( 'NONE', *, *, #3093, .T. ) ;
#1604 = ORIENTED_EDGE ( 'NONE', *, *, #977, .T. ) ;
#1605 = CARTESIAN_POINT ( 'NONE',  ( 0.0000000000000000000, 0.0000000000000000000, 16.00000000000000000 ) ) ;
#1606 = VECTOR ( 'NONE', #3056, 1000.000000000000000 ) ;
#1607 = CIRCLE ( 'NONE', #6076, 2.024999999999997200 ) ;
#1608 = CARTESIAN_POINT ( 'NONE',  ( 4.725000000000001400, 16.00000000000000700, -13.50000000000000200 ) ) ;
#1609 = CARTESIAN_POINT ( 'NONE',  ( 1.250000000000000200, 96.00000000000000000, -6.999999999999999100 ) ) ;
#1610 = EDGE_CURVE ( 'NONE', #190, #2205, #419, .T. ) ;
#1611 = AXIS2_PLACEMENT_3D ( 'NONE', #1758, #2287, #3369 ) ;
#1612 = LINE ( 'NONE', #3742, #188 ) ;
#1613 = ORIENTED_EDGE ( 'NONE', *, *, #5524, .F. ) ;
#1614 = VERTEX_POINT ( 'NONE', #6067 ) ;
#1615 = ORIENTED_EDGE ( 'NONE', *, *, #2493, .T. ) ;
#1616 = FACE_OUTER_BOUND ( 'NONE', #266, .T. ) ;
#1617 = LINE ( 'NONE', #4113, #2679 ) ;
#1618 = CARTESIAN_POINT ( 'NONE',  ( -1.249999999999999800, 54.56810876809724000, 9.431891231902756800 ) ) ;
#1619 = ORIENTED_EDGE ( 'NONE', *, *, #3923, .F. ) ;
#1620 = PERSON_AND_ORGANIZATION ( #2503, #6887 ) ;
#1621 = ORIENTED_EDGE ( 'NONE', *, *, #4381, .F. ) ;
#1622 = EDGE_LOOP ( 'NONE', ( #3552, #886, #2723, #1941 ) ) ;
#1623 = EDGE_CURVE ( 'NONE', #6501, #5934, #4857, .T. ) ;
#1624 = EDGE_CURVE ( 'NONE', #5767, #6566, #494, .T. ) ;
#1625 = FACE_OUTER_BOUND ( 'NONE', #2279, .T. ) ;
#1626 = DIRECTION ( 'NONE',  ( -1.000000000000000000, 0.0000000000000000000, 0.0000000000000000000 ) ) ;
#1627 = LINE ( 'NONE', #6071, #1708 ) ;
#1628 = CARTESIAN_POINT ( 'NONE',  ( 8.774999999999987900, 56.00000000000000700, 13.50000000000000000 ) ) ;
#1629 = VERTEX_POINT ( 'NONE', #1458 ) ;
#1630 = ORIENTED_EDGE ( 'NONE', *, *, #1555, .F. ) ;
#1631 = VERTEX_POINT ( 'NONE', #6267 ) ;
#1632 = AXIS2_PLACEMENT_3D ( 'NONE', #6833, #6849, #4730 ) ;
#1633 = EDGE_CURVE ( 'NONE', #1160, #4907, #5938, .T. ) ;
#1634 = DIRECTION ( 'NONE',  ( 0.0000000000000000000, 0.0000000000000000000, -1.000000000000000000 ) ) ;
#1635 = LINE ( 'NONE', #2939, #4141 ) ;
#1636 = CARTESIAN_POINT ( 'NONE',  ( 2.465133360598619700E-015, 120.0000000000000000, 13.50000000000000200 ) ) ;
#1637 = EDGE_LOOP ( 'NONE', ( #5599, #4882 ) ) ;
#1638 = DIRECTION ( 'NONE',  ( -1.000000000000000000, 0.0000000000000000000, 0.0000000000000000000 ) ) ;
#1639 = ADVANCED_FACE ( 'NONE', ( #6334 ), #6513, .F. ) ;
#1640 = AXIS2_PLACEMENT_3D ( 'NONE', #4187, #1587, #6397 ) ;
#1641 = VERTEX_POINT ( 'NONE', #2477 ) ;
#1642 = DIRECTION ( 'NONE',  ( 0.0000000000000000000, -1.713307136767214600E-015, -1.000000000000000000 ) ) ;
#1643 = EDGE_LOOP ( 'NONE', ( #3906, #1919, #87, #1805, #5969 ) ) ;
#1644 = DIRECTION ( 'NONE',  ( 1.000000000000000000, -0.0000000000000000000, -0.0000000000000000000 ) ) ;
#1645 = EDGE_CURVE ( 'NONE', #4482, #1877, #4602, .T. ) ;
#1646 = CARTESIAN_POINT ( 'NONE',  ( 1.250000000000000200, 16.00000000000000700, -7.999999999999996400 ) ) ;
#1647 = EDGE_LOOP ( 'NONE', ( #4450, #1816, #3336, #2691 ) ) ;
#1648 = DIRECTION ( 'NONE',  ( 3.652049423109066300E-016, -0.0000000000000000000, -1.000000000000000000 ) ) ;
#1649 = DIRECTION ( 'NONE',  ( 1.000000000000000000, -0.0000000000000000000, -0.0000000000000000000 ) ) ;
#1650 = FACE_OUTER_BOUND ( 'NONE', #1046, .T. ) ;
#1651 = ORIENTED_EDGE ( 'NONE', *, *, #2871, .T. ) ;
#1652 = CIRCLE ( 'NONE', #5672, 2.025000000000004400 ) ;
#1653 = DIRECTION ( 'NONE',  ( 0.0000000000000000000, 0.0000000000000000000, -1.000000000000000000 ) ) ;
#1654 = CARTESIAN_POINT ( 'NONE',  ( -1.249999999999999800, 40.00000000000000000, 5.974999999999997900 ) ) ;
#1655 = CARTESIAN_POINT ( 'NONE',  ( -1.249999999999999800, 72.00000000000001400, 0.0000000000000000000 ) ) ;
#1656 = ORIENTED_EDGE ( 'NONE', *, *, #2725, .F. ) ;
#1657 = EDGE_CURVE ( 'NONE', #4421, #5231, #3343, .T. ) ;
#1658 = AXIS2_PLACEMENT_3D ( 'NONE', #425, #3066, #4178 ) ;
#1659 = DIRECTION ( 'NONE',  ( 0.0000000000000000000, -0.7071067811865412400, -0.7071067811865537900 ) ) ;
#1660 = DIRECTION ( 'NONE',  ( 1.000000000000000000, -0.0000000000000000000, -0.0000000000000000000 ) ) ;
#1661 = CIRCLE ( 'NONE', #1435, 2.024999999999990100 ) ;
#1662 = ORIENTED_EDGE ( 'NONE', *, *, #4888, .T. ) ;
#1663 = ADVANCED_FACE ( 'NONE', ( #6687 ), #1920, .F. ) ;
#1664 = CYLINDRICAL_SURFACE ( 'NONE', #4236, 2.025000000000000800 ) ;
#1665 = PLANE ( 'NONE',  #3746 ) ;
#1666 = DIRECTION ( 'NONE',  ( 1.000000000000000000, -0.0000000000000000000, -0.0000000000000000000 ) ) ;
#1667 = CIRCLE ( 'NONE', #3843, 2.024999999999997200 ) ;
#1668 = AXIS2_PLACEMENT_3D ( 'NONE', #6044, #6748, #2933 ) ;
#1670 = EDGE_CURVE ( 'NONE', #3360, #5644, #747, .T. ) ;
#1669 = FACE_BOUND ( 'NONE', #3825, .T. ) ;
#1671 = EDGE_LOOP ( 'NONE', ( #1695, #6524 ) ) ;
#1672 = ORIENTED_EDGE ( 'NONE', *, *, #401, .T. ) ;
#1673 = DIRECTION ( 'NONE',  ( 0.0000000000000000000, 0.0000000000000000000, -1.000000000000000000 ) ) ;
#1674 = DIRECTION ( 'NONE',  ( 0.0000000000000000000, -1.000000000000000000, 0.0000000000000000000 ) ) ;
#1675 = LINE ( 'NONE', #2773, #2500 ) ;
#1676 = ORIENTED_EDGE ( 'NONE', *, *, #665, .T. ) ;
#1677 = DIRECTION ( 'NONE',  ( 1.000000000000000000, -0.0000000000000000000, 0.0000000000000000000 ) ) ;
#1678 = AXIS2_PLACEMENT_3D ( 'NONE', #5340, #5935, #561 ) ;
#1679 = ORIENTED_EDGE ( 'NONE', *, *, #5102, .T. ) ;
#1680 = ORIENTED_EDGE ( 'NONE', *, *, #3581, .F. ) ;
#1681 = VECTOR ( 'NONE', #4590, 1000.000000000000000 ) ;
#1682 = EDGE_CURVE ( 'NONE', #3682, #369, #5769, .T. ) ;
#1683 = DIRECTION ( 'NONE',  ( -1.000000000000000000, 0.0000000000000000000, 0.0000000000000000000 ) ) ;
#1684 = DIRECTION ( 'NONE',  ( 1.000000000000000000, -0.0000000000000000000, -0.0000000000000000000 ) ) ;
#1685 = DIRECTION ( 'NONE',  ( 1.000000000000000000, -0.0000000000000000000, -0.0000000000000000000 ) ) ;
#1686 = ORIENTED_EDGE ( 'NONE', *, *, #230, .F. ) ;
#1687 = VERTEX_POINT ( 'NONE', #1428 ) ;
#1688 = FACE_OUTER_BOUND ( 'NONE', #4607, .T. ) ;
#1689 = DIRECTION ( 'NONE',  ( 1.000000000000000000, -0.0000000000000000000, 0.0000000000000000000 ) ) ;
#1690 = VERTEX_POINT ( 'NONE', #839 ) ;
#1691 = AXIS2_PLACEMENT_3D ( 'NONE', #4527, #1414, #5613 ) ;
#1692 = ORIENTED_EDGE ( 'NONE', *, *, #6926, .T. ) ;
#1693 = CARTESIAN_POINT ( 'NONE',  ( 1.250000000000000200, 61.43189123190295200, 61.43189123190273900 ) ) ;
#1694 = LINE ( 'NONE', #1565, #5038 ) ;
#1695 = ORIENTED_EDGE ( 'NONE', *, *, #4908, .T. ) ;
#1696 = ORIENTED_EDGE ( 'NONE', *, *, #1218, .T. ) ;
#1697 = CIRCLE ( 'NONE', #3967, 2.025000000000000800 ) ;
#1698 = DIRECTION ( 'NONE',  ( 0.0000000000000000000, 0.0000000000000000000, -1.000000000000000000 ) ) ;
#1699 = ADVANCED_FACE ( 'NONE', ( #3095 ), #4192, .F. ) ;
#1700 = EDGE_CURVE ( 'NONE', #3010, #5415, #4685, .T. ) ;
#1701 = LINE ( 'NONE', #2045, #3626 ) ;
#1702 = VERTEX_POINT ( 'NONE', #5731 ) ;
#1703 = ORIENTED_EDGE ( 'NONE', *, *, #2001, .F. ) ;
#1704 = CARTESIAN_POINT ( 'NONE',  ( -46.75000000000000000, 111.5147186257614300, -8.485281374238553600 ) ) ;
#1705 = FACE_OUTER_BOUND ( 'NONE', #6691, .T. ) ;
#1706 = CARTESIAN_POINT ( 'NONE',  ( 1.250000000000000200, 102.5681087680972500, -9.431891231902755000 ) ) ;
#1707 = CARTESIAN_POINT ( 'NONE',  ( -1.249999999999999800, 61.43189123190237000, -58.56810876809721100 ) ) ;
#1708 = VECTOR ( 'NONE', #2872, 1000.000000000000000 ) ;
#1709 = CIRCLE ( 'NONE', #1238, 2.024999999999999900 ) ;
#1710 = EDGE_CURVE ( 'NONE', #3621, #5217, #2749, .T. ) ;
#1711 = EDGE_LOOP ( 'NONE', ( #4769, #2838, #2041, #3543 ) ) ;
#1712 = LINE ( 'NONE', #1128, #2868 ) ;
#1713 = ORIENTED_EDGE ( 'NONE', *, *, #6279, .F. ) ;
#1714 = DIRECTION ( 'NONE',  ( 1.000000000000000000, -0.0000000000000000000, 0.0000000000000000000 ) ) ;
#1715 = DIRECTION ( 'NONE',  ( 1.000000000000000000, -0.0000000000000000000, -0.0000000000000000000 ) ) ;
#1716 = CARTESIAN_POINT ( 'NONE',  ( 8.774999999999998600, 104.0000000000000100, -15.99999999999999600 ) ) ;
#1717 = CARTESIAN_POINT ( 'NONE',  ( -1.249999999999999800, 0.0000000000000000000, -2.024999999999999900 ) ) ;
#1718 = VERTEX_POINT ( 'NONE', #930 ) ;
#1719 = AXIS2_PLACEMENT_3D ( 'NONE', #5199, #1995, #2539 ) ;
#1720 = ORIENTED_EDGE ( 'NONE', *, *, #2013, .F. ) ;
#1721 = EDGE_CURVE ( 'NONE', #1702, #227, #1517, .T. ) ;
#1722 = CARTESIAN_POINT ( 'NONE',  ( -1.249999999999999800, 96.00000000000000000, 0.0000000000000000000 ) ) ;
#1723 = DIRECTION ( 'NONE',  ( 1.000000000000000000, -0.0000000000000000000, 0.0000000000000000000 ) ) ;
#1724 = DIRECTION ( 'NONE',  ( 1.000000000000000000, -0.0000000000000000000, 0.0000000000000000000 ) ) ;
#1725 = ORIENTED_EDGE ( 'NONE', *, *, #6828, .F. ) ;
#1726 = ORIENTED_EDGE ( 'NONE', *, *, #3047, .T. ) ;
#1727 = CARTESIAN_POINT ( 'NONE',  ( 6.750000000000000900, 56.00000000000000700, -15.99999999999999600 ) ) ;
#1728 = AXIS2_PLACEMENT_3D ( 'NONE', #6678, #3987, #4499 ) ;
#1729 = DIRECTION ( 'NONE',  ( 1.000000000000000000, -0.0000000000000000000, 0.0000000000000000000 ) ) ;
#1730 = DIRECTION ( 'NONE',  ( 1.000000000000000000, -0.0000000000000000000, -0.0000000000000000000 ) ) ;
#1731 = CYLINDRICAL_SURFACE ( 'NONE', #6101, 2.025000000000002600 ) ;
#1732 = EDGE_CURVE ( 'NONE', #5306, #4902, #2000, .T. ) ;
#1733 = ADVANCED_FACE ( 'NONE', ( #836 ), #4937, .F. ) ;
#1734 = DIRECTION ( 'NONE',  ( 3.652049423109066300E-016, 0.0000000000000000000, -1.000000000000000000 ) ) ;
#1735 = CARTESIAN_POINT ( 'NONE',  ( 1.250000000000000200, 54.56810876809724000, -9.431891231902755000 ) ) ;
#1736 = ORIENTED_EDGE ( 'NONE', *, *, #2911, .F. ) ;
#1737 = CARTESIAN_POINT ( 'NONE',  ( 4.724999999999993400, 80.00000000000001400, 13.50000000000000000 ) ) ;
#1738 = CARTESIAN_POINT ( 'NONE',  ( -46.75000000000000000, 58.56810876809823400, -58.56810876809718300 ) ) ;
#1739 = AXIS2_PLACEMENT_3D ( 'NONE', #2153, #6400, #2665 ) ;
#1740 = DIRECTION ( 'NONE',  ( 1.000000000000000000, 0.0000000000000000000, 0.0000000000000000000 ) ) ;
#1741 = CARTESIAN_POINT ( 'NONE',  ( 1.250000000000000200, 108.6862915010152500, 2.024999999999999900 ) ) ;
#1742 = CYLINDRICAL_SURFACE ( 'NONE', #3697, 2.025000000000004400 ) ;
#1743 = LINE ( 'NONE', #1289, #326 ) ;
#1744 = VECTOR ( 'NONE', #1168, 1000.000000000000000 ) ;
#1745 = EDGE_LOOP ( 'NONE', ( #3915, #3211, #6459, #1080 ) ) ;
#1746 = EDGE_CURVE ( 'NONE', #4762, #4282, #3171, .T. ) ;
#1747 = EDGE_CURVE ( 'NONE', #2138, #6197, #259, .T. ) ;
#1748 = DIRECTION ( 'NONE',  ( 0.0000000000000000000, 0.7071067811865424700, -0.7071067811865526800 ) ) ;
#1749 = FACE_BOUND ( 'NONE', #5537, .T. ) ;
#1750 = VERTEX_POINT ( 'NONE', #3650 ) ;
#1751 = DIRECTION ( 'NONE',  ( 0.0000000000000000000, 0.0000000000000000000, -1.000000000000000000 ) ) ;
#1752 = CARTESIAN_POINT ( 'NONE',  ( 6.749999999999989300, 80.00000000000001400, 16.00000000000000400 ) ) ;
#1753 = VERTEX_POINT ( 'NONE', #4253 ) ;
#1754 = AXIS2_PLACEMENT_3D ( 'NONE', #6827, #3535, #418 ) ;
#1755 = CARTESIAN_POINT ( 'NONE',  ( -1.249999999999999800, 80.48528137423856800, 8.485281374238569500 ) ) ;
#1756 = EDGE_CURVE ( 'NONE', #4127, #6509, #172, .T. ) ;
#1757 = CIRCLE ( 'NONE', #4716, 2.024999999999999000 ) ;
#1758 = CARTESIAN_POINT ( 'NONE',  ( 0.0000000000000000000, 120.0000000000000000, 0.0000000000000000000 ) ) ;
#1759 = EDGE_LOOP ( 'NONE', ( #5584, #3255, #1954, #2543 ) ) ;
#1760 = VERTEX_POINT ( 'NONE', #2598 ) ;
#1762 = CARTESIAN_POINT ( 'NONE',  ( -1.249999999999999800, 89.43189123190276700, 9.431891231902762100 ) ) ;
#1761 = CARTESIAN_POINT ( 'NONE',  ( 5.843279076974506900E-015, 120.0000000000000000, -16.00000000000000000 ) ) ;
#1763 = CYLINDRICAL_SURFACE ( 'NONE', #2244, 2.025000000000002600 ) ;
#1764 = LINE ( 'NONE', #1066, #2254 ) ;
#1765 = CARTESIAN_POINT ( 'NONE',  ( -1.249999999999999800, 79.05339014233581500, 9.917172606141324600 ) ) ;
#1766 = CARTESIAN_POINT ( 'NONE',  ( -1.249999999999999800, 104.0000000000000100, 8.000000000000000000 ) ) ;
#1767 = ADVANCED_FACE ( 'NONE', ( #2073 ), #587, .F. ) ;
#1768 = AXIS2_PLACEMENT_3D ( 'NONE', #5580, #3529, #263 ) ;
#1769 = VERTEX_POINT ( 'NONE', #5831 ) ;
#1770 = VERTEX_POINT ( 'NONE', #1571 ) ;
#1771 = EDGE_CURVE ( 'NONE', #308, #6421, #4360, .T. ) ;
#1772 = VECTOR ( 'NONE', #3097, 1000.000000000000000 ) ;
#1773 = DIRECTION ( 'NONE',  ( 1.000000000000000000, -0.0000000000000000000, -0.0000000000000000000 ) ) ;
#1774 = FACE_BOUND ( 'NONE', #5421, .T. ) ;
#1775 = DIRECTION ( 'NONE',  ( -1.000000000000000000, 0.0000000000000000000, 1.826024711554532900E-016 ) ) ;
#1776 = VERTEX_POINT ( 'NONE', #979 ) ;
#1777 = ORIENTED_EDGE ( 'NONE', *, *, #5262, .T. ) ;
#1778 = ORIENTED_EDGE ( 'NONE', *, *, #6264, .F. ) ;
#1779 = LINE ( 'NONE', #1185, #193 ) ;
#1780 = DIRECTION ( 'NONE',  ( 1.000000000000000000, 0.0000000000000000000, 0.0000000000000000000 ) ) ;
#1781 = CARTESIAN_POINT ( 'NONE',  ( -1.249999999999999800, 104.0000000000000100, -7.999999999999994700 ) ) ;
#1782 = AXIS2_PLACEMENT_3D ( 'NONE', #1091, #4880, #5308 ) ;
#1783 = FACE_OUTER_BOUND ( 'NONE', #108, .T. ) ;
#1784 = LINE ( 'NONE', #1404, #4788 ) ;
#1785 = DIRECTION ( 'NONE',  ( -1.000000000000000000, 0.0000000000000000000, 0.0000000000000000000 ) ) ;
#1786 = CARTESIAN_POINT ( 'NONE',  ( 1.250000000000000200, 6.568108768097244100, -9.431891231902760400 ) ) ;
#1787 = VECTOR ( 'NONE', #6756, 1000.000000000000000 ) ;
#1788 = EDGE_LOOP ( 'NONE', ( #4941, #2112, #5878, #4458 ) ) ;
#1789 = ORIENTED_EDGE ( 'NONE', *, *, #3049, .T. ) ;
#1790 = CARTESIAN_POINT ( 'NONE',  ( 8.774999999999998600, 40.00000000000000700, -15.99999999999999600 ) ) ;
#1791 = ORIENTED_EDGE ( 'NONE', *, *, #6841, .T. ) ;
#1792 = CARTESIAN_POINT ( 'NONE',  ( -1.249999999999999800, 104.0000000000000100, 8.000000000000000000 ) ) ;
#1793 = VECTOR ( 'NONE', #4013, 1000.000000000000000 ) ;
#1794 = CARTESIAN_POINT ( 'NONE',  ( -1.249999999999999800, 48.00000000000000000, -6.999999999999999100 ) ) ;
#1795 = VECTOR ( 'NONE', #3351, 1000.000000000000000 ) ;
#1796 = ORIENTED_EDGE ( 'NONE', *, *, #937, .F. ) ;
#1797 = CARTESIAN_POINT ( 'NONE',  ( 6.749999999999989300, 64.00000000000000000, 16.00000000000000400 ) ) ;
#1798 = VERTEX_POINT ( 'NONE', #6356 ) ;
#1799 = EDGE_CURVE ( 'NONE', #1175, #968, #1346, .T. ) ;
#1800 = ORIENTED_EDGE ( 'NONE', *, *, #5128, .F. ) ;
#1801 = LINE ( 'NONE', #198, #3557 ) ;
#1802 = CARTESIAN_POINT ( 'NONE',  ( 1.250000000000000200, 80.48528137423858200, -8.485281374238564200 ) ) ;
#1803 = ORIENTED_EDGE ( 'NONE', *, *, #538, .T. ) ;
#1804 = FACE_OUTER_BOUND ( 'NONE', #4206, .T. ) ;
#1805 = ORIENTED_EDGE ( 'NONE', *, *, #72, .T. ) ;
#1806 = AXIS2_PLACEMENT_3D ( 'NONE', #5579, #1780, #1751 ) ;
#1807 = EDGE_CURVE ( 'NONE', #3911, #4539, #2423, .T. ) ;
#1808 = ADVANCED_FACE ( 'NONE', ( #97 ), #1030, .F. ) ;
#1809 = CARTESIAN_POINT ( 'NONE',  ( 4.725000000000003200, 56.00000000000000700, -15.99999999999999600 ) ) ;
#1810 = ORIENTED_EDGE ( 'NONE', *, *, #2301, .F. ) ;
#1811 = VERTEX_POINT ( 'NONE', #442 ) ;
#1812 = DIRECTION ( 'NONE',  ( 3.652049423109066300E-016, -0.0000000000000000000, -1.000000000000000000 ) ) ;
#1813 = CARTESIAN_POINT ( 'NONE',  ( 8.774999999999998600, 112.0000000000000100, -13.50000000000000200 ) ) ;
#1814 = DIRECTION ( 'NONE',  ( -1.000000000000000000, 0.0000000000000000000, 1.826024711554532900E-016 ) ) ;
#1815 = FACE_BOUND ( 'NONE', #4719, .T. ) ;
#1816 = ORIENTED_EDGE ( 'NONE', *, *, #5085, .F. ) ;
#1817 = CARTESIAN_POINT ( 'NONE',  ( -46.75000000000000000, 7.053390142335811900, -9.917172606141324600 ) ) ;
#1818 = CARTESIAN_POINT ( 'NONE',  ( -1.249999999999999800, 0.0000000000000000000, 2.024999999999999900 ) ) ;
#1819 = CARTESIAN_POINT ( 'NONE',  ( -1.249999999999999800, 86.08282739385867900, 7.053390142335810100 ) ) ;
#1820 = DIRECTION ( 'NONE',  ( -1.000000000000000000, 0.0000000000000000000, 0.0000000000000000000 ) ) ;
#1821 = FACE_OUTER_BOUND ( 'NONE', #44, .T. ) ;
#1822 = EDGE_LOOP ( 'NONE', ( #5797, #4776 ) ) ;
#1823 = ORIENTED_EDGE ( 'NONE', *, *, #3909, .T. ) ;
#1824 = CIRCLE ( 'NONE', #5540, 2.024999999999998100 ) ;
#1825 = CARTESIAN_POINT ( 'NONE',  ( 1.250000000000000200, 7.053390142335809200, 9.917172606141322800 ) ) ;
#1826 = EDGE_CURVE ( 'NONE', #6323, #5396, #5425, .T. ) ;
#1827 = ORIENTED_EDGE ( 'NONE', *, *, #4974, .F. ) ;
#1828 = CARTESIAN_POINT ( 'NONE',  ( -1.249999999999999800, 24.00000000000000000, -6.999999999999999100 ) ) ;
#1829 = DIRECTION ( 'NONE',  ( 1.000000000000000000, -0.0000000000000000000, -0.0000000000000000000 ) ) ;
#1830 = DIRECTION ( 'NONE',  ( 0.0000000000000000000, 0.7071067811865463500, 0.7071067811865487900 ) ) ;
#1831 = VECTOR ( 'NONE', #5322, 1000.000000000000000 ) ;
#1832 = ORIENTED_EDGE ( 'NONE', *, *, #997, .T. ) ;
#1833 = DIRECTION ( 'NONE',  ( 0.0000000000000000000, 0.0000000000000000000, -1.000000000000000000 ) ) ;
#1834 = DIRECTION ( 'NONE',  ( 3.652049423109066300E-016, -0.0000000000000000000, -1.000000000000000000 ) ) ;
#1835 = EDGE_CURVE ( 'NONE', #5358, #6925, #2818, .T. ) ;
#1836 = AXIS2_PLACEMENT_3D ( 'NONE', #247, #2389, #1345 ) ;
#1837 = CIRCLE ( 'NONE', #1552, 2.024999999999990100 ) ;
#1838 = CIRCLE ( 'NONE', #4201, 2.024999999999998100 ) ;
#1839 = EDGE_CURVE ( 'NONE', #3723, #4232, #2247, .T. ) ;
#1840 = VERTEX_POINT ( 'NONE', #4345 ) ;
#1841 = CARTESIAN_POINT ( 'NONE',  ( 4.724999999999991700, 32.00000000000000700, 16.00000000000000400 ) ) ;
#1842 = ADVANCED_FACE ( 'NONE', ( #6090 ), #6856, .F. ) ;
#1843 = EDGE_LOOP ( 'NONE', ( #5868, #4301, #6517, #3306 ) ) ;
#1844 = FACE_OUTER_BOUND ( 'NONE', #2222, .T. ) ;
#1845 = EDGE_CURVE ( 'NONE', #1276, #2266, #1757, .T. ) ;
#1846 = CARTESIAN_POINT ( 'NONE',  ( -1.249999999999999800, 65.43189123190276700, 9.431891231902762100 ) ) ;
#1847 = EDGE_CURVE ( 'NONE', #6195, #4549, #3265, .T. ) ;
#1848 = DIRECTION ( 'NONE',  ( 1.000000000000000000, -0.0000000000000000000, -0.0000000000000000000 ) ) ;
#1849 = VERTEX_POINT ( 'NONE', #2695 ) ;
#1850 = ORIENTED_EDGE ( 'NONE', *, *, #1309, .F. ) ;
#1851 = LINE ( 'NONE', #5950, #3000 ) ;
#1852 = DIRECTION ( 'NONE',  ( -1.000000000000000000, 0.0000000000000000000, 0.0000000000000000000 ) ) ;
#1853 = AXIS2_PLACEMENT_3D ( 'NONE', #6844, #5220, #5766 ) ;
#1854 = ORIENTED_EDGE ( 'NONE', *, *, #2555, .T. ) ;
#1855 = ORIENTED_EDGE ( 'NONE', *, *, #6217, .F. ) ;
#1856 = EDGE_CURVE ( 'NONE', #6058, #88, #6167, .T. ) ;
#1857 = DIRECTION ( 'NONE',  ( 0.0000000000000000000, -0.7071067811865444600, -0.7071067811865505700 ) ) ;
#1858 = CIRCLE ( 'NONE', #1768, 2.025000000000004400 ) ;
#1859 = DIRECTION ( 'NONE',  ( 1.000000000000000000, -0.0000000000000000000, 0.0000000000000000000 ) ) ;
#1860 = CIRCLE ( 'NONE', #6165, 2.025000000000001700 ) ;
#1861 = CARTESIAN_POINT ( 'NONE',  ( -1.249999999999999800, 12.68629150101524100, -2.024999999999999900 ) ) ;
#1862 = DIRECTION ( 'NONE',  ( 1.000000000000000000, 0.0000000000000000000, 3.652049423109066800E-016 ) ) ;
#1863 = ORIENTED_EDGE ( 'NONE', *, *, #816, .T. ) ;
#1864 = ORIENTED_EDGE ( 'NONE', *, *, #2671, .F. ) ;
#1865 = CIRCLE ( 'NONE', #5290, 2.025000000000000800 ) ;
#1866 = LINE ( 'NONE', #6039, #3957 ) ;
#1867 = CIRCLE ( 'NONE', #1176, 2.024999999999997200 ) ;
#1868 = ORIENTED_EDGE ( 'NONE', *, *, #4932, .T. ) ;
#1869 = EDGE_LOOP ( 'NONE', ( #5977, #5103, #57, #118, #5013 ) ) ;
#1870 = EDGE_CURVE ( 'NONE', #5174, #3296, #1006, .T. ) ;
#1871 = ORIENTED_EDGE ( 'NONE', *, *, #6308, .F. ) ;
#1872 = VECTOR ( 'NONE', #2072, 1000.000000000000000 ) ;
#1873 = DIRECTION ( 'NONE',  ( 3.652049423109066300E-016, -0.0000000000000000000, -1.000000000000000000 ) ) ;
#1874 = LINE ( 'NONE', #1597, #289 ) ;
#1875 = VECTOR ( 'NONE', #3075, 1000.000000000000100 ) ;
#1876 = ORIENTED_EDGE ( 'NONE', *, *, #4659, .F. ) ;
#1877 = VERTEX_POINT ( 'NONE', #4890 ) ;
#1878 = ADVANCED_FACE ( 'NONE', ( #5254 ), #3860, .F. ) ;
#1879 = DIRECTION ( 'NONE',  ( 1.000000000000000000, -0.0000000000000000000, 0.0000000000000000000 ) ) ;
#1880 = DIRECTION ( 'NONE',  ( 1.000000000000000000, 0.0000000000000000000, 0.0000000000000000000 ) ) ;
#1881 = DIRECTION ( 'NONE',  ( 1.000000000000000000, -0.0000000000000000000, -0.0000000000000000000 ) ) ;
#1882 = LINE ( 'NONE', #5591, #1795 ) ;
#1883 = FACE_OUTER_BOUND ( 'NONE', #3312, .T. ) ;
#1884 = DIRECTION ( 'NONE',  ( 0.0000000000000000000, 0.7071067811865505700, -0.7071067811865444600 ) ) ;
#1885 = CARTESIAN_POINT ( 'NONE',  ( -1.249999999999999800, 41.43189123190276000, 9.431891231902762100 ) ) ;
#1886 = DIRECTION ( 'NONE',  ( 3.652049423109066300E-016, 0.0000000000000000000, -1.000000000000000000 ) ) ;
#1887 = ORIENTED_EDGE ( 'NONE', *, *, #4483, .F. ) ;
#1888 = ORIENTED_EDGE ( 'NONE', *, *, #4438, .T. ) ;
#1889 = CARTESIAN_POINT ( 'NONE',  ( -1.249999999999999800, 24.00000000000000000, -2.024999999999999900 ) ) ;
#1890 = EDGE_CURVE ( 'NONE', #1276, #1135, #5100, .T. ) ;
#1891 = VERTEX_POINT ( 'NONE', #2663 ) ;
#1892 = ORIENTED_EDGE ( 'NONE', *, *, #3674, .F. ) ;
#1893 = DIRECTION ( 'NONE',  ( 1.000000000000000000, -0.0000000000000000000, 0.0000000000000000000 ) ) ;
#1894 = VERTEX_POINT ( 'NONE', #4307 ) ;
#1895 = EDGE_CURVE ( 'NONE', #1562, #4182, #5847, .T. ) ;
#1896 = DIRECTION ( 'NONE',  ( 0.0000000000000000000, 0.0000000000000000000, -1.000000000000000000 ) ) ;
#1897 = FACE_OUTER_BOUND ( 'NONE', #6066, .T. ) ;
#1898 = CARTESIAN_POINT ( 'NONE',  ( -1.249999999999999800, 104.0000000000000100, 5.975000000000009400 ) ) ;
#1899 = DIRECTION ( 'NONE',  ( 0.0000000000000000000, 0.7071067811865463500, 0.7071067811865487900 ) ) ;
#1900 = DIRECTION ( 'NONE',  ( 0.0000000000000000000, 0.0000000000000000000, -1.000000000000000000 ) ) ;
#1901 = AXIS2_PLACEMENT_3D ( 'NONE', #6170, #6700, #2427 ) ;
#1902 = ORIENTED_EDGE ( 'NONE', *, *, #4838, .T. ) ;
#1903 = EDGE_CURVE ( 'NONE', #6197, #1480, #1851, .T. ) ;
#1904 = ADVANCED_FACE ( 'NONE', ( #1591 ), #3595, .F. ) ;
#1905 = PLANE ( 'NONE',  #5739 ) ;
#1906 = CARTESIAN_POINT ( 'NONE',  ( 1.250000000000000200, 15.51471862576143000, 8.485281374238569500 ) ) ;
#1907 = AXIS2_PLACEMENT_3D ( 'NONE', #3022, #350, #2509 ) ;
#1908 = VECTOR ( 'NONE', #4977, 1000.000000000000000 ) ;
#1909 = VERTEX_POINT ( 'NONE', #3823 ) ;
#1910 = DIRECTION ( 'NONE',  ( 0.0000000000000000000, 0.0000000000000000000, -1.000000000000000000 ) ) ;
#1911 = FACE_OUTER_BOUND ( 'NONE', #4070, .T. ) ;
#1912 = CARTESIAN_POINT ( 'NONE',  ( -1.249999999999999800, 83.31370849898475200, 2.024999999999999900 ) ) ;
#1913 = FACE_OUTER_BOUND ( 'NONE', #2617, .T. ) ;
#1914 = VERTEX_POINT ( 'NONE', #5973 ) ;
#1915 = CIRCLE ( 'NONE', #2172, 6.999999999999999100 ) ;
#1916 = EDGE_CURVE ( 'NONE', #5387, #5159, #2577, .T. ) ;
#1917 = AXIS2_PLACEMENT_3D ( 'NONE', #3680, #6880, #2947 ) ;
#1918 = ORIENTED_EDGE ( 'NONE', *, *, #2171, .F. ) ;
#1919 = ORIENTED_EDGE ( 'NONE', *, *, #3923, .T. ) ;
#1920 = CYLINDRICAL_SURFACE ( 'NONE', #5915, 2.024999999999998100 ) ;
#1921 = DIRECTION ( 'NONE',  ( 1.000000000000000000, 0.0000000000000000000, 0.0000000000000000000 ) ) ;
#1922 = EDGE_LOOP ( 'NONE', ( #5568, #6599 ) ) ;
#1923 = VERTEX_POINT ( 'NONE', #4911 ) ;
#1924 = EDGE_CURVE ( 'NONE', #4402, #4391, #3771, .T. ) ;
#1925 = FACE_OUTER_BOUND ( 'NONE', #571, .T. ) ;
#1926 = DIRECTION ( 'NONE',  ( 1.000000000000000000, -0.0000000000000000000, -0.0000000000000000000 ) ) ;
#1927 = DIRECTION ( 'NONE',  ( 0.0000000000000000000, -0.7071067811865526800, -0.7071067811865424700 ) ) ;
#1928 = DIRECTION ( 'NONE',  ( 0.0000000000000000000, 0.0000000000000000000, -1.000000000000000000 ) ) ;
#1929 = ORIENTED_EDGE ( 'NONE', *, *, #6255, .F. ) ;
#1930 = VERTEX_POINT ( 'NONE', #5457 ) ;
#1931 = CIRCLE ( 'NONE', #4761, 2.025000000000004400 ) ;
#1932 = ADVANCED_FACE ( 'NONE', ( #1844 ), #2239, .F. ) ;
#1933 = FACE_BOUND ( 'NONE', #4118, .T. ) ;
#1934 = CARTESIAN_POINT ( 'NONE',  ( -1.249999999999999800, 39.51471862576143900, -8.485281374238566000 ) ) ;
#1935 = DIRECTION ( 'NONE',  ( 0.0000000000000000000, 0.0000000000000000000, -1.000000000000000000 ) ) ;
#1936 = CARTESIAN_POINT ( 'NONE',  ( 1.250000000000000200, 83.31370849898475200, 0.0000000000000000000 ) ) ;
#1937 = CARTESIAN_POINT ( 'NONE',  ( -1.249999999999999800, 10.56810876809746200, 10.56810876809731100 ) ) ;
#1938 = VECTOR ( 'NONE', #4514, 999.9999999999998900 ) ;
#1939 = CARTESIAN_POINT ( 'NONE',  ( 1.250000000000000200, 8.000000000000000000, 7.999999999999996400 ) ) ;
#1940 = VERTEX_POINT ( 'NONE', #3890 ) ;
#1941 = ORIENTED_EDGE ( 'NONE', *, *, #1180, .T. ) ;
#1942 = CARTESIAN_POINT ( 'NONE',  ( -1.249999999999999800, 59.31370849898476600, 2.024999999999999900 ) ) ;
#1943 = CIRCLE ( 'NONE', #6823, 2.024999999999999000 ) ;
#1944 = LINE ( 'NONE', #2425, #4803 ) ;
#1945 = LINE ( 'NONE', #2531, #3799 ) ;
#1946 = LINE ( 'NONE', #1033, #364 ) ;
#1947 = VERTEX_POINT ( 'NONE', #3862 ) ;
#1948 = DIRECTION ( 'NONE',  ( 0.0000000000000000000, 0.0000000000000000000, -1.000000000000000000 ) ) ;
#1949 = ORIENTED_EDGE ( 'NONE', *, *, #6123, .F. ) ;
#1950 = VERTEX_POINT ( 'NONE', #4373 ) ;
#1951 = AXIS2_PLACEMENT_3D ( 'NONE', #3413, #6657, #1266 ) ;
#1952 = CIRCLE ( 'NONE', #2308, 2.024999999999998100 ) ;
#1953 = EDGE_CURVE ( 'NONE', #2393, #5997, #3678, .T. ) ;
#1954 = ORIENTED_EDGE ( 'NONE', *, *, #4585, .F. ) ;
#1955 = ORIENTED_EDGE ( 'NONE', *, *, #5179, .T. ) ;
#1956 = ORIENTED_EDGE ( 'NONE', *, *, #2699, .T. ) ;
#1957 = DIRECTION ( 'NONE',  ( 0.0000000000000000000, 0.0000000000000000000, -1.000000000000000000 ) ) ;
#1958 = FACE_BOUND ( 'NONE', #4040, .T. ) ;
#1959 = VECTOR ( 'NONE', #6230, 1000.000000000000000 ) ;
#1960 = DIRECTION ( 'NONE',  ( 0.0000000000000000000, 0.0000000000000000000, -1.000000000000000000 ) ) ;
#1961 = ORIENTED_EDGE ( 'NONE', *, *, #3571, .F. ) ;
#1962 = EDGE_CURVE ( 'NONE', #6276, #2336, #915, .T. ) ;
#1963 = CARTESIAN_POINT ( 'NONE',  ( 6.750000000000000000, 24.00000000000000700, -13.50000000000000200 ) ) ;
#1964 = DIRECTION ( 'NONE',  ( 1.000000000000000000, -0.0000000000000000000, -0.0000000000000000000 ) ) ;
#1965 = ORIENTED_EDGE ( 'NONE', *, *, #2200, .F. ) ;
#1966 = DIRECTION ( 'NONE',  ( 1.000000000000000000, -0.0000000000000000000, 0.0000000000000000000 ) ) ;
#1967 = EDGE_CURVE ( 'NONE', #6280, #2775, #828, .T. ) ;
#1968 = EDGE_CURVE ( 'NONE', #2264, #1687, #3507, .T. ) ;
#1969 = ORIENTED_EDGE ( 'NONE', *, *, #6403, .T. ) ;
#1970 = DIRECTION ( 'NONE',  ( 0.0000000000000000000, -0.7071067811865513500, 0.7071067811865436900 ) ) ;
#1971 = LINE ( 'NONE', #4287, #4159 ) ;
#1972 = DIRECTION ( 'NONE',  ( 0.0000000000000000000, -0.7071067811865450200, 0.7071067811865501300 ) ) ;
#1973 = VERTEX_POINT ( 'NONE', #2977 ) ;
#1974 = AXIS2_PLACEMENT_3D ( 'NONE', #5637, #4519, #2381 ) ;
#1975 = ORIENTED_EDGE ( 'NONE', *, *, #3624, .T. ) ;
#1976 = EDGE_CURVE ( 'NONE', #2146, #4703, #4348, .T. ) ;
#1977 = CARTESIAN_POINT ( 'NONE',  ( -1.249999999999999800, 36.68629150101524100, -2.024999999999999900 ) ) ;
#1978 = CARTESIAN_POINT ( 'NONE',  ( 6.750000000000000900, 56.00000000000000700, -15.99999999999999600 ) ) ;
#1979 = DIRECTION ( 'NONE',  ( 1.000000000000000000, -0.0000000000000000000, -0.0000000000000000000 ) ) ;
#1980 = DIRECTION ( 'NONE',  ( 1.000000000000000000, 0.0000000000000000000, 0.0000000000000000000 ) ) ;
#1981 = VERTEX_POINT ( 'NONE', #4401 ) ;
#1982 = LINE ( 'NONE', #2232, #4927 ) ;
#1983 = DIRECTION ( 'NONE',  ( 0.0000000000000000000, -0.7071067811865463500, 0.7071067811865487900 ) ) ;
#1984 = ORIENTED_EDGE ( 'NONE', *, *, #4972, .T. ) ;
#1985 = DIRECTION ( 'NONE',  ( 0.0000000000000000000, -1.000000000000000000, 0.0000000000000000000 ) ) ;
#1986 = EDGE_CURVE ( 'NONE', #3474, #1303, #6415, .T. ) ;
#1987 = CYLINDRICAL_SURFACE ( 'NONE', #2529, 2.025000000000000800 ) ;
#1988 = ORIENTED_EDGE ( 'NONE', *, *, #1, .T. ) ;
#1989 = CARTESIAN_POINT ( 'NONE',  ( 1.250000000000000200, 104.0000000000000100, 5.975000000000009400 ) ) ;
#1990 = DIRECTION ( 'NONE',  ( 0.0000000000000000000, 0.0000000000000000000, -1.000000000000000000 ) ) ;
#1991 = DIRECTION ( 'NONE',  ( 1.000000000000000000, -0.0000000000000000000, -0.0000000000000000000 ) ) ;
#1992 = AXIS2_PLACEMENT_3D ( 'NONE', #4060, #6226, #1960 ) ;
#1993 = ADVANCED_FACE ( 'NONE', ( #1424 ), #90, .F. ) ;
#1994 = DIRECTION ( 'NONE',  ( -1.000000000000000000, 0.0000000000000000000, -0.0000000000000000000 ) ) ;
#1995 = DIRECTION ( 'NONE',  ( 1.000000000000000000, -0.0000000000000000000, 0.0000000000000000000 ) ) ;
#1996 = ORIENTED_EDGE ( 'NONE', *, *, #6159, .F. ) ;
#1997 = EDGE_LOOP ( 'NONE', ( #1868, #3479, #6015, #964 ) ) ;
#1998 = CIRCLE ( 'NONE', #122, 2.024999999999999900 ) ;
#1999 = DIRECTION ( 'NONE',  ( -1.000000000000000000, 0.0000000000000000000, 0.0000000000000000000 ) ) ;
#2000 = CIRCLE ( 'NONE', #6261, 2.024999999999999900 ) ;
#2001 = EDGE_CURVE ( 'NONE', #413, #170, #5507, .T. ) ;
#2002 = AXIS2_PLACEMENT_3D ( 'NONE', #6252, #5757, #2523 ) ;
#2003 = CARTESIAN_POINT ( 'NONE',  ( -1.249999999999999800, 104.0000000000000100, 8.000000000000000000 ) ) ;
#2004 = ORIENTED_EDGE ( 'NONE', *, *, #4352, .T. ) ;
#2005 = ORIENTED_EDGE ( 'NONE', *, *, #1399, .F. ) ;
#2006 = DIRECTION ( 'NONE',  ( 0.0000000000000000000, 0.0000000000000000000, -1.000000000000000000 ) ) ;
#2007 = CARTESIAN_POINT ( 'NONE',  ( -1.249999999999999800, 82.56810876809723300, -10.56810876809725700 ) ) ;
#2008 = VECTOR ( 'NONE', #1775, 1000.000000000000000 ) ;
#2009 = FACE_BOUND ( 'NONE', #5204, .T. ) ;
#2010 = AXIS2_PLACEMENT_3D ( 'NONE', #6919, #5312, #2108 ) ;
#2011 = ORIENTED_EDGE ( 'NONE', *, *, #2805, .F. ) ;
#2012 = ORIENTED_EDGE ( 'NONE', *, *, #4090, .T. ) ;
#2013 = EDGE_CURVE ( 'NONE', #718, #3810, #5927, .T. ) ;
#2014 = VECTOR ( 'NONE', #2418, 1000.000000000000000 ) ;
#2015 = VECTOR ( 'NONE', #6661, 1000.000000000000000 ) ;
#2016 = ORIENTED_EDGE ( 'NONE', *, *, #2052, .F. ) ;
#2017 = APPROVAL_DATE_TIME ( #4881, #3222 ) ;
#2018 = EDGE_LOOP ( 'NONE', ( #2804, #5647, #961, #1863, #1096 ) ) ;
#2019 = EDGE_LOOP ( 'NONE', ( #2705, #4563 ) ) ;
#2020 = LINE ( 'NONE', #2707, #286 ) ;
#2021 = LINE ( 'NONE', #4789, #2770 ) ;
#2022 = AXIS2_PLACEMENT_3D ( 'NONE', #2201, #3328, #684 ) ;
#2023 = CARTESIAN_POINT ( 'NONE',  ( 6.749999999999989300, 72.00000000000001400, 16.00000000000000400 ) ) ;
#2024 = CIRCLE ( 'NONE', #1290, 6.999999999999999100 ) ;
#2025 = LINE ( 'NONE', #4671, #1875 ) ;
#2026 = ORIENTED_EDGE ( 'NONE', *, *, #1542, .F. ) ;
#2027 = EDGE_CURVE ( 'NONE', #280, #749, #6588, .T. ) ;
#2028 = ORIENTED_EDGE ( 'NONE', *, *, #3172, .T. ) ;
#2029 = CARTESIAN_POINT ( 'NONE',  ( 1.250000000000000200, 86.08282739385867900, 7.053390142335810100 ) ) ;
#2030 = VECTOR ( 'NONE', #212, 1000.000000000000000 ) ;
#2031 = VECTOR ( 'NONE', #4636, 1000.000000000000000 ) ;
#2032 = DIRECTION ( 'NONE',  ( 1.000000000000000000, -0.0000000000000000000, 0.0000000000000000000 ) ) ;
#2033 = VERTEX_POINT ( 'NONE', #5686 ) ;
#2034 = LINE ( 'NONE', #2643, #2959 ) ;
#2035 = AXIS2_PLACEMENT_3D ( 'NONE', #6903, #5412, #4406 ) ;
#2036 = CARTESIAN_POINT ( 'NONE',  ( 1.250000000000000200, 120.0000000000000000, 13.50000000000000200 ) ) ;
#2037 = DIRECTION ( 'NONE',  ( -1.000000000000000000, 0.0000000000000000000, 0.0000000000000000000 ) ) ;
#2038 = ORIENTED_EDGE ( 'NONE', *, *, #3702, .F. ) ;
#2039 = DIRECTION ( 'NONE',  ( 1.000000000000000000, -0.0000000000000000000, -0.0000000000000000000 ) ) ;
#2040 = ADVANCED_FACE ( 'NONE', ( #4185 ), #4662, .T. ) ;
#2041 = ORIENTED_EDGE ( 'NONE', *, *, #3496, .F. ) ;
#2042 = EDGE_CURVE ( 'NONE', #3087, #1111, #1511, .T. ) ;
#2043 = DIRECTION ( 'NONE',  ( 1.000000000000000000, -0.0000000000000000000, 0.0000000000000000000 ) ) ;
#2044 = ORIENTED_EDGE ( 'NONE', *, *, #4667, .T. ) ;
#2045 = CARTESIAN_POINT ( 'NONE',  ( -1.249999999999999800, 60.68629150101524100, 2.024999999999999900 ) ) ;
#2046 = VERTEX_POINT ( 'NONE', #322 ) ;
#2047 = CARTESIAN_POINT ( 'NONE',  ( -1.249999999999999800, 38.56810876809724000, 6.568108768097240500 ) ) ;
#2048 = ORIENTED_EDGE ( 'NONE', *, *, #1856, .F. ) ;
#2049 = CARTESIAN_POINT ( 'NONE',  ( 8.774999999999987900, 48.00000000000000700, 13.50000000000000000 ) ) ;
#2050 = CYLINDRICAL_SURFACE ( 'NONE', #5677, 2.024999999999998100 ) ;
#2051 = DIRECTION ( 'NONE',  ( 3.652049423109066300E-016, -0.0000000000000000000, -1.000000000000000000 ) ) ;
#2052 = EDGE_CURVE ( 'NONE', #1940, #178, #4, .T. ) ;
#2053 = CLOSED_SHELL ( 'NONE', ( #5657, #1107, #4852, #3883, #4543, #6741, #6667, #162, #1594, #4437, #2769, #3055, #6586, #1242, #4582, #1767, #3206, #3634, #94, #6198, #6627, #6890, #1904, #3586, #2059, #5899, #6158, #1348, #2467, #5578, #2730, #2873, #3310, #2243, #817, #4818, #1418, #4680, #3487, #3774, #1842, #5990, #6821, #1733, #3450, #5090, #3704, #6879, #4257, #1455, #786, #4120, #6093, #6273, #570, #260, #4894, #5547, #4089, #708, #2903, #2802, #1663, #229, #1386, #3138, #670, #3275, #540, #4405, #955, #1639, #6128, #3745, #3408, #917, #6236, #461, #1145, #4993, #6483, #3912, #5178, #5190, #5619, #887, #2952, #3241, #3099, #5059, #5152, #133, #22, #4603, #4154, #3129, #5762, #3380, #4367, #1463, #305, #6771, #6698, #5370, #3666, #4509, #1278, #4058, #4473, #4330, #3841, #606, #2701, #2984, #5331, #1699, #735, #3517, #1808, #5433, #3558, #4741, #1568, #1530, #6927, #3819, #5257, #3163, #2212, #468, #4019, #2392, #6310, #5502, #3982, #6063, #6557, #6454, #1037, #6404, #5734, #5022, #1073, #1217, #6522, #2345, #6030, #5245, #194, #2170, #4221, #5476, #5758, #4925, #4705, #987, #5400, #496, #853, #5931, #2040, #2424, #60, #2065, #4957, #331, #1584, #5728, #962, #370, #1993, #2827, #2136, #2104, #2590, #1878, #2280, #4298, #1310, #3337, #1932, #5688, #3940, #641, #1172, #5971, #6372, #3014, #995, #1496, #2312, #5130, #6813, #2583 ) ) ;
#2054 = ORIENTED_EDGE ( 'NONE', *, *, #2996, .F. ) ;
#2055 = PLANE ( 'NONE',  #4724 ) ;
#2056 = AXIS2_PLACEMENT_3D ( 'NONE', #3196, #6461, #624 ) ;
#2058 = EDGE_CURVE ( 'NONE', #815, #3346, #4102, .T. ) ;
#2057 = CIRCLE ( 'NONE', #3857, 2.025000000000004400 ) ;
#2059 = ADVANCED_FACE ( 'NONE', ( #2740 ), #3932, .F. ) ;
#2060 = DIRECTION ( 'NONE',  ( 3.652049423109066300E-016, 0.0000000000000000000, -1.000000000000000000 ) ) ;
#2061 = CARTESIAN_POINT ( 'NONE',  ( 6.749999999999989300, 48.00000000000000700, 16.00000000000000400 ) ) ;
#2062 = LINE ( 'NONE', #4802, #1504 ) ;
#2063 = VERTEX_POINT ( 'NONE', #5158 ) ;
#2064 = AXIS2_PLACEMENT_3D ( 'NONE', #5638, #2910, #2350 ) ;
#2065 = ADVANCED_FACE ( 'NONE', ( #1090 ), #5176, .F. ) ;
#2066 = EDGE_CURVE ( 'NONE', #1776, #2530, #5419, .T. ) ;
#2067 = DIRECTION ( 'NONE',  ( 1.000000000000000000, -0.0000000000000000000, -0.0000000000000000000 ) ) ;
#2068 = LINE ( 'NONE', #3142, #3846 ) ;
#2069 = ORIENTED_EDGE ( 'NONE', *, *, #5085, .T. ) ;
#2070 = ORIENTED_EDGE ( 'NONE', *, *, #4315, .F. ) ;
#2071 = VERTEX_POINT ( 'NONE', #1013 ) ;
#2072 = DIRECTION ( 'NONE',  ( -1.000000000000000000, 0.0000000000000000000, -1.826024711554532900E-016 ) ) ;
#2073 = FACE_OUTER_BOUND ( 'NONE', #6451, .T. ) ;
#2074 = DIRECTION ( 'NONE',  ( 3.652049423109066300E-016, -0.0000000000000000000, -1.000000000000000000 ) ) ;
#2075 = VERTEX_POINT ( 'NONE', #2029 ) ;
#2076 = EDGE_LOOP ( 'NONE', ( #2790, #6188, #4935, #1053 ) ) ;
#2077 = FACE_OUTER_BOUND ( 'NONE', #1140, .T. ) ;
#2078 = DIRECTION ( 'NONE',  ( 1.000000000000000000, -0.0000000000000000000, 0.0000000000000000000 ) ) ;
#2079 = DIRECTION ( 'NONE',  ( 1.000000000000000000, -0.0000000000000000000, -0.0000000000000000000 ) ) ;
#2080 = ORIENTED_EDGE ( 'NONE', *, *, #4831, .T. ) ;
#2081 = ORIENTED_EDGE ( 'NONE', *, *, #628, .T. ) ;
#2082 = EDGE_CURVE ( 'NONE', #4402, #6523, #6848, .T. ) ;
#2083 = VECTOR ( 'NONE', #526, 1000.000000000000000 ) ;
#2084 = EDGE_CURVE ( 'NONE', #2738, #4870, #6679, .T. ) ;
#2085 = FACE_BOUND ( 'NONE', #2019, .T. ) ;
#2086 = LINE ( 'NONE', #6623, #1938 ) ;
#2087 = VERTEX_POINT ( 'NONE', #5243 ) ;
#2088 = PLANE ( 'NONE',  #5999 ) ;
#2089 = CARTESIAN_POINT ( 'NONE',  ( -1.249999999999999800, 0.0000000000000000000, 2.024999999999999900 ) ) ;
#2090 = ORIENTED_EDGE ( 'NONE', *, *, #4824, .F. ) ;
#2091 = EDGE_LOOP ( 'NONE', ( #4487, #416, #3820, #2152 ) ) ;
#2092 = CARTESIAN_POINT ( 'NONE',  ( -1.249999999999999800, 36.68629150101524100, 0.0000000000000000000 ) ) ;
#2093 = DIRECTION ( 'NONE',  ( 3.652049423109066300E-016, -0.0000000000000000000, -1.000000000000000000 ) ) ;
#2094 = LINE ( 'NONE', #1353, #5791 ) ;
#2095 = LINE ( 'NONE', #6239, #29 ) ;
#2096 = AXIS2_PLACEMENT_3D ( 'NONE', #6715, #1398, #5668 ) ;
#2097 = ORIENTED_EDGE ( 'NONE', *, *, #1903, .F. ) ;
#2098 = EDGE_CURVE ( 'NONE', #6286, #4297, #5014, .T. ) ;
#2099 = CARTESIAN_POINT ( 'NONE',  ( -1.249999999999999800, 88.00000000000002800, -7.999999999999996400 ) ) ;
#2100 = ORIENTED_EDGE ( 'NONE', *, *, #733, .T. ) ;
#2101 = ORIENTED_EDGE ( 'NONE', *, *, #1747, .T. ) ;
#2102 = FACE_BOUND ( 'NONE', #3907, .T. ) ;
#2103 = DIRECTION ( 'NONE',  ( 1.000000000000000000, 0.0000000000000000000, 0.0000000000000000000 ) ) ;
#2104 = ADVANCED_FACE ( 'NONE', ( #1336 ), #471, .T. ) ;
#2105 = LINE ( 'NONE', #5222, #5719 ) ;
#2106 = LINE ( 'NONE', #4691, #6206 ) ;
#2107 = ORIENTED_EDGE ( 'NONE', *, *, #406, .F. ) ;
#2108 = DIRECTION ( 'NONE',  ( 0.0000000000000000000, 0.0000000000000000000, -1.000000000000000000 ) ) ;
#2109 = ORIENTED_EDGE ( 'NONE', *, *, #4241, .T. ) ;
#2110 = CARTESIAN_POINT ( 'NONE',  ( -1.249999999999999800, 104.0000000000000100, 8.000000000000000000 ) ) ;
#2111 = AXIS2_PLACEMENT_3D ( 'NONE', #4545, #819, #5636 ) ;
#2112 = ORIENTED_EDGE ( 'NONE', *, *, #5410, .T. ) ;
#2113 = CARTESIAN_POINT ( 'NONE',  ( -1.249999999999999800, 72.00000000000001400, 0.0000000000000000000 ) ) ;
#2114 = DIRECTION ( 'NONE',  ( 0.0000000000000000000, 0.0000000000000000000, -1.000000000000000000 ) ) ;
#2115 = CARTESIAN_POINT ( 'NONE',  ( -46.75000000000000000, 113.4318912319027400, 9.431891231902765700 ) ) ;
#2116 = CIRCLE ( 'NONE', #4951, 2.024999999999998100 ) ;
#2117 = EDGE_CURVE ( 'NONE', #2902, #2138, #2155, .T. ) ;
#2118 = EDGE_LOOP ( 'NONE', ( #1918, #949, #2593, #1984 ) ) ;
#2119 = DIRECTION ( 'NONE',  ( -1.000000000000000000, 0.0000000000000000000, 0.0000000000000000000 ) ) ;
#2120 = LINE ( 'NONE', #3872, #5702 ) ;
#2121 = DIRECTION ( 'NONE',  ( -1.387778780781447500E-015, 0.0000000000000000000, -1.000000000000000000 ) ) ;
#2122 = ORIENTED_EDGE ( 'NONE', *, *, #5787, .T. ) ;
#2123 = AXIS2_PLACEMENT_3D ( 'NONE', #883, #6721, #3522 ) ;
#2124 = FACE_OUTER_BOUND ( 'NONE', #5674, .T. ) ;
#2125 = CARTESIAN_POINT ( 'NONE',  ( 1.250000000000000200, 80.48528137423858200, -10.51028137423856800 ) ) ;
#2126 = CARTESIAN_POINT ( 'NONE',  ( -1.250000000000001100, 8.000000000000001800, -7.999999999999992900 ) ) ;
#2127 = ORIENTED_EDGE ( 'NONE', *, *, #5618, .F. ) ;
#2128 = EDGE_CURVE ( 'NONE', #2619, #1849, #738, .T. ) ;
#2129 = SECURITY_CLASSIFICATION ( '', '', #4701 ) ;
#2130 = PLANE ( 'NONE',  #2597 ) ;
#2131 = LINE ( 'NONE', #5963, #4491 ) ;
#2132 = DIRECTION ( 'NONE',  ( 0.0000000000000000000, 0.0000000000000000000, -1.000000000000000000 ) ) ;
#2133 = VERTEX_POINT ( 'NONE', #6929 ) ;
#2134 = CARTESIAN_POINT ( 'NONE',  ( -1.249999999999999800, 58.56810876809746000, 10.56810876809731100 ) ) ;
#2135 = EDGE_LOOP ( 'NONE', ( #4012, #3984, #4759, #548 ) ) ;
#2136 = ADVANCED_FACE ( 'NONE', ( #4850 ), #6084, .F. ) ;
#2137 = CARTESIAN_POINT ( 'NONE',  ( 1.250000000000000200, 80.48528137423858200, -8.485281374238564200 ) ) ;
#2138 = VERTEX_POINT ( 'NONE', #5802 ) ;
#2139 = DIRECTION ( 'NONE',  ( 0.0000000000000000000, 0.0000000000000000000, -1.000000000000000000 ) ) ;
#2140 = AXIS2_PLACEMENT_3D ( 'NONE', #5078, #2384, #844 ) ;
#2141 = CARTESIAN_POINT ( 'NONE',  ( 8.774999999999998600, 56.00000000000000700, -15.99999999999999600 ) ) ;
#2142 = EDGE_CURVE ( 'NONE', #2997, #2789, #6251, .T. ) ;
#2143 = CIRCLE ( 'NONE', #970, 2.024999999999999000 ) ;
#2144 = VECTOR ( 'NONE', #5921, 1000.000000000000000 ) ;
#2145 = VECTOR ( 'NONE', #2408, 1000.000000000000000 ) ;
#2146 = VERTEX_POINT ( 'NONE', #2582 ) ;
#2147 = CARTESIAN_POINT ( 'NONE',  ( 1.250000000000000200, 72.00000000000001400, 2.024999999999999900 ) ) ;
#2148 = AXIS2_PLACEMENT_3D ( 'NONE', #2704, #6442, #487 ) ;
#2149 = CIRCLE ( 'NONE', #231, 2.025000000000000800 ) ;
#2150 = EDGE_LOOP ( 'NONE', ( #1713, #365 ) ) ;
#2151 = CARTESIAN_POINT ( 'NONE',  ( 1.250000000000000200, 81.91717260614133500, -7.053390142335809200 ) ) ;
#2152 = ORIENTED_EDGE ( 'NONE', *, *, #40, .F. ) ;
#2153 = CARTESIAN_POINT ( 'NONE',  ( 1.250000000000000200, 48.00000000000000000, 0.0000000000000000000 ) ) ;
#2154 = CARTESIAN_POINT ( 'NONE',  ( -1.249999999999999800, 107.3137084989847800, -2.024999999999999900 ) ) ;
#2155 = LINE ( 'NONE', #4219, #4521 ) ;
#2156 = CIRCLE ( 'NONE', #710, 2.024999999999990100 ) ;
#2157 = EDGE_LOOP ( 'NONE', ( #6853, #4661, #2816, #4804 ) ) ;
#2158 = ORIENTED_EDGE ( 'NONE', *, *, #4413, .F. ) ;
#2159 = CARTESIAN_POINT ( 'NONE',  ( -46.75000000000000000, 1.431891231902797200, 1.431891231902786800 ) ) ;
#2160 = CARTESIAN_POINT ( 'NONE',  ( -1.249999999999999800, 86.56810876809726100, -6.568108768097241400 ) ) ;
#2161 = EDGE_CURVE ( 'NONE', #5694, #6611, #4681, .T. ) ;
#2162 = CARTESIAN_POINT ( 'NONE',  ( 8.774999999999987900, 64.00000000000000000, 16.00000000000000400 ) ) ;
#2163 = DIRECTION ( 'NONE',  ( 0.0000000000000000000, 0.0000000000000000000, -1.000000000000000000 ) ) ;
#2164 = CYLINDRICAL_SURFACE ( 'NONE', #5696, 2.024999999999999900 ) ;
#2165 = CARTESIAN_POINT ( 'NONE',  ( 6.749999999999989300, 72.00000000000001400, 16.00000000000000400 ) ) ;
#2166 = ORIENTED_EDGE ( 'NONE', *, *, #4493, .T. ) ;
#2167 = ORIENTED_EDGE ( 'NONE', *, *, #816, .F. ) ;
#2168 = LINE ( 'NONE', #6801, #3272 ) ;
#2169 = FACE_OUTER_BOUND ( 'NONE', #6791, .T. ) ;
#2170 = ADVANCED_FACE ( 'NONE', ( #3083 ), #6327, .F. ) ;
#2171 = EDGE_CURVE ( 'NONE', #1973, #1798, #2497, .T. ) ;
#2172 = AXIS2_PLACEMENT_3D ( 'NONE', #340, #6213, #874 ) ;
#2173 = FACE_OUTER_BOUND ( 'NONE', #873, .T. ) ;
#2174 = ORIENTED_EDGE ( 'NONE', *, *, #5564, .T. ) ;
#2175 = ORIENTED_EDGE ( 'NONE', *, *, #2098, .F. ) ;
#2176 = ORIENTED_EDGE ( 'NONE', *, *, #5989, .F. ) ;
#2177 = CARTESIAN_POINT ( 'NONE',  ( -1.249999999999999800, 31.99999999999999300, 5.975000000000009400 ) ) ;
#2178 = DIRECTION ( 'NONE',  ( 0.0000000000000000000, -1.000000000000000000, 0.0000000000000000000 ) ) ;
#2179 = CARTESIAN_POINT ( 'NONE',  ( -1.249999999999999800, 32.48528137423857500, -10.51028137423856800 ) ) ;
#2180 = LINE ( 'NONE', #6914, #766 ) ;
#2181 = DIRECTION ( 'NONE',  ( 3.652049423109066300E-016, -0.0000000000000000000, -1.000000000000000000 ) ) ;
#2182 = CARTESIAN_POINT ( 'NONE',  ( 1.250000000000000200, 13.43189123190279200, -13.43189123190274400 ) ) ;
#2183 = CIRCLE ( 'NONE', #1406, 2.025000000000002600 ) ;
#2184 = ORIENTED_EDGE ( 'NONE', *, *, #1835, .T. ) ;
#2185 = LOCAL_TIME ( 11, 50, 23.00000000000000000, #4126 ) ;
#2186 = ORIENTED_EDGE ( 'NONE', *, *, #61, .F. ) ;
#2187 = VERTEX_POINT ( 'NONE', #4770 ) ;
#2188 = EDGE_CURVE ( 'NONE', #6457, #4182, #3257, .T. ) ;
#2189 = LINE ( 'NONE', #5917, #688 ) ;
#2190 = EDGE_CURVE ( 'NONE', #985, #6618, #5336, .T. ) ;
#2191 = VECTOR ( 'NONE', #6924, 1000.000000000000000 ) ;
#2192 = DIRECTION ( 'NONE',  ( 0.0000000000000000000, 0.0000000000000000000, -1.000000000000000000 ) ) ;
#2193 = CARTESIAN_POINT ( 'NONE',  ( 6.749999999999989300, 48.00000000000000700, 16.00000000000000400 ) ) ;
#2194 = CARTESIAN_POINT ( 'NONE',  ( 6.749999999999989300, 104.0000000000000100, 16.00000000000000400 ) ) ;
#2195 = CYLINDRICAL_SURFACE ( 'NONE', #5962, 6.999999999999999100 ) ;
#2196 = ORIENTED_EDGE ( 'NONE', *, *, #2468, .T. ) ;
#2197 = CARTESIAN_POINT ( 'NONE',  ( -1.249999999999999800, 11.31370849898475900, -2.024999999999999900 ) ) ;
#2198 = ORIENTED_EDGE ( 'NONE', *, *, #4997, .F. ) ;
#2199 = FACE_BOUND ( 'NONE', #5920, .T. ) ;
#2200 = EDGE_CURVE ( 'NONE', #1629, #5098, #1874, .T. ) ;
#2201 = CARTESIAN_POINT ( 'NONE',  ( 6.749999999999989300, 40.00000000000000700, 16.00000000000000400 ) ) ;
#2202 = VECTOR ( 'NONE', #868, 999.9999999999998900 ) ;
#2203 = ORIENTED_EDGE ( 'NONE', *, *, #4107, .T. ) ;
#2204 = CARTESIAN_POINT ( 'NONE',  ( -1.249999999999999800, 0.0000000000000000000, -2.024999999999999900 ) ) ;
#2205 = VERTEX_POINT ( 'NONE', #6436 ) ;
#2206 = CYLINDRICAL_SURFACE ( 'NONE', #397, 2.024999999999999000 ) ;
#2207 = CARTESIAN_POINT ( 'NONE',  ( 1.250000000000000200, 38.56810876809724000, 6.568108768097240500 ) ) ;
#2208 = CARTESIAN_POINT ( 'NONE',  ( -1.249999999999999800, 41.43189123190276700, -9.431891231902755000 ) ) ;
#2209 = ORIENTED_EDGE ( 'NONE', *, *, #678, .F. ) ;
#2210 = DIRECTION ( 'NONE',  ( 1.000000000000000000, 0.0000000000000000000, 0.0000000000000000000 ) ) ;
#2211 = AXIS2_PLACEMENT_3D ( 'NONE', #3372, #724, #3918 ) ;
#2212 = ADVANCED_FACE ( 'NONE', ( #3884 ), #2088, .T. ) ;
#2213 = CARTESIAN_POINT ( 'NONE',  ( 1.250000000000000200, 80.48528137423856800, 8.485281374238569500 ) ) ;
#2214 = EDGE_LOOP ( 'NONE', ( #4621, #5004, #2630, #4533 ) ) ;
#2215 = DIRECTION ( 'NONE',  ( 0.0000000000000000000, 0.0000000000000000000, -1.000000000000000000 ) ) ;
#2216 = ORIENTED_EDGE ( 'NONE', *, *, #6525, .F. ) ;
#2217 = CARTESIAN_POINT ( 'NONE',  ( -1.249999999999999800, 39.51471862576143900, -10.51028137423856600 ) ) ;
#2218 = CIRCLE ( 'NONE', #4419, 2.025000000000004400 ) ;
#2219 = CARTESIAN_POINT ( 'NONE',  ( -46.75000000000000000, 9.431891231902765700, 6.568108768097240500 ) ) ;
#2220 = AXIS2_PLACEMENT_3D ( 'NONE', #648, #1734, #3388 ) ;
#2221 = ORIENTED_EDGE ( 'NONE', *, *, #4647, .F. ) ;
#2222 = EDGE_LOOP ( 'NONE', ( #155, #4768, #1223, #4817 ) ) ;
#2223 = CARTESIAN_POINT ( 'NONE',  ( 1.250000000000000200, 64.00000000000000000, 8.000000000000000000 ) ) ;
#2224 = CARTESIAN_POINT ( 'NONE',  ( 4.724999999999991700, 48.00000000000000700, 16.00000000000000400 ) ) ;
#2225 = ORIENTED_EDGE ( 'NONE', *, *, #5455, .F. ) ;
#2226 = EDGE_CURVE ( 'NONE', #5808, #4148, #6624, .T. ) ;
#2227 = DIRECTION ( 'NONE',  ( 0.0000000000000000000, 0.7071067811865424700, -0.7071067811865526800 ) ) ;
#2228 = CYLINDRICAL_SURFACE ( 'NONE', #3798, 2.024999999999998100 ) ;
#2229 = CARTESIAN_POINT ( 'NONE',  ( -1.249999999999999800, 55.99999999999999300, 8.000000000000000000 ) ) ;
#2230 = DIRECTION ( 'NONE',  ( -1.000000000000000000, 0.0000000000000000000, 0.0000000000000000000 ) ) ;
#2231 = FACE_OUTER_BOUND ( 'NONE', #5914, .T. ) ;
#2232 = CARTESIAN_POINT ( 'NONE',  ( -1.249999999999999800, 84.68629150101523400, -2.024999999999999900 ) ) ;
#2233 = CIRCLE ( 'NONE', #610, 2.024999999999999000 ) ;
#2234 = AXIS2_PLACEMENT_3D ( 'NONE', #4136, #923, #1990 ) ;
#2235 = PLANE ( 'NONE',  #6807 ) ;
#2236 = EDGE_CURVE ( 'NONE', #6171, #2063, #5621, .T. ) ;
#2237 = ORIENTED_EDGE ( 'NONE', *, *, #4153, .F. ) ;
#2238 = CARTESIAN_POINT ( 'NONE',  ( -1.249999999999999800, 58.56810876809746000, 10.56810876809731100 ) ) ;
#2239 = CYLINDRICAL_SURFACE ( 'NONE', #996, 2.024999999999999000 ) ;
#2240 = VECTOR ( 'NONE', #3919, 1000.000000000000000 ) ;
#2241 = ORIENTED_EDGE ( 'NONE', *, *, #1756, .F. ) ;
#2242 = FACE_OUTER_BOUND ( 'NONE', #6001, .T. ) ;
#2243 = ADVANCED_FACE ( 'NONE', ( #948 ), #921, .F. ) ;
#2244 = AXIS2_PLACEMENT_3D ( 'NONE', #6201, #3562, #4078 ) ;
#2245 = ORIENTED_EDGE ( 'NONE', *, *, #1570, .F. ) ;
#2246 = ORIENTED_EDGE ( 'NONE', *, *, #1366, .F. ) ;
#2247 = LINE ( 'NONE', #6298, #4267 ) ;
#2248 = EDGE_CURVE ( 'NONE', #4442, #5214, #754, .T. ) ;
#2249 = DIRECTION ( 'NONE',  ( 0.0000000000000000000, 0.0000000000000000000, -1.000000000000000000 ) ) ;
#2250 = ORIENTED_EDGE ( 'NONE', *, *, #2188, .T. ) ;
#2251 = DIRECTION ( 'NONE',  ( 1.000000000000000000, -0.0000000000000000000, 0.0000000000000000000 ) ) ;
#2252 = ORIENTED_EDGE ( 'NONE', *, *, #6091, .F. ) ;
#2253 = CIRCLE ( 'NONE', #5205, 2.024999999999999900 ) ;
#2254 = VECTOR ( 'NONE', #5302, 1000.000000000000000 ) ;
#2255 = DIRECTION ( 'NONE',  ( 0.0000000000000000000, 0.0000000000000000000, -1.000000000000000000 ) ) ;
#2256 = AXIS2_PLACEMENT_3D ( 'NONE', #1655, #1677, #1698 ) ;
#2257 = DIRECTION ( 'NONE',  ( 1.000000000000000000, -0.0000000000000000000, -0.0000000000000000000 ) ) ;
#2258 = ORIENTED_EDGE ( 'NONE', *, *, #1133, .T. ) ;
#2259 = ORIENTED_EDGE ( 'NONE', *, *, #1488, .T. ) ;
#2260 = PLANE ( 'NONE',  #1611 ) ;
#2261 = LINE ( 'NONE', #3743, #2083 ) ;
#2262 = CARTESIAN_POINT ( 'NONE',  ( 1.250000000000000200, 48.00000000000000000, -6.999999999999999100 ) ) ;
#2263 = VECTOR ( 'NONE', #5187, 1000.000000000000000 ) ;
#2264 = VERTEX_POINT ( 'NONE', #4356 ) ;
#2265 = DIRECTION ( 'NONE',  ( -0.0000000000000000000, -1.000000000000000000, -0.0000000000000000000 ) ) ;
#2266 = VERTEX_POINT ( 'NONE', #4841 ) ;
#2267 = ORIENTED_EDGE ( 'NONE', *, *, #4748, .T. ) ;
#2268 = CIRCLE ( 'NONE', #6228, 2.024999999999998100 ) ;
#2269 = CARTESIAN_POINT ( 'NONE',  ( 6.750000000000000000, 24.00000000000000700, -13.50000000000000200 ) ) ;
#2270 = EDGE_CURVE ( 'NONE', #2666, #3524, #5945, .T. ) ;
#2271 = AXIS2_PLACEMENT_3D ( 'NONE', #6608, #1249, #245 ) ;
#2272 = VERTEX_POINT ( 'NONE', #3808 ) ;
#2273 = ORIENTED_EDGE ( 'NONE', *, *, #2812, .F. ) ;
#2274 = DIRECTION ( 'NONE',  ( 1.000000000000000000, -0.0000000000000000000, -0.0000000000000000000 ) ) ;
#2275 = CIRCLE ( 'NONE', #3164, 2.024999999999998100 ) ;
#2276 = CARTESIAN_POINT ( 'NONE',  ( 1.250000000000000200, 33.43189123190276000, -6.568108768097234300 ) ) ;
#2277 = ORIENTED_EDGE ( 'NONE', *, *, #1471, .F. ) ;
#2278 = EDGE_CURVE ( 'NONE', #3525, #5808, #3602, .T. ) ;
#2279 = EDGE_LOOP ( 'NONE', ( #622, #3068, #5311, #2174 ) ) ;
#2280 = ADVANCED_FACE ( 'NONE', ( #3851 ), #1665, .T. ) ;
#2281 = VERTEX_POINT ( 'NONE', #1790 ) ;
#2282 = CARTESIAN_POINT ( 'NONE',  ( -1.249999999999999800, 14.56810876809725000, -6.568108768097241400 ) ) ;
#2283 = DIRECTION ( 'NONE',  ( 1.000000000000000000, -0.0000000000000000000, -0.0000000000000000000 ) ) ;
#2284 = CARTESIAN_POINT ( 'NONE',  ( -1.249999999999999800, 105.4318912319027500, 6.568108768097250300 ) ) ;
#2285 = CIRCLE ( 'NONE', #1069, 2.025000000000000800 ) ;
#2286 = LINE ( 'NONE', #6600, #4810 ) ;
#2287 = DIRECTION ( 'NONE',  ( 0.0000000000000000000, 1.000000000000000000, -0.0000000000000000000 ) ) ;
#2288 = CARTESIAN_POINT ( 'NONE',  ( -1.249999999999999800, 62.56810876809723300, 6.568108768097240500 ) ) ;
#2289 = ORIENTED_EDGE ( 'NONE', *, *, #716, .T. ) ;
#2290 = AXIS2_PLACEMENT_3D ( 'NONE', #2927, #6124, #5133 ) ;
#2292 = DIRECTION ( 'NONE',  ( 1.000000000000000000, 0.0000000000000000000, 0.0000000000000000000 ) ) ;
#2291 = CARTESIAN_POINT ( 'NONE',  ( -1.249999999999999800, 63.51471862576143900, -10.51028137423856600 ) ) ;
#2293 = CYLINDRICAL_SURFACE ( 'NONE', #2613, 6.999999999999999100 ) ;
#2294 = CARTESIAN_POINT ( 'NONE',  ( 1.250000000000000200, 37.43189123190278900, -13.43189123190274400 ) ) ;
#2295 = ORIENTED_EDGE ( 'NONE', *, *, #2470, .T. ) ;
#2296 = ORIENTED_EDGE ( 'NONE', *, *, #6183, .T. ) ;
#2297 = FACE_BOUND ( 'NONE', #5909, .T. ) ;
#2298 = AXIS2_PLACEMENT_3D ( 'NONE', #3898, #4389, #3914 ) ;
#2299 = CARTESIAN_POINT ( 'NONE',  ( -1.249999999999999800, 34.56810876809746000, 10.56810876809731100 ) ) ;
#2300 = ORIENTED_EDGE ( 'NONE', *, *, #5752, .T. ) ;
#2301 = EDGE_CURVE ( 'NONE', #704, #1275, #5244, .T. ) ;
#2302 = DIRECTION ( 'NONE',  ( 0.0000000000000000000, -0.7071067811865487900, -0.7071067811865463500 ) ) ;
#2303 = CYLINDRICAL_SURFACE ( 'NONE', #5569, 2.024999999999990100 ) ;
#2304 = CARTESIAN_POINT ( 'NONE',  ( 1.250000000000000200, 103.0533901423358100, -9.917172606141322800 ) ) ;
#2305 = ORIENTED_EDGE ( 'NONE', *, *, #3397, .F. ) ;
#2306 = CARTESIAN_POINT ( 'NONE',  ( 1.250000000000000200, -0.0000000000000000000, 2.024999999999999900 ) ) ;
#2307 = EDGE_CURVE ( 'NONE', #1702, #4549, #485, .T. ) ;
#2308 = AXIS2_PLACEMENT_3D ( 'NONE', #4431, #3963, #225 ) ;
#2309 = VECTOR ( 'NONE', #1284, 1000.000000000000100 ) ;
#2310 = CARTESIAN_POINT ( 'NONE',  ( -46.75000000000000000, 113.4318912319027400, -9.431891231902751500 ) ) ;
#2311 = DIRECTION ( 'NONE',  ( -1.000000000000000000, 0.0000000000000000000, -0.0000000000000000000 ) ) ;
#2312 = ADVANCED_FACE ( 'NONE', ( #342 ), #5588, .F. ) ;
#2313 = CYLINDRICAL_SURFACE ( 'NONE', #1917, 6.999999999999999100 ) ;
#2314 = EDGE_LOOP ( 'NONE', ( #5430, #6043, #6010, #4868, #5438 ) ) ;
#2315 = EDGE_CURVE ( 'NONE', #5462, #2823, #1195, .T. ) ;
#2316 = CARTESIAN_POINT ( 'NONE',  ( -1.249999999999999800, 80.48528137423858200, -8.485281374238564200 ) ) ;
#2317 = EDGE_CURVE ( 'NONE', #6379, #1089, #131, .T. ) ;
#2318 = ORIENTED_EDGE ( 'NONE', *, *, #5303, .T. ) ;
#2319 = ORIENTED_EDGE ( 'NONE', *, *, #4341, .F. ) ;
#2320 = DIRECTION ( 'NONE',  ( 0.0000000000000000000, 0.0000000000000000000, -1.000000000000000000 ) ) ;
#2321 = AXIS2_PLACEMENT_3D ( 'NONE', #3412, #6656, #2349 ) ;
#2322 = CARTESIAN_POINT ( 'NONE',  ( -1.249999999999999800, 85.43189123190266800, 13.43189123190281200 ) ) ;
#2323 = CARTESIAN_POINT ( 'NONE',  ( -46.75000000000000000, 8.000000000000000000, 7.999999999999996400 ) ) ;
#2324 = EDGE_CURVE ( 'NONE', #3446, #4902, #3291, .T. ) ;
#2325 = DIRECTION ( 'NONE',  ( 1.000000000000000000, -0.0000000000000000000, 0.0000000000000000000 ) ) ;
#2326 = LINE ( 'NONE', #2351, #91 ) ;
#2327 = EDGE_LOOP ( 'NONE', ( #1402, #3058 ) ) ;
#2328 = ORIENTED_EDGE ( 'NONE', *, *, #2587, .F. ) ;
#2329 = CARTESIAN_POINT ( 'NONE',  ( -1.249999999999999800, 58.56810876809729600, 10.56810876809721700 ) ) ;
#2330 = CARTESIAN_POINT ( 'NONE',  ( 8.774999999999998600, 96.00000000000000000, -15.99999999999999600 ) ) ;
#2331 = VECTOR ( 'NONE', #1985, 1000.000000000000000 ) ;
#2332 = DIRECTION ( 'NONE',  ( 1.000000000000000000, -0.0000000000000000000, -0.0000000000000000000 ) ) ;
#2333 = CARTESIAN_POINT ( 'NONE',  ( 1.250000000000000200, 0.0000000000000000000, -13.50000000000000200 ) ) ;
#2334 = AXIS2_PLACEMENT_3D ( 'NONE', #5237, #2043, #462 ) ;
#2335 = ORIENTED_EDGE ( 'NONE', *, *, #216, .F. ) ;
#2336 = VERTEX_POINT ( 'NONE', #792 ) ;
#2337 = CYLINDRICAL_SURFACE ( 'NONE', #824, 2.024999999999998100 ) ;
#2338 = EDGE_CURVE ( 'NONE', #35, #2370, #6881, .T. ) ;
#2339 = FACE_BOUND ( 'NONE', #3454, .T. ) ;
#2340 = VECTOR ( 'NONE', #3904, 1000.000000000000000 ) ;
#2341 = VERTEX_POINT ( 'NONE', #325 ) ;
#2342 = ORIENTED_EDGE ( 'NONE', *, *, #6709, .F. ) ;
#2343 = VERTEX_POINT ( 'NONE', #4072 ) ;
#2344 = CIRCLE ( 'NONE', #2148, 2.024999999999999900 ) ;
#2345 = ADVANCED_FACE ( 'NONE', ( #4884 ), #120, .F. ) ;
#2346 = CARTESIAN_POINT ( 'NONE',  ( -1.249999999999999800, 59.31370849898476600, 0.0000000000000000000 ) ) ;
#2347 = AXIS2_PLACEMENT_3D ( 'NONE', #3609, #946, #6786 ) ;
#2348 = FACE_OUTER_BOUND ( 'NONE', #5496, .T. ) ;
#2349 = DIRECTION ( 'NONE',  ( 0.0000000000000000000, 0.7071067811865469100, 0.7071067811865482400 ) ) ;
#2350 = DIRECTION ( 'NONE',  ( 0.0000000000000000000, -0.7071067811865513500, 0.7071067811865436900 ) ) ;
#2351 = CARTESIAN_POINT ( 'NONE',  ( -1.249999999999999800, 34.56810876809729600, 10.56810876809721700 ) ) ;
#2352 = CIRCLE ( 'NONE', #5107, 2.024999999999997200 ) ;
#2353 = ORIENTED_EDGE ( 'NONE', *, *, #6622, .F. ) ;
#2354 = PERSON_AND_ORGANIZATION ( #2503, #6887 ) ;
#2355 = DIRECTION ( 'NONE',  ( -1.000000000000000000, 0.0000000000000000000, -0.0000000000000000000 ) ) ;
#2356 = ORIENTED_EDGE ( 'NONE', *, *, #1267, .F. ) ;
#2357 = CARTESIAN_POINT ( 'NONE',  ( -1.249999999999999800, 64.94660985766420000, -9.917172606141322800 ) ) ;
#2358 = ORIENTED_EDGE ( 'NONE', *, *, #3406, .F. ) ;
#2359 = CARTESIAN_POINT ( 'NONE',  ( 1.250000000000000200, 120.0000000000000000, 13.50000000000000200 ) ) ;
#2360 = VECTOR ( 'NONE', #203, 1000.000000000000000 ) ;
#2361 = CIRCLE ( 'NONE', #3434, 2.024999999999998100 ) ;
#2362 = VECTOR ( 'NONE', #1814, 1000.000000000000000 ) ;
#2363 = FACE_OUTER_BOUND ( 'NONE', #2968, .T. ) ;
#2364 = ORIENTED_EDGE ( 'NONE', *, *, #216, .T. ) ;
#2365 = EDGE_CURVE ( 'NONE', #184, #347, #4383, .T. ) ;
#2366 = AXIS2_PLACEMENT_3D ( 'NONE', #1755, #2382, #6579 ) ;
#2367 = FACE_BOUND ( 'NONE', #6380, .T. ) ;
#2368 = FACE_OUTER_BOUND ( 'NONE', #481, .T. ) ;
#2369 = DIRECTION ( 'NONE',  ( 1.000000000000000000, -0.0000000000000000000, -0.0000000000000000000 ) ) ;
#2370 = VERTEX_POINT ( 'NONE', #6145 ) ;
#2371 = CARTESIAN_POINT ( 'NONE',  ( 8.774999999999998600, 24.00000000000000700, -13.50000000000000200 ) ) ;
#2372 = VERTEX_POINT ( 'NONE', #6670 ) ;
#2373 = DIRECTION ( 'NONE',  ( 0.0000000000000000000, 0.7071067811865424700, -0.7071067811865526800 ) ) ;
#2374 = AXIS2_PLACEMENT_3D ( 'NONE', #6726, #1358, #1896 ) ;
#2375 = EDGE_CURVE ( 'NONE', #3009, #4285, #2094, .T. ) ;
#2376 = CYLINDRICAL_SURFACE ( 'NONE', #4595, 2.024999999999998100 ) ;
#2377 = CARTESIAN_POINT ( 'NONE',  ( -1.249999999999999800, 16.00000000000000700, -7.999999999999996400 ) ) ;
#2378 = DIRECTION ( 'NONE',  ( -1.000000000000000000, 0.0000000000000000000, 0.0000000000000000000 ) ) ;
#2379 = ORIENTED_EDGE ( 'NONE', *, *, #1133, .F. ) ;
#2380 = ORIENTED_EDGE ( 'NONE', *, *, #6785, .F. ) ;
#2381 = DIRECTION ( 'NONE',  ( 1.000000000000000000, 0.0000000000000000000, 0.0000000000000000000 ) ) ;
#2382 = DIRECTION ( 'NONE',  ( 1.000000000000000000, -0.0000000000000000000, 0.0000000000000000000 ) ) ;
#2383 = CARTESIAN_POINT ( 'NONE',  ( -1.249999999999999800, 13.43189123190261800, 13.43189123190273400 ) ) ;
#2384 = DIRECTION ( 'NONE',  ( 3.652049423109066300E-016, -0.0000000000000000000, -1.000000000000000000 ) ) ;
#2385 = DIRECTION ( 'NONE',  ( 1.000000000000000000, -0.0000000000000000000, -0.0000000000000000000 ) ) ;
#2386 = AXIS2_PLACEMENT_3D ( 'NONE', #6836, #4734, #5213 ) ;
#2387 = ORIENTED_EDGE ( 'NONE', *, *, #598, .F. ) ;
#2388 = CARTESIAN_POINT ( 'NONE',  ( -1.250000000000001100, 8.000000000000000000, 5.974999999999994300 ) ) ;
#2389 = DIRECTION ( 'NONE',  ( 0.0000000000000000000, -0.7071067811865487900, 0.7071067811865463500 ) ) ;
#2390 = VERTEX_POINT ( 'NONE', #409 ) ;
#2391 = EDGE_CURVE ( 'NONE', #1690, #5396, #5278, .T. ) ;
#2392 = ADVANCED_FACE ( 'NONE', ( #5449 ), #6708, .F. ) ;
#2393 = VERTEX_POINT ( 'NONE', #3663 ) ;
#2394 = VECTOR ( 'NONE', #1834, 1000.000000000000000 ) ;
#2395 = CARTESIAN_POINT ( 'NONE',  ( -1.249999999999999800, 35.31370849898475900, 2.024999999999999900 ) ) ;
#2396 = CARTESIAN_POINT ( 'NONE',  ( -1.249999999999999800, 81.43189123190275300, 6.568108768097250300 ) ) ;
#2397 = AXIS2_PLACEMENT_3D ( 'NONE', #3338, #1689, #4353 ) ;
#2398 = CARTESIAN_POINT ( 'NONE',  ( 1.250000000000000200, 34.56810876809729600, -10.56810876809726100 ) ) ;
#2399 = DIRECTION ( 'NONE',  ( 3.652049423109066300E-016, -0.0000000000000000000, -1.000000000000000000 ) ) ;
#2400 = CARTESIAN_POINT ( 'NONE',  ( 1.250000000000000200, 111.9999999999999900, 8.000000000000010700 ) ) ;
#2401 = DIRECTION ( 'NONE',  ( 1.000000000000000000, -0.0000000000000000000, -0.0000000000000000000 ) ) ;
#2402 = VECTOR ( 'NONE', #2093, 1000.000000000000000 ) ;
#2403 = ORIENTED_EDGE ( 'NONE', *, *, #329, .F. ) ;
#2404 = CARTESIAN_POINT ( 'NONE',  ( -1.249999999999999800, 37.43189123190278900, -13.43189123190274400 ) ) ;
#2405 = CARTESIAN_POINT ( 'NONE',  ( 1.250000000000001100, 112.9466098576642100, 9.917172606141321000 ) ) ;
#2406 = EDGE_CURVE ( 'NONE', #4027, #4017, #3881, .T. ) ;
#2407 = AXIS2_PLACEMENT_3D ( 'NONE', #650, #4412, #4936 ) ;
#2408 = DIRECTION ( 'NONE',  ( 0.0000000000000000000, -1.000000000000000000, 0.0000000000000000000 ) ) ;
#2409 = LINE ( 'NONE', #3387, #1908 ) ;
#2410 = DIRECTION ( 'NONE',  ( 1.000000000000000000, 0.0000000000000000000, -0.0000000000000000000 ) ) ;
#2411 = ORIENTED_EDGE ( 'NONE', *, *, #1771, .T. ) ;
#2412 = CARTESIAN_POINT ( 'NONE',  ( -1.249999999999999800, 31.99999999999999300, 8.000000000000000000 ) ) ;
#2413 = ORIENTED_EDGE ( 'NONE', *, *, #4139, .T. ) ;
#2414 = VECTOR ( 'NONE', #4124, 999.9999999999998900 ) ;
#2416 = EDGE_CURVE ( 'NONE', #6549, #6276, #3538, .T. ) ;
#2415 = LINE ( 'NONE', #1898, #5015 ) ;
#2417 = ORIENTED_EDGE ( 'NONE', *, *, #3273, .T. ) ;
#2418 = DIRECTION ( 'NONE',  ( 0.0000000000000000000, -0.7071067811865513500, 0.7071067811865436900 ) ) ;
#2419 = VERTEX_POINT ( 'NONE', #6324 ) ;
#2420 = CARTESIAN_POINT ( 'NONE',  ( 1.250000000000000200, 86.56810876809724700, 6.568108768097240500 ) ) ;
#2421 = ORIENTED_EDGE ( 'NONE', *, *, #5172, .F. ) ;
#2422 = CARTESIAN_POINT ( 'NONE',  ( -1.249999999999999800, 10.56810876809746200, 10.56810876809731100 ) ) ;
#2423 = CIRCLE ( 'NONE', #1853, 2.024999999999999000 ) ;
#2424 = ADVANCED_FACE ( 'NONE', ( #4050 ), #5123, .F. ) ;
#2425 = CARTESIAN_POINT ( 'NONE',  ( -1.249999999999999800, 85.43189123190278200, -13.43189123190275300 ) ) ;
#2426 = CARTESIAN_POINT ( 'NONE',  ( -1.249999999999999800, 48.00000000000000000, 6.999999999999999100 ) ) ;
#2427 = DIRECTION ( 'NONE',  ( 1.000000000000000000, 0.0000000000000000000, 0.0000000000000000000 ) ) ;
#2428 = AXIS2_PLACEMENT_3D ( 'NONE', #1978, #355, #6702 ) ;
#2429 = ORIENTED_EDGE ( 'NONE', *, *, #3603, .F. ) ;
#2430 = EDGE_LOOP ( 'NONE', ( #3961, #2586, #4782, #142, #6479 ) ) ;
#2431 = DIRECTION ( 'NONE',  ( -1.826024711554532900E-016, 0.0000000000000000000, 1.000000000000000000 ) ) ;
#2432 = DIRECTION ( 'NONE',  ( 1.000000000000000000, -0.0000000000000000000, -0.0000000000000000000 ) ) ;
#2433 = CARTESIAN_POINT ( 'NONE',  ( 1.250000000000000200, 108.6862915010152500, -2.024999999999999900 ) ) ;
#2434 = DIRECTION ( 'NONE',  ( 0.0000000000000000000, 0.0000000000000000000, -1.000000000000000000 ) ) ;
#2435 = CYLINDRICAL_SURFACE ( 'NONE', #905, 2.024999999999998100 ) ;
#2436 = CARTESIAN_POINT ( 'NONE',  ( 8.774999999999987900, 8.000000000000007100, 16.00000000000000400 ) ) ;
#2437 = CARTESIAN_POINT ( 'NONE',  ( -1.249999999999999800, 80.00000000000000000, -7.999999999999994700 ) ) ;
#2438 = VERTEX_POINT ( 'NONE', #1989 ) ;
#2439 = EDGE_LOOP ( 'NONE', ( #36, #5247, #3289, #6440 ) ) ;
#2440 = LINE ( 'NONE', #4314, #1022 ) ;
#2441 = AXIS2_PLACEMENT_3D ( 'NONE', #1906, #1893, #288 ) ;
#2442 = VECTOR ( 'NONE', #1153, 1000.000000000000000 ) ;
#2443 = ORIENTED_EDGE ( 'NONE', *, *, #5337, .F. ) ;
#2444 = EDGE_LOOP ( 'NONE', ( #4196, #2353, #5018, #1791 ) ) ;
#2445 = EDGE_CURVE ( 'NONE', #3978, #6329, #1697, .T. ) ;
#2446 = ORIENTED_EDGE ( 'NONE', *, *, #5101, .T. ) ;
#2447 = CARTESIAN_POINT ( 'NONE',  ( 1.250000000000000200, 111.9999999999999900, -7.999999999999983100 ) ) ;
#2448 = CYLINDRICAL_SURFACE ( 'NONE', #2731, 2.024999999999998100 ) ;
#2449 = DIRECTION ( 'NONE',  ( 0.0000000000000000000, 0.0000000000000000000, -1.000000000000000000 ) ) ;
#2450 = CARTESIAN_POINT ( 'NONE',  ( -1.249999999999999800, 105.9171726061413200, 7.053390142335818100 ) ) ;
#2451 = VECTOR ( 'NONE', #2302, 1000.000000000000000 ) ;
#2452 = LINE ( 'NONE', #6773, #6357 ) ;
#2453 = EDGE_LOOP ( 'NONE', ( #4343, #5729 ) ) ;
#2454 = VERTEX_POINT ( 'NONE', #2036 ) ;
#2455 = DIRECTION ( 'NONE',  ( 3.652049423109066300E-016, 0.0000000000000000000, -1.000000000000000000 ) ) ;
#2456 = AXIS2_PLACEMENT_3D ( 'NONE', #2919, #4558, #3063 ) ;
#2457 = FACE_BOUND ( 'NONE', #2444, .T. ) ;
#2458 = DIRECTION ( 'NONE',  ( -1.000000000000000000, 0.0000000000000000000, 0.0000000000000000000 ) ) ;
#2459 = CIRCLE ( 'NONE', #3307, 2.024999999999990100 ) ;
#2460 = DIRECTION ( 'NONE',  ( 1.826024711554532900E-016, -0.0000000000000000000, 1.000000000000000000 ) ) ;
#2461 = CIRCLE ( 'NONE', #3092, 2.024999999999990100 ) ;
#2462 = VERTEX_POINT ( 'NONE', #6258 ) ;
#2463 = EDGE_LOOP ( 'NONE', ( #5761, #2335, #5478, #1810 ) ) ;
#2464 = ORIENTED_EDGE ( 'NONE', *, *, #2555, .F. ) ;
#2465 = CIRCLE ( 'NONE', #6322, 2.024999999999997200 ) ;
#2466 = PERSON_AND_ORGANIZATION_ROLE ( 'classification_officer' ) ;
#2467 = ADVANCED_FACE ( 'NONE', ( #3458 ), #2448, .F. ) ;
#2468 = EDGE_CURVE ( 'NONE', #870, #308, #6113, .T. ) ;
#2469 = ORIENTED_EDGE ( 'NONE', *, *, #1839, .T. ) ;
#2470 = EDGE_CURVE ( 'NONE', #614, #6497, #1943, .T. ) ;
#2471 = CARTESIAN_POINT ( 'NONE',  ( 8.774999999999987900, 32.00000000000000700, 13.50000000000000000 ) ) ;
#2472 = EDGE_LOOP ( 'NONE', ( #3759, #5763, #2273, #2417 ) ) ;
#2473 = AXIS2_PLACEMENT_3D ( 'NONE', #820, #294, #5562 ) ;
#2474 = EDGE_CURVE ( 'NONE', #2046, #5185, #2945, .T. ) ;
#2475 = DIRECTION ( 'NONE',  ( 3.652049423109066300E-016, -0.0000000000000000000, -1.000000000000000000 ) ) ;
#2476 = CARTESIAN_POINT ( 'NONE',  ( 1.250000000000000200, 34.56810876809746000, 10.56810876809731100 ) ) ;
#2477 = CARTESIAN_POINT ( 'NONE',  ( -1.249999999999999800, 104.0000000000000100, 5.975000000000009400 ) ) ;
#2478 = VERTEX_POINT ( 'NONE', #6817 ) ;
#2479 = CARTESIAN_POINT ( 'NONE',  ( 1.250000000000000200, 58.56810876809823400, -58.56810876809718300 ) ) ;
#2480 = EDGE_LOOP ( 'NONE', ( #3776, #5760 ) ) ;
#2481 = DIRECTION ( 'NONE',  ( 1.826024711554532900E-016, -0.0000000000000000000, 1.000000000000000000 ) ) ;
#2482 = VERTEX_POINT ( 'NONE', #951 ) ;
#2483 = DIRECTION ( 'NONE',  ( 3.652049423109066300E-016, 0.0000000000000000000, -1.000000000000000000 ) ) ;
#2484 = EDGE_CURVE ( 'NONE', #2581, #1275, #1028, .T. ) ;
#2485 = DIRECTION ( 'NONE',  ( 0.0000000000000000000, 0.0000000000000000000, -1.000000000000000000 ) ) ;
#2486 = CARTESIAN_POINT ( 'NONE',  ( 4.725000000000001400, 64.00000000000000000, -13.50000000000000200 ) ) ;
#2487 = AXIS2_PLACEMENT_3D ( 'NONE', #1405, #1052, #4946 ) ;
#2488 = ORIENTED_EDGE ( 'NONE', *, *, #4560, .T. ) ;
#2489 = DIRECTION ( 'NONE',  ( -1.826024711554532900E-016, 0.0000000000000000000, 1.000000000000000000 ) ) ;
#2490 = DIRECTION ( 'NONE',  ( 1.000000000000000000, -0.0000000000000000000, 0.0000000000000000000 ) ) ;
#2491 = CARTESIAN_POINT ( 'NONE',  ( 4.724999999999991700, 8.000000000000007100, 16.00000000000000400 ) ) ;
#2492 = ORIENTED_EDGE ( 'NONE', *, *, #1255, .F. ) ;
#2493 = EDGE_CURVE ( 'NONE', #6337, #5768, #2189, .T. ) ;
#2494 = CC_DESIGN_PERSON_AND_ORGANIZATION_ASSIGNMENT ( #1620, #2466, ( #2129 ) ) ;
#2495 = ORIENTED_EDGE ( 'NONE', *, *, #5262, .F. ) ;
#2496 = DIRECTION ( 'NONE',  ( 3.652049423109066300E-016, -0.0000000000000000000, -1.000000000000000000 ) ) ;
#2497 = CIRCLE ( 'NONE', #3374, 2.024999999999999900 ) ;
#2498 = APPLICATION_CONTEXT ( 'configuration controlled 3d designs of mechanical parts and assemblies' ) ;
#2499 = DIRECTION ( 'NONE',  ( 3.652049423109066300E-016, -0.0000000000000000000, -1.000000000000000000 ) ) ;
#2500 = VECTOR ( 'NONE', #6083, 1000.000000000000000 ) ;
#2501 = ORIENTED_EDGE ( 'NONE', *, *, #6238, .F. ) ;
#2502 = ORIENTED_EDGE ( 'NONE', *, *, #3172, .F. ) ;
#2503 = PERSON ( 'UNSPECIFIED', 'UNSPECIFIED', 'UNSPECIFIED', ('UNSPECIFIED'), ('UNSPECIFIED'), ('UNSPECIFIED') ) ;
#2504 = AXIS2_PLACEMENT_3D ( 'NONE', #3037, #6778, #5662 ) ;
#2505 = VECTOR ( 'NONE', #6331, 1000.000000000000000 ) ;
#2506 = EDGE_CURVE ( 'NONE', #1718, #4654, #6190, .T. ) ;
#2507 = VECTOR ( 'NONE', #1015, 1000.000000000000000 ) ;
#2508 = CARTESIAN_POINT ( 'NONE',  ( 8.774999999999987900, 112.0000000000000100, 13.50000000000000000 ) ) ;
#2509 = DIRECTION ( 'NONE',  ( 0.0000000000000000000, 0.0000000000000000000, -1.000000000000000000 ) ) ;
#2510 = ORIENTED_EDGE ( 'NONE', *, *, #1301, .T. ) ;
#2511 = ORIENTED_EDGE ( 'NONE', *, *, #4131, .F. ) ;
#2512 = CIRCLE ( 'NONE', #4665, 2.024999999999999900 ) ;
#2513 = CARTESIAN_POINT ( 'NONE',  ( 4.724999999999991700, 80.00000000000001400, 16.00000000000000400 ) ) ;
#2514 = AXIS2_PLACEMENT_3D ( 'NONE', #3832, #4903, #3877 ) ;
#2515 = ORIENTED_EDGE ( 'NONE', *, *, #6876, .F. ) ;
#2516 = CARTESIAN_POINT ( 'NONE',  ( -1.249999999999999800, 11.31370849898475900, 0.0000000000000000000 ) ) ;
#2517 = ORIENTED_EDGE ( 'NONE', *, *, #6136, .T. ) ;
#2518 = CARTESIAN_POINT ( 'NONE',  ( 6.749999999999990200, 96.00000000000000000, 13.50000000000000000 ) ) ;
#2519 = EDGE_LOOP ( 'NONE', ( #4598, #602 ) ) ;
#2520 = EDGE_CURVE ( 'NONE', #6917, #1769, #5957, .T. ) ;
#2521 = CIRCLE ( 'NONE', #9, 6.999999999999999100 ) ;
#2522 = ORIENTED_EDGE ( 'NONE', *, *, #4747, .T. ) ;
#2523 = DIRECTION ( 'NONE',  ( 0.0000000000000000000, 0.7071067811865463500, 0.7071067811865487900 ) ) ;
#2524 = DIRECTION ( 'NONE',  ( 0.0000000000000000000, 0.0000000000000000000, -1.000000000000000000 ) ) ;
#2525 = VERTEX_POINT ( 'NONE', #4809 ) ;
#2526 = ORIENTED_EDGE ( 'NONE', *, *, #1038, .T. ) ;
#2527 = LINE ( 'NONE', #3416, #2778 ) ;
#2528 = VECTOR ( 'NONE', #3433, 1000.000000000000000 ) ;
#2529 = AXIS2_PLACEMENT_3D ( 'NONE', #5079, #3490, #1900 ) ;
#2530 = VERTEX_POINT ( 'NONE', #2636 ) ;
#2531 = CARTESIAN_POINT ( 'NONE',  ( 1.250000000000000200, 34.56810876809722500, -10.56810876809725700 ) ) ;
#2532 = ORIENTED_EDGE ( 'NONE', *, *, #6340, .F. ) ;
#2533 = FACE_OUTER_BOUND ( 'NONE', #5930, .T. ) ;
#2534 = VECTOR ( 'NONE', #2401, 1000.000000000000000 ) ;
#2535 = ORIENTED_EDGE ( 'NONE', *, *, #4181, .T. ) ;
#2536 = EDGE_CURVE ( 'NONE', #1631, #5017, #2020, .T. ) ;
#2537 = AXIS2_PLACEMENT_3D ( 'NONE', #2003, #6274, #2626 ) ;
#2538 = CARTESIAN_POINT ( 'NONE',  ( -1.249999999999999800, 40.00000000000000000, 8.000000000000000000 ) ) ;
#2539 = DIRECTION ( 'NONE',  ( 0.0000000000000000000, 0.0000000000000000000, -1.000000000000000000 ) ) ;
#2540 = DIRECTION ( 'NONE',  ( 1.000000000000000000, -0.0000000000000000000, -0.0000000000000000000 ) ) ;
#2541 = CARTESIAN_POINT ( 'NONE',  ( 1.250000000000000200, 14.08282739385867200, 7.053390142335810100 ) ) ;
#2542 = ORIENTED_EDGE ( 'NONE', *, *, #2989, .F. ) ;
#2543 = ORIENTED_EDGE ( 'NONE', *, *, #3555, .F. ) ;
#2544 = DIRECTION ( 'NONE',  ( 0.0000000000000000000, 0.0000000000000000000, 1.000000000000000000 ) ) ;
#2545 = DIRECTION ( 'NONE',  ( 0.0000000000000000000, -0.7071067811865487900, -0.7071067811865463500 ) ) ;
#2546 = EDGE_CURVE ( 'NONE', #776, #2951, #6029, .T. ) ;
#2547 = EDGE_CURVE ( 'NONE', #1089, #6379, #2268, .T. ) ;
#2548 = ORIENTED_EDGE ( 'NONE', *, *, #3555, .T. ) ;
#2549 = EDGE_LOOP ( 'NONE', ( #4612, #5815 ) ) ;
#2550 = VECTOR ( 'NONE', #1649, 1000.000000000000000 ) ;
#2551 = CARTESIAN_POINT ( 'NONE',  ( 8.774999999999987900, 80.00000000000001400, 13.50000000000000000 ) ) ;
#2552 = VERTEX_POINT ( 'NONE', #5897 ) ;
#2553 = AXIS2_PLACEMENT_3D ( 'NONE', #4079, #909, #2458 ) ;
#2554 = ORIENTED_EDGE ( 'NONE', *, *, #5740, .T. ) ;
#2555 = EDGE_CURVE ( 'NONE', #5694, #4846, #6283, .T. ) ;
#2556 = DIRECTION ( 'NONE',  ( 0.0000000000000000000, 0.0000000000000000000, -1.000000000000000000 ) ) ;
#2557 = CARTESIAN_POINT ( 'NONE',  ( 1.250000000000000200, 13.43189123190266600, 13.43189123190281200 ) ) ;
#2558 = DIRECTION ( 'NONE',  ( 1.000000000000000000, -0.0000000000000000000, 0.0000000000000000000 ) ) ;
#2559 = AXIS2_PLACEMENT_3D ( 'NONE', #5375, #583, #4872 ) ;
#2560 = CYLINDRICAL_SURFACE ( 'NONE', #4994, 2.024999999999998100 ) ;
#2561 = ORIENTED_EDGE ( 'NONE', *, *, #5146, .F. ) ;
#2562 = DIRECTION ( 'NONE',  ( -1.000000000000000000, 0.0000000000000000000, 0.0000000000000000000 ) ) ;
#2563 = AXIS2_PLACEMENT_3D ( 'NONE', #777, #4939, #226 ) ;
#2564 = CARTESIAN_POINT ( 'NONE',  ( -1.250000000000001100, 112.9466098576642000, 9.917172606141312100 ) ) ;
#2565 = ORIENTED_EDGE ( 'NONE', *, *, #5150, .F. ) ;
#2566 = CARTESIAN_POINT ( 'NONE',  ( 6.750000000000000900, 16.00000000000000700, -15.99999999999999600 ) ) ;
#2567 = DIRECTION ( 'NONE',  ( 3.652049423109066300E-016, 0.0000000000000000000, -1.000000000000000000 ) ) ;
#2568 = ORIENTED_EDGE ( 'NONE', *, *, #2128, .F. ) ;
#2569 = CARTESIAN_POINT ( 'NONE',  ( 1.250000000000000200, 108.6862915010152500, 0.0000000000000000000 ) ) ;
#2570 = AXIS2_PLACEMENT_3D ( 'NONE', #6621, #285, #1257 ) ;
#2571 = ORIENTED_EDGE ( 'NONE', *, *, #4400, .T. ) ;
#2572 = DIRECTION ( 'NONE',  ( 1.000000000000000000, -0.0000000000000000000, 0.0000000000000000000 ) ) ;
#2573 = ORIENTED_EDGE ( 'NONE', *, *, #5326, .F. ) ;
#2574 = ORIENTED_EDGE ( 'NONE', *, *, #2270, .F. ) ;
#2575 = CARTESIAN_POINT ( 'NONE',  ( 1.250000000000000200, 37.43189123190261800, 13.43189123190273400 ) ) ;
#2576 = CARTESIAN_POINT ( 'NONE',  ( 1.250000000000000200, 58.56810876809824900, 58.56810876809719700 ) ) ;
#2577 = LINE ( 'NONE', #3749, #577 ) ;
#2578 = EDGE_CURVE ( 'NONE', #5149, #535, #2768, .T. ) ;
#2579 = CYLINDRICAL_SURFACE ( 'NONE', #2537, 2.024999999999990100 ) ;
#2580 = ORIENTED_EDGE ( 'NONE', *, *, #1131, .F. ) ;
#2581 = VERTEX_POINT ( 'NONE', #3760 ) ;
#2582 = CARTESIAN_POINT ( 'NONE',  ( -1.250000000000001100, 113.4318912319027400, 9.431891231902765700 ) ) ;
#2583 = ADVANCED_FACE ( 'NONE', ( #3714 ), #4289, .F. ) ;
#2584 = AXIS2_PLACEMENT_3D ( 'NONE', #3070, #377, #4715 ) ;
#2585 = VERTEX_POINT ( 'NONE', #2684 ) ;
#2586 = ORIENTED_EDGE ( 'NONE', *, *, #4513, .T. ) ;
#2587 = EDGE_CURVE ( 'NONE', #5212, #1914, #6533, .T. ) ;
#2588 = DIRECTION ( 'NONE',  ( 1.000000000000000000, -0.0000000000000000000, -0.0000000000000000000 ) ) ;
#2589 = VECTOR ( 'NONE', #2780, 1000.000000000000000 ) ;
#2590 = ADVANCED_FACE ( 'NONE', ( #859 ), #3185, .F. ) ;
#2591 = VECTOR ( 'NONE', #6472, 1000.000000000000000 ) ;
#2592 = VECTOR ( 'NONE', #4862, 1000.000000000000000 ) ;
#2593 = ORIENTED_EDGE ( 'NONE', *, *, #6245, .T. ) ;
#2594 = ORIENTED_EDGE ( 'NONE', *, *, #6744, .F. ) ;
#2595 = CIRCLE ( 'NONE', #5659, 2.025000000000002600 ) ;
#2596 = FACE_BOUND ( 'NONE', #5473, .T. ) ;
#2597 = AXIS2_PLACEMENT_3D ( 'NONE', #3133, #6355, #5886 ) ;
#2598 = CARTESIAN_POINT ( 'NONE',  ( -1.249999999999999800, 57.91717260614134200, -7.053390142335806500 ) ) ;
#2599 = CYLINDRICAL_SURFACE ( 'NONE', #3929, 2.024999999999998100 ) ;
#2600 = DIRECTION ( 'NONE',  ( -1.000000000000000000, 0.0000000000000000000, 0.0000000000000000000 ) ) ;
#2601 = ORIENTED_EDGE ( 'NONE', *, *, #4984, .F. ) ;
#2602 = EDGE_CURVE ( 'NONE', #1273, #3621, #3193, .T. ) ;
#2603 = VERTEX_POINT ( 'NONE', #3237 ) ;
#2604 = FACE_BOUND ( 'NONE', #2327, .T. ) ;
#2605 = LINE ( 'NONE', #4098, #1210 ) ;
#2606 = PLANE ( 'NONE',  #2035 ) ;
#2607 = CIRCLE ( 'NONE', #5346, 2.024999999999990100 ) ;
#2608 = DIRECTION ( 'NONE',  ( -1.000000000000000000, 0.0000000000000000000, 0.0000000000000000000 ) ) ;
#2609 = DIRECTION ( 'NONE',  ( 1.000000000000000000, -0.0000000000000000000, -0.0000000000000000000 ) ) ;
#2610 = ORIENTED_EDGE ( 'NONE', *, *, #6330, .F. ) ;
#2611 = ORIENTED_EDGE ( 'NONE', *, *, #3894, .T. ) ;
#2612 = ORIENTED_EDGE ( 'NONE', *, *, #4630, .T. ) ;
#2613 = AXIS2_PLACEMENT_3D ( 'NONE', #2810, #1715, #3304 ) ;
#2614 = FACE_BOUND ( 'NONE', #5953, .T. ) ;
#2615 = CARTESIAN_POINT ( 'NONE',  ( -1.249999999999999800, 59.31370849898476600, -2.024999999999999900 ) ) ;
#2616 = CARTESIAN_POINT ( 'NONE',  ( 1.250000000000000200, 0.0000000000000000000, 2.024999999999999900 ) ) ;
#2617 = EDGE_LOOP ( 'NONE', ( #6895, #6089, #603, #6799 ) ) ;
#2618 = CARTESIAN_POINT ( 'NONE',  ( -1.249999999999999800, 56.48528137423857500, -8.485281374238564200 ) ) ;
#2619 = VERTEX_POINT ( 'NONE', #5349 ) ;
#2620 = EDGE_CURVE ( 'NONE', #2482, #3979, #1372, .T. ) ;
#2621 = AXIS2_PLACEMENT_3D ( 'NONE', #2899, #811, #3498 ) ;
#2622 = DIRECTION ( 'NONE',  ( 0.0000000000000000000, 0.0000000000000000000, -1.000000000000000000 ) ) ;
#2623 = DIRECTION ( 'NONE',  ( 1.000000000000000000, 0.0000000000000000000, 0.0000000000000000000 ) ) ;
#2624 = ORIENTED_EDGE ( 'NONE', *, *, #187, .F. ) ;
#2625 = EDGE_LOOP ( 'NONE', ( #5717, #1169 ) ) ;
#2626 = DIRECTION ( 'NONE',  ( 0.0000000000000000000, 0.0000000000000000000, -1.000000000000000000 ) ) ;
#2627 = ORIENTED_EDGE ( 'NONE', *, *, #4839, .F. ) ;
#2628 = DIRECTION ( 'NONE',  ( 1.000000000000000000, -0.0000000000000000000, -0.0000000000000000000 ) ) ;
#2629 = PLANE ( 'NONE',  #6348 ) ;
#2630 = ORIENTED_EDGE ( 'NONE', *, *, #4849, .T. ) ;
#2631 = DIRECTION ( 'NONE',  ( 0.0000000000000000000, 1.370645709413774200E-014, -1.000000000000000000 ) ) ;
#2632 = CARTESIAN_POINT ( 'NONE',  ( 4.724999999999991700, 24.00000000000000700, 16.00000000000000400 ) ) ;
#2633 = EDGE_CURVE ( 'NONE', #3428, #4584, #4708, .T. ) ;
#2634 = VECTOR ( 'NONE', #4242, 1000.000000000000000 ) ;
#2635 = EDGE_LOOP ( 'NONE', ( #2258, #4047, #1796, #3750 ) ) ;
#2636 = CARTESIAN_POINT ( 'NONE',  ( 1.250000000000000200, 33.43189123190274600, 6.568108768097250300 ) ) ;
#2637 = CARTESIAN_POINT ( 'NONE',  ( 6.750000000000000900, 8.000000000000007100, -15.99999999999999600 ) ) ;
#2638 = CARTESIAN_POINT ( 'NONE',  ( 8.774999999999987900, 88.00000000000002800, 16.00000000000000400 ) ) ;
#2639 = AXIS2_PLACEMENT_3D ( 'NONE', #5233, #6766, #6792 ) ;
#2640 = FACE_OUTER_BOUND ( 'NONE', #1281, .T. ) ;
#2641 = ORIENTED_EDGE ( 'NONE', *, *, #900, .T. ) ;
#2642 = DIRECTION ( 'NONE',  ( 0.0000000000000000000, 0.7071067811865469100, 0.7071067811865482400 ) ) ;
#2643 = CARTESIAN_POINT ( 'NONE',  ( 4.724999999999991700, 104.0000000000000100, 16.00000000000000400 ) ) ;
#2644 = CARTESIAN_POINT ( 'NONE',  ( 8.774999999999987900, 80.00000000000001400, 16.00000000000000400 ) ) ;
#2645 = ORIENTED_EDGE ( 'NONE', *, *, #489, .T. ) ;
#2646 = AXIS2_PLACEMENT_3D ( 'NONE', #3692, #3744, #3162 ) ;
#2647 = DIRECTION ( 'NONE',  ( 1.000000000000000000, -0.0000000000000000000, -0.0000000000000000000 ) ) ;
#2648 = DIRECTION ( 'NONE',  ( 1.000000000000000000, -0.0000000000000000000, -0.0000000000000000000 ) ) ;
#2649 = CIRCLE ( 'NONE', #6057, 2.024999999999997200 ) ;
#2650 = DIRECTION ( 'NONE',  ( 0.0000000000000000000, 0.0000000000000000000, -1.000000000000000000 ) ) ;
#2651 = DIRECTION ( 'NONE',  ( 0.0000000000000000000, 0.7071067811865482400, -0.7071067811865469100 ) ) ;
#2652 = EDGE_CURVE ( 'NONE', #1770, #5217, #2595, .T. ) ;
#2653 = DIRECTION ( 'NONE',  ( 0.0000000000000000000, 0.0000000000000000000, -1.000000000000000000 ) ) ;
#2654 = ORIENTED_EDGE ( 'NONE', *, *, #3244, .F. ) ;
#2655 = VECTOR ( 'NONE', #366, 1000.000000000000000 ) ;
#2656 = EDGE_CURVE ( 'NONE', #4421, #3485, #4785, .T. ) ;
#2657 = AXIS2_PLACEMENT_3D ( 'NONE', #6904, #4172, #482 ) ;
#2658 = ORIENTED_EDGE ( 'NONE', *, *, #3406, .T. ) ;
#2659 = ORIENTED_EDGE ( 'NONE', *, *, #2236, .T. ) ;
#2660 = VECTOR ( 'NONE', #3594, 1000.000000000000000 ) ;
#2661 = LINE ( 'NONE', #2089, #5432 ) ;
#2662 = DIRECTION ( 'NONE',  ( -1.000000000000000000, -0.0000000000000000000, -0.0000000000000000000 ) ) ;
#2663 = CARTESIAN_POINT ( 'NONE',  ( 1.250000000000000200, 9.917172606141326300, 7.053390142335806500 ) ) ;
#2664 = DIRECTION ( 'NONE',  ( 0.0000000000000000000, 0.7071067811865424700, -0.7071067811865526800 ) ) ;
#2665 = DIRECTION ( 'NONE',  ( 0.0000000000000000000, 0.0000000000000000000, -1.000000000000000000 ) ) ;
#2666 = VERTEX_POINT ( 'NONE', #616 ) ;
#2667 = DIRECTION ( 'NONE',  ( 3.652049423109066300E-016, -0.0000000000000000000, -1.000000000000000000 ) ) ;
#2668 = ORIENTED_EDGE ( 'NONE', *, *, #5195, .T. ) ;
#2669 = EDGE_CURVE ( 'NONE', #5465, #5974, #4209, .T. ) ;
#2670 = VECTOR ( 'NONE', #2807, 1000.000000000000000 ) ;
#2671 = EDGE_CURVE ( 'NONE', #428, #2974, #361, .T. ) ;
#2672 = FACE_BOUND ( 'NONE', #1453, .T. ) ;
#2673 = EDGE_LOOP ( 'NONE', ( #3998, #4277, #3201, #3421 ) ) ;
#2674 = CARTESIAN_POINT ( 'NONE',  ( 6.749999999999989300, 8.000000000000007100, 16.00000000000000400 ) ) ;
#2675 = DIRECTION ( 'NONE',  ( 1.000000000000000000, -0.0000000000000000000, 0.0000000000000000000 ) ) ;
#2676 = EDGE_LOOP ( 'NONE', ( #642, #5258, #3694, #2841 ) ) ;
#2677 = ORIENTED_EDGE ( 'NONE', *, *, #3785, .F. ) ;
#2678 = VECTOR ( 'NONE', #5892, 1000.000000000000000 ) ;
#2679 = VECTOR ( 'NONE', #1773, 1000.000000000000000 ) ;
#2680 = AXIS2_PLACEMENT_3D ( 'NONE', #452, #2032, #2524 ) ;
#2681 = CYLINDRICAL_SURFACE ( 'NONE', #1754, 2.024999999999998100 ) ;
#2682 = EDGE_LOOP ( 'NONE', ( #4382, #5403 ) ) ;
#2683 = EDGE_CURVE ( 'NONE', #5250, #1811, #4462, .T. ) ;
#2684 = CARTESIAN_POINT ( 'NONE',  ( -1.249999999999999800, 78.56810876809724700, 9.431891231902756800 ) ) ;
#2685 = CALENDAR_DATE ( 2022, 26, 4 ) ;
#2686 = ORIENTED_EDGE ( 'NONE', *, *, #772, .T. ) ;
#2687 = ORIENTED_EDGE ( 'NONE', *, *, #5823, .F. ) ;
#2688 = DIRECTION ( 'NONE',  ( 1.000000000000000000, -0.0000000000000000000, -0.0000000000000000000 ) ) ;
#2689 = DIRECTION ( 'NONE',  ( 0.0000000000000000000, -0.7071067811865463500, 0.7071067811865487900 ) ) ;
#2690 = FACE_OUTER_BOUND ( 'NONE', #5310, .T. ) ;
#2691 = ORIENTED_EDGE ( 'NONE', *, *, #5893, .T. ) ;
#2692 = ORIENTED_EDGE ( 'NONE', *, *, #6828, .T. ) ;
#2693 = CARTESIAN_POINT ( 'NONE',  ( 6.750000000000000900, 88.00000000000002800, -15.99999999999999600 ) ) ;
#2694 = AXIS2_PLACEMENT_3D ( 'NONE', #2693, #3767, #4372 ) ;
#2695 = CARTESIAN_POINT ( 'NONE',  ( -1.250000000000001100, 7.053390142335809200, 9.917172606141322800 ) ) ;
#2696 = CARTESIAN_POINT ( 'NONE',  ( -1.249999999999999800, 102.5681087680972500, -9.431891231902755000 ) ) ;
#2697 = FACE_OUTER_BOUND ( 'NONE', #604, .T. ) ;
#2698 = LINE ( 'NONE', #4411, #5049 ) ;
#2699 = EDGE_CURVE ( 'NONE', #4573, #5368, #1779, .T. ) ;
#2700 = ORIENTED_EDGE ( 'NONE', *, *, #1121, .T. ) ;
#2701 = ADVANCED_FACE ( 'NONE', ( #517 ), #778, .F. ) ;
#2702 = CARTESIAN_POINT ( 'NONE',  ( -1.249999999999999800, 34.56810876809729600, 10.56810876809721700 ) ) ;
#2703 = DIRECTION ( 'NONE',  ( 3.652049423109066300E-016, -0.0000000000000000000, -1.000000000000000000 ) ) ;
#2704 = CARTESIAN_POINT ( 'NONE',  ( -1.249999999999999800, 84.68629150101523400, 0.0000000000000000000 ) ) ;
#2705 = ORIENTED_EDGE ( 'NONE', *, *, #752, .T. ) ;
#2706 = ORIENTED_EDGE ( 'NONE', *, *, #6183, .F. ) ;
#2707 = CARTESIAN_POINT ( 'NONE',  ( -1.249999999999999800, 86.08282739385869300, -7.053390142335805600 ) ) ;
#2708 = FACE_BOUND ( 'NONE', #5301, .T. ) ;
#2709 = CARTESIAN_POINT ( 'NONE',  ( 6.750000000000000000, 88.00000000000002800, -13.50000000000000200 ) ) ;
#2710 = EDGE_LOOP ( 'NONE', ( #6737, #539, #2571, #146 ) ) ;
#2711 = EDGE_CURVE ( 'NONE', #4195, #2552, #5708, .T. ) ;
#2712 = CC_DESIGN_APPROVAL ( #1302, ( #4580 ) ) ;
#2713 = CARTESIAN_POINT ( 'NONE',  ( 6.749999999999989300, 8.000000000000007100, 16.00000000000000400 ) ) ;
#2714 = FACE_OUTER_BOUND ( 'NONE', #6035, .T. ) ;
#2715 = ORIENTED_EDGE ( 'NONE', *, *, #4483, .T. ) ;
#2716 = DIRECTION ( 'NONE',  ( 3.652049423109066300E-016, -0.0000000000000000000, -1.000000000000000000 ) ) ;
#2717 = VERTEX_POINT ( 'NONE', #6518 ) ;
#2718 = PLANE ( 'NONE',  #5979 ) ;
#2719 = FACE_OUTER_BOUND ( 'NONE', #6508, .T. ) ;
#2720 = ORIENTED_EDGE ( 'NONE', *, *, #5036, .T. ) ;
#2721 = CARTESIAN_POINT ( 'NONE',  ( 1.250000000000000200, 36.68629150101524100, 2.024999999999999900 ) ) ;
#2722 = DIRECTION ( 'NONE',  ( 0.0000000000000000000, 0.0000000000000000000, -1.000000000000000000 ) ) ;
#2723 = ORIENTED_EDGE ( 'NONE', *, *, #3775, .T. ) ;
#2724 = CARTESIAN_POINT ( 'NONE',  ( -1.249999999999999800, 60.68629150101524100, 0.0000000000000000000 ) ) ;
#2725 = EDGE_CURVE ( 'NONE', #6650, #793, #3119, .T. ) ;
#2726 = CARTESIAN_POINT ( 'NONE',  ( -1.249999999999999800, 103.0533901423358100, -9.917172606141329900 ) ) ;
#2727 = VECTOR ( 'NONE', #1468, 1000.000000000000000 ) ;
#2728 = VERTEX_POINT ( 'NONE', #5474 ) ;
#2729 = CARTESIAN_POINT ( 'NONE',  ( 6.749999999999990200, 48.00000000000000700, 13.50000000000000000 ) ) ;
#2730 = ADVANCED_FACE ( 'NONE', ( #1616 ), #2932, .F. ) ;
#2731 = AXIS2_PLACEMENT_3D ( 'NONE', #3069, #3643, #1472 ) ;
#2732 = VECTOR ( 'NONE', #2647, 1000.000000000000000 ) ;
#2733 = CIRCLE ( 'NONE', #1658, 2.025000000000002600 ) ;
#2734 = ORIENTED_EDGE ( 'NONE', *, *, #6264, .T. ) ;
#2735 = EDGE_CURVE ( 'NONE', #5465, #1629, #431, .T. ) ;
#2736 = CARTESIAN_POINT ( 'NONE',  ( -1.249999999999999800, 37.43189123190261800, 13.43189123190273400 ) ) ;
#2737 = CARTESIAN_POINT ( 'NONE',  ( 1.250000000000000200, 85.43189123190279600, -13.43189123190274400 ) ) ;
#2738 = VERTEX_POINT ( 'NONE', #4416 ) ;
#2739 = CARTESIAN_POINT ( 'NONE',  ( -1.249999999999999800, 96.00000000000000000, 0.0000000000000000000 ) ) ;
#2740 = FACE_OUTER_BOUND ( 'NONE', #3109, .T. ) ;
#2741 = ORIENTED_EDGE ( 'NONE', *, *, #6443, .F. ) ;
#2742 = ORIENTED_EDGE ( 'NONE', *, *, #4972, .F. ) ;
#2743 = ORIENTED_EDGE ( 'NONE', *, *, #5337, .T. ) ;
#2744 = PLANE ( 'NONE',  #5477 ) ;
#2745 = CARTESIAN_POINT ( 'NONE',  ( 1.250000000000000200, 64.00000000000000000, -7.999999999999996400 ) ) ;
#2746 = AXIS2_PLACEMENT_3D ( 'NONE', #5527, #4474, #736 ) ;
#2747 = CARTESIAN_POINT ( 'NONE',  ( 8.774999999999987900, 40.00000000000000700, 13.50000000000000000 ) ) ;
#2748 = DIRECTION ( 'NONE',  ( 0.0000000000000000000, -0.7071067811865450200, 0.7071067811865501300 ) ) ;
#2749 = LINE ( 'NONE', #4674, #1681 ) ;
#2750 = ORIENTED_EDGE ( 'NONE', *, *, #1624, .F. ) ;
#2751 = ORIENTED_EDGE ( 'NONE', *, *, #6060, .T. ) ;
#2752 = DIRECTION ( 'NONE',  ( 3.652049423109066300E-016, 0.0000000000000000000, -1.000000000000000000 ) ) ;
#2753 = LINE ( 'NONE', #649, #4446 ) ;
#2754 = EDGE_CURVE ( 'NONE', #459, #2033, #3954, .T. ) ;
#2755 = AXIS2_PLACEMENT_3D ( 'NONE', #2323, #2885, #3394 ) ;
#2756 = ORIENTED_EDGE ( 'NONE', *, *, #6159, .T. ) ;
#2757 = ORIENTED_EDGE ( 'NONE', *, *, #6689, .F. ) ;
#2758 = FACE_OUTER_BOUND ( 'NONE', #6317, .T. ) ;
#2759 = DIRECTION ( 'NONE',  ( 1.000000000000000000, -0.0000000000000000000, 0.0000000000000000000 ) ) ;
#2760 = CARTESIAN_POINT ( 'NONE',  ( 6.749999999999989300, 40.00000000000000700, 16.00000000000000400 ) ) ;
#2761 = CIRCLE ( 'NONE', #89, 2.025000000000004400 ) ;
#2762 = CARTESIAN_POINT ( 'NONE',  ( 1.250000000000000200, 9.431891231902765700, 6.568108768097241400 ) ) ;
#2763 = FACE_OUTER_BOUND ( 'NONE', #2157, .T. ) ;
#2764 = EDGE_LOOP ( 'NONE', ( #1855, #6747, #2976, #6835 ) ) ;
#2765 = ORIENTED_EDGE ( 'NONE', *, *, #3639, .T. ) ;
#2766 = VERTEX_POINT ( 'NONE', #564 ) ;
#2767 = EDGE_CURVE ( 'NONE', #5685, #6304, #2344, .T. ) ;
#2768 = LINE ( 'NONE', #4756, #5625 ) ;
#2769 = ADVANCED_FACE ( 'NONE', ( #762 ), #3526, .F. ) ;
#2770 = VECTOR ( 'NONE', #1590, 1000.000000000000000 ) ;
#2771 = DIRECTION ( 'NONE',  ( 1.000000000000000000, -0.0000000000000000000, -0.0000000000000000000 ) ) ;
#2772 = CARTESIAN_POINT ( 'NONE',  ( 1.250000000000000200, 38.56810876809724700, -6.568108768097241400 ) ) ;
#2773 = CARTESIAN_POINT ( 'NONE',  ( -1.249999999999999800, 14.56810876809725000, -6.568108768097241400 ) ) ;
#2774 = CIRCLE ( 'NONE', #4054, 2.024999999999997200 ) ;
#2775 = VERTEX_POINT ( 'NONE', #585 ) ;
#2776 = ORIENTED_EDGE ( 'NONE', *, *, #512, .F. ) ;
#2777 = VECTOR ( 'NONE', #6889, 1000.000000000000000 ) ;
#2778 = VECTOR ( 'NONE', #679, 1000.000000000000000 ) ;
#2779 = AXIS2_PLACEMENT_3D ( 'NONE', #2400, #1292, #2938 ) ;
#2780 = DIRECTION ( 'NONE',  ( 0.0000000000000000000, -0.7071067811865513500, 0.7071067811865436900 ) ) ;
#2781 = FACE_OUTER_BOUND ( 'NONE', #5125, .T. ) ;
#2782 = CIRCLE ( 'NONE', #165, 6.999999999999999100 ) ;
#2783 = ORIENTED_EDGE ( 'NONE', *, *, #4364, .F. ) ;
#2784 = ORIENTED_EDGE ( 'NONE', *, *, #2027, .T. ) ;
#2785 = ORIENTED_EDGE ( 'NONE', *, *, #5604, .T. ) ;
#2786 = LINE ( 'NONE', #2638, #875 ) ;
#2787 = DIRECTION ( 'NONE',  ( -1.000000000000000000, 0.0000000000000000000, 0.0000000000000000000 ) ) ;
#2788 = AXIS2_PLACEMENT_3D ( 'NONE', #6746, #758, #1307 ) ;
#2789 = VERTEX_POINT ( 'NONE', #3809 ) ;
#2790 = ORIENTED_EDGE ( 'NONE', *, *, #6373, .T. ) ;
#2791 = EDGE_CURVE ( 'NONE', #4285, #100, #2440, .T. ) ;
#2792 = PLANE ( 'NONE',  #258 ) ;
#2793 = EDGE_LOOP ( 'NONE', ( #2012, #14, #4190, #2850 ) ) ;
#2794 = LINE ( 'NONE', #3751, #4727 ) ;
#2795 = ORIENTED_EDGE ( 'NONE', *, *, #5550, .T. ) ;
#2796 = DIRECTION ( 'NONE',  ( 0.0000000000000000000, 0.0000000000000000000, -1.000000000000000000 ) ) ;
#2797 = CARTESIAN_POINT ( 'NONE',  ( 1.250000000000000200, 61.43189123190277500, -13.43189123190275300 ) ) ;
#2798 = CARTESIAN_POINT ( 'NONE',  ( -1.249999999999999800, 56.48528137423857500, -8.485281374238564200 ) ) ;
#2799 = AXIS2_PLACEMENT_3D ( 'NONE', #4960, #739, #1833 ) ;
#2800 = ORIENTED_EDGE ( 'NONE', *, *, #4171, .T. ) ;
#2801 = CARTESIAN_POINT ( 'NONE',  ( -1.249999999999999800, 0.0000000000000000000, 2.024999999999999900 ) ) ;
#2802 = ADVANCED_FACE ( 'NONE', ( #1115 ), #852, .F. ) ;
#2803 = CYLINDRICAL_SURFACE ( 'NONE', #5709, 6.999999999999999100 ) ;
#2804 = ORIENTED_EDGE ( 'NONE', *, *, #3908, .F. ) ;
#2805 = EDGE_CURVE ( 'NONE', #4216, #1702, #6613, .T. ) ;
#2806 = EDGE_CURVE ( 'NONE', #1595, #5214, #4119, .T. ) ;
#2807 = DIRECTION ( 'NONE',  ( 1.000000000000000000, -0.0000000000000000000, -0.0000000000000000000 ) ) ;
#2808 = VECTOR ( 'NONE', #5908, 1000.000000000000000 ) ;
#2809 = CARTESIAN_POINT ( 'NONE',  ( -1.249999999999999800, 102.5681087680972600, 9.431891231902756800 ) ) ;
#2810 = CARTESIAN_POINT ( 'NONE',  ( -1.249999999999999800, 24.00000000000000000, 0.0000000000000000000 ) ) ;
#2811 = CARTESIAN_POINT ( 'NONE',  ( 6.750000000000000000, 32.00000000000000700, -13.50000000000000200 ) ) ;
#2812 = EDGE_CURVE ( 'NONE', #2915, #4902, #5526, .T. ) ;
#2813 = ORIENTED_EDGE ( 'NONE', *, *, #1218, .F. ) ;
#2814 = DIRECTION ( 'NONE',  ( 0.0000000000000000000, 0.0000000000000000000, -1.000000000000000000 ) ) ;
#2815 = CARTESIAN_POINT ( 'NONE',  ( 1.250000000000000200, 86.56810876809726100, -6.568108768097241400 ) ) ;
#2816 = ORIENTED_EDGE ( 'NONE', *, *, #881, .T. ) ;
#2817 = AXIS2_PLACEMENT_3D ( 'NONE', #4006, #1879, #239 ) ;
#2818 = LINE ( 'NONE', #2557, #662 ) ;
#2819 = EDGE_CURVE ( 'NONE', #35, #1273, #6103, .T. ) ;
#2820 = FACE_BOUND ( 'NONE', #3952, .T. ) ;
#2821 = DIRECTION ( 'NONE',  ( 3.652049423109066300E-016, -0.0000000000000000000, -1.000000000000000000 ) ) ;
#2822 = DIRECTION ( 'NONE',  ( -1.000000000000000000, 0.0000000000000000000, 1.387778780781447500E-015 ) ) ;
#2823 = VERTEX_POINT ( 'NONE', #1510 ) ;
#2824 = ORIENTED_EDGE ( 'NONE', *, *, #6674, .F. ) ;
#2825 = VECTOR ( 'NONE', #3597, 1000.000000000000000 ) ;
#2826 = FACE_OUTER_BOUND ( 'NONE', #4191, .T. ) ;
#2827 = ADVANCED_FACE ( 'NONE', ( #6345 ), #2629, .F. ) ;
#2828 = CARTESIAN_POINT ( 'NONE',  ( -1.249999999999999800, 72.00000000000001400, -2.024999999999999900 ) ) ;
#2829 = CARTESIAN_POINT ( 'NONE',  ( 6.749999999999989300, 8.000000000000007100, 16.00000000000000400 ) ) ;
#2830 = AXIS2_PLACEMENT_3D ( 'NONE', #4530, #5276, #2608 ) ;
#2831 = ORIENTED_EDGE ( 'NONE', *, *, #6504, .F. ) ;
#2832 = VERTEX_POINT ( 'NONE', #3178 ) ;
#2833 = CARTESIAN_POINT ( 'NONE',  ( -1.249999999999999800, 87.51471862576144600, -8.485281374238566000 ) ) ;
#2834 = VECTOR ( 'NONE', #2399, 1000.000000000000000 ) ;
#2835 = CIRCLE ( 'NONE', #6769, 2.024999999999997200 ) ;
#2836 = DIRECTION ( 'NONE',  ( 1.000000000000000000, -0.0000000000000000000, -0.0000000000000000000 ) ) ;
#2837 = FACE_BOUND ( 'NONE', #1573, .T. ) ;
#2838 = ORIENTED_EDGE ( 'NONE', *, *, #5740, .F. ) ;
#2839 = CARTESIAN_POINT ( 'NONE',  ( -1.249999999999999800, 38.08282739385867200, 7.053390142335811000 ) ) ;
#2840 = PLANE ( 'NONE',  #1520 ) ;
#2841 = ORIENTED_EDGE ( 'NONE', *, *, #2416, .T. ) ;
#2842 = VERTEX_POINT ( 'NONE', #3303 ) ;
#2843 = VECTOR ( 'NONE', #590, 999.9999999999998900 ) ;
#2844 = DIRECTION ( 'NONE',  ( 1.000000000000000000, -0.0000000000000000000, -0.0000000000000000000 ) ) ;
#2845 = EDGE_CURVE ( 'NONE', #1629, #4821, #3283, .T. ) ;
#2846 = CC_DESIGN_DATE_AND_TIME_ASSIGNMENT ( #5954, #6181, ( #2129 ) ) ;
#2847 = LINE ( 'NONE', #4002, #4876 ) ;
#2848 = LINE ( 'NONE', #1885, #3453 ) ;
#2849 = ORIENTED_EDGE ( 'NONE', *, *, #3273, .F. ) ;
#2850 = ORIENTED_EDGE ( 'NONE', *, *, #4222, .T. ) ;
#2851 = ORIENTED_EDGE ( 'NONE', *, *, #1826, .T. ) ;
#2852 = PLANE ( 'NONE',  #4290 ) ;
#2853 = CIRCLE ( 'NONE', #4832, 6.999999999999999100 ) ;
#2854 = CARTESIAN_POINT ( 'NONE',  ( 1.250000000000000200, 72.00000000000001400, 6.999999999999999100 ) ) ;
#2855 = AXIS2_PLACEMENT_3D ( 'NONE', #58, #2716, #4891 ) ;
#2856 = EDGE_LOOP ( 'NONE', ( #4684, #4081, #3927, #4713 ) ) ;
#2857 = EDGE_CURVE ( 'NONE', #4285, #3978, #1865, .T. ) ;
#2858 = EDGE_LOOP ( 'NONE', ( #4599, #6237, #6546, #339 ) ) ;
#2859 = ORIENTED_EDGE ( 'NONE', *, *, #3049, .F. ) ;
#2860 = CARTESIAN_POINT ( 'NONE',  ( -46.75000000000000000, 61.43189123190295200, 61.43189123190273900 ) ) ;
#2861 = DIRECTION ( 'NONE',  ( 0.0000000000000000000, 0.0000000000000000000, -1.000000000000000000 ) ) ;
#2862 = CIRCLE ( 'NONE', #2982, 2.024999999999998100 ) ;
#2863 = CARTESIAN_POINT ( 'NONE',  ( -1.249999999999999800, 37.43189123190261800, 13.43189123190273400 ) ) ;
#2864 = CARTESIAN_POINT ( 'NONE',  ( 1.250000000000000200, 103.0533901423358100, 9.917172606141324600 ) ) ;
#2865 = DIRECTION ( 'NONE',  ( 0.0000000000000000000, 0.0000000000000000000, -1.000000000000000000 ) ) ;
#2866 = ORIENTED_EDGE ( 'NONE', *, *, #2888, .T. ) ;
#2867 = AXIS2_PLACEMENT_3D ( 'NONE', #5846, #5824, #493 ) ;
#2868 = VECTOR ( 'NONE', #1660, 1000.000000000000000 ) ;
#2869 = EDGE_LOOP ( 'NONE', ( #2624, #4532, #1344, #1720 ) ) ;
#2870 = CARTESIAN_POINT ( 'NONE',  ( 4.725000000000001400, 80.00000000000001400, -13.50000000000000200 ) ) ;
#2871 = EDGE_CURVE ( 'NONE', #1536, #4893, #4542, .T. ) ;
#2872 = DIRECTION ( 'NONE',  ( 1.000000000000000000, -0.0000000000000000000, -0.0000000000000000000 ) ) ;
#2873 = ADVANCED_FACE ( 'NONE', ( #5188 ), #1277, .F. ) ;
#2874 = EDGE_LOOP ( 'NONE', ( #2464, #421, #1245, #1002 ) ) ;
#2875 = ORIENTED_EDGE ( 'NONE', *, *, #5692, .T. ) ;
#2876 = DIRECTION ( 'NONE',  ( 3.652049423109066300E-016, -0.0000000000000000000, -1.000000000000000000 ) ) ;
#2877 = ORIENTED_EDGE ( 'NONE', *, *, #3233, .T. ) ;
#2878 = AXIS2_PLACEMENT_3D ( 'NONE', #6735, #802, #4014 ) ;
#2879 = CARTESIAN_POINT ( 'NONE',  ( 4.724999999999991700, 88.00000000000002800, 16.00000000000000400 ) ) ;
#2880 = DIRECTION ( 'NONE',  ( -1.826024711554532900E-016, 0.0000000000000000000, 1.000000000000000000 ) ) ;
#2881 = EDGE_LOOP ( 'NONE', ( #2252, #2318, #4657, #5697 ) ) ;
#2882 = DIRECTION ( 'NONE',  ( 1.000000000000000000, -0.0000000000000000000, 0.0000000000000000000 ) ) ;
#2883 = CARTESIAN_POINT ( 'NONE',  ( -1.249999999999999800, 63.51471862576143900, -8.485281374238566000 ) ) ;
#2884 = ORIENTED_EDGE ( 'NONE', *, *, #52, .F. ) ;
#2885 = DIRECTION ( 'NONE',  ( 1.000000000000000000, -0.0000000000000000000, -0.0000000000000000000 ) ) ;
#2886 = DIRECTION ( 'NONE',  ( 1.000000000000000000, -0.0000000000000000000, -0.0000000000000000000 ) ) ;
#2887 = DIRECTION ( 'NONE',  ( 1.000000000000000000, -0.0000000000000000000, -0.0000000000000000000 ) ) ;
#2888 = EDGE_CURVE ( 'NONE', #1947, #761, #5781, .T. ) ;
#2889 = DIRECTION ( 'NONE',  ( -3.652049423109066800E-016, 0.0000000000000000000, 1.000000000000000000 ) ) ;
#2890 = DIRECTION ( 'NONE',  ( 0.0000000000000000000, -0.7071067811865450200, 0.7071067811865501300 ) ) ;
#2891 = ORIENTED_EDGE ( 'NONE', *, *, #5911, .F. ) ;
#2892 = DIRECTION ( 'NONE',  ( 0.0000000000000000000, 0.0000000000000000000, -1.000000000000000000 ) ) ;
#2893 = FACE_OUTER_BOUND ( 'NONE', #5608, .T. ) ;
#2894 = ORIENTED_EDGE ( 'NONE', *, *, #709, .F. ) ;
#2895 = EDGE_CURVE ( 'NONE', #1930, #1460, #4371, .T. ) ;
#2896 = CARTESIAN_POINT ( 'NONE',  ( -1.249999999999999800, 82.56810876809730400, -10.56810876809726100 ) ) ;
#2897 = CARTESIAN_POINT ( 'NONE',  ( 1.250000000000000200, 86.08282739385869300, -7.053390142335802100 ) ) ;
#2898 = EDGE_CURVE ( 'NONE', #5593, #184, #6793, .T. ) ;
#2899 = CARTESIAN_POINT ( 'NONE',  ( 6.749999999999989300, 16.00000000000000700, 16.00000000000000400 ) ) ;
#2900 = CARTESIAN_POINT ( 'NONE',  ( 1.250000000000000200, 57.91717260614134200, -7.053390142335809200 ) ) ;
#2901 = LINE ( 'NONE', #2291, #2240 ) ;
#2902 = VERTEX_POINT ( 'NONE', #4823 ) ;
#2903 = ADVANCED_FACE ( 'NONE', ( #3110 ), #1357, .F. ) ;
#2904 = CARTESIAN_POINT ( 'NONE',  ( 1.250000000000000200, 104.0000000000000100, 8.000000000000000000 ) ) ;
#2905 = DIRECTION ( 'NONE',  ( 1.000000000000000000, -0.0000000000000000000, -0.0000000000000000000 ) ) ;
#2906 = EDGE_LOOP ( 'NONE', ( #5746, #4186 ) ) ;
#2907 = DIRECTION ( 'NONE',  ( 1.000000000000000000, -0.0000000000000000000, -0.0000000000000000000 ) ) ;
#2908 = AXIS2_PLACEMENT_3D ( 'NONE', #2412, #4018, #806 ) ;
#2909 = PLANE ( 'NONE',  #2321 ) ;
#2910 = DIRECTION ( 'NONE',  ( 0.0000000000000000000, 0.7071067811865436900, 0.7071067811865513500 ) ) ;
#2911 = EDGE_CURVE ( 'NONE', #5512, #1770, #5617, .T. ) ;
#2912 = VECTOR ( 'NONE', #1983, 1000.000000000000000 ) ;
#2913 = CARTESIAN_POINT ( 'NONE',  ( 8.774999999999998600, 48.00000000000000700, -15.99999999999999600 ) ) ;
#2914 = FACE_BOUND ( 'NONE', #974, .T. ) ;
#2915 = VERTEX_POINT ( 'NONE', #2721 ) ;
#2916 = EDGE_LOOP ( 'NONE', ( #1365, #1965, #6164, #991 ) ) ;
#2917 = VERTEX_POINT ( 'NONE', #3231 ) ;
#2918 = CARTESIAN_POINT ( 'NONE',  ( 1.250000000000000200, 107.3137084989847800, -2.024999999999999900 ) ) ;
#2919 = CARTESIAN_POINT ( 'NONE',  ( 1.250000000000000200, 111.5147186257614300, 8.485281374238582000 ) ) ;
#2920 = CIRCLE ( 'NONE', #2779, 2.025000000000001700 ) ;
#2921 = CARTESIAN_POINT ( 'NONE',  ( -1.249999999999999800, 0.0000000000000000000, -2.024999999999999900 ) ) ;
#2922 = AXIS2_PLACEMENT_3D ( 'NONE', #801, #768, #6631 ) ;
#2923 = EDGE_LOOP ( 'NONE', ( #5850, #5631, #6559, #956 ) ) ;
#2924 = ORIENTED_EDGE ( 'NONE', *, *, #4023, .F. ) ;
#2925 = LINE ( 'NONE', #4606, #1523 ) ;
#2926 = EDGE_CURVE ( 'NONE', #2525, #2281, #1351, .T. ) ;
#2927 = CARTESIAN_POINT ( 'NONE',  ( -1.249999999999999800, 104.4852813742385800, -8.485281374238564200 ) ) ;
#2928 = LINE ( 'NONE', #1819, #1524 ) ;
#2929 = DIRECTION ( 'NONE',  ( 1.000000000000000000, 0.0000000000000000000, 0.0000000000000000000 ) ) ;
#2930 = CARTESIAN_POINT ( 'NONE',  ( 6.749999999999989300, 40.00000000000000700, 16.00000000000000400 ) ) ;
#2931 = ORIENTED_EDGE ( 'NONE', *, *, #3972, .F. ) ;
#2932 = CYLINDRICAL_SURFACE ( 'NONE', #2022, 2.024999999999998100 ) ;
#2933 = DIRECTION ( 'NONE',  ( 0.0000000000000000000, 0.0000000000000000000, -1.000000000000000000 ) ) ;
#2934 = CARTESIAN_POINT ( 'NONE',  ( 6.749999999999989300, 80.00000000000001400, 16.00000000000000400 ) ) ;
#2935 = AXIS2_PLACEMENT_3D ( 'NONE', #2437, #3419, #228 ) ;
#2936 = DIRECTION ( 'NONE',  ( 1.000000000000000000, -0.0000000000000000000, -0.0000000000000000000 ) ) ;
#2937 = FACE_OUTER_BOUND ( 'NONE', #4369, .T. ) ;
#2938 = DIRECTION ( 'NONE',  ( 0.0000000000000000000, 0.0000000000000000000, -1.000000000000000000 ) ) ;
#2939 = CARTESIAN_POINT ( 'NONE',  ( -1.249999999999999800, 88.94660985766421400, -9.917172606141322800 ) ) ;
#2940 = VECTOR ( 'NONE', #1554, 1000.000000000000000 ) ;
#2941 = ORIENTED_EDGE ( 'NONE', *, *, #6689, .T. ) ;
#2942 = EDGE_LOOP ( 'NONE', ( #1686, #3225 ) ) ;
#2943 = CARTESIAN_POINT ( 'NONE',  ( 6.749999999999989300, 56.00000000000000700, 16.00000000000000400 ) ) ;
#2944 = ORIENTED_EDGE ( 'NONE', *, *, #2963, .T. ) ;
#2945 = CIRCLE ( 'NONE', #244, 2.024999999999997200 ) ;
#2946 = VECTOR ( 'NONE', #479, 1000.000000000000000 ) ;
#2947 = DIRECTION ( 'NONE',  ( 0.0000000000000000000, 0.0000000000000000000, -1.000000000000000000 ) ) ;
#2948 = FACE_BOUND ( 'NONE', #6645, .T. ) ;
#2949 = ORIENTED_EDGE ( 'NONE', *, *, #5500, .F. ) ;
#2950 = DIRECTION ( 'NONE',  ( 0.0000000000000000000, 0.0000000000000000000, -1.000000000000000000 ) ) ;
#2951 = VERTEX_POINT ( 'NONE', #2160 ) ;
#2952 = ADVANCED_FACE ( 'NONE', ( #5863 ), #2744, .F. ) ;
#2953 = EDGE_CURVE ( 'NONE', #6323, #2842, #4778, .T. ) ;
#2954 = LINE ( 'NONE', #358, #3546 ) ;
#2955 = FACE_OUTER_BOUND ( 'NONE', #4847, .T. ) ;
#2956 = CIRCLE ( 'NONE', #2788, 2.024999999999998100 ) ;
#2957 = DIRECTION ( 'NONE',  ( 0.0000000000000000000, -0.7071067811865450200, 0.7071067811865501300 ) ) ;
#2958 = ORIENTED_EDGE ( 'NONE', *, *, #3054, .T. ) ;
#2959 = VECTOR ( 'NONE', #3151, 1000.000000000000000 ) ;
#2960 = ORIENTED_EDGE ( 'NONE', *, *, #6604, .T. ) ;
#2961 = CARTESIAN_POINT ( 'NONE',  ( -1.250000000000001100, 9.431891231902763900, -6.568108768097239600 ) ) ;
#2962 = AXIS2_PLACEMENT_3D ( 'NONE', #4169, #384, #2988 ) ;
#2963 = EDGE_CURVE ( 'NONE', #5061, #5862, #4278, .T. ) ;
#2964 = FACE_BOUND ( 'NONE', #3673, .T. ) ;
#2965 = CARTESIAN_POINT ( 'NONE',  ( 1.250000000000000200, 31.05339014233581100, 9.917172606141324600 ) ) ;
#2966 = EDGE_LOOP ( 'NONE', ( #5948, #346, #696, #5879, #3591 ) ) ;
#2967 = CARTESIAN_POINT ( 'NONE',  ( 6.749999999999989300, 88.00000000000002800, 16.00000000000000400 ) ) ;
#2968 = EDGE_LOOP ( 'NONE', ( #1929, #2783, #3572, #192 ) ) ;
#2969 = CARTESIAN_POINT ( 'NONE',  ( 1.250000000000000200, 107.3137084989847800, 0.0000000000000000000 ) ) ;
#2970 = DIRECTION ( 'NONE',  ( 0.0000000000000000000, 0.0000000000000000000, -1.000000000000000000 ) ) ;
#2971 = DIRECTION ( 'NONE',  ( 3.652049423109066300E-016, -0.0000000000000000000, -1.000000000000000000 ) ) ;
#2972 = LINE ( 'NONE', #5487, #6376 ) ;
#2973 = AXIS2_PLACEMENT_3D ( 'NONE', #2967, #765, #6628 ) ;
#2974 = VERTEX_POINT ( 'NONE', #543 ) ;
#2975 = CARTESIAN_POINT ( 'NONE',  ( -1.249999999999999800, 72.00000000000001400, 2.024999999999999900 ) ) ;
#2976 = ORIENTED_EDGE ( 'NONE', *, *, #3805, .T. ) ;
#2977 = CARTESIAN_POINT ( 'NONE',  ( 1.250000000000000200, 60.68629150101524100, 2.024999999999999900 ) ) ;
#2978 = CARTESIAN_POINT ( 'NONE',  ( 6.749999999999989300, 24.00000000000000700, 16.00000000000000400 ) ) ;
#2979 = EDGE_CURVE ( 'NONE', #2438, #1940, #3608, .T. ) ;
#2980 = DIRECTION ( 'NONE',  ( 0.0000000000000000000, 0.0000000000000000000, -1.000000000000000000 ) ) ;
#2981 = ORIENTED_EDGE ( 'NONE', *, *, #1657, .T. ) ;
#2982 = AXIS2_PLACEMENT_3D ( 'NONE', #5660, #2431, #5156 ) ;
#2983 = ORIENTED_EDGE ( 'NONE', *, *, #5493, .F. ) ;
#2984 = ADVANCED_FACE ( 'NONE', ( #5177 ), #6182, .F. ) ;
#2985 = DIRECTION ( 'NONE',  ( 3.652049423109066300E-016, -0.0000000000000000000, -1.000000000000000000 ) ) ;
#2986 = CARTESIAN_POINT ( 'NONE',  ( -1.249999999999999800, 11.31370849898475900, 0.0000000000000000000 ) ) ;
#2987 = CIRCLE ( 'NONE', #477, 6.999999999999999100 ) ;
#2988 = DIRECTION ( 'NONE',  ( 0.0000000000000000000, 0.0000000000000000000, -1.000000000000000000 ) ) ;
#2989 = EDGE_CURVE ( 'NONE', #3438, #5423, #5351, .T. ) ;
#2990 = AXIS2_PLACEMENT_3D ( 'NONE', #4346, #3317, #3769 ) ;
#2991 = DIRECTION ( 'NONE',  ( -1.000000000000000000, 0.0000000000000000000, -0.0000000000000000000 ) ) ;
#2992 = DIRECTION ( 'NONE',  ( 0.0000000000000000000, -0.7071067811865487900, 0.7071067811865463500 ) ) ;
#2993 = VERTEX_POINT ( 'NONE', #3930 ) ;
#2994 = LINE ( 'NONE', #2436, #5919 ) ;
#2996 = EDGE_CURVE ( 'NONE', #4466, #2717, #3788, .T. ) ;
#2995 = FACE_OUTER_BOUND ( 'NONE', #4631, .T. ) ;
#2997 = VERTEX_POINT ( 'NONE', #3391 ) ;
#2998 = ORIENTED_EDGE ( 'NONE', *, *, #4932, .F. ) ;
#2999 = CARTESIAN_POINT ( 'NONE',  ( 6.749999999999989300, 16.00000000000000700, 16.00000000000000400 ) ) ;
#3000 = VECTOR ( 'NONE', #2227, 999.9999999999998900 ) ;
#3001 = LINE ( 'NONE', #1794, #3427 ) ;
#3002 = CARTESIAN_POINT ( 'NONE',  ( 4.725000000000003200, 80.00000000000001400, -15.99999999999999600 ) ) ;
#3003 = AXIS2_PLACEMENT_3D ( 'NONE', #6758, #2483, #3011 ) ;
#3004 = ORIENTED_EDGE ( 'NONE', *, *, #4303, .F. ) ;
#3005 = ORIENTED_EDGE ( 'NONE', *, *, #638, .T. ) ;
#3006 = DIRECTION ( 'NONE',  ( 0.0000000000000000000, 0.7071067811865505700, -0.7071067811865444600 ) ) ;
#3007 = VECTOR ( 'NONE', #6028, 1000.000000000000000 ) ;
#3008 = DIRECTION ( 'NONE',  ( -1.000000000000000000, 0.0000000000000000000, 0.0000000000000000000 ) ) ;
#3009 = VERTEX_POINT ( 'NONE', #2282 ) ;
#3010 = VERTEX_POINT ( 'NONE', #3956 ) ;
#3011 = DIRECTION ( 'NONE',  ( -1.000000000000000000, 0.0000000000000000000, 0.0000000000000000000 ) ) ;
#3012 = CARTESIAN_POINT ( 'NONE',  ( 4.725000000000001400, 8.000000000000007100, -13.50000000000000200 ) ) ;
#3013 = CYLINDRICAL_SURFACE ( 'NONE', #2111, 2.025000000000000800 ) ;
#3014 = ADVANCED_FACE ( 'NONE', ( #3356 ), #4386, .T. ) ;
#3015 = CIRCLE ( 'NONE', #5466, 2.024999999999990100 ) ;
#3016 = VECTOR ( 'NONE', #3186, 1000.000000000000000 ) ;
#3017 = ORIENTED_EDGE ( 'NONE', *, *, #6473, .F. ) ;
#3018 = ORIENTED_EDGE ( 'NONE', *, *, #6593, .F. ) ;
#3019 = EDGE_CURVE ( 'NONE', #2419, #4246, #592, .T. ) ;
#3020 = ORIENTED_EDGE ( 'NONE', *, *, #1121, .F. ) ;
#3021 = VECTOR ( 'NONE', #1492, 1000.000000000000000 ) ;
#3022 = CARTESIAN_POINT ( 'NONE',  ( 1.250000000000000200, 79.99999999999998600, 8.000000000000000000 ) ) ;
#3023 = VECTOR ( 'NONE', #723, 1000.000000000000000 ) ;
#3024 = CIRCLE ( 'NONE', #3667, 2.024999999999998100 ) ;
#3025 = VECTOR ( 'NONE', #3060, 1000.000000000000000 ) ;
#3026 = ORIENTED_EDGE ( 'NONE', *, *, #6902, .F. ) ;
#3027 = ORIENTED_EDGE ( 'NONE', *, *, #4258, .T. ) ;
#3028 = ORIENTED_EDGE ( 'NONE', *, *, #541, .T. ) ;
#3029 = CARTESIAN_POINT ( 'NONE',  ( 1.250000000000000200, 79.99999999999998600, 8.000000000000000000 ) ) ;
#3030 = EDGE_CURVE ( 'NONE', #6130, #2993, #6097, .T. ) ;
#3031 = AXIS2_PLACEMENT_3D ( 'NONE', #1010, #1040, #3706 ) ;
#3032 = LINE ( 'NONE', #3917, #6363 ) ;
#3033 = CARTESIAN_POINT ( 'NONE',  ( -1.249999999999999800, 72.00000000000001400, 6.999999999999999100 ) ) ;
#3034 = DIRECTION ( 'NONE',  ( 3.652049423109066300E-016, -0.0000000000000000000, -1.000000000000000000 ) ) ;
#3035 = LINE ( 'NONE', #6485, #5720 ) ;
#3036 = CARTESIAN_POINT ( 'NONE',  ( 1.250000000000000200, 89.43189123190276700, 9.431891231902762100 ) ) ;
#3037 = CARTESIAN_POINT ( 'NONE',  ( -1.249999999999999800, 34.56810876809729600, -10.56810876809726100 ) ) ;
#3038 = VECTOR ( 'NONE', #5634, 1000.000000000000000 ) ;
#3039 = ORIENTED_EDGE ( 'NONE', *, *, #2547, .T. ) ;
#3040 = ORIENTED_EDGE ( 'NONE', *, *, #4541, .T. ) ;
#3041 = FACE_BOUND ( 'NONE', #4807, .T. ) ;
#3042 = EDGE_LOOP ( 'NONE', ( #283, #5479, #4793, #6256 ) ) ;
#3043 = CARTESIAN_POINT ( 'NONE',  ( -1.249999999999999800, 83.31370849898475200, 0.0000000000000000000 ) ) ;
#3044 = CIRCLE ( 'NONE', #3120, 2.025000000000000800 ) ;
#3045 = CARTESIAN_POINT ( 'NONE',  ( -1.249999999999999800, 64.94660985766418500, 9.917172606141328100 ) ) ;
#3046 = DIRECTION ( 'NONE',  ( 1.000000000000000000, -0.0000000000000000000, -0.0000000000000000000 ) ) ;
#3047 = EDGE_CURVE ( 'NONE', #4846, #1207, #751, .T. ) ;
#3048 = EDGE_LOOP ( 'NONE', ( #899, #524, #6669, #2594 ) ) ;
#3049 = EDGE_CURVE ( 'NONE', #100, #438, #4453, .T. ) ;
#3050 = DIRECTION ( 'NONE',  ( -1.387778780781447500E-015, 0.0000000000000000000, 1.000000000000000000 ) ) ;
#3051 = ORIENTED_EDGE ( 'NONE', *, *, #2042, .F. ) ;
#3052 = AXIS2_PLACEMENT_3D ( 'NONE', #3057, #5142, #4145 ) ;
#3053 = ORIENTED_EDGE ( 'NONE', *, *, #4323, .F. ) ;
#3054 = EDGE_CURVE ( 'NONE', #793, #6650, #4864, .T. ) ;
#3055 = ADVANCED_FACE ( 'NONE', ( #1688 ), #5029, .F. ) ;
#3056 = DIRECTION ( 'NONE',  ( 1.000000000000000000, -0.0000000000000000000, -0.0000000000000000000 ) ) ;
#3057 = CARTESIAN_POINT ( 'NONE',  ( 6.750000000000000000, 88.00000000000002800, -13.50000000000000200 ) ) ;
#3058 = ORIENTED_EDGE ( 'NONE', *, *, #2587, .T. ) ;
#3059 = CARTESIAN_POINT ( 'NONE',  ( -1.250000000000001100, 8.000000000000000000, 7.999999999999996400 ) ) ;
#3060 = DIRECTION ( 'NONE',  ( -0.0000000000000000000, -1.000000000000000000, -0.0000000000000000000 ) ) ;
#3061 = AXIS2_PLACEMENT_3D ( 'NONE', #2538, #4672, #6266 ) ;
#3062 = VERTEX_POINT ( 'NONE', #5559 ) ;
#3063 = DIRECTION ( 'NONE',  ( 0.0000000000000000000, 0.0000000000000000000, -1.000000000000000000 ) ) ;
#3064 = CYLINDRICAL_SURFACE ( 'NONE', #1112, 2.024999999999999900 ) ;
#3065 = EDGE_CURVE ( 'NONE', #190, #2525, #506, .T. ) ;
#3066 = DIRECTION ( 'NONE',  ( 1.000000000000000000, -0.0000000000000000000, 0.0000000000000000000 ) ) ;
#3067 = VECTOR ( 'NONE', #6018, 999.9999999999998900 ) ;
#3068 = ORIENTED_EDGE ( 'NONE', *, *, #5195, .F. ) ;
#3069 = CARTESIAN_POINT ( 'NONE',  ( 6.749999999999989300, 24.00000000000000700, 16.00000000000000400 ) ) ;
#3070 = CARTESIAN_POINT ( 'NONE',  ( 6.749999999999989300, 80.00000000000001400, 16.00000000000000400 ) ) ;
#3071 = CARTESIAN_POINT ( 'NONE',  ( -1.249999999999999800, 110.0828273938587100, -7.053390142335795900 ) ) ;
#3072 = AXIS2_PLACEMENT_3D ( 'NONE', #748, #6642, #6092 ) ;
#3073 = CIRCLE ( 'NONE', #938, 2.024999999999997200 ) ;
#3074 = EDGE_LOOP ( 'NONE', ( #2158, #4689, #2612, #1621 ) ) ;
#3075 = DIRECTION ( 'NONE',  ( 0.0000000000000000000, -0.7071067811865412400, 0.7071067811865537900 ) ) ;
#3076 = DIRECTION ( 'NONE',  ( 0.0000000000000000000, 0.7071067811865424700, -0.7071067811865526800 ) ) ;
#3077 = CARTESIAN_POINT ( 'NONE',  ( 6.749999999999990200, 104.0000000000000100, 13.50000000000000000 ) ) ;
#3078 = FACE_OUTER_BOUND ( 'NONE', #4420, .T. ) ;
#3079 = CARTESIAN_POINT ( 'NONE',  ( -1.249999999999999800, 56.48528137423857500, -10.51028137423856800 ) ) ;
#3080 = EDGE_LOOP ( 'NONE', ( #446, #1777, #4629, #2209 ) ) ;
#3081 = EDGE_CURVE ( 'NONE', #2717, #88, #1858, .T. ) ;
#3082 = CARTESIAN_POINT ( 'NONE',  ( 1.250000000000000200, 62.08282739385867200, 7.053390142335810100 ) ) ;
#3083 = FACE_OUTER_BOUND ( 'NONE', #3784, .T. ) ;
#3084 =( NAMED_UNIT ( * ) SI_UNIT ( $, .STERADIAN. ) SOLID_ANGLE_UNIT ( ) );
#3085 = CARTESIAN_POINT ( 'NONE',  ( 6.749999999999989300, 96.00000000000000000, 16.00000000000000400 ) ) ;
#3086 = VECTOR ( 'NONE', #1161, 1000.000000000000000 ) ;
#3087 = VERTEX_POINT ( 'NONE', #4518 ) ;
#3088 = VECTOR ( 'NONE', #4016, 1000.000000000000000 ) ;
#3089 = CARTESIAN_POINT ( 'NONE',  ( -1.249999999999999800, 55.99999999999999300, 8.000000000000000000 ) ) ;
#3090 = ORIENTED_EDGE ( 'NONE', *, *, #6668, .T. ) ;
#3091 = ORIENTED_EDGE ( 'NONE', *, *, #2406, .F. ) ;
#3092 = AXIS2_PLACEMENT_3D ( 'NONE', #3029, #3502, #5091 ) ;
#3093 = EDGE_CURVE ( 'NONE', #4182, #4620, #1931, .T. ) ;
#3094 = DIRECTION ( 'NONE',  ( 0.0000000000000000000, 0.0000000000000000000, -1.000000000000000000 ) ) ;
#3095 = FACE_OUTER_BOUND ( 'NONE', #6782, .T. ) ;
#3096 = CARTESIAN_POINT ( 'NONE',  ( -1.249999999999999800, 38.56810876809724700, -6.568108768097241400 ) ) ;
#3097 = DIRECTION ( 'NONE',  ( 1.000000000000000000, -0.0000000000000000000, -0.0000000000000000000 ) ) ;
#3098 = CARTESIAN_POINT ( 'NONE',  ( -46.75000000000000000, 8.485281374238571300, -8.485281374238566000 ) ) ;
#3099 = ADVANCED_FACE ( 'NONE', ( #1440 ), #1390, .T. ) ;
#3100 = VECTOR ( 'NONE', #3676, 1000.000000000000000 ) ;
#3101 = ORIENTED_EDGE ( 'NONE', *, *, #2117, .F. ) ;
#3102 = ORIENTED_EDGE ( 'NONE', *, *, #5692, .F. ) ;
#3103 = LINE ( 'NONE', #6843, #269 ) ;
#3104 = CIRCLE ( 'NONE', #2584, 2.024999999999998100 ) ;
#3105 = AXIS2_PLACEMENT_3D ( 'NONE', #6320, #6364, #3177 ) ;
#3106 = DIRECTION ( 'NONE',  ( 0.0000000000000000000, 0.0000000000000000000, -1.000000000000000000 ) ) ;
#3107 = ORIENTED_EDGE ( 'NONE', *, *, #3641, .F. ) ;
#3108 = CARTESIAN_POINT ( 'NONE',  ( -1.249999999999999800, 55.05339014233580700, 9.917172606141322800 ) ) ;
#3109 = EDGE_LOOP ( 'NONE', ( #5299, #631, #6189, #4808 ) ) ;
#3110 = FACE_OUTER_BOUND ( 'NONE', #933, .T. ) ;
#3111 = EDGE_CURVE ( 'NONE', #4475, #6367, #1269, .T. ) ;
#3112 = CIRCLE ( 'NONE', #1423, 2.024999999999997200 ) ;
#3113 = CARTESIAN_POINT ( 'NONE',  ( 1.250000000000000200, 88.00000000000002800, -7.999999999999996400 ) ) ;
#3114 = CARTESIAN_POINT ( 'NONE',  ( 6.749999999999989300, 88.00000000000002800, 16.00000000000000400 ) ) ;
#3115 = ORIENTED_EDGE ( 'NONE', *, *, #4114, .T. ) ;
#3116 = ORIENTED_EDGE ( 'NONE', *, *, #5211, .F. ) ;
#3117 = CARTESIAN_POINT ( 'NONE',  ( 8.774999999999998600, 48.00000000000000700, -13.50000000000000200 ) ) ;
#3118 = CARTESIAN_POINT ( 'NONE',  ( -1.249999999999999800, 30.56810876809724300, -9.431891231902755000 ) ) ;
#3119 = CIRCLE ( 'NONE', #595, 2.024999999999997200 ) ;
#3120 = AXIS2_PLACEMENT_3D ( 'NONE', #2833, #267, #5095 ) ;
#3121 = AXIS2_PLACEMENT_3D ( 'NONE', #4578, #4037, #823 ) ;
#3122 = ORIENTED_EDGE ( 'NONE', *, *, #3184, .T. ) ;
#3123 = DIRECTION ( 'NONE',  ( 1.000000000000000000, -0.0000000000000000000, 0.0000000000000000000 ) ) ;
#3124 = PLANE ( 'NONE',  #6414 ) ;
#3125 = EDGE_LOOP ( 'NONE', ( #394, #330, #6250, #6516 ) ) ;
#3126 = FACE_OUTER_BOUND ( 'NONE', #4440, .T. ) ;
#3127 = CARTESIAN_POINT ( 'NONE',  ( -1.249999999999999800, 24.00000000000000000, 0.0000000000000000000 ) ) ;
#3128 = CIRCLE ( 'NONE', #1907, 2.024999999999990100 ) ;
#3129 = ADVANCED_FACE ( 'NONE', ( #6020 ), #3013, .F. ) ;
#3130 = EDGE_LOOP ( 'NONE', ( #6626, #4355 ) ) ;
#3131 = EDGE_CURVE ( 'NONE', #661, #413, #3187, .T. ) ;
#3132 = AXIS2_PLACEMENT_3D ( 'NONE', #2329, #5514, #3476 ) ;
#3133 = CARTESIAN_POINT ( 'NONE',  ( -46.75000000000000000, 61.43189123190294500, -61.43189123190273200 ) ) ;
#3134 = ORIENTED_EDGE ( 'NONE', *, *, #6761, .F. ) ;
#3135 = CARTESIAN_POINT ( 'NONE',  ( 1.250000000000000200, 104.0000000000000100, -7.999999999999994700 ) ) ;
#3136 = CARTESIAN_POINT ( 'NONE',  ( 1.250000000000000200, 16.00000000000000000, 5.974999999999997900 ) ) ;
#3137 = ORIENTED_EDGE ( 'NONE', *, *, #1670, .F. ) ;
#3138 = ADVANCED_FACE ( 'NONE', ( #353 ), #2337, .F. ) ;
#3139 = CARTESIAN_POINT ( 'NONE',  ( -1.249999999999999800, 40.00000000000000700, -7.999999999999996400 ) ) ;
#3140 = ORIENTED_EDGE ( 'NONE', *, *, #1380, .T. ) ;
#3141 = DIRECTION ( 'NONE',  ( -1.000000000000000000, 0.0000000000000000000, -0.0000000000000000000 ) ) ;
#3142 = CARTESIAN_POINT ( 'NONE',  ( -1.249999999999999800, 16.00000000000000000, 5.974999999999997900 ) ) ;
#3143 = EDGE_CURVE ( 'NONE', #1339, #2419, #18, .T. ) ;
#3144 = ORIENTED_EDGE ( 'NONE', *, *, #1038, .F. ) ;
#3145 = CARTESIAN_POINT ( 'NONE',  ( -1.249999999999999800, 48.00000000000000000, 0.0000000000000000000 ) ) ;
#3146 = DIRECTION ( 'NONE',  ( 3.652049423109066300E-016, -0.0000000000000000000, -1.000000000000000000 ) ) ;
#3147 = FACE_BOUND ( 'NONE', #3262, .T. ) ;
#3148 = AXIS2_PLACEMENT_3D ( 'NONE', #5009, #4968, #6612 ) ;
#3149 = VECTOR ( 'NONE', #5006, 1000.000000000000000 ) ;
#3150 = DIRECTION ( 'NONE',  ( 0.0000000000000000000, 0.0000000000000000000, -1.000000000000000000 ) ) ;
#3151 = DIRECTION ( 'NONE',  ( 3.652049423109066300E-016, -0.0000000000000000000, -1.000000000000000000 ) ) ;
#3152 = DIRECTION ( 'NONE',  ( 0.0000000000000000000, 1.000000000000000000, -0.0000000000000000000 ) ) ;
#3153 = ORIENTED_EDGE ( 'NONE', *, *, #6060, .F. ) ;
#3154 = CARTESIAN_POINT ( 'NONE',  ( 8.774999999999987900, 96.00000000000000000, 16.00000000000000400 ) ) ;
#3155 = LINE ( 'NONE', #4305, #4173 ) ;
#3156 = CARTESIAN_POINT ( 'NONE',  ( 1.250000000000000200, 61.43189123190266800, 13.43189123190281200 ) ) ;
#3157 = EDGE_CURVE ( 'NONE', #1265, #2046, #2168, .T. ) ;
#3158 = DIRECTION ( 'NONE',  ( -1.000000000000000000, 0.0000000000000000000, 0.0000000000000000000 ) ) ;
#3159 = DIRECTION ( 'NONE',  ( 0.0000000000000000000, 0.0000000000000000000, -1.000000000000000000 ) ) ;
#3160 = CIRCLE ( 'NONE', #582, 2.024999999999990100 ) ;
#3161 = ORIENTED_EDGE ( 'NONE', *, *, #6913, .F. ) ;
#3162 = DIRECTION ( 'NONE',  ( 1.000000000000000000, 0.0000000000000000000, 0.0000000000000000000 ) ) ;
#3163 = ADVANCED_FACE ( 'NONE', ( #6784 ), #4534, .F. ) ;
#3164 = AXIS2_PLACEMENT_3D ( 'NONE', #5144, #5050, #6205 ) ;
#3165 = CIRCLE ( 'NONE', #689, 2.025000000000004400 ) ;
#3166 = LINE ( 'NONE', #1817, #5495 ) ;
#3167 = VERTEX_POINT ( 'NONE', #5765 ) ;
#3168 = CARTESIAN_POINT ( 'NONE',  ( 6.749999999999989300, 96.00000000000000000, 16.00000000000000400 ) ) ;
#3169 = ORIENTED_EDGE ( 'NONE', *, *, #5699, .T. ) ;
#3170 = CARTESIAN_POINT ( 'NONE',  ( 4.724999999999991700, 40.00000000000000700, 16.00000000000000400 ) ) ;
#3171 = CIRCLE ( 'NONE', #5560, 2.024999999999998100 ) ;
#3172 = EDGE_CURVE ( 'NONE', #968, #1012, #4614, .T. ) ;
#3173 = EDGE_CURVE ( 'NONE', #6448, #2341, #3103, .T. ) ;
#3174 = CARTESIAN_POINT ( 'NONE',  ( 1.250000000000000200, 110.5681087680972500, -6.568108768097241400 ) ) ;
#3175 = EDGE_LOOP ( 'NONE', ( #5397, #5817 ) ) ;
#3176 = ORIENTED_EDGE ( 'NONE', *, *, #1835, .F. ) ;
#3177 = DIRECTION ( 'NONE',  ( 0.0000000000000000000, 0.0000000000000000000, -1.000000000000000000 ) ) ;
#3178 = CARTESIAN_POINT ( 'NONE',  ( 1.250000000000000200, 59.31370849898476600, -2.024999999999999900 ) ) ;
#3179 = VECTOR ( 'NONE', #5829, 1000.000000000000000 ) ;
#3180 = FACE_OUTER_BOUND ( 'NONE', #5504, .T. ) ;
#3181 = AXIS2_PLACEMENT_3D ( 'NONE', #2883, #6630, #5607 ) ;
#3182 = EDGE_LOOP ( 'NONE', ( #2216, #1553, #4619, #3392 ) ) ;
#3183 = ORIENTED_EDGE ( 'NONE', *, *, #2536, .T. ) ;
#3184 = EDGE_CURVE ( 'NONE', #2917, #3717, #5773, .T. ) ;
#3185 = PLANE ( 'NONE',  #2867 ) ;
#3186 = DIRECTION ( 'NONE',  ( 1.000000000000000000, -0.0000000000000000000, -0.0000000000000000000 ) ) ;
#3187 = CIRCLE ( 'NONE', #2973, 2.024999999999998100 ) ;
#3188 = CARTESIAN_POINT ( 'NONE',  ( -1.249999999999999800, 33.91717260614131400, 7.053390142335818100 ) ) ;
#3189 = DIRECTION ( 'NONE',  ( 0.0000000000000000000, 0.0000000000000000000, -1.000000000000000000 ) ) ;
#3190 = ORIENTED_EDGE ( 'NONE', *, *, #6308, .T. ) ;
#3191 = ORIENTED_EDGE ( 'NONE', *, *, #6770, .F. ) ;
#3192 = ORIENTED_EDGE ( 'NONE', *, *, #2317, .F. ) ;
#3193 = CIRCLE ( 'NONE', #4320, 2.025000000000002600 ) ;
#3194 = CARTESIAN_POINT ( 'NONE',  ( -1.249999999999999800, 40.00000000000000000, 5.974999999999997900 ) ) ;
#3195 = AXIS2_PLACEMENT_3D ( 'NONE', #2896, #4423, #5016 ) ;
#3196 = CARTESIAN_POINT ( 'NONE',  ( 6.749999999999989300, 24.00000000000000700, 16.00000000000000400 ) ) ;
#3197 = CYLINDRICAL_SURFACE ( 'NONE', #6815, 2.024999999999998100 ) ;
#3198 = LINE ( 'NONE', #6693, #2014 ) ;
#3199 = CARTESIAN_POINT ( 'NONE',  ( 6.749999999999989300, 104.0000000000000100, 16.00000000000000400 ) ) ;
#3200 = DIRECTION ( 'NONE',  ( 1.000000000000000000, -0.0000000000000000000, -0.0000000000000000000 ) ) ;
#3201 = ORIENTED_EDGE ( 'NONE', *, *, #3030, .F. ) ;
#3202 = CALENDAR_DATE ( 2022, 26, 4 ) ;
#3203 = ORIENTED_EDGE ( 'NONE', *, *, #4153, .T. ) ;
#3204 = EDGE_CURVE ( 'NONE', #222, #2997, #2925, .T. ) ;
#3205 = ORIENTED_EDGE ( 'NONE', *, *, #2520, .T. ) ;
#3206 = ADVANCED_FACE ( 'NONE', ( #4690 ), #1763, .F. ) ;
#3207 = CIRCLE ( 'NONE', #3398, 2.024999999999998100 ) ;
#3208 = CARTESIAN_POINT ( 'NONE',  ( -1.249999999999999800, 87.51471862576143200, 8.485281374238569500 ) ) ;
#3209 = LINE ( 'NONE', #1300, #372 ) ;
#3210 = LINE ( 'NONE', #4059, #6031 ) ;
#3211 = ORIENTED_EDGE ( 'NONE', *, *, #6473, .T. ) ;
#3212 = ORIENTED_EDGE ( 'NONE', *, *, #230, .T. ) ;
#3213 = VECTOR ( 'NONE', #1685, 1000.000000000000000 ) ;
#3214 = EDGE_LOOP ( 'NONE', ( #5089, #3404, #1505, #4033 ) ) ;
#3215 = AXIS2_PLACEMENT_3D ( 'NONE', #3855, #1724, #619 ) ;
#3216 = VECTOR ( 'NONE', #796, 1000.000000000000000 ) ;
#3217 = PLANE ( 'NONE',  #3716 ) ;
#3218 = ORIENTED_EDGE ( 'NONE', *, *, #5910, .F. ) ;
#3219 = DIRECTION ( 'NONE',  ( 0.0000000000000000000, -0.7071067811865487900, -0.7071067811865463500 ) ) ;
#3220 = DIRECTION ( 'NONE',  ( 0.0000000000000000000, 0.0000000000000000000, -1.000000000000000000 ) ) ;
#3221 = EDGE_CURVE ( 'NONE', #4475, #5267, #5105, .T. ) ;
#3222 = APPROVAL ( #877, 'UNSPECIFIED' ) ;
#3223 = CARTESIAN_POINT ( 'NONE',  ( 1.250000000000000200, 83.31370849898475200, -2.024999999999999900 ) ) ;
#3224 = DIRECTION ( 'NONE',  ( 0.0000000000000000000, 0.0000000000000000000, -1.000000000000000000 ) ) ;
#3225 = ORIENTED_EDGE ( 'NONE', *, *, #1645, .F. ) ;
#3226 = DIRECTION ( 'NONE',  ( 1.000000000000000000, -0.0000000000000000000, -0.0000000000000000000 ) ) ;
#3227 = DIRECTION ( 'NONE',  ( 0.0000000000000000000, 0.7071067811865424700, -0.7071067811865526800 ) ) ;
#3228 = EDGE_LOOP ( 'NONE', ( #5169, #6541, #4326, #567 ) ) ;
#3229 = VERTEX_POINT ( 'NONE', #6227 ) ;
#3230 = CARTESIAN_POINT ( 'NONE',  ( 1.250000000000000200, 32.48528137423857500, -8.485281374238564200 ) ) ;
#3231 = CARTESIAN_POINT ( 'NONE',  ( -1.249999999999999800, 62.08282739385868600, -7.053390142335805600 ) ) ;
#3232 = AXIS2_PLACEMENT_3D ( 'NONE', #1104, #6502, #2230 ) ;
#3233 = EDGE_CURVE ( 'NONE', #177, #2343, #4944, .T. ) ;
#3234 = DIRECTION ( 'NONE',  ( 0.0000000000000000000, -0.7071067811865463500, -0.7071067811865487900 ) ) ;
#3235 = LINE ( 'NONE', #6366, #5905 ) ;
#3236 = ORIENTED_EDGE ( 'NONE', *, *, #5468, .T. ) ;
#3237 = CARTESIAN_POINT ( 'NONE',  ( -1.249999999999999800, 36.68629150101524100, -2.024999999999999900 ) ) ;
#3238 = CARTESIAN_POINT ( 'NONE',  ( 8.774999999999998600, 16.00000000000000700, -15.99999999999999600 ) ) ;
#3239 = DIRECTION ( 'NONE',  ( 1.000000000000000000, -0.0000000000000000000, -0.0000000000000000000 ) ) ;
#3240 = CARTESIAN_POINT ( 'NONE',  ( -1.249999999999999800, 104.4852813742385800, -10.51028137423856800 ) ) ;
#3241 = ADVANCED_FACE ( 'NONE', ( #1598 ), #1186, .F. ) ;
#3242 = AXIS2_PLACEMENT_3D ( 'NONE', #116, #4879, #2292 ) ;
#3243 = ORIENTED_EDGE ( 'NONE', *, *, #448, .F. ) ;
#3244 = EDGE_CURVE ( 'NONE', #3902, #2482, #348, .T. ) ;
#3245 = DIRECTION ( 'NONE',  ( 0.0000000000000000000, 0.7071067811865463500, 0.7071067811865487900 ) ) ;
#3246 = CARTESIAN_POINT ( 'NONE',  ( -1.249999999999999800, 48.00000000000000000, 0.0000000000000000000 ) ) ;
#3247 = CARTESIAN_POINT ( 'NONE',  ( 6.749999999999989300, 80.00000000000001400, 16.00000000000000400 ) ) ;
#3248 = FACE_OUTER_BOUND ( 'NONE', #4263, .T. ) ;
#3249 = CARTESIAN_POINT ( 'NONE',  ( 1.250000000000000200, 78.56810876809724700, 9.431891231902756800 ) ) ;
#3250 = EDGE_LOOP ( 'NONE', ( #5656, #2443, #4408, #4712 ) ) ;
#3251 = CARTESIAN_POINT ( 'NONE',  ( -1.249999999999999800, 48.00000000000000000, 2.024999999999999900 ) ) ;
#3252 = VECTOR ( 'NONE', #3537, 1000.000000000000000 ) ;
#3254 = CARTESIAN_POINT ( 'NONE',  ( -1.249999999999999800, 39.51471862576143900, -8.485281374238566000 ) ) ;
#3253 = CARTESIAN_POINT ( 'NONE',  ( -46.75000000000000000, 111.9999999999999900, 8.000000000000010700 ) ) ;
#3255 = ORIENTED_EDGE ( 'NONE', *, *, #6166, .T. ) ;
#3256 = ORIENTED_EDGE ( 'NONE', *, *, #4350, .F. ) ;
#3257 = CIRCLE ( 'NONE', #957, 2.025000000000004400 ) ;
#3258 = DIRECTION ( 'NONE',  ( 1.826024711554532900E-016, -0.0000000000000000000, 1.000000000000000000 ) ) ;
#3259 = CARTESIAN_POINT ( 'NONE',  ( 6.749999999999989300, 48.00000000000000700, 16.00000000000000400 ) ) ;
#3260 = EDGE_CURVE ( 'NONE', #1894, #6286, #180, .T. ) ;
#3261 = AXIS2_PLACEMENT_3D ( 'NONE', #2229, #5975, #575 ) ;
#3262 = EDGE_LOOP ( 'NONE', ( #6100, #6696, #2198, #3994, #6212 ) ) ;
#3263 = ORIENTED_EDGE ( 'NONE', *, *, #1916, .T. ) ;
#3264 = CARTESIAN_POINT ( 'NONE',  ( -1.249999999999999800, 48.00000000000000000, 0.0000000000000000000 ) ) ;
#3265 = CIRCLE ( 'NONE', #5785, 2.024999999999999900 ) ;
#3266 = DIRECTION ( 'NONE',  ( 0.0000000000000000000, 0.0000000000000000000, -1.000000000000000000 ) ) ;
#3267 = VECTOR ( 'NONE', #4749, 1000.000000000000000 ) ;
#3268 = DIRECTION ( 'NONE',  ( 3.652049423109066300E-016, 0.0000000000000000000, -1.000000000000000000 ) ) ;
#3269 = DIRECTION ( 'NONE',  ( 1.000000000000000000, -0.0000000000000000000, -0.0000000000000000000 ) ) ;
#3270 = ORIENTED_EDGE ( 'NONE', *, *, #1498, .F. ) ;
#3271 = ORIENTED_EDGE ( 'NONE', *, *, #6037, .T. ) ;
#3272 = VECTOR ( 'NONE', #6752, 1000.000000000000000 ) ;
#3273 = EDGE_CURVE ( 'NONE', #2915, #4495, #2253, .T. ) ;
#3274 = FACE_BOUND ( 'NONE', #944, .T. ) ;
#3275 = ADVANCED_FACE ( 'NONE', ( #668 ), #4609, .F. ) ;
#3276 = EDGE_CURVE ( 'NONE', #5685, #473, #1098, .T. ) ;
#3277 = DIRECTION ( 'NONE',  ( 0.0000000000000000000, 0.0000000000000000000, -1.000000000000000000 ) ) ;
#3278 = ORIENTED_EDGE ( 'NONE', *, *, #5618, .T. ) ;
#3279 = ORIENTED_EDGE ( 'NONE', *, *, #6403, .F. ) ;
#3280 = DIRECTION ( 'NONE',  ( 3.652049423109066300E-016, -0.0000000000000000000, -1.000000000000000000 ) ) ;
#3281 = DIRECTION ( 'NONE',  ( -1.000000000000000000, 0.0000000000000000000, 0.0000000000000000000 ) ) ;
#3282 = CARTESIAN_POINT ( 'NONE',  ( 1.250000000000000200, 10.56810876809746200, 10.56810876809731100 ) ) ;
#3283 = CIRCLE ( 'NONE', #497, 2.024999999999999000 ) ;
#3284 = CYLINDRICAL_SURFACE ( 'NONE', #3576, 2.025000000000000800 ) ;
#3285 = AXIS2_PLACEMENT_3D ( 'NONE', #5127, #4559, #1921 ) ;
#3286 = LINE ( 'NONE', #2115, #1117 ) ;
#3287 = EDGE_CURVE ( 'NONE', #2462, #4391, #10, .T. ) ;
#3288 = PLANE ( 'NONE',  #4653 ) ;
#3289 = ORIENTED_EDGE ( 'NONE', *, *, #374, .T. ) ;
#3290 = ORIENTED_EDGE ( 'NONE', *, *, #3276, .F. ) ;
#3291 = LINE ( 'NONE', #2395, #6354 ) ;
#3292 = DIRECTION ( 'NONE',  ( -1.826024711554532900E-016, 0.0000000000000000000, 1.000000000000000000 ) ) ;
#3293 = CYLINDRICAL_SURFACE ( 'NONE', #891, 2.024999999999999000 ) ;
#3294 = LINE ( 'NONE', #5485, #2451 ) ;
#3295 = CIRCLE ( 'NONE', #5845, 2.024999999999998100 ) ;
#3296 = VERTEX_POINT ( 'NONE', #1500 ) ;
#3297 = ORIENTED_EDGE ( 'NONE', *, *, #6390, .T. ) ;
#3298 = AXIS2_PLACEMENT_3D ( 'NONE', #2801, #3791, #4319 ) ;
#3299 = DIRECTION ( 'NONE',  ( 0.0000000000000000000, -0.7071067811865463500, -0.7071067811865487900 ) ) ;
#3300 = LINE ( 'NONE', #527, #2777 ) ;
#3301 = EDGE_CURVE ( 'NONE', #2603, #4495, #4106, .T. ) ;
#3302 = VERTEX_POINT ( 'NONE', #398 ) ;
#3303 = CARTESIAN_POINT ( 'NONE',  ( 4.725000000000001400, 96.00000000000000000, -13.50000000000000200 ) ) ;
#3304 = DIRECTION ( 'NONE',  ( 0.0000000000000000000, 0.0000000000000000000, -1.000000000000000000 ) ) ;
#3305 = DIRECTION ( 'NONE',  ( 3.652049423109066300E-016, -0.0000000000000000000, -1.000000000000000000 ) ) ;
#3306 = ORIENTED_EDGE ( 'NONE', *, *, #1847, .F. ) ;
#3307 = AXIS2_PLACEMENT_3D ( 'NONE', #2213, #5959, #6596 ) ;
#3308 = ORIENTED_EDGE ( 'NONE', *, *, #456, .T. ) ;
#3309 = DIRECTION ( 'NONE',  ( 1.000000000000000000, -0.0000000000000000000, -0.0000000000000000000 ) ) ;
#3310 = ADVANCED_FACE ( 'NONE', ( #1432 ), #746, .F. ) ;
#3311 = EDGE_LOOP ( 'NONE', ( #3415, #5523, #2501, #4497 ) ) ;
#3312 = EDGE_LOOP ( 'NONE', ( #1679, #4792, #3910, #6644 ) ) ;
#3313 = EDGE_CURVE ( 'NONE', #3371, #3911, #5342, .T. ) ;
#3314 = CARTESIAN_POINT ( 'NONE',  ( -1.249999999999999800, 32.48528137423857500, -8.485281374238564200 ) ) ;
#3315 = FACE_BOUND ( 'NONE', #1436, .T. ) ;
#3316 = EDGE_LOOP ( 'NONE', ( #2090, #2277 ) ) ;
#3317 = DIRECTION ( 'NONE',  ( -1.826024711554532900E-016, 0.0000000000000000000, 1.000000000000000000 ) ) ;
#3318 = DIRECTION ( 'NONE',  ( 1.000000000000000000, 0.0000000000000000000, 0.0000000000000000000 ) ) ;
#3319 = EDGE_LOOP ( 'NONE', ( #3605, #6157, #3122, #4074, #3270 ) ) ;
#3320 = CARTESIAN_POINT ( 'NONE',  ( -1.249999999999999800, 96.00000000000000000, 0.0000000000000000000 ) ) ;
#3321 = AXIS2_PLACEMENT_3D ( 'NONE', #392, #4650, #6794 ) ;
#3322 = CARTESIAN_POINT ( 'NONE',  ( -1.249999999999999800, 32.48528137423857500, -10.51028137423856800 ) ) ;
#3323 = CARTESIAN_POINT ( 'NONE',  ( 6.749999999999989300, 112.0000000000000100, 16.00000000000000400 ) ) ;
#3324 = ORIENTED_EDGE ( 'NONE', *, *, #3184, .F. ) ;
#3325 = DIRECTION ( 'NONE',  ( 0.0000000000000000000, 0.7071067811865501300, 0.7071067811865450200 ) ) ;
#3326 = EDGE_CURVE ( 'NONE', #1849, #749, #1998, .T. ) ;
#3327 = FACE_OUTER_BOUND ( 'NONE', #2881, .T. ) ;
#3328 = DIRECTION ( 'NONE',  ( 3.652049423109066300E-016, -0.0000000000000000000, -1.000000000000000000 ) ) ;
#3329 = DIRECTION ( 'NONE',  ( -1.826024711554532900E-016, 0.0000000000000000000, 1.000000000000000000 ) ) ;
#3330 = DIRECTION ( 'NONE',  ( 1.000000000000000000, -0.0000000000000000000, -0.0000000000000000000 ) ) ;
#3331 = AXIS2_PLACEMENT_3D ( 'NONE', #1727, #6498, #2787 ) ;
#3332 = ORIENTED_EDGE ( 'NONE', *, *, #2416, .F. ) ;
#3333 = EDGE_CURVE ( 'NONE', #428, #1641, #1837, .T. ) ;
#3334 = DIRECTION ( 'NONE',  ( 3.652049423109066300E-016, -0.0000000000000000000, -1.000000000000000000 ) ) ;
#3335 = VECTOR ( 'NONE', #179, 1000.000000000000000 ) ;
#3336 = ORIENTED_EDGE ( 'NONE', *, *, #5411, .F. ) ;
#3337 = ADVANCED_FACE ( 'NONE', ( #483 ), #2130, .T. ) ;
#3338 = CARTESIAN_POINT ( 'NONE',  ( -1.249999999999999800, 63.51471862576142500, 8.485281374238569500 ) ) ;
#3339 = EDGE_LOOP ( 'NONE', ( #2981, #3140, #919, #132, #4934 ) ) ;
#3340 = VERTEX_POINT ( 'NONE', #5264 ) ;
#3341 = AXIS2_PLACEMENT_3D ( 'NONE', #6916, #4248, #5355 ) ;
#3342 = DIRECTION ( 'NONE',  ( 1.000000000000000000, -0.0000000000000000000, 0.0000000000000000000 ) ) ;
#3343 = CIRCLE ( 'NONE', #3410, 2.025000000000002600 ) ;
#3344 = LINE ( 'NONE', #3514, #1007 ) ;
#3345 = DIRECTION ( 'NONE',  ( 1.000000000000000000, -0.0000000000000000000, 0.0000000000000000000 ) ) ;
#3346 = VERTEX_POINT ( 'NONE', #3194 ) ;
#3347 = ORIENTED_EDGE ( 'NONE', *, *, #3477, .F. ) ;
#3348 = DIRECTION ( 'NONE',  ( 0.0000000000000000000, -0.7071067811865450200, 0.7071067811865501300 ) ) ;
#3349 = VECTOR ( 'NONE', #1478, 1000.000000000000000 ) ;
#3350 = CYLINDRICAL_SURFACE ( 'NONE', #3148, 2.025000000000002600 ) ;
#3351 = DIRECTION ( 'NONE',  ( 0.0000000000000000000, 1.000000000000000000, 0.0000000000000000000 ) ) ;
#3352 = EDGE_CURVE ( 'NONE', #4733, #3777, #2649, .T. ) ;
#3353 =( GEOMETRIC_REPRESENTATION_CONTEXT ( 3 ) GLOBAL_UNCERTAINTY_ASSIGNED_CONTEXT ( ( #5261 ) ) GLOBAL_UNIT_ASSIGNED_CONTEXT ( ( #4646, #422, #3084 ) ) REPRESENTATION_CONTEXT ( 'NONE', 'WORKASPACE' ) );
#3354 = VERTEX_POINT ( 'NONE', #6920 ) ;
#3355 = EDGE_LOOP ( 'NONE', ( #6271, #3970 ) ) ;
#3356 = FACE_OUTER_BOUND ( 'NONE', #1535, .T. ) ;
#3357 = CARTESIAN_POINT ( 'NONE',  ( -1.249999999999999800, 56.48528137423856100, 8.485281374238569500 ) ) ;
#3358 = CIRCLE ( 'NONE', #4774, 2.025000000000002600 ) ;
#3359 = CARTESIAN_POINT ( 'NONE',  ( -1.249999999999999800, 108.6862915010152500, 0.0000000000000000000 ) ) ;
#3360 = VERTEX_POINT ( 'NONE', #3223 ) ;
#3361 = ORIENTED_EDGE ( 'NONE', *, *, #3838, .T. ) ;
#3362 = EDGE_CURVE ( 'NONE', #6797, #2915, #4097, .T. ) ;
#3363 = VECTOR ( 'NONE', #3348, 1000.000000000000100 ) ;
#3364 = DIRECTION ( 'NONE',  ( 1.000000000000000000, -0.0000000000000000000, 0.0000000000000000000 ) ) ;
#3365 = VECTOR ( 'NONE', #430, 1000.000000000000000 ) ;
#3366 = CARTESIAN_POINT ( 'NONE',  ( -46.75000000000000000, 8.485281374238571300, -10.51028137423856600 ) ) ;
#3367 = VECTOR ( 'NONE', #1644, 1000.000000000000000 ) ;
#3368 = ORIENTED_EDGE ( 'NONE', *, *, #6770, .T. ) ;
#3369 = DIRECTION ( 'NONE',  ( 0.0000000000000000000, 0.0000000000000000000, 1.000000000000000000 ) ) ;
#3370 = ORIENTED_EDGE ( 'NONE', *, *, #5064, .F. ) ;
#3371 = VERTEX_POINT ( 'NONE', #5856 ) ;
#3372 = CARTESIAN_POINT ( 'NONE',  ( 6.749999999999990200, 24.00000000000000700, 13.50000000000000000 ) ) ;
#3373 = CIRCLE ( 'NONE', #6474, 2.024999999999997200 ) ;
#3374 = AXIS2_PLACEMENT_3D ( 'NONE', #5837, #4259, #1063 ) ;
#3375 = CARTESIAN_POINT ( 'NONE',  ( -1.249999999999999800, 13.43189123190279200, -13.43189123190274400 ) ) ;
#3376 = CIRCLE ( 'NONE', #2220, 2.024999999999998100 ) ;
#3377 = CARTESIAN_POINT ( 'NONE',  ( 1.250000000000000200, 72.00000000000001400, -6.999999999999999100 ) ) ;
#3378 = VERTEX_POINT ( 'NONE', #5313 ) ;
#3379 = ORIENTED_EDGE ( 'NONE', *, *, #1623, .F. ) ;
#3380 = ADVANCED_FACE ( 'NONE', ( #6407 ), #1742, .F. ) ;
#3381 = VERTEX_POINT ( 'NONE', #4814 ) ;
#3382 = VECTOR ( 'NONE', #4009, 1000.000000000000000 ) ;
#3383 = DIRECTION ( 'NONE',  ( 1.000000000000000000, -0.0000000000000000000, -0.0000000000000000000 ) ) ;
#3384 = EDGE_LOOP ( 'NONE', ( #782, #884, #5359, #5561 ) ) ;
#3385 = DIRECTION ( 'NONE',  ( 0.0000000000000000000, 0.0000000000000000000, -1.000000000000000000 ) ) ;
#3386 = EDGE_CURVE ( 'NONE', #557, #3949, #5161, .T. ) ;
#3387 = CARTESIAN_POINT ( 'NONE',  ( 8.774999999999987900, 40.00000000000000700, 16.00000000000000400 ) ) ;
#3388 = DIRECTION ( 'NONE',  ( -1.000000000000000000, 0.0000000000000000000, 0.0000000000000000000 ) ) ;
#3389 = ORIENTED_EDGE ( 'NONE', *, *, #98, .T. ) ;
#3390 = CIRCLE ( 'NONE', #4605, 2.024999999999998100 ) ;
#3391 = CARTESIAN_POINT ( 'NONE',  ( -1.250000000000001100, 112.9466098576642000, -9.917172606141297900 ) ) ;
#3392 = ORIENTED_EDGE ( 'NONE', *, *, #6851, .T. ) ;
#3393 = CARTESIAN_POINT ( 'NONE',  ( -46.75000000000000000, 6.568108768097244100, -9.431891231902760400 ) ) ;
#3394 = DIRECTION ( 'NONE',  ( 0.0000000000000000000, 0.0000000000000000000, -1.000000000000000000 ) ) ;
#3395 = DIRECTION ( 'NONE',  ( 0.0000000000000000000, -0.7071067811865537900, 0.7071067811865412400 ) ) ;
#3396 = CARTESIAN_POINT ( 'NONE',  ( -1.249999999999999800, 35.31370849898475900, -2.024999999999999900 ) ) ;
#3397 = EDGE_CURVE ( 'NONE', #714, #1562, #3165, .T. ) ;
#3398 = AXIS2_PLACEMENT_3D ( 'NONE', #3440, #5508, #6052 ) ;
#3399 = EDGE_LOOP ( 'NONE', ( #5227, #3886, #2517, #6665 ) ) ;
#3400 = CARTESIAN_POINT ( 'NONE',  ( -1.249999999999999800, 81.91717260614132100, 7.053390142335818100 ) ) ;
#3401 = CARTESIAN_POINT ( 'NONE',  ( 1.250000000000000200, 17.43189123190276000, 9.431891231902762100 ) ) ;
#3402 = DIRECTION ( 'NONE',  ( 3.652049423109066300E-016, 0.0000000000000000000, -1.000000000000000000 ) ) ;
#3403 = LINE ( 'NONE', #2162, #2634 ) ;
#3404 = ORIENTED_EDGE ( 'NONE', *, *, #476, .F. ) ;
#3405 = VECTOR ( 'NONE', #5345, 999.9999999999998900 ) ;
#3406 = EDGE_CURVE ( 'NONE', #369, #3682, #6764, .T. ) ;
#3407 = EDGE_CURVE ( 'NONE', #6130, #1760, #5162, .T. ) ;
#3408 = ADVANCED_FACE ( 'NONE', ( #4435 ), #5993, .F. ) ;
#3409 = DIRECTION ( 'NONE',  ( 1.000000000000000000, -0.0000000000000000000, 0.0000000000000000000 ) ) ;
#3410 = AXIS2_PLACEMENT_3D ( 'NONE', #1479, #6731, #3563 ) ;
#3411 = VECTOR ( 'NONE', #3245, 1000.000000000000000 ) ;
#3412 = CARTESIAN_POINT ( 'NONE',  ( -1.249999999999999800, 61.43189123190277500, -13.43189123190275300 ) ) ;
#3413 = CARTESIAN_POINT ( 'NONE',  ( 6.750000000000000900, 40.00000000000000700, -15.99999999999999600 ) ) ;
#3414 = EDGE_CURVE ( 'NONE', #2585, #6465, #5002, .T. ) ;
#3415 = ORIENTED_EDGE ( 'NONE', *, *, #5716, .T. ) ;
#3416 = CARTESIAN_POINT ( 'NONE',  ( -1.249999999999999800, 86.56810876809726100, -6.568108768097241400 ) ) ;
#3417 = DIRECTION ( 'NONE',  ( -1.826024711554532900E-016, 0.0000000000000000000, 1.000000000000000000 ) ) ;
#3418 = FACE_OUTER_BOUND ( 'NONE', #79, .T. ) ;
#3419 = DIRECTION ( 'NONE',  ( 1.000000000000000000, -0.0000000000000000000, 0.0000000000000000000 ) ) ;
#3420 = LINE ( 'NONE', #804, #6328 ) ;
#3421 = ORIENTED_EDGE ( 'NONE', *, *, #1016, .T. ) ;
#3422 = CARTESIAN_POINT ( 'NONE',  ( -1.250000000000001100, 9.917172606141329900, -7.053390142335807400 ) ) ;
#3423 = CARTESIAN_POINT ( 'NONE',  ( 1.250000000000000200, 8.485281374238569500, 8.485281374238569500 ) ) ;
#3424 = AXIS2_PLACEMENT_3D ( 'NONE', #2713, #553, #1683 ) ;
#3425 = VECTOR ( 'NONE', #4197, 1000.000000000000000 ) ;
#3426 = EDGE_CURVE ( 'NONE', #2766, #920, #5325, .T. ) ;
#3427 = VECTOR ( 'NONE', #745, 1000.000000000000000 ) ;
#3428 = VERTEX_POINT ( 'NONE', #1148 ) ;
#3429 = DIRECTION ( 'NONE',  ( -1.826024711554532900E-016, 0.0000000000000000000, 1.000000000000000000 ) ) ;
#3430 = VERTEX_POINT ( 'NONE', #3861 ) ;
#3431 = VECTOR ( 'NONE', #5906, 1000.000000000000000 ) ;
#3432 = PLANE ( 'NONE',  #1806 ) ;
#3433 = DIRECTION ( 'NONE',  ( 0.0000000000000000000, 0.7071067811865463500, 0.7071067811865487900 ) ) ;
#3434 = AXIS2_PLACEMENT_3D ( 'NONE', #5675, #6169, #4604 ) ;
#3435 = DIRECTION ( 'NONE',  ( 0.0000000000000000000, 0.0000000000000000000, -1.000000000000000000 ) ) ;
#3436 = CARTESIAN_POINT ( 'NONE',  ( -1.249999999999999800, 80.48528137423858200, -10.51028137423856800 ) ) ;
#3437 = EDGE_LOOP ( 'NONE', ( #3191, #863 ) ) ;
#3438 = VERTEX_POINT ( 'NONE', #4909 ) ;
#3439 = DIRECTION ( 'NONE',  ( 1.000000000000000000, -0.0000000000000000000, -0.0000000000000000000 ) ) ;
#3440 = CARTESIAN_POINT ( 'NONE',  ( 6.749999999999989300, 80.00000000000001400, 16.00000000000000400 ) ) ;
#3441 = LINE ( 'NONE', #50, #593 ) ;
#3442 = DIRECTION ( 'NONE',  ( 0.0000000000000000000, 0.0000000000000000000, -1.000000000000000000 ) ) ;
#3443 = LINE ( 'NONE', #6837, #5443 ) ;
#3444 = DIRECTION ( 'NONE',  ( 0.0000000000000000000, -1.000000000000000000, 0.0000000000000000000 ) ) ;
#3445 = ORIENTED_EDGE ( 'NONE', *, *, #4003, .F. ) ;
#3446 = VERTEX_POINT ( 'NONE', #54 ) ;
#3447 = CARTESIAN_POINT ( 'NONE',  ( 1.250000000000000200, 62.56810876809724700, -6.568108768097241400 ) ) ;
#3448 = VECTOR ( 'NONE', #510, 1000.000000000000000 ) ;
#3449 = DIRECTION ( 'NONE',  ( 0.0000000000000000000, 0.0000000000000000000, -1.000000000000000000 ) ) ;
#3450 = ADVANCED_FACE ( 'NONE', ( #3248 ), #2560, .F. ) ;
#3451 = EDGE_CURVE ( 'NONE', #2993, #3902, #328, .T. ) ;
#3452 = CYLINDRICAL_SURFACE ( 'NONE', #2570, 2.025000000000004400 ) ;
#3453 = VECTOR ( 'NONE', #2886, 1000.000000000000000 ) ;
#3454 = EDGE_LOOP ( 'NONE', ( #3876, #1521 ) ) ;
#3455 = COORDINATED_UNIVERSAL_TIME_OFFSET ( 6, 0, .BEHIND. ) ;
#3456 = ORIENTED_EDGE ( 'NONE', *, *, #512, .T. ) ;
#3457 = ORIENTED_EDGE ( 'NONE', *, *, #1962, .F. ) ;
#3458 = FACE_OUTER_BOUND ( 'NONE', #3048, .T. ) ;
#3459 = CYLINDRICAL_SURFACE ( 'NONE', #6891, 2.024999999999998100 ) ;
#3460 = DIRECTION ( 'NONE',  ( 3.652049423109066300E-016, 0.0000000000000000000, -1.000000000000000000 ) ) ;
#3461 = AXIS2_PLACEMENT_3D ( 'NONE', #5926, #2210, #101 ) ;
#3462 = EDGE_LOOP ( 'NONE', ( #2176, #3965, #1215, #408 ) ) ;
#3463 = EDGE_CURVE ( 'NONE', #1596, #5676, #5827, .T. ) ;
#3464 = VECTOR ( 'NONE', #1439, 1000.000000000000000 ) ;
#3465 = EDGE_LOOP ( 'NONE', ( #2750, #5825, #5733, #2944, #5108, #6118, #2526, #6141 ) ) ;
#3466 = DIRECTION ( 'NONE',  ( -1.000000000000000000, 0.0000000000000000000, -0.0000000000000000000 ) ) ;
#3467 = CARTESIAN_POINT ( 'NONE',  ( -1.249999999999999800, 55.05339014233580700, -9.917172606141329900 ) ) ;
#3468 = DIRECTION ( 'NONE',  ( 3.652049423109066300E-016, 0.0000000000000000000, -1.000000000000000000 ) ) ;
#3469 = DIRECTION ( 'NONE',  ( 1.000000000000000000, -0.0000000000000000000, -0.0000000000000000000 ) ) ;
#3470 = CARTESIAN_POINT ( 'NONE',  ( -1.249999999999999800, 32.48528137423857500, -8.485281374238564200 ) ) ;
#3471 = FACE_OUTER_BOUND ( 'NONE', #1105, .T. ) ;
#3472 = FACE_BOUND ( 'NONE', #737, .T. ) ;
#3473 = DIRECTION ( 'NONE',  ( 0.0000000000000000000, -0.7071067811865444600, -0.7071067811865505700 ) ) ;
#3474 = VERTEX_POINT ( 'NONE', #4889 ) ;
#3475 = AXIS2_PLACEMENT_3D ( 'NONE', #3254, #67, #3159 ) ;
#3476 = DIRECTION ( 'NONE',  ( 0.0000000000000000000, -0.7071067811865450200, 0.7071067811865501300 ) ) ;
#3477 = EDGE_CURVE ( 'NONE', #718, #1614, #6839, .T. ) ;
#3478 = ORIENTED_EDGE ( 'NONE', *, *, #3908, .T. ) ;
#3479 = ORIENTED_EDGE ( 'NONE', *, *, #3672, .T. ) ;
#3480 = LINE ( 'NONE', #1159, #310 ) ;
#3481 = DIRECTION ( 'NONE',  ( 3.652049423109066300E-016, -0.0000000000000000000, -1.000000000000000000 ) ) ;
#3482 = ORIENTED_EDGE ( 'NONE', *, *, #858, .F. ) ;
#3483 = CARTESIAN_POINT ( 'NONE',  ( 1.250000000000000200, 17.43189123190276700, -9.431891231902755000 ) ) ;
#3484 = AXIS2_PLACEMENT_3D ( 'NONE', #2618, #5826, #3189 ) ;
#3485 = VERTEX_POINT ( 'NONE', #5456 ) ;
#3486 = AXIS2_PLACEMENT_3D ( 'NONE', #4611, #5145, #3008 ) ;
#3487 = ADVANCED_FACE ( 'NONE', ( #5318 ), #2228, .F. ) ;
#3488 = ORIENTED_EDGE ( 'NONE', *, *, #3941, .F. ) ;
#3489 = ORIENTED_EDGE ( 'NONE', *, *, #2989, .T. ) ;
#3490 = DIRECTION ( 'NONE',  ( 1.000000000000000000, -0.0000000000000000000, -0.0000000000000000000 ) ) ;
#3491 = EDGE_CURVE ( 'NONE', #651, #3340, #4336, .T. ) ;
#3492 = AXIS2_PLACEMENT_3D ( 'NONE', #4477, #3988, #2861 ) ;
#3493 = CARTESIAN_POINT ( 'NONE',  ( 4.724999999999991700, 112.0000000000000100, 16.00000000000000400 ) ) ;
#3494 = ORIENTED_EDGE ( 'NONE', *, *, #1498, .T. ) ;
#3495 = LINE ( 'NONE', #1087, #78 ) ;
#3496 = EDGE_CURVE ( 'NONE', #5685, #6617, #3155, .T. ) ;
#3497 = DIRECTION ( 'NONE',  ( 0.0000000000000000000, -0.7071067811865487900, -0.7071067811865463500 ) ) ;
#3498 = DIRECTION ( 'NONE',  ( -1.000000000000000000, 0.0000000000000000000, 0.0000000000000000000 ) ) ;
#3499 = DIRECTION ( 'NONE',  ( 1.000000000000000000, -0.0000000000000000000, -0.0000000000000000000 ) ) ;
#3500 = LINE ( 'NONE', #6686, #3758 ) ;
#3501 = ORIENTED_EDGE ( 'NONE', *, *, #4303, .T. ) ;
#3502 = DIRECTION ( 'NONE',  ( 1.000000000000000000, -0.0000000000000000000, 0.0000000000000000000 ) ) ;
#3503 = CARTESIAN_POINT ( 'NONE',  ( 6.749999999999989300, 104.0000000000000100, 16.00000000000000400 ) ) ;
#3504 = AXIS2_PLACEMENT_3D ( 'NONE', #2978, #6740, #3516 ) ;
#3505 = DIRECTION ( 'NONE',  ( 3.652049423109066300E-016, -0.0000000000000000000, -1.000000000000000000 ) ) ;
#3506 = DIRECTION ( 'NONE',  ( 1.000000000000000000, -0.0000000000000000000, -0.0000000000000000000 ) ) ;
#3507 = CIRCLE ( 'NONE', #3003, 2.024999999999997200 ) ;
#3508 = CARTESIAN_POINT ( 'NONE',  ( 6.749999999999990200, 32.00000000000000700, 13.50000000000000000 ) ) ;
#3509 = CYLINDRICAL_SURFACE ( 'NONE', #2271, 2.025000000000004400 ) ;
#3510 = VERTEX_POINT ( 'NONE', #2207 ) ;
#3511 = DIRECTION ( 'NONE',  ( 1.826024711554532900E-016, -0.0000000000000000000, 1.000000000000000000 ) ) ;
#3512 = ORIENTED_EDGE ( 'NONE', *, *, #324, .F. ) ;
#3513 = ORIENTED_EDGE ( 'NONE', *, *, #1826, .F. ) ;
#3514 = CARTESIAN_POINT ( 'NONE',  ( 4.724999999999991700, 64.00000000000000000, 16.00000000000000400 ) ) ;
#3515 = VECTOR ( 'NONE', #5334, 1000.000000000000000 ) ;
#3516 = DIRECTION ( 'NONE',  ( -1.000000000000000000, 0.0000000000000000000, 0.0000000000000000000 ) ) ;
#3517 = ADVANCED_FACE ( 'NONE', ( #5235 ), #4922, .F. ) ;
#3518 = EDGE_LOOP ( 'NONE', ( #1680, #4895, #6888, #2429 ) ) ;
#3519 = ORIENTED_EDGE ( 'NONE', *, *, #6458, .F. ) ;
#3520 = EDGE_CURVE ( 'NONE', #5214, #3524, #1574, .T. ) ;
#3521 = VECTOR ( 'NONE', #5810, 1000.000000000000000 ) ;
#3522 = DIRECTION ( 'NONE',  ( 0.0000000000000000000, 0.0000000000000000000, -1.000000000000000000 ) ) ;
#3523 = PLANE ( 'NONE',  #5252 ) ;
#3524 = VERTEX_POINT ( 'NONE', #2151 ) ;
#3525 = VERTEX_POINT ( 'NONE', #5386 ) ;
#3526 = CYLINDRICAL_SURFACE ( 'NONE', #3475, 2.025000000000000800 ) ;
#3527 = FACE_OUTER_BOUND ( 'NONE', #3828, .T. ) ;
#3528 = AXIS2_PLACEMENT_3D ( 'NONE', #2404, #5118, #335 ) ;
#3529 = DIRECTION ( 'NONE',  ( 1.000000000000000000, -0.0000000000000000000, 0.0000000000000000000 ) ) ;
#3530 = LINE ( 'NONE', #6886, #2263 ) ;
#3531 = DIRECTION ( 'NONE',  ( -1.826024711554532900E-016, 0.0000000000000000000, 1.000000000000000000 ) ) ;
#3532 = ORIENTED_EDGE ( 'NONE', *, *, #5928, .F. ) ;
#3533 = CARTESIAN_POINT ( 'NONE',  ( -1.249999999999999800, 107.3137084989847800, 2.024999999999999900 ) ) ;
#3534 = EDGE_LOOP ( 'NONE', ( #3561, #2611, #3236, #6894 ) ) ;
#3535 = DIRECTION ( 'NONE',  ( 3.652049423109066300E-016, -0.0000000000000000000, -1.000000000000000000 ) ) ;
#3536 = ORIENTED_EDGE ( 'NONE', *, *, #1903, .T. ) ;
#3537 = DIRECTION ( 'NONE',  ( 3.652049423109066300E-016, -0.0000000000000000000, -1.000000000000000000 ) ) ;
#3538 = CIRCLE ( 'NONE', #2386, 2.025000000000000800 ) ;
#3539 = ORIENTED_EDGE ( 'NONE', *, *, #847, .T. ) ;
#3540 = DIRECTION ( 'NONE',  ( 1.000000000000000000, -0.0000000000000000000, -0.0000000000000000000 ) ) ;
#3541 = CARTESIAN_POINT ( 'NONE',  ( -1.249999999999999800, 0.0000000000000000000, -16.00000000000000000 ) ) ;
#3542 = ORIENTED_EDGE ( 'NONE', *, *, #4984, .T. ) ;
#3543 = ORIENTED_EDGE ( 'NONE', *, *, #3276, .T. ) ;
#3544 = EDGE_CURVE ( 'NONE', #2063, #6280, #4424, .T. ) ;
#3545 = EDGE_CURVE ( 'NONE', #6367, #5109, #982, .T. ) ;
#3546 = VECTOR ( 'NONE', #5585, 1000.000000000000000 ) ;
#3547 = CIRCLE ( 'NONE', #701, 2.025000000000002600 ) ;
#3548 = EDGE_LOOP ( 'NONE', ( #1452, #5544, #6343, #5488 ) ) ;
#3549 = CARTESIAN_POINT ( 'NONE',  ( 6.750000000000000000, 112.0000000000000100, -13.50000000000000200 ) ) ;
#3550 = ORIENTED_EDGE ( 'NONE', *, *, #284, .T. ) ;
#3551 = FACE_BOUND ( 'NONE', #1491, .T. ) ;
#3552 = ORIENTED_EDGE ( 'NONE', *, *, #541, .F. ) ;
#3553 = CARTESIAN_POINT ( 'NONE',  ( -1.249999999999999800, 78.56810876809724700, -9.431891231902755000 ) ) ;
#3554 = AXIS2_PLACEMENT_3D ( 'NONE', #4313, #4260, #1110 ) ;
#3555 = EDGE_CURVE ( 'NONE', #1849, #980, #6573, .T. ) ;
#3556 = VECTOR ( 'NONE', #569, 1000.000000000000000 ) ;
#3557 = VECTOR ( 'NONE', #1812, 1000.000000000000000 ) ;
#3558 = ADVANCED_FACE ( 'NONE', ( #2719 ), #6038, .T. ) ;
#3559 = CARTESIAN_POINT ( 'NONE',  ( 1.250000000000000200, 84.68629150101523400, 2.024999999999999900 ) ) ;
#3560 = DIRECTION ( 'NONE',  ( -1.000000000000000000, 0.0000000000000000000, 0.0000000000000000000 ) ) ;
#3561 = ORIENTED_EDGE ( 'NONE', *, *, #6279, .T. ) ;
#3562 = DIRECTION ( 'NONE',  ( 1.000000000000000000, -0.0000000000000000000, -0.0000000000000000000 ) ) ;
#3563 = DIRECTION ( 'NONE',  ( 0.0000000000000000000, 0.0000000000000000000, -1.000000000000000000 ) ) ;
#3564 = DIRECTION ( 'NONE',  ( -1.000000000000000000, 0.0000000000000000000, 0.0000000000000000000 ) ) ;
#3565 = CARTESIAN_POINT ( 'NONE',  ( 8.774999999999987900, 24.00000000000000700, 16.00000000000000400 ) ) ;
#3566 = AXIS2_PLACEMENT_3D ( 'NONE', #5113, #4572, #6080 ) ;
#3567 = ORIENTED_EDGE ( 'NONE', *, *, #2895, .T. ) ;
#3568 = ORIENTED_EDGE ( 'NONE', *, *, #2806, .F. ) ;
#3569 = DIRECTION ( 'NONE',  ( 1.000000000000000000, 0.0000000000000000000, 0.0000000000000000000 ) ) ;
#3570 = CARTESIAN_POINT ( 'NONE',  ( 0.0000000000000000000, 0.0000000000000000000, 0.0000000000000000000 ) ) ;
#3571 = EDGE_CURVE ( 'NONE', #2552, #1595, #2218, .T. ) ;
#3572 = ORIENTED_EDGE ( 'NONE', *, *, #3414, .T. ) ;
#3573 = DIRECTION ( 'NONE',  ( 1.000000000000000000, -0.0000000000000000000, -0.0000000000000000000 ) ) ;
#3574 = VECTOR ( 'NONE', #5894, 1000.000000000000000 ) ;
#3575 = DIRECTION ( 'NONE',  ( -1.000000000000000000, 0.0000000000000000000, 0.0000000000000000000 ) ) ;
#3576 = AXIS2_PLACEMENT_3D ( 'NONE', #1934, #6104, #4544 ) ;
#3577 = VERTEX_POINT ( 'NONE', #234 ) ;
#3578 = ORIENTED_EDGE ( 'NONE', *, *, #5211, .T. ) ;
#3579 = CARTESIAN_POINT ( 'NONE',  ( 1.250000000000000200, 57.43189123190276000, -6.568108768097234300 ) ) ;
#3580 = DIRECTION ( 'NONE',  ( -1.000000000000000000, 0.0000000000000000000, -0.0000000000000000000 ) ) ;
#3581 = EDGE_CURVE ( 'NONE', #5274, #6003, #5314, .T. ) ;
#3582 = CC_DESIGN_PERSON_AND_ORGANIZATION_ASSIGNMENT ( #2354, #387, ( #4580 ) ) ;
#3583 = LINE ( 'NONE', #6079, #4092 ) ;
#3584 = ORIENTED_EDGE ( 'NONE', *, *, #3204, .T. ) ;
#3585 = DIRECTION ( 'NONE',  ( 0.0000000000000000000, -0.7071067811865463500, 0.7071067811865487900 ) ) ;
#3586 = ADVANCED_FACE ( 'NONE', ( #808 ), #2803, .F. ) ;
#3587 = CIRCLE ( 'NONE', #2397, 2.024999999999999000 ) ;
#3588 = AXIS2_PLACEMENT_3D ( 'NONE', #3168, #5852, #6396 ) ;
#3590 = EDGE_CURVE ( 'NONE', #3858, #6640, #3748, .T. ) ;
#3589 = FACE_BOUND ( 'NONE', #6638, .T. ) ;
#3591 = ORIENTED_EDGE ( 'NONE', *, *, #791, .F. ) ;
#3592 = ORIENTED_EDGE ( 'NONE', *, *, #5361, .F. ) ;
#3593 = CARTESIAN_POINT ( 'NONE',  ( -46.75000000000000000, 58.56810876809824900, 58.56810876809719700 ) ) ;
#3594 = DIRECTION ( 'NONE',  ( 3.652049423109066300E-016, -0.0000000000000000000, -1.000000000000000000 ) ) ;
#3595 = CYLINDRICAL_SURFACE ( 'NONE', #293, 6.999999999999999100 ) ;
#3596 = CIRCLE ( 'NONE', #3492, 2.024999999999999000 ) ;
#3597 = DIRECTION ( 'NONE',  ( 1.000000000000000000, -0.0000000000000000000, -0.0000000000000000000 ) ) ;
#3598 = EDGE_LOOP ( 'NONE', ( #1407, #360, #6790, #2492 ) ) ;
#3599 = VERTEX_POINT ( 'NONE', #5572 ) ;
#3600 = DIRECTION ( 'NONE',  ( 0.0000000000000000000, 0.0000000000000000000, -1.000000000000000000 ) ) ;
#3601 = DIRECTION ( 'NONE',  ( 1.000000000000000000, 0.0000000000000000000, 0.0000000000000000000 ) ) ;
#3602 = LINE ( 'NONE', #4331, #4441 ) ;
#3603 = EDGE_CURVE ( 'NONE', #6003, #3378, #6829, .T. ) ;
#3604 = ORIENTED_EDGE ( 'NONE', *, *, #3624, .F. ) ;
#3605 = ORIENTED_EDGE ( 'NONE', *, *, #3590, .T. ) ;
#3606 = DIRECTION ( 'NONE',  ( 0.0000000000000000000, 0.0000000000000000000, -1.000000000000000000 ) ) ;
#3607 = APPLICATION_PROTOCOL_DEFINITION ( 'international standard', 'config_control_design', 1994, #6812 ) ;
#3608 = CIRCLE ( 'NONE', #213, 2.024999999999990100 ) ;
#3609 = CARTESIAN_POINT ( 'NONE',  ( 6.749999999999989300, 88.00000000000002800, 16.00000000000000400 ) ) ;
#3610 = CIRCLE ( 'NONE', #2234, 2.024999999999999900 ) ;
#3611 = CIRCLE ( 'NONE', #6560, 2.024999999999997200 ) ;
#3612 = EDGE_LOOP ( 'NONE', ( #4086, #1604, #1059, #1044 ) ) ;
#3613 = EDGE_LOOP ( 'NONE', ( #1220, #850, #4978, #894 ) ) ;
#3614 = AXIS2_PLACEMENT_3D ( 'NONE', #871, #3473, #846 ) ;
#3615 = ORIENTED_EDGE ( 'NONE', *, *, #6166, .F. ) ;
#3616 = CARTESIAN_POINT ( 'NONE',  ( 4.724999999999991700, 104.0000000000000100, 16.00000000000000400 ) ) ;
#3617 = VECTOR ( 'NONE', #5286, 1000.000000000000000 ) ;
#3618 = CARTESIAN_POINT ( 'NONE',  ( -1.249999999999999800, 120.0000000000000000, 16.00000000000000000 ) ) ;
#3619 = VECTOR ( 'NONE', #2588, 1000.000000000000000 ) ;
#3620 = CYLINDRICAL_SURFACE ( 'NONE', #235, 2.025000000000001700 ) ;
#3621 = VERTEX_POINT ( 'NONE', #1846 ) ;
#3622 = EDGE_LOOP ( 'NONE', ( #3053, #5117, #1656, #6556 ) ) ;
#3623 = EDGE_LOOP ( 'NONE', ( #5409, #3864, #1146, #6435 ) ) ;
#3624 = EDGE_CURVE ( 'NONE', #6448, #830, #232, .T. ) ;
#3625 = AXIS2_PLACEMENT_3D ( 'NONE', #3089, #4179, #516 ) ;
#3626 = VECTOR ( 'NONE', #1964, 1000.000000000000000 ) ;
#3627 = DIRECTION ( 'NONE',  ( 3.652049423109066300E-016, -0.0000000000000000000, -1.000000000000000000 ) ) ;
#3628 = DIRECTION ( 'NONE',  ( 0.0000000000000000000, 0.7071067811865482400, -0.7071067811865469100 ) ) ;
#3629 = FACE_BOUND ( 'NONE', #5203, .T. ) ;
#3630 = CARTESIAN_POINT ( 'NONE',  ( 1.250000000000000200, 59.31370849898476600, 0.0000000000000000000 ) ) ;
#3631 = ORIENTED_EDGE ( 'NONE', *, *, #52, .T. ) ;
#3632 = LINE ( 'NONE', #6215, #3464 ) ;
#3633 = ORIENTED_EDGE ( 'NONE', *, *, #3111, .F. ) ;
#3634 = ADVANCED_FACE ( 'NONE', ( #6922 ), #2303, .F. ) ;
#3635 = FACE_BOUND ( 'NONE', #6321, .T. ) ;
#3636 = DIRECTION ( 'NONE',  ( 0.0000000000000000000, 0.0000000000000000000, -1.000000000000000000 ) ) ;
#3637 = CARTESIAN_POINT ( 'NONE',  ( -1.249999999999999800, 84.68629150101523400, 0.0000000000000000000 ) ) ;
#3638 = PERSON_AND_ORGANIZATION_ROLE ( 'creator' ) ;
#3639 = EDGE_CURVE ( 'NONE', #2902, #6058, #898, .T. ) ;
#3640 = ORIENTED_EDGE ( 'NONE', *, *, #2058, .F. ) ;
#3641 = EDGE_CURVE ( 'NONE', #2997, #3371, #4995, .T. ) ;
#3642 = ORIENTED_EDGE ( 'NONE', *, *, #2236, .F. ) ;
#3643 = DIRECTION ( 'NONE',  ( 3.652049423109066300E-016, -0.0000000000000000000, -1.000000000000000000 ) ) ;
#3644 = DIRECTION ( 'NONE',  ( -1.000000000000000000, 0.0000000000000000000, 0.0000000000000000000 ) ) ;
#3645 = ORIENTED_EDGE ( 'NONE', *, *, #1380, .F. ) ;
#3646 = DIRECTION ( 'NONE',  ( 1.000000000000000000, -0.0000000000000000000, -0.0000000000000000000 ) ) ;
#3647 = AXIS2_PLACEMENT_3D ( 'NONE', #3114, #4152, #2562 ) ;
#3648 = EDGE_LOOP ( 'NONE', ( #2005, #4953, #2715, #256 ) ) ;
#3649 = EDGE_CURVE ( 'NONE', #2619, #4883, #3235, .T. ) ;
#3650 = CARTESIAN_POINT ( 'NONE',  ( 4.724999999999993400, 48.00000000000000700, 13.50000000000000000 ) ) ;
#3651 = PRODUCT_DEFINITION_SHAPE ( 'NONE', 'NONE',  #4580 ) ;
#3652 = ORIENTED_EDGE ( 'NONE', *, *, #2324, .T. ) ;
#3653 = CARTESIAN_POINT ( 'NONE',  ( 8.774999999999987900, 40.00000000000000700, 16.00000000000000400 ) ) ;
#3654 = ORIENTED_EDGE ( 'NONE', *, *, #3019, .F. ) ;
#3655 = DIRECTION ( 'NONE',  ( 0.0000000000000000000, 0.0000000000000000000, 1.000000000000000000 ) ) ;
#3656 = ORIENTED_EDGE ( 'NONE', *, *, #3916, .F. ) ;
#3657 = ORIENTED_EDGE ( 'NONE', *, *, #1807, .T. ) ;
#3658 = DIRECTION ( 'NONE',  ( 1.000000000000000000, 0.0000000000000000000, 0.0000000000000000000 ) ) ;
#3659 = EDGE_CURVE ( 'NONE', #4184, #236, #4496, .T. ) ;
#3660 = DIRECTION ( 'NONE',  ( 0.0000000000000000000, 0.0000000000000000000, -1.000000000000000000 ) ) ;
#3661 = CIRCLE ( 'NONE', #6149, 2.024999999999998100 ) ;
#3662 = ORIENTED_EDGE ( 'NONE', *, *, #2375, .F. ) ;
#3663 = CARTESIAN_POINT ( 'NONE',  ( 8.774999999999987900, 40.00000000000000700, 16.00000000000000400 ) ) ;
#3664 = DIRECTION ( 'NONE',  ( 0.0000000000000000000, -0.7071067811865513500, 0.7071067811865436900 ) ) ;
#3665 = CARTESIAN_POINT ( 'NONE',  ( 1.250000000000000200, 89.43189123190276700, -9.431891231902755000 ) ) ;
#3666 = ADVANCED_FACE ( 'NONE', ( #1821 ), #717, .F. ) ;
#3667 = AXIS2_PLACEMENT_3D ( 'NONE', #354, #2489, #1426 ) ;
#3668 = CIRCLE ( 'NONE', #5253, 6.999999999999999100 ) ;
#3669 = CARTESIAN_POINT ( 'NONE',  ( 8.774999999999987900, 88.00000000000002800, 13.50000000000000000 ) ) ;
#3670 = DIRECTION ( 'NONE',  ( 1.000000000000000000, -0.0000000000000000000, 0.0000000000000000000 ) ) ;
#3671 = EDGE_LOOP ( 'NONE', ( #5633, #5651, #832, #6930 ) ) ;
#3672 = EDGE_CURVE ( 'NONE', #314, #1522, #3403, .T. ) ;
#3673 = EDGE_LOOP ( 'NONE', ( #5104, #3020, #969, #1251, #1526 ) ) ;
#3674 = EDGE_CURVE ( 'NONE', #5767, #3428, #1971, .T. ) ;
#3675 = DIRECTION ( 'NONE',  ( 0.0000000000000000000, 0.0000000000000000000, -1.000000000000000000 ) ) ;
#3676 = DIRECTION ( 'NONE',  ( 3.652049423109066300E-016, -0.0000000000000000000, -1.000000000000000000 ) ) ;
#3677 = DIRECTION ( 'NONE',  ( 1.000000000000000000, -0.0000000000000000000, -0.0000000000000000000 ) ) ;
#3678 = CIRCLE ( 'NONE', #6132, 2.024999999999998100 ) ;
#3679 = DIRECTION ( 'NONE',  ( 0.0000000000000000000, 0.0000000000000000000, -1.000000000000000000 ) ) ;
#3680 = CARTESIAN_POINT ( 'NONE',  ( -1.249999999999999800, 72.00000000000001400, 0.0000000000000000000 ) ) ;
#3681 = FACE_BOUND ( 'NONE', #3, .T. ) ;
#3682 = VERTEX_POINT ( 'NONE', #2141 ) ;
#3683 = VECTOR ( 'NONE', #6609, 1000.000000000000000 ) ;
#3684 = LINE ( 'NONE', #5271, #1323 ) ;
#3685 = ORIENTED_EDGE ( 'NONE', *, *, #3463, .T. ) ;
#3686 = ORIENTED_EDGE ( 'NONE', *, *, #4350, .T. ) ;
#3687 = AXIS2_PLACEMENT_3D ( 'NONE', #6299, #3670, #6898 ) ;
#3688 = EDGE_CURVE ( 'NONE', #3777, #4733, #4826, .T. ) ;
#3689 = DIRECTION ( 'NONE',  ( 0.0000000000000000000, 0.0000000000000000000, -1.000000000000000000 ) ) ;
#3690 = VECTOR ( 'NONE', #4325, 1000.000000000000000 ) ;
#3691 = CARTESIAN_POINT ( 'NONE',  ( 6.750000000000000900, 16.00000000000000700, -15.99999999999999600 ) ) ;
#3692 = CARTESIAN_POINT ( 'NONE',  ( 6.749999999999990200, 88.00000000000002800, 13.50000000000000000 ) ) ;
#3693 = EDGE_LOOP ( 'NONE', ( #2411, #3934 ) ) ;
#3694 = ORIENTED_EDGE ( 'NONE', *, *, #6050, .T. ) ;
#3695 = DIRECTION ( 'NONE',  ( 1.000000000000000000, -0.0000000000000000000, -0.0000000000000000000 ) ) ;
#3696 = CYLINDRICAL_SURFACE ( 'NONE', #6388, 2.024999999999998100 ) ;
#3697 = AXIS2_PLACEMENT_3D ( 'NONE', #4252, #1055, #6377 ) ;
#3698 = DIRECTION ( 'NONE',  ( -1.000000000000000000, 0.0000000000000000000, 0.0000000000000000000 ) ) ;
#3699 = VERTEX_POINT ( 'NONE', #4333 ) ;
#3700 = DIRECTION ( 'NONE',  ( -0.0000000000000000000, -1.000000000000000000, -0.0000000000000000000 ) ) ;
#3701 = ORIENTED_EDGE ( 'NONE', *, *, #5732, .T. ) ;
#3702 = EDGE_CURVE ( 'NONE', #5396, #1690, #5743, .T. ) ;
#3703 = FACE_BOUND ( 'NONE', #2519, .T. ) ;
#3704 = ADVANCED_FACE ( 'NONE', ( #1313 ), #555, .F. ) ;
#3705 = DIRECTION ( 'NONE',  ( -1.826024711554532900E-016, 0.0000000000000000000, 1.000000000000000000 ) ) ;
#3706 = DIRECTION ( 'NONE',  ( -1.000000000000000000, 0.0000000000000000000, 0.0000000000000000000 ) ) ;
#3707 = CIRCLE ( 'NONE', #3827, 2.024999999999998100 ) ;
#3708 = ORIENTED_EDGE ( 'NONE', *, *, #4069, .F. ) ;
#3709 = DIRECTION ( 'NONE',  ( 1.000000000000000000, -0.0000000000000000000, -0.0000000000000000000 ) ) ;
#3710 = ORIENTED_EDGE ( 'NONE', *, *, #6619, .F. ) ;
#3711 = ORIENTED_EDGE ( 'NONE', *, *, #175, .F. ) ;
#3712 = DIRECTION ( 'NONE',  ( 3.652049423109066300E-016, -0.0000000000000000000, -1.000000000000000000 ) ) ;
#3713 = CARTESIAN_POINT ( 'NONE',  ( 1.250000000000000200, 32.48528137423856100, 8.485281374238569500 ) ) ;
#3714 = FACE_OUTER_BOUND ( 'NONE', #2439, .T. ) ;
#3715 = LINE ( 'NONE', #3079, #440 ) ;
#3716 = AXIS2_PLACEMENT_3D ( 'NONE', #6392, #49, #17 ) ;
#3717 = VERTEX_POINT ( 'NONE', #6907 ) ;
#3718 = DIRECTION ( 'NONE',  ( 0.0000000000000000000, 0.7071067811865463500, 0.7071067811865487900 ) ) ;
#3719 = EDGE_LOOP ( 'NONE', ( #26, #3567, #2167, #4338 ) ) ;
#3720 = CARTESIAN_POINT ( 'NONE',  ( -1.249999999999999800, 14.56810876809723800, 6.568108768097240500 ) ) ;
#3721 = CIRCLE ( 'NONE', #6842, 2.025000000000002600 ) ;
#3722 = EDGE_LOOP ( 'NONE', ( #2743, #4783, #3943, #5730, #6675 ) ) ;
#3723 = VERTEX_POINT ( 'NONE', #65 ) ;
#3724 = EDGE_CURVE ( 'NONE', #3485, #771, #5395, .T. ) ;
#3725 = AXIS2_PLACEMENT_3D ( 'NONE', #3470, #4983, #296 ) ;
#3726 = CARTESIAN_POINT ( 'NONE',  ( 6.749999999999990200, 40.00000000000000700, 13.50000000000000000 ) ) ;
#3727 = FACE_BOUND ( 'NONE', #5391, .T. ) ;
#3728 = EDGE_LOOP ( 'NONE', ( #5789, #1474, #5026, #1190 ) ) ;
#3729 = DIRECTION ( 'NONE',  ( 1.000000000000000000, -0.0000000000000000000, 0.0000000000000000000 ) ) ;
#3730 = DIRECTION ( 'NONE',  ( -1.000000000000000000, 0.0000000000000000000, 0.0000000000000000000 ) ) ;
#3731 = CARTESIAN_POINT ( 'NONE',  ( 6.749999999999989300, 72.00000000000001400, 16.00000000000000400 ) ) ;
#3732 = FACE_BOUND ( 'NONE', #1476, .T. ) ;
#3733 = EDGE_LOOP ( 'NONE', ( #2522, #2356, #2610, #1375 ) ) ;
#3734 = CARTESIAN_POINT ( 'NONE',  ( 6.750000000000000900, 112.0000000000000100, -15.99999999999999600 ) ) ;
#3735 = CARTESIAN_POINT ( 'NONE',  ( -1.249999999999999800, 24.00000000000000000, 6.999999999999999100 ) ) ;
#3736 = CARTESIAN_POINT ( 'NONE',  ( 6.749999999999989300, 40.00000000000000700, 16.00000000000000400 ) ) ;
#3737 = CARTESIAN_POINT ( 'NONE',  ( -1.250000000000001100, 6.568108768097244100, -9.431891231902760400 ) ) ;
#3738 = EDGE_CURVE ( 'NONE', #3340, #651, #152, .T. ) ;
#3739 = ORIENTED_EDGE ( 'NONE', *, *, #4706, .T. ) ;
#3740 = ORIENTED_EDGE ( 'NONE', *, *, #4210, .F. ) ;
#3741 = DIRECTION ( 'NONE',  ( 1.000000000000000000, -0.0000000000000000000, -0.0000000000000000000 ) ) ;
#3742 = CARTESIAN_POINT ( 'NONE',  ( -1.249999999999999800, 79.05339014233581500, -9.917172606141329900 ) ) ;
#3743 = CARTESIAN_POINT ( 'NONE',  ( 8.774999999999987900, 16.00000000000000700, 16.00000000000000400 ) ) ;
#3744 = DIRECTION ( 'NONE',  ( 1.826024711554532900E-016, -0.0000000000000000000, 1.000000000000000000 ) ) ;
#3745 = ADVANCED_FACE ( 'NONE', ( #2714 ), #6064, .F. ) ;
#3746 = AXIS2_PLACEMENT_3D ( 'NONE', #2159, #63, #4986 ) ;
#3747 = EDGE_LOOP ( 'NONE', ( #4200, #4613, #1736, #15, #376 ) ) ;
#3748 = CIRCLE ( 'NONE', #4641, 2.024999999999999000 ) ;
#3749 = CARTESIAN_POINT ( 'NONE',  ( 4.724999999999991700, 112.0000000000000100, 16.00000000000000400 ) ) ;
#3750 = ORIENTED_EDGE ( 'NONE', *, *, #6674, .T. ) ;
#3751 = CARTESIAN_POINT ( 'NONE',  ( 1.250000000000000200, 85.43189123190262500, 13.43189123190273400 ) ) ;
#3752 = PLANE ( 'NONE',  #1047 ) ;
#3753 = ORIENTED_EDGE ( 'NONE', *, *, #1847, .T. ) ;
#3754 = CARTESIAN_POINT ( 'NONE',  ( 1.250000000000000200, 15.51471862576143900, -8.485281374238566000 ) ) ;
#3755 = ORIENTED_EDGE ( 'NONE', *, *, #5972, .T. ) ;
#3756 = DIRECTION ( 'NONE',  ( 1.000000000000000000, -0.0000000000000000000, 0.0000000000000000000 ) ) ;
#3757 = EDGE_CURVE ( 'NONE', #347, #4549, #5226, .T. ) ;
#3758 = VECTOR ( 'NONE', #6850, 1000.000000000000000 ) ;
#3759 = ORIENTED_EDGE ( 'NONE', *, *, #6575, .T. ) ;
#3760 = CARTESIAN_POINT ( 'NONE',  ( 4.724999999999991700, 64.00000000000000000, 16.00000000000000400 ) ) ;
#3761 = DIRECTION ( 'NONE',  ( 0.0000000000000000000, 0.0000000000000000000, -1.000000000000000000 ) ) ;
#3762 = DIRECTION ( 'NONE',  ( 1.000000000000000000, -0.0000000000000000000, -0.0000000000000000000 ) ) ;
#3763 = DIRECTION ( 'NONE',  ( 0.0000000000000000000, 0.0000000000000000000, -1.000000000000000000 ) ) ;
#3764 = EDGE_CURVE ( 'NONE', #4017, #3485, #1150, .T. ) ;
#3765 = FACE_OUTER_BOUND ( 'NONE', #5534, .T. ) ;
#3766 = VERTEX_POINT ( 'NONE', #1628 ) ;
#3767 = DIRECTION ( 'NONE',  ( 3.652049423109066300E-016, 0.0000000000000000000, -1.000000000000000000 ) ) ;
#3768 = ORIENTED_EDGE ( 'NONE', *, *, #3603, .T. ) ;
#3769 = DIRECTION ( 'NONE',  ( 1.000000000000000000, 0.0000000000000000000, 0.0000000000000000000 ) ) ;
#3770 = DIRECTION ( 'NONE',  ( 1.826024711554532900E-016, -0.0000000000000000000, 1.000000000000000000 ) ) ;
#3771 = LINE ( 'NONE', #2737, #5165 ) ;
#3773 = EDGE_CURVE ( 'NONE', #6611, #1207, #973, .T. ) ;
#3772 = CIRCLE ( 'NONE', #3725, 2.025000000000004400 ) ;
#3774 = ADVANCED_FACE ( 'NONE', ( #1650 ), #1231, .F. ) ;
#3775 = EDGE_CURVE ( 'NONE', #1718, #5525, #2131, .T. ) ;
#3776 = ORIENTED_EDGE ( 'NONE', *, *, #3972, .T. ) ;
#3777 = VERTEX_POINT ( 'NONE', #2747 ) ;
#3778 = CARTESIAN_POINT ( 'NONE',  ( 1.250000000000000200, 110.0828273938586900, 7.053390142335830500 ) ) ;
#3779 = CARTESIAN_POINT ( 'NONE',  ( 6.750000000000000900, 96.00000000000000000, -15.99999999999999600 ) ) ;
#3780 = LINE ( 'NONE', #1765, #13 ) ;
#3781 = DIRECTION ( 'NONE',  ( -1.000000000000000000, 0.0000000000000000000, 0.0000000000000000000 ) ) ;
#3782 = AXIS2_PLACEMENT_3D ( 'NONE', #5160, #6139, #2950 ) ;
#3783 = VERTEX_POINT ( 'NONE', #3844 ) ;
#3784 = EDGE_LOOP ( 'NONE', ( #3568, #1961, #6023, #4398 ) ) ;
#3785 = EDGE_CURVE ( 'NONE', #4883, #980, #3480, .T. ) ;
#3786 = DIRECTION ( 'NONE',  ( 0.0000000000000000000, 0.0000000000000000000, -1.000000000000000000 ) ) ;
#3787 = CARTESIAN_POINT ( 'NONE',  ( 6.750000000000000000, 40.00000000000000700, -13.50000000000000200 ) ) ;
#3788 = LINE ( 'NONE', #1204, #5944 ) ;
#3789 = DIRECTION ( 'NONE',  ( -1.000000000000000000, 0.0000000000000000000, 0.0000000000000000000 ) ) ;
#3790 = FACE_OUTER_BOUND ( 'NONE', #3125, .T. ) ;
#3791 = DIRECTION ( 'NONE',  ( 0.0000000000000000000, 0.0000000000000000000, -1.000000000000000000 ) ) ;
#3792 = LINE ( 'NONE', #6543, #2340 ) ;
#3793 = ORIENTED_EDGE ( 'NONE', *, *, #3738, .F. ) ;
#3794 = ORIENTED_EDGE ( 'NONE', *, *, #1986, .F. ) ;
#3795 = ORIENTED_EDGE ( 'NONE', *, *, #5776, .F. ) ;
#3796 = DIRECTION ( 'NONE',  ( 1.826024711554532900E-016, -0.0000000000000000000, 1.000000000000000000 ) ) ;
#3797 = CARTESIAN_POINT ( 'NONE',  ( 6.750000000000000900, 32.00000000000000700, -15.99999999999999600 ) ) ;
#3798 = AXIS2_PLACEMENT_3D ( 'NONE', #574, #3334, #4324 ) ;
#3799 = VECTOR ( 'NONE', #6325, 1000.000000000000000 ) ;
#3800 = DIRECTION ( 'NONE',  ( 1.000000000000000000, -0.0000000000000000000, -0.0000000000000000000 ) ) ;
#3801 = DIRECTION ( 'NONE',  ( 1.000000000000000000, -0.0000000000000000000, 0.0000000000000000000 ) ) ;
#3802 = FACE_OUTER_BOUND ( 'NONE', #1622, .T. ) ;
#3803 = ORIENTED_EDGE ( 'NONE', *, *, #2633, .T. ) ;
#3804 = ORIENTED_EDGE ( 'NONE', *, *, #4693, .T. ) ;
#3805 = EDGE_CURVE ( 'NONE', #535, #761, #1561, .T. ) ;
#3806 = EDGE_LOOP ( 'NONE', ( #1264, #254, #3604, #1229 ) ) ;
#3807 = VECTOR ( 'NONE', #1899, 1000.000000000000000 ) ;
#3808 = CARTESIAN_POINT ( 'NONE',  ( -1.249999999999999800, 60.68629150101524100, 2.024999999999999900 ) ) ;
#3809 = CARTESIAN_POINT ( 'NONE',  ( 1.250000000000000200, 112.9466098576642000, -9.917172606141297900 ) ) ;
#3810 = VERTEX_POINT ( 'NONE', #1178 ) ;
#3811 = COORDINATED_UNIVERSAL_TIME_OFFSET ( 6, 0, .BEHIND. ) ;
#3812 = DIRECTION ( 'NONE',  ( 1.000000000000000000, -0.0000000000000000000, -0.0000000000000000000 ) ) ;
#3813 = VERTEX_POINT ( 'NONE', #4919 ) ;
#3814 = FACE_OUTER_BOUND ( 'NONE', #2764, .T. ) ;
#3815 = AXIS2_PLACEMENT_3D ( 'NONE', #3423, #2311, #5546 ) ;
#3816 = CARTESIAN_POINT ( 'NONE',  ( -1.249999999999999800, 13.43189123190277600, -13.43189123190275300 ) ) ;
#3817 = DIRECTION ( 'NONE',  ( 0.0000000000000000000, 0.7071067811865436900, 0.7071067811865513500 ) ) ;
#3818 = EDGE_LOOP ( 'NONE', ( #3137, #337, #504, #2554 ) ) ;
#3819 = ADVANCED_FACE ( 'NONE', ( #4073 ), #6909, .F. ) ;
#3820 = ORIENTED_EDGE ( 'NONE', *, *, #4489, .F. ) ;
#3821 = EDGE_CURVE ( 'NONE', #6027, #597, #1227, .T. ) ;
#3822 = DIRECTION ( 'NONE',  ( 0.0000000000000000000, 0.7071067811865505700, -0.7071067811865444600 ) ) ;
#3823 = CARTESIAN_POINT ( 'NONE',  ( 1.250000000000000200, 107.3137084989847800, 2.024999999999999900 ) ) ;
#3824 = ORIENTED_EDGE ( 'NONE', *, *, #6785, .T. ) ;
#3825 = EDGE_LOOP ( 'NONE', ( #2246, #5822 ) ) ;
#3826 = EDGE_LOOP ( 'NONE', ( #2495, #3640, #826, #102 ) ) ;
#3827 = AXIS2_PLACEMENT_3D ( 'NONE', #6591, #3429, #6574 ) ;
#3828 = EDGE_LOOP ( 'NONE', ( #2101, #4316, #6625, #4666 ) ) ;
#3829 = EDGE_CURVE ( 'NONE', #4648, #683, #2972, .T. ) ;
#3830 = FACE_BOUND ( 'NONE', #6262, .T. ) ;
#3831 = FACE_OUTER_BOUND ( 'NONE', #5164, .T. ) ;
#3832 = CARTESIAN_POINT ( 'NONE',  ( 1.250000000000000200, 56.48528137423857500, -8.485281374238564200 ) ) ;
#3833 = CARTESIAN_POINT ( 'NONE',  ( -1.249999999999999800, 12.68629150101524100, -2.024999999999999900 ) ) ;
#3834 = DIRECTION ( 'NONE',  ( 1.000000000000000000, 0.0000000000000000000, 0.0000000000000000000 ) ) ;
#3835 = AXIS2_PLACEMENT_3D ( 'NONE', #3549, #4001, #831 ) ;
#3836 = VECTOR ( 'NONE', #217, 1000.000000000000000 ) ;
#3837 = EDGE_LOOP ( 'NONE', ( #1001, #5221, #5609, #2877 ) ) ;
#3838 = EDGE_CURVE ( 'NONE', #5366, #4409, #6734, .T. ) ;
#3839 = CARTESIAN_POINT ( 'NONE',  ( -1.249999999999999800, 62.56810876809724700, -6.568108768097241400 ) ) ;
#3840 = CARTESIAN_POINT ( 'NONE',  ( 8.774999999999998600, 32.00000000000000700, -15.99999999999999600 ) ) ;
#3841 = ADVANCED_FACE ( 'NONE', ( #706 ), #2293, .F. ) ;
#3842 = CARTESIAN_POINT ( 'NONE',  ( 1.250000000000000200, 87.51471862576144600, -8.485281374238566000 ) ) ;
#3843 = AXIS2_PLACEMENT_3D ( 'NONE', #5, #4796, #1061 ) ;
#3844 = CARTESIAN_POINT ( 'NONE',  ( 8.774999999999998600, 112.0000000000000100, -15.99999999999999600 ) ) ;
#3845 = CARTESIAN_POINT ( 'NONE',  ( 8.774999999999987900, 72.00000000000001400, 13.50000000000000000 ) ) ;
#3846 = VECTOR ( 'NONE', #4155, 1000.000000000000000 ) ;
#3847 = ORIENTED_EDGE ( 'NONE', *, *, #4693, .F. ) ;
#3848 = CARTESIAN_POINT ( 'NONE',  ( -1.249999999999999800, 33.91717260614134200, -7.053390142335809200 ) ) ;
#3849 = ORIENTED_EDGE ( 'NONE', *, *, #1352, .F. ) ;
#3850 = DIRECTION ( 'NONE',  ( 0.0000000000000000000, 0.0000000000000000000, -1.000000000000000000 ) ) ;
#3851 = FACE_OUTER_BOUND ( 'NONE', #2135, .T. ) ;
#3852 = CIRCLE ( 'NONE', #2366, 2.024999999999990100 ) ;
#3853 = EDGE_LOOP ( 'NONE', ( #1725, #731, #5650, #4039, #6918 ) ) ;
#3854 = LINE ( 'NONE', #6872, #3100 ) ;
#3855 = CARTESIAN_POINT ( 'NONE',  ( -1.249999999999999800, 31.99999999999999300, 8.000000000000000000 ) ) ;
#3856 = EDGE_CURVE ( 'NONE', #1760, #4133, #5654, .T. ) ;
#3857 = AXIS2_PLACEMENT_3D ( 'NONE', #6555, #3892, #5209 ) ;
#3858 = VERTEX_POINT ( 'NONE', #6017 ) ;
#3859 = ORIENTED_EDGE ( 'NONE', *, *, #2652, .T. ) ;
#3860 = CYLINDRICAL_SURFACE ( 'NONE', #6860, 2.025000000000002600 ) ;
#3861 = CARTESIAN_POINT ( 'NONE',  ( 8.774999999999987900, 96.00000000000000000, 13.50000000000000000 ) ) ;
#3862 = CARTESIAN_POINT ( 'NONE',  ( -1.249999999999999800, 57.43189123190274600, 6.568108768097250300 ) ) ;
#3863 = DIRECTION ( 'NONE',  ( 1.000000000000000000, -0.0000000000000000000, -0.0000000000000000000 ) ) ;
#3864 = ORIENTED_EDGE ( 'NONE', *, *, #4470, .T. ) ;
#3865 = ORIENTED_EDGE ( 'NONE', *, *, #2578, .F. ) ;
#3866 = EDGE_CURVE ( 'NONE', #6640, #2917, #6218, .T. ) ;
#3867 = CYLINDRICAL_SURFACE ( 'NONE', #2908, 2.024999999999990100 ) ;
#3868 = CARTESIAN_POINT ( 'NONE',  ( 6.750000000000000900, 8.000000000000007100, -15.99999999999999600 ) ) ;
#3869 = ORIENTED_EDGE ( 'NONE', *, *, #3451, .T. ) ;
#3870 = EDGE_LOOP ( 'NONE', ( #2515, #6111, #1396, #3973 ) ) ;
#3871 = DIRECTION ( 'NONE',  ( 0.0000000000000000000, 0.7071067811865501300, 0.7071067811865450200 ) ) ;
#3872 = CARTESIAN_POINT ( 'NONE',  ( 1.250000000000000200, 58.56810876809721800, -10.56810876809725700 ) ) ;
#3873 = FACE_BOUND ( 'NONE', #2625, .T. ) ;
#3874 = AXIS2_PLACEMENT_3D ( 'NONE', #5898, #3239, #1566 ) ;
#3875 = FACE_OUTER_BOUND ( 'NONE', #6384, .T. ) ;
#3876 = ORIENTED_EDGE ( 'NONE', *, *, #6900, .F. ) ;
#3877 = DIRECTION ( 'NONE',  ( 0.0000000000000000000, 0.0000000000000000000, -1.000000000000000000 ) ) ;
#3878 = DIRECTION ( 'NONE',  ( -1.000000000000000000, -0.0000000000000000000, -0.0000000000000000000 ) ) ;
#3879 = VERTEX_POINT ( 'NONE', #2772 ) ;
#3880 = ORIENTED_EDGE ( 'NONE', *, *, #6633, .F. ) ;
#3881 = LINE ( 'NONE', #429, #4956 ) ;
#3882 = CARTESIAN_POINT ( 'NONE',  ( 1.250000000000000200, 80.00000000000000000, -7.999999999999994700 ) ) ;
#3883 = ADVANCED_FACE ( 'NONE', ( #3905 ), #2376, .F. ) ;
#3884 = FACE_OUTER_BOUND ( 'NONE', #533, .T. ) ;
#3885 = FACE_OUTER_BOUND ( 'NONE', #2676, .T. ) ;
#3886 = ORIENTED_EDGE ( 'NONE', *, *, #5011, .T. ) ;
#3887 = PERSON_AND_ORGANIZATION ( #2503, #6887 ) ;
#3888 = VERTEX_POINT ( 'NONE', #1244 ) ;
#3889 = AXIS2_PLACEMENT_3D ( 'NONE', #2569, #1475, #6260 ) ;
#3890 = CARTESIAN_POINT ( 'NONE',  ( 1.250000000000000200, 105.4318912319027500, 6.568108768097250300 ) ) ;
#3891 = LINE ( 'NONE', #2479, #1378 ) ;
#3892 = DIRECTION ( 'NONE',  ( 1.000000000000000000, -0.0000000000000000000, 0.0000000000000000000 ) ) ;
#3893 = FACE_OUTER_BOUND ( 'NONE', #2635, .T. ) ;
#3894 = EDGE_CURVE ( 'NONE', #2478, #920, #6648, .T. ) ;
#3895 = ORIENTED_EDGE ( 'NONE', *, *, #989, .T. ) ;
#3896 = ORIENTED_EDGE ( 'NONE', *, *, #5361, .T. ) ;
#3897 = EDGE_LOOP ( 'NONE', ( #3710, #4871, #520, #4488 ) ) ;
#3898 = CARTESIAN_POINT ( 'NONE',  ( 1.250000000000000200, 55.99999999999999300, 8.000000000000000000 ) ) ;
#3899 = FACE_BOUND ( 'NONE', #734, .T. ) ;
#3900 = FACE_OUTER_BOUND ( 'NONE', #6875, .T. ) ;
#3901 = DIRECTION ( 'NONE',  ( -1.826024711554532900E-016, 0.0000000000000000000, 1.000000000000000000 ) ) ;
#3902 = VERTEX_POINT ( 'NONE', #1735 ) ;
#3903 = AXIS2_PLACEMENT_3D ( 'NONE', #4658, #4637, #959 ) ;
#3904 = DIRECTION ( 'NONE',  ( 3.652049423109066300E-016, -0.0000000000000000000, -1.000000000000000000 ) ) ;
#3905 = FACE_OUTER_BOUND ( 'NONE', #2869, .T. ) ;
#3906 = ORIENTED_EDGE ( 'NONE', *, *, #3030, .T. ) ;
#3907 = EDGE_LOOP ( 'NONE', ( #4678, #1854 ) ) ;
#3908 = EDGE_CURVE ( 'NONE', #4048, #204, #4900, .T. ) ;
#3909 = EDGE_CURVE ( 'NONE', #2281, #2525, #954, .T. ) ;
#3910 = ORIENTED_EDGE ( 'NONE', *, *, #538, .F. ) ;
#3911 = VERTEX_POINT ( 'NONE', #1363 ) ;
#3912 = ADVANCED_FACE ( 'NONE', ( #6122, #2614, #6051, #6369, #378, #6056, #6301, #4569, #617, #5208, #5890, #4645, #3472, #3732, #6464 ), #295, .F. ) ;
#3913 = AXIS2_PLACEMENT_3D ( 'NONE', #6229, #1410, #317 ) ;
#3914 = DIRECTION ( 'NONE',  ( 0.0000000000000000000, 0.0000000000000000000, -1.000000000000000000 ) ) ;
#3915 = ORIENTED_EDGE ( 'NONE', *, *, #4617, .F. ) ;
#3916 = EDGE_CURVE ( 'NONE', #815, #3510, #2286, .T. ) ;
#3917 = CARTESIAN_POINT ( 'NONE',  ( 10.75000000000002300, 0.0000000000000000000, -1.491862189340059100E-014 ) ) ;
#3918 = DIRECTION ( 'NONE',  ( 1.000000000000000000, 0.0000000000000000000, 0.0000000000000000000 ) ) ;
#3919 = DIRECTION ( 'NONE',  ( 1.000000000000000000, -0.0000000000000000000, -0.0000000000000000000 ) ) ;
#3920 = CARTESIAN_POINT ( 'NONE',  ( -1.249999999999999800, 41.43189123190276700, -9.431891231902755000 ) ) ;
#3921 = AXIS2_PLACEMENT_3D ( 'NONE', #5869, #1158, #4896 ) ;
#3922 = ORIENTED_EDGE ( 'NONE', *, *, #4222, .F. ) ;
#3923 = EDGE_CURVE ( 'NONE', #2993, #4828, #2698, .T. ) ;
#3924 = CARTESIAN_POINT ( 'NONE',  ( 4.724999999999991700, 96.00000000000000000, 16.00000000000000400 ) ) ;
#3925 = CARTESIAN_POINT ( 'NONE',  ( 6.750000000000000000, 104.0000000000000100, -13.50000000000000200 ) ) ;
#3926 = LINE ( 'NONE', #4459, #6584 ) ;
#3927 = ORIENTED_EDGE ( 'NONE', *, *, #6913, .T. ) ;
#3928 = DIRECTION ( 'NONE',  ( 0.0000000000000000000, 0.0000000000000000000, -1.000000000000000000 ) ) ;
#3929 = AXIS2_PLACEMENT_3D ( 'NONE', #2829, #818, #1852 ) ;
#3930 = CARTESIAN_POINT ( 'NONE',  ( -1.249999999999999800, 54.56810876809724000, -9.431891231902755000 ) ) ;
#3931 = CARTESIAN_POINT ( 'NONE',  ( -1.249999999999999800, 17.43189123190276000, 9.431891231902762100 ) ) ;
#3932 = CYLINDRICAL_SURFACE ( 'NONE', #4188, 2.025000000000000800 ) ;
#3933 = CARTESIAN_POINT ( 'NONE',  ( 10.75000000000000000, 120.0000000000000000, 15.99999999999999600 ) ) ;
#3934 = ORIENTED_EDGE ( 'NONE', *, *, #1088, .T. ) ;
#3935 = EDGE_LOOP ( 'NONE', ( #1237, #4688 ) ) ;
#3936 = CARTESIAN_POINT ( 'NONE',  ( -1.249999999999999800, 63.51471862576143900, -8.485281374238566000 ) ) ;
#3937 = PLANE ( 'NONE',  #4031 ) ;
#3938 = FACE_OUTER_BOUND ( 'NONE', #302, .T. ) ;
#3939 = LINE ( 'NONE', #6150, #6012 ) ;
#3940 = ADVANCED_FACE ( 'NONE', ( #3900 ), #1316, .F. ) ;
#3941 = EDGE_CURVE ( 'NONE', #5788, #6617, #215, .T. ) ;
#3942 = AXIS2_PLACEMENT_3D ( 'NONE', #3247, #2181, #5406 ) ;
#3943 = ORIENTED_EDGE ( 'NONE', *, *, #2735, .T. ) ;
#3944 = ORIENTED_EDGE ( 'NONE', *, *, #4865, .F. ) ;
#3945 = CARTESIAN_POINT ( 'NONE',  ( -1.249999999999999800, 24.00000000000000000, 0.0000000000000000000 ) ) ;
#3946 = FACE_BOUND ( 'NONE', #1196, .T. ) ;
#3947 = VECTOR ( 'NONE', #4339, 1000.000000000000000 ) ;
#3948 = PLANE ( 'NONE',  #5019 ) ;
#3949 = VERTEX_POINT ( 'NONE', #224 ) ;
#3950 = AXIS2_PLACEMENT_3D ( 'NONE', #4856, #3796, #572 ) ;
#3951 = ORIENTED_EDGE ( 'NONE', *, *, #6492, .T. ) ;
#3952 = EDGE_LOOP ( 'NONE', ( #6244, #4928 ) ) ;
#3953 = EDGE_CURVE ( 'NONE', #1923, #2372, #3044, .T. ) ;
#3954 = LINE ( 'NONE', #3816, #1191 ) ;
#3955 = CARTESIAN_POINT ( 'NONE',  ( -1.249999999999999800, 33.43189123190274600, 6.568108768097250300 ) ) ;
#3956 = CARTESIAN_POINT ( 'NONE',  ( 1.250000000000000200, 64.94660985766418500, 9.917172606141322800 ) ) ;
#3957 = VECTOR ( 'NONE', #5519, 1000.000000000000000 ) ;
#3958 = DIRECTION ( 'NONE',  ( 3.652049423109066300E-016, 0.0000000000000000000, -1.000000000000000000 ) ) ;
#3959 = DIRECTION ( 'NONE',  ( 1.000000000000000000, -0.0000000000000000000, -0.0000000000000000000 ) ) ;
#3960 = CYLINDRICAL_SURFACE ( 'NONE', #327, 2.024999999999998100 ) ;
#3961 = ORIENTED_EDGE ( 'NONE', *, *, #2506, .T. ) ;
#3962 = DATE_AND_TIME ( #3202, #202 ) ;
#3963 = DIRECTION ( 'NONE',  ( -1.826024711554532900E-016, 0.0000000000000000000, 1.000000000000000000 ) ) ;
#3964 = VERTEX_POINT ( 'NONE', #240 ) ;
#3965 = ORIENTED_EDGE ( 'NONE', *, *, #1016, .F. ) ;
#3966 = CARTESIAN_POINT ( 'NONE',  ( -1.249999999999999800, 59.31370849898476600, 0.0000000000000000000 ) ) ;
#3967 = AXIS2_PLACEMENT_3D ( 'NONE', #1448, #3123, #1543 ) ;
#3968 = CIRCLE ( 'NONE', #4737, 2.025000000000000800 ) ;
#3969 = PLANE ( 'NONE',  #1836 ) ;
#3970 = ORIENTED_EDGE ( 'NONE', *, *, #2084, .T. ) ;
#3971 = DIRECTION ( 'NONE',  ( 0.0000000000000000000, -0.7071067811865463500, -0.7071067811865487900 ) ) ;
#3972 = EDGE_CURVE ( 'NONE', #385, #3766, #6551, .T. ) ;
#3973 = ORIENTED_EDGE ( 'NONE', *, *, #3838, .F. ) ;
#3974 = CARTESIAN_POINT ( 'NONE',  ( 6.749999999999989300, 104.0000000000000100, 16.00000000000000400 ) ) ;
#3975 = LINE ( 'NONE', #140, #6463 ) ;
#3976 = CIRCLE ( 'NONE', #2646, 2.024999999999997200 ) ;
#3977 = CARTESIAN_POINT ( 'NONE',  ( 6.749999999999989300, 96.00000000000000000, 16.00000000000000400 ) ) ;
#3978 = VERTEX_POINT ( 'NONE', #4520 ) ;
#3979 = VERTEX_POINT ( 'NONE', #1293 ) ;
#3980 = DIRECTION ( 'NONE',  ( 0.0000000000000000000, 0.0000000000000000000, -1.000000000000000000 ) ) ;
#3981 = AXIS2_PLACEMENT_3D ( 'NONE', #3754, #6405, #3675 ) ;
#3982 = ADVANCED_FACE ( 'NONE', ( #48 ), #6105, .F. ) ;
#3983 = DIRECTION ( 'NONE',  ( 3.652049423109066300E-016, -0.0000000000000000000, -1.000000000000000000 ) ) ;
#3984 = ORIENTED_EDGE ( 'NONE', *, *, #6040, .T. ) ;
#3985 = DIRECTION ( 'NONE',  ( 0.0000000000000000000, 0.0000000000000000000, -1.000000000000000000 ) ) ;
#3986 = ORIENTED_EDGE ( 'NONE', *, *, #6538, .F. ) ;
#3987 = DIRECTION ( 'NONE',  ( 0.0000000000000000000, 0.0000000000000000000, -1.000000000000000000 ) ) ;
#3988 = DIRECTION ( 'NONE',  ( 1.000000000000000000, -0.0000000000000000000, 0.0000000000000000000 ) ) ;
#3989 = DIRECTION ( 'NONE',  ( 1.826024711554532900E-016, -0.0000000000000000000, 1.000000000000000000 ) ) ;
#3990 = LINE ( 'NONE', #5880, #1143 ) ;
#3991 = PLANE ( 'NONE',  #2563 ) ;
#3992 = EDGE_CURVE ( 'NONE', #6288, #4794, #4718, .T. ) ;
#3993 = AXIS2_PLACEMENT_3D ( 'NONE', #2724, #171, #4873 ) ;
#3994 = ORIENTED_EDGE ( 'NONE', *, *, #61, .T. ) ;
#3995 = CARTESIAN_POINT ( 'NONE',  ( -1.249999999999999800, 85.43189123190262500, 13.43189123190273400 ) ) ;
#3996 = EDGE_LOOP ( 'NONE', ( #4245, #6361, #675, #4812 ) ) ;
#3997 = DIRECTION ( 'NONE',  ( 1.000000000000000000, -0.0000000000000000000, -0.0000000000000000000 ) ) ;
#3998 = ORIENTED_EDGE ( 'NONE', *, *, #4731, .T. ) ;
#3999 = LINE ( 'NONE', #1272, #2394 ) ;
#4000 = EDGE_CURVE ( 'NONE', #6707, #6367, #6725, .T. ) ;
#4001 = DIRECTION ( 'NONE',  ( -1.826024711554532900E-016, 0.0000000000000000000, 1.000000000000000000 ) ) ;
#4002 = CARTESIAN_POINT ( 'NONE',  ( 8.774999999999987900, 56.00000000000000700, 16.00000000000000400 ) ) ;
#4003 = EDGE_CURVE ( 'NONE', #2372, #4391, #1635, .T. ) ;
#4004 = EDGE_LOOP ( 'NONE', ( #2107, #2742, #1343, #1692 ) ) ;
#4005 = ORIENTED_EDGE ( 'NONE', *, *, #5699, .F. ) ;
#4006 = CARTESIAN_POINT ( 'NONE',  ( 1.250000000000000200, 15.51471862576143900, -8.485281374238566000 ) ) ;
#4007 = AXIS2_PLACEMENT_3D ( 'NONE', #4801, #4842, #6535 ) ;
#4008 = CARTESIAN_POINT ( 'NONE',  ( 2.465133360598619700E-015, 120.0000000000000000, -13.50000000000000200 ) ) ;
#4009 = DIRECTION ( 'NONE',  ( 1.000000000000000000, -0.0000000000000000000, -0.0000000000000000000 ) ) ;
#4011 = EDGE_CURVE ( 'NONE', #1840, #6421, #1801, .T. ) ;
#4010 = VECTOR ( 'NONE', #66, 1000.000000000000000 ) ;
#4012 = ORIENTED_EDGE ( 'NONE', *, *, #960, .T. ) ;
#4013 = DIRECTION ( 'NONE',  ( 1.000000000000000000, -0.0000000000000000000, -0.0000000000000000000 ) ) ;
#4014 = DIRECTION ( 'NONE',  ( 1.000000000000000000, 0.0000000000000000000, 0.0000000000000000000 ) ) ;
#4015 = DIRECTION ( 'NONE',  ( 0.0000000000000000000, 0.7071067811865505700, -0.7071067811865444600 ) ) ;
#4016 = DIRECTION ( 'NONE',  ( 1.000000000000000000, -0.0000000000000000000, -0.0000000000000000000 ) ) ;
#4017 = VERTEX_POINT ( 'NONE', #5003 ) ;
#4018 = DIRECTION ( 'NONE',  ( 1.000000000000000000, -0.0000000000000000000, -0.0000000000000000000 ) ) ;
#4019 = ADVANCED_FACE ( 'NONE', ( #1466 ), #5531, .F. ) ;
#4020 = AXIS2_PLACEMENT_3D ( 'NONE', #1067, #1086, #3158 ) ;
#4021 = ORIENTED_EDGE ( 'NONE', *, *, #4011, .T. ) ;
#4022 = VECTOR ( 'NONE', #5273, 1000.000000000000000 ) ;
#4023 = EDGE_CURVE ( 'NONE', #1811, #5250, #2862, .T. ) ;
#4024 = ORIENTED_EDGE ( 'NONE', *, *, #4617, .T. ) ;
#4025 = CARTESIAN_POINT ( 'NONE',  ( 10.75000000000002300, 120.0000000000000000, -1.491862189340059100E-014 ) ) ;
#4026 = DIRECTION ( 'NONE',  ( 0.0000000000000000000, 0.0000000000000000000, -1.000000000000000000 ) ) ;
#4027 = VERTEX_POINT ( 'NONE', #3931 ) ;
#4028 = ORIENTED_EDGE ( 'NONE', *, *, #1924, .T. ) ;
#4029 = CARTESIAN_POINT ( 'NONE',  ( -1.249999999999999800, 17.43189123190276000, 9.431891231902762100 ) ) ;
#4030 = VECTOR ( 'NONE', #5923, 999.9999999999998900 ) ;
#4031 = AXIS2_PLACEMENT_3D ( 'NONE', #1818, #1321, #2410 ) ;
#4032 = CARTESIAN_POINT ( 'NONE',  ( 6.750000000000000000, 40.00000000000000700, -13.50000000000000200 ) ) ;
#4033 = ORIENTED_EDGE ( 'NONE', *, *, #5401, .T. ) ;
#4034 = ORIENTED_EDGE ( 'NONE', *, *, #412, .F. ) ;
#4035 = CARTESIAN_POINT ( 'NONE',  ( 1.250000000000000200, 56.48528137423856100, 8.485281374238569500 ) ) ;
#4036 = CIRCLE ( 'NONE', #1974, 2.024999999999997200 ) ;
#4037 = DIRECTION ( 'NONE',  ( 1.000000000000000000, -0.0000000000000000000, 0.0000000000000000000 ) ) ;
#4038 = CARTESIAN_POINT ( 'NONE',  ( -1.249999999999999800, 62.56810876809724700, -6.568108768097241400 ) ) ;
#4039 = ORIENTED_EDGE ( 'NONE', *, *, #3520, .F. ) ;
#4040 = EDGE_LOOP ( 'NONE', ( #635, #210, #6350, #5976, #686 ) ) ;
#4041 = EDGE_CURVE ( 'NONE', #6506, #1909, #876, .T. ) ;
#4042 = EDGE_CURVE ( 'NONE', #3813, #6804, #2116, .T. ) ;
#4043 = LINE ( 'NONE', #4247, #5520 ) ;
#4044 = CYLINDRICAL_SURFACE ( 'NONE', #2855, 2.024999999999998100 ) ;
#4045 = ORIENTED_EDGE ( 'NONE', *, *, #1870, .F. ) ;
#4046 = CALENDAR_DATE ( 2022, 26, 4 ) ;
#4047 = ORIENTED_EDGE ( 'NONE', *, *, #3829, .F. ) ;
#4048 = VERTEX_POINT ( 'NONE', #1431 ) ;
#4049 = DIRECTION ( 'NONE',  ( -1.000000000000000000, 0.0000000000000000000, -0.0000000000000000000 ) ) ;
#4050 = FACE_OUTER_BOUND ( 'NONE', #6209, .T. ) ;
#4051 = FACE_BOUND ( 'NONE', #2430, .T. ) ;
#4052 = CARTESIAN_POINT ( 'NONE',  ( 1.250000000000000200, 84.68629150101523400, 0.0000000000000000000 ) ) ;
#4053 = CIRCLE ( 'NONE', #6065, 2.024999999999998100 ) ;
#4054 = AXIS2_PLACEMENT_3D ( 'NONE', #4664, #5280, #4291 ) ;
#4055 = ORIENTED_EDGE ( 'NONE', *, *, #2190, .F. ) ;
#4056 = EDGE_CURVE ( 'NONE', #2823, #2789, #4308, .T. ) ;
#4057 = ORIENTED_EDGE ( 'NONE', *, *, #150, .F. ) ;
#4058 = ADVANCED_FACE ( 'NONE', ( #6811 ), #703, .F. ) ;
#4059 = CARTESIAN_POINT ( 'NONE',  ( -1.249999999999999800, 34.56810876809722500, -10.56810876809725700 ) ) ;
#4060 = CARTESIAN_POINT ( 'NONE',  ( -1.249999999999999800, 60.68629150101524100, 0.0000000000000000000 ) ) ;
#4061 = FACE_OUTER_BOUND ( 'NONE', #5197, .T. ) ;
#4062 = DIRECTION ( 'NONE',  ( 1.000000000000000000, 0.0000000000000000000, 0.0000000000000000000 ) ) ;
#4063 = CARTESIAN_POINT ( 'NONE',  ( -1.249999999999999800, 120.0000000000000000, -16.00000000000000000 ) ) ;
#4064 = ORIENTED_EDGE ( 'NONE', *, *, #937, .T. ) ;
#4065 = ORIENTED_EDGE ( 'NONE', *, *, #4899, .F. ) ;
#4066 = AXIS2_PLACEMENT_3D ( 'NONE', #4344, #5904, #6426 ) ;
#4067 = DIRECTION ( 'NONE',  ( 1.000000000000000000, -0.0000000000000000000, -0.0000000000000000000 ) ) ;
#4068 = CIRCLE ( 'NONE', #6499, 2.025000000000001700 ) ;
#4069 = EDGE_CURVE ( 'NONE', #4828, #2482, #1130, .T. ) ;
#4070 = EDGE_LOOP ( 'NONE', ( #5454, #3847, #1019, #1034 ) ) ;
#4071 = ORIENTED_EDGE ( 'NONE', *, *, #997, .F. ) ;
#4072 = CARTESIAN_POINT ( 'NONE',  ( 1.250000000000000200, 59.31370849898476600, 2.024999999999999900 ) ) ;
#4073 = FACE_OUTER_BOUND ( 'NONE', #3733, .T. ) ;
#4074 = ORIENTED_EDGE ( 'NONE', *, *, #6552, .T. ) ;
#4075 = CARTESIAN_POINT ( 'NONE',  ( 6.749999999999989300, 72.00000000000001400, 16.00000000000000400 ) ) ;
#4076 = AXIS2_PLACEMENT_3D ( 'NONE', #5450, #3330, #143 ) ;
#4077 = EDGE_LOOP ( 'NONE', ( #4552, #5978, #4471, #4354 ) ) ;
#4078 = DIRECTION ( 'NONE',  ( 0.0000000000000000000, 0.0000000000000000000, -1.000000000000000000 ) ) ;
#4079 = CARTESIAN_POINT ( 'NONE',  ( 6.750000000000000900, 72.00000000000001400, -15.99999999999999600 ) ) ;
#4080 = DIRECTION ( 'NONE',  ( 1.000000000000000000, -0.0000000000000000000, -0.0000000000000000000 ) ) ;
#4081 = ORIENTED_EDGE ( 'NONE', *, *, #4107, .F. ) ;
#4082 = CARTESIAN_POINT ( 'NONE',  ( 6.749999999999989300, 8.000000000000007100, 16.00000000000000400 ) ) ;
#4083 = EDGE_CURVE ( 'NONE', #6618, #714, #5549, .T. ) ;
#4084 = AXIS2_PLACEMENT_3D ( 'NONE', #3995, #5489, #4015 ) ;
#4085 = VECTOR ( 'NONE', #3822, 1000.000000000000000 ) ;
#4086 = ORIENTED_EDGE ( 'NONE', *, *, #3894, .F. ) ;
#4087 = CARTESIAN_POINT ( 'NONE',  ( 4.724999999999991700, 88.00000000000002800, 16.00000000000000400 ) ) ;
#4088 = DIRECTION ( 'NONE',  ( 0.0000000000000000000, 0.0000000000000000000, 1.000000000000000000 ) ) ;
#4089 = ADVANCED_FACE ( 'NONE', ( #790 ), #4892, .F. ) ;
#4090 = EDGE_CURVE ( 'NONE', #5768, #6506, #5297, .T. ) ;
#4091 = CARTESIAN_POINT ( 'NONE',  ( -1.249999999999999800, 31.05339014233581100, -9.917172606141329900 ) ) ;
#4092 = VECTOR ( 'NONE', #5023, 1000.000000000000000 ) ;
#4093 = FACE_OUTER_BOUND ( 'NONE', #5194, .T. ) ;
#4094 = ORIENTED_EDGE ( 'NONE', *, *, #1890, .F. ) ;
#4095 = CARTESIAN_POINT ( 'NONE',  ( 8.774999999999987900, 32.00000000000000700, 16.00000000000000400 ) ) ;
#4096 = AXIS2_PLACEMENT_3D ( 'NONE', #6180, #2992, #1438 ) ;
#4097 = LINE ( 'NONE', #6865, #82 ) ;
#4098 = CARTESIAN_POINT ( 'NONE',  ( 1.250000000000000200, 48.00000000000000000, 2.024999999999999900 ) ) ;
#4099 = ORIENTED_EDGE ( 'NONE', *, *, #5823, .T. ) ;
#4100 = ORIENTED_EDGE ( 'NONE', *, *, #6816, .F. ) ;
#4101 = CARTESIAN_POINT ( 'NONE',  ( -1.249999999999999800, 61.43189123190237000, 58.56810876809721100 ) ) ;
#4102 = CIRCLE ( 'NONE', #4456, 2.025000000000002600 ) ;
#4103 = FACE_OUTER_BOUND ( 'NONE', #4725, .T. ) ;
#4104 = ORIENTED_EDGE ( 'NONE', *, *, #5385, .F. ) ;
#4105 = ORIENTED_EDGE ( 'NONE', *, *, #5225, .F. ) ;
#4106 = LINE ( 'NONE', #1977, #2505 ) ;
#4107 = EDGE_CURVE ( 'NONE', #5997, #2393, #5380, .T. ) ;
#4108 = VECTOR ( 'NONE', #4702, 1000.000000000000000 ) ;
#4109 = CARTESIAN_POINT ( 'NONE',  ( -1.249999999999999800, 17.43189123190276700, -9.431891231902755000 ) ) ;
#4110 = ORIENTED_EDGE ( 'NONE', *, *, #1060, .F. ) ;
#4111 = EDGE_LOOP ( 'NONE', ( #744, #1507, #5056, #4969 ) ) ;
#4112 = LINE ( 'NONE', #4443, #2670 ) ;
#4113 = CARTESIAN_POINT ( 'NONE',  ( -1.249999999999999800, 60.68629150101524100, -2.024999999999999900 ) ) ;
#4114 = EDGE_CURVE ( 'NONE', #4027, #5358, #6635, .T. ) ;
#4115 = CIRCLE ( 'NONE', #6193, 2.024999999999997200 ) ;
#4116 = ORIENTED_EDGE ( 'NONE', *, *, #5377, .T. ) ;
#4117 = ORIENTED_EDGE ( 'NONE', *, *, #3672, .F. ) ;
#4118 = EDGE_LOOP ( 'NONE', ( #2998, #6187 ) ) ;
#4119 = LINE ( 'NONE', #5756, #1528 ) ;
#4120 = ADVANCED_FACE ( 'NONE', ( #5727 ), #1294, .F. ) ;
#4121 = FACE_OUTER_BOUND ( 'NONE', #6684, .T. ) ;
#4122 = LINE ( 'NONE', #2576, #1451 ) ;
#4123 = VERTEX_POINT ( 'NONE', #860 ) ;
#4124 = DIRECTION ( 'NONE',  ( 0.0000000000000000000, 0.7071067811865469100, 0.7071067811865482400 ) ) ;
#4125 = APPROVAL_ROLE ( '' ) ;
#4126 = COORDINATED_UNIVERSAL_TIME_OFFSET ( 6, 0, .BEHIND. ) ;
#4127 = VERTEX_POINT ( 'NONE', #2396 ) ;
#4128 = VERTEX_POINT ( 'NONE', #2961 ) ;
#4129 = EDGE_CURVE ( 'NONE', #2842, #1690, #537, .T. ) ;
#4130 = FACE_BOUND ( 'NONE', #5379, .T. ) ;
#4131 = EDGE_CURVE ( 'NONE', #6263, #4127, #5968, .T. ) ;
#4132 = FACE_BOUND ( 'NONE', #3319, .T. ) ;
#4133 = VERTEX_POINT ( 'NONE', #2900 ) ;
#4134 = DIRECTION ( 'NONE',  ( 0.0000000000000000000, 0.0000000000000000000, -1.000000000000000000 ) ) ;
#4135 = VERTEX_POINT ( 'NONE', #2450 ) ;
#4136 = CARTESIAN_POINT ( 'NONE',  ( -1.249999999999999800, 36.68629150101524100, 0.0000000000000000000 ) ) ;
#4137 = CARTESIAN_POINT ( 'NONE',  ( -1.249999999999999800, 11.31370849898475900, 2.024999999999999900 ) ) ;
#4138 = AXIS2_PLACEMENT_3D ( 'NONE', #1487, #3141, #3679 ) ;
#4139 = EDGE_CURVE ( 'NONE', #6925, #771, #1222, .T. ) ;
#4140 = CIRCLE ( 'NONE', #136, 2.024999999999998100 ) ;
#4141 = VECTOR ( 'NONE', #4575, 1000.000000000000000 ) ;
#4142 = VERTEX_POINT ( 'NONE', #4587 ) ;
#4143 = CARTESIAN_POINT ( 'NONE',  ( -1.249999999999999800, 31.99999999999999300, 8.000000000000000000 ) ) ;
#4144 = VERTEX_POINT ( 'NONE', #3483 ) ;
#4145 = DIRECTION ( 'NONE',  ( 1.000000000000000000, 0.0000000000000000000, 0.0000000000000000000 ) ) ;
#4146 = CARTESIAN_POINT ( 'NONE',  ( 1.250000000000000200, 63.51471862576143900, -8.485281374238566000 ) ) ;
#4147 = AXIS2_PLACEMENT_3D ( 'NONE', #1100, #599, #623 ) ;
#4148 = VERTEX_POINT ( 'NONE', #4566 ) ;
#4149 = ORIENTED_EDGE ( 'NONE', *, *, #960, .F. ) ;
#4150 = CARTESIAN_POINT ( 'NONE',  ( 1.250000000000000200, 85.43189123190278200, -13.43189123190275300 ) ) ;
#4151 = PLANE ( 'NONE',  #2002 ) ;
#4152 = DIRECTION ( 'NONE',  ( 3.652049423109066300E-016, -0.0000000000000000000, -1.000000000000000000 ) ) ;
#4153 = EDGE_CURVE ( 'NONE', #5387, #6896, #2956, .T. ) ;
#4154 = ADVANCED_FACE ( 'NONE', ( #4478 ), #3523, .F. ) ;
#4155 = DIRECTION ( 'NONE',  ( 1.000000000000000000, -0.0000000000000000000, -0.0000000000000000000 ) ) ;
#4156 = ORIENTED_EDGE ( 'NONE', *, *, #6863, .F. ) ;
#4157 = CARTESIAN_POINT ( 'NONE',  ( -1.249999999999999800, 39.51471862576143200, 8.485281374238569500 ) ) ;
#4158 = CARTESIAN_POINT ( 'NONE',  ( 6.749999999999989300, 8.000000000000007100, 16.00000000000000400 ) ) ;
#4159 = VECTOR ( 'NONE', #5343, 1000.000000000000000 ) ;
#4160 = CARTESIAN_POINT ( 'NONE',  ( -1.249999999999999800, 62.08282739385867200, 7.053390142335810100 ) ) ;
#4161 = CARTESIAN_POINT ( 'NONE',  ( 8.774999999999998600, 8.000000000000007100, -15.99999999999999600 ) ) ;
#4162 = AXIS2_PLACEMENT_3D ( 'NONE', #5491, #4990, #6568 ) ;
#4163 = ORIENTED_EDGE ( 'NONE', *, *, #2633, .F. ) ;
#4164 = LINE ( 'NONE', #2219, #233 ) ;
#4165 = DIRECTION ( 'NONE',  ( 1.000000000000000000, -0.0000000000000000000, -0.0000000000000000000 ) ) ;
#4166 = DIRECTION ( 'NONE',  ( -1.000000000000000000, 0.0000000000000000000, 0.0000000000000000000 ) ) ;
#4167 = CARTESIAN_POINT ( 'NONE',  ( -1.249999999999999800, 88.00000000000001400, 8.000000000000000000 ) ) ;
#4168 = LINE ( 'NONE', #3366, #5229 ) ;
#4169 = CARTESIAN_POINT ( 'NONE',  ( 1.250000000000000200, 48.00000000000000000, 0.0000000000000000000 ) ) ;
#4170 = VERTEX_POINT ( 'NONE', #6146 ) ;
#4171 = EDGE_CURVE ( 'NONE', #4282, #4762, #4562, .T. ) ;
#4172 = DIRECTION ( 'NONE',  ( 1.826024711554532900E-016, -0.0000000000000000000, 1.000000000000000000 ) ) ;
#4173 = VECTOR ( 'NONE', #2178, 1000.000000000000000 ) ;
#4174 = FACE_OUTER_BOUND ( 'NONE', #4512, .T. ) ;
#4175 = CARTESIAN_POINT ( 'NONE',  ( -1.249999999999999800, 58.56810876809764500, 61.43189123190278900 ) ) ;
#4176 = ORIENTED_EDGE ( 'NONE', *, *, #807, .F. ) ;
#4177 = DIRECTION ( 'NONE',  ( 3.652049423109066300E-016, -0.0000000000000000000, -1.000000000000000000 ) ) ;
#4178 = DIRECTION ( 'NONE',  ( 0.0000000000000000000, 0.0000000000000000000, -1.000000000000000000 ) ) ;
#4179 = DIRECTION ( 'NONE',  ( 1.000000000000000000, -0.0000000000000000000, 0.0000000000000000000 ) ) ;
#4180 = AXIS2_PLACEMENT_3D ( 'NONE', #2904, #6652, #671 ) ;
#4181 = EDGE_CURVE ( 'NONE', #473, #3167, #1709, .T. ) ;
#4182 = VERTEX_POINT ( 'NONE', #5628 ) ;
#4183 = CARTESIAN_POINT ( 'NONE',  ( -1.249999999999999800, 88.00000000000001400, 8.000000000000000000 ) ) ;
#4184 = VERTEX_POINT ( 'NONE', #6651 ) ;
#4185 = FACE_OUTER_BOUND ( 'NONE', #4234, .T. ) ;
#4186 = ORIENTED_EDGE ( 'NONE', *, *, #5835, .T. ) ;
#4187 = CARTESIAN_POINT ( 'NONE',  ( 6.749999999999989300, 56.00000000000000700, 16.00000000000000400 ) ) ;
#4188 = AXIS2_PLACEMENT_3D ( 'NONE', #6738, #4067, #1948 ) ;
#4189 = CARTESIAN_POINT ( 'NONE',  ( 1.250000000000000200, 35.31370849898475900, 0.0000000000000000000 ) ) ;
#4190 = ORIENTED_EDGE ( 'NONE', *, *, #4422, .F. ) ;
#4191 = EDGE_LOOP ( 'NONE', ( #303, #2532, #6420, #2267 ) ) ;
#4192 = CYLINDRICAL_SURFACE ( 'NONE', #70, 2.024999999999990100 ) ;
#4193 = EDGE_CURVE ( 'NONE', #6329, #6754, #298, .T. ) ;
#4194 = CARTESIAN_POINT ( 'NONE',  ( -1.249999999999999800, 89.43189123190276700, 9.431891231902762100 ) ) ;
#4195 = VERTEX_POINT ( 'NONE', #3553 ) ;
#4196 = ORIENTED_EDGE ( 'NONE', *, *, #424, .F. ) ;
#4197 = DIRECTION ( 'NONE',  ( 1.000000000000000000, -0.0000000000000000000, -0.0000000000000000000 ) ) ;
#4198 = VECTOR ( 'NONE', #4284, 1000.000000000000000 ) ;
#4199 = CIRCLE ( 'NONE', #2680, 2.025000000000000800 ) ;
#4200 = ORIENTED_EDGE ( 'NONE', *, *, #1401, .F. ) ;
#4201 = AXIS2_PLACEMENT_3D ( 'NONE', #4082, #1886, #6175 ) ;
#4202 = ORIENTED_EDGE ( 'NONE', *, *, #4090, .F. ) ;
#4203 = DIRECTION ( 'NONE',  ( 3.652049423109066300E-016, 0.0000000000000000000, -1.000000000000000000 ) ) ;
#4204 = LINE ( 'NONE', #3618, #6445 ) ;
#4205 = CARTESIAN_POINT ( 'NONE',  ( 8.774999999999987900, 32.00000000000000700, 16.00000000000000400 ) ) ;
#4206 = EDGE_LOOP ( 'NONE', ( #3645, #6368, #1676, #4906 ) ) ;
#4207 = EDGE_LOOP ( 'NONE', ( #2225, #265, #3686, #5135 ) ) ;
#4208 = ORIENTED_EDGE ( 'NONE', *, *, #2520, .F. ) ;
#4209 = LINE ( 'NONE', #1762, #4622 ) ;
#4210 = EDGE_CURVE ( 'NONE', #6068, #6775, #3128, .T. ) ;
#4211 = AXIS2_PLACEMENT_3D ( 'NONE', #4682, #967, #3660 ) ;
#4212 = CIRCLE ( 'NONE', #1739, 6.999999999999999100 ) ;
#4213 = CARTESIAN_POINT ( 'NONE',  ( -1.249999999999999800, 61.43189123190277500, -13.43189123190275300 ) ) ;
#4214 = LINE ( 'NONE', #2426, #1459 ) ;
#4215 = CARTESIAN_POINT ( 'NONE',  ( -46.75000000000000000, 112.9466098576642000, 9.917172606141312100 ) ) ;
#4216 = VERTEX_POINT ( 'NONE', #4137 ) ;
#4217 = ORIENTED_EDGE ( 'NONE', *, *, #1048, .T. ) ;
#4218 = LINE ( 'NONE', #299, #3807 ) ;
#4219 = CARTESIAN_POINT ( 'NONE',  ( -1.249999999999999800, 105.4318912319027700, -6.568108768097234300 ) ) ;
#4220 = VECTOR ( 'NONE', #3499, 1000.000000000000000 ) ;
#4221 = ADVANCED_FACE ( 'NONE', ( #1883 ), #5576, .F. ) ;
#4222 = EDGE_CURVE ( 'NONE', #5382, #5768, #4395, .T. ) ;
#4223 = EDGE_LOOP ( 'NONE', ( #3205, #1026, #4827, #307 ) ) ;
#4224 = ORIENTED_EDGE ( 'NONE', *, *, #2546, .F. ) ;
#4225 = DIRECTION ( 'NONE',  ( 1.000000000000000000, 0.0000000000000000000, 0.0000000000000000000 ) ) ;
#4226 = ORIENTED_EDGE ( 'NONE', *, *, #1721, .T. ) ;
#4227 = CARTESIAN_POINT ( 'NONE',  ( -1.249999999999999800, 10.56810876809722000, -10.56810876809725700 ) ) ;
#4228 = AXIS2_PLACEMENT_3D ( 'NONE', #1722, #5446, #1673 ) ;
#4229 = ORIENTED_EDGE ( 'NONE', *, *, #4381, .T. ) ;
#4230 = DIRECTION ( 'NONE',  ( 1.000000000000000000, -0.0000000000000000000, 0.0000000000000000000 ) ) ;
#4231 = DIRECTION ( 'NONE',  ( -1.000000000000000000, 0.0000000000000000000, 0.0000000000000000000 ) ) ;
#4232 = VERTEX_POINT ( 'NONE', #3071 ) ;
#4233 = DIRECTION ( 'NONE',  ( 0.0000000000000000000, -0.7071067811865450200, 0.7071067811865501300 ) ) ;
#4234 = EDGE_LOOP ( 'NONE', ( #687, #1800, #3494, #4309 ) ) ;
#4235 = PLANE ( 'NONE',  #715 ) ;
#4236 = AXIS2_PLACEMENT_3D ( 'NONE', #3098, #5215, #5151 ) ;
#4237 = DIRECTION ( 'NONE',  ( 1.000000000000000000, 0.0000000000000000000, 0.0000000000000000000 ) ) ;
#4238 = CARTESIAN_POINT ( 'NONE',  ( -1.249999999999999800, 87.51471862576143200, 8.485281374238569500 ) ) ;
#4239 = ORIENTED_EDGE ( 'NONE', *, *, #6593, .T. ) ;
#4240 = DIRECTION ( 'NONE',  ( 1.826024711554532900E-016, -0.0000000000000000000, 1.000000000000000000 ) ) ;
#4241 = EDGE_CURVE ( 'NONE', #2974, #683, #1550, .T. ) ;
#4242 = DIRECTION ( 'NONE',  ( 3.652049423109066300E-016, -0.0000000000000000000, -1.000000000000000000 ) ) ;
#4243 = DIRECTION ( 'NONE',  ( 3.652049423109066300E-016, -0.0000000000000000000, -1.000000000000000000 ) ) ;
#4244 = CARTESIAN_POINT ( 'NONE',  ( 10.75000000000002300, 120.0000000000000000, -1.491862189340059100E-014 ) ) ;
#4245 = ORIENTED_EDGE ( 'NONE', *, *, #5835, .F. ) ;
#4246 = VERTEX_POINT ( 'NONE', #4161 ) ;
#4247 = CARTESIAN_POINT ( 'NONE',  ( -1.249999999999999800, 72.00000000000001400, -2.024999999999999900 ) ) ;
#4248 = DIRECTION ( 'NONE',  ( 1.000000000000000000, -0.0000000000000000000, -0.0000000000000000000 ) ) ;
#4249 = AXIS2_PLACEMENT_3D ( 'NONE', #6069, #2355, #6636 ) ;
#4250 = LINE ( 'NONE', #6428, #160 ) ;
#4251 = ORIENTED_EDGE ( 'NONE', *, *, #4181, .F. ) ;
#4252 = CARTESIAN_POINT ( 'NONE',  ( -1.249999999999999800, 32.48528137423857500, -8.485281374238564200 ) ) ;
#4253 = CARTESIAN_POINT ( 'NONE',  ( -1.249999999999999800, 88.00000000000001400, 5.974999999999997900 ) ) ;
#4254 = FACE_BOUND ( 'NONE', #5779, .T. ) ;
#4255 = ORIENTED_EDGE ( 'NONE', *, *, #5417, .F. ) ;
#4256 = EDGE_CURVE ( 'NONE', #4846, #5694, #2782, .T. ) ;
#4257 = ADVANCED_FACE ( 'NONE', ( #5804 ), #605, .F. ) ;
#4258 = EDGE_CURVE ( 'NONE', #714, #6457, #5641, .T. ) ;
#4259 = DIRECTION ( 'NONE',  ( -1.000000000000000000, 0.0000000000000000000, -0.0000000000000000000 ) ) ;
#4260 = DIRECTION ( 'NONE',  ( 1.000000000000000000, -0.0000000000000000000, -0.0000000000000000000 ) ) ;
#4261 = DIRECTION ( 'NONE',  ( 1.000000000000000000, -0.0000000000000000000, -0.0000000000000000000 ) ) ;
#4262 = FACE_BOUND ( 'NONE', #3437, .T. ) ;
#4263 = EDGE_LOOP ( 'NONE', ( #1613, #3542, #2931, #4696 ) ) ;
#4264 = AXIS2_PLACEMENT_3D ( 'NONE', #5679, #2985, #6202 ) ;
#4265 = EDGE_CURVE ( 'NONE', #5862, #6917, #4204, .T. ) ;
#4266 = CARTESIAN_POINT ( 'NONE',  ( -1.249999999999999800, 64.00000000000000000, 8.000000000000000000 ) ) ;
#4267 = VECTOR ( 'NONE', #1659, 1000.000000000000100 ) ;
#4268 = DIRECTION ( 'NONE',  ( 1.000000000000000000, -0.0000000000000000000, -0.0000000000000000000 ) ) ;
#4269 = FACE_OUTER_BOUND ( 'NONE', #1003, .T. ) ;
#4270 = VERTEX_POINT ( 'NONE', #4109 ) ;
#4271 = ORIENTED_EDGE ( 'NONE', *, *, #6876, .T. ) ;
#4272 = VECTOR ( 'NONE', #3627, 1000.000000000000000 ) ;
#4273 = CYLINDRICAL_SURFACE ( 'NONE', #3647, 2.024999999999998100 ) ;
#4274 = AXIS2_PLACEMENT_3D ( 'NONE', #3797, #6477, #76 ) ;
#4275 = DIRECTION ( 'NONE',  ( 1.000000000000000000, -0.0000000000000000000, 0.0000000000000000000 ) ) ;
#4276 = VERTEX_POINT ( 'NONE', #2486 ) ;
#4277 = ORIENTED_EDGE ( 'NONE', *, *, #3451, .F. ) ;
#4278 = LINE ( 'NONE', #4799, #4198 ) ;
#4279 = EDGE_CURVE ( 'NONE', #2187, #2766, #103, .T. ) ;
#4280 = FACE_BOUND ( 'NONE', #6110, .T. ) ;
#4281 = LINE ( 'NONE', #1654, #3947 ) ;
#4282 = VERTEX_POINT ( 'NONE', #4652 ) ;
#4283 = DIRECTION ( 'NONE',  ( 0.0000000000000000000, 0.7071067811865501300, 0.7071067811865450200 ) ) ;
#4284 = DIRECTION ( 'NONE',  ( 0.0000000000000000000, 0.0000000000000000000, 1.000000000000000000 ) ) ;
#4285 = VERTEX_POINT ( 'NONE', #885 ) ;
#4286 = ORIENTED_EDGE ( 'NONE', *, *, #4766, .T. ) ;
#4287 = CARTESIAN_POINT ( 'NONE',  ( 10.75000000000000400, 120.0000000000000000, -13.50000000000000000 ) ) ;
#4288 = DIRECTION ( 'NONE',  ( 0.0000000000000000000, 0.0000000000000000000, -1.000000000000000000 ) ) ;
#4289 = CYLINDRICAL_SURFACE ( 'NONE', #1095, 2.024999999999998100 ) ;
#4290 = AXIS2_PLACEMENT_3D ( 'NONE', #4025, #2822, #1327 ) ;
#4291 = DIRECTION ( 'NONE',  ( -1.000000000000000000, 0.0000000000000000000, 0.0000000000000000000 ) ) ;
#4292 = LINE ( 'NONE', #5706, #1787 ) ;
#4293 = EDGE_LOOP ( 'NONE', ( #5601, #6590, #6138, #4608 ) ) ;
#4294 = DIRECTION ( 'NONE',  ( 1.826024711554532900E-016, -0.0000000000000000000, 1.000000000000000000 ) ) ;
#4295 = PERSON_AND_ORGANIZATION ( #2503, #6887 ) ;
#4296 = EDGE_LOOP ( 'NONE', ( #168, #4094, #375, #2446 ) ) ;
#4297 = VERTEX_POINT ( 'NONE', #2551 ) ;
#4298 = ADVANCED_FACE ( 'NONE', ( #3938 ), #1664, .F. ) ;
#4299 = FACE_OUTER_BOUND ( 'NONE', #3465, .T. ) ;
#4300 = LINE ( 'NONE', #1841, #2030 ) ;
#4301 = ORIENTED_EDGE ( 'NONE', *, *, #1721, .F. ) ;
#4302 = EDGE_LOOP ( 'NONE', ( #1589, #6475, #4961, #2866 ) ) ;
#4303 = EDGE_CURVE ( 'NONE', #170, #5885, #1581, .T. ) ;
#4304 = AXIS2_PLACEMENT_3D ( 'NONE', #5924, #3800, #30 ) ;
#4305 = CARTESIAN_POINT ( 'NONE',  ( -1.249999999999999800, 48.00000000000000000, 2.024999999999999900 ) ) ;
#4306 = VERTEX_POINT ( 'NONE', #5783 ) ;
#4307 = CARTESIAN_POINT ( 'NONE',  ( 4.724999999999991700, 80.00000000000001400, 16.00000000000000400 ) ) ;
#4308 = LINE ( 'NONE', #334, #1050 ) ;
#4309 = ORIENTED_EDGE ( 'NONE', *, *, #663, .T. ) ;
#4310 = ORIENTED_EDGE ( 'NONE', *, *, #1401, .T. ) ;
#4311 = DIRECTION ( 'NONE',  ( 1.000000000000000000, -0.0000000000000000000, 0.0000000000000000000 ) ) ;
#4312 = AXIS2_PLACEMENT_3D ( 'NONE', #2943, #2971, #300 ) ;
#4313 = CARTESIAN_POINT ( 'NONE',  ( -1.249999999999999800, 16.00000000000000700, -7.999999999999996400 ) ) ;
#4314 = CARTESIAN_POINT ( 'NONE',  ( -1.249999999999999800, 14.08282739385868400, -7.053390142335805600 ) ) ;
#4315 = EDGE_CURVE ( 'NONE', #6562, #4460, #576, .T. ) ;
#4316 = ORIENTED_EDGE ( 'NONE', *, *, #6011, .F. ) ;
#4317 = ORIENTED_EDGE ( 'NONE', *, *, #112, .T. ) ;
#4318 = DIRECTION ( 'NONE',  ( -1.826024711554532900E-016, 0.0000000000000000000, 1.000000000000000000 ) ) ;
#4319 = DIRECTION ( 'NONE',  ( -1.000000000000000000, 0.0000000000000000000, -0.0000000000000000000 ) ) ;
#4320 = AXIS2_PLACEMENT_3D ( 'NONE', #4266, #4829, #1634 ) ;
#4321 = ORIENTED_EDGE ( 'NONE', *, *, #5317, .T. ) ;
#4322 = CARTESIAN_POINT ( 'NONE',  ( -1.249999999999999800, 13.43189123190261800, 13.43189123190273400 ) ) ;
#4323 = EDGE_CURVE ( 'NONE', #6353, #2071, #6486, .T. ) ;
#4324 = DIRECTION ( 'NONE',  ( -1.000000000000000000, 0.0000000000000000000, 0.0000000000000000000 ) ) ;
#4325 = DIRECTION ( 'NONE',  ( 1.000000000000000000, -0.0000000000000000000, -0.0000000000000000000 ) ) ;
#4326 = ORIENTED_EDGE ( 'NONE', *, *, #709, .T. ) ;
#4327 = CARTESIAN_POINT ( 'NONE',  ( 1.250000000000000200, 12.68629150101524100, -2.024999999999999900 ) ) ;
#4328 = CARTESIAN_POINT ( 'NONE',  ( -1.249999999999999800, 104.4852813742385700, 8.485281374238569500 ) ) ;
#4329 = ORIENTED_EDGE ( 'NONE', *, *, #6806, .F. ) ;
#4330 = ADVANCED_FACE ( 'NONE', ( #2640 ), #4976, .F. ) ;
#4331 = CARTESIAN_POINT ( 'NONE',  ( 10.75000000000000400, 120.0000000000000000, 13.50000000000000000 ) ) ;
#4332 = AXIS2_PLACEMENT_3D ( 'NONE', #1081, #4819, #1009 ) ;
#4333 = CARTESIAN_POINT ( 'NONE',  ( 1.250000000000000200, 55.05339014233580700, 9.917172606141324600 ) ) ;
#4334 = ORIENTED_EDGE ( 'NONE', *, *, #6720, .T. ) ;
#4335 = CARTESIAN_POINT ( 'NONE',  ( 6.749999999999989300, 40.00000000000000700, 16.00000000000000400 ) ) ;
#4336 = CIRCLE ( 'NONE', #4147, 2.024999999999997200 ) ;
#4337 = CIRCLE ( 'NONE', #5263, 2.025000000000000800 ) ;
#4338 = ORIENTED_EDGE ( 'NONE', *, *, #3775, .F. ) ;
#4339 = DIRECTION ( 'NONE',  ( 1.000000000000000000, -0.0000000000000000000, -0.0000000000000000000 ) ) ;
#4340 = CARTESIAN_POINT ( 'NONE',  ( 8.774999999999998600, 72.00000000000001400, -15.99999999999999600 ) ) ;
#4341 = EDGE_CURVE ( 'NONE', #4828, #1981, #5482, .T. ) ;
#4342 = AXIS2_PLACEMENT_3D ( 'NONE', #1068, #4806, #5323 ) ;
#4343 = ORIENTED_EDGE ( 'NONE', *, *, #5225, .T. ) ;
#4344 = CARTESIAN_POINT ( 'NONE',  ( 6.749999999999989300, 32.00000000000000700, 16.00000000000000400 ) ) ;
#4345 = CARTESIAN_POINT ( 'NONE',  ( 8.774999999999987900, 104.0000000000000100, 16.00000000000000400 ) ) ;
#4346 = CARTESIAN_POINT ( 'NONE',  ( 6.750000000000000000, 16.00000000000000700, -13.50000000000000200 ) ) ;
#4347 = CARTESIAN_POINT ( 'NONE',  ( -1.249999999999999800, 15.51471862576143900, -10.51028137423856600 ) ) ;
#4348 = LINE ( 'NONE', #148, #2912 ) ;
#4350 = EDGE_CURVE ( 'NONE', #6304, #5788, #3990, .T. ) ;
#4349 = CYLINDRICAL_SURFACE ( 'NONE', #2755, 2.025000000000002600 ) ;
#4351 = EDGE_LOOP ( 'NONE', ( #6822, #2166 ) ) ;
#4352 = EDGE_CURVE ( 'NONE', #5885, #170, #3976, .T. ) ;
#4353 = DIRECTION ( 'NONE',  ( 0.0000000000000000000, 0.0000000000000000000, -1.000000000000000000 ) ) ;
#4354 = ORIENTED_EDGE ( 'NONE', *, *, #3362, .T. ) ;
#4355 = ORIENTED_EDGE ( 'NONE', *, *, #5468, .F. ) ;
#4356 = CARTESIAN_POINT ( 'NONE',  ( 8.774999999999998600, 24.00000000000000700, -15.99999999999999600 ) ) ;
#4357 = CARTESIAN_POINT ( 'NONE',  ( 1.250000000000000200, 64.00000000000000000, 8.000000000000000000 ) ) ;
#4358 = DIRECTION ( 'NONE',  ( 0.0000000000000000000, -0.7071067811865487900, -0.7071067811865463500 ) ) ;
#4359 = DIRECTION ( 'NONE',  ( -1.826024711554532900E-016, 0.0000000000000000000, 1.000000000000000000 ) ) ;
#4360 = CIRCLE ( 'NONE', #411, 2.024999999999997200 ) ;
#4361 = AXIS2_PLACEMENT_3D ( 'NONE', #3135, #2572, #6866 ) ;
#4362 = ORIENTED_EDGE ( 'NONE', *, *, #5062, .T. ) ;
#4363 = ORIENTED_EDGE ( 'NONE', *, *, #4747, .F. ) ;
#4364 = EDGE_CURVE ( 'NONE', #2585, #6068, #3300, .T. ) ;
#4365 = CARTESIAN_POINT ( 'NONE',  ( -1.249999999999999800, 88.00000000000001400, 8.000000000000000000 ) ) ;
#4366 = FACE_BOUND ( 'NONE', #4942, .T. ) ;
#4367 = ADVANCED_FACE ( 'NONE', ( #2758 ), #2055, .F. ) ;
#4368 = CYLINDRICAL_SURFACE ( 'NONE', #1122, 2.024999999999998100 ) ;
#4369 = EDGE_LOOP ( 'NONE', ( #2184, #692, #3091, #3115 ) ) ;
#4370 = VERTEX_POINT ( 'NONE', #4736 ) ;
#4371 = LINE ( 'NONE', #608, #936 ) ;
#4372 = DIRECTION ( 'NONE',  ( -1.000000000000000000, 0.0000000000000000000, 0.0000000000000000000 ) ) ;
#4373 = CARTESIAN_POINT ( 'NONE',  ( 1.250000000000000200, 41.43189123190276000, 9.431891231902762100 ) ) ;
#4374 = VECTOR ( 'NONE', #6287, 1000.000000000000000 ) ;
#4375 = DIRECTION ( 'NONE',  ( -1.000000000000000000, 0.0000000000000000000, 0.0000000000000000000 ) ) ;
#4376 = DIRECTION ( 'NONE',  ( 1.000000000000000000, -0.0000000000000000000, -0.0000000000000000000 ) ) ;
#4377 = LINE ( 'NONE', #4745, #33 ) ;
#4378 = ORIENTED_EDGE ( 'NONE', *, *, #2278, .F. ) ;
#4379 = DATE_AND_TIME ( #943, #436 ) ;
#4380 = ORIENTED_EDGE ( 'NONE', *, *, #5062, .F. ) ;
#4381 = EDGE_CURVE ( 'NONE', #5060, #6332, #2465, .T. ) ;
#4382 = ORIENTED_EDGE ( 'NONE', *, *, #3463, .F. ) ;
#4383 = CIRCLE ( 'NONE', #5511, 2.024999999999999900 ) ;
#4384 = FACE_OUTER_BOUND ( 'NONE', #1788, .T. ) ;
#4385 = DIRECTION ( 'NONE',  ( 1.000000000000000000, -0.0000000000000000000, 0.0000000000000000000 ) ) ;
#4386 = PLANE ( 'NONE',  #554 ) ;
#4387 = CIRCLE ( 'NONE', #5725, 2.024999999999998100 ) ;
#4388 = DIRECTION ( 'NONE',  ( 0.0000000000000000000, 0.0000000000000000000, -1.000000000000000000 ) ) ;
#4389 = DIRECTION ( 'NONE',  ( 1.000000000000000000, -0.0000000000000000000, 0.0000000000000000000 ) ) ;
#4390 = CARTESIAN_POINT ( 'NONE',  ( 1.250000000000000200, 104.4852813742385800, -8.485281374238564200 ) ) ;
#4391 = VERTEX_POINT ( 'NONE', #1567 ) ;
#4392 = EDGE_LOOP ( 'NONE', ( #1832, #5369, #3895, #1975, #6870 ) ) ;
#4393 = AXIS2_PLACEMENT_3D ( 'NONE', #2007, #3585, #2545 ) ;
#4394 = LINE ( 'NONE', #1368, #127 ) ;
#4395 = CIRCLE ( 'NONE', #3889, 2.024999999999999900 ) ;
#4396 = ORIENTED_EDGE ( 'NONE', *, *, #2058, .T. ) ;
#4397 = CARTESIAN_POINT ( 'NONE',  ( 1.250000000000000200, 9.431891231902763900, -6.568108768097239600 ) ) ;
#4398 = ORIENTED_EDGE ( 'NONE', *, *, #2248, .T. ) ;
#4399 = VECTOR ( 'NONE', #21, 1000.000000000000000 ) ;
#4400 = EDGE_CURVE ( 'NONE', #776, #2372, #423, .T. ) ;
#4401 = CARTESIAN_POINT ( 'NONE',  ( -1.249999999999999800, 56.48528137423857500, -10.51028137423856800 ) ) ;
#4402 = VERTEX_POINT ( 'NONE', #3665 ) ;
#4403 = EDGE_CURVE ( 'NONE', #4128, #6707, #4833, .T. ) ;
#4404 = ORIENTED_EDGE ( 'NONE', *, *, #3352, .T. ) ;
#4405 = ADVANCED_FACE ( 'NONE', ( #439 ), #5726, .F. ) ;
#4406 = DIRECTION ( 'NONE',  ( 0.0000000000000000000, -0.7071067811865463500, -0.7071067811865487900 ) ) ;
#4407 = CARTESIAN_POINT ( 'NONE',  ( 6.750000000000000000, 64.00000000000000000, -13.50000000000000200 ) ) ;
#4408 = ORIENTED_EDGE ( 'NONE', *, *, #2042, .T. ) ;
#4409 = VERTEX_POINT ( 'NONE', #1609 ) ;
#4410 = DIRECTION ( 'NONE',  ( 0.0000000000000000000, -0.7071067811865463500, -0.7071067811865487900 ) ) ;
#4411 = CARTESIAN_POINT ( 'NONE',  ( -1.249999999999999800, 34.56810876809746000, 10.56810876809731100 ) ) ;
#4412 = DIRECTION ( 'NONE',  ( 3.652049423109066300E-016, 0.0000000000000000000, -1.000000000000000000 ) ) ;
#4413 = EDGE_CURVE ( 'NONE', #4973, #5060, #5207, .T. ) ;
#4414 = CARTESIAN_POINT ( 'NONE',  ( -1.249999999999999800, 24.00000000000000000, 6.999999999999999100 ) ) ;
#4415 = CIRCLE ( 'NONE', #167, 2.024999999999998100 ) ;
#4416 = CARTESIAN_POINT ( 'NONE',  ( 8.774999999999987900, 24.00000000000000700, 13.50000000000000000 ) ) ;
#4417 = DIRECTION ( 'NONE',  ( 0.0000000000000000000, 6.853228547068858500E-015, -1.000000000000000000 ) ) ;
#4418 = DIRECTION ( 'NONE',  ( -1.000000000000000000, 0.0000000000000000000, 0.0000000000000000000 ) ) ;
#4419 = AXIS2_PLACEMENT_3D ( 'NONE', #2316, #6572, #6647 ) ;
#4420 = EDGE_LOOP ( 'NONE', ( #3711, #5545, #6046, #242 ) ) ;
#4421 = VERTEX_POINT ( 'NONE', #3720 ) ;
#4422 = EDGE_CURVE ( 'NONE', #5382, #1909, #6724, .T. ) ;
#4423 = DIRECTION ( 'NONE',  ( 0.0000000000000000000, 0.7071067811865487900, -0.7071067811865463500 ) ) ;
#4424 = LINE ( 'NONE', #4490, #5670 ) ;
#4425 = CARTESIAN_POINT ( 'NONE',  ( 8.774999999999987900, 72.00000000000001400, 16.00000000000000400 ) ) ;
#4426 = AXIS2_PLACEMENT_3D ( 'NONE', #1118, #3817, #4851 ) ;
#4427 = DIRECTION ( 'NONE',  ( 1.000000000000000000, -0.0000000000000000000, 0.0000000000000000000 ) ) ;
#4428 = DIRECTION ( 'NONE',  ( 0.0000000000000000000, 0.7071067811865450200, 0.7071067811865500200 ) ) ;
#4429 = DIRECTION ( 'NONE',  ( 1.000000000000000000, -0.0000000000000000000, -0.0000000000000000000 ) ) ;
#4430 = ORIENTED_EDGE ( 'NONE', *, *, #2898, .F. ) ;
#4431 = CARTESIAN_POINT ( 'NONE',  ( 6.750000000000000000, 80.00000000000001400, -13.50000000000000200 ) ) ;
#4432 = DIRECTION ( 'NONE',  ( -1.826024711554532900E-016, 0.0000000000000000000, 1.000000000000000000 ) ) ;
#4433 = VECTOR ( 'NONE', #5684, 1000.000000000000000 ) ;
#4434 = DIRECTION ( 'NONE',  ( 0.0000000000000000000, 0.7071067811865482400, -0.7071067811865469100 ) ) ;
#4435 = FACE_OUTER_BOUND ( 'NONE', #3612, .T. ) ;
#4436 = ORIENTED_EDGE ( 'NONE', *, *, #2307, .F. ) ;
#4437 = ADVANCED_FACE ( 'NONE', ( #2368 ), #47, .F. ) ;
#4438 = EDGE_CURVE ( 'NONE', #661, #5885, #2786, .T. ) ;
#4439 = AXIS2_PLACEMENT_3D ( 'NONE', #1042, #4844, #2163 ) ;
#4440 = EDGE_LOOP ( 'NONE', ( #4775, #6814, #5096, #2100 ) ) ;
#4441 = VECTOR ( 'NONE', #205, 1000.000000000000000 ) ;
#4442 = VERTEX_POINT ( 'NONE', #1579 ) ;
#4443 = CARTESIAN_POINT ( 'NONE',  ( -1.249999999999999800, 57.43189123190276000, -6.568108768097234300 ) ) ;
#4444 = EDGE_LOOP ( 'NONE', ( #5738, #1556 ) ) ;
#4445 = EDGE_CURVE ( 'NONE', #4184, #4540, #4140, .T. ) ;
#4446 = VECTOR ( 'NONE', #4410, 1000.000000000000000 ) ;
#4447 = CARTESIAN_POINT ( 'NONE',  ( 1.250000000000000200, 48.00000000000000000, 6.999999999999999100 ) ) ;
#4448 = DIRECTION ( 'NONE',  ( 3.652049423109066300E-016, -0.0000000000000000000, -1.000000000000000000 ) ) ;
#4449 = CARTESIAN_POINT ( 'NONE',  ( 1.250000000000000200, 63.51471862576143900, -8.485281374238566000 ) ) ;
#4450 = ORIENTED_EDGE ( 'NONE', *, *, #4422, .T. ) ;
#4451 = ORIENTED_EDGE ( 'NONE', *, *, #1610, .F. ) ;
#4452 = CARTESIAN_POINT ( 'NONE',  ( -1.249999999999999800, 96.00000000000000000, -6.999999999999999100 ) ) ;
#4453 = CIRCLE ( 'NONE', #2817, 2.025000000000000800 ) ;
#4454 = VECTOR ( 'NONE', #1285, 999.9999999999998900 ) ;
#4455 = CIRCLE ( 'NONE', #5000, 2.024999999999998100 ) ;
#4456 = AXIS2_PLACEMENT_3D ( 'NONE', #914, #1966, #5713 ) ;
#4457 = CIRCLE ( 'NONE', #3461, 2.024999999999999000 ) ;
#4458 = ORIENTED_EDGE ( 'NONE', *, *, #950, .F. ) ;
#4459 = CARTESIAN_POINT ( 'NONE',  ( 8.774999999999987900, 112.0000000000000100, 16.00000000000000400 ) ) ;
#4460 = VERTEX_POINT ( 'NONE', #5970 ) ;
#4461 = ORIENTED_EDGE ( 'NONE', *, *, #4069, .T. ) ;
#4462 = CIRCLE ( 'NONE', #3242, 2.024999999999998100 ) ;
#4463 = DIRECTION ( 'NONE',  ( 0.0000000000000000000, 0.0000000000000000000, -1.000000000000000000 ) ) ;
#4464 = LINE ( 'NONE', #1572, #1364 ) ;
#4465 = ORIENTED_EDGE ( 'NONE', *, *, #5128, .T. ) ;
#4466 = VERTEX_POINT ( 'NONE', #3240 ) ;
#4467 = ORIENTED_EDGE ( 'NONE', *, *, #2190, .T. ) ;
#4468 = DIRECTION ( 'NONE',  ( 1.000000000000000000, 0.0000000000000000000, 0.0000000000000000000 ) ) ;
#4469 = CYLINDRICAL_SURFACE ( 'NONE', #4875, 2.024999999999990100 ) ;
#4470 = EDGE_CURVE ( 'NONE', #6804, #3813, #1221, .T. ) ;
#4471 = ORIENTED_EDGE ( 'NONE', *, *, #716, .F. ) ;
#4472 = ORIENTED_EDGE ( 'NONE', *, *, #5571, .F. ) ;
#4473 = ADVANCED_FACE ( 'NONE', ( #2697 ), #1188, .T. ) ;
#4474 = DIRECTION ( 'NONE',  ( 1.826024711554532900E-016, -0.0000000000000000000, 1.000000000000000000 ) ) ;
#4475 = VERTEX_POINT ( 'NONE', #4397 ) ;
#4476 = DIRECTION ( 'NONE',  ( 0.0000000000000000000, 0.0000000000000000000, -1.000000000000000000 ) ) ;
#4477 = CARTESIAN_POINT ( 'NONE',  ( 1.250000000000000200, 87.51471862576143200, 8.485281374238569500 ) ) ;
#4478 = FACE_OUTER_BOUND ( 'NONE', #625, .T. ) ;
#4479 = DIRECTION ( 'NONE',  ( -1.387778780781447500E-015, 0.0000000000000000000, -1.000000000000000000 ) ) ;
#4480 = CARTESIAN_POINT ( 'NONE',  ( 6.749999999999990200, 64.00000000000000000, 13.50000000000000000 ) ) ;
#4481 = CARTESIAN_POINT ( 'NONE',  ( 1.250000000000000200, 105.9171726061413500, -7.053390142335809200 ) ) ;
#4482 = VERTEX_POINT ( 'NONE', #4340 ) ;
#4483 = EDGE_CURVE ( 'NONE', #4282, #6598, #6810, .T. ) ;
#4484 = AXIS2_PLACEMENT_3D ( 'NONE', #2383, #4576, #1884 ) ;
#4485 = DIRECTION ( 'NONE',  ( -1.000000000000000000, 0.0000000000000000000, -0.0000000000000000000 ) ) ;
#4486 = CARTESIAN_POINT ( 'NONE',  ( 4.725000000000003200, 112.0000000000000100, -15.99999999999999600 ) ) ;
#4487 = ORIENTED_EDGE ( 'NONE', *, *, #6816, .T. ) ;
#4488 = ORIENTED_EDGE ( 'NONE', *, *, #1623, .T. ) ;
#4489 = EDGE_CURVE ( 'NONE', #6234, #4460, #5469, .T. ) ;
#4490 = CARTESIAN_POINT ( 'NONE',  ( 8.774999999999987900, 104.0000000000000100, 16.00000000000000400 ) ) ;
#4491 = VECTOR ( 'NONE', #632, 1000.000000000000000 ) ;
#4492 = DIRECTION ( 'NONE',  ( 3.652049423109066300E-016, -0.0000000000000000000, -1.000000000000000000 ) ) ;
#4493 = EDGE_CURVE ( 'NONE', #968, #1175, #6899, .T. ) ;
#4494 = CARTESIAN_POINT ( 'NONE',  ( 1.250000000000000200, 37.43189123190277500, -13.43189123190275300 ) ) ;
#4495 = VERTEX_POINT ( 'NONE', #121 ) ;
#4496 = LINE ( 'NONE', #6932, #3574 ) ;
#4497 = ORIENTED_EDGE ( 'NONE', *, *, #3674, .T. ) ;
#4498 = AXIS2_PLACEMENT_3D ( 'NONE', #5486, #6578, #674 ) ;
#4499 = DIRECTION ( 'NONE',  ( -1.000000000000000000, 0.0000000000000000000, -0.0000000000000000000 ) ) ;
#4500 = CIRCLE ( 'NONE', #4596, 2.024999999999999000 ) ;
#4501 = EDGE_CURVE ( 'NONE', #4907, #1160, #6550, .T. ) ;
#4502 = CARTESIAN_POINT ( 'NONE',  ( 6.750000000000000000, 56.00000000000000700, -13.50000000000000200 ) ) ;
#4503 = DIRECTION ( 'NONE',  ( 0.0000000000000000000, 0.0000000000000000000, -1.000000000000000000 ) ) ;
#4504 = DIRECTION ( 'NONE',  ( 1.000000000000000000, 0.0000000000000000000, 0.0000000000000000000 ) ) ;
#4505 = CARTESIAN_POINT ( 'NONE',  ( -1.249999999999999800, 81.91717260614132100, 7.053390142335818100 ) ) ;
#4506 = ORIENTED_EDGE ( 'NONE', *, *, #3287, .F. ) ;
#4507 = CARTESIAN_POINT ( 'NONE',  ( -1.249999999999999800, 64.00000000000000000, 5.974999999999997900 ) ) ;
#4508 = CARTESIAN_POINT ( 'NONE',  ( -1.250000000000001100, 111.9999999999999900, 5.975000000000008500 ) ) ;
#4509 = ADVANCED_FACE ( 'NONE', ( #2533 ), #5399, .T. ) ;
#4510 = AXIS2_PLACEMENT_3D ( 'NONE', #5839, #5913, #2631 ) ;
#4511 = CYLINDRICAL_SURFACE ( 'NONE', #5855, 2.025000000000001700 ) ;
#4512 = EDGE_LOOP ( 'NONE', ( #5884, #1672, #5844, #3161 ) ) ;
#4513 = EDGE_CURVE ( 'NONE', #4654, #2146, #4068, .T. ) ;
#4514 = DIRECTION ( 'NONE',  ( 0.0000000000000000000, 0.7071067811865469100, 0.7071067811865482400 ) ) ;
#4515 = CARTESIAN_POINT ( 'NONE',  ( -1.249999999999999800, 16.94660985766420000, -9.917172606141322800 ) ) ;
#4516 = ORIENTED_EDGE ( 'NONE', *, *, #2142, .F. ) ;
#4517 = DIRECTION ( 'NONE',  ( 0.0000000000000000000, 0.0000000000000000000, -1.000000000000000000 ) ) ;
#4518 = CARTESIAN_POINT ( 'NONE',  ( -1.249999999999999800, 86.56810876809724700, 6.568108768097240500 ) ) ;
#4519 = DIRECTION ( 'NONE',  ( 1.826024711554532900E-016, -0.0000000000000000000, 1.000000000000000000 ) ) ;
#4520 = CARTESIAN_POINT ( 'NONE',  ( -1.249999999999999800, 15.51471862576143900, -10.51028137423856600 ) ) ;
#4521 = VECTOR ( 'NONE', #3709, 1000.000000000000000 ) ;
#4522 = CARTESIAN_POINT ( 'NONE',  ( -1.249999999999999800, 83.31370849898475200, -2.024999999999999900 ) ) ;
#4523 = DIRECTION ( 'NONE',  ( 0.0000000000000000000, 0.0000000000000000000, -1.000000000000000000 ) ) ;
#4524 = LINE ( 'NONE', #5563, #5509 ) ;
#4525 = ORIENTED_EDGE ( 'NONE', *, *, #6390, .F. ) ;
#4526 = CIRCLE ( 'NONE', #6115, 2.024999999999999900 ) ;
#4527 = CARTESIAN_POINT ( 'NONE',  ( 6.749999999999989300, 64.00000000000000000, 16.00000000000000400 ) ) ;
#4528 = ORIENTED_EDGE ( 'NONE', *, *, #489, .F. ) ;
#4529 = CARTESIAN_POINT ( 'NONE',  ( -1.249999999999999800, 81.43189123190275300, 6.568108768097250300 ) ) ;
#4530 = CARTESIAN_POINT ( 'NONE',  ( 6.749999999999989300, 96.00000000000000000, 16.00000000000000400 ) ) ;
#4531 = EDGE_CURVE ( 'NONE', #597, #459, #4971, .T. ) ;
#4532 = ORIENTED_EDGE ( 'NONE', *, *, #5020, .T. ) ;
#4533 = ORIENTED_EDGE ( 'NONE', *, *, #3738, .T. ) ;
#4534 = CYLINDRICAL_SURFACE ( 'NONE', #3061, 2.025000000000002600 ) ;
#4535 = CARTESIAN_POINT ( 'NONE',  ( -1.249999999999999800, 58.56810876809729600, 10.56810876809721700 ) ) ;
#4536 = FACE_OUTER_BOUND ( 'NONE', #3613, .T. ) ;
#4537 = DIRECTION ( 'NONE',  ( 0.0000000000000000000, 0.7071067811865450200, 0.7071067811865501300 ) ) ;
#4538 = AXIS2_PLACEMENT_3D ( 'NONE', #5951, #4376, #129 ) ;
#4539 = VERTEX_POINT ( 'NONE', #5422 ) ;
#4540 = VERTEX_POINT ( 'NONE', #2224 ) ;
#4541 = EDGE_CURVE ( 'NONE', #2666, #2728, #2285, .T. ) ;
#4542 = CIRCLE ( 'NONE', #6398, 2.025000000000000800 ) ;
#4543 = ADVANCED_FACE ( 'NONE', ( #4644 ), #4966, .F. ) ;
#4544 = DIRECTION ( 'NONE',  ( 0.0000000000000000000, 0.0000000000000000000, -1.000000000000000000 ) ) ;
#4545 = CARTESIAN_POINT ( 'NONE',  ( -1.249999999999999800, 32.00000000000000000, -7.999999999999994700 ) ) ;
#4546 = VECTOR ( 'NONE', #2876, 1000.000000000000000 ) ;
#4547 = DIRECTION ( 'NONE',  ( 0.0000000000000000000, 0.7071067811865424700, -0.7071067811865526800 ) ) ;
#4548 = LINE ( 'NONE', #243, #2015 ) ;
#4549 = VERTEX_POINT ( 'NONE', #1252 ) ;
#4550 = DIRECTION ( 'NONE',  ( -1.000000000000000000, 0.0000000000000000000, -0.0000000000000000000 ) ) ;
#4551 = ORIENTED_EDGE ( 'NONE', *, *, #5458, .F. ) ;
#4552 = ORIENTED_EDGE ( 'NONE', *, *, #2812, .T. ) ;
#4553 = PLANE ( 'NONE',  #3614 ) ;
#4554 = VECTOR ( 'NONE', #2957, 1000.000000000000100 ) ;
#4555 = LINE ( 'NONE', #2696, #2946 ) ;
#4556 = AXIS2_PLACEMENT_3D ( 'NONE', #4798, #4240, #3658 ) ;
#4557 = CYLINDRICAL_SURFACE ( 'NONE', #5137, 2.024999999999998100 ) ;
#4558 = DIRECTION ( 'NONE',  ( 1.000000000000000000, -0.0000000000000000000, 0.0000000000000000000 ) ) ;
#4559 = DIRECTION ( 'NONE',  ( 1.826024711554532900E-016, -0.0000000000000000000, 1.000000000000000000 ) ) ;
#4560 = EDGE_CURVE ( 'NONE', #5348, #1012, #6634, .T. ) ;
#4561 = EDGE_LOOP ( 'NONE', ( #5175, #499 ) ) ;
#4562 = CIRCLE ( 'NONE', #1202, 2.024999999999998100 ) ;
#4563 = ORIENTED_EDGE ( 'NONE', *, *, #5500, .T. ) ;
#4564 = DIRECTION ( 'NONE',  ( -1.000000000000000000, 0.0000000000000000000, 0.0000000000000000000 ) ) ;
#4565 = LINE ( 'NONE', #644, #3213 ) ;
#4566 = CARTESIAN_POINT ( 'NONE',  ( 1.250000000000000200, 0.0000000000000000000, 13.50000000000000200 ) ) ;
#4567 = AXIS2_PLACEMENT_3D ( 'NONE', #2986, #4080, #5115 ) ;
#4568 = AXIS2_PLACEMENT_3D ( 'NONE', #3734, #469, #4767 ) ;
#4569 = FACE_BOUND ( 'NONE', #3175, .T. ) ;
#4570 = DIRECTION ( 'NONE',  ( 3.652049423109066300E-016, -0.0000000000000000000, -1.000000000000000000 ) ) ;
#4571 = EDGE_LOOP ( 'NONE', ( #2983, #5615, #6901, #2658 ) ) ;
#4572 = DIRECTION ( 'NONE',  ( 0.0000000000000000000, 0.7071067811865487900, -0.7071067811865463500 ) ) ;
#4573 = VERTEX_POINT ( 'NONE', #1236 ) ;
#4574 = DIRECTION ( 'NONE',  ( -1.826024711554532900E-016, 0.0000000000000000000, 1.000000000000000000 ) ) ;
#4575 = DIRECTION ( 'NONE',  ( 1.000000000000000000, -0.0000000000000000000, -0.0000000000000000000 ) ) ;
#4576 = DIRECTION ( 'NONE',  ( 0.0000000000000000000, -0.7071067811865444600, -0.7071067811865505700 ) ) ;
#4577 = CARTESIAN_POINT ( 'NONE',  ( -1.249999999999999800, 39.51471862576143900, -8.485281374238566000 ) ) ;
#4578 = CARTESIAN_POINT ( 'NONE',  ( -1.249999999999999800, 79.99999999999998600, 8.000000000000000000 ) ) ;
#4579 = EDGE_CURVE ( 'NONE', #227, #6195, #1882, .T. ) ;
#4580 = PRODUCT_DEFINITION ( 'UNKNOWN', '', #6073, #5987 ) ;
#4581 = ORIENTED_EDGE ( 'NONE', *, *, #2683, .F. ) ;
#4582 = ADVANCED_FACE ( 'NONE', ( #2955 ), #5803, .F. ) ;
#4583 = FACE_BOUND ( 'NONE', #3747, .T. ) ;
#4584 = VERTEX_POINT ( 'NONE', #2333 ) ;
#4585 = EDGE_CURVE ( 'NONE', #980, #1891, #1549, .T. ) ;
#4586 = CARTESIAN_POINT ( 'NONE',  ( -1.249999999999999800, 12.68629150101524100, 0.0000000000000000000 ) ) ;
#4587 = CARTESIAN_POINT ( 'NONE',  ( 4.724999999999991700, 32.00000000000000700, 16.00000000000000400 ) ) ;
#4588 = VERTEX_POINT ( 'NONE', #4486 ) ;
#4589 = AXIS2_PLACEMENT_3D ( 'NONE', #3113, #4729, #984 ) ;
#4590 = DIRECTION ( 'NONE',  ( 1.000000000000000000, -0.0000000000000000000, -0.0000000000000000000 ) ) ;
#4591 = CARTESIAN_POINT ( 'NONE',  ( 8.774999999999998600, 80.00000000000001400, -15.99999999999999600 ) ) ;
#4592 = VECTOR ( 'NONE', #3481, 1000.000000000000000 ) ;
#4593 = CARTESIAN_POINT ( 'NONE',  ( -1.249999999999999800, 41.43189123190276000, 9.431891231902762100 ) ) ;
#4594 = ORIENTED_EDGE ( 'NONE', *, *, #6040, .F. ) ;
#4595 = AXIS2_PLACEMENT_3D ( 'NONE', #4898, #6512, #110 ) ;
#4596 = AXIS2_PLACEMENT_3D ( 'NONE', #652, #634, #5565 ) ;
#4597 = CYLINDRICAL_SURFACE ( 'NONE', #3942, 2.024999999999998100 ) ;
#4598 = ORIENTED_EDGE ( 'NONE', *, *, #98, .F. ) ;
#4599 = ORIENTED_EDGE ( 'NONE', *, *, #5911, .T. ) ;
#4600 = ORIENTED_EDGE ( 'NONE', *, *, #185, .F. ) ;
#4601 = DIRECTION ( 'NONE',  ( -1.000000000000000000, 0.0000000000000000000, 0.0000000000000000000 ) ) ;
#4602 = CIRCLE ( 'NONE', #2553, 2.024999999999997200 ) ;
#4603 = ADVANCED_FACE ( 'NONE', ( #3471 ), #789, .F. ) ;
#4604 = DIRECTION ( 'NONE',  ( 1.000000000000000000, 0.0000000000000000000, 0.0000000000000000000 ) ) ;
#4605 = AXIS2_PLACEMENT_3D ( 'NONE', #1142, #275, #6808 ) ;
#4606 = CARTESIAN_POINT ( 'NONE',  ( -1.249999999999999800, 121.4318912319027400, -1.431891231902731500 ) ) ;
#4607 = EDGE_LOOP ( 'NONE', ( #4551, #834, #290, #4380 ) ) ;
#4608 = ORIENTED_EDGE ( 'NONE', *, *, #5101, .F. ) ;
#4609 = CYLINDRICAL_SURFACE ( 'NONE', #463, 2.024999999999998100 ) ;
#4610 = VECTOR ( 'NONE', #6641, 1000.000000000000000 ) ;
#4611 = CARTESIAN_POINT ( 'NONE',  ( 6.749999999999989300, 24.00000000000000700, 16.00000000000000400 ) ) ;
#4612 = ORIENTED_EDGE ( 'NONE', *, *, #2098, .T. ) ;
#4613 = ORIENTED_EDGE ( 'NONE', *, *, #2652, .F. ) ;
#4614 = LINE ( 'NONE', #3033, #1606 ) ;
#4615 = EDGE_CURVE ( 'NONE', #776, #4402, #1627, .T. ) ;
#4616 = CYLINDRICAL_SURFACE ( 'NONE', #3874, 2.025000000000004400 ) ;
#4617 = EDGE_CURVE ( 'NONE', #1641, #775, #2607, .T. ) ;
#4618 = LINE ( 'NONE', #3833, #3016 ) ;
#4619 = ORIENTED_EDGE ( 'NONE', *, *, #5277, .T. ) ;
#4620 = VERTEX_POINT ( 'NONE', #785 ) ;
#4621 = ORIENTED_EDGE ( 'NONE', *, *, #4717, .F. ) ;
#4622 = VECTOR ( 'NONE', #5418, 1000.000000000000000 ) ;
#4623 = CARTESIAN_POINT ( 'NONE',  ( 4.725000000000001400, 88.00000000000002800, -13.50000000000000200 ) ) ;
#4624 = DIRECTION ( 'NONE',  ( 0.0000000000000000000, -0.7071067811865487900, -0.7071067811865463500 ) ) ;
#4625 = CIRCLE ( 'NONE', #1308, 2.024999999999998100 ) ;
#4626 = FACE_OUTER_BOUND ( 'NONE', #5834, .T. ) ;
#4627 = AXIS2_PLACEMENT_3D ( 'NONE', #4032, #4574, #1362 ) ;
#4628 = FACE_OUTER_BOUND ( 'NONE', #6723, .T. ) ;
#4629 = ORIENTED_EDGE ( 'NONE', *, *, #6646, .T. ) ;
#4630 = EDGE_CURVE ( 'NONE', #4142, #6332, #4300, .T. ) ;
#4631 = EDGE_LOOP ( 'NONE', ( #5272, #3101, #2765, #5887 ) ) ;
#4632 = ORIENTED_EDGE ( 'NONE', *, *, #5401, .F. ) ;
#4633 = DIRECTION ( 'NONE',  ( -1.000000000000000000, 0.0000000000000000000, 0.0000000000000000000 ) ) ;
#4634 = LINE ( 'NONE', #6248, #5459 ) ;
#4635 = CARTESIAN_POINT ( 'NONE',  ( -1.249999999999999800, 55.99999999999999300, 8.000000000000000000 ) ) ;
#4636 = DIRECTION ( 'NONE',  ( 1.000000000000000000, -0.0000000000000000000, -0.0000000000000000000 ) ) ;
#4637 = DIRECTION ( 'NONE',  ( 1.000000000000000000, -0.0000000000000000000, 0.0000000000000000000 ) ) ;
#4638 = CYLINDRICAL_SURFACE ( 'NONE', #1668, 2.024999999999999000 ) ;
#4639 = EDGE_LOOP ( 'NONE', ( #277, #3824, #3615, #559 ) ) ;
#4640 = ORIENTED_EDGE ( 'NONE', *, *, #6569, .F. ) ;
#4641 = AXIS2_PLACEMENT_3D ( 'NONE', #164, #5481, #1256 ) ;
#4642 = ORIENTED_EDGE ( 'NONE', *, *, #3301, .T. ) ;
#4643 = CARTESIAN_POINT ( 'NONE',  ( -1.249999999999999800, 86.56810876809724700, 6.568108768097240500 ) ) ;
#4644 = FACE_OUTER_BOUND ( 'NONE', #2091, .T. ) ;
#4645 = FACE_BOUND ( 'NONE', #1120, .T. ) ;
#4646 =( LENGTH_UNIT ( ) NAMED_UNIT ( * ) SI_UNIT ( .MILLI., .METRE. ) );
#4647 = EDGE_CURVE ( 'NONE', #1840, #870, #869, .T. ) ;
#4648 = VERTEX_POINT ( 'NONE', #6614 ) ;
#4649 = LINE ( 'NONE', #4913, #381 ) ;
#4650 = DIRECTION ( 'NONE',  ( -1.826024711554532900E-016, 0.0000000000000000000, 1.000000000000000000 ) ) ;
#4651 = EDGE_LOOP ( 'NONE', ( #34, #3370 ) ) ;
#4652 = CARTESIAN_POINT ( 'NONE',  ( 4.724999999999991700, 72.00000000000001400, 16.00000000000000400 ) ) ;
#4653 = AXIS2_PLACEMENT_3D ( 'NONE', #1636, #4294, #4830 ) ;
#4654 = VERTEX_POINT ( 'NONE', #4508 ) ;
#4655 = FACE_BOUND ( 'NONE', #1157, .T. ) ;
#4656 = DIRECTION ( 'NONE',  ( -1.000000000000000000, 0.0000000000000000000, 0.0000000000000000000 ) ) ;
#4657 = ORIENTED_EDGE ( 'NONE', *, *, #3157, .T. ) ;
#4658 = CARTESIAN_POINT ( 'NONE',  ( -1.249999999999999800, 40.00000000000000000, 8.000000000000000000 ) ) ;
#4659 = EDGE_CURVE ( 'NONE', #3888, #5974, #3547, .T. ) ;
#4660 = CC_DESIGN_APPROVAL ( #6570, ( #6073 ) ) ;
#4661 = ORIENTED_EDGE ( 'NONE', *, *, #900, .F. ) ;
#4662 = PLANE ( 'NONE',  #4096 ) ;
#4663 = APPROVAL_ROLE ( '' ) ;
#4664 = CARTESIAN_POINT ( 'NONE',  ( 6.750000000000000900, 64.00000000000000000, -15.99999999999999600 ) ) ;
#4665 = AXIS2_PLACEMENT_3D ( 'NONE', #3359, #6009, #166 ) ;
#4666 = ORIENTED_EDGE ( 'NONE', *, *, #2117, .T. ) ;
#4667 = EDGE_CURVE ( 'NONE', #1811, #1877, #5640, .T. ) ;
#4668 = DIRECTION ( 'NONE',  ( -1.826024711554532900E-016, 0.0000000000000000000, 1.000000000000000000 ) ) ;
#4669 = DIRECTION ( 'NONE',  ( 0.0000000000000000000, 0.0000000000000000000, -1.000000000000000000 ) ) ;
#4670 = EDGE_LOOP ( 'NONE', ( #4746, #3102, #6655, #5553 ) ) ;
#4671 = CARTESIAN_POINT ( 'NONE',  ( -1.249999999999999800, 118.5681087680971800, -1.431891231902799200 ) ) ;
#4672 = DIRECTION ( 'NONE',  ( 1.000000000000000000, -0.0000000000000000000, -0.0000000000000000000 ) ) ;
#4673 = AXIS2_PLACEMENT_3D ( 'NONE', #6847, #6906, #1509 ) ;
#4674 = CARTESIAN_POINT ( 'NONE',  ( -1.249999999999999800, 65.43189123190276700, 9.431891231902762100 ) ) ;
#4675 = LINE ( 'NONE', #3565, #3252 ) ;
#4676 = DIRECTION ( 'NONE',  ( 1.000000000000000000, 0.0000000000000000000, 0.0000000000000000000 ) ) ;
#4677 = LINE ( 'NONE', #2310, #6161 ) ;
#4678 = ORIENTED_EDGE ( 'NONE', *, *, #4256, .T. ) ;
#4679 = EDGE_CURVE ( 'NONE', #3062, #385, #3209, .T. ) ;
#4680 = ADVANCED_FACE ( 'NONE', ( #2781 ), #6718, .F. ) ;
#4681 = LINE ( 'NONE', #3735, #4022 ) ;
#4682 = CARTESIAN_POINT ( 'NONE',  ( -46.75000000000000000, 111.5147186257614300, -8.485281374238553600 ) ) ;
#4683 = EDGE_LOOP ( 'NONE', ( #4861, #5516, #6306, #6338, #206 ) ) ;
#4684 = ORIENTED_EDGE ( 'NONE', *, *, #401, .F. ) ;
#4685 = CIRCLE ( 'NONE', #1719, 2.024999999999999000 ) ;
#4686 = CARTESIAN_POINT ( 'NONE',  ( 1.250000000000001100, 7.053390142335811900, -9.917172606141324600 ) ) ;
#4687 = DIRECTION ( 'NONE',  ( 1.000000000000000000, -0.0000000000000000000, 0.0000000000000000000 ) ) ;
#4688 = ORIENTED_EDGE ( 'NONE', *, *, #4445, .T. ) ;
#4689 = ORIENTED_EDGE ( 'NONE', *, *, #4908, .F. ) ;
#4690 = FACE_OUTER_BOUND ( 'NONE', #3080, .T. ) ;
#4691 = CARTESIAN_POINT ( 'NONE',  ( -46.75000000000000000, 111.9999999999999900, 5.975000000000008500 ) ) ;
#4692 = CYLINDRICAL_SURFACE ( 'NONE', #196, 2.025000000000000800 ) ;
#4693 = EDGE_CURVE ( 'NONE', #413, #661, #5883, .T. ) ;
#4694 = AXIS2_PLACEMENT_3D ( 'NONE', #4938, #722, #5535 ) ;
#4695 = ORIENTED_EDGE ( 'NONE', *, *, #4659, .T. ) ;
#4696 = ORIENTED_EDGE ( 'NONE', *, *, #4679, .F. ) ;
#4697 = DIRECTION ( 'NONE',  ( 1.000000000000000000, -0.0000000000000000000, 0.0000000000000000000 ) ) ;
#4698 = CIRCLE ( 'NONE', #2962, 6.999999999999999100 ) ;
#4699 = ORIENTED_EDGE ( 'NONE', *, *, #5167, .F. ) ;
#4700 = CARTESIAN_POINT ( 'NONE',  ( 1.250000000000000200, 31.99999999999999300, 8.000000000000000000 ) ) ;
#4701 = SECURITY_CLASSIFICATION_LEVEL ( 'unclassified' ) ;
#4702 = DIRECTION ( 'NONE',  ( 3.652049423109066300E-016, -0.0000000000000000000, -1.000000000000000000 ) ) ;
#4703 = VERTEX_POINT ( 'NONE', #2564 ) ;
#4704 = ORIENTED_EDGE ( 'NONE', *, *, #3805, .F. ) ;
#4705 = ADVANCED_FACE ( 'NONE', ( #450 ), #5774, .F. ) ;
#4706 = EDGE_CURVE ( 'NONE', #6896, #5025, #208, .T. ) ;
#4707 = FACE_BOUND ( 'NONE', #1484, .T. ) ;
#4708 = LINE ( 'NONE', #5284, #1872 ) ;
#4709 = EDGE_CURVE ( 'NONE', #4195, #2728, #4800, .T. ) ;
#4710 = FACE_BOUND ( 'NONE', #6102, .T. ) ;
#4711 = LINE ( 'NONE', #6199, #5282 ) ;
#4712 = ORIENTED_EDGE ( 'NONE', *, *, #5167, .T. ) ;
#4713 = ORIENTED_EDGE ( 'NONE', *, *, #3688, .F. ) ;
#4714 = LINE ( 'NONE', #5388, #787 ) ;
#4715 = DIRECTION ( 'NONE',  ( -1.000000000000000000, 0.0000000000000000000, 0.0000000000000000000 ) ) ;
#4716 = AXIS2_PLACEMENT_3D ( 'NONE', #1151, #4275, #4834 ) ;
#4717 = EDGE_CURVE ( 'NONE', #4738, #651, #6893, .T. ) ;
#4718 = LINE ( 'NONE', #6135, #3382 ) ;
#4719 = EDGE_LOOP ( 'NONE', ( #5357, #4528, #3740, #6360, #4363 ) ) ;
#4720 = DIRECTION ( 'NONE',  ( 1.000000000000000000, -0.0000000000000000000, -0.0000000000000000000 ) ) ;
#4721 = DIRECTION ( 'NONE',  ( 0.0000000000000000000, 0.0000000000000000000, -1.000000000000000000 ) ) ;
#4722 = DIRECTION ( 'NONE',  ( 3.652049423109066300E-016, -0.0000000000000000000, -1.000000000000000000 ) ) ;
#4723 = FACE_BOUND ( 'NONE', #1843, .T. ) ;
#4724 = AXIS2_PLACEMENT_3D ( 'NONE', #4227, #2689, #3219 ) ;
#4725 = EDGE_LOOP ( 'NONE', ( #5616, #6677, #563, #1551 ) ) ;
#4726 = CARTESIAN_POINT ( 'NONE',  ( -1.249999999999999800, 11.31370849898475900, -2.024999999999999900 ) ) ;
#4727 = VECTOR ( 'NONE', #5266, 1000.000000000000000 ) ;
#4728 = ORIENTED_EDGE ( 'NONE', *, *, #3333, .F. ) ;
#4729 = DIRECTION ( 'NONE',  ( 1.000000000000000000, -0.0000000000000000000, 0.0000000000000000000 ) ) ;
#4730 = DIRECTION ( 'NONE',  ( 1.000000000000000000, 0.0000000000000000000, 0.0000000000000000000 ) ) ;
#4731 = EDGE_CURVE ( 'NONE', #4959, #3902, #695, .T. ) ;
#4732 = ORIENTED_EDGE ( 'NONE', *, *, #2819, .T. ) ;
#4733 = VERTEX_POINT ( 'NONE', #1560 ) ;
#4734 = DIRECTION ( 'NONE',  ( 1.000000000000000000, -0.0000000000000000000, 0.0000000000000000000 ) ) ;
#4735 = DIRECTION ( 'NONE',  ( 0.0000000000000000000, 0.7071067811865436900, 0.7071067811865513500 ) ) ;
#4736 = CARTESIAN_POINT ( 'NONE',  ( 4.725000000000003200, 64.00000000000000000, -15.99999999999999600 ) ) ;
#4737 = AXIS2_PLACEMENT_3D ( 'NONE', #1781, #6045, #134 ) ;
#4738 = VERTEX_POINT ( 'NONE', #3117 ) ;
#4739 = CIRCLE ( 'NONE', #6834, 2.024999999999998100 ) ;
#4740 = VECTOR ( 'NONE', #1078, 1000.000000000000000 ) ;
#4741 = ADVANCED_FACE ( 'NONE', ( #3893 ), #4469, .F. ) ;
#4742 = CARTESIAN_POINT ( 'NONE',  ( -1.249999999999999800, 85.43189123190262500, 13.43189123190273400 ) ) ;
#4743 = DIRECTION ( 'NONE',  ( 1.000000000000000000, -0.0000000000000000000, 0.0000000000000000000 ) ) ;
#4744 = CARTESIAN_POINT ( 'NONE',  ( 8.774999999999987900, 16.00000000000000700, 16.00000000000000400 ) ) ;
#4745 = CARTESIAN_POINT ( 'NONE',  ( 1.250000000000000200, 120.0000000000000000, -13.50000000000000200 ) ) ;
#4746 = ORIENTED_EDGE ( 'NONE', *, *, #620, .F. ) ;
#4747 = EDGE_CURVE ( 'NONE', #6722, #5285, #2459, .T. ) ;
#4748 = EDGE_CURVE ( 'NONE', #4270, #4144, #3035, .T. ) ;
#4749 = DIRECTION ( 'NONE',  ( 0.0000000000000000000, -1.000000000000000000, 0.0000000000000000000 ) ) ;
#4750 = LINE ( 'NONE', #6694, #4592 ) ;
#4751 = CARTESIAN_POINT ( 'NONE',  ( -46.75000000000000000, 112.9466098576642000, -9.917172606141297900 ) ) ;
#4752 = DIRECTION ( 'NONE',  ( 0.0000000000000000000, 0.0000000000000000000, -1.000000000000000000 ) ) ;
#4753 = VECTOR ( 'NONE', #763, 1000.000000000000000 ) ;
#4754 = EDGE_CURVE ( 'NONE', #314, #4276, #4053, .T. ) ;
#4755 = EDGE_LOOP ( 'NONE', ( #3642, #51 ) ) ;
#4756 = CARTESIAN_POINT ( 'NONE',  ( -1.249999999999999800, 55.99999999999999300, 5.975000000000009400 ) ) ;
#4757 = CARTESIAN_POINT ( 'NONE',  ( -1.249999999999999800, 85.43189123190279600, -13.43189123190274400 ) ) ;
#4758 = LINE ( 'NONE', #4505, #248 ) ;
#4759 = ORIENTED_EDGE ( 'NONE', *, *, #3221, .F. ) ;
#4760 = CARTESIAN_POINT ( 'NONE',  ( -1.250000000000001100, 8.485281374238569500, 8.485281374238569500 ) ) ;
#4761 = AXIS2_PLACEMENT_3D ( 'NONE', #5606, #799, #1291 ) ;
#4762 = VERTEX_POINT ( 'NONE', #4425 ) ;
#4763 = ORIENTED_EDGE ( 'NONE', *, *, #1408, .F. ) ;
#4764 = DIRECTION ( 'NONE',  ( 3.652049423109066300E-016, -0.0000000000000000000, -1.000000000000000000 ) ) ;
#4765 = VECTOR ( 'NONE', #1684, 1000.000000000000000 ) ;
#4766 = EDGE_CURVE ( 'NONE', #6896, #5387, #3376, .T. ) ;
#4767 = DIRECTION ( 'NONE',  ( -1.000000000000000000, 0.0000000000000000000, 0.0000000000000000000 ) ) ;
#4768 = ORIENTED_EDGE ( 'NONE', *, *, #827, .T. ) ;
#4769 = ORIENTED_EDGE ( 'NONE', *, *, #5900, .T. ) ;
#4770 = CARTESIAN_POINT ( 'NONE',  ( 4.725000000000001400, 32.00000000000000700, -13.50000000000000200 ) ) ;
#4771 = CARTESIAN_POINT ( 'NONE',  ( 1.250000000000000200, 16.94660985766420000, -9.917172606141322800 ) ) ;
#4772 = CIRCLE ( 'NONE', #1263, 2.024999999999999000 ) ;
#4773 = CIRCLE ( 'NONE', #1163, 2.025000000000002600 ) ;
#4774 = AXIS2_PLACEMENT_3D ( 'NONE', #5983, #3878, #4417 ) ;
#4775 = ORIENTED_EDGE ( 'NONE', *, *, #5150, .T. ) ;
#4776 = ORIENTED_EDGE ( 'NONE', *, *, #4470, .F. ) ;
#4777 = CARTESIAN_POINT ( 'NONE',  ( -1.249999999999999800, 82.56810876809723300, -10.56810876809725700 ) ) ;
#4778 = CIRCLE ( 'NONE', #5830, 2.024999999999998100 ) ;
#4779 = LINE ( 'NONE', #1071, #3521 ) ;
#4780 = VECTOR ( 'NONE', #4268, 1000.000000000000000 ) ;
#4781 = CYLINDRICAL_SURFACE ( 'NONE', #4538, 2.024999999999999900 ) ;
#4782 = ORIENTED_EDGE ( 'NONE', *, *, #1976, .T. ) ;
#4783 = ORIENTED_EDGE ( 'NONE', *, *, #1489, .T. ) ;
#4784 = ORIENTED_EDGE ( 'NONE', *, *, #456, .F. ) ;
#4785 = LINE ( 'NONE', #161, #3363 ) ;
#4786 = EDGE_CURVE ( 'NONE', #2902, #5174, #3968, .T. ) ;
#4787 = AXIS2_PLACEMENT_3D ( 'NONE', #5335, #4859, #1642 ) ;
#4788 = VECTOR ( 'NONE', #1926, 1000.000000000000000 ) ;
#4789 = CARTESIAN_POINT ( 'NONE',  ( -1.249999999999999800, 38.08282739385867900, -7.053390142335805600 ) ) ;
#4790 = CARTESIAN_POINT ( 'NONE',  ( -1.249999999999999800, 34.56810876809729600, -10.56810876809726100 ) ) ;
#4791 = LINE ( 'NONE', #6381, #3367 ) ;
#4792 = ORIENTED_EDGE ( 'NONE', *, *, #6050, .F. ) ;
#4793 = ORIENTED_EDGE ( 'NONE', *, *, #5181, .F. ) ;
#4794 = VERTEX_POINT ( 'NONE', #5464 ) ;
#4795 = FACE_OUTER_BOUND ( 'NONE', #3462, .T. ) ;
#4796 = DIRECTION ( 'NONE',  ( 3.652049423109066300E-016, 0.0000000000000000000, -1.000000000000000000 ) ) ;
#4797 = CARTESIAN_POINT ( 'NONE',  ( 1.250000000000000200, 110.5681087680972300, 6.568108768097276100 ) ) ;
#4798 = CARTESIAN_POINT ( 'NONE',  ( 6.749999999999990200, 80.00000000000001400, 13.50000000000000000 ) ) ;
#4799 = CARTESIAN_POINT ( 'NONE',  ( -1.249999999999999800, 120.0000000000000000, 0.0000000000000000000 ) ) ;
#4800 = LINE ( 'NONE', #966, #1212 ) ;
#4801 = CARTESIAN_POINT ( 'NONE',  ( 6.750000000000000000, 8.000000000000007100, -13.50000000000000200 ) ) ;
#4802 = CARTESIAN_POINT ( 'NONE',  ( -1.249999999999999800, 107.3137084989847800, -2.024999999999999900 ) ) ;
#4803 = VECTOR ( 'NONE', #888, 999.9999999999998900 ) ;
#4804 = ORIENTED_EDGE ( 'NONE', *, *, #6160, .T. ) ;
#4805 = EDGE_CURVE ( 'NONE', #1753, #3888, #6883, .T. ) ;
#4806 = DIRECTION ( 'NONE',  ( 1.000000000000000000, 0.0000000000000000000, 0.0000000000000000000 ) ) ;
#4807 = EDGE_LOOP ( 'NONE', ( #6036, #5121, #1043, #4981, #4149 ) ) ;
#4808 = ORIENTED_EDGE ( 'NONE', *, *, #4193, .F. ) ;
#4809 = CARTESIAN_POINT ( 'NONE',  ( 4.725000000000003200, 40.00000000000000700, -15.99999999999999600 ) ) ;
#4810 = VECTOR ( 'NONE', #1829, 1000.000000000000000 ) ;
#4811 = CARTESIAN_POINT ( 'NONE',  ( -1.249999999999999800, 104.0000000000000100, -7.999999999999994700 ) ) ;
#4812 = ORIENTED_EDGE ( 'NONE', *, *, #1282, .F. ) ;
#4813 = AXIS2_PLACEMENT_3D ( 'NONE', #550, #6885, #3689 ) ;
#4814 = CARTESIAN_POINT ( 'NONE',  ( 8.774999999999998600, 56.00000000000000700, -13.50000000000000200 ) ) ;
#4815 = EDGE_LOOP ( 'NONE', ( #5047, #4229 ) ) ;
#4816 = CARTESIAN_POINT ( 'NONE',  ( 6.750000000000000900, 112.0000000000000100, -15.99999999999999600 ) ) ;
#4817 = ORIENTED_EDGE ( 'NONE', *, *, #1807, .F. ) ;
#4818 = ADVANCED_FACE ( 'NONE', ( #861 ), #1286, .F. ) ;
#4819 = DIRECTION ( 'NONE',  ( 3.652049423109066300E-016, -0.0000000000000000000, -1.000000000000000000 ) ) ;
#4820 = CARTESIAN_POINT ( 'NONE',  ( -1.249999999999999800, 104.4852813742385700, 8.485281374238569500 ) ) ;
#4821 = VERTEX_POINT ( 'NONE', #6013 ) ;
#4822 = DIRECTION ( 'NONE',  ( 0.0000000000000000000, -0.7071067811865450200, 0.7071067811865501300 ) ) ;
#4823 = CARTESIAN_POINT ( 'NONE',  ( -1.249999999999999800, 105.4318912319027700, -6.568108768097234300 ) ) ;
#4824 = EDGE_CURVE ( 'NONE', #1339, #6587, #2361, .T. ) ;
#4825 = DIRECTION ( 'NONE',  ( 3.652049423109066300E-016, 0.0000000000000000000, -1.000000000000000000 ) ) ;
#4826 = CIRCLE ( 'NONE', #4858, 2.024999999999997200 ) ;
#4827 = ORIENTED_EDGE ( 'NONE', *, *, #646, .F. ) ;
#4828 = VERTEX_POINT ( 'NONE', #3467 ) ;
#4829 = DIRECTION ( 'NONE',  ( 1.000000000000000000, -0.0000000000000000000, 0.0000000000000000000 ) ) ;
#4830 = DIRECTION ( 'NONE',  ( 1.000000000000000000, 0.0000000000000000000, -1.826024711554532900E-016 ) ) ;
#4831 = EDGE_CURVE ( 'NONE', #4887, #3699, #5630, .T. ) ;
#4832 = AXIS2_PLACEMENT_3D ( 'NONE', #6660, #843, #6173 ) ;
#4833 = CIRCLE ( 'NONE', #6695, 2.025000000000002600 ) ;
#4834 = DIRECTION ( 'NONE',  ( 0.0000000000000000000, 0.0000000000000000000, -1.000000000000000000 ) ) ;
#4835 = FACE_BOUND ( 'NONE', #491, .T. ) ;
#4836 = CARTESIAN_POINT ( 'NONE',  ( 8.774999999999987900, 112.0000000000000100, 16.00000000000000400 ) ) ;
#4837 = EDGE_LOOP ( 'NONE', ( #6610, #6196, #4430, #3550 ) ) ;
#4838 = EDGE_CURVE ( 'NONE', #5212, #427, #4214, .T. ) ;
#4839 = EDGE_CURVE ( 'NONE', #4794, #4409, #2024, .T. ) ;
#4840 = DIRECTION ( 'NONE',  ( 1.000000000000000000, 0.0000000000000000000, -0.0000000000000000000 ) ) ;
#4841 = CARTESIAN_POINT ( 'NONE',  ( -1.249999999999999800, 38.56810876809724700, -6.568108768097241400 ) ) ;
#4842 = DIRECTION ( 'NONE',  ( -1.826024711554532900E-016, 0.0000000000000000000, 1.000000000000000000 ) ) ;
#4843 = CARTESIAN_POINT ( 'NONE',  ( 6.750000000000000900, 48.00000000000000700, -15.99999999999999600 ) ) ;
#4844 = DIRECTION ( 'NONE',  ( 1.000000000000000000, -0.0000000000000000000, -0.0000000000000000000 ) ) ;
#4845 = LINE ( 'NONE', #3375, #3335 ) ;
#4846 = VERTEX_POINT ( 'NONE', #764 ) ;
#4847 = EDGE_LOOP ( 'NONE', ( #1516, #1051, #3859, #1174 ) ) ;
#4848 = AXIS2_PLACEMENT_3D ( 'NONE', #5530, #3958, #719 ) ;
#4849 = EDGE_CURVE ( 'NONE', #5895, #3340, #1205, .T. ) ;
#4850 = FACE_OUTER_BOUND ( 'NONE', #5721, .T. ) ;
#4851 = DIRECTION ( 'NONE',  ( 0.0000000000000000000, -0.7071067811865513500, 0.7071067811865436900 ) ) ;
#4852 = ADVANCED_FACE ( 'NONE', ( #609 ), #2599, .F. ) ;
#4853 = FACE_OUTER_BOUND ( 'NONE', #2076, .T. ) ;
#4854 = ORIENTED_EDGE ( 'NONE', *, *, #897, .T. ) ;
#4855 = ORIENTED_EDGE ( 'NONE', *, *, #560, .F. ) ;
#4856 = CARTESIAN_POINT ( 'NONE',  ( 6.749999999999990200, 80.00000000000001400, 13.50000000000000000 ) ) ;
#4857 = CIRCLE ( 'NONE', #3913, 2.025000000000002600 ) ;
#4858 = AXIS2_PLACEMENT_3D ( 'NONE', #562, #1600, #5321 ) ;
#4859 = DIRECTION ( 'NONE',  ( -1.000000000000000000, -0.0000000000000000000, -0.0000000000000000000 ) ) ;
#4860 = CARTESIAN_POINT ( 'NONE',  ( -1.249999999999999800, 39.51471862576143900, -10.51028137423856600 ) ) ;
#4861 = ORIENTED_EDGE ( 'NONE', *, *, #144, .T. ) ;
#4862 = DIRECTION ( 'NONE',  ( 0.0000000000000000000, -0.7071067811865463500, -0.7071067811865487900 ) ) ;
#4863 = VERTEX_POINT ( 'NONE', #2965 ) ;
#4864 = CIRCLE ( 'NONE', #1901, 2.024999999999997200 ) ;
#4865 = EDGE_CURVE ( 'NONE', #1273, #1770, #4711, .T. ) ;
#4866 = VECTOR ( 'NONE', #1972, 1000.000000000000100 ) ;
#4867 = DIRECTION ( 'NONE',  ( 1.000000000000000000, -0.0000000000000000000, -0.0000000000000000000 ) ) ;
#4868 = ORIENTED_EDGE ( 'NONE', *, *, #2445, .T. ) ;
#4869 = DIRECTION ( 'NONE',  ( 0.0000000000000000000, 1.000000000000000000, 0.0000000000000000000 ) ) ;
#4870 = VERTEX_POINT ( 'NONE', #262 ) ;
#4871 = ORIENTED_EDGE ( 'NONE', *, *, #1657, .F. ) ;
#4872 = DIRECTION ( 'NONE',  ( 0.0000000000000000000, 0.0000000000000000000, -1.000000000000000000 ) ) ;
#4873 = DIRECTION ( 'NONE',  ( 0.0000000000000000000, 0.0000000000000000000, -1.000000000000000000 ) ) ;
#4874 = DIRECTION ( 'NONE',  ( 1.000000000000000000, -0.0000000000000000000, -0.0000000000000000000 ) ) ;
#4875 = AXIS2_PLACEMENT_3D ( 'NONE', #4820, #6406, #6507 ) ;
#4876 = VECTOR ( 'NONE', #4492, 1000.000000000000000 ) ;
#4877 = FACE_OUTER_BOUND ( 'NONE', #5236, .T. ) ;
#4878 = ORIENTED_EDGE ( 'NONE', *, *, #3260, .F. ) ;
#4879 = DIRECTION ( 'NONE',  ( -1.826024711554532900E-016, 0.0000000000000000000, 1.000000000000000000 ) ) ;
#4880 = DIRECTION ( 'NONE',  ( 1.000000000000000000, -0.0000000000000000000, 0.0000000000000000000 ) ) ;
#4881 = DATE_AND_TIME ( #4046, #6277 ) ;
#4882 = ORIENTED_EDGE ( 'NONE', *, *, #4323, .T. ) ;
#4883 = VERTEX_POINT ( 'NONE', #238 ) ;
#4884 = FACE_OUTER_BOUND ( 'NONE', #1445, .T. ) ;
#4885 = FACE_OUTER_BOUND ( 'NONE', #760, .T. ) ;
#4886 = ORIENTED_EDGE ( 'NONE', *, *, #448, .T. ) ;
#4887 = VERTEX_POINT ( 'NONE', #5092 ) ;
#4888 = EDGE_CURVE ( 'NONE', #5907, #3964, #6117, .T. ) ;
#4889 = CARTESIAN_POINT ( 'NONE',  ( -1.250000000000001100, 8.485281374238571300, -10.51028137423856600 ) ) ;
#4890 = CARTESIAN_POINT ( 'NONE',  ( 4.725000000000003200, 72.00000000000001400, -15.99999999999999600 ) ) ;
#4891 = DIRECTION ( 'NONE',  ( -1.000000000000000000, 0.0000000000000000000, 0.0000000000000000000 ) ) ;
#4892 = CYLINDRICAL_SURFACE ( 'NONE', #6362, 2.024999999999998100 ) ;
#4893 = VERTEX_POINT ( 'NONE', #5112 ) ;
#4894 = ADVANCED_FACE ( 'NONE', ( #5200 ), #4557, .F. ) ;
#4895 = ORIENTED_EDGE ( 'NONE', *, *, #251, .T. ) ;
#4896 = DIRECTION ( 'NONE',  ( -1.000000000000000000, 0.0000000000000000000, 0.0000000000000000000 ) ) ;
#4897 = PLANE ( 'NONE',  #5072 ) ;
#4898 = CARTESIAN_POINT ( 'NONE',  ( 6.749999999999989300, 8.000000000000007100, 16.00000000000000400 ) ) ;
#4899 = EDGE_CURVE ( 'NONE', #4973, #4142, #3295, .T. ) ;
#4900 = LINE ( 'NONE', #1693, #304 ) ;
#4901 = ORIENTED_EDGE ( 'NONE', *, *, #1732, .F. ) ;
#4902 = VERTEX_POINT ( 'NONE', #5139 ) ;
#4903 = DIRECTION ( 'NONE',  ( 1.000000000000000000, -0.0000000000000000000, 0.0000000000000000000 ) ) ;
#4904 = DIRECTION ( 'NONE',  ( 0.0000000000000000000, 0.0000000000000000000, -1.000000000000000000 ) ) ;
#4905 = AXIS2_PLACEMENT_3D ( 'NONE', #4335, #4243, #3789 ) ;
#4906 = ORIENTED_EDGE ( 'NONE', *, *, #4114, .F. ) ;
#4907 = VERTEX_POINT ( 'NONE', #5070 ) ;
#4908 = EDGE_CURVE ( 'NONE', #4142, #4973, #4387, .T. ) ;
#4909 = CARTESIAN_POINT ( 'NONE',  ( 1.250000000000000200, 62.08282739385868600, -7.053390142335802100 ) ) ;
#4910 = FACE_BOUND ( 'NONE', #1369, .T. ) ;
#4911 = CARTESIAN_POINT ( 'NONE',  ( -1.249999999999999800, 87.51471862576144600, -10.51028137423856600 ) ) ;
#4912 = EDGE_LOOP ( 'NONE', ( #5445, #941, #1696, #5093 ) ) ;
#4913 = CARTESIAN_POINT ( 'NONE',  ( -46.75000000000000000, 110.5681087680972500, -6.568108768097241400 ) ) ;
#4914 = ORIENTED_EDGE ( 'NONE', *, *, #80, .T. ) ;
#4915 = AXIS2_PLACEMENT_3D ( 'NONE', #1094, #2074, #1638 ) ;
#4916 = ORIENTED_EDGE ( 'NONE', *, *, #3821, .T. ) ;
#4917 = DIRECTION ( 'NONE',  ( 0.0000000000000000000, 0.7071067811865450200, -0.7071067811865500200 ) ) ;
#4918 = AXIS2_PLACEMENT_3D ( 'NONE', #6336, #3705, #4237 ) ;
#4919 = CARTESIAN_POINT ( 'NONE',  ( 4.725000000000001400, 24.00000000000000700, -13.50000000000000200 ) ) ;
#4920 = CARTESIAN_POINT ( 'NONE',  ( 4.724999999999993400, 32.00000000000000700, 13.50000000000000000 ) ) ;
#4921 = CARTESIAN_POINT ( 'NONE',  ( -1.249999999999999800, 37.43189123190278900, -13.43189123190274400 ) ) ;
#4922 = CYLINDRICAL_SURFACE ( 'NONE', #5124, 2.024999999999990100 ) ;
#4923 = DIRECTION ( 'NONE',  ( 0.0000000000000000000, 0.7071067811865469100, 0.7071067811865482400 ) ) ;
#4924 = CARTESIAN_POINT ( 'NONE',  ( 4.724999999999991700, 72.00000000000001400, 16.00000000000000400 ) ) ;
#4925 = ADVANCED_FACE ( 'NONE', ( #3885 ), #3284, .F. ) ;
#4926 = EDGE_CURVE ( 'NONE', #4232, #4539, #2452, .T. ) ;
#4927 = VECTOR ( 'NONE', #5932, 1000.000000000000000 ) ;
#4928 = ORIENTED_EDGE ( 'NONE', *, *, #3909, .F. ) ;
#4929 = CARTESIAN_POINT ( 'NONE',  ( -1.249999999999999800, 54.56810876809724000, -9.431891231902755000 ) ) ;
#4930 = CARTESIAN_POINT ( 'NONE',  ( 1.250000000000000200, 39.51471862576143900, -8.485281374238566000 ) ) ;
#4931 = DIRECTION ( 'NONE',  ( 1.000000000000000000, -0.0000000000000000000, -0.0000000000000000000 ) ) ;
#4932 = EDGE_CURVE ( 'NONE', #4276, #314, #3024, .T. ) ;
#4933 = ORIENTED_EDGE ( 'NONE', *, *, #827, .F. ) ;
#4934 = ORIENTED_EDGE ( 'NONE', *, *, #2656, .F. ) ;
#4935 = ORIENTED_EDGE ( 'NONE', *, *, #2845, .F. ) ;
#4936 = DIRECTION ( 'NONE',  ( -1.000000000000000000, 0.0000000000000000000, 0.0000000000000000000 ) ) ;
#4937 = CYLINDRICAL_SURFACE ( 'NONE', #767, 2.024999999999998100 ) ;
#4938 = CARTESIAN_POINT ( 'NONE',  ( -1.249999999999999800, 72.00000000000001400, 2.024999999999999900 ) ) ;
#4939 = DIRECTION ( 'NONE',  ( 0.0000000000000000000, 0.7071067811865501300, 0.7071067811865450200 ) ) ;
#4940 = AXIS2_PLACEMENT_3D ( 'NONE', #2099, #568, #3786 ) ;
#4941 = ORIENTED_EDGE ( 'NONE', *, *, #6123, .T. ) ;
#4942 = EDGE_LOOP ( 'NONE', ( #4451, #3116 ) ) ;
#4943 = DIRECTION ( 'NONE',  ( 1.826024711554532900E-016, -0.0000000000000000000, 1.000000000000000000 ) ) ;
#4944 = LINE ( 'NONE', #414, #3349 ) ;
#4945 = FACE_OUTER_BOUND ( 'NONE', #5039, .T. ) ;
#4946 = DIRECTION ( 'NONE',  ( 0.0000000000000000000, 0.0000000000000000000, -1.000000000000000000 ) ) ;
#4947 = ORIENTED_EDGE ( 'NONE', *, *, #2128, .T. ) ;
#4948 = EDGE_LOOP ( 'NONE', ( #3040, #6270, #4104, #1165 ) ) ;
#4949 = CARTESIAN_POINT ( 'NONE',  ( -1.249999999999999800, 79.99999999999998600, 8.000000000000000000 ) ) ;
#4950 = FACE_OUTER_BOUND ( 'NONE', #3719, .T. ) ;
#4951 = AXIS2_PLACEMENT_3D ( 'NONE', #1963, #3531, #4062 ) ;
#4952 = DIRECTION ( 'NONE',  ( 0.0000000000000000000, -0.7071067811865526800, -0.7071067811865424700 ) ) ;
#4953 = ORIENTED_EDGE ( 'NONE', *, *, #4171, .F. ) ;
#4954 = ORIENTED_EDGE ( 'NONE', *, *, #4513, .F. ) ;
#4955 = ORIENTED_EDGE ( 'NONE', *, *, #2066, .T. ) ;
#4956 = VECTOR ( 'NONE', #1970, 1000.000000000000000 ) ;
#4957 = ADVANCED_FACE ( 'NONE', ( #939 ), #114, .F. ) ;
#4958 = DIRECTION ( 'NONE',  ( 0.0000000000000000000, 0.0000000000000000000, -1.000000000000000000 ) ) ;
#4959 = VERTEX_POINT ( 'NONE', #3579 ) ;
#4960 = CARTESIAN_POINT ( 'NONE',  ( 1.250000000000000200, 55.99999999999999300, 8.000000000000000000 ) ) ;
#4961 = ORIENTED_EDGE ( 'NONE', *, *, #989, .F. ) ;
#4962 = CARTESIAN_POINT ( 'NONE',  ( 6.750000000000000000, 96.00000000000000000, -13.50000000000000200 ) ) ;
#4963 = AXIS2_PLACEMENT_3D ( 'NONE', #2061, #4764, #2600 ) ;
#4964 = FACE_OUTER_BOUND ( 'NONE', #4296, .T. ) ;
#4965 = CARTESIAN_POINT ( 'NONE',  ( -1.249999999999999800, 85.43189123190266800, 13.43189123190281200 ) ) ;
#4966 = CYLINDRICAL_SURFACE ( 'NONE', #4076, 2.025000000000002600 ) ;
#4967 = VERTEX_POINT ( 'NONE', #3002 ) ;
#4968 = DIRECTION ( 'NONE',  ( 1.000000000000000000, -0.0000000000000000000, -0.0000000000000000000 ) ) ;
#4969 = ORIENTED_EDGE ( 'NONE', *, *, #5539, .T. ) ;
#4970 = EDGE_LOOP ( 'NONE', ( #3203, #4286 ) ) ;
#4971 = CIRCLE ( 'NONE', #3215, 2.024999999999990100 ) ;
#4972 = EDGE_CURVE ( 'NONE', #6854, #1798, #1617, .T. ) ;
#4973 = VERTEX_POINT ( 'NONE', #4095 ) ;
#4974 = EDGE_CURVE ( 'NONE', #4573, #5061, #1866, .T. ) ;
#4975 = CARTESIAN_POINT ( 'NONE',  ( 2.465133360598619700E-015, 120.0000000000000000, 13.50000000000000200 ) ) ;
#4976 = CYLINDRICAL_SURFACE ( 'NONE', #1593, 2.024999999999999900 ) ;
#4977 = DIRECTION ( 'NONE',  ( 3.652049423109066300E-016, -0.0000000000000000000, -1.000000000000000000 ) ) ;
#4978 = ORIENTED_EDGE ( 'NONE', *, *, #807, .T. ) ;
#4979 = CARTESIAN_POINT ( 'NONE',  ( 1.250000000000000200, 104.0000000000000100, 8.000000000000000000 ) ) ;
#4980 = AXIS2_PLACEMENT_3D ( 'NONE', #1797, #6119, #4991 ) ;
#4981 = ORIENTED_EDGE ( 'NONE', *, *, #1986, .T. ) ;
#4982 = DIRECTION ( 'NONE',  ( 1.000000000000000000, -0.0000000000000000000, 0.0000000000000000000 ) ) ;
#4983 = DIRECTION ( 'NONE',  ( 1.000000000000000000, -0.0000000000000000000, 0.0000000000000000000 ) ) ;
#4984 = EDGE_CURVE ( 'NONE', #509, #3766, #2847, .T. ) ;
#4985 = PLANE ( 'NONE',  #6374 ) ;
#4986 = DIRECTION ( 'NONE',  ( 0.0000000000000000000, 0.7071067811865450200, -0.7071067811865500200 ) ) ;
#4987 = CARTESIAN_POINT ( 'NONE',  ( 1.250000000000000200, 13.43189123190277600, -13.43189123190275300 ) ) ;
#4988 = ORIENTED_EDGE ( 'NONE', *, *, #5854, .F. ) ;
#4989 = CARTESIAN_POINT ( 'NONE',  ( 1.250000000000000200, 38.08282739385867900, -7.053390142335806500 ) ) ;
#4990 = DIRECTION ( 'NONE',  ( 1.826024711554532900E-016, -0.0000000000000000000, 1.000000000000000000 ) ) ;
#4991 = DIRECTION ( 'NONE',  ( -1.000000000000000000, 0.0000000000000000000, 0.0000000000000000000 ) ) ;
#4992 = DIRECTION ( 'NONE',  ( 1.000000000000000000, -0.0000000000000000000, 0.0000000000000000000 ) ) ;
#4993 = ADVANCED_FACE ( 'NONE', ( #5710 ), #2852, .F. ) ;
#4994 = AXIS2_PLACEMENT_3D ( 'NONE', #126, #1193, #5404 ) ;
#4995 = CIRCLE ( 'NONE', #4510, 2.024999999999999000 ) ;
#4996 = EDGE_LOOP ( 'NONE', ( #2221, #4021, #6220, #1333 ) ) ;
#4997 = EDGE_CURVE ( 'NONE', #3510, #5068, #1450, .T. ) ;
#4998 = DIRECTION ( 'NONE',  ( 1.000000000000000000, -0.0000000000000000000, 0.0000000000000000000 ) ) ;
#4999 = CARTESIAN_POINT ( 'NONE',  ( -1.249999999999999800, 33.43189123190276000, -6.568108768097234300 ) ) ;
#5000 = AXIS2_PLACEMENT_3D ( 'NONE', #3787, #1578, #5381 ) ;
#5001 = DIRECTION ( 'NONE',  ( 1.000000000000000000, 0.0000000000000000000, 0.0000000000000000000 ) ) ;
#5002 = LINE ( 'NONE', #6526, #3411 ) ;
#5003 = CARTESIAN_POINT ( 'NONE',  ( -1.249999999999999800, 16.94660985766419300, 9.917172606141328100 ) ) ;
#5004 = ORIENTED_EDGE ( 'NONE', *, *, #297, .T. ) ;
#5005 = DIRECTION ( 'NONE',  ( -0.0000000000000000000, -1.000000000000000000, -0.0000000000000000000 ) ) ;
#5006 = DIRECTION ( 'NONE',  ( -0.0000000000000000000, -1.000000000000000000, -0.0000000000000000000 ) ) ;
#5007 = LINE ( 'NONE', #4726, #2732 ) ;
#5008 = ORIENTED_EDGE ( 'NONE', *, *, #1048, .F. ) ;
#5009 = CARTESIAN_POINT ( 'NONE',  ( -46.75000000000000000, 111.9999999999999900, -7.999999999999983100 ) ) ;
#5010 = DIRECTION ( 'NONE',  ( 3.652049423109066300E-016, -0.0000000000000000000, -1.000000000000000000 ) ) ;
#5011 = EDGE_CURVE ( 'NONE', #2063, #6171, #5191, .T. ) ;
#5012 = CC_DESIGN_SECURITY_CLASSIFICATION ( #2129, ( #6073 ) ) ;
#5013 = ORIENTED_EDGE ( 'NONE', *, *, #4400, .F. ) ;
#5014 = CIRCLE ( 'NONE', #4556, 2.024999999999997200 ) ;
#5015 = VECTOR ( 'NONE', #2432, 1000.000000000000000 ) ;
#5016 = DIRECTION ( 'NONE',  ( 0.0000000000000000000, 0.7071067811865463500, 0.7071067811865487900 ) ) ;
#5017 = VERTEX_POINT ( 'NONE', #2897 ) ;
#5018 = ORIENTED_EDGE ( 'NONE', *, *, #6245, .F. ) ;
#5019 = AXIS2_PLACEMENT_3D ( 'NONE', #2299, #4952, #1748 ) ;
#5020 = EDGE_CURVE ( 'NONE', #1614, #711, #1116, .T. ) ;
#5021 = VECTOR ( 'NONE', #2257, 1000.000000000000000 ) ;
#5022 = ADVANCED_FACE ( 'NONE', ( #4121 ), #3452, .F. ) ;
#5023 = DIRECTION ( 'NONE',  ( 3.652049423109066300E-016, -0.0000000000000000000, -1.000000000000000000 ) ) ;
#5024 = DIRECTION ( 'NONE',  ( -1.000000000000000000, 0.0000000000000000000, 0.0000000000000000000 ) ) ;
#5025 = VERTEX_POINT ( 'NONE', #2508 ) ;
#5026 = ORIENTED_EDGE ( 'NONE', *, *, #890, .F. ) ;
#5027 = DIRECTION ( 'NONE',  ( 0.0000000000000000000, -0.7071067811865462400, 0.7071067811865487900 ) ) ;
#5028 = DIRECTION ( 'NONE',  ( -1.000000000000000000, 0.0000000000000000000, 0.0000000000000000000 ) ) ;
#5029 = CYLINDRICAL_SURFACE ( 'NONE', #913, 2.025000000000004400 ) ;
#5030 = LINE ( 'NONE', #5782, #4866 ) ;
#5031 = LINE ( 'NONE', #2726, #6176 ) ;
#5032 = AXIS2_PLACEMENT_3D ( 'NONE', #6053, #4311, #2650 ) ;
#5033 = ORIENTED_EDGE ( 'NONE', *, *, #3649, .F. ) ;
#5034 = ORIENTED_EDGE ( 'NONE', *, *, #4258, .F. ) ;
#5035 = ORIENTED_EDGE ( 'NONE', *, *, #1477, .T. ) ;
#5036 = EDGE_CURVE ( 'NONE', #3525, #5624, #2095, .T. ) ;
#5037 = CARTESIAN_POINT ( 'NONE',  ( -1.249999999999999800, 15.51471862576143000, 8.485281374238569500 ) ) ;
#5038 = VECTOR ( 'NONE', #6818, 1000.000000000000000 ) ;
#5039 = EDGE_LOOP ( 'NONE', ( #5751, #4317, #4321, #6471 ) ) ;
#5040 = APPROVAL_PERSON_ORGANIZATION ( #5367, #3222, #5206 ) ;
#5041 = ORIENTED_EDGE ( 'NONE', *, *, #2767, .F. ) ;
#5042 = ORIENTED_EDGE ( 'NONE', *, *, #2391, .T. ) ;
#5043 = CARTESIAN_POINT ( 'NONE',  ( -46.75000000000000000, 7.053390142335809200, 9.917172606141322800 ) ) ;
#5044 = CARTESIAN_POINT ( 'NONE',  ( 1.250000000000000200, 1.431891231902795900, -1.431891231902785400 ) ) ;
#5045 = DIRECTION ( 'NONE',  ( 0.0000000000000000000, 0.7071067811865424700, -0.7071067811865526800 ) ) ;
#5046 = AXIS2_PLACEMENT_3D ( 'NONE', #6466, #6484, #105 ) ;
#5047 = ORIENTED_EDGE ( 'NONE', *, *, #5776, .T. ) ;
#5048 = ORIENTED_EDGE ( 'NONE', *, *, #6761, .T. ) ;
#5049 = VECTOR ( 'NONE', #4547, 999.9999999999998900 ) ;
#5050 = DIRECTION ( 'NONE',  ( 3.652049423109066300E-016, 0.0000000000000000000, -1.000000000000000000 ) ) ;
#5051 = CARTESIAN_POINT ( 'NONE',  ( 1.250000000000000200, 96.00000000000000000, 0.0000000000000000000 ) ) ;
#5052 = CARTESIAN_POINT ( 'NONE',  ( -1.250000000000001100, 113.4318912319027400, -9.431891231902751500 ) ) ;
#5053 = VERTEX_POINT ( 'NONE', #6589 ) ;
#5054 = EDGE_CURVE ( 'NONE', #1950, #557, #3198, .T. ) ;
#5055 = AXIS2_PLACEMENT_3D ( 'NONE', #3508, #822, #268 ) ;
#5056 = ORIENTED_EDGE ( 'NONE', *, *, #5819, .T. ) ;
#5057 = DIRECTION ( 'NONE',  ( 1.000000000000000000, -0.0000000000000000000, 0.0000000000000000000 ) ) ;
#5058 = FACE_BOUND ( 'NONE', #6830, .T. ) ;
#5059 = ADVANCED_FACE ( 'NONE', ( #4626 ), #6032, .F. ) ;
#5060 = VERTEX_POINT ( 'NONE', #2471 ) ;
#5061 = VERTEX_POINT ( 'NONE', #5086 ) ;
#5062 = EDGE_CURVE ( 'NONE', #1586, #3524, #1784, .T. ) ;
#5063 = CARTESIAN_POINT ( 'NONE',  ( 8.774999999999987900, 8.000000000000007100, 16.00000000000000400 ) ) ;
#5064 = EDGE_CURVE ( 'NONE', #5185, #2046, #3112, .T. ) ;
#5065 = ORIENTED_EDGE ( 'NONE', *, *, #3659, .T. ) ;
#5066 = DIRECTION ( 'NONE',  ( 3.652049423109066300E-016, -0.0000000000000000000, -1.000000000000000000 ) ) ;
#5067 = VECTOR ( 'NONE', #4874, 1000.000000000000000 ) ;
#5068 = VERTEX_POINT ( 'NONE', #5742 ) ;
#5069 = CARTESIAN_POINT ( 'NONE',  ( -1.249999999999999800, 33.91717260614134200, -7.053390142335806500 ) ) ;
#5070 = CARTESIAN_POINT ( 'NONE',  ( 8.774999999999998600, 88.00000000000002800, -13.50000000000000200 ) ) ;
#5071 = ORIENTED_EDGE ( 'NONE', *, *, #201, .T. ) ;
#5072 = AXIS2_PLACEMENT_3D ( 'NONE', #5436, #5467, #4428 ) ;
#5073 = DIRECTION ( 'NONE',  ( 1.826024711554532900E-016, -0.0000000000000000000, 1.000000000000000000 ) ) ;
#5074 = LINE ( 'NONE', #3396, #6311 ) ;
#5075 = CARTESIAN_POINT ( 'NONE',  ( -1.249999999999999800, 82.56810876809730400, -10.56810876809726100 ) ) ;
#5076 = EDGE_CURVE ( 'NONE', #3296, #4466, #2761, .T. ) ;
#5077 = PLANE ( 'NONE',  #4484 ) ;
#5078 = CARTESIAN_POINT ( 'NONE',  ( 6.749999999999989300, 96.00000000000000000, 16.00000000000000400 ) ) ;
#5079 = CARTESIAN_POINT ( 'NONE',  ( -46.75000000000000000, 8.485281374238571300, -8.485281374238566000 ) ) ;
#5080 = DIRECTION ( 'NONE',  ( 1.000000000000000000, -0.0000000000000000000, -0.0000000000000000000 ) ) ;
#5081 = ORIENTED_EDGE ( 'NONE', *, *, #4731, .F. ) ;
#5082 = DIRECTION ( 'NONE',  ( -1.000000000000000000, 0.0000000000000000000, 0.0000000000000000000 ) ) ;
#5083 = AXIS2_PLACEMENT_3D ( 'NONE', #2269, #6547, #5984 ) ;
#5084 = LINE ( 'NONE', #515, #1831 ) ;
#5085 = EDGE_CURVE ( 'NONE', #5770, #1909, #5529, .T. ) ;
#5086 = CARTESIAN_POINT ( 'NONE',  ( -1.249999999999999800, 120.0000000000000000, -16.00000000000000000 ) ) ;
#5087 = VECTOR ( 'NONE', #6347, 1000.000000000000000 ) ;
#5088 = CARTESIAN_POINT ( 'NONE',  ( -1.249999999999999800, 82.56810876809747400, 10.56810876809731100 ) ) ;
#5089 = ORIENTED_EDGE ( 'NONE', *, *, #3386, .T. ) ;
#5090 = ADVANCED_FACE ( 'NONE', ( #6194 ), #5784, .F. ) ;
#5091 = DIRECTION ( 'NONE',  ( 0.0000000000000000000, 0.0000000000000000000, -1.000000000000000000 ) ) ;
#5092 = CARTESIAN_POINT ( 'NONE',  ( 1.250000000000000200, 54.56810876809724000, 9.431891231902756800 ) ) ;
#5093 = ORIENTED_EDGE ( 'NONE', *, *, #3143, .F. ) ;
#5094 = DIRECTION ( 'NONE',  ( 0.0000000000000000000, 0.0000000000000000000, -1.000000000000000000 ) ) ;
#5095 = DIRECTION ( 'NONE',  ( 0.0000000000000000000, 0.0000000000000000000, -1.000000000000000000 ) ) ;
#5096 = ORIENTED_EDGE ( 'NONE', *, *, #2963, .F. ) ;
#5097 = ORIENTED_EDGE ( 'NONE', *, *, #6210, .T. ) ;
#5098 = VERTEX_POINT ( 'NONE', #993 ) ;
#5099 = CARTESIAN_POINT ( 'NONE',  ( 10.75000000000000000, 0.0000000000000000000, -15.99999999999999600 ) ) ;
#5100 = LINE ( 'NONE', #2208, #3690 ) ;
#5101 = EDGE_CURVE ( 'NONE', #4893, #2336, #1694, .T. ) ;
#5102 = EDGE_CURVE ( 'NONE', #3879, #6549, #1945, .T. ) ;
#5103 = ORIENTED_EDGE ( 'NONE', *, *, #5181, .T. ) ;
#5104 = ORIENTED_EDGE ( 'NONE', *, *, #5592, .F. ) ;
#5105 = LINE ( 'NONE', #908, #6422 ) ;
#5106 = CIRCLE ( 'NONE', #6629, 2.025000000000002600 ) ;
#5107 = AXIS2_PLACEMENT_3D ( 'NONE', #2518, #2481, #3601 ) ;
#5108 = ORIENTED_EDGE ( 'NONE', *, *, #646, .T. ) ;
#5109 = VERTEX_POINT ( 'NONE', #4686 ) ;
#5110 = EDGE_CURVE ( 'NONE', #3599, #4863, #2180, .T. ) ;
#5111 = CARTESIAN_POINT ( 'NONE',  ( -1.249999999999999800, 38.08282739385867200, 7.053390142335810100 ) ) ;
#5112 = CARTESIAN_POINT ( 'NONE',  ( -1.249999999999999800, 40.94660985766420000, -9.917172606141322800 ) ) ;
#5113 = CARTESIAN_POINT ( 'NONE',  ( -1.249999999999999800, 10.56810876809729600, -10.56810876809726100 ) ) ;
#5114 = LINE ( 'NONE', #4777, #2591 ) ;
#5115 = DIRECTION ( 'NONE',  ( 0.0000000000000000000, 0.0000000000000000000, -1.000000000000000000 ) ) ;
#5116 = CIRCLE ( 'NONE', #1539, 2.024999999999990100 ) ;
#5117 = ORIENTED_EDGE ( 'NONE', *, *, #1247, .T. ) ;
#5118 = DIRECTION ( 'NONE',  ( 0.0000000000000000000, -0.7071067811865487900, 0.7071067811865463500 ) ) ;
#5119 = ORIENTED_EDGE ( 'NONE', *, *, #251, .F. ) ;
#5120 = CARTESIAN_POINT ( 'NONE',  ( 8.774999999999987900, 88.00000000000002800, 16.00000000000000400 ) ) ;
#5121 = ORIENTED_EDGE ( 'NONE', *, *, #1255, .T. ) ;
#5122 = CARTESIAN_POINT ( 'NONE',  ( 4.724999999999993400, 88.00000000000002800, 13.50000000000000000 ) ) ;
#5123 = CYLINDRICAL_SURFACE ( 'NONE', #6455, 2.025000000000000800 ) ;
#5124 = AXIS2_PLACEMENT_3D ( 'NONE', #3357, #2369, #5497 ) ;
#5125 = EDGE_LOOP ( 'NONE', ( #4914, #2851, #6581, #6910 ) ) ;
#5126 = DIRECTION ( 'NONE',  ( -1.000000000000000000, 0.0000000000000000000, 0.0000000000000000000 ) ) ;
#5127 = CARTESIAN_POINT ( 'NONE',  ( 6.749999999999990200, 112.0000000000000100, 13.50000000000000000 ) ) ;
#5128 = EDGE_CURVE ( 'NONE', #3858, #5907, #518, .T. ) ;
#5129 = ORIENTED_EDGE ( 'NONE', *, *, #1417, .T. ) ;
#5130 = ADVANCED_FACE ( 'NONE', ( #278 ), #1532, .F. ) ;
#5131 = CIRCLE ( 'NONE', #5055, 2.024999999999997200 ) ;
#5132 = ORIENTED_EDGE ( 'NONE', *, *, #2226, .T. ) ;
#5133 = DIRECTION ( 'NONE',  ( 0.0000000000000000000, 0.0000000000000000000, -1.000000000000000000 ) ) ;
#5134 = ORIENTED_EDGE ( 'NONE', *, *, #4838, .F. ) ;
#5135 = ORIENTED_EDGE ( 'NONE', *, *, #5543, .T. ) ;
#5136 = DIRECTION ( 'NONE',  ( -1.000000000000000000, 0.0000000000000000000, -0.0000000000000000000 ) ) ;
#5137 = AXIS2_PLACEMENT_3D ( 'NONE', #2934, #3983, #315 ) ;
#5138 = CARTESIAN_POINT ( 'NONE',  ( 1.250000000000000200, 55.99999999999999300, 5.975000000000009400 ) ) ;
#5139 = CARTESIAN_POINT ( 'NONE',  ( 1.250000000000000200, 35.31370849898475900, 2.024999999999999900 ) ) ;
#5140 = ORIENTED_EDGE ( 'NONE', *, *, #6720, .F. ) ;
#5141 = ORIENTED_EDGE ( 'NONE', *, *, #1088, .F. ) ;
#5142 = DIRECTION ( 'NONE',  ( -1.826024711554532900E-016, 0.0000000000000000000, 1.000000000000000000 ) ) ;
#5143 = CARTESIAN_POINT ( 'NONE',  ( -1.249999999999999800, 55.05339014233580700, -9.917172606141329900 ) ) ;
#5144 = CARTESIAN_POINT ( 'NONE',  ( 6.749999999999989300, 24.00000000000000700, 16.00000000000000400 ) ) ;
#5145 = DIRECTION ( 'NONE',  ( 3.652049423109066300E-016, -0.0000000000000000000, -1.000000000000000000 ) ) ;
#5146 = EDGE_CURVE ( 'NONE', #2266, #3879, #6446, .T. ) ;
#5147 = VERTEX_POINT ( 'NONE', #2615 ) ;
#5148 = ORIENTED_EDGE ( 'NONE', *, *, #1512, .F. ) ;
#5149 = VERTEX_POINT ( 'NONE', #5234 ) ;
#5150 = EDGE_CURVE ( 'NONE', #6937, #6917, #3443, .T. ) ;
#5151 = DIRECTION ( 'NONE',  ( 0.0000000000000000000, 0.0000000000000000000, -1.000000000000000000 ) ) ;
#5152 = ADVANCED_FACE ( 'NONE', ( #2937 ), #3124, .F. ) ;
#5153 = DIRECTION ( 'NONE',  ( 1.000000000000000000, -0.0000000000000000000, -0.0000000000000000000 ) ) ;
#5154 = AXIS2_PLACEMENT_3D ( 'NONE', #2674, #5673, #4418 ) ;
#5155 = DIRECTION ( 'NONE',  ( 0.0000000000000000000, 0.0000000000000000000, -1.000000000000000000 ) ) ;
#5156 = DIRECTION ( 'NONE',  ( 1.000000000000000000, 0.0000000000000000000, 0.0000000000000000000 ) ) ;
#5157 = ORIENTED_EDGE ( 'NONE', *, *, #772, .F. ) ;
#5158 = CARTESIAN_POINT ( 'NONE',  ( 8.774999999999998600, 104.0000000000000100, -13.50000000000000200 ) ) ;
#5159 = VERTEX_POINT ( 'NONE', #458 ) ;
#5160 = CARTESIAN_POINT ( 'NONE',  ( -1.249999999999999800, 16.00000000000000000, 8.000000000000000000 ) ) ;
#5161 = CIRCLE ( 'NONE', #2334, 2.024999999999999000 ) ;
#5162 = LINE ( 'NONE', #2736, #1744 ) ;
#5163 = EDGE_CURVE ( 'NONE', #5895, #4738, #5620, .T. ) ;
#5164 = EDGE_LOOP ( 'NONE', ( #3794, #2734, #5048, #4594 ) ) ;
#5165 = VECTOR ( 'NONE', #3299, 1000.000000000000000 ) ;
#5166 = CIRCLE ( 'NONE', #6515, 2.025000000000004400 ) ;
#5167 = EDGE_CURVE ( 'NONE', #1111, #3888, #1442, .T. ) ;
#5168 = AXIS2_PLACEMENT_3D ( 'NONE', #911, #2490, #6867 ) ;
#5169 = ORIENTED_EDGE ( 'NONE', *, *, #6552, .F. ) ;
#5170 = EDGE_LOOP ( 'NONE', ( #2245, #3482, #1515, #3631 ) ) ;
#5171 = CARTESIAN_POINT ( 'NONE',  ( 6.749999999999990200, 72.00000000000001400, 13.50000000000000000 ) ) ;
#5172 = EDGE_CURVE ( 'NONE', #5974, #5098, #3530, .T. ) ;
#5173 = FACE_OUTER_BOUND ( 'NONE', #1350, .T. ) ;
#5174 = VERTEX_POINT ( 'NONE', #495 ) ;
#5175 = ORIENTED_EDGE ( 'NONE', *, *, #6851, .F. ) ;
#5176 = PLANE ( 'NONE',  #24 ) ;
#5177 = FACE_OUTER_BOUND ( 'NONE', #5558, .T. ) ;
#5178 = ADVANCED_FACE ( 'NONE', ( #2348 ), #3217, .T. ) ;
#5179 = EDGE_CURVE ( 'NONE', #6337, #931, #4043, .T. ) ;
#5180 = LINE ( 'NONE', #4975, #2008 ) ;
#5181 = EDGE_CURVE ( 'NONE', #2951, #1631, #5114, .T. ) ;
#5182 = CIRCLE ( 'NONE', #433, 2.024999999999998100 ) ;
#5183 = ORIENTED_EDGE ( 'NONE', *, *, #4805, .T. ) ;
#5184 = VERTEX_POINT ( 'NONE', #5943 ) ;
#5185 = VERTEX_POINT ( 'NONE', #3238 ) ;
#5186 = DIRECTION ( 'NONE',  ( 1.000000000000000000, -0.0000000000000000000, -0.0000000000000000000 ) ) ;
#5187 = DIRECTION ( 'NONE',  ( 0.0000000000000000000, -0.7071067811865513500, 0.7071067811865436900 ) ) ;
#5188 = FACE_OUTER_BOUND ( 'NONE', #6004, .T. ) ;
#5189 = DIRECTION ( 'NONE',  ( 0.0000000000000000000, 0.0000000000000000000, -1.000000000000000000 ) ) ;
#5190 = ADVANCED_FACE ( 'NONE', ( #2672, #2009, #1360, #1194, #6788, #1774, #6701, #5270, #3873, #6434, #6185, #5865, #2085, #682, #2837 ), #3288, .F. ) ;
#5191 = CIRCLE ( 'NONE', #6933, 2.024999999999998100 ) ;
#5192 = AXIS2_PLACEMENT_3D ( 'NONE', #1936, #3580, #5749 ) ;
#5193 = VECTOR ( 'NONE', #2385, 1000.000000000000000 ) ;
#5194 = EDGE_LOOP ( 'NONE', ( #666, #2028, #2296, #5967 ) ) ;
#5195 = EDGE_CURVE ( 'NONE', #985, #1020, #23, .T. ) ;
#5196 = VERTEX_POINT ( 'NONE', #73 ) ;
#5197 = EDGE_LOOP ( 'NONE', ( #6493, #1420, #1603, #6223 ) ) ;
#5198 = CARTESIAN_POINT ( 'NONE',  ( 1.250000000000000200, 36.68629150101524100, 0.0000000000000000000 ) ) ;
#5199 = CARTESIAN_POINT ( 'NONE',  ( 1.250000000000000200, 63.51471862576142500, 8.485281374238569500 ) ) ;
#5200 = FACE_OUTER_BOUND ( 'NONE', #4670, .T. ) ;
#5201 = CARTESIAN_POINT ( 'NONE',  ( -1.249999999999999800, 64.00000000000000000, -7.999999999999996400 ) ) ;
#5202 = DIRECTION ( 'NONE',  ( 3.652049423109066300E-016, 0.0000000000000000000, -1.000000000000000000 ) ) ;
#5203 = EDGE_LOOP ( 'NONE', ( #935, #71, #5798, #2535 ) ) ;
#5204 = EDGE_LOOP ( 'NONE', ( #1430, #379 ) ) ;
#5205 = AXIS2_PLACEMENT_3D ( 'NONE', #5198, #1994, #2556 ) ;
#5206 = APPROVAL_ROLE ( '' ) ;
#5207 = LINE ( 'NONE', #4205, #4399 ) ;
#5208 = FACE_BOUND ( 'NONE', #69, .T. ) ;
#5209 = DIRECTION ( 'NONE',  ( 0.0000000000000000000, 0.0000000000000000000, -1.000000000000000000 ) ) ;
#5210 = CARTESIAN_POINT ( 'NONE',  ( 8.774999999999987900, 72.00000000000001400, 16.00000000000000400 ) ) ;
#5211 = EDGE_CURVE ( 'NONE', #2205, #190, #4455, .T. ) ;
#5212 = VERTEX_POINT ( 'NONE', #5329 ) ;
#5213 = DIRECTION ( 'NONE',  ( 0.0000000000000000000, 0.0000000000000000000, -1.000000000000000000 ) ) ;
#5214 = VERTEX_POINT ( 'NONE', #2125 ) ;
#5215 = DIRECTION ( 'NONE',  ( 1.000000000000000000, -0.0000000000000000000, -0.0000000000000000000 ) ) ;
#5216 = AXIS2_PLACEMENT_3D ( 'NONE', #3974, #3402, #1820 ) ;
#5217 = VERTEX_POINT ( 'NONE', #5398 ) ;
#5218 = VECTOR ( 'NONE', #2283, 1000.000000000000000 ) ;
#5219 = DIRECTION ( 'NONE',  ( 0.0000000000000000000, 0.0000000000000000000, -1.000000000000000000 ) ) ;
#5220 = DIRECTION ( 'NONE',  ( -1.000000000000000000, 0.0000000000000000000, -0.0000000000000000000 ) ) ;
#5221 = ORIENTED_EDGE ( 'NONE', *, *, #6926, .F. ) ;
#5222 = CARTESIAN_POINT ( 'NONE',  ( -1.249999999999999800, 30.56810876809724300, -9.431891231902755000 ) ) ;
#5223 = ORIENTED_EDGE ( 'NONE', *, *, #4501, .T. ) ;
#5224 = DIRECTION ( 'NONE',  ( -1.000000000000000000, 0.0000000000000000000, 0.0000000000000000000 ) ) ;
#5225 = EDGE_CURVE ( 'NONE', #1750, #236, #4115, .T. ) ;
#5226 = LINE ( 'NONE', #1041, #5664 ) ;
#5227 = ORIENTED_EDGE ( 'NONE', *, *, #3544, .F. ) ;
#5228 = FACE_OUTER_BOUND ( 'NONE', #1745, .T. ) ;
#5229 = VECTOR ( 'NONE', #5996, 1000.000000000000000 ) ;
#5230 = AXIS2_PLACEMENT_3D ( 'NONE', #219, #4931, #3385 ) ;
#5231 = VERTEX_POINT ( 'NONE', #5876 ) ;
#5232 = EDGE_CURVE ( 'NONE', #184, #6195, #4618, .T. ) ;
#5233 = CARTESIAN_POINT ( 'NONE',  ( 6.750000000000000900, 96.00000000000000000, -15.99999999999999600 ) ) ;
#5234 = CARTESIAN_POINT ( 'NONE',  ( -1.249999999999999800, 55.99999999999999300, 5.975000000000009400 ) ) ;
#5235 = FACE_OUTER_BOUND ( 'NONE', #3806, .T. ) ;
#5236 = EDGE_LOOP ( 'NONE', ( #2601, #1097, #27, #4600 ) ) ;
#5237 = CARTESIAN_POINT ( 'NONE',  ( 1.250000000000000200, 39.51471862576143200, 8.485281374238569500 ) ) ;
#5238 = DIRECTION ( 'NONE',  ( 0.0000000000000000000, 0.0000000000000000000, -1.000000000000000000 ) ) ;
#5239 = FACE_OUTER_BOUND ( 'NONE', #6432, .T. ) ;
#5240 = ORIENTED_EDGE ( 'NONE', *, *, #5592, .T. ) ;
#5241 = EDGE_CURVE ( 'NONE', #2552, #4442, #1612, .T. ) ;
#5242 = EDGE_LOOP ( 'NONE', ( #1356, #5955, #1113, #4329 ) ) ;
#5243 = CARTESIAN_POINT ( 'NONE',  ( -1.249999999999999800, 108.6862915010152500, 2.024999999999999900 ) ) ;
#5244 = CIRCLE ( 'NONE', #159, 2.024999999999997200 ) ;
#5245 = ADVANCED_FACE ( 'NONE', ( #5356 ), #6606, .F. ) ;
#5246 = LINE ( 'NONE', #6106, #1092 ) ;
#5247 = ORIENTED_EDGE ( 'NONE', *, *, #528, .F. ) ;
#5248 = CIRCLE ( 'NONE', #2456, 2.024999999999999000 ) ;
#5249 = VECTOR ( 'NONE', #3234, 1000.000000000000000 ) ;
#5250 = VERTEX_POINT ( 'NONE', #591 ) ;
#5251 = ORIENTED_EDGE ( 'NONE', *, *, #2857, .F. ) ;
#5252 = AXIS2_PLACEMENT_3D ( 'NONE', #2422, #813, #5045 ) ;
#5253 = AXIS2_PLACEMENT_3D ( 'NONE', #3320, #647, #2255 ) ;
#5254 = FACE_OUTER_BOUND ( 'NONE', #3548, .T. ) ;
#5255 = CARTESIAN_POINT ( 'NONE',  ( 6.749999999999989300, 64.00000000000000000, 16.00000000000000400 ) ) ;
#5256 = CARTESIAN_POINT ( 'NONE',  ( 6.749999999999990200, 32.00000000000000700, 13.50000000000000000 ) ) ;
#5257 = ADVANCED_FACE ( 'NONE', ( #2173 ), #6416, .F. ) ;
#5258 = ORIENTED_EDGE ( 'NONE', *, *, #691, .F. ) ;
#5259 = ORIENTED_EDGE ( 'NONE', *, *, #5966, .T. ) ;
#5260 = VECTOR ( 'NONE', #3971, 1000.000000000000000 ) ;
#5261 = UNCERTAINTY_MEASURE_WITH_UNIT (LENGTH_MEASURE( 1.000000000000000100E-005 ), #4646, 'distance_accuracy_value', 'NONE');
#5262 = EDGE_CURVE ( 'NONE', #3346, #5068, #4281, .T. ) ;
#5263 = AXIS2_PLACEMENT_3D ( 'NONE', #6387, #545, #4288 ) ;
#5264 = CARTESIAN_POINT ( 'NONE',  ( 4.725000000000003200, 48.00000000000000700, -15.99999999999999600 ) ) ;
#5265 = DIRECTION ( 'NONE',  ( 0.0000000000000000000, 0.0000000000000000000, -1.000000000000000000 ) ) ;
#5266 = DIRECTION ( 'NONE',  ( 0.0000000000000000000, 0.7071067811865505700, -0.7071067811865444600 ) ) ;
#5267 = VERTEX_POINT ( 'NONE', #551 ) ;
#5268 = CARTESIAN_POINT ( 'NONE',  ( 4.724999999999991700, 104.0000000000000100, 16.00000000000000400 ) ) ;
#5269 = ORIENTED_EDGE ( 'NONE', *, *, #1155, .F. ) ;
#5270 = FACE_BOUND ( 'NONE', #2480, .T. ) ;
#5271 = CARTESIAN_POINT ( 'NONE',  ( 8.774999999999987900, 56.00000000000000700, 16.00000000000000400 ) ) ;
#5272 = ORIENTED_EDGE ( 'NONE', *, *, #6114, .F. ) ;
#5273 = DIRECTION ( 'NONE',  ( 1.000000000000000000, -0.0000000000000000000, -0.0000000000000000000 ) ) ;
#5274 = VERTEX_POINT ( 'NONE', #5350 ) ;
#5275 = ORIENTED_EDGE ( 'NONE', *, *, #6373, .F. ) ;
#5276 = DIRECTION ( 'NONE',  ( 3.652049423109066300E-016, -0.0000000000000000000, -1.000000000000000000 ) ) ;
#5277 = EDGE_CURVE ( 'NONE', #1089, #4588, #3792, .T. ) ;
#5278 = CIRCLE ( 'NONE', #2639, 2.024999999999997200 ) ;
#5279 = VECTOR ( 'NONE', #465, 1000.000000000000000 ) ;
#5280 = DIRECTION ( 'NONE',  ( 3.652049423109066300E-016, 0.0000000000000000000, -1.000000000000000000 ) ) ;
#5281 = FACE_BOUND ( 'NONE', #5747, .T. ) ;
#5282 = VECTOR ( 'NONE', #332, 1000.000000000000000 ) ;
#5283 = ORIENTED_EDGE ( 'NONE', *, *, #2365, .F. ) ;
#5284 = CARTESIAN_POINT ( 'NONE',  ( 2.465133360598619700E-015, 0.0000000000000000000, -13.50000000000000200 ) ) ;
#5285 = VERTEX_POINT ( 'NONE', #639 ) ;
#5286 = DIRECTION ( 'NONE',  ( 1.000000000000000000, -0.0000000000000000000, -0.0000000000000000000 ) ) ;
#5287 = CARTESIAN_POINT ( 'NONE',  ( 1.250000000000000200, 111.9999999999999900, 8.000000000000010700 ) ) ;
#5288 = DIRECTION ( 'NONE',  ( 1.826024711554532900E-016, -0.0000000000000000000, 1.000000000000000000 ) ) ;
#5289 = CIRCLE ( 'NONE', #5812, 2.025000000000002600 ) ;
#5290 = AXIS2_PLACEMENT_3D ( 'NONE', #5341, #83, #2139 ) ;
#5291 = ORIENTED_EDGE ( 'NONE', *, *, #5411, .T. ) ;
#5292 = ORIENTED_EDGE ( 'NONE', *, *, #1968, .F. ) ;
#5293 = LINE ( 'NONE', #4215, #1470 ) ;
#5294 = ORIENTED_EDGE ( 'NONE', *, *, #5232, .T. ) ;
#5295 = CARTESIAN_POINT ( 'NONE',  ( -1.249999999999999800, 85.43189123190278200, -13.43189123190275300 ) ) ;
#5296 = DIRECTION ( 'NONE',  ( 3.652049423109066300E-016, -0.0000000000000000000, -1.000000000000000000 ) ) ;
#5297 = LINE ( 'NONE', #893, #1959 ) ;
#5298 = AXIS2_PLACEMENT_3D ( 'NONE', #393, #6838, #5745 ) ;
#5299 = ORIENTED_EDGE ( 'NONE', *, *, #2445, .F. ) ;
#5300 = DIRECTION ( 'NONE',  ( 1.000000000000000000, -0.0000000000000000000, -0.0000000000000000000 ) ) ;
#5301 = EDGE_LOOP ( 'NONE', ( #865, #2706 ) ) ;
#5302 = DIRECTION ( 'NONE',  ( 1.000000000000000000, -0.0000000000000000000, -0.0000000000000000000 ) ) ;
#5303 = EDGE_CURVE ( 'NONE', #4170, #1265, #5182, .T. ) ;
#5304 = DIRECTION ( 'NONE',  ( 1.000000000000000000, -0.0000000000000000000, -0.0000000000000000000 ) ) ;
#5305 = ORIENTED_EDGE ( 'NONE', *, *, #586, .F. ) ;
#5306 = VERTEX_POINT ( 'NONE', #209 ) ;
#5307 = DIRECTION ( 'NONE',  ( 0.0000000000000000000, 0.0000000000000000000, -1.000000000000000000 ) ) ;
#5308 = DIRECTION ( 'NONE',  ( 0.0000000000000000000, 0.0000000000000000000, -1.000000000000000000 ) ) ;
#5309 = AXIS2_PLACEMENT_3D ( 'NONE', #1268, #6564, #5028 ) ;
#5310 = EDGE_LOOP ( 'NONE', ( #276, #4156, #1355, #4465 ) ) ;
#5311 = ORIENTED_EDGE ( 'NONE', *, *, #586, .T. ) ;
#5312 = DIRECTION ( 'NONE',  ( 1.000000000000000000, 0.0000000000000000000, 0.0000000000000000000 ) ) ;
#5313 = CARTESIAN_POINT ( 'NONE',  ( 4.724999999999993400, 96.00000000000000000, 13.50000000000000000 ) ) ;
#5314 = CIRCLE ( 'NONE', #6272, 2.024999999999998100 ) ;
#5315 = DIRECTION ( 'NONE',  ( 0.0000000000000000000, 0.7071067811865505700, -0.7071067811865444600 ) ) ;
#5316 = EDGE_CURVE ( 'NONE', #6598, #6303, #929, .T. ) ;
#5317 = EDGE_CURVE ( 'NONE', #5676, #1596, #3611, .T. ) ;
#5318 = FACE_OUTER_BOUND ( 'NONE', #5338, .T. ) ;
#5319 = DIRECTION ( 'NONE',  ( 1.000000000000000000, -0.0000000000000000000, 0.0000000000000000000 ) ) ;
#5320 = CARTESIAN_POINT ( 'NONE',  ( -1.249999999999999800, 72.00000000000001400, 0.0000000000000000000 ) ) ;
#5321 = DIRECTION ( 'NONE',  ( 1.000000000000000000, 0.0000000000000000000, 0.0000000000000000000 ) ) ;
#5322 = DIRECTION ( 'NONE',  ( 0.0000000000000000000, 0.7071067811865505700, -0.7071067811865444600 ) ) ;
#5323 = DIRECTION ( 'NONE',  ( 0.0000000000000000000, 0.0000000000000000000, -1.000000000000000000 ) ) ;
#5324 = FACE_BOUND ( 'NONE', #2018, .T. ) ;
#5325 = CIRCLE ( 'NONE', #4274, 2.024999999999997200 ) ;
#5326 = EDGE_CURVE ( 'NONE', #3723, #222, #3358, .T. ) ;
#5327 = VERTEX_POINT ( 'NONE', #655 ) ;
#5328 = DIRECTION ( 'NONE',  ( 1.000000000000000000, -0.0000000000000000000, 0.0000000000000000000 ) ) ;
#5329 = CARTESIAN_POINT ( 'NONE',  ( -1.249999999999999800, 48.00000000000000000, 6.999999999999999100 ) ) ;
#5330 = DIRECTION ( 'NONE',  ( 3.652049423109066300E-016, -0.0000000000000000000, -1.000000000000000000 ) ) ;
#5331 = ADVANCED_FACE ( 'NONE', ( #756 ), #2840, .F. ) ;
#5332 = ORIENTED_EDGE ( 'NONE', *, *, #4630, .F. ) ;
#5333 = AXIS2_PLACEMENT_3D ( 'NONE', #713, #4998, #6620 ) ;
#5334 = DIRECTION ( 'NONE',  ( 1.000000000000000000, -0.0000000000000000000, -0.0000000000000000000 ) ) ;
#5335 = CARTESIAN_POINT ( 'NONE',  ( -1.250000000000001100, 8.000000000000000000, 7.999999999999996400 ) ) ;
#5336 = CIRCLE ( 'NONE', #5032, 2.025000000000000800 ) ;
#5337 = EDGE_CURVE ( 'NONE', #3087, #1753, #4773, .T. ) ;
#5338 = EDGE_LOOP ( 'NONE', ( #2659, #6781, #6531, #6798 ) ) ;
#5339 = VERTEX_POINT ( 'NONE', #6025 ) ;
#5340 = CARTESIAN_POINT ( 'NONE',  ( 6.750000000000000000, 104.0000000000000100, -13.50000000000000200 ) ) ;
#5341 = CARTESIAN_POINT ( 'NONE',  ( -1.249999999999999800, 15.51471862576143900, -8.485281374238566000 ) ) ;
#5342 = LINE ( 'NONE', #1029, #3179 ) ;
#5343 = DIRECTION ( 'NONE',  ( -0.0000000000000000000, -1.000000000000000000, -0.0000000000000000000 ) ) ;
#5344 = CIRCLE ( 'NONE', #1632, 2.024999999999998100 ) ;
#5345 = DIRECTION ( 'NONE',  ( 0.0000000000000000000, 0.7071067811865424700, -0.7071067811865526800 ) ) ;
#5346 = AXIS2_PLACEMENT_3D ( 'NONE', #1766, #4992, #5492 ) ;
#5347 = EDGE_LOOP ( 'NONE', ( #3922, #1103, #690, #1615 ) ) ;
#5348 = VERTEX_POINT ( 'NONE', #3377 ) ;
#5349 = CARTESIAN_POINT ( 'NONE',  ( -1.250000000000001100, 6.568108768097243200, 9.431891231902760400 ) ) ;
#5350 = CARTESIAN_POINT ( 'NONE',  ( 8.774999999999987900, 96.00000000000000000, 16.00000000000000400 ) ) ;
#5351 = CIRCLE ( 'NONE', #6177, 2.025000000000000800 ) ;
#5352 = DIRECTION ( 'NONE',  ( 1.000000000000000000, -0.0000000000000000000, -0.0000000000000000000 ) ) ;
#5353 = LINE ( 'NONE', #1494, #426 ) ;
#5354 = CARTESIAN_POINT ( 'NONE',  ( 1.250000000000000200, 24.00000000000000000, -6.999999999999999100 ) ) ;
#5355 = DIRECTION ( 'NONE',  ( 0.0000000000000000000, 0.0000000000000000000, -1.000000000000000000 ) ) ;
#5356 = FACE_OUTER_BOUND ( 'NONE', #4948, .T. ) ;
#5357 = ORIENTED_EDGE ( 'NONE', *, *, #6253, .F. ) ;
#5358 = VERTEX_POINT ( 'NONE', #3401 ) ;
#5359 = ORIENTED_EDGE ( 'NONE', *, *, #2754, .F. ) ;
#5360 = VECTOR ( 'NONE', #4869, 1000.000000000000000 ) ;
#5361 = EDGE_CURVE ( 'NONE', #6501, #771, #273, .T. ) ;
#5362 = PRODUCT_RELATED_PRODUCT_CATEGORY ( 'detail', '', ( #5652 ) ) ;
#5363 = DIRECTION ( 'NONE',  ( 1.000000000000000000, -0.0000000000000000000, 0.0000000000000000000 ) ) ;
#5364 = DIRECTION ( 'NONE',  ( 1.000000000000000000, -0.0000000000000000000, 0.0000000000000000000 ) ) ;
#5365 = CYLINDRICAL_SURFACE ( 'NONE', #2140, 2.024999999999998100 ) ;
#5366 = VERTEX_POINT ( 'NONE', #1299 ) ;
#5367 = PERSON_AND_ORGANIZATION ( #2503, #6887 ) ;
#5368 = VERTEX_POINT ( 'NONE', #5099 ) ;
#5369 = ORIENTED_EDGE ( 'NONE', *, *, #6217, .T. ) ;
#5370 = ADVANCED_FACE ( 'NONE', ( #1262 ), #3937, .F. ) ;
#5371 = CIRCLE ( 'NONE', #5168, 2.025000000000000800 ) ;
#5372 = DIRECTION ( 'NONE',  ( 1.000000000000000000, -0.0000000000000000000, 0.0000000000000000000 ) ) ;
#5373 = CARTESIAN_POINT ( 'NONE',  ( 1.250000000000000200, 61.43189123190261800, 13.43189123190273400 ) ) ;
#5374 = AXIS2_PLACEMENT_3D ( 'NONE', #189, #694, #5655 ) ;
#5375 = CARTESIAN_POINT ( 'NONE',  ( -1.249999999999999800, 15.51471862576143000, 8.485281374238569500 ) ) ;
#5376 = ORIENTED_EDGE ( 'NONE', *, *, #237, .F. ) ;
#5377 = EDGE_CURVE ( 'NONE', #4276, #4370, #3344, .T. ) ;
#5378 = DIRECTION ( 'NONE',  ( 0.0000000000000000000, -0.7071067811865487900, -0.7071067811865463500 ) ) ;
#5379 = EDGE_LOOP ( 'NONE', ( #4916, #6905, #6481, #4886, #5683 ) ) ;
#5380 = CIRCLE ( 'NONE', #508, 2.024999999999998100 ) ;
#5381 = DIRECTION ( 'NONE',  ( 1.000000000000000000, 0.0000000000000000000, 0.0000000000000000000 ) ) ;
#5382 = VERTEX_POINT ( 'NONE', #1741 ) ;
#5383 = AXIS2_PLACEMENT_3D ( 'NONE', #3043, #3540, #3606 ) ;
#5384 = DIRECTION ( 'NONE',  ( 0.0000000000000000000, 0.7071067811865505700, -0.7071067811865444600 ) ) ;
#5385 = EDGE_CURVE ( 'NONE', #578, #4195, #1592, .T. ) ;
#5386 = CARTESIAN_POINT ( 'NONE',  ( 10.75000000000000400, 120.0000000000000000, 13.50000000000000000 ) ) ;
#5387 = VERTEX_POINT ( 'NONE', #3493 ) ;
#5388 = CARTESIAN_POINT ( 'NONE',  ( 1.250000000000000200, 82.56810876809728900, 10.56810876809721700 ) ) ;
#5389 = ORIENTED_EDGE ( 'NONE', *, *, #4241, .F. ) ;
#5390 = VECTOR ( 'NONE', #4358, 1000.000000000000000 ) ;
#5391 = EDGE_LOOP ( 'NONE', ( #4467, #6389, #6765, #453, #5305 ) ) ;
#5392 = ORIENTED_EDGE ( 'NONE', *, *, #3491, .F. ) ;
#5393 = AXIS2_PLACEMENT_3D ( 'NONE', #1792, #2836, #2865 ) ;
#5394 = CARTESIAN_POINT ( 'NONE',  ( -1.249999999999999800, 14.08282739385867200, 7.053390142335810100 ) ) ;
#5395 = LINE ( 'NONE', #5394, #2550 ) ;
#5396 = VERTEX_POINT ( 'NONE', #2330 ) ;
#5397 = ORIENTED_EDGE ( 'NONE', *, *, #6318, .T. ) ;
#5398 = CARTESIAN_POINT ( 'NONE',  ( 1.250000000000000200, 65.43189123190276700, 9.431891231902762100 ) ) ;
#5399 = PLANE ( 'NONE',  #6291 ) ;
#5400 = ADVANCED_FACE ( 'NONE', ( #6254 ), #3969, .T. ) ;
#5401 = EDGE_CURVE ( 'NONE', #614, #557, #5691, .T. ) ;
#5402 = AXIS2_PLACEMENT_3D ( 'NONE', #4502, #3901, #1295 ) ;
#5403 = ORIENTED_EDGE ( 'NONE', *, *, #5317, .F. ) ;
#5404 = DIRECTION ( 'NONE',  ( -1.000000000000000000, 0.0000000000000000000, 0.0000000000000000000 ) ) ;
#5405 = CARTESIAN_POINT ( 'NONE',  ( -46.75000000000000000, 8.000000000000001800, -7.999999999999992900 ) ) ;
#5406 = DIRECTION ( 'NONE',  ( -1.000000000000000000, 0.0000000000000000000, 0.0000000000000000000 ) ) ;
#5407 = CARTESIAN_POINT ( 'NONE',  ( 1.250000000000000200, 72.00000000000001400, 0.0000000000000000000 ) ) ;
#5408 = DIRECTION ( 'NONE',  ( 0.0000000000000000000, 0.7071067811865450200, -0.7071067811865500200 ) ) ;
#5409 = ORIENTED_EDGE ( 'NONE', *, *, #6750, .F. ) ;
#5410 = EDGE_CURVE ( 'NONE', #204, #1460, #5248, .T. ) ;
#5411 = EDGE_CURVE ( 'NONE', #2087, #5770, #658, .T. ) ;
#5412 = DIRECTION ( 'NONE',  ( 0.0000000000000000000, -0.7071067811865487900, 0.7071067811865463500 ) ) ;
#5413 = CARTESIAN_POINT ( 'NONE',  ( 6.749999999999989300, 48.00000000000000700, 16.00000000000000400 ) ) ;
#5414 = CIRCLE ( 'NONE', #4180, 2.024999999999990100 ) ;
#5415 = VERTEX_POINT ( 'NONE', #3082 ) ;
#5416 = AXIS2_PLACEMENT_3D ( 'NONE', #5295, #3628, #1588 ) ;
#5417 = EDGE_CURVE ( 'NONE', #931, #5770, #4526, .T. ) ;
#5418 = DIRECTION ( 'NONE',  ( 1.000000000000000000, -0.0000000000000000000, -0.0000000000000000000 ) ) ;
#5419 = CIRCLE ( 'NONE', #1457, 2.024999999999990100 ) ;
#5420 = VECTOR ( 'NONE', #1830, 1000.000000000000000 ) ;
#5421 = EDGE_LOOP ( 'NONE', ( #4404, #1454 ) ) ;
#5422 = CARTESIAN_POINT ( 'NONE',  ( 1.250000000000000200, 110.0828273938586900, -7.053390142335795900 ) ) ;
#5423 = VERTEX_POINT ( 'NONE', #6155 ) ;
#5424 = ORIENTED_EDGE ( 'NONE', *, *, #2547, .F. ) ;
#5425 = LINE ( 'NONE', #5794, #3431 ) ;
#5426 = AXIS2_PLACEMENT_3D ( 'NONE', #1385, #1873, #313 ) ;
#5427 = CARTESIAN_POINT ( 'NONE',  ( -1.249999999999999800, 105.9171726061413500, -7.053390142335809200 ) ) ;
#5428 = CARTESIAN_POINT ( 'NONE',  ( 4.725000000000001400, 104.0000000000000100, -13.50000000000000200 ) ) ;
#5429 = ORIENTED_EDGE ( 'NONE', *, *, #1309, .T. ) ;
#5430 = ORIENTED_EDGE ( 'NONE', *, *, #390, .T. ) ;
#5431 = EDGE_CURVE ( 'NONE', #1914, #5212, #1915, .T. ) ;
#5432 = VECTOR ( 'NONE', #5994, 1000.000000000000000 ) ;
#5433 = ADVANCED_FACE ( 'NONE', ( #5597 ), #2579, .F. ) ;
#5434 = CARTESIAN_POINT ( 'NONE',  ( -1.249999999999999800, 12.68629150101524100, 2.024999999999999900 ) ) ;
#5435 = CARTESIAN_POINT ( 'NONE',  ( -1.249999999999999800, 80.48528137423858200, -8.485281374238564200 ) ) ;
#5436 = CARTESIAN_POINT ( 'NONE',  ( -46.75000000000000000, 1.431891231902795900, -1.431891231902785400 ) ) ;
#5437 = ORIENTED_EDGE ( 'NONE', *, *, #297, .F. ) ;
#5438 = ORIENTED_EDGE ( 'NONE', *, *, #6528, .F. ) ;
#5439 = DIRECTION ( 'NONE',  ( 3.652049423109066300E-016, -0.0000000000000000000, -1.000000000000000000 ) ) ;
#5440 = DIRECTION ( 'NONE',  ( 0.0000000000000000000, 0.7071067811865463500, 0.7071067811865487900 ) ) ;
#5441 = CARTESIAN_POINT ( 'NONE',  ( -1.249999999999999800, 83.31370849898475200, -2.024999999999999900 ) ) ;
#5442 = AXIS2_PLACEMENT_3D ( 'NONE', #5037, #3997, #3449 ) ;
#5443 = VECTOR ( 'NONE', #5780, 1000.000000000000000 ) ;
#5444 = CIRCLE ( 'NONE', #3687, 2.025000000000004400 ) ;
#5445 = ORIENTED_EDGE ( 'NONE', *, *, #4824, .T. ) ;
#5446 = DIRECTION ( 'NONE',  ( 1.000000000000000000, -0.0000000000000000000, -0.0000000000000000000 ) ) ;
#5447 = ORIENTED_EDGE ( 'NONE', *, *, #2315, .T. ) ;
#5448 = ORIENTED_EDGE ( 'NONE', *, *, #324, .T. ) ;
#5449 = FACE_OUTER_BOUND ( 'NONE', #3250, .T. ) ;
#5450 = CARTESIAN_POINT ( 'NONE',  ( -46.75000000000000000, 8.000000000000000000, 7.999999999999996400 ) ) ;
#5451 = FACE_BOUND ( 'NONE', #2793, .T. ) ;
#5452 = LINE ( 'NONE', #4322, #862 ) ;
#5453 = PERSON_AND_ORGANIZATION ( #2503, #6887 ) ;
#5454 = ORIENTED_EDGE ( 'NONE', *, *, #4438, .F. ) ;
#5455 = EDGE_CURVE ( 'NONE', #3167, #3360, #6094, .T. ) ;
#5456 = CARTESIAN_POINT ( 'NONE',  ( -1.249999999999999800, 14.08282739385867200, 7.053390142335811000 ) ) ;
#5457 = CARTESIAN_POINT ( 'NONE',  ( -1.250000000000001100, 110.0828273938586800, 7.053390142335817200 ) ) ;
#5458 = EDGE_CURVE ( 'NONE', #1595, #1586, #1182, .T. ) ;
#5459 = VECTOR ( 'NONE', #2540, 1000.000000000000000 ) ;
#5460 = CARTESIAN_POINT ( 'NONE',  ( -1.249999999999999800, 55.99999999999999300, 8.000000000000000000 ) ) ;
#5461 = VECTOR ( 'NONE', #4177, 1000.000000000000000 ) ;
#5462 = VERTEX_POINT ( 'NONE', #3174 ) ;
#5463 = ORIENTED_EDGE ( 'NONE', *, *, #3287, .T. ) ;
#5464 = CARTESIAN_POINT ( 'NONE',  ( 1.250000000000000200, 96.00000000000000000, 6.999999999999999100 ) ) ;
#5465 = VERTEX_POINT ( 'NONE', #4194 ) ;
#5466 = AXIS2_PLACEMENT_3D ( 'NONE', #5460, #2251, #5521 ) ;
#5467 = DIRECTION ( 'NONE',  ( 0.0000000000000000000, 0.7071067811865500200, -0.7071067811865450200 ) ) ;
#5468 = EDGE_CURVE ( 'NONE', #920, #2766, #6335, .T. ) ;
#5469 = CIRCLE ( 'NONE', #5799, 2.025000000000002600 ) ;
#5470 = DIRECTION ( 'NONE',  ( 1.000000000000000000, 0.0000000000000000000, 0.0000000000000000000 ) ) ;
#5471 = DIRECTION ( 'NONE',  ( 0.0000000000000000000, 0.7071067811865469100, 0.7071067811865482400 ) ) ;
#5472 = ORIENTED_EDGE ( 'NONE', *, *, #5163, .F. ) ;
#5473 = EDGE_LOOP ( 'NONE', ( #4100, #2784, #856, #2568, #3218 ) ) ;
#5474 = CARTESIAN_POINT ( 'NONE',  ( 1.250000000000000200, 78.56810876809724700, -9.431891231902755000 ) ) ;
#5475 = CARTESIAN_POINT ( 'NONE',  ( -1.249999999999999800, 37.43189123190277500, -13.43189123190275300 ) ) ;
#5476 = ADVANCED_FACE ( 'NONE', ( #2242 ), #6859, .F. ) ;
#5477 = AXIS2_PLACEMENT_3D ( 'NONE', #6487, #2651, #106 ) ;
#5478 = ORIENTED_EDGE ( 'NONE', *, *, #2484, .T. ) ;
#5479 = ORIENTED_EDGE ( 'NONE', *, *, #2536, .F. ) ;
#5480 = EDGE_CURVE ( 'NONE', #1160, #1596, #3854, .T. ) ;
#5481 = DIRECTION ( 'NONE',  ( 1.000000000000000000, -0.0000000000000000000, 0.0000000000000000000 ) ) ;
#5482 = CIRCLE ( 'NONE', #3484, 2.025000000000004400 ) ;
#5483 = ORIENTED_EDGE ( 'NONE', *, *, #5854, .T. ) ;
#5484 = ORIENTED_EDGE ( 'NONE', *, *, #5241, .F. ) ;
#5485 = CARTESIAN_POINT ( 'NONE',  ( 1.250000000000000200, 82.56810876809723300, -10.56810876809725700 ) ) ;
#5486 = CARTESIAN_POINT ( 'NONE',  ( -1.249999999999999800, 79.99999999999998600, 8.000000000000000000 ) ) ;
#5487 = CARTESIAN_POINT ( 'NONE',  ( -1.249999999999999800, 103.0533901423358100, 9.917172606141324600 ) ) ;
#5488 = ORIENTED_EDGE ( 'NONE', *, *, #4403, .F. ) ;
#5490 = DIRECTION ( 'NONE',  ( 1.000000000000000000, -0.0000000000000000000, 0.0000000000000000000 ) ) ;
#5489 = DIRECTION ( 'NONE',  ( 0.0000000000000000000, -0.7071067811865444600, -0.7071067811865505700 ) ) ;
#5491 = CARTESIAN_POINT ( 'NONE',  ( 6.749999999999990200, 72.00000000000001400, 13.50000000000000000 ) ) ;
#5492 = DIRECTION ( 'NONE',  ( 0.0000000000000000000, 0.0000000000000000000, -1.000000000000000000 ) ) ;
#5493 = EDGE_CURVE ( 'NONE', #3381, #3682, #3684, .T. ) ;
#5494 = AXIS2_PLACEMENT_3D ( 'NONE', #3570, #4088, #5714 ) ;
#5495 = VECTOR ( 'NONE', #5080, 1000.000000000000000 ) ;
#5496 = EDGE_LOOP ( 'NONE', ( #4034, #4378, #2720, #2300 ) ) ;
#5497 = DIRECTION ( 'NONE',  ( 0.0000000000000000000, 0.0000000000000000000, -1.000000000000000000 ) ) ;
#5498 = CIRCLE ( 'NONE', #1691, 2.024999999999998100 ) ;
#5500 = EDGE_CURVE ( 'NONE', #3430, #3378, #6567, .T. ) ;
#5499 = FACE_BOUND ( 'NONE', #4561, .T. ) ;
#5501 = ORIENTED_EDGE ( 'NONE', *, *, #3301, .F. ) ;
#5502 = ADVANCED_FACE ( 'NONE', ( #4853 ), #2206, .F. ) ;
#5503 = CARTESIAN_POINT ( 'NONE',  ( 4.724999999999991700, 48.00000000000000700, 16.00000000000000400 ) ) ;
#5504 = EDGE_LOOP ( 'NONE', ( #357, #3951, #4955, #552 ) ) ;
#5505 = CARTESIAN_POINT ( 'NONE',  ( 8.774999999999998600, 64.00000000000000000, -15.99999999999999600 ) ) ;
#5506 = DIRECTION ( 'NONE',  ( 1.000000000000000000, -0.0000000000000000000, -0.0000000000000000000 ) ) ;
#5507 = LINE ( 'NONE', #4087, #2655 ) ;
#5508 = DIRECTION ( 'NONE',  ( 3.652049423109066300E-016, 0.0000000000000000000, -1.000000000000000000 ) ) ;
#5509 = VECTOR ( 'NONE', #721, 1000.000000000000000 ) ;
#5510 = DIRECTION ( 'NONE',  ( 1.000000000000000000, -0.0000000000000000000, -0.0000000000000000000 ) ) ;
#5511 = AXIS2_PLACEMENT_3D ( 'NONE', #4586, #6745, #2485 ) ;
#5512 = VERTEX_POINT ( 'NONE', #5866 ) ;
#5513 = ORIENTED_EDGE ( 'NONE', *, *, #5179, .F. ) ;
#5514 = DIRECTION ( 'NONE',  ( 0.0000000000000000000, 0.7071067811865501300, 0.7071067811865450200 ) ) ;
#5515 = FACE_OUTER_BOUND ( 'NONE', #5860, .T. ) ;
#5516 = ORIENTED_EDGE ( 'NONE', *, *, #4131, .T. ) ;
#5517 = ORIENTED_EDGE ( 'NONE', *, *, #1747, .F. ) ;
#5518 = CARTESIAN_POINT ( 'NONE',  ( 1.250000000000000200, -1.431891231902781700, -1.431891231902792100 ) ) ;
#5519 = DIRECTION ( 'NONE',  ( -1.000000000000000000, 0.0000000000000000000, -3.652049423109066800E-016 ) ) ;
#5520 = VECTOR ( 'NONE', #1674, 1000.000000000000000 ) ;
#5521 = DIRECTION ( 'NONE',  ( 0.0000000000000000000, 0.0000000000000000000, -1.000000000000000000 ) ) ;
#5522 = ORIENTED_EDGE ( 'NONE', *, *, #6114, .T. ) ;
#5523 = ORIENTED_EDGE ( 'NONE', *, *, #2699, .F. ) ;
#5524 = EDGE_CURVE ( 'NONE', #509, #3062, #3390, .T. ) ;
#5525 = VERTEX_POINT ( 'NONE', #4797 ) ;
#5526 = LINE ( 'NONE', #2616, #3448 ) ;
#5527 = CARTESIAN_POINT ( 'NONE',  ( 6.749999999999990200, 112.0000000000000100, 13.50000000000000000 ) ) ;
#5528 = DIRECTION ( 'NONE',  ( -1.000000000000000000, 0.0000000000000000000, 0.0000000000000000000 ) ) ;
#5529 = LINE ( 'NONE', #1518, #3365 ) ;
#5530 = CARTESIAN_POINT ( 'NONE',  ( 6.749999999999989300, 48.00000000000000700, 16.00000000000000400 ) ) ;
#5531 = PLANE ( 'NONE',  #5629 ) ;
#5532 = CARTESIAN_POINT ( 'NONE',  ( 8.774999999999987900, 16.00000000000000700, 16.00000000000000400 ) ) ;
#5533 = LINE ( 'NONE', #4063, #3025 ) ;
#5534 = EDGE_LOOP ( 'NONE', ( #3026, #6697, #5622, #2048 ) ) ;
#5535 = DIRECTION ( 'NONE',  ( 1.000000000000000000, 0.0000000000000000000, -0.0000000000000000000 ) ) ;
#5536 = ORIENTED_EDGE ( 'NONE', *, *, #5076, .F. ) ;
#5537 = EDGE_LOOP ( 'NONE', ( #2387, #6861 ) ) ;
#5538 = DIRECTION ( 'NONE',  ( 0.0000000000000000000, 0.0000000000000000000, -1.000000000000000000 ) ) ;
#5539 = EDGE_CURVE ( 'NONE', #3229, #4863, #3975, .T. ) ;
#5540 = AXIS2_PLACEMENT_3D ( 'NONE', #3199, #1032, #3698 ) ;
#5541 = CIRCLE ( 'NONE', #6246, 2.024999999999999900 ) ;
#5542 = CARTESIAN_POINT ( 'NONE',  ( -1.249999999999999800, 83.31370849898475200, 2.024999999999999900 ) ) ;
#5543 = EDGE_CURVE ( 'NONE', #5788, #3360, #443, .T. ) ;
#5544 = ORIENTED_EDGE ( 'NONE', *, *, #3111, .T. ) ;
#5545 = ORIENTED_EDGE ( 'NONE', *, *, #1341, .F. ) ;
#5546 = DIRECTION ( 'NONE',  ( 0.0000000000000000000, 0.0000000000000000000, -1.000000000000000000 ) ) ;
#5547 = ADVANCED_FACE ( 'NONE', ( #6204 ), #4368, .F. ) ;
#5548 = CYLINDRICAL_SURFACE ( 'NONE', #3261, 2.024999999999990100 ) ;
#5549 = LINE ( 'NONE', #1937, #2202 ) ;
#5550 = EDGE_CURVE ( 'NONE', #3296, #1480, #5031, .T. ) ;
#5551 = DIRECTION ( 'NONE',  ( 1.000000000000000000, -0.0000000000000000000, 0.0000000000000000000 ) ) ;
#5552 = CARTESIAN_POINT ( 'NONE',  ( 1.250000000000000200, 40.00000000000000000, 8.000000000000000000 ) ) ;
#5553 = ORIENTED_EDGE ( 'NONE', *, *, #573, .F. ) ;
#5554 = EDGE_CURVE ( 'NONE', #1276, #4893, #6514, .T. ) ;
#5555 = CARTESIAN_POINT ( 'NONE',  ( -1.249999999999999800, 72.00000000000001400, 6.999999999999999100 ) ) ;
#5556 = FACE_BOUND ( 'NONE', #4444, .T. ) ;
#5557 = CARTESIAN_POINT ( 'NONE',  ( 10.75000000000002300, 0.0000000000000000000, 1.491862189340059100E-014 ) ) ;
#5558 = EDGE_LOOP ( 'NONE', ( #2502, #318, #5035, #2488 ) ) ;
#5559 = CARTESIAN_POINT ( 'NONE',  ( 4.724999999999991700, 56.00000000000000700, 16.00000000000000400 ) ) ;
#5560 = AXIS2_PLACEMENT_3D ( 'NONE', #2023, #2060, #4231 ) ;
#5561 = ORIENTED_EDGE ( 'NONE', *, *, #396, .T. ) ;
#5562 = DIRECTION ( 'NONE',  ( -1.000000000000000000, 0.0000000000000000000, 0.0000000000000000000 ) ) ;
#5563 = CARTESIAN_POINT ( 'NONE',  ( -1.249999999999999800, 62.08282739385868600, -7.053390142335805600 ) ) ;
#5564 = EDGE_CURVE ( 'NONE', #498, #4620, #976, .T. ) ;
#5565 = DIRECTION ( 'NONE',  ( 0.0000000000000000000, 0.0000000000000000000, -1.000000000000000000 ) ) ;
#5566 = ORIENTED_EDGE ( 'NONE', *, *, #4256, .F. ) ;
#5567 = CARTESIAN_POINT ( 'NONE',  ( 1.250000000000000200, 120.0000000000000000, -13.50000000000000200 ) ) ;
#5568 = ORIENTED_EDGE ( 'NONE', *, *, #1434, .F. ) ;
#5569 = AXIS2_PLACEMENT_3D ( 'NONE', #4949, #2274, #6006 ) ;
#5570 = CIRCLE ( 'NONE', #2211, 2.024999999999997200 ) ;
#5571 = EDGE_CURVE ( 'NONE', #1288, #3438, #2120, .T. ) ;
#5572 = CARTESIAN_POINT ( 'NONE',  ( 1.250000000000000200, 30.56810876809724700, 9.431891231902756800 ) ) ;
#5573 = DIRECTION ( 'NONE',  ( 1.000000000000000000, -0.0000000000000000000, 0.0000000000000000000 ) ) ;
#5574 = DIRECTION ( 'NONE',  ( 3.652049423109066300E-016, 0.0000000000000000000, -1.000000000000000000 ) ) ;
#5575 = PLANE ( 'NONE',  #3321 ) ;
#5576 = PLANE ( 'NONE',  #6742 ) ;
#5577 = EDGE_LOOP ( 'NONE', ( #5851, #109 ) ) ;
#5578 = ADVANCED_FACE ( 'NONE', ( #6222 ), #546, .F. ) ;
#5579 = CARTESIAN_POINT ( 'NONE',  ( 1.250000000000000200, 120.0000000000000000, 0.0000000000000000000 ) ) ;
#5580 = CARTESIAN_POINT ( 'NONE',  ( 1.250000000000000200, 104.4852813742385800, -8.485281374238564200 ) ) ;
#5581 = DIRECTION ( 'NONE',  ( 0.0000000000000000000, 0.7071067811865487900, 0.7071067811865462400 ) ) ;
#5582 = CARTESIAN_POINT ( 'NONE',  ( -1.249999999999999800, 57.91717260614131400, 7.053390142335818100 ) ) ;
#5583 = LINE ( 'NONE', #5044, #6151 ) ;
#5584 = ORIENTED_EDGE ( 'NONE', *, *, #3326, .T. ) ;
#5585 = DIRECTION ( 'NONE',  ( 1.000000000000000000, -0.0000000000000000000, -0.0000000000000000000 ) ) ;
#5586 = CARTESIAN_POINT ( 'NONE',  ( -46.75000000000000000, 111.9999999999999900, 8.000000000000010700 ) ) ;
#5587 = DIRECTION ( 'NONE',  ( 0.0000000000000000000, 0.0000000000000000000, -1.000000000000000000 ) ) ;
#5588 = CYLINDRICAL_SURFACE ( 'NONE', #5154, 2.024999999999998100 ) ;
#5589 = CYLINDRICAL_SURFACE ( 'NONE', #4211, 2.024999999999999000 ) ;
#5590 = ORIENTED_EDGE ( 'NONE', *, *, #6077, .F. ) ;
#5591 = CARTESIAN_POINT ( 'NONE',  ( 1.250000000000000200, 0.0000000000000000000, -2.024999999999999900 ) ) ;
#5592 = EDGE_CURVE ( 'NONE', #3577, #6457, #5939, .T. ) ;
#5593 = VERTEX_POINT ( 'NONE', #2197 ) ;
#5594 = VECTOR ( 'NONE', #5736, 1000.000000000000000 ) ;
#5595 = ORIENTED_EDGE ( 'NONE', *, *, #6525, .T. ) ;
#5596 = DIRECTION ( 'NONE',  ( 0.0000000000000000000, 6.853228547068858500E-015, -1.000000000000000000 ) ) ;
#5597 = FACE_OUTER_BOUND ( 'NONE', #6658, .T. ) ;
#5598 = DIRECTION ( 'NONE',  ( -1.826024711554532900E-016, 0.0000000000000000000, 1.000000000000000000 ) ) ;
#5599 = ORIENTED_EDGE ( 'NONE', *, *, #528, .T. ) ;
#5600 = CARTESIAN_POINT ( 'NONE',  ( 6.749999999999990200, 104.0000000000000100, 13.50000000000000000 ) ) ;
#5601 = ORIENTED_EDGE ( 'NONE', *, *, #2871, .F. ) ;
#5602 = DIRECTION ( 'NONE',  ( 1.000000000000000000, -0.0000000000000000000, 0.0000000000000000000 ) ) ;
#5603 = AXIS2_PLACEMENT_3D ( 'NONE', #32, #1730, #6061 ) ;
#5604 = EDGE_CURVE ( 'NONE', #5327, #6571, #1952, .T. ) ;
#5605 = DIRECTION ( 'NONE',  ( -1.000000000000000000, 0.0000000000000000000, 0.0000000000000000000 ) ) ;
#5606 = CARTESIAN_POINT ( 'NONE',  ( 1.250000000000000200, 32.48528137423857500, -8.485281374238564200 ) ) ;
#5607 = DIRECTION ( 'NONE',  ( 0.0000000000000000000, 0.0000000000000000000, -1.000000000000000000 ) ) ;
#5608 = EDGE_LOOP ( 'NONE', ( #4901, #6371, #147, #3652 ) ) ;
#5609 = ORIENTED_EDGE ( 'NONE', *, *, #424, .T. ) ;
#5610 = CARTESIAN_POINT ( 'NONE',  ( -46.75000000000000000, 9.431891231902763900, -6.568108768097239600 ) ) ;
#5611 = VECTOR ( 'NONE', #2936, 1000.000000000000000 ) ;
#5612 = CIRCLE ( 'NONE', #3782, 2.025000000000002600 ) ;
#5613 = DIRECTION ( 'NONE',  ( -1.000000000000000000, 0.0000000000000000000, 0.0000000000000000000 ) ) ;
#5614 = AXIS2_PLACEMENT_3D ( 'NONE', #1014, #6931, #2215 ) ;
#5615 = ORIENTED_EDGE ( 'NONE', *, *, #5653, .T. ) ;
#5616 = ORIENTED_EDGE ( 'NONE', *, *, #1700, .T. ) ;
#5617 = CIRCLE ( 'NONE', #6921, 2.025000000000002600 ) ;
#5618 = EDGE_CURVE ( 'NONE', #2603, #5339, #5635, .T. ) ;
#5619 = ADVANCED_FACE ( 'NONE', ( #4299 ), #2260, .T. ) ;
#5620 = CIRCLE ( 'NONE', #798, 2.024999999999998100 ) ;
#5621 = CIRCLE ( 'NONE', #1678, 2.024999999999998100 ) ;
#5622 = ORIENTED_EDGE ( 'NONE', *, *, #3081, .T. ) ;
#5623 = ORIENTED_EDGE ( 'NONE', *, *, #3785, .T. ) ;
#5624 = VERTEX_POINT ( 'NONE', #3933 ) ;
#5625 = VECTOR ( 'NONE', #6344, 1000.000000000000000 ) ;
#5626 = LINE ( 'NONE', #536, #5792 ) ;
#5627 = CARTESIAN_POINT ( 'NONE',  ( -1.249999999999999800, 36.68629150101524100, 2.024999999999999900 ) ) ;
#5628 = CARTESIAN_POINT ( 'NONE',  ( 1.250000000000000200, 32.48528137423857500, -10.51028137423856800 ) ) ;
#5629 = AXIS2_PLACEMENT_3D ( 'NONE', #2322, #6082, #5680 ) ;
#5630 = LINE ( 'NONE', #2398, #2528 ) ;
#5631 = ORIENTED_EDGE ( 'NONE', *, *, #3821, .F. ) ;
#5632 = SHAPE_DEFINITION_REPRESENTATION ( #3651, #5790 ) ;
#5633 = ORIENTED_EDGE ( 'NONE', *, *, #4023, .T. ) ;
#5634 = DIRECTION ( 'NONE',  ( 1.000000000000000000, -0.0000000000000000000, -0.0000000000000000000 ) ) ;
#5635 = LINE ( 'NONE', #1717, #2360 ) ;
#5636 = DIRECTION ( 'NONE',  ( 0.0000000000000000000, 0.0000000000000000000, -1.000000000000000000 ) ) ;
#5637 = CARTESIAN_POINT ( 'NONE',  ( 6.749999999999990200, 48.00000000000000700, 13.50000000000000000 ) ) ;
#5638 = CARTESIAN_POINT ( 'NONE',  ( -1.249999999999999800, 61.43189123190266800, 13.43189123190281200 ) ) ;
#5639 = PLANE ( 'NONE',  #6710 ) ;
#5640 = LINE ( 'NONE', #729, #531 ) ;
#5641 = LINE ( 'NONE', #4091, #1377 ) ;
#5642 = DIRECTION ( 'NONE',  ( 0.0000000000000000000, -0.7071067811865513500, 0.7071067811865436900 ) ) ;
#5643 = DIRECTION ( 'NONE',  ( 1.000000000000000000, -0.0000000000000000000, 0.0000000000000000000 ) ) ;
#5644 = VERTEX_POINT ( 'NONE', #157 ) ;
#5645 = EDGE_CURVE ( 'NONE', #3810, #711, #3373, .T. ) ;
#5646 = AXIS2_PLACEMENT_3D ( 'NONE', #702, #3439, #1318 ) ;
#5647 = ORIENTED_EDGE ( 'NONE', *, *, #1599, .F. ) ;
#5648 = DIRECTION ( 'NONE',  ( 3.652049423109066300E-016, -0.0000000000000000000, -1.000000000000000000 ) ) ;
#5649 = FACE_BOUND ( 'NONE', #2472, .T. ) ;
#5650 = ORIENTED_EDGE ( 'NONE', *, *, #2270, .T. ) ;
#5651 = ORIENTED_EDGE ( 'NONE', *, *, #6633, .T. ) ;
#5652 = PRODUCT ( '1143-0004-0120', '1143-0004-0120', '', ( #6783 ) ) ;
#5653 = EDGE_CURVE ( 'NONE', #3381, #435, #6892, .T. ) ;
#5654 = LINE ( 'NONE', #611, #882 ) ;
#5655 = DIRECTION ( 'NONE',  ( -1.000000000000000000, 0.0000000000000000000, 0.0000000000000000000 ) ) ;
#5656 = ORIENTED_EDGE ( 'NONE', *, *, #4805, .F. ) ;
#5657 = ADVANCED_FACE ( 'NONE', ( #1123 ), #5800, .F. ) ;
#5658 = CARTESIAN_POINT ( 'NONE',  ( 6.749999999999989300, 80.00000000000001400, 16.00000000000000400 ) ) ;
#5659 = AXIS2_PLACEMENT_3D ( 'NONE', #2223, #5490, #3850 ) ;
#5660 = CARTESIAN_POINT ( 'NONE',  ( 6.750000000000000000, 72.00000000000001400, -13.50000000000000200 ) ) ;
#5661 = DIRECTION ( 'NONE',  ( 1.000000000000000000, -0.0000000000000000000, -0.0000000000000000000 ) ) ;
#5662 = DIRECTION ( 'NONE',  ( 0.0000000000000000000, 0.7071067811865463500, 0.7071067811865487900 ) ) ;
#5663 = CARTESIAN_POINT ( 'NONE',  ( 6.749999999999990200, 56.00000000000000700, 13.50000000000000000 ) ) ;
#5664 = VECTOR ( 'NONE', #5304, 1000.000000000000000 ) ;
#5665 = DIRECTION ( 'NONE',  ( 0.0000000000000000000, 0.0000000000000000000, -1.000000000000000000 ) ) ;
#5666 = ORIENTED_EDGE ( 'NONE', *, *, #5873, .F. ) ;
#5667 = APPROVAL_STATUS ( 'not_yet_approved' ) ;
#5668 = DIRECTION ( 'NONE',  ( -1.000000000000000000, 0.0000000000000000000, 0.0000000000000000000 ) ) ;
#5669 = AXIS2_PLACEMENT_3D ( 'NONE', #138, #154, #2796 ) ;
#5670 = VECTOR ( 'NONE', #2821, 1000.000000000000000 ) ;
#5671 = LINE ( 'NONE', #6480, #2808 ) ;
#5672 = AXIS2_PLACEMENT_3D ( 'NONE', #2798, #3345, #2814 ) ;
#5673 = DIRECTION ( 'NONE',  ( 3.652049423109066300E-016, -0.0000000000000000000, -1.000000000000000000 ) ) ;
#5674 = EDGE_LOOP ( 'NONE', ( #5891, #2237, #3263, #6439 ) ) ;
#5675 = CARTESIAN_POINT ( 'NONE',  ( 6.750000000000000000, 8.000000000000007100, -13.50000000000000200 ) ) ;
#5676 = VERTEX_POINT ( 'NONE', #6602 ) ;
#5677 = AXIS2_PLACEMENT_3D ( 'NONE', #558, #5859, #3730 ) ;
#5678 = DIRECTION ( 'NONE',  ( 3.652049423109066300E-016, -0.0000000000000000000, -1.000000000000000000 ) ) ;
#5679 = CARTESIAN_POINT ( 'NONE',  ( 6.749999999999989300, 56.00000000000000700, 16.00000000000000400 ) ) ;
#5680 = DIRECTION ( 'NONE',  ( 0.0000000000000000000, -0.7071067811865513500, 0.7071067811865436900 ) ) ;
#5681 = LINE ( 'NONE', #3154, #84 ) ;
#5682 = DIRECTION ( 'NONE',  ( 1.000000000000000000, -0.0000000000000000000, 0.0000000000000000000 ) ) ;
#5683 = ORIENTED_EDGE ( 'NONE', *, *, #5819, .F. ) ;
#5684 = DIRECTION ( 'NONE',  ( 3.652049423109066300E-016, -0.0000000000000000000, -1.000000000000000000 ) ) ;
#5685 = VERTEX_POINT ( 'NONE', #6540 ) ;
#5686 = CARTESIAN_POINT ( 'NONE',  ( -1.249999999999999800, 33.91717260614131400, 7.053390142335818100 ) ) ;
#5687 = CYLINDRICAL_SURFACE ( 'NONE', #3181, 2.025000000000000800 ) ;
#5688 = ADVANCED_FACE ( 'NONE', ( #1705 ), #1208, .F. ) ;
#5690 = EDGE_CURVE ( 'NONE', #2951, #6523, #2527, .T. ) ;
#5689 = FACE_BOUND ( 'NONE', #4651, .T. ) ;
#5691 = LINE ( 'NONE', #6664, #3088 ) ;
#5692 = EDGE_CURVE ( 'NONE', #1894, #3302, #3207, .T. ) ;
#5693 = ORIENTED_EDGE ( 'NONE', *, *, #2338, .F. ) ;
#5694 = VERTEX_POINT ( 'NONE', #4414 ) ;
#5695 = LINE ( 'NONE', #3156, #2507 ) ;
#5696 = AXIS2_PLACEMENT_3D ( 'NONE', #6081, #3469, #4476 ) ;
#5697 = ORIENTED_EDGE ( 'NONE', *, *, #2474, .T. ) ;
#5698 = ORIENTED_EDGE ( 'NONE', *, *, #1529, .F. ) ;
#5699 = EDGE_CURVE ( 'NONE', #4887, #535, #6200, .T. ) ;
#5700 = VECTOR ( 'NONE', #5678, 1000.000000000000000 ) ;
#5701 = FACE_BOUND ( 'NONE', #1119, .T. ) ;
#5702 = VECTOR ( 'NONE', #5378, 1000.000000000000000 ) ;
#5703 = ORIENTED_EDGE ( 'NONE', *, *, #2171, .T. ) ;
#5704 = CARTESIAN_POINT ( 'NONE',  ( 6.749999999999989300, 32.00000000000000700, 16.00000000000000400 ) ) ;
#5705 = ORIENTED_EDGE ( 'NONE', *, *, #124, .T. ) ;
#5706 = CARTESIAN_POINT ( 'NONE',  ( -1.249999999999999800, 0.0000000000000000000, 2.024999999999999900 ) ) ;
#5707 = ORIENTED_EDGE ( 'NONE', *, *, #144, .F. ) ;
#5708 = LINE ( 'NONE', #2238, #2843 ) ;
#5709 = AXIS2_PLACEMENT_3D ( 'NONE', #3945, #3383, #1305 ) ;
#5710 = FACE_OUTER_BOUND ( 'NONE', #3311, .T. ) ;
#5711 = FACE_OUTER_BOUND ( 'NONE', #4996, .T. ) ;
#5712 = ORIENTED_EDGE ( 'NONE', *, *, #3641, .T. ) ;
#5713 = DIRECTION ( 'NONE',  ( 0.0000000000000000000, 0.0000000000000000000, -1.000000000000000000 ) ) ;
#5714 = DIRECTION ( 'NONE',  ( 1.000000000000000000, 0.0000000000000000000, 0.0000000000000000000 ) ) ;
#5715 = ORIENTED_EDGE ( 'NONE', *, *, #1845, .F. ) ;
#5716 = EDGE_CURVE ( 'NONE', #3428, #5368, #3032, .T. ) ;
#5717 = ORIENTED_EDGE ( 'NONE', *, *, #890, .T. ) ;
#5718 = DIRECTION ( 'NONE',  ( 1.000000000000000000, -0.0000000000000000000, 0.0000000000000000000 ) ) ;
#5719 = VECTOR ( 'NONE', #400, 1000.000000000000000 ) ;
#5720 = VECTOR ( 'NONE', #4867, 1000.000000000000000 ) ;
#5721 = EDGE_LOOP ( 'NONE', ( #4251, #3290, #697, #6120 ) ) ;
#5722 = ORIENTED_EDGE ( 'NONE', *, *, #3081, .F. ) ;
#5723 = CIRCLE ( 'NONE', #6605, 6.999999999999999100 ) ;
#5724 = DIRECTION ( 'NONE',  ( 3.652049423109066300E-016, -0.0000000000000000000, -1.000000000000000000 ) ) ;
#5725 = AXIS2_PLACEMENT_3D ( 'NONE', #6749, #889, #3560 ) ;
#5726 = CYLINDRICAL_SURFACE ( 'NONE', #4915, 2.024999999999998100 ) ;
#5727 = FACE_OUTER_BOUND ( 'NONE', #95, .T. ) ;
#5728 = ADVANCED_FACE ( 'NONE', ( #1548 ), #6582, .F. ) ;
#5729 = ORIENTED_EDGE ( 'NONE', *, *, #1542, .T. ) ;
#5730 = ORIENTED_EDGE ( 'NONE', *, *, #2845, .T. ) ;
#5731 = CARTESIAN_POINT ( 'NONE',  ( 1.250000000000000200, 11.31370849898475900, 2.024999999999999900 ) ) ;
#5732 = EDGE_CURVE ( 'NONE', #2789, #3911, #292, .T. ) ;
#5733 = ORIENTED_EDGE ( 'NONE', *, *, #4974, .T. ) ;
#5734 = ADVANCED_FACE ( 'NONE', ( #4795 ), #4985, .T. ) ;
#5735 = EDGE_LOOP ( 'NONE', ( #2654, #5081, #945, #4176, #6825 ) ) ;
#5736 = DIRECTION ( 'NONE',  ( 1.000000000000000000, -0.0000000000000000000, -0.0000000000000000000 ) ) ;
#5737 = PERSON_AND_ORGANIZATION_ROLE ( 'design_owner' ) ;
#5738 = ORIENTED_EDGE ( 'NONE', *, *, #5806, .F. ) ;
#5739 = AXIS2_PLACEMENT_3D ( 'NONE', #5088, #1927, #2373 ) ;
#5740 = EDGE_CURVE ( 'NONE', #6617, #5644, #693, .T. ) ;
#5741 = CARTESIAN_POINT ( 'NONE',  ( -1.249999999999999800, 63.51471862576143900, -8.485281374238566000 ) ) ;
#5742 = CARTESIAN_POINT ( 'NONE',  ( 1.250000000000000200, 40.00000000000000000, 5.974999999999997900 ) ) ;
#5743 = CIRCLE ( 'NONE', #6643, 2.024999999999997200 ) ;
#5744 = CARTESIAN_POINT ( 'NONE',  ( 1.250000000000000200, 104.4852813742385700, 8.485281374238569500 ) ) ;
#5745 = DIRECTION ( 'NONE',  ( 1.000000000000000000, 0.0000000000000000000, 0.0000000000000000000 ) ) ;
#5746 = ORIENTED_EDGE ( 'NONE', *, *, #1341, .T. ) ;
#5747 = EDGE_LOOP ( 'NONE', ( #1224, #5259, #389, #5703 ) ) ;
#5748 = AXIS2_PLACEMENT_3D ( 'NONE', #3637, #2628, #1559 ) ;
#5749 = DIRECTION ( 'NONE',  ( 0.0000000000000000000, 0.0000000000000000000, -1.000000000000000000 ) ) ;
#5750 = DIRECTION ( 'NONE',  ( 1.000000000000000000, -0.0000000000000000000, -0.0000000000000000000 ) ) ;
#5751 = ORIENTED_EDGE ( 'NONE', *, *, #1633, .T. ) ;
#5752 = EDGE_CURVE ( 'NONE', #5624, #1769, #37, .T. ) ;
#5753 = CARTESIAN_POINT ( 'NONE',  ( -1.249999999999999800, 107.3137084989847800, 0.0000000000000000000 ) ) ;
#5754 = CYLINDRICAL_SURFACE ( 'NONE', #2621, 2.024999999999998100 ) ;
#5755 = ORIENTED_EDGE ( 'NONE', *, *, #916, .F. ) ;
#5756 = CARTESIAN_POINT ( 'NONE',  ( -1.249999999999999800, 80.48528137423858200, -10.51028137423856800 ) ) ;
#5757 = DIRECTION ( 'NONE',  ( 0.0000000000000000000, 0.7071067811865487900, -0.7071067811865463500 ) ) ;
#5758 = ADVANCED_FACE ( 'NONE', ( #4964 ), #1337, .T. ) ;
#5759 = AXIS2_PLACEMENT_3D ( 'NONE', #3842, #4385, #1173 ) ;
#5760 = ORIENTED_EDGE ( 'NONE', *, *, #185, .T. ) ;
#5761 = ORIENTED_EDGE ( 'NONE', *, *, #5916, .F. ) ;
#5762 = ADVANCED_FACE ( 'NONE', ( #1625 ), #5077, .T. ) ;
#5763 = ORIENTED_EDGE ( 'NONE', *, *, #1732, .T. ) ;
#5764 = EDGE_CURVE ( 'NONE', #4128, #4475, #6041, .T. ) ;
#5765 = CARTESIAN_POINT ( 'NONE',  ( 1.250000000000000200, 84.68629150101523400, -2.024999999999999900 ) ) ;
#5766 = DIRECTION ( 'NONE',  ( 0.0000000000000000000, 0.0000000000000000000, -1.000000000000000000 ) ) ;
#5767 = VERTEX_POINT ( 'NONE', #6704 ) ;
#5768 = VERTEX_POINT ( 'NONE', #2433 ) ;
#5769 = CIRCLE ( 'NONE', #2428, 2.024999999999997200 ) ;
#5770 = VERTEX_POINT ( 'NONE', #3533 ) ;
#5771 = ORIENTED_EDGE ( 'NONE', *, *, #1890, .T. ) ;
#5772 = DIRECTION ( 'NONE',  ( 1.000000000000000000, 0.0000000000000000000, -0.0000000000000000000 ) ) ;
#5773 = CIRCLE ( 'NONE', #5922, 2.025000000000000800 ) ;
#5774 = PLANE ( 'NONE',  #4393 ) ;
#5775 = CARTESIAN_POINT ( 'NONE',  ( 1.250000000000000200, 24.00000000000000000, 6.999999999999999100 ) ) ;
#5776 = EDGE_CURVE ( 'NONE', #6332, #5060, #5131, .T. ) ;
#5777 = FACE_BOUND ( 'NONE', #3316, .T. ) ;
#5778 = ORIENTED_EDGE ( 'NONE', *, *, #5928, .T. ) ;
#5779 = EDGE_LOOP ( 'NONE', ( #352, #6690, #1108, #3457, #3332 ) ) ;
#5780 = DIRECTION ( 'NONE',  ( 0.0000000000000000000, 0.0000000000000000000, 1.000000000000000000 ) ) ;
#5781 = LINE ( 'NONE', #6437, #2678 ) ;
#5782 = CARTESIAN_POINT ( 'NONE',  ( 1.250000000000000200, 58.56810876809729600, 10.56810876809721700 ) ) ;
#5783 = CARTESIAN_POINT ( 'NONE',  ( -1.249999999999999800, 64.94660985766420000, -9.917172606141319200 ) ) ;
#5784 = CYLINDRICAL_SURFACE ( 'NONE', #565, 2.024999999999998100 ) ;
#5785 = AXIS2_PLACEMENT_3D ( 'NONE', #6427, #5363, #2132 ) ;
#5786 = CIRCLE ( 'NONE', #107, 2.024999999999997200 ) ;
#5787 = EDGE_CURVE ( 'NONE', #4460, #4883, #5289, .T. ) ;
#5788 = VERTEX_POINT ( 'NONE', #4522 ) ;
#5789 = ORIENTED_EDGE ( 'NONE', *, *, #1258, .F. ) ;
#5790 = ADVANCED_BREP_SHAPE_REPRESENTATION ( '1143-0004-0120', ( #6293, #5494 ), #3353 ) ;
#5791 = VECTOR ( 'NONE', #3497, 1000.000000000000000 ) ;
#5792 = VECTOR ( 'NONE', #2079, 1000.000000000000000 ) ;
#5793 = DIRECTION ( 'NONE',  ( 0.0000000000000000000, 0.0000000000000000000, -1.000000000000000000 ) ) ;
#5794 = CARTESIAN_POINT ( 'NONE',  ( 8.774999999999987900, 96.00000000000000000, 16.00000000000000400 ) ) ;
#5795 = DIRECTION ( 'NONE',  ( 1.000000000000000000, -0.0000000000000000000, -0.0000000000000000000 ) ) ;
#5796 = CIRCLE ( 'NONE', #2010, 2.025000000000000800 ) ;
#5797 = ORIENTED_EDGE ( 'NONE', *, *, #4042, .F. ) ;
#5798 = ORIENTED_EDGE ( 'NONE', *, *, #5900, .F. ) ;
#5799 = AXIS2_PLACEMENT_3D ( 'NONE', #594, #6002, #6521 ) ;
#5800 = CYLINDRICAL_SURFACE ( 'NONE', #5309, 2.024999999999998100 ) ;
#5801 = CARTESIAN_POINT ( 'NONE',  ( 1.250000000000000200, 48.00000000000000000, -2.024999999999999900 ) ) ;
#5802 = CARTESIAN_POINT ( 'NONE',  ( 1.250000000000000200, 105.4318912319027700, -6.568108768097234300 ) ) ;
#5803 = CYLINDRICAL_SURFACE ( 'NONE', #6795, 2.025000000000002600 ) ;
#5804 = FACE_OUTER_BOUND ( 'NONE', #6257, .T. ) ;
#5805 = DIRECTION ( 'NONE',  ( -1.000000000000000000, 0.0000000000000000000, 0.0000000000000000000 ) ) ;
#5806 = EDGE_CURVE ( 'NONE', #1207, #6611, #2853, .T. ) ;
#5807 = ORIENTED_EDGE ( 'NONE', *, *, #6253, .T. ) ;
#5808 = VERTEX_POINT ( 'NONE', #6680 ) ;
#5809 = CARTESIAN_POINT ( 'NONE',  ( -1.249999999999999800, 13.43189123190266600, 13.43189123190281200 ) ) ;
#5810 = DIRECTION ( 'NONE',  ( 0.0000000000000000000, 0.7071067811865500200, -0.7071067811865450200 ) ) ;
#5811 = ORIENTED_EDGE ( 'NONE', *, *, #5417, .T. ) ;
#5812 = AXIS2_PLACEMENT_3D ( 'NONE', #1939, #4550, #6109 ) ;
#5813 = ORIENTED_EDGE ( 'NONE', *, *, #6841, .F. ) ;
#5814 = DIRECTION ( 'NONE',  ( 1.000000000000000000, -0.0000000000000000000, -0.0000000000000000000 ) ) ;
#5815 = ORIENTED_EDGE ( 'NONE', *, *, #573, .T. ) ;
#5816 = DIRECTION ( 'NONE',  ( 1.000000000000000000, -0.0000000000000000000, -0.0000000000000000000 ) ) ;
#5817 = ORIENTED_EDGE ( 'NONE', *, *, #5524, .T. ) ;
#5818 = CARTESIAN_POINT ( 'NONE',  ( 0.0000000000000000000, 0.0000000000000000000, 0.0000000000000000000 ) ) ;
#5819 = EDGE_CURVE ( 'NONE', #6027, #3229, #4218, .T. ) ;
#5820 = EDGE_CURVE ( 'NONE', #3621, #1381, #4394, .T. ) ;
#5821 = DIRECTION ( 'NONE',  ( 3.652049423109066300E-016, -0.0000000000000000000, -1.000000000000000000 ) ) ;
#5822 = ORIENTED_EDGE ( 'NONE', *, *, #1967, .F. ) ;
#5823 = EDGE_CURVE ( 'NONE', #6263, #6775, #2954, .T. ) ;
#5824 = DIRECTION ( 'NONE',  ( 0.0000000000000000000, -0.7071067811865450200, -0.7071067811865500200 ) ) ;
#5825 = ORIENTED_EDGE ( 'NONE', *, *, #6238, .T. ) ;
#5826 = DIRECTION ( 'NONE',  ( 1.000000000000000000, -0.0000000000000000000, 0.0000000000000000000 ) ) ;
#5827 = CIRCLE ( 'NONE', #2694, 2.024999999999997200 ) ;
#5828 = LINE ( 'NONE', #2632, #2402 ) ;
#5829 = DIRECTION ( 'NONE',  ( 1.000000000000000000, -0.0000000000000000000, -0.0000000000000000000 ) ) ;
#5830 = AXIS2_PLACEMENT_3D ( 'NONE', #6386, #153, #5001 ) ;
#5831 = CARTESIAN_POINT ( 'NONE',  ( 10.75000000000000000, 0.0000000000000000000, 15.99999999999999600 ) ) ;
#5832 = VECTOR ( 'NONE', #1261, 1000.000000000000000 ) ;
#5833 = DIRECTION ( 'NONE',  ( 1.000000000000000000, -0.0000000000000000000, -0.0000000000000000000 ) ) ;
#5834 = EDGE_LOOP ( 'NONE', ( #4334, #291, #3243, #6070 ) ) ;
#5835 = EDGE_CURVE ( 'NONE', #4123, #5053, #2275, .T. ) ;
#5836 = DIRECTION ( 'NONE',  ( 3.652049423109066300E-016, -0.0000000000000000000, -1.000000000000000000 ) ) ;
#5837 = CARTESIAN_POINT ( 'NONE',  ( 1.250000000000000200, 60.68629150101524100, 0.0000000000000000000 ) ) ;
#5838 = LINE ( 'NONE', #1340, #4433 ) ;
#5839 = CARTESIAN_POINT ( 'NONE',  ( -1.250000000000001100, 111.5147186257614300, -8.485281374238553600 ) ) ;
#5840 = DIRECTION ( 'NONE',  ( 1.000000000000000000, -0.0000000000000000000, -0.0000000000000000000 ) ) ;
#5841 = FACE_BOUND ( 'NONE', #2942, .T. ) ;
#5842 = ORIENTED_EDGE ( 'NONE', *, *, #6077, .T. ) ;
#5843 = PLANE ( 'NONE',  #4342 ) ;
#5844 = ORIENTED_EDGE ( 'NONE', *, *, #3352, .F. ) ;
#5845 = AXIS2_PLACEMENT_3D ( 'NONE', #837, #2455, #2378 ) ;
#5846 = CARTESIAN_POINT ( 'NONE',  ( -46.75000000000000000, -1.431891231902781700, -1.431891231902792100 ) ) ;
#5847 = LINE ( 'NONE', #2179, #3515 ) ;
#5848 = DIRECTION ( 'NONE',  ( 1.000000000000000000, -0.0000000000000000000, -0.0000000000000000000 ) ) ;
#5849 = DIRECTION ( 'NONE',  ( 0.0000000000000000000, 0.0000000000000000000, -1.000000000000000000 ) ) ;
#5850 = ORIENTED_EDGE ( 'NONE', *, *, #6492, .F. ) ;
#5851 = ORIENTED_EDGE ( 'NONE', *, *, #5316, .T. ) ;
#5852 = DIRECTION ( 'NONE',  ( 3.652049423109066300E-016, -0.0000000000000000000, -1.000000000000000000 ) ) ;
#5853 = CIRCLE ( 'NONE', #3285, 2.024999999999997200 ) ;
#5854 = EDGE_CURVE ( 'NONE', #5462, #4539, #3891, .T. ) ;
#5855 = AXIS2_PLACEMENT_3D ( 'NONE', #3253, #5840, #2653 ) ;
#5856 = CARTESIAN_POINT ( 'NONE',  ( -1.250000000000001100, 111.5147186257614300, -10.51028137423855400 ) ) ;
#5857 = VECTOR ( 'NONE', #2890, 1000.000000000000100 ) ;
#5858 = CARTESIAN_POINT ( 'NONE',  ( 6.749999999999989300, 48.00000000000000700, 16.00000000000000400 ) ) ;
#5859 = DIRECTION ( 'NONE',  ( 3.652049423109066300E-016, -0.0000000000000000000, -1.000000000000000000 ) ) ;
#5860 = EDGE_LOOP ( 'NONE', ( #6172, #6476, #5811, #2069 ) ) ;
#5861 = DIRECTION ( 'NONE',  ( 0.0000000000000000000, -0.7071067811865487900, -0.7071067811865463500 ) ) ;
#5862 = VERTEX_POINT ( 'NONE', #6755 ) ;
#5863 = FACE_OUTER_BOUND ( 'NONE', #3384, .T. ) ;
#5864 = CYLINDRICAL_SURFACE ( 'NONE', #5603, 2.024999999999999000 ) ;
#5865 = FACE_BOUND ( 'NONE', #6846, .T. ) ;
#5866 = CARTESIAN_POINT ( 'NONE',  ( 1.250000000000000200, 62.56810876809723300, 6.568108768097240500 ) ) ;
#5867 = LINE ( 'NONE', #4347, #2442 ) ;
#5868 = ORIENTED_EDGE ( 'NONE', *, *, #4579, .F. ) ;
#5869 = CARTESIAN_POINT ( 'NONE',  ( 6.750000000000000900, 40.00000000000000700, -15.99999999999999600 ) ) ;
#5870 = EDGE_LOOP ( 'NONE', ( #5755, #5251, #1147, #1789 ) ) ;
#5871 = ORIENTED_EDGE ( 'NONE', *, *, #3757, .T. ) ;
#5872 = DIRECTION ( 'NONE',  ( -1.000000000000000000, 0.0000000000000000000, 0.0000000000000000000 ) ) ;
#5873 = EDGE_CURVE ( 'NONE', #5109, #2133, #5371, .T. ) ;
#5874 = VECTOR ( 'NONE', #3309, 1000.000000000000000 ) ;
#5875 = LINE ( 'NONE', #2182, #2592 ) ;
#5876 = CARTESIAN_POINT ( 'NONE',  ( -1.249999999999999800, 16.00000000000000000, 5.974999999999997900 ) ) ;
#5877 = APPROVAL_DATE_TIME ( #4379, #6570 ) ;
#5878 = ORIENTED_EDGE ( 'NONE', *, *, #2895, .F. ) ;
#5879 = ORIENTED_EDGE ( 'NONE', *, *, #5458, .T. ) ;
#5880 = CARTESIAN_POINT ( 'NONE',  ( -1.249999999999999800, 48.00000000000000000, -2.024999999999999900 ) ) ;
#5881 = VECTOR ( 'NONE', #5005, 1000.000000000000000 ) ;
#5882 = AXIS2_PLACEMENT_3D ( 'NONE', #1082, #38, #1626 ) ;
#5883 = CIRCLE ( 'NONE', #2347, 2.024999999999998100 ) ;
#5884 = ORIENTED_EDGE ( 'NONE', *, *, #1953, .F. ) ;
#5885 = VERTEX_POINT ( 'NONE', #3669 ) ;
#5886 = DIRECTION ( 'NONE',  ( 0.0000000000000000000, -0.7071067811865462400, -0.7071067811865487900 ) ) ;
#5887 = ORIENTED_EDGE ( 'NONE', *, *, #1856, .T. ) ;
#5888 = FACE_BOUND ( 'NONE', #2966, .T. ) ;
#5889 = DIRECTION ( 'NONE',  ( -1.000000000000000000, 0.0000000000000000000, 0.0000000000000000000 ) ) ;
#5890 = FACE_BOUND ( 'NONE', #115, .T. ) ;
#5891 = ORIENTED_EDGE ( 'NONE', *, *, #4706, .F. ) ;
#5892 = DIRECTION ( 'NONE',  ( 1.000000000000000000, -0.0000000000000000000, -0.0000000000000000000 ) ) ;
#5893 = EDGE_CURVE ( 'NONE', #2087, #5382, #4634, .T. ) ;
#5894 = DIRECTION ( 'NONE',  ( 3.652049423109066300E-016, -0.0000000000000000000, -1.000000000000000000 ) ) ;
#5895 = VERTEX_POINT ( 'NONE', #6269 ) ;
#5896 = ORIENTED_EDGE ( 'NONE', *, *, #2725, .T. ) ;
#5897 = CARTESIAN_POINT ( 'NONE',  ( -1.249999999999999800, 79.05339014233581500, -9.917172606141329900 ) ) ;
#5898 = CARTESIAN_POINT ( 'NONE',  ( -1.249999999999999800, 56.48528137423857500, -8.485281374238564200 ) ) ;
#5899 = ADVANCED_FACE ( 'NONE', ( #4061 ), #530, .F. ) ;
#5900 = EDGE_CURVE ( 'NONE', #473, #5644, #2605, .T. ) ;
#5901 = AXIS2_PLACEMENT_3D ( 'NONE', #6429, #5833, #2114 ) ;
#5902 = EDGE_LOOP ( 'NONE', ( #4226, #784, #2891, #75 ) ) ;
#5903 = EDGE_CURVE ( 'NONE', #3346, #223, #866, .T. ) ;
#5904 = DIRECTION ( 'NONE',  ( 3.652049423109066300E-016, -0.0000000000000000000, -1.000000000000000000 ) ) ;
#5905 = VECTOR ( 'NONE', #4261, 1000.000000000000000 ) ;
#5906 = DIRECTION ( 'NONE',  ( 3.652049423109066300E-016, -0.0000000000000000000, -1.000000000000000000 ) ) ;
#5907 = VERTEX_POINT ( 'NONE', #1502 ) ;
#5908 = DIRECTION ( 'NONE',  ( 0.0000000000000000000, -1.000000000000000000, 0.0000000000000000000 ) ) ;
#5909 = EDGE_LOOP ( 'NONE', ( #2097, #5517, #5522, #5722, #1871 ) ) ;
#5910 = EDGE_CURVE ( 'NONE', #6562, #2619, #3721, .T. ) ;
#5911 = EDGE_CURVE ( 'NONE', #4216, #5593, #5541, .T. ) ;
#5912 = DIRECTION ( 'NONE',  ( 0.0000000000000000000, 0.0000000000000000000, -1.000000000000000000 ) ) ;
#5913 = DIRECTION ( 'NONE',  ( -1.000000000000000000, -0.0000000000000000000, -0.0000000000000000000 ) ) ;
#5914 = EDGE_LOOP ( 'NONE', ( #4954, #3028, #6805, #1065 ) ) ;
#5915 = AXIS2_PLACEMENT_3D ( 'NONE', #333, #3034, #4656 ) ;
#5916 = EDGE_CURVE ( 'NONE', #6133, #704, #371, .T. ) ;
#5917 = CARTESIAN_POINT ( 'NONE',  ( -1.249999999999999800, 108.6862915010152500, -2.024999999999999900 ) ) ;
#5918 = DIRECTION ( 'NONE',  ( 1.000000000000000000, 0.0000000000000000000, 0.0000000000000000000 ) ) ;
#5919 = VECTOR ( 'NONE', #6153, 1000.000000000000000 ) ;
#5920 = EDGE_LOOP ( 'NONE', ( #1412, #4024, #3456, #4064, #470 ) ) ;
#5921 = DIRECTION ( 'NONE',  ( 1.000000000000000000, -0.0000000000000000000, -0.0000000000000000000 ) ) ;
#5922 = AXIS2_PLACEMENT_3D ( 'NONE', #867, #928, #5219 ) ;
#5923 = DIRECTION ( 'NONE',  ( 0.0000000000000000000, 0.7071067811865424700, -0.7071067811865526800 ) ) ;
#5924 = CARTESIAN_POINT ( 'NONE',  ( -1.249999999999999800, 96.00000000000000000, 0.0000000000000000000 ) ) ;
#5925 = DIRECTION ( 'NONE',  ( 1.000000000000000000, -0.0000000000000000000, -0.0000000000000000000 ) ) ;
#5926 = CARTESIAN_POINT ( 'NONE',  ( -1.250000000000001100, 111.5147186257614300, 8.485281374238582000 ) ) ;
#5927 = LINE ( 'NONE', #6214, #1253 ) ;
#5928 = EDGE_CURVE ( 'NONE', #6618, #3577, #2105, .T. ) ;
#5929 = CIRCLE ( 'NONE', #2407, 2.024999999999998100 ) ;
#5930 = EDGE_LOOP ( 'NONE', ( #879, #5501, #3278, #5705 ) ) ;
#5931 = ADVANCED_FACE ( 'NONE', ( #2690 ), #3293, .F. ) ;
#5932 = DIRECTION ( 'NONE',  ( 1.000000000000000000, -0.0000000000000000000, -0.0000000000000000000 ) ) ;
#5933 = ORIENTED_EDGE ( 'NONE', *, *, #4748, .F. ) ;
#5934 = VERTEX_POINT ( 'NONE', #3136 ) ;
#5935 = DIRECTION ( 'NONE',  ( -1.826024711554532900E-016, 0.0000000000000000000, 1.000000000000000000 ) ) ;
#5936 = DIRECTION ( 'NONE',  ( 0.0000000000000000000, 0.0000000000000000000, -1.000000000000000000 ) ) ;
#5937 = DIRECTION ( 'NONE',  ( 3.652049423109066300E-016, -0.0000000000000000000, -1.000000000000000000 ) ) ;
#5938 = CIRCLE ( 'NONE', #3052, 2.024999999999998100 ) ;
#5939 = LINE ( 'NONE', #3282, #3405 ) ;
#5940 = AXIS2_PLACEMENT_3D ( 'NONE', #1752, #4448, #5528 ) ;
#5941 = ORIENTED_EDGE ( 'NONE', *, *, #1258, .T. ) ;
#5942 = ORIENTED_EDGE ( 'NONE', *, *, #5431, .F. ) ;
#5943 = CARTESIAN_POINT ( 'NONE',  ( -1.249999999999999800, 38.08282739385867900, -7.053390142335805600 ) ) ;
#5944 = VECTOR ( 'NONE', #6561, 1000.000000000000000 ) ;
#5945 = LINE ( 'NONE', #5373, #1181 ) ;
#5946 = DIRECTION ( 'NONE',  ( 0.0000000000000000000, 0.0000000000000000000, 1.000000000000000000 ) ) ;
#5947 = ORIENTED_EDGE ( 'NONE', *, *, #2683, .T. ) ;
#5948 = ORIENTED_EDGE ( 'NONE', *, *, #5385, .T. ) ;
#5949 = EDGE_CURVE ( 'NONE', #2205, #2281, #1039, .T. ) ;
#5950 = CARTESIAN_POINT ( 'NONE',  ( 1.250000000000000200, 82.56810876809747400, 10.56810876809731100 ) ) ;
#5951 = CARTESIAN_POINT ( 'NONE',  ( -1.249999999999999800, 108.6862915010152500, 0.0000000000000000000 ) ) ;
#5952 = LINE ( 'NONE', #4790, #2940 ) ;
#5953 = EDGE_LOOP ( 'NONE', ( #6592, #857 ) ) ;
#5954 = DATE_AND_TIME ( #2685, #2185 ) ;
#5955 = ORIENTED_EDGE ( 'NONE', *, *, #5493, .T. ) ;
#5956 = ORIENTED_EDGE ( 'NONE', *, *, #1489, .F. ) ;
#5957 = LINE ( 'NONE', #1605, #1538 ) ;
#5958 = LINE ( 'NONE', #1058, #2191 ) ;
#5959 = DIRECTION ( 'NONE',  ( 1.000000000000000000, -0.0000000000000000000, 0.0000000000000000000 ) ) ;
#5960 = FACE_OUTER_BOUND ( 'NONE', #3214, .T. ) ;
#5961 = DIRECTION ( 'NONE',  ( 1.000000000000000000, -0.0000000000000000000, 0.0000000000000000000 ) ) ;
#5962 = AXIS2_PLACEMENT_3D ( 'NONE', #3264, #3695, #3220 ) ;
#5963 = CARTESIAN_POINT ( 'NONE',  ( -46.75000000000000000, 110.5681087680972300, 6.568108768097276100 ) ) ;
#5964 = CARTESIAN_POINT ( 'NONE',  ( -1.249999999999999800, 108.6862915010152500, -2.024999999999999900 ) ) ;
#5965 = EDGE_LOOP ( 'NONE', ( #5132, #2884, #3144, #743 ) ) ;
#5966 = EDGE_CURVE ( 'NONE', #2832, #2343, #6711, .T. ) ;
#5967 = ORIENTED_EDGE ( 'NONE', *, *, #1477, .F. ) ;
#5968 = CIRCLE ( 'NONE', #835, 2.024999999999990100 ) ;
#5969 = ORIENTED_EDGE ( 'NONE', *, *, #3407, .F. ) ;
#5970 = CARTESIAN_POINT ( 'NONE',  ( 1.250000000000000200, 8.000000000000000000, 5.974999999999994300 ) ) ;
#5971 = ADVANCED_FACE ( 'NONE', ( #4384 ), #6284, .F. ) ;
#5972 = EDGE_CURVE ( 'NONE', #2272, #1973, #1701, .T. ) ;
#5973 = CARTESIAN_POINT ( 'NONE',  ( -1.249999999999999800, 48.00000000000000000, -6.999999999999999100 ) ) ;
#5974 = VERTEX_POINT ( 'NONE', #3036 ) ;
#5975 = DIRECTION ( 'NONE',  ( 1.000000000000000000, -0.0000000000000000000, -0.0000000000000000000 ) ) ;
#5976 = ORIENTED_EDGE ( 'NONE', *, *, #6902, .T. ) ;
#5977 = ORIENTED_EDGE ( 'NONE', *, *, #2546, .T. ) ;
#5978 = ORIENTED_EDGE ( 'NONE', *, *, #2324, .F. ) ;
#5979 = AXIS2_PLACEMENT_3D ( 'NONE', #2828, #169, #195 ) ;
#5980 = CARTESIAN_POINT ( 'NONE',  ( 8.774999999999987900, 32.00000000000000700, 16.00000000000000400 ) ) ;
#5981 = CARTESIAN_POINT ( 'NONE',  ( -1.249999999999999800, 82.56810876809728900, 10.56810876809721700 ) ) ;
#5982 = CIRCLE ( 'NONE', #2878, 2.024999999999997200 ) ;
#5983 = CARTESIAN_POINT ( 'NONE',  ( -1.250000000000001100, 111.9999999999999900, -7.999999999999983100 ) ) ;
#5984 = DIRECTION ( 'NONE',  ( 1.000000000000000000, 0.0000000000000000000, 0.0000000000000000000 ) ) ;
#5985 = EDGE_CURVE ( 'NONE', #1981, #3979, #3715, .T. ) ;
#5986 = AXIS2_PLACEMENT_3D ( 'NONE', #1328, #1848, #4026 ) ;
#5987 = DESIGN_CONTEXT ( 'detailed design', #6812, 'design' ) ;
#5988 = ORIENTED_EDGE ( 'NONE', *, *, #906, .T. ) ;
#5989 = EDGE_CURVE ( 'NONE', #4959, #4133, #779, .T. ) ;
#5990 = ADVANCED_FACE ( 'NONE', ( #4885 ), #3459, .F. ) ;
#5991 = DIRECTION ( 'NONE',  ( 1.000000000000000000, -0.0000000000000000000, -0.0000000000000000000 ) ) ;
#5992 = LINE ( 'NONE', #5557, #5832 ) ;
#5993 = CYLINDRICAL_SURFACE ( 'NONE', #4066, 2.024999999999998100 ) ;
#5994 = DIRECTION ( 'NONE',  ( 0.0000000000000000000, 1.000000000000000000, 0.0000000000000000000 ) ) ;
#5995 = DIRECTION ( 'NONE',  ( 0.0000000000000000000, -0.7071067811865463500, 0.7071067811865487900 ) ) ;
#5996 = DIRECTION ( 'NONE',  ( 1.000000000000000000, -0.0000000000000000000, -0.0000000000000000000 ) ) ;
#5997 = VERTEX_POINT ( 'NONE', #3170 ) ;
#5998 = CARTESIAN_POINT ( 'NONE',  ( 10.75000000000000000, 120.0000000000000000, 15.99999999999999600 ) ) ;
#5999 = AXIS2_PLACEMENT_3D ( 'NONE', #2702, #4283, #4822 ) ;
#6000 = VECTOR ( 'NONE', #1320, 1000.000000000000000 ) ;
#6001 = EDGE_LOOP ( 'NONE', ( #1988, #2561, #5715, #5771 ) ) ;
#6002 = DIRECTION ( 'NONE',  ( -1.000000000000000000, 0.0000000000000000000, -0.0000000000000000000 ) ) ;
#6003 = VERTEX_POINT ( 'NONE', #6897 ) ;
#6004 = EDGE_LOOP ( 'NONE', ( #125, #841, #667, #525 ) ) ;
#6005 = VECTOR ( 'NONE', #6134, 1000.000000000000000 ) ;
#6006 = DIRECTION ( 'NONE',  ( 0.0000000000000000000, 0.0000000000000000000, -1.000000000000000000 ) ) ;
#6007 = AXIS2_PLACEMENT_3D ( 'NONE', #677, #4429, #4958 ) ;
#6008 = EDGE_LOOP ( 'NONE', ( #907, #5566, #1726, #253 ) ) ;
#6009 = DIRECTION ( 'NONE',  ( -1.000000000000000000, 0.0000000000000000000, -0.0000000000000000000 ) ) ;
#6010 = ORIENTED_EDGE ( 'NONE', *, *, #2857, .T. ) ;
#6011 = EDGE_CURVE ( 'NONE', #5174, #6197, #4555, .T. ) ;
#6012 = VECTOR ( 'NONE', #197, 1000.000000000000000 ) ;
#6013 = CARTESIAN_POINT ( 'NONE',  ( -1.249999999999999800, 86.08282739385867900, 7.053390142335805600 ) ) ;
#6014 = CARTESIAN_POINT ( 'NONE',  ( -46.75000000000000000, -1.431891231902783000, 1.431891231902793400 ) ) ;
#6015 = ORIENTED_EDGE ( 'NONE', *, *, #323, .T. ) ;
#6016 = VERTEX_POINT ( 'NONE', #1618 ) ;
#6017 = CARTESIAN_POINT ( 'NONE',  ( -1.249999999999999800, 65.43189123190276700, -9.431891231902755000 ) ) ;
#6018 = DIRECTION ( 'NONE',  ( 0.0000000000000000000, 0.7071067811865469100, 0.7071067811865482400 ) ) ;
#6019 = CARTESIAN_POINT ( 'NONE',  ( 6.749999999999990200, 8.000000000000007100, 13.50000000000000000 ) ) ;
#6020 = FACE_OUTER_BOUND ( 'NONE', #191, .T. ) ;
#6021 = CYLINDRICAL_SURFACE ( 'NONE', #673, 2.024999999999998100 ) ;
#6022 = FACE_OUTER_BOUND ( 'NONE', #1759, .T. ) ;
#6023 = ORIENTED_EDGE ( 'NONE', *, *, #5241, .T. ) ;
#6024 = DIRECTION ( 'NONE',  ( 1.000000000000000000, -0.0000000000000000000, -0.0000000000000000000 ) ) ;
#6025 = CARTESIAN_POINT ( 'NONE',  ( -1.249999999999999800, 35.31370849898475900, -2.024999999999999900 ) ) ;
#6026 = EDGE_LOOP ( 'NONE', ( #800, #2824, #2776, #1443 ) ) ;
#6027 = VERTEX_POINT ( 'NONE', #6358 ) ;
#6028 = DIRECTION ( 'NONE',  ( -1.000000000000000000, 0.0000000000000000000, -3.652049423109066800E-016 ) ) ;
#6029 = CIRCLE ( 'NONE', #4940, 2.024999999999999000 ) ;
#6030 = ADVANCED_FACE ( 'NONE', ( #6116 ), #1004, .F. ) ;
#6031 = VECTOR ( 'NONE', #6772, 1000.000000000000000 ) ;
#6032 = CYLINDRICAL_SURFACE ( 'NONE', #2123, 2.024999999999990100 ) ;
#6033 = CIRCLE ( 'NONE', #455, 2.024999999999997200 ) ;
#6034 = EDGE_LOOP ( 'NONE', ( #2070, #676, #6554, #657 ) ) ;
#6035 = EDGE_LOOP ( 'NONE', ( #1371, #3578, #1259, #1138 ) ) ;
#6036 = ORIENTED_EDGE ( 'NONE', *, *, #4403, .T. ) ;
#6037 = EDGE_CURVE ( 'NONE', #3354, #100, #5958, .T. ) ;
#6038 = PLANE ( 'NONE',  #3195 ) ;
#6039 = CARTESIAN_POINT ( 'NONE',  ( 5.843279076974506900E-015, 120.0000000000000000, -16.00000000000000000 ) ) ;
#6040 = EDGE_CURVE ( 'NONE', #1303, #5267, #5626, .T. ) ;
#6041 = LINE ( 'NONE', #5610, #1793 ) ;
#6042 = EDGE_LOOP ( 'NONE', ( #460, #2627 ) ) ;
#6043 = ORIENTED_EDGE ( 'NONE', *, *, #2375, .T. ) ;
#6044 = CARTESIAN_POINT ( 'NONE',  ( -1.249999999999999800, 39.51471862576143200, 8.485281374238569500 ) ) ;
#6045 = DIRECTION ( 'NONE',  ( 1.000000000000000000, -0.0000000000000000000, 0.0000000000000000000 ) ) ;
#6046 = ORIENTED_EDGE ( 'NONE', *, *, #1282, .T. ) ;
#6047 = AXIS2_PLACEMENT_3D ( 'NONE', #2921, #2892, #4485 ) ;
#6048 = CARTESIAN_POINT ( 'NONE',  ( -1.249999999999999800, 14.56810876809723800, 6.568108768097240500 ) ) ;
#6049 = CARTESIAN_POINT ( 'NONE',  ( 6.749999999999990200, 56.00000000000000700, 13.50000000000000000 ) ) ;
#6050 = EDGE_CURVE ( 'NONE', #5184, #6549, #2021, .T. ) ;
#6051 = FACE_OUTER_BOUND ( 'NONE', #4223, .T. ) ;
#6052 = DIRECTION ( 'NONE',  ( -1.000000000000000000, 0.0000000000000000000, 0.0000000000000000000 ) ) ;
#6053 = CARTESIAN_POINT ( 'NONE',  ( -1.249999999999999800, 32.00000000000000000, -7.999999999999994700 ) ) ;
#6054 = ORIENTED_EDGE ( 'NONE', *, *, #3313, .T. ) ;
#6055 = DIRECTION ( 'NONE',  ( 3.652049423109066300E-016, -0.0000000000000000000, -1.000000000000000000 ) ) ;
#6056 = FACE_BOUND ( 'NONE', #588, .T. ) ;
#6057 = AXIS2_PLACEMENT_3D ( 'NONE', #3726, #534, #502 ) ;
#6058 = VERTEX_POINT ( 'NONE', #31 ) ;
#6059 = ORIENTED_EDGE ( 'NONE', *, *, #4056, .F. ) ;
#6060 = EDGE_CURVE ( 'NONE', #43, #427, #4212, .T. ) ;
#6061 = DIRECTION ( 'NONE',  ( 0.0000000000000000000, 0.0000000000000000000, -1.000000000000000000 ) ) ;
#6062 = ORIENTED_EDGE ( 'NONE', *, *, #4413, .T. ) ;
#6063 = ADVANCED_FACE ( 'NONE', ( #1373 ), #1201, .F. ) ;
#6064 = CYLINDRICAL_SURFACE ( 'NONE', #1563, 2.024999999999998100 ) ;
#6065 = AXIS2_PLACEMENT_3D ( 'NONE', #4407, #2880, #699 ) ;
#6066 = EDGE_LOOP ( 'NONE', ( #3592, #5698, #505, #6874 ) ) ;
#6067 = CARTESIAN_POINT ( 'NONE',  ( 8.774999999999987900, 8.000000000000007100, 16.00000000000000400 ) ) ;
#6068 = VERTEX_POINT ( 'NONE', #3249 ) ;
#6069 = CARTESIAN_POINT ( 'NONE',  ( 1.250000000000000200, 111.5147186257614300, -8.485281374238553600 ) ) ;
#6070 = ORIENTED_EDGE ( 'NONE', *, *, #1226, .T. ) ;
#6071 = CARTESIAN_POINT ( 'NONE',  ( -1.249999999999999800, 89.43189123190276700, -9.431891231902755000 ) ) ;
#6072 = EDGE_CURVE ( 'NONE', #3087, #4821, #947, .T. ) ;
#6073 = PRODUCT_DEFINITION_FORMATION_WITH_SPECIFIED_SOURCE ( 'ANY', '', #5652, .NOT_KNOWN. ) ;
#6074 = FACE_OUTER_BOUND ( 'NONE', #1429, .T. ) ;
#6075 = ORIENTED_EDGE ( 'NONE', *, *, #59, .F. ) ;
#6076 = AXIS2_PLACEMENT_3D ( 'NONE', #5600, #6127, #2929 ) ;
#6077 = EDGE_CURVE ( 'NONE', #870, #1840, #1824, .T. ) ;
#6078 = ORIENTED_EDGE ( 'NONE', *, *, #4585, .T. ) ;
#6079 = CARTESIAN_POINT ( 'NONE',  ( 4.724999999999991700, 16.00000000000000700, 16.00000000000000400 ) ) ;
#6080 = DIRECTION ( 'NONE',  ( 0.0000000000000000000, 0.7071067811865463500, 0.7071067811865487900 ) ) ;
#6081 = CARTESIAN_POINT ( 'NONE',  ( -1.249999999999999800, 107.3137084989847800, 0.0000000000000000000 ) ) ;
#6082 = DIRECTION ( 'NONE',  ( 0.0000000000000000000, 0.7071067811865436900, 0.7071067811865513500 ) ) ;
#6083 = DIRECTION ( 'NONE',  ( 1.000000000000000000, -0.0000000000000000000, -0.0000000000000000000 ) ) ;
#6084 = CYLINDRICAL_SURFACE ( 'NONE', #5748, 2.024999999999999900 ) ;
#6085 = DIRECTION ( 'NONE',  ( 1.000000000000000000, -0.0000000000000000000, -0.0000000000000000000 ) ) ;
#6086 = FACE_OUTER_BOUND ( 'NONE', #6402, .T. ) ;
#6087 = AXIS2_PLACEMENT_3D ( 'NONE', #2137, #6385, #2192 ) ;
#6088 = ORIENTED_EDGE ( 'NONE', *, *, #1447, .F. ) ;
#6089 = ORIENTED_EDGE ( 'NONE', *, *, #1241, .F. ) ;
#6090 = FACE_OUTER_BOUND ( 'NONE', #3996, .T. ) ;
#6091 = EDGE_CURVE ( 'NONE', #4170, #5185, #6143, .T. ) ;
#6092 = DIRECTION ( 'NONE',  ( 0.0000000000000000000, 0.0000000000000000000, -1.000000000000000000 ) ) ;
#6093 = ADVANCED_FACE ( 'NONE', ( #2124 ), #2050, .F. ) ;
#6094 = LINE ( 'NONE', #5801, #3267 ) ;
#6095 = ORIENTED_EDGE ( 'NONE', *, *, #271, .T. ) ;
#6096 = ORIENTED_EDGE ( 'NONE', *, *, #5873, .T. ) ;
#6097 = CIRCLE ( 'NONE', #1189, 2.025000000000000800 ) ;
#6098 = FACE_OUTER_BOUND ( 'NONE', #62, .T. ) ;
#6099 = DIRECTION ( 'NONE',  ( 0.0000000000000000000, 0.0000000000000000000, -1.000000000000000000 ) ) ;
#6100 = ORIENTED_EDGE ( 'NONE', *, *, #5054, .F. ) ;
#6101 = AXIS2_PLACEMENT_3D ( 'NONE', #6542, #6637, #3442 ) ;
#6102 = EDGE_LOOP ( 'NONE', ( #2380, #532, #2122, #5623, #6078 ) ) ;
#6103 = CIRCLE ( 'NONE', #5614, 2.025000000000002600 ) ;
#6104 = DIRECTION ( 'NONE',  ( 1.000000000000000000, -0.0000000000000000000, -0.0000000000000000000 ) ) ;
#6105 = PLANE ( 'NONE',  #2064 ) ;
#6106 = CARTESIAN_POINT ( 'NONE',  ( 1.250000000000000200, 120.0000000000000000, 0.0000000000000000000 ) ) ;
#6107 = CYLINDRICAL_SURFACE ( 'NONE', #4312, 2.024999999999998100 ) ;
#6108 = EDGE_LOOP ( 'NONE', ( #5134, #5942, #6430, #2751 ) ) ;
#6109 = DIRECTION ( 'NONE',  ( 0.0000000000000000000, 0.0000000000000000000, -1.000000000000000000 ) ) ;
#6110 = EDGE_LOOP ( 'NONE', ( #5424, #3192 ) ) ;
#6111 = ORIENTED_EDGE ( 'NONE', *, *, #3992, .T. ) ;
#6112 = FACE_BOUND ( 'NONE', #3722, .T. ) ;
#6113 = LINE ( 'NONE', #3616, #1200 ) ;
#6114 = EDGE_CURVE ( 'NONE', #2138, #88, #2794, .T. ) ;
#6115 = AXIS2_PLACEMENT_3D ( 'NONE', #5753, #2991, #5665 ) ;
#6116 = FACE_OUTER_BOUND ( 'NONE', #6532, .T. ) ;
#6117 = LINE ( 'NONE', #1312, #6802 ) ;
#6118 = ORIENTED_EDGE ( 'NONE', *, *, #5036, .F. ) ;
#6119 = DIRECTION ( 'NONE',  ( 3.652049423109066300E-016, 0.0000000000000000000, -1.000000000000000000 ) ) ;
#6120 = ORIENTED_EDGE ( 'NONE', *, *, #362, .T. ) ;
#6121 = CARTESIAN_POINT ( 'NONE',  ( -1.249999999999999800, 64.00000000000000000, 8.000000000000000000 ) ) ;
#6122 = FACE_BOUND ( 'NONE', #1637, .T. ) ;
#6123 = EDGE_CURVE ( 'NONE', #4703, #204, #5293, .T. ) ;
#6124 = DIRECTION ( 'NONE',  ( 1.000000000000000000, -0.0000000000000000000, -0.0000000000000000000 ) ) ;
#6125 = EDGE_LOOP ( 'NONE', ( #3176, #6315, #3379, #3896, #420 ) ) ;
#6126 = DIRECTION ( 'NONE',  ( 3.652049423109066300E-016, -0.0000000000000000000, -1.000000000000000000 ) ) ;
#6127 = DIRECTION ( 'NONE',  ( 1.826024711554532900E-016, -0.0000000000000000000, 1.000000000000000000 ) ) ;
#6128 = ADVANCED_FACE ( 'NONE', ( #1134 ), #454, .F. ) ;
#6129 = DIRECTION ( 'NONE',  ( 0.0000000000000000000, 0.0000000000000000000, -1.000000000000000000 ) ) ;
#6130 = VERTEX_POINT ( 'NONE', #128 ) ;
#6131 = CARTESIAN_POINT ( 'NONE',  ( 1.250000000000000200, 8.000000000000001800, -7.999999999999992900 ) ) ;
#6132 = AXIS2_PLACEMENT_3D ( 'NONE', #2760, #6527, #6500 ) ;
#6133 = VERTEX_POINT ( 'NONE', #99 ) ;
#6134 = DIRECTION ( 'NONE',  ( -1.000000000000000000, 0.0000000000000000000, -1.826024711554532900E-016 ) ) ;
#6135 = CARTESIAN_POINT ( 'NONE',  ( -1.249999999999999800, 96.00000000000000000, 6.999999999999999100 ) ) ;
#6136 = EDGE_CURVE ( 'NONE', #6171, #2775, #2034, .T. ) ;
#6137 = CARTESIAN_POINT ( 'NONE',  ( 8.774999999999987900, 64.00000000000000000, 13.50000000000000000 ) ) ;
#6138 = ORIENTED_EDGE ( 'NONE', *, *, #1962, .T. ) ;
#6139 = DIRECTION ( 'NONE',  ( 1.000000000000000000, -0.0000000000000000000, 0.0000000000000000000 ) ) ;
#6140 = AXIS2_PLACEMENT_3D ( 'NONE', #2709, #3292, #6496 ) ;
#6141 = ORIENTED_EDGE ( 'NONE', *, *, #6425, .F. ) ;
#6142 = LINE ( 'NONE', #1246, #1317 ) ;
#6143 = LINE ( 'NONE', #4744, #4740 ) ;
#6144 = EDGE_CURVE ( 'NONE', #1536, #6276, #6296, .T. ) ;
#6145 = CARTESIAN_POINT ( 'NONE',  ( -1.249999999999999800, 62.08282739385867200, 7.053390142335805600 ) ) ;
#6146 = CARTESIAN_POINT ( 'NONE',  ( 8.774999999999998600, 16.00000000000000700, -13.50000000000000200 ) ) ;
#6147 = ORIENTED_EDGE ( 'NONE', *, *, #678, .T. ) ;
#6148 = EDGE_LOOP ( 'NONE', ( #803, #4763, #3183, #5448 ) ) ;
#6149 = AXIS2_PLACEMENT_3D ( 'NONE', #2811, #4359, #111 ) ;
#6150 = CARTESIAN_POINT ( 'NONE',  ( 1.250000000000000200, 0.0000000000000000000, -0.0000000000000000000 ) ) ;
#6151 = VECTOR ( 'NONE', #4537, 1000.000000000000100 ) ;
#6152 = DIRECTION ( 'NONE',  ( 0.0000000000000000000, 0.0000000000000000000, -1.000000000000000000 ) ) ;
#6153 = DIRECTION ( 'NONE',  ( 3.652049423109066300E-016, -0.0000000000000000000, -1.000000000000000000 ) ) ;
#6154 = LINE ( 'NONE', #3955, #4753 ) ;
#6155 = CARTESIAN_POINT ( 'NONE',  ( 1.250000000000000200, 63.51471862576143900, -10.51028137423856600 ) ) ;
#6156 = DIRECTION ( 'NONE',  ( 0.0000000000000000000, 0.0000000000000000000, -1.000000000000000000 ) ) ;
#6157 = ORIENTED_EDGE ( 'NONE', *, *, #3866, .T. ) ;
#6158 = ADVANCED_FACE ( 'NONE', ( #1804 ), #53, .F. ) ;
#6159 = EDGE_CURVE ( 'NONE', #3723, #5462, #4649, .T. ) ;
#6160 = EDGE_CURVE ( 'NONE', #830, #3699, #1712, .T. ) ;
#6161 = VECTOR ( 'NONE', #6663, 1000.000000000000000 ) ;
#6162 = ORIENTED_EDGE ( 'NONE', *, *, #598, .T. ) ;
#6163 = ORIENTED_EDGE ( 'NONE', *, *, #1075, .F. ) ;
#6164 = ORIENTED_EDGE ( 'NONE', *, *, #2735, .F. ) ;
#6165 = AXIS2_PLACEMENT_3D ( 'NONE', #5287, #6915, #5849 ) ;
#6166 = EDGE_CURVE ( 'NONE', #749, #1891, #4565, .T. ) ;
#6167 = LINE ( 'NONE', #5427, #4765 ) ;
#6168 = CARTESIAN_POINT ( 'NONE',  ( 6.749999999999989300, 16.00000000000000700, 16.00000000000000400 ) ) ;
#6169 = DIRECTION ( 'NONE',  ( -1.826024711554532900E-016, 0.0000000000000000000, 1.000000000000000000 ) ) ;
#6170 = CARTESIAN_POINT ( 'NONE',  ( 6.749999999999990200, 16.00000000000000700, 13.50000000000000000 ) ) ;
#6171 = VERTEX_POINT ( 'NONE', #5428 ) ;
#6172 = ORIENTED_EDGE ( 'NONE', *, *, #4041, .F. ) ;
#6173 = DIRECTION ( 'NONE',  ( 0.0000000000000000000, 0.0000000000000000000, -1.000000000000000000 ) ) ;
#6174 = LINE ( 'NONE', #783, #3007 ) ;
#6175 = DIRECTION ( 'NONE',  ( -1.000000000000000000, 0.0000000000000000000, 0.0000000000000000000 ) ) ;
#6176 = VECTOR ( 'NONE', #113, 1000.000000000000000 ) ;
#6177 = AXIS2_PLACEMENT_3D ( 'NONE', #4449, #1714, #6577 ) ;
#6178 = ORIENTED_EDGE ( 'NONE', *, *, #1746, .T. ) ;
#6179 = ORIENTED_EDGE ( 'NONE', *, *, #5571, .T. ) ;
#6180 = CARTESIAN_POINT ( 'NONE',  ( -1.249999999999999800, 61.43189123190278900, -13.43189123190274400 ) ) ;
#6181 = DATE_TIME_ROLE ( 'classification_date' ) ;
#6182 = CYLINDRICAL_SURFACE ( 'NONE', #1056, 6.999999999999999100 ) ;
#6183 = EDGE_CURVE ( 'NONE', #1012, #5348, #5723, .T. ) ;
#6184 = VECTOR ( 'NONE', #6418, 1000.000000000000000 ) ;
#6185 = FACE_BOUND ( 'NONE', #2549, .T. ) ;
#6186 = FACE_OUTER_BOUND ( 'NONE', #1326, .T. ) ;
#6187 = ORIENTED_EDGE ( 'NONE', *, *, #4754, .F. ) ;
#6188 = ORIENTED_EDGE ( 'NONE', *, *, #1301, .F. ) ;
#6189 = ORIENTED_EDGE ( 'NONE', *, *, #237, .T. ) ;
#6190 = CIRCLE ( 'NONE', #4813, 2.025000000000001700 ) ;
#6191 = CARTESIAN_POINT ( 'NONE',  ( 4.725000000000001400, 112.0000000000000100, -13.50000000000000200 ) ) ;
#6192 = DIRECTION ( 'NONE',  ( -1.000000000000000000, 0.0000000000000000000, 0.0000000000000000000 ) ) ;
#6193 = AXIS2_PLACEMENT_3D ( 'NONE', #2729, #3258, #5918 ) ;
#6194 = FACE_OUTER_BOUND ( 'NONE', #3728, .T. ) ;
#6195 = VERTEX_POINT ( 'NONE', #4327 ) ;
#6196 = ORIENTED_EDGE ( 'NONE', *, *, #5232, .F. ) ;
#6197 = VERTEX_POINT ( 'NONE', #1706 ) ;
#6198 = ADVANCED_FACE ( 'NONE', ( #3814 ), #5548, .F. ) ;
#6199 = CARTESIAN_POINT ( 'NONE',  ( -1.249999999999999800, 64.00000000000000000, 5.974999999999997900 ) ) ;
#6200 = CIRCLE ( 'NONE', #2799, 2.024999999999990100 ) ;
#6201 = CARTESIAN_POINT ( 'NONE',  ( -1.249999999999999800, 40.00000000000000000, 8.000000000000000000 ) ) ;
#6202 = DIRECTION ( 'NONE',  ( -1.000000000000000000, 0.0000000000000000000, 0.0000000000000000000 ) ) ;
#6203 = DIRECTION ( 'NONE',  ( 0.0000000000000000000, 0.0000000000000000000, -1.000000000000000000 ) ) ;
#6204 = FACE_OUTER_BOUND ( 'NONE', #3648, .T. ) ;
#6205 = DIRECTION ( 'NONE',  ( -1.000000000000000000, 0.0000000000000000000, 0.0000000000000000000 ) ) ;
#6206 = VECTOR ( 'NONE', #4165, 1000.000000000000000 ) ;
#6207 = ORIENTED_EDGE ( 'NONE', *, *, #3143, .T. ) ;
#6208 = CARTESIAN_POINT ( 'NONE',  ( 1.250000000000000200, 11.31370849898475900, -2.024999999999999900 ) ) ;
#6209 = EDGE_LOOP ( 'NONE', ( #3986, #3324, #3297, #3489 ) ) ;
#6210 = EDGE_CURVE ( 'NONE', #1111, #2075, #4714, .T. ) ;
#6211 = CC_DESIGN_PERSON_AND_ORGANIZATION_ASSIGNMENT ( #3887, #5737, ( #5652 ) ) ;
#6212 = ORIENTED_EDGE ( 'NONE', *, *, #3386, .F. ) ;
#6213 = DIRECTION ( 'NONE',  ( 1.000000000000000000, -0.0000000000000000000, 0.0000000000000000000 ) ) ;
#6214 = CARTESIAN_POINT ( 'NONE',  ( 4.724999999999991700, 8.000000000000007100, 16.00000000000000400 ) ) ;
#6215 = CARTESIAN_POINT ( 'NONE',  ( -1.249999999999999800, 59.31370849898476600, -2.024999999999999900 ) ) ;
#6216 = ORIENTED_EDGE ( 'NONE', *, *, #6383, .T. ) ;
#6217 = EDGE_CURVE ( 'NONE', #5149, #1947, #449, .T. ) ;
#6218 = LINE ( 'NONE', #85, #5390 ) ;
#6219 = PLANE ( 'NONE',  #6534 ) ;
#6220 = ORIENTED_EDGE ( 'NONE', *, *, #1771, .F. ) ;
#6221 = CARTESIAN_POINT ( 'NONE',  ( -1.249999999999999800, 34.56810876809722500, -10.56810876809725700 ) ) ;
#6222 = FACE_OUTER_BOUND ( 'NONE', #3534, .T. ) ;
#6223 = ORIENTED_EDGE ( 'NONE', *, *, #5564, .F. ) ;
#6224 = CARTESIAN_POINT ( 'NONE',  ( 8.774999999999987900, 56.00000000000000700, 16.00000000000000400 ) ) ;
#6225 = FACE_BOUND ( 'NONE', #5735, .T. ) ;
#6226 = DIRECTION ( 'NONE',  ( 1.000000000000000000, -0.0000000000000000000, -0.0000000000000000000 ) ) ;
#6227 = CARTESIAN_POINT ( 'NONE',  ( -1.249999999999999800, 31.05339014233581100, 9.917172606141322800 ) ) ;
#6228 = AXIS2_PLACEMENT_3D ( 'NONE', #521, #4318, #4225 ) ;
#6229 = CARTESIAN_POINT ( 'NONE',  ( 1.250000000000000200, 16.00000000000000000, 8.000000000000000000 ) ) ;
#6230 = DIRECTION ( 'NONE',  ( 0.0000000000000000000, -1.000000000000000000, 0.0000000000000000000 ) ) ;
#6231 = ORIENTED_EDGE ( 'NONE', *, *, #4926, .F. ) ;
#6232 = DIRECTION ( 'NONE',  ( 0.0000000000000000000, 0.0000000000000000000, -1.000000000000000000 ) ) ;
#6233 = CARTESIAN_POINT ( 'NONE',  ( 8.774999999999987900, 8.000000000000007100, 13.50000000000000000 ) ) ;
#6234 = VERTEX_POINT ( 'NONE', #2762 ) ;
#6235 = FACE_OUTER_BOUND ( 'NONE', #3897, .T. ) ;
#6236 = ADVANCED_FACE ( 'NONE', ( #2367, #3041, #3551, #6289, #1045, #3727, #698, #4130, #3126, #1547, #2102, #2604, #3635, #615, #6452, #2199, #6282, #4707, #6112, #788, #6292, #1958, #5888, #1464, #45, #4132, #2457, #6882, #4051, #2596 ), #5843, .F. ) ;
#6237 = ORIENTED_EDGE ( 'NONE', *, *, #2898, .T. ) ;
#6238 = EDGE_CURVE ( 'NONE', #5767, #4573, #1383, .T. ) ;
#6239 = CARTESIAN_POINT ( 'NONE',  ( 10.75000000000002300, 120.0000000000000000, 1.491862189340059100E-014 ) ) ;
#6240 = CARTESIAN_POINT ( 'NONE',  ( 1.250000000000000200, 41.43189123190276700, -9.431891231902755000 ) ) ;
#6241 = DIRECTION ( 'NONE',  ( -0.0000000000000000000, -1.000000000000000000, -0.0000000000000000000 ) ) ;
#6242 = CIRCLE ( 'NONE', #6438, 2.024999999999999900 ) ;
#6243 = VECTOR ( 'NONE', #3226, 1000.000000000000000 ) ;
#6244 = ORIENTED_EDGE ( 'NONE', *, *, #2926, .F. ) ;
#6245 = EDGE_CURVE ( 'NONE', #2272, #6854, #902, .T. ) ;
#6246 = AXIS2_PLACEMENT_3D ( 'NONE', #2516, #2558, #6232 ) ;
#6247 = CARTESIAN_POINT ( 'NONE',  ( -1.249999999999999800, 84.68629150101523400, 2.024999999999999900 ) ) ;
#6248 = CARTESIAN_POINT ( 'NONE',  ( -1.249999999999999800, 108.6862915010152500, 2.024999999999999900 ) ) ;
#6249 = ORIENTED_EDGE ( 'NONE', *, *, #1570, .T. ) ;
#6250 = ORIENTED_EDGE ( 'NONE', *, *, #5064, .T. ) ;
#6251 = LINE ( 'NONE', #4751, #3425 ) ;
#6252 = CARTESIAN_POINT ( 'NONE',  ( -1.249999999999999800, 58.56810876809730400, -10.56810876809726100 ) ) ;
#6253 = EDGE_CURVE ( 'NONE', #1035, #6722, #6395, .T. ) ;
#6254 = FACE_OUTER_BOUND ( 'NONE', #2710, .T. ) ;
#6255 = EDGE_CURVE ( 'NONE', #6068, #5285, #1490, .T. ) ;
#6256 = ORIENTED_EDGE ( 'NONE', *, *, #5690, .T. ) ;
#6257 = EDGE_LOOP ( 'NONE', ( #627, #1888, #3004, #1703 ) ) ;
#6258 = CARTESIAN_POINT ( 'NONE',  ( 1.250000000000000200, 87.51471862576144600, -10.51028137423856600 ) ) ;
#6259 = VECTOR ( 'NONE', #2642, 999.9999999999998900 ) ;
#6260 = DIRECTION ( 'NONE',  ( 0.0000000000000000000, 0.0000000000000000000, -1.000000000000000000 ) ) ;
#6261 = AXIS2_PLACEMENT_3D ( 'NONE', #4189, #1501, #6314 ) ;
#6262 = EDGE_LOOP ( 'NONE', ( #2016, #794, #4784, #2109, #2379 ) ) ;
#6263 = VERTEX_POINT ( 'NONE', #1137 ) ;
#6264 = EDGE_CURVE ( 'NONE', #3474, #2133, #4168, .T. ) ;
#6265 = CIRCLE ( 'NONE', #6307, 2.024999999999990100 ) ;
#6266 = DIRECTION ( 'NONE',  ( 0.0000000000000000000, 0.0000000000000000000, -1.000000000000000000 ) ) ;
#6267 = CARTESIAN_POINT ( 'NONE',  ( -1.249999999999999800, 86.08282739385869300, -7.053390142335805600 ) ) ;
#6268 = ORIENTED_EDGE ( 'NONE', *, *, #4754, .T. ) ;
#6269 = CARTESIAN_POINT ( 'NONE',  ( 4.725000000000001400, 48.00000000000000700, -13.50000000000000200 ) ) ;
#6270 = ORIENTED_EDGE ( 'NONE', *, *, #4709, .F. ) ;
#6271 = ORIENTED_EDGE ( 'NONE', *, *, #12, .T. ) ;
#6272 = AXIS2_PLACEMENT_3D ( 'NONE', #3977, #6553, #753 ) ;
#6273 = ADVANCED_FACE ( 'NONE', ( #1239 ), #399, .F. ) ;
#6274 = DIRECTION ( 'NONE',  ( 1.000000000000000000, -0.0000000000000000000, -0.0000000000000000000 ) ) ;
#6275 = FACE_OUTER_BOUND ( 'NONE', #6727, .T. ) ;
#6276 = VERTEX_POINT ( 'NONE', #86 ) ;
#6277 = LOCAL_TIME ( 11, 50, 23.00000000000000000, #773 ) ;
#6278 = EDGE_LOOP ( 'NONE', ( #2511, #4099, #2645, #3018 ) ) ;
#6279 = EDGE_CURVE ( 'NONE', #2187, #2478, #3661, .T. ) ;
#6280 = VERTEX_POINT ( 'NONE', #1716 ) ;
#6281 = CARTESIAN_POINT ( 'NONE',  ( 8.774999999999987900, 48.00000000000000700, 16.00000000000000400 ) ) ;
#6282 = FACE_BOUND ( 'NONE', #4683, .T. ) ;
#6283 = CIRCLE ( 'NONE', #6583, 6.999999999999999100 ) ;
#6284 = CYLINDRICAL_SURFACE ( 'NONE', #1248, 2.024999999999999000 ) ;
#6285 = VECTOR ( 'NONE', #5991, 1000.000000000000000 ) ;
#6286 = VERTEX_POINT ( 'NONE', #1737 ) ;
#6287 = DIRECTION ( 'NONE',  ( 1.000000000000000000, -0.0000000000000000000, -0.0000000000000000000 ) ) ;
#6288 = VERTEX_POINT ( 'NONE', #6563 ) ;
#6289 = FACE_BOUND ( 'NONE', #1322, .T. ) ;
#6290 = CARTESIAN_POINT ( 'NONE',  ( 1.250000000000000200, 82.56810876809730400, -10.56810876809726100 ) ) ;
#6291 = AXIS2_PLACEMENT_3D ( 'NONE', #2204, #5946, #6453 ) ;
#6292 = FACE_BOUND ( 'NONE', #1643, .T. ) ;
#6293 = MANIFOLD_SOLID_BREP ( 'LPattern2', #2053 ) ;
#6294 = ORIENTED_EDGE ( 'NONE', *, *, #5985, .F. ) ;
#6295 = DIRECTION ( 'NONE',  ( 1.000000000000000000, -0.0000000000000000000, -0.0000000000000000000 ) ) ;
#6296 = LINE ( 'NONE', #4860, #6639 ) ;
#6297 = ORIENTED_EDGE ( 'NONE', *, *, #2620, .T. ) ;
#6298 = CARTESIAN_POINT ( 'NONE',  ( -1.249999999999999800, 118.5681087680971600, 1.431891231902814100 ) ) ;
#6299 = CARTESIAN_POINT ( 'NONE',  ( 1.250000000000000200, 56.48528137423857500, -8.485281374238564200 ) ) ;
#6300 = FACE_BOUND ( 'NONE', #312, .T. ) ;
#6301 = FACE_BOUND ( 'NONE', #3935, .T. ) ;
#6302 = EDGE_CURVE ( 'NONE', #775, #1940, #1254, .T. ) ;
#6303 = VERTEX_POINT ( 'NONE', #3845 ) ;
#6304 = VERTEX_POINT ( 'NONE', #612 ) ;
#6305 = DIRECTION ( 'NONE',  ( 3.652049423109066300E-016, -0.0000000000000000000, -1.000000000000000000 ) ) ;
#6306 = ORIENTED_EDGE ( 'NONE', *, *, #1756, .T. ) ;
#6307 = AXIS2_PLACEMENT_3D ( 'NONE', #1329, #795, #833 ) ;
#6308 = EDGE_CURVE ( 'NONE', #1480, #2717, #5166, .T. ) ;
#6309 = DIRECTION ( 'NONE',  ( 1.000000000000000000, -0.0000000000000000000, 0.0000000000000000000 ) ) ;
#6310 = ADVANCED_FACE ( 'NONE', ( #6086 ), #2235, .T. ) ;
#6311 = VECTOR ( 'NONE', #2887, 1000.000000000000000 ) ;
#6312 = VECTOR ( 'NONE', #2121, 1000.000000000000000 ) ;
#6313 = AXIS2_PLACEMENT_3D ( 'NONE', #478, #4230, #5793 ) ;
#6314 = DIRECTION ( 'NONE',  ( 0.0000000000000000000, 0.0000000000000000000, -1.000000000000000000 ) ) ;
#6315 = ORIENTED_EDGE ( 'NONE', *, *, #665, .F. ) ;
#6316 = DIRECTION ( 'NONE',  ( 0.0000000000000000000, -0.7071067811865412400, 0.7071067811865537900 ) ) ;
#6317 = EDGE_LOOP ( 'NONE', ( #3271, #6607, #3662, #1230 ) ) ;
#6318 = EDGE_CURVE ( 'NONE', #3062, #509, #5929, .T. ) ;
#6319 = LINE ( 'NONE', #486, #1325 ) ;
#6320 = CARTESIAN_POINT ( 'NONE',  ( -1.249999999999999800, 80.48528137423858200, -8.485281374238564200 ) ) ;
#6321 = EDGE_LOOP ( 'NONE', ( #511, #4271 ) ) ;
#6322 = AXIS2_PLACEMENT_3D ( 'NONE', #5256, #5288, #2103 ) ;
#6323 = VERTEX_POINT ( 'NONE', #6536 ) ;
#6324 = CARTESIAN_POINT ( 'NONE',  ( 4.725000000000003200, 8.000000000000007100, -15.99999999999999600 ) ) ;
#6325 = DIRECTION ( 'NONE',  ( 0.0000000000000000000, -0.7071067811865487900, -0.7071067811865463500 ) ) ;
#6326 = DIRECTION ( 'NONE',  ( 0.0000000000000000000, -1.000000000000000000, 0.0000000000000000000 ) ) ;
#6327 = CYLINDRICAL_SURFACE ( 'NONE', #3105, 2.025000000000004400 ) ;
#6328 = VECTOR ( 'NONE', #6024, 1000.000000000000000 ) ;
#6329 = VERTEX_POINT ( 'NONE', #156 ) ;
#6330 = EDGE_CURVE ( 'NONE', #6509, #6465, #3852, .T. ) ;
#6331 = DIRECTION ( 'NONE',  ( 1.000000000000000000, -0.0000000000000000000, -0.0000000000000000000 ) ) ;
#6332 = VERTEX_POINT ( 'NONE', #4920 ) ;
#6333 = ORIENTED_EDGE ( 'NONE', *, *, #3724, .F. ) ;
#6334 = FACE_OUTER_BOUND ( 'NONE', #4571, .T. ) ;
#6335 = CIRCLE ( 'NONE', #3031, 2.024999999999997200 ) ;
#6336 = CARTESIAN_POINT ( 'NONE',  ( 6.750000000000000000, 48.00000000000000700, -13.50000000000000200 ) ) ;
#6337 = VERTEX_POINT ( 'NONE', #5964 ) ;
#6338 = ORIENTED_EDGE ( 'NONE', *, *, #6330, .T. ) ;
#6339 = DIRECTION ( 'NONE',  ( -0.0000000000000000000, 0.7071067811865500200, 0.7071067811865450200 ) ) ;
#6340 = EDGE_CURVE ( 'NONE', #3009, #3354, #1675, .T. ) ;
#6341 = CIRCLE ( 'NONE', #3504, 2.024999999999998100 ) ;
#6342 = ORIENTED_EDGE ( 'NONE', *, *, #4445, .F. ) ;
#6343 = ORIENTED_EDGE ( 'NONE', *, *, #4000, .F. ) ;
#6344 = DIRECTION ( 'NONE',  ( 1.000000000000000000, -0.0000000000000000000, -0.0000000000000000000 ) ) ;
#6345 = FACE_OUTER_BOUND ( 'NONE', #1711, .T. ) ;
#6346 = CYLINDRICAL_SURFACE ( 'NONE', #5230, 2.024999999999999900 ) ;
#6347 = DIRECTION ( 'NONE',  ( 0.0000000000000000000, -0.7071067811865463500, -0.7071067811865487900 ) ) ;
#6348 = AXIS2_PLACEMENT_3D ( 'NONE', #3251, #1083, #581 ) ;
#6349 = CYLINDRICAL_SURFACE ( 'NONE', #3232, 2.024999999999998100 ) ;
#6350 = ORIENTED_EDGE ( 'NONE', *, *, #5076, .T. ) ;
#6351 = CARTESIAN_POINT ( 'NONE',  ( -1.249999999999999800, 87.51471862576144600, -10.51028137423856600 ) ) ;
#6352 = ORIENTED_EDGE ( 'NONE', *, *, #3244, .T. ) ;
#6353 = VERTEX_POINT ( 'NONE', #5532 ) ;
#6354 = VECTOR ( 'NONE', #1403, 1000.000000000000000 ) ;
#6355 = DIRECTION ( 'NONE',  ( 0.0000000000000000000, -0.7071067811865487900, 0.7071067811865462400 ) ) ;
#6356 = CARTESIAN_POINT ( 'NONE',  ( 1.250000000000000200, 60.68629150101524100, -2.024999999999999900 ) ) ;
#6357 = VECTOR ( 'NONE', #5153, 1000.000000000000000 ) ;
#6358 = CARTESIAN_POINT ( 'NONE',  ( -1.249999999999999800, 30.56810876809724700, 9.431891231902756800 ) ) ;
#6359 = CIRCLE ( 'NONE', #3950, 2.024999999999997200 ) ;
#6360 = ORIENTED_EDGE ( 'NONE', *, *, #6255, .T. ) ;
#6361 = ORIENTED_EDGE ( 'NONE', *, *, #175, .T. ) ;
#6362 = AXIS2_PLACEMENT_3D ( 'NONE', #1392, #3505, #3564 ) ;
#6363 = VECTOR ( 'NONE', #4479, 1000.000000000000000 ) ;
#6364 = DIRECTION ( 'NONE',  ( 1.000000000000000000, -0.0000000000000000000, -0.0000000000000000000 ) ) ;
#6365 = EDGE_CURVE ( 'NONE', #1562, #498, #3772, .T. ) ;
#6366 = CARTESIAN_POINT ( 'NONE',  ( -46.75000000000000000, 6.568108768097243200, 9.431891231902760400 ) ) ;
#6367 = VERTEX_POINT ( 'NONE', #1786 ) ;
#6368 = ORIENTED_EDGE ( 'NONE', *, *, #6619, .T. ) ;
#6369 = FACE_BOUND ( 'NONE', #2906, .T. ) ;
#6370 = CARTESIAN_POINT ( 'NONE',  ( -1.249999999999999800, 80.00000000000000000, -7.999999999999994700 ) ) ;
#6371 = ORIENTED_EDGE ( 'NONE', *, *, #124, .F. ) ;
#6372 = ADVANCED_FACE ( 'NONE', ( #252 ), #4349, .F. ) ;
#6373 = EDGE_CURVE ( 'NONE', #5098, #2075, #3596, .T. ) ;
#6374 = AXIS2_PLACEMENT_3D ( 'NONE', #2863, #1857, #3006 ) ;
#6375 = FACE_BOUND ( 'NONE', #6125, .T. ) ;
#6376 = VECTOR ( 'NONE', #5506, 1000.000000000000000 ) ;
#6377 = DIRECTION ( 'NONE',  ( 0.0000000000000000000, 0.0000000000000000000, -1.000000000000000000 ) ) ;
#6378 = DIRECTION ( 'NONE',  ( 1.000000000000000000, -0.0000000000000000000, -0.0000000000000000000 ) ) ;
#6379 = VERTEX_POINT ( 'NONE', #1813 ) ;
#6380 = EDGE_LOOP ( 'NONE', ( #2573, #2469, #4933, #3107, #1527 ) ) ;
#6381 = CARTESIAN_POINT ( 'NONE',  ( -1.249999999999999800, 54.56810876809724000, 9.431891231902756800 ) ) ;
#6382 = EDGE_CURVE ( 'NONE', #4017, #6925, #1338, .T. ) ;
#6383 = EDGE_CURVE ( 'NONE', #428, #4648, #1513, .T. ) ;
#6384 = EDGE_LOOP ( 'NONE', ( #4117, #6268, #4116, #6162 ) ) ;
#6385 = DIRECTION ( 'NONE',  ( 1.000000000000000000, -0.0000000000000000000, 0.0000000000000000000 ) ) ;
#6386 = CARTESIAN_POINT ( 'NONE',  ( 6.750000000000000000, 96.00000000000000000, -13.50000000000000200 ) ) ;
#6387 = CARTESIAN_POINT ( 'NONE',  ( 1.250000000000000200, 8.485281374238571300, -8.485281374238566000 ) ) ;
#6388 = AXIS2_PLACEMENT_3D ( 'NONE', #3085, #2051, #5805 ) ;
#6389 = ORIENTED_EDGE ( 'NONE', *, *, #4083, .T. ) ;
#6390 = EDGE_CURVE ( 'NONE', #2917, #3438, #4524, .T. ) ;
#6391 = DIRECTION ( 'NONE',  ( -1.000000000000000000, 0.0000000000000000000, 0.0000000000000000000 ) ) ;
#6392 = CARTESIAN_POINT ( 'NONE',  ( 10.75000000000002300, 120.0000000000000000, 1.491862189340059100E-014 ) ) ;
#6393 = CARTESIAN_POINT ( 'NONE',  ( -1.249999999999999800, 11.31370849898475900, 2.024999999999999900 ) ) ;
#6394 = DIRECTION ( 'NONE',  ( 3.652049423109066300E-016, 0.0000000000000000000, -1.000000000000000000 ) ) ;
#6395 = LINE ( 'NONE', #2797, #3067 ) ;
#6396 = DIRECTION ( 'NONE',  ( -1.000000000000000000, 0.0000000000000000000, 0.0000000000000000000 ) ) ;
#6397 = DIRECTION ( 'NONE',  ( -1.000000000000000000, 0.0000000000000000000, 0.0000000000000000000 ) ) ;
#6398 = AXIS2_PLACEMENT_3D ( 'NONE', #1136, #2675, #64 ) ;
#6399 = FACE_OUTER_BOUND ( 'NONE', #4004, .T. ) ;
#6400 = DIRECTION ( 'NONE',  ( 1.000000000000000000, -0.0000000000000000000, 0.0000000000000000000 ) ) ;
#6401 = CARTESIAN_POINT ( 'NONE',  ( 6.749999999999990200, 64.00000000000000000, 13.50000000000000000 ) ) ;
#6402 = EDGE_LOOP ( 'NONE', ( #589, #3051, #6767, #2510 ) ) ;
#6403 = EDGE_CURVE ( 'NONE', #815, #6497, #2326, .T. ) ;
#6404 = ADVANCED_FACE ( 'NONE', ( #1000 ), #6417, .F. ) ;
#6405 = DIRECTION ( 'NONE',  ( 1.000000000000000000, -0.0000000000000000000, 0.0000000000000000000 ) ) ;
#6406 = DIRECTION ( 'NONE',  ( 1.000000000000000000, -0.0000000000000000000, -0.0000000000000000000 ) ) ;
#6407 = FACE_OUTER_BOUND ( 'NONE', #6877, .T. ) ;
#6408 = DIRECTION ( 'NONE',  ( -1.000000000000000000, 0.0000000000000000000, 0.0000000000000000000 ) ) ;
#6409 = CIRCLE ( 'NONE', #4918, 2.024999999999998100 ) ;
#6410 = DIRECTION ( 'NONE',  ( -1.000000000000000000, 0.0000000000000000000, 0.0000000000000000000 ) ) ;
#6411 = ORIENTED_EDGE ( 'NONE', *, *, #1352, .T. ) ;
#6412 = CARTESIAN_POINT ( 'NONE',  ( 6.749999999999989300, 32.00000000000000700, 16.00000000000000400 ) ) ;
#6413 = ORIENTED_EDGE ( 'NONE', *, *, #1953, .T. ) ;
#6414 = AXIS2_PLACEMENT_3D ( 'NONE', #5809, #4735, #3664 ) ;
#6415 = CIRCLE ( 'NONE', #6729, 2.025000000000000800 ) ;
#6416 = PLANE ( 'NONE',  #4426 ) ;
#6417 = CYLINDRICAL_SURFACE ( 'NONE', #5646, 2.025000000000000800 ) ;
#6418 = DIRECTION ( 'NONE',  ( 1.000000000000000000, -0.0000000000000000000, -0.0000000000000000000 ) ) ;
#6419 = DIRECTION ( 'NONE',  ( -1.000000000000000000, 0.0000000000000000000, 0.0000000000000000000 ) ) ;
#6420 = ORIENTED_EDGE ( 'NONE', *, *, #390, .F. ) ;
#6421 = VERTEX_POINT ( 'NONE', #6632 ) ;
#6422 = VECTOR ( 'NONE', #1409, 1000.000000000000100 ) ;
#6423 = CARTESIAN_POINT ( 'NONE',  ( -1.249999999999999800, 81.43189123190275300, -6.568108768097234300 ) ) ;
#6424 = LINE ( 'NONE', #5210, #4108 ) ;
#6425 = EDGE_CURVE ( 'NONE', #6566, #2454, #5246, .T. ) ;
#6426 = DIRECTION ( 'NONE',  ( -1.000000000000000000, 0.0000000000000000000, 0.0000000000000000000 ) ) ;
#6427 = CARTESIAN_POINT ( 'NONE',  ( 1.250000000000000200, 12.68629150101524100, 0.0000000000000000000 ) ) ;
#6428 = CARTESIAN_POINT ( 'NONE',  ( 1.250000000000000200, 58.56810876809746000, 10.56810876809731100 ) ) ;
#6429 = CARTESIAN_POINT ( 'NONE',  ( -1.249999999999999800, 64.00000000000000000, 8.000000000000000000 ) ) ;
#6430 = ORIENTED_EDGE ( 'NONE', *, *, #6482, .T. ) ;
#6431 = DIRECTION ( 'NONE',  ( 3.652049423109066300E-016, -0.0000000000000000000, -1.000000000000000000 ) ) ;
#6432 = EDGE_LOOP ( 'NONE', ( #5712, #6054, #1546, #4516 ) ) ;
#6433 = FACE_BOUND ( 'NONE', #4755, .T. ) ;
#6434 = FACE_BOUND ( 'NONE', #5577, .T. ) ;
#6435 = ORIENTED_EDGE ( 'NONE', *, *, #1555, .T. ) ;
#6436 = CARTESIAN_POINT ( 'NONE',  ( 8.774999999999998600, 40.00000000000000700, -13.50000000000000200 ) ) ;
#6437 = CARTESIAN_POINT ( 'NONE',  ( -1.249999999999999800, 57.43189123190274600, 6.568108768097250300 ) ) ;
#6438 = AXIS2_PLACEMENT_3D ( 'NONE', #2346, #3466, #1228 ) ;
#6439 = ORIENTED_EDGE ( 'NONE', *, *, #407, .F. ) ;
#6440 = ORIENTED_EDGE ( 'NONE', *, *, #3054, .F. ) ;
#6441 = DIRECTION ( 'NONE',  ( 0.0000000000000000000, 0.0000000000000000000, -1.000000000000000000 ) ) ;
#6442 = DIRECTION ( 'NONE',  ( -1.000000000000000000, 0.0000000000000000000, -0.0000000000000000000 ) ) ;
#6443 = EDGE_CURVE ( 'NONE', #2341, #3699, #2156, .T. ) ;
#6444 = DIRECTION ( 'NONE',  ( -1.000000000000000000, 0.0000000000000000000, 0.0000000000000000000 ) ) ;
#6445 = VECTOR ( 'NONE', #6241, 1000.000000000000000 ) ;
#6446 = LINE ( 'NONE', #3096, #3619 ) ;
#6447 = LINE ( 'NONE', #6351, #5193 ) ;
#6448 = VERTEX_POINT ( 'NONE', #5582 ) ;
#6449 = PERSON_AND_ORGANIZATION ( #2503, #6887 ) ;
#6450 = VERTEX_POINT ( 'NONE', #4591 ) ;
#6451 = EDGE_LOOP ( 'NONE', ( #5956, #5183, #4695, #214 ) ) ;
#6452 = FACE_BOUND ( 'NONE', #4392, .T. ) ;
#6453 = DIRECTION ( 'NONE',  ( 1.000000000000000000, 0.0000000000000000000, -0.0000000000000000000 ) ) ;
#6454 = ADVANCED_FACE ( 'NONE', ( #4103 ), #6681, .F. ) ;
#6455 = AXIS2_PLACEMENT_3D ( 'NONE', #5741, #3573, #4134 ) ;
#6456 = LINE ( 'NONE', #221, #519 ) ;
#6457 = VERTEX_POINT ( 'NONE', #842 ) ;
#6458 = EDGE_CURVE ( 'NONE', #1381, #3010, #740, .T. ) ;
#6459 = ORIENTED_EDGE ( 'NONE', *, *, #2979, .T. ) ;
#6460 = DIRECTION ( 'NONE',  ( 0.0000000000000000000, 0.0000000000000000000, -1.000000000000000000 ) ) ;
#6461 = DIRECTION ( 'NONE',  ( 3.652049423109066300E-016, -0.0000000000000000000, -1.000000000000000000 ) ) ;
#6462 = CARTESIAN_POINT ( 'NONE',  ( -1.249999999999999800, 16.00000000000000000, 8.000000000000000000 ) ) ;
#6463 = VECTOR ( 'NONE', #6490, 1000.000000000000000 ) ;
#6464 = FACE_BOUND ( 'NONE', #4970, .T. ) ;
#6465 = VERTEX_POINT ( 'NONE', #319 ) ;
#6466 = CARTESIAN_POINT ( 'NONE',  ( 6.750000000000000900, 64.00000000000000000, -15.99999999999999600 ) ) ;
#6467 = DIRECTION ( 'NONE',  ( 1.000000000000000000, -0.0000000000000000000, 0.0000000000000000000 ) ) ;
#6468 = DIRECTION ( 'NONE',  ( 1.000000000000000000, -0.0000000000000000000, -0.0000000000000000000 ) ) ;
#6469 = FACE_BOUND ( 'NONE', #6042, .T. ) ;
#6470 = ORIENTED_EDGE ( 'NONE', *, *, #1036, .F. ) ;
#6471 = ORIENTED_EDGE ( 'NONE', *, *, #5480, .F. ) ;
#6472 = DIRECTION ( 'NONE',  ( 0.0000000000000000000, -0.7071067811865487900, -0.7071067811865463500 ) ) ;
#6473 = EDGE_CURVE ( 'NONE', #1641, #2438, #2415, .T. ) ;
#6474 = AXIS2_PLACEMENT_3D ( 'NONE', #6019, #3989, #5470 ) ;
#6475 = ORIENTED_EDGE ( 'NONE', *, *, #3173, .F. ) ;
#6476 = ORIENTED_EDGE ( 'NONE', *, *, #6668, .F. ) ;
#6477 = DIRECTION ( 'NONE',  ( 3.652049423109066300E-016, 0.0000000000000000000, -1.000000000000000000 ) ) ;
#6478 = DIRECTION ( 'NONE',  ( 3.652049423109066300E-016, -0.0000000000000000000, -1.000000000000000000 ) ) ;
#6479 = ORIENTED_EDGE ( 'NONE', *, *, #549, .F. ) ;
#6480 = CARTESIAN_POINT ( 'NONE',  ( -1.249999999999999800, 24.00000000000000000, 2.024999999999999900 ) ) ;
#6481 = ORIENTED_EDGE ( 'NONE', *, *, #2754, .T. ) ;
#6482 = EDGE_CURVE ( 'NONE', #1914, #43, #3001, .T. ) ;
#6483 = ADVANCED_FACE ( 'NONE', ( #5689, #3681, #4269, #2914, #174, #2820, #3589, #6936, #1749, #5841, #4262, #829, #1419, #1669, #5499 ), #5639, .F. ) ;
#6484 = DIRECTION ( 'NONE',  ( 3.652049423109066300E-016, 0.0000000000000000000, -1.000000000000000000 ) ) ;
#6485 = CARTESIAN_POINT ( 'NONE',  ( -1.249999999999999800, 17.43189123190276700, -9.431891231902755000 ) ) ;
#6486 = CIRCLE ( 'NONE', #878, 2.024999999999998100 ) ;
#6487 = CARTESIAN_POINT ( 'NONE',  ( -1.249999999999999800, 13.43189123190277600, -13.43189123190275300 ) ) ;
#6488 = CARTESIAN_POINT ( 'NONE',  ( -1.249999999999999800, 31.99999999999999300, 8.000000000000000000 ) ) ;
#6489 = CARTESIAN_POINT ( 'NONE',  ( 1.250000000000000200, 58.56810876809730400, -10.56810876809726100 ) ) ;
#6490 = DIRECTION ( 'NONE',  ( 1.000000000000000000, -0.0000000000000000000, -0.0000000000000000000 ) ) ;
#6491 = AXIS2_PLACEMENT_3D ( 'NONE', #4930, #1729, #2006 ) ;
#6492 = EDGE_CURVE ( 'NONE', #597, #1776, #3420, .T. ) ;
#6493 = ORIENTED_EDGE ( 'NONE', *, *, #6365, .F. ) ;
#6494 = CARTESIAN_POINT ( 'NONE',  ( -1.249999999999999800, 102.5681087680972600, 9.431891231902756800 ) ) ;
#6495 = DIRECTION ( 'NONE',  ( 0.0000000000000000000, 0.0000000000000000000, -1.000000000000000000 ) ) ;
#6496 = DIRECTION ( 'NONE',  ( 1.000000000000000000, 0.0000000000000000000, 0.0000000000000000000 ) ) ;
#6497 = VERTEX_POINT ( 'NONE', #2839 ) ;
#6498 = DIRECTION ( 'NONE',  ( 3.652049423109066300E-016, 0.0000000000000000000, -1.000000000000000000 ) ) ;
#6499 = AXIS2_PLACEMENT_3D ( 'NONE', #93, #3834, #4904 ) ;
#6500 = DIRECTION ( 'NONE',  ( -1.000000000000000000, 0.0000000000000000000, 0.0000000000000000000 ) ) ;
#6501 = VERTEX_POINT ( 'NONE', #1235 ) ;
#6502 = DIRECTION ( 'NONE',  ( 3.652049423109066300E-016, -0.0000000000000000000, -1.000000000000000000 ) ) ;
#6503 = VECTOR ( 'NONE', #6339, 1000.000000000000000 ) ;
#6504 = EDGE_CURVE ( 'NONE', #6509, #6722, #4758, .T. ) ;
#6505 = VECTOR ( 'NONE', #1881, 1000.000000000000000 ) ;
#6506 = VERTEX_POINT ( 'NONE', #2918 ) ;
#6507 = DIRECTION ( 'NONE',  ( 0.0000000000000000000, 0.0000000000000000000, -1.000000000000000000 ) ) ;
#6508 = EDGE_LOOP ( 'NONE', ( #5389, #1864, #6216, #6682 ) ) ;
#6509 = VERTEX_POINT ( 'NONE', #3400 ) ;
#6510 = DIRECTION ( 'NONE',  ( 0.0000000000000000000, 0.7071067811865500200, 0.7071067811865450200 ) ) ;
#6511 = DIRECTION ( 'NONE',  ( 0.0000000000000000000, 0.0000000000000000000, -1.000000000000000000 ) ) ;
#6512 = DIRECTION ( 'NONE',  ( 3.652049423109066300E-016, -0.0000000000000000000, -1.000000000000000000 ) ) ;
#6513 = CYLINDRICAL_SURFACE ( 'NONE', #4264, 2.024999999999998100 ) ;
#6514 = LINE ( 'NONE', #4921, #5249 ) ;
#6515 = AXIS2_PLACEMENT_3D ( 'NONE', #4390, #1206, #1179 ) ;
#6516 = ORIENTED_EDGE ( 'NONE', *, *, #3157, .F. ) ;
#6517 = ORIENTED_EDGE ( 'NONE', *, *, #2307, .T. ) ;
#6518 = CARTESIAN_POINT ( 'NONE',  ( 1.250000000000000200, 104.4852813742385800, -10.51028137423856800 ) ) ;
#6519 = CARTESIAN_POINT ( 'NONE',  ( 6.750000000000000000, 16.00000000000000700, -13.50000000000000200 ) ) ;
#6520 = CIRCLE ( 'NONE', #4138, 2.024999999999999900 ) ;
#6521 = DIRECTION ( 'NONE',  ( 0.0000000000000000000, 8.566535683836073200E-016, -1.000000000000000000 ) ) ;
#6522 = ADVANCED_FACE ( 'NONE', ( #2995 ), #705, .T. ) ;
#6523 = VERTEX_POINT ( 'NONE', #2815 ) ;
#6524 = ORIENTED_EDGE ( 'NONE', *, *, #4899, .T. ) ;
#6525 = EDGE_CURVE ( 'NONE', #6379, #3783, #3926, .T. ) ;
#6526 = CARTESIAN_POINT ( 'NONE',  ( -1.249999999999999800, 58.56810876809730400, -10.56810876809726100 ) ) ;
#6527 = DIRECTION ( 'NONE',  ( 3.652049423109066300E-016, 0.0000000000000000000, -1.000000000000000000 ) ) ;
#6528 = EDGE_CURVE ( 'NONE', #4270, #6329, #4845, .T. ) ;
#6529 = FACE_OUTER_BOUND ( 'NONE', #3623, .T. ) ;
#6530 = ORIENTED_EDGE ( 'NONE', *, *, #1916, .F. ) ;
#6531 = ORIENTED_EDGE ( 'NONE', *, *, #1967, .T. ) ;
#6532 = EDGE_LOOP ( 'NONE', ( #2692, #5484, #1416, #953 ) ) ;
#6533 = CIRCLE ( 'NONE', #725, 6.999999999999999100 ) ;
#6534 = AXIS2_PLACEMENT_3D ( 'NONE', #3593, #6819, #410 ) ;
#6535 = DIRECTION ( 'NONE',  ( 1.000000000000000000, 0.0000000000000000000, 0.0000000000000000000 ) ) ;
#6536 = CARTESIAN_POINT ( 'NONE',  ( 8.774999999999998600, 96.00000000000000000, -13.50000000000000200 ) ) ;
#6537 = EDGE_LOOP ( 'NONE', ( #926, #2403, #3361, #3005 ) ) ;
#6538 = EDGE_CURVE ( 'NONE', #3717, #5423, #2901, .T. ) ;
#6539 = LINE ( 'NONE', #367, #1545 ) ;
#6540 = CARTESIAN_POINT ( 'NONE',  ( -1.249999999999999800, 84.68629150101523400, 2.024999999999999900 ) ) ;
#6541 = ORIENTED_EDGE ( 'NONE', *, *, #6538, .T. ) ;
#6542 = CARTESIAN_POINT ( 'NONE',  ( -1.249999999999999800, 16.00000000000000000, 8.000000000000000000 ) ) ;
#6543 = CARTESIAN_POINT ( 'NONE',  ( 4.724999999999991700, 112.0000000000000100, 16.00000000000000400 ) ) ;
#6544 = FACE_OUTER_BOUND ( 'NONE', #6148, .T. ) ;
#6545 = ORIENTED_EDGE ( 'NONE', *, *, #755, .T. ) ;
#6546 = ORIENTED_EDGE ( 'NONE', *, *, #2365, .T. ) ;
#6547 = DIRECTION ( 'NONE',  ( -1.826024711554532900E-016, 0.0000000000000000000, 1.000000000000000000 ) ) ;
#6548 = AXIS2_PLACEMENT_3D ( 'NONE', #5413, #2703, #6408 ) ;
#6549 = VERTEX_POINT ( 'NONE', #4989 ) ;
#6550 = CIRCLE ( 'NONE', #6140, 2.024999999999998100 ) ;
#6551 = CIRCLE ( 'NONE', #1008, 2.024999999999997200 ) ;
#6552 = EDGE_CURVE ( 'NONE', #3717, #4306, #2149, .T. ) ;
#6553 = DIRECTION ( 'NONE',  ( 3.652049423109066300E-016, 0.0000000000000000000, -1.000000000000000000 ) ) ;
#6554 = ORIENTED_EDGE ( 'NONE', *, *, #3649, .T. ) ;
#6555 = CARTESIAN_POINT ( 'NONE',  ( -1.249999999999999800, 104.4852813742385800, -8.485281374238564200 ) ) ;
#6556 = ORIENTED_EDGE ( 'NONE', *, *, #374, .F. ) ;
#6557 = ADVANCED_FACE ( 'NONE', ( #1913 ), #727, .T. ) ;
#6558 = CARTESIAN_POINT ( 'NONE',  ( -1.249999999999999800, 33.43189123190274600, 6.568108768097250300 ) ) ;
#6559 = ORIENTED_EDGE ( 'NONE', *, *, #1141, .T. ) ;
#6560 = AXIS2_PLACEMENT_3D ( 'NONE', #1213, #2752, #117 ) ;
#6561 = DIRECTION ( 'NONE',  ( 1.000000000000000000, -0.0000000000000000000, -0.0000000000000000000 ) ) ;
#6562 = VERTEX_POINT ( 'NONE', #2388 ) ;
#6563 = CARTESIAN_POINT ( 'NONE',  ( -1.249999999999999800, 96.00000000000000000, 6.999999999999999100 ) ) ;
#6564 = DIRECTION ( 'NONE',  ( 3.652049423109066300E-016, -0.0000000000000000000, -1.000000000000000000 ) ) ;
#6565 = DIRECTION ( 'NONE',  ( 1.000000000000000000, 0.0000000000000000000, 0.0000000000000000000 ) ) ;
#6566 = VERTEX_POINT ( 'NONE', #5567 ) ;
#6567 = CIRCLE ( 'NONE', #2657, 2.024999999999997200 ) ;
#6568 = DIRECTION ( 'NONE',  ( 1.000000000000000000, 0.0000000000000000000, 0.0000000000000000000 ) ) ;
#6569 = EDGE_CURVE ( 'NONE', #222, #2823, #4677, .T. ) ;
#6570 = APPROVAL ( #1467, 'UNSPECIFIED' ) ;
#6571 = VERTEX_POINT ( 'NONE', #2870 ) ;
#6572 = DIRECTION ( 'NONE',  ( 1.000000000000000000, -0.0000000000000000000, 0.0000000000000000000 ) ) ;
#6573 = LINE ( 'NONE', #5043, #3836 ) ;
#6574 = DIRECTION ( 'NONE',  ( 1.000000000000000000, 0.0000000000000000000, 0.0000000000000000000 ) ) ;
#6575 = EDGE_CURVE ( 'NONE', #4495, #5306, #1585, .T. ) ;
#6576 = CARTESIAN_POINT ( 'NONE',  ( 4.724999999999993400, 56.00000000000000700, 13.50000000000000000 ) ) ;
#6577 = DIRECTION ( 'NONE',  ( 0.0000000000000000000, 0.0000000000000000000, -1.000000000000000000 ) ) ;
#6578 = DIRECTION ( 'NONE',  ( 1.000000000000000000, -0.0000000000000000000, -0.0000000000000000000 ) ) ;
#6579 = DIRECTION ( 'NONE',  ( 0.0000000000000000000, 0.0000000000000000000, -1.000000000000000000 ) ) ;
#6580 = LINE ( 'NONE', #1889, #2145 ) ;
#6581 = ORIENTED_EDGE ( 'NONE', *, *, #3702, .T. ) ;
#6582 = PLANE ( 'NONE',  #4694 ) ;
#6583 = AXIS2_PLACEMENT_3D ( 'NONE', #16, #1577, #1653 ) ;
#6584 = VECTOR ( 'NONE', #6055, 1000.000000000000000 ) ;
#6585 = ORIENTED_EDGE ( 'NONE', *, *, #5554, .F. ) ;
#6586 = ADVANCED_FACE ( 'NONE', ( #3765 ), #3509, .F. ) ;
#6587 = VERTEX_POINT ( 'NONE', #1274 ) ;
#6588 = LINE ( 'NONE', #4101, #998 ) ;
#6589 = CARTESIAN_POINT ( 'NONE',  ( 4.724999999999991700, 24.00000000000000700, 16.00000000000000400 ) ) ;
#6590 = ORIENTED_EDGE ( 'NONE', *, *, #6144, .T. ) ;
#6591 = CARTESIAN_POINT ( 'NONE',  ( 6.750000000000000000, 32.00000000000000700, -13.50000000000000200 ) ) ;
#6592 = ORIENTED_EDGE ( 'NONE', *, *, #3477, .T. ) ;
#6593 = EDGE_CURVE ( 'NONE', #4127, #1035, #656, .T. ) ;
#6594 = FACE_OUTER_BOUND ( 'NONE', #3228, .T. ) ;
#6595 = CARTESIAN_POINT ( 'NONE',  ( 4.725000000000001400, 56.00000000000000700, -13.50000000000000200 ) ) ;
#6596 = DIRECTION ( 'NONE',  ( 0.0000000000000000000, 0.0000000000000000000, -1.000000000000000000 ) ) ;
#6597 = CARTESIAN_POINT ( 'NONE',  ( 4.725000000000003200, 88.00000000000002800, -15.99999999999999600 ) ) ;
#6598 = VERTEX_POINT ( 'NONE', #780 ) ;
#6599 = ORIENTED_EDGE ( 'NONE', *, *, #5653, .F. ) ;
#6600 = CARTESIAN_POINT ( 'NONE',  ( -1.249999999999999800, 38.56810876809724000, 6.568108768097240500 ) ) ;
#6601 = CARTESIAN_POINT ( 'NONE',  ( -1.249999999999999800, 16.94660985766419300, 9.917172606141328100 ) ) ;
#6602 = CARTESIAN_POINT ( 'NONE',  ( 8.774999999999998600, 88.00000000000002800, -15.99999999999999600 ) ) ;
#6603 = FACE_BOUND ( 'NONE', #1304, .T. ) ;
#6604 = EDGE_CURVE ( 'NONE', #6759, #5109, #3166, .T. ) ;
#6605 = AXIS2_PLACEMENT_3D ( 'NONE', #5407, #3801, #1170 ) ;
#6606 = CYLINDRICAL_SURFACE ( 'NONE', #924, 2.025000000000000800 ) ;
#6607 = ORIENTED_EDGE ( 'NONE', *, *, #2791, .F. ) ;
#6608 = CARTESIAN_POINT ( 'NONE',  ( -1.249999999999999800, 104.4852813742385800, -8.485281374238564200 ) ) ;
#6609 = DIRECTION ( 'NONE',  ( 0.0000000000000000000, -1.000000000000000000, 0.0000000000000000000 ) ) ;
#6610 = ORIENTED_EDGE ( 'NONE', *, *, #4579, .T. ) ;
#6611 = VERTEX_POINT ( 'NONE', #5775 ) ;
#6612 = DIRECTION ( 'NONE',  ( 0.0000000000000000000, 0.0000000000000000000, -1.000000000000000000 ) ) ;
#6613 = LINE ( 'NONE', #6393, #3617 ) ;
#6614 = CARTESIAN_POINT ( 'NONE',  ( -1.249999999999999800, 103.0533901423358100, 9.917172606141322800 ) ) ;
#6615 = ORIENTED_EDGE ( 'NONE', *, *, #407, .T. ) ;
#6616 = PERSON_AND_ORGANIZATION ( #2503, #6887 ) ;
#6617 = VERTEX_POINT ( 'NONE', #5542 ) ;
#6618 = VERTEX_POINT ( 'NONE', #3118 ) ;
#6619 = EDGE_CURVE ( 'NONE', #5231, #5934, #2068, .T. ) ;
#6620 = DIRECTION ( 'NONE',  ( 0.0000000000000000000, 0.0000000000000000000, -1.000000000000000000 ) ) ;
#6621 = CARTESIAN_POINT ( 'NONE',  ( -1.249999999999999800, 56.48528137423857500, -8.485281374238564200 ) ) ;
#6622 = EDGE_CURVE ( 'NONE', #6854, #5147, #6580, .T. ) ;
#6623 = CARTESIAN_POINT ( 'NONE',  ( -1.249999999999999800, 37.43189123190277500, -13.43189123190275300 ) ) ;
#6624 = LINE ( 'NONE', #542, #2362 ) ;
#6625 = ORIENTED_EDGE ( 'NONE', *, *, #4786, .F. ) ;
#6626 = ORIENTED_EDGE ( 'NONE', *, *, #3426, .F. ) ;
#6627 = ADVANCED_FACE ( 'NONE', ( #4093 ), #2313, .F. ) ;
#6628 = DIRECTION ( 'NONE',  ( -1.000000000000000000, 0.0000000000000000000, 0.0000000000000000000 ) ) ;
#6629 = AXIS2_PLACEMENT_3D ( 'NONE', #1177, #137, #6511 ) ;
#6630 = DIRECTION ( 'NONE',  ( 1.000000000000000000, -0.0000000000000000000, -0.0000000000000000000 ) ) ;
#6631 = DIRECTION ( 'NONE',  ( 0.0000000000000000000, 0.0000000000000000000, -1.000000000000000000 ) ) ;
#6632 = CARTESIAN_POINT ( 'NONE',  ( 8.774999999999987900, 104.0000000000000100, 13.50000000000000000 ) ) ;
#6633 = EDGE_CURVE ( 'NONE', #5250, #4482, #3500, .T. ) ;
#6634 = CIRCLE ( 'NONE', #3072, 6.999999999999999100 ) ;
#6635 = LINE ( 'NONE', #4029, #3216 ) ;
#6636 = DIRECTION ( 'NONE',  ( 0.0000000000000000000, 1.370645709413774200E-014, -1.000000000000000000 ) ) ;
#6637 = DIRECTION ( 'NONE',  ( 1.000000000000000000, -0.0000000000000000000, -0.0000000000000000000 ) ) ;
#6638 = EDGE_LOOP ( 'NONE', ( #3793, #5392 ) ) ;
#6639 = VECTOR ( 'NONE', #5925, 1000.000000000000000 ) ;
#6640 = VERTEX_POINT ( 'NONE', #4038 ) ;
#6641 = DIRECTION ( 'NONE',  ( 3.652049423109066300E-016, -0.0000000000000000000, -1.000000000000000000 ) ) ;
#6642 = DIRECTION ( 'NONE',  ( 1.000000000000000000, -0.0000000000000000000, 0.0000000000000000000 ) ) ;
#6643 = AXIS2_PLACEMENT_3D ( 'NONE', #3779, #514, #6410 ) ;
#6644 = ORIENTED_EDGE ( 'NONE', *, *, #5146, .T. ) ;
#6645 = EDGE_LOOP ( 'NONE', ( #4988, #5447, #1287, #3701, #3657 ) ) ;
#6646 = EDGE_CURVE ( 'NONE', #5068, #1950, #2733, .T. ) ;
#6647 = DIRECTION ( 'NONE',  ( 0.0000000000000000000, 0.0000000000000000000, -1.000000000000000000 ) ) ;
#6648 = LINE ( 'NONE', #5980, #220 ) ;
#6649 = CARTESIAN_POINT ( 'NONE',  ( 6.749999999999989300, 40.00000000000000700, 16.00000000000000400 ) ) ;
#6650 = VERTEX_POINT ( 'NONE', #825 ) ;
#6651 = CARTESIAN_POINT ( 'NONE',  ( 8.774999999999987900, 48.00000000000000700, 16.00000000000000400 ) ) ;
#6652 = DIRECTION ( 'NONE',  ( 1.000000000000000000, -0.0000000000000000000, 0.0000000000000000000 ) ) ;
#6653 = CARTESIAN_POINT ( 'NONE',  ( 1.250000000000000200, 96.00000000000000000, 0.0000000000000000000 ) ) ;
#6654 = AXIS2_PLACEMENT_3D ( 'NONE', #5552, #5573, #6099 ) ;
#6655 = ORIENTED_EDGE ( 'NONE', *, *, #3260, .T. ) ;
#6656 = DIRECTION ( 'NONE',  ( 0.0000000000000000000, 0.7071067811865482400, -0.7071067811865469100 ) ) ;
#6657 = DIRECTION ( 'NONE',  ( 3.652049423109066300E-016, 0.0000000000000000000, -1.000000000000000000 ) ) ;
#6658 = EDGE_LOOP ( 'NONE', ( #3017, #4728, #1125, #3308 ) ) ;
#6659 = DIRECTION ( 'NONE',  ( 0.0000000000000000000, 0.0000000000000000000, 1.000000000000000000 ) ) ;
#6660 = CARTESIAN_POINT ( 'NONE',  ( 1.250000000000000200, 24.00000000000000000, 0.0000000000000000000 ) ) ;
#6661 = DIRECTION ( 'NONE',  ( 1.000000000000000000, -0.0000000000000000000, 0.0000000000000000000 ) ) ;
#6662 = FACE_OUTER_BOUND ( 'NONE', #3870, .T. ) ;
#6663 = DIRECTION ( 'NONE',  ( 1.000000000000000000, -0.0000000000000000000, -0.0000000000000000000 ) ) ;
#6664 = CARTESIAN_POINT ( 'NONE',  ( -1.249999999999999800, 40.94660985766419300, 9.917172606141328100 ) ) ;
#6665 = ORIENTED_EDGE ( 'NONE', *, *, #1366, .T. ) ;
#6666 = ORIENTED_EDGE ( 'NONE', *, *, #2911, .T. ) ;
#6667 = ADVANCED_FACE ( 'NONE', ( #5239 ), #5589, .F. ) ;
#6668 = EDGE_CURVE ( 'NONE', #931, #6506, #2062, .T. ) ;
#6669 = ORIENTED_EDGE ( 'NONE', *, *, #1968, .T. ) ;
#6670 = CARTESIAN_POINT ( 'NONE',  ( -1.249999999999999800, 88.94660985766421400, -9.917172606141319200 ) ) ;
#6671 = DIRECTION ( 'NONE',  ( -1.000000000000000000, 0.0000000000000000000, 0.0000000000000000000 ) ) ;
#6672 = CARTESIAN_POINT ( 'NONE',  ( -1.249999999999999800, 79.99999999999998600, 8.000000000000000000 ) ) ;
#6673 = AXIS2_PLACEMENT_3D ( 'NONE', #287, #812, #2449 ) ;
#6674 = EDGE_CURVE ( 'NONE', #4135, #178, #6845, .T. ) ;
#6675 = ORIENTED_EDGE ( 'NONE', *, *, #6072, .F. ) ;
#6676 = DIRECTION ( 'NONE',  ( 1.000000000000000000, -0.0000000000000000000, 0.0000000000000000000 ) ) ;
#6677 = ORIENTED_EDGE ( 'NONE', *, *, #1192, .F. ) ;
#6678 = CARTESIAN_POINT ( 'NONE',  ( 0.0000000000000000000, 120.0000000000000000, 16.00000000000000000 ) ) ;
#6679 = CIRCLE ( 'NONE', #4673, 2.024999999999997200 ) ;
#6680 = CARTESIAN_POINT ( 'NONE',  ( 10.75000000000000400, 0.0000000000000000000, 13.50000000000000000 ) ) ;
#6681 = CYLINDRICAL_SURFACE ( 'NONE', #1219, 2.024999999999999000 ) ;
#6682 = ORIENTED_EDGE ( 'NONE', *, *, #3829, .T. ) ;
#6683 = AXIS2_PLACEMENT_3D ( 'NONE', #3868, #3468, #1315 ) ;
#6684 = EDGE_LOOP ( 'NONE', ( #6294, #2319, #4461, #6297 ) ) ;
#6685 = ORIENTED_EDGE ( 'NONE', *, *, #5820, .F. ) ;
#6686 = CARTESIAN_POINT ( 'NONE',  ( 8.774999999999987900, 72.00000000000001400, 16.00000000000000400 ) ) ;
#6687 = FACE_OUTER_BOUND ( 'NONE', #3074, .T. ) ;
#6688 = CARTESIAN_POINT ( 'NONE',  ( 6.749999999999989300, 112.0000000000000100, 16.00000000000000400 ) ) ;
#6689 = EDGE_CURVE ( 'NONE', #223, #614, #1164, .T. ) ;
#6690 = ORIENTED_EDGE ( 'NONE', *, *, #1, .F. ) ;
#6691 = EDGE_LOOP ( 'NONE', ( #2756, #5483, #6231, #447 ) ) ;
#6692 = LINE ( 'NONE', #2294, #5260 ) ;
#6693 = CARTESIAN_POINT ( 'NONE',  ( 1.250000000000000200, 37.43189123190266800, 13.43189123190281200 ) ) ;
#6694 = CARTESIAN_POINT ( 'NONE',  ( 4.724999999999991700, 56.00000000000000700, 16.00000000000000400 ) ) ;
#6695 = AXIS2_PLACEMENT_3D ( 'NONE', #2126, #1072, #3763 ) ;
#6696 = ORIENTED_EDGE ( 'NONE', *, *, #6646, .F. ) ;
#6697 = ORIENTED_EDGE ( 'NONE', *, *, #2996, .T. ) ;
#6698 = ADVANCED_FACE ( 'NONE', ( #2893 ), #983, .F. ) ;
#6699 = DIRECTION ( 'NONE',  ( 3.652049423109066300E-016, 0.0000000000000000000, -1.000000000000000000 ) ) ;
#6700 = DIRECTION ( 'NONE',  ( 1.826024711554532900E-016, -0.0000000000000000000, 1.000000000000000000 ) ) ;
#6701 = FACE_BOUND ( 'NONE', #2453, .T. ) ;
#6702 = DIRECTION ( 'NONE',  ( -1.000000000000000000, 0.0000000000000000000, 0.0000000000000000000 ) ) ;
#6703 = DIRECTION ( 'NONE',  ( 0.0000000000000000000, -0.7071067811865463500, -0.7071067811865487900 ) ) ;
#6704 = CARTESIAN_POINT ( 'NONE',  ( 10.75000000000000400, 120.0000000000000000, -13.50000000000000000 ) ) ;
#6705 = ORIENTED_EDGE ( 'NONE', *, *, #1746, .F. ) ;
#6706 = CARTESIAN_POINT ( 'NONE',  ( -1.249999999999999800, 31.05339014233581100, -9.917172606141329900 ) ) ;
#6707 = VERTEX_POINT ( 'NONE', #3737 ) ;
#6708 = CYLINDRICAL_SURFACE ( 'NONE', #1233, 2.025000000000002600 ) ;
#6709 = EDGE_CURVE ( 'NONE', #578, #2666, #6319, .T. ) ;
#6710 = AXIS2_PLACEMENT_3D ( 'NONE', #1761, #2889, #1862 ) ;
#6711 = CIRCLE ( 'NONE', #529, 2.024999999999999900 ) ;
#6712 = VECTOR ( 'NONE', #4570, 1000.000000000000000 ) ;
#6713 = ORIENTED_EDGE ( 'NONE', *, *, #1633, .F. ) ;
#6714 = DIRECTION ( 'NONE',  ( -0.0000000000000000000, 0.7071067811865450200, 0.7071067811865500200 ) ) ;
#6715 = CARTESIAN_POINT ( 'NONE',  ( 6.750000000000000900, 104.0000000000000100, -15.99999999999999600 ) ) ;
#6716 = ORIENTED_EDGE ( 'NONE', *, *, #5020, .F. ) ;
#6717 = VECTOR ( 'NONE', #5661, 1000.000000000000000 ) ;
#6718 = CYLINDRICAL_SURFACE ( 'NONE', #2830, 2.024999999999998100 ) ;
#6719 = ORIENTED_EDGE ( 'NONE', *, *, #3019, .T. ) ;
#6720 = EDGE_CURVE ( 'NONE', #2390, #4863, #1661, .T. ) ;
#6721 = DIRECTION ( 'NONE',  ( 1.000000000000000000, -0.0000000000000000000, -0.0000000000000000000 ) ) ;
#6722 = VERTEX_POINT ( 'NONE', #11 ) ;
#6723 = EDGE_LOOP ( 'NONE', ( #3803, #6249, #1011, #1057, #4208, #2565, #1850, #492 ) ) ;
#6724 = LINE ( 'NONE', #2147, #1465 ) ;
#6725 = LINE ( 'NONE', #3393, #2534 ) ;
#6726 = CARTESIAN_POINT ( 'NONE',  ( -1.249999999999999800, 87.51471862576144600, -8.485281374238566000 ) ) ;
#6727 = EDGE_LOOP ( 'NONE', ( #3513, #912, #404, #5042 ) ) ;
#6728 = DIRECTION ( 'NONE',  ( 3.652049423109066300E-016, -0.0000000000000000000, -1.000000000000000000 ) ) ;
#6729 = AXIS2_PLACEMENT_3D ( 'NONE', #341, #3569, #6156 ) ;
#6730 = EDGE_LOOP ( 'NONE', ( #4202, #637, #1955, #3090 ) ) ;
#6731 = DIRECTION ( 'NONE',  ( 1.000000000000000000, -0.0000000000000000000, 0.0000000000000000000 ) ) ;
#6732 = DIRECTION ( 'NONE',  ( -1.000000000000000000, 0.0000000000000000000, -0.0000000000000000000 ) ) ;
#6733 = CARTESIAN_POINT ( 'NONE',  ( -1.249999999999999800, 9.917172606141319200, 7.053390142335802100 ) ) ;
#6734 = LINE ( 'NONE', #4452, #5218 ) ;
#6735 = CARTESIAN_POINT ( 'NONE',  ( 6.749999999999990200, 8.000000000000007100, 13.50000000000000000 ) ) ;
#6736 = EDGE_LOOP ( 'NONE', ( #1214, #759, #6207, #6719 ) ) ;
#6737 = ORIENTED_EDGE ( 'NONE', *, *, #1924, .F. ) ;
#6738 = CARTESIAN_POINT ( 'NONE',  ( -1.249999999999999800, 15.51471862576143900, -8.485281374238566000 ) ) ;
#6739 = DATE_TIME_ROLE ( 'creation_date' ) ;
#6740 = DIRECTION ( 'NONE',  ( 3.652049423109066300E-016, 0.0000000000000000000, -1.000000000000000000 ) ) ;
#6741 = ADVANCED_FACE ( 'NONE', ( #2231 ), #4511, .F. ) ;
#6742 = AXIS2_PLACEMENT_3D ( 'NONE', #6221, #6858, #4624 ) ;
#6743 = ORIENTED_EDGE ( 'NONE', *, *, #4647, .T. ) ;
#6744 = EDGE_CURVE ( 'NONE', #3813, #1687, #5828, .T. ) ;
#6745 = DIRECTION ( 'NONE',  ( 1.000000000000000000, -0.0000000000000000000, 0.0000000000000000000 ) ) ;
#6746 = CARTESIAN_POINT ( 'NONE',  ( 6.749999999999989300, 112.0000000000000100, 16.00000000000000400 ) ) ;
#6747 = ORIENTED_EDGE ( 'NONE', *, *, #2578, .T. ) ;
#6748 = DIRECTION ( 'NONE',  ( 1.000000000000000000, -0.0000000000000000000, -0.0000000000000000000 ) ) ;
#6749 = CARTESIAN_POINT ( 'NONE',  ( 6.749999999999989300, 32.00000000000000700, 16.00000000000000400 ) ) ;
#6750 = EDGE_CURVE ( 'NONE', #6804, #2264, #3495, .T. ) ;
#6751 = AXIS2_PLACEMENT_3D ( 'NONE', #963, #4697, #1508 ) ;
#6752 = DIRECTION ( 'NONE',  ( 3.652049423109066300E-016, -0.0000000000000000000, -1.000000000000000000 ) ) ;
#6753 = CIRCLE ( 'NONE', #2990, 2.024999999999998100 ) ;
#6754 = VERTEX_POINT ( 'NONE', #4771 ) ;
#6755 = CARTESIAN_POINT ( 'NONE',  ( -1.249999999999999800, 120.0000000000000000, 16.00000000000000000 ) ) ;
#6756 = DIRECTION ( 'NONE',  ( 0.0000000000000000000, -1.000000000000000000, 0.0000000000000000000 ) ) ;
#6757 = CARTESIAN_POINT ( 'NONE',  ( 4.725000000000001400, 40.00000000000000700, -13.50000000000000200 ) ) ;
#6758 = CARTESIAN_POINT ( 'NONE',  ( 6.750000000000000900, 24.00000000000000700, -15.99999999999999600 ) ) ;
#6759 = VERTEX_POINT ( 'NONE', #1601 ) ;
#6760 = DIRECTION ( 'NONE',  ( 3.652049423109066300E-016, -0.0000000000000000000, -1.000000000000000000 ) ) ;
#6761 = EDGE_CURVE ( 'NONE', #2133, #5267, #4337, .T. ) ;
#6762 = EDGE_CURVE ( 'NONE', #1020, #4620, #5084, .T. ) ;
#6763 = CYLINDRICAL_SURFACE ( 'NONE', #3486, 2.024999999999998100 ) ;
#6764 = CIRCLE ( 'NONE', #3331, 2.024999999999997200 ) ;
#6765 = ORIENTED_EDGE ( 'NONE', *, *, #3397, .T. ) ;
#6766 = DIRECTION ( 'NONE',  ( 3.652049423109066300E-016, 0.0000000000000000000, -1.000000000000000000 ) ) ;
#6767 = ORIENTED_EDGE ( 'NONE', *, *, #6072, .T. ) ;
#6768 = CARTESIAN_POINT ( 'NONE',  ( 6.749999999999989300, 16.00000000000000700, 16.00000000000000400 ) ) ;
#6769 = AXIS2_PLACEMENT_3D ( 'NONE', #2637, #6394, #1093 ) ;
#6770 = EDGE_CURVE ( 'NONE', #4967, #6450, #3073, .T. ) ;
#6771 = ADVANCED_FACE ( 'NONE', ( #645 ), #6840, .F. ) ;
#6772 = DIRECTION ( 'NONE',  ( 0.0000000000000000000, -0.7071067811865487900, -0.7071067811865463500 ) ) ;
#6773 = CARTESIAN_POINT ( 'NONE',  ( -46.75000000000000000, 110.0828273938586900, -7.053390142335795900 ) ) ;
#6774 = CARTESIAN_POINT ( 'NONE',  ( 4.724999999999991700, 8.000000000000007100, 16.00000000000000400 ) ) ;
#6775 = VERTEX_POINT ( 'NONE', #757 ) ;
#6776 = ORIENTED_EDGE ( 'NONE', *, *, #1610, .T. ) ;
#6777 = CARTESIAN_POINT ( 'NONE',  ( -46.75000000000000000, 111.5147186257614300, 8.485281374238582000 ) ) ;
#6778 = DIRECTION ( 'NONE',  ( 0.0000000000000000000, 0.7071067811865487900, -0.7071067811865463500 ) ) ;
#6779 = CIRCLE ( 'NONE', #4848, 2.024999999999998100 ) ;
#6780 = AXIS2_PLACEMENT_3D ( 'NONE', #2193, #1648, #8 ) ;
#6781 = ORIENTED_EDGE ( 'NONE', *, *, #3544, .T. ) ;
#6782 = EDGE_LOOP ( 'NONE', ( #3865, #4071, #2641, #3169 ) ) ;
#6783 = MECHANICAL_CONTEXT ( 'NONE', #2498, 'mechanical' ) ;
#6784 = FACE_OUTER_BOUND ( 'NONE', #3826, .T. ) ;
#6785 = EDGE_CURVE ( 'NONE', #6234, #1891, #5583, .T. ) ;
#6786 = DIRECTION ( 'NONE',  ( -1.000000000000000000, 0.0000000000000000000, 0.0000000000000000000 ) ) ;
#6787 = CIRCLE ( 'NONE', #814, 2.024999999999990100 ) ;
#6788 = FACE_BOUND ( 'NONE', #4815, .T. ) ;
#6789 = EDGE_LOOP ( 'NONE', ( #55, #5223, #1461, #3685 ) ) ;
#6790 = ORIENTED_EDGE ( 'NONE', *, *, #6604, .F. ) ;
#6791 = EDGE_LOOP ( 'NONE', ( #4163, #1892, #1198, #386 ) ) ;
#6792 = DIRECTION ( 'NONE',  ( -1.000000000000000000, 0.0000000000000000000, 0.0000000000000000000 ) ) ;
#6793 = LINE ( 'NONE', #39, #5360 ) ;
#6794 = DIRECTION ( 'NONE',  ( 1.000000000000000000, 0.0000000000000000000, 1.826024711554532900E-016 ) ) ;
#6795 = AXIS2_PLACEMENT_3D ( 'NONE', #6121, #2844, #4463 ) ;
#6796 = FACE_OUTER_BOUND ( 'NONE', #3671, .T. ) ;
#6797 = VERTEX_POINT ( 'NONE', #5627 ) ;
#6798 = ORIENTED_EDGE ( 'NONE', *, *, #6136, .F. ) ;
#6799 = ORIENTED_EDGE ( 'NONE', *, *, #1192, .T. ) ;
#6800 = VECTOR ( 'NONE', #444, 1000.000000000000000 ) ;
#6801 = CARTESIAN_POINT ( 'NONE',  ( 4.724999999999991700, 16.00000000000000700, 16.00000000000000400 ) ) ;
#6802 = VECTOR ( 'NONE', #1387, 1000.000000000000000 ) ;
#6803 = DIRECTION ( 'NONE',  ( 3.652049423109066300E-016, -0.0000000000000000000, -1.000000000000000000 ) ) ;
#6804 = VERTEX_POINT ( 'NONE', #2371 ) ;
#6805 = ORIENTED_EDGE ( 'NONE', *, *, #1599, .T. ) ;
#6806 = EDGE_CURVE ( 'NONE', #435, #369, #4750, .T. ) ;
#6807 = AXIS2_PLACEMENT_3D ( 'NONE', #5981, #3325, #2748 ) ;
#6808 = DIRECTION ( 'NONE',  ( -1.000000000000000000, 0.0000000000000000000, 0.0000000000000000000 ) ) ;
#6809 = CARTESIAN_POINT ( 'NONE',  ( 6.750000000000000900, 104.0000000000000100, -15.99999999999999600 ) ) ;
#6810 = LINE ( 'NONE', #4924, #3556 ) ;
#6811 = FACE_OUTER_BOUND ( 'NONE', #5902, .T. ) ;
#6812 = APPLICATION_CONTEXT ( 'configuration controlled 3d designs of mechanical parts and assemblies' ) ;
#6813 = ADVANCED_FACE ( 'NONE', ( #3327 ), #5754, .F. ) ;
#6814 = ORIENTED_EDGE ( 'NONE', *, *, #4265, .F. ) ;
#6815 = AXIS2_PLACEMENT_3D ( 'NONE', #5658, #2475, #5605 ) ;
#6816 = EDGE_CURVE ( 'NONE', #280, #6562, #241, .T. ) ;
#6817 = CARTESIAN_POINT ( 'NONE',  ( 8.774999999999998600, 32.00000000000000700, -13.50000000000000200 ) ) ;
#6818 = DIRECTION ( 'NONE',  ( 1.000000000000000000, -0.0000000000000000000, -0.0000000000000000000 ) ) ;
#6819 = DIRECTION ( 'NONE',  ( 0.0000000000000000000, 0.7071067811865537900, 0.7071067811865412400 ) ) ;
#6820 = ORIENTED_EDGE ( 'NONE', *, *, #3362, .F. ) ;
#6821 = ADVANCED_FACE ( 'NONE', ( #4174 ), #566, .F. ) ;
#6822 = ORIENTED_EDGE ( 'NONE', *, *, #1799, .T. ) ;
#6823 = AXIS2_PLACEMENT_3D ( 'NONE', #4157, #6855, #457 ) ;
#6824 = DIRECTION ( 'NONE',  ( 3.652049423109066300E-016, -0.0000000000000000000, -1.000000000000000000 ) ) ;
#6825 = ORIENTED_EDGE ( 'NONE', *, *, #2620, .F. ) ;
#6826 = DIRECTION ( 'NONE',  ( -1.000000000000000000, -0.0000000000000000000, -0.0000000000000000000 ) ) ;
#6827 = CARTESIAN_POINT ( 'NONE',  ( 6.749999999999989300, 104.0000000000000100, 16.00000000000000400 ) ) ;
#6828 = EDGE_CURVE ( 'NONE', #2728, #4442, #4250, .T. ) ;
#6829 = LINE ( 'NONE', #3924, #68 ) ;
#6830 = EDGE_LOOP ( 'NONE', ( #3153, #5157 ) ) ;
#6831 = VECTOR ( 'NONE', #5471, 999.9999999999998900 ) ;
#6832 = DIRECTION ( 'NONE',  ( 0.0000000000000000000, 0.0000000000000000000, -1.000000000000000000 ) ) ;
#6833 = CARTESIAN_POINT ( 'NONE',  ( 6.750000000000000000, 56.00000000000000700, -13.50000000000000200 ) ) ;
#6834 = AXIS2_PLACEMENT_3D ( 'NONE', #158, #3417, #4504 ) ;
#6835 = ORIENTED_EDGE ( 'NONE', *, *, #2888, .F. ) ;
#6836 = CARTESIAN_POINT ( 'NONE',  ( 1.250000000000000200, 39.51471862576143900, -8.485281374238566000 ) ) ;
#6837 = CARTESIAN_POINT ( 'NONE',  ( -1.249999999999999800, 0.0000000000000000000, 0.0000000000000000000 ) ) ;
#6838 = DIRECTION ( 'NONE',  ( 1.826024711554532900E-016, -0.0000000000000000000, 1.000000000000000000 ) ) ;
#6839 = CIRCLE ( 'NONE', #3424, 2.024999999999998100 ) ;
#6840 = CYLINDRICAL_SURFACE ( 'NONE', #5986, 2.025000000000000800 ) ;
#6841 = EDGE_CURVE ( 'NONE', #2272, #177, #5671, .T. ) ;
#6842 = AXIS2_PLACEMENT_3D ( 'NONE', #3059, #6826, #3600 ) ;
#6843 = CARTESIAN_POINT ( 'NONE',  ( -1.249999999999999800, 57.91717260614131400, 7.053390142335818100 ) ) ;
#6844 = CARTESIAN_POINT ( 'NONE',  ( 1.250000000000000200, 111.5147186257614300, -8.485281374238553600 ) ) ;
#6845 = LINE ( 'NONE', #988, #2727 ) ;
#6846 = EDGE_LOOP ( 'NONE', ( #3501, #2004 ) ) ;
#6847 = CARTESIAN_POINT ( 'NONE',  ( 6.749999999999990200, 24.00000000000000700, 13.50000000000000000 ) ) ;
#6848 = CIRCLE ( 'NONE', #4589, 2.024999999999999000 ) ;
#6849 = DIRECTION ( 'NONE',  ( -1.826024711554532900E-016, 0.0000000000000000000, 1.000000000000000000 ) ) ;
#6850 = DIRECTION ( 'NONE',  ( 3.652049423109066300E-016, -0.0000000000000000000, -1.000000000000000000 ) ) ;
#6851 = EDGE_CURVE ( 'NONE', #4588, #3783, #403, .T. ) ;
#6852 = ORIENTED_EDGE ( 'NONE', *, *, #467, .F. ) ;
#6853 = ORIENTED_EDGE ( 'NONE', *, *, #4831, .F. ) ;
#6854 = VERTEX_POINT ( 'NONE', #56 ) ;
#6855 = DIRECTION ( 'NONE',  ( 1.000000000000000000, -0.0000000000000000000, 0.0000000000000000000 ) ) ;
#6856 = CYLINDRICAL_SURFACE ( 'NONE', #2056, 2.024999999999998100 ) ;
#6857 = DIRECTION ( 'NONE',  ( -1.000000000000000000, 0.0000000000000000000, 0.0000000000000000000 ) ) ;
#6858 = DIRECTION ( 'NONE',  ( 0.0000000000000000000, -0.7071067811865463500, 0.7071067811865487900 ) ) ;
#6859 = CYLINDRICAL_SURFACE ( 'NONE', #316, 2.024999999999999000 ) ;
#6860 = AXIS2_PLACEMENT_3D ( 'NONE', #5405, #6378, #3224 ) ;
#6861 = ORIENTED_EDGE ( 'NONE', *, *, #323, .F. ) ;
#6862 = ORIENTED_EDGE ( 'NONE', *, *, #2066, .F. ) ;
#6863 = EDGE_CURVE ( 'NONE', #6640, #1288, #1411, .T. ) ;
#6864 = CYLINDRICAL_SURFACE ( 'NONE', #4498, 2.024999999999990100 ) ;
#6865 = CARTESIAN_POINT ( 'NONE',  ( -1.249999999999999800, 36.68629150101524100, 2.024999999999999900 ) ) ;
#6866 = DIRECTION ( 'NONE',  ( 0.0000000000000000000, 0.0000000000000000000, -1.000000000000000000 ) ) ;
#6867 = DIRECTION ( 'NONE',  ( 0.0000000000000000000, 0.0000000000000000000, -1.000000000000000000 ) ) ;
#6868 = ORIENTED_EDGE ( 'NONE', *, *, #5326, .T. ) ;
#6869 = CARTESIAN_POINT ( 'NONE',  ( -1.250000000000001100, 111.5147186257614300, -8.485281374238553600 ) ) ;
#6870 = ORIENTED_EDGE ( 'NONE', *, *, #881, .F. ) ;
#6871 = AXIS2_PLACEMENT_3D ( 'NONE', #3323, #5439, #1785 ) ;
#6872 = CARTESIAN_POINT ( 'NONE',  ( 4.724999999999991700, 88.00000000000002800, 16.00000000000000400 ) ) ;
#6873 = LINE ( 'NONE', #2644, #940 ) ;
#6874 = ORIENTED_EDGE ( 'NONE', *, *, #3724, .T. ) ;
#6875 = EDGE_LOOP ( 'NONE', ( #3539, #3478, #1949, #1564 ) ) ;
#6876 = EDGE_CURVE ( 'NONE', #6288, #5366, #2987, .T. ) ;
#6877 = EDGE_LOOP ( 'NONE', ( #1199, #2305, #3027, #2250 ) ) ;
#6878 = CARTESIAN_POINT ( 'NONE',  ( 8.774999999999987900, 112.0000000000000100, 16.00000000000000400 ) ) ;
#6879 = ADVANCED_FACE ( 'NONE', ( #6074 ), #4597, .F. ) ;
#6880 = DIRECTION ( 'NONE',  ( 1.000000000000000000, -0.0000000000000000000, -0.0000000000000000000 ) ) ;
#6881 = LINE ( 'NONE', #4535, #4554 ) ;
#6882 = FACE_BOUND ( 'NONE', #1062, .T. ) ;
#6883 = LINE ( 'NONE', #1156, #6285 ) ;
#6884 = FACE_OUTER_BOUND ( 'NONE', #6108, .T. ) ;
#6885 = DIRECTION ( 'NONE',  ( 1.000000000000000000, 0.0000000000000000000, 0.0000000000000000000 ) ) ;
#6886 = CARTESIAN_POINT ( 'NONE',  ( 1.250000000000000200, 85.43189123190266800, 13.43189123190281200 ) ) ;
#6887 = ORGANIZATION ( 'UNSPECIFIED', 'UNSPECIFIED', '' ) ;
#6888 = ORIENTED_EDGE ( 'NONE', *, *, #752, .F. ) ;
#6889 = DIRECTION ( 'NONE',  ( 1.000000000000000000, -0.0000000000000000000, -0.0000000000000000000 ) ) ;
#6890 = ADVANCED_FACE ( 'NONE', ( #6662 ), #1332, .F. ) ;
#6891 = AXIS2_PLACEMENT_3D ( 'NONE', #5704, #5296, #5889 ) ;
#6892 = CIRCLE ( 'NONE', #5402, 2.024999999999998100 ) ;
#6893 = LINE ( 'NONE', #6281, #5461 ) ;
#6894 = ORIENTED_EDGE ( 'NONE', *, *, #4279, .F. ) ;
#6895 = ORIENTED_EDGE ( 'NONE', *, *, #1167, .F. ) ;
#6896 = VERTEX_POINT ( 'NONE', #4836 ) ;
#6897 = CARTESIAN_POINT ( 'NONE',  ( 4.724999999999991700, 96.00000000000000000, 16.00000000000000400 ) ) ;
#6898 = DIRECTION ( 'NONE',  ( 0.0000000000000000000, 0.0000000000000000000, -1.000000000000000000 ) ) ;
#6899 = CIRCLE ( 'NONE', #2256, 6.999999999999999100 ) ;
#6900 = EDGE_CURVE ( 'NONE', #1265, #4170, #6753, .T. ) ;
#6901 = ORIENTED_EDGE ( 'NONE', *, *, #6806, .T. ) ;
#6902 = EDGE_CURVE ( 'NONE', #4466, #6058, #2057, .T. ) ;
#6903 = CARTESIAN_POINT ( 'NONE',  ( -1.249999999999999800, 13.43189123190279200, -13.43189123190274400 ) ) ;
#6904 = CARTESIAN_POINT ( 'NONE',  ( 6.749999999999990200, 96.00000000000000000, 13.50000000000000000 ) ) ;
#6905 = ORIENTED_EDGE ( 'NONE', *, *, #4531, .T. ) ;
#6906 = DIRECTION ( 'NONE',  ( 1.826024711554532900E-016, -0.0000000000000000000, 1.000000000000000000 ) ) ;
#6907 = CARTESIAN_POINT ( 'NONE',  ( -1.249999999999999800, 63.51471862576143900, -10.51028137423856600 ) ) ;
#6908 = CARTESIAN_POINT ( 'NONE',  ( -1.249999999999999800, 37.43189123190266800, 13.43189123190281200 ) ) ;
#6909 = CYLINDRICAL_SURFACE ( 'NONE', #6007, 2.024999999999990100 ) ;
#6910 = ORIENTED_EDGE ( 'NONE', *, *, #4129, .F. ) ;
#6911 = AXIS2_PLACEMENT_3D ( 'NONE', #4577, #5643, #6152 ) ;
#6912 = ORIENTED_EDGE ( 'NONE', *, *, #3545, .F. ) ;
#6913 = EDGE_CURVE ( 'NONE', #5997, #4733, #6539, .T. ) ;
#6914 = CARTESIAN_POINT ( 'NONE',  ( 1.250000000000000200, 10.56810876809729600, -10.56810876809726100 ) ) ;
#6915 = DIRECTION ( 'NONE',  ( 1.000000000000000000, -0.0000000000000000000, 0.0000000000000000000 ) ) ;
#6916 = CARTESIAN_POINT ( 'NONE',  ( -1.249999999999999800, 87.51471862576144600, -8.485281374238566000 ) ) ;
#6917 = VERTEX_POINT ( 'NONE', #965 ) ;
#6918 = ORIENTED_EDGE ( 'NONE', *, *, #2248, .F. ) ;
#6919 = CARTESIAN_POINT ( 'NONE',  ( -1.250000000000001100, 8.485281374238571300, -8.485281374238566000 ) ) ;
#6920 = CARTESIAN_POINT ( 'NONE',  ( 1.250000000000000200, 14.56810876809725000, -6.568108768097241400 ) ) ;
#6921 = AXIS2_PLACEMENT_3D ( 'NONE', #4357, #5961, #5936 ) ;
#6922 = FACE_OUTER_BOUND ( 'NONE', #6278, .T. ) ;
#6923 = CARTESIAN_POINT ( 'NONE',  ( 1.250000000000000200, 11.31370849898475900, 0.0000000000000000000 ) ) ;
#6924 = DIRECTION ( 'NONE',  ( 0.0000000000000000000, -0.7071067811865487900, -0.7071067811865463500 ) ) ;
#6925 = VERTEX_POINT ( 'NONE', #1486 ) ;
#6926 = EDGE_CURVE ( 'NONE', #5147, #2832, #3632, .T. ) ;
#6927 = ADVANCED_FACE ( 'NONE', ( #2363 ), #4151, .T. ) ;
#6928 = CARTESIAN_POINT ( 'NONE',  ( -1.250000000000001100, 9.431891231902765700, 6.568108768097240500 ) ) ;
#6929 = CARTESIAN_POINT ( 'NONE',  ( 1.250000000000000200, 8.485281374238571300, -10.51028137423856600 ) ) ;
#6930 = ORIENTED_EDGE ( 'NONE', *, *, #4667, .F. ) ;
#6931 = DIRECTION ( 'NONE',  ( 1.000000000000000000, -0.0000000000000000000, 0.0000000000000000000 ) ) ;
#6932 = CARTESIAN_POINT ( 'NONE',  ( 8.774999999999987900, 48.00000000000000700, 16.00000000000000400 ) ) ;
#6933 = AXIS2_PLACEMENT_3D ( 'NONE', #3925, #5598, #4468 ) ;
#6934 = ORIENTED_EDGE ( 'NONE', *, *, #1131, .T. ) ;
#6935 = FACE_OUTER_BOUND ( 'NONE', #1152, .T. ) ;
#6936 = FACE_BOUND ( 'NONE', #1395, .T. ) ;
#6937 = VERTEX_POINT ( 'NONE', #3541 ) ;
ENDSEC;
END-ISO-10303-21;
