ISO-10303-21;
HEADER;
FILE_DESCRIPTION (( 'STEP AP203' ),
    '1' );
FILE_NAME ('1516-4008-0100.STEP',
    '2022-07-13T20:55:16',
    ( '' ),
    ( '' ),
    'SwSTEP 2.0',
    'SolidWorks 2016',
    '' );
FILE_SCHEMA (( 'CONFIG_CONTROL_DESIGN' ));
ENDSEC;

DATA;
#1 = CARTESIAN_POINT ( 'NONE',  ( 1.747289668291783300, 20.80066614378574700, -0.3620304100755075700 ) ) ;
#2 = ORIENTED_EDGE ( 'NONE', *, *, #247, .F. ) ;
#3 = CARTESIAN_POINT ( 'NONE',  ( 0.7397092485561809200, 1.856367515826137000, -1.650000000000108900 ) ) ;
#4 = CARTESIAN_POINT ( 'NONE',  ( -1.187172366213856000, 17.44649947711908700, -1.332182035470070400 ) ) ;
#5 = CARTESIAN_POINT ( 'NONE',  ( -2.261370884559743600, 6.713166143785782600, 0.4685456816539321200 ) ) ;
#6 = EDGE_LOOP ( 'NONE', ( #3768, #2445, #4692, #2968, #2394, #5059, #4438, #5103 ) ) ;
#7 = CARTESIAN_POINT ( 'NONE',  ( 1.536457905425595300, 12.54649947711910200, 1.724131792583205100 ) ) ;
#8 = DIRECTION ( 'NONE',  ( -0.0000000000000000000, -1.000000000000000000, -0.0000000000000000000 ) ) ;
#9 = CARTESIAN_POINT ( 'NONE',  ( 3.690013495381195600, 9.773270944641995000, -0.6087091453849443600 ) ) ;
#10 = DIRECTION ( 'NONE',  ( -0.0000000000000000000, -1.000000000000000000, -0.0000000000000000000 ) ) ;
#11 = CONICAL_SURFACE ( 'NONE', #2881, 2.049999999999999800, 0.7853981633974500600 ) ;
#12 = ORIENTED_EDGE ( 'NONE', *, *, #2711, .T. ) ;
#13 = CARTESIAN_POINT ( 'NONE',  ( 0.4057724631453594200, 2.688166143785794700, 1.958404633409414700 ) ) ;
#14 = B_SPLINE_CURVE_WITH_KNOTS ( 'NONE', 3,
 ( #1823, #1768, #921, #4944 ),
 .UNSPECIFIED., .F., .F.,
 ( 4, 4 ),
 ( 0.0000000000000000000, 0.0005585073587612099500 ),
 .UNSPECIFIED. ) ;
#15 = CARTESIAN_POINT ( 'NONE',  ( -3.368120688060356000, 0.06049415841953251900, 1.166243842255616100 ) ) ;
#16 = CARTESIAN_POINT ( 'NONE',  ( 0.6277930554654759200, -0.8576671895476062300, -1.898914394991165100 ) ) ;
#17 = CARTESIAN_POINT ( 'NONE',  ( -0.3347622820936569900, 5.427738738001436600, -1.615683822561260000 ) ) ;
#18 = CARTESIAN_POINT ( 'NONE',  ( 0.5601173020771160700, 1.229832810452464500, -1.694212445547072400 ) ) ;
#19 = ADVANCED_FACE ( 'NONE', ( #278 ), #1493, .F. ) ;
#20 = CARTESIAN_POINT ( 'NONE',  ( -1.747289668290160200, 16.95066614378575700, 0.3620304100784984500 ) ) ;
#21 = CARTESIAN_POINT ( 'NONE',  ( -1.936491673103707000, 9.500000000000005300, 3.500000000000000900 ) ) ;
#22 = CARTESIAN_POINT ( 'NONE',  ( -0.6277930554638734300, 7.529832810452441900, 1.898914394994154700 ) ) ;
#23 = CIRCLE ( 'NONE', #4812, 3.500000000000000000 ) ;
#24 = CARTESIAN_POINT ( 'NONE',  ( 0.5601173020771160700, 17.32983281045242300, -1.694212445547072400 ) ) ;
#25 = CARTESIAN_POINT ( 'NONE',  ( 1.536457905425595300, 4.146499477119122400, 1.724131792583205100 ) ) ;
#26 = CARTESIAN_POINT ( 'NONE',  ( 2.261370884561367100, 14.06316614378576300, -0.4685456816509410100 ) ) ;
#27 = CARTESIAN_POINT ( 'NONE',  ( 7.511572993685799100E-016, 0.0000000000000000000, 3.500000000000000000 ) ) ;
#28 = VECTOR ( 'NONE', #4490, 1000.000000000000000 ) ;
#29 = CARTESIAN_POINT ( 'NONE',  ( 2.020667218593133000E-016, 10.00000000000000000, 1.650000000000000100 ) ) ;
#30 = DIRECTION ( 'NONE',  ( 0.0000000000000000000, 0.0000000000000000000, -1.000000000000000000 ) ) ;
#31 = EDGE_CURVE ( 'NONE', #1136, #5338, #3197, .T. ) ;
#32 = CARTESIAN_POINT ( 'NONE',  ( 0.7249129791365839200, 19.07983281045242000, -2.192677474232650700 ) ) ;
#33 = FACE_OUTER_BOUND ( 'NONE', #1515, .T. ) ;
#34 = CARTESIAN_POINT ( 'NONE',  ( 2.143592918638497900E-014, 7.364381477805512300, 1.650000000002736200 ) ) ;
#35 = AXIS2_PLACEMENT_3D ( 'NONE', #1727, #4374, #853 ) ;
#36 = CARTESIAN_POINT ( 'NONE',  ( -3.031088913245533900, 10.00000000000000000, 1.749999999999999600 ) ) ;
#37 = CARTESIAN_POINT ( 'NONE',  ( 0.7249129791365839200, 28.26733281045239100, -2.192677474232650700 ) ) ;
#38 = CARTESIAN_POINT ( 'NONE',  ( 1.747289668291783300, 18.00066614378575400, -0.3620304100755075700 ) ) ;
#39 = VERTEX_POINT ( 'NONE', #1076 ) ;
#40 = EDGE_CURVE ( 'NONE', #836, #2754, #3728, .T. ) ;
#41 = CYLINDRICAL_SURFACE ( 'NONE', #2643, 1.650000000000000100 ) ;
#42 = CARTESIAN_POINT ( 'NONE',  ( 1.153703485184449700, 16.57149947711909000, -1.028121427811290000 ) ) ;
#43 = CARTESIAN_POINT ( 'NONE',  ( -2.261370884559743600, 3.913166143785794300, 0.4685456816539321200 ) ) ;
#44 = ORIENTED_EDGE ( 'NONE', *, *, #3831, .F. ) ;
#45 = CARTESIAN_POINT ( 'NONE',  ( -1.898914394991857200, 13.65483281045243300, -0.6277930554631422400 ) ) ;
#46 = CARTESIAN_POINT ( 'NONE',  ( 1.231842093776472900, 6.219426882903465300, -1.097754551802544900 ) ) ;
#47 = CARTESIAN_POINT ( 'NONE',  ( 8.118505867571457200E-013, -0.8576671895476062300, 1.495331636292007700E-012 ) ) ;
#48 = DIRECTION ( 'NONE',  ( -8.659560562354948900E-017, 0.7071067811865463500, 0.7071067811865487900 ) ) ;
#49 = VECTOR ( 'NONE', #4455, 1000.000000000000000 ) ;
#50 = CARTESIAN_POINT ( 'NONE',  ( 2.062843076693681200, 9.500000000000005300, 3.427050983124841900 ) ) ;
#51 = ORIENTED_EDGE ( 'NONE', *, *, #432, .F. ) ;
#52 = CARTESIAN_POINT ( 'NONE',  ( 0.4057724631453182900, 19.48816614378574700, 1.958404633409422900 ) ) ;
#53 = CARTESIAN_POINT ( 'NONE',  ( -9.429543486215421600E-015, 2.814381477805631500, -1.649999999999745000 ) ) ;
#54 = CARTESIAN_POINT ( 'NONE',  ( 1.566604375870941800, 5.894405404668099800, 0.5179292707602104500 ) ) ;
#55 = CARTESIAN_POINT ( 'NONE',  ( -0.7249129791349598900, 27.21733281045239700, 2.192677474235640700 ) ) ;
#56 = VERTEX_POINT ( 'NONE', #3258 ) ;
#57 = CARTESIAN_POINT ( 'NONE',  ( -1.747289668290160200, 19.05066614378575100, 0.3620304100784984500 ) ) ;
#58 = VERTEX_POINT ( 'NONE', #4661 ) ;
#59 = CARTESIAN_POINT ( 'NONE',  ( 0.5601173020771160700, 14.52983281045242900, -1.694212445547072400 ) ) ;
#60 = CARTESIAN_POINT ( 'NONE',  ( 1.898914394993481000, 4.204832810452454200, 0.6277930554661326200 ) ) ;
#61 = CARTESIAN_POINT ( 'NONE',  ( 1.536457905425595300, -1.366000522880865200, 1.724131792583205100 ) ) ;
#62 = EDGE_CURVE ( 'NONE', #819, #2897, #3682, .T. ) ;
#63 = DIRECTION ( 'NONE',  ( 0.0000000000000000000, 0.0000000000000000000, -1.000000000000000000 ) ) ;
#64 = ORIENTED_EDGE ( 'NONE', *, *, #3687, .T. ) ;
#65 = CARTESIAN_POINT ( 'NONE',  ( -1.493141931847312500, 3.358999477119123600, 1.330611577944829800 ) ) ;
#66 = CARTESIAN_POINT ( 'NONE',  ( 2.215199841361339400, 0.3524811969400262800, 3.163161325843646000 ) ) ;
#67 = CARTESIAN_POINT ( 'NONE',  ( -1.536457905423971100, 22.08399947711907500, -1.724131792580214700 ) ) ;
#68 = CARTESIAN_POINT ( 'NONE',  ( -0.4057724631437568700, 1.725666143785793000, -1.958404633406419800 ) ) ;
#69 = CARTESIAN_POINT ( 'NONE',  ( 1.865630979764672600, 8.961093549570124500, -0.3865501873620552100 ) ) ;
#70 = CARTESIAN_POINT ( 'NONE',  ( 3.201341449361263100, 9.987351328781137700, 1.455113957330105100 ) ) ;
#71 = CARTESIAN_POINT ( 'NONE',  ( -1.898914394991857200, 29.84233281045238700, -0.6277930554631422400 ) ) ;
#72 = EDGE_CURVE ( 'NONE', #4989, #1734, #5307, .T. ) ;
#73 = CARTESIAN_POINT ( 'NONE',  ( 0.5601173020771160700, 17.41733281045242500, -1.694212445547072400 ) ) ;
#74 = FACE_OUTER_BOUND ( 'NONE', #4183, .T. ) ;
#75 = EDGE_LOOP ( 'NONE', ( #909, #388, #5498, #2782 ) ) ;
#76 = CARTESIAN_POINT ( 'NONE',  ( -1.898914394991880500, 4.642332810452454200, -0.6277930554630715100 ) ) ;
#77 = CARTESIAN_POINT ( 'NONE',  ( 0.7249129791365839200, 4.467332810452454300, -2.192677474232650700 ) ) ;
#78 = CARTESIAN_POINT ( 'NONE',  ( -0.5601173020754920400, 16.27983281045242200, 1.694212445550063300 ) ) ;
#79 = CARTESIAN_POINT ( 'NONE',  ( -0.4057724631436938600, 0.9381661437857999900, -1.958404633406432700 ) ) ;
#80 = CYLINDRICAL_SURFACE ( 'NONE', #141, 2.000000000000000000 ) ;
#81 = ORIENTED_EDGE ( 'NONE', *, *, #1312, .T. ) ;
#82 = DIRECTION ( 'NONE',  ( 0.0000000000000000000, 1.000000000000000000, 0.0000000000000000000 ) ) ;
#83 =( BOUNDED_CURVE ( )  B_SPLINE_CURVE ( 2, ( #4567, #5515, #4112, #3292, #4633, #1840, #2369, #2388, #4097 ),
 .UNSPECIFIED., .F., .F. ) 
 B_SPLINE_CURVE_WITH_KNOTS ( ( 3, 2, 2, 2, 3 ),
 ( 0.6822205090470357900, 0.6851851851851852300, 0.6888888888888888800, 0.6925925925925925400, 0.6933316201581433100 ),
 .UNSPECIFIED. ) 
 CURVE ( )  GEOMETRIC_REPRESENTATION_ITEM ( )  RATIONAL_B_SPLINE_CURVE ( ( 0.9572025516542770300, 0.8927583521000119800, 1.000000000000000000, 0.8660254037844386000, 1.000000000000000000, 0.8660254037844386000, 1.000000000000000000, 0.9732670516845551800, 0.9572025516544314700 ) ) 
 REPRESENTATION_ITEM ( '' )  );
#84 = CARTESIAN_POINT ( 'NONE',  ( 0.0000000000000000000, 0.4999999999999947800, 0.0000000000000000000 ) ) ;
#85 = CARTESIAN_POINT ( 'NONE',  ( -0.7249129791349598900, 24.41733281045240000, 2.192677474235640700 ) ) ;
#86 = DIRECTION ( 'NONE',  ( 0.0000000000000000000, 1.000000000000000000, 0.0000000000000000000 ) ) ;
#87 = CARTESIAN_POINT ( 'NONE',  ( -1.536457905423971100, 19.89649947711908200, -1.724131792580214700 ) ) ;
#88 = CARTESIAN_POINT ( 'NONE',  ( -0.1189804768297005700, 2.048593549569421900, 2.067131037219797700 ) ) ;
#89 = CARTESIAN_POINT ( 'NONE',  ( 0.4057724631453182900, 27.97566614378572700, 1.958404633409422900 ) ) ;
#90 = CARTESIAN_POINT ( 'NONE',  ( -1.467231017252008000, 12.69233281045243400, -0.4850758126957864200 ) ) ;
#91 = FACE_OUTER_BOUND ( 'NONE', #2103, .T. ) ;
#92 = DIRECTION ( 'NONE',  ( 0.0000000000000000000, 0.0000000000000000000, 1.000000000000000000 ) ) ;
#93 = CARTESIAN_POINT ( 'NONE',  ( 1.898914394993481000, 3.592332810452455200, 0.6277930554661326200 ) ) ;
#94 = CARTESIAN_POINT ( 'NONE',  ( 0.3135275320699943400, 13.53816614378576600, 1.513197240511562100 ) ) ;
#95 = CARTESIAN_POINT ( 'NONE',  ( -2.261370884559743600, 2.513166143785792200, 0.4685456816539321200 ) ) ;
#96 = CARTESIAN_POINT ( 'NONE',  ( -1.493141931847350400, 8.171499477119113000, 1.330611577944787100 ) ) ;
#97 = CARTESIAN_POINT ( 'NONE',  ( -0.6277930554638538900, 1.229832810452457600, 1.898914394994161400 ) ) ;
#98 = CARTESIAN_POINT ( 'NONE',  ( -1.898914394991867200, 5.342332810452453500, -0.6277930554631124800 ) ) ;
#99 = VERTEX_POINT ( 'NONE', #1458 ) ;
#100 = CARTESIAN_POINT ( 'NONE',  ( 2.261370884561367100, 22.55066614378574400, -0.4685456816509410100 ) ) ;
#101 = EDGE_CURVE ( 'NONE', #3025, #3303, #2678, .T. ) ;
#102 = CARTESIAN_POINT ( 'NONE',  ( -0.6277930554638243600, 9.717332810452438400, 1.898914394994163100 ) ) ;
#103 = CARTESIAN_POINT ( 'NONE',  ( -0.7249129791349598900, 19.42983281045241700, 2.192677474235640700 ) ) ;
#104 = CARTESIAN_POINT ( 'NONE',  ( 3.999334749797389200, 0.4999999999999947800, -0.07294901687515871500 ) ) ;
#105 = ADVANCED_FACE ( 'NONE', ( #3606 ), #656, .F. ) ;
#106 = AXIS2_PLACEMENT_3D ( 'NONE', #1917, #2837, #3287 ) ;
#107 = CARTESIAN_POINT ( 'NONE',  ( -0.3347622820936569900, 3.536093549570138900, -1.615683822561260200 ) ) ;
#108 = ORIENTED_EDGE ( 'NONE', *, *, #4048, .T. ) ;
#109 = CARTESIAN_POINT ( 'NONE',  ( 1.898914394993481000, 28.79233281045239300, 0.6277930554661326200 ) ) ;
#110 = CARTESIAN_POINT ( 'NONE',  ( 0.5601173020771160700, 16.01733281045242700, -1.694212445547072400 ) ) ;
#111 = ORIENTED_EDGE ( 'NONE', *, *, #1444, .F. ) ;
#112 = DIRECTION ( 'NONE',  ( 0.3138965277323320600, 0.0000000000000000000, -0.9494571974963301700 ) ) ;
#113 = CARTESIAN_POINT ( 'NONE',  ( 1.536457905425595300, 6.333999477119117000, 1.724131792583205100 ) ) ;
#114 = CARTESIAN_POINT ( 'NONE',  ( -1.467231017252008000, 12.60483281045243800, -0.4850758126957864200 ) ) ;
#115 = B_SPLINE_CURVE_WITH_KNOTS ( 'NONE', 3,
 ( #347, #2194, #3494, #3945, #1314, #1710 ),
 .UNSPECIFIED., .F., .F.,
 ( 4, 2, 4 ),
 ( 0.002538831498118101500, 0.003539080928626960100, 0.004539330359135818600 ),
 .UNSPECIFIED. ) ;
#116 = CARTESIAN_POINT ( 'NONE',  ( -0.7249129791349598900, 1.229832810452464500, 2.192677474235640700 ) ) ;
#117 = CARTESIAN_POINT ( 'NONE',  ( -2.261370884559743600, 9.513166143785778000, 0.4685456816539321200 ) ) ;
#118 = ORIENTED_EDGE ( 'NONE', *, *, #1642, .F. ) ;
#119 = CARTESIAN_POINT ( 'NONE',  ( 1.898914394993481000, -1.307667189547532500, 0.6277930554661326200 ) ) ;
#120 = CARTESIAN_POINT ( 'NONE',  ( 8.778253695876226200E-016, 1.206026666236940300, -1.649999999999744800 ) ) ;
#121 = CARTESIAN_POINT ( 'NONE',  ( -1.898914394991872100, 3.242332810452455600, -0.6277930554630974900 ) ) ;
#122 = CARTESIAN_POINT ( 'NONE',  ( 1.566604375870941800, 3.094405404668110200, 0.5179292707602104500 ) ) ;
#123 = CARTESIAN_POINT ( 'NONE',  ( -2.261370884559743600, 22.90066614378574200, 0.4685456816539321200 ) ) ;
#124 = ORIENTED_EDGE ( 'NONE', *, *, #4100, .F. ) ;
#125 = CARTESIAN_POINT ( 'NONE',  ( 0.6277930554654989100, 1.667332810452455800, -1.898914394991155800 ) ) ;
#126 = CARTESIAN_POINT ( 'NONE',  ( 3.999334749797389200, 0.4999999999999947800, 0.07294901687515610600 ) ) ;
#127 = DIRECTION ( 'NONE',  ( 0.0000000000000000000, 1.000000000000000000, 0.0000000000000000000 ) ) ;
#128 = CARTESIAN_POINT ( 'NONE',  ( 1.493141931848975100, 26.10899947711906700, -1.330611577941795300 ) ) ;
#129 = CARTESIAN_POINT ( 'NONE',  ( 1.747289668291783300, 13.10066614378576800, -0.3620304100755075700 ) ) ;
#130 = CARTESIAN_POINT ( 'NONE',  ( 1.536457905425659500, 5.546499477119120100, 1.724131792583147600 ) ) ;
#131 = CARTESIAN_POINT ( 'NONE',  ( -0.4057724631436938600, 4.525666143785786100, -1.958404633406432700 ) ) ;
#132 = CARTESIAN_POINT ( 'NONE',  ( 8.118505867571457200E-013, -0.8576671895476062300, 1.495331636292007700E-012 ) ) ;
#133 = CARTESIAN_POINT ( 'NONE',  ( 1.467231017253632000, 12.95483281045243400, 0.4850758126987769200 ) ) ;
#134 = CARTESIAN_POINT ( 'NONE',  ( -1.536457905423971100, 0.2964994771191355500, -1.724131792580214700 ) ) ;
#135 = ORIENTED_EDGE ( 'NONE', *, *, #3980, .F. ) ;
#136 = CARTESIAN_POINT ( 'NONE',  ( 2.261370884561367100, 10.56316614378577200, -0.4685456816509410100 ) ) ;
#137 = CARTESIAN_POINT ( 'NONE',  ( -9.429543486215421600E-015, 5.614381477805626900, -1.649999999999745000 ) ) ;
#138 = CARTESIAN_POINT ( 'NONE',  ( 8.778253695876226200E-016, 7.014381477805621900, -1.649999999999745200 ) ) ;
#139 = CARTESIAN_POINT ( 'NONE',  ( 0.4057724631453825100, 9.075666143785774400, 1.958404633409410300 ) ) ;
#140 = CARTESIAN_POINT ( 'NONE',  ( 1.267577771977211700, 2.544426882903474900, 1.422408728882475800 ) ) ;
#141 = AXIS2_PLACEMENT_3D ( 'NONE', #4413, #1689, #5286 ) ;
#142 = EDGE_LOOP ( 'NONE', ( #4082, #4362, #5476, #3545 ) ) ;
#143 = CARTESIAN_POINT ( 'NONE',  ( -1.187172366213856000, 9.133999477119108000, -1.332182035470070400 ) ) ;
#144 = DIRECTION ( 'NONE',  ( 0.0000000000000000000, 0.0000000000000000000, -1.000000000000000000 ) ) ;
#145 = CARTESIAN_POINT ( 'NONE',  ( -0.7249129791349598900, 20.21733281045241500, 2.192677474235640700 ) ) ;
#146 = CARTESIAN_POINT ( 'NONE',  ( -1.898914394991857200, 24.94233281045240200, -0.6277930554631422400 ) ) ;
#147 = EDGE_CURVE ( 'NONE', #2180, #1379, #3828, .T. ) ;
#148 = CARTESIAN_POINT ( 'NONE',  ( 0.3135275320699943400, 15.72566614378576100, 1.513197240511562100 ) ) ;
#149 = ORIENTED_EDGE ( 'NONE', *, *, #3687, .F. ) ;
#150 = CARTESIAN_POINT ( 'NONE',  ( 1.071796459319249100E-014, 0.3774187617729646300, 1.672581238227036000 ) ) ;
#151 = CARTESIAN_POINT ( 'NONE',  ( 0.7249129791365839200, 3.767332810452457700, -2.192677474232650700 ) ) ;
#152 = AXIS2_PLACEMENT_3D ( 'NONE', #2306, #4071, #3171 ) ;
#153 = CARTESIAN_POINT ( 'NONE',  ( -1.187172366213856000, 13.24649947711910300, -1.332182035470070400 ) ) ;
#154 =( BOUNDED_CURVE ( )  B_SPLINE_CURVE ( 2, ( #2721, #950, #3609, #2741, #2300, #1394, #4537, #1834, #4991 ),
 .UNSPECIFIED., .F., .T. ) 
 B_SPLINE_CURVE_WITH_KNOTS ( ( 3, 2, 2, 2, 3 ),
 ( 0.1955572687307455300, 0.1962962962962963000, 0.1999999999999999600, 0.2037037037037037200, 0.2066683798418531600 ),
 .UNSPECIFIED. ) 
 CURVE ( )  GEOMETRIC_REPRESENTATION_ITEM ( )  RATIONAL_B_SPLINE_CURVE ( ( 0.9572025516544313600, 0.9732670516845550700, 1.000000000000000000, 0.8660254037844386000, 1.000000000000000000, 0.8660254037844386000, 1.000000000000000000, 0.8927583521000087600, 0.9572025516542808100 ) ) 
 REPRESENTATION_ITEM ( '' )  );
#155 = CARTESIAN_POINT ( 'NONE',  ( 1.898914394993481000, 2.804832810452462200, 0.6277930554661326200 ) ) ;
#156 = CONICAL_SURFACE ( 'NONE', #4301, 2.049999999999999800, 0.7853981633974500600 ) ;
#157 = CARTESIAN_POINT ( 'NONE',  ( 1.865630979764672600, 8.752738738001433200, -0.3865501873620552100 ) ) ;
#158 = PLANE ( 'NONE',  #4064 ) ;
#159 = CARTESIAN_POINT ( 'NONE',  ( 0.1691400011358079300, 2.475736410535218600, 1.650000000002816800 ) ) ;
#160 = CARTESIAN_POINT ( 'NONE',  ( 1.187172366215480100, 25.49649947711907000, 1.332182035473060700 ) ) ;
#161 = CARTESIAN_POINT ( 'NONE',  ( 0.3135275320699943400, 7.325666143785779700, 1.513197240511562100 ) ) ;
#162 = CARTESIAN_POINT ( 'NONE',  ( -1.898914394991877000, 1.142332810452461500, -0.6277930554630826200 ) ) ;
#163 = FACE_OUTER_BOUND ( 'NONE', #353, .T. ) ;
#164 = CARTESIAN_POINT ( 'NONE',  ( -1.231842093774848400, 5.869426882903464800, 1.097754551805536500 ) ) ;
#165 = CARTESIAN_POINT ( 'NONE',  ( -1.493141931847321800, 3.271499477119125900, 1.330611577944819500 ) ) ;
#166 = DIRECTION ( 'NONE',  ( -0.0000000000000000000, -1.000000000000000000, -0.0000000000000000000 ) ) ;
#167 = CARTESIAN_POINT ( 'NONE',  ( -1.898914394991857200, 25.64233281045239800, -0.6277930554631422400 ) ) ;
#168 = CARTESIAN_POINT ( 'NONE',  ( 1.153703485184449700, 13.15899947711909900, -1.028121427811290000 ) ) ;
#169 = VECTOR ( 'NONE', #5801, 1000.000000000000000 ) ;
#170 = CARTESIAN_POINT ( 'NONE',  ( 0.6277930554654681500, 0.9673328104524588900, -1.898914394991157600 ) ) ;
#171 = CARTESIAN_POINT ( 'NONE',  ( 0.7249129791365839200, -0.4326671895475359700, -2.192677474232650700 ) ) ;
#172 = CARTESIAN_POINT ( 'NONE',  ( -3.999334749797389200, 10.00000000000000000, -0.07294901687515351100 ) ) ;
#173 = CARTESIAN_POINT ( 'NONE',  ( -1.467231017252008000, 14.00483281045242900, -0.4850758126957864200 ) ) ;
#174 = EDGE_CURVE ( 'NONE', #1329, #4556, #2568, .T. ) ;
#175 = CARTESIAN_POINT ( 'NONE',  ( 1.153703485184449700, 29.25899947711905800, -1.028121427811290000 ) ) ;
#176 = ORIENTED_EDGE ( 'NONE', *, *, #1900, .T. ) ;
#177 = AXIS2_PLACEMENT_3D ( 'NONE', #3053, #806, #3950 ) ;
#178 = CARTESIAN_POINT ( 'NONE',  ( 2.261370884561349800, 4.350666143785788100, -0.4685456816510229500 ) ) ;
#179 = CARTESIAN_POINT ( 'NONE',  ( -1.231842093774848400, 7.061072071334769400, 1.097754551805536500 ) ) ;
#180 = FACE_OUTER_BOUND ( 'NONE', #940, .T. ) ;
#181 = DIRECTION ( 'NONE',  ( 0.5000000000000001100, 0.0000000000000000000, 0.8660254037844386000 ) ) ;
#182 = CARTESIAN_POINT ( 'NONE',  ( -0.3135275320683701400, 25.08816614378573500, -1.513197240508571600 ) ) ;
#183 = EDGE_LOOP ( 'NONE', ( #875, #4279, #2673, #3510 ) ) ;
#184 = CARTESIAN_POINT ( 'NONE',  ( -0.3135275320683701400, 6.975666143785780100, -1.513197240508571600 ) ) ;
#185 = EDGE_CURVE ( 'NONE', #1847, #971, #2348, .T. ) ;
#186 = CONICAL_SURFACE ( 'NONE', #1870, 2.049999999999999800, 0.7853981633974500600 ) ;
#187 = ORIENTED_EDGE ( 'NONE', *, *, #3590, .T. ) ;
#188 = CARTESIAN_POINT ( 'NONE',  ( 0.3135275320699943400, 10.12566614378577300, 1.513197240511562100 ) ) ;
#189 =( BOUNDED_CURVE ( )  B_SPLINE_CURVE ( 2, ( #632, #3449, #236, #4318, #2049, #4752, #2027 ),
 .UNSPECIFIED., .F., .T. ) 
 B_SPLINE_CURVE_WITH_KNOTS ( ( 3, 2, 2, 3 ),
 ( 0.9377760646025877800, 0.9407407407407407700, 0.9444444444444444200, 0.9476637088831939600 ),
 .UNSPECIFIED. ) 
 CURVE ( )  GEOMETRIC_REPRESENTATION_ITEM ( )  RATIONAL_B_SPLINE_CURVE ( ( 0.9572025516544314700, 0.8927583520998836300, 1.000000000000000000, 0.8660254037844386000, 1.000000000000000000, 0.8835490936110039800, 0.9695367685930573700 ) ) 
 REPRESENTATION_ITEM ( '' )  );
#190 = CARTESIAN_POINT ( 'NONE',  ( -0.4057724631436938600, 26.83816614378573100, -1.958404633406432700 ) ) ;
#191 = CARTESIAN_POINT ( 'NONE',  ( -0.7864324869949460600, 0.1848210537702615600, -1.695274066445099600 ) ) ;
#192 = CARTESIAN_POINT ( 'NONE',  ( 1.536457905425595300, 2.833999477119128100, 1.724131792583205100 ) ) ;
#193 = ORIENTED_EDGE ( 'NONE', *, *, #1351, .T. ) ;
#194 = CARTESIAN_POINT ( 'NONE',  ( 0.0000000000000000000, 10.00000000000000000, -1.650000000000000100 ) ) ;
#195 = CARTESIAN_POINT ( 'NONE',  ( 1.187172366215480100, 10.09649947711911200, 1.332182035473060700 ) ) ;
#196 = CARTESIAN_POINT ( 'NONE',  ( 0.3135275320699943400, 29.02566614378572400, 1.513197240511562100 ) ) ;
#197 = CARTESIAN_POINT ( 'NONE',  ( -1.339071301315995800, 9.666684029824786300, -1.080445038820848000 ) ) ;
#198 = CARTESIAN_POINT ( 'NONE',  ( -1.898914394991862100, 8.054832810452445800, -0.6277930554631273600 ) ) ;
#199 = CARTESIAN_POINT ( 'NONE',  ( 1.566604375870941800, 1.202760216236810100, 0.5179292707602105600 ) ) ;
#200 = VERTEX_POINT ( 'NONE', #4068 ) ;
#201 = CARTESIAN_POINT ( 'NONE',  ( -1.467231017252008000, 9.192332810452441500, -0.4850758126957864200 ) ) ;
#202 = CARTESIAN_POINT ( 'NONE',  ( 2.261370884561356900, 8.550666143785779400, -0.4685456816509874800 ) ) ;
#203 = ORIENTED_EDGE ( 'NONE', *, *, #147, .T. ) ;
#204 = CARTESIAN_POINT ( 'NONE',  ( 0.3347622820952812500, 4.377738738001440300, 1.615683822564250500 ) ) ;
#205 = DIRECTION ( 'NONE',  ( 0.3138965277323320600, 0.0000000000000000000, -0.9494571974963301700 ) ) ;
#206 = CARTESIAN_POINT ( 'NONE',  ( 0.0000000000000000000, 9.500000000000005300, 0.0000000000000000000 ) ) ;
#207 = CARTESIAN_POINT ( 'NONE',  ( -2.261370884559743600, 17.30066614378575800, 0.4685456816539321200 ) ) ;
#208 = CARTESIAN_POINT ( 'NONE',  ( 1.467231017253632000, 12.34233281045243500, 0.4850758126987769200 ) ) ;
#209 = CARTESIAN_POINT ( 'NONE',  ( -2.261370884559743600, 27.01316614378573200, 0.4685456816539321200 ) ) ;
#210 = ORIENTED_EDGE ( 'NONE', *, *, #4396, .T. ) ;
#211 = CARTESIAN_POINT ( 'NONE',  ( -0.7249129791349598900, 2.017332810452461700, 2.192677474235640700 ) ) ;
#212 = CARTESIAN_POINT ( 'NONE',  ( 1.747289668291783300, 7.413166143785782800, -0.3620304100755075700 ) ) ;
#213 = CARTESIAN_POINT ( 'NONE',  ( -1.898914394991857200, -0.3451671895475308400, -0.6277930554631422400 ) ) ;
#214 = ORIENTED_EDGE ( 'NONE', *, *, #4956, .F. ) ;
#215 = CARTESIAN_POINT ( 'NONE',  ( 1.536457905425632700, 9.133999477119108000, 1.724131792583171400 ) ) ;
#216 = CARTESIAN_POINT ( 'NONE',  ( 1.187172366215480100, 8.083999477119112600, 1.332182035473060700 ) ) ;
#217 = DIRECTION ( 'NONE',  ( 0.0000000000000000000, -1.000000000000000000, 0.0000000000000000000 ) ) ;
#218 = CARTESIAN_POINT ( 'NONE',  ( -1.898914394991857200, 19.34233281045241900, -0.6277930554631422400 ) ) ;
#219 = CARTESIAN_POINT ( 'NONE',  ( -1.747289668290160200, 12.05066614378576900, 0.3620304100784984500 ) ) ;
#220 = B_SPLINE_CURVE_WITH_KNOTS ( 'NONE', 3,
 ( #391, #4902, #1760, #2225, #3502, #3990, #5779, #3539 ),
 .UNSPECIFIED., .F., .F.,
 ( 4, 2, 2, 4 ),
 ( 0.004539330359135818600, 0.005539916828301556400, 0.006040210062884424100, 0.006540503297467292600 ),
 .UNSPECIFIED. ) ;
#221 = CARTESIAN_POINT ( 'NONE',  ( 2.261370884561367100, 27.36316614378573000, -0.4685456816509410100 ) ) ;
#222 = CARTESIAN_POINT ( 'NONE',  ( -1.267577771975587600, 1.286072071334782400, -1.422408728879485300 ) ) ;
#223 = CARTESIAN_POINT ( 'NONE',  ( -1.734919832923629700, 0.2442044371748838800, -0.5533471725682235200 ) ) ;
#224 = CARTESIAN_POINT ( 'NONE',  ( 1.898914394993481000, 0.7923328104524618400, 0.6277930554661326200 ) ) ;
#225 = CC_DESIGN_APPROVAL ( #5483, ( #4561 ) ) ;
#226 = CARTESIAN_POINT ( 'NONE',  ( 1.153703485184449700, 10.27149947711910400, -1.028121427811290000 ) ) ;
#227 = CYLINDRICAL_SURFACE ( 'NONE', #533, 4.000000000000000000 ) ;
#228 = CARTESIAN_POINT ( 'NONE',  ( -1.747289668290160200, 29.55066614378572600, 0.3620304100784984500 ) ) ;
#229 = CARTESIAN_POINT ( 'NONE',  ( 1.318305917104202900, 9.762762643876067500, 3.500000000000000000 ) ) ;
#230 = CARTESIAN_POINT ( 'NONE',  ( 1.536457905425647800, 4.846499477119119000, 1.724131792583158100 ) ) ;
#231 = CARTESIAN_POINT ( 'NONE',  ( 1.898914394993481000, 11.29233281045243600, 0.6277930554661326200 ) ) ;
#232 = LINE ( 'NONE', #16, #28 ) ;
#233 = CARTESIAN_POINT ( 'NONE',  ( -0.5601173020754920400, 26.77983281045239400, 1.694212445550063300 ) ) ;
#234 = CARTESIAN_POINT ( 'NONE',  ( 0.5601173020771160700, 3.417332810452459000, -1.694212445547072400 ) ) ;
#235 = DIRECTION ( 'NONE',  ( -0.0000000000000000000, -1.000000000000000000, -0.0000000000000000000 ) ) ;
#236 = CARTESIAN_POINT ( 'NONE',  ( 1.231842093776472900, 0.6194268829034785800, -1.097754551802544900 ) ) ;
#237 = CARTESIAN_POINT ( 'NONE',  ( -0.6277930554638538900, 0.6173328104524580300, 1.898914394994161400 ) ) ;
#238 = DIRECTION ( 'NONE',  ( -0.0000000000000000000, -1.000000000000000000, -0.0000000000000000000 ) ) ;
#239 = CARTESIAN_POINT ( 'NONE',  ( 0.4057724631453182900, 16.77566614378575600, 1.958404633409422900 ) ) ;
#240 = VERTEX_POINT ( 'NONE', #1356 ) ;
#241 = CARTESIAN_POINT ( 'NONE',  ( 0.3135275320699943400, 12.22566614378576800, 1.513197240511562100 ) ) ;
#242 = CARTESIAN_POINT ( 'NONE',  ( -1.493141931847350400, 28.47149947711906000, 1.330611577944787100 ) ) ;
#243 = ORIENTED_EDGE ( 'NONE', *, *, #2709, .T. ) ;
#244 = DIRECTION ( 'NONE',  ( 0.0000000000000000000, 0.0000000000000000000, -1.000000000000000000 ) ) ;
#245 = CARTESIAN_POINT ( 'NONE',  ( -1.536457905423971100, -0.3160005228808658300, -1.724131792580214700 ) ) ;
#246 = CARTESIAN_POINT ( 'NONE',  ( 1.467231017253632000, 8.754832810452445100, 0.4850758126987769200 ) ) ;
#247 = EDGE_CURVE ( 'NONE', #3383, #4212, #5761, .T. ) ;
#248 = ADVANCED_FACE ( 'NONE', ( #927 ), #3057, .T. ) ;
#249 = DATE_AND_TIME ( #1435, #3903 ) ;
#250 = CARTESIAN_POINT ( 'NONE',  ( -1.187172366213856000, 30.13399947711905500, -1.332182035470070400 ) ) ;
#251 = ORIENTED_EDGE ( 'NONE', *, *, #185, .T. ) ;
#252 = CARTESIAN_POINT ( 'NONE',  ( 2.149256308119709100E-014, 2.256026666236828700, 1.650000000002736200 ) ) ;
#253 = CARTESIAN_POINT ( 'NONE',  ( -0.6277930554638390100, 4.029832810452456100, 1.898914394994158300 ) ) ;
#254 = CARTESIAN_POINT ( 'NONE',  ( -2.261370884559743600, 12.40066614378577000, 0.4685456816539321200 ) ) ;
#255 = CARTESIAN_POINT ( 'NONE',  ( -2.261370884559738200, 6.713166143785781700, 0.4685456816539561600 ) ) ;
#256 = CARTESIAN_POINT ( 'NONE',  ( -1.747289668290160200, 23.16316614378574100, 0.3620304100784984500 ) ) ;
#257 = CARTESIAN_POINT ( 'NONE',  ( 1.153703485184449700, 2.658999477119124300, -1.028121427811290000 ) ) ;
#258 = EDGE_CURVE ( 'NONE', #5788, #2571, #2277, .T. ) ;
#259 = ORIENTED_EDGE ( 'NONE', *, *, #3149, .F. ) ;
#260 = CARTESIAN_POINT ( 'NONE',  ( -0.4057724631437703000, 2.425666143785792300, -1.958404633406416700 ) ) ;
#261 = CARTESIAN_POINT ( 'NONE',  ( -0.3347622820936569900, 8.227738738001432800, -1.615683822561260000 ) ) ;
#262 = CARTESIAN_POINT ( 'NONE',  ( 0.0000000000000000000, 10.00000000000000000, -1.650000000000000100 ) ) ;
#263 =( BOUNDED_CURVE ( )  B_SPLINE_CURVE ( 2, ( #5409, #2304, #1798, #935, #5019, #2266, #917, #2725, #467 ),
 .UNSPECIFIED., .F., .T. ) 
 B_SPLINE_CURVE_WITH_KNOTS ( ( 3, 2, 2, 2, 3 ),
 ( 0.7611111111111112900, 0.7629629629629629500, 0.7666666666666667200, 0.7703703703703703700, 0.7722222222222222500 ),
 .UNSPECIFIED. ) 
 CURVE ( )  GEOMETRIC_REPRESENTATION_ITEM ( )  RATIONAL_B_SPLINE_CURVE ( ( 0.9330127018922194100, 0.9330127018922254000, 1.000000000000000000, 0.8660254037844387100, 1.000000000000000000, 0.8660254037844387100, 1.000000000000000000, 0.9330127018922174100, 0.9330127018922194100 ) ) 
 REPRESENTATION_ITEM ( '' )  );
#264 = CARTESIAN_POINT ( 'NONE',  ( 0.7249129791365839200, 17.06733281045242400, -2.192677474232650700 ) ) ;
#265 = ORIENTED_EDGE ( 'NONE', *, *, #4595, .T. ) ;
#266 = AXIS2_PLACEMENT_3D ( 'NONE', #4894, #5826, #1711 ) ;
#267 = CARTESIAN_POINT ( 'NONE',  ( 1.153703485184449700, 7.471499477119114600, -1.028121427811290000 ) ) ;
#268 = ORIENTED_EDGE ( 'NONE', *, *, #5347, .T. ) ;
#269 = CARTESIAN_POINT ( 'NONE',  ( -1.153703485182825400, 25.40899947711906700, 1.028121427814281600 ) ) ;
#270 = CARTESIAN_POINT ( 'NONE',  ( 0.0000000000000000000, 9.950000000000001100, 0.0000000000000000000 ) ) ;
#271 = CARTESIAN_POINT ( 'NONE',  ( -0.7249129791349598900, 13.21733281045243100, 2.192677474235640700 ) ) ;
#272 = CARTESIAN_POINT ( 'NONE',  ( -0.5601173020754920400, 22.57983281045240900, 1.694212445550063300 ) ) ;
#273 = ORIENTED_EDGE ( 'NONE', *, *, #1040, .F. ) ;
#274 = CARTESIAN_POINT ( 'NONE',  ( -0.3135275320683701400, 5.575666143785785100, -1.513197240508571600 ) ) ;
#275 = CARTESIAN_POINT ( 'NONE',  ( 0.4057724631453461500, 1.375666143785793300, 1.958404633409417800 ) ) ;
#276 = CARTESIAN_POINT ( 'NONE',  ( -1.231842093774848400, 8.461072071334761800, 1.097754551805536500 ) ) ;
#277 = CARTESIAN_POINT ( 'NONE',  ( 0.6277930554654843600, 0.8798328104524624200, -1.898914394991168700 ) ) ;
#278 = FACE_OUTER_BOUND ( 'NONE', #1651, .T. ) ;
#279 = VERTEX_POINT ( 'NONE', #5836 ) ;
#280 = EDGE_CURVE ( 'NONE', #3483, #4298, #3293, .T. ) ;
#281 = CARTESIAN_POINT ( 'NONE',  ( 3.201341449361262200, 0.01264867121886586700, -1.455113957330106200 ) ) ;
#282 = AXIS2_PLACEMENT_3D ( 'NONE', #5239, #3892, #312 ) ;
#283 = CARTESIAN_POINT ( 'NONE',  ( -9.429543486215421600E-015, 0.5060266662369413700, -1.649999999999745000 ) ) ;
#284 = LINE ( 'NONE', #2287, #1967 ) ;
#285 = CARTESIAN_POINT ( 'NONE',  ( -1.187172366213856000, 3.446499477119129700, -1.332182035470070400 ) ) ;
#286 = ORIENTED_EDGE ( 'NONE', *, *, #2744, .F. ) ;
#287 = CARTESIAN_POINT ( 'NONE',  ( 1.187172366215480100, 25.58399947711906800, 1.332182035473060700 ) ) ;
#288 = EDGE_CURVE ( 'NONE', #776, #708, #3039, .T. ) ;
#289 = CIRCLE ( 'NONE', #4009, 2.049999999999999800 ) ;
#290 = CARTESIAN_POINT ( 'NONE',  ( -0.1691400011349762900, 1.917381598966574800, -1.649999999999662200 ) ) ;
#291 =( BOUNDED_CURVE ( )  B_SPLINE_CURVE ( 2, ( #3185, #2303, #4094, #4541, #5466, #1001, #4607, #5102, #1064 ),
 .UNSPECIFIED., .F., .T. ) 
 B_SPLINE_CURVE_WITH_KNOTS ( ( 3, 2, 2, 2, 3 ),
 ( 0.6611111111111112000, 0.6629629629629629800, 0.6666666666666666300, 0.6703703703703703900, 0.6722222222222223900 ),
 .UNSPECIFIED. ) 
 CURVE ( )  GEOMETRIC_REPRESENTATION_ITEM ( )  RATIONAL_B_SPLINE_CURVE ( ( 0.9330127018922194100, 0.9330127018922234100, 1.000000000000000000, 0.8660254037844387100, 1.000000000000000000, 0.8660254037844387100, 1.000000000000000000, 0.9330127018922133000, 0.9330127018922194100 ) ) 
 REPRESENTATION_ITEM ( '' )  );
#292 = CARTESIAN_POINT ( 'NONE',  ( 1.493141931848941400, 5.021499477119120600, -1.330611577941833300 ) ) ;
#293 = CARTESIAN_POINT ( 'NONE',  ( 1.493141931848975100, 14.20899947711909700, -1.330611577941795300 ) ) ;
#294 = AXIS2_PLACEMENT_3D ( 'NONE', #2647, #5820, #4412 ) ;
#295 = CARTESIAN_POINT ( 'NONE',  ( 0.5601173020771160700, 22.22983281045240700, -1.694212445547072400 ) ) ;
#296 = CARTESIAN_POINT ( 'NONE',  ( 1.747289668291783300, 4.700666143785790400, -0.3620304100755075700 ) ) ;
#297 = CIRCLE ( 'NONE', #393, 1.650000000000000100 ) ;
#298 = CARTESIAN_POINT ( 'NONE',  ( 1.231842093776472900, 1.111072071334780600, -1.097754551802544900 ) ) ;
#299 = CARTESIAN_POINT ( 'NONE',  ( 1.566604375870941800, 9.394405404668095400, 0.5179292707602104500 ) ) ;
#300 = CARTESIAN_POINT ( 'NONE',  ( -0.7249129791349598900, 14.61733281045243000, 2.192677474235640700 ) ) ;
#301 = CARTESIAN_POINT ( 'NONE',  ( 0.7249129791365839200, 23.27983281045240500, -2.192677474232650700 ) ) ;
#302 = CARTESIAN_POINT ( 'NONE',  ( -1.747289668290160200, -1.249333856214198900, 0.3620304100784984500 ) ) ;
#303 = PERSON_AND_ORGANIZATION_ROLE ( 'design_supplier' ) ;
#304 = AXIS2_PLACEMENT_3D ( 'NONE', #4640, #2811, #112 ) ;
#305 = CARTESIAN_POINT ( 'NONE',  ( 1.187172366215480100, 3.096499477119127400, 1.332182035473060700 ) ) ;
#306 = ADVANCED_FACE ( 'NONE', ( #800 ), #4747, .T. ) ;
#307 = CARTESIAN_POINT ( 'NONE',  ( 0.5601173020771160700, 24.41733281045240000, -1.694212445547072400 ) ) ;
#308 = CYLINDRICAL_SURFACE ( 'NONE', #1122, 4.000000000000000000 ) ;
#309 = CARTESIAN_POINT ( 'NONE',  ( -1.493141931847350400, 11.75899947711910400, 1.330611577944787100 ) ) ;
#310 = ORIENTED_EDGE ( 'NONE', *, *, #2110, .F. ) ;
#311 = CARTESIAN_POINT ( 'NONE',  ( -1.467231017252008000, 4.292332810452454500, -0.4850758126957864200 ) ) ;
#312 = DIRECTION ( 'NONE',  ( 0.0000000000000000000, 0.0000000000000000000, -1.000000000000000000 ) ) ;
#313 = CARTESIAN_POINT ( 'NONE',  ( 1.536457905425595300, 14.64649947711909500, 1.724131792583205100 ) ) ;
#314 = CARTESIAN_POINT ( 'NONE',  ( 0.1691400011358079900, 7.867381598966508300, 1.650000000002816500 ) ) ;
#315 = CARTESIAN_POINT ( 'NONE',  ( 0.4057724631453182900, 15.37566614378575900, 1.958404633409422900 ) ) ;
#316 = ORIENTED_EDGE ( 'NONE', *, *, #4328, .T. ) ;
#317 = LINE ( 'NONE', #1083, #3207 ) ;
#318 = CARTESIAN_POINT ( 'NONE',  ( -1.493141931847350400, 24.27149947711907200, 1.330611577944787100 ) ) ;
#319 = CARTESIAN_POINT ( 'NONE',  ( -3.846977985129732300, 0.3524811969400253300, 0.3368386741563526600 ) ) ;
#320 = DIRECTION ( 'NONE',  ( 0.0000000000000000000, 0.0000000000000000000, 1.000000000000000000 ) ) ;
#321 = CARTESIAN_POINT ( 'NONE',  ( -0.7397092485552132500, 1.506367515826080300, 1.650000000002363100 ) ) ;
#322 = ORIENTED_EDGE ( 'NONE', *, *, #5308, .T. ) ;
#323 = CARTESIAN_POINT ( 'NONE',  ( 1.153703485184449700, 4.671499477119124500, -1.028121427811290000 ) ) ;
#324 = CARTESIAN_POINT ( 'NONE',  ( -0.3135275320683701400, 25.17566614378573700, -1.513197240508571600 ) ) ;
#325 = CARTESIAN_POINT ( 'NONE',  ( -0.3347622820936569900, 4.236093549570135500, -1.615683822561260200 ) ) ;
#326 = ORIENTED_EDGE ( 'NONE', *, *, #4216, .F. ) ;
#327 = DIRECTION ( 'NONE',  ( 0.0000000000000000000, 1.000000000000000000, 0.0000000000000000000 ) ) ;
#328 = CARTESIAN_POINT ( 'NONE',  ( 0.7249129791365839200, 9.367332810452440500, -2.192677474232650700 ) ) ;
#329 = CARTESIAN_POINT ( 'NONE',  ( 0.3135275320699943400, 21.93816614378574300, 1.513197240511562100 ) ) ;
#330 = B_SPLINE_CURVE_WITH_KNOTS ( 'NONE', 3,
 ( #2350, #3709, #4592, #3727, #592, #3747 ),
 .UNSPECIFIED., .F., .F.,
 ( 4, 2, 4 ),
 ( 0.002002522390752435300, 0.002997448974640016900, 0.003992375558527598600 ),
 .UNSPECIFIED. ) ;
#331 = CARTESIAN_POINT ( 'NONE',  ( 1.467231017253632000, 1.142332810452461500, 0.4850758126987769200 ) ) ;
#332 = EDGE_CURVE ( 'NONE', #3291, #4333, #1988, .T. ) ;
#333 = DIRECTION ( 'NONE',  ( 0.0000000000000000000, 1.000000000000000000, 0.0000000000000000000 ) ) ;
#334 = CARTESIAN_POINT ( 'NONE',  ( -0.4057724631436938600, 17.73816614378575500, -1.958404633406432700 ) ) ;
#335 = ORIENTED_EDGE ( 'NONE', *, *, #4748, .T. ) ;
#336 = CARTESIAN_POINT ( 'NONE',  ( -1.136605634097916700, 4.698572071335493500, 1.730697752768559200 ) ) ;
#337 = ADVANCED_FACE ( 'NONE', ( #2066 ), #308, .T. ) ;
#338 = CARTESIAN_POINT ( 'NONE',  ( 2.261370884561367100, 15.55066614378576000, -0.4685456816509410100 ) ) ;
#339 = AXIS2_PLACEMENT_3D ( 'NONE', #2559, #5734, #3461 ) ;
#340 = VERTEX_POINT ( 'NONE', #2226 ) ;
#341 = CARTESIAN_POINT ( 'NONE',  ( -2.261370884559743600, 22.81316614378574300, 0.4685456816539321200 ) ) ;
#342 = CARTESIAN_POINT ( 'NONE',  ( 1.898914394993502600, 3.504832810452461500, 0.6277930554660677800 ) ) ;
#343 = CARTESIAN_POINT ( 'NONE',  ( 1.267577771977211700, 6.744426882903465700, 1.422408728882475800 ) ) ;
#344 = CARTESIAN_POINT ( 'NONE',  ( 1.153703485184449700, 5.371499477119116700, -1.028121427811290000 ) ) ;
#345 = CARTESIAN_POINT ( 'NONE',  ( 0.5601173020771160700, 20.21733281045241500, -1.694212445547072400 ) ) ;
#346 = EDGE_LOOP ( 'NONE', ( #5219, #890, #4650, #3772 ) ) ;
#347 = CARTESIAN_POINT ( 'NONE',  ( -1.936491673103710100, 9.500000000000005300, -3.499999999999999100 ) ) ;
#348 = CARTESIAN_POINT ( 'NONE',  ( 1.950079291079752600, 0.05890068313913136100, -0.4195425238892615500 ) ) ;
#349 = CARTESIAN_POINT ( 'NONE',  ( 1.536457905425595300, 9.133999477119108000, 1.724131792583205100 ) ) ;
#350 = CARTESIAN_POINT ( 'NONE',  ( 0.5601173020771160700, 20.82983281045241600, -1.694212445547072400 ) ) ;
#351 = CARTESIAN_POINT ( 'NONE',  ( 1.153703485184449700, -0.1410005228808658400, -1.028121427811290000 ) ) ;
#352 = CARTESIAN_POINT ( 'NONE',  ( 0.0000000000000000000, 0.4999999999999947800, 0.0000000000000000000 ) ) ;
#353 = EDGE_LOOP ( 'NONE', ( #3157, #5196, #5830, #3130 ) ) ;
#354 = CARTESIAN_POINT ( 'NONE',  ( -1.898914394991857200, 17.15483281045242200, -0.6277930554631422400 ) ) ;
#355 = EDGE_CURVE ( 'NONE', #3843, #900, #4593, .T. ) ;
#356 = CARTESIAN_POINT ( 'NONE',  ( -1.493141931847350400, 24.97149947711906700, 1.330611577944787100 ) ) ;
#357 = CARTESIAN_POINT ( 'NONE',  ( -0.3135275320683701400, 6.188166143785784000, -1.513197240508571600 ) ) ;
#358 = FACE_OUTER_BOUND ( 'NONE', #3360, .T. ) ;
#359 = ADVANCED_FACE ( 'NONE', ( #5824 ), #4602, .T. ) ;
#360 = B_SPLINE_CURVE_WITH_KNOTS ( 'NONE', 3,
 ( #3216, #4495, #5457, #1788, #3618, #21 ),
 .UNSPECIFIED., .F., .F.,
 ( 4, 2, 4 ),
 ( 0.004275213975004837200, 0.005274871571063526700, 0.006274529167122216300 ),
 .UNSPECIFIED. ) ;
#361 = CARTESIAN_POINT ( 'NONE',  ( 0.5601173020771160700, 23.01733281045240900, -1.694212445547072400 ) ) ;
#362 = EDGE_CURVE ( 'NONE', #1025, #2152, #3367, .T. ) ;
#363 = CARTESIAN_POINT ( 'NONE',  ( -9.429543486215421600E-015, 0.7143814778056383200, -1.649999999999745000 ) ) ;
#364 = DIRECTION ( 'NONE',  ( 0.3138965277323320600, 0.0000000000000000000, -0.9494571974963301700 ) ) ;
#365 = CARTESIAN_POINT ( 'NONE',  ( -1.493141931847350400, 10.35899947711910600, 1.330611577944787100 ) ) ;
#366 = VECTOR ( 'NONE', #2940, 1000.000000000000000 ) ;
#367 = CARTESIAN_POINT ( 'NONE',  ( -0.5601173020754920400, 28.87983281045239200, 1.694212445550063300 ) ) ;
#368 = CARTESIAN_POINT ( 'NONE',  ( 1.187172366215480100, 19.19649947711908300, 1.332182035473060700 ) ) ;
#369 = CARTESIAN_POINT ( 'NONE',  ( -0.5601173020754920400, 2.367332810452459600, 1.694212445550063300 ) ) ;
#370 = CARTESIAN_POINT ( 'NONE',  ( -0.3347622820936569900, 6.336093549570133400, -1.615683822561260200 ) ) ;
#371 = CARTESIAN_POINT ( 'NONE',  ( -0.4057724631436938600, 16.33816614378575900, -1.958404633406432700 ) ) ;
#372 = CARTESIAN_POINT ( 'NONE',  ( -0.4057724631437242300, 8.725666143785778300, -1.958404633406426700 ) ) ;
#373 = CIRCLE ( 'NONE', #294, 4.000000000000000000 ) ;
#374 = CARTESIAN_POINT ( 'NONE',  ( 3.031088913245535200, 10.00000000000000000, -1.750000000000000400 ) ) ;
#375 = CARTESIAN_POINT ( 'NONE',  ( -2.261370884559743600, 20.71316614378574900, 0.4685456816539321200 ) ) ;
#376 = ORIENTED_EDGE ( 'NONE', *, *, #636, .F. ) ;
#377 = DIRECTION ( 'NONE',  ( 0.0000000000000000000, 1.000000000000000000, -0.0000000000000000000 ) ) ;
#378 = CARTESIAN_POINT ( 'NONE',  ( 0.6277930554654759200, -0.8576671895476062300, -1.898914394991165100 ) ) ;
#379 = CARTESIAN_POINT ( 'NONE',  ( 1.187172366215480100, 2.396499477119125900, 1.332182035473060700 ) ) ;
#380 = PERSON_AND_ORGANIZATION ( #1475, #5042 ) ;
#381 = CARTESIAN_POINT ( 'NONE',  ( 1.747289668291783300, 20.10066614378574500, -0.3620304100755075700 ) ) ;
#382 = ORIENTED_EDGE ( 'NONE', *, *, #4328, .F. ) ;
#383 = DIRECTION ( 'NONE',  ( 0.0000000000000000000, 1.000000000000000000, 0.0000000000000000000 ) ) ;
#384 = CARTESIAN_POINT ( 'NONE',  ( 1.536457905425595300, 10.53399947711910700, 1.724131792583205100 ) ) ;
#385 = CARTESIAN_POINT ( 'NONE',  ( -1.187172366213856000, 29.34649947711906000, -1.332182035470070400 ) ) ;
#386 = CARTESIAN_POINT ( 'NONE',  ( -1.747289668290160200, 19.66316614378575200, 0.3620304100784984500 ) ) ;
#387 = CARTESIAN_POINT ( 'NONE',  ( -1.153703485182825400, 2.308999477119128200, 1.028121427814281600 ) ) ;
#388 = ORIENTED_EDGE ( 'NONE', *, *, #2481, .T. ) ;
#389 = CARTESIAN_POINT ( 'NONE',  ( -1.865630979763049500, 6.511093549570130500, 0.3865501873650462100 ) ) ;
#390 = CARTESIAN_POINT ( 'NONE',  ( 0.4057724631453182900, 15.98816614378576000, 1.958404633409422900 ) ) ;
#391 = CARTESIAN_POINT ( 'NONE',  ( -1.126735949052869900E-015, 10.00000000000000000, -3.499999999999999600 ) ) ;
#392 = CARTESIAN_POINT ( 'NONE',  ( -2.215044558767285100, 9.647368451334982000, -3.163430283186074600 ) ) ;
#393 = AXIS2_PLACEMENT_3D ( 'NONE', #2025, #3333, #5644 ) ;
#394 = EDGE_LOOP ( 'NONE', ( #3989, #4961, #717, #3562, #5184, #4863 ) ) ;
#395 = CARTESIAN_POINT ( 'NONE',  ( 1.536457905425595300, 20.24649947711908400, 1.724131792583205100 ) ) ;
#396 = PLANE ( 'NONE',  #5619 ) ;
#397 = CARTESIAN_POINT ( 'NONE',  ( 0.3347622820952812500, 5.077738738001439600, 1.615683822564250500 ) ) ;
#398 = CARTESIAN_POINT ( 'NONE',  ( -0.3135275320683701400, 27.18816614378572900, -1.513197240508571600 ) ) ;
#399 = CARTESIAN_POINT ( 'NONE',  ( 0.5601173020771160700, 2.629832810452462400, -1.694212445547072400 ) ) ;
#400 = EDGE_CURVE ( 'NONE', #4632, #2208, #1150, .T. ) ;
#401 = ORIENTED_EDGE ( 'NONE', *, *, #2853, .F. ) ;
#402 = CARTESIAN_POINT ( 'NONE',  ( 0.3135275320699943400, 22.72566614378574100, 1.513197240511562100 ) ) ;
#403 = EDGE_CURVE ( 'NONE', #1928, #4556, #932, .T. ) ;
#404 =( BOUNDED_CURVE ( )  B_SPLINE_CURVE ( 2, ( #2307, #959, #4613, #2389, #1923, #3232, #5069, #1450, #1905 ),
 .UNSPECIFIED., .F., .T. ) 
 B_SPLINE_CURVE_WITH_KNOTS ( ( 3, 2, 2, 2, 3 ),
 ( 0.2511128242862975500, 0.2518518518518518800, 0.2555555555555555400, 0.2592592592592593000, 0.2622239353974121800 ),
 .UNSPECIFIED. ) 
 CURVE ( )  GEOMETRIC_REPRESENTATION_ITEM ( )  RATIONAL_B_SPLINE_CURVE ( ( 0.9572025516542769200, 0.9732670516844266200, 1.000000000000000000, 0.8660254037844386000, 1.000000000000000000, 0.8660254037844386000, 1.000000000000000000, 0.8927583520998843000, 0.9572025516544304700 ) ) 
 REPRESENTATION_ITEM ( '' )  );
#405 = DIRECTION ( 'NONE',  ( 0.0000000000000000000, -1.000000000000000000, 0.0000000000000000000 ) ) ;
#406 = CARTESIAN_POINT ( 'NONE',  ( 1.417191830956286300, 0.09736814223758681600, -1.348580650064471300 ) ) ;
#407 = CARTESIAN_POINT ( 'NONE',  ( 0.7249129791365839200, 8.667332810452444700, -2.192677474232650700 ) ) ;
#408 = ORIENTED_EDGE ( 'NONE', *, *, #1351, .F. ) ;
#409 = CARTESIAN_POINT ( 'NONE',  ( 1.467231017253632000, 27.65483281045239700, 0.4850758126987769200 ) ) ;
#410 = CARTESIAN_POINT ( 'NONE',  ( 1.153703485184449700, 21.47149947711907800, -1.028121427811290000 ) ) ;
#411 = CARTESIAN_POINT ( 'NONE',  ( -1.747289668290160200, 0.1506661437858028100, 0.3620304100784984500 ) ) ;
#412 = DIRECTION ( 'NONE',  ( -0.0000000000000000000, -1.000000000000000000, -0.0000000000000000000 ) ) ;
#413 = CARTESIAN_POINT ( 'NONE',  ( -1.536457905423971100, 12.89649947711909700, -1.724131792580214700 ) ) ;
#414 = CARTESIAN_POINT ( 'NONE',  ( -0.7397092485552132500, 6.406367515826068400, 1.650000000002363100 ) ) ;
#415 = DIRECTION ( 'NONE',  ( 0.0000000000000000000, -0.7071067811865463500, -0.7071067811865487900 ) ) ;
#416 = CARTESIAN_POINT ( 'NONE',  ( 1.898914394993493900, 2.104832810452463000, 0.6277930554660938700 ) ) ;
#417 = DIRECTION ( 'NONE',  ( 0.0000000000000000000, 1.000000000000000000, 0.0000000000000000000 ) ) ;
#418 = ORIENTED_EDGE ( 'NONE', *, *, #2697, .F. ) ;
#419 = CARTESIAN_POINT ( 'NONE',  ( -1.153703485182825400, 2.221499477119130500, 1.028121427814281600 ) ) ;
#420 = ORIENTED_EDGE ( 'NONE', *, *, #4510, .T. ) ;
#421 = CARTESIAN_POINT ( 'NONE',  ( -0.5601173020754920400, 20.56733281045241300, 1.694212445550063300 ) ) ;
#422 = AXIS2_PLACEMENT_3D ( 'NONE', #566, #5551, #1997 ) ;
#423 = DIRECTION ( 'NONE',  ( -0.0000000000000000000, -1.000000000000000000, -0.0000000000000000000 ) ) ;
#424 = ORIENTED_EDGE ( 'NONE', *, *, #1268, .T. ) ;
#425 = CARTESIAN_POINT ( 'NONE',  ( 0.3347622820952812500, 3.677738738001441900, 1.615683822564250500 ) ) ;
#426 = CARTESIAN_POINT ( 'NONE',  ( 0.5601173020771160700, 19.42983281045241400, -1.694212445547072400 ) ) ;
#427 = ADVANCED_FACE ( 'NONE', ( #3260 ), #4524, .T. ) ;
#428 = CARTESIAN_POINT ( 'NONE',  ( -1.536457905423971100, 4.496499477119124700, -1.724131792580214700 ) ) ;
#429 = CARTESIAN_POINT ( 'NONE',  ( 2.261370884561367100, 11.96316614378577000, -0.4685456816509410100 ) ) ;
#430 = FACE_OUTER_BOUND ( 'NONE', #1784, .T. ) ;
#431 = CARTESIAN_POINT ( 'NONE',  ( -1.536457905424027700, 8.783999477119110100, -1.724131792580164200 ) ) ;
#432 = EDGE_CURVE ( 'NONE', #4928, #56, #4105, .T. ) ;
#433 = LINE ( 'NONE', #4769, #860 ) ;
#434 = CARTESIAN_POINT ( 'NONE',  ( -3.031088913245534300, 10.00000000000000000, -1.749999999999997800 ) ) ;
#435 =( BOUNDED_CURVE ( )  B_SPLINE_CURVE ( 2, ( #3430, #735, #3542, #5340, #868, #3521, #5689, #846, #2228 ),
 .UNSPECIFIED., .F., .F. ) 
 B_SPLINE_CURVE_WITH_KNOTS ( ( 3, 2, 2, 2, 3 ),
 ( 0.9166666666666668500, 0.9185185185185185100, 0.9222222222222222800, 0.9259259259259259300, 0.9277777777777779200 ),
 .UNSPECIFIED. ) 
 CURVE ( )  GEOMETRIC_REPRESENTATION_ITEM ( )  RATIONAL_B_SPLINE_CURVE ( ( 0.9330127018922194100, 0.9330127018922254000, 1.000000000000000000, 0.8660254037844387100, 1.000000000000000000, 0.8660254037844387100, 1.000000000000000000, 0.9330127018922133000, 0.9330127018922194100 ) ) 
 REPRESENTATION_ITEM ( '' )  );
#436 = CARTESIAN_POINT ( 'NONE',  ( 0.1189804768313053200, 9.398593549569401500, -2.067131037216803700 ) ) ;
#437 = CARTESIAN_POINT ( 'NONE',  ( 2.020667218593133000E-016, 10.00000000000000000, 1.650000000000000100 ) ) ;
#438 = DIRECTION ( 'NONE',  ( 0.0000000000000000000, 0.0000000000000000000, 1.000000000000000000 ) ) ;
#439 = CARTESIAN_POINT ( 'NONE',  ( 1.747289668291783300, 1.813166143785795500, -0.3620304100755075700 ) ) ;
#440 = CARTESIAN_POINT ( 'NONE',  ( -1.747289668290160200, 19.75066614378574700, 0.3620304100784984500 ) ) ;
#441 = FACE_OUTER_BOUND ( 'NONE', #4416, .T. ) ;
#442 = EDGE_CURVE ( 'NONE', #4556, #2525, #2606, .T. ) ;
#443 = CARTESIAN_POINT ( 'NONE',  ( 0.5601173020771160700, 16.62983281045242400, -1.694212445547072400 ) ) ;
#444 = VERTEX_POINT ( 'NONE', #4153 ) ;
#445 = CARTESIAN_POINT ( 'NONE',  ( -1.493141931847350400, 6.071499477119116000, 1.330611577944787100 ) ) ;
#446 = CARTESIAN_POINT ( 'NONE',  ( 0.3347622820952812500, 2.277738738001443300, 1.615683822564250500 ) ) ;
#447 = CARTESIAN_POINT ( 'NONE',  ( 0.0000000000000000000, 9.500000000000005300, 0.0000000000000000000 ) ) ;
#448 = CARTESIAN_POINT ( 'NONE',  ( -0.6277930554638686500, 5.429832810452444900, 1.898914394994148500 ) ) ;
#449 = ORIENTED_EDGE ( 'NONE', *, *, #1674, .T. ) ;
#450 = CARTESIAN_POINT ( 'NONE',  ( -1.898914394991867200, 5.954832810452455000, -0.6277930554631124800 ) ) ;
#451 = FACE_OUTER_BOUND ( 'NONE', #5696, .T. ) ;
#452 = EDGE_LOOP ( 'NONE', ( #5074, #4915, #879, #3689 ) ) ;
#453 = AXIS2_PLACEMENT_3D ( 'NONE', #4220, #5131, #1188 ) ;
#454 = CARTESIAN_POINT ( 'NONE',  ( 1.187172366215480100, 0.9964994771191364500, 1.332182035473060700 ) ) ;
#455 = CARTESIAN_POINT ( 'NONE',  ( 1.747289668291783300, 17.30066614378575800, -0.3620304100755075700 ) ) ;
#456 = VECTOR ( 'NONE', #2000, 1000.000000000000000 ) ;
#457 = CARTESIAN_POINT ( 'NONE',  ( -9.429543486215421600E-015, 4.914381477805626700, -1.649999999999745000 ) ) ;
#458 = ORIENTED_EDGE ( 'NONE', *, *, #2563, .T. ) ;
#459 = CARTESIAN_POINT ( 'NONE',  ( 0.0000000000000000000, 10.00000000000000000, 0.0000000000000000000 ) ) ;
#460 = CARTESIAN_POINT ( 'NONE',  ( 1.467231017253632000, 15.05483281045242800, 0.4850758126987769200 ) ) ;
#461 = CARTESIAN_POINT ( 'NONE',  ( 2.261370884561367100, 6.363166143785787400, -0.4685456816509410100 ) ) ;
#462 = CARTESIAN_POINT ( 'NONE',  ( 1.898914394993481000, 14.00483281045242900, 0.6277930554661326200 ) ) ;
#463 = ORIENTED_EDGE ( 'NONE', *, *, #5608, .F. ) ;
#464 =( BOUNDED_CURVE ( )  B_SPLINE_CURVE ( 2, ( #2526, #5235, #292, #3423, #2020, #230, #2064, #2108, #2972 ),
 .UNSPECIFIED., .F., .F. ) 
 B_SPLINE_CURVE_WITH_KNOTS ( ( 3, 2, 2, 2, 3 ),
 ( 0.8055555555555556900, 0.8074074074074074600, 0.8111111111111111200, 0.8148148148148147700, 0.8166666666666667600 ),
 .UNSPECIFIED. ) 
 CURVE ( )  GEOMETRIC_REPRESENTATION_ITEM ( )  RATIONAL_B_SPLINE_CURVE ( ( 0.9330127018922194100, 0.9330127018922234100, 1.000000000000000000, 0.8660254037844387100, 1.000000000000000000, 0.8660254037844387100, 1.000000000000000000, 0.9330127018922154100, 0.9330127018922194100 ) ) 
 REPRESENTATION_ITEM ( '' )  );
#465 = EDGE_CURVE ( 'NONE', #4923, #444, #2139, .T. ) ;
#466 = DIRECTION ( 'NONE',  ( 0.0000000000000000000, 0.0000000000000000000, -1.000000000000000000 ) ) ;
#467 = CARTESIAN_POINT ( 'NONE',  ( -0.6277930554638234700, 5.517332810452450600, 1.898914394994163600 ) ) ;
#468 = AXIS2_PLACEMENT_3D ( 'NONE', #3987, #412, #1283 ) ;
#469 = VERTEX_POINT ( 'NONE', #4213 ) ;
#470 = CARTESIAN_POINT ( 'NONE',  ( -0.1691400011349762900, 4.017381598966566400, -1.649999999999662200 ) ) ;
#471 = CARTESIAN_POINT ( 'NONE',  ( 1.898914394993481000, 21.09233281045241200, 0.6277930554661326200 ) ) ;
#472 = CARTESIAN_POINT ( 'NONE',  ( 1.536457905425595300, 28.03399947711906000, 1.724131792583205100 ) ) ;
#473 = EDGE_CURVE ( 'NONE', #2181, #3849, #1872, .T. ) ;
#474 = ADVANCED_FACE ( 'NONE', ( #4387 ), #1358, .F. ) ;
#475 = CARTESIAN_POINT ( 'NONE',  ( 1.153703485184449700, 17.35899947711908800, -1.028121427811290000 ) ) ;
#476 = ORIENTED_EDGE ( 'NONE', *, *, #1452, .T. ) ;
#477 = CARTESIAN_POINT ( 'NONE',  ( -1.267577771975587600, 7.794426882903463700, -1.422408728879485300 ) ) ;
#478 = CARTESIAN_POINT ( 'NONE',  ( -1.467231017252008000, 16.80483281045242100, -0.4850758126957864200 ) ) ;
#479 = CARTESIAN_POINT ( 'NONE',  ( -1.898914394991857200, 3.854832810452457600, -0.6277930554631422400 ) ) ;
#480 = ORIENTED_EDGE ( 'NONE', *, *, #5128, .T. ) ;
#481 = CARTESIAN_POINT ( 'NONE',  ( 1.898914394993481000, 11.90483281045243800, 0.6277930554661326200 ) ) ;
#482 = CARTESIAN_POINT ( 'NONE',  ( 1.318305917104203100, 0.2372373561239297100, 3.499999999999999600 ) ) ;
#483 = CARTESIAN_POINT ( 'NONE',  ( 0.0000000000000000000, 0.0000000000000000000, 0.0000000000000000000 ) ) ;
#484 = CARTESIAN_POINT ( 'NONE',  ( 2.020667218593133000E-016, 10.00000000000000000, 1.650000000000000100 ) ) ;
#485 = CARTESIAN_POINT ( 'NONE',  ( -0.1189804768297026700, 4.848593549569415000, 2.067131037219797700 ) ) ;
#486 = ORIENTED_EDGE ( 'NONE', *, *, #2281, .T. ) ;
#487 = CARTESIAN_POINT ( 'NONE',  ( 2.261370884561359600, 2.250666143785793800, -0.4685456816509763200 ) ) ;
#488 = CARTESIAN_POINT ( 'NONE',  ( 2.149256308119709100E-014, 5.756026666236822500, 1.650000000002736200 ) ) ;
#489 = CARTESIAN_POINT ( 'NONE',  ( 1.865630979764672600, 1.961093549570144300, -0.3865501873620552100 ) ) ;
#490 = CARTESIAN_POINT ( 'NONE',  ( -1.898914394991857200, 29.14233281045239100, -0.6277930554631422400 ) ) ;
#491 = CIRCLE ( 'NONE', #4958, 3.500000000000000000 ) ;
#492 = CARTESIAN_POINT ( 'NONE',  ( -1.747289668290160200, 17.65066614378575600, 0.3620304100784984500 ) ) ;
#493 = CARTESIAN_POINT ( 'NONE',  ( -9.429543486215421600E-015, 7.714381477805620300, -1.649999999999745000 ) ) ;
#494 = CIRCLE ( 'NONE', #2588, 2.049999999999999800 ) ;
#495 = CARTESIAN_POINT ( 'NONE',  ( -0.3135275320683701400, 15.28816614378576100, -1.513197240508571600 ) ) ;
#496 = CARTESIAN_POINT ( 'NONE',  ( -0.4057724631436938600, 3.738166143785790000, -1.958404633406432700 ) ) ;
#497 = CARTESIAN_POINT ( 'NONE',  ( 1.898914394993481000, 9.104832810452441200, 0.6277930554661326200 ) ) ;
#498 = CARTESIAN_POINT ( 'NONE',  ( -9.429543486215421600E-015, 2.606026666236938500, -1.649999999999745000 ) ) ;
#499 = CARTESIAN_POINT ( 'NONE',  ( 1.493141931848950700, 3.708999477119122800, -1.330611577941823100 ) ) ;
#500 = LINE ( 'NONE', #4753, #5097 ) ;
#501 = CARTESIAN_POINT ( 'NONE',  ( 0.4057724631453844500, 6.275666143785784400, 1.958404633409409600 ) ) ;
#502 = CARTESIAN_POINT ( 'NONE',  ( -1.493141931847323100, 5.458999477119117900, 1.330611577944818000 ) ) ;
#503 =( BOUNDED_CURVE ( )  B_SPLINE_CURVE ( 2, ( #2464, #2508, #2955, #255, #3407, #973, #4581, #2800, #5038 ),
 .UNSPECIFIED., .F., .T. ) 
 B_SPLINE_CURVE_WITH_KNOTS ( ( 3, 2, 2, 2, 3 ),
 ( 0.7500000000000001100, 0.7518518518518518800, 0.7555555555555555400, 0.7592592592592593000, 0.7611111111111112900 ),
 .UNSPECIFIED. ) 
 CURVE ( )  GEOMETRIC_REPRESENTATION_ITEM ( )  RATIONAL_B_SPLINE_CURVE ( ( 0.9330127018922194100, 0.9330127018922234100, 1.000000000000000000, 0.8660254037844387100, 1.000000000000000000, 0.8660254037844387100, 1.000000000000000000, 0.9330127018922133000, 0.9330127018922194100 ) ) 
 REPRESENTATION_ITEM ( '' )  );
#504 = CARTESIAN_POINT ( 'NONE',  ( 1.865630979764672600, 3.152738738001445100, -0.3865501873620552100 ) ) ;
#505 = CARTESIAN_POINT ( 'NONE',  ( -1.493141931847350400, 22.95899947711907500, 1.330611577944787100 ) ) ;
#506 = VECTOR ( 'NONE', #2364, 1000.000000000000000 ) ;
#507 = CARTESIAN_POINT ( 'NONE',  ( -1.865630979763049500, 3.011093549570139900, 0.3865501873650462100 ) ) ;
#508 = ADVANCED_FACE ( 'NONE', ( #4253 ), #2776, .F. ) ;
#509 = EDGE_CURVE ( 'NONE', #2516, #2048, #2864, .T. ) ;
#510 = CARTESIAN_POINT ( 'NONE',  ( 1.960689590513366300, 9.950000000000496700, -0.3945837422582511600 ) ) ;
#511 = CARTESIAN_POINT ( 'NONE',  ( 2.261370884561349800, 7.763166143785786000, -0.4685456816510209500 ) ) ;
#512 = CARTESIAN_POINT ( 'NONE',  ( -0.3135275320683701400, -0.8118338562142015700, -1.513197240508571600 ) ) ;
#513 = CARTESIAN_POINT ( 'NONE',  ( 0.5601173020771160700, 16.71733281045242600, -1.694212445547072400 ) ) ;
#514 = ORIENTED_EDGE ( 'NONE', *, *, #3630, .T. ) ;
#515 = CARTESIAN_POINT ( 'NONE',  ( -0.3347622820936569900, 7.736093549570126600, -1.615683822561260200 ) ) ;
#516 = CARTESIAN_POINT ( 'NONE',  ( -0.7962507335498094600, 0.3420483282168737500, 1.515481587479801300 ) ) ;
#517 = CARTESIAN_POINT ( 'NONE',  ( 1.536457905425595300, 4.933999477119119300, 1.724131792583205100 ) ) ;
#518 = CARTESIAN_POINT ( 'NONE',  ( 0.3135275320699943400, 14.23816614378576500, 1.513197240511562100 ) ) ;
#519 = CARTESIAN_POINT ( 'NONE',  ( -1.493141931847350400, 2.571499477119126600, 1.330611577944787100 ) ) ;
#520 = ORIENTED_EDGE ( 'NONE', *, *, #2106, .F. ) ;
#521 = CARTESIAN_POINT ( 'NONE',  ( -0.4057724631436938600, 9.338166143785777300, -1.958404633406432700 ) ) ;
#522 = CARTESIAN_POINT ( 'NONE',  ( 1.865630979764672600, 6.161093549570135300, -0.3865501873620552100 ) ) ;
#523 = CARTESIAN_POINT ( 'NONE',  ( 1.536457905425635800, 3.533999477119122100, 1.724131792583168500 ) ) ;
#524 = CARTESIAN_POINT ( 'NONE',  ( 0.7397092485561765900, 0.4563675158261390500, -1.650000000000113400 ) ) ;
#525 = CARTESIAN_POINT ( 'NONE',  ( 1.536457905425595300, 23.13399947711907600, 1.724131792583205100 ) ) ;
#526 = ORIENTED_EDGE ( 'NONE', *, *, #2903, .T. ) ;
#527 = CARTESIAN_POINT ( 'NONE',  ( -1.493141931847350400, 18.67149947711908800, 1.330611577944787100 ) ) ;
#528 = CARTESIAN_POINT ( 'NONE',  ( 0.6277930554654721500, 7.879832810452442400, -1.898914394991164400 ) ) ;
#529 = AXIS2_PLACEMENT_3D ( 'NONE', #1485, #4648, #2856 ) ;
#530 = CARTESIAN_POINT ( 'NONE',  ( -0.7249129791349598900, 27.91733281045239300, 2.192677474235640700 ) ) ;
#531 = VERTEX_POINT ( 'NONE', #2609 ) ;
#532 = CARTESIAN_POINT ( 'NONE',  ( 1.467231017253632000, 15.84233281045242800, 0.4850758126987769200 ) ) ;
#533 = AXIS2_PLACEMENT_3D ( 'NONE', #4526, #4470, #1745 ) ;
#534 = CARTESIAN_POINT ( 'NONE',  ( -0.6277930554638538900, 0.6173328104524580300, 1.898914394994161400 ) ) ;
#535 = CARTESIAN_POINT ( 'NONE',  ( 0.6277930554654581600, 9.367332810452438700, -1.898914394991169100 ) ) ;
#536 = CARTESIAN_POINT ( 'NONE',  ( 1.898914394993481000, 6.392332810452448800, 0.6277930554661326200 ) ) ;
#537 = ORIENTED_EDGE ( 'NONE', *, *, #2137, .F. ) ;
#538 = CARTESIAN_POINT ( 'NONE',  ( -0.5601173020754920400, 13.47983281045243100, 1.694212445550063300 ) ) ;
#539 =( BOUNDED_CURVE ( )  B_SPLINE_CURVE ( 2, ( #5748, #5267, #5193, #222, #2498, #5670, #1669, #321, #2589 ),
 .UNSPECIFIED., .F., .F. ) 
 B_SPLINE_CURVE_WITH_KNOTS ( ( 3, 2, 2, 2, 3 ),
 ( 0.08444615761963436600, 0.08518518518518514200, 0.08888888888888890600, 0.09259259259259256000, 0.09555726873074199500 ),
 .UNSPECIFIED. ) 
 CURVE ( )  GEOMETRIC_REPRESENTATION_ITEM ( )  RATIONAL_B_SPLINE_CURVE ( ( 0.9572025516544304700, 0.9732670516845543000, 1.000000000000000000, 0.8660254037844386000, 1.000000000000000000, 0.8660254037844386000, 1.000000000000000000, 0.8927583521000119800, 0.9572025516542769200 ) ) 
 REPRESENTATION_ITEM ( '' )  );
#540 = ADVANCED_FACE ( 'NONE', ( #867 ), #1561, .T. ) ;
#541 = CARTESIAN_POINT ( 'NONE',  ( 1.493141931848975100, 2.221499477119130500, -1.330611577941795300 ) ) ;
#542 = CARTESIAN_POINT ( 'NONE',  ( 1.493141931848975100, 8.521499477119110800, -1.330611577941795300 ) ) ;
#543 = CARTESIAN_POINT ( 'NONE',  ( 1.136605634099553400, 3.736072071335490000, -1.730697752765545400 ) ) ;
#544 = EDGE_CURVE ( 'NONE', #39, #3059, #3760, .T. ) ;
#545 = CARTESIAN_POINT ( 'NONE',  ( 1.817894955708540000, 0.2420501129934361000, -0.07129446598026528700 ) ) ;
#546 = CARTESIAN_POINT ( 'NONE',  ( 1.493141931848922100, 3.008999477119124000, -1.330611577941855300 ) ) ;
#547 = DIRECTION ( 'NONE',  ( -0.0000000000000000000, 1.000000000000000000, -0.0000000000000000000 ) ) ;
#548 = CARTESIAN_POINT ( 'NONE',  ( -1.898914394991857200, 22.14233281045240900, -0.6277930554631422400 ) ) ;
#549 = CARTESIAN_POINT ( 'NONE',  ( -0.1691400011349813400, 2.825736410535267100, -1.649999999999660800 ) ) ;
#550 = CARTESIAN_POINT ( 'NONE',  ( -1.267577771975587600, 3.594426882903473800, -1.422408728879485300 ) ) ;
#551 = CARTESIAN_POINT ( 'NONE',  ( 1.566604375870941800, 7.294405404668099300, 0.5179292707602104500 ) ) ;
#552 = CARTESIAN_POINT ( 'NONE',  ( -0.4057724631436938600, 28.32566614378572500, -1.958404633406432700 ) ) ;
#553 = ORIENTED_EDGE ( 'NONE', *, *, #5046, .F. ) ;
#554 = EDGE_CURVE ( 'NONE', #4985, #4155, #373, .T. ) ;
#555 = CARTESIAN_POINT ( 'NONE',  ( 0.3135275320699943400, 15.02566614378576300, 1.513197240511562100 ) ) ;
#556 = EDGE_LOOP ( 'NONE', ( #2634, #476, #4291, #2311 ) ) ;
#557 = CARTESIAN_POINT ( 'NONE',  ( 2.261370884561367100, 29.46316614378572400, -0.4685456816509410100 ) ) ;
#558 = ORIENTED_EDGE ( 'NONE', *, *, #2523, .T. ) ;
#559 = CARTESIAN_POINT ( 'NONE',  ( -9.429543486215421600E-015, 8.206026666236926600, -1.649999999999745000 ) ) ;
#560 = CARTESIAN_POINT ( 'NONE',  ( 1.898914394993481000, 4.292332810452454500, 0.6277930554661326200 ) ) ;
#561 = CARTESIAN_POINT ( 'NONE',  ( -1.187172366213856000, 10.44649947711910600, -1.332182035470070400 ) ) ;
#562 = CARTESIAN_POINT ( 'NONE',  ( -0.4057724631436938600, 2.338166143785791500, -1.958404633406432700 ) ) ;
#563 = CARTESIAN_POINT ( 'NONE',  ( -1.493141931847350400, 7.471499477119114600, 1.330611577944787100 ) ) ;
#564 = FACE_OUTER_BOUND ( 'NONE', #5028, .T. ) ;
#565 = ORIENTED_EDGE ( 'NONE', *, *, #2668, .F. ) ;
#566 = CARTESIAN_POINT ( 'NONE',  ( 0.0000000000000000000, 10.00000000000000000, 0.0000000000000000000 ) ) ;
#567 = CARTESIAN_POINT ( 'NONE',  ( 0.0000000000000000000, 10.00000000000000000, 0.0000000000000000000 ) ) ;
#568 = CARTESIAN_POINT ( 'NONE',  ( 2.612272442431102300, 0.09550848253783630900, 2.475411406497286700 ) ) ;
#569 = CARTESIAN_POINT ( 'NONE',  ( -0.6277930554638704300, 8.229832810452443000, 1.898914394994147800 ) ) ;
#570 = CARTESIAN_POINT ( 'NONE',  ( -1.898914394991857200, 23.54233281045240700, -0.6277930554631422400 ) ) ;
#571 = CIRCLE ( 'NONE', #2702, 4.000000000000000000 ) ;
#572 = DIRECTION ( 'NONE',  ( 0.8660254037844389300, -0.0000000000000000000, 0.4999999999999996100 ) ) ;
#573 = CARTESIAN_POINT ( 'NONE',  ( 3.449905384059969400, 9.904491517462163900, 1.024588593502711700 ) ) ;
#574 = CARTESIAN_POINT ( 'NONE',  ( 1.267577771977211700, 7.236072071334764800, 1.422408728882475800 ) ) ;
#575 = CARTESIAN_POINT ( 'NONE',  ( 1.493141931848975100, 24.70899947711906800, -1.330611577941795300 ) ) ;
#576 = CARTESIAN_POINT ( 'NONE',  ( -1.187172366213856000, 14.73399947711909300, -1.332182035470070400 ) ) ;
#577 = LINE ( 'NONE', #672, #5231 ) ;
#578 = CARTESIAN_POINT ( 'NONE',  ( -1.898914394991857200, 3.242332810452455600, -0.6277930554631422400 ) ) ;
#579 = DIRECTION ( 'NONE',  ( -0.0000000000000000000, -1.000000000000000000, -0.0000000000000000000 ) ) ;
#580 = CARTESIAN_POINT ( 'NONE',  ( 1.187172366215480100, 11.49649947711910000, 1.332182035473060700 ) ) ;
#581 = EDGE_CURVE ( 'NONE', #3810, #3731, #4951, .T. ) ;
#582 = CYLINDRICAL_SURFACE ( 'NONE', #4079, 2.000000000000000000 ) ;
#583 =( BOUNDED_CURVE ( )  B_SPLINE_CURVE ( 2, ( #3249, #5558, #3632, #4998, #3707, #2765, #68, #957, #125 ),
 .UNSPECIFIED., .F., .T. ) 
 B_SPLINE_CURVE_WITH_KNOTS ( ( 3, 2, 2, 2, 3 ),
 ( 0.8833333333333335300, 0.8851851851851851900, 0.8888888888888888400, 0.8925925925925926000, 0.8944444444444446000 ),
 .UNSPECIFIED. ) 
 CURVE ( )  GEOMETRIC_REPRESENTATION_ITEM ( )  RATIONAL_B_SPLINE_CURVE ( ( 0.9330127018922194100, 0.9330127018922254000, 1.000000000000000000, 0.8660254037844387100, 1.000000000000000000, 0.8660254037844387100, 1.000000000000000000, 0.9330127018922133000, 0.9330127018922194100 ) ) 
 REPRESENTATION_ITEM ( '' )  );
#584 = CARTESIAN_POINT ( 'NONE',  ( -2.261370884559743600, 1.813166143785795500, 0.4685456816539321200 ) ) ;
#585 = CARTESIAN_POINT ( 'NONE',  ( -1.898914394991857200, 9.454832810452444400, -0.6277930554631422400 ) ) ;
#586 = VERTEX_POINT ( 'NONE', #814 ) ;
#587 = CARTESIAN_POINT ( 'NONE',  ( -2.261370884559743600, 24.30066614378573300, 0.4685456816539321200 ) ) ;
#588 = CARTESIAN_POINT ( 'NONE',  ( -1.747289668290160200, 7.850666143785781000, 0.3620304100784984500 ) ) ;
#589 = EDGE_CURVE ( 'NONE', #1532, #4212, #770, .T. ) ;
#590 = DIRECTION ( 'NONE',  ( 0.0000000000000000000, 0.0000000000000000000, -1.000000000000000000 ) ) ;
#591 = EDGE_CURVE ( 'NONE', #2284, #841, #2426, .T. ) ;
#592 = CARTESIAN_POINT ( 'NONE',  ( 2.215044558767286500, 9.647368451334980200, 3.163430283186074600 ) ) ;
#593 = ORIENTED_EDGE ( 'NONE', *, *, #625, .T. ) ;
#594 = CARTESIAN_POINT ( 'NONE',  ( 0.7249129791365839200, 24.76733281045240200, -2.192677474232650700 ) ) ;
#595 = CARTESIAN_POINT ( 'NONE',  ( 0.5601173020771160700, 13.91733281045243100, -1.694212445547072400 ) ) ;
#596 = ORIENTED_EDGE ( 'NONE', *, *, #355, .F. ) ;
#597 = CARTESIAN_POINT ( 'NONE',  ( 1.771079178004581600, 9.723891994057604300, -0.2276456169013222300 ) ) ;
#598 = CARTESIAN_POINT ( 'NONE',  ( -1.536457905423971100, 4.583999477119120600, -1.724131792580214700 ) ) ;
#599 = CARTESIAN_POINT ( 'NONE',  ( -1.467231017252008000, 11.90483281045243800, -0.4850758126957864200 ) ) ;
#600 = ADVANCED_FACE ( 'NONE', ( #33 ), #4881, .F. ) ;
#601 = FACE_OUTER_BOUND ( 'NONE', #1656, .T. ) ;
#602 = CARTESIAN_POINT ( 'NONE',  ( -1.187172366213856000, 28.73399947711906000, -1.332182035470070400 ) ) ;
#603 = CARTESIAN_POINT ( 'NONE',  ( -1.766955825926070900, 9.707661475877149100, -0.1416207225350025200 ) ) ;
#604 = ORIENTED_EDGE ( 'NONE', *, *, #3602, .F. ) ;
#605 = CARTESIAN_POINT ( 'NONE',  ( -1.536457905424003700, 7.996499477119114000, -1.724131792580185300 ) ) ;
#606 = CARTESIAN_POINT ( 'NONE',  ( -9.429543486215421600E-015, 2.606026666236938500, -1.649999999999745000 ) ) ;
#607 = CARTESIAN_POINT ( 'NONE',  ( 0.6277930554654759200, -0.8576671895476062300, -1.898914394991165100 ) ) ;
#608 = CARTESIAN_POINT ( 'NONE',  ( 0.3135275320699943400, 8.025666143785779000, 1.513197240511562100 ) ) ;
#609 = EDGE_LOOP ( 'NONE', ( #1055, #3733, #3296, #1128, #3697, #5520 ) ) ;
#610 = CARTESIAN_POINT ( 'NONE',  ( 0.0000000000000000000, 10.00000000000000000, 0.0000000000000000000 ) ) ;
#611 = CARTESIAN_POINT ( 'NONE',  ( 8.778253695876226200E-016, 7.014381477805621900, -1.649999999999745200 ) ) ;
#612 = CARTESIAN_POINT ( 'NONE',  ( 3.999334749797389200, 9.500000000000005300, -0.07294901687515871500 ) ) ;
#613 = CARTESIAN_POINT ( 'NONE',  ( 1.493141931848975100, 26.80899947711906300, -1.330611577941795300 ) ) ;
#614 = CARTESIAN_POINT ( 'NONE',  ( 1.153703485184449700, 15.25899947711909600, -1.028121427811290000 ) ) ;
#615 = VERTEX_POINT ( 'NONE', #2210 ) ;
#616 =( BOUNDED_CURVE ( )  B_SPLINE_CURVE ( 2, ( #2786, #2746, #4115, #487, #1903, #1841, #3633, #88, #5049 ),
 .UNSPECIFIED., .F., .T. ) 
 B_SPLINE_CURVE_WITH_KNOTS ( ( 3, 2, 2, 2, 3 ),
 ( 0.8722222222222223400, 0.8740740740740741100, 0.8777777777777777700, 0.8814814814814815300, 0.8833333333333335300 ),
 .UNSPECIFIED. ) 
 CURVE ( )  GEOMETRIC_REPRESENTATION_ITEM ( )  RATIONAL_B_SPLINE_CURVE ( ( 0.9330127018922194100, 0.9330127018922234100, 1.000000000000000000, 0.8660254037844387100, 1.000000000000000000, 0.8660254037844387100, 1.000000000000000000, 0.9330127018922133000, 0.9330127018922194100 ) ) 
 REPRESENTATION_ITEM ( '' )  );
#617 = CARTESIAN_POINT ( 'NONE',  ( -1.136605634097935100, 2.598572071335494300, 1.730697752768532500 ) ) ;
#618 = CARTESIAN_POINT ( 'NONE',  ( 1.898914394993481000, 1.492332810452461100, 0.6277930554661326200 ) ) ;
#619 = CARTESIAN_POINT ( 'NONE',  ( -1.153703485182825400, 12.72149947711909800, 1.028121427814281600 ) ) ;
#620 = VERTEX_POINT ( 'NONE', #1822 ) ;
#621 = CARTESIAN_POINT ( 'NONE',  ( 0.7249129791365839200, -0.5201671895475316100, -2.192677474232650700 ) ) ;
#622 = ORIENTED_EDGE ( 'NONE', *, *, #5425, .T. ) ;
#623 = CARTESIAN_POINT ( 'NONE',  ( 4.047199708010047300E-014, 9.603820753293982500, -1.653820753293978400 ) ) ;
#624 = DIRECTION ( 'NONE',  ( 0.3138965277323320600, 0.0000000000000000000, -0.9494571974963301700 ) ) ;
#625 = EDGE_CURVE ( 'NONE', #3213, #3291, #835, .T. ) ;
#626 = CARTESIAN_POINT ( 'NONE',  ( -0.7397092485552133600, 4.514722327394769900, 1.650000000002363100 ) ) ;
#627 = CARTESIAN_POINT ( 'NONE',  ( 0.6277930554654759200, -0.8576671895476062300, -1.898914394991165100 ) ) ;
#628 = AXIS2_PLACEMENT_3D ( 'NONE', #4574, #1867, #5029 ) ;
#629 = ORIENTED_EDGE ( 'NONE', *, *, #174, .F. ) ;
#630 = CARTESIAN_POINT ( 'NONE',  ( 1.153703485184449700, 6.858999477119116500, -1.028121427811290000 ) ) ;
#631 = CARTESIAN_POINT ( 'NONE',  ( -1.536457905423995300, 1.083999477119128100, -1.724131792580192700 ) ) ;
#632 = CARTESIAN_POINT ( 'NONE',  ( -9.429543486215421600E-015, 0.7143814778056383200, -1.649999999999745000 ) ) ;
#633 = CARTESIAN_POINT ( 'NONE',  ( -1.493141931847311400, 0.5589994771191299000, 1.330611577944831300 ) ) ;
#634 = CARTESIAN_POINT ( 'NONE',  ( -2.261370884559743600, 18.00066614378575400, 0.4685456816539321200 ) ) ;
#635 = CARTESIAN_POINT ( 'NONE',  ( -0.6718995274061856400, 0.05032633593125485800, 3.500000000000000000 ) ) ;
#636 = EDGE_CURVE ( 'NONE', #4932, #1454, #232, .T. ) ;
#637 = FACE_OUTER_BOUND ( 'NONE', #3170, .T. ) ;
#638 = CARTESIAN_POINT ( 'NONE',  ( -1.187172366213856000, 11.23399947711910600, -1.332182035470070400 ) ) ;
#639 = ORIENTED_EDGE ( 'NONE', *, *, #5046, .T. ) ;
#640 = CARTESIAN_POINT ( 'NONE',  ( 1.898914394993481000, 26.60483281045239700, 0.6277930554661326200 ) ) ;
#641 = CARTESIAN_POINT ( 'NONE',  ( -1.597295918510323000, 0.2309950961180325900, -0.8781999575224480600 ) ) ;
#642 = CARTESIAN_POINT ( 'NONE',  ( 1.493141931848975100, 1.608999477119128700, -1.330611577941795300 ) ) ;
#643 = CARTESIAN_POINT ( 'NONE',  ( 1.187172366215480100, 7.996499477119114000, 1.332182035473060700 ) ) ;
#644 = CARTESIAN_POINT ( 'NONE',  ( 0.3135275320699943400, 28.32566614378572500, 1.513197240511562100 ) ) ;
#645 = CARTESIAN_POINT ( 'NONE',  ( -0.1189804768296998500, 4.148593549569416600, 2.067131037219792900 ) ) ;
#646 = CARTESIAN_POINT ( 'NONE',  ( -0.4057724631437531500, 7.325666143785779700, -1.958404633406420700 ) ) ;
#647 = CARTESIAN_POINT ( 'NONE',  ( 1.898914394993485200, 0.09233281045246608000, 0.6277930554661198500 ) ) ;
#648 = CARTESIAN_POINT ( 'NONE',  ( 1.747289668291783300, 26.31316614378572900, -0.3620304100755075700 ) ) ;
#649 = CARTESIAN_POINT ( 'NONE',  ( -1.187172366213856000, 6.333999477119117000, -1.332182035470070400 ) ) ;
#650 = DIRECTION ( 'NONE',  ( 0.0000000000000000000, 0.0000000000000000000, -1.000000000000000000 ) ) ;
#651 = B_SPLINE_CURVE_WITH_KNOTS ( 'NONE', 3,
 ( #5542, #3237, #3280, #1910, #5075, #4202 ),
 .UNSPECIFIED., .F., .F.,
 ( 4, 2, 4 ),
 ( 0.002002522390752438300, 0.002997448974640020400, 0.003992375558527602900 ),
 .UNSPECIFIED. ) ;
#652 = CYLINDRICAL_SURFACE ( 'NONE', #5780, 1.650000000000000100 ) ;
#653 = CARTESIAN_POINT ( 'NONE',  ( 1.865630979764672600, 7.561093549570132100, -0.3865501873620552100 ) ) ;
#654 = CARTESIAN_POINT ( 'NONE',  ( 1.493141931848975100, 19.10899947711908100, -1.330611577941795300 ) ) ;
#655 = CARTESIAN_POINT ( 'NONE',  ( 0.5601173020771160700, 11.81733281045243400, -1.694212445547072400 ) ) ;
#656 = CYLINDRICAL_SURFACE ( 'NONE', #3530, 1.650000000000000100 ) ;
#657 = CARTESIAN_POINT ( 'NONE',  ( -1.493141931847350400, 26.37149947711906600, 1.330611577944787100 ) ) ;
#658 = CARTESIAN_POINT ( 'NONE',  ( -2.261370884559737800, 3.913166143785793900, 0.4685456816539584300 ) ) ;
#659 = CARTESIAN_POINT ( 'NONE',  ( -1.536457905423971100, 0.3839994771191310700, -1.724131792580214700 ) ) ;
#660 = CARTESIAN_POINT ( 'NONE',  ( -1.467231017252008000, 9.804832810452440500, -0.4850758126957864200 ) ) ;
#661 = EDGE_CURVE ( 'NONE', #4076, #1261, #3116, .T. ) ;
#662 = CARTESIAN_POINT ( 'NONE',  ( 0.4057724631453182900, -0.8118338562141946800, 1.958404633409422900 ) ) ;
#663 = ORIENTED_EDGE ( 'NONE', *, *, #2215, .F. ) ;
#664 = AXIS2_PLACEMENT_3D ( 'NONE', #3820, #2410, #650 ) ;
#665 = DIRECTION ( 'NONE',  ( 0.0000000000000000000, 0.0000000000000000000, 1.000000000000000000 ) ) ;
#666 = CARTESIAN_POINT ( 'NONE',  ( 0.6277930554654581600, 9.367332810452438700, -1.898914394991169100 ) ) ;
#667 = CARTESIAN_POINT ( 'NONE',  ( -0.1189804768296862400, 6.861093549569411600, 2.067131037219786200 ) ) ;
#668 = CARTESIAN_POINT ( 'NONE',  ( -1.747289668290160200, 26.66316614378573400, 0.3620304100784984500 ) ) ;
#669 = ORIENTED_EDGE ( 'NONE', *, *, #3381, .T. ) ;
#670 = CARTESIAN_POINT ( 'NONE',  ( -1.747289668290160200, 9.250666143785778700, 0.3620304100784984500 ) ) ;
#671 = EDGE_CURVE ( 'NONE', #3303, #1261, #4380, .T. ) ;
#672 = CARTESIAN_POINT ( 'NONE',  ( 0.0000000000000000000, 10.00000000000000000, -1.650000000000000100 ) ) ;
#673 = CARTESIAN_POINT ( 'NONE',  ( -1.990681402645799100E-014, 8.556026666236810700, 1.650000000002735700 ) ) ;
#674 = CARTESIAN_POINT ( 'NONE',  ( -1.136605634097922900, 3.298572071335492700, 1.730697752768540500 ) ) ;
#675 = DIRECTION ( 'NONE',  ( 0.0000000000000000000, 0.0000000000000000000, -1.000000000000000000 ) ) ;
#676 = CARTESIAN_POINT ( 'NONE',  ( -0.4057724631436938600, 17.82566614378575000, -1.958404633406432700 ) ) ;
#677 = EDGE_LOOP ( 'NONE', ( #2726, #418, #3490, #871 ) ) ;
#678 = CARTESIAN_POINT ( 'NONE',  ( -1.467231017252008000, 11.29233281045243600, -0.4850758126957864200 ) ) ;
#679 = CARTESIAN_POINT ( 'NONE',  ( -1.536457905423971100, 26.19649947711906500, -1.724131792580214700 ) ) ;
#680 = CARTESIAN_POINT ( 'NONE',  ( -1.898914394991872100, 3.854832810452457600, -0.6277930554630974900 ) ) ;
#681 = CARTESIAN_POINT ( 'NONE',  ( 1.536457905425595300, 0.03399947711913264100, 1.724131792583205100 ) ) ;
#682 = ORIENTED_EDGE ( 'NONE', *, *, #744, .T. ) ;
#683 = CARTESIAN_POINT ( 'NONE',  ( -0.3135275320683701400, 10.38816614378577300, -1.513197240508571600 ) ) ;
#684 = CARTESIAN_POINT ( 'NONE',  ( -1.153703485182825400, 27.50899947711906200, 1.028121427814281600 ) ) ;
#685 = CARTESIAN_POINT ( 'NONE',  ( -0.1150082906734565800, 9.608704293276689500, -1.658704293276690900 ) ) ;
#686 = CARTESIAN_POINT ( 'NONE',  ( 2.143592918638497900E-014, 1.064381477805529600, 1.650000000002736200 ) ) ;
#687 = ORIENTED_EDGE ( 'NONE', *, *, #101, .F. ) ;
#688 = DIRECTION ( 'NONE',  ( -0.0000000000000000000, -1.000000000000000000, -0.0000000000000000000 ) ) ;
#689 = CARTESIAN_POINT ( 'NONE',  ( 1.536457905425595300, 13.33399947711910000, 1.724131792583205100 ) ) ;
#690 = CARTESIAN_POINT ( 'NONE',  ( -0.6277930554638409000, 6.829832810452446200, 1.898914394994157400 ) ) ;
#691 = CARTESIAN_POINT ( 'NONE',  ( -1.467231017252008000, 25.90483281045239700, -0.4850758126957864200 ) ) ;
#692 = CARTESIAN_POINT ( 'NONE',  ( -0.5601173020754920400, 3.067332810452456600, 1.694212445550063300 ) ) ;
#693 = CARTESIAN_POINT ( 'NONE',  ( -1.936491673103707000, 0.4999999999999952300, 3.500000000000000900 ) ) ;
#694 = CARTESIAN_POINT ( 'NONE',  ( 1.865630979764672600, 1.052738738001447000, -0.3865501873620552100 ) ) ;
#695 = CARTESIAN_POINT ( 'NONE',  ( -1.536457905424069900, 0.2964994771191354400, -1.724131792580127200 ) ) ;
#696 =( BOUNDED_CURVE ( )  B_SPLINE_CURVE ( 2, ( #4674, #1964, #3787, #4921, #2094, #1721, #1740, #5226, #4793 ),
 .UNSPECIFIED., .F., .T. ) 
 B_SPLINE_CURVE_WITH_KNOTS ( ( 3, 2, 2, 2, 3 ),
 ( 0.6599982868248135400, 0.6629629629629629800, 0.6666666666666666300, 0.6703703703703703900, 0.6711093979359211700 ),
 .UNSPECIFIED. ) 
 CURVE ( )  GEOMETRIC_REPRESENTATION_ITEM ( )  RATIONAL_B_SPLINE_CURVE ( ( 0.9572025516542770300, 0.8927583521000119800, 1.000000000000000000, 0.8660254037844386000, 1.000000000000000000, 0.8660254037844386000, 1.000000000000000000, 0.9732670516845543000, 0.9572025516544304700 ) ) 
 REPRESENTATION_ITEM ( '' )  );
#697 = CARTESIAN_POINT ( 'NONE',  ( 1.566604375870941800, 4.002760216236803000, 0.5179292707602105600 ) ) ;
#698 = CARTESIAN_POINT ( 'NONE',  ( -1.536457905423971100, 16.48399947711909500, -1.724131792580214700 ) ) ;
#699 = CARTESIAN_POINT ( 'NONE',  ( -1.467231017252008000, 11.99233281045243500, -0.4850758126957864200 ) ) ;
#700 = CARTESIAN_POINT ( 'NONE',  ( 1.898914394993481000, 25.90483281045239700, 0.6277930554661326200 ) ) ;
#701 = EDGE_LOOP ( 'NONE', ( #4756, #2943, #1741, #4358 ) ) ;
#702 = CARTESIAN_POINT ( 'NONE',  ( 0.0000000000000000000, 10.00000000000000000, 0.0000000000000000000 ) ) ;
#703 = CARTESIAN_POINT ( 'NONE',  ( -1.493141931847350400, 0.5589994771191299000, 1.330611577944787100 ) ) ;
#704 = CARTESIAN_POINT ( 'NONE',  ( 0.5601173020771160700, 6.829832810452452400, -1.694212445547072400 ) ) ;
#705 = CARTESIAN_POINT ( 'NONE',  ( -1.153703485182825400, 26.10899947711906700, 1.028121427814281600 ) ) ;
#706 = CARTESIAN_POINT ( 'NONE',  ( -1.322604276460670000, 9.767389816822529300, 1.251782444533857900 ) ) ;
#707 = VERTEX_POINT ( 'NONE', #3635 ) ;
#708 = VERTEX_POINT ( 'NONE', #937 ) ;
#709 = EDGE_CURVE ( 'NONE', #1640, #708, #1628, .T. ) ;
#710 = CARTESIAN_POINT ( 'NONE',  ( 1.609664685579018000, 9.894350603571084000, 1.099906664240379600 ) ) ;
#711 = CARTESIAN_POINT ( 'NONE',  ( -0.6277930554638524500, -0.8576671895476062300, 1.898914394994155600 ) ) ;
#712 = CARTESIAN_POINT ( 'NONE',  ( 1.493141931848975100, 11.40899947711910500, -1.330611577941795300 ) ) ;
#713 = DIRECTION ( 'NONE',  ( 0.3138965277323320600, 0.0000000000000000000, -0.9494571974963301700 ) ) ;
#714 = AXIS2_PLACEMENT_3D ( 'NONE', #132, #3692, #4186 ) ;
#715 = CARTESIAN_POINT ( 'NONE',  ( -1.153703485182825400, 5.808999477119117600, 1.028121427814281600 ) ) ;
#716 = CARTESIAN_POINT ( 'NONE',  ( 0.1189804768312998600, 2.398593549569421500, -2.067131037216795700 ) ) ;
#717 = ORIENTED_EDGE ( 'NONE', *, *, #2779, .T. ) ;
#718 = CARTESIAN_POINT ( 'NONE',  ( -2.261370884559743600, 17.91316614378575500, 0.4685456816539321200 ) ) ;
#719 = CARTESIAN_POINT ( 'NONE',  ( 0.1189804768313336700, 7.998593549569409200, -2.067131037216801900 ) ) ;
#720 = CARTESIAN_POINT ( 'NONE',  ( 2.149256308119709100E-014, 7.856026666236814100, 1.650000000002736200 ) ) ;
#721 = CARTESIAN_POINT ( 'NONE',  ( 2.694057138430713500, 9.939505841580464500, -2.333756157744381700 ) ) ;
#722 = CARTESIAN_POINT ( 'NONE',  ( -1.898914394991857200, 17.24233281045242100, -0.6277930554631422400 ) ) ;
#723 = CIRCLE ( 'NONE', #3269, 3.499999999999999600 ) ;
#724 = CARTESIAN_POINT ( 'NONE',  ( -2.261370884559743600, 29.11316614378572600, 0.4685456816539321200 ) ) ;
#725 = CARTESIAN_POINT ( 'NONE',  ( -1.136605634097916700, 4.086072071335489200, 1.730697752768559200 ) ) ;
#726 = CARTESIAN_POINT ( 'NONE',  ( 1.747289668291783300, 8.113166143785779400, -0.3620304100755075700 ) ) ;
#727 = ADVANCED_FACE ( 'NONE', ( #1836 ), #4028, .F. ) ;
#728 = CARTESIAN_POINT ( 'NONE',  ( 0.5601173020771160700, 27.21733281045239700, -1.694212445547072400 ) ) ;
#729 = CARTESIAN_POINT ( 'NONE',  ( -1.493141931847350400, 12.45899947711910000, 1.330611577944787100 ) ) ;
#730 = VECTOR ( 'NONE', #5452, 1000.000000000000000 ) ;
#731 = CARTESIAN_POINT ( 'NONE',  ( -0.3135275320683701400, 22.28816614378574100, -1.513197240508571600 ) ) ;
#732 = CARTESIAN_POINT ( 'NONE',  ( -0.3135275320683701400, 4.875666143785785800, -1.513197240508571600 ) ) ;
#733 = CARTESIAN_POINT ( 'NONE',  ( 1.493141931848975100, 7.121499477119118500, -1.330611577941795300 ) ) ;
#734 = CARTESIAN_POINT ( 'NONE',  ( 8.118505867571457200E-013, -0.8576671895476062300, 1.495331636292007700E-012 ) ) ;
#735 = CARTESIAN_POINT ( 'NONE',  ( 1.136605634099551600, 1.548572071335499100, -1.730697752765546500 ) ) ;
#736 = CARTESIAN_POINT ( 'NONE',  ( -1.493141931847350400, 15.25899947711909600, 1.330611577944787100 ) ) ;
#737 = ORIENTED_EDGE ( 'NONE', *, *, #1665, .T. ) ;
#738 = PERSON_AND_ORGANIZATION ( #1475, #5042 ) ;
#739 = CARTESIAN_POINT ( 'NONE',  ( -2.261370884559743600, 24.91316614378573700, 0.4685456816539321200 ) ) ;
#740 = VERTEX_POINT ( 'NONE', #4906 ) ;
#741 = CARTESIAN_POINT ( 'NONE',  ( 3.115617794898256900, 2.287930105305782500E-016, -1.603591682270510100 ) ) ;
#742 = DIRECTION ( 'NONE',  ( 0.0000000000000000000, 0.0000000000000000000, 1.000000000000000000 ) ) ;
#743 = CARTESIAN_POINT ( 'NONE',  ( 1.187172366215480100, 3.796499477119124100, 1.332182035473060700 ) ) ;
#744 = EDGE_CURVE ( 'NONE', #5654, #2326, #5015, .T. ) ;
#745 = VECTOR ( 'NONE', #3358, 1000.000000000000000 ) ;
#746 = CARTESIAN_POINT ( 'NONE',  ( 0.3135275320699943400, 25.52566614378573500, 1.513197240511562100 ) ) ;
#747 = VERTEX_POINT ( 'NONE', #4072 ) ;
#748 = CARTESIAN_POINT ( 'NONE',  ( 0.0000000000000000000, 10.00000000000000000, 0.0000000000000000000 ) ) ;
#749 = CARTESIAN_POINT ( 'NONE',  ( 0.4057724631453182900, 11.17566614378577200, 1.958404633409422900 ) ) ;
#750 = CARTESIAN_POINT ( 'NONE',  ( -1.153703485182825400, 23.92149947711907400, 1.028121427814281600 ) ) ;
#751 = CARTESIAN_POINT ( 'NONE',  ( 1.467231017253632000, 4.642332810452454200, 0.4850758126987769200 ) ) ;
#752 = EDGE_CURVE ( 'NONE', #4483, #776, #1418, .T. ) ;
#753 = ORIENTED_EDGE ( 'NONE', *, *, #636, .T. ) ;
#754 = CARTESIAN_POINT ( 'NONE',  ( -0.1189804768296978000, 1.348593549569424300, 2.067131037219793300 ) ) ;
#755 = ADVANCED_FACE ( 'NONE', ( #1771 ), #227, .T. ) ;
#756 = DIRECTION ( 'NONE',  ( 0.0000000000000000000, 0.0000000000000000000, -1.000000000000000000 ) ) ;
#757 = CARTESIAN_POINT ( 'NONE',  ( -0.4057724631436938600, 15.72566614378576100, -1.958404633406432700 ) ) ;
#758 = VERTEX_POINT ( 'NONE', #2684 ) ;
#759 = AXIS2_PLACEMENT_3D ( 'NONE', #2724, #5408, #30 ) ;
#760 = CARTESIAN_POINT ( 'NONE',  ( 2.261370884561367100, 24.56316614378574000, -0.4685456816509410100 ) ) ;
#761 = CARTESIAN_POINT ( 'NONE',  ( -0.1691400011349814000, 3.317381598966573400, -1.649999999999660800 ) ) ;
#762 = CARTESIAN_POINT ( 'NONE',  ( -1.231842093774848400, 0.7610720713347837200, 1.097754551805536500 ) ) ;
#763 = CARTESIAN_POINT ( 'NONE',  ( 0.4057724631453182900, -0.7243338562142008800, 1.958404633409422900 ) ) ;
#764 = CARTESIAN_POINT ( 'NONE',  ( 1.187172366215480100, 6.596499477119115400, 1.332182035473060700 ) ) ;
#765 = ORIENTED_EDGE ( 'NONE', *, *, #5467, .F. ) ;
#766 = CARTESIAN_POINT ( 'NONE',  ( -1.153703485182825400, 24.00899947711906900, 1.028121427814281600 ) ) ;
#767 = CARTESIAN_POINT ( 'NONE',  ( -9.429543486215421600E-015, 7.506026666236925500, -1.649999999999745000 ) ) ;
#768 = CARTESIAN_POINT ( 'NONE',  ( -1.493141931847350400, 11.05899947711910500, 1.330611577944787100 ) ) ;
#769 = CARTESIAN_POINT ( 'NONE',  ( 1.467231017253632000, 22.75483281045241000, 0.4850758126987769200 ) ) ;
#770 =( BOUNDED_CURVE ( )  B_SPLINE_CURVE ( 2, ( #1235, #5324, #397, #852, #1705, #2626, #3081, #5747, #3975 ),
 .UNSPECIFIED., .F., .T. ) 
 B_SPLINE_CURVE_WITH_KNOTS ( ( 3, 2, 2, 2, 3 ),
 ( 0.2066683798418531600, 0.2074074074074073700, 0.2111111111111111400, 0.2148148148148147900, 0.2177794909529677800 ),
 .UNSPECIFIED. ) 
 CURVE ( )  GEOMETRIC_REPRESENTATION_ITEM ( )  RATIONAL_B_SPLINE_CURVE ( ( 0.9572025516542808100, 0.9732670516844298400, 1.000000000000000000, 0.8660254037844386000, 1.000000000000000000, 0.8660254037844386000, 1.000000000000000000, 0.8927583520998835200, 0.9572025516544313600 ) ) 
 REPRESENTATION_ITEM ( '' )  );
#771 = ORIENTED_EDGE ( 'NONE', *, *, #2409, .F. ) ;
#772 = CARTESIAN_POINT ( 'NONE',  ( 2.261370884561355600, 0.7631661437858001700, -0.4685456816509945300 ) ) ;
#773 = CARTESIAN_POINT ( 'NONE',  ( -1.493141931847350400, 14.47149947711909600, 1.330611577944787100 ) ) ;
#774 = CARTESIAN_POINT ( 'NONE',  ( -0.6277930554638686500, 5.429832810452444900, 1.898914394994148500 ) ) ;
#775 = CARTESIAN_POINT ( 'NONE',  ( -1.536457905423971100, 15.78399947711909400, -1.724131792580214700 ) ) ;
#776 = VERTEX_POINT ( 'NONE', #4033 ) ;
#777 = EDGE_CURVE ( 'NONE', #5054, #3866, #3541, .T. ) ;
#778 = CARTESIAN_POINT ( 'NONE',  ( -1.898914394991857200, 24.15483281045240500, -0.6277930554631422400 ) ) ;
#779 = CARTESIAN_POINT ( 'NONE',  ( 1.231842093776472900, 6.919426882903464600, -1.097754551802544900 ) ) ;
#780 = CARTESIAN_POINT ( 'NONE',  ( -2.612272442431100100, 0.09550848253783511500, -2.475411406497286300 ) ) ;
#781 = FACE_OUTER_BOUND ( 'NONE', #1959, .T. ) ;
#782 = CARTESIAN_POINT ( 'NONE',  ( 1.747289668291783300, 6.013166143785785100, -0.3620304100755075700 ) ) ;
#783 = VERTEX_POINT ( 'NONE', #5864 ) ;
#784 = CARTESIAN_POINT ( 'NONE',  ( -1.747289668290160200, 25.35066614378574100, 0.3620304100784984500 ) ) ;
#785 = EDGE_CURVE ( 'NONE', #2576, #1865, #2430, .T. ) ;
#786 = CARTESIAN_POINT ( 'NONE',  ( 1.829743214927641600, 0.07229093991465954100, -0.7601422133175496100 ) ) ;
#787 = CARTESIAN_POINT ( 'NONE',  ( 0.7249129791365839200, 10.06733281045244200, -2.192677474232650700 ) ) ;
#788 = CARTESIAN_POINT ( 'NONE',  ( -1.747289668290160200, 21.76316614378574200, 0.3620304100784984500 ) ) ;
#789 = CARTESIAN_POINT ( 'NONE',  ( 0.5601173020771160700, -0.08266718954753350700, -1.694212445547072400 ) ) ;
#790 = DIRECTION ( 'NONE',  ( 0.0000000000000000000, 0.0000000000000000000, -1.000000000000000000 ) ) ;
#791 = CARTESIAN_POINT ( 'NONE',  ( -1.898914394991857200, 15.75483281045242400, -0.6277930554631422400 ) ) ;
#792 = VECTOR ( 'NONE', #2161, 1000.000000000000000 ) ;
#793 = CARTESIAN_POINT ( 'NONE',  ( -3.368120688060355100, 9.939505841580462700, -1.166243842255613600 ) ) ;
#794 = CARTESIAN_POINT ( 'NONE',  ( 1.536457905425595300, 23.74649947711907300, 1.724131792583205100 ) ) ;
#795 = CARTESIAN_POINT ( 'NONE',  ( 0.4057724631453730700, 3.388166143785793900, 1.958404633409411600 ) ) ;
#796 = CARTESIAN_POINT ( 'NONE',  ( 0.3347622820952812500, 6.686093549570132100, 1.615683822564250500 ) ) ;
#797 = CARTESIAN_POINT ( 'NONE',  ( 1.187172366215480100, 5.196499477119122200, 1.332182035473060700 ) ) ;
#798 =( BOUNDED_CURVE ( )  B_SPLINE_CURVE ( 2, ( #1502, #3289, #3744, #524, #3677 ),
 .UNSPECIFIED., .F., .T. ) 
 B_SPLINE_CURVE_WITH_KNOTS ( ( 3, 2, 3 ),
 ( 0.05886994901404929400, 0.05925925925925923400, 0.06222393539741222200 ),
 .UNSPECIFIED. ) 
 CURVE ( )  GEOMETRIC_REPRESENTATION_ITEM ( )  RATIONAL_B_SPLINE_CURVE ( ( 0.9747953960943509500, 0.9859174256157624500, 1.000000000000000000, 0.8927583520998835200, 0.9572025516544313600 ) ) 
 REPRESENTATION_ITEM ( '' )  );
#799 = CARTESIAN_POINT ( 'NONE',  ( 1.467231017253632000, 22.84233281045240800, 0.4850758126987769200 ) ) ;
#800 = FACE_OUTER_BOUND ( 'NONE', #5289, .T. ) ;
#801 = CARTESIAN_POINT ( 'NONE',  ( 2.020667218593133000E-016, 10.00000000000000000, 1.650000000000000100 ) ) ;
#802 = CARTESIAN_POINT ( 'NONE',  ( 1.139012285215370300, 0.1099209803620979600, -1.575125195257381300 ) ) ;
#803 = CARTESIAN_POINT ( 'NONE',  ( -1.536457905423971100, 8.783999477119110100, -1.724131792580214700 ) ) ;
#804 = CARTESIAN_POINT ( 'NONE',  ( -0.5601173020754920400, 19.77983281045241500, 1.694212445550063300 ) ) ;
#805 = CARTESIAN_POINT ( 'NONE',  ( -0.5601173020754920400, -0.4326671895475359700, 1.694212445550063300 ) ) ;
#806 = DIRECTION ( 'NONE',  ( -0.0000000000000000000, -1.000000000000000000, -0.0000000000000000000 ) ) ;
#807 = CARTESIAN_POINT ( 'NONE',  ( 1.898914394993481000, 17.50483281045242000, 0.6277930554661326200 ) ) ;
#808 = APPROVAL_PERSON_ORGANIZATION ( #380, #5449, #1650 ) ;
#809 = CARTESIAN_POINT ( 'NONE',  ( -9.429543486215421600E-015, 7.714381477805620300, -1.649999999999745000 ) ) ;
#810 = VERTEX_POINT ( 'NONE', #4158 ) ;
#811 = CIRCLE ( 'NONE', #5612, 4.000000000000000000 ) ;
#812 = CARTESIAN_POINT ( 'NONE',  ( -2.261370884559743600, 25.61316614378574000, 0.4685456816539321200 ) ) ;
#813 = CARTESIAN_POINT ( 'NONE',  ( -1.865630979763049500, 9.102738738001429300, 0.3865501873650462100 ) ) ;
#814 = CARTESIAN_POINT ( 'NONE',  ( 2.143592918638497900E-014, 2.464381477805524900, 1.650000000002736200 ) ) ;
#815 = ORIENTED_EDGE ( 'NONE', *, *, #3300, .F. ) ;
#816 = CARTESIAN_POINT ( 'NONE',  ( -1.187172366213856000, 4.846499477119119900, -1.332182035470070400 ) ) ;
#817 = CARTESIAN_POINT ( 'NONE',  ( 0.3135275320699943400, 22.02566614378574200, 1.513197240511562100 ) ) ;
#818 = EDGE_CURVE ( 'NONE', #4333, #5243, #404, .T. ) ;
#819 = VERTEX_POINT ( 'NONE', #984 ) ;
#820 = CARTESIAN_POINT ( 'NONE',  ( -1.898914394991857200, 10.24233281045244000, -0.6277930554631422400 ) ) ;
#821 = CARTESIAN_POINT ( 'NONE',  ( 1.187172366215480100, 29.69649947711905800, 1.332182035473060700 ) ) ;
#822 = CARTESIAN_POINT ( 'NONE',  ( -0.5601173020754920400, 20.47983281045241800, 1.694212445550063300 ) ) ;
#823 = CARTESIAN_POINT ( 'NONE',  ( 1.467231017253632000, 0.4423328104524657000, 0.4850758126987769200 ) ) ;
#824 = CARTESIAN_POINT ( 'NONE',  ( 8.778253695876226200E-016, 6.314381477805624400, -1.649999999999745200 ) ) ;
#825 = CARTESIAN_POINT ( 'NONE',  ( 0.7249129791365839200, 15.57983281045242800, -2.192677474232650700 ) ) ;
#826 = ORIENTED_EDGE ( 'NONE', *, *, #5198, .T. ) ;
#827 = CARTESIAN_POINT ( 'NONE',  ( -1.493141931847340000, 1.871499477119127600, 1.330611577944798900 ) ) ;
#828 = CARTESIAN_POINT ( 'NONE',  ( -2.863079496638695900, 10.00000000000000000, -2.041000845713047100 ) ) ;
#829 = AXIS2_PLACEMENT_3D ( 'NONE', #5272, #1240, #364 ) ;
#830 = CARTESIAN_POINT ( 'NONE',  ( 1.898914394993481000, 22.40483281045240800, 0.6277930554661326200 ) ) ;
#831 = CARTESIAN_POINT ( 'NONE',  ( -1.536457905423971100, 21.38399947711908000, -1.724131792580214700 ) ) ;
#832 = CARTESIAN_POINT ( 'NONE',  ( 1.187172366215480100, -0.4035005228808654100, 1.332182035473060700 ) ) ;
#833 = ADVANCED_FACE ( 'NONE', ( #5535 ), #652, .F. ) ;
#834 = CARTESIAN_POINT ( 'NONE',  ( -1.187172366213856000, 21.73399947711907700, -1.332182035470070400 ) ) ;
#835 =( BOUNDED_CURVE ( )  B_SPLINE_CURVE ( 2, ( #488, #1767, #2288, #1399, #54, #3191, #1345, #5842, #5370 ),
 .UNSPECIFIED., .F., .T. ) 
 B_SPLINE_CURVE_WITH_KNOTS ( ( 3, 2, 2, 2, 3 ),
 ( 0.2288906020640754100, 0.2296296296296296300, 0.2333333333333332800, 0.2370370370370370500, 0.2400017131751899200 ),
 .UNSPECIFIED. ) 
 CURVE ( )  GEOMETRIC_REPRESENTATION_ITEM ( )  RATIONAL_B_SPLINE_CURVE ( ( 0.9572025516542808100, 0.9732670516844298400, 1.000000000000000000, 0.8660254037844386000, 1.000000000000000000, 0.8660254037844386000, 1.000000000000000000, 0.8927583520998843000, 0.9572025516544304700 ) ) 
 REPRESENTATION_ITEM ( '' )  );
#836 = VERTEX_POINT ( 'NONE', #2825 ) ;
#837 = CARTESIAN_POINT ( 'NONE',  ( -1.898914394991857200, 8.842332810452441900, -0.6277930554631422400 ) ) ;
#838 = CARTESIAN_POINT ( 'NONE',  ( -1.153703485182825400, 28.82149947711905800, 1.028121427814281600 ) ) ;
#839 = CARTESIAN_POINT ( 'NONE',  ( 1.747289668291783300, 21.41316614378574500, -0.3620304100755075700 ) ) ;
#840 = CARTESIAN_POINT ( 'NONE',  ( 1.153703485184449700, 1.958999477119128400, -1.028121427811290000 ) ) ;
#841 = VERTEX_POINT ( 'NONE', #4547 ) ;
#842 = DIRECTION ( 'NONE',  ( -0.0000000000000000000, -1.000000000000000000, -0.0000000000000000000 ) ) ;
#843 = VERTEX_POINT ( 'NONE', #4635 ) ;
#844 = CARTESIAN_POINT ( 'NONE',  ( -1.493141931847350400, 15.17149947711909300, 1.330611577944787100 ) ) ;
#845 = CARTESIAN_POINT ( 'NONE',  ( 8.778253695876226200E-016, 1.906026666236938500, -1.649999999999744800 ) ) ;
#846 = CARTESIAN_POINT ( 'NONE',  ( -0.1189804768296999900, 1.261093549569425300, 2.067131037219805700 ) ) ;
#847 = EDGE_LOOP ( 'NONE', ( #1597, #5596, #2582, #1537 ) ) ;
#848 = EDGE_CURVE ( 'NONE', #615, #4985, #330, .T. ) ;
#849 = CARTESIAN_POINT ( 'NONE',  ( 1.493141931848931200, 2.921499477119123200, -1.330611577941844800 ) ) ;
#850 = CARTESIAN_POINT ( 'NONE',  ( 1.536457905425595300, 20.94649947711908000, 1.724131792583205100 ) ) ;
#851 = CARTESIAN_POINT ( 'NONE',  ( 0.1189804768313344100, 5.898593549569413100, -2.067131037216806800 ) ) ;
#852 = CARTESIAN_POINT ( 'NONE',  ( 1.267577771977211700, 5.136072071334773200, 1.422408728882475800 ) ) ;
#853 = DIRECTION ( 'NONE',  ( 0.0000000000000000000, 0.0000000000000000000, 1.000000000000000000 ) ) ;
#854 = CARTESIAN_POINT ( 'NONE',  ( 1.153703485184449700, 1.171499477119128500, -1.028121427811290000 ) ) ;
#855 = CYLINDRICAL_SURFACE ( 'NONE', #5036, 2.000000000000000000 ) ;
#856 = CARTESIAN_POINT ( 'NONE',  ( 0.3135275320699943400, 23.42566614378573700, 1.513197240511562100 ) ) ;
#857 = EDGE_CURVE ( 'NONE', #4551, #615, #5212, .T. ) ;
#858 = DIRECTION ( 'NONE',  ( 0.0000000000000000000, 0.0000000000000000000, 1.000000000000000000 ) ) ;
#859 = CARTESIAN_POINT ( 'NONE',  ( 1.536457905425595300, 8.433999477119110500, 1.724131792583205100 ) ) ;
#860 = VECTOR ( 'NONE', #1814, 1000.000000000000000 ) ;
#861 = CARTESIAN_POINT ( 'NONE',  ( -1.747289668290160200, 29.46316614378572400, 0.3620304100784984500 ) ) ;
#862 = CARTESIAN_POINT ( 'NONE',  ( 1.187172366215480100, 18.49649947711908400, 1.332182035473060700 ) ) ;
#863 = CARTESIAN_POINT ( 'NONE',  ( 0.7249129791365839200, 3.679832810452458200, -2.192677474232650700 ) ) ;
#864 = CARTESIAN_POINT ( 'NONE',  ( -0.4057724631436938600, 11.43816614378577500, -1.958404633406432700 ) ) ;
#865 = ADVANCED_FACE ( 'NONE', ( #441 ), #582, .F. ) ;
#866 = CARTESIAN_POINT ( 'NONE',  ( -1.136605634097935400, 1.898572071335495000, 1.730697752768537900 ) ) ;
#867 = FACE_OUTER_BOUND ( 'NONE', #2868, .T. ) ;
#868 = CARTESIAN_POINT ( 'NONE',  ( 1.898914394993507200, 1.404832810452463700, 0.6277930554660528000 ) ) ;
#869 = CARTESIAN_POINT ( 'NONE',  ( 1.898914394993497000, 7.792332810452447400, 0.6277930554660845500 ) ) ;
#870 =( BOUNDED_CURVE ( )  B_SPLINE_CURVE ( 2, ( #2280, #543, #499, #3699, #915, #523, #3671, #1424, #4583 ),
 .UNSPECIFIED., .F., .T. ) 
 B_SPLINE_CURVE_WITH_KNOTS ( ( 3, 2, 2, 2, 3 ),
 ( 0.8277777777777779500, 0.8296296296296296100, 0.8333333333333333700, 0.8370370370370370200, 0.8388888888888890200 ),
 .UNSPECIFIED. ) 
 CURVE ( )  GEOMETRIC_REPRESENTATION_ITEM ( )  RATIONAL_B_SPLINE_CURVE ( ( 0.9330127018922194100, 0.9330127018922254000, 1.000000000000000000, 0.8660254037844387100, 1.000000000000000000, 0.8660254037844387100, 1.000000000000000000, 0.9330127018922154100, 0.9330127018922194100 ) ) 
 REPRESENTATION_ITEM ( '' )  );
#871 = ORIENTED_EDGE ( 'NONE', *, *, #4743, .F. ) ;
#872 = DIRECTION ( 'NONE',  ( 0.3138965277323320600, 0.0000000000000000000, -0.9494571974963301700 ) ) ;
#873 = CARTESIAN_POINT ( 'NONE',  ( 1.467231017253632000, 0.3548328104524683900, 0.4850758126987769200 ) ) ;
#874 = CARTESIAN_POINT ( 'NONE',  ( -1.153703485182825400, 23.30899947711907300, 1.028121427814281600 ) ) ;
#875 = ORIENTED_EDGE ( 'NONE', *, *, #2165, .T. ) ;
#876 = DESIGN_CONTEXT ( 'detailed design', #4815, 'design' ) ;
#877 = CARTESIAN_POINT ( 'NONE',  ( 1.467231017253632000, 19.95483281045241600, 0.4850758126987769200 ) ) ;
#878 = CARTESIAN_POINT ( 'NONE',  ( -1.536457905423971100, 5.896499477119123300, -1.724131792580214700 ) ) ;
#879 = ORIENTED_EDGE ( 'NONE', *, *, #661, .F. ) ;
#880 = CARTESIAN_POINT ( 'NONE',  ( -1.898914394991877000, 1.754832810452460000, -0.6277930554630826200 ) ) ;
#881 = EDGE_CURVE ( 'NONE', #3059, #3992, #4159, .T. ) ;
#882 = CARTESIAN_POINT ( 'NONE',  ( 3.199098329852373200, 10.00000000000000000, -1.458999154286951100 ) ) ;
#883 = AXIS2_PLACEMENT_3D ( 'NONE', #352, #5814, #5832 ) ;
#884 = ORIENTED_EDGE ( 'NONE', *, *, #258, .F. ) ;
#885 = CARTESIAN_POINT ( 'NONE',  ( 1.136605634099545800, 2.948572071335490400, -1.730697752765565400 ) ) ;
#886 = CARTESIAN_POINT ( 'NONE',  ( -3.201341449361260400, 0.01264867121886422000, 1.455113957330105700 ) ) ;
#887 = CARTESIAN_POINT ( 'NONE',  ( 8.778253695876226200E-016, 4.006026666236931700, -1.649999999999744800 ) ) ;
#888 = CARTESIAN_POINT ( 'NONE',  ( -1.747289668290160200, 0.7631661437858001700, 0.3620304100784984500 ) ) ;
#889 = EDGE_CURVE ( 'NONE', #1136, #4060, #1797, .T. ) ;
#890 = ORIENTED_EDGE ( 'NONE', *, *, #5790, .T. ) ;
#891 = CARTESIAN_POINT ( 'NONE',  ( -1.187172366213856000, 18.23399947711908800, -1.332182035470070400 ) ) ;
#892 = EDGE_CURVE ( 'NONE', #2516, #5243, #1557, .T. ) ;
#893 = CARTESIAN_POINT ( 'NONE',  ( 1.231842093776472900, 3.911072071334776600, -1.097754551802544900 ) ) ;
#894 = ORIENTED_EDGE ( 'NONE', *, *, #4207, .T. ) ;
#895 = CARTESIAN_POINT ( 'NONE',  ( -0.5601173020754920400, 17.67983281045242400, 1.694212445550063300 ) ) ;
#896 = CARTESIAN_POINT ( 'NONE',  ( -0.4057724631436938600, 6.538166143785787200, -1.958404633406432700 ) ) ;
#897 = CARTESIAN_POINT ( 'NONE',  ( -0.4057724631436938600, 12.13816614378576700, -1.958404633406432700 ) ) ;
#898 = CARTESIAN_POINT ( 'NONE',  ( 0.3398331698994875900, -3.049318610115481200E-017, 3.500000000000000400 ) ) ;
#899 = CARTESIAN_POINT ( 'NONE',  ( -1.267577771975587600, 6.186072071334770300, -1.422408728879485300 ) ) ;
#900 = VERTEX_POINT ( 'NONE', #612 ) ;
#901 = CARTESIAN_POINT ( 'NONE',  ( 1.898914394993481000, 21.00483281045241300, 0.6277930554661326200 ) ) ;
#902 = DIRECTION ( 'NONE',  ( -0.0000000000000000000, -1.000000000000000000, -0.0000000000000000000 ) ) ;
#903 = CARTESIAN_POINT ( 'NONE',  ( -1.566604375869318000, 5.544405404668103700, -0.5179292707572200600 ) ) ;
#904 = CARTESIAN_POINT ( 'NONE',  ( 0.7249129791365839200, 20.56733281045241000, -2.192677474232650700 ) ) ;
#905 = CARTESIAN_POINT ( 'NONE',  ( 1.747289668291783300, 0.4131661437857976300, -0.3620304100755075700 ) ) ;
#906 = VERTEX_POINT ( 'NONE', #3840 ) ;
#907 = CARTESIAN_POINT ( 'NONE',  ( -1.467231017252008000, 16.89233281045242300, -0.4850758126957864200 ) ) ;
#908 = CARTESIAN_POINT ( 'NONE',  ( -1.566604375869318000, 7.852760216236796400, -0.5179292707572200600 ) ) ;
#909 = ORIENTED_EDGE ( 'NONE', *, *, #1818, .F. ) ;
#910 = CARTESIAN_POINT ( 'NONE',  ( 0.6277930554654571600, 5.779832810452450800, -1.898914394991169100 ) ) ;
#911 = CARTESIAN_POINT ( 'NONE',  ( 0.3135275320699943400, 16.33816614378575600, 1.513197240511562100 ) ) ;
#912 = CARTESIAN_POINT ( 'NONE',  ( 1.493141931848975100, 5.021499477119120600, -1.330611577941795300 ) ) ;
#913 = CARTESIAN_POINT ( 'NONE',  ( -0.7249129791349598900, 13.82983281045243200, 2.192677474235640700 ) ) ;
#914 = CARTESIAN_POINT ( 'NONE',  ( 0.7397092485561809200, 6.264722327394824000, -1.650000000000108900 ) ) ;
#915 = CARTESIAN_POINT ( 'NONE',  ( 1.898914394993488800, 3.592332810452455200, 0.6277930554661086400 ) ) ;
#916 = CARTESIAN_POINT ( 'NONE',  ( 0.4057724631453558100, 8.288166143785781900, 1.958404633409415600 ) ) ;
#917 = CARTESIAN_POINT ( 'NONE',  ( 0.4057724631453710200, 5.575666143785785100, 1.958404633409412500 ) ) ;
#918 = EDGE_CURVE ( 'NONE', #1703, #1329, #5139, .T. ) ;
#919 = CARTESIAN_POINT ( 'NONE',  ( -0.6277930554638704300, 7.617332810452441400, 1.898914394994147800 ) ) ;
#920 = ADVANCED_FACE ( 'NONE', ( #4946 ), #5383, .F. ) ;
#921 = CARTESIAN_POINT ( 'NONE',  ( 0.1882411590588717900, 0.3853222971911758900, 1.664677702808822000 ) ) ;
#922 = CARTESIAN_POINT ( 'NONE',  ( -1.493141931847350400, 20.85899947711907700, 1.330611577944787100 ) ) ;
#923 = CARTESIAN_POINT ( 'NONE',  ( -1.493141931847350400, 27.85899947711906300, 1.330611577944787100 ) ) ;
#924 = CARTESIAN_POINT ( 'NONE',  ( 1.153703485184449700, 16.65899947711908900, -1.028121427811290000 ) ) ;
#925 = EDGE_CURVE ( 'NONE', #39, #3146, #2315, .T. ) ;
#926 = CARTESIAN_POINT ( 'NONE',  ( -1.153703485182825400, 16.92149947711909200, 1.028121427814281600 ) ) ;
#927 = FACE_OUTER_BOUND ( 'NONE', #2680, .T. ) ;
#928 = CARTESIAN_POINT ( 'NONE',  ( 0.7249129791365839200, 5.779832810452456100, -2.192677474232650700 ) ) ;
#929 = CARTESIAN_POINT ( 'NONE',  ( 0.4057724631453182900, 11.08816614378577200, 1.958404633409422900 ) ) ;
#930 = DIRECTION ( 'NONE',  ( -0.0000000000000000000, -1.000000000000000000, -0.0000000000000000000 ) ) ;
#931 = CARTESIAN_POINT ( 'NONE',  ( 2.863079496638697200, 2.401338405465940500E-016, -2.041000845713048900 ) ) ;
#932 =( BOUNDED_CURVE ( )  B_SPLINE_CURVE ( 2, ( #952, #2802, #65, #3245, #121, #3701, #1464, #3675, #1000 ),
 .UNSPECIFIED., .F., .T. ) 
 B_SPLINE_CURVE_WITH_KNOTS ( ( 3, 2, 2, 2, 3 ),
 ( 0.8388888888888890200, 0.8407407407407407900, 0.8444444444444444400, 0.8481481481481481000, 0.8500000000000000900 ),
 .UNSPECIFIED. ) 
 CURVE ( )  GEOMETRIC_REPRESENTATION_ITEM ( )  RATIONAL_B_SPLINE_CURVE ( ( 0.9330127018922194100, 0.9330127018922234100, 1.000000000000000000, 0.8660254037844387100, 1.000000000000000000, 0.8660254037844387100, 1.000000000000000000, 0.9330127018922154100, 0.9330127018922194100 ) ) 
 REPRESENTATION_ITEM ( '' )  );
#933 = DIRECTION ( 'NONE',  ( 0.0000000000000000000, 1.000000000000000000, 0.0000000000000000000 ) ) ;
#934 = ORIENTED_EDGE ( 'NONE', *, *, #1168, .F. ) ;
#935 = CARTESIAN_POINT ( 'NONE',  ( 2.261370884561356500, 5.750666143785785800, -0.4685456816509899200 ) ) ;
#936 = CARTESIAN_POINT ( 'NONE',  ( -0.6277930554638524500, -0.8576671895476062300, 1.898914394994155600 ) ) ;
#937 = CARTESIAN_POINT ( 'NONE',  ( -1.936491673103710100, 0.4999999999999947800, -3.499999999999999100 ) ) ;
#938 = CARTESIAN_POINT ( 'NONE',  ( -0.1691400011349814000, 5.417381598966564100, -1.649999999999660800 ) ) ;
#939 = CARTESIAN_POINT ( 'NONE',  ( 1.536457905425595300, 21.03399947711908200, 1.724131792583205100 ) ) ;
#940 = EDGE_LOOP ( 'NONE', ( #3861, #1187, #2290, #1335 ) ) ;
#941 = CARTESIAN_POINT ( 'NONE',  ( 2.261370884561367100, 28.15066614378572400, -0.4685456816509410100 ) ) ;
#942 = CARTESIAN_POINT ( 'NONE',  ( 1.467231017253632000, 18.64233281045242000, 0.4850758126987769200 ) ) ;
#943 = CARTESIAN_POINT ( 'NONE',  ( 1.231842093776472900, 1.811072071334779900, -1.097754551802544900 ) ) ;
#944 = ORIENTED_EDGE ( 'NONE', *, *, #4207, .F. ) ;
#945 = CARTESIAN_POINT ( 'NONE',  ( 1.865630979764672600, 3.852738738001446200, -0.3865501873620552100 ) ) ;
#946 = CARTESIAN_POINT ( 'NONE',  ( 1.187172366215480100, 17.09649947711908900, 1.332182035473060700 ) ) ;
#947 = CARTESIAN_POINT ( 'NONE',  ( 1.493141931848975100, 2.921499477119123200, -1.330611577941795300 ) ) ;
#948 = CARTESIAN_POINT ( 'NONE',  ( 1.493141931848975100, 10.62149947711910700, -1.330611577941795300 ) ) ;
#949 = ORIENTED_EDGE ( 'NONE', *, *, #4698, .F. ) ;
#950 = CARTESIAN_POINT ( 'NONE',  ( -0.1691400011349814000, 4.717381598966564800, -1.649999999999660800 ) ) ;
#951 = EDGE_CURVE ( 'NONE', #99, #1182, #3470, .T. ) ;
#952 = CARTESIAN_POINT ( 'NONE',  ( -0.6277930554638390100, 3.417332810452454100, 1.898914394994158300 ) ) ;
#953 = CARTESIAN_POINT ( 'NONE',  ( 2.694057138430713900, 0.06049415841953380300, 2.333756157744382200 ) ) ;
#954 = AXIS2_PLACEMENT_3D ( 'NONE', #4019, #383, #3048 ) ;
#955 = CARTESIAN_POINT ( 'NONE',  ( 1.898914394993481000, 21.79233281045241100, 0.6277930554661326200 ) ) ;
#956 = ORIENTED_EDGE ( 'NONE', *, *, #1452, .F. ) ;
#957 = CARTESIAN_POINT ( 'NONE',  ( 0.1189804768313309200, 1.698593549569422900, -2.067131037216798800 ) ) ;
#958 = CARTESIAN_POINT ( 'NONE',  ( -0.3347622820936569900, 2.836093549570139600, -1.615683822561260200 ) ) ;
#959 = CARTESIAN_POINT ( 'NONE',  ( 0.1691400011357875900, 6.467381598966516000, 1.650000000002821200 ) ) ;
#960 = DIRECTION ( 'NONE',  ( 0.0000000000000000000, -1.000000000000000000, 0.0000000000000000000 ) ) ;
#961 = CARTESIAN_POINT ( 'NONE',  ( -1.898914394991857200, 27.04233281045239300, -0.6277930554631422400 ) ) ;
#962 = EDGE_CURVE ( 'NONE', #3483, #4997, #2698, .T. ) ;
#963 = CARTESIAN_POINT ( 'NONE',  ( -0.5601173020754920400, 18.46733281045242200, 1.694212445550063300 ) ) ;
#964 = ORIENTED_EDGE ( 'NONE', *, *, #4091, .F. ) ;
#965 = CARTESIAN_POINT ( 'NONE',  ( -1.096068289993664900, 0.3274823681062135600, 1.333952595549685400 ) ) ;
#966 = CARTESIAN_POINT ( 'NONE',  ( 2.261370884561367100, 6.450666143785782400, -0.4685456816509410100 ) ) ;
#967 = AXIS2_PLACEMENT_3D ( 'NONE', #734, #3875, #2491 ) ;
#968 = CARTESIAN_POINT ( 'NONE',  ( -1.187172366213856000, 14.64649947711909500, -1.332182035470070400 ) ) ;
#969 = B_SPLINE_CURVE_WITH_KNOTS ( 'NONE', 3,
 ( #3473, #2134, #5785, #780, #3489, #3061, #1706, #3026 ),
 .UNSPECIFIED., .F., .F.,
 ( 4, 2, 2, 4 ),
 ( 2.529189314845710400E-007, 0.001001387654841961300, 0.001501955022797199800, 0.002002522390752437900 ),
 .UNSPECIFIED. ) ;
#970 = CARTESIAN_POINT ( 'NONE',  ( -2.261370884559743600, 3.213166143785793200, 0.4685456816539321200 ) ) ;
#971 = VERTEX_POINT ( 'NONE', #3391 ) ;
#972 = CARTESIAN_POINT ( 'NONE',  ( -2.261370884559743600, 10.21316614378577900, 0.4685456816539321200 ) ) ;
#973 = CARTESIAN_POINT ( 'NONE',  ( -1.536457905424029300, 6.596499477119115400, -1.724131792580162900 ) ) ;
#974 = CARTESIAN_POINT ( 'NONE',  ( 1.136605634099576000, 0.1485720713355007900, -1.730697752765531000 ) ) ;
#975 = DIRECTION ( 'NONE',  ( 0.0000000000000000000, 1.000000000000000000, 0.0000000000000000000 ) ) ;
#976 = CARTESIAN_POINT ( 'NONE',  ( 0.6277930554654572700, 3.067332810452453100, -1.898914394991177300 ) ) ;
#977 = CARTESIAN_POINT ( 'NONE',  ( -9.429543486215421600E-015, 3.306026666236937300, -1.649999999999745000 ) ) ;
#978 = CARTESIAN_POINT ( 'NONE',  ( -0.7249129791349598900, 21.61733281045241000, 2.192677474235640700 ) ) ;
#979 = ORIENTED_EDGE ( 'NONE', *, *, #848, .T. ) ;
#980 = ORIENTED_EDGE ( 'NONE', *, *, #1268, .F. ) ;
#981 = CARTESIAN_POINT ( 'NONE',  ( -2.261370884559743600, 20.01316614378575300, 0.4685456816539321200 ) ) ;
#982 = CARTESIAN_POINT ( 'NONE',  ( 8.118505867571457200E-013, -0.8576671895476062300, 1.495331636292007700E-012 ) ) ;
#983 = ADVANCED_FACE ( 'NONE', ( #3125 ), #3754, .F. ) ;
#984 = CARTESIAN_POINT ( 'NONE',  ( -3.999334749797389200, 9.500000000000005300, -0.07294901687515351100 ) ) ;
#985 = CARTESIAN_POINT ( 'NONE',  ( 0.3347622820952812500, 7.177738738001431300, 1.615683822564250500 ) ) ;
#986 = CARTESIAN_POINT ( 'NONE',  ( -1.493141931847350400, 27.15899947711906400, 1.330611577944787100 ) ) ;
#987 = LINE ( 'NONE', #4276, #5673 ) ;
#988 = CARTESIAN_POINT ( 'NONE',  ( -1.187172366213856000, 12.63399947711909900, -1.332182035470070400 ) ) ;
#989 = ORIENTED_EDGE ( 'NONE', *, *, #5233, .F. ) ;
#990 = CARTESIAN_POINT ( 'NONE',  ( -0.4057724631436938600, 29.63816614378572500, -1.958404633406432700 ) ) ;
#991 = CARTESIAN_POINT ( 'NONE',  ( 1.386102073477371000, 9.896997783911809100, -1.382748927310450700 ) ) ;
#992 = CARTESIAN_POINT ( 'NONE',  ( -2.261370884559743600, 6.100666143785784500, 0.4685456816539321200 ) ) ;
#993 = LINE ( 'NONE', #3365, #1901 ) ;
#994 = CARTESIAN_POINT ( 'NONE',  ( 1.493141931848962500, 9.221499477119108300, -1.330611577941810000 ) ) ;
#995 = CARTESIAN_POINT ( 'NONE',  ( -1.187172366213856000, 11.84649947711910300, -1.332182035470070400 ) ) ;
#996 = CARTESIAN_POINT ( 'NONE',  ( 0.4057724631453182900, 1.988166143785795400, 1.958404633409422900 ) ) ;
#997 = CARTESIAN_POINT ( 'NONE',  ( -1.536457905423971100, 7.996499477119114000, -1.724131792580214700 ) ) ;
#998 = FACE_OUTER_BOUND ( 'NONE', #3366, .T. ) ;
#999 = CARTESIAN_POINT ( 'NONE',  ( 1.716738740323089400, 0.1053072502985866900, 0.9360803471242895600 ) ) ;
#1000 = CARTESIAN_POINT ( 'NONE',  ( 0.6277930554654572700, 3.067332810452453100, -1.898914394991177300 ) ) ;
#1001 = CARTESIAN_POINT ( 'NONE',  ( -1.536457905424027700, 9.396499477119110800, -1.724131792580164200 ) ) ;
#1002 = CARTESIAN_POINT ( 'NONE',  ( 2.261370884561367100, 23.95066614378573500, -0.4685456816509410100 ) ) ;
#1003 = EDGE_CURVE ( 'NONE', #4004, #2152, #1355, .T. ) ;
#1004 = CARTESIAN_POINT ( 'NONE',  ( 0.6277930554654572700, 3.067332810452453100, -1.898914394991177300 ) ) ;
#1005 = CARTESIAN_POINT ( 'NONE',  ( -0.6277930554638558900, 8.317332810452441500, 1.898914394994152300 ) ) ;
#1006 = CARTESIAN_POINT ( 'NONE',  ( -0.4057724631436938600, 27.62566614378572900, -1.958404633406432700 ) ) ;
#1007 =( BOUNDED_CURVE ( )  B_SPLINE_CURVE ( 2, ( #170, #2456, #4678, #3398, #3792, #1971, #1552, #1574, #2890 ),
 .UNSPECIFIED., .F., .T. ) 
 B_SPLINE_CURVE_WITH_KNOTS ( ( 3, 2, 2, 2, 3 ),
 ( 0.9166666666666668500, 0.9185185185185185100, 0.9222222222222222800, 0.9259259259259259300, 0.9277777777777779200 ),
 .UNSPECIFIED. ) 
 CURVE ( )  GEOMETRIC_REPRESENTATION_ITEM ( )  RATIONAL_B_SPLINE_CURVE ( ( 0.9330127018922194100, 0.9330127018922254000, 1.000000000000000000, 0.8660254037844387100, 1.000000000000000000, 0.8660254037844387100, 1.000000000000000000, 0.9330127018922133000, 0.9330127018922194100 ) ) 
 REPRESENTATION_ITEM ( '' )  );
#1008 = CARTESIAN_POINT ( 'NONE',  ( 1.187172366215480100, 13.68399947711909800, 1.332182035473060700 ) ) ;
#1009 = ORIENTED_EDGE ( 'NONE', *, *, #2488, .F. ) ;
#1010 = CARTESIAN_POINT ( 'NONE',  ( -2.261370884559731100, 2.513166143785792600, 0.4685456816539913500 ) ) ;
#1011 = CARTESIAN_POINT ( 'NONE',  ( -2.788511395811426400E-014, 9.825711861970457800, 1.875711861970457600 ) ) ;
#1012 = CARTESIAN_POINT ( 'NONE',  ( 0.7249129791365839200, 5.167332810452451000, -2.192677474232650700 ) ) ;
#1013 = CARTESIAN_POINT ( 'NONE',  ( 1.898914394993501200, 9.104832810452441200, 0.6277930554660714500 ) ) ;
#1014 = CARTESIAN_POINT ( 'NONE',  ( 0.5601173020771160700, 13.12983281045243400, -1.694212445547072400 ) ) ;
#1015 =( BOUNDED_CURVE ( )  B_SPLINE_CURVE ( 2, ( #2320, #914, #46, #522, #1372, #3670, #1337, #3182, #3625 ),
 .UNSPECIFIED., .F., .T. ) 
 B_SPLINE_CURVE_WITH_KNOTS ( ( 3, 2, 2, 2, 3 ),
 ( 0.7599982868248100800, 0.7629629629629629500, 0.7666666666666667200, 0.7703703703703703700, 0.7711093979359245900 ),
 .UNSPECIFIED. ) 
 CURVE ( )  GEOMETRIC_REPRESENTATION_ITEM ( )  RATIONAL_B_SPLINE_CURVE ( ( 0.9572025516544304700, 0.8927583520998843000, 1.000000000000000000, 0.8660254037844386000, 1.000000000000000000, 0.8660254037844386000, 1.000000000000000000, 0.9732670516844298400, 0.9572025516542808100 ) ) 
 REPRESENTATION_ITEM ( '' )  );
#1016 = CARTESIAN_POINT ( 'NONE',  ( -1.898914394991857200, 3.154832810452458300, -0.6277930554631422400 ) ) ;
#1017 = ORIENTED_EDGE ( 'NONE', *, *, #3493, .F. ) ;
#1018 = CARTESIAN_POINT ( 'NONE',  ( -1.898914394991857200, 7.354832810452446500, -0.6277930554631422400 ) ) ;
#1019 = CARTESIAN_POINT ( 'NONE',  ( -1.898914394991862100, 7.442332810452447800, -0.6277930554631273600 ) ) ;
#1020 = DIRECTION ( 'NONE',  ( -0.0000000000000000000, -1.000000000000000000, -0.0000000000000000000 ) ) ;
#1021 = FACE_OUTER_BOUND ( 'NONE', #452, .T. ) ;
#1022 = CARTESIAN_POINT ( 'NONE',  ( -1.936491673103707000, 9.500000000000005300, 3.500000000000000900 ) ) ;
#1023 = CARTESIAN_POINT ( 'NONE',  ( 1.566604375870941800, 2.602760216236808900, 0.5179292707602105600 ) ) ;
#1024 = CARTESIAN_POINT ( 'NONE',  ( -0.7249129791349598900, 22.31733281045241300, 2.192677474235640700 ) ) ;
#1025 = VERTEX_POINT ( 'NONE', #2960 ) ;
#1026 = CARTESIAN_POINT ( 'NONE',  ( -6.512897903392107000E-016, 0.1555276530986780300, -1.894472346901322700 ) ) ;
#1027 = CARTESIAN_POINT ( 'NONE',  ( -1.267577771975587600, 7.094426882903462700, -1.422408728879485300 ) ) ;
#1028 = LINE ( 'NONE', #1294, #4476 ) ;
#1029 = DIRECTION ( 'NONE',  ( 0.0000000000000000000, 0.0000000000000000000, 1.000000000000000000 ) ) ;
#1030 = CARTESIAN_POINT ( 'NONE',  ( 2.261370884561367100, 24.65066614378573800, -0.4685456816509410100 ) ) ;
#1031 = ORIENTED_EDGE ( 'NONE', *, *, #5517, .F. ) ;
#1032 = CARTESIAN_POINT ( 'NONE',  ( -0.3135275320683701400, 16.07566614378575700, -1.513197240508571600 ) ) ;
#1033 = CARTESIAN_POINT ( 'NONE',  ( -2.261370884559731600, 4.700666143785790400, 0.4685456816539889700 ) ) ;
#1034 = CARTESIAN_POINT ( 'NONE',  ( 2.261370884561367100, 5.750666143785785800, -0.4685456816509410100 ) ) ;
#1035 = EDGE_LOOP ( 'NONE', ( #259, #2375, #2391, #193, #203, #81 ) ) ;
#1036 = CARTESIAN_POINT ( 'NONE',  ( -1.187172366213856000, 12.54649947711910200, -1.332182035470070400 ) ) ;
#1037 = CARTESIAN_POINT ( 'NONE',  ( 0.7249129791365839200, 2.279832810452464100, -2.192677474232650700 ) ) ;
#1038 = CARTESIAN_POINT ( 'NONE',  ( 0.4057724631453182900, 10.38816614378577300, 1.958404633409422900 ) ) ;
#1039 = CARTESIAN_POINT ( 'NONE',  ( 0.6277930554654721500, 7.879832810452442400, -1.898914394991164400 ) ) ;
#1040 = EDGE_CURVE ( 'NONE', #4885, #4004, #3215, .T. ) ;
#1041 = CARTESIAN_POINT ( 'NONE',  ( -0.4057724631437299400, 0.9381661437857999900, -1.958404633406425300 ) ) ;
#1042 = ORIENTED_EDGE ( 'NONE', *, *, #3001, .T. ) ;
#1043 = CARTESIAN_POINT ( 'NONE',  ( -0.1691400011349762900, 2.125736410535269200, -1.649999999999662600 ) ) ;
#1044 = AXIS2_PLACEMENT_3D ( 'NONE', #2431, #1989, #1547 ) ;
#1045 = CARTESIAN_POINT ( 'NONE',  ( -0.4057724631436938600, 23.42566614378573700, -1.958404633406432700 ) ) ;
#1046 = CARTESIAN_POINT ( 'NONE',  ( 1.187172366215480100, 8.783999477119113700, 1.332182035473060700 ) ) ;
#1047 = CARTESIAN_POINT ( 'NONE',  ( 0.08897784943441296200, 9.599999999999795400, -1.647599144910354600 ) ) ;
#1048 = DIRECTION ( 'NONE',  ( -0.0000000000000000000, -1.000000000000000000, 0.0000000000000000000 ) ) ;
#1049 = CARTESIAN_POINT ( 'NONE',  ( 1.536457905425595300, 26.63399947711906200, 1.724131792583205100 ) ) ;
#1050 = ORIENTED_EDGE ( 'NONE', *, *, #5050, .F. ) ;
#1051 = EDGE_CURVE ( 'NONE', #2246, #3291, #500, .T. ) ;
#1052 = CARTESIAN_POINT ( 'NONE',  ( 1.153703485184449700, 13.85899947711909700, -1.028121427811290000 ) ) ;
#1053 =( BOUNDED_CURVE ( )  B_SPLINE_CURVE ( 2, ( #3159, #4081, #2753, #5007, #908, #477, #515, #1388, #493 ),
 .UNSPECIFIED., .F., .F. ) 
 B_SPLINE_CURVE_WITH_KNOTS ( ( 3, 2, 2, 2, 3 ),
 ( 0.7044427312692579400, 0.7074074074074073700, 0.7111111111111111400, 0.7148148148148147900, 0.7155538423803655700 ),
 .UNSPECIFIED. ) 
 CURVE ( )  GEOMETRIC_REPRESENTATION_ITEM ( )  RATIONAL_B_SPLINE_CURVE ( ( 0.9572025516542808100, 0.8927583521000087600, 1.000000000000000000, 0.8660254037844386000, 1.000000000000000000, 0.8660254037844386000, 1.000000000000000000, 0.9732670516845551800, 0.9572025516544314700 ) ) 
 REPRESENTATION_ITEM ( '' )  );
#1054 = CARTESIAN_POINT ( 'NONE',  ( 0.7249129791365839200, 30.27983281045238700, -2.192677474232650700 ) ) ;
#1055 = ORIENTED_EDGE ( 'NONE', *, *, #709, .F. ) ;
#1056 = CARTESIAN_POINT ( 'NONE',  ( 0.4057724631453182900, -0.02433385621420161600, 1.958404633409422900 ) ) ;
#1057 = CARTESIAN_POINT ( 'NONE',  ( -0.3135275320683701400, 13.88816614378576600, -1.513197240508571600 ) ) ;
#1058 = CARTESIAN_POINT ( 'NONE',  ( 1.898914394993481000, -0.6951671895475339800, 0.6277930554661326200 ) ) ;
#1059 = CARTESIAN_POINT ( 'NONE',  ( 1.898914394993493200, 4.292332810452454500, 0.6277930554660956500 ) ) ;
#1060 = VECTOR ( 'NONE', #5507, 1000.000000000000000 ) ;
#1061 = ORIENTED_EDGE ( 'NONE', *, *, #1633, .F. ) ;
#1062 = CARTESIAN_POINT ( 'NONE',  ( 0.0000000000000000000, 10.00000000000000000, 0.0000000000000000000 ) ) ;
#1063 = CARTESIAN_POINT ( 'NONE',  ( -1.990681402645799100E-014, 8.556026666236810700, 1.650000000002735700 ) ) ;
#1064 = CARTESIAN_POINT ( 'NONE',  ( 0.6277930554655017900, 9.279832810452438400, -1.898914394991154700 ) ) ;
#1065 = CARTESIAN_POINT ( 'NONE',  ( 1.187172366215480100, 24.79649947711907400, 1.332182035473060700 ) ) ;
#1066 = CARTESIAN_POINT ( 'NONE',  ( 1.467231017253632000, 9.542332810452441200, 0.4850758126987769200 ) ) ;
#1067 = LINE ( 'NONE', #1816, #3321 ) ;
#1068 = CARTESIAN_POINT ( 'NONE',  ( -1.865630979763049500, 7.211093549570133400, 0.3865501873650462100 ) ) ;
#1069 = CARTESIAN_POINT ( 'NONE',  ( -0.4057724631437703000, 3.038166143785790800, -1.958404633406416700 ) ) ;
#1070 = CARTESIAN_POINT ( 'NONE',  ( 0.6277930554654759200, -0.8576671895476062300, -1.898914394991165100 ) ) ;
#1071 = CARTESIAN_POINT ( 'NONE',  ( 0.4057724631453182900, 26.57566614378573200, 1.958404633409422900 ) ) ;
#1072 = CARTESIAN_POINT ( 'NONE',  ( 1.467231017253632000, 13.04233281045243400, 0.4850758126987769200 ) ) ;
#1073 = CYLINDRICAL_SURFACE ( 'NONE', #1378, 2.000000000000000000 ) ;
#1074 = CARTESIAN_POINT ( 'NONE',  ( -0.4659640739224760700, 0.1718764088631911900, -1.834223696121257900 ) ) ;
#1075 = CARTESIAN_POINT ( 'NONE',  ( 1.493141931848975100, -0.4910005228808654900, -1.330611577941795300 ) ) ;
#1076 = CARTESIAN_POINT ( 'NONE',  ( -0.6277930554638706500, 0.5298328104524577800, 1.898914394994155400 ) ) ;
#1077 = CARTESIAN_POINT ( 'NONE',  ( 0.5601173020771160700, 13.82983281045243200, -1.694212445547072400 ) ) ;
#1078 = EDGE_CURVE ( 'NONE', #1579, #5763, #4341, .T. ) ;
#1079 = CIRCLE ( 'NONE', #5462, 3.500000000000000000 ) ;
#1080 = CARTESIAN_POINT ( 'NONE',  ( -1.153703485182825400, 28.90899947711905700, 1.028121427814281600 ) ) ;
#1081 = CARTESIAN_POINT ( 'NONE',  ( -0.4057724631436938600, 7.238166143785779400, -1.958404633406432700 ) ) ;
#1082 = CARTESIAN_POINT ( 'NONE',  ( 2.149256308119709100E-014, 7.156026666236814800, 1.650000000002736200 ) ) ;
#1083 = CARTESIAN_POINT ( 'NONE',  ( 0.0000000000000000000, 10.00000000000000000, -2.049999999999999800 ) ) ;
#1084 = CARTESIAN_POINT ( 'NONE',  ( 0.5601173020771160700, 26.42983281045239600, -1.694212445547072400 ) ) ;
#1085 = CARTESIAN_POINT ( 'NONE',  ( 1.467231017253632000, 6.742332810452448500, 0.4850758126987769200 ) ) ;
#1086 = EDGE_CURVE ( 'NONE', #2326, #4800, #5314, .T. ) ;
#1087 = CARTESIAN_POINT ( 'NONE',  ( 0.1189804768312864200, 0.9985935495694264800, -2.067131037216801500 ) ) ;
#1088 = CARTESIAN_POINT ( 'NONE',  ( 2.143592918638497900E-014, 5.964381477805517300, 1.650000000002736200 ) ) ;
#1089 = CARTESIAN_POINT ( 'NONE',  ( 2.143592918638497900E-014, 7.364381477805512300, 1.650000000002736200 ) ) ;
#1090 = CARTESIAN_POINT ( 'NONE',  ( 8.778253695876226200E-016, 4.214381477805628300, -1.649999999999745200 ) ) ;
#1091 = CARTESIAN_POINT ( 'NONE',  ( -1.493141931847350400, 18.75899947711908700, 1.330611577944787100 ) ) ;
#1092 = EDGE_LOOP ( 'NONE', ( #956, #4772, #5837, #1009, #2956, #4542, #4728, #558 ) ) ;
#1093 = CARTESIAN_POINT ( 'NONE',  ( 0.3135275320699943400, 11.52566614378577200, 1.513197240511562100 ) ) ;
#1094 = CARTESIAN_POINT ( 'NONE',  ( 2.261370884561367100, 28.76316614378572800, -0.4685456816509410100 ) ) ;
#1095 = EDGE_LOOP ( 'NONE', ( #4339, #4686, #753, #1869 ) ) ;
#1096 = CARTESIAN_POINT ( 'NONE',  ( -1.493141931847312500, 3.971499477119125200, 1.330611577944829800 ) ) ;
#1097 = CARTESIAN_POINT ( 'NONE',  ( -1.493141931847350400, 1.958999477119128400, 1.330611577944787100 ) ) ;
#1098 = CARTESIAN_POINT ( 'NONE',  ( 1.747289668291783300, 8.813166143785780400, -0.3620304100755075700 ) ) ;
#1099 = CARTESIAN_POINT ( 'NONE',  ( -0.5601173020754920400, 29.66733281045239300, 1.694212445550063300 ) ) ;
#1100 = DIRECTION ( 'NONE',  ( -0.0000000000000000000, -1.000000000000000000, -0.0000000000000000000 ) ) ;
#1101 = ORIENTED_EDGE ( 'NONE', *, *, #3871, .F. ) ;
#1102 = CARTESIAN_POINT ( 'NONE',  ( -9.429543486215421600E-015, 5.406026666236928500, -1.649999999999745000 ) ) ;
#1103 = CARTESIAN_POINT ( 'NONE',  ( 0.6708153075923311000, 9.949961457509680000, 3.500000000000000900 ) ) ;
#1104 = CARTESIAN_POINT ( 'NONE',  ( 1.776217358572508300, 0.07258608958924935000, 0.9989203985526543500 ) ) ;
#1105 = CARTESIAN_POINT ( 'NONE',  ( 0.6277930554654870300, 7.179832810452444900, -1.898914394991159500 ) ) ;
#1106 = CARTESIAN_POINT ( 'NONE',  ( 1.467231017253632000, 26.25483281045239900, 0.4850758126987769200 ) ) ;
#1107 = CARTESIAN_POINT ( 'NONE',  ( 0.5601173020771160700, 6.217332810452450800, -1.694212445547072400 ) ) ;
#1108 = ORIENTED_EDGE ( 'NONE', *, *, #4018, .T. ) ;
#1109 = CARTESIAN_POINT ( 'NONE',  ( -3.031088913245533900, 10.00000000000000000, 1.749999999999999600 ) ) ;
#1110 = CARTESIAN_POINT ( 'NONE',  ( -0.7249129791349598900, 18.02983281045242200, 2.192677474235640700 ) ) ;
#1111 = ADVANCED_FACE ( 'NONE', ( #3334 ), #2273, .T. ) ;
#1112 = CARTESIAN_POINT ( 'NONE',  ( -1.898914394991867900, 3.154832810452458300, -0.6277930554631105900 ) ) ;
#1113 = CARTESIAN_POINT ( 'NONE',  ( 1.898914394993481000, 17.59233281045242200, 0.6277930554661326200 ) ) ;
#1114 = CARTESIAN_POINT ( 'NONE',  ( 1.747289668291783300, 11.00066614378577200, -0.3620304100755075700 ) ) ;
#1115 = VERTEX_POINT ( 'NONE', #2676 ) ;
#1116 = CARTESIAN_POINT ( 'NONE',  ( 1.898914394993481000, 27.30483281045239600, 0.6277930554661326200 ) ) ;
#1117 = CARTESIAN_POINT ( 'NONE',  ( 0.7249129791365839200, 0.2673328104524649900, -2.192677474232650700 ) ) ;
#1118 = CARTESIAN_POINT ( 'NONE',  ( -1.153703485182825400, 7.121499477119118500, 1.028121427814281600 ) ) ;
#1119 = ORIENTED_EDGE ( 'NONE', *, *, #2409, .T. ) ;
#1120 = CARTESIAN_POINT ( 'NONE',  ( -0.3135275320683701400, 27.97566614378573000, -1.513197240508571600 ) ) ;
#1121 = CARTESIAN_POINT ( 'NONE',  ( -0.3347622820936569900, 2.136093549570140700, -1.615683822561260200 ) ) ;
#1122 = AXIS2_PLACEMENT_3D ( 'NONE', #3148, #1815, #3134 ) ;
#1123 = ORIENTED_EDGE ( 'NONE', *, *, #3906, .F. ) ;
#1124 = CARTESIAN_POINT ( 'NONE',  ( 0.3135275320699943400, 5.225666143785785400, 1.513197240511562100 ) ) ;
#1125 = CARTESIAN_POINT ( 'NONE',  ( -3.690013495381195600, 9.773270944641991400, 0.6087091453849412500 ) ) ;
#1126 =( BOUNDED_CURVE ( )  B_SPLINE_CURVE ( 2, ( #4488, #3613, #2206, #3563, #869, #1341, #4049, #1357, #919 ),
 .UNSPECIFIED., .F., .F. ) 
 B_SPLINE_CURVE_WITH_KNOTS ( ( 3, 2, 2, 2, 3 ),
 ( 0.6944444444444445300, 0.6962962962962963000, 0.6999999999999999600, 0.7037037037037037200, 0.7055555555555557100 ),
 .UNSPECIFIED. ) 
 CURVE ( )  GEOMETRIC_REPRESENTATION_ITEM ( )  RATIONAL_B_SPLINE_CURVE ( ( 0.9330127018922194100, 0.9330127018922234100, 1.000000000000000000, 0.8660254037844387100, 1.000000000000000000, 0.8660254037844387100, 1.000000000000000000, 0.9330127018922133000, 0.9330127018922194100 ) ) 
 REPRESENTATION_ITEM ( '' )  );
#1127 = CARTESIAN_POINT ( 'NONE',  ( -2.261370884559743600, 19.40066614378574900, 0.4685456816539321200 ) ) ;
#1128 = ORIENTED_EDGE ( 'NONE', *, *, #4284, .T. ) ;
#1129 = CARTESIAN_POINT ( 'NONE',  ( 1.467231017253632000, 11.64233281045243600, 0.4850758126987769200 ) ) ;
#1130 = ORIENTED_EDGE ( 'NONE', *, *, #3980, .T. ) ;
#1131 = CARTESIAN_POINT ( 'NONE',  ( -1.898914394991857200, 29.05483281045239300, -0.6277930554631422400 ) ) ;
#1132 = CARTESIAN_POINT ( 'NONE',  ( -2.261370884559743600, -0.1993338562141996600, 0.4685456816539321200 ) ) ;
#1133 = CONICAL_SURFACE ( 'NONE', #2250, 4.000000000000000000, 0.7853981633974533900 ) ;
#1134 = AXIS2_PLACEMENT_3D ( 'NONE', #5588, #2437, #5631 ) ;
#1135 = CARTESIAN_POINT ( 'NONE',  ( -1.747289668290160200, 9.163166143785774800, 0.3620304100784984500 ) ) ;
#1136 = VERTEX_POINT ( 'NONE', #809 ) ;
#1137 = CARTESIAN_POINT ( 'NONE',  ( 0.5601173020771160700, 27.91733281045239300, -1.694212445547072400 ) ) ;
#1138 = CARTESIAN_POINT ( 'NONE',  ( -1.715104338479445500, 9.736481737480302100, 0.5503010617585327700 ) ) ;
#1139 = CYLINDRICAL_SURFACE ( 'NONE', #4095, 2.000000000000000000 ) ;
#1140 = CARTESIAN_POINT ( 'NONE',  ( 1.898914394993488800, 4.204832810452454200, 0.6277930554661086400 ) ) ;
#1141 = CARTESIAN_POINT ( 'NONE',  ( 1.493141931848975100, 13.50899947711909900, -1.330611577941795300 ) ) ;
#1142 = CARTESIAN_POINT ( 'NONE',  ( -0.3135275320683701400, 25.78816614378573400, -1.513197240508571600 ) ) ;
#1143 = AXIS2_PLACEMENT_3D ( 'NONE', #5783, #3004, #1192 ) ;
#1144 = CARTESIAN_POINT ( 'NONE',  ( -1.747289668290160200, 2.950666143785790400, 0.3620304100784984500 ) ) ;
#1145 = LINE ( 'NONE', #936, #1352 ) ;
#1146 = CARTESIAN_POINT ( 'NONE',  ( -0.4057724631437722400, 0.2381661437858007000, -1.958404633406416700 ) ) ;
#1147 = CARTESIAN_POINT ( 'NONE',  ( 0.0000000000000000000, 9.600000000000003200, 0.0000000000000000000 ) ) ;
#1148 = CARTESIAN_POINT ( 'NONE',  ( 1.536457905425595300, 18.23399947711908800, 1.724131792583205100 ) ) ;
#1149 = CARTESIAN_POINT ( 'NONE',  ( -1.467231017252008000, 10.59233281045244000, -0.4850758126957864200 ) ) ;
#1150 = LINE ( 'NONE', #29, #1701 ) ;
#1151 = CARTESIAN_POINT ( 'NONE',  ( -0.7249129791349598900, 29.22983281045239300, 2.192677474235640700 ) ) ;
#1152 = CARTESIAN_POINT ( 'NONE',  ( -1.990681402645799100E-014, 9.464381477805504900, 1.650000000002735700 ) ) ;
#1153 = CARTESIAN_POINT ( 'NONE',  ( -1.172420638568204300, 0.2031691717950612500, -1.431724193054418900 ) ) ;
#1154 = CARTESIAN_POINT ( 'NONE',  ( -0.4057724631436938600, -1.074333856214200400, -1.958404633406432700 ) ) ;
#1155 = CARTESIAN_POINT ( 'NONE',  ( 1.153703485184449700, 8.871499477119112200, -1.028121427811290000 ) ) ;
#1156 = EDGE_CURVE ( 'NONE', #4715, #1847, #1440, .T. ) ;
#1157 = CARTESIAN_POINT ( 'NONE',  ( -1.187172366213856000, 26.63399947711906200, -1.332182035470070400 ) ) ;
#1158 = ORIENTED_EDGE ( 'NONE', *, *, #4293, .T. ) ;
#1159 = AXIS2_PLACEMENT_3D ( 'NONE', #1751, #5375, #2713 ) ;
#1160 = CARTESIAN_POINT ( 'NONE',  ( -2.788511395811426400E-014, 9.825711861970457800, 1.875711861970457600 ) ) ;
#1161 = CARTESIAN_POINT ( 'NONE',  ( 8.778253695876226200E-016, 1.906026666236938500, -1.649999999999744800 ) ) ;
#1162 =( BOUNDED_CURVE ( )  B_SPLINE_CURVE ( 2, ( #528, #4179, #4636, #511, #3273, #5052, #4160, #1906, #4197 ),
 .UNSPECIFIED., .F., .F. ) 
 B_SPLINE_CURVE_WITH_KNOTS ( ( 3, 2, 2, 2, 3 ),
 ( 0.7166666666666667900, 0.7185185185185185600, 0.7222222222222222100, 0.7259259259259259700, 0.7277777777777779700 ),
 .UNSPECIFIED. ) 
 CURVE ( )  GEOMETRIC_REPRESENTATION_ITEM ( )  RATIONAL_B_SPLINE_CURVE ( ( 0.9330127018922194100, 0.9330127018922234100, 1.000000000000000000, 0.8660254037844387100, 1.000000000000000000, 0.8660254037844387100, 1.000000000000000000, 0.9330127018922133000, 0.9330127018922194100 ) ) 
 REPRESENTATION_ITEM ( '' )  );
#1163 = CARTESIAN_POINT ( 'NONE',  ( 0.4057724631453864000, 4.088166143785793200, 1.958404633409409600 ) ) ;
#1164 = CARTESIAN_POINT ( 'NONE',  ( 2.261370884561367100, 13.45066614378576400, -0.4685456816509410100 ) ) ;
#1165 = CARTESIAN_POINT ( 'NONE',  ( 0.5601173020771160700, 22.92983281045240700, -1.694212445547072400 ) ) ;
#1166 = ORIENTED_EDGE ( 'NONE', *, *, #4015, .T. ) ;
#1167 = CARTESIAN_POINT ( 'NONE',  ( 1.747289668291783300, 3.300666143785788700, -0.3620304100755075700 ) ) ;
#1168 = EDGE_CURVE ( 'NONE', #4483, #2897, #1274, .T. ) ;
#1169 = CARTESIAN_POINT ( 'NONE',  ( 1.136605634099568900, 1.636072071335495500, -1.730697752765544500 ) ) ;
#1170 = CYLINDRICAL_SURFACE ( 'NONE', #3543, 2.000000000000000000 ) ;
#1171 = CARTESIAN_POINT ( 'NONE',  ( -1.136605634097936500, 5.398572071335483000, 1.730697752768531900 ) ) ;
#1172 = CARTESIAN_POINT ( 'NONE',  ( 3.031088913245535200, 10.00000000000000000, -1.750000000000000400 ) ) ;
#1173 = CARTESIAN_POINT ( 'NONE',  ( 0.7249129791365839200, 19.16733281045241800, -2.192677474232650700 ) ) ;
#1174 = ORIENTED_EDGE ( 'NONE', *, *, #1855, .T. ) ;
#1175 = FACE_OUTER_BOUND ( 'NONE', #346, .T. ) ;
#1176 = CARTESIAN_POINT ( 'NONE',  ( -0.4057724631436938600, 28.93816614378572500, -1.958404633406432700 ) ) ;
#1177 = DIRECTION ( 'NONE',  ( 0.0000000000000000000, 1.000000000000000000, 0.0000000000000000000 ) ) ;
#1178 =( NAMED_UNIT ( * ) SI_UNIT ( $, .STERADIAN. ) SOLID_ANGLE_UNIT ( ) );
#1179 = ORIENTED_EDGE ( 'NONE', *, *, #3194, .T. ) ;
#1180 = CARTESIAN_POINT ( 'NONE',  ( -1.747289668290160200, 7.763166143785785100, 0.3620304100784984500 ) ) ;
#1181 = CARTESIAN_POINT ( 'NONE',  ( 1.747289668291783300, 25.70066614378573500, -0.3620304100755075700 ) ) ;
#1182 = VERTEX_POINT ( 'NONE', #845 ) ;
#1183 = DIRECTION ( 'NONE',  ( 0.0000000000000000000, 0.0000000000000000000, -1.000000000000000000 ) ) ;
#1184 = CARTESIAN_POINT ( 'NONE',  ( 0.7249129791365839200, 13.56733281045242900, -2.192677474232650700 ) ) ;
#1185 = CARTESIAN_POINT ( 'NONE',  ( -1.187172366213856000, 21.64649947711907900, -1.332182035470070400 ) ) ;
#1186 = CARTESIAN_POINT ( 'NONE',  ( 0.3135275320699943400, 3.125666143785791600, 1.513197240511562100 ) ) ;
#1187 = ORIENTED_EDGE ( 'NONE', *, *, #2247, .T. ) ;
#1188 = DIRECTION ( 'NONE',  ( 0.3138965277323320600, 0.0000000000000000000, -0.9494571974963301700 ) ) ;
#1189 = CARTESIAN_POINT ( 'NONE',  ( 1.493141931848975100, 14.90899947711909600, -1.330611577941795300 ) ) ;
#1190 = EDGE_CURVE ( 'NONE', #1717, #2922, #220, .T. ) ;
#1191 = CARTESIAN_POINT ( 'NONE',  ( 1.536457905425595300, 24.44649947711907600, 1.724131792583205100 ) ) ;
#1192 = DIRECTION ( 'NONE',  ( 0.0000000000000000000, 0.0000000000000000000, -1.000000000000000000 ) ) ;
#1193 = AXIS2_PLACEMENT_3D ( 'NONE', #3499, #930, #790 ) ;
#1194 = ORIENTED_EDGE ( 'NONE', *, *, #1374, .T. ) ;
#1195 = CARTESIAN_POINT ( 'NONE',  ( -1.267577771975587600, 0.5860720713347823400, -1.422408728879485300 ) ) ;
#1196 = PERSON_AND_ORGANIZATION_ROLE ( 'creator' ) ;
#1197 = CARTESIAN_POINT ( 'NONE',  ( 1.153703485184449700, 3.271499477119125900, -1.028121427811290000 ) ) ;
#1198 = ADVANCED_FACE ( 'NONE', ( #3821 ), #5382, .F. ) ;
#1199 = CARTESIAN_POINT ( 'NONE',  ( -1.747289668290160200, 26.05066614378573300, 0.3620304100784984500 ) ) ;
#1200 = ORIENTED_EDGE ( 'NONE', *, *, #2256, .F. ) ;
#1201 = EDGE_CURVE ( 'NONE', #3843, #615, #1079, .T. ) ;
#1202 = DIRECTION ( 'NONE',  ( -0.8660254037844388200, 0.0000000000000000000, -0.4999999999999998300 ) ) ;
#1203 = CARTESIAN_POINT ( 'NONE',  ( 1.318305917104202900, 0.2372373561239294900, -3.500000000000001300 ) ) ;
#1204 = CARTESIAN_POINT ( 'NONE',  ( 0.4057724631453182900, 13.97566614378576400, 1.958404633409422900 ) ) ;
#1205 = EDGE_CURVE ( 'NONE', #3836, #3731, #1546, .T. ) ;
#1206 = CARTESIAN_POINT ( 'NONE',  ( 1.153703485184449700, 22.17149947711907700, -1.028121427811290000 ) ) ;
#1207 = B_SPLINE_CURVE_WITH_KNOTS ( 'NONE', 3,
 ( #1109, #2428, #4651, #1125, #1564, #4217 ),
 .UNSPECIFIED., .F., .F.,
 ( 4, 2, 4 ),
 ( 0.002002522390752438700, 0.002997448974640021200, 0.003992375558527603800 ),
 .UNSPECIFIED. ) ;
#1208 = CARTESIAN_POINT ( 'NONE',  ( 0.3135275320699943400, 4.525666143785786100, 1.513197240511562100 ) ) ;
#1209 = VERTEX_POINT ( 'NONE', #5319 ) ;
#1210 = CARTESIAN_POINT ( 'NONE',  ( -1.898914394991857200, 17.85483281045242200, -0.6277930554631422400 ) ) ;
#1211 = CARTESIAN_POINT ( 'NONE',  ( 0.6277930554654759200, -0.8576671895476062300, -1.898914394991165100 ) ) ;
#1212 = CARTESIAN_POINT ( 'NONE',  ( 0.1189804768313160300, 5.111093549569417000, -2.067131037216794800 ) ) ;
#1213 = CARTESIAN_POINT ( 'NONE',  ( 0.7249129791365839200, 15.66733281045242700, -2.192677474232650700 ) ) ;
#1214 = CIRCLE ( 'NONE', #1344, 3.500000000000000000 ) ;
#1215 = CARTESIAN_POINT ( 'NONE',  ( -1.536457905423971100, 24.09649947711907500, -1.724131792580214700 ) ) ;
#1216 = CARTESIAN_POINT ( 'NONE',  ( -1.231842093774848400, 9.161072071334761100, 1.097754551805536500 ) ) ;
#1217 = CARTESIAN_POINT ( 'NONE',  ( 0.6277930554654942400, 0.1798328104524623800, -1.898914394991149300 ) ) ;
#1218 = CARTESIAN_POINT ( 'NONE',  ( 1.747289668291783300, 4.613166143785790900, -0.3620304100755075700 ) ) ;
#1219 = CYLINDRICAL_SURFACE ( 'NONE', #2100, 1.650000000000000100 ) ;
#1220 = CARTESIAN_POINT ( 'NONE',  ( 1.467231017253632000, 26.34233281045239700, 0.4850758126987769200 ) ) ;
#1221 = CARTESIAN_POINT ( 'NONE',  ( 0.1438016447977325300, 9.831095697263368300, 1.881095697263368600 ) ) ;
#1222 = CARTESIAN_POINT ( 'NONE',  ( 1.493141931848950700, 4.321499477119121300, -1.330611577941823100 ) ) ;
#1223 = CARTESIAN_POINT ( 'NONE',  ( -1.493141931847350400, 13.15899947711909900, 1.330611577944787100 ) ) ;
#1224 = CARTESIAN_POINT ( 'NONE',  ( -0.5601173020754920400, 0.2673328104524649900, 1.694212445550063300 ) ) ;
#1225 = CARTESIAN_POINT ( 'NONE',  ( 1.898914394993485200, 0.7048328104524646000, 0.6277930554661198500 ) ) ;
#1226 = CARTESIAN_POINT ( 'NONE',  ( 0.7249129791365839200, 16.97983281045242500, -2.192677474232650700 ) ) ;
#1227 = CARTESIAN_POINT ( 'NONE',  ( 0.0000000000000000000, 0.0000000000000000000, 0.0000000000000000000 ) ) ;
#1228 = ADVANCED_FACE ( 'NONE', ( #2771 ), #4322, .F. ) ;
#1229 = CARTESIAN_POINT ( 'NONE',  ( -1.493141931847332000, 5.371499477119116700, 1.330611577944807800 ) ) ;
#1230 = CARTESIAN_POINT ( 'NONE',  ( -0.4057724631436938600, 15.02566614378575900, -1.958404633406432700 ) ) ;
#1231 = VECTOR ( 'NONE', #4452, 1000.000000000000000 ) ;
#1232 = CARTESIAN_POINT ( 'NONE',  ( -1.536457905423971100, 23.39649947711907200, -1.724131792580214700 ) ) ;
#1233 = ORIENTED_EDGE ( 'NONE', *, *, #925, .T. ) ;
#1234 = CARTESIAN_POINT ( 'NONE',  ( 1.536457905425623800, 3.446499477119129700, 1.724131792583178700 ) ) ;
#1235 = CARTESIAN_POINT ( 'NONE',  ( 2.149256308119709100E-014, 5.056026666236823200, 1.650000000002736200 ) ) ;
#1236 = CARTESIAN_POINT ( 'NONE',  ( -1.747289668290160200, 6.363166143785787400, 0.3620304100784984500 ) ) ;
#1237 =( BOUNDED_CURVE ( )  B_SPLINE_CURVE ( 2, ( #4709, #2429, #3411, #4729, #3893, #694, #298, #4355, #2997 ),
 .UNSPECIFIED., .F., .T. ) 
 B_SPLINE_CURVE_WITH_KNOTS ( ( 3, 2, 2, 2, 3 ),
 ( 0.07333504650851985200, 0.07407407407407407000, 0.07777777777777772400, 0.08148148148148148800, 0.08444615761963436600 ),
 .UNSPECIFIED. ) 
 CURVE ( )  GEOMETRIC_REPRESENTATION_ITEM ( )  RATIONAL_B_SPLINE_CURVE ( ( 0.9572025516542808100, 0.9732670516844298400, 1.000000000000000000, 0.8660254037844386000, 1.000000000000000000, 0.8660254037844386000, 1.000000000000000000, 0.8927583520998843000, 0.9572025516544304700 ) ) 
 REPRESENTATION_ITEM ( '' )  );
#1238 = CARTESIAN_POINT ( 'NONE',  ( -0.3135275320683701400, 27.27566614378573100, -1.513197240508571600 ) ) ;
#1239 = EDGE_LOOP ( 'NONE', ( #1585, #1130 ) ) ;
#1240 = DIRECTION ( 'NONE',  ( 0.0000000000000000000, 1.000000000000000000, 0.0000000000000000000 ) ) ;
#1241 = CARTESIAN_POINT ( 'NONE',  ( 0.4057724631453182900, 9.075666143785774400, 1.958404633409422900 ) ) ;
#1242 = CARTESIAN_POINT ( 'NONE',  ( -1.467231017252008000, 30.10483281045238600, -0.4850758126957864200 ) ) ;
#1243 = VECTOR ( 'NONE', #2283, 1000.000000000000000 ) ;
#1244 = CARTESIAN_POINT ( 'NONE',  ( 1.187172366215480100, 24.09649947711907100, 1.332182035473060700 ) ) ;
#1245 = CARTESIAN_POINT ( 'NONE',  ( -1.153703485182825400, 1.608999477119128700, 1.028121427814281600 ) ) ;
#1246 = ORIENTED_EDGE ( 'NONE', *, *, #1051, .T. ) ;
#1247 = CARTESIAN_POINT ( 'NONE',  ( 0.6277930554654572700, 3.679832810452452900, -1.898914394991177300 ) ) ;
#1248 = CARTESIAN_POINT ( 'NONE',  ( -1.536457905423971100, 17.09649947711909200, -1.724131792580214700 ) ) ;
#1249 = CARTESIAN_POINT ( 'NONE',  ( -1.493141931847303600, 4.671499477119124500, 1.330611577944840000 ) ) ;
#1250 = ORIENTED_EDGE ( 'NONE', *, *, #5642, .F. ) ;
#1251 = AXIS2_PLACEMENT_3D ( 'NONE', #4331, #2931, #2041 ) ;
#1252 = CARTESIAN_POINT ( 'NONE',  ( -1.898914394991857200, 22.75483281045241000, -0.6277930554631422400 ) ) ;
#1253 = CARTESIAN_POINT ( 'NONE',  ( -0.6277930554638536700, 3.329832810452453700, 1.898914394994153400 ) ) ;
#1254 = DIRECTION ( 'NONE',  ( -0.0000000000000000000, -1.000000000000000000, -0.0000000000000000000 ) ) ;
#1255 = CARTESIAN_POINT ( 'NONE',  ( 1.315785379244210000, 9.934966554694632600, -1.529631720237203800 ) ) ;
#1256 = CARTESIAN_POINT ( 'NONE',  ( 0.3135275320699943400, 4.438166143785789300, 1.513197240511562100 ) ) ;
#1257 = EDGE_LOOP ( 'NONE', ( #3234, #4047, #3355, #5708 ) ) ;
#1258 = CARTESIAN_POINT ( 'NONE',  ( 1.467231017253632000, 20.04233281045241800, 0.4850758126987769200 ) ) ;
#1259 = CARTESIAN_POINT ( 'NONE',  ( 1.936491673103707800, 9.500000000000005300, -3.500000000000000000 ) ) ;
#1260 = CARTESIAN_POINT ( 'NONE',  ( -0.7249129791349598900, 10.41733281045244100, 2.192677474235640700 ) ) ;
#1261 = VERTEX_POINT ( 'NONE', #4089 ) ;
#1262 = CARTESIAN_POINT ( 'NONE',  ( -1.747289668290160200, 20.36316614378574700, 0.3620304100784984500 ) ) ;
#1263 = AXIS2_PLACEMENT_3D ( 'NONE', #5414, #417, #872 ) ;
#1264 = CARTESIAN_POINT ( 'NONE',  ( -1.187172366213856000, -0.6660005228808643100, -1.332182035470070400 ) ) ;
#1265 = CARTESIAN_POINT ( 'NONE',  ( 2.261370884561353800, 6.450666143785782400, -0.4685456816510054100 ) ) ;
#1266 = CARTESIAN_POINT ( 'NONE',  ( -1.493141931847350400, 15.87149947711909100, 1.330611577944787100 ) ) ;
#1267 = ORIENTED_EDGE ( 'NONE', *, *, #1985, .F. ) ;
#1268 = EDGE_CURVE ( 'NONE', #3025, #1895, #4520, .T. ) ;
#1269 = CARTESIAN_POINT ( 'NONE',  ( -1.536457905423971100, 24.79649947711907400, -1.724131792580214700 ) ) ;
#1270 = CARTESIAN_POINT ( 'NONE',  ( -1.267577771975587600, 8.986072071334762200, -1.422408728879485300 ) ) ;
#1271 = CARTESIAN_POINT ( 'NONE',  ( 1.153703485184449700, 3.971499477119125200, -1.028121427811290000 ) ) ;
#1272 = ORIENTED_EDGE ( 'NONE', *, *, #3527, .F. ) ;
#1273 = CARTESIAN_POINT ( 'NONE',  ( 1.187172366215480100, 20.68399947711907700, 1.332182035473060700 ) ) ;
#1274 = B_SPLINE_CURVE_WITH_KNOTS ( 'NONE', 3,
 ( #5339, #4920, #2623, #1286, #1685, #1323 ),
 .UNSPECIFIED., .F., .F.,
 ( 4, 2, 4 ),
 ( 0.002002522390752437900, 0.002997448974640019900, 0.003992375558527602000 ),
 .UNSPECIFIED. ) ;
#1275 = CONICAL_SURFACE ( 'NONE', #35, 4.000000000000000000, 0.7853981633974533900 ) ;
#1276 = CARTESIAN_POINT ( 'NONE',  ( -1.267577771975587600, 0.7944268829034824000, -1.422408728879485300 ) ) ;
#1277 = ORIENTED_EDGE ( 'NONE', *, *, #4433, .F. ) ;
#1278 = DIRECTION ( 'NONE',  ( 0.0000000000000000000, 1.000000000000000000, 0.0000000000000000000 ) ) ;
#1279 = CARTESIAN_POINT ( 'NONE',  ( -1.898914394991857200, 9.542332810452441200, -0.6277930554631422400 ) ) ;
#1280 = CARTESIAN_POINT ( 'NONE',  ( -1.747289668290160200, 28.76316614378572500, 0.3620304100784984500 ) ) ;
#1281 = CARTESIAN_POINT ( 'NONE',  ( -1.467231017252008000, 18.90483281045241500, -0.4850758126957864200 ) ) ;
#1282 = CARTESIAN_POINT ( 'NONE',  ( 1.747289668291783300, 0.5006661437857972100, -0.3620304100755075700 ) ) ;
#1283 = DIRECTION ( 'NONE',  ( 0.0000000000000000000, 0.0000000000000000000, -1.000000000000000000 ) ) ;
#1284 = CARTESIAN_POINT ( 'NONE',  ( 2.261370884561367100, 15.46316614378576100, -0.4685456816509410100 ) ) ;
#1285 = LINE ( 'NONE', #3397, #4016 ) ;
#1286 = CARTESIAN_POINT ( 'NONE',  ( -3.690013495381195600, 0.2267290553580029500, -0.6087091453849399200 ) ) ;
#1287 = CYLINDRICAL_SURFACE ( 'NONE', #1193, 1.650000000000000100 ) ;
#1288 = CARTESIAN_POINT ( 'NONE',  ( -1.493141931847350400, 20.77149947711907900, 1.330611577944787100 ) ) ;
#1289 = CARTESIAN_POINT ( 'NONE',  ( 0.0000000000000000000, 0.4999999999999947800, 0.0000000000000000000 ) ) ;
#1290 = CARTESIAN_POINT ( 'NONE',  ( -1.467231017252008000, 2.104832810452463000, -0.4850758126957864200 ) ) ;
#1291 = CARTESIAN_POINT ( 'NONE',  ( -0.3135275320683701400, 23.07566614378574200, -1.513197240508571600 ) ) ;
#1292 = VECTOR ( 'NONE', #48, 1000.000000000000000 ) ;
#1293 = CARTESIAN_POINT ( 'NONE',  ( 2.143592918638497900E-014, 1.064381477805529600, 1.650000000002736200 ) ) ;
#1294 = CARTESIAN_POINT ( 'NONE',  ( 2.020667218593133000E-016, 10.00000000000000000, 1.650000000000000100 ) ) ;
#1295 = CARTESIAN_POINT ( 'NONE',  ( 1.536457905425595300, 9.833999477119109000, 1.724131792583205100 ) ) ;
#1296 = CARTESIAN_POINT ( 'NONE',  ( 0.5601173020771160700, 29.22983281045239300, -1.694212445547072400 ) ) ;
#1297 = CARTESIAN_POINT ( 'NONE',  ( 0.5601173020771160700, 18.72983281045241800, -1.694212445547072400 ) ) ;
#1298 = ORIENTED_EDGE ( 'NONE', *, *, #3345, .T. ) ;
#1299 = CARTESIAN_POINT ( 'NONE',  ( -1.187172366213856000, 2.133999477119127500, -1.332182035470070400 ) ) ;
#1300 = CARTESIAN_POINT ( 'NONE',  ( 1.536457905425595300, 16.04649947711909500, 1.724131792583205100 ) ) ;
#1301 = CALENDAR_DATE ( 2022, 13, 7 ) ;
#1302 = ORIENTED_EDGE ( 'NONE', *, *, #1778, .F. ) ;
#1303 = CARTESIAN_POINT ( 'NONE',  ( 0.6277930554654740400, 8.579832810452440800, -1.898914394991172000 ) ) ;
#1304 = COORDINATED_UNIVERSAL_TIME_OFFSET ( 6, 0, .BEHIND. ) ;
#1305 =( BOUNDED_CURVE ( )  B_SPLINE_CURVE ( 2, ( #5415, #938, #17, #2749, #903, #4491, #3120, #2234, #5865 ),
 .UNSPECIFIED., .F., .F. ) 
 B_SPLINE_CURVE_WITH_KNOTS ( ( 3, 2, 2, 2, 3 ),
 ( 0.2177794909529677800, 0.2185185185185185600, 0.2222222222222222100, 0.2259259259259259700, 0.2288906020640754100 ),
 .UNSPECIFIED. ) 
 CURVE ( )  GEOMETRIC_REPRESENTATION_ITEM ( )  RATIONAL_B_SPLINE_CURVE ( ( 0.9572025516544313600, 0.9732670516845550700, 1.000000000000000000, 0.8660254037844386000, 1.000000000000000000, 0.8660254037844386000, 1.000000000000000000, 0.8927583521000087600, 0.9572025516542808100 ) ) 
 REPRESENTATION_ITEM ( '' )  );
#1306 = CARTESIAN_POINT ( 'NONE',  ( -0.7249129791349598900, 20.82983281045241600, 2.192677474235640700 ) ) ;
#1307 = CARTESIAN_POINT ( 'NONE',  ( -1.136605634097930500, 6.186072071335484400, 1.730697752768550300 ) ) ;
#1308 = CARTESIAN_POINT ( 'NONE',  ( -0.6277930554638704300, 8.229832810452443000, 1.898914394994147800 ) ) ;
#1309 = CARTESIAN_POINT ( 'NONE',  ( -0.6277930554638429000, 9.629832810452441500, 1.898914394994156900 ) ) ;
#1310 = ORIENTED_EDGE ( 'NONE', *, *, #4631, .F. ) ;
#1311 = CARTESIAN_POINT ( 'NONE',  ( 1.467231017253632000, 2.454832810452459000, 0.4850758126987769200 ) ) ;
#1312 = EDGE_CURVE ( 'NONE', #1379, #620, #2068, .T. ) ;
#1313 = CARTESIAN_POINT ( 'NONE',  ( -1.747289668290160200, 21.15066614378574900, 0.3620304100784984500 ) ) ;
#1314 = CARTESIAN_POINT ( 'NONE',  ( -0.3397187001173406200, 9.999999999999998200, -3.499999999999999600 ) ) ;
#1315 = ORIENTED_EDGE ( 'NONE', *, *, #280, .T. ) ;
#1316 = CARTESIAN_POINT ( 'NONE',  ( 0.6277930554654759200, -0.8576671895476062300, -1.898914394991165100 ) ) ;
#1317 = CARTESIAN_POINT ( 'NONE',  ( 1.493141931848975100, 7.208999477119116200, -1.330611577941795300 ) ) ;
#1318 = CARTESIAN_POINT ( 'NONE',  ( -0.3135275320683701400, 29.28816614378572300, -1.513197240508571600 ) ) ;
#1319 = CARTESIAN_POINT ( 'NONE',  ( 0.3135275320699943400, 19.13816614378575300, 1.513197240511562100 ) ) ;
#1320 = CARTESIAN_POINT ( 'NONE',  ( -2.261370884559743600, 6.013166143785785100, 0.4685456816539321200 ) ) ;
#1321 = CARTESIAN_POINT ( 'NONE',  ( 2.261370884561367100, 11.26316614378577300, -0.4685456816509410100 ) ) ;
#1322 = ORIENTED_EDGE ( 'NONE', *, *, #5817, .F. ) ;
#1323 = CARTESIAN_POINT ( 'NONE',  ( -3.999334749797389200, 0.4999999999999947800, -0.07294901687515351100 ) ) ;
#1324 = CARTESIAN_POINT ( 'NONE',  ( -2.510525938252073700E-016, 10.00000000000000000, 2.049999999999999800 ) ) ;
#1325 = CARTESIAN_POINT ( 'NONE',  ( 1.898914394993498100, 2.804832810452462200, 0.6277930554660807700 ) ) ;
#1326 = CARTESIAN_POINT ( 'NONE',  ( 2.261370884561349800, 2.163166143785798300, -0.4685456816510252300 ) ) ;
#1327 = CARTESIAN_POINT ( 'NONE',  ( -1.153703485182825400, 0.8214994771191321800, 1.028121427814281600 ) ) ;
#1328 = CARTESIAN_POINT ( 'NONE',  ( 1.153703485184449700, 22.25899947711907600, -1.028121427811290000 ) ) ;
#1329 = VERTEX_POINT ( 'NONE', #4485 ) ;
#1330 = CARTESIAN_POINT ( 'NONE',  ( -1.865630979763049500, 2.802738738001443200, 0.3865501873650462100 ) ) ;
#1331 = CARTESIAN_POINT ( 'NONE',  ( 0.7249129791365839200, 6.567332810452453100, -2.192677474232650700 ) ) ;
#1332 = CARTESIAN_POINT ( 'NONE',  ( -0.3135275320683701400, 20.18816614378574700, -1.513197240508571600 ) ) ;
#1333 = CARTESIAN_POINT ( 'NONE',  ( -0.4057724631436938600, 5.138166143785788600, -1.958404633406432700 ) ) ;
#1334 = ORIENTED_EDGE ( 'NONE', *, *, #4477, .F. ) ;
#1335 = ORIENTED_EDGE ( 'NONE', *, *, #4015, .F. ) ;
#1336 = CARTESIAN_POINT ( 'NONE',  ( 1.898914394993481000, 12.60483281045243800, 0.6277930554661326200 ) ) ;
#1337 = CARTESIAN_POINT ( 'NONE',  ( 0.3347622820952812500, 5.986093549570132800, 1.615683822564250500 ) ) ;
#1338 = CARTESIAN_POINT ( 'NONE',  ( -1.635141734011575700, 0.3541095880644207800, -3.499999999999999600 ) ) ;
#1339 = ORIENTED_EDGE ( 'NONE', *, *, #509, .F. ) ;
#1340 = EDGE_CURVE ( 'NONE', #2246, #2819, #1015, .T. ) ;
#1341 = CARTESIAN_POINT ( 'NONE',  ( 1.536457905425608900, 7.733999477119113800, 1.724131792583192900 ) ) ;
#1342 = CARTESIAN_POINT ( 'NONE',  ( -0.7249129791349598900, 22.22983281045240700, 2.192677474235640700 ) ) ;
#1343 = CARTESIAN_POINT ( 'NONE',  ( 0.6277930554654989100, 2.279832810452456600, -1.898914394991155800 ) ) ;
#1344 = AXIS2_PLACEMENT_3D ( 'NONE', #4926, #3154, #4508 ) ;
#1345 = CARTESIAN_POINT ( 'NONE',  ( 1.231842093776472900, 6.011072071334767800, -1.097754551802544900 ) ) ;
#1346 = CARTESIAN_POINT ( 'NONE',  ( 0.0000000000000000000, 0.0000000000000000000, 0.0000000000000000000 ) ) ;
#1347 = CARTESIAN_POINT ( 'NONE',  ( -0.7249129791349598900, 20.91733281045241100, 2.192677474235640700 ) ) ;
#1348 = CARTESIAN_POINT ( 'NONE',  ( -1.467231017252008000, 0.004832810452465308200, -0.4850758126957864200 ) ) ;
#1349 = FACE_OUTER_BOUND ( 'NONE', #2667, .T. ) ;
#1350 = CARTESIAN_POINT ( 'NONE',  ( -1.153703485182825400, 16.30899947711909100, 1.028121427814281600 ) ) ;
#1351 = EDGE_CURVE ( 'NONE', #4989, #2180, #1913, .T. ) ;
#1352 = VECTOR ( 'NONE', #86, 1000.000000000000000 ) ;
#1353 = CARTESIAN_POINT ( 'NONE',  ( 1.153703485184449700, 17.27149947711909000, -1.028121427811290000 ) ) ;
#1354 = CARTESIAN_POINT ( 'NONE',  ( 1.898914394993481000, 4.904832810452452600, 0.6277930554661326200 ) ) ;
#1355 = LINE ( 'NONE', #2979, #1696 ) ;
#1356 = CARTESIAN_POINT ( 'NONE',  ( 0.6277930554654870300, 6.567332810452445100, -1.898914394991159800 ) ) ;
#1357 = CARTESIAN_POINT ( 'NONE',  ( -0.1189804768297045200, 7.648593549569408600, 2.067131037219797700 ) ) ;
#1358 = CYLINDRICAL_SURFACE ( 'NONE', #2022, 1.650000000000000100 ) ;
#1359 = DIRECTION ( 'NONE',  ( -0.0000000000000000000, -1.000000000000000000, -0.0000000000000000000 ) ) ;
#1360 = DIRECTION ( 'NONE',  ( -0.0000000000000000000, -1.000000000000000000, -0.0000000000000000000 ) ) ;
#1361 = CARTESIAN_POINT ( 'NONE',  ( 1.566604375870941800, 1.902760216236809100, 0.5179292707602105600 ) ) ;
#1362 = CARTESIAN_POINT ( 'NONE',  ( 1.493141931848975100, 20.50899947711908000, -1.330611577941795300 ) ) ;
#1363 = CARTESIAN_POINT ( 'NONE',  ( -0.3135275320683701400, 0.5881661437857967900, -1.513197240508571600 ) ) ;
#1364 = ADVANCED_FACE ( 'NONE', ( #2982 ), #2420, .F. ) ;
#1365 = CARTESIAN_POINT ( 'NONE',  ( 0.3135275320699943400, 17.12566614378575700, 1.513197240511562100 ) ) ;
#1366 = ORIENTED_EDGE ( 'NONE', *, *, #400, .T. ) ;
#1367 = CARTESIAN_POINT ( 'NONE',  ( 0.1691400011357875900, 3.667381598966519700, 1.650000000002821200 ) ) ;
#1368 = CARTESIAN_POINT ( 'NONE',  ( -0.5601173020754920400, 14.87983281045242700, 1.694212445550063300 ) ) ;
#1369 = CARTESIAN_POINT ( 'NONE',  ( -1.493141931847350400, 4.671499477119124500, 1.330611577944787100 ) ) ;
#1370 = ORIENTED_EDGE ( 'NONE', *, *, #2975, .F. ) ;
#1371 = CARTESIAN_POINT ( 'NONE',  ( -0.4057724631436938600, 12.83816614378576700, -1.958404633406432700 ) ) ;
#1372 = CARTESIAN_POINT ( 'NONE',  ( 1.566604375870941800, 6.102760216236798200, 0.5179292707602105600 ) ) ;
#1373 = CARTESIAN_POINT ( 'NONE',  ( 1.931651590532307700, 0.08820246325425895600, -0.8385392333493189000 ) ) ;
#1374 = EDGE_CURVE ( 'NONE', #2433, #2605, #5592, .T. ) ;
#1375 = DIRECTION ( 'NONE',  ( 0.0000000000000000000, 0.0000000000000000000, 1.000000000000000000 ) ) ;
#1376 = CONICAL_SURFACE ( 'NONE', #3095, 4.000000000000000000, 0.7853981633974533900 ) ;
#1377 = CARTESIAN_POINT ( 'NONE',  ( -3.201341449361261300, 9.987351328781134200, -1.455113957330102600 ) ) ;
#1378 = AXIS2_PLACEMENT_3D ( 'NONE', #5411, #2286, #2230 ) ;
#1379 = VERTEX_POINT ( 'NONE', #3222 ) ;
#1380 = CARTESIAN_POINT ( 'NONE',  ( -0.6277930554638560000, 8.929832810452444000, 1.898914394994152300 ) ) ;
#1381 = CARTESIAN_POINT ( 'NONE',  ( 1.493141931848975100, 19.72149947711908500, -1.330611577941795300 ) ) ;
#1382 = DIRECTION ( 'NONE',  ( 0.0000000000000000000, 1.000000000000000000, 0.0000000000000000000 ) ) ;
#1383 = CARTESIAN_POINT ( 'NONE',  ( -0.7397092485551969300, 5.214722327394763800, 1.650000000002382200 ) ) ;
#1384 = CARTESIAN_POINT ( 'NONE',  ( 1.536457905425595300, 27.33399947711906500, 1.724131792583205100 ) ) ;
#1385 = EDGE_CURVE ( 'NONE', #1895, #1532, #154, .T. ) ;
#1386 = ORIENTED_EDGE ( 'NONE', *, *, #2213, .F. ) ;
#1387 = CARTESIAN_POINT ( 'NONE',  ( -1.153703485182825400, 17.70899947711909000, 1.028121427814281600 ) ) ;
#1388 = CARTESIAN_POINT ( 'NONE',  ( -0.1691400011349813400, 7.725736410535255100, -1.649999999999660800 ) ) ;
#1389 = CARTESIAN_POINT ( 'NONE',  ( -0.4057724631437393800, 7.238166143785779400, -1.958404633406423600 ) ) ;
#1390 = ORIENTED_EDGE ( 'NONE', *, *, #2399, .T. ) ;
#1391 = CARTESIAN_POINT ( 'NONE',  ( 1.747289668291783300, 16.51316614378575700, -0.3620304100755075700 ) ) ;
#1392 = CARTESIAN_POINT ( 'NONE',  ( -0.7249129791349598900, 5.429832810452450300, 2.192677474235640700 ) ) ;
#1393 = CARTESIAN_POINT ( 'NONE',  ( 0.4057724631453182900, 9.688166143785773300, 1.958404633409422900 ) ) ;
#1394 = CARTESIAN_POINT ( 'NONE',  ( -1.865630979763049500, 4.902738738001443300, 0.3865501873650462100 ) ) ;
#1395 = CARTESIAN_POINT ( 'NONE',  ( -1.990681402645799100E-014, 6.664381477805513900, 1.650000000002735700 ) ) ;
#1396 = ORIENTED_EDGE ( 'NONE', *, *, #3046, .F. ) ;
#1397 = CARTESIAN_POINT ( 'NONE',  ( 2.697907474848067800, 0.04905938466086842700, -2.327087179443295500 ) ) ;
#1398 = ADVANCED_FACE ( 'NONE', ( #163 ), #5168, .F. ) ;
#1399 = CARTESIAN_POINT ( 'NONE',  ( 1.267577771977211700, 5.836072071334775100, 1.422408728882475800 ) ) ;
#1400 = CARTESIAN_POINT ( 'NONE',  ( 1.536457905425595300, 29.43399947711905900, 1.724131792583205100 ) ) ;
#1401 = ORIENTED_EDGE ( 'NONE', *, *, #709, .T. ) ;
#1402 = CARTESIAN_POINT ( 'NONE',  ( -0.3135275320683701400, 18.17566614378575500, -1.513197240508571600 ) ) ;
#1403 = VECTOR ( 'NONE', #902, 1000.000000000000000 ) ;
#1404 = ORIENTED_EDGE ( 'NONE', *, *, #4388, .F. ) ;
#1405 = CARTESIAN_POINT ( 'NONE',  ( 1.865630979764672600, 8.261093549570127000, -0.3865501873620552100 ) ) ;
#1406 = CARTESIAN_POINT ( 'NONE',  ( -0.4057724631436938600, 5.225666143785785400, -1.958404633406432700 ) ) ;
#1407 = CARTESIAN_POINT ( 'NONE',  ( -1.467231017252008000, 15.40483281045242600, -0.4850758126957864200 ) ) ;
#1408 =( BOUNDED_CURVE ( )  B_SPLINE_CURVE ( 2, ( #4776, #3117, #4882, #2205, #5364, #2660, #4008, #4464, #1762 ),
 .UNSPECIFIED., .F., .T. ) 
 B_SPLINE_CURVE_WITH_KNOTS ( ( 3, 2, 2, 2, 3 ),
 ( 0.7166666666666667900, 0.7185185185185185600, 0.7222222222222222100, 0.7259259259259259700, 0.7277777777777779700 ),
 .UNSPECIFIED. ) 
 CURVE ( )  GEOMETRIC_REPRESENTATION_ITEM ( )  RATIONAL_B_SPLINE_CURVE ( ( 0.9330127018922194100, 0.9330127018922234100, 1.000000000000000000, 0.8660254037844387100, 1.000000000000000000, 0.8660254037844387100, 1.000000000000000000, 0.9330127018922133000, 0.9330127018922194100 ) ) 
 REPRESENTATION_ITEM ( '' )  );
#1409 = CARTESIAN_POINT ( 'NONE',  ( 1.898914394993481000, 0.004832810452465308200, 0.6277930554661326200 ) ) ;
#1410 = CARTESIAN_POINT ( 'NONE',  ( 1.898914394993481000, 10.50483281045244000, 0.6277930554661326200 ) ) ;
#1411 = CARTESIAN_POINT ( 'NONE',  ( 8.118505867571457200E-013, -0.8576671895476062300, 1.495331636292007700E-012 ) ) ;
#1412 = CARTESIAN_POINT ( 'NONE',  ( 0.4057724631453182900, 21.67566614378574400, 1.958404633409422900 ) ) ;
#1413 = CIRCLE ( 'NONE', #628, 2.000000000000000000 ) ;
#1414 = CARTESIAN_POINT ( 'NONE',  ( 1.493141931848975100, 19.02149947711908600, -1.330611577941795300 ) ) ;
#1415 = CARTESIAN_POINT ( 'NONE',  ( 3.999334749797389200, 9.500000000000005300, 0.07294901687515610600 ) ) ;
#1416 = CARTESIAN_POINT ( 'NONE',  ( 1.493141931848975100, 28.90899947711905700, -1.330611577941795300 ) ) ;
#1417 = CARTESIAN_POINT ( 'NONE',  ( -0.5601173020754920400, 19.16733281045241800, 1.694212445550063300 ) ) ;
#1418 = CIRCLE ( 'NONE', #5154, 3.499999999999999600 ) ;
#1419 = CARTESIAN_POINT ( 'NONE',  ( 1.566604375870941800, 1.694405404668112100, 0.5179292707602104500 ) ) ;
#1420 = CARTESIAN_POINT ( 'NONE',  ( -0.7249129791349598900, 5.517332810452453300, 2.192677474235640700 ) ) ;
#1421 = CARTESIAN_POINT ( 'NONE',  ( 1.187172366215480100, 14.29649947711909500, 1.332182035473060700 ) ) ;
#1422 = CARTESIAN_POINT ( 'NONE',  ( -1.536457905423971100, 1.696499477119125300, -1.724131792580214700 ) ) ;
#1423 = CARTESIAN_POINT ( 'NONE',  ( 1.536457905425595300, 9.046499477119116500, 1.724131792583205100 ) ) ;
#1424 = CARTESIAN_POINT ( 'NONE',  ( -0.1189804768296842100, 3.448593549569420000, 2.067131037219786200 ) ) ;
#1425 = CARTESIAN_POINT ( 'NONE',  ( 2.149256308119709100E-014, 2.956026666236827100, 1.650000000002736200 ) ) ;
#1426 = ORIENTED_EDGE ( 'NONE', *, *, #5300, .F. ) ;
#1427 = DIRECTION ( 'NONE',  ( -0.0000000000000000000, -1.000000000000000000, -0.0000000000000000000 ) ) ;
#1428 = CARTESIAN_POINT ( 'NONE',  ( -1.536457905423971100, 24.18399947711907000, -1.724131792580214700 ) ) ;
#1429 = DIRECTION ( 'NONE',  ( -0.0000000000000000000, -1.000000000000000000, -0.0000000000000000000 ) ) ;
#1430 = CARTESIAN_POINT ( 'NONE',  ( -1.566604375869318000, 3.652760216236803800, -0.5179292707572200600 ) ) ;
#1431 = ORIENTED_EDGE ( 'NONE', *, *, #2709, .F. ) ;
#1432 = AXIS2_PLACEMENT_3D ( 'NONE', #1482, #5124, #624 ) ;
#1433 = CARTESIAN_POINT ( 'NONE',  ( -0.5601173020754920400, -1.220167189547532300, 1.694212445550063300 ) ) ;
#1434 = CARTESIAN_POINT ( 'NONE',  ( -1.153703485182825400, 13.50899947711909900, 1.028121427814281600 ) ) ;
#1435 = CALENDAR_DATE ( 2022, 13, 7 ) ;
#1436 = ORIENTED_EDGE ( 'NONE', *, *, #581, .F. ) ;
#1437 = CARTESIAN_POINT ( 'NONE',  ( 1.603853774399965000, 9.844301681391668200, -1.028836777134860100 ) ) ;
#1438 = CARTESIAN_POINT ( 'NONE',  ( 0.7249129791365839200, 5.867332810452452900, -2.192677474232650700 ) ) ;
#1439 = CARTESIAN_POINT ( 'NONE',  ( -1.747289668290160200, 10.56316614378577200, 0.3620304100784984500 ) ) ;
#1440 =( BOUNDED_CURVE ( )  B_SPLINE_CURVE ( 2, ( #3056, #866, #827, #2658, #880, #3968, #2639, #1720, #2183 ),
 .UNSPECIFIED., .F., .F. ) 
 B_SPLINE_CURVE_WITH_KNOTS ( ( 3, 2, 2, 2, 3 ),
 ( 0.9055555555555556700, 0.9074074074074074400, 0.9111111111111110900, 0.9148148148148148600, 0.9166666666666668500 ),
 .UNSPECIFIED. ) 
 CURVE ( )  GEOMETRIC_REPRESENTATION_ITEM ( )  RATIONAL_B_SPLINE_CURVE ( ( 0.9330127018922194100, 0.9330127018922234100, 1.000000000000000000, 0.8660254037844387100, 1.000000000000000000, 0.8660254037844387100, 1.000000000000000000, 0.9330127018922133000, 0.9330127018922194100 ) ) 
 REPRESENTATION_ITEM ( '' )  );
#1441 = CARTESIAN_POINT ( 'NONE',  ( -1.493141931847350400, 1.871499477119127600, 1.330611577944787100 ) ) ;
#1442 = CARTESIAN_POINT ( 'NONE',  ( 1.493141931848975100, 7.821499477119117700, -1.330611577941795300 ) ) ;
#1443 = ORIENTED_EDGE ( 'NONE', *, *, #1556, .T. ) ;
#1444 = EDGE_CURVE ( 'NONE', #1807, #5258, #5849, .T. ) ;
#1445 = DIRECTION ( 'NONE',  ( 0.3138965277323320600, 0.0000000000000000000, -0.9494571974963301700 ) ) ;
#1446 = AXIS2_PLACEMENT_3D ( 'NONE', #748, #2140, #4418 ) ;
#1447 = VERTEX_POINT ( 'NONE', #5205 ) ;
#1448 = CARTESIAN_POINT ( 'NONE',  ( -0.6277930554638390100, 3.417332810452454100, 1.898914394994158300 ) ) ;
#1449 = CARTESIAN_POINT ( 'NONE',  ( 1.267577771977211700, 8.844426882903464500, 1.422408728882475800 ) ) ;
#1450 = CARTESIAN_POINT ( 'NONE',  ( 0.7397092485561809200, 6.756367515826126700, -1.650000000000108900 ) ) ;
#1451 = CARTESIAN_POINT ( 'NONE',  ( -1.467231017252008000, -1.395167189547533000, -0.4850758126957864200 ) ) ;
#1452 = EDGE_CURVE ( 'NONE', #5514, #4204, #5456, .T. ) ;
#1453 = CARTESIAN_POINT ( 'NONE',  ( -1.747289668290160200, 13.45066614378576400, 0.3620304100784984500 ) ) ;
#1454 = VERTEX_POINT ( 'NONE', #5682 ) ;
#1455 = CARTESIAN_POINT ( 'NONE',  ( -1.898914394991857200, 30.45483281045238800, -0.6277930554631422400 ) ) ;
#1456 = CARTESIAN_POINT ( 'NONE',  ( 0.6277930554654702600, 4.467332810452449900, -1.898914394991164900 ) ) ;
#1457 = CARTESIAN_POINT ( 'NONE',  ( -1.898914394991857200, 6.042332810452449200, -0.6277930554631422400 ) ) ;
#1458 = CARTESIAN_POINT ( 'NONE',  ( 8.778253695876226200E-016, 2.114381477805633100, -1.649999999999745200 ) ) ;
#1459 = CARTESIAN_POINT ( 'NONE',  ( 1.747289668291783300, 13.71316614378576500, -0.3620304100755075700 ) ) ;
#1460 = CARTESIAN_POINT ( 'NONE',  ( 2.261370884561367100, 2.863166143785798900, -0.4685456816509410100 ) ) ;
#1461 = VERTEX_POINT ( 'NONE', #2933 ) ;
#1462 = CARTESIAN_POINT ( 'NONE',  ( -1.536457905423971100, 7.296499477119112100, -1.724131792580214700 ) ) ;
#1463 = CARTESIAN_POINT ( 'NONE',  ( 1.865630979764672600, 5.461093549570136000, -0.3865501873620552100 ) ) ;
#1464 = CARTESIAN_POINT ( 'NONE',  ( -0.4057724631437282200, 3.125666143785791600, -1.958404633406425300 ) ) ;
#1465 = CARTESIAN_POINT ( 'NONE',  ( -2.261370884559743600, 22.20066614378574200, 0.4685456816539321200 ) ) ;
#1466 = ORIENTED_EDGE ( 'NONE', *, *, #280, .F. ) ;
#1467 = ORIENTED_EDGE ( 'NONE', *, *, #3634, .T. ) ;
#1468 = CARTESIAN_POINT ( 'NONE',  ( -0.5601173020754920400, 9.367332810452444000, 1.694212445550063300 ) ) ;
#1469 = CARTESIAN_POINT ( 'NONE',  ( 0.02972049456850987800, 9.602558746679664000, -1.652558746679664100 ) ) ;
#1470 = CARTESIAN_POINT ( 'NONE',  ( -9.429543486215421600E-015, 3.514381477805631700, -1.649999999999745000 ) ) ;
#1471 = CARTESIAN_POINT ( 'NONE',  ( -0.4057724631436938600, 26.92566614378573000, -1.958404633406432700 ) ) ;
#1472 = CARTESIAN_POINT ( 'NONE',  ( 1.747289668291783300, 15.20066614378576200, -0.3620304100755075700 ) ) ;
#1473 = EDGE_LOOP ( 'NONE', ( #1747, #5555, #2360, #5638 ) ) ;
#1474 =( BOUNDED_CURVE ( )  B_SPLINE_CURVE ( 2, ( #5470, #1821, #4979, #507, #2766, #4612, #958, #549, #53 ),
 .UNSPECIFIED., .F., .T. ) 
 B_SPLINE_CURVE_WITH_KNOTS ( ( 3, 2, 2, 2, 3 ),
 ( 0.8599982868248135000, 0.8629629629629629300, 0.8666666666666667000, 0.8703703703703703500, 0.8711093979359211300 ),
 .UNSPECIFIED. ) 
 CURVE ( )  GEOMETRIC_REPRESENTATION_ITEM ( )  RATIONAL_B_SPLINE_CURVE ( ( 0.9572025516542808100, 0.8927583521000087600, 1.000000000000000000, 0.8660254037844386000, 1.000000000000000000, 0.8660254037844386000, 1.000000000000000000, 0.9732670516845551800, 0.9572025516544314700 ) ) 
 REPRESENTATION_ITEM ( '' )  );
#1475 = PERSON ( 'UNSPECIFIED', 'UNSPECIFIED', 'UNSPECIFIED', ('UNSPECIFIED'), ('UNSPECIFIED'), ('UNSPECIFIED') ) ;
#1476 = CARTESIAN_POINT ( 'NONE',  ( 2.062843076693681200, 10.00000000000000000, 3.427050983124841900 ) ) ;
#1477 = CYLINDRICAL_SURFACE ( 'NONE', #4995, 1.650000000000000100 ) ;
#1478 = CARTESIAN_POINT ( 'NONE',  ( 1.187172366215480100, 12.89649947711909700, 1.332182035473060700 ) ) ;
#1479 = EDGE_CURVE ( 'NONE', #5258, #531, #503, .T. ) ;
#1480 = CARTESIAN_POINT ( 'NONE',  ( -1.493141931847350400, 0.4714994771191291500, 1.330611577944787100 ) ) ;
#1481 = CARTESIAN_POINT ( 'NONE',  ( -1.936491673103710100, 9.500000000000005300, -3.499999999999999100 ) ) ;
#1482 = CARTESIAN_POINT ( 'NONE',  ( 8.118505867571457200E-013, -0.8576671895476062300, 1.495331636292007700E-012 ) ) ;
#1483 = VECTOR ( 'NONE', #1539, 1000.000000000000000 ) ;
#1484 = CARTESIAN_POINT ( 'NONE',  ( 1.600627295984776300, 0.3367721793113306900, -0.6434117691392877700 ) ) ;
#1485 = CARTESIAN_POINT ( 'NONE',  ( 0.0000000000000000000, 10.00000000000000000, 0.0000000000000000000 ) ) ;
#1486 = CARTESIAN_POINT ( 'NONE',  ( -1.153703485182825400, 7.908999477119111900, 1.028121427814281600 ) ) ;
#1487 = EDGE_CURVE ( 'NONE', #3810, #3941, #4779, .T. ) ;
#1488 = EDGE_CURVE ( 'NONE', #843, #1579, #433, .T. ) ;
#1489 = CARTESIAN_POINT ( 'NONE',  ( 0.1189804768313147300, 0.2110935495694300200, -2.067131037216800100 ) ) ;
#1490 = CARTESIAN_POINT ( 'NONE',  ( 1.898914394993481000, 20.39233281045241200, 0.6277930554661326200 ) ) ;
#1491 = CARTESIAN_POINT ( 'NONE',  ( 0.4057724631453182900, 25.87566614378573200, 1.958404633409422900 ) ) ;
#1492 = CARTESIAN_POINT ( 'NONE',  ( -0.3135275320683701400, 13.27566614378576700, -1.513197240508571600 ) ) ;
#1493 = CYLINDRICAL_SURFACE ( 'NONE', #714, 2.000000000000000000 ) ;
#1494 = CARTESIAN_POINT ( 'NONE',  ( 1.898914394993481000, 2.892332810452459500, 0.6277930554661326200 ) ) ;
#1495 = CARTESIAN_POINT ( 'NONE',  ( -1.990681402645799100E-014, 4.564381477805517800, 1.650000000002735700 ) ) ;
#1496 = CARTESIAN_POINT ( 'NONE',  ( 1.153703485184449700, 11.67149947711910200, -1.028121427811290000 ) ) ;
#1497 = CARTESIAN_POINT ( 'NONE',  ( 0.3135275320699943400, 29.72566614378572300, 1.513197240511562100 ) ) ;
#1498 = ORIENTED_EDGE ( 'NONE', *, *, #5508, .T. ) ;
#1499 = CARTESIAN_POINT ( 'NONE',  ( -1.091664801918714100, 9.651709145520863200, -1.325880639749327700 ) ) ;
#1500 = CARTESIAN_POINT ( 'NONE',  ( -0.4057724631437531500, 7.938166143785778700, -1.958404633406420700 ) ) ;
#1501 = CARTESIAN_POINT ( 'NONE',  ( 0.1691400011357875900, 8.567381598966505900, 1.650000000002821200 ) ) ;
#1502 = CARTESIAN_POINT ( 'NONE',  ( 1.341566542122288200, 0.3999999999999987500, -0.9605723361923598200 ) ) ;
#1503 = CARTESIAN_POINT ( 'NONE',  ( -0.5601173020754920400, 24.67983281045240300, 1.694212445550063300 ) ) ;
#1504 = VERTEX_POINT ( 'NONE', #4664 ) ;
#1505 = CARTESIAN_POINT ( 'NONE',  ( 1.153703485184449700, 8.958999477119110800, -1.028121427811290000 ) ) ;
#1506 = CARTESIAN_POINT ( 'NONE',  ( -1.493141931847340000, 1.258999477119129100, 1.330611577944798900 ) ) ;
#1507 =( BOUNDED_CURVE ( )  B_SPLINE_CURVE ( 2, ( #3307, #2879, #5639, #5143, #5617, #5164, #1121, #1043, #2447 ),
 .UNSPECIFIED., .F., .T. ) 
 B_SPLINE_CURVE_WITH_KNOTS ( ( 3, 2, 2, 2, 3 ),
 ( 0.8822205090470357500, 0.8851851851851851900, 0.8888888888888888400, 0.8925925925925926000, 0.8933316201581433800 ),
 .UNSPECIFIED. ) 
 CURVE ( )  GEOMETRIC_REPRESENTATION_ITEM ( )  RATIONAL_B_SPLINE_CURVE ( ( 0.9572025516542808100, 0.8927583521000087600, 1.000000000000000000, 0.8660254037844386000, 1.000000000000000000, 0.8660254037844386000, 1.000000000000000000, 0.9732670516845543000, 0.9572025516544304700 ) ) 
 REPRESENTATION_ITEM ( '' )  );
#1508 = CARTESIAN_POINT ( 'NONE',  ( 1.898914394993481000, 18.20483281045242000, 0.6277930554661326200 ) ) ;
#1509 = CARTESIAN_POINT ( 'NONE',  ( 0.0000000000000000000, 10.00000000000000000, 0.0000000000000000000 ) ) ;
#1510 = CARTESIAN_POINT ( 'NONE',  ( 0.7249129791365839200, 25.46733281045240500, -2.192677474232650700 ) ) ;
#1511 = ORIENTED_EDGE ( 'NONE', *, *, #1742, .F. ) ;
#1512 = CARTESIAN_POINT ( 'NONE',  ( -1.467231017252008000, 15.49233281045242600, -0.4850758126957864200 ) ) ;
#1513 = CARTESIAN_POINT ( 'NONE',  ( -2.261370884559743600, 29.81316614378572500, 0.4685456816539321200 ) ) ;
#1514 = CARTESIAN_POINT ( 'NONE',  ( 0.4057724631453182900, 2.775666143785791900, 1.958404633409422900 ) ) ;
#1515 = EDGE_LOOP ( 'NONE', ( #4199, #2674, #4309, #1277 ) ) ;
#1516 = CARTESIAN_POINT ( 'NONE',  ( 0.7397092485561767000, 4.864722327394826400, -1.650000000000113400 ) ) ;
#1517 = CARTESIAN_POINT ( 'NONE',  ( -0.5601173020754920400, 11.37983281045244200, 1.694212445550063300 ) ) ;
#1518 = CARTESIAN_POINT ( 'NONE',  ( 0.5601173020771160700, 28.61733281045239300, -1.694212445547072400 ) ) ;
#1519 = CARTESIAN_POINT ( 'NONE',  ( 2.149256308119709100E-014, 7.856026666236814100, 1.650000000002736200 ) ) ;
#1520 = DIRECTION ( 'NONE',  ( -0.0000000000000000000, -1.000000000000000000, 0.0000000000000000000 ) ) ;
#1521 = ORIENTED_EDGE ( 'NONE', *, *, #1778, .T. ) ;
#1522 = CARTESIAN_POINT ( 'NONE',  ( 1.493141931848920700, 0.2089994771191303100, -1.330611577941856600 ) ) ;
#1523 = AXIS2_PLACEMENT_3D ( 'NONE', #2372, #1048, #3252 ) ;
#1524 = CARTESIAN_POINT ( 'NONE',  ( 1.467231017253632000, 25.55483281045240000, 0.4850758126987769200 ) ) ;
#1525 = CARTESIAN_POINT ( 'NONE',  ( 0.3135275320699943400, 6.625666143785784000, 1.513197240511562100 ) ) ;
#1526 = CARTESIAN_POINT ( 'NONE',  ( 0.6277930554654870300, 6.567332810452445100, -1.898914394991159500 ) ) ;
#1527 = ORIENTED_EDGE ( 'NONE', *, *, #3276, .T. ) ;
#1528 = DIRECTION ( 'NONE',  ( 0.0000000000000000000, 1.000000000000000000, 0.0000000000000000000 ) ) ;
#1529 = CARTESIAN_POINT ( 'NONE',  ( -0.7249129791349598900, 19.51733281045241600, 2.192677474235640700 ) ) ;
#1530 = CARTESIAN_POINT ( 'NONE',  ( -0.5601173020754920400, 10.06733281045244200, 1.694212445550063300 ) ) ;
#1531 = CARTESIAN_POINT ( 'NONE',  ( -0.7249129791349598900, 27.12983281045239500, 2.192677474235640700 ) ) ;
#1532 = VERTEX_POINT ( 'NONE', #3778 ) ;
#1533 = CARTESIAN_POINT ( 'NONE',  ( 1.536457905425595300, 0.7339994771191334900, 1.724131792583205100 ) ) ;
#1534 = CARTESIAN_POINT ( 'NONE',  ( 0.3135275320699943400, 7.938166143785778700, 1.513197240511562100 ) ) ;
#1535 = CARTESIAN_POINT ( 'NONE',  ( -0.4057724631436938600, -0.4618338562141985300, -1.958404633406432700 ) ) ;
#1536 = LINE ( 'NONE', #5819, #1403 ) ;
#1537 = ORIENTED_EDGE ( 'NONE', *, *, #4134, .F. ) ;
#1538 = CARTESIAN_POINT ( 'NONE',  ( 0.1691400011358079300, 5.275736410535210500, 1.650000000002816800 ) ) ;
#1539 = DIRECTION ( 'NONE',  ( 8.659560562354948900E-017, -0.7071067811865463500, 0.7071067811865487900 ) ) ;
#1540 = AXIS2_PLACEMENT_3D ( 'NONE', #2992, #4822, #3926 ) ;
#1541 = CARTESIAN_POINT ( 'NONE',  ( 1.747289668291783300, 6.100666143785784500, -0.3620304100755075700 ) ) ;
#1542 = FACE_OUTER_BOUND ( 'NONE', #5770, .T. ) ;
#1543 = CARTESIAN_POINT ( 'NONE',  ( -0.1189804768297023900, 8.348593549569406100, 2.067131037219784900 ) ) ;
#1544 = CARTESIAN_POINT ( 'NONE',  ( 3.690013495381195200, 0.2267290553580049200, 0.6087091453849419200 ) ) ;
#1545 = DIRECTION ( 'NONE',  ( 0.0000000000000000000, 0.0000000000000000000, -1.000000000000000000 ) ) ;
#1546 =( BOUNDED_CURVE ( )  B_SPLINE_CURVE ( 2, ( #5835, #3114, #4846, #3559, #5858, #431, #372, #3576, #2604 ),
 .UNSPECIFIED., .F., .T. ) 
 B_SPLINE_CURVE_WITH_KNOTS ( ( 3, 2, 2, 2, 3 ),
 ( 0.6611111111111112000, 0.6629629629629629800, 0.6666666666666666300, 0.6703703703703703900, 0.6722222222222223900 ),
 .UNSPECIFIED. ) 
 CURVE ( )  GEOMETRIC_REPRESENTATION_ITEM ( )  RATIONAL_B_SPLINE_CURVE ( ( 0.9330127018922194100, 0.9330127018922234100, 1.000000000000000000, 0.8660254037844387100, 1.000000000000000000, 0.8660254037844387100, 1.000000000000000000, 0.9330127018922133000, 0.9330127018922194100 ) ) 
 REPRESENTATION_ITEM ( '' )  );
#1547 = DIRECTION ( 'NONE',  ( 0.3138965277323320600, 0.0000000000000000000, -0.9494571974963301700 ) ) ;
#1548 = CARTESIAN_POINT ( 'NONE',  ( -1.898914394991857200, 16.54233281045242200, -0.6277930554631422400 ) ) ;
#1549 = CARTESIAN_POINT ( 'NONE',  ( 0.5601173020771160700, 10.41733281045244100, -1.694212445547072400 ) ) ;
#1550 = VECTOR ( 'NONE', #4893, 1000.000000000000000 ) ;
#1551 = CARTESIAN_POINT ( 'NONE',  ( 0.4057724631453182900, 27.18816614378572900, 1.958404633409422900 ) ) ;
#1552 = CARTESIAN_POINT ( 'NONE',  ( 0.4057724631453326100, 0.6756661437857975900, 1.958404633409419800 ) ) ;
#1553 = CARTESIAN_POINT ( 'NONE',  ( -0.7249129791349598900, -0.08266718954753350700, 2.192677474235640700 ) ) ;
#1554 = CARTESIAN_POINT ( 'NONE',  ( -1.936491673103707000, 0.4999999999999952300, 3.500000000000000900 ) ) ;
#1555 = CARTESIAN_POINT ( 'NONE',  ( -1.467231017252008000, 7.704832810452449700, -0.4850758126957864200 ) ) ;
#1556 = EDGE_CURVE ( 'NONE', #5072, #444, #2167, .T. ) ;
#1557 = LINE ( 'NONE', #3766, #366 ) ;
#1558 = CARTESIAN_POINT ( 'NONE',  ( 1.187172366215480100, 28.38399947711905800, 1.332182035473060700 ) ) ;
#1559 = CARTESIAN_POINT ( 'NONE',  ( -1.231842093774848400, 7.761072071334762500, 1.097754551805536500 ) ) ;
#1560 = CARTESIAN_POINT ( 'NONE',  ( -0.4057724631436938600, 11.52566614378576800, -1.958404633406432700 ) ) ;
#1561 = CONICAL_SURFACE ( 'NONE', #3426, 4.000000000000000000, 0.7853981633974533900 ) ;
#1562 = CARTESIAN_POINT ( 'NONE',  ( -1.467231017252008000, 26.60483281045239700, -0.4850758126957864200 ) ) ;
#1563 = CARTESIAN_POINT ( 'NONE',  ( -1.187172366213856000, 5.633999477119119500, -1.332182035470070400 ) ) ;
#1564 = CARTESIAN_POINT ( 'NONE',  ( -3.847133267723783900, 9.647368451334980200, 0.3365697168139237200 ) ) ;
#1565 = ADVANCED_FACE ( 'NONE', ( #4317 ), #5687, .F. ) ;
#1566 = DIRECTION ( 'NONE',  ( 0.0000000000000000000, 1.000000000000000000, 0.0000000000000000000 ) ) ;
#1567 = CARTESIAN_POINT ( 'NONE',  ( -1.898914394991857200, 17.94233281045242000, -0.6277930554631422400 ) ) ;
#1568 = ORIENTED_EDGE ( 'NONE', *, *, #1086, .F. ) ;
#1569 = CARTESIAN_POINT ( 'NONE',  ( -0.3135275320683701400, 11.17566614378577200, -1.513197240508571600 ) ) ;
#1570 = LOCAL_TIME ( 15, 55, 16.00000000000000000, #5698 ) ;
#1571 = CARTESIAN_POINT ( 'NONE',  ( 1.493141931848975100, 28.82149947711905800, -1.330611577941795300 ) ) ;
#1572 = ORIENTED_EDGE ( 'NONE', *, *, #785, .T. ) ;
#1573 = CARTESIAN_POINT ( 'NONE',  ( -1.865630979763049500, 0.7027387380014514800, 0.3865501873650462100 ) ) ;
#1574 = CARTESIAN_POINT ( 'NONE',  ( -0.1189804768296999900, 0.6485935495694257200, 2.067131037219805700 ) ) ;
#1575 = CARTESIAN_POINT ( 'NONE',  ( -1.898914394991857200, -0.2576671895475335400, -0.6277930554631422400 ) ) ;
#1576 = CARTESIAN_POINT ( 'NONE',  ( -0.5601173020754920400, 7.879832810452448700, 1.694212445550063300 ) ) ;
#1577 = CARTESIAN_POINT ( 'NONE',  ( -1.467231017252008000, 27.39233281045239500, -0.4850758126957864200 ) ) ;
#1578 = CARTESIAN_POINT ( 'NONE',  ( 0.7249129791365839200, 7.179832810452454700, -2.192677474232650700 ) ) ;
#1579 = VERTEX_POINT ( 'NONE', #1519 ) ;
#1580 = CARTESIAN_POINT ( 'NONE',  ( -1.990681402645799100E-014, 4.564381477805517800, 1.650000000002735700 ) ) ;
#1581 =( BOUNDED_CURVE ( )  B_SPLINE_CURVE ( 2, ( #4553, #5419, #3603, #1848, #4966, #2274, #2312, #5441, #2735 ),
 .UNSPECIFIED., .F., .F. ) 
 B_SPLINE_CURVE_WITH_KNOTS ( ( 3, 2, 2, 2, 3 ),
 ( 0.8488871757136988700, 0.8518518518518518600, 0.8555555555555555100, 0.8592592592592592800, 0.8599982868248135000 ),
 .UNSPECIFIED. ) 
 CURVE ( )  GEOMETRIC_REPRESENTATION_ITEM ( )  RATIONAL_B_SPLINE_CURVE ( ( 0.9572025516544314700, 0.8927583520998836300, 1.000000000000000000, 0.8660254037844386000, 1.000000000000000000, 0.8660254037844386000, 1.000000000000000000, 0.9732670516844298400, 0.9572025516542808100 ) ) 
 REPRESENTATION_ITEM ( '' )  );
#1582 = CARTESIAN_POINT ( 'NONE',  ( -0.4057724631436938600, 12.22566614378576800, -1.958404633406432700 ) ) ;
#1583 = CARTESIAN_POINT ( 'NONE',  ( 0.3135275320699943400, 25.43816614378573600, 1.513197240511562100 ) ) ;
#1584 = CARTESIAN_POINT ( 'NONE',  ( -1.747289668290160200, 3.650666143785791500, 0.3620304100784984500 ) ) ;
#1585 = ORIENTED_EDGE ( 'NONE', *, *, #2628, .T. ) ;
#1586 = CARTESIAN_POINT ( 'NONE',  ( 2.149256308119709100E-014, 2.956026666236827100, 1.650000000002736200 ) ) ;
#1587 = CARTESIAN_POINT ( 'NONE',  ( 1.865630979764672600, 9.452738738001428900, -0.3865501873620552100 ) ) ;
#1588 = CARTESIAN_POINT ( 'NONE',  ( 0.1691400011357875300, 3.875736410535216300, 1.650000000002821200 ) ) ;
#1589 = CARTESIAN_POINT ( 'NONE',  ( 1.898914394993481000, 16.89233281045242300, 0.6277930554661326200 ) ) ;
#1590 = CARTESIAN_POINT ( 'NONE',  ( 1.467231017253632000, 10.24233281045244000, 0.4850758126987769200 ) ) ;
#1591 = EDGE_LOOP ( 'NONE', ( #5388, #1366, #2705, #3711 ) ) ;
#1592 = CARTESIAN_POINT ( 'NONE',  ( 0.4057724631453182900, 28.58816614378572800, 1.958404633409422900 ) ) ;
#1593 = CARTESIAN_POINT ( 'NONE',  ( 1.238601731982669000, 9.542614875043364400, 1.428412431549528600 ) ) ;
#1594 = PERSON_AND_ORGANIZATION_ROLE ( 'classification_officer' ) ;
#1595 = CARTESIAN_POINT ( 'NONE',  ( 0.7249129791365839200, -1.132667189547528900, -2.192677474232650700 ) ) ;
#1596 = CARTESIAN_POINT ( 'NONE',  ( 1.153703485184449700, 6.771499477119115300, -1.028121427811290000 ) ) ;
#1597 = ORIENTED_EDGE ( 'NONE', *, *, #1786, .F. ) ;
#1598 = CARTESIAN_POINT ( 'NONE',  ( -0.3135275320683701400, 26.57566614378573200, -1.513197240508571600 ) ) ;
#1599 = CARTESIAN_POINT ( 'NONE',  ( -1.159332524829726600, 9.775913108146632200, 1.415359455982337500 ) ) ;
#1600 = EDGE_CURVE ( 'NONE', #5338, #1579, #5393, .T. ) ;
#1601 = CARTESIAN_POINT ( 'NONE',  ( 1.976143167445707100, 9.928960700010973600, 0.1773426461646205000 ) ) ;
#1602 = CARTESIAN_POINT ( 'NONE',  ( 1.898914394993481000, 12.69233281045243400, 0.6277930554661326200 ) ) ;
#1603 = ORIENTED_EDGE ( 'NONE', *, *, #4584, .T. ) ;
#1604 = CARTESIAN_POINT ( 'NONE',  ( 1.187172366215480100, 3.183999477119126900, 1.332182035473060700 ) ) ;
#1605 = CARTESIAN_POINT ( 'NONE',  ( -2.261370884559727600, 2.600666143785792100, 0.4685456816540072300 ) ) ;
#1606 = CARTESIAN_POINT ( 'NONE',  ( -0.7397092485552132500, 8.506367515826060100, 1.650000000002363100 ) ) ;
#1607 = CARTESIAN_POINT ( 'NONE',  ( -2.261370884559731600, 5.313166143785792000, 0.4685456816539889700 ) ) ;
#1608 = CARTESIAN_POINT ( 'NONE',  ( 8.778253695876226200E-016, 8.906026666236924100, -1.649999999999744800 ) ) ;
#1609 = CARTESIAN_POINT ( 'NONE',  ( 1.898914394993481000, 19.69233281045241300, 0.6277930554661326200 ) ) ;
#1610 = ORIENTED_EDGE ( 'NONE', *, *, #247, .T. ) ;
#1611 = ORIENTED_EDGE ( 'NONE', *, *, #3796, .F. ) ;
#1612 = CARTESIAN_POINT ( 'NONE',  ( 1.536457905425595300, 27.24649947711906300, 1.724131792583205100 ) ) ;
#1613 = CYLINDRICAL_SURFACE ( 'NONE', #3253, 2.000000000000000000 ) ;
#1614 = CARTESIAN_POINT ( 'NONE',  ( 0.5601173020771160700, 8.929832810452447600, -1.694212445547072400 ) ) ;
#1615 = ORIENTED_EDGE ( 'NONE', *, *, #3009, .F. ) ;
#1616 = CARTESIAN_POINT ( 'NONE',  ( 1.187172366215480100, 24.18399947711907000, 1.332182035473060700 ) ) ;
#1617 = CYLINDRICAL_SURFACE ( 'NONE', #3761, 4.000000000000000000 ) ;
#1618 = CARTESIAN_POINT ( 'NONE',  ( -1.231842093774848400, 2.161072071334782000, 1.097754551805536500 ) ) ;
#1619 = CARTESIAN_POINT ( 'NONE',  ( 1.632741886374738900, 0.3593857843520560900, -3.499999999999999600 ) ) ;
#1620 = CARTESIAN_POINT ( 'NONE',  ( -1.898914394991857200, 11.64233281045243600, -0.6277930554631422400 ) ) ;
#1621 = CARTESIAN_POINT ( 'NONE',  ( -1.747289668290160200, 23.86316614378574000, 0.3620304100784984500 ) ) ;
#1622 =( BOUNDED_CURVE ( )  B_SPLINE_CURVE ( 2, ( #1380, #4030, #2681, #5451, #5861, #4466, #2727, #1764, #4924 ),
 .UNSPECIFIED., .F., .T. ) 
 B_SPLINE_CURVE_WITH_KNOTS ( ( 3, 2, 2, 2, 3 ),
 ( 0.6833333333333334600, 0.6851851851851852300, 0.6888888888888888800, 0.6925925925925925400, 0.6944444444444445300 ),
 .UNSPECIFIED. ) 
 CURVE ( )  GEOMETRIC_REPRESENTATION_ITEM ( )  RATIONAL_B_SPLINE_CURVE ( ( 0.9330127018922194100, 0.9330127018922234100, 1.000000000000000000, 0.8660254037844387100, 1.000000000000000000, 0.8660254037844387100, 1.000000000000000000, 0.9330127018922154100, 0.9330127018922194100 ) ) 
 REPRESENTATION_ITEM ( '' )  );
#1623 = CARTESIAN_POINT ( 'NONE',  ( 0.3135275320699943400, 3.825666143785790800, 1.513197240511562100 ) ) ;
#1624 = CARTESIAN_POINT ( 'NONE',  ( 2.020667218593133000E-016, 10.00000000000000000, 1.650000000000000100 ) ) ;
#1625 = CARTESIAN_POINT ( 'NONE',  ( 0.6277930554654702600, 5.079832810452451500, -1.898914394991164900 ) ) ;
#1626 = CARTESIAN_POINT ( 'NONE',  ( 2.215199841361339400, 9.647518803059977400, -3.163161325843646000 ) ) ;
#1627 = CARTESIAN_POINT ( 'NONE',  ( -0.7249129791349598900, 15.31733281045242600, 2.192677474235640700 ) ) ;
#1628 = LINE ( 'NONE', #3136, #3184 ) ;
#1629 = CARTESIAN_POINT ( 'NONE',  ( -0.4057724631436938600, 24.03816614378574100, -1.958404633406432700 ) ) ;
#1630 = CARTESIAN_POINT ( 'NONE',  ( 1.136605634099533900, 3.648572071335490600, -1.730697752765573100 ) ) ;
#1631 = APPLICATION_PROTOCOL_DEFINITION ( 'international standard', 'config_control_design', 1994, #4815 ) ;
#1632 = CARTESIAN_POINT ( 'NONE',  ( 0.3135275320699943400, 5.838166143785787900, 1.513197240511562100 ) ) ;
#1633 = EDGE_CURVE ( 'NONE', #4618, #708, #1763, .T. ) ;
#1634 = CARTESIAN_POINT ( 'NONE',  ( 1.187172366215480100, 24.88399947711907200, 1.332182035473060700 ) ) ;
#1635 = VERTEX_POINT ( 'NONE', #5122 ) ;
#1636 = AXIS2_PLACEMENT_3D ( 'NONE', #1346, #2270, #438 ) ;
#1637 = CARTESIAN_POINT ( 'NONE',  ( -1.566604375869318000, 4.352760216236803500, -0.5179292707572200600 ) ) ;
#1638 = CARTESIAN_POINT ( 'NONE',  ( 2.261370884561367100, 12.75066614378576800, -0.4685456816509410100 ) ) ;
#1639 = CARTESIAN_POINT ( 'NONE',  ( 0.3135275320699943400, 24.03816614378574100, 1.513197240511562100 ) ) ;
#1640 = VERTEX_POINT ( 'NONE', #1481 ) ;
#1641 = CARTESIAN_POINT ( 'NONE',  ( 1.467231017253632000, 3.942332810452454900, 0.4850758126987769200 ) ) ;
#1642 = EDGE_CURVE ( 'NONE', #2788, #5788, #4268, .T. ) ;
#1643 = CARTESIAN_POINT ( 'NONE',  ( -1.898914394991857200, 15.05483281045242800, -0.6277930554631422400 ) ) ;
#1644 = DIRECTION ( 'NONE',  ( 0.0000000000000000000, 1.000000000000000000, 0.0000000000000000000 ) ) ;
#1645 = CARTESIAN_POINT ( 'NONE',  ( 0.1691400011357875900, 9.267381598966506900, 1.650000000002821200 ) ) ;
#1646 = EDGE_LOOP ( 'NONE', ( #3739, #3783, #2040, #4824 ) ) ;
#1647 = VECTOR ( 'NONE', #3628, 1000.000000000000000 ) ;
#1648 = CARTESIAN_POINT ( 'NONE',  ( 1.898914394993481000, 25.20483281045240200, 0.6277930554661326200 ) ) ;
#1649 = CARTESIAN_POINT ( 'NONE',  ( 3.449905384059968500, 0.09550848253783673900, -1.024588593502713900 ) ) ;
#1650 = APPROVAL_ROLE ( '' ) ;
#1651 = EDGE_LOOP ( 'NONE', ( #2305, #2368, #5269, #1666 ) ) ;
#1652 = CARTESIAN_POINT ( 'NONE',  ( 1.467231017253632000, 5.954832810452447900, 0.4850758126987769200 ) ) ;
#1653 = ADVANCED_FACE ( 'NONE', ( #998 ), #4597, .F. ) ;
#1654 = B_SPLINE_CURVE_WITH_KNOTS ( 'NONE', 3,
 ( #1047, #2861, #1469, #2823 ),
 .UNSPECIFIED., .F., .F.,
 ( 4, 4 ),
 ( 0.0002372796214327458000, 0.0003265554764635485900 ),
 .UNSPECIFIED. ) ;
#1655 = CARTESIAN_POINT ( 'NONE',  ( 1.747289668291783300, 25.00066614378574000, -0.3620304100755075700 ) ) ;
#1656 = EDGE_LOOP ( 'NONE', ( #2535, #4696, #1166, #520 ) ) ;
#1657 = CARTESIAN_POINT ( 'NONE',  ( 1.936491673103707800, 0.4999999999999947800, -3.500000000000000000 ) ) ;
#1658 = CARTESIAN_POINT ( 'NONE',  ( -2.261370884559743600, 7.500666143785782200, 0.4685456816539321200 ) ) ;
#1659 = CARTESIAN_POINT ( 'NONE',  ( -0.3135275320683701400, 23.68816614378573600, -1.513197240508571600 ) ) ;
#1660 = CARTESIAN_POINT ( 'NONE',  ( 1.187172366215480100, -1.016000522880866800, 1.332182035473060700 ) ) ;
#1661 = CARTESIAN_POINT ( 'NONE',  ( 1.536457905425674800, 0.6464994771191299200, 1.724131792583133600 ) ) ;
#1662 = CARTESIAN_POINT ( 'NONE',  ( -1.898914394991857200, 14.35483281045242900, -0.6277930554631422400 ) ) ;
#1663 = ORIENTED_EDGE ( 'NONE', *, *, #2374, .F. ) ;
#1664 = CARTESIAN_POINT ( 'NONE',  ( -1.898914394991880500, 5.254832810452455800, -0.6277930554630715100 ) ) ;
#1665 = EDGE_CURVE ( 'NONE', #1454, #747, #1126, .T. ) ;
#1666 = ORIENTED_EDGE ( 'NONE', *, *, #1205, .F. ) ;
#1667 = CARTESIAN_POINT ( 'NONE',  ( 8.118505867571457200E-013, -0.8576671895476062300, 1.495331636292007700E-012 ) ) ;
#1668 = CARTESIAN_POINT ( 'NONE',  ( 0.1691400011357875300, 6.675736410535209900, 1.650000000002821200 ) ) ;
#1669 = CARTESIAN_POINT ( 'NONE',  ( -1.231842093774848400, 1.461072071334783100, 1.097754551805536500 ) ) ;
#1670 = APPROVAL_STATUS ( 'not_yet_approved' ) ;
#1671 = CARTESIAN_POINT ( 'NONE',  ( 0.5601173020771160700, 4.729832810452452700, -1.694212445547072400 ) ) ;
#1672 = CARTESIAN_POINT ( 'NONE',  ( 0.5601173020771160700, 25.81733281045240200, -1.694212445547072400 ) ) ;
#1673 = ORIENTED_EDGE ( 'NONE', *, *, #2247, .F. ) ;
#1674 = EDGE_CURVE ( 'NONE', #200, #1447, #2244, .T. ) ;
#1675 = CARTESIAN_POINT ( 'NONE',  ( -2.788511395811426400E-014, 9.825711861970457800, 1.875711861970457600 ) ) ;
#1676 = CARTESIAN_POINT ( 'NONE',  ( -1.231842093774848400, 1.669426882903476800, 1.097754551805536500 ) ) ;
#1677 = CARTESIAN_POINT ( 'NONE',  ( -0.4057724631436938600, 9.425666143785774100, -1.958404633406432700 ) ) ;
#1678 = CARTESIAN_POINT ( 'NONE',  ( 0.5601173020771160700, 29.92983281045238900, -1.694212445547072400 ) ) ;
#1679 = CARTESIAN_POINT ( 'NONE',  ( -0.5601173020754920400, 23.27983281045240500, 1.694212445550063300 ) ) ;
#1680 = CARTESIAN_POINT ( 'NONE',  ( 0.5601173020771160700, 0.6173328104524633500, -1.694212445547072400 ) ) ;
#1681 = VECTOR ( 'NONE', #5571, 1000.000000000000000 ) ;
#1682 = CARTESIAN_POINT ( 'NONE',  ( 1.136605634099555400, 6.536072071335484100, -1.730697752765544300 ) ) ;
#1683 = ORIENTED_EDGE ( 'NONE', *, *, #2173, .T. ) ;
#1684 = CARTESIAN_POINT ( 'NONE',  ( 1.536457905425595300, 17.44649947711908700, 1.724131792583205100 ) ) ;
#1685 = CARTESIAN_POINT ( 'NONE',  ( -3.847133267723783500, 0.3526315486650189500, -0.3365697168139220000 ) ) ;
#1686 = FACE_OUTER_BOUND ( 'NONE', #5274, .T. ) ;
#1687 = ADVANCED_BREP_SHAPE_REPRESENTATION ( '1516-4008-0100', ( #2509, #3954 ), #3027 ) ;
#1688 = CARTESIAN_POINT ( 'NONE',  ( -0.4057724631436938600, 22.63816614378574200, -1.958404633406432700 ) ) ;
#1689 = DIRECTION ( 'NONE',  ( 0.0000000000000000000, 1.000000000000000000, 0.0000000000000000000 ) ) ;
#1690 = CC_DESIGN_SECURITY_CLASSIFICATION ( #3886, ( #4414 ) ) ;
#1691 = CARTESIAN_POINT ( 'NONE',  ( -1.153703485182825400, 3.621499477119122000, 1.028121427814281600 ) ) ;
#1692 = LINE ( 'NONE', #3205, #2687 ) ;
#1693 = CARTESIAN_POINT ( 'NONE',  ( -1.153703485182825400, 20.50899947711908000, 1.028121427814281600 ) ) ;
#1694 = CARTESIAN_POINT ( 'NONE',  ( 0.2390713686455158400, 0.1466656206903497200, -1.903334379309650700 ) ) ;
#1695 = CARTESIAN_POINT ( 'NONE',  ( -1.536457905423971100, 9.483999477119105800, -1.724131792580214700 ) ) ;
#1696 = VECTOR ( 'NONE', #4319, 1000.000000000000000 ) ;
#1697 = CARTESIAN_POINT ( 'NONE',  ( -1.747289668290160200, 21.06316614378574700, 0.3620304100784984500 ) ) ;
#1698 = CARTESIAN_POINT ( 'NONE',  ( -1.467231017252008000, 2.192332810452460200, -0.4850758126957864200 ) ) ;
#1699 = CARTESIAN_POINT ( 'NONE',  ( -1.990681402645799100E-014, 9.256026666236810000, 1.650000000002735700 ) ) ;
#1700 = CARTESIAN_POINT ( 'NONE',  ( -0.7249129791349598900, 15.22983281045243100, 2.192677474235640700 ) ) ;
#1701 = VECTOR ( 'NONE', #3610, 1000.000000000000000 ) ;
#1702 = CARTESIAN_POINT ( 'NONE',  ( -0.7249129791349598900, 23.62983281045240200, 2.192677474235640700 ) ) ;
#1703 = VERTEX_POINT ( 'NONE', #5838 ) ;
#1704 = CARTESIAN_POINT ( 'NONE',  ( -0.7397092485552132500, 3.606367515826071700, 1.650000000002363100 ) ) ;
#1705 = CARTESIAN_POINT ( 'NONE',  ( 1.566604375870941800, 5.194405404668108500, 0.5179292707602104500 ) ) ;
#1706 = CARTESIAN_POINT ( 'NONE',  ( -2.946560031592813100, -2.035420172252083700E-015, -1.896408317729488800 ) ) ;
#1707 = CARTESIAN_POINT ( 'NONE',  ( -1.467231017252008000, 4.904832810452452600, -0.4850758126957864200 ) ) ;
#1708 = CARTESIAN_POINT ( 'NONE',  ( -1.747289668290160200, 20.45066614378574600, 0.3620304100784984500 ) ) ;
#1709 = ORIENTED_EDGE ( 'NONE', *, *, #2215, .T. ) ;
#1710 = CARTESIAN_POINT ( 'NONE',  ( -1.126735949052869900E-015, 10.00000000000000000, -3.499999999999999600 ) ) ;
#1711 = DIRECTION ( 'NONE',  ( 0.0000000000000000000, 0.0000000000000000000, -1.000000000000000000 ) ) ;
#1712 = CARTESIAN_POINT ( 'NONE',  ( 1.493141931848975100, 7.908999477119111900, -1.330611577941795300 ) ) ;
#1713 = CARTESIAN_POINT ( 'NONE',  ( 1.153703485184449700, 29.87149947711905500, -1.028121427811290000 ) ) ;
#1714 = LINE ( 'NONE', #2653, #3776 ) ;
#1715 = CARTESIAN_POINT ( 'NONE',  ( -1.747289668290160200, 18.96316614378575200, 0.3620304100784984500 ) ) ;
#1716 = CARTESIAN_POINT ( 'NONE',  ( -1.153703485182825400, 0.2089994771191303100, 1.028121427814281600 ) ) ;
#1717 = VERTEX_POINT ( 'NONE', #2703 ) ;
#1718 = CARTESIAN_POINT ( 'NONE',  ( 8.778253695876226200E-016, 6.314381477805624400, -1.649999999999745200 ) ) ;
#1719 = CARTESIAN_POINT ( 'NONE',  ( 1.898914394993481000, 15.40483281045242800, 0.6277930554661326200 ) ) ;
#1720 = CARTESIAN_POINT ( 'NONE',  ( 0.1189804768312864200, 1.611093549569428100, -2.067131037216801500 ) ) ;
#1721 = CARTESIAN_POINT ( 'NONE',  ( -1.267577771975587600, 9.194426882903458800, -1.422408728879485300 ) ) ;
#1722 = ORIENTED_EDGE ( 'NONE', *, *, #3229, .F. ) ;
#1723 = CC_DESIGN_DATE_AND_TIME_ASSIGNMENT ( #3418, #2519, ( #4561 ) ) ;
#1724 =( BOUNDED_CURVE ( )  B_SPLINE_CURVE ( 2, ( #1580, #626, #5234, #4802, #1637, #2558, #325, #5715, #3460 ),
 .UNSPECIFIED., .F., .F. ) 
 B_SPLINE_CURVE_WITH_KNOTS ( ( 3, 2, 2, 2, 3 ),
 ( 0.8155538423803691000, 0.8185185185185185300, 0.8222222222222221900, 0.8259259259259259500, 0.8266649534914767300 ),
 .UNSPECIFIED. ) 
 CURVE ( )  GEOMETRIC_REPRESENTATION_ITEM ( )  RATIONAL_B_SPLINE_CURVE ( ( 0.9572025516542770300, 0.8927583521000119800, 1.000000000000000000, 0.8660254037844386000, 1.000000000000000000, 0.8660254037844386000, 1.000000000000000000, 0.9732670516845543000, 0.9572025516544304700 ) ) 
 REPRESENTATION_ITEM ( '' )  );
#1725 = CARTESIAN_POINT ( 'NONE',  ( -1.536457905423971100, 20.59649947711908200, -1.724131792580214700 ) ) ;
#1726 = CARTESIAN_POINT ( 'NONE',  ( 0.0000000000000000000, 10.00000000000000000, 0.0000000000000000000 ) ) ;
#1727 = CARTESIAN_POINT ( 'NONE',  ( 0.0000000000000000000, 0.4999999999999947800, 0.0000000000000000000 ) ) ;
#1728 = CARTESIAN_POINT ( 'NONE',  ( -1.187172366213856000, 1.346499477119131000, -1.332182035470070400 ) ) ;
#1729 = ORIENTED_EDGE ( 'NONE', *, *, #3567, .F. ) ;
#1730 = CARTESIAN_POINT ( 'NONE',  ( 1.747289668291783300, 22.20066614378574600, -0.3620304100755075700 ) ) ;
#1731 = CARTESIAN_POINT ( 'NONE',  ( 2.143592918638497900E-014, 5.964381477805517300, 1.650000000002736200 ) ) ;
#1732 = CARTESIAN_POINT ( 'NONE',  ( -1.990681402645799100E-014, 1.764381477805523600, 1.650000000002735700 ) ) ;
#1733 = CARTESIAN_POINT ( 'NONE',  ( -0.7249129791349598900, 9.717332810452438400, 2.192677474235640700 ) ) ;
#1734 = VERTEX_POINT ( 'NONE', #1800 ) ;
#1735 = CARTESIAN_POINT ( 'NONE',  ( -1.153703485182825400, 29.52149947711905400, 1.028121427814281600 ) ) ;
#1736 = CARTESIAN_POINT ( 'NONE',  ( 1.747289668291783300, 18.61316614378575100, -0.3620304100755075700 ) ) ;
#1737 = CARTESIAN_POINT ( 'NONE',  ( -0.5601173020754920400, 0.9673328104524657700, 1.694212445550063300 ) ) ;
#1738 = CARTESIAN_POINT ( 'NONE',  ( -2.261370884559743600, 13.01316614378576700, 0.4685456816539321200 ) ) ;
#1739 = ADVANCED_FACE ( 'NONE', ( #2692 ), #1073, .F. ) ;
#1740 = CARTESIAN_POINT ( 'NONE',  ( -0.3347622820936569900, 9.136093549570125200, -1.615683822561260200 ) ) ;
#1741 = ORIENTED_EDGE ( 'NONE', *, *, #1556, .F. ) ;
#1742 = EDGE_CURVE ( 'NONE', #2754, #3810, #1622, .T. ) ;
#1743 = PLANE ( 'NONE',  #4922 ) ;
#1744 = CARTESIAN_POINT ( 'NONE',  ( -1.898914394991875200, 9.542332810452441200, -0.6277930554630882800 ) ) ;
#1745 = DIRECTION ( 'NONE',  ( 0.0000000000000000000, 0.0000000000000000000, -1.000000000000000000 ) ) ;
#1746 = CARTESIAN_POINT ( 'NONE',  ( 0.4057724631453825100, 9.688166143785773300, 1.958404633409410300 ) ) ;
#1747 = ORIENTED_EDGE ( 'NONE', *, *, #3001, .F. ) ;
#1748 = CARTESIAN_POINT ( 'NONE',  ( -1.747289668290160200, 1.463166143785797000, 0.3620304100784984500 ) ) ;
#1749 = CARTESIAN_POINT ( 'NONE',  ( 0.5601173020771160700, 20.91733281045241100, -1.694212445547072400 ) ) ;
#1750 = EDGE_CURVE ( 'NONE', #1329, #3150, #5024, .T. ) ;
#1751 = CARTESIAN_POINT ( 'NONE',  ( 0.0000000000000000000, 9.500000000000005300, 0.0000000000000000000 ) ) ;
#1752 = EDGE_LOOP ( 'NONE', ( #4868, #1396, #3911, #2661 ) ) ;
#1753 = CARTESIAN_POINT ( 'NONE',  ( 1.267577771977211700, 8.144426882903463400, 1.422408728882475800 ) ) ;
#1754 = CARTESIAN_POINT ( 'NONE',  ( 1.536457905425595300, 7.033999477119113700, 1.724131792583205100 ) ) ;
#1755 = CARTESIAN_POINT ( 'NONE',  ( -1.153703485182825400, 28.12149947711905900, 1.028121427814281600 ) ) ;
#1756 = CARTESIAN_POINT ( 'NONE',  ( -1.187172366213856000, 18.14649947711909000, -1.332182035470070400 ) ) ;
#1757 = CARTESIAN_POINT ( 'NONE',  ( 0.4057724631453182900, 4.088166143785793200, 1.958404633409422900 ) ) ;
#1758 = CARTESIAN_POINT ( 'NONE',  ( 1.536457905425595300, 11.14649947711910400, 1.724131792583205100 ) ) ;
#1759 = FACE_OUTER_BOUND ( 'NONE', #2850, .T. ) ;
#1760 = CARTESIAN_POINT ( 'NONE',  ( 0.6708153075923303200, 9.949961457509681800, -3.500000000000000400 ) ) ;
#1761 = CARTESIAN_POINT ( 'NONE',  ( 8.778253695876226200E-016, 6.106026666236926900, -1.649999999999744800 ) ) ;
#1762 = CARTESIAN_POINT ( 'NONE',  ( -0.6277930554638734300, 6.917332810452442100, 1.898914394994154700 ) ) ;
#1763 = CIRCLE ( 'NONE', #4736, 4.000000000000000000 ) ;
#1764 = CARTESIAN_POINT ( 'NONE',  ( 0.1189804768313336700, 8.611093549569405400, -2.067131037216801900 ) ) ;
#1765 = CARTESIAN_POINT ( 'NONE',  ( 2.261370884561367100, 22.46316614378574500, -0.4685456816509410100 ) ) ;
#1766 = CARTESIAN_POINT ( 'NONE',  ( -3.449905384059968500, 0.09550848253783556000, 1.024588593502712100 ) ) ;
#1767 = CARTESIAN_POINT ( 'NONE',  ( 0.1691400011358079900, 5.767381598966517600, 1.650000000002816500 ) ) ;
#1768 = CARTESIAN_POINT ( 'NONE',  ( 0.3706637266067002700, 0.3921869429419666000, 1.626801731448543900 ) ) ;
#1769 = CARTESIAN_POINT ( 'NONE',  ( 0.3135275320699943400, 0.2381661437858007000, 1.513197240511562100 ) ) ;
#1770 = CARTESIAN_POINT ( 'NONE',  ( -1.467231017252008000, 22.49233281045241000, -0.4850758126957864200 ) ) ;
#1771 = FACE_OUTER_BOUND ( 'NONE', #3084, .T. ) ;
#1772 = CARTESIAN_POINT ( 'NONE',  ( 2.149256308119709100E-014, 2.956026666236827100, 1.650000000002736200 ) ) ;
#1773 = CARTESIAN_POINT ( 'NONE',  ( -0.5601173020754920400, 19.07983281045242000, 1.694212445550063300 ) ) ;
#1774 = EDGE_LOOP ( 'NONE', ( #2994, #5649, #4404, #2014, #210, #2859 ) ) ;
#1775 = ADVANCED_FACE ( 'NONE', ( #2267 ), #1743, .F. ) ;
#1776 = CARTESIAN_POINT ( 'NONE',  ( -0.7249129791349598900, 4.029832810452459700, 2.192677474235640700 ) ) ;
#1777 = CARTESIAN_POINT ( 'NONE',  ( 0.4057724631453182900, 12.48816614378577100, 1.958404633409422900 ) ) ;
#1778 = EDGE_CURVE ( 'NONE', #5258, #707, #1145, .T. ) ;
#1779 = CARTESIAN_POINT ( 'NONE',  ( -1.231842093774848400, 6.361072071334770200, 1.097754551805536500 ) ) ;
#1780 = ORIENTED_EDGE ( 'NONE', *, *, #2779, .F. ) ;
#1781 = DIRECTION ( 'NONE',  ( 0.0000000000000000000, 0.0000000000000000000, -1.000000000000000000 ) ) ;
#1782 = CARTESIAN_POINT ( 'NONE',  ( -1.267577771975587600, 4.086072071334775100, -1.422408728879485300 ) ) ;
#1783 = CARTESIAN_POINT ( 'NONE',  ( -0.6277930554638538900, 1.229832810452457600, 1.898914394994161400 ) ) ;
#1784 = EDGE_LOOP ( 'NONE', ( #408, #3413, #322, #1267 ) ) ;
#1785 = CARTESIAN_POINT ( 'NONE',  ( 1.747289668291783300, 1.113166143785794500, -0.3620304100755075700 ) ) ;
#1786 = EDGE_CURVE ( 'NONE', #4300, #4473, #83, .T. ) ;
#1787 = CARTESIAN_POINT ( 'NONE',  ( 1.747289668291783300, 18.70066614378575300, -0.3620304100755075700 ) ) ;
#1788 = CARTESIAN_POINT ( 'NONE',  ( -1.318251441922466200, 9.772916021765937000, 3.499999999999999600 ) ) ;
#1789 = VERTEX_POINT ( 'NONE', #1026 ) ;
#1790 = CARTESIAN_POINT ( 'NONE',  ( 1.493141931848933800, 8.521499477119110800, -1.330611577941842100 ) ) ;
#1791 = CARTESIAN_POINT ( 'NONE',  ( 0.3135275320699943400, 15.63816614378576000, 1.513197240511562100 ) ) ;
#1792 = CARTESIAN_POINT ( 'NONE',  ( 0.7249129791365839200, 5.079832810452455900, -2.192677474232650700 ) ) ;
#1793 = CARTESIAN_POINT ( 'NONE',  ( -1.898914394991857200, 10.85483281045244300, -0.6277930554631422400 ) ) ;
#1794 = VERTEX_POINT ( 'NONE', #4136 ) ;
#1795 = ADVANCED_FACE ( 'NONE', ( #5378 ), #1219, .F. ) ;
#1796 = CARTESIAN_POINT ( 'NONE',  ( 3.847133267723784400, 9.647368451334980200, -0.3365697168139267200 ) ) ;
#1797 =( BOUNDED_CURVE ( )  B_SPLINE_CURVE ( 2, ( #2470, #4239, #3352, #653, #3313, #2028, #5605, #3336, #1089 ),
 .UNSPECIFIED., .F., .F. ) 
 B_SPLINE_CURVE_WITH_KNOTS ( ( 3, 2, 2, 2, 3 ),
 ( 0.7155538423803655700, 0.7185185185185185600, 0.7222222222222222100, 0.7259259259259259700, 0.7266649534914801900 ),
 .UNSPECIFIED. ) 
 CURVE ( )  GEOMETRIC_REPRESENTATION_ITEM ( )  RATIONAL_B_SPLINE_CURVE ( ( 0.9572025516544314700, 0.8927583520998836300, 1.000000000000000000, 0.8660254037844386000, 1.000000000000000000, 0.8660254037844386000, 1.000000000000000000, 0.9732670516844298400, 0.9572025516542808100 ) ) 
 REPRESENTATION_ITEM ( '' )  );
#1798 = CARTESIAN_POINT ( 'NONE',  ( 1.493141931848961200, 5.808999477119117600, -1.330611577941811100 ) ) ;
#1799 = ORIENTED_EDGE ( 'NONE', *, *, #3906, .T. ) ;
#1800 = CARTESIAN_POINT ( 'NONE',  ( -2.062843076693678100, 9.500000000000005300, 3.427050983124844600 ) ) ;
#1801 = CARTESIAN_POINT ( 'NONE',  ( 1.536457905425595300, 21.64649947711907900, 1.724131792583205100 ) ) ;
#1802 = DIRECTION ( 'NONE',  ( 0.0000000000000000000, 0.0000000000000000000, 1.000000000000000000 ) ) ;
#1803 = CARTESIAN_POINT ( 'NONE',  ( 0.0000000000000000000, 0.0000000000000000000, 0.0000000000000000000 ) ) ;
#1804 = CARTESIAN_POINT ( 'NONE',  ( 3.031088913245535200, 0.0000000000000000000, -1.750000000000000400 ) ) ;
#1805 = CARTESIAN_POINT ( 'NONE',  ( -1.467231017252008000, -0.6951671895475339800, -0.4850758126957864200 ) ) ;
#1806 = CARTESIAN_POINT ( 'NONE',  ( -1.153703485182825400, 19.80899947711908000, 1.028121427814281600 ) ) ;
#1807 = VERTEX_POINT ( 'NONE', #3653 ) ;
#1808 = ORIENTED_EDGE ( 'NONE', *, *, #4057, .F. ) ;
#1809 = CARTESIAN_POINT ( 'NONE',  ( 8.778253695876226200E-016, 4.006026666236931700, -1.649999999999744800 ) ) ;
#1810 = PRODUCT_DEFINITION_SHAPE ( 'NONE', 'NONE',  #4561 ) ;
#1811 = CARTESIAN_POINT ( 'NONE',  ( 1.467231017253632000, 17.15483281045242200, 0.4850758126987769200 ) ) ;
#1812 = CARTESIAN_POINT ( 'NONE',  ( 0.4057724631453182900, 6.888166143785783300, 1.958404633409422900 ) ) ;
#1813 = CARTESIAN_POINT ( 'NONE',  ( -1.493141931847350400, 12.37149947711910200, 1.330611577944787100 ) ) ;
#1814 = DIRECTION ( 'NONE',  ( -0.0000000000000000000, -1.000000000000000000, -0.0000000000000000000 ) ) ;
#1815 = DIRECTION ( 'NONE',  ( -0.0000000000000000000, -1.000000000000000000, -0.0000000000000000000 ) ) ;
#1816 = CARTESIAN_POINT ( 'NONE',  ( 0.0000000000000000000, 10.00000000000000000, -1.650000000000000100 ) ) ;
#1817 = ORIENTED_EDGE ( 'NONE', *, *, #3871, .T. ) ;
#1818 = EDGE_CURVE ( 'NONE', #3420, #4836, #5093, .T. ) ;
#1819 = CARTESIAN_POINT ( 'NONE',  ( -1.493141931847323100, 6.071499477119116000, 1.330611577944818000 ) ) ;
#1820 = CARTESIAN_POINT ( 'NONE',  ( -0.7249129791349598900, 20.12983281045242000, 2.192677474235640700 ) ) ;
#1821 = CARTESIAN_POINT ( 'NONE',  ( -0.7397092485551969300, 3.114722327394771300, 1.650000000002382200 ) ) ;
#1822 = CARTESIAN_POINT ( 'NONE',  ( 1.936491673103708300, 0.4999999999999947800, 3.500000000000000000 ) ) ;
#1823 = CARTESIAN_POINT ( 'NONE',  ( 0.5459583105684937500, 0.3999999999999978000, 1.557057970379136300 ) ) ;
#1824 = CARTESIAN_POINT ( 'NONE',  ( -0.4057724631436938600, 20.62566614378574700, -1.958404633406432700 ) ) ;
#1825 = CARTESIAN_POINT ( 'NONE',  ( -0.4057724631436938600, 29.72566614378572300, -1.958404633406432700 ) ) ;
#1826 = CIRCLE ( 'NONE', #529, 2.049999999999999800 ) ;
#1827 = CARTESIAN_POINT ( 'NONE',  ( 1.747289668291783300, 16.60066614378575900, -0.3620304100755075700 ) ) ;
#1828 = FACE_OUTER_BOUND ( 'NONE', #1591, .T. ) ;
#1829 = CARTESIAN_POINT ( 'NONE',  ( 1.187172366215480100, 15.69649947711909400, 1.332182035473060700 ) ) ;
#1830 =( BOUNDED_CURVE ( )  B_SPLINE_CURVE ( 2, ( #1343, #5433, #2663, #1326, #416, #4468, #2706, #5841, #2249 ),
 .UNSPECIFIED., .F., .T. ) 
 B_SPLINE_CURVE_WITH_KNOTS ( ( 3, 2, 2, 2, 3 ),
 ( 0.8944444444444446000, 0.8962962962962962600, 0.9000000000000000200, 0.9037037037037036800, 0.9055555555555556700 ),
 .UNSPECIFIED. ) 
 CURVE ( )  GEOMETRIC_REPRESENTATION_ITEM ( )  RATIONAL_B_SPLINE_CURVE ( ( 0.9330127018922194100, 0.9330127018922254000, 1.000000000000000000, 0.8660254037844387100, 1.000000000000000000, 0.8660254037844387100, 1.000000000000000000, 0.9330127018922154100, 0.9330127018922194100 ) ) 
 REPRESENTATION_ITEM ( '' )  );
#1831 = CARTESIAN_POINT ( 'NONE',  ( 1.536457905425595300, 6.246499477119117600, 1.724131792583205100 ) ) ;
#1832 = CARTESIAN_POINT ( 'NONE',  ( -1.536457905423971100, 10.09649947711911200, -1.724131792580214700 ) ) ;
#1833 = AXIS2_PLACEMENT_3D ( 'NONE', #270, #3854, #3012 ) ;
#1834 = CARTESIAN_POINT ( 'NONE',  ( -0.7397092485551968200, 5.006367515826071600, 1.650000000002381600 ) ) ;
#1835 = CARTESIAN_POINT ( 'NONE',  ( 2.143592918638497900E-014, 7.364381477805512300, 1.650000000002736200 ) ) ;
#1836 = FACE_OUTER_BOUND ( 'NONE', #4903, .T. ) ;
#1837 = DIRECTION ( 'NONE',  ( 0.0000000000000000000, 1.000000000000000000, 0.0000000000000000000 ) ) ;
#1838 = CARTESIAN_POINT ( 'NONE',  ( -1.865630979763049500, 6.302738738001441900, 0.3865501873650462100 ) ) ;
#1839 = DIRECTION ( 'NONE',  ( 0.0000000000000000000, 0.0000000000000000000, -1.000000000000000000 ) ) ;
#1840 = CARTESIAN_POINT ( 'NONE',  ( -1.267577771975587600, 8.494426882903459500, -1.422408728879485300 ) ) ;
#1841 = CARTESIAN_POINT ( 'NONE',  ( 1.536457905425661100, 2.133999477119127500, 1.724131792583145900 ) ) ;
#1842 = CARTESIAN_POINT ( 'NONE',  ( -0.1189804768296870700, 9.748593549569401200, 2.067131037219789700 ) ) ;
#1843 = CARTESIAN_POINT ( 'NONE',  ( 1.231842093776472900, 2.019426882903477200, -1.097754551802544900 ) ) ;
#1844 = CARTESIAN_POINT ( 'NONE',  ( 2.261370884561367100, 20.45066614378574600, -0.4685456816509410100 ) ) ;
#1845 = CARTESIAN_POINT ( 'NONE',  ( -0.7249129791349598900, 29.31733281045239500, 2.192677474235640700 ) ) ;
#1846 = CARTESIAN_POINT ( 'NONE',  ( 1.187172366215480100, 18.58399947711908600, 1.332182035473060700 ) ) ;
#1847 = VERTEX_POINT ( 'NONE', #5468 ) ;
#1848 = CARTESIAN_POINT ( 'NONE',  ( 1.865630979764672600, 3.361093549570137300, -0.3865501873620552100 ) ) ;
#1849 = CARTESIAN_POINT ( 'NONE',  ( 1.467231017253632000, 14.35483281045242900, 0.4850758126987769200 ) ) ;
#1850 = CARTESIAN_POINT ( 'NONE',  ( 1.536457905425595300, -0.05350052288086697100, 1.724131792583205100 ) ) ;
#1851 = ORIENTED_EDGE ( 'NONE', *, *, #918, .F. ) ;
#1852 = CARTESIAN_POINT ( 'NONE',  ( 0.7249129791365839200, 9.279832810452445500, -2.192677474232650700 ) ) ;
#1853 = CARTESIAN_POINT ( 'NONE',  ( 1.632741886374738300, 0.3593857843520559800, 3.499999999999999600 ) ) ;
#1854 = CARTESIAN_POINT ( 'NONE',  ( 0.4057724631453182900, -1.424333856214196700, 1.958404633409422900 ) ) ;
#1855 = EDGE_CURVE ( 'NONE', #4551, #4644, #2977, .T. ) ;
#1856 = CARTESIAN_POINT ( 'NONE',  ( -0.6277930554638524500, -0.8576671895476062300, 1.898914394994155600 ) ) ;
#1857 = FACE_OUTER_BOUND ( 'NONE', #3582, .T. ) ;
#1858 = CARTESIAN_POINT ( 'NONE',  ( 2.946560031592814000, -2.558039500707986500E-016, 1.896408317729489000 ) ) ;
#1859 = DIRECTION ( 'NONE',  ( -0.0000000000000000000, -1.000000000000000000, -0.0000000000000000000 ) ) ;
#1860 = ORIENTED_EDGE ( 'NONE', *, *, #4631, .T. ) ;
#1861 = CARTESIAN_POINT ( 'NONE',  ( 0.3347622820952812500, 8.786093549570127300, 1.615683822564250500 ) ) ;
#1862 = CARTESIAN_POINT ( 'NONE',  ( 3.846977985129732800, 9.647518803059975700, 0.3368386741563535500 ) ) ;
#1863 = CARTESIAN_POINT ( 'NONE',  ( 1.153703485184449700, -0.9285005228808623800, -1.028121427811290000 ) ) ;
#1864 = EDGE_CURVE ( 'NONE', #3318, #971, #583, .T. ) ;
#1865 = VERTEX_POINT ( 'NONE', #102 ) ;
#1866 = CARTESIAN_POINT ( 'NONE',  ( -1.467231017252008000, 17.59233281045242200, -0.4850758126957864200 ) ) ;
#1867 = DIRECTION ( 'NONE',  ( 0.0000000000000000000, 1.000000000000000000, 0.0000000000000000000 ) ) ;
#1868 = CARTESIAN_POINT ( 'NONE',  ( -0.7249129791349598900, 4.117332810452455600, 2.192677474235640700 ) ) ;
#1869 = ORIENTED_EDGE ( 'NONE', *, *, #4810, .F. ) ;
#1870 = AXIS2_PLACEMENT_3D ( 'NONE', #3019, #547, #1839 ) ;
#1871 = CARTESIAN_POINT ( 'NONE',  ( -1.747289668290160200, 15.46316614378576100, 0.3620304100784984500 ) ) ;
#1872 =( BOUNDED_CURVE ( )  B_SPLINE_CURVE ( 2, ( #1063, #1501, #2404, #5574, #3758, #157, #3306, #2424, #1957 ),
 .UNSPECIFIED., .F., .T. ) 
 B_SPLINE_CURVE_WITH_KNOTS ( ( 3, 2, 2, 2, 3 ),
 ( 0.3177794909529642100, 0.3185185185185185300, 0.3222222222222221900, 0.3259259259259259500, 0.3288906020640788300 ),
 .UNSPECIFIED. ) 
 CURVE ( )  GEOMETRIC_REPRESENTATION_ITEM ( )  RATIONAL_B_SPLINE_CURVE ( ( 0.9572025516542769200, 0.9732670516844266200, 1.000000000000000000, 0.8660254037844386000, 1.000000000000000000, 0.8660254037844386000, 1.000000000000000000, 0.8927583520998843000, 0.9572025516544304700 ) ) 
 REPRESENTATION_ITEM ( '' )  );
#1873 = CARTESIAN_POINT ( 'NONE',  ( 0.7249129791365839200, 0.8798328104524663100, -2.192677474232650700 ) ) ;
#1874 = CARTESIAN_POINT ( 'NONE',  ( -0.7249129791349598900, 8.229832810452450100, 2.192677474235640700 ) ) ;
#1875 = CARTESIAN_POINT ( 'NONE',  ( 2.261370884561367100, -1.249333856214198900, -0.4685456816509410100 ) ) ;
#1876 = CARTESIAN_POINT ( 'NONE',  ( 0.1189804768313424400, 0.9110935495694287800, -2.067131037216793900 ) ) ;
#1877 = CARTESIAN_POINT ( 'NONE',  ( -0.4057724631436938600, 24.12566614378573600, -1.958404633406432700 ) ) ;
#1878 = CARTESIAN_POINT ( 'NONE',  ( 3.999334749797389200, 10.00000000000000000, 0.07294901687515610600 ) ) ;
#1879 = CARTESIAN_POINT ( 'NONE',  ( -0.4057724631436938600, 18.43816614378575400, -1.958404633406432700 ) ) ;
#1880 = CARTESIAN_POINT ( 'NONE',  ( 2.143592918638497900E-014, 3.164381477805523700, 1.650000000002736200 ) ) ;
#1881 = CARTESIAN_POINT ( 'NONE',  ( 1.536457905425644600, 9.833999477119109000, 1.724131792583161200 ) ) ;
#1882 = CARTESIAN_POINT ( 'NONE',  ( 0.5601173020771160700, -0.8701671895475260300, -1.694212445547072400 ) ) ;
#1883 = ORIENTED_EDGE ( 'NONE', *, *, #744, .F. ) ;
#1884 = CARTESIAN_POINT ( 'NONE',  ( 0.5601173020771160700, 12.51733281045243400, -1.694212445547072400 ) ) ;
#1885 = ORIENTED_EDGE ( 'NONE', *, *, #4743, .T. ) ;
#1886 = ORIENTED_EDGE ( 'NONE', *, *, #4666, .F. ) ;
#1887 = CARTESIAN_POINT ( 'NONE',  ( 1.551989253602877000, 9.599999999999813100, 0.5602047453471580300 ) ) ;
#1888 = CARTESIAN_POINT ( 'NONE',  ( -1.493141931847350400, 5.458999477119117900, 1.330611577944787100 ) ) ;
#1889 = CARTESIAN_POINT ( 'NONE',  ( -0.1189804768297023900, 8.961093549569406800, 2.067131037219784900 ) ) ;
#1890 = CARTESIAN_POINT ( 'NONE',  ( 1.153703485184449700, 12.37149947711910200, -1.028121427811290000 ) ) ;
#1891 = CARTESIAN_POINT ( 'NONE',  ( -0.7249129791349598900, 3.329832810452459500, 2.192677474235640700 ) ) ;
#1892 = CARTESIAN_POINT ( 'NONE',  ( 1.536457905425595300, 7.646499477119114400, 1.724131792583205100 ) ) ;
#1893 = CYLINDRICAL_SURFACE ( 'NONE', #453, 2.000000000000000000 ) ;
#1894 = CARTESIAN_POINT ( 'NONE',  ( 1.536457905425633800, 6.946499477119117700, 1.724131792583170100 ) ) ;
#1895 = VERTEX_POINT ( 'NONE', #5047 ) ;
#1896 = CARTESIAN_POINT ( 'NONE',  ( -1.493141931847311400, 1.171499477119128500, 1.330611577944831300 ) ) ;
#1897 = CARTESIAN_POINT ( 'NONE',  ( 0.6277930554654571600, 5.167332810452447400, -1.898914394991169100 ) ) ;
#1898 = CARTESIAN_POINT ( 'NONE',  ( 0.1189804768313181300, 4.411093549569417700, -2.067131037216807700 ) ) ;
#1899 = CARTESIAN_POINT ( 'NONE',  ( 1.898914394993481000, 23.19233281045240600, 0.6277930554661326200 ) ) ;
#1900 = EDGE_CURVE ( 'NONE', #707, #240, #3641, .T. ) ;
#1901 = VECTOR ( 'NONE', #3346, 1000.000000000000000 ) ;
#1902 = CARTESIAN_POINT ( 'NONE',  ( 0.6277930554655017900, 8.667332810452435900, -1.898914394991154700 ) ) ;
#1903 = CARTESIAN_POINT ( 'NONE',  ( 1.898914394993498100, 2.192332810452460200, 0.6277930554660807700 ) ) ;
#1904 = AXIS2_PLACEMENT_3D ( 'NONE', #2169, #4813, #5764 ) ;
#1905 = CARTESIAN_POINT ( 'NONE',  ( 8.778253695876226200E-016, 6.806026666236927100, -1.649999999999744800 ) ) ;
#1906 = CARTESIAN_POINT ( 'NONE',  ( -0.1189804768297188200, 7.561093549569409200, 2.067131037219796900 ) ) ;
#1907 = CARTESIAN_POINT ( 'NONE',  ( -0.4057724631436938600, 24.82566614378573500, -1.958404633406432700 ) ) ;
#1908 = CARTESIAN_POINT ( 'NONE',  ( -0.5601173020754920400, 15.66733281045242700, 1.694212445550063300 ) ) ;
#1909 = CARTESIAN_POINT ( 'NONE',  ( 1.536457905425595300, 30.04649947711905600, 1.724131792583205100 ) ) ;
#1910 = CARTESIAN_POINT ( 'NONE',  ( -2.372164331109871200, 0.2267290553580038100, 2.891290854615057100 ) ) ;
#1911 = CARTESIAN_POINT ( 'NONE',  ( -1.898914394991857200, 5.342332810452453500, -0.6277930554631422400 ) ) ;
#1912 = CARTESIAN_POINT ( 'NONE',  ( -0.3135275320683701400, 12.48816614378577100, -1.513197240508571600 ) ) ;
#1913 = LINE ( 'NONE', #4501, #5237 ) ;
#1914 = CARTESIAN_POINT ( 'NONE',  ( 1.493141931848975100, 1.521499477119131500, -1.330611577941795300 ) ) ;
#1915 = CARTESIAN_POINT ( 'NONE',  ( 1.536457905425595300, 10.44649947711910600, 1.724131792583205100 ) ) ;
#1916 = CARTESIAN_POINT ( 'NONE',  ( -1.536457905424003700, 7.383999477119116000, -1.724131792580185300 ) ) ;
#1917 = CARTESIAN_POINT ( 'NONE',  ( 0.0000000000000000000, 0.4999999999999947800, 0.0000000000000000000 ) ) ;
#1918 = DIRECTION ( 'NONE',  ( -0.0000000000000000000, -1.000000000000000000, -0.0000000000000000000 ) ) ;
#1919 = EDGE_LOOP ( 'NONE', ( #2889, #687, #424, #3570 ) ) ;
#1920 = CARTESIAN_POINT ( 'NONE',  ( 1.467231017253632000, 8.842332810452441900, 0.4850758126987769200 ) ) ;
#1921 = CARTESIAN_POINT ( 'NONE',  ( -0.6277930554638524500, -0.8576671895476062300, 1.898914394994155600 ) ) ;
#1922 = COORDINATED_UNIVERSAL_TIME_OFFSET ( 6, 0, .BEHIND. ) ;
#1923 = CARTESIAN_POINT ( 'NONE',  ( 1.566604375870941800, 6.594405404668100900, 0.5179292707602104500 ) ) ;
#1924 = CARTESIAN_POINT ( 'NONE',  ( 1.747289668291783300, 27.01316614378572800, -0.3620304100755075700 ) ) ;
#1925 = EDGE_LOOP ( 'NONE', ( #5728, #4274, #3142, #1436 ) ) ;
#1926 = CARTESIAN_POINT ( 'NONE',  ( -2.261370884559743600, 26.40066614378573500, 0.4685456816539321200 ) ) ;
#1927 = CARTESIAN_POINT ( 'NONE',  ( -1.153703485182825400, 14.20899947711909700, 1.028121427814281600 ) ) ;
#1928 = VERTEX_POINT ( 'NONE', #1448 ) ;
#1929 = CARTESIAN_POINT ( 'NONE',  ( 1.231842093776472900, 4.819426882903469400, -1.097754551802544900 ) ) ;
#1930 = CARTESIAN_POINT ( 'NONE',  ( -1.747289668290160200, 11.26316614378577300, 0.3620304100784984500 ) ) ;
#1931 = CYLINDRICAL_SURFACE ( 'NONE', #339, 1.650000000000000100 ) ;
#1932 = CARTESIAN_POINT ( 'NONE',  ( -0.4057724631436938600, 3.038166143785790800, -1.958404633406432700 ) ) ;
#1933 = ORIENTED_EDGE ( 'NONE', *, *, #951, .T. ) ;
#1934 = CARTESIAN_POINT ( 'NONE',  ( -2.261370884559731600, 8.113166143785779400, 0.4685456816539872400 ) ) ;
#1935 = EDGE_CURVE ( 'NONE', #3731, #3495, #4877, .T. ) ;
#1936 = CARTESIAN_POINT ( 'NONE',  ( 1.187172366215480100, 26.89649947711906100, 1.332182035473060700 ) ) ;
#1937 = CARTESIAN_POINT ( 'NONE',  ( 1.493141931848975100, 22.60899947711907400, -1.330611577941795300 ) ) ;
#1938 = CARTESIAN_POINT ( 'NONE',  ( -1.187172366213856000, 7.733999477119114700, -1.332182035470070400 ) ) ;
#1939 = EDGE_LOOP ( 'NONE', ( #4840, #3619, #2751, #629 ) ) ;
#1940 = DIRECTION ( 'NONE',  ( -0.0000000000000000000, -1.000000000000000000, -0.0000000000000000000 ) ) ;
#1941 =( BOUNDED_CURVE ( )  B_SPLINE_CURVE ( 2, ( #1425, #2781, #3703, #4174, #122, #504, #3676, #3226, #977 ),
 .UNSPECIFIED., .F., .T. ) 
 B_SPLINE_CURVE_WITH_KNOTS ( ( 3, 2, 2, 2, 3 ),
 ( 0.1400017131751865000, 0.1407407407407407200, 0.1444444444444444900, 0.1481481481481481400, 0.1511128242863011300 ),
 .UNSPECIFIED. ) 
 CURVE ( )  GEOMETRIC_REPRESENTATION_ITEM ( )  RATIONAL_B_SPLINE_CURVE ( ( 0.9572025516542808100, 0.9732670516844298400, 1.000000000000000000, 0.8660254037844386000, 1.000000000000000000, 0.8660254037844386000, 1.000000000000000000, 0.8927583520998835200, 0.9572025516544313600 ) ) 
 REPRESENTATION_ITEM ( '' )  );
#1942 = CARTESIAN_POINT ( 'NONE',  ( 3.199098329852374100, -2.630037301224602600E-016, 1.458999154286949600 ) ) ;
#1943 = CARTESIAN_POINT ( 'NONE',  ( 0.0000000000000000000, 10.00000000000000000, 0.0000000000000000000 ) ) ;
#1944 = CARTESIAN_POINT ( 'NONE',  ( 2.149256308119709100E-014, 7.156026666236814800, 1.650000000002736200 ) ) ;
#1945 = CARTESIAN_POINT ( 'NONE',  ( -1.493141931847350400, 20.15899947711908500, 1.330611577944787100 ) ) ;
#1946 = CARTESIAN_POINT ( 'NONE',  ( -0.4057724631436938600, 26.22566614378573000, -1.958404633406432700 ) ) ;
#1947 = EDGE_CURVE ( 'NONE', #58, #2449, #577, .T. ) ;
#1948 = CARTESIAN_POINT ( 'NONE',  ( 1.187172366215480100, 12.98399947711909900, 1.332182035473060700 ) ) ;
#1949 = ORIENTED_EDGE ( 'NONE', *, *, #5787, .T. ) ;
#1950 = CARTESIAN_POINT ( 'NONE',  ( 2.261370884561367100, 30.16316614378572300, -0.4685456816509410100 ) ) ;
#1951 = CARTESIAN_POINT ( 'NONE',  ( 0.7249129791365839200, 3.067332810452456600, -2.192677474232650700 ) ) ;
#1952 = CARTESIAN_POINT ( 'NONE',  ( 1.747289668291783300, 10.91316614378577100, -0.3620304100755075700 ) ) ;
#1953 = CARTESIAN_POINT ( 'NONE',  ( 1.153703485184449700, 27.85899947711906300, -1.028121427811290000 ) ) ;
#1954 = ORIENTED_EDGE ( 'NONE', *, *, #2595, .T. ) ;
#1955 = CARTESIAN_POINT ( 'NONE',  ( -0.1691400011349814000, 7.517381598966562000, -1.649999999999660800 ) ) ;
#1956 = CARTESIAN_POINT ( 'NONE',  ( 0.1691400011358079300, 1.075736410535223400, 1.650000000002816800 ) ) ;
#1957 = CARTESIAN_POINT ( 'NONE',  ( 8.778253695876226200E-016, 8.906026666236924100, -1.649999999999744800 ) ) ;
#1958 = DIRECTION ( 'NONE',  ( 0.0000000000000000000, 0.7071067811865463500, -0.7071067811865487900 ) ) ;
#1959 = EDGE_LOOP ( 'NONE', ( #4626, #3438, #1933, #1615 ) ) ;
#1960 = CARTESIAN_POINT ( 'NONE',  ( 1.747289668291783300, 8.200666143785779700, -0.3620304100755075700 ) ) ;
#1961 = CARTESIAN_POINT ( 'NONE',  ( 0.0000000000000000000, 0.4999999999999947800, 0.0000000000000000000 ) ) ;
#1962 = CARTESIAN_POINT ( 'NONE',  ( -0.1691400011349813400, 5.625736410535262500, -1.649999999999660800 ) ) ;
#1963 = CARTESIAN_POINT ( 'NONE',  ( -2.261370884559737300, 0.5006661437857972100, 0.4685456816539602100 ) ) ;
#1964 = CARTESIAN_POINT ( 'NONE',  ( -0.7397092485552133600, 9.414722327394756000, 1.650000000002363100 ) ) ;
#1965 = CARTESIAN_POINT ( 'NONE',  ( 0.7249129791365839200, 19.86733281045241400, -2.192677474232650700 ) ) ;
#1966 = CARTESIAN_POINT ( 'NONE',  ( -0.7249129791349598900, 25.11733281045240000, 2.192677474235640700 ) ) ;
#1967 = VECTOR ( 'NONE', #3210, 1000.000000000000000 ) ;
#1968 = CARTESIAN_POINT ( 'NONE',  ( 0.5601173020771160700, 15.31733281045242900, -1.694212445547072400 ) ) ;
#1969 = ORIENTED_EDGE ( 'NONE', *, *, #5634, .T. ) ;
#1970 = CARTESIAN_POINT ( 'NONE',  ( 0.4057724631453182900, 29.98816614378572300, 1.958404633409422900 ) ) ;
#1971 = CARTESIAN_POINT ( 'NONE',  ( 1.536457905425637800, 0.7339994771191334900, 1.724131792583167400 ) ) ;
#1972 = CARTESIAN_POINT ( 'NONE',  ( 2.261370884561367100, 0.1506661437857987900, -0.4685456816509410100 ) ) ;
#1973 = CIRCLE ( 'NONE', #3080, 4.000000000000000000 ) ;
#1974 = CARTESIAN_POINT ( 'NONE',  ( 1.267577771977211700, 4.644426882903468700, 1.422408728882475800 ) ) ;
#1975 = CARTESIAN_POINT ( 'NONE',  ( -1.747289668290160200, 14.06316614378576300, 0.3620304100784984500 ) ) ;
#1976 = EDGE_CURVE ( 'NONE', #3370, #4928, #1207, .T. ) ;
#1977 = CARTESIAN_POINT ( 'NONE',  ( -1.187172366213856000, 29.43399947711905900, -1.332182035470070400 ) ) ;
#1978 = AXIS2_PLACEMENT_3D ( 'NONE', #1961, #1940, #5107 ) ;
#1979 = CARTESIAN_POINT ( 'NONE',  ( 0.3347622820952812500, 5.286093549570133600, 1.615683822564250500 ) ) ;
#1980 = VECTOR ( 'NONE', #1837, 1000.000000000000000 ) ;
#1981 = CARTESIAN_POINT ( 'NONE',  ( 1.936491673103708300, 9.500000000000005300, 3.500000000000000000 ) ) ;
#1982 = DIRECTION ( 'NONE',  ( -0.8660254037844386000, 0.0000000000000000000, 0.5000000000000001100 ) ) ;
#1983 = CARTESIAN_POINT ( 'NONE',  ( -1.187172366213856000, 24.44649947711907600, -1.332182035470070400 ) ) ;
#1984 = CARTESIAN_POINT ( 'NONE',  ( -1.187172366213856000, 7.033999477119113700, -1.332182035470070400 ) ) ;
#1985 = EDGE_CURVE ( 'NONE', #2180, #5252, #4449, .T. ) ;
#1986 = CARTESIAN_POINT ( 'NONE',  ( -9.429543486215421600E-015, 5.614381477805626900, -1.649999999999745000 ) ) ;
#1987 = CARTESIAN_POINT ( 'NONE',  ( -2.261370884559727600, 3.213166143785793200, 0.4685456816540072300 ) ) ;
#1988 =( BOUNDED_CURVE ( )  B_SPLINE_CURVE ( 2, ( #1761, #4954, #4007, #899, #2677, #1838, #1779, #414, #5859 ),
 .UNSPECIFIED., .F., .F. ) 
 B_SPLINE_CURVE_WITH_KNOTS ( ( 3, 2, 2, 2, 3 ),
 ( 0.2400017131751899200, 0.2407407407407407000, 0.2444444444444444600, 0.2481481481481481200, 0.2511128242862975500 ),
 .UNSPECIFIED. ) 
 CURVE ( )  GEOMETRIC_REPRESENTATION_ITEM ( )  RATIONAL_B_SPLINE_CURVE ( ( 0.9572025516544304700, 0.9732670516845543000, 1.000000000000000000, 0.8660254037844386000, 1.000000000000000000, 0.8660254037844386000, 1.000000000000000000, 0.8927583521000119800, 0.9572025516542769200 ) ) 
 REPRESENTATION_ITEM ( '' )  );
#1989 = DIRECTION ( 'NONE',  ( 0.0000000000000000000, 1.000000000000000000, 0.0000000000000000000 ) ) ;
#1990 = CARTESIAN_POINT ( 'NONE',  ( 0.7249129791365839200, 18.46733281045242200, -2.192677474232650700 ) ) ;
#1991 = CARTESIAN_POINT ( 'NONE',  ( -1.153703485182825400, 10.00899947711911000, 1.028121427814281600 ) ) ;
#1992 = CARTESIAN_POINT ( 'NONE',  ( -1.898914394991857200, 26.95483281045239800, -0.6277930554631422400 ) ) ;
#1993 = CARTESIAN_POINT ( 'NONE',  ( -0.4057724631436938600, 2.425666143785792300, -1.958404633406432700 ) ) ;
#1994 = CARTESIAN_POINT ( 'NONE',  ( -0.3135275320683701400, 8.988166143785781200, -1.513197240508571600 ) ) ;
#1995 = CARTESIAN_POINT ( 'NONE',  ( 0.5601173020771160700, 30.01733281045239100, -1.694212445547072400 ) ) ;
#1996 = VECTOR ( 'NONE', #579, 1000.000000000000000 ) ;
#1997 = DIRECTION ( 'NONE',  ( 0.0000000000000000000, 0.0000000000000000000, -1.000000000000000000 ) ) ;
#1998 = CARTESIAN_POINT ( 'NONE',  ( 0.3347622820952812500, 1.086093549570144900, 1.615683822564250500 ) ) ;
#1999 = PERSON_AND_ORGANIZATION ( #1475, #5042 ) ;
#2000 = DIRECTION ( 'NONE',  ( 0.0000000000000000000, 1.000000000000000000, 0.0000000000000000000 ) ) ;
#2001 = CARTESIAN_POINT ( 'NONE',  ( 1.747289668291783300, 25.61316614378574000, -0.3620304100755075700 ) ) ;
#2002 = VERTEX_POINT ( 'NONE', #4275 ) ;
#2003 = CARTESIAN_POINT ( 'NONE',  ( -0.5601173020754920400, 7.967332810452447200, 1.694212445550063300 ) ) ;
#2004 = CARTESIAN_POINT ( 'NONE',  ( -9.429543486215421600E-015, 4.706026666236929200, -1.649999999999745000 ) ) ;
#2005 = CIRCLE ( 'NONE', #1833, 2.000000000000000000 ) ;
#2006 = CARTESIAN_POINT ( 'NONE',  ( -2.261370884559726700, 0.4131661437858016300, 0.4685456816540092300 ) ) ;
#2007 = CARTESIAN_POINT ( 'NONE',  ( -0.1189804768296835900, 6.161093549569413200, 2.067131037219782200 ) ) ;
#2008 = CARTESIAN_POINT ( 'NONE',  ( -0.7249129791349598900, 18.11733281045242400, 2.192677474235640700 ) ) ;
#2009 = ORIENTED_EDGE ( 'NONE', *, *, #5347, .F. ) ;
#2010 = CARTESIAN_POINT ( 'NONE',  ( -1.747289668290160200, 9.950666143785774400, 0.3620304100784984500 ) ) ;
#2011 = CARTESIAN_POINT ( 'NONE',  ( 1.536457905425595300, 27.94649947711906200, 1.724131792583205100 ) ) ;
#2012 = CARTESIAN_POINT ( 'NONE',  ( -1.699119386446312300, 0.2858354494213667400, 0.4887164096641801200 ) ) ;
#2013 = CARTESIAN_POINT ( 'NONE',  ( -1.493141931847350400, -0.1410005228808693100, 1.330611577944787100 ) ) ;
#2014 = ORIENTED_EDGE ( 'NONE', *, *, #432, .T. ) ;
#2015 = CARTESIAN_POINT ( 'NONE',  ( -1.153703485182825400, 9.221499477119108300, 1.028121427814281600 ) ) ;
#2016 = CARTESIAN_POINT ( 'NONE',  ( -1.467231017252008000, 30.19233281045238800, -0.4850758126957864200 ) ) ;
#2017 = CARTESIAN_POINT ( 'NONE',  ( -0.6277930554638411200, 4.117332810452451100, 1.898914394994165400 ) ) ;
#2018 = ORIENTED_EDGE ( 'NONE', *, *, #3602, .T. ) ;
#2019 = B_SPLINE_CURVE_WITH_KNOTS ( 'NONE', 3,
 ( #5302, #319, #2209, #1766, #15, #886, #4451, #4489 ),
 .UNSPECIFIED., .F., .F.,
 ( 4, 2, 2, 4 ),
 ( 2.529189314848077800E-007, 0.001001387654841961500, 0.001501955022797200000, 0.002002522390752438300 ),
 .UNSPECIFIED. ) ;
#2020 = CARTESIAN_POINT ( 'NONE',  ( 1.898914394993493200, 4.904832810452452600, 0.6277930554660956500 ) ) ;
#2021 = CARTESIAN_POINT ( 'NONE',  ( 1.898914394993481000, 13.39233281045243000, 0.6277930554661326200 ) ) ;
#2022 = AXIS2_PLACEMENT_3D ( 'NONE', #3024, #1254, #5266 ) ;
#2023 = CARTESIAN_POINT ( 'NONE',  ( -1.747289668290160200, 25.96316614378573100, 0.3620304100784984500 ) ) ;
#2024 = CARTESIAN_POINT ( 'NONE',  ( -0.5601173020754920400, 3.767332810452457700, 1.694212445550063300 ) ) ;
#2025 = CARTESIAN_POINT ( 'NONE',  ( 0.0000000000000000000, 0.3999999999999981900, 0.0000000000000000000 ) ) ;
#2026 = ORIENTED_EDGE ( 'NONE', *, *, #4284, .F. ) ;
#2027 = CARTESIAN_POINT ( 'NONE',  ( 0.5459583105684937500, 0.3999999999999978000, 1.557057970379136300 ) ) ;
#2028 = CARTESIAN_POINT ( 'NONE',  ( 1.267577771977211700, 7.444426882903465900, 1.422408728882475800 ) ) ;
#2029 = CARTESIAN_POINT ( 'NONE',  ( 0.6277930554655017900, 8.667332810452435900, -1.898914394991154700 ) ) ;
#2030 = CARTESIAN_POINT ( 'NONE',  ( 1.536457905425595300, 17.53399947711908900, 1.724131792583205100 ) ) ;
#2031 = CARTESIAN_POINT ( 'NONE',  ( 0.5601173020771160700, 11.11733281045243700, -1.694212445547072400 ) ) ;
#2032 = CARTESIAN_POINT ( 'NONE',  ( -0.4057724631436938600, 26.13816614378573500, -1.958404633406432700 ) ) ;
#2033 = EDGE_LOOP ( 'NONE', ( #1302, #2216, #420, #4658 ) ) ;
#2034 = CARTESIAN_POINT ( 'NONE',  ( 0.0000000000000000000, 0.4999999999999947800, 0.0000000000000000000 ) ) ;
#2035 = CARTESIAN_POINT ( 'NONE',  ( -0.7249129791349598900, 1.317332810452464400, 2.192677474235640700 ) ) ;
#2036 = CARTESIAN_POINT ( 'NONE',  ( -1.153703485182825400, 7.821499477119110600, 1.028121427814281600 ) ) ;
#2037 = CARTESIAN_POINT ( 'NONE',  ( -1.898914394991857200, -1.045167189547530100, -0.6277930554631422400 ) ) ;
#2038 = DIRECTION ( 'NONE',  ( 0.0000000000000000000, 1.000000000000000000, 0.0000000000000000000 ) ) ;
#2039 = ORIENTED_EDGE ( 'NONE', *, *, #3421, .F. ) ;
#2040 = ORIENTED_EDGE ( 'NONE', *, *, #3895, .F. ) ;
#2041 = DIRECTION ( 'NONE',  ( 0.0000000000000000000, 0.0000000000000000000, -1.000000000000000000 ) ) ;
#2042 = CARTESIAN_POINT ( 'NONE',  ( -2.261370884559743600, 11.70066614378576900, 0.4685456816539321200 ) ) ;
#2043 = CARTESIAN_POINT ( 'NONE',  ( 1.153703485184449700, 24.97149947711906700, -1.028121427811290000 ) ) ;
#2044 = AXIS2_PLACEMENT_3D ( 'NONE', #3806, #238, #5646 ) ;
#2045 = CARTESIAN_POINT ( 'NONE',  ( 1.747289668291783300, 2.600666143785795600, -0.3620304100755075700 ) ) ;
#2046 = VECTOR ( 'NONE', #2840, 1000.000000000000000 ) ;
#2047 = CARTESIAN_POINT ( 'NONE',  ( 2.261370884561367100, 7.063166143785784900, -0.4685456816509410100 ) ) ;
#2048 = VERTEX_POINT ( 'NONE', #4671 ) ;
#2049 = CARTESIAN_POINT ( 'NONE',  ( 1.566604375870941800, 0.5027602162368134400, 0.5179292707602105600 ) ) ;
#2050 = ADVANCED_FACE ( 'NONE', ( #4022 ), #3327, .F. ) ;
#2051 = CARTESIAN_POINT ( 'NONE',  ( 1.865630979764672600, 8.052738738001432100, -0.3865501873620552100 ) ) ;
#2052 = CARTESIAN_POINT ( 'NONE',  ( 1.136605634099567200, 6.448572071335486400, -1.730697752765536500 ) ) ;
#2053 = CARTESIAN_POINT ( 'NONE',  ( 0.4057724631453182900, 18.87566614378575400, 1.958404633409422900 ) ) ;
#2054 = FACE_OUTER_BOUND ( 'NONE', #847, .T. ) ;
#2055 = CARTESIAN_POINT ( 'NONE',  ( 0.4057724631453182900, 29.28816614378572300, 1.958404633409422900 ) ) ;
#2056 = CARTESIAN_POINT ( 'NONE',  ( 0.3347622820952812500, 9.486093549570121300, 1.615683822564250500 ) ) ;
#2057 = PERSON_AND_ORGANIZATION_ROLE ( 'creator' ) ;
#2058 = CARTESIAN_POINT ( 'NONE',  ( 1.747289668291783300, 10.21316614378577900, -0.3620304100755075700 ) ) ;
#2059 =( BOUNDED_CURVE ( )  B_SPLINE_CURVE ( 2, ( #3691, #3217, #3734, #1033, #76, #3751, #5057, #4184, #1456 ),
 .UNSPECIFIED., .F., .T. ) 
 B_SPLINE_CURVE_WITH_KNOTS ( ( 3, 2, 2, 2, 3 ),
 ( 0.7944444444444446200, 0.7962962962962962800, 0.8000000000000000400, 0.8037037037037037000, 0.8055555555555556900 ),
 .UNSPECIFIED. ) 
 CURVE ( )  GEOMETRIC_REPRESENTATION_ITEM ( )  RATIONAL_B_SPLINE_CURVE ( ( 0.9330127018922194100, 0.9330127018922254000, 1.000000000000000000, 0.8660254037844387100, 1.000000000000000000, 0.8660254037844387100, 1.000000000000000000, 0.9330127018922154100, 0.9330127018922194100 ) ) 
 REPRESENTATION_ITEM ( '' )  );
#2060 = CARTESIAN_POINT ( 'NONE',  ( 1.467231017253632000, 24.94233281045240200, 0.4850758126987769200 ) ) ;
#2061 = AXIS2_PLACEMENT_3D ( 'NONE', #4437, #405, #2669 ) ;
#2062 = CARTESIAN_POINT ( 'NONE',  ( 8.118505867571457200E-013, -0.8576671895476062300, 1.495331636292007700E-012 ) ) ;
#2063 = CARTESIAN_POINT ( 'NONE',  ( 1.960689590513366300, 9.950000000000496700, -0.3945837422582511600 ) ) ;
#2064 = CARTESIAN_POINT ( 'NONE',  ( 0.4057724631453442100, 4.788166143785785400, 1.958404633409418300 ) ) ;
#2065 = CARTESIAN_POINT ( 'NONE',  ( 1.898914394993481000, 14.09233281045242800, 0.6277930554661326200 ) ) ;
#2066 = FACE_OUTER_BOUND ( 'NONE', #3935, .T. ) ;
#2067 = CARTESIAN_POINT ( 'NONE',  ( 1.187172366215480100, 22.69649947711907200, 1.332182035473060700 ) ) ;
#2068 = B_SPLINE_CURVE_WITH_KNOTS ( 'NONE', 3,
 ( #27, #898, #4045, #4973, #482, #1853, #2759, #2242 ),
 .UNSPECIFIED., .F., .F.,
 ( 4, 2, 2, 4 ),
 ( 0.004539330359135815100, 0.005539916828301551200, 0.006040210062884418000, 0.006540503297467285600 ),
 .UNSPECIFIED. ) ;
#2069 = CARTESIAN_POINT ( 'NONE',  ( -1.467231017252008000, 4.992332810452453800, -0.4850758126957864200 ) ) ;
#2070 = EDGE_CURVE ( 'NONE', #5326, #3274, #297, .T. ) ;
#2071 = CARTESIAN_POINT ( 'NONE',  ( 2.020667218593133000E-016, 10.00000000000000000, 1.650000000000000100 ) ) ;
#2072 = CARTESIAN_POINT ( 'NONE',  ( -2.261370884559728500, 8.200666143785779700, 0.4685456816540023400 ) ) ;
#2073 = CARTESIAN_POINT ( 'NONE',  ( 0.3347622820952812500, 7.877738738001429700, 1.615683822564250500 ) ) ;
#2074 = CARTESIAN_POINT ( 'NONE',  ( -3.031088913245534800, 10.00000000000000000, -1.749999999999997800 ) ) ;
#2075 = CARTESIAN_POINT ( 'NONE',  ( -1.536457905423971100, 19.28399947711908200, -1.724131792580214700 ) ) ;
#2076 = ORIENTED_EDGE ( 'NONE', *, *, #4748, .F. ) ;
#2077 = CARTESIAN_POINT ( 'NONE',  ( 1.898914394993481000, 28.00483281045239500, 0.6277930554661326200 ) ) ;
#2078 = ORIENTED_EDGE ( 'NONE', *, *, #3158, .T. ) ;
#2079 = CARTESIAN_POINT ( 'NONE',  ( -1.467231017252008000, 27.30483281045239600, -0.4850758126957864200 ) ) ;
#2080 = MECHANICAL_CONTEXT ( 'NONE', #4305, 'mechanical' ) ;
#2081 = CARTESIAN_POINT ( 'NONE',  ( -1.318251441922466200, 0.2270839782340621200, 3.500000000000000900 ) ) ;
#2082 = CARTESIAN_POINT ( 'NONE',  ( -1.153703485182825400, 4.321499477119121300, 1.028121427814281600 ) ) ;
#2083 = ADVANCED_FACE ( 'NONE', ( #5450 ), #4376, .F. ) ;
#2084 = CARTESIAN_POINT ( 'NONE',  ( 0.3135275320699943400, 26.22566614378573000, 1.513197240511562100 ) ) ;
#2085 = VERTEX_POINT ( 'NONE', #3369 ) ;
#2086 = CARTESIAN_POINT ( 'NONE',  ( 0.3398331698994858100, -5.767353223082612800E-016, -3.499999999999999100 ) ) ;
#2087 = CARTESIAN_POINT ( 'NONE',  ( 1.493141931848975100, 12.80899947711910000, -1.330611577941795300 ) ) ;
#2088 = CYLINDRICAL_SURFACE ( 'NONE', #4646, 2.000000000000000000 ) ;
#2089 = CARTESIAN_POINT ( 'NONE',  ( 0.5601173020771160700, 24.32983281045240900, -1.694212445547072400 ) ) ;
#2090 = CARTESIAN_POINT ( 'NONE',  ( 0.5601173020771160700, 2.717332810452458300, -1.694212445547072400 ) ) ;
#2091 = EDGE_LOOP ( 'NONE', ( #1663, #5315, #2737, #2123 ) ) ;
#2092 = CARTESIAN_POINT ( 'NONE',  ( -1.566604375869318000, 8.344405404668094700, -0.5179292707572200600 ) ) ;
#2093 = DIRECTION ( 'NONE',  ( -0.0000000000000000000, 1.000000000000000000, -0.0000000000000000000 ) ) ;
#2094 = CARTESIAN_POINT ( 'NONE',  ( -1.566604375869318000, 9.252760216236790600, -0.5179292707572200600 ) ) ;
#2095 = CARTESIAN_POINT ( 'NONE',  ( -2.261370884559743600, 15.20066614378576200, 0.4685456816539321200 ) ) ;
#2096 = ORIENTED_EDGE ( 'NONE', *, *, #2413, .F. ) ;
#2097 = EDGE_CURVE ( 'NONE', #4836, #1794, #4947, .T. ) ;
#2098 = CARTESIAN_POINT ( 'NONE',  ( -0.4057724631436938600, 23.33816614378574200, -1.958404633406432700 ) ) ;
#2099 = CARTESIAN_POINT ( 'NONE',  ( -1.990681402645799100E-014, 6.456026666236820000, 1.650000000002735700 ) ) ;
#2100 = AXIS2_PLACEMENT_3D ( 'NONE', #3187, #1429, #144 ) ;
#2101 = APPROVAL_STATUS ( 'not_yet_approved' ) ;
#2102 = CARTESIAN_POINT ( 'NONE',  ( 1.747289668291783300, 3.213166143785793200, -0.3620304100755075700 ) ) ;
#2103 = EDGE_LOOP ( 'NONE', ( #4005, #4784, #5129, #5123 ) ) ;
#2104 =( BOUNDED_CURVE ( )  B_SPLINE_CURVE ( 2, ( #3319, #617, #5056, #1010, #3278, #3690, #5586, #5521, #2870 ),
 .UNSPECIFIED., .F., .F. ) 
 B_SPLINE_CURVE_WITH_KNOTS ( ( 3, 2, 2, 2, 3 ),
 ( 0.8833333333333335300, 0.8851851851851851900, 0.8888888888888888400, 0.8925925925925926000, 0.8944444444444446000 ),
 .UNSPECIFIED. ) 
 CURVE ( )  GEOMETRIC_REPRESENTATION_ITEM ( )  RATIONAL_B_SPLINE_CURVE ( ( 0.9330127018922194100, 0.9330127018922254000, 1.000000000000000000, 0.8660254037844387100, 1.000000000000000000, 0.8660254037844387100, 1.000000000000000000, 0.9330127018922133000, 0.9330127018922194100 ) ) 
 REPRESENTATION_ITEM ( '' )  );
#2105 = CARTESIAN_POINT ( 'NONE',  ( 1.467231017253632000, 25.64233281045239800, 0.4850758126987769200 ) ) ;
#2106 = EDGE_CURVE ( 'NONE', #2525, #5263, #2791, .T. ) ;
#2107 = CARTESIAN_POINT ( 'NONE',  ( -1.865630979763049500, 2.102738738001449700, 0.3865501873650462100 ) ) ;
#2108 = CARTESIAN_POINT ( 'NONE',  ( -0.1189804768296998500, 4.761093549569418200, 2.067131037219792900 ) ) ;
#2109 = CARTESIAN_POINT ( 'NONE',  ( -0.7249129791349598900, 12.51733281045243400, 2.192677474235640700 ) ) ;
#2110 = EDGE_CURVE ( 'NONE', #469, #1532, #2836, .T. ) ;
#2111 = CARTESIAN_POINT ( 'NONE',  ( -0.5601173020754920400, 23.97983281045240700, 1.694212445550063300 ) ) ;
#2112 = ORIENTED_EDGE ( 'NONE', *, *, #4134, .T. ) ;
#2113 = CARTESIAN_POINT ( 'NONE',  ( 1.187172366215480100, 5.983999477119118300, 1.332182035473060700 ) ) ;
#2114 = CARTESIAN_POINT ( 'NONE',  ( -1.898914394991857200, 16.45483281045242300, -0.6277930554631422400 ) ) ;
#2115 = CARTESIAN_POINT ( 'NONE',  ( -1.865630979763049500, 8.402738738001431800, 0.3865501873650462100 ) ) ;
#2116 = ORIENTED_EDGE ( 'NONE', *, *, #1190, .F. ) ;
#2117 = CARTESIAN_POINT ( 'NONE',  ( 1.493141931848975100, 25.32149947711906900, -1.330611577941795300 ) ) ;
#2118 = CARTESIAN_POINT ( 'NONE',  ( -0.6277930554638244700, 9.717332810452438400, 1.898914394994163100 ) ) ;
#2119 = CARTESIAN_POINT ( 'NONE',  ( -0.7397092485551968200, 0.8063675158260814600, 1.650000000002381600 ) ) ;
#2120 = APPROVAL_ROLE ( '' ) ;
#2121 = VECTOR ( 'NONE', #3506, 1000.000000000000000 ) ;
#2122 = CARTESIAN_POINT ( 'NONE',  ( -1.467231017252008000, 6.304832810452451100, -0.4850758126957864200 ) ) ;
#2123 = ORIENTED_EDGE ( 'NONE', *, *, #1051, .F. ) ;
#2124 = CARTESIAN_POINT ( 'NONE',  ( 1.187172366215480100, 26.98399947711906700, 1.332182035473060700 ) ) ;
#2125 = LINE ( 'NONE', #4320, #3242 ) ;
#2126 = CARTESIAN_POINT ( 'NONE',  ( 0.7249129791365839200, 7.967332810452447200, -2.192677474232650700 ) ) ;
#2127 = CARTESIAN_POINT ( 'NONE',  ( -0.5601173020754920400, -1.132667189547528900, 1.694212445550063300 ) ) ;
#2128 = CARTESIAN_POINT ( 'NONE',  ( -0.4057724631436938600, 14.23816614378576500, -1.958404633406432700 ) ) ;
#2129 = CIRCLE ( 'NONE', #282, 3.500000000000000000 ) ;
#2130 = CARTESIAN_POINT ( 'NONE',  ( -0.4057724631437550900, 5.138166143785788600, -1.958404633406420200 ) ) ;
#2131 = AXIS2_PLACEMENT_3D ( 'NONE', #5405, #3147, #4065 ) ;
#2132 = CARTESIAN_POINT ( 'NONE',  ( 1.898914394993481000, 23.10483281045240400, 0.6277930554661326200 ) ) ;
#2133 = CARTESIAN_POINT ( 'NONE',  ( -1.990681402645799100E-014, 6.664381477805513900, 1.650000000002735700 ) ) ;
#2134 = CARTESIAN_POINT ( 'NONE',  ( -2.215199841361336300, 0.3524811969400252800, -3.163161325843646000 ) ) ;
#2135 = CARTESIAN_POINT ( 'NONE',  ( -0.7249129791349598900, -0.7826671895475344500, 2.192677474235640700 ) ) ;
#2136 = CARTESIAN_POINT ( 'NONE',  ( -1.467231017252008000, 4.204832810452454200, -0.4850758126957864200 ) ) ;
#2137 = EDGE_CURVE ( 'NONE', #776, #3483, #2129, .T. ) ;
#2138 = CARTESIAN_POINT ( 'NONE',  ( 0.3135275320699943400, 26.92566614378573000, 1.513197240511562100 ) ) ;
#2139 = LINE ( 'NONE', #1856, #506 ) ;
#2140 = DIRECTION ( 'NONE',  ( -0.0000000000000000000, -1.000000000000000000, -0.0000000000000000000 ) ) ;
#2141 = CARTESIAN_POINT ( 'NONE',  ( -1.865630979763049500, 1.611093549570144600, 0.3865501873650462100 ) ) ;
#2142 = CARTESIAN_POINT ( 'NONE',  ( 1.153703485184449700, 24.27149947711907200, -1.028121427811290000 ) ) ;
#2143 = VERTEX_POINT ( 'NONE', #2530 ) ;
#2144 = CARTESIAN_POINT ( 'NONE',  ( -1.747289668290160200, 2.250666143785793800, 0.3620304100784984500 ) ) ;
#2145 = CARTESIAN_POINT ( 'NONE',  ( 1.898914394993481000, 16.10483281045242500, 0.6277930554661326200 ) ) ;
#2146 = CARTESIAN_POINT ( 'NONE',  ( -2.261370884559734700, 4.613166143785790900, 0.4685456816539738700 ) ) ;
#2147 = VERTEX_POINT ( 'NONE', #5721 ) ;
#2148 = LINE ( 'NONE', #627, #4964 ) ;
#2149 = CARTESIAN_POINT ( 'NONE',  ( 1.536457905425595300, 23.04649947711907400, 1.724131792583205100 ) ) ;
#2150 = CARTESIAN_POINT ( 'NONE',  ( 1.536457905425632700, 9.746499477119106900, 1.724131792583171400 ) ) ;
#2151 = CARTESIAN_POINT ( 'NONE',  ( 0.7249129791365839200, 21.26733281045241200, -2.192677474232650700 ) ) ;
#2152 = VERTEX_POINT ( 'NONE', #5703 ) ;
#2153 = CARTESIAN_POINT ( 'NONE',  ( -1.747289668290160200, 3.563166143785788000, 0.3620304100784984500 ) ) ;
#2154 = CARTESIAN_POINT ( 'NONE',  ( -1.747289668290160200, 23.25066614378574000, 0.3620304100784984500 ) ) ;
#2155 = ORIENTED_EDGE ( 'NONE', *, *, #889, .F. ) ;
#2156 = CARTESIAN_POINT ( 'NONE',  ( -0.4057724631436938600, 8.725666143785778300, -1.958404633406432700 ) ) ;
#2157 = CARTESIAN_POINT ( 'NONE',  ( -0.3135275320683701400, 28.58816614378572400, -1.513197240508571600 ) ) ;
#2158 = CARTESIAN_POINT ( 'NONE',  ( 0.3135275320699943400, 21.23816614378574700, 1.513197240511562100 ) ) ;
#2159 = AXIS2_PLACEMENT_3D ( 'NONE', #4448, #4386, #2203 ) ;
#2160 = CARTESIAN_POINT ( 'NONE',  ( -0.5601173020754920400, 1.667332810452462700, 1.694212445550063300 ) ) ;
#2161 = DIRECTION ( 'NONE',  ( 0.0000000000000000000, 1.000000000000000000, 0.0000000000000000000 ) ) ;
#2162 = CARTESIAN_POINT ( 'NONE',  ( 1.898914394993481000, 14.70483281045242800, 0.6277930554661326200 ) ) ;
#2163 = ORIENTED_EDGE ( 'NONE', *, *, #3123, .T. ) ;
#2164 = CARTESIAN_POINT ( 'NONE',  ( 0.6277930554654759200, -0.8576671895476062300, -1.898914394991165100 ) ) ;
#2165 = EDGE_CURVE ( 'NONE', #3830, #39, #4408, .T. ) ;
#2166 = ORIENTED_EDGE ( 'NONE', *, *, #1340, .F. ) ;
#2167 =( BOUNDED_CURVE ( )  B_SPLINE_CURVE ( 2, ( #4719, #2421, #5594, #178, #1059, #4209, #2444, #645, #2017 ),
 .UNSPECIFIED., .F., .F. ) 
 B_SPLINE_CURVE_WITH_KNOTS ( ( 3, 2, 2, 2, 3 ),
 ( 0.8055555555555556900, 0.8074074074074074600, 0.8111111111111111200, 0.8148148148148147700, 0.8166666666666667600 ),
 .UNSPECIFIED. ) 
 CURVE ( )  GEOMETRIC_REPRESENTATION_ITEM ( )  RATIONAL_B_SPLINE_CURVE ( ( 0.9330127018922194100, 0.9330127018922234100, 1.000000000000000000, 0.8660254037844387100, 1.000000000000000000, 0.8660254037844387100, 1.000000000000000000, 0.9330127018922154100, 0.9330127018922194100 ) ) 
 REPRESENTATION_ITEM ( '' )  );
#2168 = CARTESIAN_POINT ( 'NONE',  ( -1.990681402645799100E-014, 3.656026666236823300, 1.650000000002735700 ) ) ;
#2169 = CARTESIAN_POINT ( 'NONE',  ( 8.118505867571457200E-013, -0.8576671895476062300, 1.495331636292007700E-012 ) ) ;
#2170 = CARTESIAN_POINT ( 'NONE',  ( -1.187172366213856000, 2.046499477119131600, -1.332182035470070400 ) ) ;
#2171 = CARTESIAN_POINT ( 'NONE',  ( -0.5601173020754920400, 22.66733281045241100, 1.694212445550063300 ) ) ;
#2172 = ORIENTED_EDGE ( 'NONE', *, *, #4883, .F. ) ;
#2173 = EDGE_CURVE ( 'NONE', #971, #4836, #3896, .T. ) ;
#2174 = CARTESIAN_POINT ( 'NONE',  ( -0.3347622820936569900, 0.7360935495701462800, -1.615683822561260200 ) ) ;
#2175 = CARTESIAN_POINT ( 'NONE',  ( -6.512897903392107000E-016, 0.1555276530986780300, -1.894472346901322700 ) ) ;
#2176 = CARTESIAN_POINT ( 'NONE',  ( 0.4057724631453182900, 10.47566614378577300, 1.958404633409422900 ) ) ;
#2177 = CARTESIAN_POINT ( 'NONE',  ( 1.467231017253632000, 29.75483281045239200, 0.4850758126987769200 ) ) ;
#2178 = CARTESIAN_POINT ( 'NONE',  ( -0.5601173020754920400, 21.17983281045241400, 1.694212445550063300 ) ) ;
#2179 = CARTESIAN_POINT ( 'NONE',  ( 1.747289668291783300, -0.1993338562141996600, -0.3620304100755075700 ) ) ;
#2180 = VERTEX_POINT ( 'NONE', #693 ) ;
#2181 = VERTEX_POINT ( 'NONE', #4294 ) ;
#2182 = CARTESIAN_POINT ( 'NONE',  ( 1.536457905425595300, 15.34649947711909600, 1.724131792583205100 ) ) ;
#2183 = CARTESIAN_POINT ( 'NONE',  ( 0.6277930554654681500, 1.579832810452460600, -1.898914394991157600 ) ) ;
#2184 = CARTESIAN_POINT ( 'NONE',  ( -2.062843076693679400, 9.500000000000005300, -3.427050983124843200 ) ) ;
#2185 = CYLINDRICAL_SURFACE ( 'NONE', #1044, 2.000000000000000000 ) ;
#2186 = EDGE_LOOP ( 'NONE', ( #2828, #2166, #1246, #5430 ) ) ;
#2187 = CARTESIAN_POINT ( 'NONE',  ( 1.493141931848975100, 20.42149947711908500, -1.330611577941795300 ) ) ;
#2188 = DIRECTION ( 'NONE',  ( 0.0000000000000000000, 1.000000000000000000, 0.0000000000000000000 ) ) ;
#2189 = CARTESIAN_POINT ( 'NONE',  ( 2.020667218593133000E-016, 10.00000000000000000, 1.650000000000000100 ) ) ;
#2190 = APPROVAL ( #3044, 'UNSPECIFIED' ) ;
#2191 = CARTESIAN_POINT ( 'NONE',  ( -1.153703485182825400, -0.5785005228808661700, 1.028121427814281600 ) ) ;
#2192 = CYLINDRICAL_SURFACE ( 'NONE', #468, 1.650000000000000100 ) ;
#2193 = CARTESIAN_POINT ( 'NONE',  ( 1.187172366215480100, 22.08399947711907900, 1.332182035473060700 ) ) ;
#2194 = CARTESIAN_POINT ( 'NONE',  ( -1.635141734011575700, 9.645890411935580400, -3.499999999999999100 ) ) ;
#2195 = CARTESIAN_POINT ( 'NONE',  ( 1.236212014374513400, 0.1056304817646558900, -1.505551049439274800 ) ) ;
#2196 = CARTESIAN_POINT ( 'NONE',  ( -1.536457905423971100, 10.18399947711910900, -1.724131792580214700 ) ) ;
#2197 = CIRCLE ( 'NONE', #177, 4.000000000000000000 ) ;
#2198 = CARTESIAN_POINT ( 'NONE',  ( 0.5601173020771160700, 28.52983281045239400, -1.694212445547072400 ) ) ;
#2199 = CARTESIAN_POINT ( 'NONE',  ( 1.187172366215480100, 21.29649947711908100, 1.332182035473060700 ) ) ;
#2200 = CARTESIAN_POINT ( 'NONE',  ( -1.747289668290160200, 1.550666143785796700, 0.3620304100784984500 ) ) ;
#2201 = CARTESIAN_POINT ( 'NONE',  ( -1.566604375869318000, 6.452760216236796100, -0.5179292707572200600 ) ) ;
#2202 = CARTESIAN_POINT ( 'NONE',  ( -1.536457905423971100, 11.49649947711910900, -1.724131792580214700 ) ) ;
#2203 = DIRECTION ( 'NONE',  ( -0.5000000000000001100, 0.0000000000000000000, -0.8660254037844386000 ) ) ;
#2204 =( BOUNDED_CURVE ( )  B_SPLINE_CURVE ( 2, ( #2852, #4702, #4189, #3722, #1019, #1916, #646, #4172, #4627 ),
 .UNSPECIFIED., .F., .F. ) 
 B_SPLINE_CURVE_WITH_KNOTS ( ( 3, 2, 2, 2, 3 ),
 ( 0.7055555555555557100, 0.7074074074074073700, 0.7111111111111111400, 0.7148148148148147900, 0.7166666666666667900 ),
 .UNSPECIFIED. ) 
 CURVE ( )  GEOMETRIC_REPRESENTATION_ITEM ( )  RATIONAL_B_SPLINE_CURVE ( ( 0.9330127018922194100, 0.9330127018922254000, 1.000000000000000000, 0.8660254037844387100, 1.000000000000000000, 0.8660254037844387100, 1.000000000000000000, 0.9330127018922154100, 0.9330127018922194100 ) ) 
 REPRESENTATION_ITEM ( '' )  );
#2205 = CARTESIAN_POINT ( 'NONE',  ( 2.261370884561349800, 7.150666143785782600, -0.4685456816510209500 ) ) ;
#2206 = CARTESIAN_POINT ( 'NONE',  ( 1.493141931848933800, 7.908999477119111900, -1.330611577941842100 ) ) ;
#2207 = CARTESIAN_POINT ( 'NONE',  ( 0.4057724631453182900, 21.58816614378574500, 1.958404633409422900 ) ) ;
#2208 = VERTEX_POINT ( 'NONE', #1586 ) ;
#2209 = CARTESIAN_POINT ( 'NONE',  ( -3.691293455727337100, 0.2279604831668040100, 0.6064921890337494600 ) ) ;
#2210 = CARTESIAN_POINT ( 'NONE',  ( 3.031088913245535600, 10.00000000000000000, 1.749999999999999300 ) ) ;
#2211 = CARTESIAN_POINT ( 'NONE',  ( -3.031088913245535200, 0.0000000000000000000, 1.750000000000000400 ) ) ;
#2212 = CARTESIAN_POINT ( 'NONE',  ( 1.467231017253632000, 1.054832810452460700, 0.4850758126987769200 ) ) ;
#2213 = EDGE_CURVE ( 'NONE', #1734, #3370, #3969, .T. ) ;
#2214 = CARTESIAN_POINT ( 'NONE',  ( 0.3135275320699943400, 20.62566614378574700, 1.513197240511562100 ) ) ;
#2215 = EDGE_CURVE ( 'NONE', #3349, #747, #3178, .T. ) ;
#2216 = ORIENTED_EDGE ( 'NONE', *, *, #1479, .T. ) ;
#2217 = CARTESIAN_POINT ( 'NONE',  ( -1.267577771975587600, 2.686072071334780500, -1.422408728879485300 ) ) ;
#2218 = CARTESIAN_POINT ( 'NONE',  ( -0.7249129791349598900, 6.917332810452448300, 2.192677474235640700 ) ) ;
#2219 = CARTESIAN_POINT ( 'NONE',  ( 0.3135275320699943400, 28.23816614378573000, 1.513197240511562100 ) ) ;
#2220 = CARTESIAN_POINT ( 'NONE',  ( 0.5601173020771160700, 18.02983281045241900, -1.694212445547072400 ) ) ;
#2221 = CARTESIAN_POINT ( 'NONE',  ( 1.898914394993481000, 3.504832810452461500, 0.6277930554661326200 ) ) ;
#2222 = ORIENTED_EDGE ( 'NONE', *, *, #4181, .F. ) ;
#2223 = CARTESIAN_POINT ( 'NONE',  ( -1.493141931847350400, 11.67149947711910200, 1.330611577944787100 ) ) ;
#2224 = ADVANCED_FACE ( 'NONE', ( #3673 ), #2555, .F. ) ;
#2225 = CARTESIAN_POINT ( 'NONE',  ( 1.157047129252895400, 9.817004863106793900, -3.500000000000000000 ) ) ;
#2226 = CARTESIAN_POINT ( 'NONE',  ( 0.0000000000000000000, 0.0000000000000000000, -2.049999999999999800 ) ) ;
#2227 = FACE_OUTER_BOUND ( 'NONE', #1095, .T. ) ;
#2228 = CARTESIAN_POINT ( 'NONE',  ( -0.6277930554638538900, 1.229832810452457600, 1.898914394994161400 ) ) ;
#2229 = ORIENTED_EDGE ( 'NONE', *, *, #2744, .T. ) ;
#2230 = DIRECTION ( 'NONE',  ( 0.3138965277323320600, 0.0000000000000000000, -0.9494571974963301700 ) ) ;
#2231 = CARTESIAN_POINT ( 'NONE',  ( -2.261370884559743600, 21.41316614378574500, 0.4685456816539321200 ) ) ;
#2232 = CARTESIAN_POINT ( 'NONE',  ( -2.261370884559735100, 9.600666143785778300, 0.4685456816539694300 ) ) ;
#2233 = ADVANCED_FACE ( 'NONE', ( #3750 ), #3401, .T. ) ;
#2234 = CARTESIAN_POINT ( 'NONE',  ( -0.7397092485551968200, 5.706367515826073600, 1.650000000002381600 ) ) ;
#2235 = CARTESIAN_POINT ( 'NONE',  ( -1.153703485182825400, 0.1214994771191330000, 1.028121427814281600 ) ) ;
#2236 = ORIENTED_EDGE ( 'NONE', *, *, #591, .F. ) ;
#2237 = CARTESIAN_POINT ( 'NONE',  ( 0.5601173020771160700, 22.31733281045241300, -1.694212445547072400 ) ) ;
#2238 = ORIENTED_EDGE ( 'NONE', *, *, #2165, .F. ) ;
#2239 = CARTESIAN_POINT ( 'NONE',  ( -0.3135275320683701400, 20.88816614378574600, -1.513197240508571600 ) ) ;
#2240 = CARTESIAN_POINT ( 'NONE',  ( -0.7249129791349598900, 6.129832810452451300, 2.192677474235640700 ) ) ;
#2241 = CARTESIAN_POINT ( 'NONE',  ( 1.493141931848975100, 12.02149947711910500, -1.330611577941795300 ) ) ;
#2242 = CARTESIAN_POINT ( 'NONE',  ( 1.936491673103708300, 0.4999999999999947800, 3.500000000000000000 ) ) ;
#2243 = CARTESIAN_POINT ( 'NONE',  ( 3.364270351643003900, 9.950940615339130000, -1.172912820556706100 ) ) ;
#2244 =( BOUNDED_CURVE ( )  B_SPLINE_CURVE ( 2, ( #4505, #4523, #1819, #2662, #450, #5367, #4941, #4012, #4977 ),
 .UNSPECIFIED., .F., .T. ) 
 B_SPLINE_CURVE_WITH_KNOTS ( ( 3, 2, 2, 2, 3 ),
 ( 0.7722222222222222500, 0.7740740740740740300, 0.7777777777777777900, 0.7814814814814814400, 0.7833333333333334400 ),
 .UNSPECIFIED. ) 
 CURVE ( )  GEOMETRIC_REPRESENTATION_ITEM ( )  RATIONAL_B_SPLINE_CURVE ( ( 0.9330127018922194100, 0.9330127018922214100, 1.000000000000000000, 0.8660254037844387100, 1.000000000000000000, 0.8660254037844387100, 1.000000000000000000, 0.9330127018922154100, 0.9330127018922194100 ) ) 
 REPRESENTATION_ITEM ( '' )  );
#2245 = CARTESIAN_POINT ( 'NONE',  ( 0.0000000000000000000, 10.00000000000000000, 0.0000000000000000000 ) ) ;
#2246 = VERTEX_POINT ( 'NONE', #824 ) ;
#2247 = EDGE_CURVE ( 'NONE', #4715, #3318, #4806, .T. ) ;
#2248 = CARTESIAN_POINT ( 'NONE',  ( -1.898914394991857200, 21.35483281045241100, -0.6277930554631422400 ) ) ;
#2249 = CARTESIAN_POINT ( 'NONE',  ( -0.6277930554638493400, 1.929832810452457800, 1.898914394994154900 ) ) ;
#2250 = AXIS2_PLACEMENT_3D ( 'NONE', #4653, #960, #3685 ) ;
#2251 = CARTESIAN_POINT ( 'NONE',  ( -1.990681402645799100E-014, 4.356026666236821200, 1.650000000002735700 ) ) ;
#2252 = CARTESIAN_POINT ( 'NONE',  ( -0.3135275320683701400, 1.288166143785796100, -1.513197240508571600 ) ) ;
#2253 = ORIENTED_EDGE ( 'NONE', *, *, #2820, .T. ) ;
#2254 = ADVANCED_FACE ( 'NONE', ( #2490 ), #1287, .F. ) ;
#2255 = CARTESIAN_POINT ( 'NONE',  ( -1.747289668290160200, 16.25066614378576100, 0.3620304100784984500 ) ) ;
#2256 = EDGE_CURVE ( 'NONE', #4885, #1025, #3533, .T. ) ;
#2257 = LINE ( 'NONE', #4066, #1060 ) ;
#2258 = ORIENTED_EDGE ( 'NONE', *, *, #1633, .T. ) ;
#2259 = CARTESIAN_POINT ( 'NONE',  ( 1.231842093776472900, 8.319426882903460600, -1.097754551802544900 ) ) ;
#2260 = CARTESIAN_POINT ( 'NONE',  ( -0.5601173020754920400, 15.57983281045242700, 1.694212445550063300 ) ) ;
#2261 = CARTESIAN_POINT ( 'NONE',  ( 1.493141931848975100, 4.321499477119121300, -1.330611577941795300 ) ) ;
#2262 = CYLINDRICAL_SURFACE ( 'NONE', #5070, 1.650000000000000100 ) ;
#2263 = CARTESIAN_POINT ( 'NONE',  ( 0.1691400011358079900, 2.267381598966521600, 1.650000000002816500 ) ) ;
#2264 = CARTESIAN_POINT ( 'NONE',  ( 2.372164331109873900, 0.2267290553580044400, -2.891290854615056600 ) ) ;
#2265 = CARTESIAN_POINT ( 'NONE',  ( -0.6277930554638390100, 4.029832810452456100, 1.898914394994158300 ) ) ;
#2266 = CARTESIAN_POINT ( 'NONE',  ( 1.536457905425622400, 5.633999477119120400, 1.724131792583180900 ) ) ;
#2267 = FACE_OUTER_BOUND ( 'NONE', #4499, .T. ) ;
#2268 = CARTESIAN_POINT ( 'NONE',  ( 0.4057724631453182900, 20.18816614378574700, 1.958404633409422900 ) ) ;
#2269 = CARTESIAN_POINT ( 'NONE',  ( 0.6277930554654996800, 5.867332810452445800, -1.898914394991155100 ) ) ;
#2270 = DIRECTION ( 'NONE',  ( 0.0000000000000000000, 1.000000000000000000, -0.0000000000000000000 ) ) ;
#2271 = CARTESIAN_POINT ( 'NONE',  ( 1.747289668291783300, -0.9868338562141962800, -0.3620304100755075700 ) ) ;
#2272 = CARTESIAN_POINT ( 'NONE',  ( 0.5601173020771160700, 18.81733281045242000, -1.694212445547072400 ) ) ;
#2273 = CONICAL_SURFACE ( 'NONE', #3661, 4.000000000000000000, 0.7853981633974533900 ) ;
#2274 = CARTESIAN_POINT ( 'NONE',  ( 1.267577771977211700, 3.244426882903475900, 1.422408728882475800 ) ) ;
#2275 = CARTESIAN_POINT ( 'NONE',  ( 0.5601173020771160700, 15.92983281045242600, -1.694212445547072400 ) ) ;
#2276 =( BOUNDED_CURVE ( )  B_SPLINE_CURVE ( 2, ( #4032, #1307, #4013, #4886, #3973, #5343, #4507, #851, #2269 ),
 .UNSPECIFIED., .F., .T. ) 
 B_SPLINE_CURVE_WITH_KNOTS ( ( 3, 2, 2, 2, 3 ),
 ( 0.7500000000000001100, 0.7518518518518518800, 0.7555555555555555400, 0.7592592592592593000, 0.7611111111111112900 ),
 .UNSPECIFIED. ) 
 CURVE ( )  GEOMETRIC_REPRESENTATION_ITEM ( )  RATIONAL_B_SPLINE_CURVE ( ( 0.9330127018922194100, 0.9330127018922234100, 1.000000000000000000, 0.8660254037844387100, 1.000000000000000000, 0.8660254037844387100, 1.000000000000000000, 0.9330127018922133000, 0.9330127018922194100 ) ) 
 REPRESENTATION_ITEM ( '' )  );
#2277 = LINE ( 'NONE', #1324, #1292 ) ;
#2278 = CARTESIAN_POINT ( 'NONE',  ( -0.7249129791349598900, 6.829832810452452400, 2.192677474235640700 ) ) ;
#2279 = CARTESIAN_POINT ( 'NONE',  ( 0.7249129791365839200, 12.07983281045243900, -2.192677474232650700 ) ) ;
#2280 = CARTESIAN_POINT ( 'NONE',  ( 0.6277930554654848100, 3.767332810452450200, -1.898914394991160200 ) ) ;
#2281 = EDGE_CURVE ( 'NONE', #2922, #2085, #3468, .T. ) ;
#2282 = DIRECTION ( 'NONE',  ( 0.0000000000000000000, -1.000000000000000000, 0.0000000000000000000 ) ) ;
#2283 = DIRECTION ( 'NONE',  ( -0.0000000000000000000, -1.000000000000000000, -0.0000000000000000000 ) ) ;
#2284 = VERTEX_POINT ( 'NONE', #1247 ) ;
#2285 = CARTESIAN_POINT ( 'NONE',  ( 1.136605634099547200, 5.136072071335485500, -1.730697752765564300 ) ) ;
#2286 = DIRECTION ( 'NONE',  ( 0.0000000000000000000, 1.000000000000000000, 0.0000000000000000000 ) ) ;
#2287 = CARTESIAN_POINT ( 'NONE',  ( 0.6277930554654759200, -0.8576671895476062300, -1.898914394991165100 ) ) ;
#2288 = CARTESIAN_POINT ( 'NONE',  ( 0.3347622820952812500, 5.777738738001438900, 1.615683822564250500 ) ) ;
#2289 = CARTESIAN_POINT ( 'NONE',  ( -0.3347622820936569900, 4.936093549570134800, -1.615683822561260200 ) ) ;
#2290 = ORIENTED_EDGE ( 'NONE', *, *, #4595, .F. ) ;
#2291 = CARTESIAN_POINT ( 'NONE',  ( 1.187172366215480100, -1.103500522880862300, 1.332182035473060700 ) ) ;
#2292 = EDGE_CURVE ( 'NONE', #615, #2147, #23, .T. ) ;
#2293 = CARTESIAN_POINT ( 'NONE',  ( 1.187172366215480100, 16.48399947711909500, 1.332182035473060700 ) ) ;
#2294 = FACE_OUTER_BOUND ( 'NONE', #3100, .T. ) ;
#2295 = ORIENTED_EDGE ( 'NONE', *, *, #777, .F. ) ;
#2296 = CARTESIAN_POINT ( 'NONE',  ( 1.153703485184449700, 15.17149947711909300, -1.028121427811290000 ) ) ;
#2297 = CARTESIAN_POINT ( 'NONE',  ( 0.4057724631453182900, 4.788166143785785400, 1.958404633409422900 ) ) ;
#2298 = CARTESIAN_POINT ( 'NONE',  ( -1.493141931847350400, 9.571499477119111500, 1.330611577944787100 ) ) ;
#2299 = ORIENTED_EDGE ( 'NONE', *, *, #5787, .F. ) ;
#2300 = CARTESIAN_POINT ( 'NONE',  ( -1.566604375869318000, 4.844405404668105300, -0.5179292707572200600 ) ) ;
#2301 = CARTESIAN_POINT ( 'NONE',  ( 0.0000000000000000000, 10.00000000000000000, 0.0000000000000000000 ) ) ;
#2302 = CARTESIAN_POINT ( 'NONE',  ( -3.999334749797389200, 10.00000000000000000, 0.07294901687515480100 ) ) ;
#2303 = CARTESIAN_POINT ( 'NONE',  ( -1.136605634097932000, 9.598572071335480500, 1.730697752768549400 ) ) ;
#2304 = CARTESIAN_POINT ( 'NONE',  ( 1.136605634099567200, 5.836072071335485700, -1.730697752765536500 ) ) ;
#2305 = ORIENTED_EDGE ( 'NONE', *, *, #3599, .F. ) ;
#2306 = CARTESIAN_POINT ( 'NONE',  ( 8.118505867571457200E-013, -0.8576671895476062300, 1.495331636292007700E-012 ) ) ;
#2307 = CARTESIAN_POINT ( 'NONE',  ( -1.990681402645799100E-014, 6.456026666236820000, 1.650000000002735700 ) ) ;
#2308 = CARTESIAN_POINT ( 'NONE',  ( -1.566604375869318000, 5.052760216236802800, -0.5179292707572200600 ) ) ;
#2309 = CARTESIAN_POINT ( 'NONE',  ( 0.7249129791365839200, 29.66733281045239300, -2.192677474232650700 ) ) ;
#2310 = CARTESIAN_POINT ( 'NONE',  ( 1.467231017253632000, 17.94233281045242000, 0.4850758126987769200 ) ) ;
#2311 = ORIENTED_EDGE ( 'NONE', *, *, #3803, .F. ) ;
#2312 = CARTESIAN_POINT ( 'NONE',  ( 0.3347622820952812500, 3.186093549570140100, 1.615683822564250500 ) ) ;
#2313 = CARTESIAN_POINT ( 'NONE',  ( 0.4057724631453182900, 4.175666143785786500, 1.958404633409422900 ) ) ;
#2314 = CARTESIAN_POINT ( 'NONE',  ( -1.187172366213856000, 16.74649947711909100, -1.332182035470070400 ) ) ;
#2315 =( BOUNDED_CURVE ( )  B_SPLINE_CURVE ( 2, ( #4673, #4710, #2492, #2006, #5664, #695, #1146, #1489, #3450 ),
 .UNSPECIFIED., .F., .F. ) 
 B_SPLINE_CURVE_WITH_KNOTS ( ( 3, 2, 2, 2, 3 ),
 ( 0.9500000000000001800, 0.9518518518518518400, 0.9555555555555556000, 0.9592592592592592600, 0.9611111111111112500 ),
 .UNSPECIFIED. ) 
 CURVE ( )  GEOMETRIC_REPRESENTATION_ITEM ( )  RATIONAL_B_SPLINE_CURVE ( ( 0.9330127018922194100, 0.9330127018922254000, 1.000000000000000000, 0.8660254037844387100, 1.000000000000000000, 0.8660254037844387100, 1.000000000000000000, 0.9330127018922133000, 0.9330127018922194100 ) ) 
 REPRESENTATION_ITEM ( '' )  );
#2316 = CARTESIAN_POINT ( 'NONE',  ( 0.4057724631453182900, -0.1118338562142023900, 1.958404633409422900 ) ) ;
#2317 = AXIS2_PLACEMENT_3D ( 'NONE', #1509, #2093, #756 ) ;
#2318 = ORIENTED_EDGE ( 'NONE', *, *, #4819, .T. ) ;
#2319 = CARTESIAN_POINT ( 'NONE',  ( -0.4057724631436938600, 8.638166143785778000, -1.958404633406432700 ) ) ;
#2320 = CARTESIAN_POINT ( 'NONE',  ( 8.778253695876226200E-016, 6.314381477805624400, -1.649999999999745200 ) ) ;
#2321 = DIRECTION ( 'NONE',  ( 0.3138965277323320600, 0.0000000000000000000, -0.9494571974963301700 ) ) ;
#2322 = DIRECTION ( 'NONE',  ( 0.0000000000000000000, 0.0000000000000000000, -1.000000000000000000 ) ) ;
#2323 = CARTESIAN_POINT ( 'NONE',  ( 1.898914394993502600, 2.892332810452459500, 0.6277930554660677800 ) ) ;
#2324 = CARTESIAN_POINT ( 'NONE',  ( 0.7249129791365839200, 23.36733281045240700, -2.192677474232650700 ) ) ;
#2325 = EDGE_LOOP ( 'NONE', ( #663, #4165, #2657, #944 ) ) ;
#2326 = VERTEX_POINT ( 'NONE', #1699 ) ;
#2327 = CARTESIAN_POINT ( 'NONE',  ( -1.493141931847304700, 6.858999477119116500, 1.330611577944838400 ) ) ;
#2328 = CARTESIAN_POINT ( 'NONE',  ( 0.1691400011357875300, 8.775736410535206000, 1.650000000002821200 ) ) ;
#2329 = CARTESIAN_POINT ( 'NONE',  ( 0.0000000000000000000, 10.00000000000000000, 0.0000000000000000000 ) ) ;
#2330 = CARTESIAN_POINT ( 'NONE',  ( 1.231842093776472900, 7.411072071334766400, -1.097754551802544900 ) ) ;
#2331 = CARTESIAN_POINT ( 'NONE',  ( 2.261370884561367100, 29.55066614378572600, -0.4685456816509410100 ) ) ;
#2332 = VECTOR ( 'NONE', #4548, 1000.000000000000000 ) ;
#2333 = CARTESIAN_POINT ( 'NONE',  ( 1.187172366215480100, 17.18399947711908700, 1.332182035473060700 ) ) ;
#2334 = ORIENTED_EDGE ( 'NONE', *, *, #5091, .F. ) ;
#2335 = CARTESIAN_POINT ( 'NONE',  ( 8.778253695876226200E-016, 1.906026666236938500, -1.649999999999744800 ) ) ;
#2336 = CARTESIAN_POINT ( 'NONE',  ( -0.6277930554638686500, 5.429832810452444900, 1.898914394994148500 ) ) ;
#2337 = CARTESIAN_POINT ( 'NONE',  ( 1.493141931848975100, 5.808999477119117600, -1.330611577941795300 ) ) ;
#2338 = FACE_OUTER_BOUND ( 'NONE', #75, .T. ) ;
#2339 = CARTESIAN_POINT ( 'NONE',  ( 0.3135275320699943400, 11.43816614378577500, 1.513197240511562100 ) ) ;
#2340 = CARTESIAN_POINT ( 'NONE',  ( -1.898914394991857200, 1.054832810452460700, -0.6277930554631422400 ) ) ;
#2341 = CARTESIAN_POINT ( 'NONE',  ( -0.7249129791349598900, 8.929832810452447600, 2.192677474235640700 ) ) ;
#2342 = DIRECTION ( 'NONE',  ( 0.3138965277323320600, 0.0000000000000000000, -0.9494571974963301700 ) ) ;
#2343 = CARTESIAN_POINT ( 'NONE',  ( 1.767989255671592400, 0.2729607152979353100, -0.2700360919230463400 ) ) ;
#2344 = CARTESIAN_POINT ( 'NONE',  ( -1.536457905424018200, 5.283999477119121700, -1.724131792580173600 ) ) ;
#2345 = CARTESIAN_POINT ( 'NONE',  ( -1.990681402645799100E-014, 3.864381477805520800, 1.650000000002735700 ) ) ;
#2346 = DIRECTION ( 'NONE',  ( -0.0000000000000000000, -1.000000000000000000, -0.0000000000000000000 ) ) ;
#2347 = CARTESIAN_POINT ( 'NONE',  ( 1.493141931848975100, 18.32149947711908700, -1.330611577941795300 ) ) ;
#2348 = LINE ( 'NONE', #2164, #2914 ) ;
#2349 = ADVANCED_FACE ( 'NONE', ( #91 ), #2192, .F. ) ;
#2350 = CARTESIAN_POINT ( 'NONE',  ( 3.031088913245535600, 10.00000000000000000, 1.749999999999999300 ) ) ;
#2351 = CARTESIAN_POINT ( 'NONE',  ( 2.261370884561367100, 28.85066614378572700, -0.4685456816509410100 ) ) ;
#2352 = CARTESIAN_POINT ( 'NONE',  ( -1.747289668290160200, 15.55066614378576000, 0.3620304100784984500 ) ) ;
#2353 =( BOUNDED_CURVE ( )  B_SPLINE_CURVE ( 2, ( #4034, #3636, #1843, #489, #1361, #2685, #4053, #3137, #3580 ),
 .UNSPECIFIED., .F., .F. ) 
 B_SPLINE_CURVE_WITH_KNOTS ( ( 3, 2, 2, 2, 3 ),
 ( 0.8933316201581433800, 0.8962962962962962600, 0.9000000000000000200, 0.9037037037037036800, 0.9044427312692580000 ),
 .UNSPECIFIED. ) 
 CURVE ( )  GEOMETRIC_REPRESENTATION_ITEM ( )  RATIONAL_B_SPLINE_CURVE ( ( 0.9572025516544304700, 0.8927583520998843000, 1.000000000000000000, 0.8660254037844386000, 1.000000000000000000, 0.8660254037844386000, 1.000000000000000000, 0.9732670516844266200, 0.9572025516542770300 ) ) 
 REPRESENTATION_ITEM ( '' )  );
#2354 = ORIENTED_EDGE ( 'NONE', *, *, #857, .F. ) ;
#2355 = CARTESIAN_POINT ( 'NONE',  ( -1.536457905423971100, 30.39649947711905400, -1.724131792580214700 ) ) ;
#2356 = CARTESIAN_POINT ( 'NONE',  ( 1.493141931848932300, 5.721499477119119900, -1.330611577941843500 ) ) ;
#2357 = CARTESIAN_POINT ( 'NONE',  ( 1.536457905425595300, 5.633999477119119500, 1.724131792583205100 ) ) ;
#2358 = CARTESIAN_POINT ( 'NONE',  ( -1.467231017252008000, 10.50483281045244000, -0.4850758126957864200 ) ) ;
#2359 = CARTESIAN_POINT ( 'NONE',  ( -1.536457905423971100, 2.396499477119125900, -1.724131792580214700 ) ) ;
#2360 = ORIENTED_EDGE ( 'NONE', *, *, #1600, .F. ) ;
#2361 = CARTESIAN_POINT ( 'NONE',  ( 0.4057724631453182900, 7.588166143785782600, 1.958404633409422900 ) ) ;
#2362 = CARTESIAN_POINT ( 'NONE',  ( 0.4057724631453844500, 6.888166143785783300, 1.958404633409409600 ) ) ;
#2363 = CARTESIAN_POINT ( 'NONE',  ( 1.824770577513169700, 0.1582149702260621000, 0.5391394683903441000 ) ) ;
#2364 = DIRECTION ( 'NONE',  ( 0.0000000000000000000, 1.000000000000000000, 0.0000000000000000000 ) ) ;
#2365 = CYLINDRICAL_SURFACE ( 'NONE', #304, 2.000000000000000000 ) ;
#2366 = CARTESIAN_POINT ( 'NONE',  ( 2.860836377129809100, 0.01264867121886561700, 2.044886042669892900 ) ) ;
#2367 = CARTESIAN_POINT ( 'NONE',  ( 1.898914394993481000, 23.89233281045240500, 0.6277930554661326200 ) ) ;
#2368 = ORIENTED_EDGE ( 'NONE', *, *, #1742, .T. ) ;
#2369 = CARTESIAN_POINT ( 'NONE',  ( -0.3347622820936569900, 8.436093549570125900, -1.615683822561260200 ) ) ;
#2370 = CARTESIAN_POINT ( 'NONE',  ( -1.493141931847350400, 17.97149947711908900, 1.330611577944787100 ) ) ;
#2371 = CARTESIAN_POINT ( 'NONE',  ( 1.566604375870941800, 8.902760216236790900, 0.5179292707602105600 ) ) ;
#2372 = CARTESIAN_POINT ( 'NONE',  ( 0.0000000000000000000, 0.0000000000000000000, 0.0000000000000000000 ) ) ;
#2373 = CARTESIAN_POINT ( 'NONE',  ( -0.7249129791349598900, 25.81733281045240200, 2.192677474235640700 ) ) ;
#2374 = EDGE_CURVE ( 'NONE', #2048, #2246, #4512, .T. ) ;
#2375 = ORIENTED_EDGE ( 'NONE', *, *, #2668, .T. ) ;
#2376 = CARTESIAN_POINT ( 'NONE',  ( -0.5601173020754920400, 14.26733281045243200, 1.694212445550063300 ) ) ;
#2377 = ORIENTED_EDGE ( 'NONE', *, *, #4477, .T. ) ;
#2378 = DIRECTION ( 'NONE',  ( 0.0000000000000000000, 0.0000000000000000000, -1.000000000000000000 ) ) ;
#2379 = AXIS2_PLACEMENT_3D ( 'NONE', #1411, #933, #2803 ) ;
#2380 = CARTESIAN_POINT ( 'NONE',  ( 0.3135275320699943400, 12.83816614378576700, 1.513197240511562100 ) ) ;
#2381 = CARTESIAN_POINT ( 'NONE',  ( 1.493141931848975100, 0.8214994771191321800, -1.330611577941795300 ) ) ;
#2382 = CARTESIAN_POINT ( 'NONE',  ( -0.7249129791349598900, 9.629832810452448700, 2.192677474235640700 ) ) ;
#2383 = CARTESIAN_POINT ( 'NONE',  ( 1.898914394993481000, 7.004832810452450400, 0.6277930554661326200 ) ) ;
#2384 = ORIENTED_EDGE ( 'NONE', *, *, #5207, .F. ) ;
#2385 = CARTESIAN_POINT ( 'NONE',  ( 0.6277930554654702600, 5.079832810452451500, -1.898914394991164900 ) ) ;
#2386 = CARTESIAN_POINT ( 'NONE',  ( 1.536457905425595300, 23.83399947711907200, 1.724131792583205100 ) ) ;
#2387 = CARTESIAN_POINT ( 'NONE',  ( 0.5601173020771160700, 8.317332810452445100, -1.694212445547072400 ) ) ;
#2388 = CARTESIAN_POINT ( 'NONE',  ( -0.1691400011349813400, 8.425736410535252600, -1.649999999999660800 ) ) ;
#2389 = CARTESIAN_POINT ( 'NONE',  ( 1.267577771977211700, 6.536072071334769100, 1.422408728882475800 ) ) ;
#2390 = CARTESIAN_POINT ( 'NONE',  ( -1.536457905423971100, 25.58399947711906800, -1.724131792580214700 ) ) ;
#2391 = ORIENTED_EDGE ( 'NONE', *, *, #2975, .T. ) ;
#2392 = CARTESIAN_POINT ( 'NONE',  ( -1.747289668290160200, 14.15066614378576300, 0.3620304100784984500 ) ) ;
#2393 = DIRECTION ( 'NONE',  ( -0.0000000000000000000, -1.000000000000000000, -0.0000000000000000000 ) ) ;
#2394 = ORIENTED_EDGE ( 'NONE', *, *, #4676, .F. ) ;
#2395 = CARTESIAN_POINT ( 'NONE',  ( -0.1189804768297026700, 5.461093549569413100, 2.067131037219797700 ) ) ;
#2396 = CARTESIAN_POINT ( 'NONE',  ( -1.898914394991857200, 3.942332810452454900, -0.6277930554631422400 ) ) ;
#2397 = CARTESIAN_POINT ( 'NONE',  ( 0.0000000000000000000, 10.00000000000000000, 0.0000000000000000000 ) ) ;
#2398 = CARTESIAN_POINT ( 'NONE',  ( -1.187172366213856000, 11.14649947711910400, -1.332182035470070400 ) ) ;
#2399 = EDGE_CURVE ( 'NONE', #3478, #4298, #2197, .T. ) ;
#2400 = CARTESIAN_POINT ( 'NONE',  ( -2.261370884559743600, 0.4131661437858016900, 0.4685456816539321200 ) ) ;
#2401 = CARTESIAN_POINT ( 'NONE',  ( -1.539583845609018100, 9.680966152380197100, -0.7994881857735641800 ) ) ;
#2402 = ORIENTED_EDGE ( 'NONE', *, *, #5386, .F. ) ;
#2403 = CARTESIAN_POINT ( 'NONE',  ( 2.062843076693681200, 0.4999999999999947800, -3.427050983124842800 ) ) ;
#2404 = CARTESIAN_POINT ( 'NONE',  ( 0.3347622820952812500, 8.577738738001428900, 1.615683822564250500 ) ) ;
#2405 = CARTESIAN_POINT ( 'NONE',  ( 2.261370884561354300, 9.250666143785778700, -0.4685456816510034100 ) ) ;
#2406 = CARTESIAN_POINT ( 'NONE',  ( 0.3135275320699943400, 26.83816614378573100, 1.513197240511562100 ) ) ;
#2407 = CARTESIAN_POINT ( 'NONE',  ( 1.536457905425595300, 22.43399947711907300, 1.724131792583205100 ) ) ;
#2408 = CARTESIAN_POINT ( 'NONE',  ( 0.5601173020771160700, 9.017332810452446200, -1.694212445547072400 ) ) ;
#2409 = EDGE_CURVE ( 'NONE', #240, #758, #3471, .T. ) ;
#2410 = DIRECTION ( 'NONE',  ( -0.0000000000000000000, -1.000000000000000000, -0.0000000000000000000 ) ) ;
#2411 = CARTESIAN_POINT ( 'NONE',  ( 2.261370884561367100, 18.26316614378575000, -0.4685456816509410100 ) ) ;
#2412 = CARTESIAN_POINT ( 'NONE',  ( 0.1691400011357875900, 4.367381598966518100, 1.650000000002821200 ) ) ;
#2413 = EDGE_CURVE ( 'NONE', #900, #4608, #1692, .T. ) ;
#2414 = CARTESIAN_POINT ( 'NONE',  ( -1.536457905424032400, 0.3839994771191310700, -1.724131792580159800 ) ) ;
#2415 = CARTESIAN_POINT ( 'NONE',  ( -1.493141931847350400, 25.75899947711906900, 1.330611577944787100 ) ) ;
#2416 = CARTESIAN_POINT ( 'NONE',  ( -0.5601173020754920400, 12.86733281045243200, 1.694212445550063300 ) ) ;
#2417 = CARTESIAN_POINT ( 'NONE',  ( -1.336941171712506400, 0.2125386938425234700, -1.265888054180065700 ) ) ;
#2418 = CARTESIAN_POINT ( 'NONE',  ( -1.536457905423971100, 2.483999477119125800, -1.724131792580214700 ) ) ;
#2419 = CARTESIAN_POINT ( 'NONE',  ( -0.5601173020754920400, 10.67983281045244200, 1.694212445550063300 ) ) ;
#2420 = CYLINDRICAL_SURFACE ( 'NONE', #2131, 2.000000000000000000 ) ;
#2421 = CARTESIAN_POINT ( 'NONE',  ( 1.136605634099559200, 4.436072071335488900, -1.730697752765556500 ) ) ;
#2422 = CARTESIAN_POINT ( 'NONE',  ( 0.7397092485561767000, 5.564722327394826500, -1.650000000000113400 ) ) ;
#2423 = CARTESIAN_POINT ( 'NONE',  ( 0.3398331698994867000, 9.999999999999996400, 3.500000000000000000 ) ) ;
#2424 = CARTESIAN_POINT ( 'NONE',  ( 0.7397092485561809200, 8.856367515826121900, -1.650000000000108900 ) ) ;
#2425 = CARTESIAN_POINT ( 'NONE',  ( 0.6277930554654989100, 2.279832810452456600, -1.898914394991155800 ) ) ;
#2426 = LINE ( 'NONE', #5285, #1231 ) ;
#2427 = CARTESIAN_POINT ( 'NONE',  ( -1.747289668290160200, 7.150666143785784400, 0.3620304100784984500 ) ) ;
#2428 = CARTESIAN_POINT ( 'NONE',  ( -3.199098329852372300, 10.00000000000000000, 1.458999154286950000 ) ) ;
#2429 = CARTESIAN_POINT ( 'NONE',  ( 0.1691400011358079900, 0.8673815989665292200, 1.650000000002816500 ) ) ;
#2430 =( BOUNDED_CURVE ( )  B_SPLINE_CURVE ( 2, ( #510, #5537, #2787, #1881, #3655, #1842, #4117 ),
 .UNSPECIFIED., .F., .T. ) 
 B_SPLINE_CURVE_WITH_KNOTS ( ( 3, 2, 2, 3 ),
 ( 0.6315012124554089100, 0.6333333333333333000, 0.6370370370370370700, 0.6388888888888889500 ),
 .UNSPECIFIED. ) 
 CURVE ( )  GEOMETRIC_REPRESENTATION_ITEM ( )  RATIONAL_B_SPLINE_CURVE ( ( 0.9330203065036180000, 0.9337264331937336100, 1.000000000000000000, 0.8660254037844387100, 1.000000000000000000, 0.9330127018922174100, 0.9330127018922194100 ) ) 
 REPRESENTATION_ITEM ( '' )  );
#2431 = CARTESIAN_POINT ( 'NONE',  ( 8.118505867571457200E-013, -0.8576671895476062300, 1.495331636292007700E-012 ) ) ;
#2432 = CARTESIAN_POINT ( 'NONE',  ( -0.4057724631436938600, 19.92566614378574700, -1.958404633406432700 ) ) ;
#2433 = VERTEX_POINT ( 'NONE', #4862 ) ;
#2434 = CARTESIAN_POINT ( 'NONE',  ( 1.153703485184449700, 14.55899947711909600, -1.028121427811290000 ) ) ;
#2435 = CARTESIAN_POINT ( 'NONE',  ( 1.898914394993481000, 28.70483281045239100, 0.6277930554661326200 ) ) ;
#2436 = ORIENTED_EDGE ( 'NONE', *, *, #3046, .T. ) ;
#2437 = DIRECTION ( 'NONE',  ( -0.0000000000000000000, -1.000000000000000000, -0.0000000000000000000 ) ) ;
#2438 = CARTESIAN_POINT ( 'NONE',  ( -0.7249129791349598900, 2.717332810452458300, 2.192677474235640700 ) ) ;
#2439 = CARTESIAN_POINT ( 'NONE',  ( 0.1691400011357875300, 4.575736410535213000, 1.650000000002821200 ) ) ;
#2440 = CARTESIAN_POINT ( 'NONE',  ( 1.153703485184449700, 9.571499477119111500, -1.028121427811290000 ) ) ;
#2441 = ADVANCED_FACE ( 'NONE', ( #1759 ), #1139, .F. ) ;
#2442 = FACE_OUTER_BOUND ( 'NONE', #4135, .T. ) ;
#2443 = CARTESIAN_POINT ( 'NONE',  ( -0.7249129791349598900, -0.8701671895475260300, 2.192677474235640700 ) ) ;
#2444 = CARTESIAN_POINT ( 'NONE',  ( 0.4057724631453442100, 4.175666143785786500, 1.958404633409418300 ) ) ;
#2445 = ORIENTED_EDGE ( 'NONE', *, *, #258, .T. ) ;
#2446 = DIRECTION ( 'NONE',  ( 0.0000000000000000000, -1.000000000000000000, 0.0000000000000000000 ) ) ;
#2447 = CARTESIAN_POINT ( 'NONE',  ( 8.778253695876226200E-016, 2.114381477805633100, -1.649999999999745200 ) ) ;
#2448 = CARTESIAN_POINT ( 'NONE',  ( -1.747289668290160200, 6.450666143785782400, 0.3620304100784984500 ) ) ;
#2449 = VERTEX_POINT ( 'NONE', #120 ) ;
#2450 = CARTESIAN_POINT ( 'NONE',  ( -0.4057724631437393800, 6.625666143785780400, -1.958404633406423600 ) ) ;
#2451 = CARTESIAN_POINT ( 'NONE',  ( -0.1691400011349762900, 7.025736410535258400, -1.649999999999662600 ) ) ;
#2452 = CARTESIAN_POINT ( 'NONE',  ( 0.4057724631453710200, 6.188166143785784000, 1.958404633409412500 ) ) ;
#2453 = CARTESIAN_POINT ( 'NONE',  ( -1.536457905423971100, 17.18399947711908700, -1.724131792580214700 ) ) ;
#2454 = CARTESIAN_POINT ( 'NONE',  ( -1.153703485182825400, 12.10899947711910400, 1.028121427814281600 ) ) ;
#2455 = ORIENTED_EDGE ( 'NONE', *, *, #3009, .T. ) ;
#2456 = CARTESIAN_POINT ( 'NONE',  ( 1.136605634099551600, 0.9360720713354973000, -1.730697752765546500 ) ) ;
#2457 = CARTESIAN_POINT ( 'NONE',  ( 1.493141931848975100, 2.308999477119124700, -1.330611577941795300 ) ) ;
#2458 = CARTESIAN_POINT ( 'NONE',  ( -1.187172366213856000, 8.346499477119115400, -1.332182035470070400 ) ) ;
#2459 = ORIENTED_EDGE ( 'NONE', *, *, #3971, .F. ) ;
#2460 = CARTESIAN_POINT ( 'NONE',  ( -1.153703485182825400, 29.60899947711905600, 1.028121427814281600 ) ) ;
#2461 = CARTESIAN_POINT ( 'NONE',  ( 2.149256308119709100E-014, 7.856026666236814100, 1.650000000002736200 ) ) ;
#2462 =( BOUNDED_CURVE ( )  B_SPLINE_CURVE ( 2, ( #3371, #3390, #261, #2978, #2092, #2115, #276, #1606, #673 ),
 .UNSPECIFIED., .F., .T. ) 
 B_SPLINE_CURVE_WITH_KNOTS ( ( 3, 2, 2, 2, 3 ),
 ( 0.3066683798418566900, 0.3074074074074074600, 0.3111111111111111200, 0.3148148148148147700, 0.3177794909529642100 ),
 .UNSPECIFIED. ) 
 CURVE ( )  GEOMETRIC_REPRESENTATION_ITEM ( )  RATIONAL_B_SPLINE_CURVE ( ( 0.9572025516544313600, 0.9732670516845550700, 1.000000000000000000, 0.8660254037844386000, 1.000000000000000000, 0.8660254037844386000, 1.000000000000000000, 0.8927583521000119800, 0.9572025516542769200 ) ) 
 REPRESENTATION_ITEM ( '' )  );
#2463 = CARTESIAN_POINT ( 'NONE',  ( 0.6277930554654702600, 4.467332810452449900, -1.898914394991164900 ) ) ;
#2464 = CARTESIAN_POINT ( 'NONE',  ( -0.6277930554638409000, 6.829832810452446200, 1.898914394994157400 ) ) ;
#2465 = CARTESIAN_POINT ( 'NONE',  ( -1.467231017252008000, 25.20483281045240200, -0.4850758126957864200 ) ) ;
#2466 = ORIENTED_EDGE ( 'NONE', *, *, #848, .F. ) ;
#2467 = CARTESIAN_POINT ( 'NONE',  ( -1.467231017252008000, 8.492332810452442300, -0.4850758126957864200 ) ) ;
#2468 = CARTESIAN_POINT ( 'NONE',  ( -1.136605634097922900, 2.686072071335491100, 1.730697752768540500 ) ) ;
#2469 = CARTESIAN_POINT ( 'NONE',  ( -1.136605634097944000, 8.286072071335477000, 1.730697752768541200 ) ) ;
#2470 = CARTESIAN_POINT ( 'NONE',  ( -9.429543486215421600E-015, 7.714381477805620300, -1.649999999999745000 ) ) ;
#2471 = DIRECTION ( 'NONE',  ( -1.000000000000000000, 0.0000000000000000000, 2.146163712481656900E-016 ) ) ;
#2472 = CARTESIAN_POINT ( 'NONE',  ( -2.261370884559743600, 18.70066614378575300, 0.4685456816539321200 ) ) ;
#2473 = FACE_OUTER_BOUND ( 'NONE', #1092, .T. ) ;
#2474 = CARTESIAN_POINT ( 'NONE',  ( -0.3135275320683701400, 9.775666143785773700, -1.513197240508571600 ) ) ;
#2475 = VERTEX_POINT ( 'NONE', #4190 ) ;
#2476 = CARTESIAN_POINT ( 'NONE',  ( 1.493141931848975100, 26.72149947711906700, -1.330611577941795300 ) ) ;
#2477 = CARTESIAN_POINT ( 'NONE',  ( -2.261370884559743600, 1.900666143785795000, 0.4685456816539321200 ) ) ;
#2478 = CIRCLE ( 'NONE', #1523, 3.499999999999999600 ) ;
#2479 = DIRECTION ( 'NONE',  ( 0.0000000000000000000, 0.0000000000000000000, -1.000000000000000000 ) ) ;
#2480 = CARTESIAN_POINT ( 'NONE',  ( 0.5601173020771160700, 10.32983281045244100, -1.694212445547072400 ) ) ;
#2481 = EDGE_CURVE ( 'NONE', #3420, #3830, #2934, .T. ) ;
#2482 = CARTESIAN_POINT ( 'NONE',  ( 1.747289668291783300, 29.20066614378572800, -0.3620304100755075700 ) ) ;
#2483 = DIRECTION ( 'NONE',  ( 0.0000000000000000000, 0.0000000000000000000, -1.000000000000000000 ) ) ;
#2484 = CONICAL_SURFACE ( 'NONE', #1159, 4.000000000000000000, 0.7853981633974533900 ) ;
#2485 = CARTESIAN_POINT ( 'NONE',  ( 2.261370884561367100, 14.15066614378576300, -0.4685456816509410100 ) ) ;
#2486 = CARTESIAN_POINT ( 'NONE',  ( -1.467231017252008000, 24.50483281045240200, -0.4850758126957864200 ) ) ;
#2487 = CARTESIAN_POINT ( 'NONE',  ( 1.747289668291783300, 4.000666143785789300, -0.3620304100755075700 ) ) ;
#2488 = EDGE_CURVE ( 'NONE', #4582, #3274, #5775, .T. ) ;
#2489 = CARTESIAN_POINT ( 'NONE',  ( -2.261370884559720000, 1.200666143785798200, 0.4685456816540402600 ) ) ;
#2490 = FACE_OUTER_BOUND ( 'NONE', #4271, .T. ) ;
#2491 = DIRECTION ( 'NONE',  ( 0.3138965277323320600, 0.0000000000000000000, -0.9494571974963301700 ) ) ;
#2492 = CARTESIAN_POINT ( 'NONE',  ( -1.493141931847282700, 0.4714994771191291500, 1.330611577944863300 ) ) ;
#2493 = DIRECTION ( 'NONE',  ( 0.0000000000000000000, 0.0000000000000000000, -1.000000000000000000 ) ) ;
#2494 = CARTESIAN_POINT ( 'NONE',  ( -1.536457905423971100, 17.88399947711908700, -1.724131792580214700 ) ) ;
#2495 = CARTESIAN_POINT ( 'NONE',  ( 1.467231017253632000, 10.94233281045244000, 0.4850758126987769200 ) ) ;
#2496 = VECTOR ( 'NONE', #4029, 1000.000000000000000 ) ;
#2497 = CARTESIAN_POINT ( 'NONE',  ( 1.493141931848975100, 26.02149947711906800, -1.330611577941795300 ) ) ;
#2498 = CARTESIAN_POINT ( 'NONE',  ( -1.566604375869318000, 1.344405404668115100, -0.5179292707572200600 ) ) ;
#2499 = CARTESIAN_POINT ( 'NONE',  ( -1.412093399693133500, 0.2172857629696945100, -1.174040713276917900 ) ) ;
#2500 = CARTESIAN_POINT ( 'NONE',  ( -1.536457905423971100, 1.083999477119127900, -1.724131792580214700 ) ) ;
#2501 = CARTESIAN_POINT ( 'NONE',  ( -1.467231017252008000, 7.004832810452450400, -0.4850758126957864200 ) ) ;
#2502 = CARTESIAN_POINT ( 'NONE',  ( 1.747289668291783300, 27.80066614378572600, -0.3620304100755075700 ) ) ;
#2503 = ORIENTED_EDGE ( 'NONE', *, *, #3599, .T. ) ;
#2504 = DIRECTION ( 'NONE',  ( 0.3138965277323320600, 0.0000000000000000000, -0.9494571974963301700 ) ) ;
#2505 = LOCAL_TIME ( 15, 55, 16.00000000000000000, #1922 ) ;
#2506 = CARTESIAN_POINT ( 'NONE',  ( -2.062843076693678100, 0.4999999999999947800, 3.427050983124844600 ) ) ;
#2507 = CARTESIAN_POINT ( 'NONE',  ( 0.7249129791365839200, 10.76733281045243900, -2.192677474232650700 ) ) ;
#2508 = CARTESIAN_POINT ( 'NONE',  ( -1.136605634097930500, 6.798572071335484200, 1.730697752768550300 ) ) ;
#2509 = MANIFOLD_SOLID_BREP ( 'Mirror5', #3865 ) ;
#2510 = ORIENTED_EDGE ( 'NONE', *, *, #589, .F. ) ;
#2511 = CARTESIAN_POINT ( 'NONE',  ( 1.187172366215480100, 3.883999477119123500, 1.332182035473060700 ) ) ;
#2512 = CARTESIAN_POINT ( 'NONE',  ( 1.536457905425649800, 1.433999477119126500, 1.724131792583157000 ) ) ;
#2513 = CONICAL_SURFACE ( 'NONE', #4150, 4.000000000000000000, 0.7853981633974533900 ) ;
#2514 = CARTESIAN_POINT ( 'NONE',  ( 0.7748574699659351900, 9.553132506565308500, -1.610558525052244900 ) ) ;
#2515 = CARTESIAN_POINT ( 'NONE',  ( -1.493141931847350400, 16.65899947711908900, 1.330611577944787100 ) ) ;
#2516 = VERTEX_POINT ( 'NONE', #138 ) ;
#2517 = CARTESIAN_POINT ( 'NONE',  ( 2.261370884561367100, 28.06316614378572900, -0.4685456816509410100 ) ) ;
#2518 = DIRECTION ( 'NONE',  ( -0.0000000000000000000, -1.000000000000000000, -0.0000000000000000000 ) ) ;
#2519 = DATE_TIME_ROLE ( 'creation_date' ) ;
#2520 = ORIENTED_EDGE ( 'NONE', *, *, #5634, .F. ) ;
#2521 = CARTESIAN_POINT ( 'NONE',  ( -1.187172366213856000, 9.746499477119106900, -1.332182035470070400 ) ) ;
#2522 = CARTESIAN_POINT ( 'NONE',  ( 1.467231017253632000, 24.24233281045240300, 0.4850758126987769200 ) ) ;
#2523 = EDGE_CURVE ( 'NONE', #340, #4204, #289, .T. ) ;
#2524 = CARTESIAN_POINT ( 'NONE',  ( 3.031088913245535600, 10.00000000000000000, 1.749999999999999100 ) ) ;
#2525 = VERTEX_POINT ( 'NONE', #4173 ) ;
#2526 = CARTESIAN_POINT ( 'NONE',  ( 0.6277930554654702600, 5.079832810452451500, -1.898914394991164900 ) ) ;
#2527 = CARTESIAN_POINT ( 'NONE',  ( -0.4057724631436938600, 14.32566614378576400, -1.958404633406432700 ) ) ;
#2528 = CARTESIAN_POINT ( 'NONE',  ( -1.153703485182825400, 22.52149947711907500, 1.028121427814281600 ) ) ;
#2529 = CARTESIAN_POINT ( 'NONE',  ( 1.467231017253632000, 3.242332810452459100, 0.4850758126987769200 ) ) ;
#2530 = CARTESIAN_POINT ( 'NONE',  ( 8.778253695876226200E-016, 4.214381477805628300, -1.649999999999745200 ) ) ;
#2531 = ORIENTED_EDGE ( 'NONE', *, *, #4810, .T. ) ;
#2532 = CARTESIAN_POINT ( 'NONE',  ( -2.697907474848066500, 9.950940615339135300, -2.327087179443293700 ) ) ;
#2533 = CARTESIAN_POINT ( 'NONE',  ( 1.493141931848975100, 17.70899947711909000, -1.330611577941795300 ) ) ;
#2534 = CARTESIAN_POINT ( 'NONE',  ( -0.7249129791349598900, 25.02983281045240500, 2.192677474235640700 ) ) ;
#2535 = ORIENTED_EDGE ( 'NONE', *, *, #3672, .F. ) ;
#2536 = CARTESIAN_POINT ( 'NONE',  ( -0.4057724631437416600, 3.825666143785787300, -1.958404633406423100 ) ) ;
#2537 = CARTESIAN_POINT ( 'NONE',  ( 1.747289668291783300, 5.313166143785792000, -0.3620304100755075700 ) ) ;
#2538 =( BOUNDED_CURVE ( )  B_SPLINE_CURVE ( 2, ( #2646, #4999, #5068, #69, #2371, #1449, #1861, #2328, #3654 ),
 .UNSPECIFIED., .F., .F. ) 
 B_SPLINE_CURVE_WITH_KNOTS ( ( 3, 2, 2, 2, 3 ),
 ( 0.6711093979359211700, 0.6740740740740740500, 0.6777777777777778100, 0.6814814814814814700, 0.6822205090470357900 ),
 .UNSPECIFIED. ) 
 CURVE ( )  GEOMETRIC_REPRESENTATION_ITEM ( )  RATIONAL_B_SPLINE_CURVE ( ( 0.9572025516544304700, 0.8927583520998843000, 1.000000000000000000, 0.8660254037844386000, 1.000000000000000000, 0.8660254037844386000, 1.000000000000000000, 0.9732670516844266200, 0.9572025516542770300 ) ) 
 REPRESENTATION_ITEM ( '' )  );
#2539 = CARTESIAN_POINT ( 'NONE',  ( -1.153703485182825400, 26.80899947711906300, 1.028121427814281600 ) ) ;
#2540 = EDGE_LOOP ( 'NONE', ( #4042, #1722, #2258, #5276 ) ) ;
#2541 = ORIENTED_EDGE ( 'NONE', *, *, #3757, .T. ) ;
#2542 = CARTESIAN_POINT ( 'NONE',  ( 1.898914394993481000, 11.99233281045243500, 0.6277930554661326200 ) ) ;
#2543 = CARTESIAN_POINT ( 'NONE',  ( 1.187172366215480100, 23.39649947711907200, 1.332182035473060700 ) ) ;
#2544 = CARTESIAN_POINT ( 'NONE',  ( 1.153703485184449700, 4.758999477119122200, -1.028121427811290000 ) ) ;
#2545 = CYLINDRICAL_SURFACE ( 'NONE', #3880, 2.000000000000000000 ) ;
#2546 = DIRECTION ( 'NONE',  ( -0.0000000000000000000, -1.000000000000000000, -0.0000000000000000000 ) ) ;
#2547 = VERTEX_POINT ( 'NONE', #3266 ) ;
#2548 = CARTESIAN_POINT ( 'NONE',  ( 2.946560031592812200, 9.999999999999996400, -1.896408317729490100 ) ) ;
#2549 = CARTESIAN_POINT ( 'NONE',  ( 1.536457905425595300, 14.73399947711909300, 1.724131792583205100 ) ) ;
#2550 = LINE ( 'NONE', #801, #3248 ) ;
#2551 = CARTESIAN_POINT ( 'NONE',  ( 0.4057724631453182900, 25.08816614378573500, 1.958404633409422900 ) ) ;
#2552 = CARTESIAN_POINT ( 'NONE',  ( -1.865630979763049500, 3.502738738001440300, 0.3865501873650462100 ) ) ;
#2553 = DATE_TIME_ROLE ( 'classification_date' ) ;
#2554 = CARTESIAN_POINT ( 'NONE',  ( 0.5601173020771160700, 3.329832810452459500, -1.694212445547072400 ) ) ;
#2555 = CYLINDRICAL_SURFACE ( 'NONE', #3899, 1.650000000000000100 ) ;
#2556 = ADVANCED_FACE ( 'NONE', ( #1828 ), #1477, .F. ) ;
#2557 = CARTESIAN_POINT ( 'NONE',  ( -1.467231017252008000, 25.99233281045240000, -0.4850758126957864200 ) ) ;
#2558 = CARTESIAN_POINT ( 'NONE',  ( -1.267577771975587600, 4.294426882903471700, -1.422408728879485300 ) ) ;
#2559 = CARTESIAN_POINT ( 'NONE',  ( 0.0000000000000000000, 10.00000000000000000, 0.0000000000000000000 ) ) ;
#2560 = CARTESIAN_POINT ( 'NONE',  ( 1.536457905425595300, 12.63399947711909900, 1.724131792583205100 ) ) ;
#2561 = CARTESIAN_POINT ( 'NONE',  ( -1.467231017252008000, 23.10483281045240400, -0.4850758126957864200 ) ) ;
#2562 = CARTESIAN_POINT ( 'NONE',  ( -0.5601173020754920400, 5.167332810452451000, 1.694212445550063300 ) ) ;
#2563 = EDGE_CURVE ( 'NONE', #2475, #1640, #571, .T. ) ;
#2564 = CARTESIAN_POINT ( 'NONE',  ( 0.6277930554654989100, 1.667332810452455800, -1.898914394991155800 ) ) ;
#2565 = CARTESIAN_POINT ( 'NONE',  ( -0.4057724631436938600, 14.93816614378576300, -1.958404633406432700 ) ) ;
#2566 = CARTESIAN_POINT ( 'NONE',  ( -0.6277930554638411200, 4.729832810452453600, 1.898914394994165400 ) ) ;
#2567 = CARTESIAN_POINT ( 'NONE',  ( 0.08897784943441296200, 9.599999999999795400, -1.647599144910354600 ) ) ;
#2568 = LINE ( 'NONE', #1070, #3189 ) ;
#2569 =( BOUNDED_CURVE ( )  B_SPLINE_CURVE ( 2, ( #666, #4667, #2913, #2405, #4722, #215, #139, #4252, #3818 ),
 .UNSPECIFIED., .F., .T. ) 
 B_SPLINE_CURVE_WITH_KNOTS ( ( 3, 2, 2, 2, 3 ),
 ( 0.6500000000000001300, 0.6518518518518519000, 0.6555555555555555600, 0.6592592592592592100, 0.6611111111111112000 ),
 .UNSPECIFIED. ) 
 CURVE ( )  GEOMETRIC_REPRESENTATION_ITEM ( )  RATIONAL_B_SPLINE_CURVE ( ( 0.9330127018922194100, 0.9330127018922234100, 1.000000000000000000, 0.8660254037844387100, 1.000000000000000000, 0.8660254037844387100, 1.000000000000000000, 0.9330127018922154100, 0.9330127018922194100 ) ) 
 REPRESENTATION_ITEM ( '' )  );
#2570 = CARTESIAN_POINT ( 'NONE',  ( 1.898914394993481000, 23.80483281045240300, 0.6277930554661326200 ) ) ;
#2571 = VERTEX_POINT ( 'NONE', #3649 ) ;
#2572 = CARTESIAN_POINT ( 'NONE',  ( -1.267577771975587600, 3.386072071334781600, -1.422408728879485300 ) ) ;
#2573 = CARTESIAN_POINT ( 'NONE',  ( -1.898914394991876300, 3.942332810452454900, -0.6277930554630845000 ) ) ;
#2574 = CARTESIAN_POINT ( 'NONE',  ( -1.747289668290160200, 4.963166143785789700, 0.3620304100784984500 ) ) ;
#2575 = CARTESIAN_POINT ( 'NONE',  ( -0.3135275320683701400, 23.77566614378573800, -1.513197240508571600 ) ) ;
#2576 = VERTEX_POINT ( 'NONE', #5552 ) ;
#2577 = DIRECTION ( 'NONE',  ( -0.0000000000000000000, -1.000000000000000000, -0.0000000000000000000 ) ) ;
#2578 = CARTESIAN_POINT ( 'NONE',  ( -1.536457905423971100, 7.383999477119116000, -1.724131792580214700 ) ) ;
#2579 = CYLINDRICAL_SURFACE ( 'NONE', #5834, 2.000000000000000000 ) ;
#2580 = CARTESIAN_POINT ( 'NONE',  ( -1.187172366213856000, 22.34649947711907500, -1.332182035470070400 ) ) ;
#2581 = CARTESIAN_POINT ( 'NONE',  ( 0.3135275320699943400, 1.725666143785793000, 1.513197240511562100 ) ) ;
#2582 = ORIENTED_EDGE ( 'NONE', *, *, #4819, .F. ) ;
#2583 = CARTESIAN_POINT ( 'NONE',  ( -0.4057724631436938600, 15.63816614378576000, -1.958404633406432700 ) ) ;
#2584 = ADVANCED_FACE ( 'NONE', ( #3952 ), #855, .F. ) ;
#2585 = CARTESIAN_POINT ( 'NONE',  ( -1.898914394991857200, 14.44233281045242700, -0.6277930554631422400 ) ) ;
#2586 = ORIENTED_EDGE ( 'NONE', *, *, #1156, .F. ) ;
#2587 = EDGE_CURVE ( 'NONE', #1379, #3344, #5162, .T. ) ;
#2588 = AXIS2_PLACEMENT_3D ( 'NONE', #1062, #2877, #4744 ) ;
#2589 = CARTESIAN_POINT ( 'NONE',  ( -1.990681402645799100E-014, 1.556026666236827800, 1.650000000002735700 ) ) ;
#2590 = DIRECTION ( 'NONE',  ( 0.0000000000000000000, 1.000000000000000000, 0.0000000000000000000 ) ) ;
#2591 = CARTESIAN_POINT ( 'NONE',  ( -1.493141931847350400, -0.8410005228808650200, 1.330611577944787100 ) ) ;
#2592 = CARTESIAN_POINT ( 'NONE',  ( -1.747289668290160200, 4.263166143785788600, 0.3620304100784984500 ) ) ;
#2593 = ORIENTED_EDGE ( 'NONE', *, *, #5083, .F. ) ;
#2594 = CARTESIAN_POINT ( 'NONE',  ( 1.153703485184449700, 25.05899947711907000, -1.028121427811290000 ) ) ;
#2595 = EDGE_CURVE ( 'NONE', #3138, #1209, #993, .T. ) ;
#2596 = CARTESIAN_POINT ( 'NONE',  ( -0.6277930554638558900, 8.929832810452444000, 1.898914394994152300 ) ) ;
#2597 = CARTESIAN_POINT ( 'NONE',  ( -1.267577771975587600, 1.494426882903474400, -1.422408728879485300 ) ) ;
#2598 = CARTESIAN_POINT ( 'NONE',  ( 2.261370884561367100, 9.250666143785778700, -0.4685456816509410100 ) ) ;
#2599 = ORIENTED_EDGE ( 'NONE', *, *, #1488, .F. ) ;
#2600 = CARTESIAN_POINT ( 'NONE',  ( 1.747289668291783300, 20.01316614378575300, -0.3620304100755075700 ) ) ;
#2601 = CARTESIAN_POINT ( 'NONE',  ( -1.467231017252008000, 1.492332810452461100, -0.4850758126957864200 ) ) ;
#2602 = CARTESIAN_POINT ( 'NONE',  ( -0.6277930554638524500, -0.8576671895476062300, 1.898914394994155600 ) ) ;
#2603 = CARTESIAN_POINT ( 'NONE',  ( -2.261370884559743600, 15.81316614378576300, 0.4685456816539321200 ) ) ;
#2604 = CARTESIAN_POINT ( 'NONE',  ( 0.6277930554655017900, 8.667332810452435900, -1.898914394991154700 ) ) ;
#2605 = VERTEX_POINT ( 'NONE', #606 ) ;
#2606 =( BOUNDED_CURVE ( )  B_SPLINE_CURVE ( 2, ( #976, #4131, #546, #5017, #2323, #5531, #3267, #4191, #4647 ),
 .UNSPECIFIED., .F., .T. ) 
 B_SPLINE_CURVE_WITH_KNOTS ( ( 3, 2, 2, 2, 3 ),
 ( 0.8500000000000000900, 0.8518518518518518600, 0.8555555555555555100, 0.8592592592592592800, 0.8611111111111112700 ),
 .UNSPECIFIED. ) 
 CURVE ( )  GEOMETRIC_REPRESENTATION_ITEM ( )  RATIONAL_B_SPLINE_CURVE ( ( 0.9330127018922194100, 0.9330127018922234100, 1.000000000000000000, 0.8660254037844387100, 1.000000000000000000, 0.8660254037844387100, 1.000000000000000000, 0.9330127018922133000, 0.9330127018922194100 ) ) 
 REPRESENTATION_ITEM ( '' )  );
#2607 = CARTESIAN_POINT ( 'NONE',  ( 1.493141931848975100, 23.22149947711907500, -1.330611577941795300 ) ) ;
#2608 = CARTESIAN_POINT ( 'NONE',  ( 3.999334749797389200, 0.4999999999999947800, -0.07294901687515871500 ) ) ;
#2609 = CARTESIAN_POINT ( 'NONE',  ( 0.6277930554654996800, 6.479832810452446500, -1.898914394991155100 ) ) ;
#2610 = VECTOR ( 'NONE', #2783, 1000.000000000000000 ) ;
#2611 = CC_DESIGN_PERSON_AND_ORGANIZATION_ASSIGNMENT ( #5244, #1196, ( #4414 ) ) ;
#2612 = CARTESIAN_POINT ( 'NONE',  ( -1.467231017252008000, 3.504832810452454400, -0.4850758126957864200 ) ) ;
#2613 = ORIENTED_EDGE ( 'NONE', *, *, #2747, .T. ) ;
#2614 = CARTESIAN_POINT ( 'NONE',  ( -1.747289668290160200, 22.55066614378574400, 0.3620304100784984500 ) ) ;
#2615 = FACE_OUTER_BOUND ( 'NONE', #556, .T. ) ;
#2616 = CARTESIAN_POINT ( 'NONE',  ( -0.1691400011349813400, 0.7257364105352740500, -1.649999999999660800 ) ) ;
#2617 = CARTESIAN_POINT ( 'NONE',  ( -2.261370884559743600, 10.30066614378577400, 0.4685456816539321200 ) ) ;
#2618 = CARTESIAN_POINT ( 'NONE',  ( -1.747289668290160200, 27.36316614378573000, 0.3620304100784984500 ) ) ;
#2619 = CARTESIAN_POINT ( 'NONE',  ( -1.187172366213856000, 20.24649947711908400, -1.332182035470070400 ) ) ;
#2620 = CARTESIAN_POINT ( 'NONE',  ( -0.3135275320683701400, 2.075666143785792600, -1.513197240508571600 ) ) ;
#2621 = CARTESIAN_POINT ( 'NONE',  ( -3.031088913245533900, 10.00000000000000000, 1.749999999999999600 ) ) ;
#2622 = CARTESIAN_POINT ( 'NONE',  ( -2.261370884559743600, 14.41316614378576400, 0.4685456816539321200 ) ) ;
#2623 = CARTESIAN_POINT ( 'NONE',  ( -3.364270351643002100, 0.04905938466086627600, -1.172912820556702300 ) ) ;
#2624 = CARTESIAN_POINT ( 'NONE',  ( -1.536457905423971100, 21.99649947711907700, -1.724131792580214700 ) ) ;
#2625 = CARTESIAN_POINT ( 'NONE',  ( 1.936491673103707800, 10.00000000000000000, -3.500000000000000000 ) ) ;
#2626 = CARTESIAN_POINT ( 'NONE',  ( 1.865630979764672600, 5.252738738001443900, -0.3865501873620552100 ) ) ;
#2627 = CARTESIAN_POINT ( 'NONE',  ( 1.153703485184449700, 2.571499477119126600, -1.028121427811290000 ) ) ;
#2628 = EDGE_CURVE ( 'NONE', #3548, #2571, #494, .T. ) ;
#2629 = CARTESIAN_POINT ( 'NONE',  ( -0.5601173020754920400, 21.26733281045241200, 1.694212445550063300 ) ) ;
#2630 = DIRECTION ( 'NONE',  ( 0.3138965277323320600, 0.0000000000000000000, -0.9494571974963301700 ) ) ;
#2631 = CARTESIAN_POINT ( 'NONE',  ( 2.261370884561367100, 7.850666143785778300, -0.4685456816509410100 ) ) ;
#2632 = CARTESIAN_POINT ( 'NONE',  ( -1.187172366213856000, 28.64649947711906100, -1.332182035470070400 ) ) ;
#2633 = CARTESIAN_POINT ( 'NONE',  ( 0.3135275320699943400, 19.83816614378575200, 1.513197240511562100 ) ) ;
#2634 = ORIENTED_EDGE ( 'NONE', *, *, #5751, .F. ) ;
#2635 = CARTESIAN_POINT ( 'NONE',  ( 1.187172366215480100, -0.3160005228808658300, 1.332182035473060700 ) ) ;
#2636 = CARTESIAN_POINT ( 'NONE',  ( 0.0000000000000000000, 10.00000000000000000, 0.0000000000000000000 ) ) ;
#2637 = CARTESIAN_POINT ( 'NONE',  ( 1.898914394993481000, 16.80483281045242400, 0.6277930554661326200 ) ) ;
#2638 = CALENDAR_DATE ( 2022, 13, 7 ) ;
#2639 = CARTESIAN_POINT ( 'NONE',  ( -0.4057724631437990000, 1.638166143785799300, -1.958404633406411100 ) ) ;
#2640 =( BOUNDED_CURVE ( )  B_SPLINE_CURVE ( 2, ( #1090, #5189, #4240, #3392, #697, #3841, #4296, #1588, #4754 ),
 .UNSPECIFIED., .F., .T. ) 
 B_SPLINE_CURVE_WITH_KNOTS ( ( 3, 2, 2, 2, 3 ),
 ( 0.8266649534914767300, 0.8296296296296296100, 0.8333333333333333700, 0.8370370370370370200, 0.8377760646025913500 ),
 .UNSPECIFIED. ) 
 CURVE ( )  GEOMETRIC_REPRESENTATION_ITEM ( )  RATIONAL_B_SPLINE_CURVE ( ( 0.9572025516544304700, 0.8927583520998843000, 1.000000000000000000, 0.8660254037844386000, 1.000000000000000000, 0.8660254037844386000, 1.000000000000000000, 0.9732670516844266200, 0.9572025516542770300 ) ) 
 REPRESENTATION_ITEM ( '' )  );
#2641 = ORIENTED_EDGE ( 'NONE', *, *, #1385, .F. ) ;
#2642 = CARTESIAN_POINT ( 'NONE',  ( -0.6277930554638429000, 9.017332810452440800, 1.898914394994156900 ) ) ;
#2643 = AXIS2_PLACEMENT_3D ( 'NONE', #459, #5851, #4144 ) ;
#2644 = FACE_OUTER_BOUND ( 'NONE', #5282, .T. ) ;
#2645 = CARTESIAN_POINT ( 'NONE',  ( -0.4057724631436938600, 21.93816614378574300, -1.958404633406432700 ) ) ;
#2646 = CARTESIAN_POINT ( 'NONE',  ( 8.778253695876226200E-016, 9.114381477805618900, -1.649999999999745200 ) ) ;
#2647 = CARTESIAN_POINT ( 'NONE',  ( 0.0000000000000000000, 9.500000000000005300, 0.0000000000000000000 ) ) ;
#2648 = CARTESIAN_POINT ( 'NONE',  ( -0.6277930554638668800, 2.017332810452455500, 1.898914394994148900 ) ) ;
#2649 = ORIENTED_EDGE ( 'NONE', *, *, #72, .F. ) ;
#2650 = CARTESIAN_POINT ( 'NONE',  ( 0.3135275320699943400, 1.638166143785792200, 1.513197240511562100 ) ) ;
#2651 = CARTESIAN_POINT ( 'NONE',  ( -1.153703485182825400, 21.20899947711907900, 1.028121427814281600 ) ) ;
#2652 = ORIENTED_EDGE ( 'NONE', *, *, #3077, .F. ) ;
#2653 = CARTESIAN_POINT ( 'NONE',  ( -0.6277930554638524500, -0.8576671895476062300, 1.898914394994155600 ) ) ;
#2654 = CARTESIAN_POINT ( 'NONE',  ( 0.5601173020771160700, 27.82983281045239800, -1.694212445547072400 ) ) ;
#2655 = CARTESIAN_POINT ( 'NONE',  ( -0.5601173020754920400, 18.37983281045241700, 1.694212445550063300 ) ) ;
#2656 = CARTESIAN_POINT ( 'NONE',  ( 1.187172366215480100, 0.3839994771191310700, 1.332182035473060700 ) ) ;
#2657 = ORIENTED_EDGE ( 'NONE', *, *, #5083, .T. ) ;
#2658 = CARTESIAN_POINT ( 'NONE',  ( -2.261370884559720000, 1.813166143785795500, 0.4685456816540402600 ) ) ;
#2659 = CARTESIAN_POINT ( 'NONE',  ( -1.936491673103710100, 0.4999999999999947800, -3.499999999999999100 ) ) ;
#2660 = CARTESIAN_POINT ( 'NONE',  ( 1.536457905425646000, 7.033999477119114600, 1.724131792583160100 ) ) ;
#2661 = ORIENTED_EDGE ( 'NONE', *, *, #5004, .F. ) ;
#2662 = CARTESIAN_POINT ( 'NONE',  ( -2.261370884559728500, 6.013166143785785100, 0.4685456816540051200 ) ) ;
#2663 = CARTESIAN_POINT ( 'NONE',  ( 1.493141931848940300, 2.221499477119130500, -1.330611577941834600 ) ) ;
#2664 = AXIS2_PLACEMENT_3D ( 'NONE', #1289, #4429, #4888 ) ;
#2665 = CARTESIAN_POINT ( 'NONE',  ( -0.3135275320683701400, 1.988166143785795400, -1.513197240508571600 ) ) ;
#2666 = CARTESIAN_POINT ( 'NONE',  ( -1.187172366213856000, 20.33399947711907900, -1.332182035470070400 ) ) ;
#2667 = EDGE_LOOP ( 'NONE', ( #2815, #2799, #2078, #2541, #3565, #2999, #1969, #1042, #4285, #1860, #5541, #3035, #5722, #3905, #3076, #3585, #4067, #12, #64, #3652, #2436, #1603, #3981, #5426, #4123, #4854, #3457, #4845, #335, #5064, #5442, #622, #1808, #4430, #2238, #4778, #44, #2586, #2843, #2652, #3268, #1851, #1404, #2949, #2402, #5045, #989, #273, #1250, #4976, #604, #5505, #111, #3415, #1729, #2222, #4972, #1511, #5701, #1050 ) ) ;
#2668 = EDGE_CURVE ( 'NONE', #4155, #2147, #4078, .T. ) ;
#2669 = DIRECTION ( 'NONE',  ( 0.0000000000000000000, 0.0000000000000000000, -1.000000000000000000 ) ) ;
#2670 = CARTESIAN_POINT ( 'NONE',  ( -1.898914394991857200, 6.742332810452448500, -0.6277930554631422400 ) ) ;
#2671 = CARTESIAN_POINT ( 'NONE',  ( -1.467231017252008000, 28.00483281045239200, -0.4850758126957864200 ) ) ;
#2672 = CARTESIAN_POINT ( 'NONE',  ( 1.747289668291783300, 17.91316614378575500, -0.3620304100755075700 ) ) ;
#2673 = ORIENTED_EDGE ( 'NONE', *, *, #5825, .F. ) ;
#2674 = ORIENTED_EDGE ( 'NONE', *, *, #5050, .T. ) ;
#2675 = CARTESIAN_POINT ( 'NONE',  ( -0.7249129791349598900, 11.02983281045243700, 2.192677474235640700 ) ) ;
#2676 = CARTESIAN_POINT ( 'NONE',  ( -9.429543486215421600E-015, 2.814381477805631500, -1.649999999999745000 ) ) ;
#2677 = CARTESIAN_POINT ( 'NONE',  ( -1.566604375869318000, 6.244405404668103000, -0.5179292707572200600 ) ) ;
#2678 =( BOUNDED_CURVE ( )  B_SPLINE_CURVE ( 2, ( #3322, #1516, #1929, #5567, #2847, #1974, #4205, #2439, #1495 ),
 .UNSPECIFIED., .F., .F. ) 
 B_SPLINE_CURVE_WITH_KNOTS ( ( 3, 2, 2, 2, 3 ),
 ( 0.8044427312692544700, 0.8074074074074074600, 0.8111111111111111200, 0.8148148148148147700, 0.8155538423803691000 ),
 .UNSPECIFIED. ) 
 CURVE ( )  GEOMETRIC_REPRESENTATION_ITEM ( )  RATIONAL_B_SPLINE_CURVE ( ( 0.9572025516544314700, 0.8927583520998836300, 1.000000000000000000, 0.8660254037844386000, 1.000000000000000000, 0.8660254037844386000, 1.000000000000000000, 0.9732670516844266200, 0.9572025516542770300 ) ) 
 REPRESENTATION_ITEM ( '' )  );
#2679 = VECTOR ( 'NONE', #4591, 1000.000000000000000 ) ;
#2680 = EDGE_LOOP ( 'NONE', ( #5035, #2466, #3452, #565 ) ) ;
#2681 = CARTESIAN_POINT ( 'NONE',  ( -1.493141931847324500, 8.871499477119112200, 1.330611577944816400 ) ) ;
#2682 = CARTESIAN_POINT ( 'NONE',  ( -2.261370884559743600, 22.11316614378574000, 0.4685456816539321200 ) ) ;
#2683 = CARTESIAN_POINT ( 'NONE',  ( -3.031088913245536100, 0.0000000000000000000, -1.749999999999998900 ) ) ;
#2684 = CARTESIAN_POINT ( 'NONE',  ( -0.6277930554638410100, 6.217332810452446300, 1.898914394994157400 ) ) ;
#2685 = CARTESIAN_POINT ( 'NONE',  ( 1.267577771977211700, 1.844426882903478000, 1.422408728882475800 ) ) ;
#2686 = CARTESIAN_POINT ( 'NONE',  ( -0.5601173020754920400, 2.279832810452460100, 1.694212445550063300 ) ) ;
#2687 = VECTOR ( 'NONE', #5040, 1000.000000000000000 ) ;
#2688 = CARTESIAN_POINT ( 'NONE',  ( 1.153703485184449700, 21.55899947711907700, -1.028121427811290000 ) ) ;
#2689 = CARTESIAN_POINT ( 'NONE',  ( 1.865630979764672600, 1.752738738001447900, -0.3865501873620552100 ) ) ;
#2690 = CARTESIAN_POINT ( 'NONE',  ( 1.566604375870941800, 3.794405404668109000, 0.5179292707602104500 ) ) ;
#2691 = CARTESIAN_POINT ( 'NONE',  ( 2.261370884561367100, 7.150666143785784400, -0.4685456816509410100 ) ) ;
#2692 = FACE_OUTER_BOUND ( 'NONE', #701, .T. ) ;
#2693 = CARTESIAN_POINT ( 'NONE',  ( -0.3135275320683701400, 17.38816614378575700, -1.513197240508571600 ) ) ;
#2694 = CARTESIAN_POINT ( 'NONE',  ( -1.898914394991857200, 5.254832810452455800, -0.6277930554631422400 ) ) ;
#2695 = CARTESIAN_POINT ( 'NONE',  ( 0.7249129791365839200, 11.37983281045244200, -2.192677474232650700 ) ) ;
#2696 = CARTESIAN_POINT ( 'NONE',  ( 0.7397092485561765900, 2.556367515826136300, -1.650000000000113400 ) ) ;
#2697 = EDGE_CURVE ( 'NONE', #58, #5115, #4699, .T. ) ;
#2698 = CIRCLE ( 'NONE', #4382, 3.499999999999999600 ) ;
#2699 = CARTESIAN_POINT ( 'NONE',  ( 2.215044558767286900, 0.3526315486650197800, -3.163430283186074100 ) ) ;
#2700 = CARTESIAN_POINT ( 'NONE',  ( -3.691293455727338500, 9.772039516833194400, -0.6064921890337471300 ) ) ;
#2701 = CARTESIAN_POINT ( 'NONE',  ( 1.493141931848932300, 5.108999477119118300, -1.330611577941843500 ) ) ;
#2702 = AXIS2_PLACEMENT_3D ( 'NONE', #3674, #2446, #5679 ) ;
#2703 = CARTESIAN_POINT ( 'NONE',  ( -1.126735949052869900E-015, 10.00000000000000000, -3.499999999999999600 ) ) ;
#2704 = CARTESIAN_POINT ( 'NONE',  ( 2.261370884561367100, 21.06316614378574700, -0.4685456816509410100 ) ) ;
#2705 = ORIENTED_EDGE ( 'NONE', *, *, #2929, .F. ) ;
#2706 = CARTESIAN_POINT ( 'NONE',  ( 0.4057724631453461500, 1.988166143785795400, 1.958404633409417800 ) ) ;
#2707 = CARTESIAN_POINT ( 'NONE',  ( -0.7397092485552133600, 3.814722327394769200, 1.650000000002363100 ) ) ;
#2708 = CARTESIAN_POINT ( 'NONE',  ( 1.187172366215480100, 1.696499477119125300, 1.332182035473060700 ) ) ;
#2709 = EDGE_CURVE ( 'NONE', #5243, #740, #5668, .T. ) ;
#2710 = CARTESIAN_POINT ( 'NONE',  ( -0.3135275320683701400, 17.47566614378575500, -1.513197240508571600 ) ) ;
#2711 = EDGE_CURVE ( 'NONE', #3303, #2143, #1724, .T. ) ;
#2712 = ORIENTED_EDGE ( 'NONE', *, *, #332, .T. ) ;
#2713 = DIRECTION ( 'NONE',  ( 0.0000000000000000000, 0.0000000000000000000, 1.000000000000000000 ) ) ;
#2714 = CARTESIAN_POINT ( 'NONE',  ( 8.118505867571457200E-013, -0.8576671895476062300, 1.495331636292007700E-012 ) ) ;
#2715 = LINE ( 'NONE', #5501, #745 ) ;
#2716 = CARTESIAN_POINT ( 'NONE',  ( -1.187172366213856000, 15.34649947711909600, -1.332182035470070400 ) ) ;
#2717 =( BOUNDED_CURVE ( )  B_SPLINE_CURVE ( 2, ( #34, #3190, #3785, #1068, #5536, #1027, #5580, #2451, #611 ),
 .UNSPECIFIED., .F., .T. ) 
 B_SPLINE_CURVE_WITH_KNOTS ( ( 3, 2, 2, 2, 3 ),
 ( 0.7266649534914801900, 0.7296296296296296300, 0.7333333333333332800, 0.7370370370370370500, 0.7377760646025878200 ),
 .UNSPECIFIED. ) 
 CURVE ( )  GEOMETRIC_REPRESENTATION_ITEM ( )  RATIONAL_B_SPLINE_CURVE ( ( 0.9572025516542808100, 0.8927583521000087600, 1.000000000000000000, 0.8660254037844386000, 1.000000000000000000, 0.8660254037844386000, 1.000000000000000000, 0.9732670516845543000, 0.9572025516544304700 ) ) 
 REPRESENTATION_ITEM ( '' )  );
#2718 = CARTESIAN_POINT ( 'NONE',  ( 0.7249129791365839200, 6.479832810452453600, -2.192677474232650700 ) ) ;
#2719 = ORIENTED_EDGE ( 'NONE', *, *, #4852, .F. ) ;
#2720 = CARTESIAN_POINT ( 'NONE',  ( -1.536457905423971100, 10.79649947711910900, -1.724131792580214700 ) ) ;
#2721 = CARTESIAN_POINT ( 'NONE',  ( -9.429543486215421600E-015, 4.706026666236929200, -1.649999999999745000 ) ) ;
#2722 = DIRECTION ( 'NONE',  ( -0.0000000000000000000, -1.000000000000000000, -0.0000000000000000000 ) ) ;
#2723 = LINE ( 'NONE', #4767, #3069 ) ;
#2724 = CARTESIAN_POINT ( 'NONE',  ( 0.0000000000000000000, 10.00000000000000000, 0.0000000000000000000 ) ) ;
#2725 = CARTESIAN_POINT ( 'NONE',  ( -0.1189804768296835900, 5.548593549569415200, 2.067131037219782200 ) ) ;
#2726 = ORIENTED_EDGE ( 'NONE', *, *, #2903, .F. ) ;
#2727 = CARTESIAN_POINT ( 'NONE',  ( -0.4057724631437109600, 8.638166143785778000, -1.958404633406429300 ) ) ;
#2728 = CARTESIAN_POINT ( 'NONE',  ( 2.261370884561367100, 19.66316614378575200, -0.4685456816509410100 ) ) ;
#2729 = CARTESIAN_POINT ( 'NONE',  ( -1.231842093774848400, 4.261072071334773200, 1.097754551805536500 ) ) ;
#2730 = CARTESIAN_POINT ( 'NONE',  ( 0.5601173020771160700, 27.12983281045239500, -1.694212445547072400 ) ) ;
#2731 = CARTESIAN_POINT ( 'NONE',  ( -0.7249129791349598900, 28.61733281045239300, 2.192677474235640700 ) ) ;
#2732 = ORIENTED_EDGE ( 'NONE', *, *, #5608, .T. ) ;
#2733 = ADVANCED_FACE ( 'NONE', ( #5228 ), #4348, .F. ) ;
#2734 = CARTESIAN_POINT ( 'NONE',  ( -1.153703485182825400, 18.40899947711908900, 1.028121427814281600 ) ) ;
#2735 = CARTESIAN_POINT ( 'NONE',  ( 2.143592918638497900E-014, 3.164381477805523700, 1.650000000002736200 ) ) ;
#2736 = CARTESIAN_POINT ( 'NONE',  ( -1.536457905423992400, 7.296499477119112100, -1.724131792580196400 ) ) ;
#2737 = ORIENTED_EDGE ( 'NONE', *, *, #332, .F. ) ;
#2738 = CARTESIAN_POINT ( 'NONE',  ( -1.747289668290160200, 16.86316614378575500, 0.3620304100784984500 ) ) ;
#2739 = CARTESIAN_POINT ( 'NONE',  ( -1.898914394991857200, 6.654832810452447200, -0.6277930554631422400 ) ) ;
#2740 = CARTESIAN_POINT ( 'NONE',  ( -1.493141931847350400, 13.77149947711909700, 1.330611577944787100 ) ) ;
#2741 = CARTESIAN_POINT ( 'NONE',  ( -1.267577771975587600, 4.786072071334771700, -1.422408728879485300 ) ) ;
#2742 = CARTESIAN_POINT ( 'NONE',  ( 2.020667218593133000E-016, 10.00000000000000000, 1.650000000000000100 ) ) ;
#2743 = CARTESIAN_POINT ( 'NONE',  ( 1.536457905425659500, 4.933999477119119300, 1.724131792583147600 ) ) ;
#2744 = EDGE_CURVE ( 'NONE', #1182, #2433, #5628, .T. ) ;
#2745 = CARTESIAN_POINT ( 'NONE',  ( 1.898914394993481000, 19.60483281045241500, 0.6277930554661326200 ) ) ;
#2746 = CARTESIAN_POINT ( 'NONE',  ( 1.136605634099545800, 2.336072071335492300, -1.730697752765565400 ) ) ;
#2747 = EDGE_CURVE ( 'NONE', #5788, #2576, #5510, .T. ) ;
#2748 = DIRECTION ( 'NONE',  ( 1.776356839400250500E-015, 0.0000000000000000000, 1.000000000000000000 ) ) ;
#2749 = CARTESIAN_POINT ( 'NONE',  ( -1.267577771975587600, 5.486072071334772800, -1.422408728879485300 ) ) ;
#2750 = CARTESIAN_POINT ( 'NONE',  ( 0.4057724631453182900, 27.27566614378573100, 1.958404633409422900 ) ) ;
#2751 = ORIENTED_EDGE ( 'NONE', *, *, #442, .F. ) ;
#2752 = CARTESIAN_POINT ( 'NONE',  ( -0.3135275320683701400, 19.57566614378575300, -1.513197240508571600 ) ) ;
#2753 = CARTESIAN_POINT ( 'NONE',  ( -1.231842093774848400, 7.969426882903460000, 1.097754551805536500 ) ) ;
#2754 = VERTEX_POINT ( 'NONE', #2596 ) ;
#2755 = CARTESIAN_POINT ( 'NONE',  ( -0.3135275320683701400, 14.58816614378576300, -1.513197240508571600 ) ) ;
#2756 = CARTESIAN_POINT ( 'NONE',  ( -1.898914394991857200, 4.554832810452456500, -0.6277930554631422400 ) ) ;
#2757 = CARTESIAN_POINT ( 'NONE',  ( 2.261370884561367100, 9.163166143785774800, -0.4685456816509410100 ) ) ;
#2758 = ADVANCED_FACE ( 'NONE', ( #2054 ), #3395, .F. ) ;
#2759 = CARTESIAN_POINT ( 'NONE',  ( 1.786071943023549400, 0.4271783613073105700, 3.499999999999999100 ) ) ;
#2760 = CARTESIAN_POINT ( 'NONE',  ( 1.493141931848975100, -1.191000522880864700, -1.330611577941795300 ) ) ;
#2761 = CARTESIAN_POINT ( 'NONE',  ( -0.1691400011349762900, 6.325736410535261800, -1.649999999999662600 ) ) ;
#2762 = CARTESIAN_POINT ( 'NONE',  ( -2.261370884559728500, 5.400666143785783500, 0.4685456816540051200 ) ) ;
#2763 = CARTESIAN_POINT ( 'NONE',  ( 2.062843076693681200, 0.4999999999999947800, 3.427050983124841900 ) ) ;
#2764 = FACE_OUTER_BOUND ( 'NONE', #1925, .T. ) ;
#2765 = CARTESIAN_POINT ( 'NONE',  ( -1.536457905424007300, 1.783999477119129000, -1.724131792580182200 ) ) ;
#2766 = CARTESIAN_POINT ( 'NONE',  ( -1.566604375869318000, 2.952760216236807600, -0.5179292707572200600 ) ) ;
#2767 = ADVANCED_FACE ( 'NONE', ( #2764 ), #5524, .F. ) ;
#2768 = DIRECTION ( 'NONE',  ( 0.0000000000000000000, 1.000000000000000000, 0.0000000000000000000 ) ) ;
#2769 = CARTESIAN_POINT ( 'NONE',  ( -2.261370884559743600, 29.20066614378572500, 0.4685456816539321200 ) ) ;
#2770 = CARTESIAN_POINT ( 'NONE',  ( 0.5601173020771160700, 19.51733281045241600, -1.694212445547072400 ) ) ;
#2771 = FACE_OUTER_BOUND ( 'NONE', #5209, .T. ) ;
#2772 = AXIS2_PLACEMENT_3D ( 'NONE', #2062, #2038, #2504 ) ;
#2773 = CARTESIAN_POINT ( 'NONE',  ( -0.5787894752360405200, 0.3521320708062090100, 1.600424633609135000 ) ) ;
#2774 = CARTESIAN_POINT ( 'NONE',  ( 1.536457905425595300, 4.233999477119122700, 1.724131792583205100 ) ) ;
#2775 = CARTESIAN_POINT ( 'NONE',  ( 1.467231017253632000, 16.45483281045242300, 0.4850758126987769200 ) ) ;
#2776 = CYLINDRICAL_SURFACE ( 'NONE', #3126, 1.650000000000000100 ) ;
#2777 = CARTESIAN_POINT ( 'NONE',  ( -1.493141931847350400, -0.2285005228808631400, 1.330611577944787100 ) ) ;
#2778 = CARTESIAN_POINT ( 'NONE',  ( 1.493141931848975100, 9.221499477119108300, -1.330611577941795300 ) ) ;
#2779 = EDGE_CURVE ( 'NONE', #3344, #4483, #723, .T. ) ;
#2780 = CARTESIAN_POINT ( 'NONE',  ( -0.1189804768296862400, 6.248593549569412700, 2.067131037219786200 ) ) ;
#2781 = CARTESIAN_POINT ( 'NONE',  ( 0.1691400011358079900, 2.967381598966520900, 1.650000000002816500 ) ) ;
#2782 = ORIENTED_EDGE ( 'NONE', *, *, #2097, .F. ) ;
#2783 = DIRECTION ( 'NONE',  ( 0.0000000000000000000, 1.000000000000000000, 0.0000000000000000000 ) ) ;
#2784 = CARTESIAN_POINT ( 'NONE',  ( 0.7249129791365839200, 24.06733281045240200, -2.192677474232650700 ) ) ;
#2785 = CARTESIAN_POINT ( 'NONE',  ( 0.4057724631453182900, 18.78816614378575200, 1.958404633409422900 ) ) ;
#2786 = CARTESIAN_POINT ( 'NONE',  ( 0.6277930554654555000, 2.367332810452454300, -1.898914394991170000 ) ) ;
#2787 = CARTESIAN_POINT ( 'NONE',  ( 1.898914394993492100, 9.892332810452440800, 0.6277930554660993100 ) ) ;
#2788 = VERTEX_POINT ( 'NONE', #5808 ) ;
#2789 = EDGE_CURVE ( 'NONE', #1640, #1717, #115, .T. ) ;
#2790 = CARTESIAN_POINT ( 'NONE',  ( 0.3135275320699943400, 16.42566614378575800, 1.513197240511562100 ) ) ;
#2791 =( BOUNDED_CURVE ( )  B_SPLINE_CURVE ( 2, ( #2883, #2468, #3912, #1605, #4773, #5223, #260, #716, #4335 ),
 .UNSPECIFIED., .F., .T. ) 
 B_SPLINE_CURVE_WITH_KNOTS ( ( 3, 2, 2, 2, 3 ),
 ( 0.8611111111111112700, 0.8629629629629629300, 0.8666666666666667000, 0.8703703703703703500, 0.8722222222222223400 ),
 .UNSPECIFIED. ) 
 CURVE ( )  GEOMETRIC_REPRESENTATION_ITEM ( )  RATIONAL_B_SPLINE_CURVE ( ( 0.9330127018922194100, 0.9330127018922254000, 1.000000000000000000, 0.8660254037844387100, 1.000000000000000000, 0.8660254037844387100, 1.000000000000000000, 0.9330127018922154100, 0.9330127018922194100 ) ) 
 REPRESENTATION_ITEM ( '' )  );
#2792 = CARTESIAN_POINT ( 'NONE',  ( -1.536457905423971100, 29.69649947711905800, -1.724131792580214700 ) ) ;
#2793 = ORIENTED_EDGE ( 'NONE', *, *, #3311, .F. ) ;
#2794 = CARTESIAN_POINT ( 'NONE',  ( 1.649676602922673700, 9.630069267552325800, 0.3781366251692476800 ) ) ;
#2795 = CARTESIAN_POINT ( 'NONE',  ( 2.261370884561367100, 3.650666143785791500, -0.4685456816509410100 ) ) ;
#2796 = CARTESIAN_POINT ( 'NONE',  ( 1.153703485184449700, 13.77149947711909700, -1.028121427811290000 ) ) ;
#2797 = CARTESIAN_POINT ( 'NONE',  ( 1.493141931848975100, 0.1214994771191330000, -1.330611577941795300 ) ) ;
#2798 = CARTESIAN_POINT ( 'NONE',  ( -2.261370884559743600, 8.813166143785780400, 0.4685456816539321200 ) ) ;
#2799 = ORIENTED_EDGE ( 'NONE', *, *, #5720, .T. ) ;
#2800 = CARTESIAN_POINT ( 'NONE',  ( 0.1189804768313344100, 6.511093549569414700, -2.067131037216806800 ) ) ;
#2801 = CARTESIAN_POINT ( 'NONE',  ( 0.6277930554654843600, 0.8798328104524624200, -1.898914394991168700 ) ) ;
#2802 = CARTESIAN_POINT ( 'NONE',  ( -1.136605634097928700, 3.386072071335491700, 1.730697752768551200 ) ) ;
#2803 = DIRECTION ( 'NONE',  ( 0.3138965277323320600, 0.0000000000000000000, -0.9494571974963301700 ) ) ;
#2804 = CARTESIAN_POINT ( 'NONE',  ( -1.536457905423971100, 22.78399947711907500, -1.724131792580214700 ) ) ;
#2805 = CARTESIAN_POINT ( 'NONE',  ( 3.999334749797389200, 9.500000000000005300, 0.07294901687515610600 ) ) ;
#2806 = CARTESIAN_POINT ( 'NONE',  ( 0.0000000000000000000, 10.00000000000000000, -2.049999999999999800 ) ) ;
#2807 = CARTESIAN_POINT ( 'NONE',  ( 0.4057724631453182900, 29.37566614378572500, 1.958404633409422900 ) ) ;
#2808 = CARTESIAN_POINT ( 'NONE',  ( 0.3135275320699943400, 14.32566614378576400, 1.513197240511562100 ) ) ;
#2809 = ORIENTED_EDGE ( 'NONE', *, *, #1600, .T. ) ;
#2810 = CARTESIAN_POINT ( 'NONE',  ( -0.4057724631436938600, 30.33816614378572400, -1.958404633406432700 ) ) ;
#2811 = DIRECTION ( 'NONE',  ( 0.0000000000000000000, 1.000000000000000000, 0.0000000000000000000 ) ) ;
#2812 = CARTESIAN_POINT ( 'NONE',  ( 0.4057724631453182900, 6.275666143785784400, 1.958404633409422900 ) ) ;
#2813 = CARTESIAN_POINT ( 'NONE',  ( 1.467231017253632000, 13.65483281045242900, 0.4850758126987769200 ) ) ;
#2814 = CARTESIAN_POINT ( 'NONE',  ( 0.4057724631453182900, 2.688166143785794700, 1.958404633409422900 ) ) ;
#2815 = ORIENTED_EDGE ( 'NONE', *, *, #3276, .F. ) ;
#2816 = DIRECTION ( 'NONE',  ( 0.0000000000000000000, 1.000000000000000000, 0.0000000000000000000 ) ) ;
#2817 = DIRECTION ( 'NONE',  ( 0.0000000000000000000, 0.0000000000000000000, -1.000000000000000000 ) ) ;
#2818 = CARTESIAN_POINT ( 'NONE',  ( 1.536457905425595300, 24.53399947711906700, 1.724131792583205100 ) ) ;
#2819 = VERTEX_POINT ( 'NONE', #1731 ) ;
#2820 = EDGE_CURVE ( 'NONE', #1115, #2605, #4588, .T. ) ;
#2821 =( BOUNDED_CURVE ( )  B_SPLINE_CURVE ( 2, ( #3982, #3476, #1676, #2141, #5292, #2597, #5771, #5458, #4513 ),
 .UNSPECIFIED., .F., .F. ) 
 B_SPLINE_CURVE_WITH_KNOTS ( ( 3, 2, 2, 2, 3 ),
 ( 0.9044427312692580000, 0.9074074074074074400, 0.9111111111111110900, 0.9148148148148148600, 0.9155538423803656300 ),
 .UNSPECIFIED. ) 
 CURVE ( )  GEOMETRIC_REPRESENTATION_ITEM ( )  RATIONAL_B_SPLINE_CURVE ( ( 0.9572025516542770300, 0.8927583521000119800, 1.000000000000000000, 0.8660254037844386000, 1.000000000000000000, 0.8660254037844386000, 1.000000000000000000, 0.9732670516845543000, 0.9572025516544304700 ) ) 
 REPRESENTATION_ITEM ( '' )  );
#2822 = CARTESIAN_POINT ( 'NONE',  ( 1.536457905425595300, 18.14649947711909000, 1.724131792583205100 ) ) ;
#2823 = CARTESIAN_POINT ( 'NONE',  ( 4.047199708010047300E-014, 9.603820753293982500, -1.653820753293978400 ) ) ;
#2824 = AXIS2_PLACEMENT_3D ( 'NONE', #4539, #3115, #4486 ) ;
#2825 = CARTESIAN_POINT ( 'NONE',  ( 0.6277930554655017900, 9.279832810452438400, -1.898914394991154700 ) ) ;
#2826 = CARTESIAN_POINT ( 'NONE',  ( -1.536457905423971100, 26.28399947711906400, -1.724131792580214700 ) ) ;
#2827 = CARTESIAN_POINT ( 'NONE',  ( -0.3135275320683701400, 13.97566614378576400, -1.513197240508571600 ) ) ;
#2828 = ORIENTED_EDGE ( 'NONE', *, *, #2867, .F. ) ;
#2829 = CARTESIAN_POINT ( 'NONE',  ( 1.250280888755460200, 9.922469482903860400, -1.539482260174863700 ) ) ;
#2830 = CARTESIAN_POINT ( 'NONE',  ( 0.4057724631453182900, 3.475666143785791200, 1.958404633409422900 ) ) ;
#2831 = CARTESIAN_POINT ( 'NONE',  ( -0.6277930554638560000, 8.929832810452444000, 1.898914394994152300 ) ) ;
#2832 = CARTESIAN_POINT ( 'NONE',  ( 1.747289668291783300, 11.61316614378576900, -0.3620304100755075700 ) ) ;
#2833 = CARTESIAN_POINT ( 'NONE',  ( -0.7249129791349598900, 2.629832810452462400, 2.192677474235640700 ) ) ;
#2834 = CARTESIAN_POINT ( 'NONE',  ( -1.493141931847350400, 10.27149947711911100, 1.330611577944787100 ) ) ;
#2835 = CARTESIAN_POINT ( 'NONE',  ( 1.267577771977211700, 5.344426882903469800, 1.422408728882475800 ) ) ;
#2836 = LINE ( 'NONE', #2071, #4940 ) ;
#2837 = DIRECTION ( 'NONE',  ( 0.0000000000000000000, 1.000000000000000000, 0.0000000000000000000 ) ) ;
#2838 = CARTESIAN_POINT ( 'NONE',  ( -1.536457905423971100, 23.48399947711907400, -1.724131792580214700 ) ) ;
#2839 = CARTESIAN_POINT ( 'NONE',  ( 1.747289668291783300, 8.900666143785777300, -0.3620304100755075700 ) ) ;
#2840 = DIRECTION ( 'NONE',  ( 0.0000000000000000000, 1.000000000000000000, 0.0000000000000000000 ) ) ;
#2841 = CARTESIAN_POINT ( 'NONE',  ( -2.261370884559743600, 25.00066614378574000, 0.4685456816539321200 ) ) ;
#2842 = CARTESIAN_POINT ( 'NONE',  ( -1.467231017252008000, 14.09233281045242800, -0.4850758126957864200 ) ) ;
#2843 = ORIENTED_EDGE ( 'NONE', *, *, #4465, .F. ) ;
#2844 = CARTESIAN_POINT ( 'NONE',  ( -0.6277930554638411200, 4.729832810452453600, 1.898914394994165400 ) ) ;
#2845 = CARTESIAN_POINT ( 'NONE',  ( 0.4057724631453574800, 5.488166143785784700, 1.958404633409415200 ) ) ;
#2846 = CARTESIAN_POINT ( 'NONE',  ( -1.493141931847350400, 4.058999477119122900, 1.330611577944787100 ) ) ;
#2847 = CARTESIAN_POINT ( 'NONE',  ( 1.566604375870941800, 4.702760216236801400, 0.5179292707602105600 ) ) ;
#2848 = CARTESIAN_POINT ( 'NONE',  ( 1.187172366215480100, 10.79649947711910900, 1.332182035473060700 ) ) ;
#2849 = CARTESIAN_POINT ( 'NONE',  ( 0.7249129791365839200, 0.1798328104524693500, -2.192677474232650700 ) ) ;
#2850 = EDGE_LOOP ( 'NONE', ( #5844, #2503, #3090, #1017 ) ) ;
#2851 = CARTESIAN_POINT ( 'NONE',  ( -1.723470902146291300, 9.698505271913378000, -0.3742717301135948200 ) ) ;
#2852 = CARTESIAN_POINT ( 'NONE',  ( -0.6277930554638704300, 7.617332810452441400, 1.898914394994147800 ) ) ;
#2853 = EDGE_CURVE ( 'NONE', #4204, #340, #5087, .T. ) ;
#2854 = CARTESIAN_POINT ( 'NONE',  ( 1.536457905425633800, 6.333999477119117000, 1.724131792583170100 ) ) ;
#2855 = CARTESIAN_POINT ( 'NONE',  ( 2.261370884561355600, 0.1506661437857987900, -0.4685456816509945300 ) ) ;
#2856 = DIRECTION ( 'NONE',  ( 0.0000000000000000000, 0.0000000000000000000, -1.000000000000000000 ) ) ;
#2857 = AXIS2_PLACEMENT_3D ( 'NONE', #3211, #127, #1029 ) ;
#2858 = CARTESIAN_POINT ( 'NONE',  ( -1.187172366213856000, 26.54649947711906300, -1.332182035470070400 ) ) ;
#2859 = ORIENTED_EDGE ( 'NONE', *, *, #5678, .T. ) ;
#2860 = CARTESIAN_POINT ( 'NONE',  ( 1.187172366215480100, 7.383999477119116000, 1.332182035473060700 ) ) ;
#2861 = CARTESIAN_POINT ( 'NONE',  ( 0.05937976378234172800, 9.601285212834996600, -1.650484661816254500 ) ) ;
#2862 = LINE ( 'NONE', #484, #1647 ) ;
#2863 = CARTESIAN_POINT ( 'NONE',  ( 0.6277930554654843600, 0.2673328104524607700, -1.898914394991168700 ) ) ;
#2864 =( BOUNDED_CURVE ( )  B_SPLINE_CURVE ( 2, ( #5303, #4835, #779, #5344, #3042, #343, #796, #1668, #2133 ),
 .UNSPECIFIED., .F., .T. ) 
 B_SPLINE_CURVE_WITH_KNOTS ( ( 3, 2, 2, 2, 3 ),
 ( 0.7377760646025878200, 0.7407407407407407000, 0.7444444444444444600, 0.7481481481481481200, 0.7488871757137024500 ),
 .UNSPECIFIED. ) 
 CURVE ( )  GEOMETRIC_REPRESENTATION_ITEM ( )  RATIONAL_B_SPLINE_CURVE ( ( 0.9572025516544304700, 0.8927583520998843000, 1.000000000000000000, 0.8660254037844386000, 1.000000000000000000, 0.8660254037844386000, 1.000000000000000000, 0.9732670516844266200, 0.9572025516542770300 ) ) 
 REPRESENTATION_ITEM ( '' )  );
#2865 = CARTESIAN_POINT ( 'NONE',  ( -1.898914394991857200, 20.04233281045241800, -0.6277930554631422400 ) ) ;
#2866 = CARTESIAN_POINT ( 'NONE',  ( -2.261370884559743600, 25.70066614378573500, 0.4685456816539321200 ) ) ;
#2867 = EDGE_CURVE ( 'NONE', #2819, #3213, #2550, .T. ) ;
#2868 = EDGE_LOOP ( 'NONE', ( #5857, #3446, #4426, #5860 ) ) ;
#2869 = CARTESIAN_POINT ( 'NONE',  ( -0.5601173020754920400, 13.56733281045242900, 1.694212445550063300 ) ) ;
#2870 = CARTESIAN_POINT ( 'NONE',  ( 0.6277930554654989100, 2.279832810452456600, -1.898914394991155800 ) ) ;
#2871 = CARTESIAN_POINT ( 'NONE',  ( -1.187770630281310200, 0.3228250306248915400, 1.259311373780675400 ) ) ;
#2872 = CARTESIAN_POINT ( 'NONE',  ( -0.4057724631436938600, -0.3743338562142012300, -1.958404633406432700 ) ) ;
#2873 = ORIENTED_EDGE ( 'NONE', *, *, #5004, .T. ) ;
#2874 = CARTESIAN_POINT ( 'NONE',  ( -1.153703485182825400, 10.62149947711910700, 1.028121427814281600 ) ) ;
#2875 = CARTESIAN_POINT ( 'NONE',  ( -2.261370884559743600, -0.9868338562141962800, 0.4685456816539321200 ) ) ;
#2876 = CARTESIAN_POINT ( 'NONE',  ( 0.0000000000000000000, 0.4999999999999947800, 0.0000000000000000000 ) ) ;
#2877 = DIRECTION ( 'NONE',  ( -0.0000000000000000000, -1.000000000000000000, -0.0000000000000000000 ) ) ;
#2878 = ORIENTED_EDGE ( 'NONE', *, *, #3086, .F. ) ;
#2879 = CARTESIAN_POINT ( 'NONE',  ( -0.7397092485551969300, 2.414722327394773300, 1.650000000002382200 ) ) ;
#2880 = CARTESIAN_POINT ( 'NONE',  ( 0.3135275320699943400, 26.13816614378573500, 1.513197240511562100 ) ) ;
#2881 = AXIS2_PLACEMENT_3D ( 'NONE', #483, #3626, #4090 ) ;
#2882 = CARTESIAN_POINT ( 'NONE',  ( -1.467231017252008000, 7.092332810452448100, -0.4850758126957864200 ) ) ;
#2883 = CARTESIAN_POINT ( 'NONE',  ( -0.6277930554638536700, 2.717332810452452600, 1.898914394994153400 ) ) ;
#2884 = EDGE_LOOP ( 'NONE', ( #5145, #682, #5643, #4349 ) ) ;
#2885 = CARTESIAN_POINT ( 'NONE',  ( -1.898914394991890500, 0.4423328104524622000, -0.6277930554630417600 ) ) ;
#2886 = PLANE ( 'NONE',  #3678 ) ;
#2887 = CARTESIAN_POINT ( 'NONE',  ( -1.187172366213856000, 11.93399947711910000, -1.332182035470070400 ) ) ;
#2888 = CARTESIAN_POINT ( 'NONE',  ( 0.7249129791365839200, 28.87983281045239500, -2.192677474232650700 ) ) ;
#2889 = ORIENTED_EDGE ( 'NONE', *, *, #671, .F. ) ;
#2890 = CARTESIAN_POINT ( 'NONE',  ( -0.6277930554638538900, 0.6173328104524580300, 1.898914394994161400 ) ) ;
#2891 = CARTESIAN_POINT ( 'NONE',  ( -1.493141931847350400, 1.258999477119129100, 1.330611577944787100 ) ) ;
#2892 = CARTESIAN_POINT ( 'NONE',  ( -1.187172366213856000, 9.046499477119109400, -1.332182035470070400 ) ) ;
#2893 = EDGE_CURVE ( 'NONE', #5115, #3138, #4443, .T. ) ;
#2894 = CARTESIAN_POINT ( 'NONE',  ( -0.3135275320683701400, 30.07566614378572500, -1.513197240508571600 ) ) ;
#2895 = AXIS2_PLACEMENT_3D ( 'NONE', #4900, #4538, #4092 ) ;
#2896 = FACE_BOUND ( 'NONE', #1239, .T. ) ;
#2897 = VERTEX_POINT ( 'NONE', #5352 ) ;
#2898 = CARTESIAN_POINT ( 'NONE',  ( 8.778253695876226200E-016, 6.806026666236927100, -1.649999999999744800 ) ) ;
#2899 =( BOUNDED_CURVE ( )  B_SPLINE_CURVE ( 2, ( #4807, #2469, #2938, #2072, #5645, #2917, #4774, #719, #5225 ),
 .UNSPECIFIED., .F., .T. ) 
 B_SPLINE_CURVE_WITH_KNOTS ( ( 3, 2, 2, 2, 3 ),
 ( 0.6833333333333334600, 0.6851851851851852300, 0.6888888888888888800, 0.6925925925925925400, 0.6944444444444445300 ),
 .UNSPECIFIED. ) 
 CURVE ( )  GEOMETRIC_REPRESENTATION_ITEM ( )  RATIONAL_B_SPLINE_CURVE ( ( 0.9330127018922194100, 0.9330127018922234100, 1.000000000000000000, 0.8660254037844387100, 1.000000000000000000, 0.8660254037844387100, 1.000000000000000000, 0.9330127018922154100, 0.9330127018922194100 ) ) 
 REPRESENTATION_ITEM ( '' )  );
#2900 = CARTESIAN_POINT ( 'NONE',  ( 2.143592918638497900E-014, 1.064381477805529600, 1.650000000002736200 ) ) ;
#2901 = CARTESIAN_POINT ( 'NONE',  ( -1.153703485182825400, 26.72149947711906700, 1.028121427814281600 ) ) ;
#2902 = CARTESIAN_POINT ( 'NONE',  ( -0.3135275320683701400, 7.675666143785779400, -1.513197240508571600 ) ) ;
#2903 = EDGE_CURVE ( 'NONE', #5115, #1461, #4447, .T. ) ;
#2904 = DIRECTION ( 'NONE',  ( -0.0000000000000000000, 1.000000000000000000, -0.0000000000000000000 ) ) ;
#2905 = CARTESIAN_POINT ( 'NONE',  ( -1.493141931847350400, 17.35899947711908800, 1.330611577944787100 ) ) ;
#2906 = CARTESIAN_POINT ( 'NONE',  ( 0.5601173020771160700, 9.717332810452438400, -1.694212445547072400 ) ) ;
#2907 = CARTESIAN_POINT ( 'NONE',  ( -1.536457905423971100, 28.29649947711906000, -1.724131792580214700 ) ) ;
#2908 = CARTESIAN_POINT ( 'NONE',  ( -0.8904175131164539000, 0.1893708614691955700, -1.637895083527477900 ) ) ;
#2909 = CARTESIAN_POINT ( 'NONE',  ( -1.898914394991857200, 0.4423328104524622000, -0.6277930554631422400 ) ) ;
#2910 = CARTESIAN_POINT ( 'NONE',  ( 0.5601173020771160700, 7.529832810452449000, -1.694212445547072400 ) ) ;
#2911 = CARTESIAN_POINT ( 'NONE',  ( -0.5601173020754920400, 28.26733281045239100, 1.694212445550063300 ) ) ;
#2912 = CARTESIAN_POINT ( 'NONE',  ( -1.865630979763049500, 7.702738738001436900, 0.3865501873650462100 ) ) ;
#2913 = CARTESIAN_POINT ( 'NONE',  ( 1.493141931848953400, 9.308999477119110500, -1.330611577941819900 ) ) ;
#2914 = VECTOR ( 'NONE', #5320, 1000.000000000000000 ) ;
#2915 = CARTESIAN_POINT ( 'NONE',  ( 0.3135275320699943400, 8.725666143785778300, 1.513197240511562100 ) ) ;
#2916 = CARTESIAN_POINT ( 'NONE',  ( -1.136605634097935400, 1.286072071335496900, 1.730697752768537900 ) ) ;
#2917 = CARTESIAN_POINT ( 'NONE',  ( -1.536457905424016200, 8.083999477119112600, -1.724131792580174900 ) ) ;
#2918 = CARTESIAN_POINT ( 'NONE',  ( 0.4057724631453182900, 19.57566614378575300, 1.958404633409422900 ) ) ;
#2919 = ORIENTED_EDGE ( 'NONE', *, *, #3590, .F. ) ;
#2920 = CARTESIAN_POINT ( 'NONE',  ( -1.187172366213856000, 9.833999477119109000, -1.332182035470070400 ) ) ;
#2921 = CARTESIAN_POINT ( 'NONE',  ( -0.4057724631436938600, 27.53816614378573000, -1.958404633406432700 ) ) ;
#2922 = VERTEX_POINT ( 'NONE', #1259 ) ;
#2923 = CARTESIAN_POINT ( 'NONE',  ( -1.784074407312864700, 0.2523290537840626700, -0.3218631158739443400 ) ) ;
#2924 = CARTESIAN_POINT ( 'NONE',  ( 2.261370884561367100, 0.8506661437857956400, -0.4685456816509410100 ) ) ;
#2925 = CARTESIAN_POINT ( 'NONE',  ( -1.747289668290160200, 9.863166143785775800, 0.3620304100784984500 ) ) ;
#2926 = CYLINDRICAL_SURFACE ( 'NONE', #266, 1.650000000000000100 ) ;
#2927 = CARTESIAN_POINT ( 'NONE',  ( -0.5601173020754920400, 27.56733281045239500, 1.694212445550063300 ) ) ;
#2928 = EDGE_LOOP ( 'NONE', ( #1673, #5777, #251, #4142 ) ) ;
#2929 = EDGE_CURVE ( 'NONE', #2605, #2208, #3402, .T. ) ;
#2930 = CARTESIAN_POINT ( 'NONE',  ( 1.231842093776472900, 1.319426882903477900, -1.097754551802544900 ) ) ;
#2931 = DIRECTION ( 'NONE',  ( -0.0000000000000000000, -1.000000000000000000, -0.0000000000000000000 ) ) ;
#2932 = CARTESIAN_POINT ( 'NONE',  ( 0.4057724631453182900, 11.87566614378576800, 1.958404633409422900 ) ) ;
#2933 = CARTESIAN_POINT ( 'NONE',  ( 2.149256308119709100E-014, 0.8560266662368351000, 1.650000000002736200 ) ) ;
#2934 =( BOUNDED_CURVE ( )  B_SPLINE_CURVE ( 2, ( #97, #5063, #1896, #3723, #3286, #3700, #1041, #1876, #2801 ),
 .UNSPECIFIED., .F., .F. ) 
 B_SPLINE_CURVE_WITH_KNOTS ( ( 3, 2, 2, 2, 3 ),
 ( 0.9277777777777779200, 0.9296296296296295800, 0.9333333333333333500, 0.9370370370370370000, 0.9388888888888889900 ),
 .UNSPECIFIED. ) 
 CURVE ( )  GEOMETRIC_REPRESENTATION_ITEM ( )  RATIONAL_B_SPLINE_CURVE ( ( 0.9330127018922194100, 0.9330127018922254000, 1.000000000000000000, 0.8660254037844387100, 1.000000000000000000, 0.8660254037844387100, 1.000000000000000000, 0.9330127018922154100, 0.9330127018922194100 ) ) 
 REPRESENTATION_ITEM ( '' )  );
#2935 = CARTESIAN_POINT ( 'NONE',  ( -1.467231017252008000, 3.592332810452455200, -0.4850758126957864200 ) ) ;
#2936 = ORIENTED_EDGE ( 'NONE', *, *, #403, .T. ) ;
#2937 = CARTESIAN_POINT ( 'NONE',  ( -0.6277930554638560000, 8.317332810452441500, 1.898914394994152300 ) ) ;
#2938 = CARTESIAN_POINT ( 'NONE',  ( -1.493141931847324500, 8.258999477119111500, 1.330611577944816400 ) ) ;
#2939 = ADVANCED_FACE ( 'NONE', ( #358 ), #2484, .T. ) ;
#2940 = DIRECTION ( 'NONE',  ( -0.0000000000000000000, -1.000000000000000000, -0.0000000000000000000 ) ) ;
#2941 = CARTESIAN_POINT ( 'NONE',  ( 1.493141931848975100, 17.00899947711909000, -1.330611577941795300 ) ) ;
#2942 = CARTESIAN_POINT ( 'NONE',  ( -1.747289668290160200, 10.65066614378577400, 0.3620304100784984500 ) ) ;
#2943 = ORIENTED_EDGE ( 'NONE', *, *, #465, .T. ) ;
#2944 = CARTESIAN_POINT ( 'NONE',  ( 0.6277930554654848100, 3.767332810452450200, -1.898914394991160200 ) ) ;
#2945 = DIRECTION ( 'NONE',  ( -0.0000000000000000000, -1.000000000000000000, -0.0000000000000000000 ) ) ;
#2946 = CARTESIAN_POINT ( 'NONE',  ( -2.261370884559743600, 0.5006661437857972100, 0.4685456816539321200 ) ) ;
#2947 = CARTESIAN_POINT ( 'NONE',  ( -1.635141734011572800, 0.3541095880644211700, 3.500000000000000000 ) ) ;
#2948 = CARTESIAN_POINT ( 'NONE',  ( -0.3135275320683701400, 9.688166143785773300, -1.513197240508571600 ) ) ;
#2949 = ORIENTED_EDGE ( 'NONE', *, *, #5790, .F. ) ;
#2950 = CARTESIAN_POINT ( 'NONE',  ( 1.153703485184449700, 28.55899947711906300, -1.028121427811290000 ) ) ;
#2951 = CARTESIAN_POINT ( 'NONE',  ( -1.395998299107763500, 9.763446504446719100, 1.163227134490563600 ) ) ;
#2952 = CARTESIAN_POINT ( 'NONE',  ( 1.330681337664811900, 9.878275490326423400, 1.424358362884031100 ) ) ;
#2953 = CARTESIAN_POINT ( 'NONE',  ( -0.1189804768296842100, 4.061093549569421600, 2.067131037219786200 ) ) ;
#2954 = CARTESIAN_POINT ( 'NONE',  ( -1.493141931847350400, 13.85899947711909700, 1.330611577944787100 ) ) ;
#2955 = CARTESIAN_POINT ( 'NONE',  ( -1.493141931847313800, 6.771499477119115300, 1.330611577944828000 ) ) ;
#2956 = ORIENTED_EDGE ( 'NONE', *, *, #3014, .T. ) ;
#2957 = CARTESIAN_POINT ( 'NONE',  ( -1.187172366213856000, 4.933999477119119300, -1.332182035470070400 ) ) ;
#2958 = CARTESIAN_POINT ( 'NONE',  ( 1.493141931848940300, 1.608999477119128700, -1.330611577941834600 ) ) ;
#2959 = CARTESIAN_POINT ( 'NONE',  ( 0.08897784943441296200, 9.599999999999795400, -1.647599144910354600 ) ) ;
#2960 = CARTESIAN_POINT ( 'NONE',  ( -0.6277930554638234700, 5.517332810452450600, 1.898914394994163600 ) ) ;
#2961 = CARTESIAN_POINT ( 'NONE',  ( 2.062843076693681200, 9.500000000000005300, -3.427050983124842800 ) ) ;
#2962 = CARTESIAN_POINT ( 'NONE',  ( 2.261370884561367100, 16.25066614378575700, -0.4685456816509410100 ) ) ;
#2963 = ORIENTED_EDGE ( 'NONE', *, *, #1312, .F. ) ;
#2964 = ORIENTED_EDGE ( 'NONE', *, *, #2106, .T. ) ;
#2965 = CARTESIAN_POINT ( 'NONE',  ( -1.898914394991857200, 27.65483281045239700, -0.6277930554631422400 ) ) ;
#2966 = CARTESIAN_POINT ( 'NONE',  ( -1.536457905423994000, 3.883999477119123500, -1.724131792580195100 ) ) ;
#2967 = CARTESIAN_POINT ( 'NONE',  ( -1.187172366213856000, 7.646499477119114400, -1.332182035470070400 ) ) ;
#2968 = ORIENTED_EDGE ( 'NONE', *, *, #5119, .F. ) ;
#2969 =( BOUNDED_CURVE ( )  B_SPLINE_CURVE ( 2, ( #2118, #4050, #3079, #2232, #1744, #4905, #4428, #436, #4943 ),
 .UNSPECIFIED., .F., .F. ) 
 B_SPLINE_CURVE_WITH_KNOTS ( ( 3, 2, 2, 2, 3 ),
 ( 0.6388888888888889500, 0.6407407407407407200, 0.6444444444444444900, 0.6481481481481481400, 0.6500000000000001300 ),
 .UNSPECIFIED. ) 
 CURVE ( )  GEOMETRIC_REPRESENTATION_ITEM ( )  RATIONAL_B_SPLINE_CURVE ( ( 0.9330127018922194100, 0.9330127018922214100, 1.000000000000000000, 0.8660254037844387100, 1.000000000000000000, 0.8660254037844387100, 1.000000000000000000, 0.9330127018922154100, 0.9330127018922194100 ) ) 
 REPRESENTATION_ITEM ( '' )  );
#2970 = CARTESIAN_POINT ( 'NONE',  ( -0.5601173020754920400, 25.46733281045240500, 1.694212445550063300 ) ) ;
#2971 = DIRECTION ( 'NONE',  ( -0.4999999999999997800, 0.0000000000000000000, 0.8660254037844387100 ) ) ;
#2972 = CARTESIAN_POINT ( 'NONE',  ( -0.6277930554638411200, 4.729832810452453600, 1.898914394994165400 ) ) ;
#2973 = CARTESIAN_POINT ( 'NONE',  ( 1.536457905425595300, 14.03399947711909600, 1.724131792583205100 ) ) ;
#2974 = CARTESIAN_POINT ( 'NONE',  ( -1.153703485182825400, 5.108999477119118300, 1.028121427814281600 ) ) ;
#2975 = EDGE_CURVE ( 'NONE', #2147, #4989, #360, .T. ) ;
#2976 = CARTESIAN_POINT ( 'NONE',  ( 2.261370884561349800, 1.550666143785796700, -0.4685456816510252300 ) ) ;
#2977 = LINE ( 'NONE', #1878, #4514 ) ;
#2978 = CARTESIAN_POINT ( 'NONE',  ( -1.267577771975587600, 8.286072071334768200, -1.422408728879485300 ) ) ;
#2979 = CARTESIAN_POINT ( 'NONE',  ( 0.6277930554654759200, -0.8576671895476062300, -1.898914394991165100 ) ) ;
#2980 = CARTESIAN_POINT ( 'NONE',  ( 2.370884370763731000, 9.772039516833194400, -2.893507810966248900 ) ) ;
#2981 = CARTESIAN_POINT ( 'NONE',  ( 2.261370884561367100, 19.75066614378574700, -0.4685456816509410100 ) ) ;
#2982 = FACE_OUTER_BOUND ( 'NONE', #2033, .T. ) ;
#2983 = CARTESIAN_POINT ( 'NONE',  ( -0.4057724631436938600, 24.73816614378573700, -1.958404633406432700 ) ) ;
#2984 = CARTESIAN_POINT ( 'NONE',  ( 3.846977985129732300, 0.3524811969400258300, -0.3368386741563559300 ) ) ;
#2985 = DIRECTION ( 'NONE',  ( 1.000000000000000000, 0.0000000000000000000, 0.0000000000000000000 ) ) ;
#2986 = CARTESIAN_POINT ( 'NONE',  ( 0.3135275320699943400, 3.738166143785790000, 1.513197240511562100 ) ) ;
#2987 = CARTESIAN_POINT ( 'NONE',  ( 0.5601173020771160700, 26.51733281045239800, -1.694212445547072400 ) ) ;
#2988 = ORIENTED_EDGE ( 'NONE', *, *, #5825, .T. ) ;
#2989 = CARTESIAN_POINT ( 'NONE',  ( 0.2856822506303078900, 9.836052634917862700, 1.869736179126680400 ) ) ;
#2990 = DIRECTION ( 'NONE',  ( 0.0000000000000000000, 1.000000000000000000, 0.0000000000000000000 ) ) ;
#2991 = CARTESIAN_POINT ( 'NONE',  ( -2.261370884559743600, 11.00066614378577200, 0.4685456816539321200 ) ) ;
#2992 = CARTESIAN_POINT ( 'NONE',  ( 8.118505867571457200E-013, -0.8576671895476062300, 1.495331636292007700E-012 ) ) ;
#2993 = CARTESIAN_POINT ( 'NONE',  ( 1.747289668291783300, 24.21316614378574200, -0.3620304100755075700 ) ) ;
#2994 = ORIENTED_EDGE ( 'NONE', *, *, #5308, .F. ) ;
#2995 = CARTESIAN_POINT ( 'NONE',  ( 1.153703485184449700, 5.458999477119117900, -1.028121427811290000 ) ) ;
#2996 = CARTESIAN_POINT ( 'NONE',  ( 0.4057724631453746800, 0.5881661437857967900, 1.958404633409411200 ) ) ;
#2997 = CARTESIAN_POINT ( 'NONE',  ( 8.778253695876226200E-016, 1.206026666236940300, -1.649999999999744800 ) ) ;
#2998 = VECTOR ( 'NONE', #2590, 1000.000000000000000 ) ;
#2999 = ORIENTED_EDGE ( 'NONE', *, *, #1786, .T. ) ;
#3000 = B_SPLINE_CURVE_WITH_KNOTS ( 'NONE', 3,
 ( #4554, #2829, #991, #1437, #3256, #3297, #597, #5008, #2794, #1887 ),
 .UNSPECIFIED., .F., .F.,
 ( 4, 2, 2, 2, 4 ),
 ( 1.383330592005105900E-014, 0.0006235127542710834200, 0.001247025508528333500, 0.001870538262785583200, 0.002494051017042832200 ),
 .UNSPECIFIED. ) ;
#3001 = EDGE_CURVE ( 'NONE', #843, #1136, #1053, .T. ) ;
#3002 = CYLINDRICAL_SURFACE ( 'NONE', #829, 2.000000000000000000 ) ;
#3003 = CARTESIAN_POINT ( 'NONE',  ( -1.493141931847350400, 23.57149947711907200, 1.330611577944787100 ) ) ;
#3004 = DIRECTION ( 'NONE',  ( -0.0000000000000000000, -1.000000000000000000, -0.0000000000000000000 ) ) ;
#3005 = CARTESIAN_POINT ( 'NONE',  ( 8.118505867571457200E-013, -0.8576671895476062300, 1.495331636292007700E-012 ) ) ;
#3006 = ORIENTED_EDGE ( 'NONE', *, *, #362, .F. ) ;
#3007 = CARTESIAN_POINT ( 'NONE',  ( 1.187172366215480100, 4.496499477119124700, 1.332182035473060700 ) ) ;
#3008 = CARTESIAN_POINT ( 'NONE',  ( 0.3135275320699943400, 24.12566614378573600, 1.513197240511562100 ) ) ;
#3009 = EDGE_CURVE ( 'NONE', #3922, #1182, #5705, .T. ) ;
#3010 = CARTESIAN_POINT ( 'NONE',  ( 0.7044124696838379700, 9.851080168878223000, 1.771477674039319400 ) ) ;
#3011 = ORIENTED_EDGE ( 'NONE', *, *, #2488, .T. ) ;
#3012 = DIRECTION ( 'NONE',  ( 0.0000000000000000000, 0.0000000000000000000, 1.000000000000000000 ) ) ;
#3013 = CARTESIAN_POINT ( 'NONE',  ( -0.7249129791349598900, 11.81733281045243400, 2.192677474235640700 ) ) ;
#3014 = EDGE_CURVE ( 'NONE', #4582, #2547, #1413, .T. ) ;
#3015 = CARTESIAN_POINT ( 'NONE',  ( -1.747289668290160200, 4.350666143785788100, 0.3620304100784984500 ) ) ;
#3016 = CARTESIAN_POINT ( 'NONE',  ( 1.136605634099560900, 0.8485720713354997200, -1.730697752765564700 ) ) ;
#3017 = CARTESIAN_POINT ( 'NONE',  ( 2.261370884561367100, 14.76316614378576200, -0.4685456816509410100 ) ) ;
#3018 = ORIENTED_EDGE ( 'NONE', *, *, #2292, .F. ) ;
#3019 = CARTESIAN_POINT ( 'NONE',  ( 0.0000000000000000000, 10.00000000000000000, 0.0000000000000000000 ) ) ;
#3020 = CARTESIAN_POINT ( 'NONE',  ( 1.493141931848975100, 15.60899947711909200, -1.330611577941795300 ) ) ;
#3021 = ORIENTED_EDGE ( 'NONE', *, *, #4100, .T. ) ;
#3022 = CARTESIAN_POINT ( 'NONE',  ( 0.7249129791365839200, 25.37983281045240200, -2.192677474232650700 ) ) ;
#3023 = CARTESIAN_POINT ( 'NONE',  ( -1.566604375869318000, 3.444405404668106700, -0.5179292707572200600 ) ) ;
#3024 = CARTESIAN_POINT ( 'NONE',  ( 0.0000000000000000000, 10.00000000000000000, 0.0000000000000000000 ) ) ;
#3025 = VERTEX_POINT ( 'NONE', #457 ) ;
#3026 = CARTESIAN_POINT ( 'NONE',  ( -3.031088913245536100, 0.0000000000000000000, -1.749999999999998900 ) ) ;
#3027 =( GEOMETRIC_REPRESENTATION_CONTEXT ( 3 ) GLOBAL_UNCERTAINTY_ASSIGNED_CONTEXT ( ( #4398 ) ) GLOBAL_UNIT_ASSIGNED_CONTEXT ( ( #4782, #5749, #1178 ) ) REPRESENTATION_CONTEXT ( 'NONE', 'WORKASPACE' ) );
#3028 = CARTESIAN_POINT ( 'NONE',  ( -1.153703485182825400, 6.421499477119119200, 1.028121427814281600 ) ) ;
#3029 = CARTESIAN_POINT ( 'NONE',  ( 1.153703485184449700, 23.65899947711907500, -1.028121427811290000 ) ) ;
#3030 = EDGE_LOOP ( 'NONE', ( #3577, #5179, #1498, #3384 ) ) ;
#3031 = CARTESIAN_POINT ( 'NONE',  ( -1.493141931847350400, 8.258999477119111500, 1.330611577944787100 ) ) ;
#3032 = CARTESIAN_POINT ( 'NONE',  ( 1.187172366215480100, 21.99649947711907700, 1.332182035473060700 ) ) ;
#3033 = CARTESIAN_POINT ( 'NONE',  ( -1.153703485182825400, -1.191000522880864700, 1.028121427814281600 ) ) ;
#3034 = CARTESIAN_POINT ( 'NONE',  ( -0.6277930554638493400, 1.317332810452458900, 1.898914394994154900 ) ) ;
#3035 = ORIENTED_EDGE ( 'NONE', *, *, #2374, .T. ) ;
#3036 = CARTESIAN_POINT ( 'NONE',  ( 1.493141931848975100, 14.12149947711909600, -1.330611577941795300 ) ) ;
#3037 = CARTESIAN_POINT ( 'NONE',  ( 0.6277930554654721500, 7.879832810452442400, -1.898914394991164400 ) ) ;
#3038 = FACE_OUTER_BOUND ( 'NONE', #3801, .T. ) ;
#3039 = B_SPLINE_CURVE_WITH_KNOTS ( 'NONE', 3,
 ( #5363, #5406, #4093, #3591, #1338, #2659 ),
 .UNSPECIFIED., .F., .F.,
 ( 4, 2, 4 ),
 ( 0.004275213975004836300, 0.005274871571063527600, 0.006274529167122218900 ),
 .UNSPECIFIED. ) ;
#3040 = CARTESIAN_POINT ( 'NONE',  ( -2.261370884559743600, 24.21316614378574200, 0.4685456816539321200 ) ) ;
#3041 = DIRECTION ( 'NONE',  ( 0.3138965277323320600, 0.0000000000000000000, -0.9494571974963301700 ) ) ;
#3042 = CARTESIAN_POINT ( 'NONE',  ( 1.566604375870941800, 6.802760216236796600, 0.5179292707602105600 ) ) ;
#3043 = DIRECTION ( 'NONE',  ( 3.219245568722485800E-016, -0.0000000000000000000, 1.000000000000000000 ) ) ;
#3044 = APPROVAL_STATUS ( 'not_yet_approved' ) ;
#3045 = CARTESIAN_POINT ( 'NONE',  ( 1.467231017253632000, 3.854832810452457600, 0.4850758126987769200 ) ) ;
#3046 = EDGE_CURVE ( 'NONE', #3866, #4632, #1581, .T. ) ;
#3047 = CARTESIAN_POINT ( 'NONE',  ( 1.153703485184449700, 27.15899947711906400, -1.028121427811290000 ) ) ;
#3048 = DIRECTION ( 'NONE',  ( 0.3138965277323320600, 0.0000000000000000000, -0.9494571974963301700 ) ) ;
#3049 = CARTESIAN_POINT ( 'NONE',  ( 1.898914394993481000, 9.192332810452441500, 0.6277930554661326200 ) ) ;
#3050 = VECTOR ( 'NONE', #1360, 1000.000000000000000 ) ;
#3051 = CARTESIAN_POINT ( 'NONE',  ( -1.153703485182825400, 21.12149947711908000, 1.028121427814281600 ) ) ;
#3052 = CARTESIAN_POINT ( 'NONE',  ( -0.3135275320683701400, -0.7243338562142008800, -1.513197240508571600 ) ) ;
#3053 = CARTESIAN_POINT ( 'NONE',  ( 0.0000000000000000000, 0.4999999999999947800, 0.0000000000000000000 ) ) ;
#3054 = CARTESIAN_POINT ( 'NONE',  ( -1.536457905423971100, 17.79649947711908800, -1.724131792580214700 ) ) ;
#3055 = ADVANCED_FACE ( 'NONE', ( #4937 ), #5010, .F. ) ;
#3056 = CARTESIAN_POINT ( 'NONE',  ( -0.6277930554638493400, 1.929832810452457800, 1.898914394994154900 ) ) ;
#3057 = CONICAL_SURFACE ( 'NONE', #5683, 4.000000000000000000, 0.7853981633974533900 ) ;
#3058 = CARTESIAN_POINT ( 'NONE',  ( 1.536457905425595300, 25.14649947711907200, 1.724131792583205100 ) ) ;
#3059 = VERTEX_POINT ( 'NONE', #534 ) ;
#3060 = DIRECTION ( 'NONE',  ( 0.0000000000000000000, 1.000000000000000000, 0.0000000000000000000 ) ) ;
#3061 = CARTESIAN_POINT ( 'NONE',  ( -2.860836377129806900, 0.01264867121886383400, -2.044886042669892900 ) ) ;
#3062 = CARTESIAN_POINT ( 'NONE',  ( -1.747289668290160200, 5.663166143785786300, 0.3620304100784984500 ) ) ;
#3063 = CARTESIAN_POINT ( 'NONE',  ( 0.3135275320699943400, 21.32566614378574600, 1.513197240511562100 ) ) ;
#3064 = ORIENTED_EDGE ( 'NONE', *, *, #4510, .F. ) ;
#3065 = AXIS2_PLACEMENT_3D ( 'NONE', #47, #2816, #2342 ) ;
#3066 = DIRECTION ( 'NONE',  ( 0.0000000000000000000, 0.0000000000000000000, 1.000000000000000000 ) ) ;
#3067 = CARTESIAN_POINT ( 'NONE',  ( 1.493141931848975100, 8.608999477119111200, -1.330611577941795300 ) ) ;
#3068 = CARTESIAN_POINT ( 'NONE',  ( 1.187172366215480100, 28.99649947711906300, 1.332182035473060700 ) ) ;
#3069 = VECTOR ( 'NONE', #688, 1000.000000000000000 ) ;
#3070 = CARTESIAN_POINT ( 'NONE',  ( 1.153703485184449700, 19.37149947711908400, -1.028121427811290000 ) ) ;
#3071 = CARTESIAN_POINT ( 'NONE',  ( -0.3135275320683701400, 0.6756661437857975900, -1.513197240508571600 ) ) ;
#3072 = ORIENTED_EDGE ( 'NONE', *, *, #4250, .T. ) ;
#3073 = CARTESIAN_POINT ( 'NONE',  ( 0.4057724631453182900, 17.38816614378575700, 1.958404633409422900 ) ) ;
#3074 = DIRECTION ( 'NONE',  ( -0.0000000000000000000, -1.000000000000000000, -0.0000000000000000000 ) ) ;
#3075 =( BOUNDED_CURVE ( )  B_SPLINE_CURVE ( 2, ( #2566, #336, #1249, #2146, #5299, #4994, #3246, #1898, #5487 ),
 .UNSPECIFIED., .F., .T. ) 
 B_SPLINE_CURVE_WITH_KNOTS ( ( 3, 2, 2, 2, 3 ),
 ( 0.8166666666666667600, 0.8185185185185185300, 0.8222222222222221900, 0.8259259259259259500, 0.8277777777777779500 ),
 .UNSPECIFIED. ) 
 CURVE ( )  GEOMETRIC_REPRESENTATION_ITEM ( )  RATIONAL_B_SPLINE_CURVE ( ( 0.9330127018922194100, 0.9330127018922234100, 1.000000000000000000, 0.8660254037844387100, 1.000000000000000000, 0.8660254037844387100, 1.000000000000000000, 0.9330127018922133000, 0.9330127018922194100 ) ) 
 REPRESENTATION_ITEM ( '' )  );
#3076 = ORIENTED_EDGE ( 'NONE', *, *, #4216, .T. ) ;
#3077 = EDGE_CURVE ( 'NONE', #3150, #5152, #2104, .T. ) ;
#3078 = CARTESIAN_POINT ( 'NONE',  ( -0.4057724631436938600, 21.23816614378574700, -1.958404633406432700 ) ) ;
#3079 = CARTESIAN_POINT ( 'NONE',  ( -1.493141931847344000, 9.658999477119110100, 1.330611577944794700 ) ) ;
#3080 = AXIS2_PLACEMENT_3D ( 'NONE', #206, #217, #675 ) ;
#3081 = CARTESIAN_POINT ( 'NONE',  ( 1.231842093776472900, 5.311072071334768600, -1.097754551802544900 ) ) ;
#3082 = CARTESIAN_POINT ( 'NONE',  ( -1.990681402645799100E-014, 4.564381477805517800, 1.650000000002735700 ) ) ;
#3083 = CARTESIAN_POINT ( 'NONE',  ( 1.747289668291783300, 2.513166143785792200, -0.3620304100755075700 ) ) ;
#3084 = EDGE_LOOP ( 'NONE', ( #2878, #3640, #3224, #5420 ) ) ;
#3085 = CARTESIAN_POINT ( 'NONE',  ( -0.3135275320683701400, 20.97566614378574500, -1.513197240508571600 ) ) ;
#3086 = EDGE_CURVE ( 'NONE', #4985, #3916, #5373, .T. ) ;
#3087 = DIRECTION ( 'NONE',  ( -0.0000000000000000000, -1.000000000000000000, 0.0000000000000000000 ) ) ;
#3088 = CARTESIAN_POINT ( 'NONE',  ( 1.071796459319249100E-014, 0.3774187617729646300, 1.672581238227036000 ) ) ;
#3089 = CARTESIAN_POINT ( 'NONE',  ( 2.261370884561367100, 10.65066614378577400, -0.4685456816509410100 ) ) ;
#3090 = ORIENTED_EDGE ( 'NONE', *, *, #5161, .F. ) ;
#3091 = CARTESIAN_POINT ( 'NONE',  ( -0.5601173020754920400, 28.17983281045239600, 1.694212445550063300 ) ) ;
#3092 = CARTESIAN_POINT ( 'NONE',  ( -1.467231017252008000, 19.60483281045241500, -0.4850758126957864200 ) ) ;
#3093 = CARTESIAN_POINT ( 'NONE',  ( -0.3135275320683701400, -0.02433385621420161600, -1.513197240508571600 ) ) ;
#3094 = CARTESIAN_POINT ( 'NONE',  ( -1.493141931847350400, 16.57149947711909000, 1.330611577944787100 ) ) ;
#3095 = AXIS2_PLACEMENT_3D ( 'NONE', #3512, #3551, #858 ) ;
#3096 = CARTESIAN_POINT ( 'NONE',  ( 1.898914394993481000, 20.30483281045241400, 0.6277930554661326200 ) ) ;
#3097 = CARTESIAN_POINT ( 'NONE',  ( 0.0000000000000000000, 10.00000000000000000, 0.0000000000000000000 ) ) ;
#3098 = DIRECTION ( 'NONE',  ( 0.0000000000000000000, 0.0000000000000000000, -1.000000000000000000 ) ) ;
#3099 = DIRECTION ( 'NONE',  ( 0.0000000000000000000, 0.0000000000000000000, -1.000000000000000000 ) ) ;
#3100 = EDGE_LOOP ( 'NONE', ( #4535, #5738, #3779, #2334 ) ) ;
#3101 = CARTESIAN_POINT ( 'NONE',  ( -1.747289668290160200, -0.6368338562141976400, 0.3620304100784984500 ) ) ;
#3102 = VERTEX_POINT ( 'NONE', #2844 ) ;
#3103 = CARTESIAN_POINT ( 'NONE',  ( -1.747289668290160200, 21.85066614378574500, 0.3620304100784984500 ) ) ;
#3104 = B_SPLINE_CURVE_WITH_KNOTS ( 'NONE', 3,
 ( #2763, #66, #5532, #568, #953, #2366, #1858, #3725 ),
 .UNSPECIFIED., .F., .F.,
 ( 4, 2, 2, 4 ),
 ( 2.529189314845710400E-007, 0.001001387654841960500, 0.001501955022797198100, 0.002002522390752435300 ),
 .UNSPECIFIED. ) ;
#3105 = ORIENTED_EDGE ( 'NONE', *, *, #5350, .F. ) ;
#3106 = CARTESIAN_POINT ( 'NONE',  ( 0.8205578891653215700, 0.1234444636590000100, -1.747160594839494600 ) ) ;
#3107 = CARTESIAN_POINT ( 'NONE',  ( 1.493141931848975100, 9.308999477119110500, -1.330611577941795300 ) ) ;
#3108 = CARTESIAN_POINT ( 'NONE',  ( 1.153703485184449700, 27.77149947711906100, -1.028121427811290000 ) ) ;
#3109 = CARTESIAN_POINT ( 'NONE',  ( -1.747289668290160200, 18.26316614378575000, 0.3620304100784984500 ) ) ;
#3110 = CARTESIAN_POINT ( 'NONE',  ( 0.3135275320699943400, -0.3743338562142012300, 1.513197240511562100 ) ) ;
#3111 = CARTESIAN_POINT ( 'NONE',  ( -0.6277930554638524500, -0.8576671895476062300, 1.898914394994155600 ) ) ;
#3112 = CARTESIAN_POINT ( 'NONE',  ( 1.493141931848975100, 13.42149947711909700, -1.330611577941795300 ) ) ;
#3113 = ADVANCED_FACE ( 'NONE', ( #1349 ), #5172, .T. ) ;
#3114 = CARTESIAN_POINT ( 'NONE',  ( -1.136605634097932000, 8.986072071335478000, 1.730697752768549400 ) ) ;
#3115 = DIRECTION ( 'NONE',  ( 0.0000000000000000000, -1.000000000000000000, 0.0000000000000000000 ) ) ;
#3116 =( BOUNDED_CURVE ( )  B_SPLINE_CURVE ( 2, ( #887, #470, #5435, #1782, #3596, #3153, #2729, #4980, #2251 ),
 .UNSPECIFIED., .F., .T. ) 
 B_SPLINE_CURVE_WITH_KNOTS ( ( 3, 2, 2, 2, 3 ),
 ( 0.1733350465085232700, 0.1740740740740740500, 0.1777777777777778100, 0.1814814814814814700, 0.1844461576196309000 ),
 .UNSPECIFIED. ) 
 CURVE ( )  GEOMETRIC_REPRESENTATION_ITEM ( )  RATIONAL_B_SPLINE_CURVE ( ( 0.9572025516544304700, 0.9732670516845543000, 1.000000000000000000, 0.8660254037844386000, 1.000000000000000000, 0.8660254037844386000, 1.000000000000000000, 0.8927583521000119800, 0.9572025516542769200 ) ) 
 REPRESENTATION_ITEM ( '' )  );
#3117 = CARTESIAN_POINT ( 'NONE',  ( 1.136605634099560900, 7.236072071335481600, -1.730697752765555400 ) ) ;
#3118 = VECTOR ( 'NONE', #5088, 1000.000000000000000 ) ;
#3119 = ADVANCED_FACE ( 'NONE', ( #3528 ), #5816, .F. ) ;
#3120 = CARTESIAN_POINT ( 'NONE',  ( -1.231842093774848400, 5.661072071334770900, 1.097754551805536500 ) ) ;
#3121 = CARTESIAN_POINT ( 'NONE',  ( -1.493141931847350400, 21.55899947711907700, 1.330611577944787100 ) ) ;
#3122 = CARTESIAN_POINT ( 'NONE',  ( 0.5601173020771160700, 0.5298328104524637800, -1.694212445547072400 ) ) ;
#3123 = EDGE_CURVE ( 'NONE', #444, #841, #3329, .T. ) ;
#3124 = CARTESIAN_POINT ( 'NONE',  ( -0.5601173020754920400, 23.36733281045240700, 1.694212445550063300 ) ) ;
#3125 = FACE_OUTER_BOUND ( 'NONE', #6, .T. ) ;
#3126 = AXIS2_PLACEMENT_3D ( 'NONE', #1726, #4391, #3098 ) ;
#3127 = CARTESIAN_POINT ( 'NONE',  ( -1.566604375869318000, 2.744405404668113700, -0.5179292707572200600 ) ) ;
#3128 = CARTESIAN_POINT ( 'NONE',  ( 1.136605634099547200, 5.748572071335488000, -1.730697752765564300 ) ) ;
#3129 = CARTESIAN_POINT ( 'NONE',  ( 1.153703485184449700, 20.07149947711908000, -1.028121427811290000 ) ) ;
#3130 = ORIENTED_EDGE ( 'NONE', *, *, #185, .F. ) ;
#3131 = CARTESIAN_POINT ( 'NONE',  ( 0.4057724631453182900, 6.188166143785784000, 1.958404633409422900 ) ) ;
#3132 = APPROVAL_DATE_TIME ( #3694, #2190 ) ;
#3133 = CARTESIAN_POINT ( 'NONE',  ( 0.0000000000000000000, 10.00000000000000000, 0.0000000000000000000 ) ) ;
#3134 = DIRECTION ( 'NONE',  ( 0.0000000000000000000, 0.0000000000000000000, -1.000000000000000000 ) ) ;
#3135 = CARTESIAN_POINT ( 'NONE',  ( 2.062843076693681200, 0.4999999999999947800, 3.427050983124841900 ) ) ;
#3136 = CARTESIAN_POINT ( 'NONE',  ( -1.936491673103710100, 10.00000000000000000, -3.499999999999999100 ) ) ;
#3137 = CARTESIAN_POINT ( 'NONE',  ( 0.1691400011357875300, 1.775736410535219100, 1.650000000002821200 ) ) ;
#3138 = VERTEX_POINT ( 'NONE', #3416 ) ;
#3139 = CARTESIAN_POINT ( 'NONE',  ( 0.3135275320699943400, 0.9381661437857999900, 1.513197240511562100 ) ) ;
#3140 = CARTESIAN_POINT ( 'NONE',  ( -1.187172366213856000, 18.93399947711908400, -1.332182035470070400 ) ) ;
#3141 = VECTOR ( 'NONE', #5809, 1000.000000000000000 ) ;
#3142 = ORIENTED_EDGE ( 'NONE', *, *, #1935, .F. ) ;
#3143 = CARTESIAN_POINT ( 'NONE',  ( -1.467231017252008000, 16.10483281045242500, -0.4850758126957864200 ) ) ;
#3144 = B_SPLINE_CURVE_WITH_KNOTS ( 'NONE', 3,
 ( #4652, #1942, #4219, #1544, #3805, #126 ),
 .UNSPECIFIED., .F., .F.,
 ( 4, 2, 4 ),
 ( 0.002002522390752435300, 0.002997448974640016000, 0.003992375558527597700 ),
 .UNSPECIFIED. ) ;
#3145 = CARTESIAN_POINT ( 'NONE',  ( -2.261370884559743600, 13.71316614378576500, 0.4685456816539321200 ) ) ;
#3146 = VERTEX_POINT ( 'NONE', #1217 ) ;
#3147 = DIRECTION ( 'NONE',  ( 0.0000000000000000000, 1.000000000000000000, 0.0000000000000000000 ) ) ;
#3148 = CARTESIAN_POINT ( 'NONE',  ( 0.0000000000000000000, 10.00000000000000000, 0.0000000000000000000 ) ) ;
#3149 = EDGE_CURVE ( 'NONE', #4155, #620, #1285, .T. ) ;
#3150 = VERTEX_POINT ( 'NONE', #4281 ) ;
#3151 = CARTESIAN_POINT ( 'NONE',  ( 0.6277930554654555000, 2.979832810452452700, -1.898914394991170000 ) ) ;
#3152 = CARTESIAN_POINT ( 'NONE',  ( -1.898914394991857200, 22.05483281045241000, -0.6277930554631422400 ) ) ;
#3153 = CARTESIAN_POINT ( 'NONE',  ( -1.865630979763049500, 4.202738738001442300, 0.3865501873650462100 ) ) ;
#3154 = DIRECTION ( 'NONE',  ( 0.0000000000000000000, -1.000000000000000000, 0.0000000000000000000 ) ) ;
#3155 = CARTESIAN_POINT ( 'NONE',  ( 1.467231017253632000, 1.754832810452460000, 0.4850758126987769200 ) ) ;
#3156 = CARTESIAN_POINT ( 'NONE',  ( -1.187172366213856000, 19.63399947711908700, -1.332182035470070400 ) ) ;
#3157 = ORIENTED_EDGE ( 'NONE', *, *, #3831, .T. ) ;
#3158 = EDGE_CURVE ( 'NONE', #3285, #5654, #5805, .T. ) ;
#3159 = CARTESIAN_POINT ( 'NONE',  ( 2.143592918638497900E-014, 8.064381477805513400, 1.650000000002736200 ) ) ;
#3160 = CARTESIAN_POINT ( 'NONE',  ( 1.267577771977211700, 3.736072071334775900, 1.422408728882475800 ) ) ;
#3161 = CARTESIAN_POINT ( 'NONE',  ( -1.493141931847350400, 6.858999477119116500, 1.330611577944787100 ) ) ;
#3162 = CARTESIAN_POINT ( 'NONE',  ( 1.898914394993497000, 8.404832810452449000, 0.6277930554660845500 ) ) ;
#3163 = CARTESIAN_POINT ( 'NONE',  ( 1.747289668291783300, 15.11316614378576200, -0.3620304100755075700 ) ) ;
#3164 = ORIENTED_EDGE ( 'NONE', *, *, #661, .T. ) ;
#3165 = CARTESIAN_POINT ( 'NONE',  ( 0.4057724631453182900, 13.88816614378576600, 1.958404633409422900 ) ) ;
#3166 = ADVANCED_FACE ( 'NONE', ( #430 ), #1617, .T. ) ;
#3167 = CARTESIAN_POINT ( 'NONE',  ( 1.865630979764672600, 2.452738738001444500, -0.3865501873620552100 ) ) ;
#3168 = CARTESIAN_POINT ( 'NONE',  ( -3.999334749797389200, 9.500000000000005300, 0.07294901687515480100 ) ) ;
#3169 = FACE_OUTER_BOUND ( 'NONE', #3897, .T. ) ;
#3170 = EDGE_LOOP ( 'NONE', ( #884, #118, #4683, #135 ) ) ;
#3171 = DIRECTION ( 'NONE',  ( 0.3138965277323320600, 0.0000000000000000000, -0.9494571974963301700 ) ) ;
#3172 = DIRECTION ( 'NONE',  ( -0.0000000000000000000, -1.000000000000000000, 0.0000000000000000000 ) ) ;
#3173 = CARTESIAN_POINT ( 'NONE',  ( 1.153703485184449700, 27.07149947711906500, -1.028121427811290000 ) ) ;
#3174 = CARTESIAN_POINT ( 'NONE',  ( -1.187172366213856000, -0.7535005228808678800, -1.332182035470070400 ) ) ;
#3175 = CARTESIAN_POINT ( 'NONE',  ( 0.3135275320699943400, 17.82566614378575000, 1.513197240511562100 ) ) ;
#3176 = AXIS2_PLACEMENT_3D ( 'NONE', #1943, #4257, #1545 ) ;
#3177 = CARTESIAN_POINT ( 'NONE',  ( 0.0000000000000000000, 10.00000000000000000, 0.0000000000000000000 ) ) ;
#3178 = LINE ( 'NONE', #2602, #1980 ) ;
#3179 = CARTESIAN_POINT ( 'NONE',  ( 1.187172366215480100, 16.39649947711909300, 1.332182035473060700 ) ) ;
#3180 = CARTESIAN_POINT ( 'NONE',  ( 2.261370884561367100, 4.963166143785789700, -0.4685456816509410100 ) ) ;
#3181 = CARTESIAN_POINT ( 'NONE',  ( -1.536457905423971100, 13.59649947711910100, -1.724131792580214700 ) ) ;
#3182 = CARTESIAN_POINT ( 'NONE',  ( 0.1691400011358079300, 5.975736410535210700, 1.650000000002816800 ) ) ;
#3183 = EDGE_CURVE ( 'NONE', #1209, #1461, #3759, .T. ) ;
#3184 = VECTOR ( 'NONE', #4959, 1000.000000000000000 ) ;
#3185 = CARTESIAN_POINT ( 'NONE',  ( -0.6277930554638429000, 9.629832810452441500, 1.898914394994156900 ) ) ;
#3186 = CARTESIAN_POINT ( 'NONE',  ( 0.4057724631453574800, 4.875666143785785800, 1.958404633409415200 ) ) ;
#3187 = CARTESIAN_POINT ( 'NONE',  ( 0.0000000000000000000, 10.00000000000000000, 0.0000000000000000000 ) ) ;
#3188 = CARTESIAN_POINT ( 'NONE',  ( -0.4057724631436938600, 19.83816614378575200, -1.958404633406432700 ) ) ;
#3189 = VECTOR ( 'NONE', #4832, 1000.000000000000000 ) ;
#3190 = CARTESIAN_POINT ( 'NONE',  ( -0.7397092485551969300, 7.314722327394761700, 1.650000000002382200 ) ) ;
#3191 = CARTESIAN_POINT ( 'NONE',  ( 1.865630979764672600, 5.952738738001439600, -0.3865501873620552100 ) ) ;
#3192 = CARTESIAN_POINT ( 'NONE',  ( -9.429543486215421600E-015, 4.914381477805626700, -1.649999999999745000 ) ) ;
#3193 = CARTESIAN_POINT ( 'NONE',  ( -2.261370884559743600, 27.10066614378573000, 0.4685456816539321200 ) ) ;
#3194 = EDGE_CURVE ( 'NONE', #2449, #3922, #539, .T. ) ;
#3195 = ADVANCED_FACE ( 'NONE', ( #2338 ), #80, .F. ) ;
#3196 = CARTESIAN_POINT ( 'NONE',  ( -1.467231017252008000, 18.29233281045242200, -0.4850758126957864200 ) ) ;
#3197 = LINE ( 'NONE', #194, #1996 ) ;
#3198 = DIRECTION ( 'NONE',  ( -0.0000000000000000000, -1.000000000000000000, -0.0000000000000000000 ) ) ;
#3199 = CARTESIAN_POINT ( 'NONE',  ( -1.153703485182825400, 16.22149947711909200, 1.028121427814281600 ) ) ;
#3200 = ADVANCED_FACE ( 'NONE', ( #4096 ), #4849, .F. ) ;
#3201 = CARTESIAN_POINT ( 'NONE',  ( -1.536457905423971100, 3.796499477119124100, -1.724131792580214700 ) ) ;
#3202 = ORIENTED_EDGE ( 'NONE', *, *, #147, .F. ) ;
#3203 = CARTESIAN_POINT ( 'NONE',  ( -0.4057724631436938600, 10.73816614378577600, -1.958404633406432700 ) ) ;
#3204 = CARTESIAN_POINT ( 'NONE',  ( 1.231842093776472900, 2.511072071334778100, -1.097754551802544900 ) ) ;
#3205 = CARTESIAN_POINT ( 'NONE',  ( 3.999334749797389200, 10.00000000000000000, -0.07294901687515871500 ) ) ;
#3206 = CARTESIAN_POINT ( 'NONE',  ( -0.1189804768297045200, 8.261093549569409300, 2.067131037219797700 ) ) ;
#3207 = VECTOR ( 'NONE', #1958, 1000.000000000000000 ) ;
#3208 = CARTESIAN_POINT ( 'NONE',  ( 1.493141931848975100, 21.90899947711907800, -1.330611577941795300 ) ) ;
#3209 = ORIENTED_EDGE ( 'NONE', *, *, #4091, .T. ) ;
#3210 = DIRECTION ( 'NONE',  ( 0.0000000000000000000, 1.000000000000000000, 0.0000000000000000000 ) ) ;
#3211 = CARTESIAN_POINT ( 'NONE',  ( 0.0000000000000000000, 0.4999999999999947800, 0.0000000000000000000 ) ) ;
#3212 = CARTESIAN_POINT ( 'NONE',  ( 2.261370884561367100, 27.45066614378572800, -0.4685456816509410100 ) ) ;
#3213 = VERTEX_POINT ( 'NONE', #5371 ) ;
#3214 = CARTESIAN_POINT ( 'NONE',  ( -0.3135275320683701400, 16.77566614378575600, -1.513197240508571600 ) ) ;
#3215 =( BOUNDED_CURVE ( )  B_SPLINE_CURVE ( 2, ( #774, #1171, #1229, #1607, #1664, #4369, #2130, #1212, #1625 ),
 .UNSPECIFIED., .F., .F. ) 
 B_SPLINE_CURVE_WITH_KNOTS ( ( 3, 2, 2, 2, 3 ),
 ( 0.7944444444444446200, 0.7962962962962962800, 0.8000000000000000400, 0.8037037037037037000, 0.8055555555555556900 ),
 .UNSPECIFIED. ) 
 CURVE ( )  GEOMETRIC_REPRESENTATION_ITEM ( )  RATIONAL_B_SPLINE_CURVE ( ( 0.9330127018922194100, 0.9330127018922254000, 1.000000000000000000, 0.8660254037844387100, 1.000000000000000000, 0.8660254037844387100, 1.000000000000000000, 0.9330127018922154100, 0.9330127018922194100 ) ) 
 REPRESENTATION_ITEM ( '' )  );
#3216 = CARTESIAN_POINT ( 'NONE',  ( 7.511572993685800100E-016, 10.00000000000000000, 3.500000000000000400 ) ) ;
#3217 = CARTESIAN_POINT ( 'NONE',  ( -1.136605634097936500, 4.786072071335485000, 1.730697752768531900 ) ) ;
#3218 = ORIENTED_EDGE ( 'NONE', *, *, #3895, .T. ) ;
#3219 = CARTESIAN_POINT ( 'NONE',  ( -1.153703485182825400, 14.82149947711909400, 1.028121427814281600 ) ) ;
#3220 = CARTESIAN_POINT ( 'NONE',  ( 0.4057724631453182900, 3.388166143785793900, 1.958404633409422900 ) ) ;
#3221 = CARTESIAN_POINT ( 'NONE',  ( -1.898914394991857200, 8.754832810452445100, -0.6277930554631422400 ) ) ;
#3222 = CARTESIAN_POINT ( 'NONE',  ( 7.511572993685799100E-016, 0.0000000000000000000, 3.500000000000000000 ) ) ;
#3223 = DIRECTION ( 'NONE',  ( 0.0000000000000000000, 1.000000000000000000, 0.0000000000000000000 ) ) ;
#3224 = ORIENTED_EDGE ( 'NONE', *, *, #3149, .T. ) ;
#3225 = CARTESIAN_POINT ( 'NONE',  ( 0.1189804768313018300, 5.198593549569414700, -2.067131037216795300 ) ) ;
#3226 = CARTESIAN_POINT ( 'NONE',  ( 0.7397092485561765900, 3.256367515826133400, -1.650000000000113400 ) ) ;
#3227 = CARTESIAN_POINT ( 'NONE',  ( 0.6277930554654759200, -0.8576671895476062300, -1.898914394991165100 ) ) ;
#3228 = CARTESIAN_POINT ( 'NONE',  ( 1.493141931848975100, 24.00899947711906900, -1.330611577941795300 ) ) ;
#3229 = EDGE_CURVE ( 'NONE', #4618, #4483, #969, .T. ) ;
#3230 = DIRECTION ( 'NONE',  ( 0.4999999999999996100, 0.0000000000000000000, -0.8660254037844389300 ) ) ;
#3231 = CARTESIAN_POINT ( 'NONE',  ( -0.7249129791349598900, 18.72983281045241800, 2.192677474235640700 ) ) ;
#3232 = CARTESIAN_POINT ( 'NONE',  ( 1.865630979764672600, 6.652738738001435300, -0.3865501873620552100 ) ) ;
#3233 = CARTESIAN_POINT ( 'NONE',  ( -1.747289668290160200, -1.336833856214198600, 0.3620304100784984500 ) ) ;
#3234 = ORIENTED_EDGE ( 'NONE', *, *, #2563, .F. ) ;
#3235 = CARTESIAN_POINT ( 'NONE',  ( -0.3135275320683701400, 14.67566614378576300, -1.513197240508571600 ) ) ;
#3236 = EDGE_LOOP ( 'NONE', ( #2719, #149, #5138, #463 ) ) ;
#3237 = CARTESIAN_POINT ( 'NONE',  ( -2.863079496638695400, -1.894389186534241900E-015, 2.041000845713050200 ) ) ;
#3238 = CARTESIAN_POINT ( 'NONE',  ( -2.261370884559743600, 3.300666143785788700, 0.4685456816539321200 ) ) ;
#3239 = CARTESIAN_POINT ( 'NONE',  ( -1.187172366213856000, 13.94649947711909600, -1.332182035470070400 ) ) ;
#3240 = CARTESIAN_POINT ( 'NONE',  ( 1.536457905425595300, 2.746499477119128700, 1.724131792583205100 ) ) ;
#3241 = CARTESIAN_POINT ( 'NONE',  ( -2.261370884559743600, 8.113166143785779400, 0.4685456816539321200 ) ) ;
#3242 = VECTOR ( 'NONE', #415, 1000.000000000000000 ) ;
#3243 = ORIENTED_EDGE ( 'NONE', *, *, #4852, .T. ) ;
#3244 = CARTESIAN_POINT ( 'NONE',  ( -2.261370884559743600, -1.599333856214197400, 0.4685456816539321200 ) ) ;
#3245 = CARTESIAN_POINT ( 'NONE',  ( -2.261370884559737800, 3.300666143785789200, 0.4685456816539584300 ) ) ;
#3246 = CARTESIAN_POINT ( 'NONE',  ( -0.4057724631437416600, 4.438166143785789300, -1.958404633406423100 ) ) ;
#3247 = CARTESIAN_POINT ( 'NONE',  ( 0.4057724631453182900, 24.47566614378573700, 1.958404633409422900 ) ) ;
#3248 = VECTOR ( 'NONE', #423, 1000.000000000000000 ) ;
#3249 = CARTESIAN_POINT ( 'NONE',  ( -0.6277930554638668800, 2.017332810452455500, 1.898914394994148900 ) ) ;
#3250 = B_SPLINE_CURVE_WITH_KNOTS ( 'NONE', 3,
 ( #2961, #1626, #2980, #4338, #721, #3858, #2548, #1172 ),
 .UNSPECIFIED., .F., .F.,
 ( 4, 2, 2, 4 ),
 ( 2.529189314844504900E-007, 0.001001387654841959800, 0.001501955022797197200, 0.002002522390752434400 ),
 .UNSPECIFIED. ) ;
#3251 = CARTESIAN_POINT ( 'NONE',  ( -2.261370884559743600, 19.31316614378575000, 0.4685456816539321200 ) ) ;
#3252 = DIRECTION ( 'NONE',  ( -2.664535259100375700E-015, 0.0000000000000000000, 1.000000000000000000 ) ) ;
#3253 = AXIS2_PLACEMENT_3D ( 'NONE', #1667, #3060, #3041 ) ;
#3254 = CARTESIAN_POINT ( 'NONE',  ( -2.261370884559743600, 28.50066614378572500, 0.4685456816539321200 ) ) ;
#3255 = CARTESIAN_POINT ( 'NONE',  ( 1.187172366215480100, 15.78399947711909400, 1.332182035473060700 ) ) ;
#3256 = CARTESIAN_POINT ( 'NONE',  ( 1.679434534114806700, 9.816170527193881100, -0.8390346217414589300 ) ) ;
#3257 = CARTESIAN_POINT ( 'NONE',  ( -0.7249129791349598900, 4.817332810452453100, 2.192677474235640700 ) ) ;
#3258 = CARTESIAN_POINT ( 'NONE',  ( -3.999334749797389200, 0.4999999999999947800, 0.07294901687515480100 ) ) ;
#3259 = CARTESIAN_POINT ( 'NONE',  ( 0.5601173020771160700, 11.02983281045243700, -1.694212445547072400 ) ) ;
#3260 = FACE_OUTER_BOUND ( 'NONE', #5562, .T. ) ;
#3261 = ADVANCED_FACE ( 'NONE', ( #3038 ), #1275, .T. ) ;
#3262 = CARTESIAN_POINT ( 'NONE',  ( -1.536457905423971100, 3.096499477119127400, -1.724131792580214700 ) ) ;
#3263 = CARTESIAN_POINT ( 'NONE',  ( 1.898914394993481000, 8.404832810452449000, 0.6277930554661326200 ) ) ;
#3264 = CARTESIAN_POINT ( 'NONE',  ( 8.118505867571457200E-013, -0.8576671895476062300, 1.495331636292007700E-012 ) ) ;
#3265 = CARTESIAN_POINT ( 'NONE',  ( -1.136605634097938500, 8.198572071335481900, 1.730697752768530800 ) ) ;
#3266 = CARTESIAN_POINT ( 'NONE',  ( 1.991686324884295500, 0.04999999999912807500, -0.1821691062490759800 ) ) ;
#3267 = CARTESIAN_POINT ( 'NONE',  ( 0.4057724631453730700, 2.775666143785791900, 1.958404633409411600 ) ) ;
#3268 = ORIENTED_EDGE ( 'NONE', *, *, #1750, .F. ) ;
#3269 = AXIS2_PLACEMENT_3D ( 'NONE', #5396, #3087, #3066 ) ;
#3270 = CARTESIAN_POINT ( 'NONE',  ( -0.6277930554638734300, 6.917332810452442100, 1.898914394994154700 ) ) ;
#3271 = CARTESIAN_POINT ( 'NONE',  ( -0.7397092485551969300, 5.914722327394764900, 1.650000000002382200 ) ) ;
#3272 = CARTESIAN_POINT ( 'NONE',  ( -0.1691400011349813400, 3.525736410535266000, -1.649999999999660800 ) ) ;
#3273 = CARTESIAN_POINT ( 'NONE',  ( 1.898914394993492600, 7.704832810452449700, 0.6277930554660975400 ) ) ;
#3274 = VERTEX_POINT ( 'NONE', #4392 ) ;
#3275 = CARTESIAN_POINT ( 'NONE',  ( -1.493141931847350400, 25.05899947711907000, 1.330611577944787100 ) ) ;
#3276 = EDGE_CURVE ( 'NONE', #783, #1504, #4734, .T. ) ;
#3277 = CARTESIAN_POINT ( 'NONE',  ( 1.467231017253632000, 13.74233281045242800, 0.4850758126987769200 ) ) ;
#3278 = CARTESIAN_POINT ( 'NONE',  ( -1.898914394991881200, 2.454832810452459000, -0.6277930554630696300 ) ) ;
#3279 = ORIENTED_EDGE ( 'NONE', *, *, #818, .F. ) ;
#3280 = CARTESIAN_POINT ( 'NONE',  ( -2.697907474848065100, 0.04905938466086698400, 2.327087179443296300 ) ) ;
#3281 = CARTESIAN_POINT ( 'NONE',  ( -1.493141931847350400, 3.358999477119123600, 1.330611577944787100 ) ) ;
#3282 = CARTESIAN_POINT ( 'NONE',  ( -1.467231017252008000, 13.30483281045243700, -0.4850758126957864200 ) ) ;
#3283 = CARTESIAN_POINT ( 'NONE',  ( 2.261370884561367100, 0.7631661437858001700, -0.4685456816509410100 ) ) ;
#3284 = CARTESIAN_POINT ( 'NONE',  ( 1.493141931848975100, 9.921499477119107600, -1.330611577941795300 ) ) ;
#3285 = VERTEX_POINT ( 'NONE', #4870 ) ;
#3286 = CARTESIAN_POINT ( 'NONE',  ( -1.898914394991890500, 1.054832810452460700, -0.6277930554630417600 ) ) ;
#3287 = DIRECTION ( 'NONE',  ( 0.0000000000000000000, 0.0000000000000000000, 1.000000000000000000 ) ) ;
#3288 = CARTESIAN_POINT ( 'NONE',  ( -2.062843076693680300, 10.00000000000000000, -3.427050983124842800 ) ) ;
#3289 = CARTESIAN_POINT ( 'NONE',  ( 1.290360744686100300, 0.4056860697099568500, -1.032088017017535900 ) ) ;
#3290 = CARTESIAN_POINT ( 'NONE',  ( 1.747289668291783300, 9.600666143785776500, -0.3620304100755075700 ) ) ;
#3291 = VERTEX_POINT ( 'NONE', #5325 ) ;
#3292 = CARTESIAN_POINT ( 'NONE',  ( -1.865630979763049500, 8.611093549570126600, 0.3865501873650462100 ) ) ;
#3293 = B_SPLINE_CURVE_WITH_KNOTS ( 'NONE', 3,
 ( #3627, #931, #1397, #2264, #2699, #5384 ),
 .UNSPECIFIED., .F., .F.,
 ( 4, 2, 4 ),
 ( 0.002002522390752434400, 0.002997448974640014700, 0.003992375558527595100 ),
 .UNSPECIFIED. ) ;
#3294 = CARTESIAN_POINT ( 'NONE',  ( 1.898914394993481000, 25.29233281045240000, 0.6277930554661326200 ) ) ;
#3295 = CARTESIAN_POINT ( 'NONE',  ( -1.153703485182825400, 14.90899947711909600, 1.028121427814281600 ) ) ;
#3296 = ORIENTED_EDGE ( 'NONE', *, *, #1190, .T. ) ;
#3297 = CARTESIAN_POINT ( 'NONE',  ( 1.764277882118779700, 9.755310163211168700, -0.4339992561643054600 ) ) ;
#3298 = CARTESIAN_POINT ( 'NONE',  ( -0.7249129791349598900, 3.417332810452459000, 2.192677474235640700 ) ) ;
#3299 = CARTESIAN_POINT ( 'NONE',  ( 0.3135275320699943400, 10.73816614378577600, 1.513197240511562100 ) ) ;
#3300 = EDGE_CURVE ( 'NONE', #4608, #4644, #3944, .T. ) ;
#3301 = CARTESIAN_POINT ( 'NONE',  ( 1.536457905425595300, 2.046499477119131600, 1.724131792583205100 ) ) ;
#3302 = AXIS2_PLACEMENT_3D ( 'NONE', #5180, #1520, #665 ) ;
#3303 = VERTEX_POINT ( 'NONE', #3082 ) ;
#3304 = CARTESIAN_POINT ( 'NONE',  ( -0.4601466518261858000, 9.622341910033400200, -1.611935903420506100 ) ) ;
#3305 = DIRECTION ( 'NONE',  ( 0.3138965277323320600, 0.0000000000000000000, -0.9494571974963301700 ) ) ;
#3306 = CARTESIAN_POINT ( 'NONE',  ( 1.231842093776472900, 8.811072071334765000, -1.097754551802544900 ) ) ;
#3307 = CARTESIAN_POINT ( 'NONE',  ( 2.143592918638497900E-014, 2.464381477805524900, 1.650000000002736200 ) ) ;
#3308 = CARTESIAN_POINT ( 'NONE',  ( 1.747289668291783300, 24.91316614378573700, -0.3620304100755075700 ) ) ;
#3309 = ORIENTED_EDGE ( 'NONE', *, *, #1444, .T. ) ;
#3310 = CARTESIAN_POINT ( 'NONE',  ( 1.747289668291783300, 7.500666143785782200, -0.3620304100755075700 ) ) ;
#3311 = EDGE_CURVE ( 'NONE', #1635, #1717, #491, .T. ) ;
#3312 = CARTESIAN_POINT ( 'NONE',  ( -1.566604375869318000, 5.752760216236801200, -0.5179292707572200600 ) ) ;
#3313 = CARTESIAN_POINT ( 'NONE',  ( 1.566604375870941800, 7.502760216236795900, 0.5179292707602105600 ) ) ;
#3314 = CARTESIAN_POINT ( 'NONE',  ( -1.536457905423971100, 19.98399947711908100, -1.724131792580214700 ) ) ;
#3315 = CARTESIAN_POINT ( 'NONE',  ( -0.4057724631436938600, 25.52566614378573100, -1.958404633406432700 ) ) ;
#3316 = LINE ( 'NONE', #2625, #2121 ) ;
#3317 = CARTESIAN_POINT ( 'NONE',  ( -1.187172366213856000, 14.03399947711909600, -1.332182035470070400 ) ) ;
#3318 = VERTEX_POINT ( 'NONE', #2648 ) ;
#3319 = CARTESIAN_POINT ( 'NONE',  ( -0.6277930554638668800, 2.629832810452455800, 1.898914394994148900 ) ) ;
#3320 = CARTESIAN_POINT ( 'NONE',  ( 1.898914394993481000, 2.192332810452460200, 0.6277930554661326200 ) ) ;
#3321 = VECTOR ( 'NONE', #1427, 1000.000000000000000 ) ;
#3322 = CARTESIAN_POINT ( 'NONE',  ( -9.429543486215421600E-015, 4.914381477805626700, -1.649999999999745000 ) ) ;
#3323 = CARTESIAN_POINT ( 'NONE',  ( -1.747289668290160200, 12.66316614378576900, 0.3620304100784984500 ) ) ;
#3324 = CARTESIAN_POINT ( 'NONE',  ( 1.187172366215480100, 29.08399947711906100, 1.332182035473060700 ) ) ;
#3325 = DIRECTION ( 'NONE',  ( 0.0000000000000000000, 0.0000000000000000000, -1.000000000000000000 ) ) ;
#3326 = CARTESIAN_POINT ( 'NONE',  ( -0.6277930554638704300, 8.229832810452443000, 1.898914394994147800 ) ) ;
#3327 = CYLINDRICAL_SURFACE ( 'NONE', #664, 1.650000000000000100 ) ;
#3328 = CARTESIAN_POINT ( 'NONE',  ( 1.632741886374739200, 9.640614215647946800, 3.500000000000000000 ) ) ;
#3329 =( BOUNDED_CURVE ( )  B_SPLINE_CURVE ( 2, ( #4359, #725, #3377, #3883, #2573, #2966, #2536, #5248, #2944 ),
 .UNSPECIFIED., .F., .T. ) 
 B_SPLINE_CURVE_WITH_KNOTS ( ( 3, 2, 2, 2, 3 ),
 ( 0.8166666666666667600, 0.8185185185185185300, 0.8222222222222221900, 0.8259259259259259500, 0.8277777777777779500 ),
 .UNSPECIFIED. ) 
 CURVE ( )  GEOMETRIC_REPRESENTATION_ITEM ( )  RATIONAL_B_SPLINE_CURVE ( ( 0.9330127018922194100, 0.9330127018922234100, 1.000000000000000000, 0.8660254037844387100, 1.000000000000000000, 0.8660254037844387100, 1.000000000000000000, 0.9330127018922133000, 0.9330127018922194100 ) ) 
 REPRESENTATION_ITEM ( '' )  );
#3330 = CARTESIAN_POINT ( 'NONE',  ( 0.6277930554654843600, 0.2673328104524607700, -1.898914394991168700 ) ) ;
#3331 = CARTESIAN_POINT ( 'NONE',  ( 0.5601173020771160700, 25.02983281045240500, -1.694212445547072400 ) ) ;
#3332 = CARTESIAN_POINT ( 'NONE',  ( 0.5601173020771160700, 6.917332810452451900, -1.694212445547072400 ) ) ;
#3333 = DIRECTION ( 'NONE',  ( 0.0000000000000000000, 1.000000000000000000, 0.0000000000000000000 ) ) ;
#3334 = FACE_OUTER_BOUND ( 'NONE', #5584, .T. ) ;
#3335 = CARTESIAN_POINT ( 'NONE',  ( 1.267577771977211700, 4.436072071334777400, 1.422408728882475800 ) ) ;
#3336 = CARTESIAN_POINT ( 'NONE',  ( 0.1691400011358079300, 7.375736410535205700, 1.650000000002816800 ) ) ;
#3337 = CARTESIAN_POINT ( 'NONE',  ( 2.261370884561367100, 19.05066614378575100, -0.4685456816509410100 ) ) ;
#3338 = CARTESIAN_POINT ( 'NONE',  ( 1.187172366215480100, 12.28399947711910100, 1.332182035473060700 ) ) ;
#3339 = CARTESIAN_POINT ( 'NONE',  ( -1.536457905423971100, 27.59649947711906000, -1.724131792580214700 ) ) ;
#3340 = CARTESIAN_POINT ( 'NONE',  ( -1.566894299054375700, 0.3003824160931655200, 0.8125880711188147000 ) ) ;
#3341 = CARTESIAN_POINT ( 'NONE',  ( -1.898914394991857200, 2.542332810452459800, -0.6277930554631422400 ) ) ;
#3342 = CARTESIAN_POINT ( 'NONE',  ( -1.153703485182825400, 8.521499477119110800, 1.028121427814281600 ) ) ;
#3343 = CARTESIAN_POINT ( 'NONE',  ( -1.747289668290160200, 28.85066614378572700, 0.3620304100784984500 ) ) ;
#3344 = VERTEX_POINT ( 'NONE', #2211 ) ;
#3345 = EDGE_CURVE ( 'NONE', #5410, #3922, #3522, .T. ) ;
#3346 = DIRECTION ( 'NONE',  ( -0.0000000000000000000, -1.000000000000000000, -0.0000000000000000000 ) ) ;
#3347 = APPROVAL_DATE_TIME ( #4757, #5449 ) ;
#3348 = CARTESIAN_POINT ( 'NONE',  ( -0.3135275320683701400, 26.48816614378573000, -1.513197240508571600 ) ) ;
#3349 = VERTEX_POINT ( 'NONE', #3525 ) ;
#3350 = CARTESIAN_POINT ( 'NONE',  ( -1.467231017252008000, 6.392332810452448800, -0.4850758126957864200 ) ) ;
#3351 = CARTESIAN_POINT ( 'NONE',  ( 1.231842093776472900, 4.611072071334775500, -1.097754551802544900 ) ) ;
#3352 = CARTESIAN_POINT ( 'NONE',  ( 1.231842093776472900, 7.619426882903463900, -1.097754551802544900 ) ) ;
#3353 = CARTESIAN_POINT ( 'NONE',  ( 0.0000000000000000000, 10.00000000000000000, 0.0000000000000000000 ) ) ;
#3354 = CARTESIAN_POINT ( 'NONE',  ( 2.261370884561367100, 16.95066614378575700, -0.4685456816509410100 ) ) ;
#3355 = ORIENTED_EDGE ( 'NONE', *, *, #3311, .T. ) ;
#3356 = CARTESIAN_POINT ( 'NONE',  ( 1.153703485184449700, 11.75899947711910400, -1.028121427811290000 ) ) ;
#3357 = CARTESIAN_POINT ( 'NONE',  ( -0.7249129791349598900, 26.42983281045239600, 2.192677474235640700 ) ) ;
#3358 = DIRECTION ( 'NONE',  ( -0.0000000000000000000, -1.000000000000000000, -0.0000000000000000000 ) ) ;
#3359 = CARTESIAN_POINT ( 'NONE',  ( 1.493141931848975100, 0.9089994771191295400, -1.330611577941795300 ) ) ;
#3360 = EDGE_LOOP ( 'NONE', ( #2009, #596, #4193, #2354 ) ) ;
#3361 = CARTESIAN_POINT ( 'NONE',  ( 1.187172366215480100, 8.696499477119109800, 1.332182035473060700 ) ) ;
#3362 =( BOUNDED_CURVE ( )  B_SPLINE_CURVE ( 2, ( #3569, #1367, #425, #3160, #2690, #945, #893, #5376, #1809 ),
 .UNSPECIFIED., .F., .F. ) 
 B_SPLINE_CURVE_WITH_KNOTS ( ( 3, 2, 2, 2, 3 ),
 ( 0.1622239353974086500, 0.1629629629629629800, 0.1666666666666666300, 0.1703703703703703900, 0.1733350465085232700 ),
 .UNSPECIFIED. ) 
 CURVE ( )  GEOMETRIC_REPRESENTATION_ITEM ( )  RATIONAL_B_SPLINE_CURVE ( ( 0.9572025516542769200, 0.9732670516844266200, 1.000000000000000000, 0.8660254037844386000, 1.000000000000000000, 0.8660254037844386000, 1.000000000000000000, 0.8927583520998843000, 0.9572025516544304700 ) ) 
 REPRESENTATION_ITEM ( '' )  );
#3363 = CARTESIAN_POINT ( 'NONE',  ( -1.153703485182825400, 28.20899947711906100, 1.028121427814281600 ) ) ;
#3364 = CARTESIAN_POINT ( 'NONE',  ( -1.267577771975587600, 7.586072071334768000, -1.422408728879485300 ) ) ;
#3365 = CARTESIAN_POINT ( 'NONE',  ( 0.0000000000000000000, 10.00000000000000000, -1.650000000000000100 ) ) ;
#3366 = EDGE_LOOP ( 'NONE', ( #5489, #1709, #3977, #376 ) ) ;
#3367 =( BOUNDED_CURVE ( )  B_SPLINE_CURVE ( 2, ( #3742, #5041, #502, #2762, #98, #2344, #4108, #3225, #1897 ),
 .UNSPECIFIED., .F., .F. ) 
 B_SPLINE_CURVE_WITH_KNOTS ( ( 3, 2, 2, 2, 3 ),
 ( 0.7722222222222222500, 0.7740740740740740300, 0.7777777777777777900, 0.7814814814814814400, 0.7833333333333334400 ),
 .UNSPECIFIED. ) 
 CURVE ( )  GEOMETRIC_REPRESENTATION_ITEM ( )  RATIONAL_B_SPLINE_CURVE ( ( 0.9330127018922194100, 0.9330127018922214100, 1.000000000000000000, 0.8660254037844387100, 1.000000000000000000, 0.8660254037844387100, 1.000000000000000000, 0.9330127018922154100, 0.9330127018922194100 ) ) 
 REPRESENTATION_ITEM ( '' )  );
#3368 = CARTESIAN_POINT ( 'NONE',  ( 0.5601173020771160700, 7.617332810452448500, -1.694212445547072400 ) ) ;
#3369 = CARTESIAN_POINT ( 'NONE',  ( 2.062843076693681200, 9.500000000000005300, -3.427050983124842800 ) ) ;
#3370 = VERTEX_POINT ( 'NONE', #36 ) ;
#3371 = CARTESIAN_POINT ( 'NONE',  ( -9.429543486215421600E-015, 8.206026666236926600, -1.649999999999745000 ) ) ;
#3372 = CARTESIAN_POINT ( 'NONE',  ( 0.6277930554654996800, 6.479832810452446500, -1.898914394991155100 ) ) ;
#3373 = CARTESIAN_POINT ( 'NONE',  ( 1.493141931848975100, 18.40899947711908200, -1.330611577941795300 ) ) ;
#3374 = CARTESIAN_POINT ( 'NONE',  ( -0.3135275320683701400, 11.87566614378576800, -1.513197240508571600 ) ) ;
#3375 = CARTESIAN_POINT ( 'NONE',  ( -1.493141931847350400, 27.77149947711906100, 1.330611577944787100 ) ) ;
#3376 = VERTEX_POINT ( 'NONE', #5345 ) ;
#3377 = CARTESIAN_POINT ( 'NONE',  ( -1.493141931847303600, 4.058999477119122900, 1.330611577944840000 ) ) ;
#3378 = CARTESIAN_POINT ( 'NONE',  ( -1.541793917614338500, 0.2264886346961691400, -0.9806136376141131300 ) ) ;
#3379 = CARTESIAN_POINT ( 'NONE',  ( 1.898914394993481000, 0.09233281045246608000, 0.6277930554661326200 ) ) ;
#3380 = CARTESIAN_POINT ( 'NONE',  ( 0.5601173020771160700, 9.629832810452439800, -1.694212445547072400 ) ) ;
#3381 = EDGE_CURVE ( 'NONE', #4212, #3213, #1305, .T. ) ;
#3382 = CARTESIAN_POINT ( 'NONE',  ( 1.467231017253632000, 29.84233281045238700, 0.4850758126987769200 ) ) ;
#3383 = VERTEX_POINT ( 'NONE', #5471 ) ;
#3384 = ORIENTED_EDGE ( 'NONE', *, *, #5743, .F. ) ;
#3385 = CARTESIAN_POINT ( 'NONE',  ( 1.267577771977211700, 1.144426882903480300, 1.422408728882475800 ) ) ;
#3386 = CARTESIAN_POINT ( 'NONE',  ( -0.7249129791349598900, 11.11733281045243700, 2.192677474235640700 ) ) ;
#3387 = CARTESIAN_POINT ( 'NONE',  ( 1.153703485184449700, 3.358999477119123600, -1.028121427811290000 ) ) ;
#3388 = EDGE_CURVE ( 'NONE', #99, #5410, #2353, .T. ) ;
#3389 = VECTOR ( 'NONE', #4960, 1000.000000000000000 ) ;
#3390 = CARTESIAN_POINT ( 'NONE',  ( -0.1691400011349814000, 8.217381598966561300, -1.649999999999660800 ) ) ;
#3391 = CARTESIAN_POINT ( 'NONE',  ( 0.6277930554654989100, 1.667332810452456100, -1.898914394991155800 ) ) ;
#3392 = CARTESIAN_POINT ( 'NONE',  ( 1.865630979764672600, 4.061093549570138400, -0.3865501873620552100 ) ) ;
#3393 = CARTESIAN_POINT ( 'NONE',  ( -2.261370884559743600, 16.60066614378575900, 0.4685456816539321200 ) ) ;
#3394 = CARTESIAN_POINT ( 'NONE',  ( -0.5601173020754920400, 12.16733281045243800, 1.694212445550063300 ) ) ;
#3395 = CYLINDRICAL_SURFACE ( 'NONE', #1446, 1.650000000000000100 ) ;
#3396 = CARTESIAN_POINT ( 'NONE',  ( -1.898914394991857200, 26.25483281045239900, -0.6277930554631422400 ) ) ;
#3397 = CARTESIAN_POINT ( 'NONE',  ( 1.936491673103708300, 10.00000000000000000, 3.500000000000000000 ) ) ;
#3398 = CARTESIAN_POINT ( 'NONE',  ( 2.261370884561365800, 0.8506661437857956400, -0.4685456816509455700 ) ) ;
#3399 = CARTESIAN_POINT ( 'NONE',  ( 0.4057724631453182900, 0.6756661437857975900, 1.958404633409422900 ) ) ;
#3400 = CARTESIAN_POINT ( 'NONE',  ( -0.3135275320683701400, 6.888166143785783300, -1.513197240508571600 ) ) ;
#3401 = CONICAL_SURFACE ( 'NONE', #883, 4.000000000000000000, 0.7853981633974533900 ) ;
#3402 =( BOUNDED_CURVE ( )  B_SPLINE_CURVE ( 2, ( #4912, #4397, #5309, #2217, #3127, #1330, #3511, #4478, #1772 ),
 .UNSPECIFIED., .F., .T. ) 
 B_SPLINE_CURVE_WITH_KNOTS ( ( 3, 2, 2, 2, 3 ),
 ( 0.1288906020640788700, 0.1296296296296296500, 0.1333333333333333000, 0.1370370370370370700, 0.1400017131751865000 ),
 .UNSPECIFIED. ) 
 CURVE ( )  GEOMETRIC_REPRESENTATION_ITEM ( )  RATIONAL_B_SPLINE_CURVE ( ( 0.9572025516544313600, 0.9732670516845550700, 1.000000000000000000, 0.8660254037844386000, 1.000000000000000000, 0.8660254037844386000, 1.000000000000000000, 0.8927583521000087600, 0.9572025516542808100 ) ) 
 REPRESENTATION_ITEM ( '' )  );
#3403 = CARTESIAN_POINT ( 'NONE',  ( -0.3135275320683701400, 24.47566614378573700, -1.513197240508571600 ) ) ;
#3404 = CARTESIAN_POINT ( 'NONE',  ( -0.8789589066093956800, 9.789394861643007300, 1.619884709640049500 ) ) ;
#3405 = CARTESIAN_POINT ( 'NONE',  ( -0.3347622820936569900, 1.927738738001446600, -1.615683822561260000 ) ) ;
#3406 = CARTESIAN_POINT ( 'NONE',  ( 1.536457905425595300, 11.93399947711910000, 1.724131792583205100 ) ) ;
#3407 = CARTESIAN_POINT ( 'NONE',  ( -1.898914394991871400, 6.654832810452447200, -0.6277930554630994900 ) ) ;
#3408 = CARTESIAN_POINT ( 'NONE',  ( -0.3135275320683701400, 22.98816614378574000, -1.513197240508571600 ) ) ;
#3409 = CARTESIAN_POINT ( 'NONE',  ( 1.747289668291783300, 5.400666143785787900, -0.3620304100755075700 ) ) ;
#3410 = CARTESIAN_POINT ( 'NONE',  ( -2.860836377129807300, 9.987351328781137700, 2.044886042669894300 ) ) ;
#3411 = CARTESIAN_POINT ( 'NONE',  ( 0.3347622820952812500, 0.8777387380014514100, 1.615683822564250500 ) ) ;
#3412 = CARTESIAN_POINT ( 'NONE',  ( 1.898914394993481000, 16.19233281045242400, 0.6277930554661326200 ) ) ;
#3413 = ORIENTED_EDGE ( 'NONE', *, *, #72, .T. ) ;
#3414 = CARTESIAN_POINT ( 'NONE',  ( -2.261370884559743600, 28.41316614378572700, 0.4685456816539321200 ) ) ;
#3415 = ORIENTED_EDGE ( 'NONE', *, *, #5598, .F. ) ;
#3416 = CARTESIAN_POINT ( 'NONE',  ( -9.429543486215421600E-015, 0.7143814778056383200, -1.649999999999745000 ) ) ;
#3417 = CARTESIAN_POINT ( 'NONE',  ( 1.153703485184449700, 8.171499477119113000, -1.028121427811290000 ) ) ;
#3418 = DATE_AND_TIME ( #3554, #4762 ) ;
#3419 = CARTESIAN_POINT ( 'NONE',  ( -1.747289668290160200, 24.65066614378573800, 0.3620304100784984500 ) ) ;
#3420 = VERTEX_POINT ( 'NONE', #1783 ) ;
#3421 = EDGE_CURVE ( 'NONE', #1717, #3843, #1214, .T. ) ;
#3422 = CARTESIAN_POINT ( 'NONE',  ( -0.7397092485551968200, 2.206367515826077600, 1.650000000002381600 ) ) ;
#3423 = CARTESIAN_POINT ( 'NONE',  ( 2.261370884561349800, 4.963166143785789700, -0.4685456816510229500 ) ) ;
#3424 = CARTESIAN_POINT ( 'NONE',  ( 0.4057724631453182900, 12.57566614378576700, 1.958404633409422900 ) ) ;
#3425 = FACE_OUTER_BOUND ( 'NONE', #3557, .T. ) ;
#3426 = AXIS2_PLACEMENT_3D ( 'NONE', #5784, #4887, #320 ) ;
#3427 = CARTESIAN_POINT ( 'NONE',  ( -1.187172366213856000, 23.74649947711907300, -1.332182035470070400 ) ) ;
#3428 = CARTESIAN_POINT ( 'NONE',  ( -1.747289668290160200, 5.050666143785789200, 0.3620304100784984500 ) ) ;
#3429 = ORIENTED_EDGE ( 'NONE', *, *, #4956, .T. ) ;
#3430 = CARTESIAN_POINT ( 'NONE',  ( 0.6277930554654681500, 1.579832810452460600, -1.898914394991157600 ) ) ;
#3431 = CARTESIAN_POINT ( 'NONE',  ( -1.898914394991857200, 15.84233281045242800, -0.6277930554631422400 ) ) ;
#3432 = ORIENTED_EDGE ( 'NONE', *, *, #1040, .T. ) ;
#3433 = CARTESIAN_POINT ( 'NONE',  ( -1.536457905423971100, 25.49649947711907000, -1.724131792580214700 ) ) ;
#3434 = DIRECTION ( 'NONE',  ( 0.0000000000000000000, 0.0000000000000000000, -1.000000000000000000 ) ) ;
#3435 = CARTESIAN_POINT ( 'NONE',  ( -0.6277930554638524500, -0.8576671895476062300, 1.898914394994155600 ) ) ;
#3436 = CARTESIAN_POINT ( 'NONE',  ( -1.536457905423971100, -1.016000522880866800, -1.724131792580214700 ) ) ;
#3437 = CARTESIAN_POINT ( 'NONE',  ( -0.5601173020754920400, 3.679832810452458200, 1.694212445550063300 ) ) ;
#3438 = ORIENTED_EDGE ( 'NONE', *, *, #3388, .F. ) ;
#3439 = ADVANCED_FACE ( 'NONE', ( #4726, #5365 ), #4073, .F. ) ;
#3440 = CARTESIAN_POINT ( 'NONE',  ( -1.187172366213856000, 25.93399947711906600, -1.332182035470070400 ) ) ;
#3441 = CARTESIAN_POINT ( 'NONE',  ( 1.877376385075471400, 9.914152922399452500, 0.5949592772661953500 ) ) ;
#3442 = CARTESIAN_POINT ( 'NONE',  ( 8.118505867571457200E-013, -0.8576671895476062300, 1.495331636292007700E-012 ) ) ;
#3443 = CARTESIAN_POINT ( 'NONE',  ( -0.4057724631436938600, 12.92566614378576700, -1.958404633406432700 ) ) ;
#3444 = CARTESIAN_POINT ( 'NONE',  ( -1.187172366213856000, 30.04649947711905600, -1.332182035470070400 ) ) ;
#3445 = CARTESIAN_POINT ( 'NONE',  ( 1.747289668291783300, 22.11316614378574000, -0.3620304100755075700 ) ) ;
#3446 = ORIENTED_EDGE ( 'NONE', *, *, #1976, .F. ) ;
#3447 = CARTESIAN_POINT ( 'NONE',  ( 1.187172366215480100, 4.583999477119120600, 1.332182035473060700 ) ) ;
#3448 = CARTESIAN_POINT ( 'NONE',  ( -2.694057138430711700, 9.939505841580464500, 2.333756157744383100 ) ) ;
#3449 = CARTESIAN_POINT ( 'NONE',  ( 0.7397092485561767000, 0.6647223273948353900, -1.650000000000113400 ) ) ;
#3450 = CARTESIAN_POINT ( 'NONE',  ( 0.6277930554654942400, 0.1798328104524623800, -1.898914394991149300 ) ) ;
#3451 = CARTESIAN_POINT ( 'NONE',  ( -1.493141931847350400, 14.55899947711909600, 1.330611577944787100 ) ) ;
#3452 = ORIENTED_EDGE ( 'NONE', *, *, #2292, .T. ) ;
#3453 = CARTESIAN_POINT ( 'NONE',  ( 2.261370884561367100, 23.16316614378574100, -0.4685456816509410100 ) ) ;
#3454 = CARTESIAN_POINT ( 'NONE',  ( 3.031088913245535200, 0.0000000000000000000, -1.750000000000000400 ) ) ;
#3455 = CYLINDRICAL_SURFACE ( 'NONE', #1540, 2.000000000000000000 ) ;
#3456 = CARTESIAN_POINT ( 'NONE',  ( 0.3135275320699943400, 3.038166143785790800, 1.513197240511562100 ) ) ;
#3457 = ORIENTED_EDGE ( 'NONE', *, *, #2697, .T. ) ;
#3458 = EDGE_CURVE ( 'NONE', #5326, #5514, #14, .T. ) ;
#3459 = CARTESIAN_POINT ( 'NONE',  ( -0.5601173020754920400, 24.06733281045240200, 1.694212445550063300 ) ) ;
#3460 = CARTESIAN_POINT ( 'NONE',  ( 8.778253695876226200E-016, 4.214381477805628300, -1.649999999999745200 ) ) ;
#3461 = DIRECTION ( 'NONE',  ( 0.0000000000000000000, 0.0000000000000000000, -1.000000000000000000 ) ) ;
#3462 = CARTESIAN_POINT ( 'NONE',  ( -1.536457905423971100, 11.58399947711910200, -1.724131792580214700 ) ) ;
#3463 = CARTESIAN_POINT ( 'NONE',  ( 1.747289668291783300, 23.51316614378573900, -0.3620304100755075700 ) ) ;
#3464 = CARTESIAN_POINT ( 'NONE',  ( 1.467231017253632000, 5.342332810452453500, 0.4850758126987769200 ) ) ;
#3465 = EDGE_CURVE ( 'NONE', #2143, #4076, #5518, .T. ) ;
#3466 = CARTESIAN_POINT ( 'NONE',  ( 1.493141931848920700, 0.8214994771191321800, -1.330611577941856600 ) ) ;
#3467 = CARTESIAN_POINT ( 'NONE',  ( -0.7249129791349598900, 14.52983281045242900, 2.192677474235640700 ) ) ;
#3468 = CIRCLE ( 'NONE', #2895, 4.000000000000000000 ) ;
#3469 = CARTESIAN_POINT ( 'NONE',  ( -1.898914394991857200, 15.14233281045242700, -0.6277930554631422400 ) ) ;
#3470 = LINE ( 'NONE', #262, #4102 ) ;
#3471 =( BOUNDED_CURVE ( )  B_SPLINE_CURVE ( 2, ( #5465, #1682, #5296, #1265, #4606, #2854, #501, #2780, #5572 ),
 .UNSPECIFIED., .F., .T. ) 
 B_SPLINE_CURVE_WITH_KNOTS ( ( 3, 2, 2, 2, 3 ),
 ( 0.7388888888888890400, 0.7407407407407407000, 0.7444444444444444600, 0.7481481481481481200, 0.7500000000000001100 ),
 .UNSPECIFIED. ) 
 CURVE ( )  GEOMETRIC_REPRESENTATION_ITEM ( )  RATIONAL_B_SPLINE_CURVE ( ( 0.9330127018922194100, 0.9330127018922254000, 1.000000000000000000, 0.8660254037844387100, 1.000000000000000000, 0.8660254037844387100, 1.000000000000000000, 0.9330127018922154100, 0.9330127018922194100 ) ) 
 REPRESENTATION_ITEM ( '' )  );
#3472 = CARTESIAN_POINT ( 'NONE',  ( 1.493141931848975100, 23.92149947711907400, -1.330611577941795300 ) ) ;
#3473 = CARTESIAN_POINT ( 'NONE',  ( -2.062843076693679400, 0.4999999999999947800, -3.427050983124843200 ) ) ;
#3474 = CARTESIAN_POINT ( 'NONE',  ( 1.467231017253632000, 6.654832810452447200, 0.4850758126987769200 ) ) ;
#3475 = CARTESIAN_POINT ( 'NONE',  ( -1.153703485182825400, 24.70899947711906800, 1.028121427814281600 ) ) ;
#3476 = CARTESIAN_POINT ( 'NONE',  ( -0.7397092485552133600, 1.714722327394773600, 1.650000000002363100 ) ) ;
#3477 = CARTESIAN_POINT ( 'NONE',  ( -1.153703485182825400, 21.82149947711908000, 1.028121427814281600 ) ) ;
#3478 = VERTEX_POINT ( 'NONE', #3597 ) ;
#3479 = CARTESIAN_POINT ( 'NONE',  ( -1.187172366213856000, 0.7339994771191334900, -1.332182035470070400 ) ) ;
#3480 = CARTESIAN_POINT ( 'NONE',  ( 1.536457905425595300, 16.74649947711909100, 1.724131792583205100 ) ) ;
#3481 = CARTESIAN_POINT ( 'NONE',  ( 1.267577771977211700, 9.336072071334763600, 1.422408728882475800 ) ) ;
#3482 = CARTESIAN_POINT ( 'NONE',  ( 1.898914394993481000, 15.49233281045242600, 0.6277930554661326200 ) ) ;
#3483 = VERTEX_POINT ( 'NONE', #1804 ) ;
#3484 = EDGE_CURVE ( 'NONE', #469, #3025, #4302, .T. ) ;
#3485 = LINE ( 'NONE', #3288, #3909 ) ;
#3486 = CARTESIAN_POINT ( 'NONE',  ( -1.493141931847350400, 22.87149947711907700, 1.330611577944787100 ) ) ;
#3487 = CARTESIAN_POINT ( 'NONE',  ( 3.691293455727338500, 0.2279604831668049200, -0.6064921890337525700 ) ) ;
#3488 = CARTESIAN_POINT ( 'NONE',  ( -0.6277930554638524500, -0.8576671895476062300, 1.898914394994155600 ) ) ;
#3489 = CARTESIAN_POINT ( 'NONE',  ( -2.694057138430712600, 0.06049415841953226900, -2.333756157744382200 ) ) ;
#3490 = ORIENTED_EDGE ( 'NONE', *, *, #1947, .T. ) ;
#3491 = CARTESIAN_POINT ( 'NONE',  ( -1.187172366213856000, 6.246499477119117600, -1.332182035470070400 ) ) ;
#3492 = CARTESIAN_POINT ( 'NONE',  ( -0.3135275320683701400, 21.67566614378574400, -1.513197240508571600 ) ) ;
#3493 = EDGE_CURVE ( 'NONE', #836, #5716, #5603, .T. ) ;
#3494 = CARTESIAN_POINT ( 'NONE',  ( -1.318251441922469300, 9.772916021765938800, -3.499999999999999100 ) ) ;
#3495 = VERTEX_POINT ( 'NONE', #1005 ) ;
#3496 = CARTESIAN_POINT ( 'NONE',  ( 1.898914394993481000, 10.59233281045244000, 0.6277930554661326200 ) ) ;
#3497 = CARTESIAN_POINT ( 'NONE',  ( -1.467231017252008000, 20.30483281045241400, -0.4850758126957864200 ) ) ;
#3498 = CARTESIAN_POINT ( 'NONE',  ( -1.467231017252008000, 0.09233281045246608000, -0.4850758126957864200 ) ) ;
#3499 = CARTESIAN_POINT ( 'NONE',  ( 0.0000000000000000000, 10.00000000000000000, 0.0000000000000000000 ) ) ;
#3500 = CARTESIAN_POINT ( 'NONE',  ( -0.7249129791349598900, 15.92983281045242600, 2.192677474235640700 ) ) ;
#3501 = ORIENTED_EDGE ( 'NONE', *, *, #442, .T. ) ;
#3502 = CARTESIAN_POINT ( 'NONE',  ( 1.318305917104203300, 9.762762643876072800, -3.500000000000000400 ) ) ;
#3503 =( BOUNDED_CURVE ( )  B_SPLINE_CURVE ( 2, ( #1088, #3271, #164, #4672, #3312, #3764, #5622, #1962, #1986 ),
 .UNSPECIFIED., .F., .T. ) 
 B_SPLINE_CURVE_WITH_KNOTS ( ( 3, 2, 2, 2, 3 ),
 ( 0.7711093979359245900, 0.7740740740740740300, 0.7777777777777777900, 0.7814814814814814400, 0.7822205090470322200 ),
 .UNSPECIFIED. ) 
 CURVE ( )  GEOMETRIC_REPRESENTATION_ITEM ( )  RATIONAL_B_SPLINE_CURVE ( ( 0.9572025516542808100, 0.8927583521000087600, 1.000000000000000000, 0.8660254037844386000, 1.000000000000000000, 0.8660254037844386000, 1.000000000000000000, 0.9732670516845551800, 0.9572025516544314700 ) ) 
 REPRESENTATION_ITEM ( '' )  );
#3504 = ORIENTED_EDGE ( 'NONE', *, *, #4433, .T. ) ;
#3505 = CARTESIAN_POINT ( 'NONE',  ( -1.493141931847350400, 25.67149947711906700, 1.330611577944787100 ) ) ;
#3506 = DIRECTION ( 'NONE',  ( -0.0000000000000000000, -1.000000000000000000, -0.0000000000000000000 ) ) ;
#3507 = CARTESIAN_POINT ( 'NONE',  ( 1.493141931848953400, 9.921499477119107600, -1.330611577941819900 ) ) ;
#3508 = CARTESIAN_POINT ( 'NONE',  ( 0.5601173020771160700, 5.429832810452450300, -1.694212445547072400 ) ) ;
#3509 = CARTESIAN_POINT ( 'NONE',  ( 1.187172366215480100, 22.78399947711907500, 1.332182035473060700 ) ) ;
#3510 = ORIENTED_EDGE ( 'NONE', *, *, #5439, .F. ) ;
#3511 = CARTESIAN_POINT ( 'NONE',  ( -1.231842093774848400, 2.861072071334775000, 1.097754551805536500 ) ) ;
#3512 = CARTESIAN_POINT ( 'NONE',  ( 0.0000000000000000000, 9.500000000000005300, 0.0000000000000000000 ) ) ;
#3513 = CARTESIAN_POINT ( 'NONE',  ( 1.898914394993481000, 7.792332810452447400, 0.6277930554661326200 ) ) ;
#3514 = CARTESIAN_POINT ( 'NONE',  ( 1.187172366215480100, 28.29649947711906000, 1.332182035473060700 ) ) ;
#3515 = CARTESIAN_POINT ( 'NONE',  ( -1.153703485182825400, 19.02149947711908600, 1.028121427814281600 ) ) ;
#3516 = CARTESIAN_POINT ( 'NONE',  ( 1.187172366215480100, 1.783999477119129000, 1.332182035473060700 ) ) ;
#3517 = CYLINDRICAL_SURFACE ( 'NONE', #422, 1.650000000000000100 ) ;
#3518 = EDGE_LOOP ( 'NONE', ( #553, #2155, #4487, #2919 ) ) ;
#3519 = CARTESIAN_POINT ( 'NONE',  ( 0.7249129791365839200, 16.27983281045242200, -2.192677474232650700 ) ) ;
#3520 = ADVANCED_FACE ( 'NONE', ( #1542 ), #5291, .T. ) ;
#3521 = CARTESIAN_POINT ( 'NONE',  ( 1.536457905425637800, 1.346499477119130500, 1.724131792583167400 ) ) ;
#3522 = LINE ( 'NONE', #2189, #3389 ) ;
#3523 = EDGE_LOOP ( 'NONE', ( #4409, #2116, #4367, #1611 ) ) ;
#3524 = CARTESIAN_POINT ( 'NONE',  ( 0.4057724631453182900, 22.28816614378574100, 1.958404633409422900 ) ) ;
#3525 = CARTESIAN_POINT ( 'NONE',  ( -0.6277930554638734300, 7.529832810452441900, 1.898914394994154700 ) ) ;
#3526 = CARTESIAN_POINT ( 'NONE',  ( -0.5601173020754920400, 0.8798328104524663100, 1.694212445550063300 ) ) ;
#3527 = EDGE_CURVE ( 'NONE', #4997, #1379, #2478, .T. ) ;
#3528 = FACE_OUTER_BOUND ( 'NONE', #2928, .T. ) ;
#3529 = CARTESIAN_POINT ( 'NONE',  ( 1.467231017253632000, 20.74233281045241700, 0.4850758126987769200 ) ) ;
#3530 = AXIS2_PLACEMENT_3D ( 'NONE', #2397, #5176, #2479 ) ;
#3531 = DIRECTION ( 'NONE',  ( -0.0000000000000000000, -1.000000000000000000, -0.0000000000000000000 ) ) ;
#3532 = CARTESIAN_POINT ( 'NONE',  ( -1.493141931847350400, 7.558999477119112200, 1.330611577944787100 ) ) ;
#3533 = LINE ( 'NONE', #3929, #792 ) ;
#3534 = CARTESIAN_POINT ( 'NONE',  ( -0.5601173020754920400, 29.57983281045239100, 1.694212445550063300 ) ) ;
#3535 = CARTESIAN_POINT ( 'NONE',  ( -0.3135275320683701400, 18.78816614378575200, -1.513197240508571600 ) ) ;
#3536 = CARTESIAN_POINT ( 'NONE',  ( -1.747289668290160200, -0.5493338562141981700, 0.3620304100784984500 ) ) ;
#3537 = CARTESIAN_POINT ( 'NONE',  ( 0.0000000000000000000, 10.00000000000000000, 0.0000000000000000000 ) ) ;
#3538 = CARTESIAN_POINT ( 'NONE',  ( 0.4057724631453182900, 15.28816614378576200, 1.958404633409422900 ) ) ;
#3539 = CARTESIAN_POINT ( 'NONE',  ( 1.936491673103707800, 9.500000000000005300, -3.500000000000000000 ) ) ;
#3540 = VECTOR ( 'NONE', #3717, 1000.000000000000000 ) ;
#3541 =( BOUNDED_CURVE ( )  B_SPLINE_CURVE ( 2, ( #3579, #2707, #4138, #5560, #1430, #550, #107, #3272, #1470 ),
 .UNSPECIFIED., .F., .F. ) 
 B_SPLINE_CURVE_WITH_KNOTS ( ( 3, 2, 2, 2, 3 ),
 ( 0.8377760646025913500, 0.8407407407407407900, 0.8444444444444444400, 0.8481481481481481000, 0.8488871757136988700 ),
 .UNSPECIFIED. ) 
 CURVE ( )  GEOMETRIC_REPRESENTATION_ITEM ( )  RATIONAL_B_SPLINE_CURVE ( ( 0.9572025516542770300, 0.8927583521000119800, 1.000000000000000000, 0.8660254037844386000, 1.000000000000000000, 0.8660254037844386000, 1.000000000000000000, 0.9732670516845551800, 0.9572025516544314700 ) ) 
 REPRESENTATION_ITEM ( '' )  );
#3542 = CARTESIAN_POINT ( 'NONE',  ( 1.493141931848949200, 1.521499477119131500, -1.330611577941824400 ) ) ;
#3543 = AXIS2_PLACEMENT_3D ( 'NONE', #2714, #4020, #3643 ) ;
#3544 = CARTESIAN_POINT ( 'NONE',  ( -1.493141931847350400, 22.17149947711907700, 1.330611577944787100 ) ) ;
#3545 = ORIENTED_EDGE ( 'NONE', *, *, #403, .F. ) ;
#3546 = CARTESIAN_POINT ( 'NONE',  ( -1.747289668290160200, 2.163166143785798300, 0.3620304100784984500 ) ) ;
#3547 = CARTESIAN_POINT ( 'NONE',  ( -1.153703485182825400, 21.90899947711907800, 1.028121427814281600 ) ) ;
#3548 = VERTEX_POINT ( 'NONE', #2806 ) ;
#3549 = AXIS2_PLACEMENT_3D ( 'NONE', #3097, #1359, #5368 ) ;
#3550 = CARTESIAN_POINT ( 'NONE',  ( 2.020667218593133000E-016, 10.00000000000000000, 1.650000000000000100 ) ) ;
#3551 = DIRECTION ( 'NONE',  ( 0.0000000000000000000, -1.000000000000000000, 0.0000000000000000000 ) ) ;
#3552 = CARTESIAN_POINT ( 'NONE',  ( 1.898914394993481000, 8.492332810452442300, 0.6277930554661326200 ) ) ;
#3553 = CARTESIAN_POINT ( 'NONE',  ( 1.187172366215480100, 27.59649947711906000, 1.332182035473060700 ) ) ;
#3554 = CALENDAR_DATE ( 2022, 13, 7 ) ;
#3555 = CARTESIAN_POINT ( 'NONE',  ( 0.3135275320699943400, 20.53816614378574800, 1.513197240511562100 ) ) ;
#3556 = CARTESIAN_POINT ( 'NONE',  ( -1.467231017252008000, -0.6076671895475331800, -0.4850758126957864200 ) ) ;
#3557 = EDGE_LOOP ( 'NONE', ( #5190, #1298, #4218, #4790 ) ) ;
#3558 = CARTESIAN_POINT ( 'NONE',  ( 0.4057724631453182900, 11.78816614378577100, 1.958404633409422900 ) ) ;
#3559 = CARTESIAN_POINT ( 'NONE',  ( -2.261370884559738700, 8.900666143785777300, 0.4685456816539539900 ) ) ;
#3560 = CARTESIAN_POINT ( 'NONE',  ( 0.0000000000000000000, 10.00000000000000000, 0.0000000000000000000 ) ) ;
#3561 = CARTESIAN_POINT ( 'NONE',  ( -9.429543486215421600E-015, 3.514381477805631300, -1.649999999999745000 ) ) ;
#3562 = ORIENTED_EDGE ( 'NONE', *, *, #752, .T. ) ;
#3563 = CARTESIAN_POINT ( 'NONE',  ( 2.261370884561360500, 7.850666143785777400, -0.4685456816509723200 ) ) ;
#3564 = CARTESIAN_POINT ( 'NONE',  ( -0.5601173020754920400, 1.579832810452467000, 1.694212445550063300 ) ) ;
#3565 = ORIENTED_EDGE ( 'NONE', *, *, #4502, .T. ) ;
#3566 = CARTESIAN_POINT ( 'NONE',  ( 1.467231017253632000, 23.54233281045240700, 0.4850758126987769200 ) ) ;
#3567 = EDGE_CURVE ( 'NONE', #4932, #3349, #1162, .T. ) ;
#3568 = CARTESIAN_POINT ( 'NONE',  ( -1.865630979763049500, 0.9110935495701436600, 0.3865501873650462100 ) ) ;
#3569 = CARTESIAN_POINT ( 'NONE',  ( -1.990681402645799100E-014, 3.656026666236823300, 1.650000000002735700 ) ) ;
#3570 = ORIENTED_EDGE ( 'NONE', *, *, #4707, .F. ) ;
#3571 = CARTESIAN_POINT ( 'NONE',  ( 1.467231017253632000, 19.25483281045241700, 0.4850758126987769200 ) ) ;
#3572 =( BOUNDED_CURVE ( )  B_SPLINE_CURVE ( 2, ( #4684, #3780, #5745, #1270, #5265, #813, #1216, #3956, #4869 ),
 .UNSPECIFIED., .F., .F. ) 
 B_SPLINE_CURVE_WITH_KNOTS ( ( 3, 2, 2, 2, 3 ),
 ( 0.3288906020640788300, 0.3296296296296296100, 0.3333333333333333700, 0.3370370370370370200, 0.3400017131751864600 ),
 .UNSPECIFIED. ) 
 CURVE ( )  GEOMETRIC_REPRESENTATION_ITEM ( )  RATIONAL_B_SPLINE_CURVE ( ( 0.9572025516544304700, 0.9732670516845543000, 1.000000000000000000, 0.8660254037844386000, 1.000000000000000000, 0.8660254037844386000, 1.000000000000000000, 0.8927583521000119800, 0.9572025516542769200 ) ) 
 REPRESENTATION_ITEM ( '' )  );
#3573 = CARTESIAN_POINT ( 'NONE',  ( -1.536457905423971100, 5.196499477119122200, -1.724131792580214700 ) ) ;
#3574 = CARTESIAN_POINT ( 'NONE',  ( 1.536457905425595300, 11.84649947711910300, 1.724131792583205100 ) ) ;
#3575 = ADVANCED_FACE ( 'NONE', ( #5005 ), #1133, .T. ) ;
#3576 = CARTESIAN_POINT ( 'NONE',  ( 0.1189804768313364300, 8.698593549569405800, -2.067131037216806800 ) ) ;
#3577 = ORIENTED_EDGE ( 'NONE', *, *, #5867, .F. ) ;
#3578 = CARTESIAN_POINT ( 'NONE',  ( 1.898914394993481000, 21.70483281045240900, 0.6277930554661326200 ) ) ;
#3579 = CARTESIAN_POINT ( 'NONE',  ( -1.990681402645799100E-014, 3.864381477805520800, 1.650000000002735700 ) ) ;
#3580 = CARTESIAN_POINT ( 'NONE',  ( -1.990681402645799100E-014, 1.764381477805523600, 1.650000000002735700 ) ) ;
#3581 = CARTESIAN_POINT ( 'NONE',  ( -1.153703485182825400, 2.921499477119123200, 1.028121427814281600 ) ) ;
#3582 = EDGE_LOOP ( 'NONE', ( #5321, #458, #1401, #1061 ) ) ;
#3583 = CARTESIAN_POINT ( 'NONE',  ( -0.5601173020754920400, 16.36733281045242800, 1.694212445550063300 ) ) ;
#3584 = FACE_OUTER_BOUND ( 'NONE', #1919, .T. ) ;
#3585 = ORIENTED_EDGE ( 'NONE', *, *, #3484, .T. ) ;
#3586 = CARTESIAN_POINT ( 'NONE',  ( 0.6277930554654870300, 7.179832810452444900, -1.898914394991159500 ) ) ;
#3587 = CARTESIAN_POINT ( 'NONE',  ( 1.153703485184449700, 15.87149947711909100, -1.028121427811290000 ) ) ;
#3588 = CARTESIAN_POINT ( 'NONE',  ( 0.7249129791365839200, 13.47983281045243100, -2.192677474232650700 ) ) ;
#3589 = LINE ( 'NONE', #4139, #4235 ) ;
#3590 = EDGE_CURVE ( 'NONE', #740, #5338, #4192, .T. ) ;
#3591 = CARTESIAN_POINT ( 'NONE',  ( -1.318251441922469100, 0.2270839782340621200, -3.499999999999999600 ) ) ;
#3592 = DIRECTION ( 'NONE',  ( 0.0000000000000000000, 0.0000000000000000000, -1.000000000000000000 ) ) ;
#3593 = VECTOR ( 'NONE', #333, 1000.000000000000000 ) ;
#3594 = CARTESIAN_POINT ( 'NONE',  ( -0.6277930554638668800, 2.629832810452455800, 1.898914394994148900 ) ) ;
#3595 = CARTESIAN_POINT ( 'NONE',  ( 0.0000000000000000000, 10.00000000000000000, 0.0000000000000000000 ) ) ;
#3596 = CARTESIAN_POINT ( 'NONE',  ( -1.566604375869318000, 4.144405404668106000, -0.5179292707572200600 ) ) ;
#3597 = CARTESIAN_POINT ( 'NONE',  ( 1.936491673103707800, 0.4999999999999947800, -3.500000000000000000 ) ) ;
#3598 = CARTESIAN_POINT ( 'NONE',  ( -1.747289668290160200, 2.863166143785790900, 0.3620304100784984500 ) ) ;
#3599 = EDGE_CURVE ( 'NONE', #2754, #3836, #3589, .T. ) ;
#3600 = ADVANCED_FACE ( 'NONE', ( #3814 ), #2185, .F. ) ;
#3601 = CARTESIAN_POINT ( 'NONE',  ( -1.153703485182825400, 19.10899947711908100, 1.028121427814281600 ) ) ;
#3602 = EDGE_CURVE ( 'NONE', #531, #200, #4629, .T. ) ;
#3603 = CARTESIAN_POINT ( 'NONE',  ( 1.231842093776472900, 3.419426882903471300, -1.097754551802544900 ) ) ;
#3604 = CARTESIAN_POINT ( 'NONE',  ( -9.429543486215421600E-015, 8.414381477805617800, -1.649999999999745000 ) ) ;
#3605 = CARTESIAN_POINT ( 'NONE',  ( 0.5601173020771160700, 15.22983281045243100, -1.694212445547072400 ) ) ;
#3606 = FACE_OUTER_BOUND ( 'NONE', #3705, .T. ) ;
#3607 = CARTESIAN_POINT ( 'NONE',  ( 2.261370884561367100, 5.663166143785786300, -0.4685456816509410100 ) ) ;
#3608 = CARTESIAN_POINT ( 'NONE',  ( 1.536457905425595300, 13.24649947711910300, 1.724131792583205100 ) ) ;
#3609 = CARTESIAN_POINT ( 'NONE',  ( -0.3347622820936569900, 4.727738738001437300, -1.615683822561260000 ) ) ;
#3610 = DIRECTION ( 'NONE',  ( -0.0000000000000000000, -1.000000000000000000, -0.0000000000000000000 ) ) ;
#3611 = ORIENTED_EDGE ( 'NONE', *, *, #1374, .F. ) ;
#3612 = CARTESIAN_POINT ( 'NONE',  ( 2.261370884561360000, 5.050666143785789200, -0.4685456816509744300 ) ) ;
#3613 = CARTESIAN_POINT ( 'NONE',  ( 1.136605634099549200, 7.936072071335478200, -1.730697752765563100 ) ) ;
#3614 = CARTESIAN_POINT ( 'NONE',  ( -2.261370884559743600, 20.80066614378574700, 0.4685456816539321200 ) ) ;
#3615 = ORIENTED_EDGE ( 'NONE', *, *, #355, .T. ) ;
#3616 = CARTESIAN_POINT ( 'NONE',  ( 0.3135275320699943400, -1.161833856214197900, 1.513197240511562100 ) ) ;
#3617 = CARTESIAN_POINT ( 'NONE',  ( -1.153703485182825400, 17.00899947711909000, 1.028121427814281600 ) ) ;
#3618 = CARTESIAN_POINT ( 'NONE',  ( -1.635141734011572400, 9.645890411935580400, 3.500000000000001300 ) ) ;
#3619 = ORIENTED_EDGE ( 'NONE', *, *, #3672, .T. ) ;
#3620 = CARTESIAN_POINT ( 'NONE',  ( -1.747289668290160200, 16.16316614378575900, 0.3620304100784984500 ) ) ;
#3621 = CARTESIAN_POINT ( 'NONE',  ( -1.898914394991857200, 5.954832810452455000, -0.6277930554631422400 ) ) ;
#3622 = CARTESIAN_POINT ( 'NONE',  ( -0.7249129791349598900, 11.72983281045243600, 2.192677474235640700 ) ) ;
#3623 = ORIENTED_EDGE ( 'NONE', *, *, #589, .T. ) ;
#3624 = ADVANCED_FACE ( 'NONE', ( #5807 ), #2886, .F. ) ;
#3625 = CARTESIAN_POINT ( 'NONE',  ( 2.143592918638497900E-014, 5.964381477805517300, 1.650000000002736200 ) ) ;
#3626 = DIRECTION ( 'NONE',  ( -0.0000000000000000000, -1.000000000000000000, -0.0000000000000000000 ) ) ;
#3627 = CARTESIAN_POINT ( 'NONE',  ( 3.031088913245535200, 0.0000000000000000000, -1.750000000000000400 ) ) ;
#3628 = DIRECTION ( 'NONE',  ( -0.0000000000000000000, -1.000000000000000000, -0.0000000000000000000 ) ) ;
#3629 = CARTESIAN_POINT ( 'NONE',  ( -0.6277930554638686500, 4.817332810452446900, 1.898914394994148500 ) ) ;
#3630 = EDGE_CURVE ( 'NONE', #4928, #819, #1973, .T. ) ;
#3631 = ORIENTED_EDGE ( 'NONE', *, *, #5817, .T. ) ;
#3632 = CARTESIAN_POINT ( 'NONE',  ( -1.493141931847330900, 1.958999477119128400, 1.330611577944809100 ) ) ;
#3633 = CARTESIAN_POINT ( 'NONE',  ( 0.4057724631453594200, 2.075666143785792600, 1.958404633409414700 ) ) ;
#3634 = EDGE_CURVE ( 'NONE', #3285, #4800, #4307, .T. ) ;
#3635 = CARTESIAN_POINT ( 'NONE',  ( -0.6277930554638734300, 6.917332810452442100, 1.898914394994154700 ) ) ;
#3636 = CARTESIAN_POINT ( 'NONE',  ( 0.7397092485561809200, 2.064722327394833200, -1.650000000000108900 ) ) ;
#3637 = CARTESIAN_POINT ( 'NONE',  ( 1.493141931848975100, 21.20899947711907900, -1.330611577941795300 ) ) ;
#3638 = CARTESIAN_POINT ( 'NONE',  ( 0.4057724631453182900, 28.67566614378572600, 1.958404633409422900 ) ) ;
#3639 = CARTESIAN_POINT ( 'NONE',  ( 1.747289668291783300, 19.40066614378574900, -0.3620304100755075700 ) ) ;
#3640 = ORIENTED_EDGE ( 'NONE', *, *, #554, .T. ) ;
#3641 =( BOUNDED_CURVE ( )  B_SPLINE_CURVE ( 2, ( #3270, #4589, #2327, #5067, #5490, #4177, #2450, #5621, #1526 ),
 .UNSPECIFIED., .F., .F. ) 
 B_SPLINE_CURVE_WITH_KNOTS ( ( 3, 2, 2, 2, 3 ),
 ( 0.7277777777777779700, 0.7296296296296296300, 0.7333333333333332800, 0.7370370370370370500, 0.7388888888888890400 ),
 .UNSPECIFIED. ) 
 CURVE ( )  GEOMETRIC_REPRESENTATION_ITEM ( )  RATIONAL_B_SPLINE_CURVE ( ( 0.9330127018922194100, 0.9330127018922254000, 1.000000000000000000, 0.8660254037844387100, 1.000000000000000000, 0.8660254037844387100, 1.000000000000000000, 0.9330127018922133000, 0.9330127018922194100 ) ) 
 REPRESENTATION_ITEM ( '' )  );
#3642 = CARTESIAN_POINT ( 'NONE',  ( 1.267577771977211700, 1.636072071334777600, 1.422408728882475800 ) ) ;
#3643 = DIRECTION ( 'NONE',  ( 0.3138965277323320600, 0.0000000000000000000, -0.9494571974963301700 ) ) ;
#3644 = CARTESIAN_POINT ( 'NONE',  ( 1.153703485184449700, 14.47149947711909600, -1.028121427811290000 ) ) ;
#3645 = CARTESIAN_POINT ( 'NONE',  ( 2.261370884561367100, 0.06316614378579918400, -0.4685456816509410100 ) ) ;
#3646 = EDGE_LOOP ( 'NONE', ( #2096, #268, #1174, #815 ) ) ;
#3647 = CARTESIAN_POINT ( 'NONE',  ( 0.4057724631453182900, 8.988166143785781200, 1.958404633409422900 ) ) ;
#3648 = CARTESIAN_POINT ( 'NONE',  ( -0.7249129791349598900, -1.482667189547531400, 2.192677474235640700 ) ) ;
#3649 = CARTESIAN_POINT ( 'NONE',  ( -2.510525938252073700E-016, 10.00000000000000000, 2.049999999999999800 ) ) ;
#3650 = CARTESIAN_POINT ( 'NONE',  ( 2.261370884561367100, 21.85066614378574500, -0.4685456816509410100 ) ) ;
#3651 = CIRCLE ( 'NONE', #4161, 3.500000000000000000 ) ;
#3652 = ORIENTED_EDGE ( 'NONE', *, *, #777, .T. ) ;
#3653 = CARTESIAN_POINT ( 'NONE',  ( 0.6277930554654870300, 7.179832810452444900, -1.898914394991159800 ) ) ;
#3654 = CARTESIAN_POINT ( 'NONE',  ( -1.990681402645799100E-014, 8.764381477805509100, 1.650000000002735700 ) ) ;
#3655 = CARTESIAN_POINT ( 'NONE',  ( 0.4057724631453403200, 9.775666143785773700, 1.958404633409418700 ) ) ;
#3656 = CARTESIAN_POINT ( 'NONE',  ( -1.898914394991857200, 20.74233281045241700, -0.6277930554631422400 ) ) ;
#3657 = CARTESIAN_POINT ( 'NONE',  ( 1.898914394993481000, 27.39233281045239500, 0.6277930554661326200 ) ) ;
#3658 = LINE ( 'NONE', #3227, #2610 ) ;
#3659 = ADVANCED_FACE ( 'NONE', ( #4580 ), #4088, .F. ) ;
#3660 = CARTESIAN_POINT ( 'NONE',  ( 0.3135275320699943400, 19.22566614378574800, 1.513197240511562100 ) ) ;
#3661 = AXIS2_PLACEMENT_3D ( 'NONE', #4295, #5210, #5798 ) ;
#3662 = CARTESIAN_POINT ( 'NONE',  ( -1.990681402645799100E-014, 1.556026666236827800, 1.650000000002735700 ) ) ;
#3663 = CARTESIAN_POINT ( 'NONE',  ( -0.8997350451083008200, 0.3371203039505720800, 1.462245510528496800 ) ) ;
#3664 = CARTESIAN_POINT ( 'NONE',  ( 1.493141931848975100, 5.108999477119118300, -1.330611577941795300 ) ) ;
#3665 = VECTOR ( 'NONE', #2393, 1000.000000000000000 ) ;
#3666 = CARTESIAN_POINT ( 'NONE',  ( -1.467231017252008000, 14.70483281045242800, -0.4850758126957864200 ) ) ;
#3667 = ADVANCED_FACE ( 'NONE', ( #5157 ), #5446, .F. ) ;
#3668 = CARTESIAN_POINT ( 'NONE',  ( -1.493141931847350400, 3.271499477119125900, 1.330611577944787100 ) ) ;
#3669 = CARTESIAN_POINT ( 'NONE',  ( 2.261370884561367100, 9.863166143785775800, -0.4685456816509410100 ) ) ;
#3670 = CARTESIAN_POINT ( 'NONE',  ( 1.267577771977211700, 6.044426882903464600, 1.422408728882475800 ) ) ;
#3671 = CARTESIAN_POINT ( 'NONE',  ( 0.4057724631453864000, 3.475666143785791200, 1.958404633409409600 ) ) ;
#3672 = EDGE_CURVE ( 'NONE', #3150, #2525, #987, .T. ) ;
#3673 = FACE_OUTER_BOUND ( 'NONE', #5133, .T. ) ;
#3674 = CARTESIAN_POINT ( 'NONE',  ( 0.0000000000000000000, 9.500000000000005300, 0.0000000000000000000 ) ) ;
#3675 = CARTESIAN_POINT ( 'NONE',  ( 0.1189804768313154300, 3.098593549569419500, -2.067131037216802800 ) ) ;
#3676 = CARTESIAN_POINT ( 'NONE',  ( 1.231842093776472900, 3.211072071334777300, -1.097754551802544900 ) ) ;
#3677 = CARTESIAN_POINT ( 'NONE',  ( -9.429543486215421600E-015, 0.5060266662369413700, -1.649999999999745000 ) ) ;
#3678 = AXIS2_PLACEMENT_3D ( 'NONE', #5623, #5169, #2471 ) ;
#3679 = CARTESIAN_POINT ( 'NONE',  ( -1.493141931847350400, 22.25899947711907600, 1.330611577944787100 ) ) ;
#3680 =( BOUNDED_CURVE ( )  B_SPLINE_CURVE ( 2, ( #137, #2422, #4210, #1463, #4665, #2835, #1979, #1538, #5597 ),
 .UNSPECIFIED., .F., .F. ) 
 B_SPLINE_CURVE_WITH_KNOTS ( ( 3, 2, 2, 2, 3 ),
 ( 0.7822205090470322200, 0.7851851851851852100, 0.7888888888888888600, 0.7925925925925926300, 0.7933316201581468400 ),
 .UNSPECIFIED. ) 
 CURVE ( )  GEOMETRIC_REPRESENTATION_ITEM ( )  RATIONAL_B_SPLINE_CURVE ( ( 0.9572025516544314700, 0.8927583520998836300, 1.000000000000000000, 0.8660254037844386000, 1.000000000000000000, 0.8660254037844386000, 1.000000000000000000, 0.9732670516844298400, 0.9572025516542808100 ) ) 
 REPRESENTATION_ITEM ( '' )  );
#3681 = CARTESIAN_POINT ( 'NONE',  ( -2.261370884559743600, 18.61316614378575100, 0.4685456816539321200 ) ) ;
#3682 = LINE ( 'NONE', #172, #3540 ) ;
#3683 = CARTESIAN_POINT ( 'NONE',  ( 3.999334749797389200, 0.4999999999999947800, 0.07294901687515610600 ) ) ;
#3684 = DIRECTION ( 'NONE',  ( -0.0000000000000000000, -1.000000000000000000, -0.0000000000000000000 ) ) ;
#3685 = DIRECTION ( 'NONE',  ( 0.0000000000000000000, 0.0000000000000000000, 1.000000000000000000 ) ) ;
#3686 = CARTESIAN_POINT ( 'NONE',  ( -2.261370884559743600, 27.80066614378572600, 0.4685456816539321200 ) ) ;
#3687 = EDGE_CURVE ( 'NONE', #2143, #5054, #2640, .T. ) ;
#3688 = CARTESIAN_POINT ( 'NONE',  ( -1.747289668290160200, 12.75066614378576800, 0.3620304100784984500 ) ) ;
#3689 = ORIENTED_EDGE ( 'NONE', *, *, #3465, .F. ) ;
#3690 = CARTESIAN_POINT ( 'NONE',  ( -1.536457905424007300, 2.396499477119125900, -1.724131792580182200 ) ) ;
#3691 = CARTESIAN_POINT ( 'NONE',  ( -0.6277930554638686500, 4.817332810452446900, 1.898914394994148500 ) ) ;
#3692 = DIRECTION ( 'NONE',  ( 0.0000000000000000000, 1.000000000000000000, 0.0000000000000000000 ) ) ;
#3693 = AXIS2_PLACEMENT_3D ( 'NONE', #5511, #1918, #5447 ) ;
#3694 = DATE_AND_TIME ( #5031, #4330 ) ;
#3695 = CARTESIAN_POINT ( 'NONE',  ( -1.747289668290160200, 13.36316614378576300, 0.3620304100784984500 ) ) ;
#3696 = CARTESIAN_POINT ( 'NONE',  ( 1.536457905425595300, 1.346499477119131000, 1.724131792583205100 ) ) ;
#3697 = ORIENTED_EDGE ( 'NONE', *, *, #5350, .T. ) ;
#3698 = CARTESIAN_POINT ( 'NONE',  ( -1.898914394991857200, 8.054832810452445800, -0.6277930554631422400 ) ) ;
#3699 = CARTESIAN_POINT ( 'NONE',  ( 2.261370884561352900, 3.650666143785791500, -0.4685456816510075200 ) ) ;
#3700 = CARTESIAN_POINT ( 'NONE',  ( -1.536457905424032400, 0.9964994771191363300, -1.724131792580159800 ) ) ;
#3701 = CARTESIAN_POINT ( 'NONE',  ( -1.536457905424031000, 3.183999477119126500, -1.724131792580161400 ) ) ;
#3702 = PERSON_AND_ORGANIZATION ( #1475, #5042 ) ;
#3703 = CARTESIAN_POINT ( 'NONE',  ( 0.3347622820952812500, 2.977738738001443100, 1.615683822564250500 ) ) ;
#3704 = CARTESIAN_POINT ( 'NONE',  ( -0.7249129791349598900, 23.71733281045240500, 2.192677474235640700 ) ) ;
#3705 = EDGE_LOOP ( 'NONE', ( #2295, #3243, #4565, #4833 ) ) ;
#3706 = CC_DESIGN_DATE_AND_TIME_ASSIGNMENT ( #4532, #2553, ( #3886 ) ) ;
#3707 = CARTESIAN_POINT ( 'NONE',  ( -1.898914394991881200, 1.842332810452460800, -0.6277930554630696300 ) ) ;
#3708 = CARTESIAN_POINT ( 'NONE',  ( 1.536457905425595300, 19.54649947711908500, 1.724131792583205100 ) ) ;
#3709 = CARTESIAN_POINT ( 'NONE',  ( 2.863079496638698500, 10.00000000000000000, 2.041000845713048900 ) ) ;
#3710 = CARTESIAN_POINT ( 'NONE',  ( -1.898914394991857200, 27.74233281045239300, -0.6277930554631422400 ) ) ;
#3711 = ORIENTED_EDGE ( 'NONE', *, *, #2820, .F. ) ;
#3712 = CARTESIAN_POINT ( 'NONE',  ( -0.5601173020754920400, 14.96733281045242900, 1.694212445550063300 ) ) ;
#3713 = DIRECTION ( 'NONE',  ( 0.0000000000000000000, 0.0000000000000000000, -1.000000000000000000 ) ) ;
#3714 = CARTESIAN_POINT ( 'NONE',  ( 2.261370884561360000, 5.663166143785786300, -0.4685456816509744300 ) ) ;
#3715 = CARTESIAN_POINT ( 'NONE',  ( -0.7249129791349598900, 6.217332810452450800, 2.192677474235640700 ) ) ;
#3716 = ORIENTED_EDGE ( 'NONE', *, *, #881, .F. ) ;
#3717 = DIRECTION ( 'NONE',  ( -0.0000000000000000000, -1.000000000000000000, -0.0000000000000000000 ) ) ;
#3718 = CARTESIAN_POINT ( 'NONE',  ( 1.187172366215480100, 13.59649947711910100, 1.332182035473060700 ) ) ;
#3719 = CARTESIAN_POINT ( 'NONE',  ( -2.261370884559743600, 1.113166143785794500, 0.4685456816539321200 ) ) ;
#3720 = CARTESIAN_POINT ( 'NONE',  ( -2.261370884559743600, 7.413166143785782800, 0.4685456816539321200 ) ) ;
#3721 =( BOUNDED_CURVE ( )  B_SPLINE_CURVE ( 2, ( #4350, #5203, #1222, #5181, #1140, #5680, #1163, #2953, #253 ),
 .UNSPECIFIED., .F., .T. ) 
 B_SPLINE_CURVE_WITH_KNOTS ( ( 3, 2, 2, 2, 3 ),
 ( 0.8277777777777779500, 0.8296296296296296100, 0.8333333333333333700, 0.8370370370370370200, 0.8388888888888890200 ),
 .UNSPECIFIED. ) 
 CURVE ( )  GEOMETRIC_REPRESENTATION_ITEM ( )  RATIONAL_B_SPLINE_CURVE ( ( 0.9330127018922194100, 0.9330127018922254000, 1.000000000000000000, 0.8660254037844387100, 1.000000000000000000, 0.8660254037844387100, 1.000000000000000000, 0.9330127018922154100, 0.9330127018922194100 ) ) 
 REPRESENTATION_ITEM ( '' )  );
#3722 = CARTESIAN_POINT ( 'NONE',  ( -2.261370884559731600, 7.500666143785782200, 0.4685456816539872400 ) ) ;
#3723 = CARTESIAN_POINT ( 'NONE',  ( -2.261370884559737300, 1.113166143785794500, 0.4685456816539602100 ) ) ;
#3724 = EDGE_LOOP ( 'NONE', ( #1527, #5587, #4765, #1426 ) ) ;
#3725 = CARTESIAN_POINT ( 'NONE',  ( 3.031088913245536100, 0.0000000000000000000, 1.749999999999999300 ) ) ;
#3726 = CARTESIAN_POINT ( 'NONE',  ( 1.231842093776472900, 2.719426882903471600, -1.097754551802544900 ) ) ;
#3727 = CARTESIAN_POINT ( 'NONE',  ( 2.372164331109874800, 9.773270944641995000, 2.891290854615055700 ) ) ;
#3728 =( BOUNDED_CURVE ( )  B_SPLINE_CURVE ( 2, ( #5590, #5136, #994, #5544, #1013, #5077, #4600, #1889, #2831 ),
 .UNSPECIFIED., .F., .F. ) 
 B_SPLINE_CURVE_WITH_KNOTS ( ( 3, 2, 2, 2, 3 ),
 ( 0.6722222222222223900, 0.6740740740740740500, 0.6777777777777778100, 0.6814814814814814700, 0.6833333333333334600 ),
 .UNSPECIFIED. ) 
 CURVE ( )  GEOMETRIC_REPRESENTATION_ITEM ( )  RATIONAL_B_SPLINE_CURVE ( ( 0.9330127018922194100, 0.9330127018922254000, 1.000000000000000000, 0.8660254037844387100, 1.000000000000000000, 0.8660254037844387100, 1.000000000000000000, 0.9330127018922154100, 0.9330127018922194100 ) ) 
 REPRESENTATION_ITEM ( '' )  );
#3729 = CARTESIAN_POINT ( 'NONE',  ( 1.865630979764672600, 7.352738738001437300, -0.3865501873620552100 ) ) ;
#3730 = CARTESIAN_POINT ( 'NONE',  ( 1.898914394993481000, 26.69233281045239900, 0.6277930554661326200 ) ) ;
#3731 = VERTEX_POINT ( 'NONE', #2029 ) ;
#3732 = CARTESIAN_POINT ( 'NONE',  ( 0.3135275320699943400, 13.62566614378576400, 1.513197240511562100 ) ) ;
#3733 = ORIENTED_EDGE ( 'NONE', *, *, #2789, .T. ) ;
#3734 = CARTESIAN_POINT ( 'NONE',  ( -1.493141931847332000, 4.758999477119118600, 1.330611577944807800 ) ) ;
#3735 = CARTESIAN_POINT ( 'NONE',  ( -1.536457905423971100, 3.183999477119126900, -1.724131792580214700 ) ) ;
#3736 = CARTESIAN_POINT ( 'NONE',  ( -0.3135275320683701400, 13.18816614378577000, -1.513197240508571600 ) ) ;
#3737 = CARTESIAN_POINT ( 'NONE',  ( 1.898914394993481000, 1.404832810452463700, 0.6277930554661326200 ) ) ;
#3738 = CARTESIAN_POINT ( 'NONE',  ( 1.536457905425595300, 8.346499477119115400, 1.724131792583205100 ) ) ;
#3739 = ORIENTED_EDGE ( 'NONE', *, *, #5642, .T. ) ;
#3740 = CARTESIAN_POINT ( 'NONE',  ( 0.1189804768313180300, 7.911093549569407900, -2.067131037216794800 ) ) ;
#3741 = CARTESIAN_POINT ( 'NONE',  ( 1.846973807001318600, 0.1834214287851448900, 0.3375581367890028700 ) ) ;
#3742 = CARTESIAN_POINT ( 'NONE',  ( -0.6277930554638234700, 5.517332810452450600, 1.898914394994163600 ) ) ;
#3743 = CARTESIAN_POINT ( 'NONE',  ( 8.778253695876226200E-016, 6.806026666236927100, -1.649999999999744800 ) ) ;
#3744 = CARTESIAN_POINT ( 'NONE',  ( 1.231842093776472900, 0.4110720713347813500, -1.097754551802544900 ) ) ;
#3745 = CARTESIAN_POINT ( 'NONE',  ( -1.493141931847350400, 23.65899947711907500, 1.330611577944787100 ) ) ;
#3746 = CARTESIAN_POINT ( 'NONE',  ( -1.153703485182825400, 9.308999477119110500, 1.028121427814281600 ) ) ;
#3747 = CARTESIAN_POINT ( 'NONE',  ( 2.062843076693681200, 9.500000000000005300, 3.427050983124841900 ) ) ;
#3748 = CARTESIAN_POINT ( 'NONE',  ( 2.261370884561367100, 25.35066614378574100, -0.4685456816509410100 ) ) ;
#3749 = CARTESIAN_POINT ( 'NONE',  ( 0.5601173020771160700, 14.61733281045243000, -1.694212445547072400 ) ) ;
#3750 = FACE_OUTER_BOUND ( 'NONE', #2540, .T. ) ;
#3751 = CARTESIAN_POINT ( 'NONE',  ( -1.536457905424005500, 4.583999477119120600, -1.724131792580184000 ) ) ;
#3752 = CARTESIAN_POINT ( 'NONE',  ( -0.4057724631436938600, 5.925666143785784700, -1.958404633406432700 ) ) ;
#3753 = CARTESIAN_POINT ( 'NONE',  ( -0.5601173020754920400, 12.77983281045243100, 1.694212445550063300 ) ) ;
#3754 = CONICAL_SURFACE ( 'NONE', #2317, 2.049999999999999800, 0.7853981633974500600 ) ;
#3755 = CARTESIAN_POINT ( 'NONE',  ( -0.3135275320683701400, 28.67566614378572600, -1.513197240508571600 ) ) ;
#3756 = CARTESIAN_POINT ( 'NONE',  ( -1.493141931847333600, 8.171499477119113000, 1.330611577944806400 ) ) ;
#3757 = EDGE_CURVE ( 'NONE', #5654, #4463, #696, .T. ) ;
#3758 = CARTESIAN_POINT ( 'NONE',  ( 1.566604375870941800, 8.694405404668096100, 0.5179292707602104500 ) ) ;
#3759 =( BOUNDED_CURVE ( )  B_SPLINE_CURVE ( 2, ( #283, #5729, #4814, #1195, #4781, #1573, #762, #2119, #4343 ),
 .UNSPECIFIED., .F., .T. ) 
 B_SPLINE_CURVE_WITH_KNOTS ( ( 3, 2, 2, 2, 3 ),
 ( 0.06222393539741222200, 0.06296296296296299800, 0.06666666666666665200, 0.07037037037037041600, 0.07333504650851985200 ),
 .UNSPECIFIED. ) 
 CURVE ( )  GEOMETRIC_REPRESENTATION_ITEM ( )  RATIONAL_B_SPLINE_CURVE ( ( 0.9572025516544313600, 0.9732670516845550700, 1.000000000000000000, 0.8660254037844386000, 1.000000000000000000, 0.8660254037844386000, 1.000000000000000000, 0.8927583521000087600, 0.9572025516542808100 ) ) 
 REPRESENTATION_ITEM ( '' )  );
#3760 = LINE ( 'NONE', #3488, #169 ) ;
#3761 = AXIS2_PLACEMENT_3D ( 'NONE', #702, #2518, #3434 ) ;
#3762 = CARTESIAN_POINT ( 'NONE',  ( -0.3135275320683701400, 8.375666143785778700, -1.513197240508571600 ) ) ;
#3763 = CARTESIAN_POINT ( 'NONE',  ( 1.136605634099568900, 8.636072071335474800, -1.730697752765535200 ) ) ;
#3764 = CARTESIAN_POINT ( 'NONE',  ( -1.267577771975587600, 5.694426882903470300, -1.422408728879485300 ) ) ;
#3765 = ADVANCED_FACE ( 'NONE', ( #4436 ), #1893, .F. ) ;
#3766 = CARTESIAN_POINT ( 'NONE',  ( 0.0000000000000000000, 10.00000000000000000, -1.650000000000000100 ) ) ;
#3767 = DIRECTION ( 'NONE',  ( 0.0000000000000000000, 0.0000000000000000000, 1.000000000000000000 ) ) ;
#3768 = ORIENTED_EDGE ( 'NONE', *, *, #2747, .F. ) ;
#3769 = CARTESIAN_POINT ( 'NONE',  ( 2.261370884561367100, 26.75066614378572900, -0.4685456816509410100 ) ) ;
#3770 = EDGE_CURVE ( 'NONE', #1635, #2475, #5348, .T. ) ;
#3771 = CARTESIAN_POINT ( 'NONE',  ( -0.3135275320683701400, 15.37566614378575900, -1.513197240508571600 ) ) ;
#3772 = ORIENTED_EDGE ( 'NONE', *, *, #3123, .F. ) ;
#3773 = CARTESIAN_POINT ( 'NONE',  ( -1.083109927388080900, 0.1985365344050697700, -1.506118425219035200 ) ) ;
#3774 = CARTESIAN_POINT ( 'NONE',  ( 1.536457905425595300, 1.433999477119126500, 1.724131792583205100 ) ) ;
#3775 = CARTESIAN_POINT ( 'NONE',  ( 1.187172366215480100, 12.19649947711909900, 1.332182035473060700 ) ) ;
#3776 = VECTOR ( 'NONE', #5752, 1000.000000000000000 ) ;
#3777 = CARTESIAN_POINT ( 'NONE',  ( 1.536457905425595300, -0.7535005228808678800, 1.724131792583205100 ) ) ;
#3778 = CARTESIAN_POINT ( 'NONE',  ( 2.149256308119709100E-014, 5.056026666236823200, 1.650000000002736200 ) ) ;
#3779 = ORIENTED_EDGE ( 'NONE', *, *, #3014, .F. ) ;
#3780 = CARTESIAN_POINT ( 'NONE',  ( -0.1691400011349762900, 8.917381598966560600, -1.649999999999662200 ) ) ;
#3781 = CARTESIAN_POINT ( 'NONE',  ( -0.7397092485551968200, 7.106367515826065100, 1.650000000002381600 ) ) ;
#3782 = CARTESIAN_POINT ( 'NONE',  ( 1.747289668291783300, 6.800666143785782000, -0.3620304100755075700 ) ) ;
#3783 = ORIENTED_EDGE ( 'NONE', *, *, #2256, .T. ) ;
#3784 = CARTESIAN_POINT ( 'NONE',  ( -0.4057724631437990000, 1.025666143785797200, -1.958404633406411100 ) ) ;
#3785 = CARTESIAN_POINT ( 'NONE',  ( -1.231842093774848400, 7.269426882903463400, 1.097754551805536500 ) ) ;
#3786 = CARTESIAN_POINT ( 'NONE',  ( 0.1189804768313424400, 0.2985935495694273500, -2.067131037216793900 ) ) ;
#3787 = CARTESIAN_POINT ( 'NONE',  ( -1.231842093774848400, 9.369426882903459500, 1.097754551805536500 ) ) ;
#3788 = CARTESIAN_POINT ( 'NONE',  ( -1.493141931847350400, 19.45899947711908600, 1.330611577944787100 ) ) ;
#3789 = CARTESIAN_POINT ( 'NONE',  ( 1.747289668291783300, 10.30066614378577400, -0.3620304100755075700 ) ) ;
#3790 = ORIENTED_EDGE ( 'NONE', *, *, #4993, .T. ) ;
#3791 = CARTESIAN_POINT ( 'NONE',  ( 1.536457905425595300, 28.64649947711906100, 1.724131792583205100 ) ) ;
#3792 = CARTESIAN_POINT ( 'NONE',  ( 1.898914394993507200, 0.7923328104524618400, 0.6277930554660528000 ) ) ;
#3793 = CARTESIAN_POINT ( 'NONE',  ( 2.261370884561367100, 1.550666143785796700, -0.4685456816509410100 ) ) ;
#3794 = CARTESIAN_POINT ( 'NONE',  ( -0.5601173020754920400, 8.579832810452442600, 1.694212445550063300 ) ) ;
#3795 = B_SPLINE_CURVE_WITH_KNOTS ( 'NONE', 3,
 ( #150, #5477, #4167, #4619, #2773, #516, #3663, #965, #2871, #5194, #3340, #2012, #3812, #5116, #5651, #2923, #223, #641, #3378, #2499, #2417, #1153, #3773, #2908, #191, #1074, #4659, #5155 ),
 .UNSPECIFIED., .F., .F.,
 ( 4, 2, 2, 2, 2, 2, 2, 2, 2, 2, 2, 2, 2, 4 ),
 ( 0.0005585073587612099500, 0.0009081262509168873000, 0.001257745143072564600, 0.001607364035228242000, 0.001956982927383919100, 0.002656220711695273000, 0.003005839603850950700, 0.003355458496006627700, 0.004054696280317981500, 0.004404315172473657500, 0.004753934064629334500, 0.005103552956785011400, 0.005453171848940688300, 0.006152409633252042100 ),
 .UNSPECIFIED. ) ;
#3796 = EDGE_CURVE ( 'NONE', #2085, #3843, #3250, .T. ) ;
#3797 = ORIENTED_EDGE ( 'NONE', *, *, #2399, .F. ) ;
#3798 = CARTESIAN_POINT ( 'NONE',  ( 1.153703485184449700, 29.95899947711905800, -1.028121427811290000 ) ) ;
#3799 = CARTESIAN_POINT ( 'NONE',  ( 8.778253695876226200E-016, 1.414381477805637200, -1.649999999999745200 ) ) ;
#3800 = CARTESIAN_POINT ( 'NONE',  ( -0.5601173020754920400, 26.07983281045239800, 1.694212445550063300 ) ) ;
#3801 = EDGE_LOOP ( 'NONE', ( #1780, #4432, #3631, #934 ) ) ;
#3802 = CARTESIAN_POINT ( 'NONE',  ( -0.3135275320683701400, 6.275666143785784400, -1.513197240508571600 ) ) ;
#3803 = EDGE_CURVE ( 'NONE', #1789, #340, #2125, .T. ) ;
#3804 = CARTESIAN_POINT ( 'NONE',  ( 1.493141931848962500, 8.608999477119111200, -1.330611577941810000 ) ) ;
#3805 = CARTESIAN_POINT ( 'NONE',  ( 3.847133267723783500, 0.3526315486650200000, 0.3365697168139248900 ) ) ;
#3806 = CARTESIAN_POINT ( 'NONE',  ( 0.0000000000000000000, 10.00000000000000000, 0.0000000000000000000 ) ) ;
#3807 = CARTESIAN_POINT ( 'NONE',  ( -1.898914394991857200, 18.64233281045242000, -0.6277930554631422400 ) ) ;
#3808 = FACE_OUTER_BOUND ( 'NONE', #2325, .T. ) ;
#3809 = CARTESIAN_POINT ( 'NONE',  ( -1.153703485182825400, 11.40899947711910500, 1.028121427814281600 ) ) ;
#3810 = VERTEX_POINT ( 'NONE', #1303 ) ;
#3811 = CARTESIAN_POINT ( 'NONE',  ( -0.7249129791349598900, 28.52983281045239400, 2.192677474235640700 ) ) ;
#3812 = CARTESIAN_POINT ( 'NONE',  ( -1.732915300296278900, 0.2808657237813871300, 0.3747073556927482700 ) ) ;
#3813 = CARTESIAN_POINT ( 'NONE',  ( -0.4057724631436938600, 0.3256661437857980000, -1.958404633406432700 ) ) ;
#3814 = FACE_OUTER_BOUND ( 'NONE', #1939, .T. ) ;
#3815 = CARTESIAN_POINT ( 'NONE',  ( 0.3135275320699943400, 7.238166143785779400, 1.513197240511562100 ) ) ;
#3816 = CARTESIAN_POINT ( 'NONE',  ( -1.467231017252008000, 28.09233281045239400, -0.4850758126957864200 ) ) ;
#3817 = CARTESIAN_POINT ( 'NONE',  ( -0.5710808119576628000, 9.626993795195785400, -1.581008712881762500 ) ) ;
#3818 = CARTESIAN_POINT ( 'NONE',  ( -0.6277930554638429000, 9.017332810452440800, 1.898914394994156900 ) ) ;
#3819 = CARTESIAN_POINT ( 'NONE',  ( 0.3135275320699943400, 9.425666143785774100, 1.513197240511562100 ) ) ;
#3820 = CARTESIAN_POINT ( 'NONE',  ( 0.0000000000000000000, 10.00000000000000000, 0.0000000000000000000 ) ) ;
#3821 = FACE_OUTER_BOUND ( 'NONE', #1774, .T. ) ;
#3822 = CARTESIAN_POINT ( 'NONE',  ( -1.536457905424019300, 3.096499477119127000, -1.724131792580171600 ) ) ;
#3823 = CARTESIAN_POINT ( 'NONE',  ( 0.4057724631453182900, 17.47566614378575500, 1.958404633409422900 ) ) ;
#3824 = CARTESIAN_POINT ( 'NONE',  ( 1.747289668291783300, 12.40066614378577000, -0.3620304100755075700 ) ) ;
#3825 = CARTESIAN_POINT ( 'NONE',  ( 0.4057724631453182900, 27.88816614378572800, 1.958404633409422900 ) ) ;
#3826 = CARTESIAN_POINT ( 'NONE',  ( -2.261370884559743600, 1.200666143785798200, 0.4685456816539321200 ) ) ;
#3827 = CARTESIAN_POINT ( 'NONE',  ( -0.5601173020754920400, 9.979832810452443000, 1.694212445550063300 ) ) ;
#3828 = B_SPLINE_CURVE_WITH_KNOTS ( 'NONE', 3,
 ( #1554, #2947, #2081, #635, #5149, #4866 ),
 .UNSPECIFIED., .F., .F.,
 ( 4, 2, 4 ),
 ( 0.002538831498118099400, 0.003539080928626957500, 0.004539330359135815100 ),
 .UNSPECIFIED. ) ;
#3829 = CARTESIAN_POINT ( 'NONE',  ( -0.3135275320683701400, 29.37566614378572500, -1.513197240508571600 ) ) ;
#3830 = VERTEX_POINT ( 'NONE', #277 ) ;
#3831 = EDGE_CURVE ( 'NONE', #1847, #3420, #435, .T. ) ;
#3832 = DIRECTION ( 'NONE',  ( 0.0000000000000000000, 1.000000000000000000, 0.0000000000000000000 ) ) ;
#3833 = CARTESIAN_POINT ( 'NONE',  ( -1.536457905423971100, 12.28399947711910100, -1.724131792580214700 ) ) ;
#3834 = CARTESIAN_POINT ( 'NONE',  ( 1.136605634099555400, 7.148572071335485700, -1.730697752765544300 ) ) ;
#3835 = AXIS2_PLACEMENT_3D ( 'NONE', #4621, #4680, #2378 ) ;
#3836 = VERTEX_POINT ( 'NONE', #2642 ) ;
#3837 = CARTESIAN_POINT ( 'NONE',  ( -1.153703485182825400, 3.008999477119124000, 1.028121427814281600 ) ) ;
#3838 = CARTESIAN_POINT ( 'NONE',  ( 1.898914394993493900, 1.492332810452461100, 0.6277930554660938700 ) ) ;
#3839 = APPROVAL_PERSON_ORGANIZATION ( #5399, #5483, #2120 ) ;
#3840 = CARTESIAN_POINT ( 'NONE',  ( 0.6277930554654721500, 7.267332810452442600, -1.898914394991164400 ) ) ;
#3841 = CARTESIAN_POINT ( 'NONE',  ( 1.267577771977211700, 3.944426882903472500, 1.422408728882475800 ) ) ;
#3842 = CARTESIAN_POINT ( 'NONE',  ( -0.4057724631436938600, 16.42566614378575800, -1.958404633406432700 ) ) ;
#3843 = VERTEX_POINT ( 'NONE', #374 ) ;
#3844 = CARTESIAN_POINT ( 'NONE',  ( -0.5601173020754920400, 11.46733281045243700, 1.694212445550063300 ) ) ;
#3845 = CARTESIAN_POINT ( 'NONE',  ( 1.898914394993481000, 29.40483281045239000, 0.6277930554661326200 ) ) ;
#3846 = CARTESIAN_POINT ( 'NONE',  ( 0.1691400011357875300, 9.475736410535201800, 1.650000000002821200 ) ) ;
#3847 = CARTESIAN_POINT ( 'NONE',  ( -1.136605634097928700, 3.998572071335493700, 1.730697752768551200 ) ) ;
#3848 = CARTESIAN_POINT ( 'NONE',  ( -1.898914394991857200, -0.9576671895475328300, -0.6277930554631422400 ) ) ;
#3849 = VERTEX_POINT ( 'NONE', #1608 ) ;
#3850 = CARTESIAN_POINT ( 'NONE',  ( 1.467231017253632000, 10.15483281045244400, 0.4850758126987769200 ) ) ;
#3851 = CARTESIAN_POINT ( 'NONE',  ( -0.5601173020754920400, 26.86733281045240000, 1.694212445550063300 ) ) ;
#3852 = CARTESIAN_POINT ( 'NONE',  ( -1.581136769758749100, 9.750303741348865600, 0.8685184882630896400 ) ) ;
#3853 = CARTESIAN_POINT ( 'NONE',  ( 1.953450408579521200, 9.923921961875542800, 0.3178385487459596800 ) ) ;
#3854 = DIRECTION ( 'NONE',  ( 0.0000000000000000000, -1.000000000000000000, 0.0000000000000000000 ) ) ;
#3855 = CARTESIAN_POINT ( 'NONE',  ( 2.261370884561367100, 11.35066614378576900, -0.4685456816509410100 ) ) ;
#3856 = CARTESIAN_POINT ( 'NONE',  ( -0.3135275320683701400, 3.475666143785791200, -1.513197240508571600 ) ) ;
#3857 = CARTESIAN_POINT ( 'NONE',  ( 1.267577771977211700, 7.936072071334766800, 1.422408728882475800 ) ) ;
#3858 = CARTESIAN_POINT ( 'NONE',  ( 2.860836377129807800, 9.987351328781130600, -2.044886042669894700 ) ) ;
#3859 = CARTESIAN_POINT ( 'NONE',  ( 1.536457905425595300, 16.13399947711909400, 1.724131792583205100 ) ) ;
#3860 = CARTESIAN_POINT ( 'NONE',  ( -1.536457905423971100, 28.99649947711906300, -1.724131792580214700 ) ) ;
#3861 = ORIENTED_EDGE ( 'NONE', *, *, #4465, .T. ) ;
#3862 = CARTESIAN_POINT ( 'NONE',  ( 1.536457905425608900, 8.346499477119115400, 1.724131792583192900 ) ) ;
#3863 = CARTESIAN_POINT ( 'NONE',  ( -1.467231017252008000, 8.404832810452441900, -0.4850758126957864200 ) ) ;
#3864 = CARTESIAN_POINT ( 'NONE',  ( -1.747289668290160200, 26.75066614378573200, 0.3620304100784984500 ) ) ;
#3865 = CLOSED_SHELL ( 'NONE', ( #983, #4880, #3765, #1398, #5741, #3600, #4325, #1739, #4085, #4829, #4558, #865, #1653, #2767, #2441, #2584, #727, #3195, #3119, #5391, #5000, #5493, #4238, #4024, #4518, #1364, #4051, #5559, #19, #600, #3659, #2758, #5369, #1228, #2083, #2254, #3667, #5863, #105, #2556, #474, #5401, #2224, #2349, #3055, #833, #1795, #4377, #3902, #4147, #920, #508, #2050, #4462, #1565, #5328, #4469, #3439, #5655, #5460, #3113, #4044, #4116, #3624, #755, #2733, #359, #5216, #3876, #3200, #5033, #1775, #337, #1198, #3166, #4938, #3520, #427, #5713, #2233, #3261, #1111, #306, #540, #3575, #5434, #2939, #248 ) ) ;
#3866 = VERTEX_POINT ( 'NONE', #3561 ) ;
#3867 = CARTESIAN_POINT ( 'NONE',  ( 0.0000000000000000000, 9.500000000000005300, 0.0000000000000000000 ) ) ;
#3868 = CARTESIAN_POINT ( 'NONE',  ( 0.7249129791365839200, 11.46733281045243700, -2.192677474232650700 ) ) ;
#3869 = CARTESIAN_POINT ( 'NONE',  ( -0.5601173020754920400, 21.87983281045241000, 1.694212445550063300 ) ) ;
#3870 = CARTESIAN_POINT ( 'NONE',  ( -0.3135275320683701400, 4.175666143785786500, -1.513197240508571600 ) ) ;
#3871 = EDGE_CURVE ( 'NONE', #906, #707, #1408, .T. ) ;
#3872 = LINE ( 'NONE', #4098, #2679 ) ;
#3873 = CARTESIAN_POINT ( 'NONE',  ( -2.062843076693678100, 9.500000000000005300, 3.427050983124844600 ) ) ;
#3874 = VERTEX_POINT ( 'NONE', #5724 ) ;
#3875 = DIRECTION ( 'NONE',  ( 0.0000000000000000000, 1.000000000000000000, 0.0000000000000000000 ) ) ;
#3876 = ADVANCED_FACE ( 'NONE', ( #1686 ), #4163, .T. ) ;
#3877 = CARTESIAN_POINT ( 'NONE',  ( 1.566604375870941800, 7.994405404668098600, 0.5179292707602104500 ) ) ;
#3878 = CARTESIAN_POINT ( 'NONE',  ( 1.536457905425595300, 15.43399947711909300, 1.724131792583205100 ) ) ;
#3879 = VECTOR ( 'NONE', #5240, 1000.000000000000000 ) ;
#3880 = AXIS2_PLACEMENT_3D ( 'NONE', #982, #1382, #5022 ) ;
#3881 = CARTESIAN_POINT ( 'NONE',  ( 1.898914394993481000, 24.50483281045240200, 0.6277930554661326200 ) ) ;
#3882 = CARTESIAN_POINT ( 'NONE',  ( 3.368120688060356500, 0.06049415841953399700, -1.166243842255618300 ) ) ;
#3883 = CARTESIAN_POINT ( 'NONE',  ( -2.261370884559734700, 4.000666143785789300, 0.4685456816539738700 ) ) ;
#3884 = CARTESIAN_POINT ( 'NONE',  ( -0.3135275320683701400, 3.388166143785793900, -1.513197240508571600 ) ) ;
#3885 = CARTESIAN_POINT ( 'NONE',  ( 0.5601173020771160700, 25.11733281045240700, -1.694212445547072400 ) ) ;
#3886 = SECURITY_CLASSIFICATION ( '', '', #4797 ) ;
#3887 = CARTESIAN_POINT ( 'NONE',  ( -1.267577771975587600, 1.986072071334783300, -1.422408728879485300 ) ) ;
#3888 = CARTESIAN_POINT ( 'NONE',  ( 0.5459583105684937500, 0.3999999999999978000, 1.557057970379136300 ) ) ;
#3889 = CARTESIAN_POINT ( 'NONE',  ( -1.898914394991857200, 10.94233281045243600, -0.6277930554631422400 ) ) ;
#3890 = CARTESIAN_POINT ( 'NONE',  ( 1.467231017253632000, 22.05483281045241000, 0.4850758126987769200 ) ) ;
#3891 = CARTESIAN_POINT ( 'NONE',  ( -0.5601173020754920400, 5.867332810452452900, 1.694212445550063300 ) ) ;
#3892 = DIRECTION ( 'NONE',  ( -0.0000000000000000000, -1.000000000000000000, -0.0000000000000000000 ) ) ;
#3893 = CARTESIAN_POINT ( 'NONE',  ( 1.566604375870941800, 0.9944054046681128900, 0.5179292707602104500 ) ) ;
#3894 = ORIENTED_EDGE ( 'NONE', *, *, #4791, .T. ) ;
#3895 = EDGE_CURVE ( 'NONE', #2002, #1025, #263, .T. ) ;
#3896 =( BOUNDED_CURVE ( )  B_SPLINE_CURVE ( 2, ( #2564, #1169, #2958, #2976, #3838, #2512, #275, #754, #3034 ),
 .UNSPECIFIED., .F., .F. ) 
 B_SPLINE_CURVE_WITH_KNOTS ( ( 3, 2, 2, 2, 3 ),
 ( 0.8944444444444446000, 0.8962962962962962600, 0.9000000000000000200, 0.9037037037037036800, 0.9055555555555556700 ),
 .UNSPECIFIED. ) 
 CURVE ( )  GEOMETRIC_REPRESENTATION_ITEM ( )  RATIONAL_B_SPLINE_CURVE ( ( 0.9330127018922194100, 0.9330127018922254000, 1.000000000000000000, 0.8660254037844387100, 1.000000000000000000, 0.8660254037844387100, 1.000000000000000000, 0.9330127018922154100, 0.9330127018922194100 ) ) 
 REPRESENTATION_ITEM ( '' )  );
#3897 = EDGE_LOOP ( 'NONE', ( #4571, #3970, #1123, #4504 ) ) ;
#3898 = CARTESIAN_POINT ( 'NONE',  ( -1.990681402645799100E-014, 8.764381477805509100, 1.650000000002735700 ) ) ;
#3899 = AXIS2_PLACEMENT_3D ( 'NONE', #3537, #842, #63 ) ;
#3900 = CARTESIAN_POINT ( 'NONE',  ( -1.187172366213856000, 27.24649947711906300, -1.332182035470070400 ) ) ;
#3901 = CARTESIAN_POINT ( 'NONE',  ( -1.467231017252008000, 5.604832810452451900, -0.4850758126957864200 ) ) ;
#3902 = ADVANCED_FACE ( 'NONE', ( #4867 ), #2262, .F. ) ;
#3903 = LOCAL_TIME ( 15, 55, 16.00000000000000000, #5250 ) ;
#3904 = CARTESIAN_POINT ( 'NONE',  ( -1.747289668290160200, 23.95066614378573500, 0.3620304100784984500 ) ) ;
#3905 = ORIENTED_EDGE ( 'NONE', *, *, #4698, .T. ) ;
#3906 = EDGE_CURVE ( 'NONE', #2152, #810, #4978, .T. ) ;
#3907 = CARTESIAN_POINT ( 'NONE',  ( -1.566604375869318000, 2.044405404668114400, -0.5179292707572200600 ) ) ;
#3908 = CARTESIAN_POINT ( 'NONE',  ( -1.536457905423971100, 12.98399947711909900, -1.724131792580214700 ) ) ;
#3909 = VECTOR ( 'NONE', #5575, 1000.000000000000000 ) ;
#3910 = CARTESIAN_POINT ( 'NONE',  ( 1.153703485184449700, -0.8410005228808650200, -1.028121427811290000 ) ) ;
#3911 = ORIENTED_EDGE ( 'NONE', *, *, #4543, .T. ) ;
#3912 = CARTESIAN_POINT ( 'NONE',  ( -1.493141931847321800, 2.658999477119124300, 1.330611577944819500 ) ) ;
#3913 = CARTESIAN_POINT ( 'NONE',  ( 0.7249129791365839200, 17.67983281045242400, -2.192677474232650700 ) ) ;
#3914 = DIRECTION ( 'NONE',  ( -0.0000000000000000000, -1.000000000000000000, -0.0000000000000000000 ) ) ;
#3915 = CARTESIAN_POINT ( 'NONE',  ( -1.493141931847350400, 15.95899947711909000, 1.330611577944787100 ) ) ;
#3916 = VERTEX_POINT ( 'NONE', #3135 ) ;
#3917 = CARTESIAN_POINT ( 'NONE',  ( -2.261370884559743600, 23.51316614378573900, 0.4685456816539321200 ) ) ;
#3918 = CARTESIAN_POINT ( 'NONE',  ( 2.261370884561356900, 3.563166143785788000, -0.4685456816509921400 ) ) ;
#3919 = CARTESIAN_POINT ( 'NONE',  ( 1.898914394993487900, 9.804832810452440500, 0.6277930554661124200 ) ) ;
#3920 = PERSON_AND_ORGANIZATION_ROLE ( 'design_owner' ) ;
#3921 = CARTESIAN_POINT ( 'NONE',  ( -0.3135275320683701400, 4.788166143785785400, -1.513197240508571600 ) ) ;
#3922 = VERTEX_POINT ( 'NONE', #5533 ) ;
#3923 = CARTESIAN_POINT ( 'NONE',  ( -1.467231017252008000, 24.59233281045240500, -0.4850758126957864200 ) ) ;
#3924 = CARTESIAN_POINT ( 'NONE',  ( 0.4057724631453182900, 8.375666143785778700, 1.958404633409422900 ) ) ;
#3925 = EDGE_LOOP ( 'NONE', ( #1031, #2459, #2253, #3611 ) ) ;
#3926 = DIRECTION ( 'NONE',  ( 0.3138965277323320600, 0.0000000000000000000, -0.9494571974963301700 ) ) ;
#3927 = CARTESIAN_POINT ( 'NONE',  ( -1.153703485182825400, 23.22149947711907500, 1.028121427814281600 ) ) ;
#3928 = CARTESIAN_POINT ( 'NONE',  ( 1.187172366215480100, 2.483999477119125800, 1.332182035473060700 ) ) ;
#3929 = CARTESIAN_POINT ( 'NONE',  ( -0.6277930554638524500, -0.8576671895476062300, 1.898914394994155600 ) ) ;
#3930 = CARTESIAN_POINT ( 'NONE',  ( -0.4057724631436938600, 17.03816614378575500, -1.958404633406432700 ) ) ;
#3931 = CARTESIAN_POINT ( 'NONE',  ( -3.999334749797389200, 9.500000000000005300, -0.07294901687515351100 ) ) ;
#3932 = DIRECTION ( 'NONE',  ( -0.0000000000000000000, -1.000000000000000000, 0.0000000000000000000 ) ) ;
#3933 =( BOUNDED_SURFACE ( )  B_SPLINE_SURFACE ( 1, 2, ( 
 ( #1242, #3444, #4381, #1678, #1713, #4875, #2177, #821, #3963, #3534, #1735, #861, #5334, #385, #1318, #1296, #5355, #4000, #4457, #3068, #4895, #367, #838, #1280, #4916, #2632, #2157, #2198, #5828, #5811, #3984, #3514, #2219, #3091, #1755, #5379, #2671, #4441, #4421, #2654, #3108, #5853, #409, #3553, #4858, #5312, #5794, #2618, #2079, #3900, #398, #2730, #3173, #1924, #3991, #1936, #2406, #233, #2901, #668, #1562, #2858, #3348, #1084, #5661, #648, #1106, #5601, #2880, #3800, #4724, #2023, #691, #4255, #1142, #4705, #4290, #2001, #1524, #160, #1583, #4749, #4233, #5166, #2465, #5144, #182, #3331, #2043, #3308, #4685, #1065, #5640, #1503, #5183, #4669, #2486, #1983, #4365, #2089, #2142, #2993, #5294, #1244, #1639, #2111, #750, #1621, #5256, #3427, #1659, #4823, #5684, #3463, #4789, #2543, #4352, #1679, #3927, #256, #2561, #4770, #3408, #1165, #5736, #5755, #769, #2067, #5221, #272, #2528, #5275, #5718, #2580, #731, #295, #1206, #3445, #3890, #3032, #329, #3869, #3477, #788, #4842, #1185, #3964, #5854, #410, #839, #5774, #2199, #2158, #2178, #3051, #1697, #5335, #3985, #2239, #350, #5313, #4934, #4458, #4402, #3555, #822, #5812, #1262, #3497, #2619, #1332, #5795, #3129, #2600, #877, #4023, #2633, #804, #3948, #386, #3092, #4480, #4876, #426, #3070, #4859, #3571, #368, #1319, #1773, #3515, #1715, #1281, #4422, #3535, #1297, #4442, #1736, #4897, #862, #5356, #2655, #5829, #3109, #4001, #1756, #4917, #2220, #5380, #2672, #4533, #4040, #5400, #895, #4084, #5479, #5459, #4, #2693, #24, #1353, #5011, #1811, #946, #5032, #4969, #926, #2738, #478, #2314, #4104, #443, #42, #1391, #2775, #3179, #911, #78, #3199, #3620, #3143, #4987, #4950, #2275, #3587, #4497, #5443, #1829, #1791, #2260, #5421, #1871, #1407, #2716, #495, #3605, #2296, #3163, #460, #4061, #4125, #1368, #3219, #4515, #3666, #968, #2755, #59, #3644, #4557, #1849, #1421, #518, #4577, #5525, #1975, #173, #3239, #1057, #1077, #2796, #1459, #2813, #3718, #94, #538, #4622, #3695, #3282, #153, #3736, #1014, #4601, #5503, #133, #1478, #2380, #3753, #619, #3323, #114, #1036, #1912, #5078, #1890, #5060, #5591, #3775, #4169, #5118, #5545, #4227, #599, #995, #4642, #4206, #1496, #2832, #4681, #580, #2339, #1517, #4187, #1930, #5096, #2398, #5568, #3259, #4662, #1952, #4146, #2848, #3299, #2419, #2874, #1439, #2358, #561, #683, #2480, #226, #2058, #3850, #195, #5653, #3827, #4761, #2925, #660, #2521, #2948, #3380, #2440, #4740, #4697, #4717, #5613, #4248, #2015, #1135, #4783, #2892, #1994, #1614, #1155, #1098, #246, #3361, #4283, #3794, #3342, #5158, #3863, #2458, #5694, #5137, #3417, #726, #5177, #643, #1534, #1576, #2036, #1180, #1555, #2967, #5633, #2910, #267, #212, #4308, #4324, #3815, #4266, #1118, #5197, #2501, #5674, #3400, #704, #1596, #5215, #3474, #764, #4346, #5230, #3028, #1236, #2122, #3491, #357, #5786, #5730, #782, #1652, #4360, #1632, #4799, #5305, #3062, #3901, #4851, #4816, #3508, #344, #2537, #4375, #797, #3940, #5268, #4415, #2574, #1707, #816, #3921, #1671, #323, #1218, #4837, #3007, #1256, #4393, #2082, #2592, #2136, #5288, #5767, #3958, #1271, #5712, #3045, #743, #2986, #3437, #1691, #2153, #2612, #285, #3884, #2554, #1197, #2102, #5249, #305, #3456, #5803, #3581, #3598, #5327, #3994, #5346, #399, #2627, #3083, #1311, #379, #5846, #2686, #419, #3546, #1290, #2170, #2665, #4014, #4908, #439, #3155, #2708, #2650, #3564, #4453, #1748, #4431, #1728, #2252, #18, #854, #1785, #2212, #454, #3139, #3526, #1327, #888, #4036, #5372, #1363, #3122, #4509, #905, #873, #4474, #1769, #4927, #2235, #5822, #1348, #4492, #4871, #5390, #5866, #5416, #4054, #832, #3978, #4889, #2191, #3101, #1805, #3174, #512, #1882, #1863, #2271, #4962, #2291, #3616, #1433, #4099, #3233, #1451 ),
 ( #71, #4528, #1825, #2309, #5026, #2331, #5053, #1400, #2807, #1845, #4594, #2769, #490, #5437, #4075, #4983, #1416, #2351, #109, #5496, #3638, #2731, #5516, #3254, #5454, #4570, #552, #37, #4119, #941, #4550, #472, #89, #530, #923, #3686, #3710, #5003, #1006, #5473, #4162, #3212, #3657, #1384, #2750, #55, #986, #3193, #961, #4140, #1471, #5071, #613, #3769, #3730, #1049, #1071, #4615, #4198, #1926, #4637, #2826, #1946, #5583, #128, #4221, #5090, #5111, #1491, #2373, #2415, #2866, #167, #2390, #3315, #1510, #5561, #3748, #3294, #4655, #4675, #1966, #3275, #2841, #146, #5539, #1907, #594, #575, #1030, #4180, #2818, #3247, #85, #5020, #587, #4133, #1428, #1877, #2784, #3228, #1002, #2367, #2386, #4587, #3704, #3745, #4609, #570, #2838, #1045, #2324, #5534, #4566, #1899, #525, #4649, #5044, #505, #123, #4175, #2804, #5066, #5488, #1937, #100, #5105, #2407, #5577, #1024, #3679, #1465, #548, #67, #5086, #5554, #3208, #3650, #955, #4110, #1412, #978, #3121, #4472, #5802, #831, #4850, #2151, #3637, #4035, #471, #939, #4549, #1347, #922, #3614, #3656, #4074, #1824, #904, #1362, #1844, #1490, #5538, #4654, #145, #1945, #5582, #2865, #3314, #2432, #1965, #5607, #2981, #1609, #4777, #2918, #1529, #3788, #1127, #218, #2075, #5647, #1173, #654, #3337, #4321, #4241, #2053, #5227, #1091, #2472, #3807, #4712, #4691, #1990, #3373, #5148, #4277, #1148, #4732, #2008, #5624, #634, #1567, #2494, #676, #4755, #2533, #5707, #1113, #2030, #3823, #5665, #2905, #207, #722, #2453, #5170, #264, #2941, #3354, #1589, #4259, #239, #5211, #2515, #3393, #1548, #698, #3842, #4297, #5690, #2962, #3412, #3859, #5742, #5725, #3915, #4371, #3431, #775, #757, #1213, #3020, #338, #3482, #3878, #315, #1627, #736, #2095, #3469, #5760, #1230, #4794, #1189, #4809, #5262, #2549, #4831, #300, #3451, #5281, #2585, #4768, #2527, #4351, #293, #2485, #2065, #2973, #1204, #5220, #2954, #4803, #5236, #5700, #4723, #1184, #1141, #1164, #2021, #689, #4314, #271, #1223, #5182, #4289, #3908, #3443, #4788, #2087, #1638, #1602, #2560, #3424, #2109, #729, #254, #5659, #3833, #1582, #4332, #5254, #5735, #2542, #3406, #2932, #3013, #309, #2042, #1620, #3462, #1560, #3868, #712, #3855, #231, #5717, #749, #3386, #768, #2991, #3889, #4746, #5204, #2507, #5681, #3089, #3496, #384, #2176, #1260, #365, #2617, #820, #2196, #5354, #787, #5772, #3947, #4821, #1295, #4379, #1733, #4440, #5827, #1279, #1695, #1677, #328, #3107, #2598, #3049, #349, #1241, #5293, #5311, #3962, #837, #803, #2156, #407, #3067, #4874, #3552, #859, #3924, #4419, #3031, #5792, #4400, #3998, #4857, #2126, #1712, #2631, #3513, #5333, #5810, #4364, #3532, #1658, #5273, #2578, #3983, #5753, #1317, #2691, #4456, #1754, #4914, #2218, #3161, #5377, #2670, #5852, #4021, #1331, #5398, #966, #536, #113, #2812, #3715, #4641, #992, #1457, #4620, #3752, #1438, #2337, #1034, #4599, #2357, #4124, #1420, #1888, #5095, #1911, #5523, #1406, #1012, #3664, #4145, #4555, #517, #5058, #3257, #4103, #5009, #4576, #598, #131, #77, #5076, #5502, #560, #2774, #2313, #1868, #2846, #5030, #2396, #5478, #5565, #151, #4168, #2795, #93, #5543, #2830, #3298, #3281, #3238, #578, #3735, #4185, #1951, #5652, #5672, #1494, #192, #1514, #2438, #4660, #5117, #3341, #2418, #1993, #4716, #2457, #5611, #3320, #4203, #4695, #211, #1097, #2477, #5195, #4739, #4679, #5632, #642, #3793, #618, #3774, #4282, #2035, #2891, #3826, #4247, #2500, #5175, #5589, #3359, #2924, #224, #1533, #3399, #5156, #703, #2946, #2909, #659, #3813, #1117, #4264, #1972, #3379, #681, #1056, #1553, #2013, #1132, #1575, #245, #2872, #171, #1075, #4226, #5135, #5693, #763, #2135, #2591, #4306, #3848, #3436, #1154, #1595, #2760, #1875, #119, #61, #1854, #3648, #4563, #3244, #5039 ) ),
 .UNSPECIFIED., .F., .F., .T. ) 
 B_SPLINE_SURFACE_WITH_KNOTS ( ( 2, 2 ),
 ( 3, 2, 2, 2, 2, 2, 2, 2, 2, 2, 2, 2, 2, 2, 2, 2, 2, 2, 2, 2, 2, 2, 2, 2, 2, 2, 2, 2, 2, 2, 2, 2, 2, 2, 2, 2, 2, 2, 2, 2, 2, 2, 2, 2, 2, 2, 2, 2, 2, 2, 2, 2, 2, 2, 2, 2, 2, 2, 2, 2, 2, 2, 2, 2, 2, 2, 2, 2, 2, 2, 2, 2, 2, 2, 2, 2, 2, 2, 2, 2, 2, 2, 2, 2, 2, 2, 2, 2, 2, 2, 2, 2, 2, 2, 2, 2, 2, 2, 2, 2, 2, 2, 2, 2, 2, 2, 2, 2, 2, 2, 2, 2, 2, 2, 2, 2, 2, 2, 2, 2, 2, 2, 2, 2, 2, 2, 2, 2, 2, 2, 2, 2, 2, 2, 2, 2, 2, 2, 2, 2, 2, 2, 2, 2, 2, 2, 2, 2, 2, 2, 2, 2, 2, 2, 2, 2, 2, 2, 2, 2, 2, 2, 2, 2, 2, 2, 2, 2, 2, 2, 2, 2, 2, 2, 2, 2, 2, 2, 2, 2, 2, 2, 2, 2, 2, 2, 2, 2, 2, 2, 2, 2, 2, 2, 2, 2, 2, 2, 2, 2, 2, 2, 2, 2, 2, 2, 2, 2, 2, 2, 2, 2, 2, 2, 2, 2, 2, 2, 2, 2, 2, 2, 2, 2, 2, 2, 2, 2, 2, 2, 2, 2, 2, 2, 2, 2, 2, 2, 2, 2, 2, 2, 2, 2, 2, 2, 2, 2, 2, 2, 2, 2, 2, 2, 2, 2, 2, 2, 2, 2, 2, 2, 2, 2, 2, 2, 2, 2, 2, 2, 3 ),
 ( 0.0000000000000000000, 1.000000000000000000 ),
 ( 0.0000000000000000000, 0.003703703703703703800, 0.007407407407407407700, 0.01111111111111111200, 0.01481481481481481500, 0.01851851851851851700, 0.02222222222222222300, 0.02592592592592592500, 0.02962962962962963100, 0.03333333333333333300, 0.03703703703703703500, 0.04074074074074074400, 0.04444444444444444600, 0.04814814814814814800, 0.05185185185185185000, 0.05555555555555555200, 0.05925925925925926200, 0.06296296296296295700, 0.06666666666666666600, 0.07037037037037037500, 0.07407407407407407000, 0.07777777777777777900, 0.08148148148148148800, 0.08518518518518518300, 0.08888888888888889200, 0.09259259259259258700, 0.09629629629629629700, 0.1000000000000000100, 0.1037037037037037000, 0.1074074074074074100, 0.1111111111111111000, 0.1148148148148148100, 0.1185185185185185200, 0.1222222222222222200, 0.1259259259259259100, 0.1296296296296296200, 0.1333333333333333300, 0.1370370370370370400, 0.1407407407407407500, 0.1444444444444444300, 0.1481481481481481400, 0.1518518518518518500, 0.1555555555555555600, 0.1592592592592592700, 0.1629629629629629800, 0.1666666666666666600, 0.1703703703703703700, 0.1740740740740740800, 0.1777777777777777800, 0.1814814814814814900, 0.1851851851851851700, 0.1888888888888888800, 0.1925925925925925900, 0.1962962962962963000, 0.2000000000000000100, 0.2037037037037036900, 0.2074074074074074000, 0.2111111111111111100, 0.2148148148148148200, 0.2185185185185185300, 0.2222222222222222100, 0.2259259259259259200, 0.2296296296296296300, 0.2333333333333333400, 0.2370370370370370500, 0.2407407407407407300, 0.2444444444444444400, 0.2481481481481481500, 0.2518518518518518300, 0.2555555555555555400, 0.2592592592592592400, 0.2629629629629629500, 0.2666666666666666600, 0.2703703703703703700, 0.2740740740740740800, 0.2777777777777777900, 0.2814814814814815000, 0.2851851851851852100, 0.2888888888888888600, 0.2925925925925925700, 0.2962962962962962800, 0.2999999999999999900, 0.3037037037037037000, 0.3074074074074074100, 0.3111111111111111200, 0.3148148148148148300, 0.3185185185185185300, 0.3222222222222222400, 0.3259259259259259500, 0.3296296296296296100, 0.3333333333333333100, 0.3370370370370370200, 0.3407407407407407300, 0.3444444444444444400, 0.3481481481481481500, 0.3518518518518518600, 0.3555555555555555700, 0.3592592592592592800, 0.3629629629629629900, 0.3666666666666666400, 0.3703703703703703500, 0.3740740740740740600, 0.3777777777777777700, 0.3814814814814814800, 0.3851851851851851900, 0.3888888888888889000, 0.3925925925925926000, 0.3962962962962963100, 0.4000000000000000200, 0.4037037037037037300, 0.4074074074074073800, 0.4111111111111110900, 0.4148148148148148000, 0.4185185185185185100, 0.4222222222222222200, 0.4259259259259259300, 0.4296296296296296400, 0.4333333333333333500, 0.4370370370370370600, 0.4407407407407407700, 0.4444444444444444200, 0.4481481481481481300, 0.4518518518518518400, 0.4555555555555555500, 0.4592592592592592600, 0.4629629629629629700, 0.4666666666666666700, 0.4703703703703703800, 0.4740740740740740900, 0.4777777777777778000, 0.4814814814814814500, 0.4851851851851851600, 0.4888888888888888700, 0.4925925925925925800, 0.4962962962962962900, 0.5000000000000000000, 0.5037037037037036500, 0.5074074074074074200, 0.5111111111111110700, 0.5148148148148148400, 0.5185185185185184900, 0.5222222222222222500, 0.5259259259259259100, 0.5296296296296296700, 0.5333333333333333300, 0.5370370370370370900, 0.5407407407407407400, 0.5444444444444444000, 0.5481481481481481600, 0.5518518518518518200, 0.5555555555555555800, 0.5592592592592592300, 0.5629629629629630000, 0.5666666666666666500, 0.5703703703703704200, 0.5740740740740740700, 0.5777777777777777200, 0.5814814814814814900, 0.5851851851851851400, 0.5888888888888889100, 0.5925925925925925600, 0.5962962962962963200, 0.5999999999999999800, 0.6037037037037037400, 0.6074074074074074000, 0.6111111111111111600, 0.6148148148148148100, 0.6185185185185184700, 0.6222222222222222300, 0.6259259259259258900, 0.6296296296296296500, 0.6333333333333333000, 0.6370370370370370700, 0.6407407407407407200, 0.6444444444444444900, 0.6481481481481481400, 0.6518518518518519000, 0.6555555555555555600, 0.6592592592592592100, 0.6629629629629629800, 0.6666666666666666300, 0.6703703703703703900, 0.6740740740740740500, 0.6777777777777778100, 0.6814814814814814700, 0.6851851851851852300, 0.6888888888888888800, 0.6925925925925925400, 0.6962962962962963000, 0.6999999999999999600, 0.7037037037037037200, 0.7074074074074073700, 0.7111111111111111400, 0.7148148148148147900, 0.7185185185185185600, 0.7222222222222222100, 0.7259259259259259700, 0.7296296296296296300, 0.7333333333333332800, 0.7370370370370370500, 0.7407407407407407000, 0.7444444444444444600, 0.7481481481481481200, 0.7518518518518518800, 0.7555555555555555400, 0.7592592592592593000, 0.7629629629629629500, 0.7666666666666667200, 0.7703703703703703700, 0.7740740740740740300, 0.7777777777777777900, 0.7814814814814814400, 0.7851851851851852100, 0.7888888888888888600, 0.7925925925925926300, 0.7962962962962962800, 0.8000000000000000400, 0.8037037037037037000, 0.8074074074074074600, 0.8111111111111111200, 0.8148148148148147700, 0.8185185185185185300, 0.8222222222222221900, 0.8259259259259259500, 0.8296296296296296100, 0.8333333333333333700, 0.8370370370370370200, 0.8407407407407407900, 0.8444444444444444400, 0.8481481481481481000, 0.8518518518518518600, 0.8555555555555555100, 0.8592592592592592800, 0.8629629629629629300, 0.8666666666666667000, 0.8703703703703703500, 0.8740740740740741100, 0.8777777777777777700, 0.8814814814814815300, 0.8851851851851851900, 0.8888888888888888400, 0.8925925925925926000, 0.8962962962962962600, 0.9000000000000000200, 0.9037037037037036800, 0.9074074074074074400, 0.9111111111111110900, 0.9148148148148148600, 0.9185185185185185100, 0.9222222222222222800, 0.9259259259259259300, 0.9296296296296295800, 0.9333333333333333500, 0.9370370370370370000, 0.9407407407407407700, 0.9444444444444444200, 0.9481481481481481800, 0.9518518518518518400, 0.9555555555555556000, 0.9592592592592592600, 0.9629629629629629100, 0.9666666666666666700, 0.9703703703703703300, 0.9740740740740740900, 0.9777777777777777500, 0.9814814814814815100, 0.9851851851851851600, 0.9888888888888889300, 0.9925925925925925800, 0.9962962962962963500, 1.000000000000000000 ),
 .UNSPECIFIED. ) 
 GEOMETRIC_REPRESENTATION_ITEM ( )  RATIONAL_B_SPLINE_SURFACE ( (
 ( 1.000000000000000000, 0.8660254037844387100, 1.000000000000000000, 0.8660254037844387100, 1.000000000000000000, 0.8660254037844387100, 1.000000000000000000, 0.8660254037844387100, 1.000000000000000000, 0.8660254037844387100, 1.000000000000000000, 0.8660254037844387100, 1.000000000000000000, 0.8660254037844387100, 1.000000000000000000, 0.8660254037844387100, 1.000000000000000000, 0.8660254037844387100, 1.000000000000000000, 0.8660254037844387100, 1.000000000000000000, 0.8660254037844387100, 1.000000000000000000, 0.8660254037844387100, 1.000000000000000000, 0.8660254037844387100, 1.000000000000000000, 0.8660254037844387100, 1.000000000000000000, 0.8660254037844387100, 1.000000000000000000, 0.8660254037844387100, 1.000000000000000000, 0.8660254037844387100, 1.000000000000000000, 0.8660254037844387100, 1.000000000000000000, 0.8660254037844387100, 1.000000000000000000, 0.8660254037844387100, 1.000000000000000000, 0.8660254037844387100, 1.000000000000000000, 0.8660254037844387100, 1.000000000000000000, 0.8660254037844387100, 1.000000000000000000, 0.8660254037844387100, 1.000000000000000000, 0.8660254037844387100, 1.000000000000000000, 0.8660254037844387100, 1.000000000000000000, 0.8660254037844387100, 1.000000000000000000, 0.8660254037844387100, 1.000000000000000000, 0.8660254037844387100, 1.000000000000000000, 0.8660254037844387100, 1.000000000000000000, 0.8660254037844387100, 1.000000000000000000, 0.8660254037844387100, 1.000000000000000000, 0.8660254037844387100, 1.000000000000000000, 0.8660254037844387100, 1.000000000000000000, 0.8660254037844387100, 1.000000000000000000, 0.8660254037844387100, 1.000000000000000000, 0.8660254037844387100, 1.000000000000000000, 0.8660254037844387100, 1.000000000000000000, 0.8660254037844387100, 1.000000000000000000, 0.8660254037844387100, 1.000000000000000000, 0.8660254037844387100, 1.000000000000000000, 0.8660254037844387100, 1.000000000000000000, 0.8660254037844387100, 1.000000000000000000, 0.8660254037844387100, 1.000000000000000000, 0.8660254037844387100, 1.000000000000000000, 0.8660254037844387100, 1.000000000000000000, 0.8660254037844387100, 1.000000000000000000, 0.8660254037844387100, 1.000000000000000000, 0.8660254037844387100, 1.000000000000000000, 0.8660254037844387100, 1.000000000000000000, 0.8660254037844387100, 1.000000000000000000, 0.8660254037844387100, 1.000000000000000000, 0.8660254037844387100, 1.000000000000000000, 0.8660254037844387100, 1.000000000000000000, 0.8660254037844387100, 1.000000000000000000, 0.8660254037844387100, 1.000000000000000000, 0.8660254037844387100, 1.000000000000000000, 0.8660254037844387100, 1.000000000000000000, 0.8660254037844387100, 1.000000000000000000, 0.8660254037844387100, 1.000000000000000000, 0.8660254037844387100, 1.000000000000000000, 0.8660254037844387100, 1.000000000000000000, 0.8660254037844387100, 1.000000000000000000, 0.8660254037844387100, 1.000000000000000000, 0.8660254037844387100, 1.000000000000000000, 0.8660254037844387100, 1.000000000000000000, 0.8660254037844387100, 1.000000000000000000, 0.8660254037844387100, 1.000000000000000000, 0.8660254037844387100, 1.000000000000000000, 0.8660254037844387100, 1.000000000000000000, 0.8660254037844387100, 1.000000000000000000, 0.8660254037844387100, 1.000000000000000000, 0.8660254037844387100, 1.000000000000000000, 0.8660254037844387100, 1.000000000000000000, 0.8660254037844387100, 1.000000000000000000, 0.8660254037844387100, 1.000000000000000000, 0.8660254037844387100, 1.000000000000000000, 0.8660254037844387100, 1.000000000000000000, 0.8660254037844387100, 1.000000000000000000, 0.8660254037844387100, 1.000000000000000000, 0.8660254037844387100, 1.000000000000000000, 0.8660254037844387100, 1.000000000000000000, 0.8660254037844387100, 1.000000000000000000, 0.8660254037844387100, 1.000000000000000000, 0.8660254037844387100, 1.000000000000000000, 0.8660254037844387100, 1.000000000000000000, 0.8660254037844387100, 1.000000000000000000, 0.8660254037844387100, 1.000000000000000000, 0.8660254037844387100, 1.000000000000000000, 0.8660254037844387100, 1.000000000000000000, 0.8660254037844387100, 1.000000000000000000, 0.8660254037844387100, 1.000000000000000000, 0.8660254037844387100, 1.000000000000000000, 0.8660254037844387100, 1.000000000000000000, 0.8660254037844387100, 1.000000000000000000, 0.8660254037844387100, 1.000000000000000000, 0.8660254037844387100, 1.000000000000000000, 0.8660254037844387100, 1.000000000000000000, 0.8660254037844387100, 1.000000000000000000, 0.8660254037844387100, 1.000000000000000000, 0.8660254037844387100, 1.000000000000000000, 0.8660254037844387100, 1.000000000000000000, 0.8660254037844387100, 1.000000000000000000, 0.8660254037844387100, 1.000000000000000000, 0.8660254037844387100, 1.000000000000000000, 0.8660254037844387100, 1.000000000000000000, 0.8660254037844387100, 1.000000000000000000, 0.8660254037844387100, 1.000000000000000000, 0.8660254037844387100, 1.000000000000000000, 0.8660254037844387100, 1.000000000000000000, 0.8660254037844387100, 1.000000000000000000, 0.8660254037844387100, 1.000000000000000000, 0.8660254037844387100, 1.000000000000000000, 0.8660254037844387100, 1.000000000000000000, 0.8660254037844387100, 1.000000000000000000, 0.8660254037844387100, 1.000000000000000000, 0.8660254037844387100, 1.000000000000000000, 0.8660254037844387100, 1.000000000000000000, 0.8660254037844387100, 1.000000000000000000, 0.8660254037844387100, 1.000000000000000000, 0.8660254037844387100, 1.000000000000000000, 0.8660254037844387100, 1.000000000000000000, 0.8660254037844387100, 1.000000000000000000, 0.8660254037844387100, 1.000000000000000000, 0.8660254037844387100, 1.000000000000000000, 0.8660254037844387100, 1.000000000000000000, 0.8660254037844387100, 1.000000000000000000, 0.8660254037844387100, 1.000000000000000000, 0.8660254037844387100, 1.000000000000000000, 0.8660254037844387100, 1.000000000000000000, 0.8660254037844387100, 1.000000000000000000, 0.8660254037844387100, 1.000000000000000000, 0.8660254037844387100, 1.000000000000000000, 0.8660254037844387100, 1.000000000000000000, 0.8660254037844387100, 1.000000000000000000, 0.8660254037844387100, 1.000000000000000000, 0.8660254037844387100, 1.000000000000000000, 0.8660254037844387100, 1.000000000000000000, 0.8660254037844387100, 1.000000000000000000, 0.8660254037844387100, 1.000000000000000000, 0.8660254037844387100, 1.000000000000000000, 0.8660254037844387100, 1.000000000000000000, 0.8660254037844387100, 1.000000000000000000, 0.8660254037844387100, 1.000000000000000000, 0.8660254037844387100, 1.000000000000000000, 0.8660254037844387100, 1.000000000000000000, 0.8660254037844387100, 1.000000000000000000, 0.8660254037844387100, 1.000000000000000000, 0.8660254037844387100, 1.000000000000000000, 0.8660254037844387100, 1.000000000000000000, 0.8660254037844387100, 1.000000000000000000, 0.8660254037844387100, 1.000000000000000000, 0.8660254037844387100, 1.000000000000000000, 0.8660254037844387100, 1.000000000000000000, 0.8660254037844387100, 1.000000000000000000, 0.8660254037844387100, 1.000000000000000000, 0.8660254037844387100, 1.000000000000000000, 0.8660254037844387100, 1.000000000000000000, 0.8660254037844387100, 1.000000000000000000, 0.8660254037844387100, 1.000000000000000000, 0.8660254037844387100, 1.000000000000000000, 0.8660254037844387100, 1.000000000000000000, 0.8660254037844387100, 1.000000000000000000, 0.8660254037844387100, 1.000000000000000000, 0.8660254037844387100, 1.000000000000000000, 0.8660254037844387100, 1.000000000000000000, 0.8660254037844387100, 1.000000000000000000, 0.8660254037844387100, 1.000000000000000000, 0.8660254037844387100, 1.000000000000000000, 0.8660254037844387100, 1.000000000000000000, 0.8660254037844387100, 1.000000000000000000, 0.8660254037844387100, 1.000000000000000000, 0.8660254037844387100, 1.000000000000000000, 0.8660254037844387100, 1.000000000000000000, 0.8660254037844387100, 1.000000000000000000, 0.8660254037844387100, 1.000000000000000000, 0.8660254037844387100, 1.000000000000000000, 0.8660254037844387100, 1.000000000000000000, 0.8660254037844387100, 1.000000000000000000, 0.8660254037844387100, 1.000000000000000000, 0.8660254037844387100, 1.000000000000000000, 0.8660254037844387100, 1.000000000000000000, 0.8660254037844387100, 1.000000000000000000, 0.8660254037844387100, 1.000000000000000000, 0.8660254037844387100, 1.000000000000000000, 0.8660254037844387100, 1.000000000000000000, 0.8660254037844387100, 1.000000000000000000, 0.8660254037844387100, 1.000000000000000000, 0.8660254037844387100, 1.000000000000000000, 0.8660254037844387100, 1.000000000000000000, 0.8660254037844387100, 1.000000000000000000, 0.8660254037844387100, 1.000000000000000000, 0.8660254037844387100, 1.000000000000000000, 0.8660254037844387100, 1.000000000000000000, 0.8660254037844387100, 1.000000000000000000, 0.8660254037844387100, 1.000000000000000000, 0.8660254037844387100, 1.000000000000000000, 0.8660254037844387100, 1.000000000000000000, 0.8660254037844387100, 1.000000000000000000, 0.8660254037844387100, 1.000000000000000000, 0.8660254037844387100, 1.000000000000000000, 0.8660254037844387100, 1.000000000000000000, 0.8660254037844387100, 1.000000000000000000, 0.8660254037844387100, 1.000000000000000000, 0.8660254037844387100, 1.000000000000000000, 0.8660254037844387100, 1.000000000000000000, 0.8660254037844387100, 1.000000000000000000, 0.8660254037844387100, 1.000000000000000000, 0.8660254037844387100, 1.000000000000000000, 0.8660254037844387100, 1.000000000000000000, 0.8660254037844387100, 1.000000000000000000, 0.8660254037844387100, 1.000000000000000000, 0.8660254037844387100, 1.000000000000000000, 0.8660254037844387100, 1.000000000000000000, 0.8660254037844387100, 1.000000000000000000, 0.8660254037844387100, 1.000000000000000000, 0.8660254037844387100, 1.000000000000000000, 0.8660254037844387100, 1.000000000000000000, 0.8660254037844387100, 1.000000000000000000, 0.8660254037844387100, 1.000000000000000000, 0.8660254037844387100, 1.000000000000000000, 0.8660254037844387100, 1.000000000000000000, 0.8660254037844387100, 1.000000000000000000, 0.8660254037844387100, 1.000000000000000000, 0.8660254037844387100, 1.000000000000000000, 0.8660254037844387100, 1.000000000000000000, 0.8660254037844387100, 1.000000000000000000, 0.8660254037844387100, 1.000000000000000000, 0.8660254037844387100, 1.000000000000000000, 0.8660254037844387100, 1.000000000000000000, 0.8660254037844387100, 1.000000000000000000, 0.8660254037844387100, 1.000000000000000000, 0.8660254037844387100, 1.000000000000000000, 0.8660254037844387100, 1.000000000000000000, 0.8660254037844387100, 1.000000000000000000, 0.8660254037844387100, 1.000000000000000000, 0.8660254037844387100, 1.000000000000000000, 0.8660254037844387100, 1.000000000000000000, 0.8660254037844387100, 1.000000000000000000, 0.8660254037844387100, 1.000000000000000000, 0.8660254037844387100, 1.000000000000000000, 0.8660254037844387100, 1.000000000000000000, 0.8660254037844387100, 1.000000000000000000, 0.8660254037844387100, 1.000000000000000000, 0.8660254037844387100, 1.000000000000000000, 0.8660254037844387100, 1.000000000000000000, 0.8660254037844387100, 1.000000000000000000, 0.8660254037844387100, 1.000000000000000000, 0.8660254037844387100, 1.000000000000000000, 0.8660254037844387100, 1.000000000000000000, 0.8660254037844387100, 1.000000000000000000, 0.8660254037844387100, 1.000000000000000000, 0.8660254037844387100, 1.000000000000000000, 0.8660254037844387100, 1.000000000000000000, 0.8660254037844387100, 1.000000000000000000, 0.8660254037844387100, 1.000000000000000000, 0.8660254037844387100, 1.000000000000000000, 0.8660254037844387100, 1.000000000000000000, 0.8660254037844387100, 1.000000000000000000, 0.8660254037844387100, 1.000000000000000000, 0.8660254037844387100, 1.000000000000000000, 0.8660254037844387100, 1.000000000000000000, 0.8660254037844387100, 1.000000000000000000, 0.8660254037844387100, 1.000000000000000000, 0.8660254037844387100, 1.000000000000000000, 0.8660254037844387100, 1.000000000000000000, 0.8660254037844387100, 1.000000000000000000, 0.8660254037844387100, 1.000000000000000000, 0.8660254037844387100, 1.000000000000000000, 0.8660254037844387100, 1.000000000000000000),
 ( 1.000000000000000000, 0.8660254037844387100, 1.000000000000000000, 0.8660254037844387100, 1.000000000000000000, 0.8660254037844387100, 1.000000000000000000, 0.8660254037844387100, 1.000000000000000000, 0.8660254037844387100, 1.000000000000000000, 0.8660254037844387100, 1.000000000000000000, 0.8660254037844387100, 1.000000000000000000, 0.8660254037844387100, 1.000000000000000000, 0.8660254037844387100, 1.000000000000000000, 0.8660254037844387100, 1.000000000000000000, 0.8660254037844387100, 1.000000000000000000, 0.8660254037844387100, 1.000000000000000000, 0.8660254037844387100, 1.000000000000000000, 0.8660254037844387100, 1.000000000000000000, 0.8660254037844387100, 1.000000000000000000, 0.8660254037844387100, 1.000000000000000000, 0.8660254037844387100, 1.000000000000000000, 0.8660254037844387100, 1.000000000000000000, 0.8660254037844387100, 1.000000000000000000, 0.8660254037844387100, 1.000000000000000000, 0.8660254037844387100, 1.000000000000000000, 0.8660254037844387100, 1.000000000000000000, 0.8660254037844387100, 1.000000000000000000, 0.8660254037844387100, 1.000000000000000000, 0.8660254037844387100, 1.000000000000000000, 0.8660254037844387100, 1.000000000000000000, 0.8660254037844387100, 1.000000000000000000, 0.8660254037844387100, 1.000000000000000000, 0.8660254037844387100, 1.000000000000000000, 0.8660254037844387100, 1.000000000000000000, 0.8660254037844387100, 1.000000000000000000, 0.8660254037844387100, 1.000000000000000000, 0.8660254037844387100, 1.000000000000000000, 0.8660254037844387100, 1.000000000000000000, 0.8660254037844387100, 1.000000000000000000, 0.8660254037844387100, 1.000000000000000000, 0.8660254037844387100, 1.000000000000000000, 0.8660254037844387100, 1.000000000000000000, 0.8660254037844387100, 1.000000000000000000, 0.8660254037844387100, 1.000000000000000000, 0.8660254037844387100, 1.000000000000000000, 0.8660254037844387100, 1.000000000000000000, 0.8660254037844387100, 1.000000000000000000, 0.8660254037844387100, 1.000000000000000000, 0.8660254037844387100, 1.000000000000000000, 0.8660254037844387100, 1.000000000000000000, 0.8660254037844387100, 1.000000000000000000, 0.8660254037844387100, 1.000000000000000000, 0.8660254037844387100, 1.000000000000000000, 0.8660254037844387100, 1.000000000000000000, 0.8660254037844387100, 1.000000000000000000, 0.8660254037844387100, 1.000000000000000000, 0.8660254037844387100, 1.000000000000000000, 0.8660254037844387100, 1.000000000000000000, 0.8660254037844387100, 1.000000000000000000, 0.8660254037844387100, 1.000000000000000000, 0.8660254037844387100, 1.000000000000000000, 0.8660254037844387100, 1.000000000000000000, 0.8660254037844387100, 1.000000000000000000, 0.8660254037844387100, 1.000000000000000000, 0.8660254037844387100, 1.000000000000000000, 0.8660254037844387100, 1.000000000000000000, 0.8660254037844387100, 1.000000000000000000, 0.8660254037844387100, 1.000000000000000000, 0.8660254037844387100, 1.000000000000000000, 0.8660254037844387100, 1.000000000000000000, 0.8660254037844387100, 1.000000000000000000, 0.8660254037844387100, 1.000000000000000000, 0.8660254037844387100, 1.000000000000000000, 0.8660254037844387100, 1.000000000000000000, 0.8660254037844387100, 1.000000000000000000, 0.8660254037844387100, 1.000000000000000000, 0.8660254037844387100, 1.000000000000000000, 0.8660254037844387100, 1.000000000000000000, 0.8660254037844387100, 1.000000000000000000, 0.8660254037844387100, 1.000000000000000000, 0.8660254037844387100, 1.000000000000000000, 0.8660254037844387100, 1.000000000000000000, 0.8660254037844387100, 1.000000000000000000, 0.8660254037844387100, 1.000000000000000000, 0.8660254037844387100, 1.000000000000000000, 0.8660254037844387100, 1.000000000000000000, 0.8660254037844387100, 1.000000000000000000, 0.8660254037844387100, 1.000000000000000000, 0.8660254037844387100, 1.000000000000000000, 0.8660254037844387100, 1.000000000000000000, 0.8660254037844387100, 1.000000000000000000, 0.8660254037844387100, 1.000000000000000000, 0.8660254037844387100, 1.000000000000000000, 0.8660254037844387100, 1.000000000000000000, 0.8660254037844387100, 1.000000000000000000, 0.8660254037844387100, 1.000000000000000000, 0.8660254037844387100, 1.000000000000000000, 0.8660254037844387100, 1.000000000000000000, 0.8660254037844387100, 1.000000000000000000, 0.8660254037844387100, 1.000000000000000000, 0.8660254037844387100, 1.000000000000000000, 0.8660254037844387100, 1.000000000000000000, 0.8660254037844387100, 1.000000000000000000, 0.8660254037844387100, 1.000000000000000000, 0.8660254037844387100, 1.000000000000000000, 0.8660254037844387100, 1.000000000000000000, 0.8660254037844387100, 1.000000000000000000, 0.8660254037844387100, 1.000000000000000000, 0.8660254037844387100, 1.000000000000000000, 0.8660254037844387100, 1.000000000000000000, 0.8660254037844387100, 1.000000000000000000, 0.8660254037844387100, 1.000000000000000000, 0.8660254037844387100, 1.000000000000000000, 0.8660254037844387100, 1.000000000000000000, 0.8660254037844387100, 1.000000000000000000, 0.8660254037844387100, 1.000000000000000000, 0.8660254037844387100, 1.000000000000000000, 0.8660254037844387100, 1.000000000000000000, 0.8660254037844387100, 1.000000000000000000, 0.8660254037844387100, 1.000000000000000000, 0.8660254037844387100, 1.000000000000000000, 0.8660254037844387100, 1.000000000000000000, 0.8660254037844387100, 1.000000000000000000, 0.8660254037844387100, 1.000000000000000000, 0.8660254037844387100, 1.000000000000000000, 0.8660254037844387100, 1.000000000000000000, 0.8660254037844387100, 1.000000000000000000, 0.8660254037844387100, 1.000000000000000000, 0.8660254037844387100, 1.000000000000000000, 0.8660254037844387100, 1.000000000000000000, 0.8660254037844387100, 1.000000000000000000, 0.8660254037844387100, 1.000000000000000000, 0.8660254037844387100, 1.000000000000000000, 0.8660254037844387100, 1.000000000000000000, 0.8660254037844387100, 1.000000000000000000, 0.8660254037844387100, 1.000000000000000000, 0.8660254037844387100, 1.000000000000000000, 0.8660254037844387100, 1.000000000000000000, 0.8660254037844387100, 1.000000000000000000, 0.8660254037844387100, 1.000000000000000000, 0.8660254037844387100, 1.000000000000000000, 0.8660254037844387100, 1.000000000000000000, 0.8660254037844387100, 1.000000000000000000, 0.8660254037844387100, 1.000000000000000000, 0.8660254037844387100, 1.000000000000000000, 0.8660254037844387100, 1.000000000000000000, 0.8660254037844387100, 1.000000000000000000, 0.8660254037844387100, 1.000000000000000000, 0.8660254037844387100, 1.000000000000000000, 0.8660254037844387100, 1.000000000000000000, 0.8660254037844387100, 1.000000000000000000, 0.8660254037844387100, 1.000000000000000000, 0.8660254037844387100, 1.000000000000000000, 0.8660254037844387100, 1.000000000000000000, 0.8660254037844387100, 1.000000000000000000, 0.8660254037844387100, 1.000000000000000000, 0.8660254037844387100, 1.000000000000000000, 0.8660254037844387100, 1.000000000000000000, 0.8660254037844387100, 1.000000000000000000, 0.8660254037844387100, 1.000000000000000000, 0.8660254037844387100, 1.000000000000000000, 0.8660254037844387100, 1.000000000000000000, 0.8660254037844387100, 1.000000000000000000, 0.8660254037844387100, 1.000000000000000000, 0.8660254037844387100, 1.000000000000000000, 0.8660254037844387100, 1.000000000000000000, 0.8660254037844387100, 1.000000000000000000, 0.8660254037844387100, 1.000000000000000000, 0.8660254037844387100, 1.000000000000000000, 0.8660254037844387100, 1.000000000000000000, 0.8660254037844387100, 1.000000000000000000, 0.8660254037844387100, 1.000000000000000000, 0.8660254037844387100, 1.000000000000000000, 0.8660254037844387100, 1.000000000000000000, 0.8660254037844387100, 1.000000000000000000, 0.8660254037844387100, 1.000000000000000000, 0.8660254037844387100, 1.000000000000000000, 0.8660254037844387100, 1.000000000000000000, 0.8660254037844387100, 1.000000000000000000, 0.8660254037844387100, 1.000000000000000000, 0.8660254037844387100, 1.000000000000000000, 0.8660254037844387100, 1.000000000000000000, 0.8660254037844387100, 1.000000000000000000, 0.8660254037844387100, 1.000000000000000000, 0.8660254037844387100, 1.000000000000000000, 0.8660254037844387100, 1.000000000000000000, 0.8660254037844387100, 1.000000000000000000, 0.8660254037844387100, 1.000000000000000000, 0.8660254037844387100, 1.000000000000000000, 0.8660254037844387100, 1.000000000000000000, 0.8660254037844387100, 1.000000000000000000, 0.8660254037844387100, 1.000000000000000000, 0.8660254037844387100, 1.000000000000000000, 0.8660254037844387100, 1.000000000000000000, 0.8660254037844387100, 1.000000000000000000, 0.8660254037844387100, 1.000000000000000000, 0.8660254037844387100, 1.000000000000000000, 0.8660254037844387100, 1.000000000000000000, 0.8660254037844387100, 1.000000000000000000, 0.8660254037844387100, 1.000000000000000000, 0.8660254037844387100, 1.000000000000000000, 0.8660254037844387100, 1.000000000000000000, 0.8660254037844387100, 1.000000000000000000, 0.8660254037844387100, 1.000000000000000000, 0.8660254037844387100, 1.000000000000000000, 0.8660254037844387100, 1.000000000000000000, 0.8660254037844387100, 1.000000000000000000, 0.8660254037844387100, 1.000000000000000000, 0.8660254037844387100, 1.000000000000000000, 0.8660254037844387100, 1.000000000000000000, 0.8660254037844387100, 1.000000000000000000, 0.8660254037844387100, 1.000000000000000000, 0.8660254037844387100, 1.000000000000000000, 0.8660254037844387100, 1.000000000000000000, 0.8660254037844387100, 1.000000000000000000, 0.8660254037844387100, 1.000000000000000000, 0.8660254037844387100, 1.000000000000000000, 0.8660254037844387100, 1.000000000000000000, 0.8660254037844387100, 1.000000000000000000, 0.8660254037844387100, 1.000000000000000000, 0.8660254037844387100, 1.000000000000000000, 0.8660254037844387100, 1.000000000000000000, 0.8660254037844387100, 1.000000000000000000, 0.8660254037844387100, 1.000000000000000000, 0.8660254037844387100, 1.000000000000000000, 0.8660254037844387100, 1.000000000000000000, 0.8660254037844387100, 1.000000000000000000, 0.8660254037844387100, 1.000000000000000000, 0.8660254037844387100, 1.000000000000000000, 0.8660254037844387100, 1.000000000000000000, 0.8660254037844387100, 1.000000000000000000, 0.8660254037844387100, 1.000000000000000000, 0.8660254037844387100, 1.000000000000000000, 0.8660254037844387100, 1.000000000000000000, 0.8660254037844387100, 1.000000000000000000, 0.8660254037844387100, 1.000000000000000000, 0.8660254037844387100, 1.000000000000000000, 0.8660254037844387100, 1.000000000000000000, 0.8660254037844387100, 1.000000000000000000, 0.8660254037844387100, 1.000000000000000000, 0.8660254037844387100, 1.000000000000000000, 0.8660254037844387100, 1.000000000000000000, 0.8660254037844387100, 1.000000000000000000, 0.8660254037844387100, 1.000000000000000000, 0.8660254037844387100, 1.000000000000000000, 0.8660254037844387100, 1.000000000000000000, 0.8660254037844387100, 1.000000000000000000, 0.8660254037844387100, 1.000000000000000000, 0.8660254037844387100, 1.000000000000000000, 0.8660254037844387100, 1.000000000000000000, 0.8660254037844387100, 1.000000000000000000, 0.8660254037844387100, 1.000000000000000000, 0.8660254037844387100, 1.000000000000000000, 0.8660254037844387100, 1.000000000000000000, 0.8660254037844387100, 1.000000000000000000, 0.8660254037844387100, 1.000000000000000000, 0.8660254037844387100, 1.000000000000000000, 0.8660254037844387100, 1.000000000000000000, 0.8660254037844387100, 1.000000000000000000, 0.8660254037844387100, 1.000000000000000000, 0.8660254037844387100, 1.000000000000000000, 0.8660254037844387100, 1.000000000000000000, 0.8660254037844387100, 1.000000000000000000, 0.8660254037844387100, 1.000000000000000000, 0.8660254037844387100, 1.000000000000000000, 0.8660254037844387100, 1.000000000000000000, 0.8660254037844387100, 1.000000000000000000, 0.8660254037844387100, 1.000000000000000000, 0.8660254037844387100, 1.000000000000000000, 0.8660254037844387100, 1.000000000000000000, 0.8660254037844387100, 1.000000000000000000, 0.8660254037844387100, 1.000000000000000000, 0.8660254037844387100, 1.000000000000000000, 0.8660254037844387100, 1.000000000000000000) ) ) 
 REPRESENTATION_ITEM ( '' )  SURFACE ( )  );
#3934 = AXIS2_PLACEMENT_3D ( 'NONE', #4865, #3074, #5484 ) ;
#3935 = EDGE_LOOP ( 'NONE', ( #51, #514, #5799, #1322 ) ) ;
#3936 = CARTESIAN_POINT ( 'NONE',  ( -1.898914394991857200, 24.85483281045240400, -0.6277930554631422400 ) ) ;
#3937 = CARTESIAN_POINT ( 'NONE',  ( -0.1189804768296862800, 3.361093549569421400, 2.067131037219798600 ) ) ;
#3938 = CARTESIAN_POINT ( 'NONE',  ( 2.261370884561354300, 9.863166143785775800, -0.4685456816510034100 ) ) ;
#3939 = FACE_OUTER_BOUND ( 'NONE', #3030, .T. ) ;
#3940 = CARTESIAN_POINT ( 'NONE',  ( 0.3135275320699943400, 5.138166143785788600, 1.513197240511562100 ) ) ;
#3941 = VERTEX_POINT ( 'NONE', #569 ) ;
#3942 = EDGE_CURVE ( 'NONE', #4463, #3849, #1067, .T. ) ;
#3943 = CARTESIAN_POINT ( 'NONE',  ( 1.153703485184449700, 20.15899947711908500, -1.028121427811290000 ) ) ;
#3944 = CIRCLE ( 'NONE', #2664, 4.000000000000000000 ) ;
#3945 = CARTESIAN_POINT ( 'NONE',  ( -0.6718995274061878600, 9.949673664068743800, -3.499999999999998200 ) ) ;
#3946 = CARTESIAN_POINT ( 'NONE',  ( 1.976220867064129200, 0.05445096398713835500, -0.3023893418298597100 ) ) ;
#3947 = CARTESIAN_POINT ( 'NONE',  ( 2.261370884561367100, 9.950666143785774400, -0.4685456816509410100 ) ) ;
#3948 = CARTESIAN_POINT ( 'NONE',  ( -1.153703485182825400, 19.72149947711908500, 1.028121427814281600 ) ) ;
#3949 = CARTESIAN_POINT ( 'NONE',  ( 1.467231017253632000, -0.9576671895475328300, 0.4850758126987769200 ) ) ;
#3950 = DIRECTION ( 'NONE',  ( 0.0000000000000000000, 0.0000000000000000000, -1.000000000000000000 ) ) ;
#3951 = CARTESIAN_POINT ( 'NONE',  ( -1.536457905423971100, 16.39649947711909300, -1.724131792580214700 ) ) ;
#3952 = FACE_OUTER_BOUND ( 'NONE', #3724, .T. ) ;
#3953 = DIRECTION ( 'NONE',  ( -0.0000000000000000000, -1.000000000000000000, -0.0000000000000000000 ) ) ;
#3954 = AXIS2_PLACEMENT_3D ( 'NONE', #5671, #742, #2985 ) ;
#3955 = CARTESIAN_POINT ( 'NONE',  ( 2.261370884561367100, 25.26316614378573500, -0.4685456816509410100 ) ) ;
#3956 = CARTESIAN_POINT ( 'NONE',  ( -0.7397092485552132500, 9.206367515826059400, 1.650000000002363100 ) ) ;
#3957 = DIRECTION ( 'NONE',  ( 1.000000000000000000, 0.0000000000000000000, -3.219245568722485800E-016 ) ) ;
#3958 = CARTESIAN_POINT ( 'NONE',  ( 0.5601173020771160700, 4.029832810452459700, -1.694212445547072400 ) ) ;
#3959 = CARTESIAN_POINT ( 'NONE',  ( -0.5601173020754920400, 21.96733281045241200, 1.694212445550063300 ) ) ;
#3960 = CARTESIAN_POINT ( 'NONE',  ( -1.566604375869318000, 0.8527602162368096400, -0.5179292707572200600 ) ) ;
#3961 = DIRECTION ( 'NONE',  ( 0.3138965277323320600, 0.0000000000000000000, -0.9494571974963301700 ) ) ;
#3962 = CARTESIAN_POINT ( 'NONE',  ( -2.261370884559743600, 8.900666143785777300, 0.4685456816539321200 ) ) ;
#3963 = CARTESIAN_POINT ( 'NONE',  ( 0.3135275320699943400, 29.63816614378572500, 1.513197240511562100 ) ) ;
#3964 = CARTESIAN_POINT ( 'NONE',  ( -0.3135275320683701400, 21.58816614378574200, -1.513197240508571600 ) ) ;
#3965 = ORIENTED_EDGE ( 'NONE', *, *, #4018, .F. ) ;
#3966 = CARTESIAN_POINT ( 'NONE',  ( 0.5601173020771160700, 1.317332810452464400, -1.694212445547072400 ) ) ;
#3967 = CARTESIAN_POINT ( 'NONE',  ( 1.493141931848975100, 15.52149947711909300, -1.330611577941795300 ) ) ;
#3968 = CARTESIAN_POINT ( 'NONE',  ( -1.536457905423995300, 1.696499477119125300, -1.724131792580192700 ) ) ;
#3969 = B_SPLINE_CURVE_WITH_KNOTS ( 'NONE', 3,
 ( #3873, #5757, #4751, #5686, #3448, #3410, #4316, #2621 ),
 .UNSPECIFIED., .F., .F.,
 ( 4, 2, 2, 4 ),
 ( 2.529189314850195400E-007, 0.001001387654841961800, 0.001501955022797200200, 0.002002522390752438700 ),
 .UNSPECIFIED. ) ;
#3970 = ORIENTED_EDGE ( 'NONE', *, *, #5867, .T. ) ;
#3971 = EDGE_CURVE ( 'NONE', #1115, #586, #5242, .T. ) ;
#3972 = CARTESIAN_POINT ( 'NONE',  ( 0.7249129791365839200, 21.87983281045241000, -2.192677474232650700 ) ) ;
#3973 = CARTESIAN_POINT ( 'NONE',  ( -1.898914394991871400, 6.042332810452449200, -0.6277930554630994900 ) ) ;
#3974 = AXIS2_PLACEMENT_3D ( 'NONE', #1147, #2904, #3767 ) ;
#3975 = CARTESIAN_POINT ( 'NONE',  ( -9.429543486215421600E-015, 5.406026666236929400, -1.649999999999745000 ) ) ;
#3976 = CARTESIAN_POINT ( 'NONE',  ( 1.092492215212837800, 9.950000000000001100, -1.675249461929802600 ) ) ;
#3977 = ORIENTED_EDGE ( 'NONE', *, *, #1665, .F. ) ;
#3978 = CARTESIAN_POINT ( 'NONE',  ( 0.3135275320699943400, -0.4618338562141985300, 1.513197240511562100 ) ) ;
#3979 = CARTESIAN_POINT ( 'NONE',  ( 1.747289668291783300, 23.60066614378573700, -0.3620304100755075700 ) ) ;
#3980 = EDGE_CURVE ( 'NONE', #2571, #3548, #1826, .T. ) ;
#3981 = ORIENTED_EDGE ( 'NONE', *, *, #3971, .T. ) ;
#3982 = CARTESIAN_POINT ( 'NONE',  ( -1.990681402645799100E-014, 1.764381477805523600, 1.650000000002735700 ) ) ;
#3983 = CARTESIAN_POINT ( 'NONE',  ( -0.4057724631436938600, 7.325666143785779700, -1.958404633406432700 ) ) ;
#3984 = CARTESIAN_POINT ( 'NONE',  ( 1.467231017253632000, 28.35483281045239300, 0.4850758126987769200 ) ) ;
#3985 = CARTESIAN_POINT ( 'NONE',  ( -1.187172366213856000, 20.94649947711908000, -1.332182035470070400 ) ) ;
#3986 = CARTESIAN_POINT ( 'NONE',  ( 0.5601173020771160700, -0.7826671895475304500, -1.694212445547072400 ) ) ;
#3987 = CARTESIAN_POINT ( 'NONE',  ( 0.0000000000000000000, 10.00000000000000000, 0.0000000000000000000 ) ) ;
#3988 = CARTESIAN_POINT ( 'NONE',  ( 2.261370884561367100, 16.16316614378575900, -0.4685456816509410100 ) ) ;
#3989 = ORIENTED_EDGE ( 'NONE', *, *, #3527, .T. ) ;
#3990 = CARTESIAN_POINT ( 'NONE',  ( 1.632741886374738900, 9.640614215647946800, -3.500000000000001300 ) ) ;
#3991 = CARTESIAN_POINT ( 'NONE',  ( 1.467231017253632000, 26.95483281045239800, 0.4850758126987769200 ) ) ;
#3992 = VERTEX_POINT ( 'NONE', #5043 ) ;
#3993 = CARTESIAN_POINT ( 'NONE',  ( -0.1189804768297005700, 2.661093549569423500, 2.067131037219797700 ) ) ;
#3994 = CARTESIAN_POINT ( 'NONE',  ( -1.187172366213856000, 2.746499477119128700, -1.332182035470070400 ) ) ;
#3995 = CARTESIAN_POINT ( 'NONE',  ( 0.5601173020771160700, 21.61733281045241000, -1.694212445547072400 ) ) ;
#3996 = EDGE_LOOP ( 'NONE', ( #1108, #4479, #1885, #1179, #2455, #2229, #1194, #5246, #2873, #1158, #2732, #3164, #5482, #4118, #3623, #669, #593, #2712, #4038, #243, #187, #2809, #5218, #2318, #5360, #3072, #5417, #4345, #5573, #2613, #1572, #3504, #5732, #5082, #5662, #2531, #737, #894, #1817, #176, #1119, #2377, #3218, #5202, #1799, #4708, #1443, #2163, #3209, #2936, #3501, #2964, #265, #5358, #1683, #4899, #2988, #4459, #4494, #3011 ) ) ;
#3997 = CARTESIAN_POINT ( 'NONE',  ( -0.6277930554638524500, -0.8576671895476062300, 1.898914394994155600 ) ) ;
#3998 = CARTESIAN_POINT ( 'NONE',  ( -1.536457905423971100, 8.083999477119112600, -1.724131792580214700 ) ) ;
#3999 = CARTESIAN_POINT ( 'NONE',  ( 0.6277930554654740400, 8.579832810452440800, -1.898914394991172000 ) ) ;
#4000 = CARTESIAN_POINT ( 'NONE',  ( 1.747289668291783300, 29.11316614378572600, -0.3620304100755075700 ) ) ;
#4001 = CARTESIAN_POINT ( 'NONE',  ( -1.467231017252008000, 18.20483281045241600, -0.4850758126957864200 ) ) ;
#4002 = B_SPLINE_CURVE_WITH_KNOTS ( 'NONE', 3,
 ( #2608, #2984, #3487, #1649, #3882, #281, #741, #3454 ),
 .UNSPECIFIED., .F., .F.,
 ( 4, 2, 2, 4 ),
 ( 2.529189314848605100E-007, 0.001001387654841959800, 0.001501955022797197000, 0.002002522390752434400 ),
 .UNSPECIFIED. ) ;
#4003 = CARTESIAN_POINT ( 'NONE',  ( 1.493141931848975100, 3.621499477119122000, -1.330611577941795300 ) ) ;
#4004 = VERTEX_POINT ( 'NONE', #2385 ) ;
#4005 = ORIENTED_EDGE ( 'NONE', *, *, #4435, .F. ) ;
#4006 = CARTESIAN_POINT ( 'NONE',  ( -2.261370884559743600, 11.61316614378576900, 0.4685456816539321200 ) ) ;
#4007 = CARTESIAN_POINT ( 'NONE',  ( -0.3347622820936569900, 6.127738738001435900, -1.615683822561260000 ) ) ;
#4008 = CARTESIAN_POINT ( 'NONE',  ( 0.4057724631453421500, 6.975666143785780100, 1.958404633409418300 ) ) ;
#4009 = AXIS2_PLACEMENT_3D ( 'NONE', #4564, #5530, #2322 ) ;
#4010 = CYLINDRICAL_SURFACE ( 'NONE', #1143, 1.650000000000000100 ) ;
#4011 = ORIENTED_EDGE ( 'NONE', *, *, #3183, .F. ) ;
#4012 = CARTESIAN_POINT ( 'NONE',  ( 0.1189804768313018300, 5.811093549569416300, -2.067131037216795300 ) ) ;
#4013 = CARTESIAN_POINT ( 'NONE',  ( -1.493141931847313800, 6.158999477119117200, 1.330611577944828000 ) ) ;
#4014 = CARTESIAN_POINT ( 'NONE',  ( 0.5601173020771160700, 1.929832810452461600, -1.694212445547072400 ) ) ;
#4015 = EDGE_CURVE ( 'NONE', #5152, #5263, #3658, .T. ) ;
#4016 = VECTOR ( 'NONE', #4737, 1000.000000000000000 ) ;
#4017 = CARTESIAN_POINT ( 'NONE',  ( -0.3135275320683701400, 22.37566614378574300, -1.513197240508571600 ) ) ;
#4018 = EDGE_CURVE ( 'NONE', #3274, #1209, #798, .T. ) ;
#4019 = CARTESIAN_POINT ( 'NONE',  ( 8.118505867571457200E-013, -0.8576671895476062300, 1.495331636292007700E-012 ) ) ;
#4020 = DIRECTION ( 'NONE',  ( 0.0000000000000000000, 1.000000000000000000, 0.0000000000000000000 ) ) ;
#4021 = CARTESIAN_POINT ( 'NONE',  ( -0.4057724631436938600, 6.625666143785780400, -1.958404633406432700 ) ) ;
#4022 = FACE_OUTER_BOUND ( 'NONE', #3925, .T. ) ;
#4023 = CARTESIAN_POINT ( 'NONE',  ( 1.187172366215480100, 19.89649947711908200, 1.332182035473060700 ) ) ;
#4024 = ADVANCED_FACE ( 'NONE', ( #4372 ), #3455, .F. ) ;
#4025 = CARTESIAN_POINT ( 'NONE',  ( 1.536457905425595300, 5.546499477119120100, 1.724131792583205100 ) ) ;
#4026 = CARTESIAN_POINT ( 'NONE',  ( 0.7249129791365839200, 12.77983281045243100, -2.192677474232650700 ) ) ;
#4027 = DIRECTION ( 'NONE',  ( -0.0000000000000000000, -1.000000000000000000, -0.0000000000000000000 ) ) ;
#4028 = CYLINDRICAL_SURFACE ( 'NONE', #1263, 2.000000000000000000 ) ;
#4029 = DIRECTION ( 'NONE',  ( -0.0000000000000000000, -1.000000000000000000, -0.0000000000000000000 ) ) ;
#4030 = CARTESIAN_POINT ( 'NONE',  ( -1.136605634097944000, 8.898572071335481200, 1.730697752768541200 ) ) ;
#4031 = ORIENTED_EDGE ( 'NONE', *, *, #892, .T. ) ;
#4032 = CARTESIAN_POINT ( 'NONE',  ( -0.6277930554638409000, 6.217332810452446300, 1.898914394994157400 ) ) ;
#4033 = CARTESIAN_POINT ( 'NONE',  ( -1.126735949052869900E-015, 0.0000000000000000000, -3.500000000000000000 ) ) ;
#4034 = CARTESIAN_POINT ( 'NONE',  ( 8.778253695876226200E-016, 2.114381477805633100, -1.649999999999745200 ) ) ;
#4035 = CARTESIAN_POINT ( 'NONE',  ( 2.261370884561367100, 21.15066614378574500, -0.4685456816509410100 ) ) ;
#4036 = CARTESIAN_POINT ( 'NONE',  ( -1.467231017252008000, 0.7048328104524646000, -0.4850758126957864200 ) ) ;
#4037 = CARTESIAN_POINT ( 'NONE',  ( 1.187172366215480100, 19.28399947711908200, 1.332182035473060700 ) ) ;
#4038 = ORIENTED_EDGE ( 'NONE', *, *, #818, .T. ) ;
#4039 = CARTESIAN_POINT ( 'NONE',  ( 1.136605634099549200, 8.548572071335478000, -1.730697752765563100 ) ) ;
#4040 = CARTESIAN_POINT ( 'NONE',  ( 1.187172366215480100, 17.79649947711908800, 1.332182035473060700 ) ) ;
#4041 = CARTESIAN_POINT ( 'NONE',  ( 1.898914394993481000, 5.604832810452451900, 0.6277930554661326200 ) ) ;
#4042 = ORIENTED_EDGE ( 'NONE', *, *, #752, .F. ) ;
#4043 = CARTESIAN_POINT ( 'NONE',  ( 1.493141931848975100, 11.32149947711910600, -1.330611577941795300 ) ) ;
#4044 = ADVANCED_FACE ( 'NONE', ( #4861 ), #3933, .T. ) ;
#4045 = CARTESIAN_POINT ( 'NONE',  ( 0.6708153075923313200, 0.05003854249032041500, 3.500000000000000400 ) ) ;
#4046 = CYLINDRICAL_SURFACE ( 'NONE', #3693, 4.000000000000000000 ) ;
#4047 = ORIENTED_EDGE ( 'NONE', *, *, #3770, .F. ) ;
#4048 = EDGE_CURVE ( 'NONE', #1703, #1928, #2257, .T. ) ;
#4049 = CARTESIAN_POINT ( 'NONE',  ( 0.4057724631453558100, 7.675666143785779400, 1.958404633409415600 ) ) ;
#4050 = CARTESIAN_POINT ( 'NONE',  ( -1.136605634097928900, 9.686072071335473800, 1.730697752768547000 ) ) ;
#4051 = ADVANCED_FACE ( 'NONE', ( #3808 ), #5222, .F. ) ;
#4052 = CARTESIAN_POINT ( 'NONE',  ( 2.020667218593133000E-016, 10.00000000000000000, 1.650000000000000100 ) ) ;
#4053 = CARTESIAN_POINT ( 'NONE',  ( 0.3347622820952812500, 1.786093549570141800, 1.615683822564250500 ) ) ;
#4054 = CARTESIAN_POINT ( 'NONE',  ( 1.467231017253632000, -0.3451671895475308400, 0.4850758126987769200 ) ) ;
#4055 = ORIENTED_EDGE ( 'NONE', *, *, #5678, .F. ) ;
#4056 = CARTESIAN_POINT ( 'NONE',  ( -1.467231017252008000, 16.19233281045242400, -0.4850758126957864200 ) ) ;
#4057 = EDGE_CURVE ( 'NONE', #3146, #2547, #5432, .T. ) ;
#4058 = CARTESIAN_POINT ( 'NONE',  ( 0.3347622820952812500, 1.577738738001444500, 1.615683822564250500 ) ) ;
#4059 = CARTESIAN_POINT ( 'NONE',  ( 0.1691400011358079300, 8.075736410535206700, 1.650000000002816800 ) ) ;
#4060 = VERTEX_POINT ( 'NONE', #1835 ) ;
#4061 = CARTESIAN_POINT ( 'NONE',  ( 1.187172366215480100, 14.99649947711909600, 1.332182035473060700 ) ) ;
#4062 = CARTESIAN_POINT ( 'NONE',  ( -0.4057724631436938600, 4.438166143785789300, -1.958404633406432700 ) ) ;
#4063 = CARTESIAN_POINT ( 'NONE',  ( 1.536457905425595300, 13.94649947711909900, 1.724131792583205100 ) ) ;
#4064 = AXIS2_PLACEMENT_3D ( 'NONE', #5600, #1982, #181 ) ;
#4065 = DIRECTION ( 'NONE',  ( 0.3138965277323320600, 0.0000000000000000000, -0.9494571974963301700 ) ) ;
#4066 = CARTESIAN_POINT ( 'NONE',  ( -0.6277930554638524500, -0.8576671895476062300, 1.898914394994155600 ) ) ;
#4067 = ORIENTED_EDGE ( 'NONE', *, *, #101, .T. ) ;
#4068 = CARTESIAN_POINT ( 'NONE',  ( -0.6277930554638234700, 6.129832810452447800, 1.898914394994163600 ) ) ;
#4069 = CARTESIAN_POINT ( 'NONE',  ( -3.449905384059967600, 9.904491517462162200, -1.024588593502709300 ) ) ;
#4070 = CARTESIAN_POINT ( 'NONE',  ( -1.898914394991857200, 19.95483281045241600, -0.6277930554631422400 ) ) ;
#4071 = DIRECTION ( 'NONE',  ( 0.0000000000000000000, 1.000000000000000000, 0.0000000000000000000 ) ) ;
#4072 = CARTESIAN_POINT ( 'NONE',  ( -0.6277930554638704300, 7.617332810452441400, 1.898914394994147800 ) ) ;
#4073 = PLANE ( 'NONE',  #1636 ) ;
#4074 = CARTESIAN_POINT ( 'NONE',  ( -1.536457905423971100, 20.68399947711907700, -1.724131792580214700 ) ) ;
#4075 = CARTESIAN_POINT ( 'NONE',  ( -0.4057724631436938600, 29.02566614378572400, -1.958404633406432700 ) ) ;
#4076 = VERTEX_POINT ( 'NONE', #4130 ) ;
#4077 = CARTESIAN_POINT ( 'NONE',  ( -0.5601173020754920400, 19.86733281045241400, 1.694212445550063300 ) ) ;
#4078 = B_SPLINE_CURVE_WITH_KNOTS ( 'NONE', 3,
 ( #1981, #4211, #3328, #229, #5142, #1103, #2423, #4288 ),
 .UNSPECIFIED., .F., .F.,
 ( 4, 2, 2, 4 ),
 ( 0.002275225104416392700, 0.002775222322063503400, 0.003275219539710614100, 0.004275213975004837200 ),
 .UNSPECIFIED. ) ;
#4079 = AXIS2_PLACEMENT_3D ( 'NONE', #4178, #2768, #205 ) ;
#4080 = CIRCLE ( 'NONE', #759, 3.500000000000000000 ) ;
#4081 = CARTESIAN_POINT ( 'NONE',  ( -0.7397092485551969300, 8.014722327394761000, 1.650000000002382200 ) ) ;
#4082 = ORIENTED_EDGE ( 'NONE', *, *, #4048, .F. ) ;
#4083 = CARTESIAN_POINT ( 'NONE',  ( -2.261370884559734700, 7.413166143785782800, 0.4685456816539715400 ) ) ;
#4084 = CARTESIAN_POINT ( 'NONE',  ( -1.153703485182825400, 17.62149947711908700, 1.028121427814281600 ) ) ;
#4085 = ADVANCED_FACE ( 'NONE', ( #3169 ), #4996, .F. ) ;
#4086 = CARTESIAN_POINT ( 'NONE',  ( -0.4057724631436938600, 5.838166143785787900, -1.958404633406432700 ) ) ;
#4087 = CARTESIAN_POINT ( 'NONE',  ( 2.261370884561367100, 12.66316614378576900, -0.4685456816509410100 ) ) ;
#4088 = CYLINDRICAL_SURFACE ( 'NONE', #5121, 1.650000000000000100 ) ;
#4089 = CARTESIAN_POINT ( 'NONE',  ( -1.990681402645799100E-014, 4.356026666236821200, 1.650000000002735700 ) ) ;
#4090 = DIRECTION ( 'NONE',  ( 0.0000000000000000000, 0.0000000000000000000, -1.000000000000000000 ) ) ;
#4091 = EDGE_CURVE ( 'NONE', #841, #1928, #870, .T. ) ;
#4092 = DIRECTION ( 'NONE',  ( 0.0000000000000000000, 0.0000000000000000000, -1.000000000000000000 ) ) ;
#4093 = CARTESIAN_POINT ( 'NONE',  ( -0.6718995274061881900, 0.05032633593125453900, -3.500000000000000000 ) ) ;
#4094 = CARTESIAN_POINT ( 'NONE',  ( -1.493141931847315400, 9.571499477119111500, 1.330611577944826700 ) ) ;
#4095 = AXIS2_PLACEMENT_3D ( 'NONE', #4405, #975, #1445 ) ;
#4096 = FACE_OUTER_BOUND ( 'NONE', #609, .T. ) ;
#4097 = CARTESIAN_POINT ( 'NONE',  ( -9.429543486215421600E-015, 8.414381477805617800, -1.649999999999745000 ) ) ;
#4098 = CARTESIAN_POINT ( 'NONE',  ( 0.0000000000000000000, 10.00000000000000000, -1.650000000000000100 ) ) ;
#4099 = CARTESIAN_POINT ( 'NONE',  ( -1.153703485182825400, -1.278500522880865500, 1.028121427814281600 ) ) ;
#4100 = EDGE_CURVE ( 'NONE', #2147, #3370, #3651, .T. ) ;
#4101 = CARTESIAN_POINT ( 'NONE',  ( -1.747289668290160200, 18.35066614378575500, 0.3620304100784984500 ) ) ;
#4102 = VECTOR ( 'NONE', #5688, 1000.000000000000000 ) ;
#4103 = CARTESIAN_POINT ( 'NONE',  ( -1.493141931847350400, 4.758999477119118600, 1.330611577944787100 ) ) ;
#4104 = CARTESIAN_POINT ( 'NONE',  ( -0.3135275320683701400, 16.68816614378575700, -1.513197240508571600 ) ) ;
#4105 = LINE ( 'NONE', #2302, #5618 ) ;
#4106 = CARTESIAN_POINT ( 'NONE',  ( -1.536457905423971100, 0.9964994771191364500, -1.724131792580214700 ) ) ;
#4107 = CARTESIAN_POINT ( 'NONE',  ( 1.633851837326119500, 0.07789499665024148000, 1.123102077828364500 ) ) ;
#4108 = CARTESIAN_POINT ( 'NONE',  ( -0.4057724631437684700, 5.225666143785785400, -1.958404633406417100 ) ) ;
#4109 = VECTOR ( 'NONE', #1644, 1000.000000000000000 ) ;
#4110 = CARTESIAN_POINT ( 'NONE',  ( 1.536457905425595300, 21.73399947711907700, 1.724131792583205100 ) ) ;
#4111 = CC_DESIGN_PERSON_AND_ORGANIZATION_ASSIGNMENT ( #738, #303, ( #4414 ) ) ;
#4112 = CARTESIAN_POINT ( 'NONE',  ( -1.231842093774848400, 8.669426882903460200, 1.097754551805536500 ) ) ;
#4113 = B_SPLINE_CURVE_WITH_KNOTS ( 'NONE', 3,
 ( #3931, #5740, #2700, #4069, #793, #1377, #4828, #4521 ),
 .UNSPECIFIED., .F., .F.,
 ( 4, 2, 2, 4 ),
 ( 2.529189314844166600E-007, 0.001001387654841961100, 0.001501955022797199200, 0.002002522390752437000 ),
 .UNSPECIFIED. ) ;
#4114 = CARTESIAN_POINT ( 'NONE',  ( -0.4057724631436938600, 19.13816614378575300, -1.958404633406432700 ) ) ;
#4115 = CARTESIAN_POINT ( 'NONE',  ( 1.493141931848931200, 2.308999477119124700, -1.330611577941844800 ) ) ;
#4116 = ADVANCED_FACE ( 'NONE', ( #2473 ), #11, .F. ) ;
#4117 = CARTESIAN_POINT ( 'NONE',  ( -0.6277930554638244700, 9.717332810452438400, 1.898914394994163100 ) ) ;
#4118 = ORIENTED_EDGE ( 'NONE', *, *, #1385, .T. ) ;
#4119 = CARTESIAN_POINT ( 'NONE',  ( 1.493141931848975100, 28.20899947711906100, -1.330611577941795300 ) ) ;
#4120 = CARTESIAN_POINT ( 'NONE',  ( 1.153703485184449700, 19.45899947711908600, -1.028121427811290000 ) ) ;
#4121 = FACE_OUTER_BOUND ( 'NONE', #3523, .T. ) ;
#4122 = CARTESIAN_POINT ( 'NONE',  ( 0.1691400011357875900, 1.567381598966522500, 1.650000000002821200 ) ) ;
#4123 = ORIENTED_EDGE ( 'NONE', *, *, #3388, .T. ) ;
#4124 = CARTESIAN_POINT ( 'NONE',  ( 0.4057724631453182900, 5.575666143785785100, 1.958404633409422900 ) ) ;
#4125 = CARTESIAN_POINT ( 'NONE',  ( 0.3135275320699943400, 14.93816614378576300, 1.513197240511562100 ) ) ;
#4126 = CARTESIAN_POINT ( 'NONE',  ( -0.7249129791349598900, 1.929832810452461600, 2.192677474235640700 ) ) ;
#4127 = CARTESIAN_POINT ( 'NONE',  ( 0.7249129791365839200, 9.979832810452443000, -2.192677474232650700 ) ) ;
#4128 = EDGE_LOOP ( 'NONE', ( #4967, #5351, #979, #5224, #3429, #4530 ) ) ;
#4129 = CARTESIAN_POINT ( 'NONE',  ( 1.898914394993488400, 7.004832810452450400, 0.6277930554661105300 ) ) ;
#4130 = CARTESIAN_POINT ( 'NONE',  ( 8.778253695876226200E-016, 4.006026666236931700, -1.649999999999744800 ) ) ;
#4131 = CARTESIAN_POINT ( 'NONE',  ( 1.136605634099533900, 3.036072071335490700, -1.730697752765573100 ) ) ;
#4132 = DIRECTION ( 'NONE',  ( -0.0000000000000000000, -1.000000000000000000, -0.0000000000000000000 ) ) ;
#4133 = CARTESIAN_POINT ( 'NONE',  ( -1.898914394991857200, 24.24233281045240300, -0.6277930554631422400 ) ) ;
#4134 = EDGE_CURVE ( 'NONE', #4473, #5763, #5287, .T. ) ;
#4135 = EDGE_LOOP ( 'NONE', ( #2299, #5566, #3615, #4231, #316, #1315 ) ) ;
#4136 = CARTESIAN_POINT ( 'NONE',  ( 0.6277930554654681500, 0.9673328104524588900, -1.898914394991157600 ) ) ;
#4137 = CARTESIAN_POINT ( 'NONE',  ( -1.898914394991857200, 18.55483281045242100, -0.6277930554631422400 ) ) ;
#4138 = CARTESIAN_POINT ( 'NONE',  ( -1.231842093774848400, 3.769426882903471800, 1.097754551805536500 ) ) ;
#4139 = CARTESIAN_POINT ( 'NONE',  ( -0.6277930554638524500, -0.8576671895476062300, 1.898914394994155600 ) ) ;
#4140 = CARTESIAN_POINT ( 'NONE',  ( -1.536457905423971100, 26.98399947711906000, -1.724131792580214700 ) ) ;
#4141 = CARTESIAN_POINT ( 'NONE',  ( -0.3135275320683701400, 12.57566614378576700, -1.513197240508571600 ) ) ;
#4142 = ORIENTED_EDGE ( 'NONE', *, *, #1864, .F. ) ;
#4143 = CARTESIAN_POINT ( 'NONE',  ( 1.493141931848975100, 29.52149947711905800, -1.330611577941795300 ) ) ;
#4144 = DIRECTION ( 'NONE',  ( 0.0000000000000000000, 0.0000000000000000000, -1.000000000000000000 ) ) ;
#4145 = CARTESIAN_POINT ( 'NONE',  ( 2.261370884561367100, 5.050666143785789200, -0.4685456816509410100 ) ) ;
#4146 = CARTESIAN_POINT ( 'NONE',  ( 1.467231017253632000, 10.85483281045244300, 0.4850758126987769200 ) ) ;
#4147 = ADVANCED_FACE ( 'NONE', ( #3584 ), #3517, .F. ) ;
#4148 = CARTESIAN_POINT ( 'NONE',  ( 0.7249129791365839200, 2.979832810452456700, -2.192677474232650700 ) ) ;
#4149 = CARTESIAN_POINT ( 'NONE',  ( -0.4057724631436938600, 7.938166143785778700, -1.958404633406432700 ) ) ;
#4150 = AXIS2_PLACEMENT_3D ( 'NONE', #5522, #5564, #92 ) ;
#4151 =( BOUNDED_CURVE ( )  B_SPLINE_CURVE ( 2, ( #3604, #4986, #2259, #1405, #5397, #1753, #4913, #4059, #4968 ),
 .UNSPECIFIED., .F., .T. ) 
 B_SPLINE_CURVE_WITH_KNOTS ( ( 3, 2, 2, 2, 3 ),
 ( 0.6933316201581433100, 0.6962962962962963000, 0.6999999999999999600, 0.7037037037037037200, 0.7044427312692579400 ),
 .UNSPECIFIED. ) 
 CURVE ( )  GEOMETRIC_REPRESENTATION_ITEM ( )  RATIONAL_B_SPLINE_CURVE ( ( 0.9572025516544314700, 0.8927583520998836300, 1.000000000000000000, 0.8660254037844386000, 1.000000000000000000, 0.8660254037844386000, 1.000000000000000000, 0.9732670516844298400, 0.9572025516542808100 ) ) 
 REPRESENTATION_ITEM ( '' )  );
#4152 = CARTESIAN_POINT ( 'NONE',  ( 8.118505867571457200E-013, -0.8576671895476062300, 1.495331636292007700E-012 ) ) ;
#4153 = CARTESIAN_POINT ( 'NONE',  ( -0.6277930554638411200, 4.117332810452451100, 1.898914394994165400 ) ) ;
#4154 = CARTESIAN_POINT ( 'NONE',  ( 0.7397092485561767000, 2.764722327394828500, -1.650000000000113400 ) ) ;
#4155 = VERTEX_POINT ( 'NONE', #5616 ) ;
#4156 = ORIENTED_EDGE ( 'NONE', *, *, #544, .F. ) ;
#4157 = CARTESIAN_POINT ( 'NONE',  ( -1.898914394991857200, 19.25483281045242000, -0.6277930554631422400 ) ) ;
#4158 = CARTESIAN_POINT ( 'NONE',  ( -0.6277930554638686500, 4.817332810452446900, 1.898914394994148500 ) ) ;
#4159 =( BOUNDED_CURVE ( )  B_SPLINE_CURVE ( 2, ( #237, #5108, #633, #1963, #2885, #2414, #5581, #3786, #2863 ),
 .UNSPECIFIED., .F., .F. ) 
 B_SPLINE_CURVE_WITH_KNOTS ( ( 3, 2, 2, 2, 3 ),
 ( 0.9277777777777779200, 0.9296296296296295800, 0.9333333333333333500, 0.9370370370370370000, 0.9388888888888889900 ),
 .UNSPECIFIED. ) 
 CURVE ( )  GEOMETRIC_REPRESENTATION_ITEM ( )  RATIONAL_B_SPLINE_CURVE ( ( 0.9330127018922194100, 0.9330127018922254000, 1.000000000000000000, 0.8660254037844387100, 1.000000000000000000, 0.8660254037844387100, 1.000000000000000000, 0.9330127018922154100, 0.9330127018922194100 ) ) 
 REPRESENTATION_ITEM ( '' )  );
#4160 = CARTESIAN_POINT ( 'NONE',  ( 0.4057724631453421500, 7.588166143785782600, 1.958404633409418300 ) ) ;
#4161 = AXIS2_PLACEMENT_3D ( 'NONE', #2301, #5464, #5485 ) ;
#4162 = CARTESIAN_POINT ( 'NONE',  ( 1.493141931848975100, 27.50899947711906200, -1.330611577941795300 ) ) ;
#4163 = CYLINDRICAL_SURFACE ( 'NONE', #5185, 4.000000000000000000 ) ;
#4164 = CARTESIAN_POINT ( 'NONE',  ( -1.187172366213856000, 15.43399947711909300, -1.332182035470070400 ) ) ;
#4165 = ORIENTED_EDGE ( 'NONE', *, *, #5598, .T. ) ;
#4166 = CARTESIAN_POINT ( 'NONE',  ( 1.898914394993481000, 30.10483281045239000, 0.6277930554661326200 ) ) ;
#4167 = CARTESIAN_POINT ( 'NONE',  ( -0.2342012494428283000, 0.3674584969773832000, 1.670223927191369500 ) ) ;
#4168 = CARTESIAN_POINT ( 'NONE',  ( 1.493141931848975100, 3.708999477119122800, -1.330611577941795300 ) ) ;
#4169 = CARTESIAN_POINT ( 'NONE',  ( 0.3135275320699943400, 12.13816614378576700, 1.513197240511562100 ) ) ;
#4170 = CARTESIAN_POINT ( 'NONE',  ( 2.261370884561367100, 2.163166143785798300, -0.4685456816509410100 ) ) ;
#4171 = CARTESIAN_POINT ( 'NONE',  ( 1.898914394993481000, 7.704832810452449700, 0.6277930554661326200 ) ) ;
#4172 = CARTESIAN_POINT ( 'NONE',  ( 0.1189804768313180300, 7.298593549569407200, -2.067131037216794800 ) ) ;
#4173 = CARTESIAN_POINT ( 'NONE',  ( -0.6277930554638536700, 2.717332810452452600, 1.898914394994153400 ) ) ;
#4174 = CARTESIAN_POINT ( 'NONE',  ( 1.267577771977211700, 3.036072071334780200, 1.422408728882475800 ) ) ;
#4175 = CARTESIAN_POINT ( 'NONE',  ( -1.898914394991857200, 22.84233281045240800, -0.6277930554631422400 ) ) ;
#4176 = CARTESIAN_POINT ( 'NONE',  ( -1.747289668290160200, 8.550666143785777600, 0.3620304100784984500 ) ) ;
#4177 = CARTESIAN_POINT ( 'NONE',  ( -1.536457905423992400, 6.683999477119115800, -1.724131792580196400 ) ) ;
#4178 = CARTESIAN_POINT ( 'NONE',  ( 8.118505867571457200E-013, -0.8576671895476062300, 1.495331636292007700E-012 ) ) ;
#4179 = CARTESIAN_POINT ( 'NONE',  ( 1.136605634099560900, 7.848572071335482300, -1.730697752765555400 ) ) ;
#4180 = CARTESIAN_POINT ( 'NONE',  ( 1.898914394993481000, 24.59233281045240100, 0.6277930554661326200 ) ) ;
#4181 = EDGE_CURVE ( 'NONE', #3941, #4932, #4808, .T. ) ;
#4182 = CARTESIAN_POINT ( 'NONE',  ( -1.153703485182825400, 15.60899947711909500, 1.028121427814281600 ) ) ;
#4183 = EDGE_LOOP ( 'NONE', ( #124, #3018, #4759, #2039, #2793, #2172 ) ) ;
#4184 = CARTESIAN_POINT ( 'NONE',  ( 0.1189804768313160300, 4.498593549569415400, -2.067131037216794800 ) ) ;
#4185 = CARTESIAN_POINT ( 'NONE',  ( -0.4057724631436938600, 3.125666143785791600, -1.958404633406432700 ) ) ;
#4186 = DIRECTION ( 'NONE',  ( 0.3138965277323320600, 0.0000000000000000000, -0.9494571974963301700 ) ) ;
#4187 = CARTESIAN_POINT ( 'NONE',  ( -1.153703485182825400, 11.32149947711910600, 1.028121427814281600 ) ) ;
#4188 = CARTESIAN_POINT ( 'NONE',  ( -1.493141931847350400, 1.171499477119128500, 1.330611577944787100 ) ) ;
#4189 = CARTESIAN_POINT ( 'NONE',  ( -1.493141931847333600, 7.558999477119112200, 1.330611577944806400 ) ) ;
#4190 = CARTESIAN_POINT ( 'NONE',  ( -2.062843076693679400, 9.500000000000005300, -3.427050983124843200 ) ) ;
#4191 = CARTESIAN_POINT ( 'NONE',  ( -0.1189804768296862800, 2.748593549569420300, 2.067131037219798600 ) ) ;
#4192 =( BOUNDED_CURVE ( )  B_SPLINE_CURVE ( 2, ( #1944, #5109, #985, #574, #551, #3729, #2330, #5495, #5025 ),
 .UNSPECIFIED., .F., .F. ) 
 B_SPLINE_CURVE_WITH_KNOTS ( ( 3, 2, 2, 2, 3 ),
 ( 0.2733350465085198100, 0.2740740740740740300, 0.2777777777777777900, 0.2814814814814814400, 0.2844461576196344300 ),
 .UNSPECIFIED. ) 
 CURVE ( )  GEOMETRIC_REPRESENTATION_ITEM ( )  RATIONAL_B_SPLINE_CURVE ( ( 0.9572025516542808100, 0.9732670516844298400, 1.000000000000000000, 0.8660254037844386000, 1.000000000000000000, 0.8660254037844386000, 1.000000000000000000, 0.8927583520998835200, 0.9572025516544313600 ) ) 
 REPRESENTATION_ITEM ( '' )  );
#4193 = ORIENTED_EDGE ( 'NONE', *, *, #1201, .T. ) ;
#4194 = CARTESIAN_POINT ( 'NONE',  ( -0.5601173020754920400, 8.667332810452444700, 1.694212445550063300 ) ) ;
#4195 = CARTESIAN_POINT ( 'NONE',  ( 0.4057724631453691300, 8.375666143785778700, 1.958404633409412500 ) ) ;
#4196 = CARTESIAN_POINT ( 'NONE',  ( -0.6277930554638493400, 1.929832810452457800, 1.898914394994154900 ) ) ;
#4197 = CARTESIAN_POINT ( 'NONE',  ( -0.6277930554638734300, 7.529832810452441900, 1.898914394994154700 ) ) ;
#4198 = CARTESIAN_POINT ( 'NONE',  ( -1.493141931847350400, 26.45899947711906500, 1.330611577944787100 ) ) ;
#4199 = ORIENTED_EDGE ( 'NONE', *, *, #5278, .F. ) ;
#4200 = CARTESIAN_POINT ( 'NONE',  ( -1.187172366213856000, 13.33399947711910000, -1.332182035470070400 ) ) ;
#4201 = CARTESIAN_POINT ( 'NONE',  ( 1.493141931848975100, 30.22149947711905300, -1.330611577941795300 ) ) ;
#4202 = CARTESIAN_POINT ( 'NONE',  ( -2.062843076693678100, 0.4999999999999947800, 3.427050983124844600 ) ) ;
#4203 = CARTESIAN_POINT ( 'NONE',  ( 1.536457905425595300, 2.133999477119127500, 1.724131792583205100 ) ) ;
#4204 = VERTEX_POINT ( 'NONE', #4232 ) ;
#4205 = CARTESIAN_POINT ( 'NONE',  ( 0.3347622820952812500, 4.586093549570134300, 1.615683822564250500 ) ) ;
#4206 = CARTESIAN_POINT ( 'NONE',  ( 0.5601173020771160700, 11.72983281045243600, -1.694212445547072400 ) ) ;
#4207 = EDGE_CURVE ( 'NONE', #747, #906, #2204, .T. ) ;
#4208 = CARTESIAN_POINT ( 'NONE',  ( -0.5601173020754920400, 28.96733281045239700, 1.694212445550063300 ) ) ;
#4209 = CARTESIAN_POINT ( 'NONE',  ( 1.536457905425647800, 4.233999477119122700, 1.724131792583158100 ) ) ;
#4210 = CARTESIAN_POINT ( 'NONE',  ( 1.231842093776472900, 5.519426882903466900, -1.097754551802544900 ) ) ;
#4211 = CARTESIAN_POINT ( 'NONE',  ( 1.786071943023549900, 9.572821638692689200, 3.500000000000000000 ) ) ;
#4212 = VERTEX_POINT ( 'NONE', #1102 ) ;
#4213 = CARTESIAN_POINT ( 'NONE',  ( 2.143592918638497900E-014, 5.264381477805517100, 1.650000000002736200 ) ) ;
#4214 = CARTESIAN_POINT ( 'NONE',  ( 1.136605634099560900, 0.2360720713354981800, -1.730697752765564700 ) ) ;
#4215 = CARTESIAN_POINT ( 'NONE',  ( 1.467231017253632000, 8.142332810452446200, 0.4850758126987769200 ) ) ;
#4216 = EDGE_CURVE ( 'NONE', #3383, #469, #3680, .T. ) ;
#4217 = CARTESIAN_POINT ( 'NONE',  ( -3.999334749797389200, 9.500000000000005300, 0.07294901687515480100 ) ) ;
#4218 = ORIENTED_EDGE ( 'NONE', *, *, #3194, .F. ) ;
#4219 = CARTESIAN_POINT ( 'NONE',  ( 3.364270351643003500, 0.04905938466086846200, 1.172912820556704300 ) ) ;
#4220 = CARTESIAN_POINT ( 'NONE',  ( 8.118505867571457200E-013, -0.8576671895476062300, 1.495331636292007700E-012 ) ) ;
#4221 = CARTESIAN_POINT ( 'NONE',  ( 2.261370884561367100, 26.05066614378573300, -0.4685456816509410100 ) ) ;
#4222 = ORIENTED_EDGE ( 'NONE', *, *, #2070, .F. ) ;
#4223 = CARTESIAN_POINT ( 'NONE',  ( 1.153703485184449700, 15.95899947711909000, -1.028121427811290000 ) ) ;
#4224 = ORIENTED_EDGE ( 'NONE', *, *, #5517, .T. ) ;
#4225 = CARTESIAN_POINT ( 'NONE',  ( -1.536457905424031000, 3.796499477119124100, -1.724131792580161400 ) ) ;
#4226 = CARTESIAN_POINT ( 'NONE',  ( 2.261370884561367100, -0.5493338562141981700, -0.4685456816509410100 ) ) ;
#4227 = CARTESIAN_POINT ( 'NONE',  ( -1.747289668290160200, 11.96316614378577000, 0.3620304100784984500 ) ) ;
#4228 =( BOUNDED_CURVE ( )  B_SPLINE_CURVE ( 2, ( #3330, #4214, #1522, #2855, #647, #1104, #5085 ),
 .UNSPECIFIED., .F., .T. ) 
 B_SPLINE_CURVE_WITH_KNOTS ( ( 3, 2, 2, 3 ),
 ( 0.9388888888888889900, 0.9407407407407407700, 0.9444444444444444200, 0.9458201198182066800 ),
 .UNSPECIFIED. ) 
 CURVE ( )  GEOMETRIC_REPRESENTATION_ITEM ( )  RATIONAL_B_SPLINE_CURVE ( ( 0.9330127018922194100, 0.9330127018922234100, 1.000000000000000000, 0.8660254037844387100, 1.000000000000000000, 0.9502375007646584000, 0.9374418056861746300 ) ) 
 REPRESENTATION_ITEM ( '' )  );
#4229 = CARTESIAN_POINT ( 'NONE',  ( 1.467231017253632000, 29.14233281045239100, 0.4850758126987769200 ) ) ;
#4230 = CARTESIAN_POINT ( 'NONE',  ( -0.2322925004691930900, 9.613444507728313900, -1.651191284614238700 ) ) ;
#4231 = ORIENTED_EDGE ( 'NONE', *, *, #2413, .T. ) ;
#4232 = CARTESIAN_POINT ( 'NONE',  ( 2.510525938252073700E-016, 0.0000000000000000000, 2.049999999999999800 ) ) ;
#4233 = CARTESIAN_POINT ( 'NONE',  ( -1.153703485182825400, 25.32149947711906900, 1.028121427814281600 ) ) ;
#4234 = CARTESIAN_POINT ( 'NONE',  ( 1.187172366215480100, 6.683999477119115800, 1.332182035473060700 ) ) ;
#4235 = VECTOR ( 'NONE', #1528, 1000.000000000000000 ) ;
#4236 = CARTESIAN_POINT ( 'NONE',  ( 1.536457905425620400, 8.433999477119110500, 1.724131792583182300 ) ) ;
#4237 = CARTESIAN_POINT ( 'NONE',  ( 1.566604375870941800, 4.494405404668108300, 0.5179292707602104500 ) ) ;
#4238 = ADVANCED_FACE ( 'NONE', ( #3939 ), #4798, .F. ) ;
#4239 = CARTESIAN_POINT ( 'NONE',  ( 0.7397092485561767000, 7.664722327394820800, -1.650000000000113400 ) ) ;
#4240 = CARTESIAN_POINT ( 'NONE',  ( 1.231842093776472900, 4.119426882903471000, -1.097754551802544900 ) ) ;
#4241 = CARTESIAN_POINT ( 'NONE',  ( 1.536457905425595300, 18.93399947711908400, 1.724131792583205100 ) ) ;
#4242 = CARTESIAN_POINT ( 'NONE',  ( 1.747289668291783300, 11.70066614378576900, -0.3620304100755075700 ) ) ;
#4243 = CYLINDRICAL_SURFACE ( 'NONE', #967, 2.000000000000000000 ) ;
#4244 = CARTESIAN_POINT ( 'NONE',  ( -0.4057724631436938600, 28.23816614378573000, -1.958404633406432700 ) ) ;
#4245 = AXIS2_PLACEMENT_3D ( 'NONE', #3264, #5660, #713 ) ;
#4246 = CARTESIAN_POINT ( 'NONE',  ( -0.4057724631437282200, 3.738166143785790000, -1.958404633406425300 ) ) ;
#4247 = CARTESIAN_POINT ( 'NONE',  ( -1.898914394991857200, 1.142332810452461500, -0.6277930554631422400 ) ) ;
#4248 = CARTESIAN_POINT ( 'NONE',  ( -0.5601173020754920400, 9.279832810452445500, 1.694212445550063300 ) ) ;
#4249 = CARTESIAN_POINT ( 'NONE',  ( -1.467231017252008000, 29.49233281045239300, -0.4850758126957864200 ) ) ;
#4250 = EDGE_CURVE ( 'NONE', #3849, #2326, #3572, .T. ) ;
#4251 = CARTESIAN_POINT ( 'NONE',  ( 1.865630979764672600, 1.261093549570146100, -0.3865501873620552100 ) ) ;
#4252 = CARTESIAN_POINT ( 'NONE',  ( -0.1189804768296882800, 9.048593549569403600, 2.067131037219786200 ) ) ;
#4253 = FACE_OUTER_BOUND ( 'NONE', #1752, .T. ) ;
#4254 = CARTESIAN_POINT ( 'NONE',  ( 2.510525938252073700E-016, 0.0000000000000000000, 2.049999999999999800 ) ) ;
#4255 = CARTESIAN_POINT ( 'NONE',  ( -1.187172366213856000, 25.84649947711906700, -1.332182035470070400 ) ) ;
#4256 = CARTESIAN_POINT ( 'NONE',  ( 1.153703485184449700, 6.158999477119117200, -1.028121427811290000 ) ) ;
#4257 = DIRECTION ( 'NONE',  ( -0.0000000000000000000, -1.000000000000000000, -0.0000000000000000000 ) ) ;
#4258 = CARTESIAN_POINT ( 'NONE',  ( -0.6277930554638234700, 6.129832810452447800, 1.898914394994163600 ) ) ;
#4259 = CARTESIAN_POINT ( 'NONE',  ( 1.536457905425595300, 16.83399947711909000, 1.724131792583205100 ) ) ;
#4260 = LINE ( 'NONE', #1211, #4109 ) ;
#4261 = CARTESIAN_POINT ( 'NONE',  ( 0.3135275320699943400, 10.82566614378577300, 1.513197240511562100 ) ) ;
#4262 = CARTESIAN_POINT ( 'NONE',  ( -2.261370884559743600, 26.31316614378572900, 0.4685456816539321200 ) ) ;
#4263 = CARTESIAN_POINT ( 'NONE',  ( 0.1189804768313154300, 3.711093549569418800, -2.067131037216802800 ) ) ;
#4264 = CARTESIAN_POINT ( 'NONE',  ( 1.493141931848975100, 0.2089994771191303100, -1.330611577941795300 ) ) ;
#4265 = CC_DESIGN_PERSON_AND_ORGANIZATION_ASSIGNMENT ( #5113, #3920, ( #5499 ) ) ;
#4266 = CARTESIAN_POINT ( 'NONE',  ( -0.5601173020754920400, 7.179832810452446700, 1.694212445550063300 ) ) ;
#4267 = LINE ( 'NONE', #607, #456 ) ;
#4268 = B_SPLINE_CURVE_WITH_KNOTS ( 'NONE', 3,
 ( #623, #685, #4230, #3304, #3817, #5615, #1499, #197, #5099, #2401, #5570, #2851, #603, #5677, #1138, #3852, #4287, #2951, #706, #1599, #5200, #3404, #4764, #4311, #4742, #1160 ),
 .UNSPECIFIED., .F., .F.,
 ( 4, 2, 2, 2, 2, 2, 2, 2, 2, 2, 2, 2, 4 ),
 ( 0.0003265554764635485900, 0.0006720229269413190400, 0.001017490377419089700, 0.001708425278374630600, 0.002053892728852401000, 0.002399360179330171900, 0.003090295080285712800, 0.003781229981241253700, 0.004126697431719023700, 0.004472164882196794600, 0.004817632332674564600, 0.005163099783152335500, 0.005854034684107876400 ),
 .UNSPECIFIED. ) ;
#4269 = CARTESIAN_POINT ( 'NONE',  ( 1.187172366215480100, 27.68399947711906300, 1.332182035473060700 ) ) ;
#4270 = CARTESIAN_POINT ( 'NONE',  ( -1.566604375869318000, 7.644405404668100700, -0.5179292707572200600 ) ) ;
#4271 = EDGE_LOOP ( 'NONE', ( #949, #5438, #4390, #2 ) ) ;
#4272 = CARTESIAN_POINT ( 'NONE',  ( -1.865630979763049500, 7.002738738001435900, 0.3865501873650462100 ) ) ;
#4273 = CARTESIAN_POINT ( 'NONE',  ( 1.153703485184449700, 4.058999477119122900, -1.028121427811290000 ) ) ;
#4274 = ORIENTED_EDGE ( 'NONE', *, *, #5395, .T. ) ;
#4275 = CARTESIAN_POINT ( 'NONE',  ( 0.6277930554654996800, 5.867332810452445800, -1.898914394991155100 ) ) ;
#4276 = CARTESIAN_POINT ( 'NONE',  ( -0.6277930554638524500, -0.8576671895476062300, 1.898914394994155600 ) ) ;
#4277 = CARTESIAN_POINT ( 'NONE',  ( 1.898914394993481000, 18.29233281045242200, 0.6277930554661326200 ) ) ;
#4278 = CARTESIAN_POINT ( 'NONE',  ( -1.747289668290160200, 11.35066614378576900, 0.3620304100784984500 ) ) ;
#4279 = ORIENTED_EDGE ( 'NONE', *, *, #544, .T. ) ;
#4280 = CARTESIAN_POINT ( 'NONE',  ( 0.7249129791365839200, 27.47983281045239700, -2.192677474232650700 ) ) ;
#4281 = CARTESIAN_POINT ( 'NONE',  ( -0.6277930554638668800, 2.629832810452455800, 1.898914394994148900 ) ) ;
#4282 = CARTESIAN_POINT ( 'NONE',  ( 0.4057724631453182900, 1.375666143785793300, 1.958404633409422900 ) ) ;
#4283 = CARTESIAN_POINT ( 'NONE',  ( 0.3135275320699943400, 8.638166143785778000, 1.513197240511562100 ) ) ;
#4284 = EDGE_CURVE ( 'NONE', #2922, #3478, #3316, .T. ) ;
#4285 = ORIENTED_EDGE ( 'NONE', *, *, #889, .T. ) ;
#4286 = CARTESIAN_POINT ( 'NONE',  ( -1.747289668290160200, 27.45066614378572800, 0.3620304100784984500 ) ) ;
#4287 = CARTESIAN_POINT ( 'NONE',  ( -1.525265810472742600, 9.754856207095683000, 0.9717975760062446100 ) ) ;
#4288 = CARTESIAN_POINT ( 'NONE',  ( 7.511572993685800100E-016, 10.00000000000000000, 3.500000000000000400 ) ) ;
#4289 = CARTESIAN_POINT ( 'NONE',  ( -1.898914394991857200, 13.04233281045243400, -0.6277930554631422400 ) ) ;
#4290 = CARTESIAN_POINT ( 'NONE',  ( 1.153703485184449700, 25.67149947711906700, -1.028121427811290000 ) ) ;
#4291 = ORIENTED_EDGE ( 'NONE', *, *, #2853, .T. ) ;
#4292 = CARTESIAN_POINT ( 'NONE',  ( -0.3135275320683701400, 2.775666143785791900, -1.513197240508571600 ) ) ;
#4293 = EDGE_CURVE ( 'NONE', #3874, #3376, #5065, .T. ) ;
#4294 = CARTESIAN_POINT ( 'NONE',  ( -1.990681402645799100E-014, 8.556026666236810700, 1.650000000002735700 ) ) ;
#4295 = CARTESIAN_POINT ( 'NONE',  ( 0.0000000000000000000, 0.4999999999999947800, 0.0000000000000000000 ) ) ;
#4296 = CARTESIAN_POINT ( 'NONE',  ( 0.3347622820952812500, 3.886093549570139000, 1.615683822564250500 ) ) ;
#4297 = CARTESIAN_POINT ( 'NONE',  ( 0.7249129791365839200, 16.36733281045242800, -2.192677474232650700 ) ) ;
#4298 = VERTEX_POINT ( 'NONE', #2403 ) ;
#4299 = CARTESIAN_POINT ( 'NONE',  ( -1.187172366213856000, 10.53399947711910700, -1.332182035470070400 ) ) ;
#4300 = VERTEX_POINT ( 'NONE', #3898 ) ;
#4301 = AXIS2_PLACEMENT_3D ( 'NONE', #1227, #3953, #5428 ) ;
#4302 =( BOUNDED_CURVE ( )  B_SPLINE_CURVE ( 2, ( #5436, #1383, #4527, #4981, #2308, #5843, #2289, #5453, #3192 ),
 .UNSPECIFIED., .F., .F. ) 
 B_SPLINE_CURVE_WITH_KNOTS ( ( 3, 2, 2, 2, 3 ),
 ( 0.7933316201581468400, 0.7962962962962962800, 0.8000000000000000400, 0.8037037037037037000, 0.8044427312692544700 ),
 .UNSPECIFIED. ) 
 CURVE ( )  GEOMETRIC_REPRESENTATION_ITEM ( )  RATIONAL_B_SPLINE_CURVE ( ( 0.9572025516542808100, 0.8927583521000087600, 1.000000000000000000, 0.8660254037844386000, 1.000000000000000000, 0.8660254037844386000, 1.000000000000000000, 0.9732670516845551800, 0.9572025516544314700 ) ) 
 REPRESENTATION_ITEM ( '' )  );
#4303 = CARTESIAN_POINT ( 'NONE',  ( 1.536457905425595300, 29.34649947711906000, 1.724131792583205100 ) ) ;
#4304 = CARTESIAN_POINT ( 'NONE',  ( 1.551989253602877000, 9.599999999999813100, 0.5602047453471580300 ) ) ;
#4305 = APPLICATION_CONTEXT ( 'configuration controlled 3d designs of mechanical parts and assemblies' ) ;
#4306 = CARTESIAN_POINT ( 'NONE',  ( -2.261370884559743600, -0.8993338562141965900, 0.4685456816539321200 ) ) ;
#4307 = CIRCLE ( 'NONE', #3974, 1.650000000000000100 ) ;
#4308 = CARTESIAN_POINT ( 'NONE',  ( 1.467231017253632000, 7.354832810452446500, 0.4850758126987769200 ) ) ;
#4309 = ORIENTED_EDGE ( 'NONE', *, *, #3493, .T. ) ;
#4310 = CARTESIAN_POINT ( 'NONE',  ( 1.467231017253632000, 27.04233281045239700, 0.4850758126987769200 ) ) ;
#4311 = CARTESIAN_POINT ( 'NONE',  ( -0.4589532274776187400, 9.807877021442321200, 1.815201101438241000 ) ) ;
#4312 = LINE ( 'NONE', #1624, #3879 ) ;
#4313 = CARTESIAN_POINT ( 'NONE',  ( 0.6277930554654555000, 2.367332810452454700, -1.898914394991170000 ) ) ;
#4314 = CARTESIAN_POINT ( 'NONE',  ( 0.4057724631453182900, 13.27566614378576700, 1.958404633409422900 ) ) ;
#4315 = CARTESIAN_POINT ( 'NONE',  ( 1.187172366215480100, 5.283999477119121700, 1.332182035473060700 ) ) ;
#4316 = CARTESIAN_POINT ( 'NONE',  ( -2.946560031592812700, 10.00000000000000200, 1.896408317729490600 ) ) ;
#4317 = FACE_OUTER_BOUND ( 'NONE', #677, .T. ) ;
#4318 = CARTESIAN_POINT ( 'NONE',  ( 1.865630979764672600, 0.5610935495701460100, -0.3865501873620552100 ) ) ;
#4319 = DIRECTION ( 'NONE',  ( 0.0000000000000000000, 1.000000000000000000, 0.0000000000000000000 ) ) ;
#4320 = CARTESIAN_POINT ( 'NONE',  ( 0.0000000000000000000, 0.0000000000000000000, -2.049999999999999800 ) ) ;
#4321 = CARTESIAN_POINT ( 'NONE',  ( 1.898914394993481000, 18.99233281045241400, 0.6277930554661326200 ) ) ;
#4322 = CYLINDRICAL_SURFACE ( 'NONE', #3934, 1.650000000000000100 ) ;
#4323 = CARTESIAN_POINT ( 'NONE',  ( 1.493141931848975100, 27.42149947711906300, -1.330611577941795300 ) ) ;
#4324 = CARTESIAN_POINT ( 'NONE',  ( 1.187172366215480100, 7.296499477119112100, 1.332182035473060700 ) ) ;
#4325 = ADVANCED_FACE ( 'NONE', ( #5150 ), #1613, .F. ) ;
#4326 = CARTESIAN_POINT ( 'NONE',  ( 1.747289668291783300, 24.30066614378573300, -0.3620304100755075700 ) ) ;
#4327 = ORIENTED_EDGE ( 'NONE', *, *, #3158, .F. ) ;
#4328 = EDGE_CURVE ( 'NONE', #4608, #3483, #4002, .T. ) ;
#4329 = CARTESIAN_POINT ( 'NONE',  ( 1.824717315406061000, 9.909597244981167600, 0.7284458756930660700 ) ) ;
#4330 = LOCAL_TIME ( 15, 55, 16.00000000000000000, #4610 ) ;
#4331 = CARTESIAN_POINT ( 'NONE',  ( 0.0000000000000000000, 10.00000000000000000, 0.0000000000000000000 ) ) ;
#4332 = CARTESIAN_POINT ( 'NONE',  ( 0.7249129791365839200, 12.16733281045243400, -2.192677474232650700 ) ) ;
#4333 = VERTEX_POINT ( 'NONE', #2099 ) ;
#4334 = CARTESIAN_POINT ( 'NONE',  ( -1.187172366213856000, 2.833999477119128100, -1.332182035470070400 ) ) ;
#4335 = CARTESIAN_POINT ( 'NONE',  ( 0.6277930554654555000, 2.367332810452454300, -1.898914394991170000 ) ) ;
#4336 = B_SPLINE_CURVE_WITH_KNOTS ( 'NONE', 3,
 ( #2175, #1694, #4439, #3106, #5332, #802, #2195, #406, #4873, #5310, #4841, #786, #5353, #348, #3946, #4856 ),
 .UNSPECIFIED., .F., .F.,
 ( 4, 2, 2, 2, 2, 2, 2, 4 ),
 ( 0.006152409633252042100, 0.006871377004928947600, 0.007230860690767401200, 0.007590344376605853900, 0.007949828062444307500, 0.008309311748282760200, 0.008668795434121212900, 0.009028279119959665600 ),
 .UNSPECIFIED. ) ;
#4337 = CARTESIAN_POINT ( 'NONE',  ( 0.7397092485561765900, 8.156367515826122600, -1.650000000000113400 ) ) ;
#4338 = CARTESIAN_POINT ( 'NONE',  ( 2.612272442431100600, 9.904491517462160400, -2.475411406497287200 ) ) ;
#4339 = ORIENTED_EDGE ( 'NONE', *, *, #5395, .F. ) ;
#4340 = CIRCLE ( 'NONE', #4484, 4.000000000000000000 ) ;
#4341 =( BOUNDED_CURVE ( )  B_SPLINE_CURVE ( 2, ( #720, #314, #2073, #3857, #3877, #2051, #4775, #4337, #5723 ),
 .UNSPECIFIED., .F., .T. ) 
 B_SPLINE_CURVE_WITH_KNOTS ( ( 3, 2, 2, 2, 3 ),
 ( 0.2955572687307420600, 0.2962962962962962800, 0.3000000000000000400, 0.3037037037037037000, 0.3066683798418566900 ),
 .UNSPECIFIED. ) 
 CURVE ( )  GEOMETRIC_REPRESENTATION_ITEM ( )  RATIONAL_B_SPLINE_CURVE ( ( 0.9572025516542808100, 0.9732670516844298400, 1.000000000000000000, 0.8660254037844386000, 1.000000000000000000, 0.8660254037844386000, 1.000000000000000000, 0.8927583520998835200, 0.9572025516544313600 ) ) 
 REPRESENTATION_ITEM ( '' )  );
#4342 = CARTESIAN_POINT ( 'NONE',  ( -0.7249129791349598900, 24.32983281045240900, 2.192677474235640700 ) ) ;
#4343 = CARTESIAN_POINT ( 'NONE',  ( 2.149256308119709100E-014, 0.8560266662368351000, 1.650000000002736200 ) ) ;
#4344 = APPROVAL_ROLE ( '' ) ;
#4345 = ORIENTED_EDGE ( 'NONE', *, *, #4676, .T. ) ;
#4346 = CARTESIAN_POINT ( 'NONE',  ( 0.3135275320699943400, 6.538166143785787200, 1.513197240511562100 ) ) ;
#4347 = CARTESIAN_POINT ( 'NONE',  ( 1.747289668291783300, 26.40066614378573500, -0.3620304100755075700 ) ) ;
#4348 = PLANE ( 'NONE',  #5746 ) ;
#4349 = ORIENTED_EDGE ( 'NONE', *, *, #3942, .F. ) ;
#4350 = CARTESIAN_POINT ( 'NONE',  ( 0.6277930554654848100, 4.379832810452449500, -1.898914394991160200 ) ) ;
#4351 = CARTESIAN_POINT ( 'NONE',  ( 0.7249129791365839200, 14.26733281045243200, -2.192677474232650700 ) ) ;
#4352 = CARTESIAN_POINT ( 'NONE',  ( 0.3135275320699943400, 23.33816614378574200, 1.513197240511562100 ) ) ;
#4353 = CARTESIAN_POINT ( 'NONE',  ( 1.467231017253632000, 6.042332810452449200, 0.4850758126987769200 ) ) ;
#4354 = ORIENTED_EDGE ( 'NONE', *, *, #4965, .F. ) ;
#4355 = CARTESIAN_POINT ( 'NONE',  ( 0.7397092485561809200, 1.156367515826139300, -1.650000000000108900 ) ) ;
#4356 = CARTESIAN_POINT ( 'NONE',  ( 0.3347622820952812500, 9.277738738001428200, 1.615683822564250500 ) ) ;
#4357 = CARTESIAN_POINT ( 'NONE',  ( 0.7249129791365839200, 24.67983281045240700, -2.192677474232650700 ) ) ;
#4358 = ORIENTED_EDGE ( 'NONE', *, *, #5508, .F. ) ;
#4359 = CARTESIAN_POINT ( 'NONE',  ( -0.6277930554638411200, 4.117332810452451100, 1.898914394994165400 ) ) ;
#4360 = CARTESIAN_POINT ( 'NONE',  ( 1.187172366215480100, 5.896499477119123300, 1.332182035473060700 ) ) ;
#4361 = CARTESIAN_POINT ( 'NONE',  ( -1.467231017252008000, 23.89233281045240500, -0.4850758126957864200 ) ) ;
#4362 = ORIENTED_EDGE ( 'NONE', *, *, #918, .T. ) ;
#4363 = DIRECTION ( 'NONE',  ( 0.0000000000000000000, -1.000000000000000000, 0.0000000000000000000 ) ) ;
#4364 = CARTESIAN_POINT ( 'NONE',  ( -0.7249129791349598900, 7.617332810452448500, 2.192677474235640700 ) ) ;
#4365 = CARTESIAN_POINT ( 'NONE',  ( -0.3135275320683701400, 24.38816614378573500, -1.513197240508571600 ) ) ;
#4366 = CARTESIAN_POINT ( 'NONE',  ( -1.187172366213856000, 1.433999477119126500, -1.332182035470070400 ) ) ;
#4367 = ORIENTED_EDGE ( 'NONE', *, *, #3421, .T. ) ;
#4368 = CARTESIAN_POINT ( 'NONE',  ( 1.493141931848975100, 16.92149947711909200, -1.330611577941795300 ) ) ;
#4369 = CARTESIAN_POINT ( 'NONE',  ( -1.536457905424005500, 5.196499477119122200, -1.724131792580184000 ) ) ;
#4370 =( BOUNDED_CURVE ( )  B_SPLINE_CURVE ( 2, ( #5604, #2412, #204, #3335, #4237, #4689, #3351, #5089, #2004 ),
 .UNSPECIFIED., .F., .F. ) 
 B_SPLINE_CURVE_WITH_KNOTS ( ( 3, 2, 2, 2, 3 ),
 ( 0.1844461576196309000, 0.1851851851851852300, 0.1888888888888888800, 0.1925925925925925400, 0.1955572687307455300 ),
 .UNSPECIFIED. ) 
 CURVE ( )  GEOMETRIC_REPRESENTATION_ITEM ( )  RATIONAL_B_SPLINE_CURVE ( ( 0.9572025516542769200, 0.9732670516844266200, 1.000000000000000000, 0.8660254037844386000, 1.000000000000000000, 0.8660254037844386000, 1.000000000000000000, 0.8927583520998835200, 0.9572025516544313600 ) ) 
 REPRESENTATION_ITEM ( '' )  );
#4371 = CARTESIAN_POINT ( 'NONE',  ( -2.261370884559743600, 15.90066614378576100, 0.4685456816539321200 ) ) ;
#4372 = FACE_OUTER_BOUND ( 'NONE', #5675, .T. ) ;
#4373 = CARTESIAN_POINT ( 'NONE',  ( -0.3347622820936569900, 3.327738738001444900, -1.615683822561260000 ) ) ;
#4374 = DIRECTION ( 'NONE',  ( 0.0000000000000000000, 1.000000000000000000, 0.0000000000000000000 ) ) ;
#4375 = CARTESIAN_POINT ( 'NONE',  ( 1.467231017253632000, 5.254832810452455800, 0.4850758126987769200 ) ) ;
#4376 = CYLINDRICAL_SURFACE ( 'NONE', #5549, 1.650000000000000100 ) ;
#4377 = ADVANCED_FACE ( 'NONE', ( #4656 ), #4010, .F. ) ;
#4378 = CARTESIAN_POINT ( 'NONE',  ( 1.747289668291783300, 27.10066614378573000, -0.3620304100755075700 ) ) ;
#4379 = CARTESIAN_POINT ( 'NONE',  ( 0.4057724631453182900, 9.775666143785773700, 1.958404633409422900 ) ) ;
#4380 = LINE ( 'NONE', #4052, #3050 ) ;
#4381 = CARTESIAN_POINT ( 'NONE',  ( -0.3135275320683701400, 29.98816614378572300, -1.513197240508571600 ) ) ;
#4382 = AXIS2_PLACEMENT_3D ( 'NONE', #4830, #3932, #5759 ) ;
#4383 = CARTESIAN_POINT ( 'NONE',  ( -0.3135275320683701400, 1.375666143785796900, -1.513197240508571600 ) ) ;
#4384 = CARTESIAN_POINT ( 'NONE',  ( -1.231842093774848400, 6.569426882903464100, 1.097754551805536500 ) ) ;
#4385 = CARTESIAN_POINT ( 'NONE',  ( -0.7249129791349598900, 16.62983281045242400, 2.192677474235640700 ) ) ;
#4386 = DIRECTION ( 'NONE',  ( 0.8660254037844386000, 0.0000000000000000000, -0.5000000000000001100 ) ) ;
#4387 = FACE_OUTER_BOUND ( 'NONE', #5331, .T. ) ;
#4388 = EDGE_CURVE ( 'NONE', #2284, #1703, #4544, .T. ) ;
#4389 = CARTESIAN_POINT ( 'NONE',  ( -1.536457905423971100, 22.69649947711907600, -1.724131792580214700 ) ) ;
#4390 = ORIENTED_EDGE ( 'NONE', *, *, #3381, .F. ) ;
#4391 = DIRECTION ( 'NONE',  ( -0.0000000000000000000, -1.000000000000000000, -0.0000000000000000000 ) ) ;
#4392 = CARTESIAN_POINT ( 'NONE',  ( 1.341566542122288200, 0.3999999999999987500, -0.9605723361923598200 ) ) ;
#4393 = CARTESIAN_POINT ( 'NONE',  ( -0.5601173020754920400, 4.379832810452454000, 1.694212445550063300 ) ) ;
#4394 = CARTESIAN_POINT ( 'NONE',  ( 1.187172366215480100, 19.98399947711908100, 1.332182035473060700 ) ) ;
#4395 = ORIENTED_EDGE ( 'NONE', *, *, #4388, .T. ) ;
#4396 = EDGE_CURVE ( 'NONE', #56, #3344, #2019, .T. ) ;
#4397 = CARTESIAN_POINT ( 'NONE',  ( -0.1691400011349814000, 2.617381598966574500, -1.649999999999660800 ) ) ;
#4398 = UNCERTAINTY_MEASURE_WITH_UNIT (LENGTH_MEASURE( 1.000000000000000100E-005 ), #4782, 'distance_accuracy_value', 'NONE');
#4399 = CARTESIAN_POINT ( 'NONE',  ( 8.118505867571457200E-013, -0.8576671895476062300, 1.495331636292007700E-012 ) ) ;
#4400 = CARTESIAN_POINT ( 'NONE',  ( -1.898914394991857200, 8.142332810452442600, -0.6277930554631422400 ) ) ;
#4401 = LINE ( 'NONE', #711, #4540 ) ;
#4402 = CARTESIAN_POINT ( 'NONE',  ( 1.187172366215480100, 20.59649947711908200, 1.332182035473060700 ) ) ;
#4403 = CARTESIAN_POINT ( 'NONE',  ( 0.3135275320699943400, 0.3256661437857980000, 1.513197240511562100 ) ) ;
#4404 = ORIENTED_EDGE ( 'NONE', *, *, #1976, .T. ) ;
#4405 = CARTESIAN_POINT ( 'NONE',  ( 8.118505867571457200E-013, -0.8576671895476062300, 1.495331636292007700E-012 ) ) ;
#4406 = CARTESIAN_POINT ( 'NONE',  ( -1.536457905423971100, 15.69649947711909400, -1.724131792580214700 ) ) ;
#4407 = DIRECTION ( 'NONE',  ( 0.0000000000000000000, -1.000000000000000000, 0.0000000000000000000 ) ) ;
#4408 =( BOUNDED_CURVE ( )  B_SPLINE_CURVE ( 2, ( #5259, #3016, #3466, #772, #1225, #1661, #2996, #4826, #5279 ),
 .UNSPECIFIED., .F., .T. ) 
 B_SPLINE_CURVE_WITH_KNOTS ( ( 3, 2, 2, 2, 3 ),
 ( 0.9388888888888889900, 0.9407407407407407700, 0.9444444444444444200, 0.9481481481481481800, 0.9500000000000001800 ),
 .UNSPECIFIED. ) 
 CURVE ( )  GEOMETRIC_REPRESENTATION_ITEM ( )  RATIONAL_B_SPLINE_CURVE ( ( 0.9330127018922194100, 0.9330127018922234100, 1.000000000000000000, 0.8660254037844387100, 1.000000000000000000, 0.8660254037844387100, 1.000000000000000000, 0.9330127018922133000, 0.9330127018922194100 ) ) 
 REPRESENTATION_ITEM ( '' )  );
#4409 = ORIENTED_EDGE ( 'NONE', *, *, #2281, .F. ) ;
#4410 = CARTESIAN_POINT ( 'NONE',  ( 0.4057724631453182900, 23.68816614378574000, 1.958404633409422900 ) ) ;
#4411 = CARTESIAN_POINT ( 'NONE',  ( -9.429543486215421600E-015, 3.306026666236937300, -1.649999999999745000 ) ) ;
#4412 = DIRECTION ( 'NONE',  ( 0.0000000000000000000, 0.0000000000000000000, -1.000000000000000000 ) ) ;
#4413 = CARTESIAN_POINT ( 'NONE',  ( 8.118505867571457200E-013, -0.8576671895476062300, 1.495331636292007700E-012 ) ) ;
#4414 = PRODUCT_DEFINITION_FORMATION_WITH_SPECIFIED_SOURCE ( 'ANY', '', #5499, .NOT_KNOWN. ) ;
#4415 = CARTESIAN_POINT ( 'NONE',  ( -1.153703485182825400, 5.021499477119120600, 1.028121427814281600 ) ) ;
#4416 = EDGE_LOOP ( 'NONE', ( #3309, #1521, #1101, #2593 ) ) ;
#4417 = CARTESIAN_POINT ( 'NONE',  ( -1.187172366213856000, 22.43399947711907700, -1.332182035470070400 ) ) ;
#4418 = DIRECTION ( 'NONE',  ( 0.0000000000000000000, 0.0000000000000000000, -1.000000000000000000 ) ) ;
#4419 = CARTESIAN_POINT ( 'NONE',  ( -0.7249129791349598900, 8.317332810452445100, 2.192677474235640700 ) ) ;
#4420 = EDGE_LOOP ( 'NONE', ( #310, #326, #1610, #2510 ) ) ;
#4421 = CARTESIAN_POINT ( 'NONE',  ( -0.3135275320683701400, 27.88816614378572800, -1.513197240508571600 ) ) ;
#4422 = CARTESIAN_POINT ( 'NONE',  ( -1.187172366213856000, 18.84649947711908500, -1.332182035470070400 ) ) ;
#4423 = CARTESIAN_POINT ( 'NONE',  ( 0.5601173020771160700, 2.017332810452461700, -1.694212445547072400 ) ) ;
#4424 = DIRECTION ( 'NONE',  ( 0.0000000000000000000, -1.000000000000000000, 0.0000000000000000000 ) ) ;
#4425 = CARTESIAN_POINT ( 'NONE',  ( 0.4057724631453182900, 16.68816614378575700, 1.958404633409422900 ) ) ;
#4426 = ORIENTED_EDGE ( 'NONE', *, *, #4883, .T. ) ;
#4427 = CARTESIAN_POINT ( 'NONE',  ( -0.4057724631436938600, 20.53816614378574800, -1.958404633406432700 ) ) ;
#4428 = CARTESIAN_POINT ( 'NONE',  ( -0.4057724631437377700, 9.425666143785774100, -1.958404633406424000 ) ) ;
#4429 = DIRECTION ( 'NONE',  ( -0.0000000000000000000, -1.000000000000000000, -0.0000000000000000000 ) ) ;
#4430 = ORIENTED_EDGE ( 'NONE', *, *, #925, .F. ) ;
#4431 = CARTESIAN_POINT ( 'NONE',  ( -1.467231017252008000, 1.404832810452463700, -0.4850758126957864200 ) ) ;
#4432 = ORIENTED_EDGE ( 'NONE', *, *, #4396, .F. ) ;
#4433 = EDGE_CURVE ( 'NONE', #1865, #5716, #2969, .T. ) ;
#4434 = CARTESIAN_POINT ( 'NONE',  ( -1.153703485182825400, 22.60899947711907400, 1.028121427814281600 ) ) ;
#4435 = EDGE_CURVE ( 'NONE', #4300, #2181, #1536, .T. ) ;
#4436 = FACE_OUTER_BOUND ( 'NONE', #183, .T. ) ;
#4437 = CARTESIAN_POINT ( 'NONE',  ( 0.0000000000000000000, 0.0000000000000000000, 0.0000000000000000000 ) ) ;
#4438 = ORIENTED_EDGE ( 'NONE', *, *, #5720, .F. ) ;
#4439 = CARTESIAN_POINT ( 'NONE',  ( 0.4823133209126926900, 0.1372123106368126600, -1.866335243505373500 ) ) ;
#4440 = CARTESIAN_POINT ( 'NONE',  ( -1.493141931847350400, 9.658999477119110100, 1.330611577944787100 ) ) ;
#4441 = CARTESIAN_POINT ( 'NONE',  ( -1.187172366213856000, 27.94649947711906200, -1.332182035470070400 ) ) ;
#4442 = CARTESIAN_POINT ( 'NONE',  ( 1.153703485184449700, 18.67149947711908500, -1.028121427811290000 ) ) ;
#4443 =( BOUNDED_CURVE ( )  B_SPLINE_CURVE ( 2, ( #1293, #5791, #4855, #3568, #3960, #1276, #2174, #2616, #363 ),
 .UNSPECIFIED., .F., .T. ) 
 B_SPLINE_CURVE_WITH_KNOTS ( ( 3, 2, 2, 2, 3 ),
 ( 0.9266649534914801500, 0.9296296296296295800, 0.9333333333333333500, 0.9370370370370370000, 0.9377760646025877800 ),
 .UNSPECIFIED. ) 
 CURVE ( )  GEOMETRIC_REPRESENTATION_ITEM ( )  RATIONAL_B_SPLINE_CURVE ( ( 0.9572025516542808100, 0.8927583521000087600, 1.000000000000000000, 0.8660254037844386000, 1.000000000000000000, 0.8660254037844386000, 1.000000000000000000, 0.9732670516845551800, 0.9572025516544314700 ) ) 
 REPRESENTATION_ITEM ( '' )  );
#4444 = CARTESIAN_POINT ( 'NONE',  ( 1.747289668291783300, 1.900666143785795000, -0.3620304100755075700 ) ) ;
#4445 = CARTESIAN_POINT ( 'NONE',  ( -0.7397092485552133600, 6.614722327394763300, 1.650000000002363100 ) ) ;
#4446 = CARTESIAN_POINT ( 'NONE',  ( 2.261370884561367100, 13.36316614378577100, -0.4685456816509410100 ) ) ;
#4447 = LINE ( 'NONE', #3550, #1550 ) ;
#4448 = CARTESIAN_POINT ( 'NONE',  ( -3.031088913245533900, 10.00000000000000000, 1.749999999999999600 ) ) ;
#4449 = CIRCLE ( 'NONE', #1978, 4.000000000000000000 ) ;
#4450 = CARTESIAN_POINT ( 'NONE',  ( 2.261370884561359600, 2.863166143785798500, -0.4685456816509763200 ) ) ;
#4451 = CARTESIAN_POINT ( 'NONE',  ( -3.115617794898255100, -1.982480613048689900E-015, 1.603591682270509900 ) ) ;
#4452 = DIRECTION ( 'NONE',  ( 0.0000000000000000000, 1.000000000000000000, 0.0000000000000000000 ) ) ;
#4453 = CARTESIAN_POINT ( 'NONE',  ( -1.153703485182825400, 1.521499477119131500, 1.028121427814281600 ) ) ;
#4454 = CARTESIAN_POINT ( 'NONE',  ( -1.467231017252008000, 21.09233281045241200, -0.4850758126957864200 ) ) ;
#4455 = DIRECTION ( 'NONE',  ( 0.0000000000000000000, 1.000000000000000000, 0.0000000000000000000 ) ) ;
#4456 = CARTESIAN_POINT ( 'NONE',  ( 1.898914394993481000, 7.092332810452448100, 0.6277930554661326200 ) ) ;
#4457 = CARTESIAN_POINT ( 'NONE',  ( 1.467231017253632000, 29.05483281045239300, 0.4850758126987769200 ) ) ;
#4458 = CARTESIAN_POINT ( 'NONE',  ( 1.467231017253632000, 20.65483281045241200, 0.4850758126987769200 ) ) ;
#4459 = ORIENTED_EDGE ( 'NONE', *, *, #881, .T. ) ;
#4460 = CARTESIAN_POINT ( 'NONE',  ( 1.536457905425595300, 6.946499477119118600, 1.724131792583205100 ) ) ;
#4461 = CARTESIAN_POINT ( 'NONE',  ( 1.898914394993481000, 11.20483281045243900, 0.6277930554661326200 ) ) ;
#4462 = ADVANCED_FACE ( 'NONE', ( #781 ), #5595, .F. ) ;
#4463 = VERTEX_POINT ( 'NONE', #5413 ) ;
#4464 = CARTESIAN_POINT ( 'NONE',  ( -0.1189804768297188200, 6.948593549569408400, 2.067131037219796900 ) ) ;
#4465 = EDGE_CURVE ( 'NONE', #5152, #4715, #1830, .T. ) ;
#4466 = CARTESIAN_POINT ( 'NONE',  ( -1.536457905424016200, 8.696499477119109800, -1.724131792580174900 ) ) ;
#4467 = CYLINDRICAL_SURFACE ( 'NONE', #1134, 1.650000000000000100 ) ;
#4468 = CARTESIAN_POINT ( 'NONE',  ( 1.536457905425649800, 2.046499477119131600, 1.724131792583157000 ) ) ;
#4469 = ADVANCED_FACE ( 'NONE', ( #2896, #74 ), #396, .T. ) ;
#4470 = DIRECTION ( 'NONE',  ( -0.0000000000000000000, -1.000000000000000000, -0.0000000000000000000 ) ) ;
#4471 = CARTESIAN_POINT ( 'NONE',  ( 0.0000000000000000000, 10.00000000000000000, -1.650000000000000100 ) ) ;
#4472 = CARTESIAN_POINT ( 'NONE',  ( -2.261370884559743600, 21.50066614378574700, 0.4685456816539321200 ) ) ;
#4473 = VERTEX_POINT ( 'NONE', #5389 ) ;
#4474 = CARTESIAN_POINT ( 'NONE',  ( 1.187172366215480100, 0.2964994771191355500, 1.332182035473060700 ) ) ;
#4475 = CARTESIAN_POINT ( 'NONE',  ( 1.153703485184449700, 22.95899947711907500, -1.028121427811290000 ) ) ;
#4476 = VECTOR ( 'NONE', #2577, 1000.000000000000000 ) ;
#4477 = EDGE_CURVE ( 'NONE', #758, #2002, #2276, .T. ) ;
#4478 = CARTESIAN_POINT ( 'NONE',  ( -0.7397092485551968200, 2.906367515826073800, 1.650000000002381600 ) ) ;
#4479 = ORIENTED_EDGE ( 'NONE', *, *, #3183, .T. ) ;
#4480 = CARTESIAN_POINT ( 'NONE',  ( -1.187172366213856000, 19.54649947711908500, -1.332182035470070400 ) ) ;
#4481 = CARTESIAN_POINT ( 'NONE',  ( 2.261370884561367100, 4.263166143785788600, -0.4685456816509410100 ) ) ;
#4482 = CARTESIAN_POINT ( 'NONE',  ( -1.898914394991857200, 11.55483281045243500, -0.6277930554631422400 ) ) ;
#4483 = VERTEX_POINT ( 'NONE', #2683 ) ;
#4484 = AXIS2_PLACEMENT_3D ( 'NONE', #84, #4132, #2817 ) ;
#4485 = CARTESIAN_POINT ( 'NONE',  ( 0.6277930554654555000, 2.979832810452452700, -1.898914394991170000 ) ) ;
#4486 = DIRECTION ( 'NONE',  ( 0.0000000000000000000, 0.0000000000000000000, 1.000000000000000000 ) ) ;
#4487 = ORIENTED_EDGE ( 'NONE', *, *, #31, .T. ) ;
#4488 = CARTESIAN_POINT ( 'NONE',  ( 0.6277930554654740400, 7.967332810452441900, -1.898914394991172000 ) ) ;
#4489 = CARTESIAN_POINT ( 'NONE',  ( -3.031088913245535200, 0.0000000000000000000, 1.750000000000000400 ) ) ;
#4490 = DIRECTION ( 'NONE',  ( 0.0000000000000000000, 1.000000000000000000, 0.0000000000000000000 ) ) ;
#4491 = CARTESIAN_POINT ( 'NONE',  ( -1.865630979763049500, 5.602738738001438200, 0.3865501873650462100 ) ) ;
#4492 = CARTESIAN_POINT ( 'NONE',  ( -1.187172366213856000, -0.05350052288086697100, -1.332182035470070400 ) ) ;
#4493 = CARTESIAN_POINT ( 'NONE',  ( 0.3135275320699943400, 18.52566614378574900, 1.513197240511562100 ) ) ;
#4494 = ORIENTED_EDGE ( 'NONE', *, *, #5091, .T. ) ;
#4495 = CARTESIAN_POINT ( 'NONE',  ( -0.3397187001173394000, 10.00000000000000000, 3.500000000000000000 ) ) ;
#4496 = CARTESIAN_POINT ( 'NONE',  ( -1.493141931847304700, 7.471499477119114600, 1.330611577944838400 ) ) ;
#4497 = CARTESIAN_POINT ( 'NONE',  ( 1.747289668291783300, 15.81316614378576300, -0.3620304100755075700 ) ) ;
#4498 = CARTESIAN_POINT ( 'NONE',  ( 1.536457905425595300, 4.846499477119119900, 1.724131792583205100 ) ) ;
#4499 = EDGE_LOOP ( 'NONE', ( #5366, #4704, #5548, #480, #4795, #4721 ) ) ;
#4500 = CARTESIAN_POINT ( 'NONE',  ( -1.493141931847350400, 10.97149947711910300, 1.330611577944787100 ) ) ;
#4501 = CARTESIAN_POINT ( 'NONE',  ( -1.936491673103707000, 10.00000000000000000, 3.500000000000000900 ) ) ;
#4502 = EDGE_CURVE ( 'NONE', #4463, #4300, #2538, .T. ) ;
#4503 = CARTESIAN_POINT ( 'NONE',  ( 3.031088913245535200, 10.00000000000000000, -1.750000000000000400 ) ) ;
#4504 = ORIENTED_EDGE ( 'NONE', *, *, #1003, .F. ) ;
#4505 = CARTESIAN_POINT ( 'NONE',  ( -0.6277930554638234700, 6.129832810452447800, 1.898914394994163600 ) ) ;
#4506 = CARTESIAN_POINT ( 'NONE',  ( 0.4057724631453182900, 20.88816614378574600, 1.958404633409422900 ) ) ;
#4507 = CARTESIAN_POINT ( 'NONE',  ( -0.4057724631437261700, 5.925666143785784700, -1.958404633406426200 ) ) ;
#4508 = DIRECTION ( 'NONE',  ( 0.0000000000000000000, 0.0000000000000000000, -1.000000000000000000 ) ) ;
#4509 = CARTESIAN_POINT ( 'NONE',  ( 1.153703485184449700, 0.4714994771191291500, -1.028121427811290000 ) ) ;
#4510 = EDGE_CURVE ( 'NONE', #531, #240, #284, .T. ) ;
#4511 = CARTESIAN_POINT ( 'NONE',  ( -0.5601173020754920400, 17.06733281045242400, 1.694212445550063300 ) ) ;
#4512 =( BOUNDED_CURVE ( )  B_SPLINE_CURVE ( 2, ( #1395, #4445, #4384, #389, #2201, #5359, #370, #2761, #1718 ),
 .UNSPECIFIED., .F., .T. ) 
 B_SPLINE_CURVE_WITH_KNOTS ( ( 3, 2, 2, 2, 3 ),
 ( 0.7488871757137024500, 0.7518518518518518800, 0.7555555555555555400, 0.7592592592592593000, 0.7599982868248100800 ),
 .UNSPECIFIED. ) 
 CURVE ( )  GEOMETRIC_REPRESENTATION_ITEM ( )  RATIONAL_B_SPLINE_CURVE ( ( 0.9572025516542770300, 0.8927583521000119800, 1.000000000000000000, 0.8660254037844386000, 1.000000000000000000, 0.8660254037844386000, 1.000000000000000000, 0.9732670516845543000, 0.9572025516544304700 ) ) 
 REPRESENTATION_ITEM ( '' )  );
#4513 = CARTESIAN_POINT ( 'NONE',  ( 8.778253695876226200E-016, 1.414381477805637200, -1.649999999999745200 ) ) ;
#4514 = VECTOR ( 'NONE', #2346, 1000.000000000000000 ) ;
#4515 = CARTESIAN_POINT ( 'NONE',  ( -1.747289668290160200, 14.76316614378576200, 0.3620304100784984500 ) ) ;
#4516 = CARTESIAN_POINT ( 'NONE',  ( -1.536457905423971100, 6.596499477119115400, -1.724131792580214700 ) ) ;
#4517 = CARTESIAN_POINT ( 'NONE',  ( 1.493141931848975100, 12.72149947711910500, -1.330611577941795300 ) ) ;
#4518 = ADVANCED_FACE ( 'NONE', ( #5081 ), #4931, .F. ) ;
#4519 = CARTESIAN_POINT ( 'NONE',  ( 2.149256308119709100E-014, 2.256026666236828700, 1.650000000002736200 ) ) ;
#4520 = LINE ( 'NONE', #4562, #5754 ) ;
#4521 = CARTESIAN_POINT ( 'NONE',  ( -3.031088913245534800, 10.00000000000000000, -1.749999999999997800 ) ) ;
#4522 = CC_DESIGN_APPROVAL ( #2190, ( #4414 ) ) ;
#4523 = CARTESIAN_POINT ( 'NONE',  ( -1.136605634097930500, 6.098572071335485000, 1.730697752768555400 ) ) ;
#4524 = CONICAL_SURFACE ( 'NONE', #106, 4.000000000000000000, 0.7853981633974533900 ) ;
#4525 = CARTESIAN_POINT ( 'NONE',  ( 1.522818617632447600, 0.04999999999841198100, 1.296542886987681600 ) ) ;
#4526 = CARTESIAN_POINT ( 'NONE',  ( 0.0000000000000000000, 10.00000000000000000, 0.0000000000000000000 ) ) ;
#4527 = CARTESIAN_POINT ( 'NONE',  ( -1.231842093774848400, 5.169426882903465500, 1.097754551805536500 ) ) ;
#4528 = CARTESIAN_POINT ( 'NONE',  ( -1.536457905423971100, 29.78399947711905700, -1.724131792580214700 ) ) ;
#4529 = CARTESIAN_POINT ( 'NONE',  ( -1.187172366213856000, 16.83399947711909300, -1.332182035470070400 ) ) ;
#4530 = ORIENTED_EDGE ( 'NONE', *, *, #4666, .T. ) ;
#4531 = CARTESIAN_POINT ( 'NONE',  ( -1.136605634097930000, 7.498572071335481800, 1.730697752768545400 ) ) ;
#4532 = DATE_AND_TIME ( #2638, #2505 ) ;
#4533 = CARTESIAN_POINT ( 'NONE',  ( 1.467231017253632000, 17.85483281045242200, 0.4850758126987769200 ) ) ;
#4534 = CARTESIAN_POINT ( 'NONE',  ( 1.898914394993481000, 6.304832810452451100, 0.6277930554661326200 ) ) ;
#4535 = ORIENTED_EDGE ( 'NONE', *, *, #5198, .F. ) ;
#4536 = CARTESIAN_POINT ( 'NONE',  ( 0.7249129791365839200, 10.67983281045244200, -2.192677474232650700 ) ) ;
#4537 = CARTESIAN_POINT ( 'NONE',  ( -1.231842093774848400, 4.961072071334771600, 1.097754551805536500 ) ) ;
#4538 = DIRECTION ( 'NONE',  ( 0.0000000000000000000, -1.000000000000000000, 0.0000000000000000000 ) ) ;
#4539 = CARTESIAN_POINT ( 'NONE',  ( 0.0000000000000000000, 9.500000000000005300, 0.0000000000000000000 ) ) ;
#4540 = VECTOR ( 'NONE', #2990, 1000.000000000000000 ) ;
#4541 = CARTESIAN_POINT ( 'NONE',  ( -2.261370884559738700, 9.513166143785776200, 0.4685456816539539900 ) ) ;
#4542 = ORIENTED_EDGE ( 'NONE', *, *, #5425, .F. ) ;
#4543 = EDGE_CURVE ( 'NONE', #3866, #3874, #3872, .T. ) ;
#4544 =( BOUNDED_CURVE ( )  B_SPLINE_CURVE ( 2, ( #5284, #1630, #5247, #3918, #342, #1234, #795, #3937, #1253 ),
 .UNSPECIFIED., .F., .F. ) 
 B_SPLINE_CURVE_WITH_KNOTS ( ( 3, 2, 2, 2, 3 ),
 ( 0.8500000000000000900, 0.8518518518518518600, 0.8555555555555555100, 0.8592592592592592800, 0.8611111111111112700 ),
 .UNSPECIFIED. ) 
 CURVE ( )  GEOMETRIC_REPRESENTATION_ITEM ( )  RATIONAL_B_SPLINE_CURVE ( ( 0.9330127018922194100, 0.9330127018922234100, 1.000000000000000000, 0.8660254037844387100, 1.000000000000000000, 0.8660254037844387100, 1.000000000000000000, 0.9330127018922133000, 0.9330127018922194100 ) ) 
 REPRESENTATION_ITEM ( '' )  );
#4545 = CARTESIAN_POINT ( 'NONE',  ( -1.536457905423971100, 19.19649947711908300, -1.724131792580214700 ) ) ;
#4546 = AXIS2_PLACEMENT_3D ( 'NONE', #3560, #2722, #466 ) ;
#4547 = CARTESIAN_POINT ( 'NONE',  ( 0.6277930554654848100, 3.767332810452450200, -1.898914394991160200 ) ) ;
#4548 = DIRECTION ( 'NONE',  ( -0.0000000000000000000, -1.000000000000000000, -0.0000000000000000000 ) ) ;
#4549 = CARTESIAN_POINT ( 'NONE',  ( 0.4057724631453182900, 20.97566614378574500, 1.958404633409422900 ) ) ;
#4550 = CARTESIAN_POINT ( 'NONE',  ( 1.898914394993481000, 28.09233281045239400, 0.6277930554661326200 ) ) ;
#4551 = VERTEX_POINT ( 'NONE', #2805 ) ;
#4552 = CARTESIAN_POINT ( 'NONE',  ( 0.5601173020771160700, 18.11733281045242400, -1.694212445547072400 ) ) ;
#4553 = CARTESIAN_POINT ( 'NONE',  ( -9.429543486215421600E-015, 3.514381477805631700, -1.649999999999745000 ) ) ;
#4554 = CARTESIAN_POINT ( 'NONE',  ( 1.092492215212837800, 9.950000000000001100, -1.675249461929802600 ) ) ;
#4555 = CARTESIAN_POINT ( 'NONE',  ( 1.898914394993481000, 4.992332810452453800, 0.6277930554661326200 ) ) ;
#4556 = VERTEX_POINT ( 'NONE', #1004 ) ;
#4557 = CARTESIAN_POINT ( 'NONE',  ( 1.747289668291783300, 14.41316614378576400, -0.3620304100755075700 ) ) ;
#4558 = ADVANCED_FACE ( 'NONE', ( #564 ), #2545, .F. ) ;
#4559 = CARTESIAN_POINT ( 'NONE',  ( -0.7249129791349598900, 0.5298328104524637800, 2.192677474235640700 ) ) ;
#4560 = CARTESIAN_POINT ( 'NONE',  ( 1.536457905425595300, 9.746499477119106900, 1.724131792583205100 ) ) ;
#4561 = PRODUCT_DEFINITION ( 'UNKNOWN', '', #4414, #876 ) ;
#4562 = CARTESIAN_POINT ( 'NONE',  ( 0.0000000000000000000, 10.00000000000000000, -1.650000000000000100 ) ) ;
#4563 = CARTESIAN_POINT ( 'NONE',  ( -1.493141931847350400, -1.541000522880864300, 1.330611577944787100 ) ) ;
#4564 = CARTESIAN_POINT ( 'NONE',  ( 0.0000000000000000000, 0.0000000000000000000, 0.0000000000000000000 ) ) ;
#4565 = ORIENTED_EDGE ( 'NONE', *, *, #4293, .F. ) ;
#4566 = CARTESIAN_POINT ( 'NONE',  ( 2.261370884561367100, 23.25066614378574000, -0.4685456816509410100 ) ) ;
#4567 = CARTESIAN_POINT ( 'NONE',  ( -1.990681402645799100E-014, 8.764381477805509100, 1.650000000002735700 ) ) ;
#4568 = CARTESIAN_POINT ( 'NONE',  ( 2.261370884561367100, 18.96316614378575600, -0.4685456816509410100 ) ) ;
#4569 = DIRECTION ( 'NONE',  ( 0.0000000000000000000, 0.0000000000000000000, -1.000000000000000000 ) ) ;
#4570 = CARTESIAN_POINT ( 'NONE',  ( -1.536457905423971100, 28.38399947711905800, -1.724131792580214700 ) ) ;
#4571 = ORIENTED_EDGE ( 'NONE', *, *, #5233, .T. ) ;
#4572 = CARTESIAN_POINT ( 'NONE',  ( -1.467231017252008000, 18.99233281045242100, -0.4850758126957864200 ) ) ;
#4573 = EDGE_LOOP ( 'NONE', ( #2076, #1954, #3965, #4222 ) ) ;
#4574 = CARTESIAN_POINT ( 'NONE',  ( 0.0000000000000000000, 0.04999999999999953100, 0.0000000000000000000 ) ) ;
#4575 = ORIENTED_EDGE ( 'NONE', *, *, #951, .F. ) ;
#4576 = CARTESIAN_POINT ( 'NONE',  ( -1.898914394991857200, 4.642332810452454200, -0.6277930554631422400 ) ) ;
#4577 = CARTESIAN_POINT ( 'NONE',  ( -0.5601173020754920400, 14.17983281045243200, 1.694212445550063300 ) ) ;
#4578 = CARTESIAN_POINT ( 'NONE',  ( -0.4057724631436938600, 1.638166143785799300, -1.958404633406432700 ) ) ;
#4579 = CARTESIAN_POINT ( 'NONE',  ( 2.261370884561367100, 8.463166143785777300, -0.4685456816509410100 ) ) ;
#4580 = FACE_OUTER_BOUND ( 'NONE', #2884, .T. ) ;
#4581 = CARTESIAN_POINT ( 'NONE',  ( -0.4057724631437261700, 6.538166143785787200, -1.958404633406426200 ) ) ;
#4582 = VERTEX_POINT ( 'NONE', #4525 ) ;
#4583 = CARTESIAN_POINT ( 'NONE',  ( -0.6277930554638390100, 3.417332810452454100, 1.898914394994158300 ) ) ;
#4584 = EDGE_CURVE ( 'NONE', #4632, #1115, #1474, .T. ) ;
#4585 = CARTESIAN_POINT ( 'NONE',  ( 2.143592918638497900E-014, 2.464381477805524900, 1.650000000002736200 ) ) ;
#4586 = AXIS2_PLACEMENT_3D ( 'NONE', #3177, #3198, #3713 ) ;
#4587 = CARTESIAN_POINT ( 'NONE',  ( 0.4057724631453182900, 23.77566614378573800, 1.958404633409422900 ) ) ;
#4588 = LINE ( 'NONE', #5330, #5298 ) ;
#4589 = CARTESIAN_POINT ( 'NONE',  ( -1.136605634097930000, 6.886072071335481900, 1.730697752768545400 ) ) ;
#4590 = CARTESIAN_POINT ( 'NONE',  ( -1.536457905423971100, 18.49649947711908700, -1.724131792580214700 ) ) ;
#4591 = DIRECTION ( 'NONE',  ( -0.0000000000000000000, -1.000000000000000000, -0.0000000000000000000 ) ) ;
#4592 = CARTESIAN_POINT ( 'NONE',  ( 2.697907474848067800, 9.950940615339130000, 2.327087179443293700 ) ) ;
#4593 = B_SPLINE_CURVE_WITH_KNOTS ( 'NONE', 3,
 ( #4503, #882, #2243, #9, #1796, #5427 ),
 .UNSPECIFIED., .F., .F.,
 ( 4, 2, 4 ),
 ( 0.002002522390752434400, 0.002997448974640015200, 0.003992375558527596000 ),
 .UNSPECIFIED. ) ;
#4594 = CARTESIAN_POINT ( 'NONE',  ( -1.493141931847350400, 29.25899947711905800, 1.330611577944787100 ) ) ;
#4595 = EDGE_CURVE ( 'NONE', #5263, #3318, #616, .T. ) ;
#4596 = CARTESIAN_POINT ( 'NONE',  ( -1.187172366213856000, 16.13399947711909400, -1.332182035470070400 ) ) ;
#4597 = CYLINDRICAL_SURFACE ( 'NONE', #2772, 2.000000000000000000 ) ;
#4598 = CARTESIAN_POINT ( 'NONE',  ( 1.898914394993497700, 5.604832810452451900, 0.6277930554660826600 ) ) ;
#4599 = CARTESIAN_POINT ( 'NONE',  ( 1.898914394993481000, 5.692332810452449500, 0.6277930554661326200 ) ) ;
#4600 = CARTESIAN_POINT ( 'NONE',  ( 0.4057724631453691300, 8.988166143785781200, 1.958404633409412500 ) ) ;
#4601 = CARTESIAN_POINT ( 'NONE',  ( 1.153703485184449700, 13.07149947711910100, -1.028121427811290000 ) ) ;
#4602 = CYLINDRICAL_SURFACE ( 'NONE', #4546, 4.000000000000000000 ) ;
#4603 = CARTESIAN_POINT ( 'NONE',  ( 0.7249129791365839200, 1.579832810452467000, -2.192677474232650700 ) ) ;
#4604 = CARTESIAN_POINT ( 'NONE',  ( 2.261370884561367100, 7.763166143785785100, -0.4685456816509410100 ) ) ;
#4605 = CARTESIAN_POINT ( 'NONE',  ( 0.6277930554654942400, 0.1798328104524623800, -1.898914394991149300 ) ) ;
#4606 = CARTESIAN_POINT ( 'NONE',  ( 1.898914394993488400, 6.392332810452448800, 0.6277930554661105300 ) ) ;
#4607 = CARTESIAN_POINT ( 'NONE',  ( -0.4057724631437242300, 9.338166143785777300, -1.958404633406426700 ) ) ;
#4608 = VERTEX_POINT ( 'NONE', #104 ) ;
#4609 = CARTESIAN_POINT ( 'NONE',  ( -2.261370884559743600, 23.60066614378573700, 0.4685456816539321200 ) ) ;
#4610 = COORDINATED_UNIVERSAL_TIME_OFFSET ( 6, 0, .BEHIND. ) ;
#4611 = CARTESIAN_POINT ( 'NONE',  ( -1.493141931847350400, 20.07149947711908000, 1.330611577944787100 ) ) ;
#4612 = CARTESIAN_POINT ( 'NONE',  ( -1.267577771975587600, 2.894426882903476700, -1.422408728879485300 ) ) ;
#4613 = CARTESIAN_POINT ( 'NONE',  ( 0.3347622820952812500, 6.477738738001438200, 1.615683822564250500 ) ) ;
#4614 = ORIENTED_EDGE ( 'NONE', *, *, #2587, .F. ) ;
#4615 = CARTESIAN_POINT ( 'NONE',  ( -0.7249129791349598900, 26.51733281045239800, 2.192677474235640700 ) ) ;
#4616 = CARTESIAN_POINT ( 'NONE',  ( 1.747289668291783300, 15.90066614378576100, -0.3620304100755075700 ) ) ;
#4617 = CARTESIAN_POINT ( 'NONE',  ( 0.7249129791365839200, 29.57983281045239100, -2.192677474232650700 ) ) ;
#4618 = VERTEX_POINT ( 'NONE', #5492 ) ;
#4619 = CARTESIAN_POINT ( 'NONE',  ( -0.4640906541512932500, 0.3573169089589014500, 1.631976775029414500 ) ) ;
#4620 = CARTESIAN_POINT ( 'NONE',  ( -1.536457905423971100, 5.983999477119114700, -1.724131792580214700 ) ) ;
#4621 = CARTESIAN_POINT ( 'NONE',  ( 0.0000000000000000000, 9.500000000000005300, 0.0000000000000000000 ) ) ;
#4622 = CARTESIAN_POINT ( 'NONE',  ( -1.153703485182825400, 13.42149947711909700, 1.028121427814281600 ) ) ;
#4623 = FACE_OUTER_BOUND ( 'NONE', #1473, .T. ) ;
#4624 = CARTESIAN_POINT ( 'NONE',  ( 1.898914394993481000, 2.104832810452463000, 0.6277930554661326200 ) ) ;
#4625 = CARTESIAN_POINT ( 'NONE',  ( 0.7249129791365839200, 7.879832810452448700, -2.192677474232650700 ) ) ;
#4626 = ORIENTED_EDGE ( 'NONE', *, *, #3345, .F. ) ;
#4627 = CARTESIAN_POINT ( 'NONE',  ( 0.6277930554654721500, 7.267332810452442600, -1.898914394991164400 ) ) ;
#4628 = DIRECTION ( 'NONE',  ( 0.0000000000000000000, 0.0000000000000000000, -1.000000000000000000 ) ) ;
#4629 =( BOUNDED_CURVE ( )  B_SPLINE_CURVE ( 2, ( #3372, #2052, #5147, #4711, #4731, #5606, #2452, #2007, #4258 ),
 .UNSPECIFIED., .F., .F. ) 
 B_SPLINE_CURVE_WITH_KNOTS ( ( 3, 2, 2, 2, 3 ),
 ( 0.7611111111111112900, 0.7629629629629629500, 0.7666666666666667200, 0.7703703703703703700, 0.7722222222222222500 ),
 .UNSPECIFIED. ) 
 CURVE ( )  GEOMETRIC_REPRESENTATION_ITEM ( )  RATIONAL_B_SPLINE_CURVE ( ( 0.9330127018922194100, 0.9330127018922254000, 1.000000000000000000, 0.8660254037844387100, 1.000000000000000000, 0.8660254037844387100, 1.000000000000000000, 0.9330127018922174100, 0.9330127018922194100 ) ) 
 REPRESENTATION_ITEM ( '' )  );
#4630 = CARTESIAN_POINT ( 'NONE',  ( 1.153703485184449700, 9.658999477119110100, -1.028121427811290000 ) ) ;
#4631 = EDGE_CURVE ( 'NONE', #4060, #2516, #2717, .T. ) ;
#4632 = VERTEX_POINT ( 'NONE', #1880 ) ;
#4633 = CARTESIAN_POINT ( 'NONE',  ( -1.566604375869318000, 8.552760216236791300, -0.5179292707572200600 ) ) ;
#4634 = CARTESIAN_POINT ( 'NONE',  ( 0.4057724631453182900, 18.08816614378575200, 1.958404633409422900 ) ) ;
#4635 = CARTESIAN_POINT ( 'NONE',  ( 2.143592918638497900E-014, 8.064381477805513400, 1.650000000002736200 ) ) ;
#4636 = CARTESIAN_POINT ( 'NONE',  ( 1.493141931848942900, 7.821499477119117700, -1.330611577941831700 ) ) ;
#4637 = CARTESIAN_POINT ( 'NONE',  ( -1.898914394991857200, 26.34233281045239700, -0.6277930554631422400 ) ) ;
#4638 = CARTESIAN_POINT ( 'NONE',  ( 1.187172366215480100, 15.08399947711909500, 1.332182035473060700 ) ) ;
#4639 = ORIENTED_EDGE ( 'NONE', *, *, #1003, .T. ) ;
#4640 = CARTESIAN_POINT ( 'NONE',  ( 8.118505867571457200E-013, -0.8576671895476062300, 1.495331636292007700E-012 ) ) ;
#4641 = CARTESIAN_POINT ( 'NONE',  ( -1.493141931847350400, 6.158999477119117200, 1.330611577944787100 ) ) ;
#4642 = CARTESIAN_POINT ( 'NONE',  ( -0.3135275320683701400, 11.78816614378577100, -1.513197240508571600 ) ) ;
#4643 = CARTESIAN_POINT ( 'NONE',  ( 0.4057724631453182900, 1.288166143785796100, 1.958404633409422900 ) ) ;
#4644 = VERTEX_POINT ( 'NONE', #3683 ) ;
#4645 = DIRECTION ( 'NONE',  ( -0.0000000000000000000, -1.000000000000000000, -0.0000000000000000000 ) ) ;
#4646 = AXIS2_PLACEMENT_3D ( 'NONE', #4399, #1278, #2630 ) ;
#4647 = CARTESIAN_POINT ( 'NONE',  ( -0.6277930554638536700, 2.717332810452452600, 1.898914394994153400 ) ) ;
#4648 = DIRECTION ( 'NONE',  ( -0.0000000000000000000, -1.000000000000000000, -0.0000000000000000000 ) ) ;
#4649 = CARTESIAN_POINT ( 'NONE',  ( 0.4057724631453182900, 23.07566614378574200, 1.958404633409422900 ) ) ;
#4650 = ORIENTED_EDGE ( 'NONE', *, *, #591, .T. ) ;
#4651 = CARTESIAN_POINT ( 'NONE',  ( -3.364270351643003500, 9.950940615339135300, 1.172912820556703900 ) ) ;
#4652 = CARTESIAN_POINT ( 'NONE',  ( 3.031088913245536100, 0.0000000000000000000, 1.749999999999999300 ) ) ;
#4653 = CARTESIAN_POINT ( 'NONE',  ( 0.0000000000000000000, 9.500000000000005300, 0.0000000000000000000 ) ) ;
#4654 = CARTESIAN_POINT ( 'NONE',  ( 0.4057724631453182900, 20.27566614378574500, 1.958404633409422900 ) ) ;
#4655 = CARTESIAN_POINT ( 'NONE',  ( 1.536457905425595300, 25.23399947711907000, 1.724131792583205100 ) ) ;
#4656 = FACE_OUTER_BOUND ( 'NONE', #2186, .T. ) ;
#4657 = CARTESIAN_POINT ( 'NONE',  ( 0.5601173020771160700, 13.21733281045243100, -1.694212445547072400 ) ) ;
#4658 = ORIENTED_EDGE ( 'NONE', *, *, #1900, .F. ) ;
#4659 = CARTESIAN_POINT ( 'NONE',  ( -0.2325108769735614900, 0.1641464974994214500, -1.885853502500579100 ) ) ;
#4660 = CARTESIAN_POINT ( 'NONE',  ( -1.493141931847350400, 2.658999477119124300, 1.330611577944787100 ) ) ;
#4661 = CARTESIAN_POINT ( 'NONE',  ( 8.778253695876226200E-016, 1.414381477805637200, -1.649999999999745200 ) ) ;
#4662 = CARTESIAN_POINT ( 'NONE',  ( 1.153703485184449700, 10.97149947711910300, -1.028121427811290000 ) ) ;
#4663 = CARTESIAN_POINT ( 'NONE',  ( -1.747289668290160200, 28.15066614378572400, 0.3620304100784984500 ) ) ;
#4664 = CARTESIAN_POINT ( 'NONE',  ( -0.6277930554638429000, 9.629832810452441500, 1.898914394994156900 ) ) ;
#4665 = CARTESIAN_POINT ( 'NONE',  ( 1.566604375870941800, 5.402760216236800700, 0.5179292707602105600 ) ) ;
#4666 = EDGE_CURVE ( 'NONE', #4997, #4644, #3144, .T. ) ;
#4667 = CARTESIAN_POINT ( 'NONE',  ( 1.136605634099545600, 9.336072071335475900, -1.730697752765556000 ) ) ;
#4668 = AXIS2_PLACEMENT_3D ( 'NONE', #5765, #3043, #3957 ) ;
#4669 = CARTESIAN_POINT ( 'NONE',  ( -1.747289668290160200, 24.56316614378574000, 0.3620304100784984500 ) ) ;
#4670 = CARTESIAN_POINT ( 'NONE',  ( -0.5601173020754920400, 7.267332810452446200, 1.694212445550063300 ) ) ;
#4671 = CARTESIAN_POINT ( 'NONE',  ( -1.990681402645799100E-014, 6.664381477805513900, 1.650000000002735700 ) ) ;
#4672 = CARTESIAN_POINT ( 'NONE',  ( -1.865630979763049500, 5.811093549570135700, 0.3865501873650462100 ) ) ;
#4673 = CARTESIAN_POINT ( 'NONE',  ( -0.6277930554638706500, 0.5298328104524577800, 1.898914394994155400 ) ) ;
#4674 = CARTESIAN_POINT ( 'NONE',  ( -1.990681402645799100E-014, 9.464381477805504900, 1.650000000002735700 ) ) ;
#4675 = CARTESIAN_POINT ( 'NONE',  ( 0.4057724631453182900, 25.17566614378573700, 1.958404633409422900 ) ) ;
#4676 = EDGE_CURVE ( 'NONE', #4800, #2788, #1654, .T. ) ;
#4677 = CARTESIAN_POINT ( 'NONE',  ( -1.467231017252008000, 14.79233281045242700, -0.4850758126957864200 ) ) ;
#4678 = CARTESIAN_POINT ( 'NONE',  ( 1.493141931848949200, 0.9089994771191295400, -1.330611577941824400 ) ) ;
#4679 = CARTESIAN_POINT ( 'NONE',  ( -0.4057724631436938600, 1.725666143785793000, -1.958404633406432700 ) ) ;
#4680 = DIRECTION ( 'NONE',  ( 0.0000000000000000000, -1.000000000000000000, 0.0000000000000000000 ) ) ;
#4681 = CARTESIAN_POINT ( 'NONE',  ( 1.467231017253632000, 11.55483281045243500, 0.4850758126987769200 ) ) ;
#4682 = CARTESIAN_POINT ( 'NONE',  ( 1.467231017253632000, 28.44233281045239200, 0.4850758126987769200 ) ) ;
#4683 = ORIENTED_EDGE ( 'NONE', *, *, #5119, .T. ) ;
#4684 = CARTESIAN_POINT ( 'NONE',  ( 8.778253695876226200E-016, 8.906026666236924100, -1.649999999999744800 ) ) ;
#4685 = CARTESIAN_POINT ( 'NONE',  ( 1.467231017253632000, 24.85483281045240400, 0.4850758126987769200 ) ) ;
#4686 = ORIENTED_EDGE ( 'NONE', *, *, #4181, .T. ) ;
#4687 = CARTESIAN_POINT ( 'NONE',  ( -1.153703485182825400, 6.508999477119116900, 1.028121427814281600 ) ) ;
#4688 = CARTESIAN_POINT ( 'NONE',  ( 0.6277930554654681500, 0.9673328104524588900, -1.898914394991157600 ) ) ;
#4689 = CARTESIAN_POINT ( 'NONE',  ( 1.865630979764672600, 4.552738738001442800, -0.3865501873620552100 ) ) ;
#4690 = LINE ( 'NONE', #3997, #3141 ) ;
#4691 = CARTESIAN_POINT ( 'NONE',  ( -0.4057724631436938600, 18.52566614378574900, -1.958404633406432700 ) ) ;
#4692 = ORIENTED_EDGE ( 'NONE', *, *, #2628, .F. ) ;
#4693 = CARTESIAN_POINT ( 'NONE',  ( -0.3135275320683701400, 10.47566614378577300, -1.513197240508571600 ) ) ;
#4694 = CARTESIAN_POINT ( 'NONE',  ( 0.7249129791365839200, 26.77983281045239700, -2.192677474232650700 ) ) ;
#4695 = CARTESIAN_POINT ( 'NONE',  ( 0.4057724631453182900, 2.075666143785792600, 1.958404633409422900 ) ) ;
#4696 = ORIENTED_EDGE ( 'NONE', *, *, #3077, .T. ) ;
#4697 = CARTESIAN_POINT ( 'NONE',  ( 1.467231017253632000, 9.454832810452444400, 0.4850758126987769200 ) ) ;
#4698 = EDGE_CURVE ( 'NONE', #2819, #3383, #3503, .T. ) ;
#4699 =( BOUNDED_CURVE ( )  B_SPLINE_CURVE ( 2, ( #3799, #4703, #2930, #4251, #199, #3385, #1998, #1956, #686 ),
 .UNSPECIFIED., .F., .F. ) 
 B_SPLINE_CURVE_WITH_KNOTS ( ( 3, 2, 2, 2, 3 ),
 ( 0.9155538423803656300, 0.9185185185185185100, 0.9222222222222222800, 0.9259259259259259300, 0.9266649534914801500 ),
 .UNSPECIFIED. ) 
 CURVE ( )  GEOMETRIC_REPRESENTATION_ITEM ( )  RATIONAL_B_SPLINE_CURVE ( ( 0.9572025516544304700, 0.8927583520998843000, 1.000000000000000000, 0.8660254037844386000, 1.000000000000000000, 0.8660254037844386000, 1.000000000000000000, 0.9732670516844298400, 0.9572025516542808100 ) ) 
 REPRESENTATION_ITEM ( '' )  );
#4700 = CARTESIAN_POINT ( 'NONE',  ( -1.493141931847350400, -0.9285005228808623800, 1.330611577944787100 ) ) ;
#4701 = CARTESIAN_POINT ( 'NONE',  ( 0.0000000000000000000, 10.00000000000000000, 0.0000000000000000000 ) ) ;
#4702 = CARTESIAN_POINT ( 'NONE',  ( -1.136605634097938500, 7.586072071335481200, 1.730697752768530800 ) ) ;
#4703 = CARTESIAN_POINT ( 'NONE',  ( 0.7397092485561809200, 1.364722327394835700, -1.650000000000108900 ) ) ;
#4704 = ORIENTED_EDGE ( 'NONE', *, *, #4892, .T. ) ;
#4705 = CARTESIAN_POINT ( 'NONE',  ( 0.5601173020771160700, 25.72983281045240000, -1.694212445547072400 ) ) ;
#4706 = CARTESIAN_POINT ( 'NONE',  ( -1.153703485182825400, 8.608999477119111200, 1.028121427814281600 ) ) ;
#4707 = EDGE_CURVE ( 'NONE', #1261, #1895, #4370, .T. ) ;
#4708 = ORIENTED_EDGE ( 'NONE', *, *, #5743, .T. ) ;
#4709 = CARTESIAN_POINT ( 'NONE',  ( 2.149256308119709100E-014, 0.8560266662368351000, 1.650000000002736200 ) ) ;
#4710 = CARTESIAN_POINT ( 'NONE',  ( -1.136605634097930000, 0.4985720713354961900, 1.730697752768554800 ) ) ;
#4711 = CARTESIAN_POINT ( 'NONE',  ( 2.261370884561356500, 6.363166143785787400, -0.4685456816509899200 ) ) ;
#4712 = CARTESIAN_POINT ( 'NONE',  ( -1.536457905423971100, 18.58399947711908600, -1.724131792580214700 ) ) ;
#4713 = CARTESIAN_POINT ( 'NONE',  ( 1.153703485184449700, 10.35899947711910600, -1.028121427811290000 ) ) ;
#4714 = CARTESIAN_POINT ( 'NONE',  ( 1.493141931848975100, 28.12149947711905900, -1.330611577941795300 ) ) ;
#4715 = VERTEX_POINT ( 'NONE', #4196 ) ;
#4716 = CARTESIAN_POINT ( 'NONE',  ( 0.7249129791365839200, 2.367332810452459600, -2.192677474232650700 ) ) ;
#4717 = CARTESIAN_POINT ( 'NONE',  ( 1.187172366215480100, 9.396499477119112600, 1.332182035473060700 ) ) ;
#4718 = CARTESIAN_POINT ( 'NONE',  ( 0.3135275320699943400, 27.62566614378572900, 1.513197240511562100 ) ) ;
#4719 = CARTESIAN_POINT ( 'NONE',  ( 0.6277930554654702600, 4.467332810452449900, -1.898914394991164900 ) ) ;
#4720 = PRODUCT_RELATED_PRODUCT_CATEGORY ( 'detail', '', ( #5499 ) ) ;
#4721 = ORIENTED_EDGE ( 'NONE', *, *, #1168, .T. ) ;
#4722 = CARTESIAN_POINT ( 'NONE',  ( 1.898914394993487900, 9.192332810452441500, 0.6277930554661124200 ) ) ;
#4723 = CARTESIAN_POINT ( 'NONE',  ( -0.4057724631436938600, 13.62566614378576400, -1.958404633406432700 ) ) ;
#4724 = CARTESIAN_POINT ( 'NONE',  ( -1.153703485182825400, 26.02149947711906800, 1.028121427814281600 ) ) ;
#4725 = CARTESIAN_POINT ( 'NONE',  ( -1.187172366213856000, 4.233999477119122700, -1.332182035470070400 ) ) ;
#4726 = FACE_BOUND ( 'NONE', #5793, .T. ) ;
#4727 = CARTESIAN_POINT ( 'NONE',  ( 1.898914394993501200, 8.492332810452442300, 0.6277930554660714500 ) ) ;
#4728 = ORIENTED_EDGE ( 'NONE', *, *, #3803, .T. ) ;
#4729 = CARTESIAN_POINT ( 'NONE',  ( 1.267577771977211700, 0.9360720713347879800, 1.422408728882475800 ) ) ;
#4730 = CARTESIAN_POINT ( 'NONE',  ( -0.6277930554638536700, 3.329832810452453700, 1.898914394994153400 ) ) ;
#4731 = CARTESIAN_POINT ( 'NONE',  ( 1.898914394993501900, 6.304832810452451100, 0.6277930554660696700 ) ) ;
#4732 = CARTESIAN_POINT ( 'NONE',  ( 0.4057724631453182900, 18.17566614378575500, 1.958404633409422900 ) ) ;
#4733 = CARTESIAN_POINT ( 'NONE',  ( 1.187172366215480100, 11.58399947711910200, 1.332182035473060700 ) ) ;
#4734 =( BOUNDED_CURVE ( )  B_SPLINE_CURVE ( 2, ( #3976, #1255, #3507, #3938, #3919, #2150, #1746, #5304, #1309 ),
 .UNSPECIFIED., .F., .F. ) 
 B_SPLINE_CURVE_WITH_KNOTS ( ( 3, 2, 2, 2, 3 ),
 ( 0.6508985685540913400, 0.6518518518518519000, 0.6555555555555555600, 0.6592592592592592100, 0.6611111111111112000 ),
 .UNSPECIFIED. ) 
 CURVE ( )  GEOMETRIC_REPRESENTATION_ITEM ( )  RATIONAL_B_SPLINE_CURVE ( ( 0.9487845437233410900, 0.9655167488779428100, 1.000000000000000000, 0.8660254037844387100, 1.000000000000000000, 0.8660254037844387100, 1.000000000000000000, 0.9330127018922154100, 0.9330127018922194100 ) ) 
 REPRESENTATION_ITEM ( '' )  );
#4735 = CARTESIAN_POINT ( 'NONE',  ( 2.261370884561367100, 26.66316614378573400, -0.4685456816509410100 ) ) ;
#4736 = AXIS2_PLACEMENT_3D ( 'NONE', #2876, #4645, #3325 ) ;
#4737 = DIRECTION ( 'NONE',  ( -0.0000000000000000000, -1.000000000000000000, -0.0000000000000000000 ) ) ;
#4738 = CARTESIAN_POINT ( 'NONE',  ( 0.6277930554654572700, 3.679832810452452900, -1.898914394991177300 ) ) ;
#4739 = CARTESIAN_POINT ( 'NONE',  ( -1.536457905423971100, 1.783999477119129000, -1.724131792580214700 ) ) ;
#4740 = CARTESIAN_POINT ( 'NONE',  ( 1.747289668291783300, 9.513166143785778000, -0.3620304100755075700 ) ) ;
#4741 = CARTESIAN_POINT ( 'NONE',  ( 1.493141931848975100, -0.5785005228808661700, -1.330611577941795300 ) ) ;
#4742 = CARTESIAN_POINT ( 'NONE',  ( -0.2323727738100484500, 9.817011984145633400, 1.867011984145629000 ) ) ;
#4743 = EDGE_CURVE ( 'NONE', #1461, #2449, #1237, .T. ) ;
#4744 = DIRECTION ( 'NONE',  ( 0.0000000000000000000, 0.0000000000000000000, -1.000000000000000000 ) ) ;
#4745 = CARTESIAN_POINT ( 'NONE',  ( 1.157047129252896500, 0.1829951368932060700, -3.500000000000000000 ) ) ;
#4746 = CARTESIAN_POINT ( 'NONE',  ( -1.536457905423971100, 10.88399947711911000, -1.724131792580214700 ) ) ;
#4747 = CONICAL_SURFACE ( 'NONE', #2824, 4.000000000000000000, 0.7853981633974533900 ) ;
#4748 = EDGE_CURVE ( 'NONE', #3138, #5326, #189, .T. ) ;
#4749 = CARTESIAN_POINT ( 'NONE',  ( -0.5601173020754920400, 25.37983281045240200, 1.694212445550063300 ) ) ;
#4750 = CARTESIAN_POINT ( 'NONE',  ( 0.5601173020771160700, 4.817332810452453100, -1.694212445547072400 ) ) ;
#4751 = CARTESIAN_POINT ( 'NONE',  ( -2.370884370763728400, 9.772039516833192600, 2.893507810966249800 ) ) ;
#4752 = CARTESIAN_POINT ( 'NONE',  ( 1.311844991416032400, 0.4530624171122756800, 1.288511643709300300 ) ) ;
#4753 = CARTESIAN_POINT ( 'NONE',  ( 0.0000000000000000000, 10.00000000000000000, -1.650000000000000100 ) ) ;
#4754 = CARTESIAN_POINT ( 'NONE',  ( -1.990681402645799100E-014, 3.864381477805520800, 1.650000000002735700 ) ) ;
#4755 = CARTESIAN_POINT ( 'NONE',  ( 0.7249129791365839200, 17.76733281045242000, -2.192677474232650700 ) ) ;
#4756 = ORIENTED_EDGE ( 'NONE', *, *, #5386, .T. ) ;
#4757 = DATE_AND_TIME ( #1301, #1570 ) ;
#4758 = CARTESIAN_POINT ( 'NONE',  ( -1.493141931847350400, 29.17149947711906000, 1.330611577944787100 ) ) ;
#4759 = ORIENTED_EDGE ( 'NONE', *, *, #1201, .F. ) ;
#4760 = DIRECTION ( 'NONE',  ( 0.3138965277323320600, 0.0000000000000000000, -0.9494571974963301700 ) ) ;
#4761 = CARTESIAN_POINT ( 'NONE',  ( -1.153703485182825400, 9.921499477119107600, 1.028121427814281600 ) ) ;
#4762 = LOCAL_TIME ( 15, 55, 16.00000000000000000, #1304 ) ;
#4763 = CARTESIAN_POINT ( 'NONE',  ( 1.153703485184449700, 26.45899947711906500, -1.028121427811290000 ) ) ;
#4764 = CARTESIAN_POINT ( 'NONE',  ( -0.7782877846675677600, 9.793964610481111800, 1.675692432447504400 ) ) ;
#4765 = ORIENTED_EDGE ( 'NONE', *, *, #785, .F. ) ;
#4766 = CARTESIAN_POINT ( 'NONE',  ( 1.983886551785576600, 9.944672963688752500, -0.2523170771387339700 ) ) ;
#4767 = CARTESIAN_POINT ( 'NONE',  ( -2.062843076693678100, 10.00000000000000000, 3.427050983124844600 ) ) ;
#4768 = CARTESIAN_POINT ( 'NONE',  ( -1.536457905423971100, 14.38399947711909600, -1.724131792580214700 ) ) ;
#4769 = CARTESIAN_POINT ( 'NONE',  ( 2.020667218593133000E-016, 10.00000000000000000, 1.650000000000000100 ) ) ;
#4770 = CARTESIAN_POINT ( 'NONE',  ( -1.187172366213856000, 23.04649947711907400, -1.332182035470070400 ) ) ;
#4771 = CARTESIAN_POINT ( 'NONE',  ( -1.467231017252008000, 2.892332810452459500, -0.4850758126957864200 ) ) ;
#4772 = ORIENTED_EDGE ( 'NONE', *, *, #3458, .F. ) ;
#4773 = CARTESIAN_POINT ( 'NONE',  ( -1.898914394991867900, 2.542332810452459800, -0.6277930554631105900 ) ) ;
#4774 = CARTESIAN_POINT ( 'NONE',  ( -0.4057724631437109600, 8.025666143785779000, -1.958404633406429300 ) ) ;
#4775 = CARTESIAN_POINT ( 'NONE',  ( 1.231842093776472900, 8.111072071334765700, -1.097754551802544900 ) ) ;
#4776 = CARTESIAN_POINT ( 'NONE',  ( 0.6277930554654721500, 7.267332810452442600, -1.898914394991164400 ) ) ;
#4777 = CARTESIAN_POINT ( 'NONE',  ( 1.536457905425595300, 19.63399947711908300, 1.724131792583205100 ) ) ;
#4778 = ORIENTED_EDGE ( 'NONE', *, *, #2481, .F. ) ;
#4779 =( BOUNDED_CURVE ( )  B_SPLINE_CURVE ( 2, ( #3999, #4039, #1790, #4949, #3162, #3862, #916, #3206, #1308 ),
 .UNSPECIFIED., .F., .F. ) 
 B_SPLINE_CURVE_WITH_KNOTS ( ( 3, 2, 2, 2, 3 ),
 ( 0.6944444444444445300, 0.6962962962962963000, 0.6999999999999999600, 0.7037037037037037200, 0.7055555555555557100 ),
 .UNSPECIFIED. ) 
 CURVE ( )  GEOMETRIC_REPRESENTATION_ITEM ( )  RATIONAL_B_SPLINE_CURVE ( ( 0.9330127018922194100, 0.9330127018922234100, 1.000000000000000000, 0.8660254037844387100, 1.000000000000000000, 0.8660254037844387100, 1.000000000000000000, 0.9330127018922133000, 0.9330127018922194100 ) ) 
 REPRESENTATION_ITEM ( '' )  );
#4780 = CARTESIAN_POINT ( 'NONE',  ( -1.493141931847350400, 27.07149947711906500, 1.330611577944787100 ) ) ;
#4781 = CARTESIAN_POINT ( 'NONE',  ( -1.566604375869318000, 0.6444054046681160200, -0.5179292707572200600 ) ) ;
#4782 =( LENGTH_UNIT ( ) NAMED_UNIT ( * ) SI_UNIT ( .MILLI., .METRE. ) );
#4783 = CARTESIAN_POINT ( 'NONE',  ( -1.467231017252008000, 9.104832810452441200, -0.4850758126957864200 ) ) ;
#4784 = ORIENTED_EDGE ( 'NONE', *, *, #4502, .F. ) ;
#4785 = CARTESIAN_POINT ( 'NONE',  ( -1.467231017252008000, 26.69233281045239900, -0.4850758126957864200 ) ) ;
#4786 = CARTESIAN_POINT ( 'NONE',  ( 1.991526060316438900, 9.939324355500247100, -0.1074342713945536000 ) ) ;
#4787 = CARTESIAN_POINT ( 'NONE',  ( 0.6708153075923303200, 0.05003854249031974800, -3.499999999999999600 ) ) ;
#4788 = CARTESIAN_POINT ( 'NONE',  ( 0.7249129791365839200, 12.86733281045243200, -2.192677474232650700 ) ) ;
#4789 = CARTESIAN_POINT ( 'NONE',  ( 1.467231017253632000, 23.45483281045240500, 0.4850758126987769200 ) ) ;
#4790 = ORIENTED_EDGE ( 'NONE', *, *, #1947, .F. ) ;
#4791 = EDGE_CURVE ( 'NONE', #1447, #2002, #4260, .T. ) ;
#4792 = CARTESIAN_POINT ( 'NONE',  ( -0.6277930554638493400, 1.317332810452458900, 1.898914394994154900 ) ) ;
#4793 = CARTESIAN_POINT ( 'NONE',  ( 8.778253695876226200E-016, 9.114381477805618900, -1.649999999999745200 ) ) ;
#4794 = CARTESIAN_POINT ( 'NONE',  ( 0.7249129791365839200, 14.96733281045242900, -2.192677474232650700 ) ) ;
#4795 = ORIENTED_EDGE ( 'NONE', *, *, #3229, .T. ) ;
#4796 = CARTESIAN_POINT ( 'NONE',  ( 0.7249129791365839200, 23.97983281045240700, -2.192677474232650700 ) ) ;
#4797 = SECURITY_CLASSIFICATION_LEVEL ( 'unclassified' ) ;
#4798 = CYLINDRICAL_SURFACE ( 'NONE', #1432, 2.000000000000000000 ) ;
#4799 = CARTESIAN_POINT ( 'NONE',  ( -0.5601173020754920400, 5.779832810452456100, 1.694212445550063300 ) ) ;
#4800 = VERTEX_POINT ( 'NONE', #2959 ) ;
#4801 = CARTESIAN_POINT ( 'NONE',  ( 1.187172366215480100, 26.28399947711906400, 1.332182035473060700 ) ) ;
#4802 = CARTESIAN_POINT ( 'NONE',  ( -1.865630979763049500, 4.411093549570138000, 0.3865501873650462100 ) ) ;
#4803 = CARTESIAN_POINT ( 'NONE',  ( -2.261370884559743600, 13.80066614378576200, 0.4685456816539321200 ) ) ;
#4804 = CARTESIAN_POINT ( 'NONE',  ( -1.187172366213856000, 3.533999477119124800, -1.332182035470070400 ) ) ;
#4805 = CARTESIAN_POINT ( 'NONE',  ( 1.493141931848975100, 17.62149947711908700, -1.330611577941795300 ) ) ;
#4806 = LINE ( 'NONE', #3111, #3593 ) ;
#4807 = CARTESIAN_POINT ( 'NONE',  ( -0.6277930554638560000, 8.317332810452441500, 1.898914394994152300 ) ) ;
#4808 =( BOUNDED_CURVE ( )  B_SPLINE_CURVE ( 2, ( #3326, #3265, #3756, #1934, #198, #605, #1500, #3740, #1039 ),
 .UNSPECIFIED., .F., .F. ) 
 B_SPLINE_CURVE_WITH_KNOTS ( ( 3, 2, 2, 2, 3 ),
 ( 0.7055555555555557100, 0.7074074074074073700, 0.7111111111111111400, 0.7148148148148147900, 0.7166666666666667900 ),
 .UNSPECIFIED. ) 
 CURVE ( )  GEOMETRIC_REPRESENTATION_ITEM ( )  RATIONAL_B_SPLINE_CURVE ( ( 0.9330127018922194100, 0.9330127018922254000, 1.000000000000000000, 0.8660254037844387100, 1.000000000000000000, 0.8660254037844387100, 1.000000000000000000, 0.9330127018922154100, 0.9330127018922194100 ) ) 
 REPRESENTATION_ITEM ( '' )  );
#4809 = CARTESIAN_POINT ( 'NONE',  ( 2.261370884561367100, 14.85066614378576200, -0.4685456816509410100 ) ) ;
#4810 = EDGE_CURVE ( 'NONE', #3495, #1454, #2899, .T. ) ;
#4811 = CARTESIAN_POINT ( 'NONE',  ( -1.898914394991857200, 25.55483281045240300, -0.6277930554631422400 ) ) ;
#4812 = AXIS2_PLACEMENT_3D ( 'NONE', #2636, #4424, #5317 ) ;
#4813 = DIRECTION ( 'NONE',  ( 0.0000000000000000000, 1.000000000000000000, 0.0000000000000000000 ) ) ;
#4814 = CARTESIAN_POINT ( 'NONE',  ( -0.3347622820936569900, 0.5277387380014491000, -1.615683822561260000 ) ) ;
#4815 = APPLICATION_CONTEXT ( 'configuration controlled 3d designs of mechanical parts and assemblies' ) ;
#4816 = CARTESIAN_POINT ( 'NONE',  ( -0.3135275320683701400, 5.488166143785784700, -1.513197240508571600 ) ) ;
#4817 = CARTESIAN_POINT ( 'NONE',  ( -0.3135275320683701400, 25.87566614378573200, -1.513197240508571600 ) ) ;
#4818 = VECTOR ( 'NONE', #2188, 1000.000000000000000 ) ;
#4819 = EDGE_CURVE ( 'NONE', #5763, #2181, #2462, .T. ) ;
#4820 = CARTESIAN_POINT ( 'NONE',  ( 0.6277930554654759200, -0.8576671895476062300, -1.898914394991165100 ) ) ;
#4821 = CARTESIAN_POINT ( 'NONE',  ( 1.898914394993481000, 9.892332810452440800, 0.6277930554661326200 ) ) ;
#4822 = DIRECTION ( 'NONE',  ( 0.0000000000000000000, 1.000000000000000000, 0.0000000000000000000 ) ) ;
#4823 = CARTESIAN_POINT ( 'NONE',  ( 0.5601173020771160700, 23.62983281045240200, -1.694212445547072400 ) ) ;
#4824 = ORIENTED_EDGE ( 'NONE', *, *, #4791, .F. ) ;
#4825 = CARTESIAN_POINT ( 'NONE',  ( 0.3135275320699943400, -1.074333856214197100, 1.513197240511562100 ) ) ;
#4826 = CARTESIAN_POINT ( 'NONE',  ( -0.1189804768297133600, 0.5610935495694253600, 2.067131037219789300 ) ) ;
#4827 = CARTESIAN_POINT ( 'NONE',  ( -1.536457905423971100, 14.29649947711909500, -1.724131792580214700 ) ) ;
#4828 = CARTESIAN_POINT ( 'NONE',  ( -3.115617794898255500, 10.00000000000000000, -1.603591682270507000 ) ) ;
#4829 = ADVANCED_FACE ( 'NONE', ( #5625 ), #4243, .F. ) ;
#4830 = CARTESIAN_POINT ( 'NONE',  ( 0.0000000000000000000, 0.0000000000000000000, 0.0000000000000000000 ) ) ;
#4831 = CARTESIAN_POINT ( 'NONE',  ( 0.4057724631453182900, 14.67566614378576300, 1.958404633409422900 ) ) ;
#4832 = DIRECTION ( 'NONE',  ( 0.0000000000000000000, 1.000000000000000000, 0.0000000000000000000 ) ) ;
#4833 = ORIENTED_EDGE ( 'NONE', *, *, #4543, .F. ) ;
#4834 = CARTESIAN_POINT ( 'NONE',  ( 2.261370884561367100, 23.86316614378574400, -0.4685456816509410100 ) ) ;
#4835 = CARTESIAN_POINT ( 'NONE',  ( 0.7397092485561809200, 6.964722327394823300, -1.650000000000108900 ) ) ;
#4836 = VERTEX_POINT ( 'NONE', #4792 ) ;
#4837 = CARTESIAN_POINT ( 'NONE',  ( 1.467231017253632000, 4.554832810452456500, 0.4850758126987769200 ) ) ;
#4838 = CARTESIAN_POINT ( 'NONE',  ( 1.153703485184449700, 25.75899947711906900, -1.028121427811290000 ) ) ;
#4839 = CARTESIAN_POINT ( 'NONE',  ( 1.094966224548607100, 9.867011796213525100, 1.599024786604236000 ) ) ;
#4840 = ORIENTED_EDGE ( 'NONE', *, *, #1750, .T. ) ;
#4841 = CARTESIAN_POINT ( 'NONE',  ( 1.716392980151776500, 0.08101962414080733600, -0.9722767861579924000 ) ) ;
#4842 = CARTESIAN_POINT ( 'NONE',  ( -1.467231017252008000, 21.70483281045240900, -0.4850758126957864200 ) ) ;
#4843 = CARTESIAN_POINT ( 'NONE',  ( 1.153703485184449700, 0.5589994771191299000, -1.028121427811290000 ) ) ;
#4844 = CARTESIAN_POINT ( 'NONE',  ( 1.493141931848975100, 16.22149947711909200, -1.330611577941795300 ) ) ;
#4845 = ORIENTED_EDGE ( 'NONE', *, *, #2893, .T. ) ;
#4846 = CARTESIAN_POINT ( 'NONE',  ( -1.493141931847315400, 8.958999477119110800, 1.330611577944826700 ) ) ;
#4847 = AXIS2_PLACEMENT_3D ( 'NONE', #4701, #1100, #2483 ) ;
#4848 = CARTESIAN_POINT ( 'NONE',  ( 0.7249129791365839200, 22.57983281045240900, -2.192677474232650700 ) ) ;
#4849 = PLANE ( 'NONE',  #4668 ) ;
#4850 = CARTESIAN_POINT ( 'NONE',  ( -0.4057724631436938600, 21.32566614378574600, -1.958404633406432700 ) ) ;
#4851 = CARTESIAN_POINT ( 'NONE',  ( -1.187172366213856000, 5.546499477119120100, -1.332182035470070400 ) ) ;
#4852 = EDGE_CURVE ( 'NONE', #5054, #3376, #4312, .T. ) ;
#4853 = CARTESIAN_POINT ( 'NONE',  ( -1.187172366213856000, 23.13399947711907600, -1.332182035470070400 ) ) ;
#4854 = ORIENTED_EDGE ( 'NONE', *, *, #5557, .T. ) ;
#4855 = CARTESIAN_POINT ( 'NONE',  ( -1.231842093774848400, 0.9694268829034773400, 1.097754551805536500 ) ) ;
#4856 = CARTESIAN_POINT ( 'NONE',  ( 1.991686324884295500, 0.04999999999912807500, -0.1821691062490759800 ) ) ;
#4857 = CARTESIAN_POINT ( 'NONE',  ( -0.4057724631436938600, 8.025666143785779000, -1.958404633406432700 ) ) ;
#4858 = CARTESIAN_POINT ( 'NONE',  ( 0.3135275320699943400, 27.53816614378573000, 1.513197240511562100 ) ) ;
#4859 = CARTESIAN_POINT ( 'NONE',  ( 1.747289668291783300, 19.31316614378575000, -0.3620304100755075700 ) ) ;
#4860 = CARTESIAN_POINT ( 'NONE',  ( 0.3135275320699943400, 2.425666143785792300, 1.513197240511562100 ) ) ;
#4861 = FACE_OUTER_BOUND ( 'NONE', #3996, .T. ) ;
#4862 = CARTESIAN_POINT ( 'NONE',  ( 2.149256308119709100E-014, 2.256026666236828700, 1.650000000002736200 ) ) ;
#4863 = ORIENTED_EDGE ( 'NONE', *, *, #962, .T. ) ;
#4864 = CARTESIAN_POINT ( 'NONE',  ( 0.7249129791365839200, 14.87983281045242700, -2.192677474232650700 ) ) ;
#4865 = CARTESIAN_POINT ( 'NONE',  ( 0.0000000000000000000, 10.00000000000000000, 0.0000000000000000000 ) ) ;
#4866 = CARTESIAN_POINT ( 'NONE',  ( 7.511572993685799100E-016, 0.0000000000000000000, 3.500000000000000000 ) ) ;
#4867 = FACE_OUTER_BOUND ( 'NONE', #4420, .T. ) ;
#4868 = ORIENTED_EDGE ( 'NONE', *, *, #400, .F. ) ;
#4869 = CARTESIAN_POINT ( 'NONE',  ( -1.990681402645799100E-014, 9.256026666236810000, 1.650000000002735700 ) ) ;
#4870 = CARTESIAN_POINT ( 'NONE',  ( 1.551989253602877000, 9.599999999999813100, 0.5602047453471580300 ) ) ;
#4871 = CARTESIAN_POINT ( 'NONE',  ( -0.3135275320683701400, -0.1118338562142023900, -1.513197240508571600 ) ) ;
#4872 = CARTESIAN_POINT ( 'NONE',  ( 1.747289668291783300, 22.90066614378574200, -0.3620304100755075700 ) ) ;
#4873 = CARTESIAN_POINT ( 'NONE',  ( 1.501449130906974000, 0.09347076351530521400, -1.260173491909121200 ) ) ;
#4874 = CARTESIAN_POINT ( 'NONE',  ( 2.261370884561367100, 8.550666143785777600, -0.4685456816509410100 ) ) ;
#4875 = CARTESIAN_POINT ( 'NONE',  ( 1.747289668291783300, 29.81316614378572500, -0.3620304100755075700 ) ) ;
#4876 = CARTESIAN_POINT ( 'NONE',  ( -0.3135275320683701400, 19.48816614378574700, -1.513197240508571600 ) ) ;
#4877 =( BOUNDED_CURVE ( )  B_SPLINE_CURVE ( 2, ( #1902, #3763, #3804, #202, #4727, #4236, #4195, #1543, #2937 ),
 .UNSPECIFIED., .F., .F. ) 
 B_SPLINE_CURVE_WITH_KNOTS ( ( 3, 2, 2, 2, 3 ),
 ( 0.6722222222222223900, 0.6740740740740740500, 0.6777777777777778100, 0.6814814814814814700, 0.6833333333333334600 ),
 .UNSPECIFIED. ) 
 CURVE ( )  GEOMETRIC_REPRESENTATION_ITEM ( )  RATIONAL_B_SPLINE_CURVE ( ( 0.9330127018922194100, 0.9330127018922254000, 1.000000000000000000, 0.8660254037844387100, 1.000000000000000000, 0.8660254037844387100, 1.000000000000000000, 0.9330127018922154100, 0.9330127018922194100 ) ) 
 REPRESENTATION_ITEM ( '' )  );
#4878 = CARTESIAN_POINT ( 'NONE',  ( -1.187172366213856000, 0.03399947711913264100, -1.332182035470070400 ) ) ;
#4879 = CARTESIAN_POINT ( 'NONE',  ( 2.261370884561367100, 16.86316614378575500, -0.4685456816509410100 ) ) ;
#4880 = ADVANCED_FACE ( 'NONE', ( #2615 ), #156, .F. ) ;
#4881 = CYLINDRICAL_SURFACE ( 'NONE', #1904, 2.000000000000000000 ) ;
#4882 = CARTESIAN_POINT ( 'NONE',  ( 1.493141931848942900, 7.208999477119116200, -1.330611577941831700 ) ) ;
#4883 = EDGE_CURVE ( 'NONE', #3370, #1635, #4080, .T. ) ;
#4884 = CARTESIAN_POINT ( 'NONE',  ( 0.7249129791365839200, 20.47983281045241800, -2.192677474232650700 ) ) ;
#4885 = VERTEX_POINT ( 'NONE', #448 ) ;
#4886 = CARTESIAN_POINT ( 'NONE',  ( -2.261370884559738200, 6.100666143785784500, 0.4685456816539561600 ) ) ;
#4887 = DIRECTION ( 'NONE',  ( 0.0000000000000000000, -1.000000000000000000, 0.0000000000000000000 ) ) ;
#4888 = DIRECTION ( 'NONE',  ( 0.0000000000000000000, 0.0000000000000000000, -1.000000000000000000 ) ) ;
#4889 = CARTESIAN_POINT ( 'NONE',  ( -0.5601173020754920400, -0.5201671895475316100, 1.694212445550063300 ) ) ;
#4890 = CARTESIAN_POINT ( 'NONE',  ( 1.187172366215480100, 23.48399947711907400, 1.332182035473060700 ) ) ;
#4891 = ORIENTED_EDGE ( 'NONE', *, *, #2595, .F. ) ;
#4892 = EDGE_CURVE ( 'NONE', #819, #1635, #4113, .T. ) ;
#4893 = DIRECTION ( 'NONE',  ( -0.0000000000000000000, -1.000000000000000000, -0.0000000000000000000 ) ) ;
#4894 = CARTESIAN_POINT ( 'NONE',  ( 0.0000000000000000000, 10.00000000000000000, 0.0000000000000000000 ) ) ;
#4895 = CARTESIAN_POINT ( 'NONE',  ( 0.3135275320699943400, 28.93816614378572500, 1.513197240511562100 ) ) ;
#4896 = APPROVAL_DATE_TIME ( #249, #5483 ) ;
#4897 = CARTESIAN_POINT ( 'NONE',  ( 1.467231017253632000, 18.55483281045242100, 0.4850758126987769200 ) ) ;
#4898 = CARTESIAN_POINT ( 'NONE',  ( -1.747289668290160200, 0.8506661437857956400, 0.3620304100784984500 ) ) ;
#4899 = ORIENTED_EDGE ( 'NONE', *, *, #2097, .T. ) ;
#4900 = CARTESIAN_POINT ( 'NONE',  ( 0.0000000000000000000, 9.500000000000005300, 0.0000000000000000000 ) ) ;
#4901 = CARTESIAN_POINT ( 'NONE',  ( -0.4057724631436938600, 13.53816614378576600, -1.958404633406432700 ) ) ;
#4902 = CARTESIAN_POINT ( 'NONE',  ( 0.3398331698994862000, 10.00000000000000200, -3.500000000000000400 ) ) ;
#4903 = EDGE_LOOP ( 'NONE', ( #4156, #1233, #826, #3716 ) ) ;
#4904 = CARTESIAN_POINT ( 'NONE',  ( 2.261370884561367100, 21.76316614378574200, -0.4685456816509410100 ) ) ;
#4905 = CARTESIAN_POINT ( 'NONE',  ( -1.536457905423990600, 9.483999477119105800, -1.724131792580197600 ) ) ;
#4906 = CARTESIAN_POINT ( 'NONE',  ( 2.149256308119709100E-014, 7.156026666236814800, 1.650000000002736200 ) ) ;
#4907 = DIRECTION ( 'NONE',  ( 0.0000000000000000000, -1.000000000000000000, 0.0000000000000000000 ) ) ;
#4908 = CARTESIAN_POINT ( 'NONE',  ( 1.153703485184449700, 1.871499477119127600, -1.028121427811290000 ) ) ;
#4909 = ORIENTED_EDGE ( 'NONE', *, *, #5467, .T. ) ;
#4910 = B_SPLINE_CURVE_WITH_KNOTS ( 'NONE', 3,
 ( #1657, #5699, #1619, #1203, #4745, #4787, #2086, #5253 ),
 .UNSPECIFIED., .F., .F.,
 ( 4, 2, 2, 4 ),
 ( 0.002275225104416390500, 0.002775222322063502100, 0.003275219539710614100, 0.004275213975004836300 ),
 .UNSPECIFIED. ) ;
#4911 = CARTESIAN_POINT ( 'NONE',  ( 1.153703485184449700, 20.85899947711908500, -1.028121427811290000 ) ) ;
#4912 = CARTESIAN_POINT ( 'NONE',  ( -9.429543486215421600E-015, 2.606026666236938500, -1.649999999999745000 ) ) ;
#4913 = CARTESIAN_POINT ( 'NONE',  ( 0.3347622820952812500, 8.086093549570128000, 1.615683822564250500 ) ) ;
#4914 = CARTESIAN_POINT ( 'NONE',  ( 0.4057724631453182900, 6.975666143785780100, 1.958404633409422900 ) ) ;
#4915 = ORIENTED_EDGE ( 'NONE', *, *, #671, .T. ) ;
#4916 = CARTESIAN_POINT ( 'NONE',  ( -1.467231017252008000, 28.70483281045239100, -0.4850758126957864200 ) ) ;
#4917 = CARTESIAN_POINT ( 'NONE',  ( -0.3135275320683701400, 18.08816614378575200, -1.513197240508571600 ) ) ;
#4918 = CARTESIAN_POINT ( 'NONE',  ( 2.261370884561367100, 3.563166143785788000, -0.4685456816509410100 ) ) ;
#4919 = CARTESIAN_POINT ( 'NONE',  ( -1.898914394991857200, 12.95483281045243400, -0.6277930554631422400 ) ) ;
#4920 = CARTESIAN_POINT ( 'NONE',  ( -3.199098329852371400, -2.062101710090593400E-015, -1.458999154286948300 ) ) ;
#4921 = CARTESIAN_POINT ( 'NONE',  ( -1.865630979763049500, 9.311093549570127700, 0.3865501873650462100 ) ) ;
#4922 = AXIS2_PLACEMENT_3D ( 'NONE', #434, #572, #3230 ) ;
#4923 = VERTEX_POINT ( 'NONE', #2265 ) ;
#4924 = CARTESIAN_POINT ( 'NONE',  ( 0.6277930554654740400, 8.579832810452440800, -1.898914394991172000 ) ) ;
#4925 = CARTESIAN_POINT ( 'NONE',  ( -0.7249129791349598900, 21.52983281045241200, 2.192677474235640700 ) ) ;
#4926 = CARTESIAN_POINT ( 'NONE',  ( 0.0000000000000000000, 10.00000000000000000, 0.0000000000000000000 ) ) ;
#4927 = CARTESIAN_POINT ( 'NONE',  ( -0.5601173020754920400, 0.1798328104524693500, 1.694212445550063300 ) ) ;
#4928 = VERTEX_POINT ( 'NONE', #3168 ) ;
#4929 = EDGE_CURVE ( 'NONE', #3102, #279, #3075, .T. ) ;
#4930 = CARTESIAN_POINT ( 'NONE',  ( -1.467231017252008000, 21.79233281045241100, -0.4850758126957864200 ) ) ;
#4931 = CYLINDRICAL_SURFACE ( 'NONE', #152, 2.000000000000000000 ) ;
#4932 = VERTEX_POINT ( 'NONE', #3037 ) ;
#4933 = CARTESIAN_POINT ( 'NONE',  ( -1.898914394991875900, 7.354832810452446500, -0.6277930554630863900 ) ) ;
#4934 = CARTESIAN_POINT ( 'NONE',  ( 1.747289668291783300, 20.71316614378574900, -0.3620304100755075700 ) ) ;
#4935 = CARTESIAN_POINT ( 'NONE',  ( -1.493141931847350400, 5.371499477119116700, 1.330611577944787100 ) ) ;
#4936 = CARTESIAN_POINT ( 'NONE',  ( -1.536457905423971100, 12.19649947711909900, -1.724131792580214700 ) ) ;
#4937 = FACE_OUTER_BOUND ( 'NONE', #4955, .T. ) ;
#4938 = ADVANCED_FACE ( 'NONE', ( #637 ), #186, .F. ) ;
#4939 = AXIS2_PLACEMENT_3D ( 'NONE', #2034, #2945, #244 ) ;
#4940 = VECTOR ( 'NONE', #2546, 1000.000000000000000 ) ;
#4941 = CARTESIAN_POINT ( 'NONE',  ( -0.4057724631437684700, 5.838166143785787900, -1.958404633406417100 ) ) ;
#4942 = CARTESIAN_POINT ( 'NONE',  ( 1.493141931848975100, 21.82149947711908000, -1.330611577941795300 ) ) ;
#4943 = CARTESIAN_POINT ( 'NONE',  ( 0.6277930554654581600, 9.367332810452438700, -1.898914394991169100 ) ) ;
#4944 = CARTESIAN_POINT ( 'NONE',  ( 1.071796459319249100E-014, 0.3774187617729646300, 1.672581238227036000 ) ) ;
#4945 = CARTESIAN_POINT ( 'NONE',  ( 1.467231017253632000, 17.24233281045242100, 0.4850758126987769200 ) ) ;
#4946 = FACE_OUTER_BOUND ( 'NONE', #3236, .T. ) ;
#4947 =( BOUNDED_CURVE ( )  B_SPLINE_CURVE ( 2, ( #5579, #2916, #1506, #2489, #162, #631, #3784, #1087, #4688 ),
 .UNSPECIFIED., .F., .T. ) 
 B_SPLINE_CURVE_WITH_KNOTS ( ( 3, 2, 2, 2, 3 ),
 ( 0.9055555555555556700, 0.9074074074074074400, 0.9111111111111110900, 0.9148148148148148600, 0.9166666666666668500 ),
 .UNSPECIFIED. ) 
 CURVE ( )  GEOMETRIC_REPRESENTATION_ITEM ( )  RATIONAL_B_SPLINE_CURVE ( ( 0.9330127018922194100, 0.9330127018922234100, 1.000000000000000000, 0.8660254037844387100, 1.000000000000000000, 0.8660254037844387100, 1.000000000000000000, 0.9330127018922133000, 0.9330127018922194100 ) ) 
 REPRESENTATION_ITEM ( '' )  );
#4948 = CARTESIAN_POINT ( 'NONE',  ( 0.1189804768313203500, 7.211093549569411300, -2.067131037216807700 ) ) ;
#4949 = CARTESIAN_POINT ( 'NONE',  ( 2.261370884561360500, 8.463166143785777300, -0.4685456816509723200 ) ) ;
#4950 = CARTESIAN_POINT ( 'NONE',  ( -0.3135275320683701400, 15.98816614378576000, -1.513197240508571600 ) ) ;
#4951 = LINE ( 'NONE', #378, #4818 ) ;
#4952 = CARTESIAN_POINT ( 'NONE',  ( 1.493141931848975100, 6.421499477119119200, -1.330611577941795300 ) ) ;
#4953 = CARTESIAN_POINT ( 'NONE',  ( -0.7249129791349598900, 13.12983281045243400, 2.192677474235640700 ) ) ;
#4954 = CARTESIAN_POINT ( 'NONE',  ( -0.1691400011349762900, 6.117381598966564300, -1.649999999999662200 ) ) ;
#4955 = EDGE_LOOP ( 'NONE', ( #2599, #2520, #2112, #5513 ) ) ;
#4956 = EDGE_CURVE ( 'NONE', #3916, #4997, #3104, .T. ) ;
#4957 = CARTESIAN_POINT ( 'NONE',  ( -1.493141931847350400, 19.37149947711908400, 1.330611577944787100 ) ) ;
#4958 = AXIS2_PLACEMENT_3D ( 'NONE', #5821, #4907, #3099 ) ;
#4959 = DIRECTION ( 'NONE',  ( -0.0000000000000000000, -1.000000000000000000, -0.0000000000000000000 ) ) ;
#4960 = DIRECTION ( 'NONE',  ( -0.0000000000000000000, -1.000000000000000000, -0.0000000000000000000 ) ) ;
#4961 = ORIENTED_EDGE ( 'NONE', *, *, #2587, .T. ) ;
#4962 = CARTESIAN_POINT ( 'NONE',  ( 1.467231017253632000, -1.045167189547530100, 0.4850758126987769200 ) ) ;
#4963 = CARTESIAN_POINT ( 'NONE',  ( 1.467231017253632000, 19.34233281045241900, 0.4850758126987769200 ) ) ;
#4964 = VECTOR ( 'NONE', #5126, 1000.000000000000000 ) ;
#4965 = EDGE_CURVE ( 'NONE', #2048, #4333, #5773, .T. ) ;
#4966 = CARTESIAN_POINT ( 'NONE',  ( 1.566604375870941800, 3.302760216236807700, 0.5179292707602105600 ) ) ;
#4967 = ORIENTED_EDGE ( 'NONE', *, *, #1855, .F. ) ;
#4968 = CARTESIAN_POINT ( 'NONE',  ( 2.143592918638497900E-014, 8.064381477805513400, 1.650000000002736200 ) ) ;
#4969 = CARTESIAN_POINT ( 'NONE',  ( -0.5601173020754920400, 16.97983281045242500, 1.694212445550063300 ) ) ;
#4970 = CARTESIAN_POINT ( 'NONE',  ( -1.493141931847350400, 3.971499477119125200, 1.330611577944787100 ) ) ;
#4971 = CARTESIAN_POINT ( 'NONE',  ( -2.261370884559743600, 12.31316614378576600, 0.4685456816539321200 ) ) ;
#4972 = ORIENTED_EDGE ( 'NONE', *, *, #1487, .F. ) ;
#4973 = CARTESIAN_POINT ( 'NONE',  ( 1.157047129252895900, 0.1829951368932062900, 3.500000000000000000 ) ) ;
#4974 = CARTESIAN_POINT ( 'NONE',  ( 0.0000000000000000000, 10.00000000000000000, -1.650000000000000100 ) ) ;
#4975 = CARTESIAN_POINT ( 'NONE',  ( -9.429543486215421600E-015, 2.814381477805631500, -1.649999999999745000 ) ) ;
#4976 = ORIENTED_EDGE ( 'NONE', *, *, #1674, .F. ) ;
#4977 = CARTESIAN_POINT ( 'NONE',  ( 0.6277930554654571600, 5.779832810452450800, -1.898914394991169100 ) ) ;
#4978 =( BOUNDED_CURVE ( )  B_SPLINE_CURVE ( 2, ( #5429, #2285, #2701, #3612, #5448, #2743, #3186, #485, #3629 ),
 .UNSPECIFIED., .F., .F. ) 
 B_SPLINE_CURVE_WITH_KNOTS ( ( 3, 2, 2, 2, 3 ),
 ( 0.7833333333333334400, 0.7851851851851852100, 0.7888888888888888600, 0.7925925925925926300, 0.7944444444444446200 ),
 .UNSPECIFIED. ) 
 CURVE ( )  GEOMETRIC_REPRESENTATION_ITEM ( )  RATIONAL_B_SPLINE_CURVE ( ( 0.9330127018922194100, 0.9330127018922234100, 1.000000000000000000, 0.8660254037844387100, 1.000000000000000000, 0.8660254037844387100, 1.000000000000000000, 0.9330127018922133000, 0.9330127018922194100 ) ) 
 REPRESENTATION_ITEM ( '' )  );
#4979 = CARTESIAN_POINT ( 'NONE',  ( -1.231842093774848400, 3.069426882903472500, 1.097754551805536500 ) ) ;
#4980 = CARTESIAN_POINT ( 'NONE',  ( -0.7397092485552132500, 4.306367515826069700, 1.650000000002363100 ) ) ;
#4981 = CARTESIAN_POINT ( 'NONE',  ( -1.865630979763049500, 5.111093549570139100, 0.3865501873650462100 ) ) ;
#4982 = AXIS2_PLACEMENT_3D ( 'NONE', #4152, #3223, #2321 ) ;
#4983 = CARTESIAN_POINT ( 'NONE',  ( 0.7249129791365839200, 28.96733281045239000, -2.192677474232650700 ) ) ;
#4984 = CARTESIAN_POINT ( 'NONE',  ( -0.5601173020754920400, 17.76733281045242300, 1.694212445550063300 ) ) ;
#4985 = VERTEX_POINT ( 'NONE', #50 ) ;
#4986 = CARTESIAN_POINT ( 'NONE',  ( 0.7397092485561767000, 8.364722327394817500, -1.650000000000113400 ) ) ;
#4987 = CARTESIAN_POINT ( 'NONE',  ( -1.187172366213856000, 16.04649947711909500, -1.332182035470070400 ) ) ;
#4988 = CARTESIAN_POINT ( 'NONE',  ( 1.493141931848975100, 5.721499477119119900, -1.330611577941795300 ) ) ;
#4989 = VERTEX_POINT ( 'NONE', #1022 ) ;
#4990 = CARTESIAN_POINT ( 'NONE',  ( -1.536457905423971100, 9.396499477119112600, -1.724131792580214700 ) ) ;
#4991 = CARTESIAN_POINT ( 'NONE',  ( 2.149256308119709100E-014, 5.056026666236823200, 1.650000000002736200 ) ) ;
#4992 = CARTESIAN_POINT ( 'NONE',  ( 1.493141931848967600, 0.1214994771191330000, -1.330611577941804000 ) ) ;
#4993 = EDGE_CURVE ( 'NONE', #3916, #620, #4340, .T. ) ;
#4994 = CARTESIAN_POINT ( 'NONE',  ( -1.536457905423994000, 4.496499477119124700, -1.724131792580195100 ) ) ;
#4995 = AXIS2_PLACEMENT_3D ( 'NONE', #567, #1020, #4628 ) ;
#4996 = CYLINDRICAL_SURFACE ( 'NONE', #4982, 2.000000000000000000 ) ;
#4997 = VERTEX_POINT ( 'NONE', #5018 ) ;
#4998 = CARTESIAN_POINT ( 'NONE',  ( -2.261370884559731100, 1.900666143785795000, 0.4685456816539913500 ) ) ;
#4999 = CARTESIAN_POINT ( 'NONE',  ( 0.7397092485561809200, 9.064722327394816800, -1.650000000000108900 ) ) ;
#5000 = ADVANCED_FACE ( 'NONE', ( #5635 ), #5255, .F. ) ;
#5001 = CARTESIAN_POINT ( 'NONE',  ( 3.368120688060356900, 9.939505841580466200, 1.166243842255616100 ) ) ;
#5002 = CARTESIAN_POINT ( 'NONE',  ( 0.6277930554654759200, -0.8576671895476062300, -1.898914394991165100 ) ) ;
#5003 = CARTESIAN_POINT ( 'NONE',  ( -1.536457905423971100, 27.68399947711906300, -1.724131792580214700 ) ) ;
#5004 = EDGE_CURVE ( 'NONE', #2208, #3874, #1941, .T. ) ;
#5005 = FACE_OUTER_BOUND ( 'NONE', #1257, .T. ) ;
#5006 = CARTESIAN_POINT ( 'NONE',  ( 1.153703485184449700, 18.05899947711908700, -1.028121427811290000 ) ) ;
#5007 = CARTESIAN_POINT ( 'NONE',  ( -1.865630979763049500, 7.911093549570130000, 0.3865501873650462100 ) ) ;
#5008 = CARTESIAN_POINT ( 'NONE',  ( 1.712760888309041300, 9.660243177620461800, 0.1822993174706254700 ) ) ;
#5009 = CARTESIAN_POINT ( 'NONE',  ( -2.261370884559743600, 4.700666143785790400, 0.4685456816539321200 ) ) ;
#5010 = CYLINDRICAL_SURFACE ( 'NONE', #4586, 1.650000000000000100 ) ;
#5011 = CARTESIAN_POINT ( 'NONE',  ( 1.747289668291783300, 17.21316614378575600, -0.3620304100755075700 ) ) ;
#5012 = CARTESIAN_POINT ( 'NONE',  ( -1.898914394991857200, 1.754832810452460000, -0.6277930554631422400 ) ) ;
#5013 = CARTESIAN_POINT ( 'NONE',  ( -1.536457905423971100, 8.696499477119109800, -1.724131792580214700 ) ) ;
#5014 = CARTESIAN_POINT ( 'NONE',  ( 1.267577771977211700, 2.336072071334779100, 1.422408728882475800 ) ) ;
#5015 = LINE ( 'NONE', #437, #730 ) ;
#5016 = CARTESIAN_POINT ( 'NONE',  ( 1.341566542122288200, 0.3999999999999987500, -0.9605723361923598200 ) ) ;
#5017 = CARTESIAN_POINT ( 'NONE',  ( 2.261370884561356900, 2.950666143785790400, -0.4685456816509921400 ) ) ;
#5018 = CARTESIAN_POINT ( 'NONE',  ( 3.031088913245536100, 0.0000000000000000000, 1.749999999999999300 ) ) ;
#5019 = CARTESIAN_POINT ( 'NONE',  ( 1.898914394993501900, 5.692332810452449500, 0.6277930554660696700 ) ) ;
#5020 = CARTESIAN_POINT ( 'NONE',  ( -1.493141931847350400, 24.35899947711907000, 1.330611577944787100 ) ) ;
#5021 = CARTESIAN_POINT ( 'NONE',  ( 1.898914394993481000, 18.90483281045241500, 0.6277930554661326200 ) ) ;
#5022 = DIRECTION ( 'NONE',  ( 0.3138965277323320600, 0.0000000000000000000, -0.9494571974963301700 ) ) ;
#5023 = CARTESIAN_POINT ( 'NONE',  ( 3.115617794898257300, 9.999999999999998200, 1.603591682270509200 ) ) ;
#5024 =( BOUNDED_CURVE ( )  B_SPLINE_CURVE ( 2, ( #3151, #885, #849, #4450, #1325, #5431, #13, #3993, #3594 ),
 .UNSPECIFIED., .F., .T. ) 
 B_SPLINE_CURVE_WITH_KNOTS ( ( 3, 2, 2, 2, 3 ),
 ( 0.8722222222222223400, 0.8740740740740741100, 0.8777777777777777700, 0.8814814814814815300, 0.8833333333333335300 ),
 .UNSPECIFIED. ) 
 CURVE ( )  GEOMETRIC_REPRESENTATION_ITEM ( )  RATIONAL_B_SPLINE_CURVE ( ( 0.9330127018922194100, 0.9330127018922234100, 1.000000000000000000, 0.8660254037844387100, 1.000000000000000000, 0.8660254037844387100, 1.000000000000000000, 0.9330127018922133000, 0.9330127018922194100 ) ) 
 REPRESENTATION_ITEM ( '' )  );
#5025 = CARTESIAN_POINT ( 'NONE',  ( -9.429543486215421600E-015, 7.506026666236925500, -1.649999999999745000 ) ) ;
#5026 = CARTESIAN_POINT ( 'NONE',  ( 1.493141931848975100, 29.60899947711905600, -1.330611577941795300 ) ) ;
#5027 = CARTESIAN_POINT ( 'NONE',  ( -1.187172366213856000, 17.53399947711908900, -1.332182035470070400 ) ) ;
#5028 = EDGE_LOOP ( 'NONE', ( #2018, #4909, #771, #3064 ) ) ;
#5029 = DIRECTION ( 'NONE',  ( -2.664535259100375700E-015, 0.0000000000000000000, -1.000000000000000000 ) ) ;
#5030 = CARTESIAN_POINT ( 'NONE',  ( -2.261370884559743600, 4.000666143785789300, 0.4685456816539321200 ) ) ;
#5031 = CALENDAR_DATE ( 2022, 13, 7 ) ;
#5032 = CARTESIAN_POINT ( 'NONE',  ( 0.3135275320699943400, 17.03816614378575500, 1.513197240511562100 ) ) ;
#5033 = ADVANCED_FACE ( 'NONE', ( #1857 ), #4046, .T. ) ;
#5034 = CARTESIAN_POINT ( 'NONE',  ( -1.898914394991857200, 0.3548328104524683900, -0.6277930554631422400 ) ) ;
#5035 = ORIENTED_EDGE ( 'NONE', *, *, #554, .F. ) ;
#5036 = AXIS2_PLACEMENT_3D ( 'NONE', #5101, #82, #3305 ) ;
#5037 = CARTESIAN_POINT ( 'NONE',  ( -0.4057724631436938600, 10.03816614378577700, -1.958404633406432700 ) ) ;
#5038 = CARTESIAN_POINT ( 'NONE',  ( 0.6277930554654996800, 6.479832810452446500, -1.898914394991155100 ) ) ;
#5039 = CARTESIAN_POINT ( 'NONE',  ( -1.898914394991857200, -1.657667189547531900, -0.6277930554631422400 ) ) ;
#5040 = DIRECTION ( 'NONE',  ( -0.0000000000000000000, -1.000000000000000000, -0.0000000000000000000 ) ) ;
#5041 = CARTESIAN_POINT ( 'NONE',  ( -1.136605634097930500, 5.486072071335486900, 1.730697752768555400 ) ) ;
#5042 = ORGANIZATION ( 'UNSPECIFIED', 'UNSPECIFIED', '' ) ;
#5043 = CARTESIAN_POINT ( 'NONE',  ( 0.6277930554654843600, 0.2673328104524607700, -1.898914394991168700 ) ) ;
#5044 = CARTESIAN_POINT ( 'NONE',  ( -0.7249129791349598900, 23.01733281045240900, 2.192677474235640700 ) ) ;
#5045 = ORIENTED_EDGE ( 'NONE', *, *, #4929, .F. ) ;
#5046 = EDGE_CURVE ( 'NONE', #4060, #740, #2862, .T. ) ;
#5047 = CARTESIAN_POINT ( 'NONE',  ( -9.429543486215421600E-015, 4.706026666236929200, -1.649999999999745000 ) ) ;
#5048 = CARTESIAN_POINT ( 'NONE',  ( 0.7249129791365839200, 18.37983281045241700, -2.192677474232650700 ) ) ;
#5049 = CARTESIAN_POINT ( 'NONE',  ( -0.6277930554638668800, 2.017332810452455500, 1.898914394994148900 ) ) ;
#5050 = EDGE_CURVE ( 'NONE', #1504, #836, #291, .T. ) ;
#5051 = CARTESIAN_POINT ( 'NONE',  ( 3.691293455727338500, 9.772039516833190800, 0.6064921890337499100 ) ) ;
#5052 = CARTESIAN_POINT ( 'NONE',  ( 1.536457905425646000, 7.646499477119115300, 1.724131792583160100 ) ) ;
#5053 = CARTESIAN_POINT ( 'NONE',  ( 1.898914394993481000, 29.49233281045238900, 0.6277930554661326200 ) ) ;
#5054 = VERTEX_POINT ( 'NONE', #2345 ) ;
#5055 = CARTESIAN_POINT ( 'NONE',  ( 1.153703485184449700, 12.45899947711910400, -1.028121427811290000 ) ) ;
#5056 = CARTESIAN_POINT ( 'NONE',  ( -1.493141931847330900, 2.571499477119126600, 1.330611577944809100 ) ) ;
#5057 = CARTESIAN_POINT ( 'NONE',  ( -0.4057724631437550900, 4.525666143785786100, -1.958404633406420200 ) ) ;
#5058 = CARTESIAN_POINT ( 'NONE',  ( 0.4057724631453182900, 4.875666143785785800, 1.958404633409422900 ) ) ;
#5059 = ORIENTED_EDGE ( 'NONE', *, *, #3634, .F. ) ;
#5060 = CARTESIAN_POINT ( 'NONE',  ( 1.747289668291783300, 12.31316614378576600, -0.3620304100755075700 ) ) ;
#5061 = CARTESIAN_POINT ( 'NONE',  ( 1.536457905425595300, 3.446499477119129700, 1.724131792583205100 ) ) ;
#5062 = CARTESIAN_POINT ( 'NONE',  ( -1.493141931847350400, 8.871499477119112200, 1.330611577944787100 ) ) ;
#5063 = CARTESIAN_POINT ( 'NONE',  ( -1.136605634097909600, 1.198572071335496400, 1.730697752768549600 ) ) ;
#5064 = ORIENTED_EDGE ( 'NONE', *, *, #3458, .T. ) ;
#5065 =( BOUNDED_CURVE ( )  B_SPLINE_CURVE ( 2, ( #4411, #761, #4373, #2572, #3023, #2552, #5727, #1704, #2168 ),
 .UNSPECIFIED., .F., .T. ) 
 B_SPLINE_CURVE_WITH_KNOTS ( ( 3, 2, 2, 2, 3 ),
 ( 0.1511128242863011300, 0.1518518518518519000, 0.1555555555555555600, 0.1592592592592592100, 0.1622239353974086500 ),
 .UNSPECIFIED. ) 
 CURVE ( )  GEOMETRIC_REPRESENTATION_ITEM ( )  RATIONAL_B_SPLINE_CURVE ( ( 0.9572025516544313600, 0.9732670516845550700, 1.000000000000000000, 0.8660254037844386000, 1.000000000000000000, 0.8660254037844386000, 1.000000000000000000, 0.8927583521000119800, 0.9572025516542769200 ) ) 
 REPRESENTATION_ITEM ( '' )  );
#5066 = CARTESIAN_POINT ( 'NONE',  ( -0.4057724631436938600, 22.72566614378573700, -1.958404633406432700 ) ) ;
#5067 = CARTESIAN_POINT ( 'NONE',  ( -2.261370884559734700, 6.800666143785781200, 0.4685456816539715400 ) ) ;
#5068 = CARTESIAN_POINT ( 'NONE',  ( 1.231842093776472900, 9.019426882903459800, -1.097754551802544900 ) ) ;
#5069 = CARTESIAN_POINT ( 'NONE',  ( 1.231842093776472900, 6.711072071334767100, -1.097754551802544900 ) ) ;
#5070 = AXIS2_PLACEMENT_3D ( 'NONE', #2245, #1859, #3592 ) ;
#5071 = CARTESIAN_POINT ( 'NONE',  ( 0.7249129791365839200, 26.86733281045239600, -2.192677474232650700 ) ) ;
#5072 = VERTEX_POINT ( 'NONE', #2463 ) ;
#5073 = CARTESIAN_POINT ( 'NONE',  ( -1.467231017252008000, 13.39233281045243400, -0.4850758126957864200 ) ) ;
#5074 = ORIENTED_EDGE ( 'NONE', *, *, #2711, .F. ) ;
#5075 = CARTESIAN_POINT ( 'NONE',  ( -2.215044558767283800, 0.3526315486650200600, 3.163430283186075400 ) ) ;
#5076 = CARTESIAN_POINT ( 'NONE',  ( 1.493141931848975100, 4.408999477119122500, -1.330611577941795300 ) ) ;
#5077 = CARTESIAN_POINT ( 'NONE',  ( 1.536457905425620400, 9.046499477119116500, 1.724131792583182300 ) ) ;
#5078 = CARTESIAN_POINT ( 'NONE',  ( 0.5601173020771160700, 12.42983281045243500, -1.694212445547072400 ) ) ;
#5079 = CARTESIAN_POINT ( 'NONE',  ( 2.261370884561367100, 1.463166143785797000, -0.4685456816509410100 ) ) ;
#5080 = CARTESIAN_POINT ( 'NONE',  ( 1.898914394993481000, 9.804832810452440500, 0.6277930554661326200 ) ) ;
#5081 = FACE_OUTER_BOUND ( 'NONE', #5394, .T. ) ;
#5082 = ORIENTED_EDGE ( 'NONE', *, *, #1205, .T. ) ;
#5083 = EDGE_CURVE ( 'NONE', #1807, #906, #4267, .T. ) ;
#5084 = CARTESIAN_POINT ( 'NONE',  ( 1.522818617632447600, 0.04999999999841198100, 1.296542886987681600 ) ) ;
#5085 = CARTESIAN_POINT ( 'NONE',  ( 1.522818617632447600, 0.04999999999841198100, 1.296542886987681600 ) ) ;
#5086 = CARTESIAN_POINT ( 'NONE',  ( -0.4057724631436938600, 22.02566614378574200, -1.958404633406432700 ) ) ;
#5087 = CIRCLE ( 'NONE', #2061, 2.049999999999999800 ) ;
#5088 = DIRECTION ( 'NONE',  ( 0.0000000000000000000, 1.000000000000000000, 0.0000000000000000000 ) ) ;
#5089 = CARTESIAN_POINT ( 'NONE',  ( 0.7397092485561765900, 4.656367515826128800, -1.650000000000113400 ) ) ;
#5090 = CARTESIAN_POINT ( 'NONE',  ( 1.898914394993481000, 25.99233281045240000, 0.6277930554661326200 ) ) ;
#5091 = EDGE_CURVE ( 'NONE', #3992, #4582, #4228, .T. ) ;
#5092 = CARTESIAN_POINT ( 'NONE',  ( 1.467231017253632000, 14.44233281045242700, 0.4850758126987769200 ) ) ;
#5093 = LINE ( 'NONE', #1921, #3118 ) ;
#5094 = CARTESIAN_POINT ( 'NONE',  ( -1.990681402645799100E-014, 9.464381477805504900, 1.650000000002735700 ) ) ;
#5095 = CARTESIAN_POINT ( 'NONE',  ( -2.261370884559743600, 5.400666143785783500, 0.4685456816539321200 ) ) ;
#5096 = CARTESIAN_POINT ( 'NONE',  ( -1.467231017252008000, 11.20483281045243900, -0.4850758126957864200 ) ) ;
#5097 = VECTOR ( 'NONE', #3914, 1000.000000000000000 ) ;
#5098 = CARTESIAN_POINT ( 'NONE',  ( 1.898914394993481000, 0.7048328104524646000, 0.6277930554661326200 ) ) ;
#5099 = CARTESIAN_POINT ( 'NONE',  ( -1.412069844026952600, 9.671533387936563000, -0.9914594886004668400 ) ) ;
#5100 = CARTESIAN_POINT ( 'NONE',  ( 0.0000000000000000000, 10.00000000000000000, -1.650000000000000100 ) ) ;
#5101 = CARTESIAN_POINT ( 'NONE',  ( 8.118505867571457200E-013, -0.8576671895476062300, 1.495331636292007700E-012 ) ) ;
#5102 = CARTESIAN_POINT ( 'NONE',  ( 0.1189804768313364300, 9.311093549569406500, -2.067131037216806800 ) ) ;
#5103 = ORIENTED_EDGE ( 'NONE', *, *, #5300, .T. ) ;
#5104 = CARTESIAN_POINT ( 'NONE',  ( 0.3347622820952812500, 2.486093549570140800, 1.615683822564250500 ) ) ;
#5105 = CARTESIAN_POINT ( 'NONE',  ( 1.898914394993481000, 22.49233281045240700, 0.6277930554661326200 ) ) ;
#5106 = CARTESIAN_POINT ( 'NONE',  ( 1.153703485184449700, 7.558999477119114900, -1.028121427811290000 ) ) ;
#5107 = DIRECTION ( 'NONE',  ( 0.0000000000000000000, 0.0000000000000000000, -1.000000000000000000 ) ) ;
#5108 = CARTESIAN_POINT ( 'NONE',  ( -1.136605634097909600, 0.5860720713354964400, 1.730697752768549600 ) ) ;
#5109 = CARTESIAN_POINT ( 'NONE',  ( 0.1691400011358079900, 7.167381598966508200, 1.650000000002816500 ) ) ;
#5110 = EDGE_LOOP ( 'NONE', ( #4354, #1339, #4031, #3279 ) ) ;
#5111 = CARTESIAN_POINT ( 'NONE',  ( 1.536457905425595300, 25.93399947711906600, 1.724131792583205100 ) ) ;
#5112 = CARTESIAN_POINT ( 'NONE',  ( 1.187172366215480100, 14.38399947711909600, 1.332182035473060700 ) ) ;
#5113 = PERSON_AND_ORGANIZATION ( #1475, #5042 ) ;
#5114 = CARTESIAN_POINT ( 'NONE',  ( -0.7249129791349598900, 29.92983281045238900, 2.192677474235640700 ) ) ;
#5115 = VERTEX_POINT ( 'NONE', #2900 ) ;
#5116 = CARTESIAN_POINT ( 'NONE',  ( -1.776674086105037900, 0.2711695518734275100, 0.1457117293310628300 ) ) ;
#5117 = CARTESIAN_POINT ( 'NONE',  ( -2.261370884559743600, 2.600666143785792100, 0.4685456816539321200 ) ) ;
#5118 = CARTESIAN_POINT ( 'NONE',  ( -0.5601173020754920400, 12.07983281045243900, 1.694212445550063300 ) ) ;
#5119 = EDGE_CURVE ( 'NONE', #2788, #3548, #317, .T. ) ;
#5120 = CARTESIAN_POINT ( 'NONE',  ( -1.536457905423971100, -0.4035005228808654100, -1.724131792580214700 ) ) ;
#5121 = AXIS2_PLACEMENT_3D ( 'NONE', #3353, #166, #2493 ) ;
#5122 = CARTESIAN_POINT ( 'NONE',  ( -3.031088913245534800, 10.00000000000000000, -1.749999999999997800 ) ) ;
#5123 = ORIENTED_EDGE ( 'NONE', *, *, #473, .F. ) ;
#5124 = DIRECTION ( 'NONE',  ( 0.0000000000000000000, 1.000000000000000000, 0.0000000000000000000 ) ) ;
#5125 = CARTESIAN_POINT ( 'NONE',  ( -0.1691400011349762900, 6.817381598966563600, -1.649999999999662200 ) ) ;
#5126 = DIRECTION ( 'NONE',  ( 0.0000000000000000000, 1.000000000000000000, 0.0000000000000000000 ) ) ;
#5127 = CARTESIAN_POINT ( 'NONE',  ( -1.153703485182825400, 7.208999477119116200, 1.028121427814281600 ) ) ;
#5128 = EDGE_CURVE ( 'NONE', #2475, #4618, #3485, .T. ) ;
#5129 = ORIENTED_EDGE ( 'NONE', *, *, #3942, .T. ) ;
#5130 = CARTESIAN_POINT ( 'NONE',  ( 0.6277930554654555000, 2.979832810452452700, -1.898914394991170000 ) ) ;
#5131 = DIRECTION ( 'NONE',  ( 0.0000000000000000000, 1.000000000000000000, 0.0000000000000000000 ) ) ;
#5132 = CARTESIAN_POINT ( 'NONE',  ( 0.3135275320699943400, 12.92566614378576700, 1.513197240511562100 ) ) ;
#5133 = EDGE_LOOP ( 'NONE', ( #5472, #526, #4011, #4891 ) ) ;
#5134 = CARTESIAN_POINT ( 'NONE',  ( -1.493141931847350400, 29.87149947711905500, 1.330611577944787100 ) ) ;
#5135 = CARTESIAN_POINT ( 'NONE',  ( 1.898914394993481000, -0.6076671895475331800, 0.6277930554661326200 ) ) ;
#5136 = CARTESIAN_POINT ( 'NONE',  ( 1.136605634099568900, 9.248572071335477300, -1.730697752765535200 ) ) ;
#5137 = CARTESIAN_POINT ( 'NONE',  ( 0.5601173020771160700, 8.229832810452450100, -1.694212445547072400 ) ) ;
#5138 = ORIENTED_EDGE ( 'NONE', *, *, #3465, .T. ) ;
#5139 =( BOUNDED_CURVE ( )  B_SPLINE_CURVE ( 2, ( #4730, #674, #165, #1987, #1112, #3822, #1069, #5188, #5130 ),
 .UNSPECIFIED., .F., .F. ) 
 B_SPLINE_CURVE_WITH_KNOTS ( ( 3, 2, 2, 2, 3 ),
 ( 0.8611111111111112700, 0.8629629629629629300, 0.8666666666666667000, 0.8703703703703703500, 0.8722222222222223400 ),
 .UNSPECIFIED. ) 
 CURVE ( )  GEOMETRIC_REPRESENTATION_ITEM ( )  RATIONAL_B_SPLINE_CURVE ( ( 0.9330127018922194100, 0.9330127018922254000, 1.000000000000000000, 0.8660254037844387100, 1.000000000000000000, 0.8660254037844387100, 1.000000000000000000, 0.9330127018922154100, 0.9330127018922194100 ) ) 
 REPRESENTATION_ITEM ( '' )  );
#5140 = CARTESIAN_POINT ( 'NONE',  ( 2.261370884561367100, -0.6368338562141976400, -0.4685456816509410100 ) ) ;
#5141 = CC_DESIGN_PERSON_AND_ORGANIZATION_ASSIGNMENT ( #5627, #1594, ( #3886 ) ) ;
#5142 = CARTESIAN_POINT ( 'NONE',  ( 1.157047129252895900, 9.817004863106795700, 3.500000000000000400 ) ) ;
#5143 = CARTESIAN_POINT ( 'NONE',  ( -1.865630979763049500, 2.311093549570141500, 0.3865501873650462100 ) ) ;
#5144 = CARTESIAN_POINT ( 'NONE',  ( -1.187172366213856000, 25.14649947711907200, -1.332182035470070400 ) ) ;
#5145 = ORIENTED_EDGE ( 'NONE', *, *, #3757, .F. ) ;
#5146 = CARTESIAN_POINT ( 'NONE',  ( -0.3135275320683701400, 9.075666143785778000, -1.513197240508571600 ) ) ;
#5147 = CARTESIAN_POINT ( 'NONE',  ( 1.493141931848961200, 6.421499477119119200, -1.330611577941811100 ) ) ;
#5148 = CARTESIAN_POINT ( 'NONE',  ( 2.261370884561367100, 18.35066614378575500, -0.4685456816509410100 ) ) ;
#5149 = CARTESIAN_POINT ( 'NONE',  ( -0.3397187001173384000, -1.355252715606880500E-017, 3.500000000000000400 ) ) ;
#5150 = FACE_OUTER_BOUND ( 'NONE', #5781, .T. ) ;
#5151 = CARTESIAN_POINT ( 'NONE',  ( 1.187172366215480100, 10.18399947711910900, 1.332182035473060700 ) ) ;
#5152 = VERTEX_POINT ( 'NONE', #2425 ) ;
#5153 = CARTESIAN_POINT ( 'NONE',  ( 1.536457905425595300, 26.54649947711906300, 1.724131792583205100 ) ) ;
#5154 = AXIS2_PLACEMENT_3D ( 'NONE', #1803, #3172, #2748 ) ;
#5155 = CARTESIAN_POINT ( 'NONE',  ( -6.512897903392107000E-016, 0.1555276530986780300, -1.894472346901322700 ) ) ;
#5156 = CARTESIAN_POINT ( 'NONE',  ( -0.7249129791349598900, 0.6173328104524633500, 2.192677474235640700 ) ) ;
#5157 = FACE_OUTER_BOUND ( 'NONE', #5667, .T. ) ;
#5158 = CARTESIAN_POINT ( 'NONE',  ( -1.747289668290160200, 8.463166143785777300, 0.3620304100784984500 ) ) ;
#5159 = CARTESIAN_POINT ( 'NONE',  ( 1.747289668291783300, 29.90066614378572400, -0.3620304100755075700 ) ) ;
#5160 = CARTESIAN_POINT ( 'NONE',  ( -9.429543486215421600E-015, 7.506026666236925500, -1.649999999999745000 ) ) ;
#5161 = EDGE_CURVE ( 'NONE', #5716, #3836, #2569, .T. ) ;
#5162 = CIRCLE ( 'NONE', #3302, 3.499999999999999600 ) ;
#5163 = CARTESIAN_POINT ( 'NONE',  ( -0.3347622820936569900, 6.827738738001434300, -1.615683822561260000 ) ) ;
#5164 = CARTESIAN_POINT ( 'NONE',  ( -1.267577771975587600, 2.194426882903475200, -1.422408728879485300 ) ) ;
#5165 = CARTESIAN_POINT ( 'NONE',  ( 1.493141931848952100, 7.121499477119118500, -1.330611577941821500 ) ) ;
#5166 = CARTESIAN_POINT ( 'NONE',  ( -1.747289668290160200, 25.26316614378573500, 0.3620304100784984500 ) ) ;
#5167 = CARTESIAN_POINT ( 'NONE',  ( -1.467231017252008000, 7.792332810452447400, -0.4850758126957864200 ) ) ;
#5168 = CYLINDRICAL_SURFACE ( 'NONE', #4245, 2.000000000000000000 ) ;
#5169 = DIRECTION ( 'NONE',  ( -2.146163712481656900E-016, 0.0000000000000000000, -1.000000000000000000 ) ) ;
#5170 = CARTESIAN_POINT ( 'NONE',  ( -0.4057724631436938600, 17.12566614378575700, -1.958404633406432700 ) ) ;
#5171 = CARTESIAN_POINT ( 'NONE',  ( -1.153703485182825400, 10.70899947711910500, 1.028121427814281600 ) ) ;
#5172 =( BOUNDED_SURFACE ( )  B_SPLINE_SURFACE ( 1, 2, ( 
 ( #1455, #2355, #2810, #1054, #4201, #1950, #4166, #1909, #1970, #5114, #5134, #1513, #5500, #2792, #990, #4617, #4143, #557, #3845, #4303, #2055, #1151, #4758, #724, #1131, #3860, #1176, #2888, #1571, #1094, #2435, #3791, #1592, #3811, #242, #3414, #5610, #2907, #4244, #5213, #4714, #2517, #2077, #2011, #3825, #5650, #3375, #5691, #2965, #3339, #2921, #4280, #4323, #221, #1116, #1612, #1551, #1531, #4780, #209, #1992, #5173, #190, #4694, #2476, #4735, #640, #5153, #5629, #3357, #657, #4262, #3396, #679, #2032, #5192, #2497, #5669, #700, #5245, #5782, #5229, #3505, #812, #4811, #3433, #5710, #3022, #2117, #3955, #1648, #3058, #2551, #2534, #356, #739, #3936, #1269, #2983, #4357, #5726, #760, #3881, #1191, #5264, #4342, #318, #3040, #778, #1215, #1629, #4796, #3472, #4834, #2570, #794, #4410, #1702, #3003, #3917, #5744, #1232, #2098, #301, #2607, #3453, #2132, #2149, #5283, #5762, #3486, #341, #1252, #4389, #1688, #4848, #5301, #1765, #830, #5323, #3524, #1342, #3544, #2682, #3152, #2624, #2645, #3972, #4942, #4904, #3578, #1801, #2207, #4925, #5840, #2231, #2248, #5412, #3078, #5387, #5862, #2704, #901, #850, #4506, #1306, #1288, #375, #5818, #1725, #4427, #4884, #2187, #5342, #3096, #395, #2268, #1820, #4611, #981, #4070, #87, #3188, #5469, #1381, #2728, #2745, #3708, #52, #103, #4957, #3251, #4157, #4545, #4114, #32, #1414, #4568, #5021, #5491, #2785, #3231, #527, #3681, #4137, #4590, #1879, #5048, #2347, #2411, #1508, #2822, #4634, #1110, #2370, #718, #1210, #3054, #334, #3913, #4805, #5297, #807, #1684, #3073, #5815, #5337, #5280, #354, #1248, #3930, #1226, #4368, #4879, #2637, #3480, #4425, #4385, #3094, #5797, #2114, #3951, #371, #3519, #4844, #3988, #2145, #1300, #390, #3500, #1266, #2603, #791, #4406, #2583, #825, #3967, #1284, #1719, #2182, #3538, #1700, #844, #5778, #1643, #5260, #2565, #4864, #5739, #3017, #2162, #313, #5318, #3467, #773, #2622, #1662, #4827, #2128, #5758, #3036, #26, #462, #4063, #3165, #913, #2740, #3145, #45, #3181, #4901, #3588, #3112, #4446, #5833, #3608, #5856, #4953, #5445, #1738, #4919, #413, #1371, #4026, #4517, #4087, #1336, #7, #1777, #5404, #1813, #4971, #5361, #4936, #897, #2279, #2241, #429, #481, #3574, #3558, #3622, #2223, #4006, #4482, #2202, #864, #2695, #4043, #1321, #4461, #1758, #929, #2675, #4500, #5423, #1793, #2720, #3203, #4536, #948, #136, #1410, #1915, #1038, #5550, #2834, #972, #5463, #1832, #5037, #4127, #3284, #3669, #5080, #4560, #1393, #2382, #2298, #117, #585, #4990, #521, #1852, #2778, #2757, #497, #1423, #3647, #2341, #5062, #2798, #3221, #5013, #2319, #5506, #542, #4579, #3263, #3738, #5481, #1874, #96, #3241, #3698, #997, #4149, #4625, #1442, #4604, #4171, #1892, #2361, #5527, #563, #3720, #1018, #1462, #1081, #1578, #733, #2047, #2383, #4460, #1812, #2278, #5444, #5, #2739, #4516, #896, #2718, #4952, #461, #4534, #1831, #3131, #2240, #445, #1320, #3621, #878, #4086, #928, #4988, #3607, #4041, #4025, #5855, #1392, #4935, #5402, #2694, #3573, #1333, #1792, #912, #3180, #1354, #4498, #2297, #5422, #1369, #5461, #2756, #428, #4062, #5381, #2261, #4481, #60, #25, #1757, #1776, #4970, #43, #479, #3201, #496, #863, #4003, #4918, #2221, #5061, #3220, #1891, #3668, #970, #1016, #3262, #1932, #4148, #947, #1460, #155, #3240, #2814, #2833, #519, #95, #5526, #2359, #562, #1037, #541, #4170, #4624, #3301, #996, #4126, #1441, #584, #5012, #1422, #4578, #4603, #1914, #5079, #3737, #3696, #4643, #116, #4188, #3719, #2340, #4106, #79, #1873, #2381, #3283, #5098, #5547, #5504, #4559, #1480, #2400, #5034, #134, #5569, #2849, #2797, #3645, #1409, #1850, #2316, #5480, #2777, #5593, #213, #5120, #1535, #621, #4741, #5140, #1058, #3777, #662, #2443, #4700, #2875, #2037 ),
 ( #2016, #250, #2894, #1995, #3798, #5159, #3382, #5178, #1497, #1099, #2460, #228, #4249, #1977, #3829, #5614, #175, #2482, #4229, #3324, #196, #4208, #1080, #3343, #5636, #602, #3755, #1518, #2950, #5656, #4682, #1558, #644, #2911, #3363, #4663, #3816, #5199, #1120, #1137, #1953, #2502, #5676, #4269, #4718, #2927, #684, #4286, #1577, #5714, #1238, #728, #3047, #4378, #4310, #2124, #2138, #3851, #2539, #3864, #4785, #1157, #1598, #2987, #4763, #4347, #1220, #4801, #2084, #5695, #705, #1199, #2557, #3440, #4817, #1672, #4838, #1181, #2105, #287, #746, #2970, #269, #784, #5290, #5232, #324, #3885, #2594, #1655, #2060, #1634, #5251, #5217, #3475, #3419, #3923, #5769, #3403, #307, #5731, #4326, #2522, #1616, #3008, #3459, #766, #3904, #4361, #5270, #2575, #5750, #3029, #3979, #3566, #4890, #856, #3124, #874, #2154, #5823, #4853, #1291, #361, #4475, #4872, #799, #3509, #402, #2171, #4434, #2614, #1770, #4417, #4017, #2237, #1328, #1730, #5789, #2193, #817, #3959, #3547, #3103, #4930, #834, #3492, #3995, #2688, #5806, #5349, #5374, #3063, #2629, #2651, #1313, #4454, #5392, #3085, #1749, #4911, #1, #3529, #1273, #2214, #421, #1693, #1708, #5329, #2666, #5847, #345, #3943, #381, #1258, #4394, #5306, #4077, #1806, #440, #5418, #3156, #2752, #2770, #4120, #3639, #4963, #4037, #3660, #1417, #3601, #57, #4572, #3140, #5455, #2272, #5440, #1787, #942, #1846, #4493, #963, #2734, #4101, #3196, #891, #1402, #4552, #5006, #38, #2310, #5474, #3175, #4984, #1387, #492, #1866, #5027, #2710, #73, #475, #455, #4945, #2333, #1365, #4511, #3617, #20, #907, #4529, #3214, #513, #924, #1827, #5497, #2293, #2790, #3583, #1350, #2255, #4056, #4596, #1032, #110, #4223, #4616, #532, #3255, #148, #1908, #4182, #2352, #1512, #4164, #3771, #1968, #614, #1472, #5519, #4638, #555, #3712, #3295, #5563, #4677, #576, #3235, #3749, #2434, #5540, #5092, #5112, #2808, #2376, #1927, #2392, #2842, #3317, #2827, #595, #1052, #5609, #3277, #1008, #3732, #2869, #1434, #1453, #5073, #4200, #1492, #4657, #168, #129, #1072, #1948, #5132, #2416, #5585, #3688, #90, #988, #4141, #1884, #5055, #3824, #208, #3338, #241, #3394, #2454, #219, #699, #2887, #3374, #655, #3356, #4242, #1129, #4733, #1093, #3844, #3809, #4278, #678, #638, #1569, #2031, #5191, #1114, #2495, #5666, #4261, #5648, #5171, #2942, #1149, #4299, #4693, #1549, #4713, #3789, #1590, #5151, #188, #1530, #1991, #2010, #5626, #2920, #2474, #2906, #4630, #3290, #1066, #5602, #3819, #1468, #3746, #670, #201, #143, #5146, #2408, #1505, #2839, #1920, #1046, #2915, #4194, #4706, #4176, #2467, #5641, #3762, #2387, #5556, #1960, #4215, #216, #608, #2003, #1486, #588, #5167, #1938, #2902, #3368, #5106, #3310, #5578, #2860, #161, #4670, #5127, #2427, #2882, #1984, #184, #3332, #630, #3782, #1085, #4234, #1525, #5620, #4687, #2448, #3350, #649, #3802, #1107, #4256, #1541, #4353, #2113, #5685, #3891, #715, #5257, #5238, #1563, #274, #5719, #2995, #3409, #3464, #4315, #1124, #2562, #2974, #3428, #2069, #2957, #732, #4750, #2544, #296, #751, #3447, #1208, #5737, #5702, #3015, #311, #4725, #3870, #5663, #4273, #2487, #1641, #2511, #1623, #2024, #5186, #1584, #2935, #4804, #3856, #234, #3387, #1167, #2529, #1604, #1186, #692, #3837, #1144, #4771, #4334, #4292, #2090, #257, #2045, #5206, #3928, #4860, #369, #387, #2144, #1698, #1299, #2620, #4423, #840, #4444, #5756, #3516, #2581, #2160, #1245, #2200, #2601, #4366, #4383, #3966, #5776, #5316, #331, #5357, #5295, #1737, #5831, #4898, #5796, #3479, #3071, #1680, #4843, #1282, #823, #2656, #4403, #1224, #1716, #411, #3498, #4878, #3093, #789, #351, #2179, #5336, #2635, #3110, #805, #5813, #3536, #3556, #1264, #3052, #3986, #3910, #5277, #3949, #1660, #4825, #2127, #3033, #302, #5692 ) ),
 .UNSPECIFIED., .F., .F., .F. ) 
 B_SPLINE_SURFACE_WITH_KNOTS ( ( 2, 2 ),
 ( 3, 2, 2, 2, 2, 2, 2, 2, 2, 2, 2, 2, 2, 2, 2, 2, 2, 2, 2, 2, 2, 2, 2, 2, 2, 2, 2, 2, 2, 2, 2, 2, 2, 2, 2, 2, 2, 2, 2, 2, 2, 2, 2, 2, 2, 2, 2, 2, 2, 2, 2, 2, 2, 2, 2, 2, 2, 2, 2, 2, 2, 2, 2, 2, 2, 2, 2, 2, 2, 2, 2, 2, 2, 2, 2, 2, 2, 2, 2, 2, 2, 2, 2, 2, 2, 2, 2, 2, 2, 2, 2, 2, 2, 2, 2, 2, 2, 2, 2, 2, 2, 2, 2, 2, 2, 2, 2, 2, 2, 2, 2, 2, 2, 2, 2, 2, 2, 2, 2, 2, 2, 2, 2, 2, 2, 2, 2, 2, 2, 2, 2, 2, 2, 2, 2, 2, 2, 2, 2, 2, 2, 2, 2, 2, 2, 2, 2, 2, 2, 2, 2, 2, 2, 2, 2, 2, 2, 2, 2, 2, 2, 2, 2, 2, 2, 2, 2, 2, 2, 2, 2, 2, 2, 2, 2, 2, 2, 2, 2, 2, 2, 2, 2, 2, 2, 2, 2, 2, 2, 2, 2, 2, 2, 2, 2, 2, 2, 2, 2, 2, 2, 2, 2, 2, 2, 2, 2, 2, 2, 2, 2, 2, 2, 2, 2, 2, 2, 2, 2, 2, 2, 2, 2, 2, 2, 2, 2, 2, 2, 2, 2, 2, 2, 2, 2, 2, 2, 2, 2, 2, 2, 2, 2, 2, 2, 2, 2, 2, 2, 2, 2, 2, 2, 2, 2, 2, 2, 2, 2, 2, 2, 2, 2, 2, 2, 2, 2, 2, 2, 2, 3 ),
 ( 0.0000000000000000000, 1.000000000000000000 ),
 ( 0.0000000000000000000, 0.003703703703703703800, 0.007407407407407407700, 0.01111111111111111200, 0.01481481481481481500, 0.01851851851851851700, 0.02222222222222222300, 0.02592592592592592500, 0.02962962962962963100, 0.03333333333333333300, 0.03703703703703703500, 0.04074074074074074400, 0.04444444444444444600, 0.04814814814814814800, 0.05185185185185185000, 0.05555555555555555200, 0.05925925925925926200, 0.06296296296296295700, 0.06666666666666666600, 0.07037037037037037500, 0.07407407407407407000, 0.07777777777777777900, 0.08148148148148148800, 0.08518518518518518300, 0.08888888888888889200, 0.09259259259259258700, 0.09629629629629629700, 0.1000000000000000100, 0.1037037037037037000, 0.1074074074074074100, 0.1111111111111111000, 0.1148148148148148100, 0.1185185185185185200, 0.1222222222222222200, 0.1259259259259259100, 0.1296296296296296200, 0.1333333333333333300, 0.1370370370370370400, 0.1407407407407407500, 0.1444444444444444300, 0.1481481481481481400, 0.1518518518518518500, 0.1555555555555555600, 0.1592592592592592700, 0.1629629629629629800, 0.1666666666666666600, 0.1703703703703703700, 0.1740740740740740800, 0.1777777777777777800, 0.1814814814814814900, 0.1851851851851851700, 0.1888888888888888800, 0.1925925925925925900, 0.1962962962962963000, 0.2000000000000000100, 0.2037037037037036900, 0.2074074074074074000, 0.2111111111111111100, 0.2148148148148148200, 0.2185185185185185300, 0.2222222222222222100, 0.2259259259259259200, 0.2296296296296296300, 0.2333333333333333400, 0.2370370370370370500, 0.2407407407407407300, 0.2444444444444444400, 0.2481481481481481500, 0.2518518518518518300, 0.2555555555555555400, 0.2592592592592592400, 0.2629629629629629500, 0.2666666666666666600, 0.2703703703703703700, 0.2740740740740740800, 0.2777777777777777900, 0.2814814814814815000, 0.2851851851851852100, 0.2888888888888888600, 0.2925925925925925700, 0.2962962962962962800, 0.2999999999999999900, 0.3037037037037037000, 0.3074074074074074100, 0.3111111111111111200, 0.3148148148148148300, 0.3185185185185185300, 0.3222222222222222400, 0.3259259259259259500, 0.3296296296296296100, 0.3333333333333333100, 0.3370370370370370200, 0.3407407407407407300, 0.3444444444444444400, 0.3481481481481481500, 0.3518518518518518600, 0.3555555555555555700, 0.3592592592592592800, 0.3629629629629629900, 0.3666666666666666400, 0.3703703703703703500, 0.3740740740740740600, 0.3777777777777777700, 0.3814814814814814800, 0.3851851851851851900, 0.3888888888888889000, 0.3925925925925926000, 0.3962962962962963100, 0.4000000000000000200, 0.4037037037037037300, 0.4074074074074073800, 0.4111111111111110900, 0.4148148148148148000, 0.4185185185185185100, 0.4222222222222222200, 0.4259259259259259300, 0.4296296296296296400, 0.4333333333333333500, 0.4370370370370370600, 0.4407407407407407700, 0.4444444444444444200, 0.4481481481481481300, 0.4518518518518518400, 0.4555555555555555500, 0.4592592592592592600, 0.4629629629629629700, 0.4666666666666666700, 0.4703703703703703800, 0.4740740740740740900, 0.4777777777777778000, 0.4814814814814814500, 0.4851851851851851600, 0.4888888888888888700, 0.4925925925925925800, 0.4962962962962962900, 0.5000000000000000000, 0.5037037037037036500, 0.5074074074074074200, 0.5111111111111110700, 0.5148148148148148400, 0.5185185185185184900, 0.5222222222222222500, 0.5259259259259259100, 0.5296296296296296700, 0.5333333333333333300, 0.5370370370370370900, 0.5407407407407407400, 0.5444444444444444000, 0.5481481481481481600, 0.5518518518518518200, 0.5555555555555555800, 0.5592592592592592300, 0.5629629629629630000, 0.5666666666666666500, 0.5703703703703704200, 0.5740740740740740700, 0.5777777777777777200, 0.5814814814814814900, 0.5851851851851851400, 0.5888888888888889100, 0.5925925925925925600, 0.5962962962962963200, 0.5999999999999999800, 0.6037037037037037400, 0.6074074074074074000, 0.6111111111111111600, 0.6148148148148148100, 0.6185185185185184700, 0.6222222222222222300, 0.6259259259259258900, 0.6296296296296296500, 0.6333333333333333000, 0.6370370370370370700, 0.6407407407407407200, 0.6444444444444444900, 0.6481481481481481400, 0.6518518518518519000, 0.6555555555555555600, 0.6592592592592592100, 0.6629629629629629800, 0.6666666666666666300, 0.6703703703703703900, 0.6740740740740740500, 0.6777777777777778100, 0.6814814814814814700, 0.6851851851851852300, 0.6888888888888888800, 0.6925925925925925400, 0.6962962962962963000, 0.6999999999999999600, 0.7037037037037037200, 0.7074074074074073700, 0.7111111111111111400, 0.7148148148148147900, 0.7185185185185185600, 0.7222222222222222100, 0.7259259259259259700, 0.7296296296296296300, 0.7333333333333332800, 0.7370370370370370500, 0.7407407407407407000, 0.7444444444444444600, 0.7481481481481481200, 0.7518518518518518800, 0.7555555555555555400, 0.7592592592592593000, 0.7629629629629629500, 0.7666666666666667200, 0.7703703703703703700, 0.7740740740740740300, 0.7777777777777777900, 0.7814814814814814400, 0.7851851851851852100, 0.7888888888888888600, 0.7925925925925926300, 0.7962962962962962800, 0.8000000000000000400, 0.8037037037037037000, 0.8074074074074074600, 0.8111111111111111200, 0.8148148148148147700, 0.8185185185185185300, 0.8222222222222221900, 0.8259259259259259500, 0.8296296296296296100, 0.8333333333333333700, 0.8370370370370370200, 0.8407407407407407900, 0.8444444444444444400, 0.8481481481481481000, 0.8518518518518518600, 0.8555555555555555100, 0.8592592592592592800, 0.8629629629629629300, 0.8666666666666667000, 0.8703703703703703500, 0.8740740740740741100, 0.8777777777777777700, 0.8814814814814815300, 0.8851851851851851900, 0.8888888888888888400, 0.8925925925925926000, 0.8962962962962962600, 0.9000000000000000200, 0.9037037037037036800, 0.9074074074074074400, 0.9111111111111110900, 0.9148148148148148600, 0.9185185185185185100, 0.9222222222222222800, 0.9259259259259259300, 0.9296296296296295800, 0.9333333333333333500, 0.9370370370370370000, 0.9407407407407407700, 0.9444444444444444200, 0.9481481481481481800, 0.9518518518518518400, 0.9555555555555556000, 0.9592592592592592600, 0.9629629629629629100, 0.9666666666666666700, 0.9703703703703703300, 0.9740740740740740900, 0.9777777777777777500, 0.9814814814814815100, 0.9851851851851851600, 0.9888888888888889300, 0.9925925925925925800, 0.9962962962962963500, 1.000000000000000000 ),
 .UNSPECIFIED. ) 
 GEOMETRIC_REPRESENTATION_ITEM ( )  RATIONAL_B_SPLINE_SURFACE ( (
 ( 1.000000000000000000, 0.8660254037844387100, 1.000000000000000000, 0.8660254037844387100, 1.000000000000000000, 0.8660254037844387100, 1.000000000000000000, 0.8660254037844387100, 1.000000000000000000, 0.8660254037844387100, 1.000000000000000000, 0.8660254037844387100, 1.000000000000000000, 0.8660254037844387100, 1.000000000000000000, 0.8660254037844387100, 1.000000000000000000, 0.8660254037844387100, 1.000000000000000000, 0.8660254037844387100, 1.000000000000000000, 0.8660254037844387100, 1.000000000000000000, 0.8660254037844387100, 1.000000000000000000, 0.8660254037844387100, 1.000000000000000000, 0.8660254037844387100, 1.000000000000000000, 0.8660254037844387100, 1.000000000000000000, 0.8660254037844387100, 1.000000000000000000, 0.8660254037844387100, 1.000000000000000000, 0.8660254037844387100, 1.000000000000000000, 0.8660254037844387100, 1.000000000000000000, 0.8660254037844387100, 1.000000000000000000, 0.8660254037844387100, 1.000000000000000000, 0.8660254037844387100, 1.000000000000000000, 0.8660254037844387100, 1.000000000000000000, 0.8660254037844387100, 1.000000000000000000, 0.8660254037844387100, 1.000000000000000000, 0.8660254037844387100, 1.000000000000000000, 0.8660254037844387100, 1.000000000000000000, 0.8660254037844387100, 1.000000000000000000, 0.8660254037844387100, 1.000000000000000000, 0.8660254037844387100, 1.000000000000000000, 0.8660254037844387100, 1.000000000000000000, 0.8660254037844387100, 1.000000000000000000, 0.8660254037844387100, 1.000000000000000000, 0.8660254037844387100, 1.000000000000000000, 0.8660254037844387100, 1.000000000000000000, 0.8660254037844387100, 1.000000000000000000, 0.8660254037844387100, 1.000000000000000000, 0.8660254037844387100, 1.000000000000000000, 0.8660254037844387100, 1.000000000000000000, 0.8660254037844387100, 1.000000000000000000, 0.8660254037844387100, 1.000000000000000000, 0.8660254037844387100, 1.000000000000000000, 0.8660254037844387100, 1.000000000000000000, 0.8660254037844387100, 1.000000000000000000, 0.8660254037844387100, 1.000000000000000000, 0.8660254037844387100, 1.000000000000000000, 0.8660254037844387100, 1.000000000000000000, 0.8660254037844387100, 1.000000000000000000, 0.8660254037844387100, 1.000000000000000000, 0.8660254037844387100, 1.000000000000000000, 0.8660254037844387100, 1.000000000000000000, 0.8660254037844387100, 1.000000000000000000, 0.8660254037844387100, 1.000000000000000000, 0.8660254037844387100, 1.000000000000000000, 0.8660254037844387100, 1.000000000000000000, 0.8660254037844387100, 1.000000000000000000, 0.8660254037844387100, 1.000000000000000000, 0.8660254037844387100, 1.000000000000000000, 0.8660254037844387100, 1.000000000000000000, 0.8660254037844387100, 1.000000000000000000, 0.8660254037844387100, 1.000000000000000000, 0.8660254037844387100, 1.000000000000000000, 0.8660254037844387100, 1.000000000000000000, 0.8660254037844387100, 1.000000000000000000, 0.8660254037844387100, 1.000000000000000000, 0.8660254037844387100, 1.000000000000000000, 0.8660254037844387100, 1.000000000000000000, 0.8660254037844387100, 1.000000000000000000, 0.8660254037844387100, 1.000000000000000000, 0.8660254037844387100, 1.000000000000000000, 0.8660254037844387100, 1.000000000000000000, 0.8660254037844387100, 1.000000000000000000, 0.8660254037844387100, 1.000000000000000000, 0.8660254037844387100, 1.000000000000000000, 0.8660254037844387100, 1.000000000000000000, 0.8660254037844387100, 1.000000000000000000, 0.8660254037844387100, 1.000000000000000000, 0.8660254037844387100, 1.000000000000000000, 0.8660254037844387100, 1.000000000000000000, 0.8660254037844387100, 1.000000000000000000, 0.8660254037844387100, 1.000000000000000000, 0.8660254037844387100, 1.000000000000000000, 0.8660254037844387100, 1.000000000000000000, 0.8660254037844387100, 1.000000000000000000, 0.8660254037844387100, 1.000000000000000000, 0.8660254037844387100, 1.000000000000000000, 0.8660254037844387100, 1.000000000000000000, 0.8660254037844387100, 1.000000000000000000, 0.8660254037844387100, 1.000000000000000000, 0.8660254037844387100, 1.000000000000000000, 0.8660254037844387100, 1.000000000000000000, 0.8660254037844387100, 1.000000000000000000, 0.8660254037844387100, 1.000000000000000000, 0.8660254037844387100, 1.000000000000000000, 0.8660254037844387100, 1.000000000000000000, 0.8660254037844387100, 1.000000000000000000, 0.8660254037844387100, 1.000000000000000000, 0.8660254037844387100, 1.000000000000000000, 0.8660254037844387100, 1.000000000000000000, 0.8660254037844387100, 1.000000000000000000, 0.8660254037844387100, 1.000000000000000000, 0.8660254037844387100, 1.000000000000000000, 0.8660254037844387100, 1.000000000000000000, 0.8660254037844387100, 1.000000000000000000, 0.8660254037844387100, 1.000000000000000000, 0.8660254037844387100, 1.000000000000000000, 0.8660254037844387100, 1.000000000000000000, 0.8660254037844387100, 1.000000000000000000, 0.8660254037844387100, 1.000000000000000000, 0.8660254037844387100, 1.000000000000000000, 0.8660254037844387100, 1.000000000000000000, 0.8660254037844387100, 1.000000000000000000, 0.8660254037844387100, 1.000000000000000000, 0.8660254037844387100, 1.000000000000000000, 0.8660254037844387100, 1.000000000000000000, 0.8660254037844387100, 1.000000000000000000, 0.8660254037844387100, 1.000000000000000000, 0.8660254037844387100, 1.000000000000000000, 0.8660254037844387100, 1.000000000000000000, 0.8660254037844387100, 1.000000000000000000, 0.8660254037844387100, 1.000000000000000000, 0.8660254037844387100, 1.000000000000000000, 0.8660254037844387100, 1.000000000000000000, 0.8660254037844387100, 1.000000000000000000, 0.8660254037844387100, 1.000000000000000000, 0.8660254037844387100, 1.000000000000000000, 0.8660254037844387100, 1.000000000000000000, 0.8660254037844387100, 1.000000000000000000, 0.8660254037844387100, 1.000000000000000000, 0.8660254037844387100, 1.000000000000000000, 0.8660254037844387100, 1.000000000000000000, 0.8660254037844387100, 1.000000000000000000, 0.8660254037844387100, 1.000000000000000000, 0.8660254037844387100, 1.000000000000000000, 0.8660254037844387100, 1.000000000000000000, 0.8660254037844387100, 1.000000000000000000, 0.8660254037844387100, 1.000000000000000000, 0.8660254037844387100, 1.000000000000000000, 0.8660254037844387100, 1.000000000000000000, 0.8660254037844387100, 1.000000000000000000, 0.8660254037844387100, 1.000000000000000000, 0.8660254037844387100, 1.000000000000000000, 0.8660254037844387100, 1.000000000000000000, 0.8660254037844387100, 1.000000000000000000, 0.8660254037844387100, 1.000000000000000000, 0.8660254037844387100, 1.000000000000000000, 0.8660254037844387100, 1.000000000000000000, 0.8660254037844387100, 1.000000000000000000, 0.8660254037844387100, 1.000000000000000000, 0.8660254037844387100, 1.000000000000000000, 0.8660254037844387100, 1.000000000000000000, 0.8660254037844387100, 1.000000000000000000, 0.8660254037844387100, 1.000000000000000000, 0.8660254037844387100, 1.000000000000000000, 0.8660254037844387100, 1.000000000000000000, 0.8660254037844387100, 1.000000000000000000, 0.8660254037844387100, 1.000000000000000000, 0.8660254037844387100, 1.000000000000000000, 0.8660254037844387100, 1.000000000000000000, 0.8660254037844387100, 1.000000000000000000, 0.8660254037844387100, 1.000000000000000000, 0.8660254037844387100, 1.000000000000000000, 0.8660254037844387100, 1.000000000000000000, 0.8660254037844387100, 1.000000000000000000, 0.8660254037844387100, 1.000000000000000000, 0.8660254037844387100, 1.000000000000000000, 0.8660254037844387100, 1.000000000000000000, 0.8660254037844387100, 1.000000000000000000, 0.8660254037844387100, 1.000000000000000000, 0.8660254037844387100, 1.000000000000000000, 0.8660254037844387100, 1.000000000000000000, 0.8660254037844387100, 1.000000000000000000, 0.8660254037844387100, 1.000000000000000000, 0.8660254037844387100, 1.000000000000000000, 0.8660254037844387100, 1.000000000000000000, 0.8660254037844387100, 1.000000000000000000, 0.8660254037844387100, 1.000000000000000000, 0.8660254037844387100, 1.000000000000000000, 0.8660254037844387100, 1.000000000000000000, 0.8660254037844387100, 1.000000000000000000, 0.8660254037844387100, 1.000000000000000000, 0.8660254037844387100, 1.000000000000000000, 0.8660254037844387100, 1.000000000000000000, 0.8660254037844387100, 1.000000000000000000, 0.8660254037844387100, 1.000000000000000000, 0.8660254037844387100, 1.000000000000000000, 0.8660254037844387100, 1.000000000000000000, 0.8660254037844387100, 1.000000000000000000, 0.8660254037844387100, 1.000000000000000000, 0.8660254037844387100, 1.000000000000000000, 0.8660254037844387100, 1.000000000000000000, 0.8660254037844387100, 1.000000000000000000, 0.8660254037844387100, 1.000000000000000000, 0.8660254037844387100, 1.000000000000000000, 0.8660254037844387100, 1.000000000000000000, 0.8660254037844387100, 1.000000000000000000, 0.8660254037844387100, 1.000000000000000000, 0.8660254037844387100, 1.000000000000000000, 0.8660254037844387100, 1.000000000000000000, 0.8660254037844387100, 1.000000000000000000, 0.8660254037844387100, 1.000000000000000000, 0.8660254037844387100, 1.000000000000000000, 0.8660254037844387100, 1.000000000000000000, 0.8660254037844387100, 1.000000000000000000, 0.8660254037844387100, 1.000000000000000000, 0.8660254037844387100, 1.000000000000000000, 0.8660254037844387100, 1.000000000000000000, 0.8660254037844387100, 1.000000000000000000, 0.8660254037844387100, 1.000000000000000000, 0.8660254037844387100, 1.000000000000000000, 0.8660254037844387100, 1.000000000000000000, 0.8660254037844387100, 1.000000000000000000, 0.8660254037844387100, 1.000000000000000000, 0.8660254037844387100, 1.000000000000000000, 0.8660254037844387100, 1.000000000000000000, 0.8660254037844387100, 1.000000000000000000, 0.8660254037844387100, 1.000000000000000000, 0.8660254037844387100, 1.000000000000000000, 0.8660254037844387100, 1.000000000000000000, 0.8660254037844387100, 1.000000000000000000, 0.8660254037844387100, 1.000000000000000000, 0.8660254037844387100, 1.000000000000000000, 0.8660254037844387100, 1.000000000000000000, 0.8660254037844387100, 1.000000000000000000, 0.8660254037844387100, 1.000000000000000000, 0.8660254037844387100, 1.000000000000000000, 0.8660254037844387100, 1.000000000000000000, 0.8660254037844387100, 1.000000000000000000, 0.8660254037844387100, 1.000000000000000000, 0.8660254037844387100, 1.000000000000000000, 0.8660254037844387100, 1.000000000000000000, 0.8660254037844387100, 1.000000000000000000, 0.8660254037844387100, 1.000000000000000000, 0.8660254037844387100, 1.000000000000000000, 0.8660254037844387100, 1.000000000000000000, 0.8660254037844387100, 1.000000000000000000, 0.8660254037844387100, 1.000000000000000000, 0.8660254037844387100, 1.000000000000000000, 0.8660254037844387100, 1.000000000000000000, 0.8660254037844387100, 1.000000000000000000, 0.8660254037844387100, 1.000000000000000000, 0.8660254037844387100, 1.000000000000000000, 0.8660254037844387100, 1.000000000000000000, 0.8660254037844387100, 1.000000000000000000, 0.8660254037844387100, 1.000000000000000000, 0.8660254037844387100, 1.000000000000000000, 0.8660254037844387100, 1.000000000000000000, 0.8660254037844387100, 1.000000000000000000, 0.8660254037844387100, 1.000000000000000000, 0.8660254037844387100, 1.000000000000000000, 0.8660254037844387100, 1.000000000000000000, 0.8660254037844387100, 1.000000000000000000, 0.8660254037844387100, 1.000000000000000000, 0.8660254037844387100, 1.000000000000000000, 0.8660254037844387100, 1.000000000000000000, 0.8660254037844387100, 1.000000000000000000, 0.8660254037844387100, 1.000000000000000000, 0.8660254037844387100, 1.000000000000000000, 0.8660254037844387100, 1.000000000000000000, 0.8660254037844387100, 1.000000000000000000, 0.8660254037844387100, 1.000000000000000000, 0.8660254037844387100, 1.000000000000000000, 0.8660254037844387100, 1.000000000000000000, 0.8660254037844387100, 1.000000000000000000, 0.8660254037844387100, 1.000000000000000000, 0.8660254037844387100, 1.000000000000000000, 0.8660254037844387100, 1.000000000000000000, 0.8660254037844387100, 1.000000000000000000, 0.8660254037844387100, 1.000000000000000000, 0.8660254037844387100, 1.000000000000000000),
 ( 1.000000000000000000, 0.8660254037844387100, 1.000000000000000000, 0.8660254037844387100, 1.000000000000000000, 0.8660254037844387100, 1.000000000000000000, 0.8660254037844387100, 1.000000000000000000, 0.8660254037844387100, 1.000000000000000000, 0.8660254037844387100, 1.000000000000000000, 0.8660254037844387100, 1.000000000000000000, 0.8660254037844387100, 1.000000000000000000, 0.8660254037844387100, 1.000000000000000000, 0.8660254037844387100, 1.000000000000000000, 0.8660254037844387100, 1.000000000000000000, 0.8660254037844387100, 1.000000000000000000, 0.8660254037844387100, 1.000000000000000000, 0.8660254037844387100, 1.000000000000000000, 0.8660254037844387100, 1.000000000000000000, 0.8660254037844387100, 1.000000000000000000, 0.8660254037844387100, 1.000000000000000000, 0.8660254037844387100, 1.000000000000000000, 0.8660254037844387100, 1.000000000000000000, 0.8660254037844387100, 1.000000000000000000, 0.8660254037844387100, 1.000000000000000000, 0.8660254037844387100, 1.000000000000000000, 0.8660254037844387100, 1.000000000000000000, 0.8660254037844387100, 1.000000000000000000, 0.8660254037844387100, 1.000000000000000000, 0.8660254037844387100, 1.000000000000000000, 0.8660254037844387100, 1.000000000000000000, 0.8660254037844387100, 1.000000000000000000, 0.8660254037844387100, 1.000000000000000000, 0.8660254037844387100, 1.000000000000000000, 0.8660254037844387100, 1.000000000000000000, 0.8660254037844387100, 1.000000000000000000, 0.8660254037844387100, 1.000000000000000000, 0.8660254037844387100, 1.000000000000000000, 0.8660254037844387100, 1.000000000000000000, 0.8660254037844387100, 1.000000000000000000, 0.8660254037844387100, 1.000000000000000000, 0.8660254037844387100, 1.000000000000000000, 0.8660254037844387100, 1.000000000000000000, 0.8660254037844387100, 1.000000000000000000, 0.8660254037844387100, 1.000000000000000000, 0.8660254037844387100, 1.000000000000000000, 0.8660254037844387100, 1.000000000000000000, 0.8660254037844387100, 1.000000000000000000, 0.8660254037844387100, 1.000000000000000000, 0.8660254037844387100, 1.000000000000000000, 0.8660254037844387100, 1.000000000000000000, 0.8660254037844387100, 1.000000000000000000, 0.8660254037844387100, 1.000000000000000000, 0.8660254037844387100, 1.000000000000000000, 0.8660254037844387100, 1.000000000000000000, 0.8660254037844387100, 1.000000000000000000, 0.8660254037844387100, 1.000000000000000000, 0.8660254037844387100, 1.000000000000000000, 0.8660254037844387100, 1.000000000000000000, 0.8660254037844387100, 1.000000000000000000, 0.8660254037844387100, 1.000000000000000000, 0.8660254037844387100, 1.000000000000000000, 0.8660254037844387100, 1.000000000000000000, 0.8660254037844387100, 1.000000000000000000, 0.8660254037844387100, 1.000000000000000000, 0.8660254037844387100, 1.000000000000000000, 0.8660254037844387100, 1.000000000000000000, 0.8660254037844387100, 1.000000000000000000, 0.8660254037844387100, 1.000000000000000000, 0.8660254037844387100, 1.000000000000000000, 0.8660254037844387100, 1.000000000000000000, 0.8660254037844387100, 1.000000000000000000, 0.8660254037844387100, 1.000000000000000000, 0.8660254037844387100, 1.000000000000000000, 0.8660254037844387100, 1.000000000000000000, 0.8660254037844387100, 1.000000000000000000, 0.8660254037844387100, 1.000000000000000000, 0.8660254037844387100, 1.000000000000000000, 0.8660254037844387100, 1.000000000000000000, 0.8660254037844387100, 1.000000000000000000, 0.8660254037844387100, 1.000000000000000000, 0.8660254037844387100, 1.000000000000000000, 0.8660254037844387100, 1.000000000000000000, 0.8660254037844387100, 1.000000000000000000, 0.8660254037844387100, 1.000000000000000000, 0.8660254037844387100, 1.000000000000000000, 0.8660254037844387100, 1.000000000000000000, 0.8660254037844387100, 1.000000000000000000, 0.8660254037844387100, 1.000000000000000000, 0.8660254037844387100, 1.000000000000000000, 0.8660254037844387100, 1.000000000000000000, 0.8660254037844387100, 1.000000000000000000, 0.8660254037844387100, 1.000000000000000000, 0.8660254037844387100, 1.000000000000000000, 0.8660254037844387100, 1.000000000000000000, 0.8660254037844387100, 1.000000000000000000, 0.8660254037844387100, 1.000000000000000000, 0.8660254037844387100, 1.000000000000000000, 0.8660254037844387100, 1.000000000000000000, 0.8660254037844387100, 1.000000000000000000, 0.8660254037844387100, 1.000000000000000000, 0.8660254037844387100, 1.000000000000000000, 0.8660254037844387100, 1.000000000000000000, 0.8660254037844387100, 1.000000000000000000, 0.8660254037844387100, 1.000000000000000000, 0.8660254037844387100, 1.000000000000000000, 0.8660254037844387100, 1.000000000000000000, 0.8660254037844387100, 1.000000000000000000, 0.8660254037844387100, 1.000000000000000000, 0.8660254037844387100, 1.000000000000000000, 0.8660254037844387100, 1.000000000000000000, 0.8660254037844387100, 1.000000000000000000, 0.8660254037844387100, 1.000000000000000000, 0.8660254037844387100, 1.000000000000000000, 0.8660254037844387100, 1.000000000000000000, 0.8660254037844387100, 1.000000000000000000, 0.8660254037844387100, 1.000000000000000000, 0.8660254037844387100, 1.000000000000000000, 0.8660254037844387100, 1.000000000000000000, 0.8660254037844387100, 1.000000000000000000, 0.8660254037844387100, 1.000000000000000000, 0.8660254037844387100, 1.000000000000000000, 0.8660254037844387100, 1.000000000000000000, 0.8660254037844387100, 1.000000000000000000, 0.8660254037844387100, 1.000000000000000000, 0.8660254037844387100, 1.000000000000000000, 0.8660254037844387100, 1.000000000000000000, 0.8660254037844387100, 1.000000000000000000, 0.8660254037844387100, 1.000000000000000000, 0.8660254037844387100, 1.000000000000000000, 0.8660254037844387100, 1.000000000000000000, 0.8660254037844387100, 1.000000000000000000, 0.8660254037844387100, 1.000000000000000000, 0.8660254037844387100, 1.000000000000000000, 0.8660254037844387100, 1.000000000000000000, 0.8660254037844387100, 1.000000000000000000, 0.8660254037844387100, 1.000000000000000000, 0.8660254037844387100, 1.000000000000000000, 0.8660254037844387100, 1.000000000000000000, 0.8660254037844387100, 1.000000000000000000, 0.8660254037844387100, 1.000000000000000000, 0.8660254037844387100, 1.000000000000000000, 0.8660254037844387100, 1.000000000000000000, 0.8660254037844387100, 1.000000000000000000, 0.8660254037844387100, 1.000000000000000000, 0.8660254037844387100, 1.000000000000000000, 0.8660254037844387100, 1.000000000000000000, 0.8660254037844387100, 1.000000000000000000, 0.8660254037844387100, 1.000000000000000000, 0.8660254037844387100, 1.000000000000000000, 0.8660254037844387100, 1.000000000000000000, 0.8660254037844387100, 1.000000000000000000, 0.8660254037844387100, 1.000000000000000000, 0.8660254037844387100, 1.000000000000000000, 0.8660254037844387100, 1.000000000000000000, 0.8660254037844387100, 1.000000000000000000, 0.8660254037844387100, 1.000000000000000000, 0.8660254037844387100, 1.000000000000000000, 0.8660254037844387100, 1.000000000000000000, 0.8660254037844387100, 1.000000000000000000, 0.8660254037844387100, 1.000000000000000000, 0.8660254037844387100, 1.000000000000000000, 0.8660254037844387100, 1.000000000000000000, 0.8660254037844387100, 1.000000000000000000, 0.8660254037844387100, 1.000000000000000000, 0.8660254037844387100, 1.000000000000000000, 0.8660254037844387100, 1.000000000000000000, 0.8660254037844387100, 1.000000000000000000, 0.8660254037844387100, 1.000000000000000000, 0.8660254037844387100, 1.000000000000000000, 0.8660254037844387100, 1.000000000000000000, 0.8660254037844387100, 1.000000000000000000, 0.8660254037844387100, 1.000000000000000000, 0.8660254037844387100, 1.000000000000000000, 0.8660254037844387100, 1.000000000000000000, 0.8660254037844387100, 1.000000000000000000, 0.8660254037844387100, 1.000000000000000000, 0.8660254037844387100, 1.000000000000000000, 0.8660254037844387100, 1.000000000000000000, 0.8660254037844387100, 1.000000000000000000, 0.8660254037844387100, 1.000000000000000000, 0.8660254037844387100, 1.000000000000000000, 0.8660254037844387100, 1.000000000000000000, 0.8660254037844387100, 1.000000000000000000, 0.8660254037844387100, 1.000000000000000000, 0.8660254037844387100, 1.000000000000000000, 0.8660254037844387100, 1.000000000000000000, 0.8660254037844387100, 1.000000000000000000, 0.8660254037844387100, 1.000000000000000000, 0.8660254037844387100, 1.000000000000000000, 0.8660254037844387100, 1.000000000000000000, 0.8660254037844387100, 1.000000000000000000, 0.8660254037844387100, 1.000000000000000000, 0.8660254037844387100, 1.000000000000000000, 0.8660254037844387100, 1.000000000000000000, 0.8660254037844387100, 1.000000000000000000, 0.8660254037844387100, 1.000000000000000000, 0.8660254037844387100, 1.000000000000000000, 0.8660254037844387100, 1.000000000000000000, 0.8660254037844387100, 1.000000000000000000, 0.8660254037844387100, 1.000000000000000000, 0.8660254037844387100, 1.000000000000000000, 0.8660254037844387100, 1.000000000000000000, 0.8660254037844387100, 1.000000000000000000, 0.8660254037844387100, 1.000000000000000000, 0.8660254037844387100, 1.000000000000000000, 0.8660254037844387100, 1.000000000000000000, 0.8660254037844387100, 1.000000000000000000, 0.8660254037844387100, 1.000000000000000000, 0.8660254037844387100, 1.000000000000000000, 0.8660254037844387100, 1.000000000000000000, 0.8660254037844387100, 1.000000000000000000, 0.8660254037844387100, 1.000000000000000000, 0.8660254037844387100, 1.000000000000000000, 0.8660254037844387100, 1.000000000000000000, 0.8660254037844387100, 1.000000000000000000, 0.8660254037844387100, 1.000000000000000000, 0.8660254037844387100, 1.000000000000000000, 0.8660254037844387100, 1.000000000000000000, 0.8660254037844387100, 1.000000000000000000, 0.8660254037844387100, 1.000000000000000000, 0.8660254037844387100, 1.000000000000000000, 0.8660254037844387100, 1.000000000000000000, 0.8660254037844387100, 1.000000000000000000, 0.8660254037844387100, 1.000000000000000000, 0.8660254037844387100, 1.000000000000000000, 0.8660254037844387100, 1.000000000000000000, 0.8660254037844387100, 1.000000000000000000, 0.8660254037844387100, 1.000000000000000000, 0.8660254037844387100, 1.000000000000000000, 0.8660254037844387100, 1.000000000000000000, 0.8660254037844387100, 1.000000000000000000, 0.8660254037844387100, 1.000000000000000000, 0.8660254037844387100, 1.000000000000000000, 0.8660254037844387100, 1.000000000000000000, 0.8660254037844387100, 1.000000000000000000, 0.8660254037844387100, 1.000000000000000000, 0.8660254037844387100, 1.000000000000000000, 0.8660254037844387100, 1.000000000000000000, 0.8660254037844387100, 1.000000000000000000, 0.8660254037844387100, 1.000000000000000000, 0.8660254037844387100, 1.000000000000000000, 0.8660254037844387100, 1.000000000000000000, 0.8660254037844387100, 1.000000000000000000, 0.8660254037844387100, 1.000000000000000000, 0.8660254037844387100, 1.000000000000000000, 0.8660254037844387100, 1.000000000000000000, 0.8660254037844387100, 1.000000000000000000, 0.8660254037844387100, 1.000000000000000000, 0.8660254037844387100, 1.000000000000000000, 0.8660254037844387100, 1.000000000000000000, 0.8660254037844387100, 1.000000000000000000, 0.8660254037844387100, 1.000000000000000000, 0.8660254037844387100, 1.000000000000000000, 0.8660254037844387100, 1.000000000000000000, 0.8660254037844387100, 1.000000000000000000, 0.8660254037844387100, 1.000000000000000000, 0.8660254037844387100, 1.000000000000000000, 0.8660254037844387100, 1.000000000000000000, 0.8660254037844387100, 1.000000000000000000, 0.8660254037844387100, 1.000000000000000000, 0.8660254037844387100, 1.000000000000000000, 0.8660254037844387100, 1.000000000000000000, 0.8660254037844387100, 1.000000000000000000, 0.8660254037844387100, 1.000000000000000000, 0.8660254037844387100, 1.000000000000000000, 0.8660254037844387100, 1.000000000000000000, 0.8660254037844387100, 1.000000000000000000, 0.8660254037844387100, 1.000000000000000000, 0.8660254037844387100, 1.000000000000000000, 0.8660254037844387100, 1.000000000000000000, 0.8660254037844387100, 1.000000000000000000, 0.8660254037844387100, 1.000000000000000000, 0.8660254037844387100, 1.000000000000000000) ) ) 
 REPRESENTATION_ITEM ( '' )  SURFACE ( )  );
#5173 = CARTESIAN_POINT ( 'NONE',  ( -1.536457905423971100, 26.89649947711906500, -1.724131792580214700 ) ) ;
#5174 = CARTESIAN_POINT ( 'NONE',  ( -0.6277930554638390100, 4.029832810452456100, 1.898914394994158300 ) ) ;
#5175 = CARTESIAN_POINT ( 'NONE',  ( -0.4057724631436938600, 1.025666143785797200, -1.958404633406432700 ) ) ;
#5176 = DIRECTION ( 'NONE',  ( -0.0000000000000000000, -1.000000000000000000, -0.0000000000000000000 ) ) ;
#5177 = CARTESIAN_POINT ( 'NONE',  ( 1.467231017253632000, 8.054832810452445800, 0.4850758126987769200 ) ) ;
#5178 = CARTESIAN_POINT ( 'NONE',  ( 1.187172366215480100, 29.78399947711905700, 1.332182035473060700 ) ) ;
#5179 = ORIENTED_EDGE ( 'NONE', *, *, #4929, .T. ) ;
#5180 = CARTESIAN_POINT ( 'NONE',  ( 0.0000000000000000000, 0.0000000000000000000, 0.0000000000000000000 ) ) ;
#5181 = CARTESIAN_POINT ( 'NONE',  ( 2.261370884561352900, 4.263166143785788600, -0.4685456816510075200 ) ) ;
#5182 = CARTESIAN_POINT ( 'NONE',  ( -2.261370884559743600, 13.10066614378576400, 0.4685456816539321200 ) ) ;
#5183 = CARTESIAN_POINT ( 'NONE',  ( -1.153703485182825400, 24.62149947711907300, 1.028121427814281600 ) ) ;
#5184 = ORIENTED_EDGE ( 'NONE', *, *, #2137, .T. ) ;
#5185 = AXIS2_PLACEMENT_3D ( 'NONE', #5385, #10, #1781 ) ;
#5186 = CARTESIAN_POINT ( 'NONE',  ( -1.153703485182825400, 3.708999477119122800, 1.028121427814281600 ) ) ;
#5187 = DIRECTION ( 'NONE',  ( -0.0000000000000000000, -1.000000000000000000, -0.0000000000000000000 ) ) ;
#5188 = CARTESIAN_POINT ( 'NONE',  ( 0.1189804768312998600, 3.011093549569419100, -2.067131037216795700 ) ) ;
#5189 = CARTESIAN_POINT ( 'NONE',  ( 0.7397092485561809200, 4.164722327394827100, -1.650000000000108900 ) ) ;
#5190 = ORIENTED_EDGE ( 'NONE', *, *, #5557, .F. ) ;
#5191 = CARTESIAN_POINT ( 'NONE',  ( 1.153703485184449700, 11.05899947711910500, -1.028121427811290000 ) ) ;
#5192 = CARTESIAN_POINT ( 'NONE',  ( 0.7249129791365839200, 26.07983281045239800, -2.192677474232650700 ) ) ;
#5193 = CARTESIAN_POINT ( 'NONE',  ( -0.3347622820936569900, 1.227738738001448400, -1.615683822561260000 ) ) ;
#5194 = CARTESIAN_POINT ( 'NONE',  ( -1.434542684487571100, 0.3097730024257006100, 1.012225575301766200 ) ) ;
#5195 = CARTESIAN_POINT ( 'NONE',  ( -1.898914394991857200, 1.842332810452460800, -0.6277930554631422400 ) ) ;
#5196 = ORIENTED_EDGE ( 'NONE', *, *, #1818, .T. ) ;
#5197 = CARTESIAN_POINT ( 'NONE',  ( -1.747289668290160200, 7.063166143785784900, 0.3620304100784984500 ) ) ;
#5198 = EDGE_CURVE ( 'NONE', #3146, #3992, #2148, .T. ) ;
#5199 = CARTESIAN_POINT ( 'NONE',  ( -1.187172366213856000, 28.03399947711906000, -1.332182035470070400 ) ) ;
#5200 = CARTESIAN_POINT ( 'NONE',  ( -1.069075616191087500, 9.780391126214940600, 1.490178102371311400 ) ) ;
#5201 = CARTESIAN_POINT ( 'NONE',  ( -1.566604375869318000, 6.944405404668101400, -0.5179292707572200600 ) ) ;
#5202 = ORIENTED_EDGE ( 'NONE', *, *, #362, .T. ) ;
#5203 = CARTESIAN_POINT ( 'NONE',  ( 1.136605634099553400, 4.348572071335487600, -1.730697752765545400 ) ) ;
#5204 = CARTESIAN_POINT ( 'NONE',  ( -0.4057724631436938600, 10.82566614378577300, -1.958404633406432700 ) ) ;
#5205 = CARTESIAN_POINT ( 'NONE',  ( 0.6277930554654571600, 5.779832810452450800, -1.898914394991169100 ) ) ;
#5206 = CARTESIAN_POINT ( 'NONE',  ( 1.467231017253632000, 2.542332810452459800, 0.4850758126987769200 ) ) ;
#5207 = EDGE_CURVE ( 'NONE', #586, #99, #1507, .T. ) ;
#5208 =( BOUNDED_CURVE ( )  B_SPLINE_CURVE ( 2, ( #22, #4531, #4496, #4083, #4933, #2736, #1389, #4948, #3586 ),
 .UNSPECIFIED., .F., .T. ) 
 B_SPLINE_CURVE_WITH_KNOTS ( ( 3, 2, 2, 2, 3 ),
 ( 0.7277777777777779700, 0.7296296296296296300, 0.7333333333333332800, 0.7370370370370370500, 0.7388888888888890400 ),
 .UNSPECIFIED. ) 
 CURVE ( )  GEOMETRIC_REPRESENTATION_ITEM ( )  RATIONAL_B_SPLINE_CURVE ( ( 0.9330127018922194100, 0.9330127018922254000, 1.000000000000000000, 0.8660254037844387100, 1.000000000000000000, 0.8660254037844387100, 1.000000000000000000, 0.9330127018922133000, 0.9330127018922194100 ) ) 
 REPRESENTATION_ITEM ( '' )  );
#5209 = EDGE_LOOP ( 'NONE', ( #1310, #639, #1431, #5403 ) ) ;
#5210 = DIRECTION ( 'NONE',  ( 0.0000000000000000000, 1.000000000000000000, 0.0000000000000000000 ) ) ;
#5211 = CARTESIAN_POINT ( 'NONE',  ( -0.7249129791349598900, 16.71733281045242600, 2.192677474235640700 ) ) ;
#5212 = B_SPLINE_CURVE_WITH_KNOTS ( 'NONE', 3,
 ( #1415, #1862, #5051, #573, #5001, #70, #5023, #5494 ),
 .UNSPECIFIED., .F., .F.,
 ( 4, 2, 2, 4 ),
 ( 2.529189314846083100E-007, 0.001001387654841959800, 0.001501955022797197400, 0.002002522390752435300 ),
 .UNSPECIFIED. ) ;
#5213 = CARTESIAN_POINT ( 'NONE',  ( 0.7249129791365839200, 28.17983281045239600, -2.192677474232650700 ) ) ;
#5214 = ORIENTED_EDGE ( 'NONE', *, *, #1985, .T. ) ;
#5215 = CARTESIAN_POINT ( 'NONE',  ( 1.747289668291783300, 6.713166143785782600, -0.3620304100755075700 ) ) ;
#5216 = ADVANCED_FACE ( 'NONE', ( #2442 ), #158, .F. ) ;
#5217 = CARTESIAN_POINT ( 'NONE',  ( -0.5601173020754920400, 24.76733281045240200, 1.694212445550063300 ) ) ;
#5218 = ORIENTED_EDGE ( 'NONE', *, *, #1078, .T. ) ;
#5219 = ORIENTED_EDGE ( 'NONE', *, *, #465, .F. ) ;
#5220 = CARTESIAN_POINT ( 'NONE',  ( -0.7249129791349598900, 13.91733281045243100, 2.192677474235640700 ) ) ;
#5221 = CARTESIAN_POINT ( 'NONE',  ( 0.3135275320699943400, 22.63816614378574200, 1.513197240511562100 ) ) ;
#5222 = CYLINDRICAL_SURFACE ( 'NONE', #3065, 2.000000000000000000 ) ;
#5223 = CARTESIAN_POINT ( 'NONE',  ( -1.536457905424019300, 2.483999477119125800, -1.724131792580171600 ) ) ;
#5224 = ORIENTED_EDGE ( 'NONE', *, *, #3086, .T. ) ;
#5225 = CARTESIAN_POINT ( 'NONE',  ( 0.6277930554654740400, 7.967332810452441900, -1.898914394991172000 ) ) ;
#5226 = CARTESIAN_POINT ( 'NONE',  ( -0.1691400011349762900, 9.125736410535255400, -1.649999999999662600 ) ) ;
#5227 = CARTESIAN_POINT ( 'NONE',  ( -0.7249129791349598900, 18.81733281045242000, 2.192677474235640700 ) ) ;
#5228 = FACE_OUTER_BOUND ( 'NONE', #4128, .T. ) ;
#5229 = CARTESIAN_POINT ( 'NONE',  ( -0.7249129791349598900, 25.72983281045240000, 2.192677474235640700 ) ) ;
#5230 = CARTESIAN_POINT ( 'NONE',  ( -0.5601173020754920400, 6.479832810452453600, 1.694212445550063300 ) ) ;
#5231 = VECTOR ( 'NONE', #235, 1000.000000000000000 ) ;
#5232 = CARTESIAN_POINT ( 'NONE',  ( -1.187172366213856000, 25.23399947711907000, -1.332182035470070400 ) ) ;
#5233 = EDGE_CURVE ( 'NONE', #4004, #3102, #464, .T. ) ;
#5234 = CARTESIAN_POINT ( 'NONE',  ( -1.231842093774848400, 4.469426882903471600, 1.097754551805536500 ) ) ;
#5235 = CARTESIAN_POINT ( 'NONE',  ( 1.136605634099559200, 5.048572071335488700, -1.730697752765556500 ) ) ;
#5236 = CARTESIAN_POINT ( 'NONE',  ( -1.898914394991857200, 13.74233281045242800, -0.6277930554631422400 ) ) ;
#5237 = VECTOR ( 'NONE', #8, 1000.000000000000000 ) ;
#5238 = CARTESIAN_POINT ( 'NONE',  ( -1.467231017252008000, 5.692332810452453100, -0.4850758126957864200 ) ) ;
#5239 = CARTESIAN_POINT ( 'NONE',  ( 0.0000000000000000000, 0.0000000000000000000, 0.0000000000000000000 ) ) ;
#5240 = DIRECTION ( 'NONE',  ( -0.0000000000000000000, -1.000000000000000000, -0.0000000000000000000 ) ) ;
#5241 = CARTESIAN_POINT ( 'NONE',  ( -1.990681402645799100E-014, 9.256026666236810000, 1.650000000002735700 ) ) ;
#5242 =( BOUNDED_CURVE ( )  B_SPLINE_CURVE ( 2, ( #4975, #4154, #3726, #5576, #1023, #140, #5104, #159, #4585 ),
 .UNSPECIFIED., .F., .T. ) 
 B_SPLINE_CURVE_WITH_KNOTS ( ( 3, 2, 2, 2, 3 ),
 ( 0.8711093979359211300, 0.8740740740740741100, 0.8777777777777777700, 0.8814814814814815300, 0.8822205090470357500 ),
 .UNSPECIFIED. ) 
 CURVE ( )  GEOMETRIC_REPRESENTATION_ITEM ( )  RATIONAL_B_SPLINE_CURVE ( ( 0.9572025516544314700, 0.8927583520998836300, 1.000000000000000000, 0.8660254037844386000, 1.000000000000000000, 0.8660254037844386000, 1.000000000000000000, 0.9732670516844298400, 0.9572025516542808100 ) ) 
 REPRESENTATION_ITEM ( '' )  );
#5243 = VERTEX_POINT ( 'NONE', #3743 ) ;
#5244 = PERSON_AND_ORGANIZATION ( #1475, #5042 ) ;
#5245 = CARTESIAN_POINT ( 'NONE',  ( 1.536457905425595300, 25.84649947711906700, 1.724131792583205100 ) ) ;
#5246 = ORIENTED_EDGE ( 'NONE', *, *, #2929, .T. ) ;
#5247 = CARTESIAN_POINT ( 'NONE',  ( 1.493141931848922100, 3.621499477119122000, -1.330611577941855300 ) ) ;
#5248 = CARTESIAN_POINT ( 'NONE',  ( 0.1189804768313181300, 3.798593549569417000, -2.067131037216807700 ) ) ;
#5249 = CARTESIAN_POINT ( 'NONE',  ( 1.467231017253632000, 3.154832810452458300, 0.4850758126987769200 ) ) ;
#5250 = COORDINATED_UNIVERSAL_TIME_OFFSET ( 6, 0, .BEHIND. ) ;
#5251 = CARTESIAN_POINT ( 'NONE',  ( 0.3135275320699943400, 24.82566614378573500, 1.513197240511562100 ) ) ;
#5252 = VERTEX_POINT ( 'NONE', #2506 ) ;
#5253 = CARTESIAN_POINT ( 'NONE',  ( -1.126735949052869900E-015, 0.0000000000000000000, -3.500000000000000000 ) ) ;
#5254 = CARTESIAN_POINT ( 'NONE',  ( 1.493141931848975100, 12.10899947711910400, -1.330611577941795300 ) ) ;
#5255 = CYLINDRICAL_SURFACE ( 'NONE', #2379, 2.000000000000000000 ) ;
#5256 = CARTESIAN_POINT ( 'NONE',  ( -1.467231017252008000, 23.80483281045240300, -0.4850758126957864200 ) ) ;
#5257 = CARTESIAN_POINT ( 'NONE',  ( -1.747289668290160200, 5.750666143785785800, 0.3620304100784984500 ) ) ;
#5258 = VERTEX_POINT ( 'NONE', #5658 ) ;
#5259 = CARTESIAN_POINT ( 'NONE',  ( 0.6277930554654843600, 0.8798328104524624200, -1.898914394991168700 ) ) ;
#5260 = CARTESIAN_POINT ( 'NONE',  ( -1.536457905423971100, 14.99649947711909600, -1.724131792580214700 ) ) ;
#5261 = CARTESIAN_POINT ( 'NONE',  ( 1.231842093776472900, 9.511072071334762500, -1.097754551802544900 ) ) ;
#5262 = CARTESIAN_POINT ( 'NONE',  ( 1.898914394993481000, 14.79233281045242700, 0.6277930554661326200 ) ) ;
#5263 = VERTEX_POINT ( 'NONE', #4313 ) ;
#5264 = CARTESIAN_POINT ( 'NONE',  ( 0.4057724631453182900, 24.38816614378573500, 1.958404633409422900 ) ) ;
#5265 = CARTESIAN_POINT ( 'NONE',  ( -1.566604375869318000, 9.044405404668092200, -0.5179292707572200600 ) ) ;
#5266 = DIRECTION ( 'NONE',  ( 0.0000000000000000000, 0.0000000000000000000, -1.000000000000000000 ) ) ;
#5267 = CARTESIAN_POINT ( 'NONE',  ( -0.1691400011349762900, 1.217381598966576400, -1.649999999999662200 ) ) ;
#5268 = CARTESIAN_POINT ( 'NONE',  ( -0.5601173020754920400, 5.079832810452455900, 1.694212445550063300 ) ) ;
#5269 = ORIENTED_EDGE ( 'NONE', *, *, #581, .T. ) ;
#5270 = CARTESIAN_POINT ( 'NONE',  ( -1.187172366213856000, 23.83399947711907200, -1.332182035470070400 ) ) ;
#5271 =( BOUNDED_CURVE ( )  B_SPLINE_CURVE ( 2, ( #5174, #3847, #1096, #658, #680, #4225, #4246, #4263, #4738 ),
 .UNSPECIFIED., .F., .T. ) 
 B_SPLINE_CURVE_WITH_KNOTS ( ( 3, 2, 2, 2, 3 ),
 ( 0.8388888888888890200, 0.8407407407407407900, 0.8444444444444444400, 0.8481481481481481000, 0.8500000000000000900 ),
 .UNSPECIFIED. ) 
 CURVE ( )  GEOMETRIC_REPRESENTATION_ITEM ( )  RATIONAL_B_SPLINE_CURVE ( ( 0.9330127018922194100, 0.9330127018922234100, 1.000000000000000000, 0.8660254037844387100, 1.000000000000000000, 0.8660254037844387100, 1.000000000000000000, 0.9330127018922154100, 0.9330127018922194100 ) ) 
 REPRESENTATION_ITEM ( '' )  );
#5272 = CARTESIAN_POINT ( 'NONE',  ( 8.118505867571457200E-013, -0.8576671895476062300, 1.495331636292007700E-012 ) ) ;
#5273 = CARTESIAN_POINT ( 'NONE',  ( -1.898914394991857200, 7.442332810452447800, -0.6277930554631422400 ) ) ;
#5274 = EDGE_LOOP ( 'NONE', ( #2026, #486, #1949, #3797 ) ) ;
#5275 = CARTESIAN_POINT ( 'NONE',  ( -1.747289668290160200, 22.46316614378573800, 0.3620304100784984500 ) ) ;
#5276 = ORIENTED_EDGE ( 'NONE', *, *, #288, .F. ) ;
#5277 = CARTESIAN_POINT ( 'NONE',  ( 1.747289668291783300, -0.8993338562141965900, -0.3620304100755075700 ) ) ;
#5278 = EDGE_CURVE ( 'NONE', #1504, #1865, #4401, .T. ) ;
#5279 = CARTESIAN_POINT ( 'NONE',  ( -0.6277930554638706500, 0.5298328104524577800, 1.898914394994155400 ) ) ;
#5280 = CARTESIAN_POINT ( 'NONE',  ( -2.261370884559743600, 17.21316614378575600, 0.4685456816539321200 ) ) ;
#5281 = CARTESIAN_POINT ( 'NONE',  ( -2.261370884559743600, 14.50066614378576300, 0.4685456816539321200 ) ) ;
#5282 = EDGE_LOOP ( 'NONE', ( #1883, #4327, #1467, #1568 ) ) ;
#5283 = CARTESIAN_POINT ( 'NONE',  ( 0.4057724631453182900, 22.98816614378574000, 1.958404633409422900 ) ) ;
#5284 = CARTESIAN_POINT ( 'NONE',  ( 0.6277930554654572700, 3.679832810452452900, -1.898914394991177300 ) ) ;
#5285 = CARTESIAN_POINT ( 'NONE',  ( 0.6277930554654759200, -0.8576671895476062300, -1.898914394991165100 ) ) ;
#5286 = DIRECTION ( 'NONE',  ( 0.3138965277323320600, 0.0000000000000000000, -0.9494571974963301700 ) ) ;
#5287 = LINE ( 'NONE', #5100, #1681 ) ;
#5288 = CARTESIAN_POINT ( 'NONE',  ( -1.187172366213856000, 4.146499477119122400, -1.332182035470070400 ) ) ;
#5289 = EDGE_LOOP ( 'NONE', ( #3021, #1386, #2649, #1370 ) ) ;
#5290 = CARTESIAN_POINT ( 'NONE',  ( -1.467231017252008000, 25.29233281045240000, -0.4850758126957864200 ) ) ;
#5291 = CONICAL_SURFACE ( 'NONE', #2857, 4.000000000000000000, 0.7853981633974533900 ) ;
#5292 = CARTESIAN_POINT ( 'NONE',  ( -1.566604375869318000, 1.552760216236808800, -0.5179292707572200600 ) ) ;
#5293 = CARTESIAN_POINT ( 'NONE',  ( -0.7249129791349598900, 9.017332810452446200, 2.192677474235640700 ) ) ;
#5294 = CARTESIAN_POINT ( 'NONE',  ( 1.467231017253632000, 24.15483281045240500, 0.4850758126987769200 ) ) ;
#5295 = CARTESIAN_POINT ( 'NONE',  ( 0.3135275320699943400, 1.025666143785797200, 1.513197240511562100 ) ) ;
#5296 = CARTESIAN_POINT ( 'NONE',  ( 1.493141931848952100, 6.508999477119116900, -1.330611577941821500 ) ) ;
#5297 = CARTESIAN_POINT ( 'NONE',  ( 2.261370884561367100, 17.56316614378575700, -0.4685456816509410100 ) ) ;
#5298 = VECTOR ( 'NONE', #3531, 1000.000000000000000 ) ;
#5299 = CARTESIAN_POINT ( 'NONE',  ( -1.898914394991876300, 4.554832810452456500, -0.6277930554630845000 ) ) ;
#5300 = EDGE_CURVE ( 'NONE', #783, #2576, #2005, .T. ) ;
#5301 = CARTESIAN_POINT ( 'NONE',  ( 1.493141931848975100, 22.52149947711907900, -1.330611577941795300 ) ) ;
#5302 = CARTESIAN_POINT ( 'NONE',  ( -3.999334749797389200, 0.4999999999999947800, 0.07294901687515480100 ) ) ;
#5303 = CARTESIAN_POINT ( 'NONE',  ( 8.778253695876226200E-016, 7.014381477805621900, -1.649999999999745200 ) ) ;
#5304 = CARTESIAN_POINT ( 'NONE',  ( -0.1189804768296882800, 9.661093549569400800, 2.067131037219786200 ) ) ;
#5305 = CARTESIAN_POINT ( 'NONE',  ( -1.153703485182825400, 5.721499477119119900, 1.028121427814281600 ) ) ;
#5306 = CARTESIAN_POINT ( 'NONE',  ( 0.3135275320699943400, 19.92566614378574700, 1.513197240511562100 ) ) ;
#5307 = CIRCLE ( 'NONE', #3835, 4.000000000000000000 ) ;
#5308 = EDGE_CURVE ( 'NONE', #1734, #5252, #2723, .T. ) ;
#5309 = CARTESIAN_POINT ( 'NONE',  ( -0.3347622820936569900, 2.627738738001446100, -1.615683822561260000 ) ) ;
#5310 = CARTESIAN_POINT ( 'NONE',  ( 1.650708983445334600, 0.08525716901364140100, -1.072265971239185100 ) ) ;
#5311 = CARTESIAN_POINT ( 'NONE',  ( -1.493141931847350400, 8.958999477119110800, 1.330611577944787100 ) ) ;
#5312 = CARTESIAN_POINT ( 'NONE',  ( -0.5601173020754920400, 27.47983281045239700, 1.694212445550063300 ) ) ;
#5313 = CARTESIAN_POINT ( 'NONE',  ( 1.153703485184449700, 20.77149947711907900, -1.028121427811290000 ) ) ;
#5314 =( BOUNDED_CURVE ( )  B_SPLINE_CURVE ( 2, ( #5241, #1645, #4356, #3481, #299, #1587, #5261, #2514, #2567 ),
 .UNSPECIFIED., .F., .F. ) 
 B_SPLINE_CURVE_WITH_KNOTS ( ( 3, 2, 2, 2, 3 ),
 ( 0.3400017131751864600, 0.3407407407407407900, 0.3444444444444444400, 0.3481481481481481000, 0.3509223346543238800 ),
 .UNSPECIFIED. ) 
 CURVE ( )  GEOMETRIC_REPRESENTATION_ITEM ( )  RATIONAL_B_SPLINE_CURVE ( ( 0.9572025516542769200, 0.9732670516844266200, 1.000000000000000000, 0.8660254037844386000, 1.000000000000000000, 0.8660254037844386000, 1.000000000000000000, 0.8996489604122807100, 0.9496298707732385700 ) ) 
 REPRESENTATION_ITEM ( '' )  );
#5315 = ORIENTED_EDGE ( 'NONE', *, *, #4965, .T. ) ;
#5316 = CARTESIAN_POINT ( 'NONE',  ( 1.747289668291783300, 1.200666143785798200, -0.3620304100755075700 ) ) ;
#5317 = DIRECTION ( 'NONE',  ( 0.0000000000000000000, 0.0000000000000000000, -1.000000000000000000 ) ) ;
#5318 = CARTESIAN_POINT ( 'NONE',  ( 0.4057724631453182900, 14.58816614378576500, 1.958404633409422900 ) ) ;
#5319 = CARTESIAN_POINT ( 'NONE',  ( -9.429543486215421600E-015, 0.5060266662369413700, -1.649999999999745000 ) ) ;
#5320 = DIRECTION ( 'NONE',  ( 0.0000000000000000000, 1.000000000000000000, 0.0000000000000000000 ) ) ;
#5321 = ORIENTED_EDGE ( 'NONE', *, *, #5128, .F. ) ;
#5322 = CYLINDRICAL_SURFACE ( 'NONE', #1251, 1.650000000000000100 ) ;
#5323 = CARTESIAN_POINT ( 'NONE',  ( 1.536457905425595300, 22.34649947711907800, 1.724131792583205100 ) ) ;
#5324 = CARTESIAN_POINT ( 'NONE',  ( 0.1691400011358079900, 5.067381598966517400, 1.650000000002816500 ) ) ;
#5325 = CARTESIAN_POINT ( 'NONE',  ( 8.778253695876226200E-016, 6.106026666236926900, -1.649999999999744800 ) ) ;
#5326 = VERTEX_POINT ( 'NONE', #3888 ) ;
#5327 = CARTESIAN_POINT ( 'NONE',  ( -1.467231017252008000, 2.804832810452462200, -0.4850758126957864200 ) ) ;
#5328 = ADVANCED_FACE ( 'NONE', ( #5475 ), #1931, .F. ) ;
#5329 = CARTESIAN_POINT ( 'NONE',  ( -1.467231017252008000, 20.39233281045241200, -0.4850758126957864200 ) ) ;
#5330 = CARTESIAN_POINT ( 'NONE',  ( 0.0000000000000000000, 10.00000000000000000, -1.650000000000000100 ) ) ;
#5331 = EDGE_LOOP ( 'NONE', ( #2384, #4224, #286, #4575 ) ) ;
#5332 = CARTESIAN_POINT ( 'NONE',  ( 0.9310024690984422000, 0.1188372975659756200, -1.696197379426070300 ) ) ;
#5333 = CARTESIAN_POINT ( 'NONE',  ( 1.536457905425595300, 7.733999477119114700, 1.724131792583205100 ) ) ;
#5334 = CARTESIAN_POINT ( 'NONE',  ( -1.467231017252008000, 29.40483281045239000, -0.4850758126957864200 ) ) ;
#5335 = CARTESIAN_POINT ( 'NONE',  ( -1.467231017252008000, 21.00483281045241300, -0.4850758126957864200 ) ) ;
#5336 = CARTESIAN_POINT ( 'NONE',  ( 1.467231017253632000, -0.2576671895475335400, 0.4850758126987769200 ) ) ;
#5337 = CARTESIAN_POINT ( 'NONE',  ( -1.493141931847350400, 17.27149947711909000, 1.330611577944787100 ) ) ;
#5338 = VERTEX_POINT ( 'NONE', #767 ) ;
#5339 = CARTESIAN_POINT ( 'NONE',  ( -3.031088913245536100, 0.0000000000000000000, -1.749999999999998900 ) ) ;
#5340 = CARTESIAN_POINT ( 'NONE',  ( 2.261370884561365800, 1.463166143785797000, -0.4685456816509455700 ) ) ;
#5341 = ORIENTED_EDGE ( 'NONE', *, *, #962, .F. ) ;
#5342 = CARTESIAN_POINT ( 'NONE',  ( 2.261370884561367100, 20.36316614378575100, -0.4685456816509410100 ) ) ;
#5343 = CARTESIAN_POINT ( 'NONE',  ( -1.536457905424029300, 5.983999477119114700, -1.724131792580162900 ) ) ;
#5344 = CARTESIAN_POINT ( 'NONE',  ( 1.865630979764672600, 6.861093549570131100, -0.3865501873620552100 ) ) ;
#5345 = CARTESIAN_POINT ( 'NONE',  ( -1.990681402645799100E-014, 3.656026666236823300, 1.650000000002735700 ) ) ;
#5346 = CARTESIAN_POINT ( 'NONE',  ( -0.3135275320683701400, 2.688166143785794700, -1.513197240508571600 ) ) ;
#5347 = EDGE_CURVE ( 'NONE', #900, #4551, #811, .T. ) ;
#5348 = B_SPLINE_CURVE_WITH_KNOTS ( 'NONE', 3,
 ( #2074, #828, #2532, #5706, #392, #2184 ),
 .UNSPECIFIED., .F., .F.,
 ( 4, 2, 4 ),
 ( 0.002002522390752437000, 0.002997448974640019500, 0.003992375558527602000 ),
 .UNSPECIFIED. ) ;
#5349 = CARTESIAN_POINT ( 'NONE',  ( 1.467231017253632000, 21.44233281045241300, 0.4850758126987769200 ) ) ;
#5350 = EDGE_CURVE ( 'NONE', #3478, #776, #4910, .T. ) ;
#5351 = ORIENTED_EDGE ( 'NONE', *, *, #857, .T. ) ;
#5352 = CARTESIAN_POINT ( 'NONE',  ( -3.999334749797389200, 0.4999999999999947800, -0.07294901687515351100 ) ) ;
#5353 = CARTESIAN_POINT ( 'NONE',  ( 1.877144620350115200, 0.06779960604893910100, -0.6479160110045333300 ) ) ;
#5354 = CARTESIAN_POINT ( 'NONE',  ( -0.4057724631436938600, 10.12566614378577300, -1.958404633406432700 ) ) ;
#5355 = CARTESIAN_POINT ( 'NONE',  ( 1.153703485184449700, 29.17149947711906000, -1.028121427811290000 ) ) ;
#5356 = CARTESIAN_POINT ( 'NONE',  ( 0.3135275320699943400, 18.43816614378575400, 1.513197240511562100 ) ) ;
#5357 = CARTESIAN_POINT ( 'NONE',  ( 1.187172366215480100, 1.083999477119131900, 1.332182035473060700 ) ) ;
#5358 = ORIENTED_EDGE ( 'NONE', *, *, #1864, .T. ) ;
#5359 = CARTESIAN_POINT ( 'NONE',  ( -1.267577771975587600, 6.394426882903465200, -1.422408728879485300 ) ) ;
#5360 = ORIENTED_EDGE ( 'NONE', *, *, #473, .T. ) ;
#5361 = CARTESIAN_POINT ( 'NONE',  ( -1.898914394991857200, 12.25483281045243400, -0.6277930554631422400 ) ) ;
#5362 = DIRECTION ( 'NONE',  ( 0.0000000000000000000, 0.0000000000000000000, -1.000000000000000000 ) ) ;
#5363 = CARTESIAN_POINT ( 'NONE',  ( -1.126735949052869900E-015, 0.0000000000000000000, -3.500000000000000000 ) ) ;
#5364 = CARTESIAN_POINT ( 'NONE',  ( 1.898914394993492600, 7.092332810452448100, 0.6277930554660975400 ) ) ;
#5365 = FACE_OUTER_BOUND ( 'NONE', #394, .T. ) ;
#5366 = ORIENTED_EDGE ( 'NONE', *, *, #62, .F. ) ;
#5367 = CARTESIAN_POINT ( 'NONE',  ( -1.536457905424018200, 5.896499477119123300, -1.724131792580173600 ) ) ;
#5368 = DIRECTION ( 'NONE',  ( 0.0000000000000000000, 0.0000000000000000000, -1.000000000000000000 ) ) ;
#5369 = ADVANCED_FACE ( 'NONE', ( #4623 ), #5322, .F. ) ;
#5370 = CARTESIAN_POINT ( 'NONE',  ( 8.778253695876226200E-016, 6.106026666236926900, -1.649999999999744800 ) ) ;
#5371 = CARTESIAN_POINT ( 'NONE',  ( 2.149256308119709100E-014, 5.756026666236823400, 1.650000000002736200 ) ) ;
#5372 = CARTESIAN_POINT ( 'NONE',  ( -1.187172366213856000, 0.6464994771191299200, -1.332182035470070400 ) ) ;
#5373 = LINE ( 'NONE', #1476, #3665 ) ;
#5374 = CARTESIAN_POINT ( 'NONE',  ( 1.187172366215480100, 21.38399947711908000, 1.332182035473060700 ) ) ;
#5375 = DIRECTION ( 'NONE',  ( 0.0000000000000000000, -1.000000000000000000, 0.0000000000000000000 ) ) ;
#5376 = CARTESIAN_POINT ( 'NONE',  ( 0.7397092485561809200, 3.956367515826133600, -1.650000000000108900 ) ) ;
#5377 = CARTESIAN_POINT ( 'NONE',  ( -2.261370884559743600, 6.800666143785782000, 0.4685456816539321200 ) ) ;
#5378 = FACE_OUTER_BOUND ( 'NONE', #5110, .T. ) ;
#5379 = CARTESIAN_POINT ( 'NONE',  ( -1.747289668290160200, 28.06316614378572900, 0.3620304100784984500 ) ) ;
#5380 = CARTESIAN_POINT ( 'NONE',  ( 1.153703485184449700, 17.97149947711908900, -1.028121427811290000 ) ) ;
#5381 = CARTESIAN_POINT ( 'NONE',  ( 0.7249129791365839200, 4.379832810452454000, -2.192677474232650700 ) ) ;
#5382 = PLANE ( 'NONE',  #2159 ) ;
#5383 = CYLINDRICAL_SURFACE ( 'NONE', #3176, 1.650000000000000100 ) ;
#5384 = CARTESIAN_POINT ( 'NONE',  ( 2.062843076693681200, 0.4999999999999947800, -3.427050983124842800 ) ) ;
#5385 = CARTESIAN_POINT ( 'NONE',  ( 0.0000000000000000000, 10.00000000000000000, 0.0000000000000000000 ) ) ;
#5386 = EDGE_CURVE ( 'NONE', #279, #4923, #3721, .T. ) ;
#5387 = CARTESIAN_POINT ( 'NONE',  ( 0.7249129791365839200, 21.17983281045241400, -2.192677474232650700 ) ) ;
#5388 = ORIENTED_EDGE ( 'NONE', *, *, #4584, .F. ) ;
#5389 = CARTESIAN_POINT ( 'NONE',  ( -9.429543486215421600E-015, 8.414381477805617800, -1.649999999999745000 ) ) ;
#5390 = CARTESIAN_POINT ( 'NONE',  ( 0.5601173020771160700, -0.1701671895475371200, -1.694212445547072400 ) ) ;
#5391 = ADVANCED_FACE ( 'NONE', ( #601 ), #2579, .F. ) ;
#5392 = CARTESIAN_POINT ( 'NONE',  ( -1.187172366213856000, 21.03399947711908200, -1.332182035470070400 ) ) ;
#5393 =( BOUNDED_CURVE ( )  B_SPLINE_CURVE ( 2, ( #5160, #1955, #5637, #3364, #4270, #2912, #1559, #5657, #2461 ),
 .UNSPECIFIED., .F., .F. ) 
 B_SPLINE_CURVE_WITH_KNOTS ( ( 3, 2, 2, 2, 3 ),
 ( 0.2844461576196344300, 0.2851851851851852100, 0.2888888888888888600, 0.2925925925925926300, 0.2955572687307420600 ),
 .UNSPECIFIED. ) 
 CURVE ( )  GEOMETRIC_REPRESENTATION_ITEM ( )  RATIONAL_B_SPLINE_CURVE ( ( 0.9572025516544313600, 0.9732670516845550700, 1.000000000000000000, 0.8660254037844386000, 1.000000000000000000, 0.8660254037844386000, 1.000000000000000000, 0.8927583521000087600, 0.9572025516542808100 ) ) 
 REPRESENTATION_ITEM ( '' )  );
#5394 = EDGE_LOOP ( 'NONE', ( #765, #449, #3894, #1334 ) ) ;
#5395 = EDGE_CURVE ( 'NONE', #3941, #3495, #1714, .T. ) ;
#5396 = CARTESIAN_POINT ( 'NONE',  ( 0.0000000000000000000, 0.0000000000000000000, 0.0000000000000000000 ) ) ;
#5397 = CARTESIAN_POINT ( 'NONE',  ( 1.566604375870941800, 8.202760216236795200, 0.5179292707602105600 ) ) ;
#5398 = CARTESIAN_POINT ( 'NONE',  ( 1.493141931848975100, 6.508999477119116900, -1.330611577941795300 ) ) ;
#5399 = PERSON_AND_ORGANIZATION ( #1475, #5042 ) ;
#5400 = CARTESIAN_POINT ( 'NONE',  ( 0.3135275320699943400, 17.73816614378575500, 1.513197240511562100 ) ) ;
#5401 = ADVANCED_FACE ( 'NONE', ( #3425 ), #2926, .F. ) ;
#5402 = CARTESIAN_POINT ( 'NONE',  ( -2.261370884559743600, 5.313166143785792000, 0.4685456816539321200 ) ) ;
#5403 = ORIENTED_EDGE ( 'NONE', *, *, #892, .F. ) ;
#5404 = CARTESIAN_POINT ( 'NONE',  ( -0.7249129791349598900, 12.42983281045243500, 2.192677474235640700 ) ) ;
#5405 = CARTESIAN_POINT ( 'NONE',  ( 8.118505867571457200E-013, -0.8576671895476062300, 1.495331636292007700E-012 ) ) ;
#5406 = CARTESIAN_POINT ( 'NONE',  ( -0.3397187001173407900, -5.298191085075646600E-016, -3.499999999999999100 ) ) ;
#5407 = VECTOR ( 'NONE', #327, 1000.000000000000000 ) ;
#5408 = DIRECTION ( 'NONE',  ( 0.0000000000000000000, -1.000000000000000000, 0.0000000000000000000 ) ) ;
#5409 = CARTESIAN_POINT ( 'NONE',  ( 0.6277930554654996800, 5.867332810452445800, -1.898914394991155100 ) ) ;
#5410 = VERTEX_POINT ( 'NONE', #1732 ) ;
#5411 = CARTESIAN_POINT ( 'NONE',  ( 8.118505867571457200E-013, -0.8576671895476062300, 1.495331636292007700E-012 ) ) ;
#5412 = CARTESIAN_POINT ( 'NONE',  ( -1.536457905423971100, 21.29649947711908100, -1.724131792580214700 ) ) ;
#5413 = CARTESIAN_POINT ( 'NONE',  ( 8.778253695876226200E-016, 9.114381477805618900, -1.649999999999745200 ) ) ;
#5414 = CARTESIAN_POINT ( 'NONE',  ( 8.118505867571457200E-013, -0.8576671895476062300, 1.495331636292007700E-012 ) ) ;
#5415 = CARTESIAN_POINT ( 'NONE',  ( -9.429543486215421600E-015, 5.406026666236929400, -1.649999999999745000 ) ) ;
#5416 = CARTESIAN_POINT ( 'NONE',  ( 1.747289668291783300, -0.2868338562141952700, -0.3620304100755075700 ) ) ;
#5417 = ORIENTED_EDGE ( 'NONE', *, *, #1086, .T. ) ;
#5418 = CARTESIAN_POINT ( 'NONE',  ( -1.467231017252008000, 19.69233281045241300, -0.4850758126957864200 ) ) ;
#5419 = CARTESIAN_POINT ( 'NONE',  ( 0.7397092485561767000, 3.464722327394830000, -1.650000000000113400 ) ) ;
#5420 = ORIENTED_EDGE ( 'NONE', *, *, #4993, .F. ) ;
#5421 = CARTESIAN_POINT ( 'NONE',  ( -1.153703485182825400, 15.52149947711909300, 1.028121427814281600 ) ) ;
#5422 = CARTESIAN_POINT ( 'NONE',  ( -0.7249129791349598900, 4.729832810452460700, 2.192677474235640700 ) ) ;
#5423 = CARTESIAN_POINT ( 'NONE',  ( -2.261370884559743600, 10.91316614378577100, 0.4685456816539321200 ) ) ;
#5424 = CARTESIAN_POINT ( 'NONE',  ( 1.566604375870941800, 2.394405404668111400, 0.5179292707602104500 ) ) ;
#5425 = EDGE_CURVE ( 'NONE', #1789, #2547, #4336, .T. ) ;
#5426 = ORIENTED_EDGE ( 'NONE', *, *, #5207, .T. ) ;
#5427 = CARTESIAN_POINT ( 'NONE',  ( 3.999334749797389200, 9.500000000000005300, -0.07294901687515871500 ) ) ;
#5428 = DIRECTION ( 'NONE',  ( 0.0000000000000000000, 0.0000000000000000000, -1.000000000000000000 ) ) ;
#5429 = CARTESIAN_POINT ( 'NONE',  ( 0.6277930554654571600, 5.167332810452447400, -1.898914394991169100 ) ) ;
#5430 = ORIENTED_EDGE ( 'NONE', *, *, #625, .F. ) ;
#5431 = CARTESIAN_POINT ( 'NONE',  ( 1.536457905425661100, 2.746499477119128700, 1.724131792583145900 ) ) ;
#5432 =( BOUNDED_CURVE ( )  B_SPLINE_CURVE ( 2, ( #4605, #974, #4992, #1373, #5529 ),
 .UNSPECIFIED., .F., .F. ) 
 B_SPLINE_CURVE_WITH_KNOTS ( ( 3, 2, 3 ),
 ( 0.9611111111111112500, 0.9629629629629629100, 0.9652060383838430000 ),
 .UNSPECIFIED. ) 
 CURVE ( )  GEOMETRIC_REPRESENTATION_ITEM ( )  RATIONAL_B_SPLINE_CURVE ( ( 0.9330127018922194100, 0.9330127018922254000, 1.000000000000000000, 0.9188609165757669600, 0.9360024183504160900 ) ) 
 REPRESENTATION_ITEM ( '' )  );
#5433 = CARTESIAN_POINT ( 'NONE',  ( 1.136605634099568900, 2.248572071335497300, -1.730697752765544500 ) ) ;
#5434 = ADVANCED_FACE ( 'NONE', ( #4121 ), #1376, .T. ) ;
#5435 = CARTESIAN_POINT ( 'NONE',  ( -0.3347622820936569900, 4.027738738001438000, -1.615683822561260000 ) ) ;
#5436 = CARTESIAN_POINT ( 'NONE',  ( 2.143592918638497900E-014, 5.264381477805517100, 1.650000000002736200 ) ) ;
#5437 = CARTESIAN_POINT ( 'NONE',  ( -1.536457905423971100, 29.08399947711905800, -1.724131792580214700 ) ) ;
#5438 = ORIENTED_EDGE ( 'NONE', *, *, #2867, .T. ) ;
#5439 = EDGE_CURVE ( 'NONE', #3830, #1794, #5848, .T. ) ;
#5440 = CARTESIAN_POINT ( 'NONE',  ( 1.153703485184449700, 18.75899947711908700, -1.028121427811290000 ) ) ;
#5441 = CARTESIAN_POINT ( 'NONE',  ( 0.1691400011358079300, 3.175736410535217500, 1.650000000002816800 ) ) ;
#5442 = ORIENTED_EDGE ( 'NONE', *, *, #5751, .T. ) ;
#5443 = CARTESIAN_POINT ( 'NONE',  ( 1.467231017253632000, 15.75483281045242400, 0.4850758126987769200 ) ) ;
#5444 = CARTESIAN_POINT ( 'NONE',  ( -1.493141931847350400, 6.771499477119115300, 1.330611577944787100 ) ) ;
#5445 = CARTESIAN_POINT ( 'NONE',  ( -1.493141931847350400, 13.07149947711910100, 1.330611577944787100 ) ) ;
#5446 = CYLINDRICAL_SURFACE ( 'NONE', #2044, 1.650000000000000100 ) ;
#5447 = DIRECTION ( 'NONE',  ( 0.0000000000000000000, 0.0000000000000000000, -1.000000000000000000 ) ) ;
#5448 = CARTESIAN_POINT ( 'NONE',  ( 1.898914394993497700, 4.992332810452453800, 0.6277930554660826600 ) ) ;
#5449 = APPROVAL ( #2101, 'UNSPECIFIED' ) ;
#5450 = FACE_OUTER_BOUND ( 'NONE', #2091, .T. ) ;
#5451 = CARTESIAN_POINT ( 'NONE',  ( -2.261370884559728500, 8.813166143785780400, 0.4685456816540023400 ) ) ;
#5452 = DIRECTION ( 'NONE',  ( -0.0000000000000000000, -1.000000000000000000, -0.0000000000000000000 ) ) ;
#5453 = CARTESIAN_POINT ( 'NONE',  ( -0.1691400011349813400, 4.925736410535262300, -1.649999999999660800 ) ) ;
#5454 = CARTESIAN_POINT ( 'NONE',  ( -1.898914394991857200, 28.44233281045239200, -0.6277930554631422400 ) ) ;
#5455 = CARTESIAN_POINT ( 'NONE',  ( -0.3135275320683701400, 18.87566614378575400, -1.513197240508571600 ) ) ;
#5456 = LINE ( 'NONE', #4254, #1483 ) ;
#5457 = CARTESIAN_POINT ( 'NONE',  ( -0.6718995274061860800, 9.949673664068745500, 3.500000000000000900 ) ) ;
#5458 = CARTESIAN_POINT ( 'NONE',  ( -0.1691400011349762900, 1.425736410535273400, -1.649999999999662600 ) ) ;
#5459 = CARTESIAN_POINT ( 'NONE',  ( -1.467231017252008000, 17.50483281045242000, -0.4850758126957864200 ) ) ;
#5460 = ADVANCED_FACE ( 'NONE', ( #2294 ), #2088, .F. ) ;
#5461 = CARTESIAN_POINT ( 'NONE',  ( -2.261370884559743600, 4.613166143785790900, 0.4685456816539321200 ) ) ;
#5462 = AXIS2_PLACEMENT_3D ( 'NONE', #3133, #4407, #5362 ) ;
#5463 = CARTESIAN_POINT ( 'NONE',  ( -1.898914394991857200, 10.15483281045244400, -0.6277930554631422400 ) ) ;
#5464 = DIRECTION ( 'NONE',  ( 0.0000000000000000000, -1.000000000000000000, 0.0000000000000000000 ) ) ;
#5465 = CARTESIAN_POINT ( 'NONE',  ( 0.6277930554654870300, 6.567332810452445100, -1.898914394991159500 ) ) ;
#5466 = CARTESIAN_POINT ( 'NONE',  ( -1.898914394991870800, 9.454832810452444400, -0.6277930554631012700 ) ) ;
#5467 = EDGE_CURVE ( 'NONE', #200, #758, #4690, .T. ) ;
#5468 = CARTESIAN_POINT ( 'NONE',  ( 0.6277930554654681500, 1.579832810452460600, -1.898914394991157600 ) ) ;
#5469 = CARTESIAN_POINT ( 'NONE',  ( 0.7249129791365839200, 19.77983281045241500, -2.192677474232650700 ) ) ;
#5470 = CARTESIAN_POINT ( 'NONE',  ( 2.143592918638497900E-014, 3.164381477805523700, 1.650000000002736200 ) ) ;
#5471 = CARTESIAN_POINT ( 'NONE',  ( -9.429543486215421600E-015, 5.614381477805626900, -1.649999999999745000 ) ) ;
#5472 = ORIENTED_EDGE ( 'NONE', *, *, #2893, .F. ) ;
#5473 = CARTESIAN_POINT ( 'NONE',  ( 0.7249129791365839200, 27.56733281045239500, -2.192677474232650700 ) ) ;
#5474 = CARTESIAN_POINT ( 'NONE',  ( 1.187172366215480100, 17.88399947711908700, 1.332182035473060700 ) ) ;
#5475 = FACE_OUTER_BOUND ( 'NONE', #4573, .T. ) ;
#5476 = ORIENTED_EDGE ( 'NONE', *, *, #174, .T. ) ;
#5477 = CARTESIAN_POINT ( 'NONE',  ( -0.1178367025176330200, 0.3724712436182214300, 1.677528756381778900 ) ) ;
#5478 = CARTESIAN_POINT ( 'NONE',  ( -1.536457905423971100, 3.883999477119123500, -1.724131792580214700 ) ) ;
#5479 = CARTESIAN_POINT ( 'NONE',  ( -1.747289668290160200, 17.56316614378575700, 0.3620304100784984500 ) ) ;
#5480 = CARTESIAN_POINT ( 'NONE',  ( -0.7249129791349598900, -0.1701671895475371200, 2.192677474235640700 ) ) ;
#5481 = CARTESIAN_POINT ( 'NONE',  ( 0.4057724631453182900, 8.288166143785781900, 1.958404633409422900 ) ) ;
#5482 = ORIENTED_EDGE ( 'NONE', *, *, #4707, .T. ) ;
#5483 = APPROVAL ( #1670, 'UNSPECIFIED' ) ;
#5484 = DIRECTION ( 'NONE',  ( 0.0000000000000000000, 0.0000000000000000000, -1.000000000000000000 ) ) ;
#5485 = DIRECTION ( 'NONE',  ( 0.0000000000000000000, 0.0000000000000000000, -1.000000000000000000 ) ) ;
#5486 = DIRECTION ( 'NONE',  ( -0.0000000000000000000, -1.000000000000000000, -0.0000000000000000000 ) ) ;
#5487 = CARTESIAN_POINT ( 'NONE',  ( 0.6277930554654848100, 4.379832810452449500, -1.898914394991160200 ) ) ;
#5488 = CARTESIAN_POINT ( 'NONE',  ( 0.7249129791365839200, 22.66733281045241100, -2.192677474232650700 ) ) ;
#5489 = ORIENTED_EDGE ( 'NONE', *, *, #3567, .T. ) ;
#5490 = CARTESIAN_POINT ( 'NONE',  ( -1.898914394991875900, 6.742332810452448500, -0.6277930554630863900 ) ) ;
#5491 = CARTESIAN_POINT ( 'NONE',  ( 1.536457905425595300, 18.84649947711908500, 1.724131792583205100 ) ) ;
#5492 = CARTESIAN_POINT ( 'NONE',  ( -2.062843076693679400, 0.4999999999999947800, -3.427050983124843200 ) ) ;
#5493 = ADVANCED_FACE ( 'NONE', ( #1175 ), #3002, .F. ) ;
#5494 = CARTESIAN_POINT ( 'NONE',  ( 3.031088913245535600, 10.00000000000000000, 1.749999999999999300 ) ) ;
#5495 = CARTESIAN_POINT ( 'NONE',  ( 0.7397092485561765900, 7.456367515826122400, -1.650000000000113400 ) ) ;
#5496 = CARTESIAN_POINT ( 'NONE',  ( 1.536457905425595300, 28.73399947711906000, 1.724131792583205100 ) ) ;
#5497 = CARTESIAN_POINT ( 'NONE',  ( 1.467231017253632000, 16.54233281045242900, 0.4850758126987769200 ) ) ;
#5498 = ORIENTED_EDGE ( 'NONE', *, *, #5439, .T. ) ;
#5499 = PRODUCT ( '1516-4008-0100', '1516-4008-0100', '', ( #2080 ) ) ;
#5500 = CARTESIAN_POINT ( 'NONE',  ( -1.898914394991857200, 29.75483281045239200, -0.6277930554631422400 ) ) ;
#5501 = CARTESIAN_POINT ( 'NONE',  ( 2.062843076693680700, 10.00000000000000000, -3.427050983124841900 ) ) ;
#5502 = CARTESIAN_POINT ( 'NONE',  ( 2.261370884561367100, 4.350666143785788100, -0.4685456816509410100 ) ) ;
#5503 = CARTESIAN_POINT ( 'NONE',  ( 1.747289668291783300, 13.01316614378576700, -0.3620304100755075700 ) ) ;
#5504 = CARTESIAN_POINT ( 'NONE',  ( 0.4057724631453182900, 0.5881661437857967900, 1.958404633409422900 ) ) ;
#5505 = ORIENTED_EDGE ( 'NONE', *, *, #1479, .F. ) ;
#5506 = CARTESIAN_POINT ( 'NONE',  ( 0.7249129791365839200, 8.579832810452442600, -2.192677474232650700 ) ) ;
#5507 = DIRECTION ( 'NONE',  ( 0.0000000000000000000, 1.000000000000000000, 0.0000000000000000000 ) ) ;
#5508 = EDGE_CURVE ( 'NONE', #279, #5072, #5709, .T. ) ;
#5509 = CARTESIAN_POINT ( 'NONE',  ( 1.485349013486842600, 0.3688730995021753400, -0.8132285477318663700 ) ) ;
#5510 = B_SPLINE_CURVE_WITH_KNOTS ( 'NONE', 3,
 ( #1675, #1221, #2989, #5733, #3010, #4839, #2952, #710, #5697, #4329, #3441, #3853, #1601, #4786, #4766, #2063 ),
 .UNSPECIFIED., .F., .F.,
 ( 4, 2, 2, 2, 2, 2, 2, 4 ),
 ( 0.005854034684107876400, 0.006281613068513682700, 0.006709191452919489900, 0.007564348221731102500, 0.007991926606136907900, 0.008419504990542715100, 0.008847083374948520500, 0.009274661759354326000 ),
 .UNSPECIFIED. ) ;
#5511 = CARTESIAN_POINT ( 'NONE',  ( 0.0000000000000000000, 10.00000000000000000, 0.0000000000000000000 ) ) ;
#5512 = AXIS2_PLACEMENT_3D ( 'NONE', #3005, #1177, #4760 ) ;
#5513 = ORIENTED_EDGE ( 'NONE', *, *, #1078, .F. ) ;
#5514 = VERTEX_POINT ( 'NONE', #3088 ) ;
#5515 = CARTESIAN_POINT ( 'NONE',  ( -0.7397092485552133600, 8.714722327394756700, 1.650000000002363100 ) ) ;
#5516 = CARTESIAN_POINT ( 'NONE',  ( -1.493141931847350400, 28.55899947711905900, 1.330611577944787100 ) ) ;
#5517 = EDGE_CURVE ( 'NONE', #586, #2433, #1028, .T. ) ;
#5518 = LINE ( 'NONE', #4471, #2332 ) ;
#5519 = CARTESIAN_POINT ( 'NONE',  ( 1.467231017253632000, 15.14233281045242700, 0.4850758126987769200 ) ) ;
#5520 = ORIENTED_EDGE ( 'NONE', *, *, #288, .T. ) ;
#5521 = CARTESIAN_POINT ( 'NONE',  ( 0.1189804768313309200, 2.311093549569422500, -2.067131037216798800 ) ) ;
#5522 = CARTESIAN_POINT ( 'NONE',  ( 0.0000000000000000000, 0.4999999999999947800, 0.0000000000000000000 ) ) ;
#5523 = CARTESIAN_POINT ( 'NONE',  ( -1.536457905423971100, 5.283999477119121700, -1.724131792580214700 ) ) ;
#5524 = CYLINDRICAL_SURFACE ( 'NONE', #954, 2.000000000000000000 ) ;
#5525 = CARTESIAN_POINT ( 'NONE',  ( -1.153703485182825400, 14.12149947711909600, 1.028121427814281600 ) ) ;
#5526 = CARTESIAN_POINT ( 'NONE',  ( -1.898914394991857200, 2.454832810452459000, -0.6277930554631422400 ) ) ;
#5527 = CARTESIAN_POINT ( 'NONE',  ( -0.7249129791349598900, 7.529832810452449000, 2.192677474235640700 ) ) ;
#5528 = CARTESIAN_POINT ( 'NONE',  ( 2.261370884561353800, 7.063166143785784900, -0.4685456816510054100 ) ) ;
#5529 = CARTESIAN_POINT ( 'NONE',  ( 1.991686324884295500, 0.04999999999912807500, -0.1821691062490760100 ) ) ;
#5530 = DIRECTION ( 'NONE',  ( 0.0000000000000000000, -1.000000000000000000, 0.0000000000000000000 ) ) ;
#5531 = CARTESIAN_POINT ( 'NONE',  ( 1.536457905425623800, 2.833999477119128100, 1.724131792583178700 ) ) ;
#5532 = CARTESIAN_POINT ( 'NONE',  ( 2.370884370763732400, 0.2279604831668045900, 2.893507810966248000 ) ) ;
#5533 = CARTESIAN_POINT ( 'NONE',  ( -1.990681402645799100E-014, 1.556026666236827800, 1.650000000002735700 ) ) ;
#5534 = CARTESIAN_POINT ( 'NONE',  ( 1.493141931848975100, 23.30899947711907300, -1.330611577941795300 ) ) ;
#5535 = FACE_OUTER_BOUND ( 'NONE', #3518, .T. ) ;
#5536 = CARTESIAN_POINT ( 'NONE',  ( -1.566604375869318000, 7.152760216236795400, -0.5179292707572200600 ) ) ;
#5537 = CARTESIAN_POINT ( 'NONE',  ( 2.065211521872296600, 9.919096480061899300, 0.1247865227761591600 ) ) ;
#5538 = CARTESIAN_POINT ( 'NONE',  ( 1.536457905425595300, 20.33399947711907900, 1.724131792583205100 ) ) ;
#5539 = CARTESIAN_POINT ( 'NONE',  ( -1.536457905423971100, 24.88399947711906900, -1.724131792580214700 ) ) ;
#5540 = CARTESIAN_POINT ( 'NONE',  ( 1.747289668291783300, 14.50066614378576300, -0.3620304100755075700 ) ) ;
#5541 = ORIENTED_EDGE ( 'NONE', *, *, #509, .T. ) ;
#5542 = CARTESIAN_POINT ( 'NONE',  ( -3.031088913245535200, 0.0000000000000000000, 1.750000000000000400 ) ) ;
#5543 = CARTESIAN_POINT ( 'NONE',  ( 1.536457905425595300, 3.533999477119122100, 1.724131792583205100 ) ) ;
#5544 = CARTESIAN_POINT ( 'NONE',  ( 2.261370884561356900, 9.163166143785774800, -0.4685456816509874800 ) ) ;
#5545 = CARTESIAN_POINT ( 'NONE',  ( -1.153703485182825400, 12.02149947711910500, 1.028121427814281600 ) ) ;
#5546 =( BOUNDED_CURVE ( )  B_SPLINE_CURVE ( 2, ( #910, #3128, #2356, #3714, #4598, #130, #2845, #2395, #2336 ),
 .UNSPECIFIED., .F., .F. ) 
 B_SPLINE_CURVE_WITH_KNOTS ( ( 3, 2, 2, 2, 3 ),
 ( 0.7833333333333334400, 0.7851851851851852100, 0.7888888888888888600, 0.7925925925925926300, 0.7944444444444446200 ),
 .UNSPECIFIED. ) 
 CURVE ( )  GEOMETRIC_REPRESENTATION_ITEM ( )  RATIONAL_B_SPLINE_CURVE ( ( 0.9330127018922194100, 0.9330127018922234100, 1.000000000000000000, 0.8660254037844387100, 1.000000000000000000, 0.8660254037844387100, 1.000000000000000000, 0.9330127018922133000, 0.9330127018922194100 ) ) 
 REPRESENTATION_ITEM ( '' )  );
#5547 = CARTESIAN_POINT ( 'NONE',  ( 1.536457905425595300, 0.6464994771191299200, 1.724131792583205100 ) ) ;
#5548 = ORIENTED_EDGE ( 'NONE', *, *, #3770, .T. ) ;
#5549 = AXIS2_PLACEMENT_3D ( 'NONE', #610, #5187, #590 ) ;
#5550 = CARTESIAN_POINT ( 'NONE',  ( -0.7249129791349598900, 10.32983281045244100, 2.192677474235640700 ) ) ;
#5551 = DIRECTION ( 'NONE',  ( -0.0000000000000000000, -1.000000000000000000, -0.0000000000000000000 ) ) ;
#5552 = CARTESIAN_POINT ( 'NONE',  ( 1.960689590513366300, 9.950000000000496700, -0.3945837422582511600 ) ) ;
#5553 = LINE ( 'NONE', #3435, #2998 ) ;
#5554 = CARTESIAN_POINT ( 'NONE',  ( 0.7249129791365839200, 21.96733281045241200, -2.192677474232650700 ) ) ;
#5555 = ORIENTED_EDGE ( 'NONE', *, *, #1488, .T. ) ;
#5556 = CARTESIAN_POINT ( 'NONE',  ( 1.153703485184449700, 8.258999477119111500, -1.028121427811290000 ) ) ;
#5557 = EDGE_CURVE ( 'NONE', #5410, #58, #2821, .T. ) ;
#5558 = CARTESIAN_POINT ( 'NONE',  ( -1.136605634097935100, 1.986072071335494500, 1.730697752768532500 ) ) ;
#5559 = ADVANCED_FACE ( 'NONE', ( #2227 ), #1170, .F. ) ;
#5560 = CARTESIAN_POINT ( 'NONE',  ( -1.865630979763049500, 3.711093549570140500, 0.3865501873650462100 ) ) ;
#5561 = CARTESIAN_POINT ( 'NONE',  ( 1.493141931848975100, 25.40899947711906700, -1.330611577941795300 ) ) ;
#5562 = EDGE_LOOP ( 'NONE', ( #5341, #382, #5850, #1886 ) ) ;
#5563 = CARTESIAN_POINT ( 'NONE',  ( -1.747289668290160200, 14.85066614378576200, 0.3620304100784984500 ) ) ;
#5564 = DIRECTION ( 'NONE',  ( 0.0000000000000000000, 1.000000000000000000, 0.0000000000000000000 ) ) ;
#5565 = CARTESIAN_POINT ( 'NONE',  ( -0.4057724631436938600, 3.825666143785787300, -1.958404633406432700 ) ) ;
#5566 = ORIENTED_EDGE ( 'NONE', *, *, #3796, .T. ) ;
#5567 = CARTESIAN_POINT ( 'NONE',  ( 1.865630979764672600, 4.761093549570139400, -0.3865501873620552100 ) ) ;
#5568 = CARTESIAN_POINT ( 'NONE',  ( -0.3135275320683701400, 11.08816614378577200, -1.513197240508571600 ) ) ;
#5569 = CARTESIAN_POINT ( 'NONE',  ( -0.4057724631436938600, 0.2381661437858007000, -1.958404633406432700 ) ) ;
#5570 = CARTESIAN_POINT ( 'NONE',  ( -1.594366514425770600, 9.685588419049262000, -0.6953795554698517500 ) ) ;
#5571 = DIRECTION ( 'NONE',  ( -0.0000000000000000000, -1.000000000000000000, -0.0000000000000000000 ) ) ;
#5572 = CARTESIAN_POINT ( 'NONE',  ( -0.6277930554638409000, 6.217332810452446300, 1.898914394994157400 ) ) ;
#5573 = ORIENTED_EDGE ( 'NONE', *, *, #1642, .T. ) ;
#5574 = CARTESIAN_POINT ( 'NONE',  ( 1.267577771977211700, 8.636072071334764300, 1.422408728882475800 ) ) ;
#5575 = DIRECTION ( 'NONE',  ( -0.0000000000000000000, -1.000000000000000000, -0.0000000000000000000 ) ) ;
#5576 = CARTESIAN_POINT ( 'NONE',  ( 1.865630979764672600, 2.661093549570145100, -0.3865501873620552100 ) ) ;
#5577 = CARTESIAN_POINT ( 'NONE',  ( 0.4057724631453182900, 22.37566614378574300, 1.958404633409422900 ) ) ;
#5578 = CARTESIAN_POINT ( 'NONE',  ( 1.467231017253632000, 7.442332810452447800, 0.4850758126987769200 ) ) ;
#5579 = CARTESIAN_POINT ( 'NONE',  ( -0.6277930554638493400, 1.317332810452458900, 1.898914394994154900 ) ) ;
#5580 = CARTESIAN_POINT ( 'NONE',  ( -0.3347622820936569900, 7.036093549570128200, -1.615683822561260200 ) ) ;
#5581 = CARTESIAN_POINT ( 'NONE',  ( -0.4057724631437299400, 0.3256661437857980000, -1.958404633406425300 ) ) ;
#5582 = CARTESIAN_POINT ( 'NONE',  ( -2.261370884559743600, 20.10066614378574500, 0.4685456816539321200 ) ) ;
#5583 = CARTESIAN_POINT ( 'NONE',  ( 0.7249129791365839200, 26.16733281045240000, -2.192677474232650700 ) ) ;
#5584 = EDGE_LOOP ( 'NONE', ( #5214, #4055, #4614, #3202 ) ) ;
#5585 = CARTESIAN_POINT ( 'NONE',  ( -1.153703485182825400, 12.80899947711910000, 1.028121427814281600 ) ) ;
#5586 = CARTESIAN_POINT ( 'NONE',  ( -0.4057724631437568700, 2.338166143785791500, -1.958404633406419800 ) ) ;
#5587 = ORIENTED_EDGE ( 'NONE', *, *, #5278, .T. ) ;
#5588 = CARTESIAN_POINT ( 'NONE',  ( 0.0000000000000000000, 10.00000000000000000, 0.0000000000000000000 ) ) ;
#5589 = CARTESIAN_POINT ( 'NONE',  ( 0.7249129791365839200, 0.9673328104524657700, -2.192677474232650700 ) ) ;
#5590 = CARTESIAN_POINT ( 'NONE',  ( 0.6277930554655017900, 9.279832810452438400, -1.898914394991154700 ) ) ;
#5591 = CARTESIAN_POINT ( 'NONE',  ( 1.467231017253632000, 12.25483281045243400, 0.4850758126987769200 ) ) ;
#5592 =( BOUNDED_CURVE ( )  B_SPLINE_CURVE ( 2, ( #4519, #2263, #446, #5014, #5424, #3167, #3204, #2696, #498 ),
 .UNSPECIFIED., .F., .F. ) 
 B_SPLINE_CURVE_WITH_KNOTS ( ( 3, 2, 2, 2, 3 ),
 ( 0.1177794909529642500, 0.1185185185185184700, 0.1222222222222222300, 0.1259259259259258900, 0.1288906020640788700 ),
 .UNSPECIFIED. ) 
 CURVE ( )  GEOMETRIC_REPRESENTATION_ITEM ( )  RATIONAL_B_SPLINE_CURVE ( ( 0.9572025516542808100, 0.9732670516844298400, 1.000000000000000000, 0.8660254037844386000, 1.000000000000000000, 0.8660254037844386000, 1.000000000000000000, 0.8927583520998835200, 0.9572025516544313600 ) ) 
 REPRESENTATION_ITEM ( '' )  );
#5593 = CARTESIAN_POINT ( 'NONE',  ( -2.261370884559743600, -0.2868338562141952700, 0.4685456816539321200 ) ) ;
#5594 = CARTESIAN_POINT ( 'NONE',  ( 1.493141931848941400, 4.408999477119122500, -1.330611577941833300 ) ) ;
#5595 = CYLINDRICAL_SURFACE ( 'NONE', #3549, 1.650000000000000100 ) ;
#5596 = ORIENTED_EDGE ( 'NONE', *, *, #4435, .T. ) ;
#5597 = CARTESIAN_POINT ( 'NONE',  ( 2.143592918638497900E-014, 5.264381477805517100, 1.650000000002736200 ) ) ;
#5598 = EDGE_CURVE ( 'NONE', #3349, #1807, #5208, .T. ) ;
#5599 = CARTESIAN_POINT ( 'NONE',  ( -1.267577771975587600, 6.886072071334770500, -1.422408728879485300 ) ) ;
#5600 = CARTESIAN_POINT ( 'NONE',  ( 3.031088913245535200, 10.00000000000000000, -1.750000000000000400 ) ) ;
#5601 = CARTESIAN_POINT ( 'NONE',  ( 1.187172366215480100, 26.19649947711906500, 1.332182035473060700 ) ) ;
#5602 = CARTESIAN_POINT ( 'NONE',  ( 1.187172366215480100, 9.483999477119105800, 1.332182035473060700 ) ) ;
#5603 = LINE ( 'NONE', #5002, #2046 ) ;
#5604 = CARTESIAN_POINT ( 'NONE',  ( -1.990681402645799100E-014, 4.356026666236821200, 1.650000000002735700 ) ) ;
#5605 = CARTESIAN_POINT ( 'NONE',  ( 0.3347622820952812500, 7.386093549570128800, 1.615683822564250500 ) ) ;
#5606 = CARTESIAN_POINT ( 'NONE',  ( 1.536457905425622400, 6.246499477119117600, 1.724131792583180900 ) ) ;
#5607 = CARTESIAN_POINT ( 'NONE',  ( 1.493141931848975100, 19.80899947711908000, -1.330611577941795300 ) ) ;
#5608 = EDGE_CURVE ( 'NONE', #3376, #4076, #3362, .T. ) ;
#5609 = CARTESIAN_POINT ( 'NONE',  ( 1.747289668291783300, 13.80066614378576200, -0.3620304100755075700 ) ) ;
#5610 = CARTESIAN_POINT ( 'NONE',  ( -1.898914394991857200, 28.35483281045239300, -0.6277930554631422400 ) ) ;
#5611 = CARTESIAN_POINT ( 'NONE',  ( 2.261370884561367100, 2.250666143785793800, -0.4685456816509410100 ) ) ;
#5612 = AXIS2_PLACEMENT_3D ( 'NONE', #3867, #4363, #1183 ) ;
#5613 = CARTESIAN_POINT ( 'NONE',  ( 0.3135275320699943400, 9.338166143785777300, 1.513197240511562100 ) ) ;
#5614 = CARTESIAN_POINT ( 'NONE',  ( 0.5601173020771160700, 29.31733281045239500, -1.694212445547072400 ) ) ;
#5615 = CARTESIAN_POINT ( 'NONE',  ( -0.8948287499249335500, 9.641534767284420900, -1.454037825063778900 ) ) ;
#5616 = CARTESIAN_POINT ( 'NONE',  ( 1.936491673103708300, 9.500000000000005300, 3.500000000000000000 ) ) ;
#5617 = CARTESIAN_POINT ( 'NONE',  ( -1.566604375869318000, 2.252760216236807900, -0.5179292707572200600 ) ) ;
#5618 = VECTOR ( 'NONE', #5486, 1000.000000000000000 ) ;
#5619 = AXIS2_PLACEMENT_3D ( 'NONE', #3595, #377, #1802 ) ;
#5620 = CARTESIAN_POINT ( 'NONE',  ( -0.5601173020754920400, 6.567332810452453100, 1.694212445550063300 ) ) ;
#5621 = CARTESIAN_POINT ( 'NONE',  ( 0.1189804768313203500, 6.598593549569412400, -2.067131037216807700 ) ) ;
#5622 = CARTESIAN_POINT ( 'NONE',  ( -0.3347622820936569900, 5.636093549570134100, -1.615683822561260200 ) ) ;
#5623 = CARTESIAN_POINT ( 'NONE',  ( 7.511572993685800100E-016, 10.00000000000000000, 3.500000000000000400 ) ) ;
#5624 = CARTESIAN_POINT ( 'NONE',  ( -1.493141931847350400, 18.05899947711908700, 1.330611577944787100 ) ) ;
#5625 = FACE_OUTER_BOUND ( 'NONE', #1646, .T. ) ;
#5626 = CARTESIAN_POINT ( 'NONE',  ( -1.467231017252008000, 9.892332810452440800, -0.4850758126957864200 ) ) ;
#5627 = PERSON_AND_ORGANIZATION ( #1475, #5042 ) ;
#5628 =( BOUNDED_CURVE ( )  B_SPLINE_CURVE ( 2, ( #1161, #290, #3405, #3887, #3907, #2107, #1618, #3422, #252 ),
 .UNSPECIFIED., .F., .T. ) 
 B_SPLINE_CURVE_WITH_KNOTS ( ( 3, 2, 2, 2, 3 ),
 ( 0.1066683798418566200, 0.1074074074074074000, 0.1111111111111111600, 0.1148148148148148100, 0.1177794909529642500 ),
 .UNSPECIFIED. ) 
 CURVE ( )  GEOMETRIC_REPRESENTATION_ITEM ( )  RATIONAL_B_SPLINE_CURVE ( ( 0.9572025516544304700, 0.9732670516845543000, 1.000000000000000000, 0.8660254037844386000, 1.000000000000000000, 0.8660254037844386000, 1.000000000000000000, 0.8927583521000087600, 0.9572025516542808100 ) ) 
 REPRESENTATION_ITEM ( '' )  );
#5629 = CARTESIAN_POINT ( 'NONE',  ( 0.4057724631453182900, 26.48816614378573300, 1.958404633409422900 ) ) ;
#5630 = ORIENTED_EDGE ( 'NONE', *, *, #3484, .F. ) ;
#5631 = DIRECTION ( 'NONE',  ( 0.0000000000000000000, 0.0000000000000000000, -1.000000000000000000 ) ) ;
#5632 = CARTESIAN_POINT ( 'NONE',  ( 0.7249129791365839200, 1.667332810452462700, -2.192677474232650700 ) ) ;
#5633 = CARTESIAN_POINT ( 'NONE',  ( -0.3135275320683701400, 7.588166143785782600, -1.513197240508571600 ) ) ;
#5634 = EDGE_CURVE ( 'NONE', #4473, #843, #4151, .T. ) ;
#5635 = FACE_OUTER_BOUND ( 'NONE', #142, .T. ) ;
#5636 = CARTESIAN_POINT ( 'NONE',  ( -1.467231017252008000, 28.79233281045239300, -0.4850758126957864200 ) ) ;
#5637 = CARTESIAN_POINT ( 'NONE',  ( -0.3347622820936569900, 7.527738738001433600, -1.615683822561260000 ) ) ;
#5638 = ORIENTED_EDGE ( 'NONE', *, *, #31, .F. ) ;
#5639 = CARTESIAN_POINT ( 'NONE',  ( -1.231842093774848400, 2.369426882903475900, 1.097754551805536500 ) ) ;
#5640 = CARTESIAN_POINT ( 'NONE',  ( 0.3135275320699943400, 24.73816614378573700, 1.513197240511562100 ) ) ;
#5641 = CARTESIAN_POINT ( 'NONE',  ( -1.187172366213856000, 8.433999477119110500, -1.332182035470070400 ) ) ;
#5642 = EDGE_CURVE ( 'NONE', #1447, #4885, #5546, .T. ) ;
#5643 = ORIENTED_EDGE ( 'NONE', *, *, #4250, .F. ) ;
#5644 = DIRECTION ( 'NONE',  ( 0.0000000000000000000, 0.0000000000000000000, -1.000000000000000000 ) ) ;
#5645 = CARTESIAN_POINT ( 'NONE',  ( -1.898914394991866500, 8.142332810452442600, -0.6277930554631143700 ) ) ;
#5646 = DIRECTION ( 'NONE',  ( 0.0000000000000000000, 0.0000000000000000000, -1.000000000000000000 ) ) ;
#5647 = CARTESIAN_POINT ( 'NONE',  ( -0.4057724631436938600, 19.22566614378574800, -1.958404633406432700 ) ) ;
#5648 = CARTESIAN_POINT ( 'NONE',  ( -0.5601173020754920400, 10.76733281045243900, 1.694212445550063300 ) ) ;
#5649 = ORIENTED_EDGE ( 'NONE', *, *, #2213, .T. ) ;
#5650 = CARTESIAN_POINT ( 'NONE',  ( -0.7249129791349598900, 27.82983281045239800, 2.192677474235640700 ) ) ;
#5651 = CARTESIAN_POINT ( 'NONE',  ( -1.787192218148995900, 0.2664016139107938100, 0.02985480828398045000 ) ) ;
#5652 = CARTESIAN_POINT ( 'NONE',  ( 1.493141931848975100, 3.008999477119124000, -1.330611577941795300 ) ) ;
#5653 = CARTESIAN_POINT ( 'NONE',  ( 0.3135275320699943400, 10.03816614378577700, 1.513197240511562100 ) ) ;
#5654 = VERTEX_POINT ( 'NONE', #5094 ) ;
#5655 = ADVANCED_FACE ( 'NONE', ( #2644 ), #41, .F. ) ;
#5656 = CARTESIAN_POINT ( 'NONE',  ( 1.747289668291783300, 28.50066614378572500, -0.3620304100755075700 ) ) ;
#5657 = CARTESIAN_POINT ( 'NONE',  ( -0.7397092485551968200, 7.806367515826064400, 1.650000000002381600 ) ) ;
#5658 = CARTESIAN_POINT ( 'NONE',  ( -0.6277930554638410100, 6.829832810452446200, 1.898914394994157400 ) ) ;
#5659 = CARTESIAN_POINT ( 'NONE',  ( -1.898914394991857200, 12.34233281045243500, -0.6277930554631422400 ) ) ;
#5660 = DIRECTION ( 'NONE',  ( 0.0000000000000000000, 1.000000000000000000, 0.0000000000000000000 ) ) ;
#5661 = CARTESIAN_POINT ( 'NONE',  ( 1.153703485184449700, 26.37149947711906600, -1.028121427811290000 ) ) ;
#5662 = ORIENTED_EDGE ( 'NONE', *, *, #1935, .T. ) ;
#5663 = CARTESIAN_POINT ( 'NONE',  ( 0.5601173020771160700, 4.117332810452455600, -1.694212445547072400 ) ) ;
#5664 = CARTESIAN_POINT ( 'NONE',  ( -1.898914394991868300, 0.3548328104524683900, -0.6277930554631087100 ) ) ;
#5665 = CARTESIAN_POINT ( 'NONE',  ( -0.7249129791349598900, 17.41733281045242500, 2.192677474235640700 ) ) ;
#5666 = CARTESIAN_POINT ( 'NONE',  ( 1.187172366215480100, 10.88399947711911000, 1.332182035473060700 ) ) ;
#5667 = EDGE_LOOP ( 'NONE', ( #5630, #5711, #2641, #980 ) ) ;
#5668 =( BOUNDED_CURVE ( )  B_SPLINE_CURVE ( 2, ( #2898, #5125, #5163, #5599, #5201, #4272, #179, #3781, #1082 ),
 .UNSPECIFIED., .F., .T. ) 
 B_SPLINE_CURVE_WITH_KNOTS ( ( 3, 2, 2, 2, 3 ),
 ( 0.2622239353974121800, 0.2629629629629629500, 0.2666666666666667200, 0.2703703703703703700, 0.2733350465085198100 ),
 .UNSPECIFIED. ) 
 CURVE ( )  GEOMETRIC_REPRESENTATION_ITEM ( )  RATIONAL_B_SPLINE_CURVE ( ( 0.9572025516544304700, 0.9732670516845543000, 1.000000000000000000, 0.8660254037844386000, 1.000000000000000000, 0.8660254037844386000, 1.000000000000000000, 0.8927583521000087600, 0.9572025516542808100 ) ) 
 REPRESENTATION_ITEM ( '' )  );
#5669 = CARTESIAN_POINT ( 'NONE',  ( 2.261370884561367100, 25.96316614378573100, -0.4685456816509410100 ) ) ;
#5670 = CARTESIAN_POINT ( 'NONE',  ( -1.865630979763049500, 1.402738738001449100, 0.3865501873650462100 ) ) ;
#5671 = CARTESIAN_POINT ( 'NONE',  ( 0.0000000000000000000, 0.0000000000000000000, 0.0000000000000000000 ) ) ;
#5672 = CARTESIAN_POINT ( 'NONE',  ( 2.261370884561367100, 2.950666143785790400, -0.4685456816509410100 ) ) ;
#5673 = VECTOR ( 'NONE', #1566, 1000.000000000000000 ) ;
#5674 = CARTESIAN_POINT ( 'NONE',  ( -1.187172366213856000, 6.946499477119118600, -1.332182035470070400 ) ) ;
#5675 = EDGE_LOOP ( 'NONE', ( #1200, #3432, #4639, #3006 ) ) ;
#5676 = CARTESIAN_POINT ( 'NONE',  ( 1.467231017253632000, 27.74233281045239300, 0.4850758126987769200 ) ) ;
#5677 = CARTESIAN_POINT ( 'NONE',  ( -1.762953130803666100, 9.726670650214842300, 0.3183870505644899600 ) ) ;
#5678 = EDGE_CURVE ( 'NONE', #3344, #5252, #651, .T. ) ;
#5679 = DIRECTION ( 'NONE',  ( 0.0000000000000000000, 0.0000000000000000000, -1.000000000000000000 ) ) ;
#5680 = CARTESIAN_POINT ( 'NONE',  ( 1.536457905425635800, 4.146499477119122400, 1.724131792583168500 ) ) ;
#5681 = CARTESIAN_POINT ( 'NONE',  ( 1.493141931848975100, 10.70899947711910500, -1.330611577941795300 ) ) ;
#5682 = CARTESIAN_POINT ( 'NONE',  ( 0.6277930554654740400, 7.967332810452441900, -1.898914394991172000 ) ) ;
#5683 = AXIS2_PLACEMENT_3D ( 'NONE', #447, #2282, #1375 ) ;
#5684 = CARTESIAN_POINT ( 'NONE',  ( 1.153703485184449700, 23.57149947711907200, -1.028121427811290000 ) ) ;
#5685 = CARTESIAN_POINT ( 'NONE',  ( 0.3135275320699943400, 5.925666143785784700, 1.513197240511562100 ) ) ;
#5686 = CARTESIAN_POINT ( 'NONE',  ( -2.612272442431099200, 9.904491517462163900, 2.475411406497287600 ) ) ;
#5687 = CYLINDRICAL_SURFACE ( 'NONE', #4847, 1.650000000000000100 ) ;
#5688 = DIRECTION ( 'NONE',  ( -0.0000000000000000000, -1.000000000000000000, -0.0000000000000000000 ) ) ;
#5689 = CARTESIAN_POINT ( 'NONE',  ( 0.4057724631453326100, 1.288166143785796100, 1.958404633409419800 ) ) ;
#5690 = CARTESIAN_POINT ( 'NONE',  ( 1.493141931848975100, 16.30899947711909100, -1.330611577941795300 ) ) ;
#5691 = CARTESIAN_POINT ( 'NONE',  ( -2.261370884559743600, 27.71316614378573100, 0.4685456816539321200 ) ) ;
#5692 = CARTESIAN_POINT ( 'NONE',  ( -1.467231017252008000, -1.307667189547532500, -0.4850758126957864200 ) ) ;
#5693 = CARTESIAN_POINT ( 'NONE',  ( 1.536457905425595300, -0.6660005228808643100, 1.724131792583205100 ) ) ;
#5694 = CARTESIAN_POINT ( 'NONE',  ( -0.3135275320683701400, 8.288166143785781900, -1.513197240508571600 ) ) ;
#5695 = CARTESIAN_POINT ( 'NONE',  ( -0.5601173020754920400, 26.16733281045240000, 1.694212445550063300 ) ) ;
#5696 = EDGE_LOOP ( 'NONE', ( #537, #3105, #1390, #1466 ) ) ;
#5697 = CARTESIAN_POINT ( 'NONE',  ( 1.691541171812644100, 9.899650063869559700, 0.9798107715413432200 ) ) ;
#5698 = COORDINATED_UNIVERSAL_TIME_OFFSET ( 6, 0, .BEHIND. ) ;
#5699 = CARTESIAN_POINT ( 'NONE',  ( 1.786071943023550300, 0.4271783613073107400, -3.500000000000000400 ) ) ;
#5700 = CARTESIAN_POINT ( 'NONE',  ( -1.536457905423971100, 13.68399947711909400, -1.724131792580214700 ) ) ;
#5701 = ORIENTED_EDGE ( 'NONE', *, *, #40, .F. ) ;
#5702 = CARTESIAN_POINT ( 'NONE',  ( -1.153703485182825400, 4.408999477119122500, 1.028121427814281600 ) ) ;
#5703 = CARTESIAN_POINT ( 'NONE',  ( 0.6277930554654571600, 5.167332810452447400, -1.898914394991169100 ) ) ;
#5704 = CIRCLE ( 'NONE', #4939, 4.000000000000000000 ) ;
#5705 =( BOUNDED_CURVE ( )  B_SPLINE_CURVE ( 2, ( #3662, #4122, #4058, #3642, #1419, #2689, #943, #3, #2335 ),
 .UNSPECIFIED., .F., .T. ) 
 B_SPLINE_CURVE_WITH_KNOTS ( ( 3, 2, 2, 2, 3 ),
 ( 0.09555726873074199500, 0.09629629629629632400, 0.09999999999999997800, 0.1037037037037037400, 0.1066683798418566200 ),
 .UNSPECIFIED. ) 
 CURVE ( )  GEOMETRIC_REPRESENTATION_ITEM ( )  RATIONAL_B_SPLINE_CURVE ( ( 0.9572025516542769200, 0.9732670516844266200, 1.000000000000000000, 0.8660254037844386000, 1.000000000000000000, 0.8660254037844386000, 1.000000000000000000, 0.8927583520998843000, 0.9572025516544304700 ) ) 
 REPRESENTATION_ITEM ( '' )  );
#5706 = CARTESIAN_POINT ( 'NONE',  ( -2.372164331109873000, 9.773270944641993200, -2.891290854615057100 ) ) ;
#5707 = CARTESIAN_POINT ( 'NONE',  ( 2.261370884561367100, 17.65066614378575600, -0.4685456816509410100 ) ) ;
#5708 = ORIENTED_EDGE ( 'NONE', *, *, #2789, .F. ) ;
#5709 = LINE ( 'NONE', #4820, #5407 ) ;
#5710 = CARTESIAN_POINT ( 'NONE',  ( -0.4057724631436938600, 25.43816614378573600, -1.958404633406432700 ) ) ;
#5711 = ORIENTED_EDGE ( 'NONE', *, *, #2110, .T. ) ;
#5712 = CARTESIAN_POINT ( 'NONE',  ( 1.747289668291783300, 3.913166143785794300, -0.3620304100755075700 ) ) ;
#5713 = ADVANCED_FACE ( 'NONE', ( #451 ), #2513, .T. ) ;
#5714 = CARTESIAN_POINT ( 'NONE',  ( -1.187172366213856000, 27.33399947711906500, -1.332182035470070400 ) ) ;
#5715 = CARTESIAN_POINT ( 'NONE',  ( -0.1691400011349762900, 4.225736410535263900, -1.649999999999662600 ) ) ;
#5716 = VERTEX_POINT ( 'NONE', #535 ) ;
#5717 = CARTESIAN_POINT ( 'NONE',  ( 1.536457905425595300, 11.23399947711910100, 1.724131792583205100 ) ) ;
#5718 = CARTESIAN_POINT ( 'NONE',  ( -1.467231017252008000, 22.40483281045240800, -0.4850758126957864200 ) ) ;
#5719 = CARTESIAN_POINT ( 'NONE',  ( 0.5601173020771160700, 5.517332810452453300, -1.694212445547072400 ) ) ;
#5720 = EDGE_CURVE ( 'NONE', #783, #3285, #3000, .T. ) ;
#5721 = CARTESIAN_POINT ( 'NONE',  ( 7.511572993685800100E-016, 10.00000000000000000, 3.500000000000000400 ) ) ;
#5722 = ORIENTED_EDGE ( 'NONE', *, *, #1340, .T. ) ;
#5723 = CARTESIAN_POINT ( 'NONE',  ( -9.429543486215421600E-015, 8.206026666236926600, -1.649999999999745000 ) ) ;
#5724 = CARTESIAN_POINT ( 'NONE',  ( -9.429543486215421600E-015, 3.306026666236937300, -1.649999999999745000 ) ) ;
#5725 = CARTESIAN_POINT ( 'NONE',  ( -0.7249129791349598900, 16.01733281045242700, 2.192677474235640700 ) ) ;
#5726 = CARTESIAN_POINT ( 'NONE',  ( 1.493141931848975100, 24.62149947711907300, -1.330611577941795300 ) ) ;
#5727 = CARTESIAN_POINT ( 'NONE',  ( -1.231842093774848400, 3.561072071334774300, 1.097754551805536500 ) ) ;
#5728 = ORIENTED_EDGE ( 'NONE', *, *, #1487, .T. ) ;
#5729 = CARTESIAN_POINT ( 'NONE',  ( -0.1691400011349814000, 0.5173815989665770900, -1.649999999999660800 ) ) ;
#5730 = CARTESIAN_POINT ( 'NONE',  ( 1.153703485184449700, 6.071499477119116000, -1.028121427811290000 ) ) ;
#5731 = CARTESIAN_POINT ( 'NONE',  ( 1.153703485184449700, 24.35899947711907400, -1.028121427811290000 ) ) ;
#5732 = ORIENTED_EDGE ( 'NONE', *, *, #5161, .T. ) ;
#5733 = CARTESIAN_POINT ( 'NONE',  ( 0.5657527047012094200, 9.845837733172908600, 1.815064123887990800 ) ) ;
#5734 = DIRECTION ( 'NONE',  ( -0.0000000000000000000, -1.000000000000000000, -0.0000000000000000000 ) ) ;
#5735 = CARTESIAN_POINT ( 'NONE',  ( 2.261370884561367100, 12.05066614378576900, -0.4685456816509410100 ) ) ;
#5736 = CARTESIAN_POINT ( 'NONE',  ( 1.153703485184449700, 22.87149947711907300, -1.028121427811290000 ) ) ;
#5737 = CARTESIAN_POINT ( 'NONE',  ( -0.5601173020754920400, 4.467332810452458800, 1.694212445550063300 ) ) ;
#5738 = ORIENTED_EDGE ( 'NONE', *, *, #4057, .T. ) ;
#5739 = CARTESIAN_POINT ( 'NONE',  ( 1.493141931848975100, 14.82149947711909600, -1.330611577941795300 ) ) ;
#5740 = CARTESIAN_POINT ( 'NONE',  ( -3.846977985129733200, 9.647518803059981000, -0.3368386741563508800 ) ) ;
#5741 = ADVANCED_FACE ( 'NONE', ( #180 ), #2365, .F. ) ;
#5742 = CARTESIAN_POINT ( 'NONE',  ( 0.4057724631453182900, 16.07566614378575700, 1.958404633409422900 ) ) ;
#5743 = EDGE_CURVE ( 'NONE', #810, #5072, #2059, .T. ) ;
#5744 = CARTESIAN_POINT ( 'NONE',  ( -1.898914394991857200, 23.45483281045240900, -0.6277930554631422400 ) ) ;
#5745 = CARTESIAN_POINT ( 'NONE',  ( -0.3347622820936569900, 8.927738738001432100, -1.615683822561260000 ) ) ;
#5746 = AXIS2_PLACEMENT_3D ( 'NONE', #2524, #1202, #2971 ) ;
#5747 = CARTESIAN_POINT ( 'NONE',  ( 0.7397092485561765900, 5.356367515826125500, -1.650000000000113400 ) ) ;
#5748 = CARTESIAN_POINT ( 'NONE',  ( 8.778253695876226200E-016, 1.206026666236940300, -1.649999999999744800 ) ) ;
#5749 =( NAMED_UNIT ( * ) PLANE_ANGLE_UNIT ( ) SI_UNIT ( $, .RADIAN. ) );
#5750 = CARTESIAN_POINT ( 'NONE',  ( 0.5601173020771160700, 23.71733281045240500, -1.694212445547072400 ) ) ;
#5751 = EDGE_CURVE ( 'NONE', #5514, #1789, #3795, .T. ) ;
#5752 = DIRECTION ( 'NONE',  ( 0.0000000000000000000, 1.000000000000000000, 0.0000000000000000000 ) ) ;
#5753 = CARTESIAN_POINT ( 'NONE',  ( 0.7249129791365839200, 7.267332810452446200, -2.192677474232650700 ) ) ;
#5754 = VECTOR ( 'NONE', #4027, 1000.000000000000000 ) ;
#5755 = CARTESIAN_POINT ( 'NONE',  ( 1.747289668291783300, 22.81316614378574300, -0.3620304100755075700 ) ) ;
#5756 = CARTESIAN_POINT ( 'NONE',  ( 1.467231017253632000, 1.842332810452460800, 0.4850758126987769200 ) ) ;
#5757 = CARTESIAN_POINT ( 'NONE',  ( -2.215199841361335900, 9.647518803059975700, 3.163161325843646000 ) ) ;
#5758 = CARTESIAN_POINT ( 'NONE',  ( 0.7249129791365839200, 14.17983281045243200, -2.192677474232650700 ) ) ;
#5759 = DIRECTION ( 'NONE',  ( 8.881784197001252300E-016, 0.0000000000000000000, 1.000000000000000000 ) ) ;
#5760 = CARTESIAN_POINT ( 'NONE',  ( -1.536457905423971100, 15.08399947711909500, -1.724131792580214700 ) ) ;
#5761 = LINE ( 'NONE', #4974, #2496 ) ;
#5762 = CARTESIAN_POINT ( 'NONE',  ( -0.7249129791349598900, 22.92983281045240700, 2.192677474235640700 ) ) ;
#5763 = VERTEX_POINT ( 'NONE', #559 ) ;
#5764 = DIRECTION ( 'NONE',  ( 0.3138965277323320600, 0.0000000000000000000, -0.9494571974963301700 ) ) ;
#5765 = CARTESIAN_POINT ( 'NONE',  ( -1.126735949052869900E-015, 10.00000000000000000, -3.499999999999999600 ) ) ;
#5766 = APPLICATION_PROTOCOL_DEFINITION ( 'international standard', 'config_control_design', 1994, #4305 ) ;
#5767 = CARTESIAN_POINT ( 'NONE',  ( -0.3135275320683701400, 4.088166143785786100, -1.513197240508571600 ) ) ;
#5768 = APPROVAL_PERSON_ORGANIZATION ( #1999, #2190, #4344 ) ;
#5769 = CARTESIAN_POINT ( 'NONE',  ( -1.187172366213856000, 24.53399947711907100, -1.332182035470070400 ) ) ;
#5770 = EDGE_LOOP ( 'NONE', ( #1272, #214, #3790, #2963 ) ) ;
#5771 = CARTESIAN_POINT ( 'NONE',  ( -0.3347622820936569900, 1.436093549570145500, -1.615683822561260200 ) ) ;
#5772 = CARTESIAN_POINT ( 'NONE',  ( 1.493141931848975100, 10.00899947711910600, -1.330611577941795300 ) ) ;
#5773 = LINE ( 'NONE', #2742, #1243 ) ;
#5774 = CARTESIAN_POINT ( 'NONE',  ( 1.467231017253632000, 21.35483281045241100, 0.4850758126987769200 ) ) ;
#5775 = B_SPLINE_CURVE_WITH_KNOTS ( 'NONE', 3,
 ( #5084, #4107, #999, #2363, #3741, #545, #2343, #1484, #5509, #5016 ),
 .UNSPECIFIED., .F., .F.,
 ( 4, 2, 2, 2, 4 ),
 ( 0.0000000000000000000, 0.0006169333977824274000, 0.001233866795564854800, 0.001850800193347282300, 0.002467733591129709600 ),
 .UNSPECIFIED. ) ;
#5776 = CARTESIAN_POINT ( 'NONE',  ( 1.153703485184449700, 1.258999477119129100, -1.028121427811290000 ) ) ;
#5777 = ORIENTED_EDGE ( 'NONE', *, *, #1156, .T. ) ;
#5778 = CARTESIAN_POINT ( 'NONE',  ( -2.261370884559743600, 15.11316614378576300, 0.4685456816539321200 ) ) ;
#5779 = CARTESIAN_POINT ( 'NONE',  ( 1.786071943023549900, 9.572821638692692800, -3.500000000000000400 ) ) ;
#5780 = AXIS2_PLACEMENT_3D ( 'NONE', #2329, #3684, #4569 ) ;
#5781 = EDGE_LOOP ( 'NONE', ( #4395, #108, #964, #2236 ) ) ;
#5782 = CARTESIAN_POINT ( 'NONE',  ( 0.4057724631453182900, 25.78816614378573400, 1.958404633409422900 ) ) ;
#5783 = CARTESIAN_POINT ( 'NONE',  ( 0.0000000000000000000, 10.00000000000000000, 0.0000000000000000000 ) ) ;
#5784 = CARTESIAN_POINT ( 'NONE',  ( 0.0000000000000000000, 9.500000000000005300, 0.0000000000000000000 ) ) ;
#5785 = CARTESIAN_POINT ( 'NONE',  ( -2.370884370763730200, 0.2279604831668037000, -2.893507810966247100 ) ) ;
#5786 = CARTESIAN_POINT ( 'NONE',  ( 0.5601173020771160700, 6.129832810452451300, -1.694212445547072400 ) ) ;
#5787 = EDGE_CURVE ( 'NONE', #2085, #4298, #2715, .T. ) ;
#5788 = VERTEX_POINT ( 'NONE', #1011 ) ;
#5789 = CARTESIAN_POINT ( 'NONE',  ( 1.467231017253632000, 22.14233281045240900, 0.4850758126987769200 ) ) ;
#5790 = EDGE_CURVE ( 'NONE', #4923, #2284, #5271, .T. ) ;
#5791 = CARTESIAN_POINT ( 'NONE',  ( -0.7397092485551969300, 1.014722327394777400, 1.650000000002382200 ) ) ;
#5792 = CARTESIAN_POINT ( 'NONE',  ( -2.261370884559743600, 8.200666143785779700, 0.4685456816539321200 ) ) ;
#5793 = EDGE_LOOP ( 'NONE', ( #5804, #401 ) ) ;
#5794 = CARTESIAN_POINT ( 'NONE',  ( -1.153703485182825400, 27.42149947711906300, 1.028121427814281600 ) ) ;
#5795 = CARTESIAN_POINT ( 'NONE',  ( 0.5601173020771160700, 20.12983281045242000, -1.694212445547072400 ) ) ;
#5796 = CARTESIAN_POINT ( 'NONE',  ( -1.467231017252008000, 0.7923328104524618400, -0.4850758126957864200 ) ) ;
#5797 = CARTESIAN_POINT ( 'NONE',  ( -2.261370884559743600, 16.51316614378576000, 0.4685456816539321200 ) ) ;
#5798 = DIRECTION ( 'NONE',  ( 0.0000000000000000000, 0.0000000000000000000, 1.000000000000000000 ) ) ;
#5799 = ORIENTED_EDGE ( 'NONE', *, *, #62, .T. ) ;
#5800 = CC_DESIGN_PERSON_AND_ORGANIZATION_ASSIGNMENT ( #3702, #2057, ( #4561 ) ) ;
#5801 = DIRECTION ( 'NONE',  ( 0.0000000000000000000, 1.000000000000000000, 0.0000000000000000000 ) ) ;
#5802 = CARTESIAN_POINT ( 'NONE',  ( -1.898914394991857200, 21.44233281045241300, -0.6277930554631422400 ) ) ;
#5803 = CARTESIAN_POINT ( 'NONE',  ( -0.5601173020754920400, 2.979832810452456700, 1.694212445550063300 ) ) ;
#5804 = ORIENTED_EDGE ( 'NONE', *, *, #2523, .F. ) ;
#5805 =( BOUNDED_CURVE ( )  B_SPLINE_CURVE ( 2, ( #4304, #1593, #2056, #3846, #1152 ),
 .UNSPECIFIED., .F., .F. ) 
 B_SPLINE_CURVE_WITH_KNOTS ( ( 3, 2, 3 ),
 ( 0.6556556065257885800, 0.6592592592592592100, 0.6599982868248135400 ),
 .UNSPECIFIED. ) 
 CURVE ( )  GEOMETRIC_REPRESENTATION_ITEM ( )  RATIONAL_B_SPLINE_CURVE ( ( 0.9929572184349095800, 0.8696445616356836000, 1.000000000000000000, 0.9732670516844266200, 0.9572025516542770300 ) ) 
 REPRESENTATION_ITEM ( '' )  );
#5806 = CARTESIAN_POINT ( 'NONE',  ( 1.747289668291783300, 21.50066614378574700, -0.3620304100755075700 ) ) ;
#5807 = FACE_OUTER_BOUND ( 'NONE', #1035, .T. ) ;
#5808 = CARTESIAN_POINT ( 'NONE',  ( 4.047199708010047300E-014, 9.603820753293982500, -1.653820753293978400 ) ) ;
#5809 = DIRECTION ( 'NONE',  ( 0.0000000000000000000, 1.000000000000000000, 0.0000000000000000000 ) ) ;
#5810 = CARTESIAN_POINT ( 'NONE',  ( 0.4057724631453182900, 7.675666143785779400, 1.958404633409422900 ) ) ;
#5811 = CARTESIAN_POINT ( 'NONE',  ( 1.747289668291783300, 28.41316614378572700, -0.3620304100755075700 ) ) ;
#5812 = CARTESIAN_POINT ( 'NONE',  ( -1.153703485182825400, 20.42149947711908500, 1.028121427814281600 ) ) ;
#5813 = CARTESIAN_POINT ( 'NONE',  ( -1.153703485182825400, -0.4910005228808654900, 1.028121427814281600 ) ) ;
#5814 = DIRECTION ( 'NONE',  ( 0.0000000000000000000, 1.000000000000000000, 0.0000000000000000000 ) ) ;
#5815 = CARTESIAN_POINT ( 'NONE',  ( -0.7249129791349598900, 17.32983281045242300, 2.192677474235640700 ) ) ;
#5816 = CYLINDRICAL_SURFACE ( 'NONE', #5512, 2.000000000000000000 ) ;
#5817 = EDGE_CURVE ( 'NONE', #56, #2897, #5704, .T. ) ;
#5818 = CARTESIAN_POINT ( 'NONE',  ( -1.898914394991857200, 20.65483281045241500, -0.6277930554631422400 ) ) ;
#5819 = CARTESIAN_POINT ( 'NONE',  ( 2.020667218593133000E-016, 10.00000000000000000, 1.650000000000000100 ) ) ;
#5820 = DIRECTION ( 'NONE',  ( 0.0000000000000000000, -1.000000000000000000, 0.0000000000000000000 ) ) ;
#5821 = CARTESIAN_POINT ( 'NONE',  ( 0.0000000000000000000, 10.00000000000000000, 0.0000000000000000000 ) ) ;
#5822 = CARTESIAN_POINT ( 'NONE',  ( -1.747289668290160200, 0.06316614378579918400, 0.3620304100784984500 ) ) ;
#5823 = CARTESIAN_POINT ( 'NONE',  ( -1.467231017252008000, 23.19233281045240600, -0.4850758126957864200 ) ) ;
#5824 = FACE_OUTER_BOUND ( 'NONE', #3646, .T. ) ;
#5825 = EDGE_CURVE ( 'NONE', #1794, #3059, #1007, .T. ) ;
#5826 = DIRECTION ( 'NONE',  ( -0.0000000000000000000, -1.000000000000000000, -0.0000000000000000000 ) ) ;
#5827 = CARTESIAN_POINT ( 'NONE',  ( -2.261370884559743600, 9.600666143785776500, 0.4685456816539321200 ) ) ;
#5828 = CARTESIAN_POINT ( 'NONE',  ( 1.153703485184449700, 28.47149947711906000, -1.028121427811290000 ) ) ;
#5829 = CARTESIAN_POINT ( 'NONE',  ( -1.153703485182825400, 18.32149947711908700, 1.028121427814281600 ) ) ;
#5830 = ORIENTED_EDGE ( 'NONE', *, *, #2173, .F. ) ;
#5831 = CARTESIAN_POINT ( 'NONE',  ( -1.153703485182825400, 0.9089994771191295400, 1.028121427814281600 ) ) ;
#5832 = DIRECTION ( 'NONE',  ( 0.0000000000000000000, 0.0000000000000000000, 1.000000000000000000 ) ) ;
#5833 = CARTESIAN_POINT ( 'NONE',  ( 1.898914394993481000, 13.30483281045243700, 0.6277930554661326200 ) ) ;
#5834 = AXIS2_PLACEMENT_3D ( 'NONE', #3442, #3832, #3961 ) ;
#5835 = CARTESIAN_POINT ( 'NONE',  ( -0.6277930554638429000, 9.017332810452440800, 1.898914394994156900 ) ) ;
#5836 = CARTESIAN_POINT ( 'NONE',  ( 0.6277930554654848100, 4.379832810452449500, -1.898914394991160200 ) ) ;
#5837 = ORIENTED_EDGE ( 'NONE', *, *, #2070, .T. ) ;
#5838 = CARTESIAN_POINT ( 'NONE',  ( -0.6277930554638536700, 3.329832810452453700, 1.898914394994153400 ) ) ;
#5839 = SHAPE_DEFINITION_REPRESENTATION ( #1810, #1687 ) ;
#5840 = CARTESIAN_POINT ( 'NONE',  ( -1.493141931847350400, 21.47149947711907800, 1.330611577944787100 ) ) ;
#5841 = CARTESIAN_POINT ( 'NONE',  ( -0.1189804768296978000, 1.961093549569423900, 2.067131037219793300 ) ) ;
#5842 = CARTESIAN_POINT ( 'NONE',  ( 0.7397092485561809200, 6.056367515826126500, -1.650000000000108900 ) ) ;
#5843 = CARTESIAN_POINT ( 'NONE',  ( -1.267577771975587600, 4.994426882903468400, -1.422408728879485300 ) ) ;
#5844 = ORIENTED_EDGE ( 'NONE', *, *, #40, .T. ) ;
#5845 = CC_DESIGN_APPROVAL ( #5449, ( #3886 ) ) ;
#5846 = CARTESIAN_POINT ( 'NONE',  ( 0.3135275320699943400, 2.338166143785791500, 1.513197240511562100 ) ) ;
#5847 = CARTESIAN_POINT ( 'NONE',  ( -0.3135275320683701400, 20.27566614378574500, -1.513197240508571600 ) ) ;
#5848 = LINE ( 'NONE', #1316, #49 ) ;
#5849 =( BOUNDED_CURVE ( )  B_SPLINE_CURVE ( 2, ( #1105, #3834, #5165, #5528, #4129, #1894, #2362, #667, #690 ),
 .UNSPECIFIED., .F., .F. ) 
 B_SPLINE_CURVE_WITH_KNOTS ( ( 3, 2, 2, 2, 3 ),
 ( 0.7388888888888890400, 0.7407407407407407000, 0.7444444444444444600, 0.7481481481481481200, 0.7500000000000001100 ),
 .UNSPECIFIED. ) 
 CURVE ( )  GEOMETRIC_REPRESENTATION_ITEM ( )  RATIONAL_B_SPLINE_CURVE ( ( 0.9330127018922194100, 0.9330127018922254000, 1.000000000000000000, 0.8660254037844387100, 1.000000000000000000, 0.8660254037844387100, 1.000000000000000000, 0.9330127018922154100, 0.9330127018922194100 ) ) 
 REPRESENTATION_ITEM ( '' )  );
#5850 = ORIENTED_EDGE ( 'NONE', *, *, #3300, .T. ) ;
#5851 = DIRECTION ( 'NONE',  ( -0.0000000000000000000, -1.000000000000000000, -0.0000000000000000000 ) ) ;
#5852 = CARTESIAN_POINT ( 'NONE',  ( -1.536457905423971100, 6.683999477119115800, -1.724131792580214700 ) ) ;
#5853 = CARTESIAN_POINT ( 'NONE',  ( 1.747289668291783300, 27.71316614378573100, -0.3620304100755075700 ) ) ;
#5854 = CARTESIAN_POINT ( 'NONE',  ( 0.5601173020771160700, 21.52983281045241200, -1.694212445547072400 ) ) ;
#5855 = CARTESIAN_POINT ( 'NONE',  ( 0.4057724631453182900, 5.488166143785784700, 1.958404633409422900 ) ) ;
#5856 = CARTESIAN_POINT ( 'NONE',  ( 0.4057724631453182900, 13.18816614378577000, 1.958404633409422900 ) ) ;
#5857 = ORIENTED_EDGE ( 'NONE', *, *, #3630, .F. ) ;
#5858 = CARTESIAN_POINT ( 'NONE',  ( -1.898914394991870800, 8.842332810452441900, -0.6277930554631012700 ) ) ;
#5859 = CARTESIAN_POINT ( 'NONE',  ( -1.990681402645799100E-014, 6.456026666236820000, 1.650000000002735700 ) ) ;
#5860 = ORIENTED_EDGE ( 'NONE', *, *, #4892, .F. ) ;
#5861 = CARTESIAN_POINT ( 'NONE',  ( -1.898914394991866500, 8.754832810452445100, -0.6277930554631143700 ) ) ;
#5862 = CARTESIAN_POINT ( 'NONE',  ( 1.493141931848975100, 21.12149947711908400, -1.330611577941795300 ) ) ;
#5863 = ADVANCED_FACE ( 'NONE', ( #1021 ), #4467, .F. ) ;
#5864 = CARTESIAN_POINT ( 'NONE',  ( 1.092492215212837800, 9.950000000000001100, -1.675249461929802600 ) ) ;
#5865 = CARTESIAN_POINT ( 'NONE',  ( 2.149256308119709100E-014, 5.756026666236822500, 1.650000000002736200 ) ) ;
#5866 = CARTESIAN_POINT ( 'NONE',  ( 1.153703485184449700, -0.2285005228808631400, -1.028121427811290000 ) ) ;
#5867 = EDGE_CURVE ( 'NONE', #3102, #810, #5553, .T. ) ;
ENDSEC;
END-ISO-10303-21;
